Item ID,Item,Description,Item Sales Rep,DNR Activity Code,Item Vendor,Last Date Sold,Total Inventory on Hand, Preferred Vendor,Last Date Purchased, Buyer Name,Preferred Vendor Price,Extended Cost 
80175,010024,1/4 BARREL KRAFT 60# SATCHEL BOTT250/BDL             71410,N/A,O Non Stock Inactive,71410,N/A,9,2780 DURO HILEX POLY LLC,N/A,Erin Ventola,52.17,469.53
126659,010054,6# WHT BAGS 4/500/BLD 6X3-5/8X11 WB06NP2M  80027,N/A,O Non Stock Inactive,80027,N/A,1,2780 DURO HILEX POLY LLC,N/A,Erin Ventola,10.04,10.04
80580,010124,22.5X7X30 BROWN BAG 40# 125/CS14966 LAMPSHADE,N/A,O Non Stock Inactive,14966,N/A,1,2780 DURO HILEX POLY LLC,N/A,Erin Ventola,46.13,46.13
80678,010508,508 SANDWICH BAG PLAIN 6/1MCS6-3/4X6-1/2 NO PRINT,N/A,N Stock Active,508,N/A,7,3266 FISCHER PAPER PRODUCTS  INC.,N/A,Suyeon Nam,91.8,642.60
80724,010865,865 DOUBLE PANEL BREAD BAG500/CS 6X3.5X13.5 ECOCRAFT,N/A,O Non Stock Inactive,300865,N/A,1,BAGCRAFT,N/A,Suyeon Nam,57.05,57.05
126665,011215,5.5X3.25X8.375 KRAFT GEM SHPR 87093   60#             250/CS,N/A,O Non Stock Inactive,87093,N/A,1,2780 DURO HILEX POLY LLC,N/A,Erin Ventola,34.65,34.65
80768,020113,7"X17.25" WHT BUTCHER P40# PIZZA BOX LINER    2M/CS,N/A,O Non Stock Inactive,0,N/A,3,3825 GORDON PAPER COMPANY INC.,N/A,Suyeon Nam,24.95,74.85
80792,020749,DSCP6 6oz FRENCH FRY SCOOP 1M12518 RED CHECK DESIGN,N/A,O Non Stock Inactive,DSCP6,04/23/2024,1,8720 PACTIV LLC,N/A,Karen Groves,165.21,165.21
126670,030184,SMT-24CB 24oz WHITE HOT CUP 500/CS,N/A,N Stock Active,124352023,N/A,4,3190 GRAPHIC PACKAGING INT'L LLC,N/A,Karen Groves,74.73,298.92
80865,030621,RD8 ALUR 8oz PET DELI CONT 500/CS,N/A,O Non Stock Inactive,9501030,N/A,2,3120 FABRI KAL CORP.,N/A,Karen Groves,58.5,117.00
80900,030717,C-KCL90U PET LID F/ PAPER COLDCUPS 20/50/CS,N/A,O Non Stock Inactive,C-KCL90U,05/20/2024,30,6452 LOLLICUP,N/A,Karen Groves,18.25,547.50
80940,031210,DMR-5 CHAMPAGNE COLD CUP2500/CS,N/A,O Non Stock Inactive,105359003,N/A,1,3190 GRAPHIC PACKAGING INT'L LLC,N/A,Karen Groves,108.76,108.76
81024,032610,42PCL2 2oz PET SOUFFLE LID2500/CS,N/A,N Stock Active,42PCL2,N/A,3,4472 FINELINE SETTINGS,N/A,Karen Groves,39.1,117.30
119740,033191,POLYPRO LID F/PAPER FOOD CONT 20/50 CS,N/A,O Non Stock Inactive,C-KDL96PP,04/23/2024,1,6452 LOLLICUP,03/27/2024,Karen Groves,24.75,24.75
122594,033375,R7N SYMPHONY WAX COLD CUP 2M/,N/A,N Stock Active,R7N-J8000,N/A,11,2440 DART CONTAINER CORPORATION,N/A,Karen Groves,140.77,1548.47
119482,034153,BE-HC16PLA 16oz COMPOSTABLE DBL WALL 1M/cs,N/A,O Non Stock Inactive,BE-HC16PLA,N/A,6,1092 BETTER EARTH,N/A,Karen Groves,121.17,727.02
122450,035241,WHT LIDS F/10-12oz WRAPPED CUP 1M/CS,MICHAEL ATTMAN,O Non Stock Inactive,LID-WHT-12W-1000,N/A,12,RDI-USA  INC.,N/A,Karen Groves,43.45,521.40
81142,042619,FP-PSB32 32OZ WHT FOOD BUCKETPAPER 360/CS,N/A,O Non Stock Inactive,FP-PSB32,N/A,8,6452 LOLLICUP,N/A,Karen Groves,41,328.00
88177,050652,DXTT1 SIDE DISH 1 COMPARTMENTTT1   4oz REPL 050404 2000/CS,N/A,O Non Stock Inactive,DXTT1,N/A,1,CFS BRANDS  LLC,N/A,Eleni Davis,76.58,76.58
108188,051575,6JLNV NO-VENT WHT LID 1M/CS 0,N/A,N Stock Active,6JLNV,04/25/2024,4,2440 DART CONTAINER CORPORATION,N/A,Karen Groves,21.26,85.04
125467,051810,20HDLC HIGH DOME CLR LID 1M FITS 10B20 BOWL,N/A,O Non Stock Inactive,20HDLC,N/A,2,2440 DART CONTAINER CORPORATION,N/A,Karen Groves,59.88,119.76
125468,051829,24LX16H 24oz HORIZ/CUP20/25,N/A,O Non Stock Inactive,24LX16H,N/A,1,2440 DART CONTAINER CORPORATION,N/A,Karen Groves,26.78,26.78
125471,052228,300116 32oz BOTANICAL FOAM 500/CS,N/A,O Non Stock Inactive,300116,N/A,2,NEW WINCUP HOLDINGS  INC,N/A,Karen Groves,40.68,81.36
125480,061036,RP26 POLY 26oz COKE CUP 20/  20/50,N/A,O Non Stock Inactive,RP26-3130,N/A,4,2440 DART CONTAINER CORPORATION,N/A,Karen Groves,46.97,187.88
81249,070238,C16B 16oz Clear PRESENTA BOWL8/63/CS,N/A,O Non Stock Inactive,C16B,03/30/2024,4,2440 DART CONTAINER CORPORATION,04/04/2024,Karen Groves,60.29,241.16
81256,070249,B8SB 8oz BLACK SQUARE BOWL504/CS PRESENTABOWL **So**,N/A,N Stock Active,B8SB,05/15/2024,16,2440 DART CONTAINER CORPORATION,N/A,Karen Groves,34.62,553.92
125481,071033,ME-6 4OZ PLASTIC CONT10/100,N/A,O Non Stock Inactive,ME-6,N/A,2,2440 DART CONTAINER CORPORATION,N/A,Karen Groves,135.62,271.24
125482,071134,LCR16F FLAT LID 10/100,N/A,O Non Stock Inactive,LCR16F-00090,N/A,6,2440 DART CONTAINER CORPORATION,N/A,Karen Groves,90.85,545.10
125483,071161,SBX6KW WHT KNIFE 10/100,N/A,O Non Stock Inactive,SBX6KW-0007,N/A,22,2440 DART CONTAINER CORPORATION,N/A,Karen Groves,23,506.00
81276,071226,20U16ESC 20OZ ESCAPE HOT CUPFUSION  500/CS,N/A,N Stock Active,20U16ESC,03/19/2024,7,2440 DART CONTAINER CORPORATION,04/25/2024,Karen Groves,94.99,664.93
125484,072046,LME-6 PLASTIC LID 10/100,N/A,O Non Stock Inactive,LME-6,N/A,9,2440 DART CONTAINER CORPORATION,N/A,Karen Groves,59.86,538.74
125485,072071,LDS58 HIGH DLID 1M/CS,N/A,O Non Stock Inactive,LDS58-00090,N/A,1,2440 DART CONTAINER CORPORATION,N/A,Karen Groves,58.85,58.85
125487,072114,RSFB5 5OZ CHAMPAGNE BOWL 1M 1M/CS,N/A,O Non Stock Inactive,RSFB5-0019,N/A,2,2440 DART CONTAINER CORPORATION,N/A,Karen Groves,17.63,35.26
129564,080133,RE-118 BANQUET SPOON SLOTTED 11-1/4" REGENCY DOZEN,N/A,O Non Stock Inactive,RE-118,N/A,2,1880 Hospitality,N/A,Eleni Davis,42.81,85.62
129031,080168,RC472WH 14X10 WHT CATER TRAY 25/CS,N/A,O Non Stock Inactive,RC472WH,N/A,7,4472 FINELINE SETTINGS,N/A,Karen Groves,31.5,220.50
126694,080246,T9707 7" CLEAR TONG 144/CS,N/A,O Non Stock Inactive,T9707CL,N/A,1,4472 FINELINE SETTINGS,N/A,Karen Groves,36.62,36.62
118999,080355,420BL-24 CLR DOME LID F/24 OVAL BOWL 250/CS,N/A,N Stock Active,420BL-24,N/A,153,4472 FINELINE SETTINGS,N/A,Karen Groves,52.47,8027.91
100512,080402,9916 16" Black FLAT TRAY 36/CS,N/A,N Stock Active,9916,04/12/2024,6,10650 SABERT CORPORATION,05/09/2024,Karen Groves,65.01,390.06
81368,080411,ST16T 16" SQ/RND BLACK TRAY50/CS,N/A,N Stock Active,121995,04/12/2024,6,8897 PLACON CORPORATION,N/A,Karen Groves,66,396.00
81373,080416,SB2X-80B 80oz Black SQ/RND BOWL50/CS,N/A,O Non Stock Inactive,SB2X-80B,N/A,9,8897 PLACON CORPORATION,N/A,Karen Groves,32.42,291.78
81377,080420,SDLL-2 9" SQ/RND LID F/48 BOWL150/CS,N/A,O Non Stock Inactive,111642001,N/A,1,8897 PLACON CORPORATION,N/A,Karen Groves,53.53,53.53
81378,080422,ST14T 14" SQ/RND BLACK TRAY50/CS,N/A,O Non Stock Inactive,154126,N/A,7,8897 PLACON CORPORATION,N/A,Karen Groves,62.9,440.30
81379,080423,ST14LH 14" Clear HIGH SQ/RNDDOME LID 50/CS,N/A,N Stock Active,154128,N/A,5,8897 PLACON CORPORATION,N/A,Karen Groves,53.47,267.35
81380,080424,SBM-24B 24oz SQUARE Black BOWL300/CS,N/A,N Stock Active,SWBM-24B,N/A,3,8897 PLACON CORPORATION,N/A,Karen Groves,52,156.00
81384,080428,SBS-12B 12oz SQUARE Black BOWL500/CS,N/A,N Stock Active,108163001,N/A,4,8897 PLACON CORPORATION,N/A,Karen Groves,97.54,390.16
100579,088222,12018T300 18oz Clear BOWL 300/CS,N/A,O Non Stock Inactive,12018T300,N/A,1,10650 SABERT CORPORATION,N/A,Karen Groves,35.11,35.11
100592,088243,51900B150 FLAT LGE LID 150/CS,N/A,N Stock Active,51900B150,N/A,52,10650 SABERT CORPORATION,N/A,Karen Groves,41.94,2180.88
100658,088368,51402TR1000 TAMPER RESIST LID1M/CS,N/A,N Stock Active,51402TR1000,N/A,1,10650 SABERT CORPORATION,N/A,Karen Groves,144.37,144.37
126697,088431,530805F300N 8X4 RECT LID 300/,N/A,O Non Stock Inactive,530805F300N,N/A,1,10650 SABERT CORPORATION,N/A,Karen Groves,91.2,91.20
100483,088497,C76100040N25 10" 4-COMP ROUNDPLATTER WITH DOME LID 25/CS,N/A,O Non Stock Inactive,C76100040N25,N/A,2,10650 SABERT CORPORATION,N/A,Karen Groves,65.57,131.14
100731,088512,711506Z180 Black RECT CONTAINER6.5X15 180/CS,N/A,O Non Stock Inactive,711506Z180,02/22/2024,10,10650 SABERT CORPORATION,03/15/2024,Karen Groves,57.69,576.90
100732,088513,511506Z180 Clear LID F/RECT CONT6.5X15 180/CS,N/A,O Non Stock Inactive,511506Z180,02/22/2024,10,10650 SABERT CORPORATION,03/15/2024,Karen Groves,57.11,571.10
123715,089160,9308PP 8X11 RECT BLK CATER TRAY 72/CS,N/A,O Non Stock Inactive,9308PP,N/A,1,10650 SABERT CORPORATION,N/A,Karen Groves,51.66,51.66
108565,091106,P3X3W-12 PILLAR CANDLE 3X3 WHITE DZ - SPEC ORD,N/A,O Non Stock Inactive,P3X3W-12,04/24/2024,2,4155 HOLLOWICK INC.,03/11/2024,Eleni Davis,23.3,46.60
100182,091133,DWP 3X3 PILLARS WHITE 12/CSDINE-AGLOW 3X3.5 -,N/A,O Non Stock Inactive,DWP 3X3,N/A,2,NP&PC-DINE-A-GLOW,N/A,Eleni Davis,29.25,58.50
126699,091137,3X6W  3X6 PILLARS WHITE 12/CS,N/A,O Non Stock Inactive,3X6W,N/A,5,PICO HOSPITALITY INC.,04/02/2024,Eleni Davis,40.72,203.60
110679,1001625,T17 VAC FAN 1200149 GVM036015,N/A,O Non Stock Inactive,GVM036015,N/A,1,3791 GOFER PARTS,N/A,Patrick Golden,110.25,110.25
110725,1001671,TA-25ES casters 5" set of 4 brakes on 2,N/A,O Non Stock Inactive,TA-25ES,N/A,1,196 ADVANCE TABCO,N/A,Christine Nelson,186,186.00
97110,100366,LABEL SATURDAY ORANGE 1X2 1M/RREMOVEABLE  STOCK        1M/RL,N/A,O Non Stock Inactive,IT110036-6,N/A,1,2495 DAYMARK SAFETY SYSTEMS,N/A,Erin Ventola,4.75,4.75
104529,101179,CONTAINER DELI 12OZ W/LID,N/A,O Non Stock Inactive,DC12240C,N/A,1,AMERCARE ROYAL LLC,N/A,Matt Miller,40.73,40.73
124968,101215,TP10DGM 10oz GRADUATED MEDI CUP 1M/CS,N/A,O Non Stock Inactive,TP10DGM,N/A,5,2440 DART CONTAINER CORPORATION,N/A,Karen Groves,89.61,448.05
125498,101266,DL620 NO HOLE DOME LID  25/100,N/A,O Non Stock Inactive,DL620,N/A,1,2440 DART CONTAINER CORPORATION,N/A,Karen Groves,198.22,198.22
126704,101280,640TS 12oz SLOTTED LID 25/  25/100,N/A,O Non Stock Inactive,640TS-0090,N/A,1,2440 DART CONTAINER CORPORATION,N/A,Karen Groves,59.33,59.33
125500,101619,TL12R PLAS TRAVEL LID,N/A,O Non Stock Inactive,TL12R,N/A,17,2440 DART CONTAINER CORPORATION,N/A,Karen Groves,32.95,560.15
125501,101621,RL8 TEAR TAB LID 10/100,N/A,O Non Stock Inactive,RL8,N/A,7,2440 DART CONTAINER CORPORATION,N/A,Karen Groves,26.76,187.32
125502,101622,RL12 PLAS TEAR TAB LID  10/100,N/A,O Non Stock Inactive,RL12,N/A,3,2440 DART CONTAINER CORPORATION,N/A,Karen Groves,30.58,91.74
81505,102058,TD40024 24-26OZ COMBO PAK240/CS,N/A,O Non Stock Inactive,TD40024,N/A,1,5683 KARI OUT COMPANY,N/A,Karen Groves,26.5,26.50
128706,1105608,Hand Sink w knee pedals & temp valve,N/A,O Non Stock Inactive,PBHS-W-0909-KV2MB/PB-MV,03/14/2024,2,5078 JOHN BOOS & COMPANY,04/05/2024,Christine Nelson,493.05,986.10
128721,1105932,RJ45 Cat 6 Ethernet Patch Cable,N/A,O Non Stock Inactive,B00N2VILDM,N/A,1,345 AMAZON,N/A,Patrick Golden,5.88,5.88
128724,1105935,P-630 Air Mover Left Housing,N/A,O Non Stock Inactive,016-049,01/24/2024,1,13822 XPOWER MANUFACTURE  INC.,05/17/2024,Patrick Golden,12,12.00
128737,1105949,D-Shaped Washer,N/A,O Non Stock Inactive,028-006,01/24/2024,1,13822 XPOWER MANUFACTURE  INC.,05/17/2024,Patrick Golden,0.5,0.50
128738,1105950,Bushing,N/A,O Non Stock Inactive,022-002,01/24/2024,1,13822 XPOWER MANUFACTURE  INC.,05/17/2024,Patrick Golden,0.5,0.50
128739,1105952,Fan,N/A,O Non Stock Inactive,010-007,01/24/2024,1,13822 XPOWER MANUFACTURE  INC.,05/17/2024,Patrick Golden,7.5,7.50
128740,1105967,FLAT WASHER,N/A,O Non Stock Inactive,151-017,01/24/2024,1,13822 XPOWER MANUFACTURE  INC.,05/17/2024,Patrick Golden,0.5,0.50
128741,1105968,SPRING WASHER,N/A,O Non Stock Inactive,152-002,01/24/2024,1,13822 XPOWER MANUFACTURE  INC.,05/17/2024,Patrick Golden,0.5,0.50
128742,1105970,PHILIPS PAN HEAD MACHINE SCREW,N/A,O Non Stock Inactive,144-002,01/24/2024,1,13822 XPOWER MANUFACTURE  INC.,05/17/2024,Patrick Golden,0.25,0.25
130132,1105979,CONNECTOR  FILTER & SOLUTION RCVR00747,N/A,O Non Stock Inactive,RCVR00747,N/A,1,2800 IPC EAGLE,N/A,Patrick Golden,33.02,33.02
130135,1105982,SWITCH A03785101,N/A,O Non Stock Inactive,A03785101,04/25/2024,2,1125 EDMAR CORPORATION,N/A,Patrick Golden,4.08,8.16
130140,1107650,HARNESS CONTROL PANEL PKD 9100000845,N/A,O Non Stock Inactive,9100000845,N/A,1,7777 NILFISK-ADVANCE  INC.,05/02/2024,Patrick Golden,20.97,20.97
81532,110861,7350-SP Clear INSERT DISH 2500/C3.5x3.5x1,N/A,O Non Stock Inactive,7350-SP,N/A,2,EASYPAK LLC,N/A,Karen Groves,29.65,59.30
130158,1110956,HANDLE BAR 1463067000,N/A,O Non Stock Inactive,1463067000,02/15/2024,1,7777 NILFISK-ADVANCE  INC.,N/A,Patrick Golden,536.87,536.87
81559,111438,SVC31512P 12OZ VERSALITE ALPHAPOLYPRO FOAM 990/CS,N/A,O Non Stock Inactive,SVC31512P ALPHA,03/12/2024,4,1023 BERRY GLOBAL,05/06/2024,Karen Groves,105.8,423.20
130441,1121094,Faucet  deck mount swivel  single hole 7-13/16"H  6-1/8" spread w/ lever handle,N/A,O Non Stock Inactive,5F-1SLX06,N/A,1,11530 T&S BRASS AND BRONZE WORKS INC,03/05/2024,Noel Webster,49.7,49.70
130451,1121387,HOSE ASSY-DRAIN-PU-1.5-BLACK,N/A,O Non Stock Inactive,56117789-SP,05/03/2024,2,NILFISK INC,05/30/2024,Patrick Golden,60.93,121.86
130690,1122004,8oz Banquet China Soup Plate/Bowl - 12/cs,N/A,O Non Stock Inactive,BADP23,03/14/2024,3,9966 RAK PORCELAIN USA  INC.,04/19/2024,Eleni Davis,57.77,173.31
130932,1123128,26010400  Grease Solv Degreaser 4/1Gallon,N/A,N Stock Active,26010400,N/A,12,1065 BETCO CORPORATION,03/20/2024,Noel Marucut,33.47,401.64
130933,1123131,26090400  Dumpster Treatment 4/1Gallon,N/A,N Stock Active,26090400,N/A,12,1065 BETCO CORPORATION,03/20/2024,Noel Marucut,43.97,527.64
130980,1123822,Camshelving 5-tier Sheliving Unit 24x24x72 - EA,N/A,O Non Stock Inactive,EXU242472V5480,03/06/2024,1,1610 CAMBRO MANUFACTURING COMPANY,03/27/2024,Eleni Davis,319.5,319.50
130983,1123825,Camshelving 5-tier Shelving Unit 24x60x84 - EA,N/A,O Non Stock Inactive,EXA246084V5480,04/02/2024,2,1610 CAMBRO MANUFACTURING COMPANY,03/27/2024,Eleni Davis,463.5,927.00
130984,1123826,Camshelving Dunnage Stand Support 24x6-1/2 Speckled Gray - EA,N/A,O Non Stock Inactive,CSDS24H6480,03/06/2024,2,1610 CAMBRO MANUFACTURING COMPANY,03/27/2024,Eleni Davis,33.64,67.28
130995,1124173,Kranzle Switch Clamping Frame with Seal 1122 1622,N/A,O Non Stock Inactive,9743453,04/12/2024,1,2647 DIRT KILLER,04/04/2024,Patrick Golden,5.5,5.50
118953,112420,DLT310SRCP 20oz FLAT LID 2100/CS,N/A,O Non Stock Inactive,1902408,05/15/2024,5,1023 BERRY GLOBAL,04/24/2024,Karen Groves,54.05,270.25
131079,1125942,Corner Guard Outside 2x2x84,N/A,O Non Stock Inactive,Corner842-Out,N/A,1,5078 JOHN BOOS & COMPANY,03/13/2024,Noel Webster,76.98,76.98
131080,1125943,Corner Guard Outside 2x2x48,N/A,O Non Stock Inactive,Corner482-Out,N/A,4,5078 JOHN BOOS & COMPANY,03/13/2024,Noel Webster,64.21,256.84
131104,1125969,6101943  No/Low Maintenance Flooring Cleaner and Protector 2/2Ltr,N/A,O Non Stock Inactive,6101943,N/A,2,2830 ECOLAB INC.,03/13/2024,Noel Marucut,137.61,275.22
131115,1126318,R72CT-72T Griddle NG,N/A,O Non Stock Inactive,R72CT-72T,03/20/2024,1,VENANCIO USA,03/14/2024,Christine Nelson,4182.82,4182.82
131116,1126319,Eureka Sanitaire Belt Longlife Flat #39557,N/A,O Non Stock Inactive,39557,03/13/2024,2,345 AMAZON,05/30/2024,Patrick Golden,11.22,22.44
131164,1127044,209KCK8512 Kraft Triple Sandwich Wedge w/window 500/cs,N/A,O Non Stock Inactive,209KCK8512,04/22/2024,3,8733 PACKNWOOD,05/09/2024,Karen Groves,112.04,336.12
131226,1128124,20 inch nylon scrubbing brush 1016810,N/A,O Non Stock Inactive,175-7770,N/A,1,11960 USA CLEAN,N/A,Patrick Golden,302.5,302.50
131382,1129627,5x5x5 Kraft Corrugated Box ECT-32 25/Bundle,N/A,O Non Stock Inactive,555,03/28/2024,8,BOX PARTNERS  LLC,04/25/2024,Matt Miller,7.78,62.24
131383,1129628,12x10x12 Kraft Corrugated Box ECT-32 25/Bundle,N/A,O Non Stock Inactive,121012,03/28/2024,1,BOX PARTNERS  LLC,04/25/2024,Matt Miller,24.9,24.90
131384,1129629,15x15x12 Kraft Corrugated Box ECT-32 25/Bundle,N/A,O Non Stock Inactive,151512,03/28/2024,8,BOX PARTNERS  LLC,04/25/2024,Matt Miller,37.29,298.32
131436,1130944,10oz Zombie Colling Glass Straight Sided - 72/cs,N/A,O Non Stock Inactive,53,N/A,1,SUPREME HOTEL & RESTAURANT SUPPLY,N/A,Eleni Davis,89.43,89.43
131542,1131735,Delta-Q IC650 Battery Charger 24 Volt  27 Amp  Includes Direct Connection Cable,N/A,O Non Stock Inactive,GCH02425OBQ4,N/A,1,3791 GOFER PARTS,04/08/2024,Patrick Golden,435.81,435.81
131592,1133077,12X6X6 ECT32 CARTON 25/BDL,N/A,O Non Stock Inactive,1266,03/28/2024,8,BOX PARTNERS  LLC,04/25/2024,Matt Miller,12.64,101.12
131604,1133090,FVP201 Prepfit Vinyl Glove PF Small 10/100 CS,N/A,O Non Stock Inactive,FVP201,05/08/2024,2,2908 ELARA FOODSERVICE DISPOSABLES,04/08/2024,Matt Miller,16.95,33.90
131702,1134222,GRWS24-UB WALL MOUNT OVERSHELF 24"X12,N/A,O Non Stock Inactive,GRWS24-UB,04/24/2024,1,5078 JOHN BOOS & COMPANY,04/26/2024,Christine Nelson,247.95,247.95
131831,1135979,VF45043 3.5x3.5 Sugarcane Plate w/Blk PLA Lamination 400/cs,N/A,O Non Stock Inactive,VF45043,04/17/2024,7,11043 SOLIA INC,05/02/2024,Karen Groves,50.2,351.40
131863,1136347,TTSET-4FT Top Track 4' Section,N/A,O Non Stock Inactive,TTSET-4FT Top Track 4' Section,N/A,2,4520 INTERMETRO INDUSTRIES CORP,04/17/2024,Christine Nelson,266.4,532.80
131934,1138101,SEE-ALL SIGHT GLASS 3/8 ODF,N/A,O Non Stock Inactive,SA13S,N/A,1,211 AIRECO SUPPLY INC.,04/15/2024,Denise McKay,24.42,24.42
131952,1138123,Tossware 14oz Lexus Vino  252/cs,N/A,O Non Stock Inactive,KSA11930-VI,04/18/2024,1,11779 TOSSWARE,05/15/2024,Karen Groves,198,198.00
131953,1138124,Tossware 12oz Lexus Rocks Glass 252/cs,N/A,O Non Stock Inactive,KSA11931-RC,04/18/2024,3,11779 TOSSWARE,05/08/2024,Karen Groves,198,594.00
131962,1138136,Tossware 12oz Deloitte Rocks Glass 252/cs,N/A,O Non Stock Inactive,KSA11929-RC,04/17/2024,12,11779 TOSSWARE,05/08/2024,Karen Groves,198,2376.00
132129,1139645,CIRCUIT BREAKER 30A,N/A,O Non Stock Inactive,9095706000,05/07/2024,1,NILFISK INC,05/22/2024,Patrick Golden,42.69,42.69
132132,1139648,TENNANT : HOSE KIT  DRAIN  PVC  CI 9040175,N/A,O Non Stock Inactive,TN9040175,05/14/2024,1,3791 GOFER PARTS,05/23/2024,Patrick Golden,162.75,162.75
132149,1139666,Rubber boot for switch 130990,N/A,O Non Stock Inactive,175-0329,05/08/2024,1,11960 USA CLEAN,05/24/2024,Patrick Golden,15.84,15.84
132157,1139676,Operation decal 120675,N/A,O Non Stock Inactive,175-1280,05/08/2024,1,11960 USA CLEAN,05/24/2024,Patrick Golden,4.29,4.29
132162,1139679,Squeegee assembly for TASKI SWINGO XP-R,N/A,O Non Stock Inactive,192-9272,05/08/2024,1,11960 USA CLEAN,05/24/2024,Patrick Golden,676.5,676.50
132308,1141869,JBR-6-36 36" 6 BURNER RANGE,N/A,O Non Stock Inactive,JBR-6-36,04/25/2024,1,5082 JADE RANGE LLC,05/09/2024,Christine Nelson,5622.88,5622.88
132309,1141870,S-36-BIST BISTRO 36" SINGLE DECK HIGH SHELF S/O,N/A,O Non Stock Inactive,S-36-BIST,04/25/2024,1,5082 JADE RANGE LLC,05/09/2024,Christine Nelson,1178.59,1178.59
132349,1142247,GJO25012  2-PLY 8X11 WHITE HOUSEHOLD TOWEL 12/CS  250-SHEETS/RL,N/A,O Non Stock Inactive,GJO25012,05/28/2024,17,S.P. RICHARDS COMPANY,05/01/2024,Noel Marucut,23.44,398.48
132376,1143283,4-1/2" Wood Picks Golf Tee - 25 ea White  Blue  Green & Red - Bamboo - 100/pack - 12 Packs/Case,N/A,O Non Stock Inactive,BAMSP345,04/18/2024,13,11545 TABLECRAFT PRODUCTS CO. INC.,05/13/2024,Eleni Davis,41.04,533.52
132377,1143284,Drive hub 3 lug 1264136,N/A,O Non Stock Inactive,675-9914,05/03/2024,1,11960 USA CLEAN,05/24/2024,Patrick Golden,113.8,113.80
132378,1143285,CARTRIDGE  EC-H2O NANOCLEAN WCM  270ML 9013646,N/A,O Non Stock Inactive,TN9013646,05/03/2024,1,3791 GOFER PARTS,05/17/2024,Patrick Golden,264.7,264.70
132381,1143290,HOUSING  HEAD  43CM 1212324,N/A,O Non Stock Inactive,TN1212324,05/03/2024,1,3791 GOFER PARTS,05/17/2024,Patrick Golden,109.9,109.90
132382,1143291,SLEEVE  P/M  0.38B 0.50D 0.6L [430SS] 1027926,N/A,O Non Stock Inactive,TN1027926,05/03/2024,1,3791 GOFER PARTS,05/17/2024,Patrick Golden,4.67,4.67
132383,1143292,Screw M8-1.25 x 35mm hex head stainless steel 09023 200032496,N/A,O Non Stock Inactive,999-0786,05/03/2024,1,11960 USA CLEAN,05/24/2024,Patrick Golden,1.12,1.12
132384,1143293,NUT  HEX M8 x 1.25  THIN PATTERN NYLON INSERT  STAINLESS STEEL 08713,N/A,O Non Stock Inactive,GZN2L2580000A20000,05/03/2024,1,3791 GOFER PARTS,05/10/2024,Patrick Golden,1.06,1.06
132393,1143302,BE-HC16PLA 16oz COMPOSTABLE DBL WALL HOT CUP  500/CS,N/A,O Non Stock Inactive,BE-HC16PLA,04/30/2024,34,1092 BETTER EARTH,05/09/2024,Karen Groves,87.55,2976.70
132398,1143308,BREAKER  CIRCUIT  35A,N/A,O Non Stock Inactive,911681,04/30/2024,4,8712 PACIFIC FLOORCARE,05/24/2024,Patrick Golden,21.43,85.72
132410,1143658,SWITCH KIT  W/ WASHERS  FR/ F/1072041,N/A,O Non Stock Inactive,9010860,N/A,1,11649 TENNANT,04/30/2024,Patrick Golden,29.9,29.90
132420,1143671,VALVE-DUCK BILL 8 FL,N/A,N Stock Active,HC199049,N/A,8,3906 H C DUKE & SON,05/24/2024,Denise McKay,4.8,38.40
132461,1144386,Tossware 9oz 1895 Club Stemless Flute 252/cs,N/A,O Non Stock Inactive,N/A,05/23/2024,4,11779 TOSSWARE,05/22/2024,Karen Groves,188,752.00
132625,1146573,2.5# White Food Tray  500/cs,N/A,O Non Stock Inactive,0421,05/08/2024,46,11100 SOUTHERN CHAMPION TRAY CO.,09/24/2024,Erin Ventola,18.5,851.00
132658,1146944,Spark Plug For 17HP Kawasaki Engines  RCJ8Y,N/A,O Non Stock Inactive,GPRSPLG01,05/09/2024,2,3791 GOFER PARTS,05/23/2024,Patrick Golden,7.26,14.52
132668,1146954,CELLULAR GATEWAY KIT-US,N/A,O Non Stock Inactive,56122730,05/30/2024,1,NILFISK INC,N/A,Patrick Golden,1536.13,1536.13
132705,1147328,U-ADA24RS-13B UNDERCOUNTER REFRIGERATOR,N/A,O Non Stock Inactive,U-ADA24RS-13B,N/A,1,12019 ULINE,N/A,Christine Nelson,2394.5,2394.50
132706,1147329,SE18RS-2FD ELECTRIC FRYER BATTERY 440/480V/60/3-PH,N/A,O Non Stock Inactive,SE18RS-2FD,N/A,1,Pitco Frialator,05/20/2024,Christine Nelson,28775.87,28775.87
132788,1148754,Shaker 6oz Swirl Black Perforated Plastic Top - 12/cs,N/A,O Non Stock Inactive,P260BK,05/15/2024,2,11545 TABLECRAFT PRODUCTS CO. INC.,05/28/2024,Eleni Davis,28.56,57.12
132789,1148755,Shaker 6oz Swirl Black Slotted Plastic Top - 12/cs,N/A,O Non Stock Inactive,P260SLBK,05/15/2024,2,11545 TABLECRAFT PRODUCTS CO. INC.,05/28/2024,Eleni Davis,28.56,57.12
132965,1151299,MGFF8448GR EQUIPMENT STAND REFRIGERATED 35 X 33 26 S/O,N/A,O Non Stock Inactive,MGF8448GR,N/A,1,ATOSA USA  INC.,05/28/2024,Christine Nelson,1383.2,1383.20
133160,1153795,Clear Water Inlet Strainer with Bypass Ports,N/A,O Non Stock Inactive,5500024,N/A,1,2647 DIRT KILLER,05/31/2024,Patrick Golden,25,25.00
133211,1154521,LEROCHE GROUP 27 12V AGM,N/A,O Non Stock Inactive,LDC12-105-G27T,N/A,2,1046 BEST BATTERY,05/30/2024,Patrick Golden,277.5,555.00
133679,1163747,Sealing Strip 12" 86144940,N/A,O Non Stock Inactive,8.614-494.0,N/A,1,13289 KARCHER NORTH AMERICA,N/A,Patrick Golden,4.32,4.32
134442,1179623,Closed rubber seal 1063907,N/A,O Non Stock Inactive,275-6908,N/A,2,11960 USA CLEAN,N/A,Patrick Golden,4.8,9.60
134727,1183958,VAC MOTOR-13A-120V-3 STAGE,N/A,O Non Stock Inactive,56105255,N/A,1,NILFISK INC,N/A,Patrick Golden,116.42,116.42
81589,120192,NV2GRN237B 23oz 7" ROUND CONTWITH LID VERSA2GO 150/CS B/O 9/7,N/A,O Non Stock Inactive,NV2GRN237B,N/A,1,8720 PACTIV LLC,N/A,Karen Groves,30.81,30.81
81613,120567,YTH1-0006 6" WHT FOAM PLATE 1MNON-LAMINATED   **SO**,N/A,O Non Stock Inactive,YTH100060000,N/A,8,8720 PACTIV LLC,N/A,Karen Groves,5.99,47.92
81669,121141,EV1-LID1 SQUARE TR DELI LID400/CS,N/A,O Non Stock Inactive,100718,N/A,2,8897 PLACON CORPORATION,N/A,Karen Groves,38.05,76.10
81678,121153,SW2-000T 13oz CLEAR PET CONT200/CS,N/A,N Stock Active,SW2-000T,N/A,20,8897 PLACON CORPORATION,N/A,Karen Groves,54.51,1090.20
123555,121192,SW6-T1 2oz SINGLE COMP INSERT TRAY 1600/CS,N/A,O Non Stock Inactive,101854,N/A,1,8897 PLACON CORPORATION,N/A,Karen Groves,89,89.00
123558,121195,CS04 4oz HINGED DELI CONT 400,N/A,Y Non Stock Discontinued,154627,N/A,8,8897 PLACON CORPORATION,N/A,Karen Groves,33.5,268.00
125507,121197,CS06 6oz HINGED DELI CONTAINER 400/CS,N/A,O Non Stock Inactive,154626555,02/26/2024,90,8897 PLACON CORPORATION,N/A,Karen Groves,36.99,3329.10
128819,121497,YTD1-8803 3COMP WHT FOAM HINGE CONT 8X8X3 150/CS,N/A,O Non Stock Inactive,YTD188030000,N/A,16,8720 PACTIV LLC,N/A,Karen Groves,18.9,302.40
108333,121964,EMI-CC10 10oz CLR BOWL 240/CS,N/A,O Non Stock Inactive,EMI-CC10,05/21/2024,20,2863 EMI YOSHI INC.,05/31/2024,Karen Groves,53.07,1061.40
81794,122019,AD16S 16oz HINGE SHALLOW DELICONT 200/CS,N/A,O Non Stock Inactive,AD16S,N/A,1,3720 GENPAK LLC,N/A,Karen Groves,25.7,25.70
81818,122074,CH32DED 32OZ Clear CONT WITH DOMELID TAMPER EVIDENT 200/CS    W,N/A,O Non Stock Inactive,CH32DED,N/A,2,2440 DART CONTAINER CORPORATION,N/A,Karen Groves,27.29,54.58
108226,122563,COX-68-BB-BLK 6X8 HINGED CONT 250/CS,N/A,N Stock Active,COX-68-BB-BLK,03/05/2024,6,2624 DIRECT PACK EAST LLC,04/16/2024,Karen Groves,104.06,624.36
126720,122907,EMI-SPWG8 8oz SQUARE WINE GLAS 180/CS,N/A,O Non Stock Inactive,EMI-SPWG8,N/A,8,2863 EMI YOSHI INC.,N/A,Karen Groves,77.45,619.60
126721,122912,EMI-GWP9WG 9" WHITE/GOLD PLATE 120/CS,N/A,O Non Stock Inactive,EMI-GWP9WG,N/A,3,2863 EMI YOSHI INC.,N/A,Karen Groves,48.97,146.91
128296,123083,RPTTE6AD-V 6OZ CLR HING CONT 780/CS T/E VENTED S/O,N/A,O Non Stock Inactive,RPTTE6AD-V,N/A,47,2975 EATERY ESSENTIALS,N/A,Matt Miller,66.04,3103.88
81947,123374,PTTE2P32 32OZ Clear HINGE CONTWITH LID TAMPER EVIDENT  200/CS,N/A,N Stock Active,PTTE2P32,04/10/2024,855,2975 EATERY ESSENTIALS,05/29/2024,Matt Miller,55.65,47580.75
122747,123407,PET SQUARE 48OZ BOWL 720/CS CLEAR TMPR EVDNT 6.5",N/A,O Non Stock Inactive,PTTESB65-48,N/A,70,2975 EATERY ESSENTIALS,N/A,Matt Miller,120.35,8424.50
81955,123506,HF3TT 3COMP FIBER TACO TRAY300/CS,N/A,O Non Stock Inactive,HF3TT,N/A,16,3720 GENPAK LLC,N/A,Karen Groves,70.6,1129.60
126727,130467,406266 WRP MWPP BLK S-SPOON 1M,N/A,O Non Stock Inactive,406266,N/A,1,7665 NATIONAL PAPER & PLASTICS CO.,N/A,Matt Miller,9.57,9.57
119795,130528,BLK HWPP KNIFE 1M/CS KE305BK,N/A,O Non Stock Inactive,KE305BK,N/A,5,13202 WELLCARE INTERNATIONAL  INC.,N/A,Matt Miller,13,65.00
123671,131413,P2203FW WHT PP T-SPOON 1M/CS MWPP IW,N/A,O Non Stock Inactive,P2203FW,N/A,1,AMERCARE ROYAL LLC,N/A,Matt Miller,11.45,11.45
126181,133458,WRP BLK HWPP TSPOON 1M/CS EMPRESS E189002 S/O,N/A,O Non Stock Inactive,E189002,03/26/2024,54,9942 RJ SCHINNER,N/A,Matt Miller,19,1026.00
109439,1380010,WL2901 MONTEREY TEASPOON 36/BOX STOCK,N/A,N Stock Active,WL2901,N/A,3,11234 STEELITE USA,03/25/2024,Eleni Davis,21.39,64.17
82211,140033,BP713-160 16" FORUM TRAY 50/CS,N/A,N Stock Active,BP713-160,N/A,7,1520 D&W FINE PACK LLC,N/A,Karen Groves,69.14,483.98
125513,141003,BP9PL-07DD 9X12 BLK PEARL PLATTER  250/CS,N/A,O Non Stock Inactive,BP9PL-07DD,N/A,9,1520 D&W FINE PACK LLC,N/A,Karen Groves,29.14,262.26
125519,141102,BP723-103 10 3-COMP DEEP FORUM PLATE 200/CS BLK,N/A,O Non Stock Inactive,BP723-103,N/A,12,1520 D&W FINE PACK LLC,N/A,Karen Groves,55.99,671.88
125520,141107,CF760-080 MED BLK BASKET  500/CS,N/A,O Non Stock Inactive,CF760-080,N/A,1,1520 D&W FINE PACK LLC,N/A,Karen Groves,63.39,63.39
125521,141112,CL261-090 DLID 5/50,N/A,O Non Stock Inactive,CL261-090,N/A,12,1520 D&W FINE PACK LLC,N/A,Karen Groves,53.09,637.08
125522,141119,BP761-102 SM BLK TRAY 500/C,N/A,O Non Stock Inactive,BP761-102,N/A,9,1520 D&W FINE PACK LLC,N/A,Karen Groves,74.64,671.76
125524,141134,CL264-640 LRG SHELL LID 2/,N/A,O Non Stock Inactive,CL264-640,N/A,1,1520 D&W FINE PACK LLC,N/A,Karen Groves,39.11,39.11
125525,141146,CL295-220 22OZ CLR LID 10/50,N/A,O Non Stock Inactive,CL295-220,N/A,4,1520 D&W FINE PACK LLC,N/A,Karen Groves,70.02,280.08
125526,141171,BP712-150 15" BLK OVAL LID 140181 2/50,N/A,O Non Stock Inactive,BP712-150,N/A,1,1520 D&W FINE PACK LLC,N/A,Karen Groves,45.42,45.42
125527,141207,CL260-190HP XLRG CLEAR LID 25/CS,N/A,O Non Stock Inactive,260-190HP,N/A,3,1520 D&W FINE PACK LLC,N/A,Karen Groves,39.19,117.57
125528,141223,462-080 MED OBLONG 500/CS,N/A,O Non Stock Inactive,462-080,N/A,1,1520 D&W FINE PACK LLC,N/A,Karen Groves,58.2,58.20
125529,141308,BP763-060 BLK MULTIPUR CONT,N/A,O Non Stock Inactive,BP763-060,N/A,4,1520 D&W FINE PACK LLC,N/A,Karen Groves,108.05,432.20
125531,141310,BP763-960 LRG BLK MULTIPUR 4/125  CONTAINER,N/A,O Non Stock Inactive,BP763-960,N/A,3,1520 D&W FINE PACK LLC,N/A,Karen Groves,103.53,310.59
125532,141428,BP720-280 28OZ BLK BOWL  4/125,N/A,O Non Stock Inactive,BP720-280,N/A,1,1520 D&W FINE PACK LLC,N/A,Karen Groves,87.12,87.12
125533,141449,MBC64-120SM CORAL SHELL 20/  20/25,N/A,O Non Stock Inactive,MBC64-120SM,N/A,4,1520 D&W FINE PACK LLC,N/A,Karen Groves,65.53,262.12
125535,143001,BP723-100-1 10.25" BLK FOR DEEP PLATE 160/CS,N/A,O Non Stock Inactive,BP723-100-1,N/A,5,1520 D&W FINE PACK LLC,N/A,Karen Groves,63.54,317.70
109644,151238,BOL-CS-UBBS LID F/24OZ BURRITO PLA 400/CS,N/A,O Non Stock Inactive,BOL-CS-UBBS,N/A,9,WORLD CENTRIC,N/A,Karen Groves,81.95,737.55
105615,151420,55321 KRAFT RECT CLAMSHELL7 75x3.25  420/CS  **SO**,N/A,N Stock Active,55321,N/A,4,10650 SABERT CORPORATION,03/13/2024,Karen Groves,97.42,389.68
129757,151421,55221 KRAFT LGE SQ CLAMSHELL 7.75x7x2.5 240/CS,N/A,N Stock Active,55221,05/29/2024,14,10650 SABERT CORPORATION,N/A,Karen Groves,44.02,616.28
129758,151422,55621 KRAFT JUMBO SQ CLAMSHELL 9x9x3 200/CS,N/A,N Stock Active,55621,N/A,8,10650 SABERT CORPORATION,03/22/2024,Karen Groves,73.74,589.92
107900,151553,DP-105 10X5 SUGARCANE PLATE 4/125/CS  RECTANGLE  S/0,N/A,O Non Stock Inactive,DP-105,N/A,8,AMERCARE ROYAL LLC,N/A,Matt Miller,45.99,367.92
118997,152172,42RBL 8" DOME LID F/FIBER BOWL 300/CS,N/A,O Non Stock Inactive,42RBL,N/A,4,4472 FINELINE SETTINGS,N/A,Karen Groves,69.64,278.56
108484,160005,SXP6PATH 6" PATHWAYS PLATE 1M/ 0,N/A,O Non Stock Inactive,SXP6PATH,N/A,2,3735 GEORGIA-PACIFIC CORPORATION,N/A,Karen Groves,34.4,68.80
126749,160238,210BBB12 PALM LEAF MINI BOWL 100/CS,N/A,O Non Stock Inactive,210BBB12,04/26/2024,17,8733 PACKNWOOD,05/08/2024,Karen Groves,23.58,400.86
130462,170005,6" CORRUGATED CIRCLE 500/CS 12756 UNCOATED,N/A,O Non Stock Inactive,12756,N/A,1,12685 VINELAND PACKAGING CORP.,N/A,Matt Miller,15.16,15.16
82489,170318,.050-9SPG SQUARE GOLD BOARD 200/CS 9",N/A,O Non Stock Inactive,.050-9SPG,N/A,2,2869 ENJAY CONVERTERS LTD,N/A,Matt Miller,43.81,87.62
110102,170340,18" SILVER FOLDUNDER .25" 12CS ROUND  5 PKG MIN. SPECIAL ORDE,N/A,O Non Stock Inactive,1/4-18RS,N/A,7,2869 ENJAY CONVERTERS LTD,N/A,Matt Miller,59.58,417.06
108365,170350,24"SILVER FOLDUNDER .5" 6/CS 1/2-24RS ROUND,N/A,O Non Stock Inactive,1/2-24RS,N/A,1,2869 ENJAY CONVERTERS LTD,N/A,Matt Miller,130.27,130.27
82499,170367,4" ROUND SILVER WITH TAB 500/CS INDIVIDUAL SIZE,N/A,O Non Stock Inactive,.045-4RTS,05/16/2024,10,2869 ENJAY CONVERTERS LTD,05/31/2024,Matt Miller,48.13,481.30
126751,170398,18" WHITE FOLDUNDER .5"  12/CS SPEC ORDER,N/A,O Non Stock Inactive,1/2-18RW12,N/A,1,2869 ENJAY CONVERTERS LTD,N/A,Matt Miller,51.69,51.69
82523,170437,20" SILVER FOLDUNDER .5" 12/CS1/2-20RS12,N/A,N Stock Active,1/2-20RS12,04/30/2024,3,2869 ENJAY CONVERTERS LTD,N/A,Matt Miller,78.29,234.87
82528,170442,16" SILVER FOLDUNDER .25"24/CSROUND,N/A,O Non Stock Inactive,1/4-16RS24,N/A,1,2869 ENJAY CONVERTERS LTD,N/A,Matt Miller,53.02,53.02
118633,170455,16" WHITE ROUND DRUM .25" 24/C 1/4-16RW24 24/CS S/O,N/A,O Non Stock Inactive,1/4-16RW24,N/A,9,2869 ENJAY CONVERTERS LTD,N/A,Matt Miller,48.65,437.85
82535,170630,6" GOLD SCALLOP CIRCLE  200/CSSW-614RSGEMB,N/A,N Stock Active,SW-614RSGEMB,03/13/2024,1,2869 ENJAY CONVERTERS LTD,04/05/2024,Matt Miller,20.85,20.85
109743,170636,HALF SHT GOLD SCALLOP PAD 50/C SW-18341334SGEMB S/O,N/A,N Stock Active,SW-18341334SGEMB,05/14/2024,1,2869 ENJAY CONVERTERS LTD,05/30/2024,Matt Miller,26.93,26.93
82541,172065,6" CORRUGATED CIRCLE 500/CSC UNCOATED,N/A,O Non Stock Inactive,11303,04/26/2024,1,11100 SOUTHERN CHAMPION TRAY CO.,05/10/2024,Matt Miller,16.56,16.56
82589,190100,8864 5LB GREEN FOOD TRAY 500/C,N/A,O Non Stock Inactive,8864,N/A,2,11290 SPECIALTY QUALITY PACKAGING,N/A,Matt Miller,47.04,94.08
124796,194607,CARRIER 4-CUP FOOD/DRINK 250/C 0120,N/A,O Non Stock Inactive,0120,03/08/2024,1,11100 SOUTHERN CHAMPION TRAY CO.,04/08/2024,Matt Miller,37.9,37.90
130178,1952063,SQUEEGEE ARM WELDT 56117489-SP,N/A,O Non Stock Inactive,56117489-SP,03/15/2024,1,7777 NILFISK-ADVANCE  INC.,05/02/2024,Patrick Golden,167.27,167.27
99986,200053,10403 1# WHITE FIBER TRAY 1M/C7X5X1.5,N/A,N Stock Active,10403,N/A,7,HUHTAMAKI,N/A,Karen Groves,73.19,512.33
88365,208680,20868 9OZ HI BALL GLASS 36/CS  EXCALIBUR,N/A,N Stock Active,20868,03/25/2024,6,1711 CARDINAL INTERNATIONAL INC,N/A,Eleni Davis,45.82,274.92
88366,208739,20873 10-1/2OZ ROCKS GLASS36/CS EXCALIBUR WHISKEYSOU,N/A,O Non Stock Inactive,20873,N/A,1,1711 CARDINAL INTERNATIONAL INC,N/A,Eleni Davis,54.84,54.84
99488,209065,EV979721 KLEENSTM WATER FLTER0,N/A,N Stock Active,EV9797-21,N/A,2,211 AIRECO SUPPLY INC.,N/A,Christine Nelson,461.25,922.50
88374,210011,400607 TONG 6" CLEAR EA,N/A,O Non Stock Inactive,400607,N/A,10,CFS BRANDS  LLC,N/A,Eleni Davis,1.71,17.10
88449,210624,1062407 FOOD BOX 26X18X15WITH HANDLES 3EA/CS CLEAR,N/A,O Non Stock Inactive,1062407,N/A,2,CFS BRANDS  LLC,N/A,Eleni Davis,147.14,294.28
101836,211022,1102225 CAST IRON 2.75QT DUTCHOVEN BLACK MATTE - EA,N/A,O Non Stock Inactive,1102225,N/A,1,14071 ZWILLING J.A. HENCKELS LLC,N/A,Eleni Davis,121.5,121.50
82612,211242,5OZ FLINT GLASS BOTTLE 12/CSFLINT WOOZY,N/A,O Non Stock Inactive,LM..0321R.5OZ,N/A,7,582 ANDLER MARYLAND,N/A,Matt Miller,3.47,24.29
121505,211517,GBD211517110 FOOD CARRIER  EA BLACK TO GO BAG 21X15X17 STOCK,N/A,N Stock Active,GBD211517110,N/A,2,1610 CAMBRO MANUFACTURING COMPANY,N/A,Eleni Davis,70.2,140.40
88512,211922,SPC-3 PINEAPPLE CORER/PEELERHANDHELD,N/A,N Stock Active,SPC-3,N/A,3,FOODWARE LLC,03/14/2024,Eleni Davis,9.62,28.86
88514,211973,FT101 FOOD WARMER SUPPORTECOHEAT - EA -,N/A,O Non Stock Inactive,FT101,N/A,1,HEAT FACTORY USA,N/A,Eleni Davis,18,18.00
97150,212105,0014-04 SPOON BOUILLON DOMINIOHW 18/0 SS - DZ - STOCK,N/A,N Stock Active,0014-04,05/14/2024,136,FOODWARE LLC,N/A,Eleni Davis,2.43,330.48
97158,212126,0001-04 SPOON BOUILLON DOMINIOMW 18/0 SS - DZ,N/A,O Non Stock Inactive,0001-04,N/A,50,FOODWARE LLC,N/A,Eleni Davis,1.83,91.50
97160,212128,0001-02 ICED TEASPOON DOMINION18/0 MW SS - DZ - STOCK,N/A,N Stock Active,0001-02,05/01/2024,60,FOODWARE LLC,N/A,Eleni Davis,2.03,121.80
88554,213040,5989NFS POCKET THERMOMETER 1" DIAL10-220F CALIBRATION - EA -,N/A,O Non Stock Inactive,5989NFS,N/A,1,11560 LIFETIME BRANDS INC,N/A,Eleni Davis,4.75,4.75
126762,214103,J4103 GOTHAM WATER GLASS 14OZ (FT-E)  STOCK BEVERAGE 36/CS,N/A,N Stock Active,J4103,N/A,9,1711 CARDINAL INTERNATIONAL INC,N/A,Eleni Davis,86.02,774.18
88589,214140,AB131 ADAPTER BAR 12" S/S  EASTOCK,N/A,N Stock Active,ADB12,04/10/2024,40,413 AMERICAN METALCRAFT  INC.,N/A,Eleni Davis,1.8,72.00
88591,214306,SCP6CW SCOOP 6OZ CLEAR EASTOCK,N/A,N Stock Active,SCP6CW-135,04/19/2024,10,1610 CAMBRO MANUFACTURING COMPANY,05/14/2024,Eleni Davis,3.44,34.40
88608,215022,15022 WEDGEMASTER 8-CUT EAWALL MOUNT UNIT -,N/A,O Non Stock Inactive,15022,N/A,1,12700 THE VOLLRATH COMPANY  L.L.C.,N/A,Eleni Davis,226.67,226.67
126764,215683,W5683 TURNER 8X3 ROUNDED EA 6ea/cs   12e/mastercase - S/O,N/A,O Non Stock Inactive,W5683,N/A,1,7372 MUNDIAL INC.,N/A,Eleni Davis,7.59,7.59
126765,215832,58322 2 OZ KOOLTOUCH LADLE 12,N/A,O Non Stock Inactive,58322,N/A,8,12700 THE VOLLRATH COMPANY  L.L.C.,N/A,Eleni Davis,13.55,108.40
127563,217212,7212 WINDSOR BOUILLON SPOON 24 18/8 - MW  24/bx  SPEC ORD,N/A,O Non Stock Inactive,7212,N/A,3,11234 STEELITE USA,N/A,Eleni Davis,2.7,8.10
88683,218416,CASABL.BEVERAGE 14.5OZ 36/CS(FT-E),N/A,O Non Stock Inactive,218416,N/A,4,1711 CARDINAL INTERNATIONAL INC,N/A,Eleni Davis,44.64,178.56
88687,218816,PSC-16 SPATULA PLASTIC 16"0,N/A,O Non Stock Inactive,PSC-16,N/A,39,FOODWARE LLC,N/A,Eleni Davis,1.62,63.18
88694,219140,BT1914 BEVERAGE TUB 5-1/2 GALOVAL GALVANIZED STEEL EA -,N/A,O Non Stock Inactive,BT1914,N/A,14,11545 TABLECRAFT PRODUCTS CO. INC.,N/A,Eleni Davis,18.63,260.82
88698,219655,PSC-10 SPATULA PLASTIC 10"WHITE FLAT BLADE - EA STOCK,N/A,N Stock Active,PSC-10,N/A,8,FOODWARE LLC,N/A,Eleni Davis,0.91,7.28
82639,220404,8S WHITE FOAM TRAY 500/CS,N/A,N Stock Active,8S,N/A,5,2786 DYNE-A-PAK,N/A,Karen Groves,39.4,197.00
82670,220460,1.5 BLACK FOAM TRAY 500/CS,N/A,N Stock Active,1.5,N/A,55,2786 DYNE-A-PAK,N/A,Karen Groves,13.43,738.65
107901,220520,17S TAN FIBER MINI TRAY 500/CS 8.3x4.5x0.6,N/A,O Non Stock Inactive,TRAY-17S,N/A,2,AMERCARE ROYAL LLC,N/A,Matt Miller,39.75,79.50
106396,220850,S85202 RAMEKIN 2OZ WHITE 72/CS MELAMINE  SMOOTH,N/A,N Stock Active,S85202,N/A,2,CFS BRANDS  LLC,N/A,Eleni Davis,55.44,110.88
101187,224103,RE103 REGENCY DESSERT SPOONDZ - STOCK,N/A,N Stock Active,RE-103,05/08/2024,26,1880 Hospitality,N/A,Eleni Davis,15.12,393.12
88825,225020,5020 PANELED MUG 16OZ 12/CS0,N/A,O Non Stock Inactive,5020,N/A,2,SUPREME HOTEL & RESTAURANT SUPPLY,N/A,Eleni Davis,59.91,119.82
116052,225026,1226 WAITERS CORKSCREW EACH STOCK,N/A,N Stock Active,1226,N/A,27,11545 TABLECRAFT PRODUCTS CO. INC.,N/A,Eleni Davis,1.27,34.29
88832,225506,550607 PLASTIC TUMBLER CLEAR9.5oz STACKABLE 72/CS -,N/A,O Non Stock Inactive,550607,N/A,1,CFS BRANDS  LLC,N/A,Eleni Davis,35.37,35.37
88852,229931,H931 CRUET O&V GLASS 16OZ 6/CS,N/A,O Non Stock Inactive,H931,N/A,6,11545 TABLECRAFT PRODUCTS CO. INC.,N/A,Eleni Davis,5.39,32.34
82704,230026,7.75" KRAFT PAPER GIANT STRAW2400/C WRAPPED,N/A,O Non Stock Inactive,61508211,05/03/2024,1,4150 HOFFMASTER GROUP INC,05/21/2024,Suyeon Nam,101.09,101.09
102225,236512,36512000 BLADES REPLACEMEN WINDOW SCRAPER - 10/PK STOCK,N/A,N Stock Active,36512000,N/A,28,CFS BRANDS  LLC,N/A,Eleni Davis,7.96,222.88
88903,237695,E7695 SENSATION WINE 24/CS13-3/4OZ,N/A,O Non Stock Inactive,E7695,N/A,2,1711 CARDINAL INTERNATIONAL INC,N/A,Eleni Davis,83.83,167.66
88912,240255,RTP14 DISHRACK TRAYS/PANS BLUEXTALL PEGS - EA -,N/A,O Non Stock Inactive,RTP14,N/A,1,CFS BRANDS  LLC,N/A,Eleni Davis,18.17,18.17
102778,240745,8LB KRAFT CHAMPAK CLASSIC 300/ 0738,N/A,N Stock Active,0738,04/08/2024,4,11100 SOUTHERN CHAMPION TRAY CO.,03/13/2024,Matt Miller,67.34,269.36
82769,242015,10105 DIVIDER INSERTS 500/CS,N/A,O Non Stock Inactive,10105,N/A,1,11100 SOUTHERN CHAMPION TRAY CO.,N/A,Matt Miller,45.29,45.29
82773,243103,2LB WHITE TAKEOUT BX 200/CS100250 ECO-BOX,N/A,O Non Stock Inactive,100250,04/02/2024,27,11290 SPECIALTY QUALITY PACKAGING,N/A,Matt Miller,29.4,793.80
104676,243119,2 COMPARTMENT BX 120/CS,N/A,N Stock Active,100828,N/A,19,11290 SPECIALTY QUALITY PACKAGING,N/A,Matt Miller,34.22,650.18
88917,245307,4530-807 TULIP DISH Clear 24/CS5 OZ SWIRL BOWL -,N/A,O Non Stock Inactive,4530-807,N/A,28,CFS BRANDS  LLC,N/A,Eleni Davis,28.43,796.04
88933,247705,47705 HAMBURGER PRESS,N/A,O Non Stock Inactive,47705,N/A,11,12700 THE VOLLRATH COMPANY  L.L.C.,N/A,Eleni Davis,21.51,236.61
107904,250020,R826 TWO PRONG WOOD FORK 5-1/2 10/1M/CS S/O,N/A,O Non Stock Inactive,R826,05/06/2024,3,AMERCARE ROYAL LLC,05/16/2024,Matt Miller,68.5,205.50
100958,257155,57155P RICE POT 55 CUP - EAFOR 57155 -,N/A,O Non Stock Inactive,57155P,N/A,3,TOWN FOOD SERVICE,N/A,Noel Webster,122.95,368.85
109279,257791,W14 BEECHWOOD SPOON 14" EACH SPEC ORDER,N/A,O Non Stock Inactive,W14,N/A,11,11545 TABLECRAFT PRODUCTS CO. INC.,N/A,Eleni Davis,1.55,17.05
82816,260261,2.5X1 THERMAL TRANSFER LABELPERM ADHESIVE  5500/RL 8RLS/CS,N/A,N Stock Active,LD251TT3P,N/A,3,4056 HEARTLAND LABEL PRINTERS,N/A,Erin Ventola,80.52,241.56
82826,261233,2.25"x85' RECEIPT TAPE 50/CS3201  Black IMAGE THERMAL  **,N/A,N Stock Active,003201,N/A,6,11541 TST IMPRESO,N/A,Erin Ventola,22.76,136.56
97215,263500,3X5 WHITE DIRECT THERMAL LABEL1200/RL 8RL/CS,N/A,O Non Stock Inactive,16530,N/A,72,8904 PHIPPS LABEL COMPANY,N/A,Erin Ventola,23.68,1704.96
125391,263511,3X1 WHITE DIRECT THERMAL LABEL 2500/RL 12RL/CS 1" CORE,N/A,O Non Stock Inactive,16413,04/25/2024,1,8904 PHIPPS LABEL COMPANY,05/17/2024,Erin Ventola,114.75,114.75
122806,263865,26-3865 DLB POT HOOK STAINLESS,N/A,O Non Stock Inactive,26-3865,N/A,5,ALLPOINTS,N/A,Christine Nelson,1.24,6.20
88998,266409,4000249668 EPP FRONT LOADER EA,N/A,O Non Stock Inactive,4000249668,N/A,2,11707 THERMOHAUSER OF AMERICA INC.,N/A,Eleni Davis,126.69,253.38
109706,266684,607410 STEAK WEIGHT CAST IRON EACH,N/A,O Non Stock Inactive,607410,N/A,1,CFS BRANDS  LLC,N/A,Eleni Davis,4.1,4.10
82846,270046,T801163 1.25GAL WHT CONT 100/C,N/A,N Stock Active,T801163,05/24/2024,5,1023 BERRY GLOBAL,05/16/2024,Karen Groves,102.31,511.55
125949,270064,4 LTR NATURAL TUB NO HANDLE 760/PLT,N/A,O Non Stock Inactive,PR400-NH-NAT,N/A,7,2939 E HOFMANN PLASTICS INC.,N/A,Karen Groves,615.6,4309.20
99565,271151,L8X8UPCP  4 LTR Clear UNIPAK SQLID  450/CS,N/A,O Non Stock Inactive,300121990,05/08/2024,2,1023 BERRY GLOBAL,N/A,Karen Groves,152.35,304.70
89008,278121,13-411 BOTTLE OPENER/CHURCH KYPKG OF 10,N/A,N Stock Active,13-411,04/02/2024,7,11126 SPILL-STOP MFG. CO.,N/A,Eleni Davis,5,35.00
82872,280020,2.5X2X6 1.2MIL SIMPLEX BAG 1M/  1M/CS,N/A,O Non Stock Inactive,SIMBAGCLST1005,N/A,1,11645 PPC FLEXIBLE PACKAGING,N/A,Erin Ventola,50.6,50.60
97227,280311,40X100 ORCHID CELLO  25RL/CS,N/A,O Non Stock Inactive,ROLLPRST1010-706,N/A,2,11645 PPC FLEXIBLE PACKAGING,N/A,Erin Ventola,5.79,11.58
97229,280315,40X100 GREEN   CELLO  25/RL/CS,N/A,O Non Stock Inactive,ROLLPRST1010-713,N/A,25,11645 PPC FLEXIBLE PACKAGING,N/A,Erin Ventola,5.79,144.75
97230,280318,40X100 RED CELLO   25/RL/CS,N/A,O Non Stock Inactive,24-40100RED,N/A,6,11645 PPC FLEXIBLE PACKAGING,N/A,Erin Ventola,5.79,34.74
100905,280903,MK0903 BLUE BANDAID 40/BXKNUCKLE,N/A,O Non Stock Inactive,MK0903,05/22/2024,1,CFS BRANDS  LLC,N/A,Eleni Davis,7.96,7.96
89026,292190,JC-19 JUICE SQUEEZER 19" HD0,N/A,O Non Stock Inactive,JC-19,N/A,1,FOODWARE LLC,N/A,Eleni Davis,104.81,104.81
119778,300047,2X-LARGE BLUE POWDER-FREE NITRILE GLOVES 10/200/CS,N/A,O Non Stock Inactive,GNPR-2X-2,N/A,1,4190 HOSPECO,N/A,Noel Marucut,55.8,55.80
82893,300061,X-LARGE BLUE Powder Free  8MIL NITRILE GLOVE 10/50/CS GNEP-XL-5-T8,N/A,N Stock Active,GNEP-XL-5-T8,N/A,28,4190 HOSPECO,N/A,Noel Marucut,46.8,1310.40
82894,300062,LARGE BLUE Powder Free  8MIL NITRILE GLOVE 10/50/CS GNEP-LG-5-T8,N/A,N Stock Active,GNEP-LG-5-T8,03/13/2024,20,4190 HOSPECO,09/06/2024,Noel Marucut,52.9,1058.00
122961,300080,Medium BLUE Powder Free NITRILE GLOVE  10/100 CS GNEP-MD-1E,N/A,O Non Stock Inactive,GNEP-MD-1E,03/14/2024,1,4190 HOSPECO,04/09/2024,Noel Marucut,25.01,25.01
118559,300799,799 KRAFT WINDOW BAG TIN TIE 7-1/2X4-1/4X14-5/8 250/CS S/O,N/A,O Non Stock Inactive,300799,N/A,7,BAGCRAFT,N/A,Suyeon Nam,91.3,639.10
118558,301048,301048 MEAL BAG W/ VENTS 250/ TAC LABEL LARGE TOGO,N/A,N Stock Active,301048,N/A,5,BAGCRAFT,N/A,Suyeon Nam,127.25,636.25
104402,301308,MED VERSAFIT GLOVE FED502,N/A,O Non Stock Inactive,FED502,N/A,5,2908 ELARA FOODSERVICE DISPOSABLES,05/13/2024,Matt Miller,23.16,115.80
82906,310523,310523 10X14 NAVY PLACEMATS1M/CS,N/A,N Stock Active,310523,N/A,4,4150 HOFFMASTER GROUP INC,N/A,Suyeon Nam,31.15,124.60
82917,320007,TRUVIA SWEETNER PACKETS 400/CS,N/A,O Non Stock Inactive,TV000000096,N/A,3,7282 B.K. MILLER CO. INC.,N/A,Erin Ventola,16.78,50.34
124258,323240,CL9911C 9X9 1COMP HINGE CONT W/LID 120/CS,N/A,O Non Stock Inactive,4700911,N/A,1,570 ANCHOR PACKAGING INC.,N/A,Karen Groves,37.69,37.69
122058,323700,FDF008BSS23 DINNER FORK 8" LUCA BRUSHED - DZ - STOCK,N/A,N Stock Active,FDF008BSS23,03/25/2024,7,3527 FRONT OF THE HOUSE,N/A,Eleni Davis,41.16,288.12
122062,323704,FDS008BSS23 DINNER SPOON 8" LUCA BRUSHED - DZ - STOCK,N/A,N Stock Active,FDS008BSS23,N/A,8,3527 FRONT OF THE HOUSE,N/A,Eleni Davis,41.16,329.28
122063,323705,FDF004MSS23 DINNER FORK 8" CAMERON MIRRORED - DZ - STOCK,N/A,N Stock Active,FDF004MSS23,N/A,6,3527 FRONT OF THE HOUSE,N/A,Eleni Davis,38.76,232.56
122066,323708,FTS004MSS23 TEASPOON 6" CAMERON MIRRORED - DZ - STOCK,N/A,N Stock Active,FTS004MSS23,N/A,6,3527 FRONT OF THE HOUSE,N/A,Eleni Davis,31.44,188.64
122067,323709,FDS004MSS23 DINNER SPOON 7.25" CAMERON MIRRORED - DZ -,N/A,O Non Stock Inactive,FDS004MSS23,N/A,1,3527 FRONT OF THE HOUSE,N/A,Eleni Davis,38.76,38.76
130470,330059,RPFM-ELE EAR LOOP FACE MASK BLUE     500/CS,N/A,O Non Stock Inactive,RPFM-ELE,N/A,1,AMERCARE ROYAL LLC,N/A,Matt Miller,17.07,17.07
83016,330111,919365 PAPER PILLOW CASE 100CSWHITE TISSUE/POLY  21'X30",N/A,O Non Stock Inactive,919365,N/A,13,6394 TIDI PRODUCTS  LLC,N/A,Suyeon Nam,25.64,333.32
126803,330113,GREEN HEAVY APRON 36X50 8DZ/CS DAV20-36X50 *SPEC O*,N/A,O Non Stock Inactive,DAV20-36X50,N/A,2,4190 HOSPECO,N/A,Noel Marucut,21.24,42.48
122963,330180,MCPE-45B BLUE GOWN 100/CS 45" LONG  L SLEEVE THUMB LOOP,N/A,N Stock Active,MCPE-45B,03/12/2024,43,4190 HOSPECO,N/A,Noel Marucut,28.58,1228.94
83029,330201,MD PWDR FREE SYNTHETIC WITH ALOE SYN GLOVE 400/C4/100,N/A,N Stock Active,304363042,N/A,5,3940 HANDGARDS INC,N/A,Matt Miller,38.71,193.55
83035,330230,DLWH-LG WHT LAB COAT 30/CS30EA/CS,N/A,O Non Stock Inactive,DLWH-LG,N/A,3,4190 HOSPECO,N/A,Noel Marucut,24.01,72.03
83040,330240,DLWH-MD WHITE LAB COAT 30/CS,N/A,O Non Stock Inactive,DLWH-MD,N/A,2,4190 HOSPECO,N/A,Noel Marucut,24.01,48.02
102445,330268,LG POWDER FREE GLOVE VINYL 1M 10/100  304340233,N/A,N Stock Active,304340233,03/27/2024,110,3940 HANDGARDS INC,03/29/2024,Matt Miller,47.83,5261.30
126804,330323,XL WHT PF  NITRILE GLOVE 10/100 3099 WHITE 1M/CS,N/A,O Non Stock Inactive,3099-4,N/A,3,AMERCARE ROYAL LLC,N/A,Matt Miller,87.26,261.78
126805,330499,D1324S5  FRYER FILTER SHEET 100/CS 13-1/2X24  S/O,N/A,O Non Stock Inactive,D1324S5,N/A,1,1800 CELLUCAP MANUFACTURING,N/A,Matt Miller,33.32,33.32
126806,330549,DCWH-2X-BB  2XL COVERALL 25/CS M1012-2X,N/A,O Non Stock Inactive,DCWH-2X-BB,N/A,1,4190 HOSPECO,N/A,Noel Marucut,41.8,41.80
83078,330552,MED 2M CAST POLY GLOVE /C10/200/CS 01846,N/A,O Non Stock Inactive,01846,N/A,2,7665 NATIONAL PAPER & PLASTICS CO.,N/A,Matt Miller,19.9,39.80
126807,330566,DCWH-4X-BB-EWA COVERALL 25/CS M1017-4X  ELASTIC WRIST/ANKLE,N/A,O Non Stock Inactive,DCWH-4X-BB-EWA,N/A,225,4190 HOSPECO,N/A,Noel Marucut,2.17,488.25
109182,330608,LG BLACK 28MIL GLOVE 10DZ/CS NEOPRENE LATEX  FLOCK LINED,N/A,O Non Stock Inactive,GRFB-LG-1SY,N/A,2,4190 HOSPECO,N/A,Noel Marucut,13.5,27.00
89079,330766,M33413L CUT GLOVE LARGE WHITEMILLENNIA - EA -,N/A,N Stock Active,M33413L,05/15/2024,16,7227 MERCER TOOL CORP,03/06/2024,Eleni Davis,5.31,84.96
125016,330797,LG PWDR FREE EXAM VINYL GLOVE 10/100,N/A,O Non Stock Inactive,GVEP-LG-1C,04/29/2024,50,4190 HOSPECO,N/A,Noel Marucut,24.12,1206.00
125017,330799,XL PWDR FREE EXAM VINYL GLOVE 10/100,N/A,O Non Stock Inactive,GVEP-XL-1C,05/01/2024,39,4190 HOSPECO,N/A,Noel Marucut,24.12,940.68
106061,330865,LG  BLUE PF VINYL GLOVES 2M/CS10/200/CS,N/A,O Non Stock Inactive,GVP9-LG-2-BL,N/A,14,4190 HOSPECO,N/A,Noel Marucut,80,1120.00
83109,330881,980881 12X12 PAPER HEAD RES1M CHIROPRACTIC SHEETS,N/A,O Non Stock Inactive,980881,N/A,10,6394 TIDI PRODUCTS  LLC,N/A,Suyeon Nam,16.34,163.40
123681,331515,RCC2 OVERSEAS CAP W/STRIPE 1M PAPER CAP,N/A,O Non Stock Inactive,RCC2,N/A,13,AMERCARE ROYAL LLC,N/A,Matt Miller,42,546.00
119774,331579,XL MICROPOUROUS COVERALL 25/CS  DCWH-XL-BB-HEWA,N/A,O Non Stock Inactive,DCWH-XL-BB-HEWA,N/A,1,4190 HOSPECO,N/A,Noel Marucut,74,74.00
126810,333078,MENS STRING KNIT GLOVE 25DZ/CS 8110/L  NATURAL COLOR,N/A,O Non Stock Inactive,8110/L,N/A,1,4190 HOSPECO,N/A,Noel Marucut,92.5,92.50
126811,339785,3736 EMBASSY FTD HIBALL 8 OZ S/0  36/CS,N/A,O Non Stock Inactive,3736,N/A,2,SUPREME HOTEL & RESTAURANT SUPPLY,N/A,Eleni Davis,81.18,162.36
83159,350034,12X12X1-1/2 WHT PIZZA BOX 100/AUTO PLAIN WHITE,N/A,O Non Stock Inactive,12121AP-261,05/10/2024,1,1270 BOXIT CORPORATION,05/29/2024,Matt Miller,50.6,50.60
83160,350044,10X10X5 WINDOW BOX 150/BLDWHITE INSIDE AND OUT,N/A,O Non Stock Inactive,10105W-126,N/A,5,1270 BOXIT CORPORATION,N/A,Matt Miller,101.35,506.75
83212,350241,TWO JUMBO CUPCAKE INSERT 100/C84JCI-261,N/A,O Non Stock Inactive,84JCI-261,N/A,1,1270 BOXIT CORPORATION,N/A,Matt Miller,17.05,17.05
83249,350319,10X7X2.5 WHT CUPCAKE BOX 100/B1072W-126 WINDOW,N/A,N Stock Active,1072W-126,03/08/2024,13,1270 BOXIT CORPORATION,03/27/2024,Matt Miller,47.3,614.90
102782,350324,15X11.5X2.25 WHT AUTO BOX 100/ 1239,N/A,O Non Stock Inactive,1239,N/A,5,11100 SOUTHERN CHAMPION TRAY CO.,N/A,Matt Miller,49.86,249.30
124556,350335,23033 WHT BAKERY BOX 200/CS 4X4X4 WITH WINDOW,N/A,N Stock Active,23033,N/A,28,11100 SOUTHERN CHAMPION TRAY CO.,N/A,Matt Miller,35.5,994.00
118645,350339,HALF SHT CAKE WHITE LID ONLY 120/CS S/O,N/A,O Non Stock Inactive,BW-1/2SPWLIDONLY,N/A,1,2869 ENJAY CONVERTERS LTD,N/A,Matt Miller,115,115.00
83268,350444,4X4X4 COCOA BAKERY BOX 200/BDL444B-513,N/A,N Stock Active,444B-513,N/A,8,1270 BOXIT CORPORATION,N/A,Matt Miller,29.19,233.52
119879,350813,7X5X3 PINK BAKERY BOX 250,N/A,O Non Stock Inactive,813,N/A,2,11100 SOUTHERN CHAMPION TRAY CO.,N/A,Matt Miller,39.71,79.42
83285,350885,8X4X4 WHT CUPCAKE BOX 100/CS844W-126 WINDOW 2 CUP,N/A,N Stock Active,844W-126,N/A,23,1270 BOXIT CORPORATION,03/27/2024,Matt Miller,43.08,990.84
83286,350886,8X4X4 Black BAKERY BOX 100/CS844B-960 Black GLOSSY LICORICE,N/A,N Stock Active,844B-960,N/A,1,1270 BOXIT CORPORATION,03/27/2024,Matt Miller,37.93,37.93
118726,350902,5.5X4X3 LC BAKERY BOX  250/ 250/BDL WHITE NO-WINDOW S/O,N/A,N Stock Active,900,N/A,7,11100 SOUTHERN CHAMPION TRAY CO.,N/A,Matt Miller,25.76,180.32
118712,350907,4.5X4.5X4.5 WHT BAKERY BOX 200 0908 NON-WINDOW,N/A,N Stock Active,908,N/A,20,11100 SOUTHERN CHAMPION TRAY CO.,N/A,Matt Miller,34.5,690.00
118702,350922,7X7X3 BAKERY BOX 250/CS 0917K KRAFT,N/A,N Stock Active,0917K,05/28/2024,2,11100 SOUTHERN CHAMPION TRAY CO.,N/A,Matt Miller,29.24,58.48
123769,350957,9X9X3 WHT BAKERY BOX 250/BDL WHITE NO WINDOW 0957,N/A,N Stock Active,0957,N/A,5,11100 SOUTHERN CHAMPION TRAY CO.,N/A,Matt Miller,100.85,504.25
119889,350977,10X10X5.5 KRAFT BAKERY BOX 100/CS,N/A,N Stock Active,0977K,05/08/2024,4,11100 SOUTHERN CHAMPION TRAY CO.,N/A,Matt Miller,35.15,140.60
121942,351032,15X11-3/16X2-3/4 DONUT BOX WHT WHITE ONE PIECE 100/CS,N/A,N Stock Active,1032,03/14/2024,2,11100 SOUTHERN CHAMPION TRAY CO.,03/29/2024,Matt Miller,48.01,96.02
83298,351116,1/2 SHEET CAKE PAD 30/CSDOUBLE WALL PAD PAD-819DW,N/A,O Non Stock Inactive,PAD-819DW,N/A,1,11100 SOUTHERN CHAMPION TRAY CO.,N/A,Matt Miller,23.22,23.22
123774,351204,9X9X2-1/2 DONUT BOX WHITE WHITE ONE PIECE 150/CS,N/A,O Non Stock Inactive,1204,03/18/2024,3,11100 SOUTHERN CHAMPION TRAY CO.,04/02/2024,Matt Miller,42.5,127.50
123717,352009,55621 8" KRAFT PIZZA CARTON 200/CS,N/A,O Non Stock Inactive,55621,N/A,2,10650 SABERT CORPORATION,N/A,Karen Groves,73.74,147.48
83317,353000,10X10X5 WINDOW BOX 150/BLD23053 WHITE,N/A,O Non Stock Inactive,23053,N/A,2,11100 SOUTHERN CHAMPION TRAY CO.,N/A,Matt Miller,100.83,201.66
83343,353030,12X12X4 BAKERY BOX 100/BDL1585 CLAYCOAT LC,N/A,N Stock Active,1585,05/28/2024,3,11100 SOUTHERN CHAMPION TRAY CO.,N/A,Matt Miller,44.74,134.22
83346,353033,8X5X3 BAKERY BOX 250/BDL0925 CLAYCOAT,N/A,N Stock Active,0925,N/A,3,11100 SOUTHERN CHAMPION TRAY CO.,N/A,Matt Miller,37.68,113.04
83352,353040,12X12X4 BAKERY BOX 100/BDL0985 CLAYCOAT,N/A,O Non Stock Inactive,0985,03/06/2024,2,11100 SOUTHERN CHAMPION TRAY CO.,03/22/2024,Matt Miller,47.98,95.96
118731,353103,SINGLE CUPCAKE INSERT 200/CS WHITE/KRAFT REVERSABLE 4.5x4.5,N/A,N Stock Active,10003,N/A,20,11100 SOUTHERN CHAMPION TRAY CO.,N/A,Matt Miller,12.75,255.00
126209,358162,24V ACUTATOR 1056622 8.802-181.0 88021810,N/A,O Non Stock Inactive,8.802-181.0,N/A,1,13289 KARCHER NORTH AMERICA,N/A,Patrick Golden,128.82,128.82
83395,370275,4005-35 8" X-DEEP PIE PAN500/CS,N/A,O Non Stock Inactive,4005-35-500,04/03/2024,2,3900 HFA INC.,N/A,Karen Groves,144.57,289.14
102455,370787,4219-45-150WDL 46oz OBLONG W/ DOME LID 150/CS  **SO**,N/A,O Non Stock Inactive,4219-45-150WDL,N/A,1,3900 HFA INC.,N/A,Karen Groves,156.07,156.07
125540,370790,862FL-250 2-1/4# OBLONG W/FULL CURL LID 250/CS,N/A,O Non Stock Inactive,862FL-250,04/18/2024,4,3900 HFA INC.,N/A,Karen Groves,78.6,314.40
83493,374015,4201DL SMALL DOME LID F/4201300/CS,N/A,N Stock Active,4201DL,N/A,2,3900 HFA INC.,N/A,Karen Groves,56.88,113.76
102232,418910,4189104 PUSH BROOM 24" SPARTA YELLOW HANDLE  EA,N/A,N Stock Active,41891EC04,05/11/2024,7,CFS BRANDS  LLC,05/30/2024,Eleni Davis,17.31,121.17
83619,430062,046128 10X10 KRAFT LL BN 1M/CS809-LLN FLAT NATURAL 8/125,N/A,N Stock Active,046128,N/A,9,4150 HOFFMASTER GROUP INC,N/A,Suyeon Nam,60.46,544.14
83624,430105,200100 Black 1/8 FOLD DINNER NAPFASHION POINT 800/CS,N/A,O Non Stock Inactive,200100,N/A,1,4150 HOFFMASTER GROUP INC,N/A,Suyeon Nam,101.58,101.58
83640,430435,8.5X8.5 2PLY 4F KRF DINNER NAPEARTHWISE 1200/CS COMPOSTABLE,N/A,O Non Stock Inactive,180435,N/A,1,4150 HOFFMASTER GROUP INC,N/A,Suyeon Nam,66.4,66.40
83679,430922,16X16 WHT/RED DIN NAP 750/CSDISHTOWEL FASHION PT FLAT,N/A,O Non Stock Inactive,FP1312,03/21/2024,6,4150 HOFFMASTER GROUP INC,N/A,Suyeon Nam,70.91,425.46
83726,440016,40202 BEDSIDE TISSUE 200BX/CS40 SHEETS PER BOX,N/A,O Non Stock Inactive,40202,N/A,2,7665 NATIONAL PAPER & PLASTICS CO.,N/A,Matt Miller,27.98,55.96
83748,440533,0734 4# CHAMPAK CLASSIC 160/CS7-3/4X5-1/2X3-1/2 KRAFT,N/A,O Non Stock Inactive,0734,05/17/2024,2,11100 SOUTHERN CHAMPION TRAY CO.,05/24/2024,Matt Miller,58.76,117.52
83751,440537,12" CATERING TRAY FLARED15X15X3-3/4 SQUARE,N/A,O Non Stock Inactive,1180,N/A,14,11100 SOUTHERN CHAMPION TRAY CO.,N/A,Matt Miller,108.74,1522.36
104655,440539,2760 CORRUGATED BARN BOX 36/CS,N/A,N Stock Active,2760,03/15/2024,2,11100 SOUTHERN CHAMPION TRAY CO.,03/22/2024,Matt Miller,65.24,130.48
118748,440546,3812 SM FAST TOP CHICKEN BOX 7X4.25X2.75 250/CS WHITE,N/A,N Stock Active,3812,05/17/2024,3,11290 SPECIALTY QUALITY PACKAGING,N/A,Matt Miller,50,150.00
83761,443611,3611 TUCK TOP DINNER BOX250/CS 9X5X4.5  WHITE,N/A,O Non Stock Inactive,3611,05/10/2024,1,11290 SPECIALTY QUALITY PACKAGING,N/A,Matt Miller,77.54,77.54
83764,447580,47580 ANGEL SOFT POLYFLEX 54/C54/96/CS FACIAL TISSUE POP UP,N/A,N Stock Active,47580,N/A,6,3735 GEORGIA-PACIFIC CORPORATION,N/A,Suyeon Nam,79.3,475.80
126849,451500,01500 KLEENEX C/F TOWEL 16/150/CS  S/O,N/A,O Non Stock Inactive,01500,N/A,54,5801 KIMBERLY-CLARK INC.,N/A,Suyeon Nam,52,2808.00
83848,451610,26610 SOFPULL TOWEL 400' 6/CSHARDWOUND WHITE CORE 1.75,N/A,O Non Stock Inactive,26610,N/A,2,3735 GEORGIA-PACIFIC CORPORATION,N/A,Suyeon Nam,27.75,55.50
108720,454120,41200 WORKHORSE WIPER 12/76/CS 1/4F X70 SPEC ORDER,N/A,O Non Stock Inactive,41200,N/A,7,5801 KIMBERLY-CLARK INC.,N/A,Suyeon Nam,93.96,657.72
83912,457455,67811 BABY WIPES REFILL 12/80/UNSCENTED,N/A,O Non Stock Inactive,67811,N/A,4,CFS BRANDS  LLC,N/A,Eleni Davis,19.61,78.44
83959,460517,1/2 SEAT COVER GREEN SEAL 5MGREEN-5000  20/250EA,N/A,O Non Stock Inactive,GREEN-5000,04/25/2024,4,4190 HOSPECO,N/A,Noel Marucut,49.8,199.20
126854,481725,220670 54X108 RED GINGHAM 25CS FORMAN#4833,N/A,N Stock Active,220670,04/24/2024,3,4150 HOFFMASTER GROUP INC,05/08/2024,Suyeon Nam,60.12,180.36
130476,490003,5X4.5X15 CLEAR POLY BAGS 1M/ .7MIL,N/A,N Stock Active,7G054515,N/A,2,LK PACKAGING,N/A,Suyeon Nam,15.77,31.54
130477,490139,5.5X4.75X19 1MIL POLY GUSSET 1M/CS LD 10G-055419 S/O,N/A,O Non Stock Inactive,10G-055419,N/A,1,LK PACKAGING,N/A,Suyeon Nam,25.64,25.64
104323,490149,70007 15X20 PULL N PAK BAG 90/,N/A,O Non Stock Inactive,70007,N/A,2,8683 P&R PAPER SUPPLY CO.  INC.,N/A,Karen Groves,51.41,102.82
118602,490166,5X4X24 1.25MIL POLY BAG CLEAR LOW DENSTIY  1M/CS 12G-054024,N/A,N Stock Active,12G-054024,N/A,3,LK PACKAGING,N/A,Suyeon Nam,38.33,114.99
130478,491005,10-1/2X8+1-1/2 ZIPSEAL BAG 1M FD1058SP .0015  SPEC OR,N/A,O Non Stock Inactive,FD1058SP,N/A,2,LK PACKAGING,N/A,Suyeon Nam,36.15,72.30
84170,491819,HOTEL LAUNDRY BAG 1M/CSDRAWSTRING,N/A,O Non Stock Inactive,TPS-HFP06,N/A,11,LK PACKAGING,N/A,Suyeon Nam,90.19,992.09
84190,500000,30X36 Clear .45MIL Canliner 250/CS,N/A,N Stock Active,37MCL,03/12/2024,6,340 ALUF PLASTICS DIVISION,N/A,Suyeon Nam,12.51,75.06
84244,500224,30X36 1.3MIL RED Canliner 250/CSA6036PR  20-30 GAL FLATPACK,N/A,N Stock Active,A6036PR,N/A,9,NOVOLEX HERITAGE BAG LLC,N/A,Suyeon Nam,56.3,506.70
84310,502458,40X48 16MIC RED Canliner 250/CSZ8048VR R01 NO PRINT,N/A,N Stock Active,Z8048VR R01,03/28/2024,8,NOVOLEX HERITAGE BAG LLC,N/A,Suyeon Nam,47.18,377.44
126863,503082,40X48 Red 16Mic Canliner 250/CS Hospital Liners,N/A,O Non Stock Inactive,S404816RH,N/A,59,INTEPLAST GROUP CORPORATION,N/A,Suyeon Nam,30.8,1817.20
110310,510119,DRAIN & ODOR TREATMENT GS 5GAL E45-5  S/O,N/A,O Non Stock Inactive,E45-5,03/06/2024,3,2903 ECOLOGIC SOLUTIONS,N/A,Noel Marucut,76.16,228.48
126866,510141,24" BEIGE POLY THERMAL PAD 5/CS      S/O,N/A,O Non Stock Inactive,42-24,N/A,2,11834 ACS CLEANING PRODUCTS GROUP,N/A,Noel Marucut,21.58,43.16
126868,510201,42-27-5PK  27" BEIGE BUFF PAD 5/CS   S/O,N/A,O Non Stock Inactive,42-27-5PK,05/17/2024,4,11834 ACS CLEANING PRODUCTS GROUP,N/A,Noel Marucut,31.06,124.24
100196,510416,PUSH BROOM PALMYRA 24"   EACHSTIFF BRN FIBERS  00720,N/A,O Non Stock Inactive,00720,04/17/2024,3,NP&PC-ODELL,N/A,Noel Marucut,8.53,25.59
89183,510461,CG8P MOP HANDLE GRAY10/CS POLY METAL CLICK N GO,N/A,O Non Stock Inactive,CG8P,N/A,1,8250 THE O'DELL CORPORATION,N/A,Noel Marucut,14.21,14.21
104536,510546,HP1320 FRYER FILTERS  100/CS,N/A,N Stock Active,HP1320-100,N/A,2,AMERCARE ROYAL LLC,N/A,Matt Miller,36,72.00
100207,510661,00695 FLEXIBLE DUST WAND  EA12EA/CS TOOL ONLY,N/A,O Non Stock Inactive,695,N/A,3,NP&PC-ODELL,N/A,Noel Marucut,6.93,20.79
130214,510683,LHDCVR GREEN DUSTER COVER 12/PK  S/O,N/A,O Non Stock Inactive,LHDCVR,04/30/2024,1,4190 HOSPECO,04/18/2024,Noel Marucut,44.28,44.28
84486,510713,92641182 32OZ SPRAY BOTTLE12/PK,N/A,O Non Stock Inactive,92641182,N/A,2,2830 ECOLAB INC.,N/A,Noel Marucut,8.67,17.34
89207,510780,MYFRESH DISPENSER WHT  EAMYCAB-F-0001006M,N/A,N Stock Active,MYCAB-F-0001006M,N/A,2,3496 FRESH PRODUCTS  LLC,N/A,Noel Marucut,3.99,7.98
121855,510866,SPICED APPLE EASY FRESH 2.0 12/BX 72/CS REFILL  S/O,N/A,O Non Stock Inactive,EFA1B-F-012I072M-01,03/05/2024,3,3496 FRESH PRODUCTS  LLC,03/21/2024,Noel Marucut,34.75,104.25
97400,510881,ICE & SNOW MELT GREEN 50#PREMIUM 49/PLT,N/A,O Non Stock Inactive,MP42940,04/24/2024,43,7386 MELTCO INC.,N/A,Noel Marucut,8.9,382.70
128331,510883,ICE & SNOW MELT GREEN 50# 49/PLT PRO POWERMELT+,N/A,N Stock Active,200250PT,N/A,637,7665 NATIONAL PAPER & PLASTICS CO.,N/A,Noel Marucut,8.15,5191.55
84515,511038,100907873  SOFT CARE IMPACT6/1200ML HAND SANITIZER,N/A,O Non Stock Inactive,100907873,N/A,1,10781 DIVERSEY INC,N/A,Noel Marucut,109.16,109.16
101340,511092,2117-08 NXT GOJO LOTION SOAP 8/1000ML DELUXE,N/A,O Non Stock Inactive,2117-08,03/12/2024,1,GOJO INDUSTRIES INC.,N/A,Noel Marucut,55.87,55.87
101354,511191,1304-03 PURELL FOAM GREEN  3/700ML LTX-7 GREEN C SANITIZER,N/A,N Stock Active,1304-03,N/A,7,GOJO INDUSTRIES INC.,03/08/2024,Noel Marucut,69.06,483.42
84545,511353,6101766 SOLID DETERGENT 4/9#AQUANOMIC 2.0  LAUNDRY,N/A,N Stock Active,6101766,N/A,2,2830 ECOLAB INC.,N/A,Noel Marucut,268.7,537.40
84546,511355,6101756 CLEARLY SOFT PLUS 2/6#AQUANOMIC 2.0  LAUNDRY,N/A,N Stock Active,6101756,N/A,2,2830 ECOLAB INC.,N/A,Noel Marucut,137.06,274.12
126874,511374,5316 MOP HEAD #16 NB  12/CS *SPEC O*,N/A,O Non Stock Inactive,5316,N/A,12,8250 THE O'DELL CORPORATION,N/A,Noel Marucut,1.93,23.16
126875,511487,14" BLUE CLEANING PAD 5/CS BCP14,N/A,N Stock Active,BCP14,N/A,2,11834 ACS CLEANING PRODUCTS GROUP,N/A,Noel Marucut,7.54,15.08
122248,511526,BT50 BLUE HUCK TOWEL 8/50CT,N/A,N Stock Active,BT50,N/A,6,46 MONARCH BRANDS,N/A,Noel Marucut,140,840.00
126876,511541,20" NATURAL LIGHT PAD UHS 5/CS NL20,N/A,N Stock Active,NL20,04/18/2024,22,11834 ACS CLEANING PRODUCTS GROUP,04/23/2024,Noel Marucut,12.71,279.62
100343,511685,CLO30577CT CLOROX WIPES 6/150CT DISINFECTING  GERMICIDAL,N/A,O Non Stock Inactive,CLO30577CT,05/13/2024,40,S.P. RICHARDS COMPANY,04/18/2024,Noel Marucut,53.61,2144.40
100349,511704,32122 CLOROX SPORE DEFENSE 4CS128OZ HEALTHCARE,N/A,O Non Stock Inactive,CLO32122CT,N/A,3,S.P. RICHARDS COMPANY,N/A,Noel Marucut,86.52,259.56
84596,511725,680073 ODOR ELIMINATOR 12/32OZFABRIC & AIR  RTU,N/A,O Non Stock Inactive,680073,03/26/2024,3,SC JOHNSON PROFESSIONAL,N/A,Noel Marucut,80.88,242.64
101409,511820,9118-DSLV FLOOR STAND/DISPNSERPURELL HAND S WIPES,N/A,O Non Stock Inactive,9118-DSLV,N/A,2,GOJO INDUSTRIES INC.,N/A,Noel Marucut,163.79,327.58
84633,511852,323564 TRUSHOT 2.0 STARTER KIT,N/A,N Stock Active,323564,05/15/2024,1,SC JOHNSON PROFESSIONAL,N/A,Noel Marucut,75.9,75.90
122849,511858,6574-02 PURELL HEALTHY SOAP 2/CS CS6 MILD FOAM,N/A,O Non Stock Inactive,6574-02,N/A,4,GOJO INDUSTRIES INC.,N/A,Noel Marucut,36.84,147.36
121861,511908,5215-02 FMX-20 PURELL SOAP 2CS 2000ML HEALTHY FOAM SOAP,N/A,O Non Stock Inactive,5215-02,N/A,17,GOJO INDUSTRIES INC.,N/A,Noel Marucut,40.94,695.98
126878,512165,HG-3 RINSE ADDITIVE 4/1GAL,N/A,N Stock Active,0,N/A,8,11158 SPECTRUM SERVICES,N/A,Noel Marucut,63.12,504.96
84680,513117,6101054 BATHROOM CLNR 66HD2/1.3L ALKALINE FACILIPRO,N/A,N Stock Active,6101054,N/A,9,2830 ECOLAB INC.,N/A,Noel Marucut,42.07,378.63
84710,513291,6101848 TS LAUNDRY DET PLUS2.5GAL DETERGENT,N/A,N Stock Active,6101848,N/A,5,2830 ECOLAB INC.,N/A,Noel Marucut,169.65,848.25
84736,513410,6100265 FACILIPRO FLR STRI2.5GAL HEAVY DUTY,N/A,O Non Stock Inactive,6100265,03/08/2024,2,2830 ECOLAB INC.,03/29/2024,Noel Marucut,64,128.00
84740,513423,6100299 GLASS CLEANER2/1.3L FACILIPRO,N/A,N Stock Active,6100299,N/A,2,2830 ECOLAB INC.,03/29/2024,Noel Marucut,84.79,169.58
84782,513538,6100606 APEX CHLORFREE 4/6.75#MACHINE DETERGENT,N/A,O Non Stock Inactive,6100606,N/A,1,2830 ECOLAB INC.,N/A,Noel Marucut,149.97,149.97
97513,513676,18484 SUPER DESTAINER 15GALBUFFERED BLEACH,N/A,N Stock Active,18484,N/A,4,11174 STARCO CHEMICAL CO,04/10/2024,Noel Marucut,105.3,421.20
125645,513732,6102290 DAILY DISINFECTANT 2/1.3LTR CLEANER,N/A,O Non Stock Inactive,6102290,N/A,18,2830 ECOLAB INC.,05/01/2024,Noel Marucut,76.34,1374.12
102322,513782,1110473  SANISAVE PINK NR 2/.53GAL CLEANER/SANITIZER,N/A,N Stock Active,1110473,N/A,44,5700 KAY CHEMICAL COMPANY,04/04/2024,Noel Marucut,173.98,7655.12
89291,517075,LAP16 16" LAMBSKIN REFILL PAD12/CS,N/A,O Non Stock Inactive,LAP16,N/A,12,8250 THE O'DELL CORPORATION,N/A,Noel Marucut,7.41,88.92
109924,518042,FINISH PAD   12/CS S/O,N/A,O Non Stock Inactive,4972122,N/A,1,8250 THE O'DELL CORPORATION,N/A,Noel Marucut,13.62,13.62
89314,518045,LF328A CHARGING BUCKET5.25GAL BLUE F/MICROFIBER,N/A,O Non Stock Inactive,LF328A,N/A,1,4190 HOSPECO,N/A,Noel Marucut,33.88,33.88
130481,518072,LWGS18 18" FLAT MOP GRN 12/PK MICROFIBER WET MOP S/O,N/A,O Non Stock Inactive,LWGS18,N/A,12,4190 HOSPECO,N/A,Noel Marucut,2.4,28.80
130216,518477,00670 48" MICROFIBER MOP FRAME ALUMINUM 12/CS  S/O,N/A,O Non Stock Inactive,00670,01/29/2024,11,NP&PC-ODELL,03/07/2024,Noel Marucut,18.17,199.87
126890,519853,3M 19" BLACK PAD 7300 5/CS 08277-1 HIGH PROD  S/O,N/A,O Non Stock Inactive,61500014883,N/A,2,11515 3M,N/A,Noel Marucut,53.22,106.44
85017,520100,1"X60YRD ORANGE CP631  36/CSGENERAL PURPOSE TAPE,N/A,N Stock Active,154518,04/18/2024,2,10892 SHURTAPE TECHNOLOGIES  INC.,05/21/2024,Matt Miller,98.28,196.56
104143,527091,1.5"x500' TAPE PAPER LT DTY,N/A,O Non Stock Inactive,K2004,N/A,2,INTERTAPE POLYMER CORP.,N/A,Matt Miller,62,124.00
85037,527099,48MMX55M CP631 YELLOW 24RLS/CSMASKING TAPE,N/A,N Stock Active,194702,N/A,7,10892 SHURTAPE TECHNOLOGIES  INC.,N/A,Matt Miller,111.12,777.84
126894,530148,57893 2ROLL T.T. DISPENSER EA 6 MIN TO ORDER,N/A,O Non Stock Inactive,57893,N/A,6,3735 GEORGIA-PACIFIC CORPORATION,N/A,Suyeon Nam,35,210.00
101436,530167,8520-01 CXI DISPENSER 1/CSTOUCH FREE COUNTER MOUNT,N/A,O Non Stock Inactive,8520-01,N/A,1,GOJO INDUSTRIES INC.,N/A,Noel Marucut,27,27.00
108290,530306,92211098 SPRAY BOTTLE MULTI-PURPOSE & GLASS,N/A,O Non Stock Inactive,92211098,N/A,40,5700 KAY CHEMICAL COMPANY,N/A,Noel Marucut,2.59,103.60
108291,530307,92211609 SPRAY BOTTLE SANISAVE SANITIZER  S/O,N/A,N Stock Active,92211609,N/A,378,5700 KAY CHEMICAL COMPANY,N/A,Noel Marucut,4.14,1564.92
101512,530343,CHESAPEAKE METALLIC/WHT DISP1/CS TOUCHFREE CB6,N/A,O Non Stock Inactive,6632-01-J72MTOR,N/A,78,GOJO INDUSTRIES INC.,N/A,Noel Marucut,10,780.00
119143,530383,8565-04-N6300GN CX GOJO SOAP 4/1500ML GREEN CERT FOAM,N/A,N Stock Active,8565-04-N6300GN,N/A,4,GOJO INDUSTRIES INC.,N/A,Noel Marucut,73.23,292.92
122875,530399,CHESAPEAKE METALLIC/WHT DISP 1/CS TOUCHFREE CB8,N/A,N Stock Active,7632-01-J72MTOR,N/A,54,GOJO INDUSTRIES INC.,N/A,Noel Marucut,12.5,675.00
101235,531040,179D 12" WRAPMASTER DISP,N/A,O Non Stock Inactive,179D,N/A,2,WESTERN PLASTICS,N/A,Karen Groves,24.15,48.30
129127,531180,SSC3 Smartstoock Carousel Base,N/A,O Non Stock Inactive,SSC3,N/A,2,3735 GEORGIA-PACIFIC CORPORATION,N/A,Karen Groves,25.25,50.50
89502,534104,WASTE CONTAINER 44 GAL YELLOW44 GAL BRONCO ROUND - EA,N/A,O Non Stock Inactive,34104404,N/A,4,CFS BRANDS  LLC,N/A,Eleni Davis,27.58,110.32
89505,534114,WASTE CONTAINER 44 GAL  BLUE44 GAL BRONCO ROUND - EA,N/A,O Non Stock Inactive,34104414,N/A,2,CFS BRANDS  LLC,N/A,Eleni Davis,22.99,45.98
110495,543139,D1222660 SPRAY BOTTLES 12/32OZ ALPHA HP,N/A,N Stock Active,D1222660,N/A,9,10781 DIVERSEY INC,N/A,Noel Marucut,23.02,207.18
110497,543141,D95007826 SPRAY BOTTLES 12/32O PAN CLEAN,N/A,O Non Stock Inactive,D95007826,N/A,1,10781 DIVERSEY INC,N/A,Noel Marucut,24.32,24.32
85146,544271,904271 STENCH/STAIN DIGESTER6/32OZ  F/URINE VOMMIT,N/A,O Non Stock Inactive,904271,N/A,1,10781 DIVERSEY INC,N/A,Noel Marucut,103.2,103.20
85163,544415,4995480 SHINE UP RTU 12/32OZLIQUID LEMON POLISH,N/A,O Non Stock Inactive,4995480,N/A,1,10781 DIVERSEY INC,N/A,Noel Marucut,49,49.00
119114,544511,100905391 CLAX MAGIC PROTEIN 6/32OZ LAUNDRY,N/A,O Non Stock Inactive,100905391,N/A,1,10781 DIVERSEY INC,N/A,Noel Marucut,98.69,98.69
122631,544512,100905392 CLAX MAGIC WHITE 6/32OZ SPOTTER LAUNDRY,N/A,O Non Stock Inactive,100905392,N/A,1,10781 DIVERSEY INC,N/A,Noel Marucut,80.06,80.06
85170,544575,95325322 CREW FOAM/ACID CLNR12/32OZ,N/A,O Non Stock Inactive,95325322,N/A,1,10781 DIVERSEY INC,N/A,Noel Marucut,41.84,41.84
125655,544810,904809 GOOD SENSE FRESH SCENT 12EA/CS,N/A,O Non Stock Inactive,904809,N/A,4,10781 DIVERSEY INC,N/A,Noel Marucut,80.8,323.20
85199,545003,100835210 SPEEDBALL 2/2.5LTRJ-FILL HD SPRAY CLEANER,N/A,O Non Stock Inactive,100835210,04/09/2024,1,10781 DIVERSEY INC,05/20/2024,Noel Marucut,89.56,89.56
85201,545009,100907902 FOAM HANDWASH 6/1.2LSOFT CARE FRANGRANCE FREE,N/A,N Stock Active,100907902,05/16/2024,15,10781 DIVERSEY INC,N/A,Noel Marucut,99.15,1487.25
103656,545065,5104950 SIGNATURE FINISH 5GALUL HI SPEED FINISH,N/A,O Non Stock Inactive,5104950,03/20/2024,1,10781 DIVERSEY INC,04/30/2024,Noel Marucut,113.98,113.98
124343,545552,58000A DIXIE ULTRA NAPKIN DISP 1/CS BLACK/S.S SMARTSTOCK,N/A,O Non Stock Inactive,58000A,N/A,3,3735 GEORGIA-PACIFIC CORPORATION,N/A,Suyeon Nam,350,1050.00
100179,550250,DF255 35HR DINE-AGLOW LIQUIDSTOCK 36/CS 5-13/16"X1-3/8",N/A,N Stock Active,DF255,N/A,17,NP&PC-DINE-A-GLOW,N/A,Eleni Davis,28.21,479.57
89622,550262,F411 FANCYLIGHT 5HR TEALITECLEAR PLASTIC CUP 500/CS STOCK,N/A,N Stock Active,F411,03/04/2024,2,3134 FANCY HEAT CORPORATION,03/06/2024,Eleni Davis,73.1,146.20
89630,550816,1867505 "CAUTION" FLOOR SIGN6EA/CS EXECUTIVE,N/A,O Non Stock Inactive,1867505,05/07/2024,2,NEWELL BRANDS DISTRIBUTION LLC,05/15/2024,Noel Marucut,14.65,29.30
89634,551130,40112 5HR FROST PETITE LITES 48/CS CANDLES,N/A,O Non Stock Inactive,40112,N/A,1,1632 STERNO PRODUCTS LLC,N/A,Eleni Davis,26.27,26.27
89644,551945,JC1945L23 JANITOR CART 3 SHELFGRAY - EA - STOCK,N/A,N Stock Active,JC1945L23,N/A,7,CFS BRANDS  LLC,N/A,Eleni Davis,145.22,1016.54
89646,551993,1993 CLOSET ORGANIZER GRAY EA4EA/CS 34",N/A,O Non Stock Inactive,FG199300GRAY,N/A,1,NEWELL BRANDS DISTRIBUTION LLC,N/A,Noel Marucut,53.26,53.26
126910,554403,4403 BLK PLATFORM TRUCK 24X36 HVY DUTY S/O,N/A,O Non Stock Inactive,FG440300BLA,N/A,1,NEWELL BRANDS DISTRIBUTION LLC,N/A,Noel Marucut,508.4,508.40
89810,55611477,6114-77 CAUTION WET FLR SIGN6/CS 4-SIDED,N/A,O Non Stock Inactive,FG611477YEL,04/25/2024,5,NEWELL BRANDS DISTRIBUTION LLC,04/30/2024,Noel Marucut,38.61,193.05
129144,556361,6361 60" THREADED HANDLE WOOD 12EA/CS 1 15/16"  S/O,N/A,O Non Stock Inactive,FG636100LAC,03/07/2024,24,NEWELL BRANDS DISTRIBUTION LLC,03/12/2024,Noel Marucut,2.76,66.24
118445,556942U,CHARIOT 3 ISCRUB 26 10061510 AGM BATTERIES 1.006-151.0 USED,N/A,O Non Stock Inactive,1.006-151.0,N/A,1,13289 KARCHER NORTH AMERICA,N/A,Patrick Golden,N/A,0.00
89862,559321,9321 WHT INGREDIENT BIN 21GALLON,N/A,O Non Stock Inactive,9321,N/A,4,2170 AMERICAN PLASTICS,N/A,Noel Marucut,125.44,501.76
89870,559B57,9B57 TILE & GROUT BRUSH 12/CSBRASS BRISTLE,N/A,O Non Stock Inactive,FG9B57000000,N/A,10,NEWELL BRANDS DISTRIBUTION LLC,N/A,Noel Marucut,3.07,30.70
89939,55L253,L253 DUSTMOP DISPOSABLE 5X2412CS COTTON PRETREATED CUT-END,N/A,O Non Stock Inactive,FGL25300WH00,05/15/2024,3,NEWELL BRANDS DISTRIBUTION LLC,03/29/2024,Noel Marucut,6.25,18.75
129298,55Q460,Q460 60" MICROFIBER DUST MOP 6/CS GREEN W/FRINGE S/O,N/A,O Non Stock Inactive,FGQ46000GR00,05/09/2024,5,NEWELL BRANDS DISTRIBUTION LLC,05/09/2024,Noel Marucut,35.22,176.10
85243,55Q610,Q610 MICROFIBER CLOTH 12/CSYELLOW BATHROOM,N/A,O Non Stock Inactive,FGQ61000YL00,N/A,1,NEWELL BRANDS DISTRIBUTION LLC,N/A,Noel Marucut,40.2,40.20
89988,560001R,RENTAL TP18WD WET/DRY VACTP20WD,N/A,O Non Stock Inactive,TP18/20WD,N/A,4,NILFISK INC,N/A,Patrick Golden,357,1428.00
89992,560004D,DEMO WOLF130 CARPET SPOTTER,N/A,O Non Stock Inactive,0,N/A,1,NILFISK INC,N/A,Patrick Golden,291.95,291.95
117465,560036,3139BX-EH GALAXY 12  EA BOX EXTRACTOR 12GAL  S/O,N/A,O Non Stock Inactive,3139BX-EH,N/A,1,2803 EDIC,N/A,Noel Marucut,1660,1660.00
97624,560102,14555 LIQUID CHISEL MAX 55GALULTRA STRENGTH DEGREASER,N/A,N Stock Active,1455500,N/A,6,1065 BETCO CORPORATION,N/A,Noel Marucut,380.29,2281.74
90004,560507,1.106-160.0 DUAL MISTER   EAHD 2.0/1000,N/A,O Non Stock Inactive,1.106-160.0,N/A,1,13289 KARCHER NORTH AMERICA,N/A,Noel Marucut,1140,1140.00
90007,560540,524093 FLEXSPRAY HANDHELD  EA0,N/A,O Non Stock Inactive,524093,N/A,1,NILFISK INC,N/A,Noel Marucut,399,399.00
90012,560658R,106577 SUPER QUARTER VAC*RENTAL/DEMO* SCM-1282,N/A,N Stock Active,106577,N/A,1,9084 PROTEAM INC.,N/A,Patrick Golden,285.67,285.67
124661,560750,SENSOR BP CORDLESS VACUUM EA 9.877-937.0,N/A,O Non Stock Inactive,9.877-937.0,N/A,1,13289 KARCHER NORTH AMERICA,N/A,Noel Marucut,413.4,413.40
130482,561135,13347 PUSH DIGESTER/SPOTTER 4/2LTR FASTDRAW,N/A,N Stock Active,1334700,04/30/2024,39,1065 BETCO CORPORATION,04/02/2024,Noel Marucut,78.12,3046.68
90028,567001D,MOSQUITO 90 DEG LIB BACKPACKDEMO 1011011-G-9SF,N/A,O Non Stock Inactive,0,N/A,1,7345 MOSQUITO,N/A,Patrick Golden,N/A,0.00
127323,567004U,9.840-913.0 IVACUUM 24 130 A/H USED,N/A,O Non Stock Inactive,9.840-913.0,N/A,1,13289 KARCHER NORTH AMERICA,N/A,Patrick Golden,N/A,0.00
90032,567016R,70-4001 RAVEN HEPA 6 QT*DEMO/RENTAL*,N/A,N Stock Active,0,N/A,1,10666 SANDIA PRODUCTS,N/A,Patrick Golden,N/A,0.00
123259,567025D,10-1011 SUPER HEPA 10QT DEMO,N/A,O Non Stock Inactive,10-1011,03/14/2024,1,7345 MOSQUITO,N/A,Patrick Golden,N/A,0.00
90039,567053D,DEMO SRXP18 VACUUM,N/A,O Non Stock Inactive,SRXP18,N/A,1,13289 KARCHER NORTH AMERICA,N/A,Patrick Golden,473.33,473.33
118443,567075U,ATV IVAC AGMS 10125770000732,N/A,O Non Stock Inactive,0,N/A,1,13289 KARCHER NORTH AMERICA,N/A,Patrick Golden,N/A,0.00
118444,567078U,ISCRUB AGMS 10061330001231 0,N/A,O Non Stock Inactive,0,N/A,1,13289 KARCHER NORTH AMERICA,N/A,Patrick Golden,N/A,0.00
90043,567091D,BR40/10 16" SCRUBBER1.783-312.0,N/A,O Non Stock Inactive,1.783-312.0,N/A,1,13289 KARCHER NORTH AMERICA,N/A,Patrick Golden,2105.53,2105.53
90045,567115D,1.013-024.0 SG2 BP GUM REMOVER*DEMO/RENTAL*,N/A,N Stock Active,10130240,N/A,1,13289 KARCHER NORTH AMERICA,N/A,Patrick Golden,2700,2700.00
110070,567117D,1.100-228.0 SPOTTER EXTRACTOR PUZZI 8/1C 1.100-223.0,N/A,O Non Stock Inactive,1.100-228.0,N/A,1,13289 KARCHER NORTH AMERICA,N/A,Patrick Golden,434,434.00
90049,567123,2.763-020.0 R45 CYLINDRICALHEAD ONLY,N/A,O Non Stock Inactive,2.763-020.0,N/A,1,13289 KARCHER NORTH AMERICA,N/A,Patrick Golden,738.4,738.40
90061,567151D,9.841-236.0 TAZ BDS 43/DUO C,N/A,O Non Stock Inactive,9.841-236.0,N/A,1,13289 KARCHER NORTH AMERICA,N/A,Patrick Golden,2781,2781.00
123582,567345U,PF55 20 GAL. WET/DRY VAC USED,N/A,O Non Stock Inactive,PF55,N/A,1,TACONY CORPORATION,N/A,Noel Marucut,N/A,0.00
90066,567356R,PS35 SPOTTER W/15'CORD/NO WANDW/TOOL/HOSE SN 0212Z104393,N/A,O Non Stock Inactive,PS35,N/A,1,TACONY CORPORATION,N/A,Patrick Golden,418,418.00
117816,567358D,F352 SAHARA HD DRYER DEMO,N/A,O Non Stock Inactive,F352,N/A,1,2753 DRI-EAZ,N/A,Patrick Golden,334,334.00
123258,567374,M3M MOTORSCRUBBER STARTER KIT MEDIUM HANDLE,N/A,O Non Stock Inactive,M3M,N/A,1,7333 MOTOR SCRUBBER USA,N/A,Noel Marucut,449.4,449.40
90071,567506D,#93016 PAC-VAC 6 ROAM DEMONO BATTERY BACKPACK DEMO,N/A,N Stock Active,93016,N/A,1,TACONY CORPORATION,N/A,Patrick Golden,402,402.00
90073,567507D,TORNADO CK LW 13/1 ROAMUPRIGHT VACUUM 97300,N/A,O Non Stock Inactive,CK LW 13/1 ROAM,N/A,1,TACONY CORPORATION,N/A,Patrick Golden,387.72,387.72
117451,569038D,E84700-00 MOTOMOP F/DEMO   EA CLEANING MACHINE  S/O,N/A,N Stock Active,E84700-00,N/A,1,1065 BETCO CORPORATION,N/A,Noel Marucut,1079.4,1079.40
130217,570141,IFC1L INSTANT FOAM SANITIZER 6/1L ALCOHOL F/MANUAL DISP S/O,N/A,O Non Stock Inactive,IFC1L,04/16/2024,1,SC JOHNSON PROFESSIONAL,05/20/2024,Noel Marucut,68.22,68.22
110493,573438,3364707 CREW RESTROOM/SURFACE 2/1.5LTR RTD N/A DISINFCT S/O,N/A,O Non Stock Inactive,3364707,N/A,3,10781 DIVERSEY INC,N/A,Noel Marucut,34.34,103.02
125674,573443,93515034 PRE-SPRAY PLUS RTD 2/1.5LTR,N/A,O Non Stock Inactive,93515034,N/A,2,10781 DIVERSEY INC,N/A,Noel Marucut,65.61,131.22
103663,593032,5640023 SUMA DRAIN MAINTAINER5GAL,N/A,N Stock Active,5640023,04/22/2024,2,10781 DIVERSEY INC,04/18/2024,Noel Marucut,147.26,294.52
108246,593033,FOAM DRAIN CLEANER RTD 2/1.5L SUMA ELIMINEX,N/A,O Non Stock Inactive,94266308,03/15/2024,2,10781 DIVERSEY INC,04/03/2024,Noel Marucut,69.79,139.58
108247,593034,4485501 SUMA DRAIN MAINTAINER 4/1GAL GTS1,N/A,O Non Stock Inactive,4485501,N/A,12,10781 DIVERSEY INC,N/A,Noel Marucut,101.91,1222.92
115898,593060,57268100 SUMA RINSE AID 5GAL,N/A,O Non Stock Inactive,57268100,05/21/2024,3,10781 DIVERSEY INC,05/22/2024,Noel Marucut,153.4,460.20
108249,593202,95325533 SUMA DILAC DESCALER 12/32OZ,N/A,N Stock Active,95325533,05/16/2024,2,10781 DIVERSEY INC,N/A,Noel Marucut,29.5,59.00
130483,610143,18"X1500' 90GA STRETCH 4/CS HAND WRAP  S/O,N/A,O Non Stock Inactive,HBH181590,N/A,31,SIGMA STRETCH FILM,N/A,Matt Miller,53.68,1664.08
130719,610154,18X1500' 80GA BLK STRETCH HAND FILM 4/cs,N/A,O Non Stock Inactive,FSTSF188B,02/29/2024,2,BOX PARTNERS  LLC,03/20/2024,Matt Miller,87.45,174.90
125950,611167,30"X8000' 55GA STRETCH FIL 1RL/CS 20/SKD MACHINE FLM,N/A,O Non Stock Inactive,MIT308055,N/A,20,SIGMA STRETCH FILM,N/A,Matt Miller,1510,30200.00
103716,620028,7401 11.75X8.5 15# GTB 3500/CSSPQ160991,N/A,O Non Stock Inactive,7401,N/A,3,11541 TST IMPRESO,N/A,Erin Ventola,49.19,147.57
90114,621115,8X8X8 32ECT WHITE BOX 25/BDL200# TEST  PLAIN  S/0,N/A,O Non Stock Inactive,BS080808W,N/A,50,BOX PARTNERS  LLC,N/A,Matt Miller,0.58,29.00
109831,621221,12X12X16 KRAFT ECT32 25/BDL *SPEC O*,N/A,O Non Stock Inactive,BS121216,N/A,100,BOX PARTNERS  LLC,N/A,Matt Miller,0.79,79.00
90132,621622,16X10X10 ECT32 CARTON 25/BDLRSC KRAFT,N/A,O Non Stock Inactive,BS161010,N/A,25,BOX PARTNERS  LLC,N/A,Matt Miller,0.61,15.25
90133,621624,40X8X8 ECT32 KRAFT 25/BDL0,N/A,O Non Stock Inactive,BS400808,N/A,22,BOX PARTNERS  LLC,N/A,Matt Miller,1.06,23.32
85385,621816,18.5X12.5X8 RSC CARTON 25KRAFT 32ECT **,N/A,O Non Stock Inactive,18128R,04/11/2024,4,BOX PARTNERS  LLC,04/25/2024,Matt Miller,34.5,138.00
126921,622575,22X15X10 WAXED COR BOX 250/PLT WITH HANDLE           BOTTOM,N/A,O Non Stock Inactive,8575,N/A,6,4541 DS SMITH CAMBRIDGE,N/A,Erin Ventola,513,3078.00
126922,622765,8" WAXED CORR BOX 380/PLT WITH HANDLE BOTTOM S/O,N/A,N Stock Active,16765,N/A,1,4541 DS SMITH CAMBRIDGE,N/A,Erin Ventola,357.96,357.96
126923,623019,22X15X6 WAXED CORR BOX 500/PLT DNR  W/HNDL 44ECT C-FLUTE 33#,N/A,O Non Stock Inactive,6" S/L BODY,N/A,2,HOOD CONTAINER CORPORATION,N/A,Erin Ventola,624,1248.00
90144,623183,G37/6 LABEL GUNLABELS SEPARATE,N/A,O Non Stock Inactive,G37/6,N/A,2,3670 GARVEY  PRODUCTS,N/A,Erin Ventola,95,190.00
109835,625014,18X14X4 ECT32 KRAFT 25/BDL CARTON S/O,N/A,O Non Stock Inactive,BS181404,N/A,8,BOX PARTNERS  LLC,N/A,Matt Miller,0.69,5.52
109014,625063,10X6X6 ECT32 KRFT CARTON 25/BD S/O,N/A,N Stock Active,BS100606,N/A,120,BOX PARTNERS  LLC,N/A,Matt Miller,0.46,55.20
85395,625126,10X8X6 ECT32 KRAFT RSC25/BDL,N/A,N Stock Active,F92987,N/A,5,BOX PARTNERS  LLC,N/A,Matt Miller,12.9,64.50
85398,625142,36X24X6 32ECT CORR BOX 15/BDLBS362406,N/A,O Non Stock Inactive,BS362406,N/A,27,BOX PARTNERS  LLC,N/A,Matt Miller,42.71,1153.17
125614,626024,12X10X4 ECT32 KRAFT 25/BDL FILE#17806,N/A,O Non Stock Inactive,BS121004,N/A,3,BOX PARTNERS  LLC,N/A,Matt Miller,9.46,28.38
125617,626082,9X9X4 32ECT CARTON 25/BDL KRAFT RSC,N/A,O Non Stock Inactive,BS090904,N/A,12,BOX PARTNERS  LLC,N/A,Matt Miller,13.97,167.64
125620,626098,12X9X6 32ECT RSC CARTON 25/BDL ER,N/A,O Non Stock Inactive,BS120906,04/12/2024,2,BOX PARTNERS  LLC,05/03/2024,Matt Miller,16.24,32.48
125622,626151,18X12X8 ECT32 KRAFT CORRUGATED 25/BDL,N/A,O Non Stock Inactive,BS181208,04/12/2024,2,BOX PARTNERS  LLC,04/12/2024,Matt Miller,28.14,56.28
85416,630359,#7 JIFFY PADDED BAG PK7 50/CSENVB811SS    S/0,N/A,O Non Stock Inactive,ENVB811SS,N/A,2,BOX PARTNERS  LLC,N/A,Matt Miller,45.48,90.96
126924,657001,WL7401 DOMINION TEASPOON M/W 36/BX,N/A,O Non Stock Inactive,WL7401,N/A,1,11234 STEELITE USA,N/A,Eleni Davis,3.84,3.84
130359,720048,***29X24X17 275C KRFT SW RSCPL 100/SKD 10/BDL  144-0095-002,N/A,O Non Stock Inactive,20193,N/A,37,2221 CORRUGATED CONTAINER CORP.,N/A,Matt Miller,5.65,209.05
119883,720362,PALLET CONES 8X8X10 50/BDL TRI-LINGUAL YEL/BLK S/O,N/A,O Non Stock Inactive,PALLET CONES YB,N/A,1,BOX PARTNERS  LLC,N/A,Matt Miller,60.81,60.81
90280,720885,67320 FLAT COVER FOR SAUCE PAN**,N/A,O Non Stock Inactive,67320,N/A,8,12700 THE VOLLRATH COMPANY  L.L.C.,N/A,Eleni Davis,21.69,173.52
85471,720922,10.5X9-5/8X.75 FOAM BLOCKEPS 1.0# NOMINAL 250/CS,N/A,O Non Stock Inactive,0,N/A,1,8290 ORLANDO PRODUCTS INC.,N/A,Noel Marucut,190.24,190.24
125003,721058,144-0065-001 13-3/8X5.25X2 .20 PSP SURGE CLAM 200/CS,N/A,N Stock Active,144-0065-001,N/A,68,579 ANDEX INDUSTRIES,N/A,Matt Miller,143.44,9753.92
90305,730021,B96 CHOC MOLD HALF SPHERERD,N/A,O Non Stock Inactive,B96,N/A,2,2137 CHOCOLAT-CHOCOLAT INC,N/A,Noel Webster,20.35,40.70
90311,730099,BAM-2 BAIN MARIE POT 2 quartS.S. - EA -,N/A,O Non Stock Inactive,BAM-2,N/A,4,FOODWARE LLC,N/A,Eleni Davis,3.96,15.84
97784,730410,CST-1 COOKIE/DOUGH CUTTER11-PIECE SET,N/A,O Non Stock Inactive,CST-1,N/A,2,FOODWARE LLC,N/A,Eleni Davis,11.62,23.24
109481,730491,CO-301 BOTTLE CAP OPENER 7" SS FLAT HAND HELD - EA - S/O,N/A,O Non Stock Inactive,CO-301,04/08/2024,20,FOODWARE LLC,04/22/2024,Eleni Davis,1.45,29.00
90347,730492,43002-01-11 INFRARED GUNGUN STYLE THERMOMETER,N/A,O Non Stock Inactive,43002-01-11,N/A,7,2834 ECOLAB FOOD SAFETY SPECIALTIE,N/A,Erin Ventola,76.08,532.56
125207,730493,1216CT110 SERVING TRAY 12X NON SKID BLACK 12/CS -,N/A,O Non Stock Inactive,1216CT110,N/A,19,1610 CAMBRO MANUFACTURING COMPANY,N/A,Eleni Davis,115.32,2191.08
90399,730933,C66903 3 GAL INFUSION JARRD,N/A,O Non Stock Inactive,C66903,N/A,13,2141 CLASSIC HOSTESS,N/A,Noel Webster,31.99,415.87
90407,731028,59439 GLASS JAR 2 GAL MONTANAWITH ALUM LID - EA -,N/A,O Non Stock Inactive,59439,N/A,5,4261 HUBERT COMPANY,N/A,Eleni Davis,32.89,164.45
97787,731032,22803 PRODUCE CRATES SET OF 4WITH BLACKBOARD -,N/A,O Non Stock Inactive,22803,N/A,1,4261 HUBERT COMPANY,N/A,Eleni Davis,83.01,83.01
90422,731082,20028 WIRE GRATE FULL SIZE FORSUPER PAN V - EA -,N/A,O Non Stock Inactive,20028,05/11/2024,3,12700 THE VOLLRATH COMPANY  L.L.C.,N/A,Eleni Davis,18.18,54.54
117462,755885U1,IPC CT70 USED,N/A,O Non Stock Inactive,CT70,N/A,1,2800 IPC EAGLE,N/A,Noel Marucut,N/A,0.00
117531,755886U,TENNANT B7 BURNISHER USED,N/A,O Non Stock Inactive,B7,N/A,1,11649 TENNANT,N/A,Noel Marucut,N/A,0.00
85539,800591,C9T5 5oz JANE DOUGH CONT 500/C,N/A,O Non Stock Inactive,C9T5,N/A,28,12698 VISSTUN,N/A,Erin Ventola,41.92,1173.76
85540,800592,CGT5 Clear FLAT LID F/5oz CONT1M/CS,N/A,O Non Stock Inactive,CGT5,N/A,6,12698 VISSTUN,N/A,Erin Ventola,44.2,265.20
121718,800935,10X10 PRIME RIB BEV 2PLY 4M/C WHITE BEV NAP S/O,N/A,O Non Stock Inactive,NC05284,N/A,1,4150 HOFFMASTER GROUP INC,N/A,Suyeon Nam,77.74,77.74
116746,801014,1014A-10A UNDERMOUNT SINK 1 COMPARTMENT 10X14X10DEEP,N/A,O Non Stock Inactive,1014A-10A,N/A,1,196 ADVANCE TABCO,N/A,Christine Nelson,240.8,240.80
122792,801018,18ST STAINLESS STEEL STEMS FOR 100A BASES  18"H-1.5",N/A,O Non Stock Inactive,18ST,05/23/2023,3,3434 FRANKFORD UMBRELLAS,N/A,Christine Nelson,160,480.00
125631,801048,16X16X16 ECT32 KRAFT 25/BDL RSC CARTON,N/A,O Non Stock Inactive,BS161616,03/14/2024,3,BOX PARTNERS  LLC,03/25/2024,Matt Miller,44.57,133.71
117664,801244,BC24-BG BOTTLE COOLER 24X24 W/BTTL OPNR & BC-130 CSTRS S/O,N/A,O Non Stock Inactive,BC24-BG,N/A,1,5883 KROWNE METAL CORP.,N/A,Noel Webster,1943.19,1943.19
121937,801677,PARLOUR VICTORIA ROUND COASTER 2500  4",N/A,O Non Stock Inactive,PARLOUR VICTORIA,03/05/2024,3,SONOCO PRODUCTS COMPANY,N/A,Noel Marucut,345.27,1035.81
100929,8019901,B-0199-01 AERATOR FOR FAUCET,N/A,N Stock Active,B-0199-02,N/A,3,11530 T&S BRASS AND BRONZE WORKS INC,N/A,Christine Nelson,5.88,17.64
85697,802102,610-A 10X10 FEDERAL RESERVE3M/CS 2PLY BEV NAP 33682900,N/A,O Non Stock Inactive,33682900,N/A,1,4150 HOFFMASTER GROUP INC,N/A,Suyeon Nam,67.53,67.53
130562,802310,B-0231-CC MIXING 12" SWING S/O WALL MT 8"CENTERS,N/A,N Stock Active,B-0231-CC,N/A,1,11530 T&S BRASS AND BRONZE WORKS INC,N/A,Noel Webster,119.7,119.70
128855,802321,B-0232-CC FAUCET 6" SWING 8"OC WALL MOUNT  S/ORD,N/A,O Non Stock Inactive,B-0232-CC,N/A,1,11530 T&S BRASS AND BRONZE WORKS INC,N/A,Christine Nelson,137.26,137.26
128857,802508,10X10 CENTER CLUB BEV NAP 3M 2PLY COIN EMBOSS 3M,N/A,N Stock Active,210X104WHBDC13.0M,N/A,20,FLAMINGO PAPER & FOOD SERVICE,N/A,Suyeon Nam,65.09,1301.80
85725,802619,DFR-16oz COMPASS FOOD CONT500/CS,N/A,O Non Stock Inactive,DFR-16 COMPASS,N/A,1,3190 GRAPHIC PACKAGING INT'L LLC,N/A,Karen Groves,40.48,40.48
126952,803340,10X10 PNC DIAMOND CLUB 4M/CS BEV NAP NC02566,N/A,N Stock Active,NC02566,04/22/2024,9,4150 HOFFMASTER GROUP INC,N/A,Suyeon Nam,105.26,947.34
119586,803348,CHC209850 20OZ IHEART PET CUP **SO**,N/A,O Non Stock Inactive,7222262,N/A,1,6269 LANCA SALES  INC.,N/A,Karen Groves,92,92.00
127567,803453,FRYER SPLASH SHIELD FOR PFR40G-CB FRYER S/ORD,N/A,O Non Stock Inactive,SPLASH,N/A,2,VENANCIO USA,N/A,Christine Nelson,31,62.00
85847,804251,NC10 RAVENS LIQUOR CUP 1M/,N/A,O Non Stock Inactive,NC10,N/A,6,3120 FABRI KAL CORP.,N/A,Karen Groves,65,390.00
129811,805210,E052104-3 WALKIN FREEZER/FREZR S/ORD,N/A,O Non Stock Inactive,E052104-3,03/15/2024,1,EVERIDGE  INC.,04/02/2024,Christine Nelson,26901.2,26901.20
129812,805211,E052104-3 REFRIG SYSTEMS FRZRS S/ORD 2 COMP 2 EVAP,N/A,O Non Stock Inactive,E052104-3 REFRIG,03/15/2024,1,EVERIDGE  INC.,04/02/2024,Christine Nelson,10914,10914.00
109267,80665,B-0665-BSTR SERVICE FAUCET PROJECT INVENTORY,N/A,N Stock Active,B-0665-BSTR,N/A,8,11530 T&S BRASS AND BRONZE WORKS INC,N/A,Christine Nelson,115.6,924.80
106562,806658,B-0665-BSTR-963 SERVICE FAUCET W/B-0963 VACUUM,N/A,O Non Stock Inactive,B-0665-BSTR-963,N/A,1,11530 T&S BRASS AND BRONZE WORKS INC,N/A,Christine Nelson,381.44,381.44
129814,809209,PBHS-W-0909-KV2MB-SS HAND SINK W/KNEE PEDALS & FAUCET S/ORD,N/A,O Non Stock Inactive,PBHS-W-0909-KV2MB-SS,03/14/2024,1,5078 JOHN BOOS & COMPANY,04/02/2024,Christine Nelson,453.15,453.15
109725,810048,16100KIT2S48 GAS CONNECT KIT 1" DBLE SWIVEL   S/ORD,N/A,N Stock Active,16100KIT2S48,N/A,2,2718 DORMONT MANUFACTURING COMPANY,N/A,Christine Nelson,291.49,582.98
109734,81011,FT-2424-FG FLOOR TROUGH 24X24 S/ORD,N/A,N Stock Active,FT-2424-FG,N/A,1,2801 METAL MASTERS FOOD SERVICE,N/A,Christine Nelson,1184.75,1184.75
124041,810160,PGT60G-CT GRIDDLE 60" NG COUNTERTOP,N/A,O Non Stock Inactive,PGT60G-CT,N/A,1,VENANCIO USA,N/A,Christine Nelson,1979.67,1979.67
128860,810170,B-0170 SPRAY UNIT 5'HOSE SINGLE VALVE  WALL MNT,N/A,O Non Stock Inactive,B-0170,N/A,1,11530 T&S BRASS AND BRONZE WORKS INC,N/A,Christine Nelson,222.76,222.76
99894,8102384,810-2384 CHICKEN BASKET0,N/A,N Stock Active,8102384,N/A,2,3513 FRYMASTER/DEAN,N/A,Noel Webster,211.19,422.38
85910,811001,AG EXPRESS 1#FOOD TRAY 1M/C7251 KRAFT PAPER BOAT/TRAY,N/A,O Non Stock Inactive,7251,N/A,1,11290 SPECIALTY QUALITY PACKAGING,N/A,Erin Ventola,18.71,18.71
85912,811004,AG EXPRESS 10X10 TRAY PAPERKRAFT PRINTED 477694 6M/CS,N/A,N Stock Active,477694,N/A,31,BAGCRAFT,N/A,Erin Ventola,60.9,1887.90
85913,811005,AG EXPRESS 12x13.5 I-RAPKRAFT PAPER PRINTED      2M/CS,N/A,O Non Stock Inactive,477695,N/A,202,BAGCRAFT,N/A,Erin Ventola,82.4,16644.80
85914,811006,AG EXPRESS 6X3X14 BROWN BAG30#GREASE RESIST PAPER 1M/CS,N/A,O Non Stock Inactive,43447,N/A,4,3266 FISCHER PAPER PRODUCTS  INC.,N/A,Erin Ventola,80.07,320.28
116747,811014,K-6 BASKET DRAIN FOR SINK S/ORD,N/A,O Non Stock Inactive,K-6,N/A,1,196 ADVANCE TABCO,N/A,Christine Nelson,18.4,18.40
126464,811117,TBR72-RISZ1-R-S-111-1  COOLER BACKBAR 3-SECTION  COMPRSR RHT,N/A,O Non Stock Inactive,TBR72-RISZ1-R-S-1111,N/A,1,11874 TRUE MANUFACTURING COMPANY INC,N/A,Christine Nelson,6135.08,6135.08
126465,811463,1146304 SCREW #10X1/2 PHIL TRS AB ZN   S/ORD,N/A,O Non Stock Inactive,1146304,N/A,11,11059 SOUTHBEND A MIDDLEBY CO.,N/A,Christine Nelson,N/A,0.00
85922,811612,SMR-8oz COMPASS HOT CUP 1M/CS,N/A,O Non Stock Inactive,SMR-8 COMPASS,N/A,9,3190 GRAPHIC PACKAGING INT'L LLC,N/A,Karen Groves,51.82,466.38
85926,811617,DFM-8oz COMPASS FOOD CONT800/CS,N/A,O Non Stock Inactive,DFM-8 COMPASS,N/A,1,3190 GRAPHIC PACKAGING INT'L LLC,N/A,Karen Groves,49.56,49.56
85927,811618,DFM-12oz COMPASS FOOD CONT800/CS,N/A,O Non Stock Inactive,DFM-12 COMPASS,N/A,6,3190 GRAPHIC PACKAGING INT'L LLC,N/A,Karen Groves,59.94,359.64
116759,811620,FC-1-1620-18R 1-COMP SINK 18"RGHT DRAINBOARD S/ORD,N/A,O Non Stock Inactive,FC-1-1620-18R,N/A,1,196 ADVANCE TABCO,N/A,Christine Nelson,405,405.00
117040,811686,SS686 RANGE ELEC 6 BURNER EA 208/3  W/CASTER SET,N/A,O Non Stock Inactive,SS686,N/A,1,3659 GARLAND COMMERCIAL IND.,N/A,Christine Nelson,7729.5,7729.50
117372,811704,PUR-28-N U/C REFRIGERATOR S/ORD,N/A,O Non Stock Inactive,PUR-28-N,N/A,1,11904 TURBO AIR INC.,N/A,Christine Nelson,2465.92,2465.92
126467,811835,1183530 SPLASHER 5" X 36" FOR P36D-FF RANGE,N/A,O Non Stock Inactive,1183530,N/A,1,11059 SOUTHBEND A MIDDLEBY CO.,N/A,Christine Nelson,70.11,70.11
116341,812037,2RNHD R/IN REFRIGERATOR 1/2 DOORS S/O,N/A,O Non Stock Inactive,2RNHD,N/A,1,NATIONAL REFRIGERATION AND,N/A,Christine Nelson,6021.72,6021.72
90455,812327R,12327 PROPANE STRIPPER PACKAGERENTAL BIG BERTHA,N/A,O Non Stock Inactive,12327 RENTAL,N/A,1,1065 BETCO CORPORATION,N/A,Patrick Golden,4755,4755.00
109724,813000,N8130B COLDPAN DROP IN S/ORD,N/A,N Stock Active,N8130B,N/A,2,2516 THE DELFIELD COMPANY,N/A,Noel Webster,2207.18,4414.36
121332,813132,13132 LOCKER 5-TIER 12X18X78 BEIGE  KD,N/A,O Non Stock Inactive,13132,03/07/2024,4,8275 OMCAN INC,05/28/2024,Christine Nelson,460.46,1841.84
101220,813548,GSTRIP BODY OVEN BANKING STRIPRD,N/A,N Stock Active,GSTRIP BODY,N/A,1,12716 VULCAN FOOD EQUIPMENT GROUP,N/A,Christine Nelson,72.74,72.74
125350,813795,1183795 SPLASHER 5" X 48" FOR P48D-BBBB,N/A,O Non Stock Inactive,1183795,N/A,1,11059 SOUTHBEND A MIDDLEBY CO.,N/A,Denise McKay,120.52,120.52
127583,814118,1675KIT2S60 GAS CONNECT KIT S/ORD,N/A,N Stock Active,1675KIT2S60,N/A,1,2718 DORMONT MANUFACTURING COMPANY,N/A,Christine Nelson,316.92,316.92
128862,814133,B-0133-ADF14-B PRERINSE 8"OC 6" BRACKET 14" ADD ON FAUCET,N/A,O Non Stock Inactive,B-0133-ADF14-B,N/A,1,11530 T&S BRASS AND BRONZE WORKS INC,N/A,Christine Nelson,408.12,408.12
124321,814251,NC10 RAVENHEAD LIQUOR CUP 1M/ **SO**,N/A,O Non Stock Inactive,0,N/A,16,3120 FABRI KAL CORP.,N/A,Karen Groves,65,1040.00
99644,814300,N8143B 43" COLD PAN DROP IN ROYAL FARMS,N/A,N Stock Active,N8143B,N/A,1,2516 THE DELFIELD COMPANY,N/A,Noel Webster,2307.96,2307.96
110002,814316,B-3940-01 TWIST WASTE VALVE 3" DRAIN,N/A,O Non Stock Inactive,B-3940-01,N/A,2,11530 T&S BRASS AND BRONZE WORKS INC,N/A,Christine Nelson,42.16,84.32
117208,814400,14-400L FAUCET 4"OC GOOSENECK 3-1/2"     SPLASH MOUNT,N/A,O Non Stock Inactive,14-400L,N/A,1,5883 KROWNE METAL CORP.,N/A,Christine Nelson,98.42,98.42
125551,815179,12C18 12OZ SNO-TIME FOAM C 1M/CS,N/A,O Non Stock Inactive,12C18-17281-1,N/A,8,NEW WINCUP HOLDINGS  INC,N/A,Karen Groves,N/A,0.00
128863,815301,15-301L FAUCET DECK MNT 4"OC 6" GOOSENECK  S/ORD,N/A,O Non Stock Inactive,15-301L,N/A,1,5883 KROWNE METAL CORP.,N/A,Christine Nelson,98.1,98.10
128865,816196,16-196P ELEC FAUCET DECK MNT FIXED SPOUT-DECK PLATE,N/A,O Non Stock Inactive,16-196P,N/A,1,5883 KROWNE METAL CORP.,N/A,Christine Nelson,230.4,230.40
121117,816243,PTS16K-2436 PASS-THRU SHELF 24X36 SINGLE,N/A,O Non Stock Inactive,PTS16K-2436,03/04/2024,1,5078 JOHN BOOS & COMPANY,04/02/2024,Christine Nelson,801.65,801.65
109727,816816,16100KITS60 GAS CONNECTOR KITS S/ORD,N/A,N Stock Active,16100KITS60,N/A,2,2718 DORMONT MANUFACTURING COMPANY,N/A,Christine Nelson,255.96,511.92
117212,816844,VB-4HC ICE CREAM CHEST FREEZER W/LID LOCK & KEY  S/ORD,N/A,O Non Stock Inactive,VB-4HC,N/A,1,LINDOX SIEGEL EQUIPMENT CORP,N/A,Christine Nelson,922.5,922.50
128866,819200,B-0200 DBL FAUCET 18" NZZL DECK MOUNT,N/A,O Non Stock Inactive,B-0200,N/A,1,11530 T&S BRASS AND BRONZE WORKS INC,N/A,Christine Nelson,141.59,141.59
117310,819602,CCBN02 CUTTING BOARD WHT 60"X19"X1/2"  S/ORD,N/A,O Non Stock Inactive,CCBN02,N/A,1,CFS BRANDS  LLC,N/A,Eleni Davis,101.53,101.53
109940,820003,TS53C BAR SINK W/DRAIN ASSMBLY W/934-10FL FAUCET&LEFT SPLASH,N/A,N Stock Active,TS53C,N/A,1,8839 PERLICK CORPORATION,N/A,Christine Nelson,1544.13,1544.13
117266,820025,D2RINSA ROLL-IN REFRIG 2 DOOR S/ORD,N/A,O Non Stock Inactive,D2RINSA,N/A,2,NATIONAL REFRIGERATION AND,N/A,Christine Nelson,8120.08,16240.16
85999,820062,PIZZA BOLI 9X6X19.5 TSHIRT BAG  WHITE HI-D  14 MIC  1M/CS,N/A,O Non Stock Inactive,BOLIS1,N/A,2,INTEPLAST GROUP CORPORATION,N/A,Erin Ventola,16.25,32.50
116972,820215,WD-15-A GREASE INTERCEPTOR 15GAL  S/ORD,N/A,O Non Stock Inactive,WD-15-A,N/A,1,2718 DORMONT MANUFACTURING COMPANY,N/A,Christine Nelson,1075.21,1075.21
127595,821275,NWFS-5 FILTER ASSEMBLY S/ORD,N/A,O Non Stock Inactive,NWFS-5-,N/A,1,NATURA WATER  LLC,N/A,Christine Nelson,200,200.00
128867,821426,21-160-24L RISER FOR PRERINSE 24"L 3/8" MALE THREAD,N/A,O Non Stock Inactive,21-160-24L,N/A,1,5883 KROWNE METAL CORP.,N/A,Christine Nelson,N/A,0.00
117314,821627,HDG-48 GRIDDLE COUNTERTOP 48" S/ORD,N/A,O Non Stock Inactive,HDG-48,N/A,1,11059 SOUTHBEND A MIDDLEBY CO.,N/A,Christine Nelson,5248.14,5248.14
86045,821914,IFC WB IPORTAL COFFEE SLEECCNB GLOSSY FINISH 1200/CS,N/A,O Non Stock Inactive,C-IPRT-LAPP-0317,N/A,14,BRITEVISION VBG LLC,N/A,Erin Ventola,95.35,1334.90
86049,822062,BOOEYMONGER 12X7X23 T-SHIRT BGYELLOW FLM .00075MIL 1M/CS,N/A,N Stock Active,0,N/A,1,8274 OMEGA PLASTICS CORP.,N/A,Erin Ventola,33.6,33.60
99680,822223,HSA-10-F HAND SINK0,N/A,N Stock Active,HSA-10-F,N/A,1,2801 METAL MASTERS FOOD SERVICE,N/A,Christine Nelson,548.12,548.12
97816,822305,GOLD ITALIAN HOAGIE-Black INKMARRIOTT 1-15/16X3 LABEL 1M/RL,N/A,O Non Stock Inactive,0,N/A,3,6225 LABEL ART,N/A,Erin Ventola,11,33.00
121189,822414,KR24-T14L U/BAR TRASH STATION LEGS ON LEFT    S/ORD,N/A,O Non Stock Inactive,KR24-T14L,N/A,1,5883 KROWNE METAL CORP.,N/A,Christine Nelson,636.66,636.66
116758,822424,FC-2-2424-24L SINK 2COMP 24" LEFT DRAINBOARD,N/A,O Non Stock Inactive,FC-2-2424-24L-X,N/A,1,196 ADVANCE TABCO,N/A,Christine Nelson,1207,1207.00
100283,823010,R2ClearDICE FOOD PROCESSOR EA.,N/A,O Non Stock Inactive,R2CLRDICE,04/11/2024,7,10128 ROBOT-COUPE U.S.A. INC.,N/A,Christine Nelson,1274.81,8923.67
127599,823640,PFR40G-CB NG FRYER 40# CAPACTY CASTERS 824640,N/A,O Non Stock Inactive,PFR40G-CB,02/19/2024,2,VENANCIO USA,N/A,Christine Nelson,552.96,1105.92
129841,824283,STAINLESS MOP SINK ENCLOSURE S/ORD,N/A,O Non Stock Inactive,CUSTOM 24-28364,N/A,1,IMC TEDDY FOOD SERVICE EQUIP.,04/12/2024,Christine Nelson,1126.4,1126.40
123020,824364,2436CI-4 SHELF INLAY 24X36 PKG SET OF 4,N/A,O Non Stock Inactive,2436CI-4,N/A,1,4520 INTERMETRO INDUSTRIES CORP,N/A,Christine Nelson,42.7,42.70
116284,824423,3B18244-2D18-X 3 COMPARTMENT SINK,N/A,O Non Stock Inactive,3B18244-2D18-X,03/21/2024,2,5078 JOHN BOOS & COMPANY,03/29/2024,Christine Nelson,1410.75,2821.50
127600,824640,CASTER SET FOR FRYER 4/SET FOR PFR40G-CB FRYER S/O,N/A,O Non Stock Inactive,CASTER SET,02/19/2024,4,VENANCIO USA,N/A,Christine Nelson,145.8,583.20
106372,824658,EDS24H6580 DUNNAGE SUPPORT 24X6-1/2,N/A,O Non Stock Inactive,EDS24H6580,N/A,2,1610 CAMBRO MANUFACTURING COMPANY,N/A,Christine Nelson,33.64,67.28
99682,825161,F1916 MOP SINK SSGREENS #4,N/A,N Stock Active,F1916,N/A,1,2801 METAL MASTERS FOOD SERVICE,N/A,Christine Nelson,391.84,391.84
122924,825354,250-00354 CLEAN KIT FOR BUBBLR BRUSH  JUG & CLEAN PACKETS,N/A,O Non Stock Inactive,250-00354,N/A,2,ELECTROLUX PROFESSIONAL INC.,03/20/2024,Christine Nelson,69,138.00
129843,825480,2ER50DF FRYER 2BATTERY 480/3PH S/ORD,N/A,O Non Stock Inactive,2ER50DF/480 3PH,03/19/2024,1,12716 VULCAN FOOD EQUIPMENT GROUP,03/14/2024,Christine Nelson,27688.2,27688.20
117192,826124,BD24 BACKBAR STORAGE 24X24 SS TOP   S/ORD,N/A,O Non Stock Inactive,BD24,N/A,1,5883 KROWNE METAL CORP.,N/A,Christine Nelson,857.72,857.72
125360,826559,26-5597 SPLASH GUARD CLIP-ON FOR FRYER LEFT OR RIGHT SIDE,N/A,N Stock Active,26-5597,N/A,1,ALLPOINTS,N/A,Denise McKay,24.47,24.47
117211,830450,GEM0450A PEARL ICEMAKER 464LB AIR-COOL S/ORD,N/A,O Non Stock Inactive,GEM0450A,N/A,1,LINDOX SIEGEL EQUIPMENT CORP,N/A,Christine Nelson,4185.12,4185.12
107592,831021,B-0425-M SUPPLY NIPPLE 2/CSE S/ORD,N/A,O Non Stock Inactive,B-0425-M,N/A,7,11530 T&S BRASS AND BRONZE WORKS INC,N/A,Christine Nelson,17.88,125.16
117416,831024,MSA24 COUNTERTOP GRIDDLE NG 24 S/ORD,N/A,O Non Stock Inactive,MSA24,N/A,1,12716 VULCAN FOOD EQUIPMENT GROUP,N/A,Christine Nelson,3660,3660.00
100932,831026,B-1110-LN FAUCET BASE 4"0CSPC/ORD,N/A,N Stock Active,B-1110-LN,N/A,1,11530 T&S BRASS AND BRONZE WORKS INC,N/A,Christine Nelson,57.6,57.60
116884,831136,AEX3014 BIGOLI DIE 3.5MM S/ORD,N/A,O Non Stock Inactive,AEX3014,N/A,1,621 ARCOBALENO,N/A,Christine Nelson,210,210.00
117695,831930,KR19-30 ICE BIN/COCKTAIL UNIT UNDERBAR 30"X19" S/ORD,N/A,O Non Stock Inactive,KR19-30,N/A,2,5883 KROWNE METAL CORP.,N/A,Noel Webster,1092.29,2184.58
124292,832222,PF20 20OZ RAVENS FROST TUMBLER 500/CS,N/A,O Non Stock Inactive,PF20RAVENS,N/A,39,1736 WADDINGTON NORTH AMERICA INC,N/A,Karen Groves,169.07,6593.73
121422,833990,B-3990 MODULAR WASTE VALVE S/ORD,N/A,O Non Stock Inactive,B-3990,N/A,1,11530 T&S BRASS AND BRONZE WORKS INC,N/A,Christine Nelson,152.08,152.08
90486,837061,WINE GLASS 12OZ MAMA LUCIAWN8402 PRINTED - 24/CS -,N/A,O Non Stock Inactive,WN8402,N/A,1,BGD PROMO,N/A,Eleni Davis,2.05,2.05
103752,837126,MIXING GLASS 16OZ MS7005,N/A,O Non Stock Inactive,MS7005,N/A,264,864 BALTIMORE GLASSWARE DECORATORS,N/A,Eleni Davis,2.56,675.84
119569,837402,16OZ NATIONALS BLUE STRIPE CLR PET CUP 1M/CS,N/A,N Stock Active,CAL-CP98-16WBLUE,N/A,50,6269 LANCA SALES  INC.,04/25/2024,Karen Groves,73,3650.00
119574,837407,16oz PNC BANK CLR PET CUP 1M/CS,N/A,N Stock Active,CAL-CP98-16PNC,N/A,30,6269 LANCA SALES  INC.,04/25/2024,Karen Groves,55.91,1677.30
119575,837408,9OZ PNC BANK CLR PET CUP 1M/CS,N/A,O Non Stock Inactive,CAL-CP92-9PNC,04/11/2024,5,6269 LANCA SALES  INC.,N/A,Karen Groves,42.75,213.75
129856,837417,9OZ NATIONALS BLUE STRIPE CLR PET CUP 1M/CS,N/A,O Non Stock Inactive,CAL-CP92-9OF,N/A,40,6269 LANCA SALES  INC.,04/25/2024,Karen Groves,37.95,1518.00
126516,838202,BLK IRON BAND 20X20X2X3/8" S/ORD,N/A,O Non Stock Inactive,CUSTOM,N/A,2,MARYLAND ARCHITECTURAL METALS ,N/A,Christine Nelson,174,348.00
128878,839701,B-3970 WASTE VALVE 3.5" OPENNG LEVER HANDLE  S/ORD,N/A,O Non Stock Inactive,B-3970,N/A,1,11530 T&S BRASS AND BRONZE WORKS INC,N/A,Christine Nelson,63.38,63.38
117347,841117,B-1117 FAUCET 10" SPLASH MOUNT 4"OC,N/A,O Non Stock Inactive,B-1117,N/A,1,11530 T&S BRASS AND BRONZE WORKS INC,N/A,Christine Nelson,103.51,103.51
101221,841122,VFR122B FRYER RSR W/BSKT HNG0,N/A,N Stock Active,VFR122B,N/A,1,12716 VULCAN FOOD EQUIPMENT GROUP,N/A,Christine Nelson,512.24,512.24
101222,841515,VHLAMP HEAT DUMP STN LAMP0,N/A,N Stock Active,VHLAMPHEAT,N/A,1,12716 VULCAN FOOD EQUIPMENT GROUP,N/A,Christine Nelson,667.77,667.77
121128,842036,JDTC-20-36R CLEAN DISHTABLE,N/A,O Non Stock Inactive,JDTC-20-36R,03/07/2024,1,5078 JOHN BOOS & COMPANY,04/02/2024,Christine Nelson,372.4,372.40
126519,842248,KR24-MD8 U/BAR SPEED STATION 8"X24" DIPPERWELL & FAUCET,N/A,O Non Stock Inactive,KR24-MD8,N/A,2,5883 KROWNE METAL CORP.,N/A,Christine Nelson,1148.58,2297.16
129862,843084,4CH4R5-3084-1S CABINET 2DOORS 30"X84" 5"BACKSPLASH/MIDSHELF,N/A,O Non Stock Inactive,4CH4R5-3084-1S,03/07/2024,1,5078 JOHN BOOS & COMPANY,04/02/2024,Christine Nelson,4254.48,4254.48
117349,845406,5F-4WLX06 WALL MNT FAUCET 6" 4"OC  LEVER HANDLES,N/A,O Non Stock Inactive,5F-4WLX06,N/A,3,11530 T&S BRASS AND BRONZE WORKS INC,N/A,Christine Nelson,93.25,279.75
116810,847084,DTC-S70-84R CLEAN DISHTABLE L-R MODIFIED S/ORD,N/A,O Non Stock Inactive,DTC-S70-84R MOD,N/A,1,196 ADVANCE TABCO,N/A,Christine Nelson,1660.4,1660.40
125376,849582,ESF2 REACH-IN FREEZER 2DOOR 48CF,N/A,O Non Stock Inactive,ESF2,N/A,1,3007 EVEREST REFRIGERATION,N/A,Denise McKay,4522.86,4522.86
119306,850607,12-1/4" STANFORD KITCHEN PLATE 2 COLOR LOGO - S/O  6/CS,N/A,O Non Stock Inactive,BAFP31-STANFORD KITC,04/18/2024,8,9966 RAK PORCELAIN USA  INC.,N/A,Eleni Davis,81,648.00
119307,850608,15"  STANFORD GRILL PLATTER 1 COLOR LOGO - S/O  6/CS,N/A,O Non Stock Inactive,BAOP38-STANFORD GRIL,N/A,26,9966 RAK PORCELAIN USA  INC.,N/A,Eleni Davis,94.74,2463.24
124516,850610,10.65" STANFORD KITCHEN PLATE 1 COLOR LOGO -  12/CS,N/A,O Non Stock Inactive,BAFP27STANFORDKITCEN,N/A,6,9966 RAK PORCELAIN USA  INC.,N/A,Eleni Davis,151.68,910.08
124517,850611,15" STANFORD KITCHEN PLATTER 1 COLOR LOGO -  6/CS,N/A,O Non Stock Inactive,BAOP38-STANFORD KITC,N/A,20,9966 RAK PORCELAIN USA  INC.,N/A,Eleni Davis,107.76,2155.20
116822,851100,DTA-100-EC-X PRERINSE BASKET S/ORD,N/A,O Non Stock Inactive,DTA-100-EC-X,N/A,1,196 ADVANCE TABCO,N/A,Christine Nelson,232,232.00
117351,851105,B-1105-KIT INLET KIT W/24"HOSE 1 FLEX HOSE & 2 ELBOWS,N/A,O Non Stock Inactive,B-1105-KIT,N/A,11,11530 T&S BRASS AND BRONZE WORKS INC,N/A,Christine Nelson,24.3,267.30
121132,851824,DT3B18244-2D18L DISHTABLE W POT/PAN SINK 2 DRAINBOARDS 18",N/A,O Non Stock Inactive,DT3B18244-2D18L,03/07/2024,1,5078 JOHN BOOS & COMPANY,04/02/2024,Christine Nelson,1603.6,1603.60
117229,854303,DP-MET-T-PVD-24GR-2 DRIP TRAY BRASS  24X8  S/ORD,N/A,O Non Stock Inactive,DP-MET-T-PVD-24GR-2,N/A,1,7221 MICRO MATIC USA,N/A,Christine Nelson,500.94,500.94
117272,855450,55450-1 FRY CUTTER 1/4" S/ORD,N/A,O Non Stock Inactive,55450-1,N/A,1,7719 NEMCO FOOD EQUIPMENT,N/A,Christine Nelson,306.9,306.90
117499,856971,BLACKHAWK 20 INCH FLOOR MACHIN HAWK F50-20,N/A,O Non Stock Inactive,HAWK F50-20,05/28/2024,3,4043 HAWK ENTERPRISES OF ELKHART,05/28/2024,Noel Marucut,697.38,2092.14
130563,858002,MBF8002GR REACHIN FREEZER 2DR W/CASTERS   S/ORD,N/A,O Non Stock Inactive,MBF8002GR,N/A,1,ATOSA USA  INC.,N/A,Christine Nelson,2845.93,2845.93
123627,860312,60.31.217 STAND III MOBILE STAND USE W/ULTRAVENT & 6-FULL,N/A,O Non Stock Inactive,60.31.217,N/A,1,RATIONAL COOKING,N/A,Christine Nelson,1361.78,1361.78
99662,861075,SM75 SWIVEL FOR GAS HOSE 3PROJECT INVENTORY,N/A,N Stock Active,SM75,N/A,2,2718 DORMONT MANUFACTURING COMPANY,N/A,Christine Nelson,40.59,81.18
116954,862436,MD2436 MOBILE DUNNAGE 24X36X8 S/ORD,N/A,O Non Stock Inactive,MD2436,N/A,2,1873 CHANNEL MFG.,N/A,Christine Nelson,238.5,477.00
116955,862448,MD2448 MOBILE DUNNAGE 24X48X8 S/ORD,N/A,O Non Stock Inactive,MD2448,N/A,4,1873 CHANNEL MFG.,N/A,Christine Nelson,247.5,990.00
121327,864797,797-N BREAD SLICER 3/8" SLICE GRAVITY FEED  S/ORD,N/A,O Non Stock Inactive,797-N,N/A,1,8228 OLIVER PACKAGING & EQUIP. CO.,N/A,Christine Nelson,9858,9858.00
129874,866566,E066566 WALKIN COOLER 9X8X8'6 S/ORD,N/A,O Non Stock Inactive,E066566,03/07/2024,1,EVERIDGE  INC.,04/05/2024,Christine Nelson,9548.45,9548.45
129875,866567,MED TEMP REFRIGERATION SYSTEM E066566,N/A,O Non Stock Inactive,E066566,03/07/2024,1,EVERIDGE  INC.,04/05/2024,Christine Nelson,4508,4508.00
128412,867062,67062 CASTER 2-7/8" SET OF 6 S/ORD,N/A,O Non Stock Inactive,67062,02/29/2024,1,8839 PERLICK CORPORATION,03/28/2024,Christine Nelson,133.65,133.65
99410,867114,SKG300 30X30 TABLE W/SPLSH,N/A,N Stock Active,SKG300,N/A,1,196 ADVANCE TABCO,N/A,Christine Nelson,N/A,0.00
126530,868162,BLK IRON BAND 16X16X2X3/8 S/ORD,N/A,O Non Stock Inactive,CUSTOM,N/A,1,MARYLAND ARCHITECTURAL METALS ,N/A,Christine Nelson,85,85.00
128893,868952,006895-20 SHORT ELBOW 1/2" NPT FEMALE BRASS RECTANGULAR,N/A,O Non Stock Inactive,006895-20,N/A,1,11530 T&S BRASS AND BRONZE WORKS INC,N/A,Christine Nelson,13.91,13.91
99411,870721,DTC-S70-72R-X CLEAN DISHTABLE,N/A,N Stock Active,DTC-S70-72R-X,N/A,1,196 ADVANCE TABCO,N/A,Christine Nelson,N/A,0.00
121134,871224,BHS1224-X WALL SHELF 12X24 SS  S/ORD,N/A,O Non Stock Inactive,BHS1224-X,03/04/2024,1,5078 JOHN BOOS & COMPANY,04/02/2024,Christine Nelson,85.5,85.50
117687,871230,SJ-TC SLIM JIM TRASH CAN  GRAY 23 GAL 30"H,N/A,O Non Stock Inactive,SJ-TC,04/15/2024,2,5883 KROWNE METAL CORP.,04/18/2024,Noel Webster,98.82,197.64
99522,87218,LWB7218WAWAW WOOD BARSTOOLWALNUT  RD,N/A,N Stock Active,LWB7218WAWAW,N/A,8,917 BARSKY-FLEMING MARKETING,N/A,Christine Nelson,64.4,515.20
109991,877807,B-0156-CR ADD-ON FAUCET 12" NZ S/ORD,N/A,O Non Stock Inactive,B-0156-CR,N/A,2,11530 T&S BRASS AND BRONZE WORKS INC,N/A,Christine Nelson,61.56,123.12
117755,878512,B-5120-12-CR-B WORKBOARD PRE- RINSE UNIT DECK MNT 8"CTRS,N/A,O Non Stock Inactive,B-5120-12-CR-B,N/A,1,11530 T&S BRASS AND BRONZE WORKS INC,N/A,Noel Webster,417.24,417.24
104946,880016U,USED QV550H INDUSTRIAL HARD,N/A,O Non Stock Inactive,QV550H,N/A,1,BRIGGS & STRATTON LLC,N/A,Patrick Golden,1980,1980.00
90520,880018D,56220018 CART FOR AQUA SPOTDEMO,N/A,O Non Stock Inactive,0,N/A,1,NILFISK INC,N/A,Patrick Golden,N/A,0.00
90525,880025R,EBG-9 DOODLE SCRUBDOODLE DEMO,N/A,O Non Stock Inactive,EBG-9,N/A,1,11097 SQUARE SCRUB,N/A,Patrick Golden,495,495.00
90526,880026R,SS-EBG-9-SKATE DOODLE SKATEDOODLE DEMO,N/A,O Non Stock Inactive,SS-EBG-9-SKATE,N/A,1,11097 SQUARE SCRUB,N/A,Patrick Golden,179,179.00
90530,880081R,56601626 ADVENGER X2805D DISCRENTAL/DEMO,N/A,O Non Stock Inactive,56601626,N/A,1,NILFISK INC,N/A,Patrick Golden,13502.5,13502.50
117514,880081U1,56601626 ADVENGER X2805D DISC USED NO BATTERIES,N/A,O Non Stock Inactive,56601626,N/A,1,NILFISK INC,N/A,Noel Marucut,N/A,0.00
117515,880081U2,56601626 ADVENGER X2805D DISC USED NO BATTERIES,N/A,O Non Stock Inactive,56601626,N/A,1,NILFISK INC,N/A,Noel Marucut,N/A,0.00
90534,880086D,56315904 WARRIOR 34RST EANO BATTERIES SN 4000069953,N/A,O Non Stock Inactive,56315904,N/A,1,NILFISK INC,N/A,Patrick Golden,4800,4800.00
90535,880090R,56382631 FOCUS II MRIDER 28B** SN3510122103840,N/A,O Non Stock Inactive,56382631,N/A,1,NILFISK INC,N/A,Patrick Golden,1500,1500.00
90536,880093R,56315901 REFURB WARRIOR 34RSTW/242 AH BATTERIES N4000060912,N/A,O Non Stock Inactive,56315901,N/A,1,NILFISK INC,N/A,Patrick Golden,1110,1110.00
90538,880095R,56383129 SC450 SCRUBBERSEE SN#'S,N/A,O Non Stock Inactive,56383129,N/A,2,NILFISK INC,N/A,Patrick Golden,2500,5000.00
90540,880097D,56383227 SC400 B SCRUBBER*DEMO/RENTAL*,N/A,N Stock Active,56383227,N/A,1,NILFISK INC,N/A,Patrick Golden,3295,3295.00
126396,880165D,SENSOR BP 12 UPRIGHT VAC DEMO 1.012-901.0 10129010,N/A,N Stock Active,1.012-901.0,N/A,1,13289 KARCHER NORTH AMERICA,N/A,Noel Marucut,696.57,696.57
128895,880288,B-0288 BIG-FLO ADAPTER SWIVEL TO RIGID,N/A,O Non Stock Inactive,B-0288,N/A,3,11530 T&S BRASS AND BRONZE WORKS INC,N/A,Christine Nelson,20.93,62.79
109995,880290,B-0290 BIG-FLO FAUCET 8"OC S/ORD,N/A,O Non Stock Inactive,B-0290,N/A,1,11530 T&S BRASS AND BRONZE WORKS INC,N/A,Christine Nelson,254.22,254.22
100937,880605,B-0605 Pot filler faucet,N/A,N Stock Active,B-0605,N/A,1,11530 T&S BRASS AND BRONZE WORKS INC,N/A,Christine Nelson,261.52,261.52
90543,880790R,56100790 3700B SWEEPER TERRASPECIALTY,N/A,N Stock Active,56100790,N/A,1,NILFISK INC,N/A,Patrick Golden,6299.3,6299.30
99489,881009,EV9324-02 INSURICE 2000 FILTER0,N/A,N Stock Active,EV9324-02,N/A,1,211 AIRECO SUPPLY INC.,N/A,Christine Nelson,455,455.00
90546,881045D,10468B-K ECO-500 AW EXTRACTORNO HEAT SN0612001025,N/A,N Stock Active,10468B-K,N/A,1,TACONY CORPORATION,N/A,Patrick Golden,2397,2397.00
90547,881108R,56381405 PBU27KB 27" BUFFERPROPANE BUFFER **,N/A,N Stock Active,56381405,N/A,1,NILFISK INC,N/A,Patrick Golden,2399.76,2399.76
106413,881292,R2U FOOD PROCESSOR 3L SS BOWL,N/A,N Stock Active,R2U,N/A,2,10128 ROBOT-COUPE U.S.A. INC.,N/A,Christine Nelson,1096.83,2193.66
104151,881501R,ADVOLUTION 20 BURNISHER,N/A,O Non Stock Inactive,01510A,N/A,1,NILFISK INC,N/A,Patrick Golden,868,868.00
90554,881510R,56383510 BU800 20BADVOLUTION,N/A,N Stock Active,56383510,N/A,1,NILFISK INC,N/A,Patrick Golden,4020.45,4020.45
117955,881522U,CLARKE ULTRA 20T BATTERY BURNISHER 56383524,N/A,O Non Stock Inactive,56383524,N/A,1,NILFISK INC,N/A,Patrick Golden,N/A,0.00
117957,881525U,ADVANCE 20 PLUS BURNISHER USED 56201501,N/A,O Non Stock Inactive,56201501,N/A,1,NILFISK INC,N/A,Patrick Golden,N/A,0.00
90562,881595R,01595A ADVOLUTION 20BSEE SERIAL #'S,N/A,N Stock Active,01595A,N/A,2,NILFISK INC,N/A,Patrick Golden,4097.6,8195.20
90564,882003U,56422184 ADVOLUTION 2710 AGMUSED NO BATTERIES,N/A,O Non Stock Inactive,56422184,N/A,1,NILFISK INC,N/A,Patrick Golden,N/A,0.00
90565,882004R,56422004 ADVOLUTIONDEMO,N/A,O Non Stock Inactive,56422004,N/A,1,NILFISK INC,N/A,Patrick Golden,10500,10500.00
90568,882011U,9084702010 TERRA 28B SWEEPERUSED; NO BATTERIES,N/A,O Non Stock Inactive,9084702010,N/A,2,NILFISK INC,N/A,Patrick Golden,N/A,0.00
90572,882061D,1.783-308.0 SABER BLADE 16SN 013137 BLUE,N/A,O Non Stock Inactive,1.783-308.0,N/A,1,13289 KARCHER NORTH AMERICA,N/A,Patrick Golden,2062.59,2062.59
90574,882340D,TASKI SWINGO 150E13IN AUTO SCRUBBER,N/A,N Stock Active,7516212,N/A,1,10781 DIVERSEY INC,N/A,Patrick Golden,1250,1250.00
104615,882342R,TASKI SWINGO 755B AUTOSCRUB,N/A,O Non Stock Inactive,5594143,N/A,1,10781 DIVERSEY INC,N/A,Noel Marucut,3333.47,3333.47
100938,882650,HG4C48K GAS KIT 1/2"X48",N/A,N Stock Active,HG-4C-48K,N/A,3,11530 T&S BRASS AND BRONZE WORKS INC,N/A,Christine Nelson,110.88,332.64
126538,883684,1183684 SHIELD 5" X 36" WALL FOR P36D-FF RANGE,N/A,O Non Stock Inactive,1183684,N/A,1,11059 SOUTHBEND A MIDDLEBY CO.,N/A,Christine Nelson,52.82,52.82
125386,883825,1183825 SHIELD 5" X 48" FOR P48D-BBB RANGE,N/A,O Non Stock Inactive,1183825,N/A,1,11059 SOUTHBEND A MIDDLEBY CO.,N/A,Denise McKay,107.48,107.48
110001,883940,B-3940 TWIST WASTE VALVE 3" PROJECT INVENTORY,N/A,N Stock Active,B-3940,N/A,8,11530 T&S BRASS AND BRONZE WORKS INC,N/A,Christine Nelson,45.92,367.36
90582,885003D,56265003 AQUACLEAN 16ST DEMODEMO,N/A,N Stock Active,56265003,N/A,1,NILFISK INC,N/A,Patrick Golden,1642.8,1642.80
90585,885010R,9060705010 ADGILITY 10XP*DEMO/RENTAL*,N/A,O Non Stock Inactive,9060705010,N/A,1,NILFISK INC,N/A,Patrick Golden,303.05,303.05
104701,885140R,PIONEER ELIPSE 27IN PROPANE,N/A,O Non Stock Inactive,0,N/A,1,1065 BETCO CORPORATION,N/A,Patrick Golden,N/A,0.00
110501,885141R,BR-2000 BURNISHER NOBLES RENTAL,N/A,O Non Stock Inactive,0,N/A,1,Test Vendor ProStaffing,N/A,Patrick Golden,N/A,0.00
99123,885790R,RENTAL EAGLE 680191TALON 27 SN 4835,N/A,O Non Stock Inactive,RENTAL EAGLE 680191,N/A,1,2800 IPC EAGLE,N/A,Patrick Golden,1331.4,1331.40
117956,885792U,ADFINITY 20 D 0,N/A,O Non Stock Inactive,0,N/A,1,NILFISK INC,N/A,Patrick Golden,800,800.00
90592,885799D,SC350 SCRUBBER 87AH AGM BATTRY9087304020  SN3510121203914,N/A,O Non Stock Inactive,9087304020,N/A,2,NILFISK INC,N/A,Patrick Golden,1253,2506.00
90594,885803D,56105277 ET600-100H-15-SW,N/A,O Non Stock Inactive,56105277,N/A,1,NILFISK INC,N/A,Patrick Golden,1589.4,1589.40
104120,885810R,9087342020 SC351 SCRUBBER,N/A,O Non Stock Inactive,885810R,N/A,1,NILFISK INC,N/A,Patrick Golden,2564,2564.00
90598,885813D,56383556 SC500 20RECOFLEX DEMOSCRUBBER A140 OBC PH,N/A,O Non Stock Inactive,56383556,N/A,1,NILFISK INC,N/A,Patrick Golden,5925.4,5925.40
123745,885814,S50 AUTONOMOUS SCRUBBER MID-SIZE,N/A,O Non Stock Inactive,S50,N/A,1,SOFTBANK ROBOTICS AMERICA INC.,N/A,Noel Marucut,35000,35000.00
90600,886599R,56316599 AQUARIDE AXPSN 1000043645,N/A,O Non Stock Inactive,56316599,N/A,1,NILFISK INC,N/A,Patrick Golden,10772.4,10772.40
126397,886606R,56104013 SC1500 20D REV,N/A,O Non Stock Inactive,56104013,N/A,1,NILFISK INC,N/A,Patrick Golden,N/A,0.00
90609,887009U,56317011 ADPHIBIAN AGM BATTUSED NO BATTERIES,N/A,O Non Stock Inactive,56317011,N/A,1,NILFISK INC,N/A,Patrick Golden,N/A,0.00
90610,887010D,56317010 ADPHIBIAN MACHINESN#2060519,N/A,N Stock Active,56317010,N/A,1,NILFISK INC,N/A,Patrick Golden,7409.35,7409.35
90617,887024R,107404753 VU500 12" VACUUMRENTAL/DEMO UNIT,N/A,O Non Stock Inactive,107404753,N/A,1,NILFISK INC,N/A,Patrick Golden,229.9,229.90
90619,887026D,56265501 ES 400 DEMO,N/A,O Non Stock Inactive,0,N/A,1,NILFISK INC,N/A,Patrick Golden,N/A,0.00
90620,887026R,56265501 ES400 EXTRA LARGEP RENTAL,N/A,O Non Stock Inactive,56265501,N/A,1,NILFISK INC,N/A,Patrick Golden,2758.2,2758.20
90622,887030,56383408 VL500-75 ERGO WET DRYWET/DRY VACUUM,N/A,O Non Stock Inactive,56383408,N/A,1,NILFISK INC,N/A,Noel Marucut,656.4,656.40
107313,887072,DTC-S70-72L-X CLEAN DISHTABLE LEFT-TO-RIGHT 71",N/A,O Non Stock Inactive,DTC-S70-72L-X,N/A,1,196 ADVANCE TABCO,N/A,Christine Nelson,672,672.00
127636,888622,DT-6R-22 SORTING SHELF 42" S/ORD,N/A,N Stock Active,DT-6R-22,N/A,1,196 ADVANCE TABCO,N/A,Christine Nelson,496.8,496.80
128898,888714,7-PS-14 P TRAP FOR HAND SINK S/ORD,N/A,O Non Stock Inactive,7-PS-14,N/A,1,196 ADVANCE TABCO,N/A,Christine Nelson,66.4,66.40
130564,888819,DI-1-9 DROP-IN SINK 12"X14" ROCKVILLE HG #55.1,N/A,O Non Stock Inactive,DI-1-9,N/A,1,196 ADVANCE TABCO,N/A,Christine Nelson,232.48,232.48
126968,888898,FUEL SURCHARGE,N/A,O Non Stock Inactive,0,03/13/2024,2,20000 ACME MISC ITEMS,03/12/2024,Christine Nelson,0.01,0.02
90639,889002D,56115000 HYDRODRY BLOWERDRYER,N/A,O Non Stock Inactive,56115000,N/A,1,NILFISK INC,N/A,Patrick Golden,237,237.00
90640,889092D,56381746 SPRITE 16 WET DRY VACSN#4000030357,N/A,O Non Stock Inactive,56381746,N/A,1,NILFISK INC,N/A,Patrick Golden,250,250.00
109992,890133,B-0133-CR-V-BE PRERINSE S/ORD,N/A,O Non Stock Inactive,B-0133-CR-V-BE,N/A,1,11530 T&S BRASS AND BRONZE WORKS INC,N/A,Christine Nelson,232.1,232.10
100939,890156,B-0156 ADD-ON FAUCET 12"RD,N/A,N Stock Active,B-0156,N/A,1,11530 T&S BRASS AND BRONZE WORKS INC,N/A,Christine Nelson,61.92,61.92
130565,890208,B-0208 FAUCET 6" NZLE DECKMNT PROJECT INVENTORY,N/A,O Non Stock Inactive,B-0208,N/A,1,11530 T&S BRASS AND BRONZE WORKS INC,N/A,Christine Nelson,88.32,88.32
100940,890220,B-0220-LN DECK FAUCET 8"OCRD,N/A,N Stock Active,B-0220-LN,N/A,1,11530 T&S BRASS AND BRONZE WORKS INC,N/A,Christine Nelson,87.36,87.36
100941,890230,B-0230 FAUCET 18" WALLMNT 8"OC,N/A,O Non Stock Inactive,B-0230,03/21/2024,7,11530 T&S BRASS AND BRONZE WORKS INC,N/A,Christine Nelson,105.79,740.53
130540,89061,B-WH4 WRIST HANDLE 4" S/ORD,N/A,O Non Stock Inactive,B-WH4,N/A,1,11530 T&S BRASS AND BRONZE WORKS INC,N/A,Christine Nelson,15.6,15.60
129886,892096,92096 PAN RACK 1/2SZ 10-PAN S/ORD,N/A,O Non Stock Inactive,92096,03/07/2024,1,7750 NEW AGE INDUSTRIAL CORP. INC.,03/20/2024,Christine Nelson,396.78,396.78
116803,894040,9-OP-40-EC-X MOP SINK 25X21X16 S/ORD,N/A,O Non Stock Inactive,9-OP-40-EC-X,N/A,1,196 ADVANCE TABCO,N/A,Christine Nelson,555,555.00
97818,900057,7375 RUBBER KNEE PADS 1PR/CS0,N/A,O Non Stock Inactive,7375,N/A,10,4190 HOSPECO,N/A,Noel Marucut,13.43,134.30
128030,900211,CCPM10SP 9-7/8 CAKE CIRCLE 1M/CS PARCHMENT,Daniel Miller,N Stock Active,CCPM10SP,03/13/2024,3,4150 HOFFMASTER GROUP INC,03/28/2024,Suyeon Nam,93.19,279.57
130541,90032,UC32 U/COUNTER REFRIG 32" S/ORD,N/A,O Non Stock Inactive,UC32,N/A,1,NATIONAL REFRIGERATION AND,N/A,Christine Nelson,N/A,0.00
102922,900631,0006-05 DINNER FORK XHW 7-5/8" 18/0 TOULOUSE - DZ - SPEC ORD,N/A,O Non Stock Inactive,0006-05,N/A,5,FOODWARE LLC,N/A,Eleni Davis,8.26,41.30
86203,900719,Black STEAK 10X30 PAPER 1M/CS      1M/CS,N/A,N Stock Active,P116030,N/A,4,BAGCRAFT,N/A,Suyeon Nam,80.4,321.60
90687,900800,5131 LIBBEY 4OZ OLD FASHIONED48/CS,N/A,O Non Stock Inactive,5131 DOT 453590,N/A,8,SUPREME HOTEL & RESTAURANT SUPPLY,N/A,Eleni Davis,77.12,616.96
108437,900952,10X14 WHITE PLACEMATS 1M/CS 601SE1014,N/A,N Stock Active,251,N/A,8,4150 HOFFMASTER GROUP INC,N/A,Suyeon Nam,23.98,191.84
99042,900988,53138 9oz LILAC PAPER CUP12/25/CS,N/A,O Non Stock Inactive,53138,N/A,4,4150 HOFFMASTER GROUP INC,N/A,Suyeon Nam,28.99,115.96
86231,901117,975-D29 JADE PLACEMAT  1M/CSFORMAN# 2276,N/A,O Non Stock Inactive,FORMAN#2276,N/A,1,3370 FORMAN INC,N/A,Karen Groves,20.15,20.15
130567,901331,B-0133-BC PRERINSE UNIT 8"CENT S/O,N/A,O Non Stock Inactive,B-0133-BC,N/A,1,11530 T&S BRASS AND BRONZE WORKS INC,N/A,Noel Webster,241.2,241.20
97833,901338,WHITE BOTTLE CAP 300/CSCAP W/ FOAM LINER,N/A,O Non Stock Inactive,MRRMX38-001.W,N/A,1,582 ANDLER MARYLAND,N/A,Matt Miller,14.7,14.70
109990,901339,B-0133-CR PRE-RINSE UNIT W/CERAMIC CARTRIDGE,N/A,O Non Stock Inactive,B-0133-CR,N/A,1,11530 T&S BRASS AND BRONZE WORKS INC,N/A,Christine Nelson,232.1,232.10
97834,901346,PHENOLIC PE CONE CAP 144/BAGBLACK LINED 22-400,N/A,O Non Stock Inactive,TAJ22400PPCAP,N/A,1,582 ANDLER MARYLAND,N/A,Matt Miller,9.36,9.36
86257,901392,107055 14X18 WHITE WRAP50# BUNDLE #5249  ***SO**,N/A,O Non Stock Inactive,107055,N/A,1,3370 FORMAN INC,N/A,Karen Groves,85.09,85.09
86295,901723,4201-55-300 Black/GOLD SMALLENTREE CONT BULK    300/cs,N/A,N Stock Active,4201-55-300,N/A,3,3900 HFA INC.,N/A,Karen Groves,169.38,508.14
130542,90175,B-0175 SPRAY UNIT MODIFIED S/O (DELETE 104"HOSE),N/A,N Stock Active,B-0175-MOD,N/A,1,11530 T&S BRASS AND BRONZE WORKS INC,N/A,Noel Webster,286.85,286.85
86301,901775,1700010 1/2 PT PAGODA W/HDL1M/CS,N/A,O Non Stock Inactive,0,N/A,1,5683 KARI OUT COMPANY,N/A,Karen Groves,53.16,53.16
126976,901808,ADP-808 ADAPTER PLATE 21X13 FITS 7QT INSET SS - EA - S/O,N/A,O Non Stock Inactive,ADP-808,N/A,2,FOODWARE LLC,N/A,Eleni Davis,11.25,22.50
130543,90220,B-0220-CC DECK FAUCET 18"NZZLE S/ORD,N/A,O Non Stock Inactive,B-0220-CC,N/A,1,11530 T&S BRASS AND BRONZE WORKS INC,N/A,Christine Nelson,114.72,114.72
130544,90225,B-0225 DECK FAUCET 12" NZZL S/ORD   4" OC,N/A,N Stock Active,B-0225,N/A,1,11530 T&S BRASS AND BRONZE WORKS INC,N/A,Noel Webster,128.82,128.82
125557,902259,LD6ANH 21OZ DOME LD NO HOLE 1M,N/A,O Non Stock Inactive,LD6ANH-00090,N/A,4,2440 DART CONTAINER CORPORATION,N/A,Karen Groves,85.87,343.48
109994,90231,B-0231-EE 12" MIXING SWING S/O FAUCET,N/A,N Stock Active,B-0231-EE,N/A,3,11530 T&S BRASS AND BRONZE WORKS INC,N/A,Noel Webster,110.68,332.04
86344,902313,9094 WHITE SUB TRAY 2M/CS,N/A,O Non Stock Inactive,9094,N/A,3,11290 SPECIALTY QUALITY PACKAGING,N/A,Matt Miller,160.21,480.63
86347,902324,23265 13X13 Black 2PLY NAPFORMAN #3108 1200/CS,N/A,N Stock Active,23265,N/A,2,3370 FORMAN INC,N/A,Karen Groves,36.33,72.66
123899,902348,PP48M SYRUP POURER 48OZ MAROON LID PLASTIC - 6/CS,N/A,O Non Stock Inactive,PP48M,N/A,1,11545 TABLECRAFT PRODUCTS CO. INC.,N/A,Eleni Davis,74.82,74.82
109993,90236,B-0236 12" FAUCET ADJ CENTERS STOCK,N/A,N Stock Active,B-0236,N/A,5,11530 T&S BRASS AND BRONZE WORKS INC,N/A,Noel Webster,134.29,671.45
86370,902645,28112081 16OZ GREEN CUPSFORMAN#2601 240/CS,N/A,O Non Stock Inactive,2601,N/A,2,3370 FORMAN INC,N/A,Karen Groves,35.51,71.02
86386,902756,863269B YELLOW PLACEMAT 12/50FORMAN 1390 SCHOOLBUS YELLOW,N/A,N Stock Active,49503,N/A,1,3370 FORMAN INC,N/A,Karen Groves,32.88,32.88
122619,902770,LBH-683 3COMP CLR NACHO TRAY 500/CS,N/A,O Non Stock Inactive,LB-683,N/A,38,2567 DETROIT FORMING INC.,04/29/2024,Karen Groves,54.85,2084.30
99049,902923,83198 9" CLEAR PLATE 240/CS,N/A,O Non Stock Inactive,FORMAN#6639,N/A,1,4150 HOFFMASTER GROUP INC,N/A,Suyeon Nam,45.96,45.96
125558,903016,BP763-090 BLK MED TRAY 500,N/A,O Non Stock Inactive,BP763-090,N/A,5,1520 D&W FINE PACK LLC,N/A,Karen Groves,56.3,281.50
86420,903088,07215 6" HOT DOG HOLDER,N/A,N Stock Active,07215,N/A,2,3370 FORMAN INC,N/A,Karen Groves,29.53,59.06
86427,903132,DMR-7 CHAMPAGNE COLD CUP2500/CS,N/A,O Non Stock Inactive,107359016,03/18/2024,6,3190 GRAPHIC PACKAGING INT'L LLC,03/15/2024,Karen Groves,110.08,660.48
100078,9031824,RA03 BOOS BLOCK 18X24X2.25 HARD MAPLE/CREAM FINISH,N/A,N Stock Active,RA03,N/A,1,5078 JOHN BOOS & COMPANY,N/A,Noel Webster,90.43,90.43
99000,903224,7/8"X100YDS BLACK RIBBON    RLSIMPLY SHEER ASIANA   36/CS,N/A,N Stock Active,16-9436-030,N/A,2,1030 BERWICK OFFRAY LLC,N/A,Erin Ventola,7.51,15.02
86440,903278,40"X100' NAVY ROLL T/C  6FORMAN# 1069,N/A,O Non Stock Inactive,763278B,N/A,2,3370 FORMAN INC,N/A,Karen Groves,66.99,133.98
123739,903306,CP027 1"X60YD BLUE MASKNG TAPE 26/CS,N/A,O Non Stock Inactive,202872,N/A,1,10892 SHURTAPE TECHNOLOGIES  INC.,N/A,Matt Miller,127.92,127.92
109987,903320,903032002 CHINA PLATE 11-3/8 CANTINA BLUEBERRY DZ - S/O,N/A,O Non Stock Inactive,903032002,N/A,1,11315 SYRACUSE CHINA CO.,N/A,Eleni Davis,120.05,120.05
90766,903516,3516FS POCKET THERMOMETERDIGITAL LCD 40-302deg - EA,N/A,O Non Stock Inactive,3516FS,N/A,2,11560 LIFETIME BRANDS INC,N/A,Eleni Davis,7.72,15.44
109663,903630,HK-SS-363 3 FT S/S CABINET S/O ROYAL FARMS,N/A,N Stock Active,HK-SS-363,04/24/2024,2,196 ADVANCE TABCO,N/A,Noel Webster,2145.6,4291.20
110113,903700,9037 GLASS BEVERAGE 10OZ 24/CS STRAIGHT SIDED - SPEC ORD,N/A,O Non Stock Inactive,9037,N/A,1,SUPREME HOTEL & RESTAURANT SUPPLY,N/A,Eleni Davis,65.95,65.95
86463,903822,6.5X6.5X3 CAKE BOXFORMAN 1822,N/A,O Non Stock Inactive,1822,N/A,3,3370 FORMAN INC,N/A,Karen Groves,33.83,101.49
86464,903832,71042 40X100 ROYAL BLUE RLFORMAN# 2720 TABLECOVER,N/A,N Stock Active,71042,N/A,2,3370 FORMAN INC,N/A,Karen Groves,59.52,119.04
126981,903872,GBL677CLR 96oz DIMPLED BOWL 24/CS,N/A,N Stock Active,GBL677 CLEAR,N/A,8,4472 FINELINE SETTINGS,N/A,Karen Groves,23.34,186.72
125560,903932,P911W-0099 WHITE PLATTER 500/C 9X11 PLASTIC,N/A,O Non Stock Inactive,P911W-0099,N/A,4,2440 DART CONTAINER CORPORATION,N/A,Karen Groves,123.95,495.80
90784,904148,96SKRLP148 SHAKER DREDGE LIDCLEAR - EA - STOCK 12/CS,N/A,N Stock Active,96SKRLP148,03/11/2024,259,1610 CAMBRO MANUFACTURING COMPANY,04/17/2024,Eleni Davis,0.59,152.81
90785,904200,ALXP-1200 BUN PAN 18x26 ALUM12 GAUGE - EA -,N/A,O Non Stock Inactive,ALXP-1200,N/A,6,FOODWARE LLC,N/A,Eleni Davis,19.43,116.58
90787,904207,UT-7 UTILITY TONG 7" HD SS -EASCALLOP EDGE -,N/A,O Non Stock Inactive,UT-7,05/09/2024,10,FOODWARE LLC,05/23/2024,Eleni Davis,1.12,11.20
109494,904311,SPSCF STEAM PAN COVER 1/1 SS EA - SPEC ORD,N/A,O Non Stock Inactive,SPSCF,N/A,1,FOODWARE LLC,N/A,Eleni Davis,11.24,11.24
125561,904931,LS8 TRANSLUCENT LID 2M/CS NON-VENTED,N/A,O Non Stock Inactive,LS8,N/A,1,2440 DART CONTAINER CORPORATION,N/A,Karen Groves,59.81,59.81
116053,905180,10518BK CAN OPENER HANDHELD CRANK BLACK - EA S/O,N/A,O Non Stock Inactive,10518BK,N/A,1,11545 TABLECRAFT PRODUCTS CO. INC.,N/A,Eleni Davis,7.51,7.51
126986,905380,5380N WINDOW WALL THERMOMETER -40-120F  1-3/4" DIAL EA - S/O,N/A,O Non Stock Inactive,5380N,N/A,9,11560 LIFETIME BRANDS INC,N/A,Eleni Davis,2.05,18.45
90826,905458,E5458 BEER CAN GLASS 16OZCAN SHAPED - 36/CS,N/A,O Non Stock Inactive,E5458,N/A,1,1711 CARDINAL INTERNATIONAL INC,N/A,Eleni Davis,34.04,34.04
90847,905907,3256G PILLARD GRILL STAND SSCOUNTERTOP RD,N/A,O Non Stock Inactive,3256G,N/A,1,2821 EASTERN TABLETOP MANUFACTURING,N/A,Christine Nelson,346.08,346.08
107594,90665,B-0655-BSTP-CR SERVICE FAUCET S/ORD,N/A,N Stock Active,B-0655-BSTP-CR,N/A,1,11530 T&S BRASS AND BRONZE WORKS INC,N/A,Christine Nelson,235.98,235.98
107527,907110,DI-1-10SP D/IN SINK 1COMP S/ORDER,N/A,N Stock Active,DI-1-10SP,N/A,1,196 ADVANCE TABCO,N/A,Christine Nelson,927.6,927.60
130487,907122,SPR-22D SPEED RAIL 22" SS EA,N/A,O Non Stock Inactive,SPR-22D,N/A,3,FOODWARE LLC,N/A,Eleni Davis,42.85,128.55
100829,907156,White Custom CUTTING BOARD 46-5/8X11-1/2X.75,N/A,O Non Stock Inactive,CUSTOM,N/A,2,CFS BRANDS  LLC,N/A,Eleni Davis,58.2,116.40
126987,908031,HR18PPWH 18" RND WHITE TRAY 25/CS,N/A,O Non Stock Inactive,HR18PPWH,N/A,12,4472 FINELINE SETTINGS,N/A,Karen Groves,24.5,294.00
100777,908035,900606D300 5x5 SQ Black TRAY300/CS,N/A,O Non Stock Inactive,900606D300,N/A,8,10650 SABERT CORPORATION,N/A,Karen Groves,80.84,646.72
100098,908065,IOMQ WATER FILTER CARTRIDGERD,N/A,N Stock Active,IOMQ,03/07/2024,2,LINDOX SIEGEL EQUIPMENT CORP,04/02/2024,Christine Nelson,203.71,407.42
100018,908253,8253 3FT LP METAL PACK FIXTURE LIGHTED,N/A,N Stock Active,8253,N/A,2,4412 IMAGEWORKS DISPLAY & MARKETING,N/A,Noel Webster,1250,2500.00
122721,908284,EMI-SB12 12oz CLR SQUARE BOWL 120/CS,N/A,O Non Stock Inactive,EMI-SB12CLEAR,N/A,2,2863 EMI YOSHI INC.,N/A,Karen Groves,102.6,205.20
104691,908313,80013 SERVING PAN 18OZ RECT,N/A,O Non Stock Inactive,80013,05/28/2024,12,11545 TABLECRAFT PRODUCTS CO. INC.,N/A,Eleni Davis,8.07,96.84
86615,908356,FC1-IF LID F/24oz 4-COMP TRAYINSIDE FIT 360/CS,N/A,N Stock Active,22030001,N/A,12,8897 PLACON CORPORATION,N/A,Karen Groves,72.78,873.36
86616,908357,FC1-32 32oz CLEAR TRAY 360/CS,N/A,N Stock Active,22032001,N/A,28,8897 PLACON CORPORATION,N/A,Karen Groves,84.45,2364.60
109390,908720,4808720 TURNER SOLID S.S. EA H.D. ERGO GRIP - SPEC ORD,N/A,O Non Stock Inactive,4808720,N/A,1,12700 THE VOLLRATH COMPANY  L.L.C.,N/A,Eleni Davis,6.26,6.26
128044,908775,DX50008775 LID DISPOSABLE SIP FOR DX5200 - 1000/CS,N/A,N Stock Active,DX50008775,N/A,17,CFS BRANDS  LLC,N/A,Eleni Davis,54.25,922.25
103819,908941,L8941 7OZ CHAMPAGNE COUPE,N/A,O Non Stock Inactive,L8941,N/A,4,1711 CARDINAL INTERNATIONAL INC,N/A,Eleni Davis,66.3,265.20
110114,909033,9033 MODERNIST 7OZ ROCKS GLASS 24/CS  SPEC ORDER,N/A,O Non Stock Inactive,9033,N/A,1,SUPREME HOTEL & RESTAURANT SUPPLY,N/A,Eleni Davis,63.02,63.02
109702,909075,G9075 GOBLET BEVERAGE GLASS 15-3/4oz 24/CS DISCONTINUED,N/A,O Non Stock Inactive,G9075,N/A,1,1711 CARDINAL INTERNATIONAL INC,N/A,Eleni Davis,60.83,60.83
90942,909153,9153 CONTOUR WINE 19.75OZ CLEARFIRE GLASS - 12/CS,N/A,O Non Stock Inactive,9153,N/A,1,SUPREME HOTEL & RESTAURANT SUPPLY,N/A,Eleni Davis,52.29,52.29
90943,909156,9156 CONTOUR GOBLET 16OZCLEARFIRE GLASS - 12/CS,N/A,O Non Stock Inactive,9156,N/A,1,SUPREME HOTEL & RESTAURANT SUPPLY,N/A,Eleni Davis,33.6,33.60
126991,909230,92302 GLASS 12OZ OLD FASHIONED COBALT BLUE RIM - 12/CS S/O,N/A,O Non Stock Inactive,92302,N/A,2,SUPREME HOTEL & RESTAURANT SUPPLY,N/A,Eleni Davis,64.35,128.70
90953,909359,ZEA102 152OZ BOWL STONE GREYEA,N/A,O Non Stock Inactive,ZEA102,N/A,2,FOODWARE  LLC,N/A,Eleni Davis,45.9,91.80
90955,909361,ZEA100 98OZ BOWL STONE GREYEA,N/A,O Non Stock Inactive,ZEA100,N/A,1,FOODWARE  LLC,N/A,Eleni Davis,17.33,17.33
90979,909873,707931 MUG 12-3/4 OZ 2/DZVELA-,N/A,O Non Stock Inactive,707931,N/A,1,1711 CARDINAL INTERNATIONAL INC,N/A,Eleni Davis,37.6,37.60
90995,910041,SSN100SMET BEVERAGE SERVER EA1 LITER SKIM MILK - EA -,N/A,O Non Stock Inactive,SSN100SMET,N/A,2,10843 SERVICE IDEAS. INC.,N/A,Eleni Davis,23.2,46.40
90996,910060,L7EP ALUM CRAB SHELL 4/250 CS,N/A,N Stock Active,L7EP,04/11/2024,1,AMERCARE ROYAL LLC,N/A,Matt Miller,70,70.00
90997,910061,L103P ALUM CLAM SHELL 4/25,N/A,O Non Stock Inactive,L103P,N/A,2,AMERCARE ROYAL LLC,N/A,Matt Miller,103.71,207.42
109671,910094,EV910094 ESPRESSO SYSTEM FILTR SO-24   S/ORD,N/A,N Stock Active,EV910094,N/A,3,211 AIRECO SUPPLY INC.,N/A,Christine Nelson,135,405.00
126995,910142,10150 PEPPER MILL 10" WALNUT FINISH - EA - SPEC ORD,N/A,O Non Stock Inactive,10150,05/02/2024,2,1888 CHEF SPECIALTIES COMPANY  INC.,N/A,Eleni Davis,26.1,52.20
130569,910261,SP10 MIXER 10QT C/T #12 HUB S/O,N/A,N Stock Active,SP10,N/A,1,GLOBE FOOD EQUIPMENT COMPANY,N/A,Noel Webster,2712.02,2712.02
126996,910300,16X6X16 BROWN DEBONAIR SHOPPER 65#  200/CS,N/A,O Non Stock Inactive,87131,N/A,1,2780 DURO HILEX POLY LLC,N/A,Erin Ventola,42.95,42.95
91020,910417,10417U13 COVER HH FULL SIZENOTCHED FOR 1/1 PAN - EA -,N/A,O Non Stock Inactive,10417U13,N/A,1,CFS BRANDS  LLC,N/A,Eleni Davis,23.81,23.81
101601,910514,PUSH POP STICKS 250/CS,N/A,O Non Stock Inactive,89685,N/A,1,5142 JOHN E. KOERNER COMPANY,N/A,Eleni Davis,68.83,68.83
91033,910643,1064302 STORAGE CONT 26X18X12WHITE 16.6 GAL STACK - EA,N/A,O Non Stock Inactive,1064302,N/A,2,CFS BRANDS  LLC,N/A,Eleni Davis,32.14,64.28
104680,910681,10681 BEVERAGE POUCH 10OZ,N/A,O Non Stock Inactive,10681,N/A,4,11545 TABLECRAFT PRODUCTS CO. INC.,N/A,Eleni Davis,11.4,45.60
91052,910826,8" PEGHOOK  BLACK    EAMPM21261 GRIDWALL SCANNER HOOK,N/A,O Non Stock Inactive,GGWH8SCANB,N/A,8,12636 VIRA INSIGHT  LLC,N/A,Erin Ventola,0.7,5.60
91055,910853,10853C SQUEEZE BOTTLE 8oz WIDEMOUTH - 36/CS -,N/A,O Non Stock Inactive,10853C,N/A,2,11545 TABLECRAFT PRODUCTS CO. INC.,N/A,Eleni Davis,24.48,48.96
109849,910860,BS60 BACKBAR REFRIGERATOR 2DR BLK VINYL SIDE & DR W/CST S/O,N/A,N Stock Active,BS60,N/A,1,5883 KROWNE METAL CORP.,N/A,Christine Nelson,2332,2332.00
130233,910962,CORNER962-OUT-X CORNER GUARD 2"X2"X96"  S/S   S/ORD,N/A,O Non Stock Inactive,CORNER962-OUT-X,03/07/2024,3,5078 JOHN BOOS & COMPANY,04/02/2024,Christine Nelson,81.7,245.10
86665,910996,6X6X6 1 PC WHITE GIFT BOXTUCK-IT   100/CS,N/A,O Non Stock Inactive,54114-000,N/A,1,1270 BOXIT CORPORATION,N/A,Matt Miller,56.7,56.70
102234,911044,1100GL004 SERVING TRAY 11.25" GRIPLITE BLACK - 12/CS - S/O,N/A,O Non Stock Inactive,1100GL004,N/A,16,CFS BRANDS  LLC,N/A,Eleni Davis,74.04,1184.64
126998,911066,14X14X10 WHITE GIFT BOX  25/CS 2PC LOCK CORNER S/O,N/A,O Non Stock Inactive,LC14-000,N/A,1,1270 BOXIT CORPORATION,N/A,Matt Miller,108.2,108.20
99028,911085,10X5X5 WHT LOCK CORNER BO WHITE GLOSS 87P 100/CS,N/A,N Stock Active,87P,N/A,12,20000 ACME MISC ITEMS,N/A,Erin Ventola,29.1,349.20
100963,911127,TWT-27 WORKTOP REFRIG 1-SECTRD,N/A,N Stock Active,TWT-27,N/A,1,11874 TRUE MANUFACTURING COMPANY INC,N/A,Christine Nelson,1343.85,1343.85
125222,911141,RFP14 DISHWASHER RACK BUN PAN FULL SIZE BLUE - 3/CS -,N/A,O Non Stock Inactive,RFP14,N/A,1,CFS BRANDS  LLC,N/A,Eleni Davis,186.63,186.63
91081,911156,BK156 SUGAR PACKET HOLDERARTISAN BLACK - EA  *12/CS*,N/A,O Non Stock Inactive,BK156,N/A,10,11545 TABLECRAFT PRODUCTS CO. INC.,N/A,Eleni Davis,2.31,23.10
126999,911183,171-1183 TIMER ELECTRONIC - EA 2 CHANNEL SINGLE FUNCT - S/O,N/A,O Non Stock Inactive,171-1183,N/A,1,ALLPOINTS,N/A,Eleni Davis,495.75,495.75
91084,911191,137-1191 UTENSIL RACK WALLMOUNT 24" - EA -,N/A,O Non Stock Inactive,137-1191,N/A,3,ALLPOINTS,N/A,Eleni Davis,31.04,93.12
91085,911200,11200618 SERVING TRAY 8X4 RECTTERRAMESA WHEAT - 6/CS,N/A,O Non Stock Inactive,11200618,N/A,11,11234 STEELITE USA,N/A,Eleni Davis,246.15,2707.65
91099,911338,CGS-38S STANCHION RETRACTABLE34" POST HW SS - EA,N/A,O Non Stock Inactive,CGS-38S,04/06/2024,8,FOODWARE LLC,04/12/2024,Eleni Davis,51.33,410.64
127641,911388,SS-10TDU FOODWARMER B/IN 11QT W/21709 SCREEN & 20385 KIT,N/A,N Stock Active,SS-10TDU,N/A,1,13179 WELLS BLOOMFIELD LLC,N/A,Christine Nelson,824.22,824.22
130811,911430,1WS14C POST MT SINGLE 14" CHROME  S/ORD,N/A,N Stock Active,1WS14C,N/A,8,4520 INTERMETRO INDUSTRIES CORP,N/A,Noel Webster,12.3,98.40
91111,911469,S46912PCP KNIFE SLICER 12"SCALLOPED ROSEWOOD HAND EA,N/A,O Non Stock Inactive,S46912PCP,N/A,1,4010 DEXTER-RUSSELL INC.,N/A,Eleni Davis,21.85,21.85
123786,911555,11550551 CHINA PLATTER RECT CRAFT WHITE - 6/CS -,N/A,O Non Stock Inactive,11550551,N/A,4,11234 STEELITE USA,N/A,Eleni Davis,354.93,1419.72
123787,911556,11550372 CHINA BOWL 12OZ CRAFT WHITE - 6/CS -,N/A,O Non Stock Inactive,11550372,N/A,1,11234 STEELITE USA,N/A,Eleni Davis,156.14,156.14
123788,911557,11550571 CHINA BOWL 4OZ COUPE CRAFT WHITE - 24/CS -,N/A,O Non Stock Inactive,11550571,N/A,1,11234 STEELITE USA,N/A,Eleni Davis,355.26,355.26
86694,911772,PCS5613RR2 OBLONG STONEWARETRAY 500/CS,N/A,N Stock Active,PCS5613RR2,N/A,10,8720 PACTIV LLC,N/A,Karen Groves,92.66,926.60
123595,911777,CHAMPAGNE FLUTE 6-3/4OZ STOLZLE - 24/CS -,N/A,O Non Stock Inactive,A911077222T,N/A,3,9966 RAK PORCELAIN USA  INC.,N/A,Eleni Davis,126,378.00
127642,911854,1854NC WIRE SHELF 18X54 CHROME S/ORD,N/A,N Stock Active,1854NC,N/A,1,4520 INTERMETRO INDUSTRIES CORP,N/A,Christine Nelson,43.2,43.20
129908,911933,A101P804 CHINA PLATE ANFORA TALAVERA BLACK - 24/CS S/O,N/A,O Non Stock Inactive,A101P804,04/23/2024,3,11234 STEELITE USA,04/25/2024,Eleni Davis,184.96,554.88
100836,911960,KP196KCRD KLEEN PAIL 6QT REDEA -,N/A,O Non Stock Inactive,KP196KCRD,N/A,6,CFS BRANDS  LLC,N/A,Eleni Davis,4.95,29.70
130545,91210,B-1210-01 GLASS FILLER 10"DECK SPEC ORDER - PEDESTAL,N/A,N Stock Active,B-1210-01,N/A,1,11530 T&S BRASS AND BRONZE WORKS INC,N/A,Noel Webster,95.76,95.76
97894,912121,EC-12-1-CL ECO TAKEOUT 3 COMPPLASTIC CONT CLEAR - DZ -,N/A,O Non Stock Inactive,EC-12-1-CL,N/A,2,FOODWARE  LLC,N/A,Eleni Davis,43.04,86.08
98672,912128,12RS12480 ORGANIZER RACKW/12 BINS POLY  RD,N/A,O Non Stock Inactive,12RS12480,N/A,1,1610 CAMBRO MANUFACTURING COMPANY,N/A,Christine Nelson,94.1,94.10
103797,912157,12100570 CHINA BOWL 27OZ,N/A,O Non Stock Inactive,12100570,N/A,3,11234 STEELITE USA,N/A,Eleni Davis,209.69,629.07
91164,912228,228 CHAMPAGNE / WINE GLASS8-1/2oz - 12/CS -,N/A,O Non Stock Inactive,228 DOT 473348,N/A,1,SUPREME HOTEL & RESTAURANT SUPPLY,N/A,Eleni Davis,25.99,25.99
109803,912250,63P POSTS 63" CHROME EACH S/ORD,N/A,N Stock Active,63P,N/A,8,4520 INTERMETRO INDUSTRIES CORP,N/A,Christine Nelson,7.8,62.40
86720,912257,1.75OZ REGULAR COFFEE 42/CSFORMAN#6711,N/A,O Non Stock Inactive,12328,N/A,3,3370 FORMAN INC,N/A,Karen Groves,24.81,74.43
127697,9123012,B-1230-12 GLASS FILLER 12"H S/ORD,N/A,N Stock Active,B-1230-12,03/07/2024,2,11530 T&S BRASS AND BRONZE WORKS INC,05/31/2024,Christine Nelson,243.05,486.10
109668,912330,TA-43 FILLER PANEL 3" X30" W/FLANGED FEET  S/ORD,N/A,N Stock Active,TA-43,N/A,2,196 ADVANCE TABCO,N/A,Christine Nelson,164.4,328.80
99415,912418,FSMOD-X 18X24X14 CUSTOM SINK W/ 18" DB & FAUCET REVIS.,N/A,N Stock Active,FSMOD-X,N/A,1,196 ADVANCE TABCO,N/A,Noel Webster,1308,1308.00
100030,912436,A2436NC 24"X36" CHROME SHELFRD,N/A,N Stock Active,A2436NC,N/A,14,4520 INTERMETRO INDUSTRIES CORP,N/A,Christine Nelson,16.01,224.14
100031,912460,A2460NC CHROME SHELF 24X60 EA,N/A,N Stock Active,A2460NC,N/A,10,4520 INTERMETRO INDUSTRIES CORP,N/A,Christine Nelson,45.15,451.50
91177,912591,C-DP1 DISPLAY COVER DOME FULLPOLYCARBONATE  - EA -,N/A,O Non Stock Inactive,C-DP1,N/A,4,FOODWARE LLC,N/A,Eleni Davis,20.53,82.12
125227,912593,APR3BLC AIRPOT SERVING RACK 3 COMP BLACK - EA,N/A,O Non Stock Inactive,APR3BLC,N/A,12,10843 SERVICE IDEAS. INC.,N/A,Eleni Davis,68.63,823.56
100249,912604,12604-40 SIEVE DRUM MED MESHSS - EA -,N/A,O Non Stock Inactive,12604-40,N/A,1,8738 PADERNO WORLD CUISINE,N/A,Eleni Davis,49.5,49.50
108643,9127218,WS-12-72 WALLSHELF 12X72 S/ORD,N/A,N Stock Active,WS-12-72,N/A,1,196 ADVANCE TABCO,N/A,Christine Nelson,123,123.00
91196,912933,DSC-3 DOUGH SCRAPER 6X3 BLADEWOOD HANDLE - EA -,N/A,O Non Stock Inactive,DSC-3,03/27/2024,5,FOODWARE LLC,03/29/2024,Eleni Davis,1.78,8.90
91197,912938,ASFB-24 SCOOP 24OZ ALUMINUMFLAT BOTTON - EA -,N/A,O Non Stock Inactive,ASFB-24,N/A,1,FOODWARE LLC,N/A,Eleni Davis,5.52,5.52
97911,913058,13058 SLATWALL HOOKS W/FLIPSCAN LABEL 11" - 25/BAG -,N/A,O Non Stock Inactive,13058,N/A,4,4261 HUBERT COMPANY,N/A,Eleni Davis,30.8,123.20
91206,913082,ACP-082 CAKE PAN 8X2 ALUMINUMROUND - EA -,N/A,O Non Stock Inactive,ACP-082,N/A,6,FOODWARE LLC,N/A,Eleni Davis,3.58,21.48
130724,913377,WHIZ AUTONOMOUS VAC SWEEPER,N/A,O Non Stock Inactive,0,N/A,1,SOFTBANK ROBOTICS AMERICA INC.,N/A,Noel Marucut,23290,23290.00
86757,913430,70MMX147' CONTINUOUS LINED LBL30RL/CS,N/A,O Non Stock Inactive,503004004000000251,N/A,4,1135 BIZERBA USA INC.,N/A,Erin Ventola,144.3,577.20
121968,913431,TMMP446016 S1 16" MOPS 500/CS MICROFIBER SINGLE USE S/O,N/A,O Non Stock Inactive,TMMP446016,N/A,1,12039 UNIMED CORP.,N/A,Noel Marucut,80.19,80.19
121970,913436,TLDW453522 L3 1/4 FOLD  960/CS MICROFIBER CLOTH  S/O,N/A,O Non Stock Inactive,TLDW453522,05/20/2024,1,12039 UNIMED CORP.,04/25/2024,Noel Marucut,70.75,70.75
123195,913438,DIA99795CT DIAL FOAM HANDWASH 4/1GAL ORIGINAL REFILL,N/A,N Stock Active,DIA99795CT,05/20/2024,12,ESSENDANT,N/A,Noel Marucut,97.69,1172.28
122390,913444,92542 CLARIO 2.0 FOAM DISPENSR 12EA/CS WHITE DISP MANUAL,N/A,O Non Stock Inactive,9254200,05/15/2024,1474,1065 BETCO CORPORATION,N/A,Noel Marucut,N/A,0.00
122812,913471,OCEAN MIST ECO CLIP 12/BX,N/A,O Non Stock Inactive,EBC-F-012I072M-08,04/12/2024,2,3496 FRESH PRODUCTS  LLC,04/03/2024,Noel Marucut,19.25,38.50
107581,913492,KGM-13 REFRIGERATED MERCH S/O,N/A,N Stock Active,KGM-13,N/A,1,6918 MVP GROUP,N/A,Noel Webster,1260.44,1260.44
122394,913499,92682-00 FASTDRAW PRO DISPENSR ACTION GAP,N/A,O Non Stock Inactive,9268200,N/A,5,1065 BETCO CORPORATION,N/A,Noel Marucut,N/A,0.00
122776,913514,V1640CC-32 32OZ PET CLEAR CUP VINTAGE 300/CASE 2140,N/A,O Non Stock Inactive,2140 / V1640CC-32,N/A,3,3370 FORMAN INC,N/A,Noel Marucut,61.24,183.72
123036,913543,1877 FLUTE GLASS 8OZ 36/CS HELENA,N/A,O Non Stock Inactive,1877,09/12/2023,3,4537 INTERNATIONAL TABLEWARE  INC.,N/A,Eleni Davis,113.23,339.69
128930,913618,52847 SPEEDEX FASTDRAW 4/2LTR CLEANER/DEGREASER,N/A,N Stock Active,5284700,05/31/2024,29,1065 BETCO CORPORATION,N/A,Noel Marucut,128.68,3731.72
129953,913682,03515 SWIFFER WET CLOTH 12/12CT   S/O,N/A,O Non Stock Inactive,PGC03515CT,05/16/2024,22,ESSENDANT,05/17/2024,Noel Marucut,52.79,1161.38
116573,913851,1385 BAKERS SPATULA 4.25" SS WOOD HANDLE - EA S/O,N/A,O Non Stock Inactive,1385,N/A,2,4004 HAROLD IMPORT COMPANY  INC.,N/A,Eleni Davis,2.25,4.50
122294,913917,ACMH MOSCOW MULE MUG 14OZ HAMMERED ANTIQUE COPPER EA,N/A,O Non Stock Inactive,ACMH,05/09/2024,1,413 AMERICAN METALCRAFT  INC.,05/08/2024,Eleni Davis,15.93,15.93
127007,914216,TN-16 CHINA PLATE 10" ROUND TORINO - 24/CS - SPEC ORD,N/A,O Non Stock Inactive,TN-16,N/A,1,4537 INTERNATIONAL TABLEWARE  INC.,N/A,Eleni Davis,121.61,121.61
100117,91448,WALKIN PANEL 8'H REPLACEMENTRD,N/A,N Stock Active,PANEL #10,N/A,1,7265 MID-SOUTH INDUSTRIES INC.,N/A,Christine Nelson,595,595.00
101245,914619,WL-66 LOCKER 6 TIER 1 COLUMNRD,N/A,N Stock Active,WL-66,N/A,1,WINHOLT EQUIPMENT CORP.,N/A,Christine Nelson,292.95,292.95
127645,914816,14-546L FAUCET DECKMNT 4"OC GOOSENECK RIGID  S/ORD,N/A,O Non Stock Inactive,14-546L,N/A,1,5883 KROWNE METAL CORP.,N/A,Christine Nelson,123.75,123.75
99608,91500,MC1500 INDUCTION RANGERD,N/A,N Stock Active,MC1500,N/A,1,2205 COOKTEK INDUCTION SYSTEM,N/A,Christine Nelson,666.44,666.44
102111,915042,PA511  10" SQUARE PLATE WHITE SHALLOW - 12/CS SPEC ORD,N/A,O Non Stock Inactive,PA511,N/A,1,MAYFAIR U.S.A. INC.,N/A,Eleni Davis,50.08,50.08
91296,915220,GP-2 GARLIC PRESS & SLICER7-1/2" LONG - EA -,N/A,O Non Stock Inactive,GP-2,N/A,2,FOODWARE LLC,N/A,Eleni Davis,10.69,21.38
91311,915371,1537BR BUS BOX 7" DEEP BROWN21X16X7 - EA  *MUST BUY 12*,N/A,O Non Stock Inactive,1537BR,N/A,2,11545 TABLECRAFT PRODUCTS CO. INC.,N/A,Eleni Davis,7.01,14.02
100033,91548,WG3048K3 SMARTWALL GRID 30X48RD,N/A,N Stock Active,WG3048K3,N/A,1,4520 INTERMETRO INDUSTRIES CORP,N/A,Christine Nelson,77.35,77.35
130491,915519,7060AWHA BAKING DISH 11OZ 6X4.25 OVAL WHITE - 24/CS S/O,N/A,O Non Stock Inactive,7060AWHA,N/A,1,11234 STEELITE USA,N/A,Eleni Davis,95.54,95.54
91330,915520,HL12820ABWA BOWL CHINA 4 PINTS** **,N/A,N Stock Active,HL12820ABWA,N/A,3,11234 STEELITE USA,N/A,Eleni Davis,34.44,103.32
100960,9155612,155612 SANDTEX ROYAL FARMS B/S BARSTOOL W/MAHOGANY WOOD,N/A,N Stock Active,155612,N/A,10,11853 TRENDLER  INC.,N/A,Noel Webster,71.1,711.00
123597,915635,1560035T WINE GLASS 17OZ STOLZLE - 24/CS - STOCK,N/A,N Stock Active,1560035T,N/A,4,9966 RAK PORCELAIN USA  INC.,N/A,Eleni Davis,125.58,502.32
98673,915870,EMPK2470 POSTS FOR FLEXSTATION RD,N/A,O Non Stock Inactive,EMPK2470580,N/A,1,1610 CAMBRO MANUFACTURING COMPANY,N/A,Eleni Davis,91.58,91.58
130816,91610036,16100KITS36 GAS CONNECT KIT 1" X 36"  SP/ORD,N/A,N Stock Active,16100KITS36,N/A,1,2718 DORMONT MANUFACTURING COMPANY,N/A,Christine Nelson,230.49,230.49
91347,916128,11061-28 COVER FOR 18QT STOCKPOT SS - EA -,N/A,O Non Stock Inactive,11061-28,N/A,5,8738 PADERNO WORLD CUISINE,N/A,Eleni Davis,15.44,77.20
119609,916201,210BBGOLF12 BAMBOO GOLF TEE SKEWERS 1M/CS   *SO**,Nathan Sugar,O Non Stock Inactive,210BBGOLF12,04/16/2024,2,8733 PACKNWOOD,N/A,Karen Groves,74.27,148.54
127017,916471,16471 PILSNER 14OZ DOZ SPEC ORD,N/A,O Non Stock Inactive,16471,N/A,1,1711 CARDINAL INTERNATIONAL INC,N/A,Eleni Davis,49.49,49.49
99572,916548,B-165 4836 MIRROR 48X36 SS,N/A,N Stock Active,B-165 4836,N/A,5,1190 BOBRICK WASHROOM EQUIPMENT INC,N/A,Noel Marucut,137.66,688.30
91357,916691,L6691 BOWL 6-3/4OZ GLASS ROUNDMAEVA - 24/CS -,N/A,O Non Stock Inactive,L6691,N/A,2,1711 CARDINAL INTERNATIONAL INC,N/A,Eleni Davis,49.18,98.36
99665,916750,1675KIT48 48" 3/4" GAS KIT0,N/A,N Stock Active,1675KIT48,N/A,8,2718 DORMONT MANUFACTURING COMPANY,N/A,Christine Nelson,127.58,1020.64
91358,916753,L6753 BOWL 8-1/4OZ GLASS ROUNDJAZZED - 12/CS -,N/A,O Non Stock Inactive,L6753,N/A,1,1711 CARDINAL INTERNATIONAL INC,N/A,Eleni Davis,47.36,47.36
130615,9167536,1675KITS36 GAS KIT 3/4" X 36" S/ORDER,N/A,N Stock Active,1675KITS36,N/A,1,2718 DORMONT MANUFACTURING COMPANY,N/A,Christine Nelson,174.6,174.60
108971,917109,17-109WL PRERINSE W/ADD FAUCET S/ORD,N/A,O Non Stock Inactive,17-109WL,N/A,1,5883 KROWNE METAL CORP.,N/A,Christine Nelson,297.27,297.27
105600,917150,11109-28 BRAZIER PAN 7QT SSINDUCTION READY - EA S/O,N/A,O Non Stock Inactive,11109-28,N/A,4,10164 ROSENTHAL SAMBONET,N/A,Eleni Davis,106.52,426.08
105601,917151,11109-32 BRAZIER PAN 10.5QT SSINDUCTION READY - EA S/O,N/A,O Non Stock Inactive,11109-32,N/A,4,10164 ROSENTHAL SAMBONET,N/A,Eleni Davis,132.93,531.72
105602,917153,11109-40 BRAZIER PAN 20-5/8QTSS INDUCTION READY - EA S/O,N/A,O Non Stock Inactive,11109-40,N/A,2,10164 ROSENTHAL SAMBONET,N/A,Eleni Davis,290.27,580.54
105866,917510,CAN-11-Y CHINA BOWL 4-3/4 ozYELLOW CANCUN 36/CS S/O,N/A,O Non Stock Inactive,CAN-11-Y,N/A,1,4537 INTERNATIONAL TABLEWARE  INC.,N/A,Eleni Davis,54.68,54.68
91396,917549,20549 STEAM PAN 1/2X4 - SSEA -,N/A,O Non Stock Inactive,20549,N/A,2,12700 THE VOLLRATH COMPANY  L.L.C.,N/A,Eleni Davis,24.55,49.10
103852,917652,17650570 CHINA BOWL 27OZ,N/A,O Non Stock Inactive,17650570,N/A,1,11234 STEELITE USA,N/A,Eleni Davis,191.36,191.36
116575,918061,063 COFFEE TEA PRESS 12OZ 3CUP GLASS BEAKER SS LID EA - S/O,N/A,O Non Stock Inactive,63,03/28/2024,6,4004 HAROLD IMPORT COMPANY  INC.,N/A,Eleni Davis,10,60.00
91415,918066,065R REPLACEMENT BEAKER 20OZFOR COF/TEA PRESS - EA -,N/A,O Non Stock Inactive,065R,N/A,1,4004 HAROLD IMPORT COMPANY  INC.,N/A,Eleni Davis,10.5,10.50
108738,918180,KR18-GSB1 GLSRCK UNIT 24X24 S/O,N/A,N Stock Active,KR-18-GSB1,N/A,1,5883 KROWNE METAL CORP.,N/A,Noel Webster,437.81,437.81
127698,9181836,1836CI-4 SHELF INLAY PLASTIC 18X36,N/A,N Stock Active,1836CI-4,N/A,1,4520 INTERMETRO INDUSTRIES CORP,N/A,Christine Nelson,33.6,33.60
99420,9182418,FS-3-1824-18RL 3 COMP SINKS/0 ROYAL FARMS,N/A,N Stock Active,FS-3-1824-18RL,N/A,1,196 ADVANCE TABCO,N/A,Noel Webster,1975.2,1975.20
91441,918269,18269P148 FOOD BOX 18X26X9WHITE  6/CS,N/A,O Non Stock Inactive,18269P148,04/10/2024,3,1610 CAMBRO MANUFACTURING COMPANY,N/A,Eleni Davis,27.4,82.20
99693,918278,SR14-10-5-1 D/IN SINKNO FAUCET!,N/A,N Stock Active,SR14-10-5-1,N/A,1,2801 METAL MASTERS FOOD SERVICE,N/A,Christine Nelson,182.78,182.78
91454,918427,LDIN-6 LADLE SERVING 6OZ SS1 PIECE - EA -,N/A,O Non Stock Inactive,LDIN-6,N/A,2,FOODWARE LLC,N/A,Eleni Davis,3.16,6.32
127020,918447,FPPN-4 SPOON PORTION CONTROL 4OZ PERF GRAY - EA - S/O,N/A,O Non Stock Inactive,FPPN-4,N/A,12,FOODWARE LLC,N/A,Eleni Davis,2.82,33.84
101071,918481,FF1848G 18X48 EPOXY SLF WIRE,N/A,N Stock Active,FF1848G,N/A,6,1880 Hospitality,N/A,Eleni Davis,17.81,106.86
99422,918722,CU-18-72-2 DBL SHF 18X72 W/TA-71 HEAT LMP PROV.,N/A,N Stock Active,CU-18-72-2,N/A,2,196 ADVANCE TABCO,N/A,Noel Webster,1022.4,2044.80
122350,918828,B882SITF ICED TEASPOON 18/0 ACCLIVITY - DZ -,N/A,O Non Stock Inactive,B882SITF,05/02/2024,5,1880 Hospitality,N/A,Eleni Davis,35.1,175.50
86822,918916,18X9X16 WHITE 65# SHOPPERWK-180916   125/CS,N/A,O Non Stock Inactive,WK-180916,N/A,3,2780 DURO HILEX POLY LLC,N/A,Erin Ventola,29.75,89.25
91503,919066,IBS20148 INGREDIENT BIN 21 GAL NSF,N/A,O Non Stock Inactive,IBS20148,N/A,1,1610 CAMBRO MANUFACTURING COMPANY,N/A,Eleni Davis,222.3,222.30
91504,919067,133-1175 BROILER/GRILL BRUSHW/O HANDLE MEDIUM BRISTLES,N/A,O Non Stock Inactive,133-1175,N/A,11,ALLPOINTS,N/A,Eleni Davis,7.85,86.35
91505,919068,133-1173 BROILER/GRILL BRUSHW/O HANDLE COARSE BRISTLES,N/A,O Non Stock Inactive,133-1173,N/A,6,ALLPOINTS,N/A,Eleni Davis,12.68,76.08
91508,919088,GT-105 CHEESE GRATER FINE BLACK SOFT GRIP HANDLE,N/A,O Non Stock Inactive,GT-105,N/A,2,FOODWARE LLC,N/A,Eleni Davis,5.36,10.72
127025,919116,4686100 LOBBY BROOM BLK 12/CS S/0 8X30" FLAGGEDPOLY BRISTLES,N/A,O Non Stock Inactive,4686100,N/A,8,CFS BRANDS  LLC,N/A,Eleni Davis,9,72.00
91515,919130,4042304 10" FLOOR SCRUB BRUSH W/OHANDLE HI-LO YLW 12/CS,N/A,O Non Stock Inactive,4042304,N/A,2,CFS BRANDS  LLC,N/A,Eleni Davis,9.74,19.48
108144,919136,4188100 PUSH BROOM 24" W/P S/O W/OHANDLE MEDIUM SYNTHETIC,N/A,O Non Stock Inactive,4188100,N/A,8,CFS BRANDS  LLC,N/A,Eleni Davis,16.13,129.04
91517,919140,4577300 GRILL BRUSH W/SCRAPER14" WOOD HANDLE 12/CS,N/A,O Non Stock Inactive,4577300,N/A,3,CFS BRANDS  LLC,N/A,Eleni Davis,3.19,9.57
91518,919156,1100533 LABEL 2X2" USE BY W250/ROL DISSOLVEMARK,N/A,O Non Stock Inactive,1100533,N/A,5,2495 DAYMARK SAFETY SYSTEMS,N/A,Erin Ventola,8.9,44.50
109721,919160,1100537 LABEL 2X2" USE BY SUN 250/ROL DISSOLVEMARK S/O,N/A,O Non Stock Inactive,1100537,N/A,12,2495 DAYMARK SAFETY SYSTEMS,N/A,Erin Ventola,9.55,114.60
127026,919187,H918NBK O&V SET W/RACK EA OIL AND VINEGAR,N/A,O Non Stock Inactive,H918NBK,N/A,5,11545 TABLECRAFT PRODUCTS CO. INC.,N/A,Eleni Davis,20.55,102.75
91534,919406,20248 WIRE GRATE S/S 6EA/CS1/2 SIZE BUN PAN-,N/A,O Non Stock Inactive,20248,N/A,1,12700 THE VOLLRATH COMPANY  L.L.C.,N/A,Eleni Davis,9.59,9.59
99924,91965,GRAHL-66 HEAT LAMPRD NOTRE DAME,N/A,N Stock Active,GRAHL-66,N/A,2,4040 HATCO CORPORATION,N/A,Christine Nelson,364,728.00
91558,919704,55063 BLADE ASSEMBLY 3/8" EA.SPEC.ORD,N/A,O Non Stock Inactive,55063,N/A,1,12700 THE VOLLRATH COMPANY  L.L.C.,N/A,Eleni Davis,75.75,75.75
107499,919749,A4171422 FRYING PAN 8-5/8 EA SPEC ORD,N/A,O Non Stock Inactive,A4171422,N/A,8,10164 ROSENTHAL SAMBONET,N/A,Eleni Davis,13.97,111.76
91564,919751,30063 PERFORATED FOOD PAN EA.S/S-,N/A,O Non Stock Inactive,30063,N/A,12,12700 THE VOLLRATH COMPANY  L.L.C.,N/A,Eleni Davis,54.27,651.24
97950,919844,1101087 3" CIRCLE DAY SUNDAY *USE 210907,N/A,O Non Stock Inactive,1101087,N/A,1,2495 DAYMARK SAFETY SYSTEMS,N/A,Erin Ventola,8.09,8.09
91579,919881,02032 16OZ PILSNER BEER GLASS24/CS    BY MFR,N/A,O Non Stock Inactive,02032,N/A,1,1711 CARDINAL INTERNATIONAL INC,N/A,Eleni Davis,41.27,41.27
98998,920004,TULLE 6"X25YDS WHITE 36RLS/CS36RLS/CS,N/A,O Non Stock Inactive,27 96904 29 WHITE,N/A,36,1030 BERWICK OFFRAY LLC,N/A,Erin Ventola,1.72,61.92
91605,920214,56500-1 EASY CHOPPER II2 NSF 1/4" SQ CUT,N/A,O Non Stock Inactive,56500-1,N/A,1,7719 NEMCO FOOD EQUIPMENT,N/A,Christine Nelson,191.58,191.58
106231,920226,CAST-12 SKILLET 12" CAST IRON W/HELPER HANDLE 4/CS,N/A,O Non Stock Inactive,CAST-12,N/A,2,FOODWARE LLC,N/A,Eleni Davis,17.68,35.36
91614,920354,4078015 SOIREE 9-1/2OZ WHISKY12/CS -,N/A,O Non Stock Inactive,4078015,03/25/2024,1,3370 FORMAN INC,N/A,Eleni Davis,64.42,64.42
91615,920360,42569-04  4 WAY GRATER S.S.EA -,N/A,O Non Stock Inactive,4256904,N/A,1,8738 PADERNO WORLD CUISINE,N/A,Eleni Davis,10,10.00
91617,920370,SOIREE CHAMPAGNE FLUTE 6.5OZ12/CS GLASS 4078007 -,N/A,O Non Stock Inactive,4078007,N/A,1,SUPREME HOTEL & RESTAURANT SUPPLY,N/A,Eleni Davis,73.8,73.80
91621,920417,4078009 SOIREE 11-6/7OZ TUMBLE12/CS,N/A,O Non Stock Inactive,4078009,N/A,2,SUPREME HOTEL & RESTAURANT SUPPLY,N/A,Eleni Davis,66.8,133.60
91625,920448,604460 9-1/4"SERVING SPOON DZSTOCK,N/A,N Stock Active,604460,N/A,12,CFS BRANDS  LLC,N/A,Eleni Davis,6.41,76.92
91629,920472,GRACO558 GRANDE 6OZ MINISTOCK 120/CS CLEAR DISH,N/A,N Stock Active,GRAC0558,N/A,12,10165 ROSSETO SERVING SOLUTIONS,N/A,Eleni Davis,34.65,415.80
127038,920577,T1755TBK TOWEL DISP C-FOLD S/O BLACK PEARL,N/A,O Non Stock Inactive,T1755TBK,05/31/2024,1,CFS BRANDS  LLC,N/A,Eleni Davis,20.91,20.91
97955,920581,6306000 7OZ BOUILLON UNDECORAT STACKING   3DZ/CS,N/A,O Non Stock Inactive,6306000,N/A,6,11234 STEELITE USA,N/A,Eleni Davis,179.79,1078.74
109538,920594,CCS12F STRAINER 12"SS CHINACAP S/O,N/A,O Non Stock Inactive,CCS12F,05/15/2024,2,FOODWARE LLC,05/21/2024,Eleni Davis,18.62,37.24
127040,920646,FL646 BOWL CHINA 32OZ ROUND STONEWARE WHITE - DZ - S/O,N/A,O Non Stock Inactive,FL646,N/A,1,1711 CARDINAL INTERNATIONAL INC,N/A,Eleni Davis,234.68,234.68
107487,920694,L14SK3 FRY PAN 15X2-1/2 ROUND S/O CAST IRON SEASONED,N/A,O Non Stock Inactive,L14SK3,N/A,4,LODGE MANUFACTURING COMPANY,N/A,Eleni Davis,40.96,163.84
91645,920782,PRD-43 4X3"CAKE PANSTOCK CS/6,N/A,N Stock Active,PRD-43,N/A,205,3141 FAT DADDIO'S,N/A,Eleni Davis,2.66,545.30
122462,920863,GLASS DISHWASHER RACK 20COMP 4 EXT - RED - EA -,N/A,O Non Stock Inactive,20S800163,N/A,1,1610 CAMBRO MANUFACTURING COMPANY,N/A,Eleni Davis,56.9,56.90
97957,920891,CS-6103-W PLATTER 11.25X7"WHITE MELAMINE - DZ -,N/A,O Non Stock Inactive,CS-6103-W,N/A,4,FOODWARE  LLC,N/A,Eleni Davis,64.35,257.40
91657,920915,C0915 PIAZZA OLD FASH 9OZ 36/COLD FASHION,N/A,O Non Stock Inactive,C0915,N/A,2,1711 CARDINAL INTERNATIONAL INC,N/A,Eleni Davis,26.92,53.84
91674,921038,92103 DRINKING JAR 16oz GLASS12/CS -,N/A,N Stock Active,92103,N/A,11,SUPREME HOTEL & RESTAURANT SUPPLY,N/A,Eleni Davis,19.21,211.31
130573,921052,AW-2S-10 COFFEE WARMER S/O,N/A,N Stock Active,AW-2S-10,N/A,1,WILBUR CURTIS COMPANY  INC.,N/A,Noel Webster,74,74.00
102544,921139,21-139L ADD-ON FAUCET 12"NZZL S/ORD,N/A,O Non Stock Inactive,21-139L,N/A,1,5883 KROWNE METAL CORP.,N/A,Christine Nelson,54.88,54.88
99705,92116,116 ARMCHAIR OUTDOOR STACKANTIQUE IRON FINISH RD,N/A,N Stock Active,116,N/A,40,2878 EMUAMERICAS  LLC,N/A,Christine Nelson,66.83,2673.20
91682,921180,102-1180 FLOOR TROUGH DRAINACCESSORIES - EA -,N/A,O Non Stock Inactive,102-1180,N/A,9,ALLPOINTS,N/A,Eleni Davis,4.55,40.95
109373,921191,1191 BLENDER LID & PLUG PARTS & ACCESSORIES VITA PREP EA S/O,N/A,O Non Stock Inactive,1191,N/A,1,12701 VITA-MIX CORPORATION,N/A,Eleni Davis,23.07,23.07
101224,921230,VHP212 HOTPLATE NAT GAS 12"W0,N/A,N Stock Active,VHP212,N/A,2,12716 VULCAN FOOD EQUIPMENT GROUP,N/A,Noel Webster,822.65,1645.30
100035,921243,2124NK3 21X24 EPOXY SHELF0,N/A,N Stock Active,2124NK3,N/A,4,4520 INTERMETRO INDUSTRIES CORP,N/A,Noel Webster,15.4,61.60
107588,92136,S36D RANGE 36" 6-BURNER NG W/CASTERS S/ORD,N/A,N Stock Active,S36D/CASTERS,N/A,1,11059 SOUTHBEND A MIDDLEBY CO.,N/A,Christine Nelson,1631.05,1631.05
104783,921469,SCRSETUP ART DESIGN SET UP,N/A,O Non Stock Inactive,SCRSETUP/2708,N/A,6,12025 TUUCI  LLC,N/A,Christine Nelson,180,1080.00
104776,921472,SCRCOSTS LOGO PER PANEL PRINT,N/A,O Non Stock Inactive,SCRCOSTS,N/A,32,12025 TUUCI  LLC,N/A,Christine Nelson,22.5,720.00
108122,921515,E1515 PRYSM ROCKS 9OZ 48/CS,N/A,O Non Stock Inactive,E1515,N/A,3,1711 CARDINAL INTERNATIONAL INC,N/A,Eleni Davis,101.76,305.28
100036,921549,2154NK3 SHELF 21X54 EPOXY0,N/A,N Stock Active,2154NK3,N/A,8,4520 INTERMETRO INDUSTRIES CORP,N/A,Noel Webster,44.1,352.80
110120,921641,92163 DISPENSER STAND 2/CS 0,N/A,O Non Stock Inactive,92163,N/A,2,SUPREME HOTEL & RESTAURANT SUPPLY,N/A,Eleni Davis,26.78,53.56
103908,921652,92165 BEVERAGE DISPENSER 2.9GL,N/A,O Non Stock Inactive,92165,N/A,1,SUPREME HOTEL & RESTAURANT SUPPLY,N/A,Eleni Davis,84.89,84.89
91711,921663,142-1662 BRUSH FINISH 7X3 - EA***DO NOT USE - SEE NEW #***,N/A,O Non Stock Inactive,142-1662,N/A,18,ALLPOINTS,N/A,Eleni Davis,3.66,65.88
91726,921955,RD-5P ROLLER DOCKER 5" HEADPLASTIC WHITE - EA -,N/A,O Non Stock Inactive,RD-5P,05/16/2024,1,FOODWARE LLC,03/14/2024,Eleni Davis,5.84,5.84
110223,922023,020230 BAIN MARIE LID FOR - DZ FOR 2&3-1/2QT CONT SPEC ORD,N/A,O Non Stock Inactive,020230,N/A,1,CFS BRANDS  LLC,N/A,Eleni Davis,10.56,10.56
97968,922156,0015-04 BOUILLON SPOON 6" HW18/0 LAFAYETTE - DZ -,N/A,N Stock Active,0015-04,N/A,5,FOODWARE LLC,N/A,Eleni Davis,6.43,32.15
91755,922382,8215N POCKET THERMOMETER EA8"STEM 3PT CALIBRATE 1.75"DIAL,N/A,O Non Stock Inactive,8215N,N/A,27,11560 LIFETIME BRANDS INC,N/A,Eleni Davis,7.88,212.76
119223,922445,CHINA CUP 3.5OZ ESPRESSO TOPAZ BLUE - 12/CS - S/O,N/A,O Non Stock Inactive,RKTBCEB91,N/A,7,CHURCHILL CHINA (UK) LTD,N/A,Eleni Davis,84,588.00
105988,922527,TT1554 BOWL MELAMINE 9.5OZTERRACOTTA RIPPLE - EA S/O,N/A,O Non Stock Inactive,TT1554,N/A,36,928 BAUSCHER HEPP INC,N/A,Eleni Davis,5.27,189.72
110121,922530,020530 BAIN MARIE CONT 2QT TRANS ROUND - 12/CS,N/A,O Non Stock Inactive,020530,N/A,1,CFS BRANDS  LLC,N/A,Eleni Davis,28.56,28.56
116066,922582,10019 SERVING TRAY 11X5-3/4 MELAMINE BARNWOOD - EA S/O,N/A,O Non Stock Inactive,10019,N/A,6,11545 TABLECRAFT PRODUCTS CO. INC.,N/A,Eleni Davis,6.98,41.88
91772,922616,432606 SPOODLE 3OZ BEIGE 12/CS,N/A,O Non Stock Inactive,432606,N/A,2,CFS BRANDS  LLC,N/A,Eleni Davis,5.73,11.46
91778,922660,2266 PUSH HANDLE FOR CRATHCOBUBBLER SS - EA,N/A,O Non Stock Inactive,2266,04/19/2024,4,2662 SAVAGE STEAKS LLC,N/A,Eleni Davis,12.99,51.96
110023,922895,JURF-48-N U/C DUAL TEMP REF/FZ S/ORD,N/A,O Non Stock Inactive,JURF-48-N,N/A,1,11904 TURBO AIR INC.,N/A,Christine Nelson,N/A,0.00
130546,92299,B-2299 FAUCET 14" SWING WALL SPEC ORDER,N/A,N Stock Active,B-2299,N/A,2,11530 T&S BRASS AND BRONZE WORKS INC,N/A,Noel Webster,N/A,0.00
91786,923021,L3SK3 CAST IRON FRYPAN 6.5"6/cs - STOCK,N/A,N Stock Active,L3SK3,05/06/2024,8,LODGE MANUFACTURING COMPANY,03/29/2024,Eleni Davis,51,408.00
107561,923314,SW23C WALL MT 14" END UNIT CHM S/O,N/A,O Non Stock Inactive,SW23C,N/A,2,4520 INTERMETRO INDUSTRIES CORP,N/A,Noel Webster,124.2,248.40
123012,923585,3405 35oz CARAFE W/LID 12/CS,N/A,O Non Stock Inactive,3405,N/A,2,4472 FINELINE SETTINGS,N/A,Karen Groves,41.55,83.10
109877,923636,HV236-1UA-OB AIR CURTAIN W/J0028CONTROL/J0016OB SIDEPLA,N/A,N Stock Active,HV236-1UA-OB,N/A,1,7051 MARS AIR SYSTEMS LLC,N/A,Christine Nelson,1140.3,1140.30
127043,923757,3757 EMBASSY WINE 10.5 OZ SPEC ORD       36/CS,N/A,O Non Stock Inactive,3757,N/A,1,SUPREME HOTEL & RESTAURANT SUPPLY,N/A,Eleni Davis,105.62,105.62
97983,923901,3901 CAMELOT TEASPOON 36/BOX18/0 -,N/A,O Non Stock Inactive,3901,N/A,2,11234 STEELITE USA,N/A,Eleni Davis,20.79,41.58
130574,924022,K-240-X SERVICE FAUCET SPEC ORDER,N/A,N Stock Active,K-240-X,N/A,1,196 ADVANCE TABCO,N/A,Noel Webster,514.4,514.40
100086,924111,RD-24 24" DOUBLE SPEED RAIL0,N/A,N Stock Active,RD-24,N/A,1,5883 KROWNE METAL CORP.,N/A,Noel Webster,111.15,111.15
130547,92421,K-242-X MOP HANGER 23" S/ORD,N/A,O Non Stock Inactive,K-242-X,N/A,1,196 ADVANCE TABCO,N/A,Christine Nelson,84,84.00
99497,924240,SWT2424 24X24 WOODTABLE TOP DARK MAHOGANY,N/A,N Stock Active,SWT2424,N/A,1,ATLANTA BOOTH AND CHAIR,N/A,Noel Webster,104,104.00
104711,924306,PR18-3W-1X PAN RACK 3"CNTRS,N/A,O Non Stock Inactive,PR18-3W-1X,N/A,1,196 ADVANCE TABCO,N/A,Christine Nelson,361,361.00
104416,924307,FMSLAG-306X WORKTABLE 30X72,N/A,O Non Stock Inactive,FMSLAG-306-X,N/A,1,196 ADVANCE TABCO,N/A,Christine Nelson,533,533.00
100267,924338,HB24BS BEVERAGE CENTER U/CER,N/A,N Stock Active,HB24BS,N/A,2,8839 PERLICK CORPORATION,N/A,Noel Webster,1469.25,2938.50
100039,924422,2442NC 24X42 SHELF CHROME0,N/A,N Stock Active,2442NC,N/A,3,4520 INTERMETRO INDUSTRIES CORP,N/A,Noel Webster,17.5,52.50
100040,924429,A2442NC WIRE SHELF 42X24 CHRMERD,N/A,N Stock Active,A2442NC,N/A,7,4520 INTERMETRO INDUSTRIES CORP,N/A,Christine Nelson,18.56,129.92
130575,924438,EDS-12-60 TABLE-MOUNT DBL SHLF S/ORD,N/A,O Non Stock Inactive,EDS-12-60-X,N/A,1,196 ADVANCE TABCO,N/A,Christine Nelson,250,250.00
109701,924440,FG440 WINE GLASS 10-1/2oz ***DISCONTINUED BY MANUF***,N/A,O Non Stock Inactive,FG440,N/A,1,1711 CARDINAL INTERNATIONAL INC,N/A,Eleni Davis,55.34,55.34
91841,924502,82245-02 MUG CHINA 10oz DINEREUROPEAN WHITE - 36/CS,N/A,N Stock Active,82245-02,N/A,9,4537 INTERNATIONAL TABLEWARE  INC.,N/A,Eleni Davis,118.13,1063.17
109544,924606,VEX-2460 WIRE SHELVING 60X24 EPOXY COAT FINISH GREEN EA S/O,N/A,O Non Stock Inactive,VEX-2460,N/A,2,FOODWARE LLC,N/A,Eleni Davis,68.28,136.56
121409,924710,RCP-7100 COLD FOOD WELL UNIT DROP-IN W/WL0296 DRAINER PLATE,N/A,O Non Stock Inactive,RCP-7100,N/A,1,11188 STAR MANUFACTURING INTL INC.,N/A,Noel Webster,5433.53,5433.53
91857,924982,4980322 LADLE 3OZ SERVING SS0,N/A,O Non Stock Inactive,4980322,N/A,2,12700 THE VOLLRATH COMPANY  L.L.C.,N/A,Eleni Davis,11.49,22.98
91863,925162,5162 SHERBET DISH 4.5OZ 72/CS,N/A,O Non Stock Inactive,5162,N/A,1,SUPREME HOTEL & RESTAURANT SUPPLY,N/A,Eleni Davis,144.15,144.15
91864,925180,QF180 PASTA CUTTER 7"ROLLER ERD,N/A,O Non Stock Inactive,QF180,N/A,1,8275 OMCAN INC,N/A,Eleni Davis,32.99,32.99
86871,925389,5389 CANDLE HOLDER 48/CS SHERATON,N/A,N Stock Active,5389,N/A,1,3370 FORMAN INC,N/A,Karen Groves,48.4,48.40
117699,925422,KR-DR42 DRINK RAIL DRAINER 42" PERFORATED S/S TOP  S/ORD,N/A,O Non Stock Inactive,KR-DR42,N/A,1,5883 KROWNE METAL CORP.,N/A,Noel Webster,275,275.00
127652,925543,TA-25/TA-25B CASTERS W/BRAKES UPGRADE  S/ORDD,N/A,N Stock Active,TA-25/TA-25B,N/A,1,196 ADVANCE TABCO,N/A,Noel Webster,280,280.00
99429,925589,FAB-X2 GUSSET W/FLANGE FOR LEGRD   BAKER'S BREAD JOB,N/A,N Stock Active,FAB-X2,N/A,1,196 ADVANCE TABCO,N/A,Christine Nelson,40,40.00
125246,925766,HGR25766-012 HI BALL 12OZ GLAS MEDLEY - 12/CS,N/A,O Non Stock Inactive,HGR25766-012,11/27/2023,1,4213 HOSPITALITY GLASS BRANDS LLC,03/25/2024,Eleni Davis,55.53,55.53
118874,925935,HGR25935-012 ROCKS GLASS 7OZ MELODIA -12/CS - STOCK,N/A,N Stock Active,HGR25935-012,05/13/2024,8,4213 HOSPITALITY GLASS BRANDS LLC,N/A,Eleni Davis,37.07,296.56
100111,92601,HV260-1UA-PW AIR CURTAIN WHT0,N/A,N Stock Active,HV260-1UA-PW,N/A,1,7051 MARS AIR SYSTEMS LLC,N/A,Noel Webster,900.2,900.20
97993,926209,SL-9 SLATE PLATE 9" SQUARE DZ,N/A,O Non Stock Inactive,SL-9,N/A,1,SUPREME HOTEL & RESTAURANT SUPPLY,N/A,Eleni Davis,64.53,64.53
91901,926238,SVAP38CPL ECONOMY AIRPOT 3.8LTSS LINED BLACK LID - EA -,N/A,O Non Stock Inactive,SVAP38CPL,N/A,1,10843 SERVICE IDEAS. INC.,N/A,Eleni Davis,46.94,46.94
91911,926487,MDSB5487 SHORLN BOWL 5OZ 48/CSCRANBERRY STOCK,N/A,N Stock Active,MDSB5-487,04/06/2024,2,1610 CAMBRO MANUFACTURING COMPANY,04/23/2024,Eleni Davis,75.36,150.72
104104,926686,HGR26686-024 SHOT GLASS 2.75OZ,N/A,O Non Stock Inactive,HGR26686-024,N/A,1,4213 HOSPITALITY GLASS BRANDS LLC,N/A,Eleni Davis,64.98,64.98
101212,926806,26806 AUTOFILL FOR HOT WELL0,N/A,N Stock Active,26806,N/A,1,12700 THE VOLLRATH COMPANY  L.L.C.,N/A,Noel Webster,541.35,541.35
91929,926975,P80015 MESH COOKING BASKET11.5X13.5 - EA -,N/A,O Non Stock Inactive,P80015,N/A,7,7180 MERRYCHEF,N/A,Eleni Davis,46.75,327.25
91930,926976,400P OVEN PADDLE FOR 402S EA,N/A,O Non Stock Inactive,400P,N/A,14,7180 MERRYCHEF,N/A,Eleni Davis,58.2,814.80
101254,927201,LEFT SIDE PANEL REPLACEMENTHCPS,N/A,N Stock Active,PANEL,N/A,1,13310 WINSTON INDUSTRIES LLC,N/A,Christine Nelson,N/A,0.00
109672,927241,EV9272-41 QC7I FILTER HEAD S/ORD,N/A,N Stock Active,EV9272-41,N/A,2,211 AIRECO SUPPLY INC.,N/A,Christine Nelson,125.1,250.20
110256,927342,7342 SAUCE PAN 2-3/4 QUART ARKADIA - EA - SPEC ORD,N/A,O Non Stock Inactive,7342,N/A,1,12700 THE VOLLRATH COMPANY  L.L.C.,N/A,Eleni Davis,9.72,9.72
130244,927570,EV927570 QL2 SNGL FILTER STSM QL2-OW200L SINGLE,N/A,N Stock Active,EV927570,03/07/2024,1,PENTAIR COMMERCIAL ICE LLC,N/A,Christine Nelson,130.91,130.91
116048,928004,KLC28C SPINDLE CLEANER 4" DIA KLEEN CUP OPAQUE - EA S/O,N/A,O Non Stock Inactive,KLC28C,N/A,2,CFS BRANDS  LLC,03/07/2024,Eleni Davis,52.62,105.24
99431,928012,CORNER GUARD 2 X 2 X 80-1/2"SS   RD,N/A,N Stock Active,CG-80-1/2,N/A,1,196 ADVANCE TABCO,N/A,Christine Nelson,76,76.00
127049,928018,280-1802 FIFO BOTTLE 12OZ CLR SPEC ORDER - YEL VALVE,N/A,O Non Stock Inactive,280-1802,N/A,10,ALLPOINTS,N/A,Eleni Davis,1.84,18.40
115906,928028,280-2358 BLACK FIFO CAP 6/PK - S/O,N/A,O Non Stock Inactive,280-2358,N/A,50,ALLPOINTS,N/A,Eleni Davis,2.55,127.50
102546,928257,KR-311 LEFT SPLASH ROYAL SERIE BOLT ON    S/ORD,N/A,O Non Stock Inactive,KR-311,N/A,1,5883 KROWNE METAL CORP.,N/A,Christine Nelson,78.75,78.75
102313,928258,E-30 SPLASH BOLT-ON TABLE W/MOUNTING HOLES,N/A,O Non Stock Inactive,E-30 MOD,N/A,1,2801 METAL MASTERS FOOD SERVICE,N/A,Christine Nelson,121.92,121.92
104993,928448,TBH-8 MENU CARD HOLDER 8",N/A,O Non Stock Inactive,TBH-8,N/A,37,FOODWARE LLC,N/A,Eleni Davis,2.68,99.16
100133,928804,SW27-U U/COUNTER REFRIG 27"RD,N/A,N Stock Active,SW27-U,N/A,1,NATIONAL REFRIGERATION AND,N/A,Christine Nelson,1469.24,1469.24
127053,928978,8978 DOMAINE MARTINI 8OZ 12/CS,N/A,O Non Stock Inactive,8978,N/A,3,SUPREME HOTEL & RESTAURANT SUPPLY,N/A,Eleni Davis,47.24,141.72
119276,929442,RU29442UVG GOLD SPOON PLASTIC 600/CS - S/O,N/A,O Non Stock Inactive,RU29442UVG,N/A,12,7090 MARYLAND PLASTICS INC.,N/A,Eleni Davis,51.03,612.36
104726,929706,Z-21900706 ADAPTER FOR 9 VOLT,N/A,N Stock Active,Z-21900706,N/A,5,11784 TOR-REY REFRIGERATION INC,N/A,Eleni Davis,6.17,30.85
98008,929851,98051 EURO DINNER FORK CHALETSS 24/BX -,N/A,O Non Stock Inactive,98051,N/A,1,11234 STEELITE USA,N/A,Eleni Davis,54.48,54.48
91992,930018,E9156 STACK BOWL 2-3/4OZ 36/CS0,N/A,O Non Stock Inactive,E9156,N/A,1,1711 CARDINAL INTERNATIONAL INC,N/A,Eleni Davis,54.67,54.67
100965,93002,HCT-3004-2 CART WITH CASTERSRD,N/A,N Stock Active,HCT30042,N/A,3,11905 TURBOCHEF TECHNOLOGIES INC.,N/A,Christine Nelson,470.4,1411.20
91997,930043,30043 STM PAN PERF.FULL X 4 EAS/S  SPEC,N/A,O Non Stock Inactive,30043,N/A,2,12700 THE VOLLRATH COMPANY  L.L.C.,N/A,Eleni Davis,49.1,98.20
101199,930236,EP0236 LIQUOR POURER 1.25 OZCLEAR W/BLACK COLLAR  DZ -,N/A,O Non Stock Inactive,EP0236,N/A,2,1880 Hospitality,N/A,Eleni Davis,30.56,61.12
127055,930330,WB16 BOWL 11QT WAVY ROUND WHITE MELAMINE - EA S/O,N/A,O Non Stock Inactive,WB16,03/08/2024,4,11545 TABLECRAFT PRODUCTS CO. INC.,N/A,Eleni Davis,25.69,102.76
107538,930430,TKMS-303 WORKTABLE 36X30 EA 5"SPLASH S/ORD,N/A,N Stock Active,TKMS-303,N/A,1,196 ADVANCE TABCO,N/A,Christine Nelson,1678.8,1678.80
116080,930485,KWP-80U CHEF KNIFE 8" LONG SS BLUE HANDLE - EA - S/O,N/A,O Non Stock Inactive,KWP-80U,N/A,1,FOODWARE LLC,N/A,Eleni Davis,7.43,7.43
92079,930487,KWP-80G CHEF KNIFE 8" LONG SSGREEN HANDLE - EA - STOCK,N/A,N Stock Active,KWP-80G,N/A,4,FOODWARE LLC,N/A,Eleni Davis,7.43,29.72
117647,930488,EPT6R5-3048SSK-R-X WORKTABLE 30"DX48"W W/RT SINK S/ORD,N/A,O Non Stock Inactive,EPT6R5-3048SSK-R-X,03/07/2024,1,5078 JOHN BOOS & COMPANY,04/02/2024,Noel Webster,1018.4,1018.40
92084,930522,30522 STM PAN 1/2LX2.5" 6CS,N/A,O Non Stock Inactive,30522,N/A,3,12700 THE VOLLRATH COMPANY  L.L.C.,N/A,Eleni Davis,143.64,430.92
109667,930525,SS-305 WORKTABLE 30X60 NOSPLSH S/ORD,N/A,N Stock Active,SS-305,N/A,1,196 ADVANCE TABCO,N/A,Noel Webster,577.6,577.60
100041,930603,3060NK3 SHELF 30X60 EPOXY0,N/A,N Stock Active,3060NK3,N/A,6,4520 INTERMETRO INDUSTRIES CORP,N/A,Noel Webster,33.43,200.58
109552,930663,KWP-63 UTILITY KNIFE 6" SS WHITE HANDLE - EA -,N/A,O Non Stock Inactive,KWP-63,N/A,7,FOODWARE LLC,N/A,Eleni Davis,4.05,28.35
130578,930969,SDHT3-120 HOTFOOD TABLE 3-PAN W/SPILLAGE PANS,N/A,O Non Stock Inactive,SDHT3-120/302027,N/A,1,2801 METAL MASTERS FOOD SERVICE,N/A,Christine Nelson,N/A,0.00
115797,930982,ALSPR010 BUN PAN RACK ALUMINUM 20-1/4X26X38-1/2 - SET S/O,N/A,O Non Stock Inactive,ALSPR010,N/A,1,11736 THUNDER GROUP  INC.,N/A,Eleni Davis,114.38,114.38
116565,930989,FOREHEAD THERMOMETER NO CONTACT - EA - S/O,N/A,O Non Stock Inactive,HTH200WHF22,N/A,3,3527 FRONT OF THE HOUSE,N/A,Eleni Davis,23.28,69.84
108136,931000,3100GR2004 SERVING TRAY OVAL GRIPTITE BLACK - 6/CS SPEC ORD,N/A,O Non Stock Inactive,3100GR2004,N/A,1,CFS BRANDS  LLC,N/A,Eleni Davis,211.92,211.92
98021,931050,BW-1050-PC-CL DECANTER CARAFE17oz POLY W/LIDS CLEAR DZ,N/A,O Non Stock Inactive,BW-1050-PC-CL,N/A,1,FOODWARE  LLC,N/A,Eleni Davis,44.74,44.74
103899,931075,127 030 DINNER FORK CORAL SS,N/A,O Non Stock Inactive,127 030,N/A,3,SUPREME HOTEL & RESTAURANT SUPPLY,N/A,Eleni Davis,28.44,85.32
130579,931224,1424BR WIRE SHELF 12X24 CHROME S/ORD,N/A,O Non Stock Inactive,1424BR,N/A,1,4520 INTERMETRO INDUSTRIES CORP,N/A,Christine Nelson,23.85,23.85
127656,931352,5113 BEVERAGE DISP TOP ASSY FOR D35-3 - EA - SPEC ORD,N/A,O Non Stock Inactive,5113,N/A,2,ELECTROLUX PROFESSIONAL INC.,N/A,Eleni Davis,297.82,595.64
100914,931500,9315 CUSTOM ROYAL FARMS CHDMA WOOD SEAT - LASER BACK RF,N/A,N Stock Active,9315 CUSTOM,N/A,6,10821 SELECTED FURNITURE LLC,N/A,Noel Webster,62.38,374.28
127057,931514,E1514 DBL.OLD FASH.12.5OZ 48/C PRYSM SPEC ORDER,N/A,O Non Stock Inactive,E1514,N/A,3,1711 CARDINAL INTERNATIONAL INC,N/A,Eleni Davis,96.2,288.60
115915,931739,331739 PASTRY MOLD QUICHE  4" HD NON STICK 12/PK - S/O,N/A,O Non Stock Inactive,331739,N/A,1,7133 MATFER BOURGEAT INC.,N/A,Eleni Davis,69.5,69.50
92153,932015,ECO1015-B SOUP BOWL 10ozBLACK MEL/BAMBOO  6/CS,N/A,O Non Stock Inactive,ECO1015-B,N/A,2,FOODWARE  LLC,N/A,Eleni Davis,24.15,48.30
104686,932028,320A LIQUOR POURER FREE FLOW,N/A,O Non Stock Inactive,320A,N/A,3,11545 TABLECRAFT PRODUCTS CO. INC.,N/A,Eleni Davis,10.92,32.76
127658,932030,FC-3-1824-18RL 3COMP SINK W/LEFT-RIGHT DRAINBOARDS,N/A,N Stock Active,FC-3-1824-18RL,N/A,2,196 ADVANCE TABCO,N/A,Noel Webster,1374,2748.00
109557,932266,SPH6 STEAM PAN HALFX6 S/S EA - SPEC ORD,N/A,O Non Stock Inactive,SPH6,N/A,4,FOODWARE LLC,N/A,Eleni Davis,10.85,43.40
127059,932300,BB300 BAR BLENDER 48OZ 2-SPEED EA - SPEC ORD,N/A,O Non Stock Inactive,BB300,N/A,5,CONAIR LLC,N/A,Eleni Davis,N/A,0.00
92212,932353,SEC35EK3 SECURITY UNIT EA    EW/CASTERS METROSEAL EA,N/A,O Non Stock Inactive,SEC35EK3,N/A,1,4520 INTERMETRO INDUSTRIES CORP,N/A,Noel Webster,668.85,668.85
100268,932357,C32357 RECESSED S/S DRIP PAN 7-5/8" X 19-1/4",N/A,N Stock Active,C32357,N/A,4,8839 PERLICK CORPORATION,N/A,Noel Webster,96.3,385.20
92221,932380,J2380 SHOOTER GLASS CORDIALSHERRY 1-1/2oz 24/CS -,N/A,O Non Stock Inactive,J2380,N/A,2,1711 CARDINAL INTERNATIONAL INC,N/A,Eleni Davis,24.46,48.92
107888,932401,EV932401 FILTER SINGLE SYSTEM S/O,N/A,N Stock Active,EV932401,N/A,1,211 AIRECO SUPPLY INC.,N/A,Noel Webster,244.8,244.80
99573,932436,B293-2436 TILT MIRROR,N/A,N Stock Active,B293-2436,N/A,6,1190 BOBRICK WASHROOM EQUIPMENT INC,N/A,Noel Marucut,181.26,1087.56
130581,932504,EV9325-04 INSURICE QUAD FILTR S/ORD,N/A,O Non Stock Inactive,EV9325-04,N/A,1,211 AIRECO SUPPLY INC.,N/A,Christine Nelson,649.35,649.35
109715,932505,STAINLESS STEEL FRAMES 11 EA AMERICAN INDIAN MUSEUM,N/A,O Non Stock Inactive,CUSTOM,N/A,1,2367 CUSTOM METALS OF VA.INC.,N/A,Christine Nelson,2350,2350.00
104479,932581,29354 51" HANDLE RED ALUMINUM,N/A,O Non Stock Inactive,29354,N/A,1,10037 REMCO PRODUCTS,N/A,Noel Marucut,14.88,14.88
117495,932585,TRAY F/DELTA HAMPER  SILVER EA P190975N  S/O,N/A,O Non Stock Inactive,P190975N,N/A,10,3206 FILMOP USA LLC,N/A,Noel Marucut,14.85,148.50
98044,932605,2605 ATHENIAN DINNER FORK - DZSS -,N/A,O Non Stock Inactive,2605,N/A,4,11234 STEELITE USA,N/A,Eleni Davis,27.25,109.00
130582,932777,MQ2472G SHELF 24X72 EPOXY S/ORD,N/A,O Non Stock Inactive,MQ2472G,N/A,22,4520 INTERMETRO INDUSTRIES CORP,N/A,Christine Nelson,113.48,2496.56
127560,93280,NE-3280 SONICSTEAMER MICROWAVE 208/1PH  S/ORD,N/A,N Stock Active,NE-3280,N/A,1,DC LTD,N/A,Christine Nelson,4196,4196.00
92305,933123,133-1232 FRYER OIL TEST STRIPS40 STRIPS / VIAL -,N/A,O Non Stock Inactive,133-1232,N/A,1,ALLPOINTS,N/A,Eleni Davis,39.39,39.39
116003,933199,4015600 BEVERAGE BRUSH 10.5" SPECTRUM WHITE - S/O,N/A,O Non Stock Inactive,4015600,N/A,9,CFS BRANDS  LLC,N/A,Eleni Davis,3.85,34.65
92308,933248,3248MT TOP ONLY MAROON EA0,N/A,O Non Stock Inactive,3248MT,N/A,1,11545 TABLECRAFT PRODUCTS CO. INC.,N/A,Eleni Davis,3.4,3.40
116137,933293,SPH1 STEAM PAN HALFX1-1/4 SS EA - S/O,N/A,O Non Stock Inactive,SPH1,N/A,23,FOODWARE LLC,N/A,Eleni Davis,5.79,133.17
98048,933334,0034-01 COFFEE TEASPOON XHW6" STANFORD  - DZ,N/A,N Stock Active,0034-01,03/27/2024,3,FOODWARE LLC,N/A,Eleni Davis,12.58,37.74
103851,933357,17640570 CHINA BOWL 27OZ,N/A,O Non Stock Inactive,17640570,03/27/2024,1,11234 STEELITE USA,04/23/2024,Eleni Davis,276.75,276.75
103991,933360,49116Q117 BEER GLAS 16.5OZ,N/A,O Non Stock Inactive,49116Q117,N/A,1,11234 STEELITE USA,N/A,Eleni Davis,21.32,21.32
130583,933582,33PDF 33" POST/MT BRACKETS S/O,N/A,N Stock Active,33PDF,N/A,4,4520 INTERMETRO INDUSTRIES CORP,N/A,Noel Webster,19.95,79.80
100876,933831,SCDLB11 SCALE PORTION DIAL11LB X 1OZ - EA -,N/A,N Stock Active,SCDLB11,N/A,1,CFS BRANDS  LLC,N/A,Eleni Davis,27.96,27.96
92322,933941,33941 SPATULA FOR WOK WOODHANDLE HAMMERED HAND EA,N/A,O Non Stock Inactive,33941,N/A,1,TOWN FOOD SERVICE,N/A,Eleni Davis,10.52,10.52
107539,933995,DTO-62-EC SORTING SHELF 62" 3-RACKS  S/ORD,N/A,O Non Stock Inactive,DTO-62-EC,N/A,1,196 ADVANCE TABCO,N/A,Noel Webster,198,198.00
104994,934072,TMT-GS2 THERMOMETER GRILL SS,N/A,O Non Stock Inactive,TMT-GS2,N/A,2,FOODWARE LLC,N/A,Eleni Davis,2.94,5.88
92336,934120,SSLB-20 INDUCTION BRAZIER PAN20QT PREMIUM - EA -,N/A,O Non Stock Inactive,SSLB-20,N/A,2,FOODWARE LLC,N/A,Eleni Davis,90.42,180.84
122980,934206,TRASH RECEPTACLE 23GAL BLACK 7023-5 THIN BIN / SLIM JIM,N/A,Y Non Stock Discontinued,7023-5,04/29/2024,3,4190 HOSPECO,04/19/2024,Noel Marucut,22.69,68.07
123174,934248,KR24-ML8 UNDERBAR LIQUOR DIS 8"W X 24"D 5-STEP 10 BTL CAPCY,N/A,O Non Stock Inactive,KR24-ML8/KR-205,04/15/2024,2,5883 KROWNE METAL CORP.,04/18/2024,Christine Nelson,586.85,1173.70
109732,934818,1848C WIRE SHELF CHROME 18X48 S/ORD,N/A,O Non Stock Inactive,1848C,N/A,20,2801 METAL MASTERS FOOD SERVICE,N/A,Christine Nelson,34.46,689.20
127063,935148,12SFSP148 STORAGE CONT 12QT SQ WHITE  - EA - SPEC ORD,N/A,O Non Stock Inactive,12SFSP148,N/A,6,1610 CAMBRO MANUFACTURING COMPANY,N/A,Eleni Davis,10.09,60.54
101121,935166,NJP166 STM PAN 1/6 X 6 S/S EA0,N/A,O Non Stock Inactive,NJP-166,N/A,1,1880 Hospitality,N/A,Eleni Davis,4.57,4.57
127064,935414,414 SYRUP POURER 14OZ METALTOP 12/CS ONE TOP PER BOTTLE,N/A,O Non Stock Inactive,414,N/A,14,11545 TABLECRAFT PRODUCTS CO. INC.,N/A,Eleni Davis,10.97,153.58
130249,936002,RFSC2148 LID ROUND 2-4QT WHTE 12/cs -,N/A,O Non Stock Inactive,RFSC2148,04/02/2024,4,1610 CAMBRO MANUFACTURING COMPANY,04/17/2024,Eleni Davis,9.23,36.92
92379,936051,T3605SM BAKING MAT HALF SIZEBUN PAN SILICONE - EA,N/A,O Non Stock Inactive,T3605SM,N/A,2,12700 THE VOLLRATH COMPANY  L.L.C.,N/A,Eleni Davis,13.86,27.72
109705,936066,607160CS LID 1/6 SLOTTED SS EA S/O,N/A,O Non Stock Inactive,607160CS,N/A,3,CFS BRANDS  LLC,N/A,Eleni Davis,5.42,16.26
103867,936151,36151 PEPPER MILL 36" EBONY,N/A,O Non Stock Inactive,36151,N/A,4,1888 CHEF SPECIALTIES COMPANY  INC.,N/A,Eleni Davis,112.5,450.00
99925,936195,GR36 HEAT LAMP 36" 120V0,N/A,N Stock Active,GR36,N/A,4,4040 HATCO CORPORATION,N/A,Noel Webster,195.5,782.00
109885,936206,DL36G GRIDDLE STAND 36" 1 SEC W/4-916  S/ORD,N/A,N Stock Active,DL36G/4-916,N/A,1,NATIONAL REFRIGERATION AND,N/A,Noel Webster,3626.19,3626.19
99585,936244,3624VHB-G-REM CONDENSATE HOODWITH WRAPPER/BACKSPLASH SPEC/O,N/A,N Stock Active,3624VHB-G-REM,N/A,1,CAPTIVAIRE,N/A,Noel Webster,1325.54,1325.54
99436,936324,HK-SS-363M 24" S/S CABINET,N/A,N Stock Active,HK-SS-363M,N/A,1,196 ADVANCE TABCO,N/A,Noel Webster,N/A,0.00
109664,936330,HK-SS-363M 36X36 S/S S/O W/SHELF & CABINET BASE,N/A,N Stock Active,HK-SS-363M,N/A,2,196 ADVANCE TABCO,N/A,Noel Webster,2082.8,4165.60
99437,936331,EK-SS-363 MOD 30X36 CABINET W/TRAY SLIDES & CASTERS,N/A,N Stock Active,EK-SS-363,N/A,3,196 ADVANCE TABCO,N/A,Noel Webster,1458.4,4375.20
92443,937093,HMSRD BAKING DISH 14OZ MINICAST IRON - 6/CS,N/A,O Non Stock Inactive,HMSRD,N/A,1,SUPREME HOTEL & RESTAURANT SUPPLY,N/A,Eleni Davis,57.78,57.78
98064,937105,0026-05 FORK DINNER ELITE HW18/0  - DZ -,N/A,O Non Stock Inactive,0026-05,N/A,9,FOODWARE LLC,N/A,Eleni Davis,7.54,67.86
109568,937204,SP7204 FOOD PAN PLASTIC 1/2X4 CLEAR POLY WARE - EA - S/O,N/A,O Non Stock Inactive,SP7204,N/A,6,FOODWARE LLC,N/A,Eleni Davis,6.27,37.62
92462,937298,37298 ELEGANCE FLUTE 48/CS5-3/4OZ,N/A,O Non Stock Inactive,37298,N/A,3,1711 CARDINAL INTERNATIONAL INC,04/11/2024,Eleni Davis,188.64,565.92
130585,937390,G7013-S5 CREWGUARD KIT 8PR PER KIT - S/O,N/A,O Non Stock Inactive,G7013-S5,N/A,5,7300 MISCELLANEOUS VENDORS ONLY,N/A,Eleni Davis,136.84,684.20
92467,937441,AXS-40C STOCK POT COVER - EAFOR AXS-40 -,N/A,O Non Stock Inactive,AXS-40C,N/A,1,FOODWARE LLC,N/A,Eleni Davis,11.1,11.10
92482,937913,BSST-13H SERVING SPOON SLOTTED13" SS - EA -,N/A,O Non Stock Inactive,BSST-13H,04/08/2024,1,FOODWARE LLC,04/22/2024,Eleni Davis,1.22,1.22
99593,938151,18151 PEPPER MILL 18" EBONYSS GRINDING MECHANISM EA -,N/A,O Non Stock Inactive,18151,N/A,3,1888 CHEF SPECIALTIES COMPANY  INC.,N/A,Eleni Davis,33.95,101.85
101213,938217,38217 HOT FOOD TABLE 3 WELL W/38099 CASTER SET,N/A,N Stock Active,38217,N/A,1,12700 THE VOLLRATH COMPANY  L.L.C.,N/A,Noel Webster,1009.35,1009.35
116029,938468,38468 BREAD KNIFE 8" SCALLOPED BLACK HANDLE - EA S/O,N/A,O Non Stock Inactive,38468,N/A,2,4010 DEXTER-RUSSELL INC.,N/A,Eleni Davis,8.24,16.48
130586,938501,GX20IG SANDWICH/PANINI GRILL\ 208/1PH  S/ORDER,N/A,N Stock Active,GX20IG 208/1PH,N/A,1,11188 STAR MANUFACTURING INTL INC.,N/A,Christine Nelson,N/A,0.00
122837,938706,RM-387-BK RAMEKIN 2OZ BLACK FLUTED CONE MELAMINE 48/CS,N/A,O Non Stock Inactive,RM-387-BK,N/A,1,FOODWARE  LLC,N/A,Eleni Davis,54.64,54.64
116559,938807,DSP031DGP23 CHINA PLATE 8" KILN GLAZE SAGE -  EA S/O,N/A,O Non Stock Inactive,DSP031DGP23,N/A,216,3527 FRONT OF THE HOUSE,N/A,Eleni Davis,10.78,2328.48
130587,939420,B-3942 TWIST VALVE 3"SK/2"OUT S/O,N/A,N Stock Active,B-3942,N/A,3,11530 T&S BRASS AND BRONZE WORKS INC,N/A,Noel Webster,39.36,118.08
109876,939422,HT18 CONVEYOR TOASTER 208/1 S/ORD,N/A,O Non Stock Inactive,HT18,N/A,2,7062 MARSHALL AIR SYSTEMS  INC.,N/A,Christine Nelson,2596,5192.00
92512,939643,39643 WRENCH 14" STEEL PIPEEA -,N/A,O Non Stock Inactive,39643,N/A,4,3983 HARBOR FREIGHT,N/A,Eleni Davis,6.99,27.96
99582,940018,400DIV180 SHELF DIVIDER GRAY21-1/4x13x1-1/2 - EA - STOCK,N/A,N Stock Active,400DIV180,04/08/2024,1,1610 CAMBRO MANUFACTURING COMPANY,04/23/2024,Eleni Davis,46.46,46.46
92519,940042,DXHHC1002 PLATE ENTREE 7.75"WHITE CHINA RETHERM 24/CS,N/A,O Non Stock Inactive,DXHHC1002,N/A,3,CFS BRANDS  LLC,N/A,Eleni Davis,242.6,727.80
110502,940177,HFT HOT FOOD TABLE 4-WELL S/ORD,N/A,O Non Stock Inactive,HFT,N/A,1,Test Vendor ProStaffing,N/A,Christine Nelson,6488.46,6488.46
92534,940371,4073100 BRUSH/BROOM RACK18" - EA -,N/A,O Non Stock Inactive,4073100,N/A,36,CFS BRANDS  LLC,N/A,Eleni Davis,22.33,803.88
99879,940416,ECSS40SC REFRIG MERCH ENDCAP SELF CONTAINED REFRIG.,N/A,N Stock Active,ECSS40SC,N/A,1,3152 FEDERAL INDUSTRIES,N/A,Noel Webster,9283.59,9283.59
130500,940802,SPJP-902 STEAM PAN 1/9X2-1/2 SS - EA - SPEC ORD,N/A,O Non Stock Inactive,SPJP-902,04/06/2024,2,FOODWARE LLC,N/A,Eleni Davis,3.06,6.12
106274,940804,0004-08 DINNER KNIFE ELEGANCE 18/0 HD VIBRO FINISH - DZ,N/A,O Non Stock Inactive,0004-08,N/A,2,FOODWARE LLC,N/A,Eleni Davis,7.08,14.16
99880,940956,ECSS40R ISLAND MERCH REMOTE0,N/A,N Stock Active,ECSS40R,N/A,1,3152 FEDERAL INDUSTRIES,N/A,Noel Webster,9283,9283.00
100113,941004,MHHZ0041B CONDENSING UNIT,N/A,N Stock Active,MHHZ0041B,N/A,2,REFRIGERATED SOLUTIONS GROUP,N/A,Noel Webster,1300.04,2600.08
101129,941006,NJP-1006 STEAM PAN FULL X6  EASS -,N/A,O Non Stock Inactive,NJP-1006,N/A,1,1880 Hospitality,N/A,Eleni Davis,12.21,12.21
100922,941026,4K0070S LOCKER/5TIER/12X12X12 WITH SLOPED TOP/BEIGE,N/A,N Stock Active,4K1026,N/A,1,11269 SPG INTERNATIONAL LLC,N/A,Noel Webster,225.48,225.48
121015,941055,WASTE CONTAINER 55GAL GRAY 55 GAL BRONCO ROUND EA - STOCK,N/A,N Stock Active,84105523,05/20/2024,3,CFS BRANDS  LLC,04/08/2024,Eleni Davis,63.23,189.69
123177,941441,21-441L SWING SPOUT 12" POT FILLER,N/A,O Non Stock Inactive,21-441L,N/A,2,5883 KROWNE METAL CORP.,N/A,Noel Webster,48.9,97.80
106575,941666,B-0225-CR PANTRY FAUCET DECK 4"OC 12" NOZZLE,N/A,O Non Stock Inactive,B-0225-CR,N/A,1,11530 T&S BRASS AND BRONZE WORKS INC,N/A,Christine Nelson,108.98,108.98
108093,941815,30HPCH150 COVER 1/3 W/HANDLE AMBER HH 6/CS,N/A,O Non Stock Inactive,30HPCH150,04/22/2024,227,1610 CAMBRO MANUFACTURING COMPANY,N/A,Eleni Davis,8.99,2040.73
127075,941825,BAMC-8.25 BAIN MARIE POT COVER FOR 8-1/4QT POT SS EA - S/O,N/A,O Non Stock Inactive,BAMC-8.25,N/A,1,FOODWARE LLC,N/A,Eleni Davis,3.02,3.02
108887,941862,5MP 5" SWIVEL CASTER NO BRAKE SPEC ORD,N/A,N Stock Active,5MP,N/A,18,4520 INTERMETRO INDUSTRIES CORP,N/A,Christine Nelson,27.13,488.34
108888,941863,5MPB 5"  CASTER WITH BRAKE SPEC ORD,N/A,N Stock Active,5MPB,N/A,14,4520 INTERMETRO INDUSTRIES CORP,N/A,Christine Nelson,29.93,419.02
119252,941920,HGV4192-012 ROCKS GLASS 9.75OZ FULLY TEMPERED - 12/CS,N/A,N Stock Active,HGV4192-012,03/25/2024,1,4213 HOSPITALITY GLASS BRANDS LLC,03/15/2024,Eleni Davis,13.8,13.80
99900,942136,CASTERS SET OF 4(2 W/ BRAKES) FOR SR42G FRYER,N/A,N Stock Active,CASTER,N/A,2,3513 FRYMASTER/DEAN,N/A,Noel Webster,246.6,493.20
100137,942145,CFB42-BS-D FREEZER BASEFREEZER WORK TOP,N/A,N Stock Active,CFB42-BS-D,N/A,2,NATIONAL REFRIGERATION AND,N/A,Noel Webster,300,600.00
126347,942164,CR6B GLASS RACK 25 COMP BEIGE FULL SIZE TRAEX - EA - S/O,N/A,O Non Stock Inactive,CR6B,N/A,2,12700 THE VOLLRATH COMPANY  L.L.C.,N/A,Eleni Davis,37.04,74.08
130251,942302,28-113S PLATE CASTER SET 5" S/O,N/A,N Stock Active,28-113S,N/A,3,5883 KROWNE METAL CORP.,N/A,Christine Nelson,76.95,230.85
109784,942319,GRAH-42 INFRARED WARMER 42" W/REM-INF  208/1PH,N/A,N Stock Active,GRAH-42,N/A,1,4040 HATCO CORPORATION,N/A,Noel Webster,185,185.00
107578,942352,B42PS ICE BIN 351# W/HINGETOP SPEC ORDER,N/A,O Non Stock Inactive,B42PS,05/11/2024,1,LINDOX SIEGEL EQUIPMENT CORP,05/01/2024,Noel Webster,1192.95,1192.95
98080,942414,42414-10 MUSSEL POT SET 2.2LBENAMEL STEEL - SET -,N/A,O Non Stock Inactive,42414-10,N/A,28,8738 PADERNO WORLD CUISINE,N/A,Eleni Davis,15.91,445.48
122526,942457,4042100 FLOOR BRUSH 10" HI-LO CRIMPED BRISTLES EA  12/CS,N/A,O Non Stock Inactive,4042100,04/10/2024,4,CFS BRANDS  LLC,03/15/2024,Eleni Davis,20.76,83.04
99877,942475,EDC-4C ICECREAM DIPPING CABINE0,N/A,N Stock Active,EDC-4C,N/A,1,2999 EXCELLENCE COMMERCIAL PRODUCTS,N/A,Noel Webster,1167.75,1167.75
117705,942514,TOP ENCLOSURE FOR BAR DIE WALL WATERFRON BAR 2ND FLOOR,N/A,O Non Stock Inactive,TOP ENCLOSURES,N/A,1,5883 KROWNE METAL CORP.,N/A,Noel Webster,500,500.00
100888,942824,CB182412WH CUT BOARD WHT EA0,N/A,O Non Stock Inactive,CB182412WH,N/A,1,CFS BRANDS  LLC,N/A,Eleni Davis,26.91,26.91
100140,943300,CFA43-BS 43" FREEZER WRKTOP WITH DOORS,N/A,N Stock Active,CFA43-BS,N/A,2,NATIONAL REFRIGERATION AND,N/A,Noel Webster,3136.93,6273.86
122955,943390,HGV4339-024 SHOT GLASS 2OZ CARES - 24/CS,N/A,O Non Stock Inactive,HGV4339-024,02/05/2024,2,4213 HOSPITALITY GLASS BRANDS LLC,03/27/2024,Eleni Davis,33.36,66.72
98084,943401,FL401 FORK DINNER 8" SS LIV18/0 - DZ -,N/A,O Non Stock Inactive,FL401,N/A,4,1711 CARDINAL INTERNATIONAL INC,N/A,Eleni Davis,46.36,185.44
98085,943404,FL404 KNIFE DINNER 9.5" SS LIV18/0 - DZ -,N/A,O Non Stock Inactive,FL404,N/A,5,1711 CARDINAL INTERNATIONAL INC,N/A,Eleni Davis,48.15,240.75
107563,943413,1436NC WIRE SHELF 14X36 CHROME S/ORD,N/A,N Stock Active,1436NC,N/A,2,4520 INTERMETRO INDUSTRIES CORP,N/A,Christine Nelson,29.1,58.20
100923,943415,4K0071 LOCKER 12X15X72 5 TIER72" OA HEIGHT  RD,N/A,N Stock Active,4K0071,N/A,1,11269 SPG INTERNATIONAL LLC,N/A,Noel Webster,185,185.00
130588,943900,CRA43-9M-DOFB SANDWICH BASE S/O,N/A,N Stock Active,CRA43-9M,N/A,1,NATIONAL REFRIGERATION AND,N/A,Noel Webster,2580.44,2580.44
109685,944001,HR2HC-1S REACHIN REFRIG 2-DOOR S/ORD,N/A,O Non Stock Inactive,HR2HC-1S,N/A,1,1101 BEVERAGE-AIR CORPORATION,N/A,Christine Nelson,4899.59,4899.59
109758,944028,832-AA HOSE/BRACKET FIAT,N/A,N Stock Active,832-AA,N/A,1,3163 FERGUSON ENTERPRISES INC.#1300,N/A,Christine Nelson,21,21.00
109829,944033,ST4R5-3660SBK WORKTABLE 36X60 S/ORD,N/A,O Non Stock Inactive,ST4R5-3660SBK,N/A,1,5078 JOHN BOOS & COMPANY,N/A,Christine Nelson,654.88,654.88
109723,944276,4427N-6 SANDWICHTOP 27" 1SEC S/O,N/A,N Stock Active,4427N-6,N/A,1,2516 THE DELFIELD COMPANY,N/A,Noel Webster,1464,1464.00
127090,944424,AMF-24 MUFFIN PAN 24CUP 3OZ 20.5X14 ALUMINUM - EA - S/O,N/A,O Non Stock Inactive,AMF-24,N/A,4,FOODWARE LLC,N/A,Eleni Davis,24.23,96.92
121952,944451,11010471 CHINA BOWL TRAY 2OZ 3" DIA WHITE - 12/CS S/O,N/A,O Non Stock Inactive,11010471,N/A,6,11234 STEELITE USA,N/A,Eleni Davis,75,450.00
121390,944468,BD55508 STOCK POT 8QT W/LID SS & ALUM ALL CLAD - EA,N/A,O Non Stock Inactive,BD55508,N/A,4,10164 ROSENTHAL SAMBONET,N/A,Eleni Davis,200,800.00
100043,944870,PR2442NK3 SHELF 24X42 POLYMER0,N/A,N Stock Active,PR2442NK3,N/A,4,4520 INTERMETRO INDUSTRIES CORP,N/A,Noel Webster,43.5,174.00
92660,945400,T45S4018BF CUTTING BOARD BUFF18X24X1 RUBBER - EA -,N/A,O Non Stock Inactive,T45S4018BF,N/A,8,11286 SUPERIOR MFG. GROUP,N/A,Eleni Davis,171.8,1374.40
100962,945511,145511 LASER CHAIR ROYAL FARMS SANDTEX Black W/MAHOGANYSEAT,N/A,N Stock Active,145511,N/A,8,11853 TRENDLER  INC.,N/A,Noel Webster,47.75,382.00
115641,945692,6900E525 SUGAR PACKET HOLDER VARICK CHINA  - DZ - S/O,N/A,O Non Stock Inactive,6900E525,05/15/2024,1,11234 STEELITE USA,06/06/2024,Eleni Davis,47.63,47.63
92680,946814,46814 LADLE 4OZ 1-PC S/S EA0,N/A,O Non Stock Inactive,46814,N/A,1,12700 THE VOLLRATH COMPANY  L.L.C.,N/A,Eleni Davis,2.93,2.93
92686,946944,46944 SERVING LADLE 12" 4OZEA -,N/A,O Non Stock Inactive,46944,N/A,3,12700 THE VOLLRATH COMPANY  L.L.C.,N/A,Eleni Davis,9.23,27.69
92690,946959,47390 DISHER STNDRD ROUND BOWLSS SIZE 6,N/A,O Non Stock Inactive,47390,N/A,5,12700 THE VOLLRATH COMPANY  L.L.C.,N/A,Eleni Davis,10.67,53.35
92692,946969,46969 MESH SKIMMER 4" BLADE HDSS 11-3/4 HANDLE - EA -,N/A,O Non Stock Inactive,46969,N/A,1,12700 THE VOLLRATH COMPANY  L.L.C.,N/A,Eleni Davis,9,9.00
126368,947139,WTSW39 TRAY STAND 18X38 WALNUT FOLDING W/NYLON STRAPS EA S/O,N/A,O Non Stock Inactive,WTSW39,N/A,4,413 AMERICAN METALCRAFT  INC.,N/A,Eleni Davis,67.86,271.44
92719,947490,47490 INSET COVER HINGED 11QT.0,N/A,O Non Stock Inactive,47490,04/26/2024,2,12700 THE VOLLRATH COMPANY  L.L.C.,N/A,Eleni Davis,28.44,56.88
102292,947589,11128 PRODUCE WASH FIT FRUIT ANTIBACTERIAL 4 GAL/CASE S/O,N/A,O Non Stock Inactive,11128 475893,N/A,1,SUPREME HOTEL & RESTAURANT SUPPLY,N/A,Eleni Davis,93.5,93.50
92730,947725,47309 TONG HINGED 9.5" HD EA12/CS,N/A,O Non Stock Inactive,47309,N/A,6,12700 THE VOLLRATH COMPANY  L.L.C.,N/A,Eleni Davis,3.38,20.28
92745,948030,4803R221 GLASS 17.5OZ HI BALLRONA LUNAR - 24/CS,N/A,O Non Stock Inactive,4803R221,N/A,1,11234 STEELITE USA,N/A,Eleni Davis,129,129.00
130589,948134,BB48Y-1-B BACKBAR COOLER 2 SEC SPEC ORDER,N/A,N Stock Active,BB48Y-1-B,N/A,1,LINDOX SIEGEL EQUIPMENT CORP,N/A,Noel Webster,1999.74,1999.74
100070,948244,PR48X4 DRY RACK SHELVING SETRD,N/A,N Stock Active,PR48X4,N/A,2,4520 INTERMETRO INDUSTRIES CORP,N/A,Christine Nelson,712.58,1425.16
130590,948333,M7548K9 GAS CONNECT KIT 3/4" X48" LONG  S/ORD,N/A,O Non Stock Inactive,M7548K9,N/A,1,5883 KROWNE METAL CORP.,N/A,Christine Nelson,172.35,172.35
109728,9484234,R48N42-0306-3.5 REGULATOR NG 3/4",N/A,N Stock Active,R48N42-0306-3.5,N/A,3,2718 DORMONT MANUFACTURING COMPANY,N/A,Christine Nelson,22.49,67.47
122931,949040,4904 MEASURING CUP 32OZ GLASS OVEN PROOF - EA,N/A,O Non Stock Inactive,4904,N/A,2,4004 HAROLD IMPORT COMPANY  INC.,N/A,Eleni Davis,5.5,11.00
92770,949702,4970420 LADLE SERVING 4OZJACOBS PRIDE - EA,N/A,O Non Stock Inactive,4970420,N/A,7,12700 THE VOLLRATH COMPANY  L.L.C.,N/A,Eleni Davis,10.17,71.19
107170,949940,SLWD002 TEASPOON WINDSOR MW 18/0 SS - DZ,N/A,O Non Stock Inactive,SLWD002,N/A,4,11736 THUNDER GROUP  INC.,N/A,Eleni Davis,2.7,10.80
109763,950025,14X14  KRAFT PIZZA BOX FORMAN# 5115,N/A,O Non Stock Inactive,5115,N/A,1,3370 FORMAN INC,N/A,Karen Groves,14.9,14.90
127096,950120,FPSN-3 SPOON PORTION CONTROL 3OZ TAN - EA - S/O,N/A,O Non Stock Inactive,FPSN-3,N/A,24,FOODWARE LLC,N/A,Eleni Davis,2.54,60.96
109597,950175,MXBT-75Q MIXING BOWL 3/4QT SS EA - SPEC ORD,N/A,O Non Stock Inactive,MXBT-75Q,N/A,6,FOODWARE LLC,N/A,Eleni Davis,1.08,6.48
92796,950201,50209-K HEMI TIP PROBE MICRO100-500deg - EA - STOCK,N/A,N Stock Active,50209-K,N/A,1,COPELAND COLD CHAIN LP dba,N/A,Eleni Davis,80.1,80.10
127661,950209,50209-4 CASTERS 3"  4"H  SET/4 S/O,N/A,N Stock Active,50209-4,03/29/2024,1,NATIONAL REFRIGERATION AND,04/24/2024,Noel Webster,120.85,120.85
92810,950549,B22 "HAND WASH" SIGN   EA0,N/A,O Non Stock Inactive,B22,N/A,8,11545 TABLECRAFT PRODUCTS CO. INC.,N/A,Eleni Davis,2.76,22.08
92815,950563,22SFSPP190 CONT SQUARE 22QT6/CS STORAGE   CLEAR,N/A,O Non Stock Inactive,22SFSPP190,N/A,2,1610 CAMBRO MANUFACTURING COMPANY,N/A,Eleni Davis,16.46,32.92
107911,950799,3.5" BAMBOO DISPLAY PICK 10/100CS  R799 S/O,N/A,N Stock Active,R799,04/22/2024,4,AMERCARE ROYAL LLC,05/09/2024,Matt Miller,20.57,82.28
100890,951010,UHP1010BK POT HOLDER 10X10ULTIGRIPS 500 DEG - EA,N/A,O Non Stock Inactive,UHP1010BK,N/A,3,CFS BRANDS  LLC,N/A,Eleni Davis,17.47,52.41
106291,951082,M108-S-4086 STRIP DOOR KIT 40X86,N/A,O Non Stock Inactive,M108-S-4086,N/A,1,SENNECA HOLDINGS,N/A,Christine Nelson,253.15,253.15
99887,951104,12L01104 DIFFUSERS 6/BAG     G4.5OZ LANCER VALVE USE,N/A,N Stock Active,12L01-104,N/A,7,3414 FOXX EQUIPMENT COMPANY  USA,N/A,Noel Webster,16.32,114.24
130591,951113,50205-4 CASTERS RUBBER TIRES SET OF 4 5" SWIVEL W/BRAKES,N/A,O Non Stock Inactive,50205-4,N/A,3,2170 AMERICAN PLASTICS,N/A,Noel Marucut,186.95,560.85
127663,951529,PBMS2424-6 MOP SINK SS S/ORD,N/A,O Non Stock Inactive,PBMS2424-6,N/A,1,5078 JOHN BOOS & COMPANY,N/A,Christine Nelson,532.95,532.95
92856,951811,GBPP518110 PIZZA DELIVERY BAG19X19-1/5X12 BLACK - EA,N/A,O Non Stock Inactive,GBPP518110,N/A,6,1610 CAMBRO MANUFACTURING COMPANY,N/A,Eleni Davis,103.05,618.30
117722,951950,BB59SNSGD BACKBAR COOLER 59" CONDENSING UNIT ON LEFT,N/A,O Non Stock Inactive,BB59SNSGD,N/A,1,NATIONAL REFRIGERATION AND,N/A,Noel Webster,4593.94,4593.94
101243,951999,PCGT5F1000 CAPPUCCINO MACHINE,N/A,N Stock Active,PCGT5F10000,N/A,2,WILBUR CURTIS COMPANY  INC.,N/A,Noel Webster,1999,3998.00
109666,95200,SHD-2020 DRAWER 20X20 H/D SPEC ORDER,N/A,N Stock Active,SHD-2020,N/A,4,196 ADVANCE TABCO,N/A,Noel Webster,616.4,2465.60
109799,952002,5MB CASTER W/BRAKE 5" DIAM S/ORD,N/A,N Stock Active,5MB,02/23/2024,2,4520 INTERMETRO INDUSTRIES CORP,03/13/2024,Noel Webster,20.83,41.66
99442,952020,SS-2020 20X20X5 DELUX DRAWER ATTACHED TO WORK TABLE,N/A,N Stock Active,SS-2020,N/A,2,196 ADVANCE TABCO,N/A,Noel Webster,198.8,397.60
125171,952303,ST6R1.5-3030SBK WORK TABLE 30X30" SS,N/A,O Non Stock Inactive,ST6R1.5-3030SBK,N/A,2,5078 JOHN BOOS & COMPANY,N/A,Christine Nelson,591.84,1183.68
104356,952366,E4 EIKON CONVECTION OVEN,N/A,O Non Stock Inactive,E4,N/A,1,7180 MERRYCHEF,N/A,Christine Nelson,7352.49,7352.49
105755,952443,VEX-2442 WIRE SHELVING 42X24EPOXY COAT FINISH GREEN EA S/O,N/A,O Non Stock Inactive,VEX-2442,N/A,2,FOODWARE LLC,N/A,Eleni Davis,48.52,97.04
99706,952528,525 DARWIN TABLE TOP 28X28 SQA/WHITE ANTIQUE  RD,N/A,N Stock Active,E-525-23,N/A,2,2878 EMUAMERICAS  LLC,N/A,Noel Webster,198.45,396.90
101204,953000,FSCAST5 CASTERS 5"DIA,N/A,N Stock Active,FSCAST5,N/A,4,1880 Hospitality,N/A,Eleni Davis,42.1,168.40
105463,953027,CLED-3000-120 LED BULB 120V2700K,N/A,O Non Stock Inactive,CLED-3000-120,N/A,6,4040 HATCO CORPORATION,N/A,Christine Nelson,50.5,303.00
92893,953032,5303P SHEET PAN HALF 18X13X1PERFORATED - EA,N/A,O Non Stock Inactive,5303P,N/A,16,12700 THE VOLLRATH COMPANY  L.L.C.,N/A,Eleni Davis,16.7,267.20
130592,953060,T3060SEB-BS-1X WORKTBL 30X60 S/ORD,N/A,O Non Stock Inactive,T3060SEB-BS-1X,N/A,1,2801 METAL MASTERS FOOD SERVICE,N/A,Christine Nelson,N/A,0.00
92897,953162,EPPMBWSTSW110 FOOD CARRIER10.7GAL TOP LOAD BLACK EA,N/A,O Non Stock Inactive,EPPMBWSTSW110,N/A,1,1610 CAMBRO MANUFACTURING COMPANY,N/A,Eleni Davis,36,36.00
100044,953300,SEC53LK3 SECURITY UNIT ROYAL FARMS,N/A,N Stock Active,SEC53LK3,N/A,1,4520 INTERMETRO INDUSTRIES CORP,N/A,Noel Webster,501.88,501.88
130086,953415,4K0034 LOCKER 12X15X78 2-TIER S/ORD,N/A,O Non Stock Inactive,4K0034,N/A,5,11269 SPG INTERNATIONAL LLC,N/A,Christine Nelson,235.63,1178.15
100046,954301,54PK3 54" STATIONARY EPOXY POT0,N/A,N Stock Active,54PK3,04/09/2024,16,4520 INTERMETRO INDUSTRIES CORP,N/A,Noel Webster,12.45,199.20
99926,954925,GRA-54 FOODWARM BLTTOG 120V0,N/A,N Stock Active,GRA-54,N/A,1,4040 HATCO CORPORATION,N/A,Noel Webster,155,155.00
107252,955013,501308 MARTINI GLASS 4.75OZ COUPE EMBOSSED FOOT 12/CS,N/A,O Non Stock Inactive,501308 DOT 687571,N/A,2,SUPREME HOTEL & RESTAURANT SUPPLY,N/A,Eleni Davis,43.48,86.96
115982,955026,20S434168 DISHWASHER RACK GLAS W/2 EXT SOFT GRAY - EA - S/O,N/A,O Non Stock Inactive,20S434168,N/A,7,1610 CAMBRO MANUFACTURING COMPANY,N/A,Eleni Davis,39.49,276.43
118797,955047,R0805 CHINA PLATE 7-3/8" ROUND CANDOUR - 24/CS S/O,N/A,O Non Stock Inactive,R0805,N/A,3,1711 CARDINAL INTERNATIONAL INC,N/A,Eleni Davis,83.52,250.56
115936,955054,CBG1218APK6 CUTTING BOARD KIT 12X18 MULTI COLOR - KIT S/O,N/A,O Non Stock Inactive,CBG1218APK6,N/A,1,11545 TABLECRAFT PRODUCTS CO. INC.,N/A,Eleni Davis,63.84,63.84
116721,955105,1301123 MINI GRATIN DISH 1/2QT OVAL W/HAND CAST IRON  EA S/O,N/A,O Non Stock Inactive,1301123,N/A,3,14071 ZWILLING J.A. HENCKELS LLC,N/A,Eleni Davis,42.75,128.25
116596,955301,55300A CHEESE CUTTER SS WIRES CUBES STICKS BLOCKS - EA S/O,N/A,O Non Stock Inactive,55300A,N/A,1,7719 NEMCO FOOD EQUIPMENT,N/A,Eleni Davis,171.12,171.12
130548,95570,AR-PRE PRE FILTER ASSEMBLY S/O,N/A,N Stock Active,AR-PRE,N/A,1,211 AIRECO SUPPLY INC.,N/A,Noel Webster,155.18,155.18
128467,956406,5.6406.15-X2 BONING KNIFE 6" WOOD HANDLE - 2/PK - S/O,N/A,O Non Stock Inactive,5.6406.15-X2,N/A,1,12713 VICTORINOX SWISS ARMY,N/A,Eleni Davis,28.86,28.86
106304,956967,696707 BOWL 2.4OZ BONE WHITE PURITY  12/CS,N/A,O Non Stock Inactive,696707,N/A,24,928 BAUSCHER HEPP INC,N/A,Eleni Davis,6.3,151.20
121649,958223,5822L30 DISPOSABLE LID 22OZ STRAW SLOTTED - 1000/CS S/O,N/A,O Non Stock Inactive,5822L30,N/A,1,CFS BRANDS  LLC,N/A,Eleni Davis,73.15,73.15
104515,958937,41589-37 STORAGE JAR 12.5OZ,N/A,O Non Stock Inactive,41589-37,N/A,2,10164 ROSENTHAL SAMBONET,N/A,Eleni Davis,8.6,17.20
109199,959211,CB6912WH CUTTING BOARD 6X9X1/2 S/O,N/A,O Non Stock Inactive,CB6912WH,03/28/2024,8,CFS BRANDS  LLC,N/A,Eleni Davis,8.4,67.20
100944,960113,B-0113-CR-BJ PRERINSE ASSEMBLYRD,N/A,O Non Stock Inactive,B-0113-CR-BJ,N/A,1,11530 T&S BRASS AND BRONZE WORKS INC,N/A,Christine Nelson,235.3,235.30
99928,960140,GRAH-60 FOOD WARMER 60" INF CONTROL/TANDEM CHARGE,N/A,N Stock Active,GRAH-60,N/A,2,4040 HATCO CORPORATION,N/A,Noel Webster,216,432.00
98114,960167,6X6 DT GREEN BLANK LABELPERF-ZEBRA PRINTER 1M/RL 5/CS,N/A,O Non Stock Inactive,0,N/A,155,8904 PHIPPS LABEL COMPANY,N/A,Erin Ventola,19.55,3030.25
92982,960216,M60200BKL COOKS SHIRT LARGEBLACK - EA -,N/A,O Non Stock Inactive,M60200BKL,N/A,2,7227 MERCER TOOL CORP,N/A,Eleni Davis,10.53,21.06
116000,960701,607002 STEAM PAN FULL X 2.5" 18/8 SS - EA S/O,N/A,O Non Stock Inactive,607002,N/A,3,CFS BRANDS  LLC,N/A,Eleni Davis,15.45,46.35
99903,960819,60819 FILTER PAPER 100/CSRD FOR GILES WOGMPVH,N/A,N Stock Active,60819,N/A,1,3761 GILES ENTERPRISES  INC.,N/A,Christine Nelson,20.3,20.30
92996,961027,10027 STACK BOWL 39OZ 24/CS6-5/8",N/A,O Non Stock Inactive,10027,N/A,1,1711 CARDINAL INTERNATIONAL INC,N/A,Eleni Davis,111.2,111.20
109999,961126,B-1115 FAUCET 6" SWING SPLASH MOUNT  S/ORD,N/A,N Stock Active,B-1115,N/A,1,11530 T&S BRASS AND BRONZE WORKS INC,N/A,Christine Nelson,89.38,89.38
99490,961222,EV961222 I-2000 FILTER CARTRDGRD,N/A,N Stock Active,EV9612-22,N/A,2,211 AIRECO SUPPLY INC.,N/A,Noel Webster,84.29,168.58
127119,961308,APM-08 CAKE PIE MARKER 8 CUT ALUMINUM - EA,N/A,O Non Stock Inactive,APM-08,N/A,2,FOODWARE LLC,N/A,Eleni Davis,3.83,7.66
99446,961438,K-614-X 3 SIDED SPLASH 8"H REMOVEABLE,N/A,N Stock Active,K-614-X,N/A,1,196 ADVANCE TABCO,N/A,Noel Webster,250,250.00
99447,961488,FAB-X8 K-614E SPLASH 8" WRAP0,N/A,N Stock Active,FAB-X8,N/A,1,196 ADVANCE TABCO,N/A,Noel Webster,228,228.00
99647,96176,6176EXTRA LARGE-SH FREEZER 3 DR R/IRD,N/A,N Stock Active,6176XL-SH,N/A,1,2516 THE DELFIELD COMPANY,N/A,Christine Nelson,4839.41,4839.41
130594,961816,EV9618-11 7CB5 CARTRIDGE 6 PK SPEC ORDER,N/A,N Stock Active,EV9618-11,N/A,2,211 AIRECO SUPPLY INC.,N/A,Noel Webster,49.95,99.90
108789,962003,062003 FRY PAN 10-1/4" - EA BLACK STEEL - SPEC ORD,N/A,O Non Stock Inactive,062003,N/A,1,7133 MATFER BOURGEAT INC.,N/A,Eleni Davis,36.5,36.50
93018,962211,1622116 CAFETERIA TRAY 16X22BRAZIL BROWN - EA -,N/A,O Non Stock Inactive,1622116,N/A,10,1610 CAMBRO MANUFACTURING COMPANY,N/A,Eleni Davis,13.84,138.40
99574,962436,B-165 2436 MIRROR S/S,N/A,N Stock Active,B-165 2436,N/A,6,1190 BOBRICK WASHROOM EQUIPMENT INC,N/A,Noel Marucut,48.59,291.54
109704,962707,1062707 FOOD STORAGE COVER 26X18 LOCK TIGHT - EA - S/O,N/A,O Non Stock Inactive,1062707,N/A,3,CFS BRANDS  LLC,N/A,Eleni Davis,17.08,51.24
99450,9629643,EDS-12-72 SHELF 12X72 TABLEMNTRDER,N/A,N Stock Active,EDS-12-72,N/A,1,196 ADVANCE TABCO,N/A,Christine Nelson,254,254.00
101244,963071,ALP2GTW63A071 COFFEE BREWERCOFFEE BREWER,N/A,N Stock Active,ALP2GTW63A071,N/A,8,WILBUR CURTIS COMPANY  INC.,N/A,Noel Webster,923,7384.00
127669,963422,2436BR WIRE SHELF ZINC 24X36 S/ORD,N/A,O Non Stock Inactive,2436BR,N/A,1,4520 INTERMETRO INDUSTRIES CORP,N/A,Christine Nelson,34.5,34.50
99054,963512,57232 7" BURGANDY PLATES 2424/25/CS,N/A,O Non Stock Inactive,0,N/A,3,4150 HOFFMASTER GROUP INC,N/A,Suyeon Nam,40.7,122.10
109814,963630,WIC REPLACEMENT DOOR LEFTHINGE S/N 2636301,N/A,O Non Stock Inactive,2636301,N/A,1,4999 JAMISON DOOR COMPANY,N/A,Christine Nelson,2734.8,2734.80
109696,963811,9S638110 DISHWASHER RACK G 3 EXT 9 COMP BLACK EA - S/O,N/A,O Non Stock Inactive,9S638110,N/A,1,1610 CAMBRO MANUFACTURING COMPANY,N/A,Eleni Davis,34.88,34.88
103804,964135,96PCW135 FOOD PAN 1.4QT X 6,N/A,O Non Stock Inactive,96PCW135,N/A,24,1610 CAMBRO MANUFACTURING COMPANY,N/A,Eleni Davis,4,96.00
109254,966053,P36D-BBB HD RANGE 36" NG 6BRNR PRS36-36 FLUERISER CSTRS S/ORD,N/A,N Stock Active,P36D-BBB,N/A,1,11059 SOUTHBEND A MIDDLEBY CO.,N/A,Christine Nelson,8081.42,8081.42
99929,966123,GRAH-66 HEAT LAMP 66" TANDEM CHARGE/INF CONTROL,N/A,N Stock Active,GRAH-66,N/A,1,4040 HATCO CORPORATION,N/A,Noel Webster,247,247.00
99451,966141,7-PS-66 HAND SINK ROYAL FARMS,N/A,N Stock Active,7-PS-66,N/A,2,196 ADVANCE TABCO,N/A,Noel Webster,240,480.00
109699,966250,DU180HFA EXHAUST FAN S/ORD,N/A,O Non Stock Inactive,DU180HFA,N/A,1,CAPTIVAIRE,N/A,Christine Nelson,1217.36,1217.36
93043,966318,66318-29 TIP TRAY WITH SPRING18/10 SS ARTHUR KRUPP EA,N/A,O Non Stock Inactive,66318-29,N/A,36,10164 ROSENTHAL SAMBONET,N/A,Eleni Davis,7.56,272.16
109683,966481,BB48YF-1-S REFRIG BACKBAR 48" COMPRESSOR RIGHT   S/ORD,N/A,N Stock Active,BB48YF-1-S,N/A,1,1101 BEVERAGE-AIR CORPORATION,N/A,Christine Nelson,2661.02,2661.02
109882,967300,CFA68-BS-D 68" FREZER BASE S/O W/DRAWERS,N/A,N Stock Active,CFB67-BS-D,N/A,1,NATIONAL REFRIGERATION AND,N/A,Noel Webster,4106.53,4106.53
100894,967305,67.5X30X3/8 TUFFCUT W/NOSE EDGE,N/A,N Stock Active,67.5X30X3/8,N/A,5,CFS BRANDS  LLC,N/A,Eleni Davis,308.69,1543.45
130595,967536,1675KIT36 GAS KIT NO SWIVEL S/ORD,N/A,N Stock Active,1675KIT36,N/A,2,2718 DORMONT MANUFACTURING COMPANY,N/A,Christine Nelson,128.85,257.70
99667,967548,1675KIT48 GAS CONNECT KITNO SWIVEL   RD,N/A,N Stock Active,1675KIT48,N/A,2,2718 DORMONT MANUFACTURING COMPANY,N/A,Christine Nelson,N/A,0.00
100048,967849,A2448NC SHELF 48X24 CHROMERD,N/A,N Stock Active,A2448NC,N/A,21,4520 INTERMETRO INDUSTRIES CORP,N/A,Christine Nelson,36.6,768.60
109419,968010,68010 STEAM PAN COVER 1/2 SIZE SOLID FLAT ALUM EA - S/O,N/A,O Non Stock Inactive,68010,N/A,1,12700 THE VOLLRATH COMPANY  L.L.C.,N/A,Eleni Davis,20.97,20.97
93064,968415,68414 SAUCE POT 14QT HD ALUMEA -,N/A,O Non Stock Inactive,68414,N/A,1,12700 THE VOLLRATH COMPANY  L.L.C.,N/A,Eleni Davis,95.54,95.54
93068,969067,STRATFORD SOUP TUREEN 18OZLION HEAD - 12/CS -,N/A,O Non Stock Inactive,6940E6067,N/A,1,11234 STEELITE USA,N/A,Eleni Davis,117.35,117.35
130596,969278,PS SAFETY-SET FOR CASTERS S/ORD,N/A,O Non Stock Inactive,PS,N/A,15,2718 DORMONT MANUFACTURING COMPANY,N/A,Christine Nelson,31.54,473.10
118771,969460,694604 CREAMER PITCHER 1.4OZ BONE WHITE PORCELAIN 36/CS S/O,N/A,O Non Stock Inactive,694604,N/A,1,928 BAUSCHER HEPP INC,N/A,Eleni Davis,271.44,271.44
130597,969642,PB-SRW-21X SORTING SHELF 21" SOLID/WALL MOUNT   S/ORD,N/A,O Non Stock Inactive,PB-SRW-21-X,N/A,1,5078 JOHN BOOS & COMPANY,N/A,Christine Nelson,145,145.00
99933,969690,TT-69 HOT PLATE 6X9RD,N/A,N Stock Active,TT-69,N/A,3,4057 HEAT SEAL  LLC,N/A,Christine Nelson,121.55,364.65
109880,969999,18M-IL-LID LIFT-OFF COVER FOR SW48-18M   S/ORD,N/A,N Stock Active,18M-IL-LID,N/A,1,NATIONAL REFRIGERATION AND,N/A,Christine Nelson,137.05,137.05
93082,970112,70112 WINDGUARD DOME COVERCOPPER VEIN,N/A,O Non Stock Inactive,70112,N/A,8,1632 STERNO PRODUCTS LLC,N/A,Eleni Davis,37.69,301.52
109937,970556,7055A-D GLASS RACK STORAGE UNI W/ENDSPLASHES & CONNECT KIT,N/A,N Stock Active,7055A-D,N/A,1,8839 PERLICK CORPORATION,N/A,Noel Webster,828.04,828.04
109988,970614,5F-4WLX03 FAUCET 4" WALL MOUNT 3"GOOSENECK   S/ORD,N/A,O Non Stock Inactive,5F-4WLX03,N/A,2,11530 T&S BRASS AND BRONZE WORKS INC,N/A,Christine Nelson,80.71,161.42
99454,971024,CKSS3012 CABINETS/SINK/343"OA BUILT IN 3 SECTIONS,N/A,N Stock Active,CK-SS-3012/343",N/A,1,196 ADVANCE TABCO,N/A,Christine Nelson,9112.8,9112.80
107885,971094,FC-3-1620-18RL-X 3-COMP SINK S/ORD 16X20,N/A,O Non Stock Inactive,FC-3-1620-18RL-X,N/A,1,196 ADVANCE TABCO,N/A,Noel Webster,1428,1428.00
99456,971132,7-PS-23-EC-SP-X HAND SINKRD  9X9 WALL MT/SIDE SP,N/A,N Stock Active,7-PS-23-EC-SP-X,N/A,1,196 ADVANCE TABCO,N/A,Noel Webster,286,286.00
100233,971158,A71P15DTNUS AVIATOR 7000 SCALE LEGAL FOR TRADE 30X.01 LBS,N/A,N Stock Active,A71P15DTNUS,N/A,4,8267 OHAUS CORPORATION,N/A,Noel Webster,222.5,890.00
109661,971159,CU-18-84-2 OVERSHELF S/O "TA-60 & TA-71",N/A,N Stock Active,CU-18-84-2,N/A,1,196 ADVANCE TABCO,N/A,Noel Webster,1384.4,1384.40
109769,971235,175-1184 JOINING STRIP S/ORD USED W/SG FRYERS,N/A,O Non Stock Inactive,175-1184,N/A,1,ALLPOINTS,N/A,Noel Webster,15.16,15.16
109753,971279,EMGR69 REFRIGERATED MERCH S/ORD,N/A,O Non Stock Inactive,EMGR69,N/A,1,3007 EVEREST REFRIGERATION,N/A,Noel Webster,4408.12,4408.12
110012,971316,WALKIN REPLACMENT DR 36X78 S/ORD,N/A,O Non Stock Inactive,36" X 75" REPLC DOOR,N/A,1,EVERIDGE  INC.,N/A,Noel Webster,1623.7,1623.70
107580,971362,ICEU220HA ICE CUBER W/BIN S/ORD,N/A,O Non Stock Inactive,ICEU220HA,N/A,1,LINDOX SIEGEL EQUIPMENT CORP,N/A,Noel Webster,2440.96,2440.96
109838,971432,36X24-G GRIDDLE W/CUTTING BRD S/O W/HINGE AND 4" LEGS NATGAS,N/A,O Non Stock Inactive,36X24-G,N/A,1,5702 KEATING,N/A,Noel Webster,6795.89,6795.89
109796,971443,1460BR WIRE SHELF 14X60 ZINC S/ORD,N/A,N Stock Active,1460BR,N/A,4,4520 INTERMETRO INDUSTRIES CORP,N/A,Christine Nelson,42.5,170.00
115775,971503,TA-25S-4-X 5" CASTERS SET OF 4 2 W/BRAKES W/ST LEGS S/O,N/A,O Non Stock Inactive,TA-25S-4-X,N/A,1,196 ADVANCE TABCO,N/A,Christine Nelson,208,208.00
130599,971620,UC36 UNDERCOUNTER REFRIG 36" S/ORD  W/EVAP AND SHELVES,N/A,O Non Stock Inactive,UC36,N/A,1,NATIONAL REFRIGERATION AND,N/A,Noel Webster,1815.77,1815.77
130601,971756,BB48HC-1-GS-B-27 REFRIG BACK BAR STORAGE CBNT 2-SEC W/CAST,N/A,O Non Stock Inactive,BB48HC-1-GS-B-27,N/A,1,1101 BEVERAGE-AIR CORPORATION,N/A,Noel Webster,2620,2620.00
109820,971758,EUB3S60SL-2D-X 3-COMP SINK 60"X18" SLIM LINE UNDRBAR,N/A,O Non Stock Inactive,EUB3S60SL-2D-X,N/A,1,5078 JOHN BOOS & COMPANY,N/A,Noel Webster,470.05,470.05
100235,971759,NBH-43 CHEST FREEZER 43"BLACK GRAPHICS RD,N/A,O Non Stock Inactive,NBH-43,N/A,1,8224 OJEDA USA,N/A,Noel Webster,889.94,889.94
109748,971762,KVS ICE LEVEL CONTROL SCOTSMAN S/ORD,N/A,O Non Stock Inactive,KVS,N/A,1,EMPIRE EQUIPMENT COMPANY,N/A,Noel Webster,129.96,129.96
109673,971763,K-00446 ICE LEVEL KIT-MANITOW S/ORD,N/A,O Non Stock Inactive,K-00446,N/A,2,211 AIRECO SUPPLY INC.,N/A,Noel Webster,122.5,245.00
109883,971765,CM1-0027AR UPPER RT END PANEL S/ORD FOR A 1R,N/A,O Non Stock Inactive,CM1-0027AR,N/A,1,NATIONAL REFRIGERATION AND,N/A,Noel Webster,117.37,117.37
130602,971767,5SP-06 EQUIP NOZZLE  6"LONG S/ORD,N/A,N Stock Active,5SP-06,N/A,4,11530 T&S BRASS AND BRONZE WORKS INC,N/A,Noel Webster,12.24,48.96
109768,971807,102-1028 REPLACMNT SINK BASKET S/ORD,N/A,O Non Stock Inactive,102-1028,N/A,5,ALLPOINTS,N/A,Noel Webster,2.15,10.75
130603,971819,7-PS-EC-2X HAND SINK WALLMNT W/SPLMNT FAUCET S/ORD,N/A,O Non Stock Inactive,7-PS-EC-2X,N/A,1,196 ADVANCE TABCO,N/A,Noel Webster,95,95.00
100969,971838,VYFF8.5HEX VINEYARD FIBERFLEXUMBRELLA- 8.5" HEX "NO PRINT",N/A,N Stock Active,VYFF8.5HEX NO PRINT,N/A,2,12025 TUUCI  LLC,N/A,Noel Webster,471.96,943.92
100970,971839,BASE-ACF95 SHADE ANCHOR 24"DIATUFF WHEEL ASMBLY-SILVER,N/A,N Stock Active,BASE-ACF95,N/A,3,12025 TUUCI  LLC,N/A,Noel Webster,230.85,692.55
100082,971861,TBX2430-28 METAL TABLE BASE24"X30"X28"H DINE HEIGHT X-STY,N/A,O Non Stock Inactive,TBX2430-28 BLK TB16,N/A,5,JUST CHAIRS AND MORE,N/A,Noel Webster,28,140.00
109737,971925,T2448SGS GRIDDLE/EQUIP STAND S/ORD,N/A,O Non Stock Inactive,T2448SGS,N/A,1,2801 METAL MASTERS FOOD SERVICE,N/A,Noel Webster,464.57,464.57
108743,971967,WM200-LS 17"W WALLMNT HANDSINK S/ORD,N/A,O Non Stock Inactive,WM200-LS,N/A,1,5883 KROWNE METAL CORP.,N/A,Noel Webster,55,55.00
110033,971976,103181 CS GUARD TURBOCHEF OVEN ** USE CODE 981976  **,N/A,O Non Stock Inactive,103181,N/A,1,11905 TURBOCHEF TECHNOLOGIES INC.,N/A,Christine Nelson,40.43,40.43
109884,972000,COMPOSITE CUTTING BOARD FOR SW72-30M SANDWICH UNIT,N/A,N Stock Active,COMPOSITE,N/A,4,NATIONAL REFRIGERATION AND,N/A,Noel Webster,181.08,724.32
109847,972006,10-410L FAUCET SPL-MNT 4"CNTR 10" SWING-CHROME  S/ORD,N/A,O Non Stock Inactive,10-410L,N/A,1,5883 KROWNE METAL CORP.,N/A,Noel Webster,42.75,42.75
109733,972013,380387 CASTER LEG S/ORD,N/A,O Non Stock Inactive,380387,N/A,4,2801 METAL MASTERS FOOD SERVICE,N/A,Noel Webster,7.48,29.92
117594,972030,BEVERAGE COUNTER CUSTOM 90"X30"X36"H W/SINK SPEC/ORD,N/A,O Non Stock Inactive,BEVERAGE COUNTER,N/A,1,2367 CUSTOM METALS OF VA.INC.,N/A,Noel Webster,4435,4435.00
100142,972115,DL72G REF GRIDDLE STANDW/4-916 & HEAT SHIELD,N/A,N Stock Active,DL72G/4-916,N/A,1,NATIONAL REFRIGERATION AND,N/A,Noel Webster,5906.75,5906.75
99930,972120,GRAH-72 72" INFFRARED WARMER0,N/A,N Stock Active,GRAH-72,N/A,1,4040 HATCO CORPORATION,N/A,Noel Webster,246,246.00
107977,972126,A-200 ELECTRIC GLASS WASHER,N/A,O Non Stock Inactive,A-200,N/A,1,FOODWARE LLC,N/A,Noel Webster,407.98,407.98
109714,972127,CUSTOM BEVERAGE COUNTER 68"X30"X34"H S/ORD,N/A,O Non Stock Inactive,BEVERAGE COUNTER,N/A,1,2367 CUSTOM METALS OF VA.INC.,N/A,Noel Webster,4930,4930.00
108976,972139,KMB MODULAR BAR DIE W/POWER SUPPLY S/ORD,N/A,N Stock Active,KMB,N/A,4,5883 KROWNE METAL CORP.,N/A,Christine Nelson,7066.59,28266.36
109954,972181,60.71.935 COMBI DUO STACKING KIT STATIONARY 6"FEET/GA S/ORD,N/A,O Non Stock Inactive,60.71.935,N/A,1,RATIONAL COOKING,N/A,Noel Webster,1667.55,1667.55
108746,972191,16-200L FAUCET SNGL PANTRY DECK MNT 6" SPOUT S/ORD,N/A,O Non Stock Inactive,16-200L,N/A,1,5883 KROWNE METAL CORP.,N/A,Noel Webster,74.25,74.25
108748,972193,21-444L INSTALL FAUCET WATER LINE KIT 22" LONG,N/A,O Non Stock Inactive,21-444L,03/25/2024,6,5883 KROWNE METAL CORP.,04/08/2024,Noel Webster,31.89,191.34
108750,972195,17-108WL PRE-RINSE ASSMBL WALLMNT 8"CTRS GOOSE S/ORD,N/A,N Stock Active,17-108WL,N/A,1,5883 KROWNE METAL CORP.,N/A,Noel Webster,240.57,240.57
108751,972196,22-204 TWIST VALVE 3-1/2" SINK OVERFLOW CAP INCL   S/ORD,N/A,O Non Stock Inactive,22-204,N/A,6,5883 KROWNE METAL CORP.,N/A,Noel Webster,47.39,284.34
109887,972200,SW72-30M MEGATOP 2 DRAWERS RGT S/O W/ S/S FLAT TOP,N/A,N Stock Active,SW72-30M,N/A,1,NATIONAL REFRIGERATION AND,N/A,Noel Webster,3604.6,3604.60
109751,972224,EBB90 BACKBAR REFRIG- 3 SEC W/CASA5-02 5" CASTER S/ORD,N/A,O Non Stock Inactive,EBB90,N/A,1,3007 EVEREST REFRIGERATION,N/A,Noel Webster,2479.2,2479.20
109752,972225,EBR1 REACH-IN REFRIG 1-SEC CASA5-01 5"  CASTERS S/ORD,N/A,O Non Stock Inactive,EBR1,N/A,1,3007 EVEREST REFRIGERATION,N/A,Noel Webster,1804,1804.00
109826,972227,PB-OVF-BS OVERFLOW STAND PIPE S/ORD,N/A,O Non Stock Inactive,PB-OVF-BS,N/A,1,5078 JOHN BOOS & COMPANY,N/A,Noel Webster,3.23,3.23
109822,972228,PBF-W2-10LF ECONOMY FAUCET SPL MNT  10"SWING S/ORD,N/A,O Non Stock Inactive,PBF-W2-10LF,N/A,1,5078 JOHN BOOS & COMPANY,03/27/2024,Noel Webster,74.1,74.10
110028,972232,TOM-40B-N OPEN DISPLAY MERCH 39"WX28"D 115V/60/1PH S/ORD,N/A,O Non Stock Inactive,TOM-40B-N,N/A,1,11904 TURBO AIR INC.,N/A,Noel Webster,5511.54,5511.54
110021,972233,G8F6500201 CASTER 4" W/BRAKE FOR TOM-40B & TOM-50B S/ORD,N/A,O Non Stock Inactive,G8F6500201,N/A,4,11904 TURBO AIR INC.,N/A,Noel Webster,32,128.00
110022,972234,G8F6500101 CASTER 4" N0 BRAKE FOR TOM-40B & TOM-50B S/ORD,N/A,O Non Stock Inactive,G8F6500101,N/A,4,11904 TURBO AIR INC.,N/A,Noel Webster,27.95,111.80
109886,972260,SW36-BS-FB WORKTOP REFRIG S/ORD W/EVAP CON & CYLIN LOCK,N/A,N Stock Active,SW36-BS-FB,N/A,1,NATIONAL REFRIGERATION AND,N/A,Noel Webster,1912.14,1912.14
100143,972270,SW72-27M-FB SANDWICH UNIT 72" FRONT BREATHING,N/A,N Stock Active,SW72-27M-FB,N/A,1,NATIONAL REFRIGERATION AND,N/A,Noel Webster,2753,2753.00
101229,972300,MOD-300T HOT FOOD 3 WELL0,N/A,N Stock Active,MOD-300T,N/A,1,13179 WELLS BLOOMFIELD LLC,N/A,Noel Webster,N/A,0.00
100049,972360,AW31C WALL MOUNT MID FOR 18"SHELF  RD,N/A,N Stock Active,AW31C,N/A,5,4520 INTERMETRO INDUSTRIES CORP,N/A,Christine Nelson,35.7,178.50
130604,972387,MUR-36-N6 U/C REFRIG 2-DOOR S/ORD,N/A,O Non Stock Inactive,MUR-36-N6,N/A,1,11904 TURBO AIR INC.,N/A,Christine Nelson,2539.35,2539.35
110004,972422,B-7122-C01-ESB HOSE REEL ENCLOSED  W/SWIVEL BRACKET,N/A,O Non Stock Inactive,B-7122-C01-ESB,N/A,1,11530 T&S BRASS AND BRONZE WORKS INC,N/A,Christine Nelson,915.19,915.19
109798,972432,32CP CHROME POST 32-3/8" EA S/ORD,N/A,O Non Stock Inactive,32CP,N/A,4,4520 INTERMETRO INDUSTRIES CORP,N/A,Christine Nelson,13.05,52.20
104544,972480,KR19-8 UNDERBAR BOTTLE STORAGE,N/A,O Non Stock Inactive,KR19-8,N/A,2,5883 KROWNE METAL CORP.,N/A,Noel Webster,612.36,1224.72
127678,972535,30-160 PERFORATED BASKET 6" DEEP  PLASTIC  S/ORD,N/A,N Stock Active,30-160,N/A,3,5883 KROWNE METAL CORP.,N/A,Christine Nelson,41.01,123.03
109978,972562,P36D-GRAD RANGE 36" NAT GAS W/CASTERS S/ORD,N/A,O Non Stock Inactive,P36D-GRAD,N/A,1,11059 SOUTHBEND A MIDDLEBY CO.,N/A,Noel Webster,6001.25,6001.25
116274,972589,MAX4-2424G 4 SHELF 24X24 POLYPROPYLENE OPEN GRID MATS,N/A,O Non Stock Inactive,MAX4-2424G,03/07/2024,5,4520 INTERMETRO INDUSTRIES CORP,04/05/2024,Christine Nelson,78.84,394.20
109980,972676,PRS36-36 PLATINUM BACKGUARD FLU RISER TUBULAR DBL SHLF S/O,N/A,O Non Stock Inactive,PRS36-36,N/A,1,11059 SOUTHBEND A MIDDLEBY CO.,N/A,Noel Webster,1324.83,1324.83
109806,972713,MAX4-9995 "S" HOOK KIT FOR METROMAX SHELVING S/ORD,N/A,O Non Stock Inactive,MAX4-9995,N/A,1,4520 INTERMETRO INDUSTRIES CORP,N/A,Noel Webster,4.21,4.21
130605,972759,EUBSR-36 U/BAR SPEED RAIL 36" S/ORD,N/A,O Non Stock Inactive,EUBSR-36,N/A,3,5078 JOHN BOOS & COMPANY,N/A,Christine Nelson,30.6,91.80
127680,972766,BHS1260-16/304 WALLSHELF 12X60 S/ORD,N/A,O Non Stock Inactive,BHS1260-16/304,N/A,1,5078 JOHN BOOS & COMPANY,N/A,Christine Nelson,220.16,220.16
127681,972780,PB-DIIB2218-X ICE BIN DROP IN 22"W X 18"D SLIDE LID S/ORD,N/A,O Non Stock Inactive,PB-DIIB2218-X,N/A,1,5078 JOHN BOOS & COMPANY,N/A,Noel Webster,322.05,322.05
130606,972793,14-406L FAUCET SPLASH MNT 4" CTRS 6" SWING  S/ORD,N/A,O Non Stock Inactive,14-406L,N/A,1,5883 KROWNE METAL CORP.,N/A,Noel Webster,90.68,90.68
127682,972794,21-404L 12" SPOUT EXTENTION,N/A,O Non Stock Inactive,21-404L,N/A,2,5883 KROWNE METAL CORP.,N/A,Noel Webster,33.92,67.84
109852,972826,KR18-12BD BLENDERSTATION 12X24 PREFORATED BSKT-RT SPLSH S/ORD,N/A,O Non Stock Inactive,KR18-12BD,N/A,1,5883 KROWNE METAL CORP.,N/A,Noel Webster,617.4,617.40
102548,972913,16-670 ELECTRONIC FAUCET 4"CTR WALLMNT W/16-199 AC ADAPT S/OR,N/A,O Non Stock Inactive,16-670/16-199,N/A,1,5883 KROWNE METAL CORP.,N/A,Noel Webster,349.52,349.52
102555,972920,KR24-12BD UNDRBR BLEND STATION W/DUMPSINK CUSTOM S/ORD,N/A,O Non Stock Inactive,KR24-12BD,N/A,2,5883 KROWNE METAL CORP.,N/A,Noel Webster,880.88,1761.76
102557,972922,KR24-C24L UNDERBAR CORNER LFT DRAINBOARD 24X24 6"BCKSPL S/O,N/A,O Non Stock Inactive,KR24-C24L,N/A,1,5883 KROWNE METAL CORP.,N/A,Noel Webster,737.51,737.51
102499,972923,MAX4-1842G SHELF 42"X18" OPEN GRID MATS S/ORD,N/A,O Non Stock Inactive,MAX4-1842G,N/A,4,4520 INTERMETRO INDUSTRIES CORP,N/A,Noel Webster,81.39,325.56
104555,972943,KR24-T12 UNDERBAR TRASHSTATION,N/A,N Stock Active,KR24-T12,04/15/2024,2,5883 KROWNE METAL CORP.,04/18/2024,Christine Nelson,448.34,896.68
99469,973084,US-3084-X UNDERSHELF KSS-307RD,N/A,N Stock Active,US-3084-X,N/A,1,196 ADVANCE TABCO,N/A,Christine Nelson,228,228.00
105706,973134,TUR-48SD-D4-N UNDERCOUNTERREFRIG W/CASTERS S/ORD,N/A,O Non Stock Inactive,TUR-48SD-D4-N,N/A,1,11904 TURBO AIR INC.,N/A,Noel Webster,3781.22,3781.22
130607,973152,D450 THERMAL DISPENSER 2 GAL L4D-20 LUXUS BLK FAUCET S/ORD,N/A,O Non Stock Inactive,D450,N/A,3,3118 FETCO,N/A,Christine Nelson,360,1080.00
122760,973153,D450 THERMAL DISPENSER 2 GAL L4D-20 LUXUS ORANGE FAUCET,N/A,O Non Stock Inactive,D450/ORANGE FAUCET,N/A,1,3118 FETCO,N/A,Christine Nelson,360,360.00
127683,973168,PRCR-24-24 GLASS RACK UNIT S/ORD,N/A,O Non Stock Inactive,PRCR-24-24,N/A,1,196 ADVANCE TABCO,N/A,Christine Nelson,852,852.00
100947,973198,B-0199-09-LF10 AERATOR LOWFLOWRD,N/A,N Stock Active,B-0199-09-LF10,N/A,4,11530 T&S BRASS AND BRONZE WORKS INC,N/A,Christine Nelson,7.2,28.80
99591,973226,RG102 EQUIPMENT STAND FORMIXER/SLICER 6 PAN CAP.,N/A,O Non Stock Inactive,RG102,N/A,1,1873 CHANNEL MFG.,N/A,Noel Webster,388.35,388.35
117550,973465,KMSLAG-244-X WORKTABLE S/S TOP W/CASTERS  S/ORD,N/A,O Non Stock Inactive,KMSLAG-244-X,N/A,1,196 ADVANCE TABCO,N/A,Noel Webster,750,750.00
117249,973662,SW72N WORKTOP REFRIGERATOR 72" 3-SECTION  S/ORD,N/A,O Non Stock Inactive,SW72N,03/07/2024,1,NATIONAL REFRIGERATION AND,03/22/2024,Christine Nelson,3979.44,3979.44
116293,973701,PB-DISINK101410-P-SSLR-X DROP IN SINK 1 COMPARTMENT,N/A,O Non Stock Inactive,PB-DISKIN101410-P-SS,N/A,1,5078 JOHN BOOS & COMPANY,N/A,Christine Nelson,282.15,282.15
117595,973790,BEVERAGE/WAIT COUNTER CUSTOM 79"X30" TROUGH FOR SODA S/ORD,N/A,O Non Stock Inactive,BEVERAGE COUNTER,N/A,1,2367 CUSTOM METALS OF VA.INC.,N/A,Noel Webster,4675,4675.00
105707,974000,TSR-23SD-N6(-L) REACH-INREFRIG 1-SEC RT HINGE W/CSTR,N/A,O Non Stock Inactive,TSR-23SD-N6(-L),N/A,1,11904 TURBO AIR INC.,N/A,Noel Webster,2547.11,2547.11
100062,974003,74HPK3 74" DUNNAGE POST ROYAL FARMS,N/A,N Stock Active,74HPK3,N/A,4,4520 INTERMETRO INDUSTRIES CORP,N/A,Noel Webster,25.2,100.80
109736,97410,P74-C 74" STATIONARY POST CHRM SPEC ORDER,N/A,N Stock Active,P74-C,N/A,20,2801 METAL MASTERS FOOD SERVICE,N/A,Noel Webster,11.38,227.60
117554,974123,ODS-12-36R OVERSHELF DBL 36"X12" TBL MNT 18G 430S/S S/O,N/A,O Non Stock Inactive,ODS-12-36R,N/A,1,196 ADVANCE TABCO,N/A,Noel Webster,683.6,683.60
117557,974157,ODS-15-60R OVERSHELF DOUBLE 60"X15" TBL MNT 18G 430S/S S/O,N/A,O Non Stock Inactive,ODS-15-60R.,N/A,1,196 ADVANCE TABCO,N/A,Noel Webster,893.2,893.20
100064,974400,ML400 MIGHTYLITE PAN CARRIERFRONT LOADER 6-PAN RD,N/A,O Non Stock Inactive,ML400,N/A,1,4520 INTERMETRO INDUSTRIES CORP,N/A,Noel Webster,180.59,180.59
117619,974448,MX48CP 48"H POLYMER TRILOBAL POST FOR METROMAX S/ORD,N/A,O Non Stock Inactive,MX48CP,N/A,4,4520 INTERMETRO INDUSTRIES CORP,N/A,Noel Webster,30.15,120.60
107272,974472,ER47-2-N6-V REACH-IN REFRIG 2-SEC S/S SOLID DOOR,N/A,O Non Stock Inactive,ER47-2-N6-V,N/A,1,11904 TURBO AIR INC.,N/A,Noel Webster,2638.1,2638.10
99703,974513,51300C WATER FILTER CARTRIDGE EWF3000,N/A,N Stock Active,51300C,N/A,3,10630 ELKAY SALES  INC.,N/A,Christine Nelson,72,216.00
130609,974811,HC48RS U/C REFRIG 2-DOOR W/CASTERS  S/ORD,N/A,O Non Stock Inactive,HC48RS,N/A,1,8839 PERLICK CORPORATION,N/A,Christine Nelson,2475.9,2475.90
109735,974818,CSI-1848 SHELF INLAY 18X48 4/SET   S/ORD,N/A,O Non Stock Inactive,CSI-1848,N/A,5,2801 METAL MASTERS FOOD SERVICE,N/A,Christine Nelson,37.71,188.55
121039,975006,S284-6 BAKERS SPATULA 6" SS WHITE HANDLE - EA S/O,N/A,O Non Stock Inactive,S284-6,N/A,5,4010 DEXTER-RUSSELL INC.,N/A,Eleni Davis,9.7,48.50
121513,975040,47755 FRY PAN 7-13/16 NONSTICK CERAMIGUARD - EA S/O,N/A,O Non Stock Inactive,47755,N/A,1,12700 THE VOLLRATH COMPANY  L.L.C.,N/A,Eleni Davis,76.73,76.73
121521,975051,5IPF25 INDUCTION STEAM PAN FULLX2-1/2 SUPER PAN V  EA S/O,N/A,O Non Stock Inactive,5IPF25,N/A,2,12700 THE VOLLRATH COMPANY  L.L.C.,N/A,Eleni Davis,22.68,45.36
99904,975086,LDB-12S BOTTLE DISPLAYRD,N/A,N Stock Active,LDB-12S,N/A,1,3776 GLASTENDER INC.,N/A,Christine Nelson,510.3,510.30
99905,975090,BSA-14 BLENDER STATIONRD,N/A,N Stock Active,BSA-14,N/A,1,3776 GLASTENDER INC.,N/A,Christine Nelson,563.4,563.40
121024,975092,911403 BOOSTER SEAT STACKABLE BLACK 50LB CAP - EA - S/O,N/A,O Non Stock Inactive,911403,N/A,6,CFS BRANDS  LLC,N/A,Eleni Davis,50.31,301.86
93132,975222,PDT300 POCKET THERMOMETER DIGTRD,N/A,N Stock Active,PDT300,N/A,1,9978 FLUKE ELECTRONICS,N/A,Christine Nelson,14.4,14.40
127685,975332,NS52 REFRIGERATED BACKBAR 2DR W/BC-132 CSTRS,N/A,O Non Stock Inactive,NS52,04/11/2024,2,5883 KROWNE METAL CORP.,N/A,Christine Nelson,3792.83,7585.66
100948,975360,B-1035 BYPASS MIXING VALVERD,N/A,N Stock Active,B-1035,N/A,1,11530 T&S BRASS AND BRONZE WORKS INC,N/A,Christine Nelson,220.02,220.02
121091,975442,HL5-42 GLO-RITE CURVED DISPLAY LIGHT STRIP  LED  42"LONG S/O,N/A,O Non Stock Inactive,HL5-42,N/A,1,4040 HATCO CORPORATION,N/A,Noel Webster,757,757.00
117748,975457,EB/20SC-VENTLESS CONVENCTION OVEN ELEC DBL-DECK W/CSTRS S/O,N/A,O Non Stock Inactive,EB/20SC-VENTLESS,N/A,1,11059 SOUTHBEND A MIDDLEBY CO.,N/A,Noel Webster,21889.9,21889.90
117620,975529,29CP SUPER ERECTA POST 29"H CHROME FINISH S/ORD,N/A,O Non Stock Inactive,29CP,N/A,4,4520 INTERMETRO INDUSTRIES CORP,N/A,Noel Webster,13.05,52.20
117596,976184,CHEF COUNTER CUSTOM 184"X51" W/ELEC  SINK DBL OVERSHLF S/OR,N/A,O Non Stock Inactive,CHEF COUNTER CUSTOM,N/A,1,2367 CUSTOM METALS OF VA.INC.,N/A,Noel Webster,16300,16300.00
130610,977481,BB48GSY-1-S REFRIG BACKBAR 48" W/SLIDING GLASS DOORS,N/A,O Non Stock Inactive,BB48GSY-1-S,N/A,1,1101 BEVERAGE-AIR CORPORATION,N/A,Christine Nelson,2682.46,2682.46
130345,978013,CORNER GUARD 2 X 2 X 107" SS   S/ORD,N/A,O Non Stock Inactive,OUTER CORNER TRIM,N/A,2,Accurex,N/A,Noel Webster,124.18,248.36
123759,978208,EPXN-3 EZ STEAM CONVECTION STEAMER ELEC 208V 3PH,N/A,O Non Stock Inactive,EPXN-3,N/A,1,11059 SOUTHBEND A MIDDLEBY CO.,N/A,Noel Webster,N/A,0.00
122262,978500,K-50 FAUCET 4"OC DECK MOUNT 8" SWING SPOUT,N/A,O Non Stock Inactive,K-50,N/A,1,196 ADVANCE TABCO,N/A,Noel Webster,150.8,150.80
109881,978525,8525 GRILL FRONT 1R ELECT.CTRL S/ORD,N/A,O Non Stock Inactive,8525,N/A,1,NATIONAL REFRIGERATION AND,N/A,Noel Webster,28.8,28.80
101515,9786962,ARTGG-36 GRIDDLE 36" GROOVEDRD   NGAS,N/A,N Stock Active,ARTGG-36,N/A,2,7717 NELCO CORPORATION,N/A,Christine Nelson,3033.11,6066.22
103879,979518,1RN R-IN REFRIGERATOR W/OOP,N/A,O Non Stock Inactive,1RN MOD,03/07/2024,1,NATIONAL REFRIGERATION AND,03/22/2024,Christine Nelson,3996.87,3996.87
130611,979750,EV9797-50 KLEENSTEAM FILTER S/O,N/A,N Stock Active,EV9797-50,N/A,1,211 AIRECO SUPPLY INC.,N/A,Noel Webster,366.75,366.75
109660,979805,9-63-54-18RL SINK L/R DRNBRDS S/ORD,N/A,N Stock Active,9-63-54-18RL,N/A,1,196 ADVANCE TABCO,N/A,Christine Nelson,2104.4,2104.40
109879,979999,18M-IL-FLID FLAT LID ASSEMBLY S/ORD   HAYFIELDS,N/A,N Stock Active,18M-IL-FLID,N/A,1,NATIONAL REFRIGERATION AND,N/A,Christine Nelson,204.6,204.60
100949,980113,B-0113-BC PRERINSE ASSEMBLYRD,N/A,O Non Stock Inactive,B-0113-BC,N/A,1,11530 T&S BRASS AND BRONZE WORKS INC,N/A,Noel Webster,256.73,256.73
100950,980613,B-0230-KIT INLET KITW/24"HOSES   RD,N/A,N Stock Active,B-0230-KIT,04/11/2024,21,11530 T&S BRASS AND BRONZE WORKS INC,N/A,Christine Nelson,40.31,846.51
127691,980615,B-0133-CR-B PRERINSE UNIT 8"OC S/ORD,N/A,O Non Stock Inactive,B-0133-CR-B,N/A,1,11530 T&S BRASS AND BRONZE WORKS INC,N/A,Christine Nelson,321.48,321.48
100951,980689,B-0674-BSTR SERVICE FAUCETHAYFIELDS    RD,N/A,O Non Stock Inactive,B-0674-BSTR,N/A,1,11530 T&S BRASS AND BRONZE WORKS INC,N/A,Noel Webster,94.62,94.62
87023,981080,9x8x10x8 WHITE SHOPPER 250/CSFLEXILOOP W/BOARD BOTTOM,N/A,O Non Stock Inactive,9810-UCLK,N/A,10,5670 KAL PAC CORP.,N/A,Erin Ventola,23.33,233.30
117565,981182,TFMS-182 FILLER TABLE 18"W X 24"D S/S TOP & LEGS S/ORD,N/A,O Non Stock Inactive,TFMS-182,N/A,1,196 ADVANCE TABCO,N/A,Noel Webster,570,570.00
108803,981198,ES-700 JUICER 115V W/BOWL ETC S/O,N/A,N Stock Active,ES-700,N/A,2,7366 MULLIGAN ASSOCIATES  INC.,N/A,Noel Webster,1745,3490.00
109819,981628,EDSC8-1860 DISH CABINET 60X18 S/ORD,N/A,O Non Stock Inactive,EDSC8-1860,N/A,1,5078 JOHN BOOS & COMPANY,N/A,Christine Nelson,656,656.00
103957,981881,3PBCS18-2D18 CORNER 3COMP SINK,N/A,O Non Stock Inactive,3PBCS18-2D18,N/A,1,5078 JOHN BOOS & COMPANY,N/A,Christine Nelson,2031.67,2031.67
105418,982024,BWKSTEAMHFDP  HALF SIZE STEAMPAN 100/CS,N/A,O Non Stock Inactive,BWKSTEAMHFDP,N/A,2,ESSENDANT,N/A,Karen Groves,35.57,71.14
109797,982160,2160NC WIRE SHELF 21X60 CHROME S/ORD,N/A,N Stock Active,2160NC,N/A,4,4520 INTERMETRO INDUSTRIES CORP,04/02/2024,Christine Nelson,51,204.00
130128,982184,184 PASTA DIE FOR ROSITO BASANI PASTA EXTRUDER,N/A,O Non Stock Inactive,184,N/A,1,ROSITO BISANI IMPORTS INC,03/05/2024,Noel Webster,175,175.00
117729,982419,52264 EZ PANEL  FITS NS933 KEG RACK TO MOUNT REGULATORS S/ORD,N/A,O Non Stock Inactive,52264,N/A,1,7750 NEW AGE INDUSTRIAL CORP. INC.,N/A,Noel Webster,217.08,217.08
99577,983453,DB-4 DIPPING CABINET 8 (3) GAL0,N/A,N Stock Active,DB-4,N/A,1,1499 C. NELSON MANUFACTURING CO.,N/A,Noel Webster,2295,2295.00
109850,984324,BS60L BACKBAR CABINET 60" REF. BC-134 CSTR GL DR S/S TOP S/OR,N/A,N Stock Active,BS60L/BC-134,N/A,2,5883 KROWNE METAL CORP.,N/A,Noel Webster,2568.12,5136.24
109810,984426,MX2448G SHELF 24X48 W/GRID MAT PLASTIC   S/ORD,N/A,N Stock Active,MX2448G,N/A,4,4520 INTERMETRO INDUSTRIES CORP,N/A,Christine Nelson,92,368.00
109985,984831,P64CP SQ POST 64"H CHROME S/ORD,N/A,N Stock Active,P64CP,N/A,1,11269 SPG INTERNATIONAL LLC,N/A,Christine Nelson,10.47,10.47
87028,984943,144-0069-003 ZIPSEAL BAG 1M/CS4X8 .002,N/A,O Non Stock Inactive,F20408,04/22/2024,1,LK PACKAGING,05/06/2024,Suyeon Nam,12.21,12.21
93191,985003,7200 DRUM WRENCH   EA0,N/A,O Non Stock Inactive,7200,N/A,10,4190 HOSPECO,N/A,Noel Marucut,15.22,152.20
93194,985077,BST040448OUTER 4.5X4.5X4825/BDL TELESCOPING BOX OUTER,N/A,O Non Stock Inactive,BST040448OUTER,N/A,50,BOX PARTNERS  LLC,N/A,Matt Miller,1.17,58.50
93195,985091,926781 MIXING GLASS 25-1/4OZ6/CS,N/A,O Non Stock Inactive,926781,N/A,13,SUPREME HOTEL & RESTAURANT SUPPLY,N/A,Eleni Davis,60.06,780.78
100796,985380,9619 LARGE CATERING BOX 15/CS17.75X12.25X4.5,N/A,O Non Stock Inactive,9619,N/A,5,10650 SABERT CORPORATION,N/A,Karen Groves,62.69,313.45
127134,985400,16" GOLD SCALLOPED CIRCLE 50CS 1635,N/A,N Stock Active,1635,N/A,3,11100 SOUTHERN CHAMPION TRAY CO.,N/A,Matt Miller,274.9,824.70
93216,985662,FAO90754  10-PERSON FIRST AID KITEA,N/A,O Non Stock Inactive,FAO90754,05/23/2024,10,4190 HOSPECO,04/30/2024,Noel Marucut,20.04,200.40
102434,985691,7745-GPH-18 DRIP TRAY GRAPHITE S/O,N/A,O Non Stock Inactive,7745-GPH-18,N/A,1,GOJO INDUSTRIES INC.,N/A,Noel Marucut,4.1,4.10
122638,985782,SUPERCOURT FLR CARE SYSTEM 60" WM710013471,N/A,O Non Stock Inactive,WM710013471,N/A,1,10781 DIVERSEY INC,N/A,Noel Marucut,134.76,134.76
87072,985952,92021031 APPLICATOR PADS 5/CSPHAZER,N/A,O Non Stock Inactive,92021031,N/A,2,2830 ECOLAB INC.,N/A,Noel Marucut,30.19,60.38
93225,985965,1103 BLACK SANITARY RECEPTA0,N/A,O Non Stock Inactive,1103 BLACK,N/A,3,4190 HOSPECO,N/A,Noel Marucut,16.63,49.89
93227,986070D,DEMO 1.514-136.0 PRESSURE WASH***SPECIAL*** K 1.514-136.0,N/A,N Stock Active,1.514-136.0,N/A,1,13289 KARCHER NORTH AMERICA,N/A,Patrick Golden,576.8,576.80
109960,986128,9W27-73 50GL ROLLOUT CONTAINER RECYCLING S/O,N/A,O Non Stock Inactive,FG9W2773BLUE,N/A,2,NEWELL BRANDS DISTRIBUTION LLC,N/A,Noel Marucut,81.32,162.64
93233,986193,# SC889 VACUUM 6.5AMP  EASANITAIRE,N/A,O Non Stock Inactive,SC889,N/A,1,2991 ELECTROLUX HOME CARE PRODUCTS,N/A,Noel Marucut,191.1,191.10
100357,986201,CLO14882CT TOILET WAND REFILL 48/CS,N/A,O Non Stock Inactive,CLO14882CT,N/A,2,S.P. RICHARDS COMPANY,N/A,Noel Marucut,22.56,45.12
93238,986269,7353 BLOOD CLEANUP KIT  EA0,N/A,O Non Stock Inactive,7353,N/A,3,4190 HOSPECO,N/A,Noel Marucut,11.87,35.61
93246,986437,2X3 522 TUFF SPUN  EABLACK WEAR BONDED,N/A,O Non Stock Inactive,WB 0023KP,N/A,9,6470 LUDLOW COMPOSITES CORPORATION,N/A,Noel Marucut,21.17,190.53
87092,986442,PERSONAL DISPOSABLE BAG 1MF/SANITARY NAPKIN **,N/A,O Non Stock Inactive,25123298,N/A,1,4190 HOSPECO,N/A,Noel Marucut,27.37,27.37
127139,986607,55-14 14" GREEN SCRUB PAD 5/CS S/O,N/A,O Non Stock Inactive,55-14,N/A,4,11834 ACS CLEANING PRODUCTS GROUP,N/A,Noel Marucut,8.03,32.12
93253,986624,LBH18BPK PROPACK SYSTEM KI0,N/A,O Non Stock Inactive,LBH18BPK,N/A,2,4190 HOSPECO,N/A,Noel Marucut,79.34,158.68
93256,986665,7368 LOCKING WALL CABINET 5SHARPS CONTAINER,N/A,O Non Stock Inactive,7368,N/A,1,4190 HOSPECO,N/A,Noel Marucut,50.55,50.55
101499,986667,5271-06 FMX-20 GOJO DISPENSER6/CS BLACK/CHROME F/2000ML,N/A,O Non Stock Inactive,5271-06,03/22/2024,5,GOJO INDUSTRIES INC.,05/16/2024,Noel Marucut,7.5,37.50
117475,986965,16" TOP-DOWN CHARGING BUCKET 5GAL BLUE GRAY HANDLE W/COVER,N/A,O Non Stock Inactive,0000SE1322A,N/A,8,3206 FILMOP USA LLC,N/A,Noel Marucut,32.26,258.08
93282,987091,1793546 TCELL DISPENSER  BLACK12/CS,N/A,O Non Stock Inactive,1793546,04/12/2024,1,NEWELL BRANDS DISTRIBUTION LLC,04/30/2024,Noel Marucut,7.6,7.60
127144,987137,37 WINE COOLER SS INSULATED EA SPEC ORD,N/A,O Non Stock Inactive,37,N/A,1,11545 TABLECRAFT PRODUCTS CO. INC.,N/A,Eleni Davis,19.62,19.62
127146,987175,2456-DS PURELL DISPENSER STAND 1/CS ELITE LTX  S/O,N/A,O Non Stock Inactive,2456-DS,N/A,1,GOJO INDUSTRIES INC.,N/A,Noel Marucut,550,550.00
103675,987395,6942 ENZYME DRAIN CLEANER 5GALDEVOUR IT,N/A,O Non Stock Inactive,6942,N/A,9,11174 STARCO CHEMICAL CO,N/A,Noel Marucut,109.85,988.65
127147,987460,NON-SCRATCH SCRUB/SPONGE 8/3CT #MMMMP3CT SCOTCH-BRITE S/O,N/A,O Non Stock Inactive,MMMMP3CT,N/A,8,S.P. RICHARDS COMPANY,N/A,Noel Marucut,2.79,22.32
104877,987508,SW36NBS WORKTOP REFRIGERATOR,N/A,O Non Stock Inactive,SW36NBS,N/A,1,NATIONAL REFRIGERATION AND,N/A,Christine Nelson,2145.87,2145.87
99888,987737,154400 DETERGENT SNGL BOTTLEF/MILK SYSTEM  32OZ  RD,N/A,O Non Stock Inactive,154400,N/A,1,3432 FRANKE FOODSERVICE SYSTEMS,N/A,Christine Nelson,12.32,12.32
101219,988204,88204NS INDUCTION INSET 11QTMADE TO ORDER - EA,N/A,O Non Stock Inactive,88204NS,N/A,11,12700 THE VOLLRATH COMPANY  L.L.C.,N/A,Eleni Davis,57.06,627.66
123586,989301,18P 18 OZ YARD GLASSES 81/CS,N/A,O Non Stock Inactive,18P,N/A,3,9064 PROGRESSIVE SPECIALTY GLASS CO,N/A,Karen Groves,169.29,507.87
106611,989661,8OZ FLINT BOSTON RND 28-400 96/CS TAJ8OZBRFLINT,N/A,O Non Stock Inactive,TAJ8OZBRFLINT,N/A,1,582 ANDLER MARYLAND,N/A,Matt Miller,63.36,63.36
106612,989662,28-400 CAP F217 LNR BLK 500/CS MRRS28024022B,N/A,O Non Stock Inactive,MRRS28024022B,N/A,1,582 ANDLER MARYLAND,N/A,Matt Miller,30,30.00
125009,989774,32oz CL PET JUICE BTL 104/CS SQUARE,N/A,N Stock Active,1012631,05/07/2024,19,5850 KOLS CONTAINERS  INC.,N/A,Matt Miller,68.64,1304.16
125010,989775,BOTTLE CAP WHT T/E 2100/CS 38DS HDPE,N/A,N Stock Active,55610011,03/05/2024,1,5850 KOLS CONTAINERS  INC.,N/A,Matt Miller,189,189.00
87155,989793,4oz FLINT BOSTON BOTTLE 128/CSROUND 22-400,N/A,O Non Stock Inactive,AND.33860.402,N/A,1,582 ANDLER MARYLAND,N/A,Matt Miller,37.76,37.76
87156,989794,16oz PET CLEAR JAR  168/CS89-400,N/A,O Non Stock Inactive,TM16SS89PETCL,N/A,2,582 ANDLER MARYLAND,N/A,Matt Miller,42,84.00
93319,990068,56115466 LEVER-SQUEEGEE-LIFT,N/A,O Non Stock Inactive,56115466,N/A,1,NILFISK INC,N/A,Patrick Golden,7.2,7.20
130523,9901366,SQGEE 730MM/29 KIT 9100001366,N/A,O Non Stock Inactive,9100001366,05/09/2024,2,NILFISK INC,04/15/2024,Patrick Golden,164.24,328.48
93326,99014A,11014A HARDWARE KITPACESETTER BUFFERS,N/A,O Non Stock Inactive,11014A,N/A,1,NILFISK INC,N/A,Patrick Golden,101.83,101.83
93327,990157,613272 COVER613268,N/A,O Non Stock Inactive,613272,N/A,1,11589 TAYLOR NORTHEAST BALTIMORE,N/A,Patrick Golden,N/A,0.00
93333,990188,19202A TOOL ASM SQUEEGEE 14,N/A,O Non Stock Inactive,19202A,N/A,1,NILFISK INC,N/A,Patrick Golden,N/A,0.00
93334,99018A,11018A WHEEL KITPACESETTER BUFFERS,N/A,O Non Stock Inactive,11018A,N/A,4,NILFISK INC,N/A,Patrick Golden,125.23,500.92
93335,990192,890015 SQ HANDLE BRACKET,N/A,O Non Stock Inactive,890015,N/A,2,6985 THE MALISH CORPORATION,N/A,Patrick Golden,11.89,23.78
93336,990193,56601061 SPEED CONTROL,N/A,O Non Stock Inactive,56601061,N/A,1,NILFISK INC,N/A,Patrick Golden,372.63,372.63
93337,99019A,11019A HANDLE LOCK ASSYPACESETTER BUFFERS,N/A,O Non Stock Inactive,11019A,N/A,1,NILFISK INC,N/A,Patrick Golden,51.09,51.09
93341,990227,240078 BELT DRIVE,N/A,O Non Stock Inactive,240078,N/A,1,VERITIV OPERATIONG COMPANY,N/A,Patrick Golden,N/A,0.00
127150,990230,FSVR43136 CLAMP,N/A,O Non Stock Inactive,FSVR43136,N/A,2,2800 IPC EAGLE,N/A,Patrick Golden,8.16,16.32
93342,990248,VF83111 CASTER WHEEL,N/A,O Non Stock Inactive,VR83111,N/A,2,NILFISK INC,N/A,Patrick Golden,13.26,26.52
109898,990307,33005608 NUT 0,N/A,O Non Stock Inactive,33005608,N/A,4,NILFISK INC,N/A,Patrick Golden,6.28,25.12
121444,99030U,PLASTIC TRIGGER 238-5030,N/A,O Non Stock Inactive,238-5030,N/A,1,11960 USA CLEAN,N/A,Patrick Golden,1.25,1.25
93347,990312,56003123 SCREW,N/A,O Non Stock Inactive,56003123,N/A,1,NILFISK INC,N/A,Patrick Golden,5.11,5.11
93348,990322,9100000854 LEVER SQUEEGEE LIFT2 PC SET,N/A,O Non Stock Inactive,9100000854,N/A,1,NILFISK INC,N/A,Patrick Golden,26.14,26.14
93357,990406,130406AM VAC MOTOR,N/A,O Non Stock Inactive,130406AM,N/A,1,11589 TAYLOR NORTHEAST BALTIMORE,N/A,Patrick Golden,125,125.00
93360,990418,160418 DRAIN HOSE ASSY,N/A,O Non Stock Inactive,160418,N/A,1,VERITIV OPERATIONG COMPANY,N/A,Patrick Golden,N/A,0.00
127154,990425,56009060 WSH,N/A,O Non Stock Inactive,0,N/A,2,NILFISK INC,N/A,Patrick Golden,5.54,11.08
108823,990445,33005758 PIN 0,N/A,O Non Stock Inactive,33005758,N/A,2,NILFISK INC,N/A,Patrick Golden,5.54,11.08
93377,990520,9100000505 SPRING SUPPORT  9096052000 9100000515,N/A,O Non Stock Inactive,9100000505,03/22/2024,4,NILFISK INC,05/02/2024,Patrick Golden,3.17,12.68
93380,990530,56601594 KIT-SOLUTION FILTER56601594,N/A,O Non Stock Inactive,56601594,N/A,3,NILFISK INC,N/A,Patrick Golden,12.23,36.69
93386,990564,100564 FILTER,N/A,O Non Stock Inactive,100564,N/A,3,9084 PROTEAM INC.,N/A,Patrick Golden,13.45,40.35
93388,990574,86240320 HOSE,N/A,O Non Stock Inactive,0,N/A,2,13289 KARCHER NORTH AMERICA,N/A,Patrick Golden,N/A,0.00
127156,990576,GVMT03601V VAC MOTOR 36V 3STG,N/A,O Non Stock Inactive,GVMT03601V,N/A,1,3791 GOFER PARTS,N/A,Patrick Golden,69.3,69.30
127157,990600,9100000646 HOSE VAC 9096060000,N/A,O Non Stock Inactive,9100000646,N/A,1,NILFISK INC,N/A,Patrick Golden,20.11,20.11
93390,990604,0300604 BELTORECK EXTRA LARGE 3PACK,N/A,O Non Stock Inactive,0300604,N/A,19,6937 M & M VACUUM CLEANER PARTS,N/A,Patrick Golden,2.12,40.28
127158,990610,L08604251 WASHER 33003744,N/A,O Non Stock Inactive,L08604251,N/A,2,NILFISK INC,N/A,Patrick Golden,5.58,11.16
93395,990625,GBRPHBML PAD HOLDER GRAY,N/A,N Stock Active,GBRPHBML,N/A,15,3791 GOFER PARTS,N/A,Patrick Golden,16.91,253.65
127160,990676,33023574 NUT LOCK HEX,N/A,O Non Stock Inactive,33023574,N/A,8,NILFISK INC,N/A,Patrick Golden,7.4,59.20
93403,990677,9098057000 GASKET VACUUM MOTOR,N/A,O Non Stock Inactive,9098057000,N/A,2,NILFISK INC,N/A,Patrick Golden,14.28,28.56
127329,99067B,41042A CONTROLLER I DRIVE 36V,N/A,O Non Stock Inactive,41042A,N/A,1,NILFISK INC,N/A,Patrick Golden,351.94,351.94
93405,990683,80297A SCREW,N/A,O Non Stock Inactive,80297A,N/A,1,NILFISK INC,N/A,Patrick Golden,5.54,5.54
93409,990703,605588 CARPET FLOOR TOOL,N/A,O Non Stock Inactive,605588,N/A,1,VERITIV OPERATIONG COMPANY,N/A,Patrick Golden,N/A,0.00
87159,990715,190715 TOOL DUSTING,N/A,O Non Stock Inactive,190715,N/A,1,VERITIV OPERATIONG COMPANY,N/A,Patrick Golden,0.01,0.01
93415,990739,1001083 BRACKET1000888,N/A,O Non Stock Inactive,1001083,N/A,1,VERITIV OPERATIONG COMPANY,N/A,Patrick Golden,N/A,0.00
93417,990745,1001045 BELT,N/A,O Non Stock Inactive,1001045,N/A,1,VERITIV OPERATIONG COMPANY,N/A,Patrick Golden,N/A,0.00
93418,990752,8.639-761.0 FRONT BOTTOM PLATE,N/A,O Non Stock Inactive,8.639-761.0,N/A,4,13289 KARCHER NORTH AMERICA,N/A,Patrick Golden,6.36,25.44
93420,990776,8.639-756.0 MAIN CABLE YELLOW40FT 86397850,N/A,O Non Stock Inactive,8.639-756.0,N/A,9,13289 KARCHER NORTH AMERICA,N/A,Patrick Golden,34.92,314.28
93421,990780,8.616-276.0 CASTER,N/A,O Non Stock Inactive,8.616-276.0,N/A,4,13289 KARCHER NORTH AMERICA,N/A,Patrick Golden,5.1,20.40
93424,990830,56413822 CIRCUIT BREAKER 20 AM,N/A,O Non Stock Inactive,56413822,N/A,4,NILFISK INC,N/A,Patrick Golden,13.75,55.00
93427,990852,107407581 HANDLE COMPLETE,N/A,O Non Stock Inactive,107407581,N/A,2,NILFISK INC,N/A,Patrick Golden,26.56,53.12
121449,99088U,KEY SWITCH KIT 275-8088 9004968,N/A,O Non Stock Inactive,275-8088,12/09/2022,1,11960 USA CLEAN,N/A,Patrick Golden,51.94,51.94
93429,990891,8.635-562.0 RETAINER PAD CTR,N/A,O Non Stock Inactive,8.635-562.0,N/A,1,13289 KARCHER NORTH AMERICA,N/A,Patrick Golden,45,45.00
93430,990895,107411867 SQUEEGEE 12.5IN 13 K,N/A,O Non Stock Inactive,107411867,N/A,1,NILFISK INC,N/A,Patrick Golden,9.63,9.63
93434,990911,600HK HANDLE KITBLOWER,N/A,O Non Stock Inactive,600HK,N/A,12,13822 XPOWER MANUFACTURE  INC.,N/A,Patrick Golden,17,204.00
93435,990914,1471089500 EXHAUST FILTER 3PK,N/A,O Non Stock Inactive,1471089500,N/A,1,NILFISK INC,N/A,Patrick Golden,7.39,7.39
93436,990927,PX30ES REPLACEMENT TANKPROTEXUS,N/A,O Non Stock Inactive,PX30ES,N/A,1,2936 EARTHSAFE CHEMICAL ALTERNATIVE,N/A,Noel Marucut,14,14.00
127166,990932,140932 HOOD LATCH,N/A,O Non Stock Inactive,0,N/A,4,VERITIV OPERATIONG COMPANY,N/A,Patrick Golden,17.34,69.36
127167,990942,8.627-935.0 WASHER,N/A,O Non Stock Inactive,8.627-935.0,N/A,7,13289 KARCHER NORTH AMERICA,N/A,Patrick Golden,1.26,8.82
93446,990971,9096996000 PIPES SOL FEED,N/A,O Non Stock Inactive,9096996000,N/A,1,NILFISK INC,N/A,Patrick Golden,17.14,17.14
93456,991013,603108 SPRING,N/A,O Non Stock Inactive,603108,N/A,1,11589 TAYLOR NORTHEAST BALTIMORE,N/A,Patrick Golden,2.42,2.42
127171,991061,701061 DRAIN HOSE PLUG ASSM,N/A,O Non Stock Inactive,701061,N/A,1,VERITIV OPERATIONG COMPANY,N/A,Patrick Golden,36.98,36.98
93466,991114,630394 COPPER TUBE,N/A,O Non Stock Inactive,630394,N/A,2,VERITIV OPERATIONG COMPANY,N/A,Patrick Golden,N/A,0.00
110075,991138,8.613-798.0 AXLE ASSEMBLY GRY 0,N/A,O Non Stock Inactive,8.613-798.0,N/A,4,13289 KARCHER NORTH AMERICA,N/A,Patrick Golden,46.68,186.72
93474,991164,86242110 KNOB,N/A,O Non Stock Inactive,86242110,N/A,1,13289 KARCHER NORTH AMERICA,N/A,Patrick Golden,8.14,8.14
130507,991235,1463123000 PANEL KIT TERRA 28B,N/A,O Non Stock Inactive,1463123000,N/A,1,NILFISK INC,N/A,Patrick Golden,64.32,64.32
127174,991251,86001150 BRUSH ASSY 12515 SPEC ORD,N/A,O Non Stock Inactive,86001150,N/A,1,13289 KARCHER NORTH AMERICA,N/A,Patrick Golden,103.36,103.36
93486,991282,9100000848 KEY SERVICE COMPLET,N/A,O Non Stock Inactive,9100000848,03/27/2024,4,NILFISK INC,N/A,Patrick Golden,11.74,46.96
100952,99131,131X-ADA GOOSENECK 8-7/16" SWVSPC/ORD,N/A,N Stock Active,131X-ADA,N/A,1,11530 T&S BRASS AND BRONZE WORKS INC,N/A,Christine Nelson,22.42,22.42
127330,99132A,11132A FILTER INTAKE,N/A,O Non Stock Inactive,11132A,N/A,2,NILFISK INC,N/A,Patrick Golden,40.1,80.20
93489,99132C,11131A HANDLE SWITCHES,N/A,O Non Stock Inactive,11131A,N/A,1,NILFISK INC,N/A,Patrick Golden,24.84,24.84
130508,991339,9100001348 CLAMP 14/32 1450543000,N/A,O Non Stock Inactive,9100001348,N/A,1,NILFISK INC,N/A,Patrick Golden,14.63,14.63
127176,991402,86230050 BREAKER 3 AMP,N/A,O Non Stock Inactive,86230050,N/A,1,13289 KARCHER NORTH AMERICA,N/A,Patrick Golden,41.4,41.40
108827,9914324,56109665 SQUEEGEE BAND RIGHT 56314324,N/A,O Non Stock Inactive,56109665,N/A,1,NILFISK INC,N/A,Patrick Golden,5.02,5.02
93501,991502,86296550 VACSHOE  13 IN,N/A,O Non Stock Inactive,86296550,N/A,2,13289 KARCHER NORTH AMERICA,N/A,Patrick Golden,130.21,260.42
127177,991511,56002850 NUT HEX,N/A,O Non Stock Inactive,0,02/15/2023,2,NILFISK INC,N/A,Patrick Golden,3.42,6.84
87161,991572,GK-WHIRL VAC BAG 10/PK,N/A,O Non Stock Inactive,GK-WHIRL,N/A,18,3861 GREEN KLEAN,N/A,Patrick Golden,7.56,136.08
93512,991592,56201592 SWITCH BALL,N/A,O Non Stock Inactive,56201592,N/A,1,NILFISK INC,N/A,Patrick Golden,5.65,5.65
121759,99160U,TASKI VAC BAGS 991-9096 8502160 10PK,N/A,O Non Stock Inactive,991-9096,N/A,6,11960 USA CLEAN,N/A,Patrick Golden,7.11,42.66
93519,991654,56422172 TIRE,N/A,O Non Stock Inactive,0,N/A,1,NILFISK INC,N/A,Patrick Golden,372.33,372.33
93520,991657,GTRDRCP01 DRIVE COUPLER,N/A,O Non Stock Inactive,GTRDRCP01,N/A,9,3791 GOFER PARTS,N/A,Patrick Golden,9.46,85.14
121453,99165U,HOSE CLIP 275-8165 1001992,N/A,O Non Stock Inactive,275-8165,10/20/2023,5,11960 USA CLEAN,N/A,Patrick Golden,4.08,20.40
93525,991689,86007140 ROCKER SWITCH86007140,N/A,O Non Stock Inactive,86007140,N/A,2,13289 KARCHER NORTH AMERICA,N/A,Patrick Golden,16.32,32.64
93529,991693,40936A MOTOR ASSYADVOLUTION,N/A,O Non Stock Inactive,40936A,N/A,1,NILFISK INC,N/A,Patrick Golden,843.27,843.27
109943,991701,71492A SOLENOID 0,N/A,O Non Stock Inactive,0,N/A,1,TACONY CORPORATION,N/A,Patrick Golden,264.93,264.93
93535,991724,9100001512 CAP PLASTIC CHEMLARGE CAP 56315517,N/A,O Non Stock Inactive,9100001512,N/A,1,NILFISK INC,N/A,Patrick Golden,2.54,2.54
93537,991727,56390044 PAD DRIVERADFINITY 20 REV,N/A,N Stock Active,56390044,N/A,9,NILFISK INC,05/02/2024,Patrick Golden,188.55,1696.95
93540,99172A,70172A GFI,N/A,O Non Stock Inactive,70172A,N/A,1,TACONY CORPORATION,N/A,Patrick Golden,44.77,44.77
93541,991732,9098985000 SOL VALVE KIT,N/A,O Non Stock Inactive,9098985000,N/A,1,NILFISK INC,N/A,Patrick Golden,121.47,121.47
93543,991765,9097637000 SQUEEGEE FIXING KIT,N/A,O Non Stock Inactive,9097637000,N/A,1,NILFISK INC,N/A,Patrick Golden,16.41,16.41
93549,991803,9100000959 VAC MOTOR9098233000 9095713000,N/A,O Non Stock Inactive,9100000959,N/A,1,NILFISK INC,N/A,Patrick Golden,131.1,131.10
93552,991813,GPRMK1801 18HP MAINTENANCE KI,N/A,O Non Stock Inactive,GPRMK1801,N/A,4,NILFISK INC,N/A,Patrick Golden,39.09,156.36
93554,991817,56112260 BRUSH SKIRT RIGHT,N/A,O Non Stock Inactive,56112260,N/A,1,NILFISK INC,N/A,Patrick Golden,56.32,56.32
130509,991819,55451A KEEPER BRSH.H,N/A,O Non Stock Inactive,55451A,N/A,1,NILFISK INC,N/A,Patrick Golden,5.54,5.54
93555,991822,9096554000 SOLUTION CAP W/CHAI,N/A,O Non Stock Inactive,9096554000,N/A,2,NILFISK INC,N/A,Patrick Golden,11.38,22.76
93556,991827,9100001875 FLOAT CAGE HOLDER K9097681000,N/A,O Non Stock Inactive,9100001875,N/A,1,NILFISK INC,N/A,Patrick Golden,34.41,34.41
93561,991849,86138430 BRUSH ASM  14 IN,N/A,O Non Stock Inactive,86138430,N/A,2,13289 KARCHER NORTH AMERICA,N/A,Patrick Golden,51.9,103.80
93562,991860,86141880 FRONT COVER  CPL,N/A,O Non Stock Inactive,86141880,N/A,1,13289 KARCHER NORTH AMERICA,N/A,Patrick Golden,49.45,49.45
93564,991865,86313950 SWITCH  SPDT 3 POSN M,N/A,O Non Stock Inactive,86313950,N/A,1,13289 KARCHER NORTH AMERICA,N/A,Patrick Golden,43.5,43.50
127179,991872,9100000749 ROLLER BUMBER D.160 BLACK KIT,N/A,O Non Stock Inactive,9100000749,N/A,1,NILFISK INC,N/A,Patrick Golden,17.42,17.42
93566,991873,53946800 BEND PROTECTION HOSE,N/A,O Non Stock Inactive,53946800,N/A,1,13289 KARCHER NORTH AMERICA,N/A,Patrick Golden,21.97,21.97
127180,991883,86406150 ACCESS DOOR  ZINC YEL,N/A,O Non Stock Inactive,86406150,N/A,1,13289 KARCHER NORTH AMERICA,N/A,Patrick Golden,5.92,5.92
93569,991904,295-1218 LID GASKET320560,N/A,O Non Stock Inactive,295-1218,N/A,1,11960 USA CLEAN,N/A,Patrick Golden,19.64,19.64
127181,991905,192-9527 20 IN BRUSH ASSM ROLL,N/A,O Non Stock Inactive,192-9527,N/A,2,11960 USA CLEAN,N/A,Patrick Golden,39.59,79.18
127182,991962,TBFX00358 RECOVERY DRAIN HOSE TBFX00214 TBFX00348,N/A,O Non Stock Inactive,TBFX00358,N/A,2,2800 IPC EAGLE,N/A,Patrick Golden,29.75,59.50
93578,991986,MPVR51017 FRONT SQUEEGEE BLADE,N/A,O Non Stock Inactive,MPVR51017,N/A,1,2800 IPC EAGLE,N/A,Patrick Golden,36.5,36.50
93579,991988,MPVR51016 SQUEEGEE BLADE,N/A,O Non Stock Inactive,MPVR51016,N/A,1,2800 IPC EAGLE,N/A,Patrick Golden,36.5,36.50
93580,99198A,54198A PAD DRIVERADVOLUTION 20 PM,N/A,O Non Stock Inactive,54198A,N/A,2,NILFISK INC,N/A,Patrick Golden,269.83,539.66
127185,992003,8.600-046.0 2003 VAC BAG 10-PK FOR WINDSOR VERSAMATICS VACS,N/A,O Non Stock Inactive,0,N/A,24,13289 KARCHER NORTH AMERICA,N/A,Patrick Golden,14.43,346.32
87162,992011,GK-2003 VAC BAG 10/PKFOR WINDSOR VERSAMATICS,N/A,N Stock Active,GK-2003,N/A,12,3861 GREEN KLEAN,03/14/2024,Noel Marucut,7.01,84.12
93589,99202B,370202 PAPER BAG PKG899 PAC BAGS MPV VAC,N/A,O Non Stock Inactive,899,N/A,9,6937 M & M VACUUM CLEANER PARTS,N/A,Patrick Golden,6.5,58.50
127187,992054,56112577 CONTROL BOARD 56112351,N/A,O Non Stock Inactive,56112577,N/A,2,NILFISK INC,N/A,Patrick Golden,1055.15,2110.30
87168,992075,GK-VU500 VAC BAG  10 PER PKVU500 VAC 10/10 PKS,N/A,N Stock Active,GK-VU500,04/08/2024,8,3861 GREEN KLEAN,03/14/2024,Noel Marucut,6.29,50.32
87169,992083,GK-AXCESS VAC BAG  10/PK10PK/CS,N/A,O Non Stock Inactive,GK-AXCESS,N/A,30,3861 GREEN KLEAN,N/A,Noel Marucut,8.99,269.70
99185,992090,56209083 VAC GASKET,N/A,O Non Stock Inactive,56209083,N/A,1,NILFISK INC,N/A,Patrick Golden,21,21.00
93597,992093,56412088 PIN,N/A,O Non Stock Inactive,0,N/A,1,NILFISK INC,N/A,Patrick Golden,23.48,23.48
93598,992097,56412089 MAIN FUSE,N/A,O Non Stock Inactive,56412089,N/A,1,NILFISK INC,N/A,Patrick Golden,48.53,48.53
123312,99210A,CONTROLLER-MOTOR-STEERING 56121210,N/A,O Non Stock Inactive,56121210,N/A,2,NILFISK INC,N/A,Patrick Golden,836.29,1672.58
93600,992115,8.629-774.0 ASSY  BRUSH & HUBYELLOW,N/A,O Non Stock Inactive,86297740,N/A,2,13289 KARCHER NORTH AMERICA,N/A,Patrick Golden,N/A,0.00
127188,992143,56262143 VAC HOSE 1.50 ASSY.,N/A,O Non Stock Inactive,56262143,04/04/2022,1,NILFISK INC,N/A,Patrick Golden,17.73,17.73
127699,9921483,PR2148NK3 PRO SHELF 48X21 S/ORD,N/A,N Stock Active,PR2148NK3,N/A,5,4520 INTERMETRO INDUSTRIES CORP,N/A,Christine Nelson,53.25,266.25
93604,992149,621324 PLUG EXPANDABLE,N/A,O Non Stock Inactive,621324,N/A,1,VERITIV OPERATIONG COMPANY,N/A,Patrick Golden,N/A,0.00
93606,992152,VF52010 AXEL FRONT,N/A,O Non Stock Inactive,VF52010,N/A,1,NILFISK INC,N/A,Patrick Golden,4.1,4.10
93608,992156,VF52011 AXEL TRANSPORTATION,N/A,O Non Stock Inactive,VF52011,N/A,1,NILFISK INC,N/A,Patrick Golden,3.23,3.23
127189,992161,1459184000 SPRING EXT IDLER AR,N/A,O Non Stock Inactive,1459184000,N/A,2,NILFISK INC,N/A,Patrick Golden,6.47,12.94
93615,992195S,8.805-433.0 NEOPRENE SIDE SKIR1019295,N/A,O Non Stock Inactive,8.805-433.0,N/A,10,13289 KARCHER NORTH AMERICA,N/A,Patrick Golden,19.1,191.00
93617,992201,274-6526 HOSE00341000,N/A,O Non Stock Inactive,274-6526,N/A,2,11960 USA CLEAN,N/A,Patrick Golden,69.29,138.58
99881,99221,FS22LPLUS COMPACT FREEZER 4CFRD,N/A,N Stock Active,FS22LPLUS,N/A,1,3157 FELIX STORCH  INC.,N/A,Christine Nelson,419.36,419.36
93622,992247,605201 CIRCUITBREAKER  17.0AOLD PN 20796,N/A,O Non Stock Inactive,605201,N/A,1,VERITIV OPERATIONG COMPANY,N/A,Patrick Golden,N/A,0.00
93624,992279M,1053320 ECCENTRIC WEIGHT,N/A,O Non Stock Inactive,1053320,N/A,1,7383 MODERN GROUP LTD.,N/A,Patrick Golden,22.6,22.60
93626,992287,912287 RECTIFIERGEBR50601,N/A,N Stock Active,GEBR50601,05/07/2024,17,3791 GOFER PARTS,N/A,Patrick Golden,7.87,133.79
87172,992311,151802 VAC BAG 6/PKOR1006,N/A,O Non Stock Inactive,151802,N/A,1,8284 ORECK,N/A,Patrick Golden,6.99,6.99
87173,992313,86003920 GASKET35231,N/A,O Non Stock Inactive,32231,N/A,2,13289 KARCHER NORTH AMERICA,N/A,Patrick Golden,16.1,32.20
93631,992316,86234150 POWER CORD23167,N/A,O Non Stock Inactive,86234150,N/A,1,13289 KARCHER NORTH AMERICA,N/A,Patrick Golden,59.4,59.40
93633,992322,86140100 CLOTH BAGU19825,N/A,O Non Stock Inactive,86140100,N/A,14,13289 KARCHER NORTH AMERICA,N/A,Patrick Golden,48.95,685.30
93635,992338,9096038000 PADDLE FORK,N/A,O Non Stock Inactive,9096038000,N/A,1,NILFISK INC,N/A,Patrick Golden,4.62,4.62
93641,992425,40766A MOTOR 20SD,N/A,O Non Stock Inactive,1403859640,N/A,1,NILFISK INC,N/A,Patrick Golden,669.24,669.24
127190,992434,86144520 REAR BOTTOM PLATE SRS 2829HG,N/A,O Non Stock Inactive,0,N/A,2,13289 KARCHER NORTH AMERICA,N/A,Patrick Golden,12,24.00
107568,9924603,PR2460NK3 PRO-SHELF 24X60 GRN S/ORD,N/A,N Stock Active,PR2460NK3,N/A,4,4520 INTERMETRO INDUSTRIES CORP,N/A,Christine Nelson,68.7,274.80
127191,992484,192-3621 FILTER 4077400,N/A,O Non Stock Inactive,192-3621,N/A,5,11960 USA CLEAN,N/A,Patrick Golden,1.52,7.60
93649,992503,1023329 BLADE  SQGE  REAR,N/A,O Non Stock Inactive,1023329,N/A,2,VERITIV OPERATIONG COMPANY,N/A,Patrick Golden,N/A,0.00
93650,992519,GCP175GP1 CHARGER PLUG - 175AM,N/A,N Stock Active,GCP175GP1,N/A,4,3791 GOFER PARTS,N/A,Patrick Golden,5.73,22.92
110076,992530,8.614-141.0 REAR EXHAUST COVER 86141410,N/A,O Non Stock Inactive,8.614-141.0,N/A,6,13289 KARCHER NORTH AMERICA,N/A,Patrick Golden,6.6,39.60
93656,992559,192-8826 SQUEEGEE BLADE REAR,N/A,O Non Stock Inactive,192-8826,N/A,1,11960 USA CLEAN,N/A,Patrick Golden,19.84,19.84
93657,992560,192-8827 SQUEEGEE BLADE FRONT,N/A,O Non Stock Inactive,192-8827,N/A,1,11960 USA CLEAN,N/A,Patrick Golden,18.06,18.06
93663,992613,56172088 SWITCH SPST N.O. SNAP,N/A,O Non Stock Inactive,56172088,N/A,1,NILFISK INC,N/A,Patrick Golden,5.32,5.32
93666,992625,56014326 DECAL IMPORTANT,N/A,O Non Stock Inactive,56014326,N/A,1,NILFISK INC,N/A,Patrick Golden,4.73,4.73
93669,992632,56009171 WSH INT SHPRF 456001952,N/A,O Non Stock Inactive,56009171,N/A,2,NILFISK INC,N/A,Patrick Golden,4.37,8.74
93671,992634,56183558 KIT AEXTRA LARGEE UPDATE,N/A,O Non Stock Inactive,56183558,N/A,1,NILFISK INC,N/A,Patrick Golden,85.75,85.75
93672,992635,56180032 FILTER,N/A,O Non Stock Inactive,56180032,N/A,1,NILFISK INC,N/A,Patrick Golden,4.73,4.73
108836,992648,9096877000 VACUUM MOTOR KIT HARDWARE,N/A,O Non Stock Inactive,9096877000,N/A,8,NILFISK INC,N/A,Patrick Golden,69.64,557.12
93674,992650,56265024 BELT,N/A,O Non Stock Inactive,56265024,04/15/2024,2,NILFISK INC,N/A,Patrick Golden,7.2,14.40
93678,992670M,1036240 VAC TUBE,N/A,O Non Stock Inactive,1036240,N/A,3,7383 MODERN GROUP LTD.,N/A,Patrick Golden,31.08,93.24
93681,992672M,1018239 TENNANT VAC HOSE,N/A,O Non Stock Inactive,1018239,N/A,2,7383 MODERN GROUP LTD.,N/A,Patrick Golden,52.2,104.40
130510,992675,56026751 10 AMP CIRCUIT BREAKER,N/A,O Non Stock Inactive,56026751,N/A,1,KENT/EUROCLEAN,N/A,Patrick Golden,13.2,13.20
93682,992680,386264 POLY SQUEEGEE BUMPER,N/A,O Non Stock Inactive,386264,N/A,2,11589 TAYLOR NORTHEAST BALTIMORE,N/A,Patrick Golden,13.3,26.60
93686,992716,8.622-565.0 VACUUM SHOE86225650,N/A,O Non Stock Inactive,8.622-565.0,N/A,2,13289 KARCHER NORTH AMERICA,N/A,Patrick Golden,66,132.00
110035,992748,174-6565 SCREEN 3332264,N/A,O Non Stock Inactive,174-6565,N/A,1,11960 USA CLEAN,N/A,Patrick Golden,8.65,8.65
93689,992755,GCP120RP1 CHARGER PLUG 120ARED,N/A,N Stock Active,GCP120RP1,N/A,3,3791 GOFER PARTS,N/A,Patrick Golden,10.88,32.64
127195,992770,86138200 BEARING BLOCK  LH  XP,N/A,O Non Stock Inactive,86138200,N/A,1,13289 KARCHER NORTH AMERICA,N/A,Patrick Golden,27.6,27.60
93698,992793,8.639-433.0 CONNECTING TUBE,N/A,O Non Stock Inactive,8.639-433.0,N/A,4,13289 KARCHER NORTH AMERICA,N/A,Patrick Golden,3.39,13.56
93699,992799,6492061 CASTER WHEELGWHC00001,N/A,O Non Stock Inactive,GWHC00001,N/A,2,3791 GOFER PARTS,N/A,Patrick Golden,33.54,67.08
93701,992814,816517 17" CLEAN GRITW/ 3 LUGS L800-P,N/A,O Non Stock Inactive,816517,N/A,1,6985 THE MALISH CORPORATION,N/A,Patrick Golden,129.2,129.20
93704,992828,FP578 SWITCH56102827 56102828,N/A,O Non Stock Inactive,FP578,03/15/2024,2,NILFISK INC,05/02/2024,Patrick Golden,27.55,55.10
127198,992854,86406240 BOTTOM PLATE  REAR  C 8.640-624.0,N/A,O Non Stock Inactive,86406240,N/A,1,13289 KARCHER NORTH AMERICA,N/A,Patrick Golden,22.86,22.86
108838,992870,9096380000 HOSE CLAMP KIT 08812967 L08812967,N/A,O Non Stock Inactive,0,N/A,1,NILFISK INC,N/A,Patrick Golden,6.28,6.28
93712,992885,8.601-255.0 SPRAY JET86012550,N/A,O Non Stock Inactive,86012550,N/A,1,13289 KARCHER NORTH AMERICA,N/A,Patrick Golden,8.7,8.70
110071,992911,29119 DRIVE BRUSH 8.600-336.0 86003360,N/A,O Non Stock Inactive,8.600-336.0,N/A,6,13289 KARCHER NORTH AMERICA,N/A,Patrick Golden,48.6,291.60
127199,993000,56265560 SOLENOID,N/A,O Non Stock Inactive,56265560,N/A,1,NILFISK INC,N/A,Patrick Golden,49.21,49.21
93737,99309,57988 "N" BAG PK-3,N/A,O Non Stock Inactive,57988B-6,N/A,12,2991 ELECTROLUX HOME CARE PRODUCTS,N/A,Patrick Golden,1.68,20.16
93742,993122,86217120 POWER CORD,N/A,O Non Stock Inactive,86217120,N/A,12,13289 KARCHER NORTH AMERICA,N/A,Patrick Golden,20.46,245.52
93745,993132,86311560 POTENTIOMETER LINEAR,N/A,O Non Stock Inactive,86311560,N/A,1,13289 KARCHER NORTH AMERICA,N/A,Patrick Golden,67.8,67.80
127203,993174,56265052 NOZZLE SPRAY,N/A,O Non Stock Inactive,56265052,N/A,1,NILFISK INC,N/A,Patrick Golden,11.57,11.57
93755,993183,GSQ1073TU2 SQUEEGEE SETMPVR45194/MPVR45195,N/A,O Non Stock Inactive,GSQ1073RR2,N/A,1,3791 GOFER PARTS,N/A,Patrick Golden,27.29,27.29
93758,993187,56383319 DRAIN HOSES56381918,N/A,O Non Stock Inactive,56314487,03/11/2024,1,NILFISK INC,05/02/2024,Patrick Golden,19.38,19.38
93760,993206,8.600-865.0 COTTER RING,N/A,O Non Stock Inactive,8.600-865.0,N/A,2,13289 KARCHER NORTH AMERICA,N/A,Patrick Golden,0.84,1.68
93761,993209,86323910 VACUUM TUBE  SQUEEGEE,N/A,O Non Stock Inactive,86323910,N/A,1,13289 KARCHER NORTH AMERICA,N/A,Patrick Golden,24.66,24.66
93763,993218,86256120 SOL FIL ASSM,N/A,O Non Stock Inactive,86256120,N/A,4,13289 KARCHER NORTH AMERICA,N/A,Patrick Golden,35.04,140.16
93768,993239,1079 CHEMICAL FEED CAP & TUBE1079,N/A,O Non Stock Inactive,1079,04/04/2022,4,NILFISK INC,05/02/2024,Patrick Golden,23.32,93.28
93772,993289,9096183000 SOL PUMP,N/A,O Non Stock Inactive,9096183000,N/A,1,NILFISK INC,N/A,Patrick Golden,148.2,148.20
93776,993316,833316 DRAIN PLUGMINUTEMAN,N/A,O Non Stock Inactive,833316,N/A,1,5721 KELLERMEYER COMPANY,N/A,Patrick Golden,29,29.00
93777,993318,56112213 STRAP-SQUEEGEE REAR,N/A,O Non Stock Inactive,56112213,N/A,2,NILFISK INC,N/A,Patrick Golden,18.17,36.34
93782,993363,86139260 CABLE HOOK LT Gray,N/A,O Non Stock Inactive,86139260,N/A,1,13289 KARCHER NORTH AMERICA,N/A,Patrick Golden,7.59,7.59
127204,993366,9100000175 CARD ELECTRONIC FUN KIT 9097007000,N/A,O Non Stock Inactive,9100000175,N/A,1,NILFISK INC,N/A,Patrick Golden,141.01,141.01
127205,993367,86312460 BREAKER  14A,N/A,O Non Stock Inactive,86312460,N/A,1,13289 KARCHER NORTH AMERICA,N/A,Patrick Golden,23.1,23.10
93784,993384,86145350 SPRING,N/A,O Non Stock Inactive,86145350,N/A,2,13289 KARCHER NORTH AMERICA,N/A,Patrick Golden,1.3,2.60
93785,993385,86143060 LOCK PIN,N/A,O Non Stock Inactive,86143060,N/A,2,13289 KARCHER NORTH AMERICA,N/A,Patrick Golden,1.02,2.04
93786,993386,86142290 HANDLE LOCK PLATE,N/A,O Non Stock Inactive,86142290,N/A,2,13289 KARCHER NORTH AMERICA,N/A,Patrick Golden,5.16,10.32
93787,993387,86143140 LOCK CATCH Gray,N/A,O Non Stock Inactive,86143140,N/A,2,13289 KARCHER NORTH AMERICA,N/A,Patrick Golden,4.47,8.94
93788,993388,86139450 CARRYING HANDLE Gray,N/A,O Non Stock Inactive,86139450,N/A,5,13289 KARCHER NORTH AMERICA,N/A,Patrick Golden,7.43,37.15
109790,993398,1023398 SQUEEGEE BLADE T-5 32" 8.673-130.0,N/A,O Non Stock Inactive,1023398,N/A,1,VERITIV OPERATIONG COMPANY,N/A,Patrick Golden,10,10.00
127206,993406,41431B BREAKER 41431A,N/A,O Non Stock Inactive,0,N/A,1,NILFISK INC,N/A,Patrick Golden,12.9,12.90
93795,993437,86003660 FUSE34378,N/A,O Non Stock Inactive,86003660,N/A,1,13289 KARCHER NORTH AMERICA,N/A,Patrick Golden,18.78,18.78
93796,993438,901-0002 SIDEWINDER 6PC KITTOOL KIT,N/A,O Non Stock Inactive,901-0002,N/A,1,7345 MOSQUITO,N/A,Patrick Golden,70.53,70.53
93810,993483,103483 VAC BAG 10PKPROFORCE 1500XP,N/A,O Non Stock Inactive,103483,05/22/2024,44,9084 PROTEAM INC.,N/A,Patrick Golden,1.02,44.88
93812,993514,86003780 GASKET35171 SPC ORD,N/A,O Non Stock Inactive,86003780,N/A,1,13289 KARCHER NORTH AMERICA,N/A,Patrick Golden,1.57,1.57
93813,993515,1059091 SIDE SQUEEGEEM-20,N/A,O Non Stock Inactive,105909,N/A,9,7383 MODERN GROUP LTD.,N/A,Patrick Golden,37.57,338.13
93814,993516,86237410 GASKET35160,N/A,O Non Stock Inactive,86237410,N/A,1,13289 KARCHER NORTH AMERICA,N/A,Patrick Golden,8.68,8.68
110082,993549,86241840 KEY 0,N/A,O Non Stock Inactive,0,N/A,1,13289 KARCHER NORTH AMERICA,N/A,Patrick Golden,3.8,3.80
108496,993655,56365555 CASTER WHEEL 0,N/A,O Non Stock Inactive,GWHC00001,N/A,3,3791 GOFER PARTS,N/A,Patrick Golden,36.92,110.76
127212,993667,CMPS-SF FILTER SECONDARY,N/A,O Non Stock Inactive,CMPS-SF,N/A,10,TACONY CORPORATION,N/A,Patrick Golden,0.59,5.90
107619,993697,56601499 BUSHING NYLON 0,N/A,O Non Stock Inactive,56601499,N/A,1,NILFISK INC,N/A,Patrick Golden,5.02,5.02
93840,993705,GSQ1178BX SQUEEGEE BLADE REAR870704,N/A,O Non Stock Inactive,GSQ1178BX,N/A,1,3791 GOFER PARTS,N/A,Patrick Golden,16.6,16.60
93841,993709,56601413 DRAIN HOSE KIT,N/A,O Non Stock Inactive,56601413,N/A,1,NILFISK INC,N/A,Patrick Golden,31.68,31.68
93842,993715,56112187 MOTOR CONTROLER,N/A,O Non Stock Inactive,56112187,N/A,1,NILFISK INC,N/A,Patrick Golden,262.98,262.98
93844,993732,195-6157 KIT U CLAMP380822,N/A,O Non Stock Inactive,380822,N/A,3,11960 USA CLEAN,N/A,Patrick Golden,39.95,119.85
127215,993759,1465999000 REDUCTION GEARMOTOR 1463028000,N/A,O Non Stock Inactive,1465999000,N/A,3,NILFISK INC,N/A,Patrick Golden,133.22,399.66
109942,99379A,71379A RELAY 0,N/A,O Non Stock Inactive,71379A,N/A,4,TACONY CORPORATION,N/A,Patrick Golden,23.93,95.72
93846,993834,383147 SPRING,N/A,O Non Stock Inactive,0,N/A,2,7123 MASTERCRAFT INDUSTRIES INC.,N/A,Patrick Golden,0.41,0.82
93847,993848,WD102 CLOTH FILTER,N/A,O Non Stock Inactive,WD102,N/A,1,TACONY CORPORATION,N/A,Patrick Golden,10.73,10.73
93850,993868,386839 SW. LEVER,N/A,O Non Stock Inactive,386839,N/A,4,7123 MASTERCRAFT INDUSTRIES INC.,N/A,Patrick Golden,8.91,35.64
93852,993888,195-6030 OUTRIGGER ASSY.388831,N/A,O Non Stock Inactive,195-6030,N/A,3,11960 USA CLEAN,N/A,Patrick Golden,39.95,119.85
93854,993911,56391185 VAC BAGS6 EACH BAGS TO PACKAGE,N/A,O Non Stock Inactive,56391185,N/A,8,NILFISK INC,N/A,Patrick Golden,25.96,207.68
93856,993919,1025339 BLADE  SQGE  FRONT,N/A,O Non Stock Inactive,1025339,N/A,2,VERITIV OPERATIONG COMPANY,N/A,Patrick Golden,N/A,0.00
93857,993925,9912203 CENTER LOCK CLAMP KIT239976,N/A,O Non Stock Inactive,9912203,N/A,1,11960 USA CLEAN,N/A,Patrick Golden,17.6,17.60
93860,993976,GV15006 GASKET,N/A,O Non Stock Inactive,GV15006,N/A,1,NILFISK INC,N/A,Patrick Golden,5.06,5.06
93862,993983,VF14090 O RING,N/A,O Non Stock Inactive,VF14090,N/A,1,NILFISK INC,N/A,Patrick Golden,5.09,5.09
93863,993984,GV25009 BALL,N/A,O Non Stock Inactive,GV25009,N/A,1,NILFISK INC,N/A,Patrick Golden,5.09,5.09
93865,994021,1402148500 HOSE ASSM.,N/A,O Non Stock Inactive,1402148500,N/A,1,NILFISK INC,N/A,Patrick Golden,28.83,28.83
93868,99405A,56384679 BRUSH ASSEMBLY KIT51405A 4 PCS PER KIT,N/A,O Non Stock Inactive,56384679,N/A,4,NILFISK INC,N/A,Patrick Golden,23.5,94.00
127217,994144,86353280 HOSE 8.635-328.0,N/A,O Non Stock Inactive,86353280,10/18/2023,2,13289 KARCHER NORTH AMERICA,N/A,Patrick Golden,82.2,164.40
93873,994164,86357940 PAD  3M 20" UHS TRIAL6 PK,N/A,O Non Stock Inactive,86357940,N/A,6,13289 KARCHER NORTH AMERICA,N/A,Patrick Golden,0.19,1.14
93874,994179,FT-3602 EZ PAD HOLDER ASSY,N/A,O Non Stock Inactive,FT-3602,N/A,1,3140 FAS-TRAK INDUSTRIES INC.,N/A,Patrick Golden,237.25,237.25
107621,994180,41801A 36 VOLT SOLENOID CONTACTOR,N/A,O Non Stock Inactive,41801A,N/A,1,NILFISK INC,N/A,Patrick Golden,68.15,68.15
93876,994207,195-6033 RETAINER368997,N/A,O Non Stock Inactive,195-6033,N/A,2,11960 USA CLEAN,N/A,Patrick Golden,3.2,6.40
127218,994218,104218 BUMPER NOZZLE,N/A,O Non Stock Inactive,104218,N/A,1,9084 PROTEAM INC.,N/A,Patrick Golden,4.55,4.55
93879,994228,422894 OUTRIGGER ASSY295-0311,N/A,O Non Stock Inactive,422894,N/A,2,11960 USA CLEAN,N/A,Patrick Golden,44,88.00
93880,99423,423 MAGNETIC STRIPS 16"GVPMAGN16,N/A,O Non Stock Inactive,0,N/A,10,3791 GOFER PARTS,N/A,Patrick Golden,10.5,105.00
93881,994245,104245 BULKHEAD,N/A,O Non Stock Inactive,104245,N/A,2,9084 PROTEAM INC.,N/A,Patrick Golden,2.81,5.62
93885,994280,9096650000 SPONGE SOL TANK,N/A,O Non Stock Inactive,9096650000,N/A,1,NILFISK INC,N/A,Patrick Golden,6.28,6.28
127220,994286,9099705000 SUPPORT MACHINE ASM 9095649000 9095658000,N/A,O Non Stock Inactive,0,N/A,1,NILFISK INC,N/A,Patrick Golden,109.23,109.23
127222,994354,L08603966 RING NYLON,N/A,O Non Stock Inactive,0,N/A,1,NILFISK INC,N/A,Patrick Golden,11.57,11.57
93894,994376,8.805-436.0 SIDE SQUGEM-20 1031011,N/A,O Non Stock Inactive,8.805-436.0,N/A,7,13289 KARCHER NORTH AMERICA,N/A,Patrick Golden,35.4,247.80
93895,994377,8.805-437.0 REAR SQUEGEM-20 1031331,N/A,O Non Stock Inactive,8.805-437.0,N/A,2,13289 KARCHER NORTH AMERICA,N/A,Patrick Golden,43.26,86.52
93896,994378,8.805-432.0 FRNT SQUEGEM-20 1017868,N/A,O Non Stock Inactive,8.805-432.0,N/A,1,13289 KARCHER NORTH AMERICA,N/A,Patrick Golden,32.4,32.40
93897,994379,8.803-868.0 DRAIN HOSEM-20 1019424,N/A,O Non Stock Inactive,8.803-868.0,N/A,2,13289 KARCHER NORTH AMERICA,N/A,Patrick Golden,61.75,123.50
93901,994394,B2 HYDRA FILTER2KXR7 M-20,N/A,O Non Stock Inactive,2KXR7,N/A,7,3829 GRAINGER,N/A,Patrick Golden,8.32,58.24
93908,994478,44783 HOOVER BELTPN #100,N/A,O Non Stock Inactive,0,N/A,23,6937 M & M VACUUM CLEANER PARTS,N/A,Patrick Golden,0.75,17.25
121465,99451U,MAIN HARNESS 275-9669 1025451,N/A,O Non Stock Inactive,275-9669,12/09/2022,1,11960 USA CLEAN,N/A,Patrick Golden,739.07,739.07
87177,99460P,460PB 3 PACKFOR PF 90 VAC,N/A,O Non Stock Inactive,460PB,N/A,1,TACONY CORPORATION,N/A,Patrick Golden,1.45,1.45
93918,994621,CL1808118 HANDLE PIVOT PIN,N/A,O Non Stock Inactive,CL1808118,N/A,1,5992 LA EQUIPMENT SERVICES,N/A,Patrick Golden,7.49,7.49
127223,994624,1462475000 LIFT CABLE TERRA 4300B,N/A,O Non Stock Inactive,0,N/A,1,NILFISK INC,N/A,Patrick Golden,36.28,36.28
127224,994797,9098177000 CABLE TANK STOP,N/A,O Non Stock Inactive,9098177000,N/A,1,NILFISK INC,N/A,Patrick Golden,24.83,24.83
87178,994838,900035 BAGS 10-PK 611783604838 611787 LITE TRAC,N/A,O Non Stock Inactive,M&M890,N/A,3,6937 M & M VACUUM CLEANER PARTS,N/A,Patrick Golden,6.95,20.85
93936,994862,9100001280 COVER-VACUUM MOTOR9096051000,N/A,O Non Stock Inactive,9100001280,N/A,2,NILFISK INC,N/A,Patrick Golden,4.43,8.86
127225,994865,GVM024001A VAC MOTOR,N/A,O Non Stock Inactive,GVM024001A,N/A,1,3791 GOFER PARTS,N/A,Patrick Golden,120.25,120.25
107677,994940,86012670 BATTERY INDICATOR 8.601-267.0,N/A,O Non Stock Inactive,86012670,N/A,1,13289 KARCHER NORTH AMERICA,N/A,Patrick Golden,79.2,79.20
93940,994953,86216940 INNER CABLE23209,N/A,O Non Stock Inactive,86216940,N/A,1,13289 KARCHER NORTH AMERICA,N/A,Patrick Golden,11.56,11.56
109949,994957,104957 VAC MOTOR 0,N/A,O Non Stock Inactive,0,N/A,1,9084 PROTEAM INC.,N/A,Patrick Golden,50.05,50.05
127226,994966,86005540 SP MANIFOLD  CMD20 8.600-554.0,N/A,O Non Stock Inactive,86005540,N/A,1,13289 KARCHER NORTH AMERICA,N/A,Patrick Golden,35.7,35.70
93942,994984,1025341 URETHANE REAR SQ,N/A,O Non Stock Inactive,1025341,N/A,2,VERITIV OPERATIONG COMPANY,N/A,Patrick Golden,N/A,0.00
93943,9950017,14 1/2 in squge tool 225-00172250017,N/A,O Non Stock Inactive,225-0017,N/A,1,11960 USA CLEAN,N/A,Patrick Golden,36.13,36.13
109690,995003,REPLACEMENT SNEEZEGUARD GLASS RAVENS,N/A,N Stock Active,CUSTOM,N/A,1,1274 BRASS SMITH INNOVATIONS LLC,N/A,Christine Nelson,N/A,0.00
93944,995005,56109772 SPRING GAS56109768,N/A,O Non Stock Inactive,56109772,11/09/2022,1,NILFISK INC,N/A,Patrick Golden,31.38,31.38
127227,995007,5007BLU EXHAUST COVER,N/A,O Non Stock Inactive,0,N/A,1,13289 KARCHER NORTH AMERICA,N/A,Patrick Golden,5.14,5.14
93945,995008,500381 ARM-HANDLE SUPPORT,N/A,O Non Stock Inactive,0,N/A,1,8712 PACIFIC FLOORCARE,N/A,Patrick Golden,6.38,6.38
93951,995031,56409485 CABLE ASSY.1 X 15.00,N/A,O Non Stock Inactive,56409485,11/27/2023,12,NILFISK INC,05/02/2024,Patrick Golden,25.2,302.40
93952,995037,1202133 B10 LABEL,N/A,O Non Stock Inactive,1202133,N/A,2,11589 TAYLOR NORTHEAST BALTIMORE,N/A,Patrick Golden,10.21,20.42
127228,995041,56265098 SWITCH,N/A,O Non Stock Inactive,0,N/A,2,NILFISK INC,N/A,Patrick Golden,6.2,12.40
127229,995051,1010876 LINK,N/A,O Non Stock Inactive,1010876,N/A,1,11589 TAYLOR NORTHEAST BALTIMORE,N/A,Patrick Golden,4.94,4.94
93957,9950538,WAND 225-05382550538,N/A,O Non Stock Inactive,225-0538,N/A,1,11960 USA CLEAN,N/A,Patrick Golden,39.67,39.67
108691,9950590,DEBRIS TRAY 86350590 8.635-059.0,N/A,N Stock Active,86350590,N/A,1,13289 KARCHER NORTH AMERICA,N/A,Patrick Golden,36,36.00
121466,99506U,STRAP 175-5506 613910,N/A,O Non Stock Inactive,175-5506,N/A,1,11960 USA CLEAN,N/A,Patrick Golden,34.96,34.96
93960,995073,1031610 SQGE HOSE ASSYM-20 1233953 1025253,N/A,O Non Stock Inactive,1031610,N/A,1,7383 MODERN GROUP LTD.,N/A,Patrick Golden,135.36,135.36
93961,995087,56344168 FILTER,N/A,O Non Stock Inactive,56344168,N/A,1,NILFISK INC,N/A,Patrick Golden,5.54,5.54
93962,995089,9097384000 DEBRIS TRAY9097384000,N/A,O Non Stock Inactive,9097384000,12/06/2023,2,NILFISK INC,05/02/2024,Patrick Golden,10.45,20.90
108853,995096,56265096 VAC MOTOR 0,N/A,O Non Stock Inactive,56265096,04/15/2024,7,NILFISK INC,05/02/2024,Patrick Golden,144.35,1010.45
127231,995116,56510707 BROOM-SIDE POLY 56510707,N/A,O Non Stock Inactive,0,N/A,2,NILFISK INC,N/A,Patrick Golden,40.75,81.50
93971,995134,107407713 ELECTRIC CORD 33 FT107407582,N/A,O Non Stock Inactive,107407713,10/02/2023,5,NILFISK INC,05/02/2024,Patrick Golden,45.79,228.95
93972,995143,5143 EXHAUST FILTER86141450 GK-5143 8.614-145.0,N/A,O Non Stock Inactive,GK-5143,05/09/2024,45,3861 GREEN KLEAN,05/14/2024,Noel Marucut,0.78,35.10
93980,995201,56266055 MANIFOLD PLUG,N/A,O Non Stock Inactive,56266055,N/A,2,NILFISK INC,N/A,Patrick Golden,4.35,8.70
93981,995206,52556A SWITCH,N/A,O Non Stock Inactive,52556A,03/01/2024,1,NILFISK INC,N/A,Patrick Golden,46.16,46.16
127233,995217,56383358 PADDLE HARNESS,N/A,O Non Stock Inactive,56383358,N/A,1,NILFISK INC,N/A,Patrick Golden,49.34,49.34
108524,995220,GK-300BP BACKPACK BAG S/O,N/A,O Non Stock Inactive,GK-300BP,04/18/2023,10,3861 GREEN KLEAN,05/17/2024,Noel Marucut,5.45,54.50
93986,995224,SPRING  COMP 18MMOD X 83 X 28.625-497.0 86254970,N/A,O Non Stock Inactive,86254970,N/A,1,13289 KARCHER NORTH AMERICA,N/A,Patrick Golden,4.92,4.92
93988,995231,52318 "C"STYLE BAG,N/A,O Non Stock Inactive,M&M 817,N/A,9,2991 ELECTROLUX HOME CARE PRODUCTS,N/A,Patrick Golden,1.03,9.27
93989,995235,52358 PAPER BAGSTYLE V EUREKA,N/A,O Non Stock Inactive,M&M885,N/A,18,2991 ELECTROLUX HOME CARE PRODUCTS,N/A,Patrick Golden,2.16,38.88
93992,995257,86411170 DRIVE MOTOR,N/A,O Non Stock Inactive,86411170,N/A,2,13289 KARCHER NORTH AMERICA,N/A,Patrick Golden,678,1356.00
93995,995287,8.613-817.0 BEARING BLOCK R/H86138170,N/A,O Non Stock Inactive,8.613-817.0,N/A,6,13289 KARCHER NORTH AMERICA,N/A,Patrick Golden,17.34,104.04
93996,9952ER,86137660 PCB BOARD5203ER,N/A,O Non Stock Inactive,86137660,N/A,1,13289 KARCHER NORTH AMERICA,N/A,Patrick Golden,66,66.00
87180,995304,GK-OR-EXTRA LARGE VAC BAG 8PKORECK STYLE,N/A,O Non Stock Inactive,GK-OR-XL,N/A,2,3861 GREEN KLEAN,N/A,Noel Marucut,4.57,9.14
93997,995324,8.638-691.0 BRAKE TRACTION MTR86386910,N/A,O Non Stock Inactive,8.638-691.0,N/A,1,13289 KARCHER NORTH AMERICA,N/A,Patrick Golden,171.6,171.60
87181,995332,GK-CMASTR VAC BAG 10/PK,N/A,N Stock Active,GK-CMASTR,03/07/2024,13,3861 GREEN KLEAN,03/14/2024,Noel Marucut,6.99,90.87
87183,995334,GK-CARPTWIN VAC BAG 10/PK,N/A,N Stock Active,GK-CARPTWIN,N/A,8,3861 GREEN KLEAN,N/A,Noel Marucut,6.08,48.64
94001,995363,56265142 VAC HOSE ASSY,N/A,O Non Stock Inactive,56265142,N/A,1,NILFISK INC,N/A,Patrick Golden,20.45,20.45
130516,995379,5379 BELT,N/A,O Non Stock Inactive,0,N/A,2,13289 KARCHER NORTH AMERICA,N/A,Patrick Golden,9.36,18.72
94004,995393,56384012 DRAIN HOSE56381937,N/A,O Non Stock Inactive,56381937,N/A,2,NILFISK INC,N/A,Patrick Golden,38.62,77.24
108856,995397,L08238300 WASHER 0,N/A,O Non Stock Inactive,L08238300,N/A,2,NILFISK INC,N/A,Patrick Golden,5.54,11.08
94007,995407,9096516000 PIN,N/A,O Non Stock Inactive,9096516000,N/A,3,NILFISK INC,N/A,Patrick Golden,7.01,21.03
94008,995408,980413 WASHER,N/A,O Non Stock Inactive,980413,N/A,6,NILFISK INC,N/A,Patrick Golden,5.54,33.24
94011,995424,86144620 RETAINING RING5424DG,N/A,O Non Stock Inactive,86144620,N/A,5,13289 KARCHER NORTH AMERICA,N/A,Patrick Golden,1.78,8.90
94012,995429,54310B "U"STYLE BAG(3PK),N/A,O Non Stock Inactive,0,N/A,24,2991 ELECTROLUX HOME CARE PRODUCTS,N/A,Patrick Golden,1.54,36.96
94013,995448,56115314 COVER BELT56315445,N/A,O Non Stock Inactive,56115314,N/A,1,NILFISK INC,N/A,Patrick Golden,5.11,5.11
127234,995485,86144330 COVER 5485WI,N/A,O Non Stock Inactive,86144330,N/A,1,13289 KARCHER NORTH AMERICA,N/A,Patrick Golden,59.1,59.10
94015,995493,86138490 BRUSH ROLLER 15"2838WI,N/A,O Non Stock Inactive,86138490,N/A,1,13289 KARCHER NORTH AMERICA,N/A,Patrick Golden,30,30.00
94016,995496,1405496510 SWITCH,N/A,O Non Stock Inactive,1405496510,N/A,1,NILFISK INC,N/A,Patrick Golden,14.11,14.11
87185,995499,GK-PT565 CLOTH BAGSUPER COACH,N/A,O Non Stock Inactive,GK-PT565,N/A,6,3861 GREEN KLEAN,N/A,Noel Marucut,4.88,29.28
94018,995514,1453824000 FUSE STRIPREPLACE PG11.06500 ADFINITY,N/A,O Non Stock Inactive,1453824000,N/A,1,NILFISK INC,N/A,Patrick Golden,6.44,6.44
94019,995517,9097477000 DEBRIS TRAY COVER,N/A,O Non Stock Inactive,9097477000,12/06/2023,2,NILFISK INC,05/02/2024,Patrick Golden,8.1,16.20
127235,995543,855205 VAC MOTOR,N/A,O Non Stock Inactive,855205,N/A,1,8712 PACIFIC FLOORCARE,N/A,Patrick Golden,166.45,166.45
87187,995546,GK-ADGIL6XP VAC BAG 2EALL PURPOSEK10PK/CS F/ADVANCE ADGILITY,N/A,O Non Stock Inactive,GK-ADGIL6XP,N/A,5,3861 GREEN KLEAN,N/A,Noel Marucut,5.89,29.45
94024,995548,875010 ORBITAL BEARING KIT,N/A,O Non Stock Inactive,875010,N/A,1,8712 PACIFIC FLOORCARE,N/A,Patrick Golden,302.41,302.41
94029,995592,875801 O RING,N/A,O Non Stock Inactive,875801,N/A,1,8712 PACIFIC FLOORCARE,N/A,Patrick Golden,2.47,2.47
94030,995593,854103 VAC HOSE,N/A,O Non Stock Inactive,854103,N/A,1,8712 PACIFIC FLOORCARE,N/A,Patrick Golden,45.91,45.91
94031,9956000,SEALING STRIP L.H. 01056000PB01056000,N/A,N Stock Active,PB01056000,N/A,1,11589 TAYLOR NORTHEAST BALTIMORE,N/A,Patrick Golden,23.57,23.57
94032,995601,TRAY PUCK 879202,N/A,O Non Stock Inactive,879202,N/A,9,8712 PACIFIC FLOORCARE,N/A,Patrick Golden,5.42,48.78
127238,995605,SIDE BROOM HARDWARE KIT 1464100000,N/A,O Non Stock Inactive,1464100000,N/A,1,NILFISK INC,N/A,Patrick Golden,118.97,118.97
127239,995621,56220109 UPHOLSTERY TOOL ASSM.,N/A,O Non Stock Inactive,56220109,03/01/2024,1,NILFISK INC,04/30/2024,Patrick Golden,91.56,91.56
94036,995623,VAC MOTOR 875202875023,N/A,O Non Stock Inactive,875202,N/A,1,8712 PACIFIC FLOORCARE,N/A,Patrick Golden,155.7,155.70
94041,995637,56265705SOCKET-QUICK DISCONNECT,N/A,O Non Stock Inactive,56265705,N/A,1,NILFISK INC,N/A,Patrick Golden,6.8,6.80
108859,995639,56397029 POTENTIOMETER 5K 0,N/A,O Non Stock Inactive,56397029,N/A,1,NILFISK INC,N/A,Patrick Golden,29.67,29.67
94049,995746,1023327 SQUEEGEE SET1023327,N/A,O Non Stock Inactive,1023327,N/A,4,11649 TENNANT,04/30/2024,Patrick Golden,28.4,113.60
130517,995750,964447 SCREW,N/A,O Non Stock Inactive,0,N/A,1,8712 PACIFIC FLOORCARE,N/A,Patrick Golden,2.39,2.39
127240,995752,962278 SCREW,N/A,O Non Stock Inactive,0,N/A,4,8712 PACIFIC FLOORCARE,N/A,Patrick Golden,1.34,5.36
94050,995753,874101 HOSE,N/A,O Non Stock Inactive,874101,N/A,3,8712 PACIFIC FLOORCARE,N/A,Patrick Golden,49.84,149.52
94054,995771,9099255000 HOSE VACUUM MOTOR,N/A,O Non Stock Inactive,0,N/A,4,NILFISK INC,N/A,Patrick Golden,24.09,96.36
127241,995779,56116519 SMART KEY SUPV,N/A,O Non Stock Inactive,56116519,N/A,5,NILFISK INC,N/A,Patrick Golden,31.67,158.35
127242,995787,GVM120003 VAC MOTOR,N/A,O Non Stock Inactive,GVM120003,N/A,1,3791 GOFER PARTS,N/A,Patrick Golden,119.97,119.97
94062,995802,ROCKER SWITCH X1333 PX87,N/A,O Non Stock Inactive,PX87,N/A,5,TACONY CORPORATION,N/A,Patrick Golden,4.1,20.50
109780,995805,GK-EURSL VAC BAG 3/PK EUREKA S782  SC785 SANITAIRE,N/A,O Non Stock Inactive,GK-EURSL,N/A,7,3861 GREEN KLEAN,N/A,Noel Marucut,1.7,11.90
94066,995818,58183 EUREKA PAPER BAGSTYLE "Y" 3PK,N/A,O Non Stock Inactive,PWFL,N/A,7,TACONY CORPORATION,N/A,Patrick Golden,3,21.00
94068,995823,58236B PAPER BAGS STYLE AA3PK,N/A,O Non Stock Inactive,58236B,N/A,9,2991 ELECTROLUX HOME CARE PRODUCTS,N/A,Patrick Golden,1.96,17.64
94069,995831,L08812873 DRAIN HOSE COMPLETE,N/A,O Non Stock Inactive,L08812873,N/A,1,NILFISK INC,N/A,Patrick Golden,75.9,75.90
94071,995843,86143920 PILE ADJUSTMENT WHEEL,N/A,O Non Stock Inactive,86143920,N/A,1,13289 KARCHER NORTH AMERICA,N/A,Patrick Golden,14.7,14.70
127244,995851,1408618000 PAPER BAGS 10/P VP300 CANISTER VAC,N/A,O Non Stock Inactive,1408618000,N/A,1,NILFISK INC,N/A,Patrick Golden,12.41,12.41
127245,995852,56264327 FOAM ACCOUSTICAL,N/A,O Non Stock Inactive,1408618000,N/A,1,NILFISK INC,N/A,Patrick Golden,4.02,4.02
94074,995864,1060173 SOLUTION FILL TANK COVASSM 605062 605061,N/A,O Non Stock Inactive,1060176,N/A,1,VERITIV OPERATIONG COMPANY,N/A,Patrick Golden,N/A,0.00
94075,995866,578301 KNOB  RND,N/A,O Non Stock Inactive,578301,N/A,1,VERITIV OPERATIONG COMPANY,N/A,Patrick Golden,N/A,0.00
108696,995891,86370500 BRUSH  EXTRACTOR  4"O 0,N/A,O Non Stock Inactive,86370500,N/A,2,13289 KARCHER NORTH AMERICA,N/A,Patrick Golden,133.2,266.40
127246,995901,9096543000 PIN SQUEEGEE FIXING,N/A,O Non Stock Inactive,9096543000,N/A,1,NILFISK INC,N/A,Patrick Golden,6.2,6.20
94084,995938,56384100 ELECTOMAGNETIC BRAKE,N/A,O Non Stock Inactive,56384100,N/A,1,NILFISK INC,N/A,Patrick Golden,158.68,158.68
94086,995946,855014 SOLUTION SOLENOIDKIT,N/A,O Non Stock Inactive,855014,N/A,1,8712 PACIFIC FLOORCARE,N/A,Patrick Golden,100.46,100.46
94093,995983,86141380 EXHAUST FILTER COVER,N/A,O Non Stock Inactive,86141380,N/A,10,13289 KARCHER NORTH AMERICA,N/A,Patrick Golden,22.02,220.20
94095,995987,FATIVAN DOOR STOPPERLIME GREEN,N/A,O Non Stock Inactive,FATIVAN RED,05/31/2024,34,7756 NEWCAL  LLC,N/A,Patrick Golden,10.88,369.92
94099,996009,8.668-999.0 FAN SHELL W/ TUBE,N/A,O Non Stock Inactive,8.668-999.0,N/A,1,13289 KARCHER NORTH AMERICA,N/A,Patrick Golden,14.91,14.91
94102,996028,60284 EUREKA PAPER BAGSTYLE EX,N/A,O Non Stock Inactive,60284,N/A,2,2991 ELECTROLUX HOME CARE PRODUCTS,N/A,Patrick Golden,2.42,4.84
94104,996036,603659 SQ. BLADE,N/A,O Non Stock Inactive,603659,N/A,1,VERITIV OPERATIONG COMPANY,N/A,Patrick Golden,N/A,0.00
94105,996042,56383494 FOAM SPACER,N/A,O Non Stock Inactive,56383494,N/A,1,NILFISK INC,N/A,Patrick Golden,4.05,4.05
94109,996053,1011094 SQUEEGEE KNOB605361 27257,N/A,O Non Stock Inactive,605361,N/A,1,VERITIV OPERATIONG COMPANY,N/A,Patrick Golden,N/A,0.00
127331,99607A,87607A WASHER NYLON,N/A,O Non Stock Inactive,87607A,N/A,1,NILFISK INC,N/A,Patrick Golden,5.11,5.11
94111,996115,611115 RR BAG 3-PKG,N/A,O Non Stock Inactive,61115,N/A,2,6937 M & M VACUUM CLEANER PARTS,N/A,Patrick Golden,3.4,6.80
94112,996151,61515 J BAGS 3PK,N/A,O Non Stock Inactive,0,N/A,4,6937 M & M VACUUM CLEANER PARTS,N/A,Patrick Golden,2.95,11.80
87190,996181,816 SIMPLICITY 6000 VAC BAPACK 3 EACH BAG,N/A,O Non Stock Inactive,0,N/A,5,6937 M & M VACUUM CLEANER PARTS,N/A,Patrick Golden,1.75,8.75
94118,99619B,88609A BOLT,N/A,O Non Stock Inactive,88609A,N/A,4,NILFISK INC,N/A,Patrick Golden,2.06,8.24
87191,996215,62100 VAC BAG 3-PKSC6600,N/A,O Non Stock Inactive,62100,N/A,1,2991 ELECTROLUX HOME CARE PRODUCTS,N/A,Patrick Golden,4.17,4.17
94122,996243,9096620000HARNESS CYL BRUSH DECK,N/A,O Non Stock Inactive,9096620000,N/A,1,NILFISK INC,N/A,Patrick Golden,25.06,25.06
94125,996263,56263648 SPRING,N/A,N Stock Active,56263648,05/08/2024,6,NILFISK INC,N/A,Patrick Golden,4.73,28.38
94126,996265,56265034 DRAIN HOSE,N/A,O Non Stock Inactive,56265034,03/01/2024,8,NILFISK INC,05/02/2024,Patrick Golden,20.2,161.60
87192,996268,90141 CLEAN BREEZE BAGS 10CK-14 1-PK,N/A,O Non Stock Inactive,90141,N/A,5,TACONY CORPORATION,N/A,Patrick Golden,10.81,54.05
94127,996272,90144 HEPA FILTERCK-14,N/A,O Non Stock Inactive,90144,N/A,13,TACONY CORPORATION,N/A,Patrick Golden,5.43,70.59
94129,996279R,855401 S-20 DISK SCRUBBER*RENTAL/DEMO* SN71265,N/A,O Non Stock Inactive,855401,N/A,2,8712 PACIFIC FLOORCARE,N/A,Patrick Golden,3048.5,6097.00
94130,996280R,855403 S-20 DISC TRANSAEXTRA LARGEE*RENTAL/DEMO* SN71253,N/A,O Non Stock Inactive,855403,N/A,1,8712 PACIFIC FLOORCARE,N/A,Patrick Golden,N/A,0.00
94131,996285,TBBP00513 DRAIN HOSE,N/A,O Non Stock Inactive,TBBP00513,N/A,2,2800 IPC EAGLE,N/A,Patrick Golden,70.36,140.72
94135,996330,56330821 LEVER,N/A,O Non Stock Inactive,56330821,N/A,1,NILFISK INC,N/A,Patrick Golden,8.65,8.65
127248,996333,56003545 SCREW,N/A,O Non Stock Inactive,56003545,N/A,4,NILFISK INC,N/A,Patrick Golden,4.98,19.92
108863,996348,41073A FUSE 30A 0,N/A,O Non Stock Inactive,41073A,N/A,1,NILFISK INC,N/A,Patrick Golden,6.73,6.73
94140,996360,9100000106 HOLDER RUBBER9096636000,N/A,O Non Stock Inactive,9100000106,N/A,1,NILFISK INC,N/A,Patrick Golden,7.02,7.02
127249,996438,56264024 ADAPTER 56264382,N/A,O Non Stock Inactive,0,N/A,1,NILFISK INC,N/A,Patrick Golden,3.42,3.42
94150,996439,86320880 ACTUATOR,N/A,O Non Stock Inactive,86320880,N/A,1,13289 KARCHER NORTH AMERICA,N/A,Patrick Golden,185.4,185.40
94153,99645A,30645A LEVER LEFT,N/A,O Non Stock Inactive,30645A,N/A,1,NILFISK INC,N/A,Patrick Golden,7.02,7.02
107625,996460,56382737 BLADE KIT-SQUEEGEE 56382737,N/A,O Non Stock Inactive,0,N/A,2,NILFISK INC,N/A,Patrick Golden,62.61,125.22
94154,99646A,30646A R/H LEVER,N/A,O Non Stock Inactive,30646A,N/A,1,NILFISK INC,N/A,Patrick Golden,7.02,7.02
108867,99647A,54647A KNOB BOOST,N/A,O Non Stock Inactive,54647A,N/A,1,NILFISK INC,N/A,Patrick Golden,6.73,6.73
94163,996520,56265204 BEARING SPINDLE KIT F,N/A,O Non Stock Inactive,56265204,04/15/2024,2,NILFISK INC,05/02/2024,Patrick Golden,32.99,65.98
94164,996521,86327790 SQUGE WEIGHT PLATE8.632-779.0,N/A,O Non Stock Inactive,86327790,N/A,6,13289 KARCHER NORTH AMERICA,N/A,Patrick Golden,19.47,116.82
94166,996526,106526 HEPA PLEATED DOME FILT,N/A,O Non Stock Inactive,106526,N/A,1,9084 PROTEAM INC.,N/A,Patrick Golden,6.35,6.35
94167,996527,86326470 COVER BRACE8.632-647.0,N/A,O Non Stock Inactive,86326470,N/A,1,13289 KARCHER NORTH AMERICA,N/A,Patrick Golden,28.89,28.89
94169,996534,9098675000 CABLE SQUEEGEE KIT9096534000 SQUEEGEE CABLE,N/A,O Non Stock Inactive,9098675000,N/A,1,NILFISK INC,N/A,Patrick Golden,50.36,50.36
108868,996554,56387302 TUBE PVC 0,N/A,O Non Stock Inactive,56387302,12/29/2023,2,NILFISK INC,05/02/2024,Patrick Golden,6.89,13.78
94178,996635,86345730 HOSE,N/A,O Non Stock Inactive,86345730,N/A,1,13289 KARCHER NORTH AMERICA,N/A,Patrick Golden,64.46,64.46
94179,996636,56265162 CORD 50 YELLOW,N/A,O Non Stock Inactive,56265162,04/15/2024,2,NILFISK INC,N/A,Patrick Golden,82.85,165.70
94180,996639,86347250 PCB RELAY,N/A,O Non Stock Inactive,86347250,N/A,1,13289 KARCHER NORTH AMERICA,N/A,Patrick Golden,174,174.00
94181,996654,L08603855 HOSE08603855,N/A,O Non Stock Inactive,0,N/A,1,NILFISK INC,N/A,Patrick Golden,N/A,0.00
94186,996681,86354270 DRAIN HOSE,N/A,O Non Stock Inactive,86354270,N/A,1,13289 KARCHER NORTH AMERICA,N/A,Patrick Golden,70.8,70.80
94190,996699,241060 FLOAT  SCREENED W/ BALL,N/A,O Non Stock Inactive,241060,N/A,1,11589 TAYLOR NORTHEAST BALTIMORE,N/A,Patrick Golden,29.84,29.84
99189,996703,56703769 CLOTH VAC BAGSFOR CARPETWIN 14 VAC,N/A,O Non Stock Inactive,56703769,N/A,1,NILFISK INC,N/A,Patrick Golden,14.1,14.10
94193,996712,1049048 CASTER WHEEL,N/A,O Non Stock Inactive,0,N/A,2,VERITIV OPERATIONG COMPANY,N/A,Patrick Golden,N/A,0.00
94194,996720,9096672000 FILTERADFINITY 20D SCRUBBER,N/A,O Non Stock Inactive,9096672000,N/A,4,NILFISK INC,N/A,Patrick Golden,5.54,22.16
109952,996727,105573 QUICK RELEASE 0,N/A,O Non Stock Inactive,105573,N/A,1,9084 PROTEAM INC.,N/A,Patrick Golden,9.5,9.50
94200,996763,56384720 GAS SPRING KIT,N/A,O Non Stock Inactive,56384720,N/A,1,NILFISK INC,N/A,Patrick Golden,35.22,35.22
108871,996764,56384502 WASHER-POLYURETHANE 0,N/A,O Non Stock Inactive,56384502,N/A,2,NILFISK INC,N/A,Patrick Golden,13.41,26.82
94202,996770,996-0417 PAD DRIVER,N/A,O Non Stock Inactive,996-0417,N/A,1,11960 USA CLEAN,N/A,Patrick Golden,48.72,48.72
130518,996785,9095065000 FILTER ANTIFOAMING,N/A,O Non Stock Inactive,9095065000,N/A,2,NILFISK INC,05/02/2024,Patrick Golden,5.67,11.34
127252,996789,40788A CORD 14/3 50FT YEL. SUP,N/A,O Non Stock Inactive,40788A,N/A,1,NILFISK INC,N/A,Patrick Golden,138.84,138.84
94207,996820,9096682000 RUBBER WASHERADFINITY 20D SCRUBBER,N/A,O Non Stock Inactive,9096682000,N/A,2,NILFISK INC,05/02/2024,Patrick Golden,6.05,12.10
94208,996822,1006343 CASTER WHEEL,N/A,O Non Stock Inactive,1006343,N/A,2,VERITIV OPERATIONG COMPANY,N/A,Patrick Golden,N/A,0.00
94211,99687A,10687A MODULE INTERLOCK,N/A,O Non Stock Inactive,10687A,N/A,1,NILFISK INC,N/A,Patrick Golden,67.34,67.34
127253,996887,80296A SCREW,N/A,O Non Stock Inactive,80296A,02/16/2024,5,NILFISK INC,05/02/2024,Patrick Golden,2.29,11.45
94213,996888,30206A BUMPER BRUSH HSG,N/A,O Non Stock Inactive,30206A,02/16/2024,1,NILFISK INC,05/02/2024,Patrick Golden,34.41,34.41
108872,996904,9097153000 REVERSE-SPEED SWITC 0,N/A,O Non Stock Inactive,9097153000,N/A,2,NILFISK INC,N/A,Patrick Golden,82.11,164.22
94218,996914,9096914000 CORD EXT9095783000,N/A,N Stock Active,9096914000,N/A,8,NILFISK INC,N/A,Patrick Golden,13.29,106.32
94220,996918,9100000703 HOSE FILLING PKD9097290000,N/A,O Non Stock Inactive,9100000703,N/A,3,NILFISK INC,N/A,Patrick Golden,24.77,74.31
94222,996949,140437 SPRING175-1467,N/A,O Non Stock Inactive,140437,N/A,1,VERITIV OPERATIONG COMPANY,N/A,Patrick Golden,5.73,5.73
127255,996952,56422145 CHARGER BATTERY ON BO,N/A,O Non Stock Inactive,56422145,N/A,1,NILFISK INC,N/A,Patrick Golden,983.77,983.77
94224,996953,56383361 PADDLE-ASSY,N/A,O Non Stock Inactive,56383361,N/A,1,NILFISK INC,N/A,Patrick Golden,219.76,219.76
110083,996959,86312730 SWITCH HANDLE 0,N/A,O Non Stock Inactive,86312730,N/A,1,13289 KARCHER NORTH AMERICA,N/A,Patrick Golden,21.9,21.90
87196,996X32,X9732 10 QT MICRO HEPA 10P,N/A,O Non Stock Inactive,X9732,N/A,5,TACONY CORPORATION,N/A,Patrick Golden,15,75.00
87197,996X35,X9735 6QT CLOSED MOUTH 10P,N/A,O Non Stock Inactive,X9735,N/A,5,TACONY CORPORATION,N/A,Patrick Golden,8.3,41.50
87199,996X38,X9738 10 QT OPEN MOUTH10PK,N/A,O Non Stock Inactive,X9738,N/A,3,TACONY CORPORATION,N/A,Patrick Golden,10.5,31.50
87200,996X78,X9678 6 QT MICRO HEPA 10PK,N/A,O Non Stock Inactive,X9678,N/A,4,TACONY CORPORATION,N/A,Patrick Golden,13.4,53.60
94232,997014,86297620 STRAP  HAND TOOL86297620,N/A,O Non Stock Inactive,86297620,N/A,1,13289 KARCHER NORTH AMERICA,N/A,Patrick Golden,3.36,3.36
94236,997025,L08837025 BRUSH PROLENE MEDIUM20,N/A,N Stock Active,L08837025,N/A,5,NILFISK INC,05/02/2024,Patrick Golden,169.85,849.25
94238,997029,86284790 VAC BAG 10/PK7029WI/WW7029,N/A,O Non Stock Inactive,7029WI,N/A,1,13289 KARCHER NORTH AMERICA,N/A,Patrick Golden,15.42,15.42
94240,997069,98988A  BELT B-47OLD PN 56102534,N/A,O Non Stock Inactive,98988A,N/A,3,NILFISK INC,N/A,Patrick Golden,10.86,32.58
94241,997070,56102656 BELT B X 42,N/A,O Non Stock Inactive,56102656,N/A,3,NILFISK INC,N/A,Patrick Golden,27.9,83.70
94245,997100,9096671000 SPONGEADFINITY 20D SCRUBBER,N/A,O Non Stock Inactive,9096671000,N/A,1,NILFISK INC,N/A,Patrick Golden,6.28,6.28
127256,997116,VF14222 SCREW VV20501,N/A,O Non Stock Inactive,VF14222,N/A,2,NILFISK INC,N/A,Patrick Golden,5.09,10.18
87202,997129,65297-101 CASE- 10 PACKS- 5 BAGS,N/A,O Non Stock Inactive,65297-10,N/A,1,2991 ELECTROLUX HOME CARE PRODUCTS,N/A,Patrick Golden,20.15,20.15
94247,997131,86354870 ROTARY SWITCH,N/A,O Non Stock Inactive,86354870,N/A,2,13289 KARCHER NORTH AMERICA,N/A,Patrick Golden,25.92,51.84
109944,997157,7FC007 BREAKER 0,N/A,O Non Stock Inactive,0,N/A,1,TACONY CORPORATION,N/A,Patrick Golden,4.94,4.94
94254,997181,56637181 VAC BAGS 5PKKC 280,N/A,O Non Stock Inactive,56637181,N/A,2,NILFISK INC,N/A,Patrick Golden,17.4,34.80
127258,997218,86007160 SWITCH 72157,N/A,O Non Stock Inactive,0,N/A,4,13289 KARCHER NORTH AMERICA,N/A,Patrick Golden,23.16,92.64
127259,997228,56397228 VAC MOTOR,N/A,O Non Stock Inactive,56397228,N/A,1,NILFISK INC,N/A,Patrick Golden,152.49,152.49
127260,997231,56172313 SPLASH GUARD PACESETTER 20,N/A,O Non Stock Inactive,0,N/A,1,NILFISK INC,N/A,Patrick Golden,191.7,191.70
94258,997235,72305A TRIGGER ASSM.,N/A,O Non Stock Inactive,72305A,N/A,9,TACONY CORPORATION,N/A,Patrick Golden,19,171.00
127261,997245,86353680 BREAKER  1.5A CARLING,N/A,O Non Stock Inactive,86353680,N/A,1,13289 KARCHER NORTH AMERICA,N/A,Patrick Golden,10.38,10.38
94261,997258,9100001875 SUPPORT FLOAT KIT9097730000,N/A,O Non Stock Inactive,9097730000,N/A,2,NILFISK INC,N/A,Patrick Golden,34.41,68.82
94269,997332,329570 SQ LIFT BRACKET329434,N/A,O Non Stock Inactive,329570,N/A,2,7628 NACECARE SOLUTIONS,N/A,Patrick Golden,3.86,7.72
127262,997366,56317045 PUMP 24VDC,N/A,O Non Stock Inactive,56317045,N/A,1,NILFISK INC,N/A,Patrick Golden,130.72,130.72
94284,997419,56317156 SHOE SPACER FOAM,N/A,O Non Stock Inactive,56317156,N/A,1,NILFISK INC,N/A,Patrick Golden,4.73,4.73
127263,997420,782717NP 17" PAD DRIVER W/RISER AND NP-9200,N/A,O Non Stock Inactive,782717NP,N/A,4,6985 THE MALISH CORPORATION,N/A,Patrick Golden,32.05,128.20
94286,997430,38736A SHROUD 24",N/A,O Non Stock Inactive,38736A,N/A,1,NILFISK INC,N/A,Patrick Golden,13.36,13.36
127264,997485,5293651 CARBON BRUSH IMP MOTOR,N/A,O Non Stock Inactive,5293651,N/A,4,5721 KELLERMEYER COMPANY,N/A,Patrick Golden,20.95,83.80
102603,997493,56115343 ADVANCE VAC HOSE  EA,N/A,O Non Stock Inactive,56115343,N/A,1,NILFISK INC,N/A,Patrick Golden,8.57,8.57
94295,997516,56382742 SQUEEGEE SET RED56390757,N/A,O Non Stock Inactive,56382742,N/A,1,NILFISK INC,N/A,Patrick Golden,45.51,45.51
109905,997551,56115273 HUB 56407551,N/A,O Non Stock Inactive,56115273,N/A,2,NILFISK INC,N/A,Patrick Golden,4.1,8.20
94302,997576,39311 WHEEL ASSEMBLY,N/A,O Non Stock Inactive,39311,N/A,1,TACONY CORPORATION,N/A,Patrick Golden,6.38,6.38
127266,997588,192-4986 POWER CORD,N/A,O Non Stock Inactive,192-4986,N/A,2,11960 USA CLEAN,N/A,Patrick Golden,78.37,156.74
99190,997589,56407589 SQUEEGEE SET,N/A,O Non Stock Inactive,56407589,N/A,1,NILFISK INC,N/A,Patrick Golden,32.86,32.86
94306,997597,9100000739GASKETS VACUUM MOTOR KIT,N/A,N Stock Active,9100000739,05/15/2024,5,NILFISK INC,N/A,Patrick Golden,34.41,172.05
94308,997607,9100000514 VALVE WATER COMPLE9098697000,N/A,O Non Stock Inactive,0,11/10/2023,2,NILFISK INC,05/02/2024,Patrick Golden,14.46,28.92
127268,997634,86408760 CLIP DEBRIS TRAY,N/A,O Non Stock Inactive,86408760,N/A,1,13289 KARCHER NORTH AMERICA,N/A,Patrick Golden,13.08,13.08
127269,997643,56382697 CLAMP-BAND 28 IN ASSY,N/A,O Non Stock Inactive,56382697,N/A,1,NILFISK INC,N/A,Patrick Golden,82.11,82.11
94312,997645,X1200 RECHARGEABLE BATTERYRECHARGEABLE,N/A,O Non Stock Inactive,X1200,N/A,1,TACONY CORPORATION,N/A,Patrick Golden,317.4,317.40
130738,997684,9099127000 GASKET TANK COVER,N/A,O Non Stock Inactive,9099127000,02/28/2024,1,NILFISK INC,05/02/2024,Patrick Golden,29.07,29.07
127270,997716,63256A VAC BAG STYLE LS,N/A,O Non Stock Inactive,63256A,N/A,4,1126 BISSELL HOMECARE INC,N/A,Patrick Golden,5.04,20.16
124410,997728,ROLLER BALL BEARING 6001-2RSJ,N/A,O Non Stock Inactive,6001-2RSJ,N/A,1,7300 MISCELLANEOUS VENDORS ONLY,N/A,Patrick Golden,41.19,41.19
127271,997793,56384579 SPRING-COMPRESSION,N/A,O Non Stock Inactive,56384579,N/A,2,NILFISK INC,N/A,Patrick Golden,5.11,10.22
94346,997844,86406180 BOTTOM PLATE REARGRAY,N/A,O Non Stock Inactive,86406180,N/A,2,13289 KARCHER NORTH AMERICA,N/A,Patrick Golden,16.32,32.64
109013,997846,853305 FOAM NOISE VACUUM 0,N/A,O Non Stock Inactive,853305,N/A,1,8712 PACIFIC FLOORCARE,N/A,Patrick Golden,8.82,8.82
94356,997876,9096515000 PIN,N/A,O Non Stock Inactive,9096515000,N/A,3,NILFISK INC,N/A,Patrick Golden,7.02,21.06
110306,997884,650-0002 BACKPACK MOTOR GASKET 0,N/A,O Non Stock Inactive,650-0002,N/A,2,7345 MOSQUITO,N/A,Patrick Golden,2.25,4.50
94360,997888,400-0001 PIGTAIL CORD W/CONNECTORS,N/A,O Non Stock Inactive,400-0001,N/A,1,7345 MOSQUITO,N/A,Patrick Golden,11.57,11.57
127272,997905,86008710 WASHER  3/4 HVYSPL,N/A,O Non Stock Inactive,86008710,02/26/2024,2,13289 KARCHER NORTH AMERICA,03/05/2024,Patrick Golden,2.85,5.70
94365,997935,140056 WASHER,N/A,O Non Stock Inactive,140056,N/A,1,VERITIV OPERATIONG COMPANY,N/A,Patrick Golden,N/A,0.00
94366,997936,230882 STRAP HOSE DRAIN STOP,N/A,O Non Stock Inactive,230882,N/A,1,VERITIV OPERATIONG COMPANY,N/A,Patrick Golden,N/A,0.00
94375,997973,GVMP02404 VAC MOTOR 24V3STG VMAX,N/A,O Non Stock Inactive,GVMP02404,N/A,1,3791 GOFER PARTS,N/A,Patrick Golden,97.61,97.61
94376,997976,202-3023 SQUEEGEE VAC HOSE170-0111,N/A,O Non Stock Inactive,202-3023,N/A,1,11960 USA CLEAN,N/A,Patrick Golden,17.21,17.21
127274,998019,56314704 GASKET,N/A,O Non Stock Inactive,56314704,N/A,1,NILFISK INC,N/A,Patrick Golden,7.9,7.90
94382,998046,72776A FILTER CLOTH,N/A,O Non Stock Inactive,72776A,N/A,1,TACONY CORPORATION,N/A,Patrick Golden,11.77,11.77
94383,998047,72774A FILTER BASKET,N/A,O Non Stock Inactive,72774A,N/A,1,TACONY CORPORATION,N/A,Patrick Golden,29.09,29.09
94384,998056,PX103 LID 6",N/A,O Non Stock Inactive,PX103 LID 6",N/A,1,TACONY CORPORATION,N/A,Patrick Golden,10.83,10.83
94385,998061,B016-1400B UPRIGHT STOP/SPRING,N/A,O Non Stock Inactive,B016-1400B,N/A,2,TACONY CORPORATION,N/A,Patrick Golden,0.71,1.42
127314,9980612,WASHER THRUST 980612,N/A,O Non Stock Inactive,980612,N/A,4,8712 PACIFIC FLOORCARE,N/A,Patrick Golden,1.36,5.44
94392,998131,9096918000 GASKET VACUUM MOTOR9096918000,N/A,O Non Stock Inactive,9096918000,N/A,3,NILFISK INC,N/A,Patrick Golden,24.09,72.27
108701,998132,86295150 RED BUTTON 8.629-515.0,N/A,O Non Stock Inactive,86295150,N/A,1,13289 KARCHER NORTH AMERICA,N/A,Patrick Golden,12.12,12.12
127278,998138,1017276 CAPACITOR,N/A,O Non Stock Inactive,1017276,N/A,1,VERITIV OPERATIONG COMPANY,N/A,Patrick Golden,37.4,37.40
127279,998147,1017274 CAPACITOR,N/A,O Non Stock Inactive,1017274,N/A,1,VERITIV OPERATIONG COMPANY,N/A,Patrick Golden,52.28,52.28
94394,998158,86225340 TRAY  IRENEW MINI,N/A,O Non Stock Inactive,86225340,N/A,1,13289 KARCHER NORTH AMERICA,N/A,Patrick Golden,68.4,68.40
94397,998173,222460 POWDERED METAL SLEEVE,N/A,O Non Stock Inactive,222460,N/A,1,VERITIV OPERATIONG COMPANY,N/A,Patrick Golden,N/A,0.00
94402,998219,86142300 HANDLE TUBE,N/A,O Non Stock Inactive,86142300,N/A,1,13289 KARCHER NORTH AMERICA,N/A,Patrick Golden,18.9,18.90
110074,998243,6.273-207.0 RUBBER LIP SET OIL,N/A,O Non Stock Inactive,6.273-207.0,N/A,1,13289 KARCHER NORTH AMERICA,N/A,Patrick Golden,45.6,45.60
94403,998245,140949 SCREW,N/A,O Non Stock Inactive,140949,N/A,4,VERITIV OPERATIONG COMPANY,N/A,Patrick Golden,N/A,0.00
94408,998268,56445177 SPRING EXT .25X1.75K,N/A,O Non Stock Inactive,56445177,N/A,1,NILFISK INC,N/A,Patrick Golden,4.67,4.67
94409,998284,130403 FAN VAC 2STG 240V,N/A,O Non Stock Inactive,130403,N/A,2,VERITIV OPERATIONG COMPANY,N/A,Patrick Golden,N/A,0.00
94410,998289,9099310000 GASKETS VACUUM,N/A,O Non Stock Inactive,9099310000,02/19/2024,2,NILFISK INC,N/A,Patrick Golden,51.25,102.50
94412,998298,2797571 BRUSH SPRING,N/A,O Non Stock Inactive,2797571,N/A,4,5721 KELLERMEYER COMPANY,N/A,Patrick Golden,10.6,42.40
94414,998312,19810 BRUSH COVER,N/A,O Non Stock Inactive,19810,N/A,1,TACONY CORPORATION,N/A,Patrick Golden,52.2,52.20
94415,998315,66542340 BATTERY CHARGER,N/A,O Non Stock Inactive,0,N/A,1,13289 KARCHER NORTH AMERICA,N/A,Patrick Golden,N/A,0.00
127282,998323,832322 COVER,N/A,O Non Stock Inactive,832322,N/A,1,NILFISK INC,N/A,Patrick Golden,23.34,23.34
94416,998328,MFVR00143 SQUEEGEE BODY,N/A,O Non Stock Inactive,MFVR00143,N/A,1,2800 IPC EAGLE,N/A,Patrick Golden,51.97,51.97
127283,998357,86173350 WASHER  M5 FLT,N/A,O Non Stock Inactive,86173350,N/A,4,13289 KARCHER NORTH AMERICA,N/A,Patrick Golden,0.27,1.08
94422,998375,9096055000 STRAP SQUEEGEE FRON,N/A,O Non Stock Inactive,9096055000,N/A,2,NILFISK INC,N/A,Patrick Golden,23.48,46.96
94423,998376,63919340 SUCTION HOSE51285680,N/A,O Non Stock Inactive,53946800,N/A,1,13289 KARCHER NORTH AMERICA,N/A,Patrick Golden,53.03,53.03
94424,9983870,CHARGER KIT 56383870,N/A,O Non Stock Inactive,56383870,03/25/2024,2,NILFISK INC,04/15/2024,Patrick Golden,1094.07,2188.14
127284,998394,86139040 BRUSH BEARING 8.613-904.0,N/A,O Non Stock Inactive,86139040,N/A,1,13289 KARCHER NORTH AMERICA,N/A,Patrick Golden,13.17,13.17
94432,998474,86397630 BRUSH STRIP8.639-763.0,N/A,O Non Stock Inactive,86397630,N/A,15,13289 KARCHER NORTH AMERICA,N/A,Patrick Golden,4.8,72.00
94433,998476,8.641-281.0 EXHAUST FILTER86412810,N/A,O Non Stock Inactive,8.641-281.0,N/A,1,13289 KARCHER NORTH AMERICA,N/A,Patrick Golden,12.54,12.54
94434,998477,8.639-735.0 BRUSH STRIP COVER86397350,N/A,O Non Stock Inactive,8.639-735.0,02/13/2024,8,13289 KARCHER NORTH AMERICA,05/28/2024,Patrick Golden,6.96,55.68
94435,998478,873304 SCRUBBER FILTER,N/A,O Non Stock Inactive,873304,N/A,1,8712 PACIFIC FLOORCARE,N/A,Patrick Golden,88.19,88.19
94437,998480,873802 GUIDE,N/A,O Non Stock Inactive,873802,N/A,1,8712 PACIFIC FLOORCARE,N/A,Patrick Golden,17.23,17.23
94438,998500,1463710000SWITCH EMERGENCY KIT,N/A,O Non Stock Inactive,1463710000,N/A,1,NILFISK INC,N/A,Patrick Golden,40.6,40.60
94439,998507,P1065 ASSY FLEX LOCK 21" COMPEP50028-EQS-0600-BE1200,N/A,O Non Stock Inactive,EP50028-EQS-0600-BE1,N/A,2,1065 BETCO CORPORATION,N/A,Patrick Golden,124.94,249.88
87208,998512,192-9481 VAC BAG 10/PK8500.600 BABY BORA,N/A,O Non Stock Inactive,192-9481,N/A,6,11960 USA CLEAN,N/A,Patrick Golden,17.23,103.38
94452,998555,56265032 GASKET LID,N/A,O Non Stock Inactive,56265032,N/A,1,NILFISK INC,N/A,Patrick Golden,10.82,10.82
94453,998558,9096490000 VAC GASKET,N/A,O Non Stock Inactive,9096490000,N/A,1,NILFISK INC,N/A,Patrick Golden,22.75,22.75
94458,998587,9099133000 SQUEEGEE WHEELS,N/A,O Non Stock Inactive,9099133000,N/A,4,NILFISK INC,N/A,Patrick Golden,5.9,23.60
107632,998633,56003828 SCR- CARRIAGE SS 0,N/A,O Non Stock Inactive,56003828,N/A,18,NILFISK INC,N/A,Patrick Golden,5.53,99.54
94466,998634,8.639-739.0 SWITCH86397390,N/A,O Non Stock Inactive,8.639-739.0,N/A,1,13289 KARCHER NORTH AMERICA,N/A,Patrick Golden,7.14,7.14
125727,998642,GK-EURMM PAPER BAG 3/PK 12PK/CS MIGHTY MITE CANISTER,N/A,O Non Stock Inactive,GK-EURMM,N/A,6,3861 GREEN KLEAN,N/A,Noel Marucut,25.44,152.64
108908,998701,56383374 FLEX PLATE ASSY 20 56380183,N/A,O Non Stock Inactive,56383374,N/A,1,NILFISK INC,N/A,Patrick Golden,101.83,101.83
127316,99871101,BUSHING FLANGE 1/2IN. 871101,N/A,O Non Stock Inactive,871101,N/A,2,8712 PACIFIC FLOORCARE,N/A,Patrick Golden,6.15,12.30
94475,998723,X8017R BRACKET BRACE HANDLE R,N/A,O Non Stock Inactive,X8017R,N/A,1,TACONY CORPORATION,N/A,Patrick Golden,8.65,8.65
107633,998735,9096995000 PIPES SOLENOID VALV 0,N/A,O Non Stock Inactive,9096995000,02/13/2024,1,NILFISK INC,05/02/2024,Patrick Golden,16.96,16.96
110078,998778,8.632-635.0 SWITCH  ROTARY  6 86326350 SWITCH  ROTARY  6 POS,N/A,O Non Stock Inactive,8.632-635.0,N/A,1,13289 KARCHER NORTH AMERICA,N/A,Patrick Golden,105,105.00
94482,998790,GPRMK1802 KAWASAKI 18HP MAINTNO OIL GPRMK1805,N/A,O Non Stock Inactive,GPRMK1802,N/A,1,3791 GOFER PARTS,N/A,Patrick Golden,39.72,39.72
94488,998831,130397 FAN  VACUUM 3 STG,N/A,O Non Stock Inactive,130397,N/A,1,VERITIV OPERATIONG COMPANY,N/A,Patrick Golden,N/A,0.00
94496,998890,9099802000 CIRCUIT BREAKER 35A,N/A,O Non Stock Inactive,9099802000,05/14/2024,1,NILFISK INC,05/30/2024,Patrick Golden,104.38,104.38
94498,998926,X8926 CORDPD500,N/A,O Non Stock Inactive,X8926,N/A,1,TACONY CORPORATION,N/A,Patrick Golden,6.51,6.51
94499,998929,192-9897 WATER FILTER,N/A,O Non Stock Inactive,192-9897,N/A,1,11960 USA CLEAN,N/A,Patrick Golden,23.95,23.95
94500,998935,192-9874 WATER FILTER KIT,N/A,O Non Stock Inactive,192-9874,N/A,1,11960 USA CLEAN,N/A,Patrick Golden,5.64,5.64
94502,998971,56407500 (REPLACES)56389371 CARBON BRUSHES,N/A,O Non Stock Inactive,56389371,02/22/2024,3,NILFISK INC,N/A,Patrick Golden,97.46,292.38
94504,99897A,71897A GASKET,N/A,O Non Stock Inactive,71897A,N/A,1,TACONY CORPORATION,N/A,Patrick Golden,4.28,4.28
130742,998987,9100000778 FUSE STRIP 30A KIT,N/A,O Non Stock Inactive,9100000778,N/A,1,NILFISK INC,N/A,Patrick Golden,8.86,8.86
127290,998993,912401 CONTACTOR 24VDC 100A,N/A,O Non Stock Inactive,912401,N/A,1,8712 PACIFIC FLOORCARE,N/A,Patrick Golden,52.9,52.90
94514,999021,54435A GASKET 2 PCS,N/A,O Non Stock Inactive,54435A,N/A,2,NILFISK INC,N/A,Patrick Golden,6.28,12.56
94515,999027,64147600 HEPA FILTER  CV 30/1,N/A,O Non Stock Inactive,64147600,N/A,6,TACONY CORPORATION,N/A,Patrick Golden,21.37,128.22
94520,999055,1470905500 DRIVE BELTSPECTRUM,N/A,O Non Stock Inactive,1470905500,02/16/2024,2,NILFISK INC,05/02/2024,Patrick Golden,36.1,72.20
127291,999081,56209081 TOP LID 56209229,N/A,O Non Stock Inactive,56209081,N/A,1,NILFISK INC,N/A,Patrick Golden,179.28,179.28
130520,999086,56009086 NUT,N/A,O Non Stock Inactive,0,N/A,2,KENT/EUROCLEAN,N/A,Patrick Golden,5.38,10.76
99191,999097,56009097 PUSH NUT,N/A,O Non Stock Inactive,0,N/A,1,NILFISK INC,N/A,Patrick Golden,5.11,5.11
121271,99909A,61909A COVER ELECTRICAL PANEL,N/A,O Non Stock Inactive,61909A,N/A,1,NILFISK INC,N/A,Patrick Golden,23.48,23.48
94531,999102,281073 GASKET,N/A,O Non Stock Inactive,281073,N/A,1,11589 TAYLOR NORTHEAST BALTIMORE,N/A,Patrick Golden,6.25,6.25
94533,999133,192-5680 SPRING,N/A,O Non Stock Inactive,192-5680,N/A,1,11960 USA CLEAN,N/A,Patrick Golden,0.54,0.54
94536,999137,192-0547 SCREW,N/A,O Non Stock Inactive,192-0547,N/A,2,11960 USA CLEAN,N/A,Patrick Golden,0.54,1.08
94537,999147,100147 14" FLOOR TOOLW/SCALLOPS,N/A,O Non Stock Inactive,100147,02/12/2024,9,6937 M & M VACUUM CLEANER PARTS,N/A,Patrick Golden,14.95,134.55
127293,999181,192-6137 ROLLER SUPPORT,N/A,O Non Stock Inactive,192-6137,N/A,1,11960 USA CLEAN,N/A,Patrick Golden,22.14,22.14
94550,999250,1470992500 BRUSH SHOE KIT,N/A,N Stock Active,1470992500,N/A,2,NILFISK INC,N/A,Patrick Golden,15.06,30.12
94553,999270,281950 GASKET,N/A,O Non Stock Inactive,281950,N/A,3,11589 TAYLOR NORTHEAST BALTIMORE,N/A,Patrick Golden,2.66,7.98
94555,999290,57316110 MOTOR FILTER,N/A,O Non Stock Inactive,57316110,N/A,6,TACONY CORPORATION,N/A,Patrick Golden,10.68,64.08
107635,999341,9098709000 CAP SOLUTION KIT 0,N/A,O Non Stock Inactive,9098709000,N/A,1,NILFISK INC,N/A,Patrick Golden,50.57,50.57
127295,999359,53270A DIST ASSEMBLY DISTURBULATOR ASSEM,N/A,O Non Stock Inactive,53270A,N/A,1,2991 ELECTROLUX HOME CARE PRODUCTS,N/A,Patrick Golden,10.69,10.69
94564,999388,9100000842 DISPLAY BOARD PKD,N/A,O Non Stock Inactive,9100000842,N/A,1,NILFISK INC,N/A,Patrick Golden,140.55,140.55
109928,999433,870701 REAR BLADE 24" 0,N/A,O Non Stock Inactive,870701,N/A,1,8712 PACIFIC FLOORCARE,N/A,Patrick Golden,34.73,34.73
94567,999434,870702 FRONT BLADE 24",N/A,O Non Stock Inactive,870702,N/A,3,8712 PACIFIC FLOORCARE,N/A,Patrick Golden,21.31,63.93
94568,999435,9100000871 HUB BRUSH PKD,N/A,O Non Stock Inactive,9100000871,02/19/2024,1,NILFISK INC,05/02/2024,Patrick Golden,24.59,24.59
94569,999436,9100000875 KEY2 PC SET,N/A,O Non Stock Inactive,9100000875,02/19/2024,10,NILFISK INC,05/02/2024,Patrick Golden,4.85,48.50
94574,999460,56601816 BLADE KIT-DECK-GUM,N/A,O Non Stock Inactive,56601816,N/A,1,NILFISK INC,N/A,Patrick Golden,21.11,21.11
94576,999471,GESL02403 SOLENOID 24V,N/A,O Non Stock Inactive,GESL02403,N/A,1,3791 GOFER PARTS,N/A,Patrick Golden,28.44,28.44
94577,999475,GSFLTR002 SOLUTION FILTER 3/8,N/A,O Non Stock Inactive,GSFLTR002,N/A,1,3791 GOFER PARTS,N/A,Patrick Golden,6.25,6.25
127296,999479,8.634-087.0 STRAINER 1/2" HOSE 80 MESH,N/A,O Non Stock Inactive,8.634-087.0,N/A,2,13289 KARCHER NORTH AMERICA,N/A,Patrick Golden,23.76,47.52
127297,999495,192-4447 HOSE SOCKET 33160-08,N/A,O Non Stock Inactive,192-4447,N/A,2,11960 USA CLEAN,N/A,Patrick Golden,3.71,7.42
127298,999497,192-3667 FILTER 30018-24,N/A,O Non Stock Inactive,192-3667,N/A,2,11960 USA CLEAN,N/A,Patrick Golden,24.29,48.58
94579,999506,56370711 NUT THUMB56370711,N/A,O Non Stock Inactive,56370711,N/A,2,NILFISK INC,N/A,Patrick Golden,11.75,23.50
94581,999510,1408689510  WD FAN UNIT 110-12,N/A,O Non Stock Inactive,1408689510,N/A,2,NILFISK INC,N/A,Patrick Golden,148.72,297.44
94584,999528,56109528 RECOVERY LID ASSY,N/A,O Non Stock Inactive,56109528,04/15/2024,12,NILFISK INC,04/30/2024,Patrick Golden,48.89,586.68
94589,999543,9099419000 HARDWARE KIT9096888000 9098344000,N/A,O Non Stock Inactive,9099419000,N/A,2,NILFISK INC,N/A,Patrick Golden,62.84,125.68
94590,999546,9099163000 CASTER WHEEL9098307000 9099163000,N/A,N Stock Active,9099163000,N/A,2,NILFISK INC,N/A,Patrick Golden,6.73,13.46
94592,999550,9099401000 VAC MOTOR,N/A,O Non Stock Inactive,9099401000,N/A,1,NILFISK INC,N/A,Patrick Golden,246.34,246.34
94593,999554,9097555000 GASKET VAC MOTOR9097555000 9098056000,N/A,O Non Stock Inactive,9097555000,N/A,2,NILFISK INC,N/A,Patrick Golden,14.28,28.56
94598,999583,30773A SKIRT-DUST SHROUD30773A,N/A,O Non Stock Inactive,30773A,N/A,3,NILFISK INC,N/A,Patrick Golden,38.74,116.22
94601,999589,56393504 SHROUD DUST,N/A,O Non Stock Inactive,0,N/A,2,NILFISK INC,N/A,Patrick Golden,N/A,0.00
109804,999633,63PK3 POSTS FOR SHELVING 63" S/ORD,N/A,O Non Stock Inactive,63PK3,04/11/2024,56,4520 INTERMETRO INDUSTRIES CORP,N/A,Christine Nelson,14.25,798.00
94608,999634,9096491000 ACOUSTIC INSUL PNL,N/A,O Non Stock Inactive,9096491000,N/A,1,NILFISK INC,N/A,Patrick Golden,8.65,8.65
94613,999649,9096490000 GASKETADFINITY,N/A,O Non Stock Inactive,9096490000,N/A,3,NILFISK INC,N/A,Patrick Golden,20.45,61.35
94615,999654,9098297000 CHARGER ON BOARD9096541000,N/A,O Non Stock Inactive,9098297000,N/A,1,NILFISK INC,N/A,Patrick Golden,326,326.00
117775,999654U,9098297000 CHARGER ON BOARD USED 9096541000 NILFISK ADVANC,N/A,O Non Stock Inactive,9098297000,N/A,2,131 ACME PAPER & SUPPLY CO. INC.,N/A,Patrick Golden,N/A,0.00
94620,999662,9096807000 PIPES CHEMICAL MIXT,N/A,O Non Stock Inactive,9096807000,N/A,1,NILFISK INC,N/A,Patrick Golden,35.46,35.46
127301,999670,1059B HOSE VACUUM BLACK,N/A,O Non Stock Inactive,1059B,05/16/2024,1,NILFISK INC,05/21/2024,Patrick Golden,27.55,27.55
94623,999678,56407130 DISCONNECT EMERGENCY,N/A,O Non Stock Inactive,56407130,N/A,2,NILFISK INC,N/A,Patrick Golden,126.25,252.50
108914,999681,56003302 SCR HEX THD 0,N/A,O Non Stock Inactive,0,N/A,2,NILFISK INC,N/A,Patrick Golden,5.65,11.30
94624,999682,9099342000 GASKET COVER TANK T,N/A,N Stock Active,9099342000,05/29/2024,1,NILFISK INC,N/A,Patrick Golden,11.57,11.57
94625,999683,9099326000 HARDWARE BRUSH DECK,N/A,O Non Stock Inactive,9099326000,N/A,3,NILFISK INC,N/A,Patrick Golden,64.32,192.96
94627,999688,9096883000 WHEEL SQUEEGEE KIT,N/A,O Non Stock Inactive,9096883000,05/29/2024,4,NILFISK INC,N/A,Patrick Golden,60.55,242.20
127302,999690,9096894000 SQUEEGEE STRAP KIT ADFINITY,N/A,O Non Stock Inactive,9096894000,N/A,1,NILFISK INC,N/A,Patrick Golden,84,84.00
94632,999694,9097043000 POTENTIOMETER,N/A,O Non Stock Inactive,9097043000,N/A,2,NILFISK INC,N/A,Patrick Golden,51.85,103.70
94633,999716,VF47055 WHEEL,N/A,O Non Stock Inactive,VF47055,N/A,1,NILFISK INC,N/A,Patrick Golden,13.65,13.65
127305,999742,56002956 SCR HEX,N/A,O Non Stock Inactive,56002956,N/A,1,NILFISK INC,N/A,Patrick Golden,4.08,4.08
94643,999749,9100000466 SWITCH KIT,N/A,O Non Stock Inactive,9100000466,N/A,1,NILFISK INC,N/A,Patrick Golden,79.55,79.55
94648,999782,88639A WASHER NYLON,N/A,O Non Stock Inactive,88639A,N/A,1,NILFISK INC,N/A,Patrick Golden,6.28,6.28
94650,999793,VF82170 FRONT SQUEEGEE SUPPORT,N/A,O Non Stock Inactive,VF82170,N/A,1,NILFISK INC,N/A,Patrick Golden,18.24,18.24
94651,999794,VF82171 BACK SQUEEGEE SUPPORT,N/A,O Non Stock Inactive,VF82171,N/A,1,NILFISK INC,N/A,Patrick Golden,14.58,14.58
94654,999808,GPRTCABL1 THROTTLE CABLE50589A,N/A,O Non Stock Inactive,GPRTCABL1,N/A,3,3791 GOFER PARTS,N/A,Patrick Golden,8.95,26.85
110080,999817,86007260 SQ BLADE SET 0,N/A,O Non Stock Inactive,86007260,N/A,2,13289 KARCHER NORTH AMERICA,N/A,Patrick Golden,47.7,95.40
94655,999824,VF82173 SHAFT SQUEEGEE SUPPORT,N/A,O Non Stock Inactive,VF82173,N/A,1,NILFISK INC,N/A,Patrick Golden,3.12,3.12
94658,999833,VF81244 LIFT CABLE,N/A,O Non Stock Inactive,VF81244,N/A,1,NILFISK INC,N/A,Patrick Golden,3.24,3.24
94659,999841,8.613-821.0 BEARING BLOCKLEFT HAND,N/A,O Non Stock Inactive,8.613-821.0,N/A,2,13289 KARCHER NORTH AMERICA,N/A,Patrick Golden,35.97,71.94
94663,999861,GCP175RH1 PLUG 175AMP RED,N/A,N Stock Active,GCP175RH1,N/A,8,3791 GOFER PARTS,N/A,Patrick Golden,2.25,18.00
127308,999885,56209150 AXLE ROLLER,N/A,O Non Stock Inactive,56209150,07/19/2023,1,NILFISK INC,N/A,Patrick Golden,16.68,16.68
94671,999892,9100000864 STRAP ELAS F REAR S,N/A,O Non Stock Inactive,9100000864,N/A,1,NILFISK INC,N/A,Patrick Golden,11.78,11.78
94676,999909,30832A VAC HOSE,N/A,O Non Stock Inactive,30832A,N/A,2,NILFISK INC,N/A,Patrick Golden,19.71,39.42
94677,999914,30799A DRAIN HOSE,N/A,O Non Stock Inactive,30799A,N/A,1,NILFISK INC,N/A,Patrick Golden,32.46,32.46
94680,999923,1234174 DRAIN HOSE1019424,N/A,O Non Stock Inactive,1234174,N/A,1,VERITIV OPERATIONG COMPANY,N/A,Patrick Golden,N/A,0.00
127309,999932,41060A BATTERY CABLE,N/A,O Non Stock Inactive,41060A,N/A,1,NILFISK INC,N/A,Patrick Golden,56.42,56.42
94681,999933,41075A RELAY,N/A,O Non Stock Inactive,41075A,N/A,1,NILFISK INC,N/A,Patrick Golden,11,11.00
108919,999945,56383377 KIT FLEX PLATE 20 0,N/A,O Non Stock Inactive,56383377,N/A,1,NILFISK INC,N/A,Patrick Golden,429.92,429.92
94686,999956,GVPS028 UPRIGHT FAN VAC MOTOR,N/A,O Non Stock Inactive,GVPS028,N/A,6,3791 GOFER PARTS,N/A,Patrick Golden,1.45,8.70
127312,999971,8.624-030.0 HOSE GRY VAC,N/A,O Non Stock Inactive,8.624-030.0,N/A,1,13289 KARCHER NORTH AMERICA,N/A,Patrick Golden,47.97,47.97
100071,999985,9985 SPLIT SLEEVES FOR SHELVNGPLASTIC  RD,N/A,N Stock Active,9985,N/A,7,4520 INTERMETRO INDUSTRIES CORP,N/A,Christine Nelson,2.52,17.64
108920,999988,1406597500 EXH FILTER 56649978,N/A,O Non Stock Inactive,0,N/A,1,NILFISK INC,N/A,Patrick Golden,20.7,20.70
94693,999G47,NP-47 5" CLUTCH PLATEGBR0NP47,N/A,O Non Stock Inactive,GBR0NP47,N/A,6,3791 GOFER PARTS,N/A,Patrick Golden,5.52,33.12
94694,999PB8,P8B CARBON SEATER 4 PKGVMPSEATER,N/A,N Stock Active,PB8,N/A,3,3791 GOFER PARTS,N/A,Patrick Golden,49.21,147.63
127334,99A045,GT13009 SCREW M5X30,N/A,O Non Stock Inactive,GT13009,N/A,2,NILFISK INC,N/A,Patrick Golden,3.55,7.10
127335,99A048,9100000475 SOLENOID VALVE 12V,N/A,O Non Stock Inactive,9100000475,N/A,2,NILFISK INC,N/A,Patrick Golden,67.34,134.68
94702,99A051,1470927500 JOINT BASE BODYSPECTRUM,N/A,O Non Stock Inactive,1470927500,N/A,4,NILFISK INC,N/A,Patrick Golden,6.74,26.96
94703,99A058,CHARGER BATTERY LI 100-240V 19100002058,N/A,O Non Stock Inactive,9100002058,N/A,2,NILFISK INC,N/A,Patrick Golden,73.92,147.84
118049,99A066,VF82049 CABLE SQUEEGEE LIFT 0,N/A,O Non Stock Inactive,VF82049,N/A,1,NILFISK INC,N/A,Patrick Golden,9.03,9.03
121272,99A071,56384075 WASHER-BLACK NYLON,N/A,O Non Stock Inactive,56384075,N/A,4,NILFISK INC,N/A,Patrick Golden,4.36,17.44
123316,99A079,SPROCKET H40B11 RE188C 56471148,N/A,O Non Stock Inactive,56471148,09/20/2023,2,NILFISK INC,05/02/2024,Patrick Golden,50.04,100.08
118050,99A081,VF82081 PLUG FILL SCREEN 0,N/A,O Non Stock Inactive,VF82081,N/A,1,NILFISK INC,N/A,Patrick Golden,9.03,9.03
128992,99A085,56117305 SEAL-SQUEEGEE,N/A,O Non Stock Inactive,56117305,N/A,1,NILFISK INC,N/A,Patrick Golden,2.65,2.65
128993,99A086,56115397 VAC MOTOR KIT,N/A,O Non Stock Inactive,56115397,N/A,1,NILFISK INC,N/A,Patrick Golden,184.23,184.23
94705,99A091,56317091 HOSE VAC,N/A,O Non Stock Inactive,56317091,N/A,1,NILFISK INC,N/A,Patrick Golden,10.82,10.82
94710,99A112,9098112000 SOLENOID VALVE 12V,N/A,O Non Stock Inactive,9098112000,N/A,1,NILFISK INC,N/A,Patrick Golden,90.09,90.09
94711,99A120,VF80120 FILTER MOUNTING PLATE,N/A,O Non Stock Inactive,VF80120,N/A,1,NILFISK INC,N/A,Patrick Golden,4.08,4.08
94713,99A128,1463119000 CABLE TRACTION,N/A,O Non Stock Inactive,1463119000,02/15/2024,2,NILFISK INC,05/02/2024,Patrick Golden,38.12,76.24
94714,99A130,VS10130 PLATE DRIVE KIT,N/A,O Non Stock Inactive,VS10130,N/A,1,NILFISK INC,N/A,Patrick Golden,13.37,13.37
117984,99A133,56104126 SQUEEGEE LINK WELDMNT 0,N/A,O Non Stock Inactive,56104126,N/A,2,NILFISK INC,N/A,Patrick Golden,40.22,80.44
94715,99A135,56422030 PAD MOTOR,N/A,O Non Stock Inactive,56422030,N/A,1,NILFISK INC,N/A,Patrick Golden,843.27,843.27
108923,99A138,56601454 SQUEEGEE TOOL ASSY 0,N/A,O Non Stock Inactive,56601454,N/A,1,NILFISK INC,N/A,Patrick Golden,492.39,492.39
117993,99A153,56104202 HOUSING REV 0,N/A,O Non Stock Inactive,56104202,N/A,1,NILFISK INC,N/A,Patrick Golden,18.15,18.15
121274,99A156,L08603153 SWITCH PUMP,N/A,O Non Stock Inactive,L08603153,N/A,1,NILFISK INC,N/A,Patrick Golden,7.28,7.28
94721,99A162,SQUEEGEE BLADE FRONTVR16002,N/A,O Non Stock Inactive,VR16002,N/A,2,NILFISK INC,N/A,Patrick Golden,38.62,77.24
94722,99A163,SQUEEGEE BLADE REARVR16003,N/A,O Non Stock Inactive,VR16003,N/A,2,NILFISK INC,N/A,Patrick Golden,47.7,95.40
94723,99A174,56422174 TIRE PULLER KIT,N/A,O Non Stock Inactive,56422174,N/A,1,NILFISK INC,N/A,Patrick Golden,189.42,189.42
94724,99A175,56422175 SPRING UPDATE KITADVOLUTION 2710,N/A,O Non Stock Inactive,56422175,N/A,1,NILFISK INC,N/A,Patrick Golden,36.64,36.64
121277,99A180,TUBE PRESSURE SENSING W/ELBOW 56344172,N/A,O Non Stock Inactive,56344172,N/A,1,NILFISK INC,N/A,Patrick Golden,5.54,5.54
123318,99A185,56009132 NUT PUSH CAP 1/4,N/A,O Non Stock Inactive,56009132,07/19/2023,4,NILFISK INC,05/02/2024,Patrick Golden,5.67,22.68
123320,99A196,56392193 HOSE SPIRAL E00605,N/A,O Non Stock Inactive,56392193,N/A,1,NILFISK INC,N/A,Patrick Golden,15.87,15.87
94732,99A208,CABLE PWR SUPPLY US 1000MM PKD9100002008,N/A,O Non Stock Inactive,9100002008,N/A,3,NILFISK INC,N/A,Patrick Golden,4.75,14.25
94738,99A224,56265224 SOL PUMP,N/A,O Non Stock Inactive,56265224,12/29/2023,3,NILFISK INC,05/02/2024,Patrick Golden,244.41,733.23
104292,99A240,SPRING COMPRESSION KIT,N/A,O Non Stock Inactive,9100002401,N/A,1,NILFISK INC,N/A,Patrick Golden,13.36,13.36
118017,99A244,56383205 SPACER STEEL 0,N/A,O Non Stock Inactive,56383205,04/15/2024,1,NILFISK INC,N/A,Patrick Golden,4.73,4.73
118018,99A246,56383250 SCR BUTTON SOC 3/8-16 0,N/A,O Non Stock Inactive,56383250,N/A,3,NILFISK INC,N/A,Patrick Golden,4.25,12.75
118090,99A272,VF75254 MOTOR 110V 1.5HP 0,N/A,O Non Stock Inactive,VF75254,N/A,1,NILFISK INC,N/A,Patrick Golden,362.32,362.32
121281,99A276,107407272 AXLE 200MM,N/A,O Non Stock Inactive,107407272,N/A,1,NILFISK INC,N/A,Patrick Golden,10.14,10.14
123321,99A278,56125023 FUSE KIT-SC50,N/A,O Non Stock Inactive,56125023,N/A,2,NILFISK INC,N/A,Patrick Golden,9.32,18.64
94751,99A296,56315296 SOL FILTER ASSY,N/A,O Non Stock Inactive,56315296,N/A,1,NILFISK INC,N/A,Patrick Golden,11.29,11.29
94752,99A300,30769A BRUSH 13 NYLON GRIT56020309,N/A,O Non Stock Inactive,30769A,N/A,1,NILFISK INC,N/A,Patrick Golden,149.33,149.33
109912,99A307,56471220 BUSHING 0,N/A,O Non Stock Inactive,56471220,02/15/2023,4,NILFISK INC,05/02/2024,Patrick Golden,19,76.00
94753,99A308,56002901 SCREW,N/A,O Non Stock Inactive,56002901,02/15/2023,4,NILFISK INC,05/02/2024,Patrick Golden,5.67,22.68
102608,99A318,56104308 PIVOT BLOCK,N/A,O Non Stock Inactive,56104308,N/A,2,NILFISK INC,N/A,Patrick Golden,4.73,9.46
94765,99A343,9096151000 TANK CABLE,N/A,O Non Stock Inactive,9096151000,N/A,1,NILFISK INC,N/A,Patrick Golden,4.8,4.80
127341,99A346,1463090000 CIRCUIT BREAKER 5A,N/A,O Non Stock Inactive,1463090000,N/A,2,NILFISK INC,N/A,Patrick Golden,31.38,62.76
118061,99A348,9099337000 HOSE D.12 KIT 0,N/A,O Non Stock Inactive,9099337000,N/A,1,NILFISK INC,N/A,Patrick Golden,8.65,8.65
118092,99A359,56410335 BLADE-DECK LINATEX 0,N/A,O Non Stock Inactive,56410335,N/A,1,NILFISK INC,N/A,Patrick Golden,16.06,16.06
108927,99A360,SC 1500 DEBRIS TRAY 56104360,N/A,O Non Stock Inactive,56104360,N/A,1,NILFISK INC,N/A,Patrick Golden,30.65,30.65
94769,99A373,56384759 DRAIN HOSE56601401 56381921,N/A,O Non Stock Inactive,56384759,N/A,1,NILFISK INC,N/A,Patrick Golden,51.69,51.69
102610,99A395,56003808 PHIL BLK M5-0.8X12MM,N/A,O Non Stock Inactive,56003808,N/A,5,NILFISK INC,N/A,Patrick Golden,5.79,28.95
118026,99A397,56394394 SOLENOID VALVE KIT 0,N/A,O Non Stock Inactive,56394394,N/A,1,NILFISK INC,N/A,Patrick Golden,59.32,59.32
123323,99A399,56114386 STRAP REAR 28D 34D,N/A,O Non Stock Inactive,56114386,N/A,2,NILFISK INC,N/A,Patrick Golden,9.38,18.76
94777,99A408,SPACER 5.1X8X28.5 PLASTIC 3 PC9100002408,N/A,O Non Stock Inactive,9100002408,N/A,3,NILFISK INC,N/A,Patrick Golden,7.68,23.04
94784,99A462,56384462 INTERFACE PANEL ASSY,N/A,O Non Stock Inactive,56384462,N/A,1,NILFISK INC,N/A,Patrick Golden,638.28,638.28
118104,99A465,RECOVERY TANK GASKET 56104568 0,N/A,O Non Stock Inactive,56104568,N/A,4,NILFISK INC,N/A,Patrick Golden,8.78,35.12
105539,99A470,56115427 LATCH ASSEMBLY,N/A,O Non Stock Inactive,56115427,N/A,1,NILFISK INC,N/A,Patrick Golden,6.32,6.32
123327,99A473,56383473 STRAP-FRONT-28-34D,N/A,O Non Stock Inactive,56383473,N/A,2,NILFISK INC,N/A,Patrick Golden,5.54,11.08
118105,99A480,56265561 VALVE-SOLENOID-230V 0,N/A,O Non Stock Inactive,56265561,N/A,2,NILFISK INC,N/A,Patrick Golden,53.36,106.72
123328,99A492,56104970 CONTROLLER-SPEED,N/A,O Non Stock Inactive,56104970,N/A,2,NILFISK INC,N/A,Patrick Golden,429.92,859.84
94793,99A496,56104967 CABLE-2D SENSOR POWER,N/A,O Non Stock Inactive,56104967,N/A,1,NILFISK INC,N/A,Patrick Golden,53.19,53.19
121284,99A497,107413497 SOLUTION FILTER,N/A,O Non Stock Inactive,107413497,11/09/2022,1,NILFISK INC,N/A,Patrick Golden,6.2,6.20
94795,99A500,1470852500 HOOK CORD,N/A,O Non Stock Inactive,1470852500,N/A,3,NILFISK INC,N/A,Patrick Golden,8.42,25.26
94796,99A503,1470850500 BODY REAR,N/A,O Non Stock Inactive,1470850500,N/A,1,NILFISK INC,N/A,Patrick Golden,56.97,56.97
127343,99A514,VF45124A JUMP WIRE,N/A,O Non Stock Inactive,VF45124A,N/A,5,NILFISK INC,N/A,Patrick Golden,4.36,21.80
117964,99A524,56265526 HANDLE-SOCKET-W/ HOLE 0,N/A,O Non Stock Inactive,56265526,N/A,1,NILFISK INC,N/A,Patrick Golden,8.03,8.03
117965,99A525,56265525 MOUNT-RATCHET 0,N/A,O Non Stock Inactive,56265525,N/A,1,NILFISK INC,N/A,Patrick Golden,4.05,4.05
117966,99A527,56265527 HANDLE-SOCKET-W/O HOL 0,N/A,O Non Stock Inactive,56265527,N/A,1,NILFISK INC,N/A,Patrick Golden,8.03,8.03
121285,99A530,107413519 SOLUTION TANK NATURA,N/A,O Non Stock Inactive,107413519,11/09/2022,1,NILFISK INC,N/A,Patrick Golden,44.99,44.99
121286,99A531,107413510 USER INTERFACE,N/A,O Non Stock Inactive,107413510,11/09/2022,1,NILFISK INC,N/A,Patrick Golden,39.41,39.41
125790,99A533,56422048 SHAFT LOWER STEERING,N/A,O Non Stock Inactive,56422048,09/20/2023,2,NILFISK INC,05/02/2024,Patrick Golden,36.87,73.74
125791,99A534,56384447 STEERING UPGRADE KIT,N/A,O Non Stock Inactive,56384447,09/20/2023,2,NILFISK INC,05/02/2024,Patrick Golden,236.6,473.20
94805,99A563,56396189 SPARE KEY,N/A,O Non Stock Inactive,56396189,02/27/2024,2,NILFISK INC,05/02/2024,Patrick Golden,17.1,34.20
118101,99A574,56265660 RECOVERY LID ASSEMBLY 0,N/A,O Non Stock Inactive,56265660,04/29/2024,4,NILFISK INC,05/23/2024,Patrick Golden,129.79,519.16
121287,99A575,56104573 HARNESS-DRIVE MOTOR,N/A,O Non Stock Inactive,56104573,N/A,4,NILFISK INC,N/A,Patrick Golden,32.64,130.56
123330,99A577,56104574 SWITCH HARNESS,N/A,O Non Stock Inactive,56104574,N/A,2,NILFISK INC,N/A,Patrick Golden,49.85,99.70
123332,99A616,902606 BEARING BALL 6002,N/A,O Non Stock Inactive,902606,N/A,1,NILFISK INC,N/A,Patrick Golden,21.2,21.20
104290,99A626,SC3000 ELECTRIC BRAKE,N/A,O Non Stock Inactive,9098626000,N/A,2,NILFISK INC,N/A,Patrick Golden,324.37,648.74
117974,99A629,56265629 COVER-BELT 0,N/A,O Non Stock Inactive,56265629,N/A,1,NILFISK INC,N/A,Patrick Golden,5.79,5.79
125793,99A635,DRAIN HOSE VS10602,N/A,O Non Stock Inactive,VS10602,02/15/2024,1,NILFISK INC,03/15/2024,Patrick Golden,12.55,12.55
125794,99A636,VS10601 SUCTION HOSE,N/A,O Non Stock Inactive,VS10601,05/08/2024,2,NILFISK INC,05/02/2024,Patrick Golden,8.42,16.84
118030,99A652,56105652 PAD-GRIP-ORBITAL BASE 0,N/A,O Non Stock Inactive,56105652,N/A,2,NILFISK INC,N/A,Patrick Golden,36.06,72.12
108944,99A655,9098655000 FILTER 9100001278,N/A,N Stock Active,9100001278,02/28/2024,2,NILFISK INC,05/02/2024,Patrick Golden,4.01,8.02
117972,99A661,WASHER 56002220 170660 0,N/A,O Non Stock Inactive,56002220,N/A,1,NILFISK INC,N/A,Patrick Golden,5.38,5.38
108946,99A691,9096914000 CABLE EXTENSION 0,N/A,O Non Stock Inactive,9096914000,N/A,1,NILFISK INC,N/A,Patrick Golden,12.25,12.25
94825,99A692,1467692000 PIN SPRING COTTER1458564000,N/A,O Non Stock Inactive,1467692000,N/A,3,NILFISK INC,N/A,Patrick Golden,8.65,25.95
118068,99A698,56265697 WHEEL-10.00X1.75X.50 0,N/A,O Non Stock Inactive,56265697,N/A,2,NILFISK INC,N/A,Patrick Golden,21.64,43.28
94829,99A706,VF90706 24VDC REGULATOR BOARD,N/A,O Non Stock Inactive,VF90706,N/A,1,NILFISK INC,N/A,Patrick Golden,9.03,9.03
117994,99A708,56122706 SAFETY SENSOR KIT-RT 0,N/A,O Non Stock Inactive,56122706,N/A,1,NILFISK INC,N/A,Patrick Golden,5080.66,5080.66
117995,99A709,56104579 ACTUATOR KIT 0,N/A,O Non Stock Inactive,56104579,N/A,1,NILFISK INC,N/A,Patrick Golden,173,173.00
94835,99A722,56393722 70 AMP BREAKER,N/A,O Non Stock Inactive,56393722,N/A,1,NILFISK INC,N/A,Patrick Golden,164.23,164.23
127344,99A732,9099732000 WHEEL D.214 GRY/BLK,N/A,O Non Stock Inactive,9099732000,N/A,1,NILFISK INC,N/A,Patrick Golden,40.11,40.11
118118,99A733,107403709 EXTENSION CORD 10M 0,N/A,O Non Stock Inactive,107403709,N/A,3,NILFISK INC,N/A,Patrick Golden,27.22,81.66
125073,99A735,9100001113 HOSE DRAIN BLACK PK,N/A,N Stock Active,9100001113,N/A,1,NILFISK INC,N/A,Patrick Golden,52.58,52.58
104276,99A738,HARDWARE SOLUTION TANK KIT,N/A,O Non Stock Inactive,9100000738,N/A,2,NILFISK INC,N/A,Patrick Golden,6.28,12.56
127345,99A742,9100000817 BALL FLOATING L08812373,N/A,O Non Stock Inactive,9100000817,N/A,1,NILFISK INC,N/A,Patrick Golden,6.28,6.28
104286,99A745,ROD POTENTIONMETER,N/A,O Non Stock Inactive,9100000745,N/A,3,NILFISK INC,N/A,Patrick Golden,9.4,28.20
125074,99A750,GASKET ROUND D.2MM PKD 9100001088,N/A,N Stock Active,9100001088,N/A,1,NILFISK INC,N/A,Patrick Golden,7.9,7.90
94843,99A757,HOSES BRUSH DECK KIT9100000757,N/A,O Non Stock Inactive,9100000757,N/A,1,NILFISK INC,N/A,Patrick Golden,55.61,55.61
117987,99A761,40761A MOTOR 1HP 0,N/A,O Non Stock Inactive,40761A,N/A,1,NILFISK INC,N/A,Patrick Golden,642.68,642.68
117988,99A767,54768A CLAMP P 5/16 STEEL 0,N/A,O Non Stock Inactive,54768A,N/A,1,NILFISK INC,N/A,Patrick Golden,5.38,5.38
121290,99A777,56104777 MODULE-HIGH POWER,N/A,O Non Stock Inactive,56104777,N/A,1,NILFISK INC,N/A,Patrick Golden,364.79,364.79
104222,99A794,107401794 HNDLE RELEASE BUTTON,N/A,O Non Stock Inactive,107401794,N/A,2,NILFISK INC,N/A,Patrick Golden,10.7,21.40
117967,99A795,9100000796 HOSES SOLUTION SYS 0,N/A,O Non Stock Inactive,9100000796,N/A,1,NILFISK INC,N/A,Patrick Golden,4.36,4.36
121291,99A799,56122799 USER INTERFACE KIT,N/A,O Non Stock Inactive,56122799,N/A,2,NILFISK INC,N/A,Patrick Golden,656.43,1312.86
94847,99A800,56505800 PAD DRIVER,N/A,O Non Stock Inactive,56505800,N/A,2,NILFISK INC,N/A,Patrick Golden,51.56,103.12
118108,99A812,16 BASE ASSY 56265818 0,N/A,O Non Stock Inactive,56265818,N/A,1,NILFISK INC,N/A,Patrick Golden,126.25,126.25
127346,99A818,CAGE FLOAT HALF 2 PCS SET 9100000818,N/A,O Non Stock Inactive,9100000818,N/A,1,NILFISK INC,N/A,Patrick Golden,9.38,9.38
117989,99A825,56001827 NUT HEX SERRATED 81220A,N/A,O Non Stock Inactive,56001827,02/07/2024,1,NILFISK INC,N/A,Patrick Golden,6.28,6.28
94852,99A836,1470901500 ROLLER KITSPECTRUM,N/A,O Non Stock Inactive,1470901500,N/A,1,NILFISK INC,N/A,Patrick Golden,17.06,17.06
123347,99A843,DISC BRUSH-20 PROLITE 3 LUG 56505795,N/A,O Non Stock Inactive,56505795,N/A,1,NILFISK INC,N/A,Patrick Golden,97.48,97.48
94854,99A848,56390848 TUBE-RECOVERY TANK,N/A,O Non Stock Inactive,56390848,02/27/2024,1,NILFISK INC,05/02/2024,Patrick Golden,21.73,21.73
117990,99A857,85700A SCR 1/4 -20X1 HX ST CAP 0,N/A,O Non Stock Inactive,85700A,N/A,2,NILFISK INC,N/A,Patrick Golden,4.75,9.50
127347,99A868,SQUEEGEE CARPET 12.5IN 13 KIT 107411868,N/A,O Non Stock Inactive,107411868,N/A,1,NILFISK INC,N/A,Patrick Golden,7.68,7.68
123350,99A877,56002873 NUT HEX NYL LOC 10-32 920722,N/A,O Non Stock Inactive,56002873,N/A,1,NILFISK INC,N/A,Patrick Golden,6.28,6.28
123351,99A879,80290A SCREW 10-32 X 3/8 HRCS,N/A,O Non Stock Inactive,80290A,N/A,1,NILFISK INC,N/A,Patrick Golden,6.28,6.28
94863,99A887,HARNESS BATTERY US PKD9100000887,N/A,O Non Stock Inactive,9100000887,N/A,1,NILFISK INC,N/A,Patrick Golden,118.97,118.97
105545,99A888,1461888000 PAPER FILTER,N/A,O Non Stock Inactive,1461888000,N/A,1,NILFISK INC,N/A,Patrick Golden,170.8,170.80
108951,99A893,L08603893 FILTER KIT 0,N/A,O Non Stock Inactive,L08603893,N/A,1,NILFISK INC,N/A,Patrick Golden,10.93,10.93
118070,99A902,9100000900 PLATE MOTOR PKD 0,N/A,O Non Stock Inactive,9100000900,N/A,1,NILFISK INC,N/A,Patrick Golden,97.33,97.33
123352,99A905,997020 PAD-RED-14X20-5/CS ORDER 510132,N/A,O Non Stock Inactive,997020,N/A,2,NILFISK INC,N/A,Patrick Golden,22.75,45.50
123357,99A912,SQUEEGEE KNOB KIT SC6000 56116912,N/A,O Non Stock Inactive,56116912,N/A,1,NILFISK INC,N/A,Patrick Golden,60.55,60.55
94866,99A915,CONTROLLER USER INTERFACE MOUNT 9100002915,N/A,O Non Stock Inactive,9100002915,02/13/2024,1,NILFISK INC,N/A,Patrick Golden,76.84,76.84
118119,99A930,HARDWARE RECOVERY TANK KIT 9099313000,N/A,O Non Stock Inactive,9099313000,N/A,1,NILFISK INC,N/A,Patrick Golden,21.93,21.93
123367,99A931,56116102 WHEEL-STEERING,N/A,O Non Stock Inactive,56116102,N/A,1,NILFISK INC,N/A,Patrick Golden,129.08,129.08
118096,99A941,9099410000 WHEEL D.250X50 GREY 0,N/A,O Non Stock Inactive,9099410000,N/A,2,NILFISK INC,N/A,Patrick Golden,55.81,111.62
108952,99A951,BARB ADAPTER 1/2 X 3/8 NPT 56109565,N/A,O Non Stock Inactive,56109565,12/29/2023,2,NILFISK INC,05/02/2024,Patrick Golden,6.44,12.88
117940,99A965,AFTERMARKET 9099672000 PAD HOLDER 14IN,N/A,O Non Stock Inactive,9099672000,N/A,1,7300 MISCELLANEOUS VENDORS ONLY,N/A,Patrick Golden,64.08,64.08
94870,99A967,9099967000 CARD ELECTRONIC KIT,N/A,O Non Stock Inactive,9099967000,N/A,1,NILFISK INC,N/A,Patrick Golden,121.47,121.47
94871,99A971,9099712000 DECK BRUSH 350MM/14,N/A,O Non Stock Inactive,9099712000,N/A,1,NILFISK INC,N/A,Patrick Golden,70.32,70.32
118071,99A979,9098979000 KIT-STABILIZER STUD 0,N/A,O Non Stock Inactive,9098979000,N/A,1,NILFISK INC,N/A,Patrick Golden,27.56,27.56
105547,99A997,SCR-BUTTON SOC SS M4-0.7X1256003997,N/A,O Non Stock Inactive,56003997,N/A,2,NILFISK INC,N/A,Patrick Golden,3.78,7.56
94873,99AYP1,SUBSYP1 SYPHON HOSE FOR HHP-12,N/A,O Non Stock Inactive,SUBSYP1,04/04/2022,2,NILFISK INC,05/02/2024,Patrick Golden,37.14,74.28
122406,99B073,ROCKER SWITCH 28073A,N/A,O Non Stock Inactive,28073A,N/A,2,1126 BISSELL HOMECARE INC,N/A,Patrick Golden,2.33,4.66
117785,99B110,HEX HEAD SCREW E1011600 0,N/A,O Non Stock Inactive,E1011600,N/A,12,1065 BETCO CORPORATION,N/A,Patrick Golden,0.99,11.88
117786,99B112,WASHER E1011700 0,N/A,O Non Stock Inactive,E1011700,N/A,12,1065 BETCO CORPORATION,N/A,Patrick Golden,0.99,11.88
94879,99B340,STRIP BRUSH HUBE1134400,N/A,O Non Stock Inactive,E1134400,N/A,3,1065 BETCO CORPORATION,N/A,Patrick Golden,111.44,334.32
94883,99B361,VALVE  BALL  3/8 DOUBLE FEMALEE83361,N/A,O Non Stock Inactive,E83361,N/A,1,1065 BETCO CORPORATION,N/A,Patrick Golden,17.58,17.58
117798,99B520,BRSHRLL BRING CVR ASSY A07495201,N/A,O Non Stock Inactive,A07495201,N/A,1,1126 BISSELL HOMECARE INC,N/A,Patrick Golden,2.23,2.23
130525,99B920,E83870 SQUEEGEE,N/A,O Non Stock Inactive,0,03/25/2024,2,1065 BETCO CORPORATION,05/17/2024,Patrick Golden,13.69,27.38
130526,99B921,E83869 SQUEEGEE REAR,N/A,O Non Stock Inactive,0,03/25/2024,2,1065 BETCO CORPORATION,05/17/2024,Patrick Golden,16.26,32.52
130527,99B922,E82731 BAND,N/A,O Non Stock Inactive,0,03/25/2024,1,1065 BETCO CORPORATION,N/A,Patrick Golden,7.78,7.78
130528,99B924,E81897 BUSHING,N/A,O Non Stock Inactive,0,03/25/2024,5,1065 BETCO CORPORATION,05/17/2024,Patrick Golden,7.17,35.85
130529,99B925,E81531 WHEEL SQUEEGEE,N/A,O Non Stock Inactive,0,03/25/2024,5,1065 BETCO CORPORATION,05/17/2024,Patrick Golden,7.1,35.50
130286,99B926,BOLT CARRIAGE,N/A,O Non Stock Inactive,E81896,03/25/2024,4,1065 BETCO CORPORATION,N/A,Patrick Golden,2.85,11.40
117799,99B944,POWER CORD A05944001 0,N/A,O Non Stock Inactive,A05944001,N/A,1,1126 BISSELL HOMECARE INC,N/A,Patrick Golden,30.48,30.48
94892,99BP27,BP27 PAPER BAG5-PK,N/A,O Non Stock Inactive,BP27,N/A,8,TACONY CORPORATION,N/A,Patrick Golden,3.73,29.84
87212,99C003,CMH-6 PS/CADET HEPA BAG 6/PKHEPA,N/A,O Non Stock Inactive,0,N/A,6,TACONY CORPORATION,N/A,Patrick Golden,N/A,0.00
87213,99C004,CMPS-B2 PRO SERIES BELT 2/PKBELT,N/A,O Non Stock Inactive,0,N/A,9,TACONY CORPORATION,N/A,Patrick Golden,N/A,0.00
87214,99C005,CMPS-HEPA HEPA FILTER 1/PK,N/A,O Non Stock Inactive,0,N/A,9,TACONY CORPORATION,N/A,Patrick Golden,6.9,62.10
94893,99C006,CMPS-PF POST FILTER,N/A,O Non Stock Inactive,CMPS-PF,N/A,10,TACONY CORPORATION,N/A,Patrick Golden,1.99,19.90
94894,99C008,CMS-PF ELECTRO POST FILTER,N/A,O Non Stock Inactive,CMS-PF,N/A,10,TACONY CORPORATION,N/A,Patrick Golden,0.59,5.90
94895,99C010,CMS-SF SECONDARY FILTERFB-06265,N/A,O Non Stock Inactive,CMS-SF,N/A,10,TACONY CORPORATION,N/A,Patrick Golden,0.48,4.80
118116,99C011,VF91014 SQUEEGEE SPRING 0,N/A,O Non Stock Inactive,VF91014,N/A,1,NILFISK INC,N/A,Patrick Golden,7.76,7.76
118117,99C019,HARDWARE SQUEEGEE SUPPORT KIT VS13759,N/A,O Non Stock Inactive,VS13759,N/A,1,NILFISK INC,N/A,Patrick Golden,14.63,14.63
123369,99C021,VS13450 SCREW KIT 5,N/A,O Non Stock Inactive,VS13450,N/A,1,NILFISK INC,N/A,Patrick Golden,5.39,5.39
94896,99C030,NYLON BRUSH ASSEMBLY 18 STD56266031,N/A,O Non Stock Inactive,56266031,N/A,1,NILFISK INC,N/A,Patrick Golden,95.89,95.89
126407,99C160,CLOROX 360 SPRAYER CAPS 5PK 1100 AA-15319P5,N/A,N Stock Active,AA-15319P5,N/A,1,2031 THE CLOROX SALES COMPANY,N/A,Patrick Golden,60,60.00
94898,99C189,56104189 INSERT-DRY BRAKE,N/A,O Non Stock Inactive,56104189,N/A,2,NILFISK INC,N/A,Patrick Golden,2.54,5.08
127348,99C242,EAGLE PROFORMANCE 2420 24 VOLT 20 AMP CHARGER,N/A,O Non Stock Inactive,I2420,N/A,1,CHARGING CHARGERS,N/A,Patrick Golden,536.37,536.37
123372,99C344,56104344 SQUEEGEE PIVOT KIT,N/A,N Stock Active,56104344,N/A,1,NILFISK INC,N/A,Patrick Golden,29.17,29.17
94900,99C352,C352-2500 BAGS 10PKFOR PF300BP & CFR30 BP,N/A,N Stock Active,C352-2500,N/A,4,TACONY CORPORATION,N/A,Patrick Golden,6.65,26.60
121303,99C505,467504 STRAIN RELIEF,N/A,O Non Stock Inactive,467504,N/A,1,NILFISK INC,N/A,Patrick Golden,15.73,15.73
122548,99C707,HOSE ASSY 43 SERIES F38TC0707-4-4-4-13.00,N/A,O Non Stock Inactive,F38TC0707-4-4-4-13.0,N/A,2,COLLIFLOWER  INC - BALTIMORE,N/A,Patrick Golden,39.45,78.90
118057,99C745,POWER CORD VF90745 0,N/A,O Non Stock Inactive,VF90745,N/A,1,NILFISK INC,N/A,Patrick Golden,4.58,4.58
118220,99D150,DOODLE SCRUB HANDLE TRIGGER SS 051180,N/A,O Non Stock Inactive,SS 051180,N/A,1,11097 SQUARE SCRUB,N/A,Patrick Golden,15.09,15.09
122623,99D210,1/4" STAIN STELL FEMALE SOCKET QUICK DISCONNECT 5100210,N/A,O Non Stock Inactive,5100210,N/A,5,2647 DIRT KILLER,N/A,Patrick Golden,4.12,20.60
94922,99D511,SS P0511SPK STARTER PAD PACKDOODLE SCRUB,N/A,O Non Stock Inactive,SS P0511SPK,N/A,2,11097 SQUARE SCRUB,N/A,Patrick Golden,49.72,99.44
94925,99E029,200788 STRIP BRUSH680029,N/A,O Non Stock Inactive,200788,N/A,2,2816 STONEKOR,N/A,Patrick Golden,206.59,413.18
127318,99E229,B02229 BRIDGE RECTIFIER,N/A,O Non Stock Inactive,B02229,N/A,1,2803 EDIC,N/A,Patrick Golden,5.28,5.28
122672,99E527,G00526-1 VALVE,N/A,O Non Stock Inactive,G00526-1,N/A,1,2803 EDIC,N/A,Patrick Golden,17.95,17.95
127350,99E555,GENERIC BAG ADGILITY HIP 10 PK,N/A,N Stock Active,654,N/A,3,6937 M & M VACUUM CLEANER PARTS,N/A,Patrick Golden,9.95,29.85
94935,99E74,E-74 FEMALE AC PLUGGEPLUG02F,N/A,O Non Stock Inactive,0,N/A,9,3791 GOFER PARTS,N/A,Patrick Golden,9.57,86.13
127317,99E75,E-75 AC TWIST LOCK PLUG MALE,N/A,O Non Stock Inactive,E-75,N/A,4,3791 GOFER PARTS,N/A,Patrick Golden,8.16,32.64
123250,99E795,REAR WHEEL ASSY 440007795,N/A,O Non Stock Inactive,440007795,N/A,2,7300 MISCELLANEOUS VENDORS ONLY,N/A,Patrick Golden,9.99,19.98
123251,99E796,FRONT WHEEL ASSEMBLY 440007796,N/A,O Non Stock Inactive,440007796,N/A,1,7300 MISCELLANEOUS VENDORS ONLY,N/A,Patrick Golden,25.97,25.97
109739,99E872,G13872 PUMP ASSY 0,N/A,O Non Stock Inactive,G13872,N/A,1,2803 EDIC,N/A,Patrick Golden,392.03,392.03
101259,99E884,VAC BAG CV-30 10-PK10 PK,N/A,O Non Stock Inactive,884,N/A,23,6937 M & M VACUUM CLEANER PARTS,N/A,Patrick Golden,8.25,189.75
94942,99EA78,E78 TWIST LOCK MALE,N/A,O Non Stock Inactive,E78,N/A,7,3828 GRACO,N/A,Patrick Golden,2.99,20.93
94943,99EA79,E79 TWIST LOCK PLUGFEMALE,N/A,O Non Stock Inactive,E79,N/A,12,3828 GRACO,N/A,Patrick Golden,6.5,78.00
94944,99F127,ROLLER21-1127 211127 FC21-1127,N/A,O Non Stock Inactive,FC21-1127,N/A,2,11589 TAYLOR NORTHEAST BALTIMORE,N/A,Patrick Golden,17.79,35.58
99088,99F150,15IN STRATAGRIT BRUSH15000SP,N/A,O Non Stock Inactive,15000SP,N/A,1,20000 ACME MISC ITEMS,N/A,Patrick Golden,140,140.00
94947,99F802,MF-VF022 PAD HOLDER  19-INCHMF-VF022,N/A,O Non Stock Inactive,MF-VF022,05/06/2024,1,NILFISK INC,05/22/2024,Patrick Golden,77.98,77.98
130531,99F92P,890010 SOL TANK 4 GALLON,N/A,O Non Stock Inactive,890010,N/A,1,6985 THE MALISH CORPORATION,N/A,Patrick Golden,57.05,57.05
94950,99FM12,FM12 SQUEEGEE SPRING,N/A,O Non Stock Inactive,FM12,N/A,40,TACONY CORPORATION,N/A,Patrick Golden,0.56,22.40
94958,99G018,T3 SQUEEGEE SETGSQ1018XX2,N/A,O Non Stock Inactive,GSQ1018XX2,N/A,4,3791 GOFER PARTS,N/A,Patrick Golden,9.34,37.36
122859,99G021,WHEEL GWHG00001B 630477,N/A,O Non Stock Inactive,GWHG00001B,05/17/2024,2,3791 GOFER PARTS,04/30/2024,Patrick Golden,2.12,4.24
94959,99G024,VAC MOTOR TD 24V 2STG 5.7 VMAXGVMT02402V,N/A,O Non Stock Inactive,GVMT02402V,N/A,1,3791 GOFER PARTS,N/A,Patrick Golden,88.42,88.42
94960,99G027,VAC MOTOR - PD 120V 2STG 5.7GVM120017,N/A,O Non Stock Inactive,GVM120017,N/A,3,3791 GOFER PARTS,N/A,Patrick Golden,66.34,199.02
94961,99G028,IPC MPVR08036 MPVR08040 SQ SETGSQ2028XX2,N/A,O Non Stock Inactive,GSQ2028XX2,N/A,7,3791 GOFER PARTS,N/A,Patrick Golden,44.03,308.21
102425,99G033,APEX SQ GSQ1032XX2 FITS TENNANT 390922  390923,N/A,O Non Stock Inactive,GSQ1032XX2,02/19/2024,2,3791 GOFER PARTS,03/12/2024,Patrick Golden,18.67,37.34
94965,99G041,PANEL FILTER FITS - 1048295AMGFILTER41,N/A,O Non Stock Inactive,GFILTER41,N/A,6,3791 GOFER PARTS,N/A,Patrick Golden,90.53,543.18
117913,99G048,T5 CASTER GWHC00012 1049048,N/A,O Non Stock Inactive,GWHC00012,N/A,4,3791 GOFER PARTS,N/A,Patrick Golden,32.25,129.00
117934,99G051,MOUNTING GASKET GGASKT051 0,N/A,O Non Stock Inactive,GGASKT051,N/A,1,3791 GOFER PARTS,N/A,Patrick Golden,4,4.00
107601,99G064,VAC MOTOR GVM024004A T7 1021064,N/A,O Non Stock Inactive,GVM024004A,N/A,1,3791 GOFER PARTS,N/A,Patrick Golden,106.3,106.30
94966,99G075,OIL DIPSTICK FOR KAWASAKI 17HPGPROILDS01 14075,N/A,O Non Stock Inactive,GPROILDS01,N/A,1,3791 GOFER PARTS,N/A,Patrick Golden,7.23,7.23
127354,99G083,ROCKER COVER GASKET KA110617083,N/A,O Non Stock Inactive,KA110617083,N/A,1,3791 GOFER PARTS,N/A,Patrick Golden,3.71,3.71
94969,99G117,SQUEEGEE SET - TANGSQ1017TT2 1025340 1025337,N/A,O Non Stock Inactive,GSQ1017TT2,N/A,2,3791 GOFER PARTS,N/A,Patrick Golden,9.15,18.30
94971,99G125,GCAGM 6 VOLT BATTERYAGM BATTERY T-125,N/A,O Non Stock Inactive,0,03/25/2024,8,1046 BEST BATTERY,05/01/2024,Patrick Golden,307.6,2460.80
104830,99G130,SQG SET FITS 1031331 1017868,N/A,N Stock Active,GSQ1132XX2,N/A,13,3791 GOFER PARTS,N/A,Patrick Golden,63.62,827.06
107602,99G144,GASKET GGASKT011 100143,N/A,O Non Stock Inactive,GGASKT011,N/A,1,3791 GOFER PARTS,N/A,Patrick Golden,2.85,2.85
117915,99G148,SQUEEGEE SIDE GSK1132X1 FITS TENNANT 1031011,N/A,O Non Stock Inactive,GSK1132X1,N/A,9,3791 GOFER PARTS,N/A,Patrick Golden,34.3,308.70
122863,99G152,SKIRT NEO  FITS TN 1019295 GSK1132N1,N/A,O Non Stock Inactive,GSK1132N1,N/A,2,3791 GOFER PARTS,N/A,Patrick Golden,30.04,60.08
94982,99G167,T12 SQUEEGEE SETGSQ1167XX2 1200383 1200384,N/A,O Non Stock Inactive,GSQ1167XX2,N/A,3,3791 GOFER PARTS,N/A,Patrick Golden,25.32,75.96
117911,99G177,SQUEEGEE SET GSQ1177XX2 30IN FITS PACIFIC 850701& 850702,N/A,O Non Stock Inactive,GSQ1177XX2,N/A,4,3791 GOFER PARTS,N/A,Patrick Golden,29.75,119.00
117922,99G185,GSQ1185XX2 SQUEEGEE SET 35IN FITS PACIFIC 870701 & 870702,N/A,O Non Stock Inactive,GSQ1185XX2,N/A,1,3791 GOFER PARTS,N/A,Patrick Golden,39.61,39.61
94985,99G186,APEX SQUEEGEE SET1045384 & 1045381 GSQ1186XX2,N/A,O Non Stock Inactive,GSQ1186XX2,N/A,4,3791 GOFER PARTS,N/A,Patrick Golden,22.01,88.04
121073,99G188,APEX SQUEEGEES GSQ1189XX2 FITS TENNANT 1203953 & 1203954,N/A,O Non Stock Inactive,GSQ1189XX2,N/A,2,3791 GOFER PARTS,N/A,Patrick Golden,14.72,29.44
121075,99G235,SQUEEGEE SET 9016745 GSQ1235XX2,N/A,O Non Stock Inactive,GSQ1235XX2,N/A,5,3791 GOFER PARTS,N/A,Patrick Golden,19.59,97.95
122865,99G258,REAR SQUEEGEE BLD GSQ1259AX 9017702,N/A,O Non Stock Inactive,GSQ1259AX,N/A,1,3791 GOFER PARTS,N/A,Patrick Golden,11.63,11.63
122866,99G259,FRNT SQUEEGEE BLD 9017699 GSQ1259BX,N/A,O Non Stock Inactive,GSQ1259BX,N/A,1,3791 GOFER PARTS,N/A,Patrick Golden,10.49,10.49
121076,99G260,GASKET SQUEEGEE .25 NEO GGASKT009 603260 100150,N/A,O Non Stock Inactive,GGASKT009,N/A,2,3791 GOFER PARTS,N/A,Patrick Golden,1.96,3.92
94991,99G436,CAP NUT STL PLASTIC 5/8"4CUJ6,N/A,O Non Stock Inactive,CUJ6,N/A,9,3829 GRAINGER,N/A,Patrick Golden,0.78,7.02
127356,99G501,HOSE WIRE CUFF 1.5 X 1.5 WAND GHSC1515G,N/A,O Non Stock Inactive,GHSC1515G,N/A,1,3791 GOFER PARTS,N/A,Patrick Golden,1.03,1.03
94992,99G520,HOSE  WIRE CUFF 1.5 x 2.0 WANDGHSC1520G,N/A,O Non Stock Inactive,GHSC1520G,N/A,10,3791 GOFER PARTS,N/A,Patrick Golden,4.49,44.90
126410,99G601,RECTIFIER 60 AMP 600 V GEBR60601 56383569,N/A,N Stock Active,GEBR60601,N/A,19,3791 GOFER PARTS,N/A,Patrick Golden,19.3,366.70
127358,99G625,CHARGER - 36V 25A IN-LINE CONN GCH03625OB1,N/A,O Non Stock Inactive,GCH03625OB1,N/A,1,3791 GOFER PARTS,N/A,Patrick Golden,580.4,580.40
117928,99G641,HALF TRAY SWEEPING ROLLER MM00370640 00370640,N/A,O Non Stock Inactive,MM00370640,N/A,4,3791 GOFER PARTS,N/A,Patrick Golden,65.43,261.72
94999,99G790,ADMIRAL 36 SQG SET GSQ2022UU2FITS 01079790 & 01079780,N/A,O Non Stock Inactive,GSQ2022UU2,N/A,3,3791 GOFER PARTS,N/A,Patrick Golden,37.95,113.85
95000,99G802,KAWASAKI 18HP MAINTENANCE KITGPRMK1802L,N/A,O Non Stock Inactive,GPRMK1802L,N/A,1,3791 GOFER PARTS,N/A,Patrick Golden,41.41,41.41
95001,99G827,G828 ENVIRO-CLEAN CLOTH BAGW/265PB PAPER BAG INSIDE,N/A,O Non Stock Inactive,G828,N/A,7,TACONY CORPORATION,N/A,Patrick Golden,12.38,86.66
95005,99G934,SQUEEGEE SET FITS GSQ1032TX2FITS 390934 & 390923,N/A,O Non Stock Inactive,GSQ1032TX2,N/A,5,3791 GOFER PARTS,N/A,Patrick Golden,17.05,85.25
126411,99G943,SQUEEGEE SET GSQ1081UU2 FITS 12200-60  12200-43,N/A,O Non Stock Inactive,GSQ1081UU2,12/04/2023,1,3791 GOFER PARTS,N/A,Patrick Golden,90.54,90.54
127360,99G970,9014970 FAN BLOWER TN9014970,N/A,O Non Stock Inactive,TN9014970,N/A,1,3791 GOFER PARTS,N/A,Patrick Golden,77.2,77.20
110505,99GT14,GT13014 NUT 0,N/A,O Non Stock Inactive,0,N/A,1,NILFISK-ADVANCE INC.,N/A,Patrick Golden,4.08,4.08
110506,99GT17,GT13017 WASHER 0,N/A,O Non Stock Inactive,0,N/A,1,NILFISK-ADVANCE INC.,N/A,Patrick Golden,4.08,4.08
109783,99H001,GREEN KLEAN GK-PASHDR-1 ACTIVATED CARBON FILTER,N/A,O Non Stock Inactive,GK-PASHDR-1,N/A,2,HEPA AIR DIRECT,N/A,Patrick Golden,275,550.00
108534,99H005,GREEN KLEAN P/N GK-PASR-1 HEPA FILTER WITH CARBON WRAP,N/A,O Non Stock Inactive,GK-PASR-1,N/A,4,HEPA AIR DIRECT,N/A,Patrick Golden,95,380.00
95008,99H062,24" TREADMASTER BRUSH000-016-062,N/A,O Non Stock Inactive,000-016-062,N/A,2,4286 CENTENNIAL BANK,N/A,Patrick Golden,65.89,131.78
95009,99H063,32" TREADMASTER BRUSH000-016-063,N/A,O Non Stock Inactive,000-016-063,N/A,1,4286 CENTENNIAL BANK,N/A,Patrick Golden,94.5,94.50
121094,99H200,K2000 HANDLE REPLACEMENT KIT2020B,N/A,O Non Stock Inactive,K2000,N/A,2,4043 HAWK ENTERPRISES OF ELKHART,N/A,Patrick Golden,211.21,422.42
117872,99I051,CHVR00051 SET OF KEYS 0,N/A,O Non Stock Inactive,CHVR00051,N/A,2,2800 IPC EAGLE,N/A,Patrick Golden,17.19,34.38
117867,99I070,SCREW M3 X 8 VTVT01070 0,N/A,O Non Stock Inactive,VTVT01070,N/A,4,2800 IPC EAGLE,N/A,Patrick Golden,0.85,3.40
117846,99I099,SCREW 3.9 X 13 UNI 6954 VTVT00099,N/A,O Non Stock Inactive,VTVT00099,N/A,1,2800 IPC EAGLE,N/A,Patrick Golden,1.91,1.91
117818,99I112,MPVR07112 FLAP 0,N/A,O Non Stock Inactive,MPVR07112,N/A,2,2800 IPC EAGLE,N/A,Patrick Golden,51.82,103.64
117868,99I210,NUT M3 VTDD00210 0,N/A,O Non Stock Inactive,VTDD00210,N/A,4,2800 IPC EAGLE,N/A,Patrick Golden,1.04,4.16
117870,99I284,SHEET METAL LAFN09284,N/A,O Non Stock Inactive,LAFN09284,N/A,1,2800 IPC EAGLE,N/A,Patrick Golden,16.37,16.37
117871,99I285,SHEET METAL LAFN09285,N/A,O Non Stock Inactive,LAFN09285,N/A,1,2800 IPC EAGLE,N/A,Patrick Golden,16.37,16.37
95015,99I286,SHEET METAL "L" REAR RIGHTLAFN09286,N/A,O Non Stock Inactive,LAFN09286,N/A,4,2800 IPC EAGLE,N/A,Patrick Golden,13.64,54.56
95016,99I287,SHEET METALLAFN09287,N/A,O Non Stock Inactive,LAFN09287,N/A,4,2800 IPC EAGLE,N/A,Patrick Golden,13.64,54.56
95017,99I301,RETAINER HOOKLAFN09301,N/A,O Non Stock Inactive,LAFN09301,N/A,4,2800 IPC EAGLE,N/A,Patrick Golden,2.87,11.48
95018,99I302,RETAINER CLOSURELAFN09302,N/A,O Non Stock Inactive,LAFN09302,N/A,1,2800 IPC EAGLE,N/A,Patrick Golden,5.15,5.15
117847,99I333,BRUSH HOOKING LEVER - 464 PMVR00333,N/A,O Non Stock Inactive,PMVR00333,N/A,1,2800 IPC EAGLE,N/A,Patrick Golden,5.58,5.58
117848,99I372,INOX BEARING PROTECTION LAFN07372,N/A,O Non Stock Inactive,LAFN07372,N/A,1,2800 IPC EAGLE,N/A,Patrick Golden,3.67,3.67
117866,99I376,VAC HOSE TBFX00376 0,N/A,O Non Stock Inactive,TBFX00376,N/A,2,2800 IPC EAGLE,N/A,Patrick Golden,47.73,95.46
95019,99I398,SQUEEGEE WHEELSRTRT00398,N/A,O Non Stock Inactive,RTRT00398,N/A,2,2800 IPC EAGLE,N/A,Patrick Golden,4.31,8.62
122653,99I417,GUGO00418 GASKET,N/A,O Non Stock Inactive,GUGO00418,N/A,2,2800 IPC EAGLE,N/A,Patrick Golden,2.78,5.56
121104,99I589,BOARD DISPLAY CT80 MECE00589,N/A,O Non Stock Inactive,KTRI06691,N/A,1,2800 IPC EAGLE,04/19/2024,Patrick Golden,156.14,156.14
106584,99I601,BRUSH COVER MPVR06011,N/A,O Non Stock Inactive,MPVR06011,N/A,1,2800 IPC EAGLE,N/A,Patrick Golden,19.8,19.80
95022,99I742,VAC HOSE FOR CT80KTRI04742 KTRI04702,N/A,O Non Stock Inactive,KTRI04742,N/A,2,2800 IPC EAGLE,N/A,Patrick Golden,33.03,66.06
117849,99I940,MPVR00940 CONVEYOR 0,N/A,O Non Stock Inactive,MPVR00940,N/A,1,2800 IPC EAGLE,N/A,Patrick Golden,53.95,53.95
118452,99K005,FIXING PLATE SUCTION BAR 5.005-005.0 50050050,N/A,O Non Stock Inactive,5.005-005.0,N/A,2,13289 KARCHER NORTH AMERICA,N/A,Patrick Golden,3.18,6.36
95029,99K0140,86390140 GASKET  NOZZLESEAT,N/A,O Non Stock Inactive,8.639-014.0,N/A,1,13289 KARCHER NORTH AMERICA,N/A,Patrick Golden,2.04,2.04
95032,99K016,BATTERY F/ BV 5/1 BP 36V4.654-016.0,N/A,O Non Stock Inactive,4.654-016.0,N/A,2,13289 KARCHER NORTH AMERICA,N/A,Patrick Golden,429.6,859.20
95035,99K041,CLIPPER DUO TANK8.639-042.0 86390420,N/A,O Non Stock Inactive,8.639-042.0,N/A,1,13289 KARCHER NORTH AMERICA,N/A,Patrick Golden,276,276.00
104918,99K051,TOOTHED BELT 4.035-005.0,N/A,O Non Stock Inactive,4.035-005.0,N/A,2,13289 KARCHER NORTH AMERICA,N/A,Patrick Golden,51.3,102.60
95037,99K059,HOOK5.037-059.0 50370590,N/A,O Non Stock Inactive,50370590,N/A,1,13289 KARCHER NORTH AMERICA,N/A,Patrick Golden,1.08,1.08
127365,99K064,SWEEP TANK FLAP 40706430 4.070-643.0,N/A,O Non Stock Inactive,40706430,N/A,1,13289 KARCHER NORTH AMERICA,N/A,Patrick Golden,108,108.00
95040,99K077,OIL PUMP SEE SUPPORTS FOR LOC8.901-077.0 89010770,N/A,O Non Stock Inactive,8.901-077.0,05/14/2024,2,13289 KARCHER NORTH AMERICA,N/A,Patrick Golden,6.6,13.20
118525,99K079,ABOVE MOTOR SEAL 9.079-024.0 90790240,N/A,O Non Stock Inactive,9.079-024.0,N/A,1,13289 KARCHER NORTH AMERICA,N/A,Patrick Golden,18.42,18.42
95041,99K080,RETAINING RING 10PK86408080 8.640-808.0,N/A,O Non Stock Inactive,8.640-808.0,N/A,19,13289 KARCHER NORTH AMERICA,N/A,Patrick Golden,1.17,22.23
95043,99K105,BALL BEARING7.401-105.0 74011050,N/A,O Non Stock Inactive,7.401-105.0,N/A,2,13289 KARCHER NORTH AMERICA,N/A,Patrick Golden,15.9,31.80
104342,99K112,DOWEL  PIN 8.636-117.0,N/A,O Non Stock Inactive,8.636-117.0,N/A,2,13289 KARCHER NORTH AMERICA,N/A,Patrick Golden,11.52,23.04
95046,99K117,HEXAGON NUT53111170 5.311-117.0,N/A,O Non Stock Inactive,5.311-117.0,N/A,1,13289 KARCHER NORTH AMERICA,N/A,Patrick Golden,5.88,5.88
108705,99K121,TRAY  DEBRIS  28 8.634-212.0 86342120,N/A,O Non Stock Inactive,8.634-212.0,N/A,1,13289 KARCHER NORTH AMERICA,N/A,Patrick Golden,70.8,70.80
118487,99K123,CHARGER 6.683-119.0 66831190,N/A,O Non Stock Inactive,6.683-119.0,N/A,1,13289 KARCHER NORTH AMERICA,N/A,Patrick Golden,606,606.00
104306,99K128,COUNTER SUNK SCREW 7.303-128.0,N/A,O Non Stock Inactive,7.303-128.0,N/A,1,13289 KARCHER NORTH AMERICA,N/A,Patrick Golden,0.51,0.51
118526,99K129,DIODE BOARD BR 35/12 6.683-114.0 66831140,N/A,O Non Stock Inactive,6.683-114.0,N/A,1,13289 KARCHER NORTH AMERICA,N/A,Patrick Golden,57,57.00
127366,99K140,86414020 MOUNTED DEBRIS TRAY 8.641-402.0,N/A,O Non Stock Inactive,86414020,N/A,1,13289 KARCHER NORTH AMERICA,N/A,Patrick Golden,63,63.00
118460,99K155,GASKET  DEBRIS BIN 8.641-015.0 86410150,N/A,O Non Stock Inactive,8.641-015.0,N/A,2,13289 KARCHER NORTH AMERICA,N/A,Patrick Golden,3.81,7.62
95055,99K1680,86391680 NOZZLE VOLUME SPACER,N/A,O Non Stock Inactive,8.639-168.0,N/A,1,13289 KARCHER NORTH AMERICA,N/A,Patrick Golden,6,6.00
95056,99K170,BOTTOM PLATE  FRT  CLP  GRAY8.640-617.0 86406170,N/A,O Non Stock Inactive,86406170,02/02/2024,3,13289 KARCHER NORTH AMERICA,N/A,Patrick Golden,16.32,48.96
118446,99K182,ONBOARD BATTERY CHARGER 4.035-189.0 40351890,N/A,O Non Stock Inactive,4.035-189.0,N/A,1,13289 KARCHER NORTH AMERICA,N/A,Patrick Golden,798,798.00
95060,99K184,CASTER WHEEL8.754-184.0 97541840,N/A,O Non Stock Inactive,8.754-184.0,N/A,1,13289 KARCHER NORTH AMERICA,N/A,Patrick Golden,73.2,73.20
118527,99K212,ELECTRONICS BR 35/12 2.816-212.0 28162120,N/A,O Non Stock Inactive,2.816-212.0,N/A,1,13289 KARCHER NORTH AMERICA,N/A,Patrick Golden,336.6,336.60
95065,99K220,LANCE 3000 PSI9.112-533.0 91125330,N/A,O Non Stock Inactive,9.112-533.0,N/A,1,13289 KARCHER NORTH AMERICA,N/A,Patrick Golden,6.3,6.30
127367,99K228,CONTROLLER  CV24 RE 8.637-228.0 86372280,N/A,O Non Stock Inactive,8.637-228.0,N/A,1,13289 KARCHER NORTH AMERICA,N/A,Patrick Golden,297.6,297.60
95067,99K230,BELT 312 3M-HTDII-6 (RPL 5109)8.613-823.0 86138230,N/A,O Non Stock Inactive,86138230,N/A,2,13289 KARCHER NORTH AMERICA,N/A,Patrick Golden,12.48,24.96
118461,99K238,ELBOW  PVC 3/4M X SOC SCH 40 8.636-238.0 86362380,N/A,O Non Stock Inactive,8.636-238.0,N/A,1,13289 KARCHER NORTH AMERICA,N/A,Patrick Golden,5.31,5.31
127368,99K264,63911710 HOSE ASSY CV30,N/A,O Non Stock Inactive,63911710,N/A,2,13289 KARCHER NORTH AMERICA,N/A,Patrick Golden,45.24,90.48
95076,99K280,KIT  BRUSH  MOTOR DS8.638-828.0 86388280,N/A,O Non Stock Inactive,8.638-828.0,N/A,3,13289 KARCHER NORTH AMERICA,N/A,Patrick Golden,36.3,108.90
127369,99K283,86012830 SHAFT ASM DRIVE 24 8.601-283.0,N/A,O Non Stock Inactive,86012830,N/A,1,13289 KARCHER NORTH AMERICA,N/A,Patrick Golden,60.09,60.09
118507,99K298,HANDLE SR15 BLACK 8.637-298.0 86372980,N/A,O Non Stock Inactive,8.637-298.0,N/A,1,13289 KARCHER NORTH AMERICA,N/A,Patrick Golden,47.4,47.40
124634,99K304,COVER  FILL PORT 8.632-967.0 86329670,N/A,O Non Stock Inactive,8.632-967.0,N/A,1,13289 KARCHER NORTH AMERICA,N/A,Patrick Golden,7.8,7.80
118531,99K310,BEARING BLOCK SR XP 12 L. H. 8.643-431.0 86434310,N/A,O Non Stock Inactive,8.643-431.0,N/A,1,13289 KARCHER NORTH AMERICA,N/A,Patrick Golden,18.6,18.60
118528,99K312,BLOWER MOTOR 24V 6.490-312.0 64903120,N/A,O Non Stock Inactive,6.490-312.0,N/A,1,13289 KARCHER NORTH AMERICA,N/A,Patrick Golden,256.2,256.20
110085,99K334,B40 W BP COVER COMPLETE 4.035-334.0 40353340,N/A,O Non Stock Inactive,4.035-334.0,N/A,1,13289 KARCHER NORTH AMERICA,N/A,Patrick Golden,243,243.00
118536,99K347,ELBOW  SWIVEL  1/4MPTX1/4TUBE 8.600-347.0 86003470 31072,N/A,O Non Stock Inactive,8.600-347.0,N/A,1,13289 KARCHER NORTH AMERICA,N/A,Patrick Golden,16.02,16.02
95082,99K350,SUCTION SQUEEGEE SET4.037-035.0 40370350,N/A,O Non Stock Inactive,4.037-035.0,N/A,1,13289 KARCHER NORTH AMERICA,N/A,Patrick Golden,33.9,33.90
118472,99K357,SIDE PLATE 5.035-357.0 50353570,N/A,O Non Stock Inactive,5.035-357.0,N/A,1,13289 KARCHER NORTH AMERICA,N/A,Patrick Golden,22.38,22.38
104419,99K359,FRESH WATER COVER 50503590,N/A,O Non Stock Inactive,50503590,N/A,1,13289 KARCHER NORTH AMERICA,N/A,Patrick Golden,1.8,1.80
127370,99K370,RED KEY KIK 50353370 5.035-337.0,N/A,O Non Stock Inactive,50353370,N/A,3,13289 KARCHER NORTH AMERICA,N/A,Patrick Golden,75.6,226.80
95087,99K390,BULKHEAD 1/4FNPT Black 863900208.639-002.0,N/A,O Non Stock Inactive,8.639-002.0,N/A,2,13289 KARCHER NORTH AMERICA,N/A,Patrick Golden,48.3,96.60
95088,99K391,CONNECTOR 8.639-006.0JG 1/4 X 1/4 MPT 86390060,N/A,O Non Stock Inactive,8.639-006.0,N/A,2,13289 KARCHER NORTH AMERICA,N/A,Patrick Golden,9.78,19.56
95093,99K402,THRUST WASHER8.625-941.0 86259410,N/A,O Non Stock Inactive,8.625-941.0,N/A,9,13289 KARCHER NORTH AMERICA,N/A,Patrick Golden,2.46,22.14
108707,99K404,6.904-403.0 VAC BAGS PKG 10 0,N/A,O Non Stock Inactive,6.904-403.0,04/12/2024,1,13289 KARCHER NORTH AMERICA,04/30/2024,Patrick Golden,19.08,19.08
118447,99K406,KIK KEY SET YELLOW 4.035-408.0 40354080,N/A,O Non Stock Inactive,4.035-408.0,N/A,1,13289 KARCHER NORTH AMERICA,N/A,Patrick Golden,159,159.00
118462,99K411,INSERT  DEBRIS BIN 8.640-411.0 86404110,N/A,O Non Stock Inactive,8.640-411.0,N/A,1,13289 KARCHER NORTH AMERICA,N/A,Patrick Golden,51.9,51.90
104718,99K425,PUMP OIL  LEGACY 10W 40  QT.,N/A,O Non Stock Inactive,89234250,N/A,2,13289 KARCHER NORTH AMERICA,N/A,Patrick Golden,6.9,13.80
125831,99K426,TILE & GROUT SCRUB BRUSH 86454200 8.645-420.0,N/A,O Non Stock Inactive,86454200,N/A,1,13289 KARCHER NORTH AMERICA,N/A,Patrick Golden,233.4,233.40
118475,99K431,RETAINING PLATE 5.035-431.0 50354310,N/A,O Non Stock Inactive,5.035-431.0,N/A,1,13289 KARCHER NORTH AMERICA,N/A,Patrick Golden,105,105.00
104438,99K432,GFCI 125V 15A W/ 36' 12-3 CORD,N/A,O Non Stock Inactive,9.802-432.0,N/A,1,13289 KARCHER NORTH AMERICA,N/A,Patrick Golden,70.2,70.20
118532,99K434,REAR BOTTOM PLATE SRXP12 CPL 8.643-432.0 86434320,N/A,O Non Stock Inactive,8.643-432.0,N/A,1,13289 KARCHER NORTH AMERICA,N/A,Patrick Golden,7.32,7.32
125836,99K455,HARNESS 6.645-554.0 66455540,N/A,O Non Stock Inactive,6.645-554.0,N/A,1,13289 KARCHER NORTH AMERICA,N/A,Patrick Golden,8.34,8.34
125838,99K457,OUTER SHROUD 8.635-291.0 86352910,N/A,O Non Stock Inactive,8.635-291.0,10/18/2023,2,13289 KARCHER NORTH AMERICA,04/30/2024,Patrick Golden,111,222.00
95101,99K460,GASKET 14.0X2.56.362-460.0 63624600,N/A,O Non Stock Inactive,6.362-460.0,N/A,2,13289 KARCHER NORTH AMERICA,N/A,Patrick Golden,1.05,2.10
127372,99K467,BRUSH  13 IN  NYLON  BLK 8.640-467.0 86404670,N/A,O Non Stock Inactive,8.640-467.0,12/09/2022,2,13289 KARCHER NORTH AMERICA,N/A,Patrick Golden,32.4,64.80
118500,99K469,BRUSH MOTOR 2.2 KW 8.638-469.0 86384690,N/A,O Non Stock Inactive,86384690,05/22/2023,1,13289 KARCHER NORTH AMERICA,N/A,Patrick Golden,1053,1053.00
127373,99K470,86370470 HUB COUPLING 18ES1/2 8.637-047.0,N/A,O Non Stock Inactive,86370470,N/A,1,13289 KARCHER NORTH AMERICA,N/A,Patrick Golden,10.98,10.98
95104,99K480,SWITCHING UNIT86397480 8.639-748.0,N/A,O Non Stock Inactive,86397480,N/A,1,13289 KARCHER NORTH AMERICA,N/A,Patrick Golden,11.94,11.94
104826,99K481,SPRING 5.332-481.0,N/A,O Non Stock Inactive,5.332-481.0,N/A,1,13289 KARCHER NORTH AMERICA,N/A,Patrick Golden,1.74,1.74
125841,99K484,AXLE 8.613-799.0 86137990 5053,N/A,O Non Stock Inactive,8.613-799.0,N/A,1,13289 KARCHER NORTH AMERICA,N/A,Patrick Golden,22.68,22.68
106497,99K494,CHARGER  SPE 36V 25A CBHF2-PFC 8.641-490.0 86414900,N/A,O Non Stock Inactive,8.641-490.0,N/A,1,13289 KARCHER NORTH AMERICA,N/A,Patrick Golden,384,384.00
118457,99K495,SEALING STRIP 15" 5400-2 8.614-495.0 86144950,N/A,O Non Stock Inactive,8.614-495.0,N/A,1,13289 KARCHER NORTH AMERICA,N/A,Patrick Golden,4.38,4.38
127374,99K516,86005160 LEVER 8.600-516.0,N/A,O Non Stock Inactive,86005160,N/A,2,13289 KARCHER NORTH AMERICA,N/A,Patrick Golden,9.06,18.12
127375,99K561,19 INCH FLEX PLATE 8.635-561.0 86356510,N/A,O Non Stock Inactive,8.635-561.0,N/A,1,13289 KARCHER NORTH AMERICA,N/A,Patrick Golden,129.68,129.68
95115,99K580,300 BUMPER8.639-758.0 86397580,N/A,O Non Stock Inactive,8.639-758.0,N/A,5,13289 KARCHER NORTH AMERICA,N/A,Patrick Golden,17.64,88.20
104991,99K591,WHEELS 8.632-259.0,N/A,O Non Stock Inactive,8.632-259.0,12/09/2022,2,13289 KARCHER NORTH AMERICA,N/A,Patrick Golden,171.6,343.20
124646,99K618,BRASS BRUSH SET 28630610 2.863-061.0,N/A,O Non Stock Inactive,28630610,N/A,32,13289 KARCHER NORTH AMERICA,N/A,Patrick Golden,11.55,369.60
124647,99K619,ROUND BRUSH SET 2.863-264.0 28632640,N/A,O Non Stock Inactive,2.863-264.0,N/A,48,13289 KARCHER NORTH AMERICA,N/A,Patrick Golden,10.26,492.48
95126,99K624,ROLLER BRUSH RED PGKD4.762-401.0 47624010,N/A,O Non Stock Inactive,4.762-401.0,N/A,1,13289 KARCHER NORTH AMERICA,N/A,Patrick Golden,19.2,19.20
118529,99K657,BEARING TURBINE 5.731-657.0 57316570,N/A,O Non Stock Inactive,5.731-657.0,N/A,1,13289 KARCHER NORTH AMERICA,N/A,Patrick Golden,2.7,2.70
95131,99K690,HOSE ASM  FCT ADPTR X 60" NBRD8.626-069.0 86260690,N/A,O Non Stock Inactive,8.626-069.0,N/A,1,13289 KARCHER NORTH AMERICA,N/A,Patrick Golden,53.7,53.70
130532,99K704,BEARING BLCK LH XP12 86138200 8.613-820.0,N/A,O Non Stock Inactive,8.613-820.0,02/02/2024,1,13289 KARCHER NORTH AMERICA,04/30/2024,Patrick Golden,32.4,32.40
127376,99K730,86372730 PLATE BRUSH GUIDE 8.637-273.0,N/A,O Non Stock Inactive,8.637-273.0,N/A,1,13289 KARCHER NORTH AMERICA,N/A,Patrick Golden,20.55,20.55
127377,99K736,POWER SWITCH BUTTON 86397360 8.639-736.0,N/A,O Non Stock Inactive,8.639-736.0,N/A,1,13289 KARCHER NORTH AMERICA,N/A,Patrick Golden,6.26,6.26
127378,99K749,SWITCH ROD 86397490 8.639-749.0,N/A,O Non Stock Inactive,86397490,N/A,2,13289 KARCHER NORTH AMERICA,N/A,Patrick Golden,4.14,8.28
118463,99K751,NUT  M5 HEX NYLOCK 8.602-475.0 86024750 94028,N/A,O Non Stock Inactive,8.602-475.0,N/A,4,13289 KARCHER NORTH AMERICA,N/A,Patrick Golden,1.11,4.44
95139,99K759,BRUSH ROLLER RELEASE 3008.639-759.0 86397590,N/A,O Non Stock Inactive,8.639-759.0,N/A,2,13289 KARCHER NORTH AMERICA,N/A,Patrick Golden,3.57,7.14
95141,99K769,FRONT BOTTOM PLATE 3508.639-769.0 86397690,N/A,O Non Stock Inactive,8.639-769.0,N/A,1,13289 KARCHER NORTH AMERICA,N/A,Patrick Golden,7.8,7.80
95143,99K780,86142780 INTERNAL CABLE RIBBON8.614-278.0,N/A,O Non Stock Inactive,86142780,N/A,2,13289 KARCHER NORTH AMERICA,N/A,Patrick Golden,7.26,14.52
95144,99K792,HOSEBARB  1/2MPT X 3/8 NYL DL8.619-792.0 86197920,N/A,O Non Stock Inactive,8.619-792.0,N/A,1,13289 KARCHER NORTH AMERICA,N/A,Patrick Golden,3.42,3.42
95145,99K796,COUPLING MTR/GEAR BOX PLSHER8.637-796.0 86377960,N/A,O Non Stock Inactive,8.637-796.0,N/A,1,13289 KARCHER NORTH AMERICA,N/A,Patrick Golden,8.4,8.40
128996,99K828,FOAM 8.630-262.0 86302620,N/A,O Non Stock Inactive,8.630-262.0,01/17/2024,1,13289 KARCHER NORTH AMERICA,05/02/2024,Patrick Golden,19.62,19.62
128998,99K833,STRIP BRUSH 8.632-822.0 86328220,N/A,O Non Stock Inactive,8.632-822.0,01/17/2024,1,13289 KARCHER NORTH AMERICA,05/02/2024,Patrick Golden,27.66,27.66
124656,99K837,BAG  CLOTH VACUUM 8.622-787.0 86227870,N/A,O Non Stock Inactive,8.622-787.0,N/A,1,13289 KARCHER NORTH AMERICA,N/A,Patrick Golden,78,78.00
127380,99K840,86343840 PULLEY 18T55MM GT15W 8.634-384.0,N/A,O Non Stock Inactive,8.634-384.0,N/A,1,13289 KARCHER NORTH AMERICA,N/A,Patrick Golden,26.55,26.55
95149,99K843,RUBBING PLTE 86408430 863203208.640-843.0 8.632-032.0,N/A,O Non Stock Inactive,8.632-032.0,N/A,4,13289 KARCHER NORTH AMERICA,N/A,Patrick Golden,4.32,17.28
127381,99K850,86343850 PULLEY 32T 5MM GT 8.634-385.0,N/A,O Non Stock Inactive,86343850,N/A,2,13289 KARCHER NORTH AMERICA,N/A,Patrick Golden,34.98,69.96
127382,99K855,SPRING 8.634-585.0 86345850,N/A,O Non Stock Inactive,8.634-585.0,N/A,1,13289 KARCHER NORTH AMERICA,N/A,Patrick Golden,8.22,8.22
118464,99K857,ACCESS COVER DECK 8.635-857.0 86358570,N/A,O Non Stock Inactive,8.635-857.0,N/A,1,13289 KARCHER NORTH AMERICA,N/A,Patrick Golden,9.78,9.78
127383,99K862,8.636-645.0 GASKET 86366450,N/A,O Non Stock Inactive,8.636-645.0,N/A,3,13289 KARCHER NORTH AMERICA,N/A,Patrick Golden,6.42,19.26
118491,99K867,R75 RETAINER STRIP 5.044-867.0 50448670,N/A,O Non Stock Inactive,5.044-867.0,N/A,2,13289 KARCHER NORTH AMERICA,N/A,Patrick Golden,33,66.00
127384,99K870,86343870 HOUSING ASM BRUSH DRV 9.634-387.0,N/A,O Non Stock Inactive,86343870,N/A,1,13289 KARCHER NORTH AMERICA,N/A,Patrick Golden,57.84,57.84
95158,99K907,86390700 VALVE 36VDC SOLENOID8.639-070.0 1/4 TUBE,N/A,O Non Stock Inactive,8.639-070.0,N/A,1,13289 KARCHER NORTH AMERICA,N/A,Patrick Golden,78.6,78.60
118465,99K911,SCREW  KA50 X 25 8.632-791.0 86327910,N/A,O Non Stock Inactive,8.632-791.0,N/A,4,13289 KARCHER NORTH AMERICA,N/A,Patrick Golden,2.04,8.16
102539,99K988,ELBOW  JG  1/4 8.637-988.0 86379880,N/A,O Non Stock Inactive,8.637-988.0,N/A,3,13289 KARCHER NORTH AMERICA,N/A,Patrick Golden,16.14,48.42
127385,99M005,14" SCALLOP FLOOR TOOL 900-0005,N/A,O Non Stock Inactive,900-0005,02/12/2024,5,7345 MOSQUITO,03/07/2024,Patrick Golden,15.84,79.20
117944,99M012,M20 CHANNEL SQUEEGEE 1025005 0,N/A,O Non Stock Inactive,1025005,N/A,1,7383 MODERN GROUP LTD.,N/A,Patrick Golden,48.2,48.20
95177,99M024,WAND & HOSE KITBF5-21-SET,N/A,O Non Stock Inactive,BF5-21-SET,N/A,1,7181 MERCURY FLOOR MACHINES,N/A,Patrick Golden,100,100.00
117943,99M026,MOSQUITO SUPER MOTOR 500-0003,N/A,O Non Stock Inactive,500-0003,N/A,1,7345 MOSQUITO,N/A,Patrick Golden,76.81,76.81
117938,99M030,EXTENSION CORD 14/3 100 FT 1035,N/A,O Non Stock Inactive,1035,N/A,1,6937 M & M VACUUM CLEANER PARTS,N/A,Patrick Golden,60.95,60.95
121205,99M039,FRONT WHEEL ASSY 90001005,N/A,O Non Stock Inactive,90001005,N/A,3,6937 M & M VACUUM CLEANER PARTS,N/A,Patrick Golden,10.95,32.85
95182,99M059,316059 WHEEL195-6032,N/A,O Non Stock Inactive,316059,N/A,2,11960 USA CLEAN,N/A,Patrick Golden,43.2,86.40
95184,99M064,MOTOR MOUNTING RING600-0004,N/A,O Non Stock Inactive,600-0004,N/A,3,7345 MOSQUITO,N/A,Patrick Golden,2.25,6.75
127386,99M108,17" CREVICE TOOL 900-0008,N/A,O Non Stock Inactive,900-0008,N/A,1,7345 MOSQUITO,N/A,Patrick Golden,3.34,3.34
95187,99M111,SCREWS100-0011,N/A,O Non Stock Inactive,100-0011,N/A,3,7345 MOSQUITO,N/A,Patrick Golden,0.96,2.88
123264,99M163,SCREEN WLDT - HPPR 1039163,N/A,O Non Stock Inactive,1039163,N/A,1,7383 MODERN GROUP LTD.,N/A,Patrick Golden,176.87,176.87
95192,99M198,SMALL EXTRACTION HEAD 6"APXBE00198,N/A,O Non Stock Inactive,APXBE00198,N/A,1,8675 PEMBERTON FABRICATORS,N/A,Patrick Golden,11.9,11.90
95194,99M209,NYLON BRUSH 1"APXBE00209,N/A,O Non Stock Inactive,APXBE00209,N/A,10,8675 PEMBERTON FABRICATORS,N/A,Patrick Golden,2.45,24.50
95195,99M211,BRASS BRUSH 1"APXBE00210,N/A,O Non Stock Inactive,APXBE00210,N/A,10,8675 PEMBERTON FABRICATORS,N/A,Patrick Golden,2.8,28.00
95196,99M213,STAINLESS STEEL BRUSHAPXBE00211,N/A,O Non Stock Inactive,APXBE00211,N/A,10,8675 PEMBERTON FABRICATORS,N/A,Patrick Golden,3.45,34.50
117945,99M260,SIDE BUMPER WLDMNT 1022260 0,N/A,O Non Stock Inactive,1022260,N/A,1,7383 MODERN GROUP LTD.,N/A,Patrick Golden,47.2,47.20
95201,99M293,1018293 CAP,N/A,O Non Stock Inactive,1018293,N/A,1,7383 MODERN GROUP LTD.,N/A,Patrick Golden,11.2,11.20
105523,99M298,386298 FRONT WELD PIN,N/A,O Non Stock Inactive,386298,N/A,2,7383 MODERN GROUP LTD.,N/A,Patrick Golden,26.3,52.60
121242,99M373,RETAINING RING 33373,N/A,O Non Stock Inactive,33373,N/A,2,7383 MODERN GROUP LTD.,N/A,Patrick Golden,1.86,3.72
95202,99M377,M1377 CORD 50FT 18/3 BLACK543,N/A,O Non Stock Inactive,M1377,N/A,4,6937 M & M VACUUM CLEANER PARTS,N/A,Patrick Golden,12.95,51.80
121246,99M495,03495 NON SLIP STRIP,N/A,O Non Stock Inactive,3495,N/A,2,7383 MODERN GROUP LTD.,N/A,Patrick Golden,2.38,4.76
108796,99M500,387500 SPRING 0,N/A,O Non Stock Inactive,387500,N/A,8,7383 MODERN GROUP LTD.,N/A,Patrick Golden,1.63,13.04
117946,99M731,7317 ADMIRAL 36 BRUSHES 0,N/A,O Non Stock Inactive,7317,N/A,1,7383 MODERN GROUP LTD.,N/A,Patrick Golden,286.14,286.14
103901,99M864,26" CYLINDRICAL BRUSH 1060864,N/A,O Non Stock Inactive,1060864,N/A,2,7383 MODERN GROUP LTD.,N/A,Patrick Golden,186.43,372.86
95206,99M906,14"NYLON FLOOR TOOL900-0006,N/A,O Non Stock Inactive,900-0006,N/A,2,7345 MOSQUITO,N/A,Patrick Golden,8.5,17.00
95207,99MA92,ALUMINUM NP-92 CLUTCH PLATEANP-92,N/A,O Non Stock Inactive,ANP-92,N/A,5,6985 THE MALISH CORPORATION,N/A,Patrick Golden,8.98,44.90
127387,99N012,56390012 HOUSING BRUSH 9100003033,N/A,O Non Stock Inactive,9100003033,N/A,1,NILFISK INC,N/A,Patrick Golden,65.13,65.13
102627,99N027,VALVE F SOLUTION TANK KIT 9100002029,N/A,O Non Stock Inactive,9100002029,N/A,1,NILFISK INC,N/A,Patrick Golden,6.91,6.91
117975,99N056,56265075 MOTOR 1/3 HP 115V SOLUTION PUMP AQUACLEAN 18 FLX,N/A,O Non Stock Inactive,56265075,N/A,1,NILFISK INC,N/A,Patrick Golden,208.26,208.26
127389,99N060,56314060 SQUEEGEE SET GSQ1004TR2,N/A,O Non Stock Inactive,GSQ1004TR2,N/A,1,NILFISK INC,N/A,Patrick Golden,26.31,26.31
95215,99N070,56220070 UPH TOOL PLASTIC HEAD,N/A,O Non Stock Inactive,56220070,N/A,1,NILFISK INC,N/A,Patrick Golden,125.11,125.11
117953,99N098,SPARK PLUG NGK 3922 BR6HS,N/A,O Non Stock Inactive,NGK 3922,N/A,9,WORLD CLASS AUTO & TRUCK PARTS,N/A,Patrick Golden,4.39,39.51
95226,99N1406,140195 SCREW,N/A,O Non Stock Inactive,140195,N/A,4,VERITIV OPERATIONG COMPANY,N/A,Patrick Golden,N/A,0.00
95227,99N154,56331154 WAND CLAMP,N/A,O Non Stock Inactive,56331154,08/03/2023,4,NILFISK INC,04/15/2024,Patrick Golden,10.82,43.28
127390,99N162,56003264 RING RET EXT TYPE E 56003264,N/A,O Non Stock Inactive,56003264,N/A,2,NILFISK INC,N/A,Patrick Golden,5.54,11.08
95230,99N164,56383240 SEAT KIT,N/A,O Non Stock Inactive,56123300,N/A,1,NILFISK INC,N/A,Patrick Golden,124.21,124.21
130533,99N221,L08812213 VIBRATION DAMPER,N/A,O Non Stock Inactive,0,02/07/2024,4,NILFISK INC,05/02/2024,Patrick Golden,13.62,54.48
95238,99N223,222431 SKIRT ASSY HEAD DISKTENNANT 5700 SCRUBBER,N/A,O Non Stock Inactive,222431,N/A,4,VERITIV OPERATIONG COMPANY,N/A,Patrick Golden,62.9,251.60
95241,99N234,1049046 CASTER WHEELTENNANT 5700 SCRUBBER,N/A,O Non Stock Inactive,1049046,N/A,2,11589 TAYLOR NORTHEAST BALTIMORE,N/A,Patrick Golden,36.14,72.28
127391,99N245,56302164 NYLON BEARING,N/A,O Non Stock Inactive,56302164,N/A,2,NILFISK INC,N/A,Patrick Golden,6.28,12.56
95249,99N289,107407291 FRAME ERGO TROLLEY,N/A,O Non Stock Inactive,107407291,N/A,1,NILFISK INC,N/A,Patrick Golden,83.04,83.04
130534,99N298,56323135 STRAIN RELIEF E00220,N/A,O Non Stock Inactive,0,N/A,1,NILFISK INC,N/A,Patrick Golden,7.02,7.02
127393,99N340,56265340 BRUSH,N/A,O Non Stock Inactive,0,N/A,1,NILFISK INC,N/A,Patrick Golden,81.26,81.26
95256,99N341,56265043 CLIP BRUSH RETAINER,N/A,O Non Stock Inactive,56265043,04/15/2024,10,NILFISK INC,05/02/2024,Patrick Golden,10.45,104.50
126416,99N352,KIT-BRISTLE SKIRT 34 56112307,N/A,O Non Stock Inactive,56112307,12/06/2023,4,NILFISK INC,N/A,Patrick Golden,105.6,422.40
95257,99N3691,56003691 BOLT HEX LOC1/4X20X4.50,N/A,O Non Stock Inactive,56003691,08/03/2023,10,NILFISK INC,05/02/2024,Patrick Golden,6.44,64.40
125855,99N376,LID KIT-RECOVERY TANK 56113100,N/A,O Non Stock Inactive,56113100,N/A,1,NILFISK INC,N/A,Patrick Golden,35.22,35.22
109894,99N382,1460763000 CABLE LOCKING 0,N/A,O Non Stock Inactive,0,N/A,1,NILFISK INC,N/A,Patrick Golden,4.32,4.32
125857,99N383,UNLOADER VALVE 1200PSI KC 56383135,N/A,O Non Stock Inactive,56383135,N/A,1,NILFISK INC,N/A,Patrick Golden,101.83,101.83
109791,99N399,1023399 SQUEEGEE BLADE T-5 32" 8.673-131.0,N/A,O Non Stock Inactive,1023399,N/A,1,VERITIV OPERATIONG COMPANY,N/A,Patrick Golden,14,14.00
95262,99N425,61425A RETAINER BUMPER,N/A,O Non Stock Inactive,61425A,02/16/2024,1,NILFISK INC,05/02/2024,Patrick Golden,17.86,17.86
127394,99N522,56201522 GAS SHOCK,N/A,O Non Stock Inactive,56201522,N/A,1,NILFISK INC,N/A,Patrick Golden,83.04,83.04
98161,99N534,56315348 SQUEEGEE SETGSQ1004TT2,N/A,O Non Stock Inactive,56315348,N/A,3,NILFISK INC,N/A,Patrick Golden,23.5,70.50
95277,99N554,609971 PRE FILTER KITSCOUT 28,N/A,O Non Stock Inactive,609971,N/A,1,VERITIV OPERATIONG COMPANY,N/A,Patrick Golden,22.27,22.27
127395,99N559,56407559 BEARING ASSY,N/A,O Non Stock Inactive,0,N/A,2,NILFISK INC,N/A,Patrick Golden,156.33,312.66
95281,99N589,L08812589 POLY HOLDER W FLANGE,N/A,O Non Stock Inactive,L08812589,N/A,2,NILFISK INC,N/A,Patrick Golden,60.55,121.10
115581,99N611,FUEL LINE SME 708156 BRIGGS & STRATTON 395051,N/A,O Non Stock Inactive,SME 708156,N/A,10,WORLD CLASS AUTO & TRUCK PARTS,N/A,Patrick Golden,2.79,27.90
127396,99N622,BEARING 6203-2RSJ,N/A,O Non Stock Inactive,6203-2RSJ,N/A,2,WORLD CLASS AUTO & TRUCK PARTS,N/A,Patrick Golden,18.53,37.06
127397,99N623,P6204-2RSJ BEARING,N/A,O Non Stock Inactive,P6204-2RSJ,N/A,2,WORLD CLASS AUTO & TRUCK PARTS,N/A,Patrick Golden,7.92,15.84
127398,99N646,56456460 CABLE ASSY 3210,N/A,O Non Stock Inactive,0,N/A,6,NILFISK INC,N/A,Patrick Golden,14.92,89.52
95289,99N661,56601147 ACTUATOR,N/A,O Non Stock Inactive,56601147,N/A,1,NILFISK INC,N/A,Patrick Golden,234.4,234.40
95291,99N669,VAC HOSE 56394602 56601136,N/A,O Non Stock Inactive,56394602,04/29/2024,2,NILFISK INC,05/02/2024,Patrick Golden,14.23,28.46
98162,99N680,86007490 SQUEEGE SET FRT/REARGSQ1023RR2 SET,N/A,O Non Stock Inactive,GSQ1023RR2 SET,N/A,1,3791 GOFER PARTS,N/A,Patrick Golden,21.53,21.53
95299,99N695,56382735 BLADE KIT,N/A,O Non Stock Inactive,56382735,N/A,2,NILFISK INC,N/A,Patrick Golden,58.88,117.76
127399,99N705,56459281 INLET GASKET,N/A,O Non Stock Inactive,56459281,N/A,1,NILFISK INC,N/A,Patrick Golden,18.48,18.48
95303,99N738,1017380 DRAIN HOSE 1043538,N/A,O Non Stock Inactive,1043538,N/A,1,11649 TENNANT,04/30/2024,Patrick Golden,93.6,93.60
95306,99N78A,11178A SWITCH HANDLE ASSY,N/A,N Stock Active,11178A,N/A,1,NILFISK INC,N/A,Patrick Golden,19.71,19.71
95318,99N861,22-755L FR SQUEEGEE BLADE,N/A,O Non Stock Inactive,22-755L,N/A,4,VERITIV OPERATIONG COMPANY,N/A,Patrick Golden,10.3,41.20
95319,99N862,22-754L REAR SQUEEGEE BLADE,N/A,O Non Stock Inactive,22-754L,N/A,4,VERITIV OPERATIONG COMPANY,N/A,Patrick Golden,11.02,44.08
127401,99N900,56002900 SCREW,N/A,O Non Stock Inactive,56002900,08/03/2023,5,NILFISK INC,N/A,Patrick Golden,5.54,27.70
107640,99N904,56111444 BUTTON PLUG 0,N/A,O Non Stock Inactive,56111444,N/A,2,NILFISK INC,N/A,Patrick Golden,4.43,8.86
95325,99N920,613920 HANDLE T KNOB 590,N/A,O Non Stock Inactive,613920,04/25/2024,2,NILFISK INC,N/A,Patrick Golden,6.28,12.56
95326,99N922,61868A PIN,N/A,O Non Stock Inactive,61868A,04/25/2024,2,NILFISK INC,N/A,Patrick Golden,7.61,15.22
95327,99N923,53836A SPRING,N/A,O Non Stock Inactive,53836A,04/25/2024,2,NILFISK INC,N/A,Patrick Golden,6.28,12.56
127402,99N924,41008A METER TRUCHARGE,N/A,O Non Stock Inactive,0,N/A,1,NILFISK INC,N/A,Patrick Golden,57.16,57.16
95333,99NE87,RECEPTACLE  3 PIN  6 MM282087-1,N/A,O Non Stock Inactive,282087-1,N/A,8,NEWARDK CORPORATION,N/A,Patrick Golden,11.56,92.48
95334,99P000,920012 BEARING NUT,N/A,O Non Stock Inactive,920012,N/A,10,8712 PACIFIC FLOORCARE,N/A,Patrick Golden,1.35,13.50
123450,99P019,WASHER-1/2 SPLIT LOCK 980019,N/A,O Non Stock Inactive,980019,N/A,2,8712 PACIFIC FLOORCARE,N/A,Patrick Golden,1.43,2.86
95336,99P020,70020B GASKET,N/A,O Non Stock Inactive,70020B,N/A,1,TACONY CORPORATION,N/A,Patrick Golden,2.44,2.44
123451,99P021,NUT 1/2-13 HEX-ZINC 920022,N/A,O Non Stock Inactive,920022,N/A,2,8712 PACIFIC FLOORCARE,N/A,Patrick Golden,1.93,3.86
109932,99P022,KIT REBUILD S-28 ORBITAL HEAD 875022,N/A,O Non Stock Inactive,875022,N/A,1,8712 PACIFIC FLOORCARE,N/A,Patrick Golden,502.57,502.57
123452,99P079,WASHER-SS 1/2IDX1 1/4OD TM-H30 980079,N/A,O Non Stock Inactive,980079,N/A,6,8712 PACIFIC FLOORCARE,N/A,Patrick Golden,2.43,14.58
118206,99P091,SUPER COACH PRO 10 & 6 MOTOR 836099,N/A,O Non Stock Inactive,836099,N/A,1,9084 PROTEAM INC.,N/A,Patrick Golden,94.13,94.13
127404,99P093,980093 .50 WAVE WASHER,N/A,O Non Stock Inactive,980093,N/A,4,8712 PACIFIC FLOORCARE,N/A,Patrick Golden,1.12,4.48
118141,99P094,WASHER 980094 0,N/A,O Non Stock Inactive,980094,N/A,1,8712 PACIFIC FLOORCARE,N/A,Patrick Golden,1.18,1.18
95341,99P114,107313 BAG/10PKSUPER COACH PRO-10,N/A,O Non Stock Inactive,107313,N/A,1,9084 PROTEAM INC.,N/A,Patrick Golden,13.66,13.66
95342,99P120,855105 DOWN PRESSURE LEVER859705,N/A,O Non Stock Inactive,855105,N/A,2,8712 PACIFIC FLOORCARE,N/A,Patrick Golden,33.7,67.40
95343,99P137,100716 BACK PLATE CONNECTION,N/A,O Non Stock Inactive,100716,N/A,2,9084 PROTEAM INC.,N/A,Patrick Golden,7.21,14.42
118140,99P205,RETAINER FRONT 40 INCH 877202,N/A,O Non Stock Inactive,877202,N/A,1,8712 PACIFIC FLOORCARE,N/A,Patrick Golden,34.36,34.36
109950,99P225,104961 HOSE ASSY W/CUFFS 0,N/A,O Non Stock Inactive,0,N/A,1,9084 PROTEAM INC.,N/A,Patrick Golden,24.51,24.51
127406,99P243,WASHER-5/16X.040 FLAT SS W243D,N/A,O Non Stock Inactive,W243D,N/A,1,8712 PACIFIC FLOORCARE,N/A,Patrick Golden,1.18,1.18
118144,99P269,SCREWS 962269 0,N/A,O Non Stock Inactive,962269,N/A,1,8712 PACIFIC FLOORCARE,N/A,Patrick Golden,1.18,1.18
109946,99P283,104226 BOARD 0,N/A,O Non Stock Inactive,0,N/A,1,9084 PROTEAM INC.,N/A,Patrick Golden,5.4,5.40
109947,99P294,104294 WAND 1500XP,N/A,O Non Stock Inactive,0,N/A,1,9084 PROTEAM INC.,N/A,Patrick Golden,8,8.00
118150,99P409,GASKET COVER PRESS-IN 853401,N/A,O Non Stock Inactive,853401,N/A,1,8712 PACIFIC FLOORCARE,N/A,Patrick Golden,2.69,2.69
95360,99P489,AIR DUCT 105489,N/A,O Non Stock Inactive,105489,N/A,1,9084 PROTEAM INC.,N/A,Patrick Golden,6.69,6.69
109948,99P507,104507 LOCK SPRING 1500XP,N/A,O Non Stock Inactive,0,N/A,2,9084 PROTEAM INC.,N/A,Patrick Golden,1.82,3.64
121338,99P645,HARNESS CHARGER BATTERY 911645,N/A,O Non Stock Inactive,911645,N/A,1,8712 PACIFIC FLOORCARE,N/A,Patrick Golden,39.47,39.47
123469,99P693,HOSE DRAIN WDV WITH CAP 694101,N/A,O Non Stock Inactive,694101,N/A,1,8712 PACIFIC FLOORCARE,N/A,Patrick Golden,32.8,32.80
123470,99P694,HOSE SQUEEGEE WDV 694102,N/A,O Non Stock Inactive,694102,N/A,1,8712 PACIFIC FLOORCARE,N/A,Patrick Golden,44.17,44.17
123471,99P695,KIT WAND WDV W/ HOSE 695002,N/A,O Non Stock Inactive,695002,N/A,1,8712 PACIFIC FLOORCARE,N/A,Patrick Golden,166.33,166.33
118157,99P700,BLADE FRONT 30 INCH URETHANE 850703,N/A,O Non Stock Inactive,850703,N/A,1,8712 PACIFIC FLOORCARE,N/A,Patrick Golden,38.97,38.97
118161,99P701,BLADE SQUEEGEE 2-EDGE WDV 690701,N/A,O Non Stock Inactive,690701,N/A,4,8712 PACIFIC FLOORCARE,N/A,Patrick Golden,35.48,141.92
118156,99P702,DRIVE WHEELS 859702 0,N/A,O Non Stock Inactive,859702,N/A,2,8712 PACIFIC FLOORCARE,N/A,Patrick Golden,53.31,106.62
118158,99P704,BLADE REAR 30 INCH URETHANE 850704,N/A,O Non Stock Inactive,850704,N/A,1,8712 PACIFIC FLOORCARE,N/A,Patrick Golden,54.38,54.38
118159,99P711,4" CASTER WHEELS 0,N/A,O Non Stock Inactive,879711,N/A,2,8712 PACIFIC FLOORCARE,N/A,Patrick Golden,39.6,79.20
118162,99P766,PLATE  ORBITAL  28INCH 876607,N/A,O Non Stock Inactive,876607,N/A,1,8712 PACIFIC FLOORCARE,N/A,Patrick Golden,304.72,304.72
118171,99P785,980785 WAVE WASHER 0,N/A,O Non Stock Inactive,980785,N/A,2,8712 PACIFIC FLOORCARE,N/A,Patrick Golden,2.67,5.34
95370,99P800,105800 SOUND MUFFLER,N/A,O Non Stock Inactive,105800,N/A,2,9084 PROTEAM INC.,N/A,Patrick Golden,15.93,31.86
118160,99P812,RIG CASTER 4" W/ AXLE 877502,N/A,O Non Stock Inactive,877502,N/A,2,8712 PACIFIC FLOORCARE,N/A,Patrick Golden,16.17,32.34
95372,99P906,105164 CARBON BRUSH SETSUPPER COACH DOMEL,N/A,O Non Stock Inactive,105164,N/A,4,9084 PROTEAM INC.,N/A,Patrick Golden,11.54,46.16
95373,99P907,101720 CARBON BRUSH SET OF 2EASUPER COACH AMETEK,N/A,O Non Stock Inactive,101720,N/A,1,9084 PROTEAM INC.,N/A,Patrick Golden,12.23,12.23
127407,99P928,101928 SWIVEL ELBOW,N/A,O Non Stock Inactive,101928,N/A,1,9084 PROTEAM INC.,N/A,Patrick Golden,4.98,4.98
127408,99P940,VALVE  BALL  SHUTOFF 879401,N/A,O Non Stock Inactive,879401,N/A,1,8712 PACIFIC FLOORCARE,N/A,Patrick Golden,59.53,59.53
95382,99PC10,PC10 1/8" QUICK CONNECT,N/A,O Non Stock Inactive,PC10,N/A,19,TACONY CORPORATION,N/A,Patrick Golden,2.91,55.29
95384,99PC9,PC9 3/8" NIPPLE CONNECT,N/A,O Non Stock Inactive,PC9,N/A,1,TACONY CORPORATION,N/A,Patrick Golden,10.1,10.10
95385,99PF112,WD112 BRUSH ASSEMBLY,N/A,O Non Stock Inactive,WD112,N/A,2,TACONY CORPORATION,N/A,Patrick Golden,25.83,51.66
95389,99PT00,100100 RING WAND END,N/A,O Non Stock Inactive,100100,N/A,11,9084 PROTEAM INC.,N/A,Patrick Golden,0.98,10.78
95390,99PT99,100099 NUT WAND END,N/A,O Non Stock Inactive,100099,N/A,17,9084 PROTEAM INC.,N/A,Patrick Golden,4.61,78.37
109945,99PX25,PX25 FITTING PLASTIC 0,N/A,O Non Stock Inactive,0,N/A,1,TACONY CORPORATION,N/A,Patrick Golden,1.21,1.21
127410,99PX30,PX30 FILTER,N/A,O Non Stock Inactive,0,N/A,1,TACONY CORPORATION,N/A,Patrick Golden,9.58,9.58
95392,99S009,POWER CORD A05944001,N/A,O Non Stock Inactive,A05944001,N/A,2,1126 BISSELL HOMECARE INC,N/A,Patrick Golden,30.48,60.96
108022,99S101,FRONT GUARD A03841101 0,N/A,O Non Stock Inactive,A03841101,N/A,1,1126 BISSELL HOMECARE INC,N/A,Patrick Golden,3.94,3.94
127411,99S120,SANITAIRE STYLE U BELT 66120,N/A,O Non Stock Inactive,66120,04/30/2024,6,1126 BISSELL HOMECARE INC,05/31/2024,Patrick Golden,1.63,9.78
105686,99S124,M20 BRUSH BRACKET1052124,N/A,O Non Stock Inactive,1052124,N/A,1,11346 SWEEPSCRUB.COM LLC,N/A,Patrick Golden,299,299.00
127412,99S126,M20 FUEL FILTER 1017126TVH,N/A,O Non Stock Inactive,1017126TVH,N/A,8,10307 SUNBELT RENTALS  INC.,N/A,Patrick Golden,10,80.00
118213,99S140,MOTOR ASSY SS 142006 0,N/A,O Non Stock Inactive,SS 142006,N/A,1,11097 SQUARE SCRUB,N/A,Patrick Golden,348.61,348.61
118214,99S141,SS 142015PVT BASE PLATE ASSY 0,N/A,O Non Stock Inactive,SS 142015PVT,N/A,1,11097 SQUARE SCRUB,N/A,Patrick Golden,487,487.00
118216,99S144,DUST SKIRT SS 142005 0,N/A,O Non Stock Inactive,SS 142005,N/A,1,11097 SQUARE SCRUB,N/A,Patrick Golden,65.61,65.61
118217,99S145,20" ISOLATER REPAIR KIT SS 01075 PVT,N/A,O Non Stock Inactive,SS 01075 PVT,N/A,1,11097 SQUARE SCRUB,N/A,Patrick Golden,36.47,36.47
118218,99S146,BASE PLATE ASSY W SEAL SS142015SEAL SS 142015SEAL,N/A,O Non Stock Inactive,SS 142015SEAL,N/A,1,11097 SQUARE SCRUB,N/A,Patrick Golden,466,466.00
95395,99S160,GXV390 OIL FILTER HONDA ENG8.663-616.0 86636160,N/A,O Non Stock Inactive,8.663-616.0,05/09/2024,5,13289 KARCHER NORTH AMERICA,N/A,Patrick Golden,11.68,58.40
127414,99S165,TANK LATCH 9005165,N/A,O Non Stock Inactive,9005165,N/A,2,10307 SUNBELT RENTALS  INC.,N/A,Patrick Golden,64,128.00
95398,99S204,MICRO SWITCH SS 142004,N/A,O Non Stock Inactive,SS 142004,N/A,3,11097 SQUARE SCRUB,N/A,Patrick Golden,20.24,60.72
118261,99S242,1053320 WEIGHT ECCENTRIC 0,N/A,O Non Stock Inactive,ECCENTRIC,N/A,1,11346 SWEEPSCRUB.COM LLC,N/A,Patrick Golden,23,23.00
95399,99S250,BRUSH GUARD 21250,N/A,O Non Stock Inactive,21250,N/A,1,10307 SUNBELT RENTALS  INC.,N/A,Patrick Golden,145.62,145.62
95400,99S302,REAR WHEEL ASSY A07531301,N/A,O Non Stock Inactive,A07531301,N/A,1,1126 BISSELL HOMECARE INC,N/A,Patrick Golden,3.22,3.22
118250,99S330,M20 PM KIT 9003130 0,N/A,O Non Stock Inactive,9003130,N/A,1,11346 SWEEPSCRUB.COM LLC,N/A,Patrick Golden,296,296.00
123779,99S376,SIDE BRUSH 603337 8.625-376.0,N/A,O Non Stock Inactive,8.625-376.0,N/A,1,13289 KARCHER NORTH AMERICA,N/A,Patrick Golden,84.17,84.17
95401,99S401,PEDAL HANDLE RELEASE A03836401,N/A,O Non Stock Inactive,A03836401,N/A,1,1126 BISSELL HOMECARE INC,N/A,Patrick Golden,2.15,2.15
123780,99S448,FILTER [HOSPITAL GRADE] 607586 8.671-448.0,N/A,O Non Stock Inactive,8.671-448.0,N/A,1,13289 KARCHER NORTH AMERICA,N/A,Patrick Golden,225.66,225.66
95405,99S501,CORD HOOK A03802501,N/A,O Non Stock Inactive,A03802501,N/A,2,1126 BISSELL HOMECARE INC,N/A,Patrick Golden,2.15,4.30
95406,99S510,HOSE ASSY A07535101,N/A,O Non Stock Inactive,A07535101,N/A,1,1126 BISSELL HOMECARE INC,N/A,Patrick Golden,25.08,25.08
118240,99S539,HOSE TRAP ASSY 1213539 0,N/A,O Non Stock Inactive,1213539,N/A,1,11346 SWEEPSCRUB.COM LLC,N/A,Patrick Golden,47.7,47.70
121414,99S542,TENNANT MOTOR 1059542,N/A,O Non Stock Inactive,1059542,N/A,1,11346 SWEEPSCRUB.COM LLC,N/A,Patrick Golden,242.3,242.30
127416,99S583,S83117 STRAINER 86164080,N/A,O Non Stock Inactive,0,N/A,2,13289 KARCHER NORTH AMERICA,N/A,Patrick Golden,5.59,11.18
121416,99S606,21606 WELDMNT RETAINER,N/A,O Non Stock Inactive,21606,N/A,2,11346 SWEEPSCRUB.COM LLC,N/A,Patrick Golden,31.33,62.66
118241,99S608,GASKET 1207608 0,N/A,O Non Stock Inactive,1207608,N/A,1,11346 SWEEPSCRUB.COM LLC,N/A,Patrick Golden,2.5,2.50
118265,99S634,SCREW 20634 0,N/A,O Non Stock Inactive,20634,N/A,2,11346 SWEEPSCRUB.COM LLC,N/A,Patrick Golden,2.7,5.40
118242,99S661,REAR SQUEEGEE HOSE ASSY 1207661,N/A,O Non Stock Inactive,1207661,N/A,1,11346 SWEEPSCRUB.COM LLC,N/A,Patrick Golden,56.1,56.10
95413,99S691,BRUSHROLL ASSY 173691,N/A,O Non Stock Inactive,173691,N/A,3,1126 BISSELL HOMECARE INC,N/A,Patrick Golden,11.55,34.65
95414,99S721,1008721 SPRING,N/A,O Non Stock Inactive,1008721,N/A,1,10307 SUNBELT RENTALS  INC.,N/A,Patrick Golden,3.75,3.75
123881,99S746,TENNANT AIR FILTER 369746,N/A,O Non Stock Inactive,369746,N/A,8,11346 SWEEPSCRUB.COM LLC,N/A,Patrick Golden,11,88.00
125866,99S755,FAN KIT  VACUUM  CI 9016755 9.113-299.0 91132990,N/A,O Non Stock Inactive,9.113-299.0,N/A,1,13289 KARCHER NORTH AMERICA,N/A,Patrick Golden,128.08,128.08
103056,99S756,RIGHT SQGE ASSY 9013756,N/A,O Non Stock Inactive,9013756,N/A,2,11346 SWEEPSCRUB.COM LLC,N/A,Patrick Golden,186,372.00
103057,99S757,LEFT SQGE ASSY 9013757,N/A,O Non Stock Inactive,9013757,N/A,2,11346 SWEEPSCRUB.COM LLC,N/A,Patrick Golden,185,370.00
118257,99S810,FIXED CASTOR 90513094 0,N/A,O Non Stock Inactive,90513094,N/A,4,11346 SWEEPSCRUB.COM LLC,N/A,Patrick Golden,10.66,42.64
106595,99S827,TENNANT DIESEL FUEL FILTER 1016827,N/A,O Non Stock Inactive,1016827,N/A,3,11346 SWEEPSCRUB.COM LLC,N/A,Patrick Golden,35.2,105.60
118247,99S850,SCRUB KIT CONVERSION M20/T20 9010849,N/A,O Non Stock Inactive,9010849,N/A,1,11346 SWEEPSCRUB.COM LLC,N/A,Patrick Golden,1309.4,1309.40
127417,99S855,S82855 FILTER RETAINER 86163040,N/A,O Non Stock Inactive,0,N/A,1,13289 KARCHER NORTH AMERICA,N/A,Patrick Golden,6.54,6.54
118231,99S910,BRAKE PAD KIT 370914 0,N/A,O Non Stock Inactive,370914,N/A,1,11346 SWEEPSCRUB.COM LLC,N/A,Patrick Golden,59.1,59.10
123883,99S916,BRACKET WLDT LATCH 1008916,N/A,O Non Stock Inactive,1008916,N/A,1,11346 SWEEPSCRUB.COM LLC,N/A,Patrick Golden,38,38.00
125867,99S933,STRAP ASSY  SQGE  500MM [T3] 9.100-417.0 91004170 1013933,N/A,O Non Stock Inactive,9.100-417.0,N/A,2,13289 KARCHER NORTH AMERICA,N/A,Patrick Golden,157.96,315.92
121419,99S952,BOLT 81952,N/A,O Non Stock Inactive,81952,N/A,2,11346 SWEEPSCRUB.COM LLC,N/A,Patrick Golden,3,6.00
118232,99S961,RING NOZZEL 367961 0,N/A,O Non Stock Inactive,367961,N/A,1,11346 SWEEPSCRUB.COM LLC,N/A,Patrick Golden,128,128.00
127418,99SC40,SC153 HAND TOOL SC153,N/A,O Non Stock Inactive,0,N/A,1,TACONY CORPORATION,N/A,Patrick Golden,58.12,58.12
127419,99SR37,SR37 STRAIN RELIEF,N/A,N Stock Active,SR37,N/A,10,TACONY CORPORATION,N/A,Patrick Golden,9.83,98.30
95424,99SR41,SR42A BRASS SLEEVE,N/A,N Stock Active,SR42A,N/A,14,TACONY CORPORATION,N/A,Patrick Golden,2.71,37.94
95425,99SR42,SR42 STRAIN RELIEF,N/A,N Stock Active,SR42,N/A,9,TACONY CORPORATION,N/A,Patrick Golden,9.05,81.45
95427,99T004,222388 POLY REAR SQUEEGEE BLAD,N/A,O Non Stock Inactive,222388,N/A,1,VERITIV OPERATIONG COMPANY,N/A,Patrick Golden,N/A,0.00
95428,99T020,PD5D SQUIRREL CAGE,N/A,O Non Stock Inactive,PD5D,N/A,1,TACONY CORPORATION,N/A,Patrick Golden,21.23,21.23
118184,99T108,FILTER ROD SUPPORT 98049 0,N/A,O Non Stock Inactive,98049,N/A,1,TACONY CORPORATION,N/A,Patrick Golden,39.41,39.41
95434,99T161,600161 GASKET,N/A,O Non Stock Inactive,600161,N/A,1,VERITIV OPERATIONG COMPANY,N/A,Patrick Golden,N/A,0.00
95435,99T164,FITTING 630164,N/A,O Non Stock Inactive,630164,N/A,1,11589 TAYLOR NORTHEAST BALTIMORE,N/A,Patrick Golden,4.57,4.57
95441,99T231,MOTOR PULLEY1000245,N/A,O Non Stock Inactive,1000245,N/A,1,11589 TAYLOR NORTHEAST BALTIMORE,N/A,Patrick Golden,6.36,6.36
127420,99T256,150406 FITTING  BRS  E90 27048 NEW PN,N/A,O Non Stock Inactive,0,N/A,1,VERITIV OPERATIONG COMPANY,N/A,Patrick Golden,1.53,1.53
95456,99T474,RETAINING CLIP609474,N/A,O Non Stock Inactive,609474,N/A,1,11589 TAYLOR NORTHEAST BALTIMORE,N/A,Patrick Golden,2.36,2.36
95459,99T527,1005527 BREAKER 10A,N/A,O Non Stock Inactive,1005527,N/A,1,VERITIV OPERATIONG COMPANY,N/A,Patrick Golden,N/A,0.00
95461,99T610,CONTROLLER KIT9014613,N/A,O Non Stock Inactive,9014613,N/A,1,11589 TAYLOR NORTHEAST BALTIMORE,N/A,Patrick Golden,372.78,372.78
110009,99T725,HOSE 069760725,N/A,O Non Stock Inactive,069760725,N/A,2,11589 TAYLOR NORTHEAST BALTIMORE,N/A,Patrick Golden,16.72,33.44
95466,99T740,APEX LINATEX BLADEGSQ1208XX2 9015740,N/A,O Non Stock Inactive,GSQ1208XX2,N/A,7,3791 GOFER PARTS,N/A,Patrick Golden,15.69,109.83
95469,99T821,PROPEL CONTROLLER 36VDC1000821,N/A,O Non Stock Inactive,1000821,N/A,1,11589 TAYLOR NORTHEAST BALTIMORE,N/A,Patrick Golden,360.99,360.99
110010,99T882,HOSE  PVC  BRD  0.25ID 0.44OD 578820000,N/A,O Non Stock Inactive,578820000,N/A,1,11589 TAYLOR NORTHEAST BALTIMORE,N/A,Patrick Golden,17.79,17.79
110007,99T900,1019008 SWIVEL CASTER 0,N/A,O Non Stock Inactive,1019008,N/A,2,11589 TAYLOR NORTHEAST BALTIMORE,N/A,Patrick Golden,78.57,157.14
110011,99T986,VALVE  BALL  2WAY  1.0ID PVC  1051986,N/A,O Non Stock Inactive,1051986,N/A,3,11589 TAYLOR NORTHEAST BALTIMORE,N/A,Patrick Golden,81.47,244.41
109875,99TL16,862716 UNI-BLOCK PAD DRIV 16" W/MOLDED RISER,N/A,O Non Stock Inactive,862716,N/A,1,6985 THE MALISH CORPORATION,N/A,Patrick Golden,25.06,25.06
95480,99TN902,1010614 CHECK VALVE,N/A,O Non Stock Inactive,1010614,N/A,10,11589 TAYLOR NORTHEAST BALTIMORE,N/A,Patrick Golden,48.05,480.50
102199,99TX14,ETX14 BATTERY,N/A,O Non Stock Inactive,ETX14,05/09/2024,2,1046 BEST BATTERY,05/20/2024,Patrick Golden,68.5,137.00
95483,99U002,175-7002 SPRING140402,N/A,O Non Stock Inactive,175-7002,N/A,1,11960 USA CLEAN,N/A,Patrick Golden,4,4.00
127422,99U007,ONBOARD CHARGER 292-0007,N/A,O Non Stock Inactive,292-0007,N/A,2,11960 USA CLEAN,N/A,Patrick Golden,1204.21,2408.42
130536,99U017,WASHER 3/8 x 1 FLAT 999-0617 H-71017 140028,N/A,O Non Stock Inactive,999-0617,N/A,1,11960 USA CLEAN,N/A,Patrick Golden,1.32,1.32
95495,99U026,VACUUM HOSE 57" Black W/CUFFS993-2380 1014026,N/A,O Non Stock Inactive,993-2380,12/09/2022,2,11960 USA CLEAN,N/A,Patrick Golden,15.48,30.96
95502,99U039,BRAKE HARNESS 1065808275-7037,N/A,O Non Stock Inactive,275-7037,N/A,1,11960 USA CLEAN,N/A,Patrick Golden,35.12,35.12
102840,99U045,SOLENOID 1214973 993-3040,N/A,O Non Stock Inactive,993-3040,12/09/2022,2,11960 USA CLEAN,04/16/2024,Patrick Golden,50.16,100.32
105719,99U047,YELLOW SAFTEY CAP 225-0033,N/A,O Non Stock Inactive,225-0033,N/A,2,11960 USA CLEAN,N/A,Patrick Golden,11.45,22.90
95506,99U057,FLOAT SCREEN CAGE ASSY 180613993-0057,N/A,O Non Stock Inactive,993-0057,N/A,1,11960 USA CLEAN,N/A,Patrick Golden,15.9,15.90
95507,99U067,WHEEL M20991-3067 363162,N/A,O Non Stock Inactive,991-3067,N/A,1,11960 USA CLEAN,N/A,Patrick Golden,17.5,17.50
118308,99U069,175-1008 ROCKER SWITCH 608605AM,N/A,O Non Stock Inactive,175-1008,N/A,1,11960 USA CLEAN,N/A,Patrick Golden,21.52,21.52
102843,99U086,TOUCH PANEL 275-8082 1076470,N/A,O Non Stock Inactive,275-8082,N/A,1,11960 USA CLEAN,N/A,Patrick Golden,106.4,106.40
95519,99U094,SKIRT STRAP ASSY 175-1429069767094,N/A,O Non Stock Inactive,175-1429,N/A,1,11960 USA CLEAN,N/A,Patrick Golden,24.21,24.21
95523,99U105,FRNT TENSION BND 174-847401079880,N/A,O Non Stock Inactive,174-8474,N/A,1,11960 USA CLEAN,N/A,Patrick Golden,33.58,33.58
95526,99U122,HOSE ASSY 1 1/4 X 22 375-02201211220,N/A,O Non Stock Inactive,375-0220,N/A,2,11960 USA CLEAN,N/A,Patrick Golden,24.55,49.10
118298,99U125,NUT 999-1120 8714,N/A,O Non Stock Inactive,999-1120,N/A,1,11960 USA CLEAN,N/A,Patrick Golden,2.85,2.85
95531,99U140,FLOAT PLATE 600147175-1548,N/A,O Non Stock Inactive,175-1548,N/A,1,11960 USA CLEAN,N/A,Patrick Golden,24.08,24.08
95535,99U147,T300 CIRCUIT BOARD ASSYNON TRACTION 375-0174,N/A,O Non Stock Inactive,375-0174,N/A,1,11960 USA CLEAN,N/A,Patrick Golden,339.2,339.20
95537,99U149,LFT HND SKIRT RETAINER275-8149 1017653,N/A,O Non Stock Inactive,275-8149,N/A,1,11960 USA CLEAN,N/A,Patrick Golden,30.96,30.96
118309,99U156,175-9012 VAC GASKET 600156,N/A,O Non Stock Inactive,175-9012,N/A,1,11960 USA CLEAN,N/A,Patrick Golden,11.84,11.84
95540,99U158,26/28 IN SQUEEGE STRAP 1033158275-8207,N/A,O Non Stock Inactive,275-8207,N/A,1,11960 USA CLEAN,N/A,Patrick Golden,92.72,92.72
118383,99U167,DRAIN HOSE 192-0133 0,N/A,O Non Stock Inactive,192-0133,N/A,1,11960 USA CLEAN,N/A,Patrick Golden,8.96,8.96
118379,99U175,SQUARE KEYWAY 175-1087 140628,N/A,O Non Stock Inactive,175-1087,N/A,1,11960 USA CLEAN,N/A,Patrick Golden,24.72,24.72
95551,99U183,SUPPORT 292-0183,N/A,O Non Stock Inactive,292-0183,N/A,1,11960 USA CLEAN,N/A,Patrick Golden,2,2.00
102855,99U188,DRAIN HOSE 1014274 275-8189,N/A,O Non Stock Inactive,275-8189,08/23/2023,6,11960 USA CLEAN,N/A,Patrick Golden,51.76,310.56
118421,99U195,SCREW 999-0999 140197 0,N/A,O Non Stock Inactive,999-0999,N/A,2,11960 USA CLEAN,N/A,Patrick Golden,1.04,2.08
118422,99U200,CLOTH BAG 175-1532 900104,N/A,O Non Stock Inactive,175-1532,N/A,1,11960 USA CLEAN,N/A,Patrick Golden,56.91,56.91
95556,99U201,17 AMP CIRCUIT BREAKER 605201175-1482,N/A,O Non Stock Inactive,175-1482,N/A,1,11960 USA CLEAN,N/A,Patrick Golden,31.12,31.12
105722,99U203,FRONT CAM YELLOW 1222020375-4391,N/A,O Non Stock Inactive,375-4391,N/A,2,11960 USA CLEAN,N/A,Patrick Golden,11.22,22.44
102857,99U213,ROCKER SWITCH 175-3213 360521,N/A,O Non Stock Inactive,175-3213,N/A,1,11960 USA CLEAN,N/A,Patrick Golden,25.76,25.76
130537,99U215,AXLE 192-9215,N/A,O Non Stock Inactive,192-9215,N/A,6,11960 USA CLEAN,N/A,Patrick Golden,19.17,115.02
104767,99U218,CYLNDR HEAD DOOR ASSY 275-6281,N/A,O Non Stock Inactive,275-6281,N/A,1,11960 USA CLEAN,N/A,Patrick Golden,66.32,66.32
118391,99U222,INSULATED STAND OFF 76062 175-3226,N/A,O Non Stock Inactive,175-3226,N/A,1,11960 USA CLEAN,N/A,Patrick Golden,5.6,5.60
118426,99U224,30 AMP BREAKER 175-2151 383725,N/A,O Non Stock Inactive,175-2151,N/A,1,11960 USA CLEAN,N/A,Patrick Golden,10.1,10.10
118392,99U227,THREADED ROD 1017807 275-8221,N/A,O Non Stock Inactive,275-8221,N/A,1,11960 USA CLEAN,N/A,Patrick Golden,2.4,2.40
121471,99U235,MOUNTING GASKET 175-9014 600161,N/A,O Non Stock Inactive,175-9014,N/A,2,11960 USA CLEAN,N/A,Patrick Golden,9.92,19.84
95566,99U239,SHOULDER BOLT 175-1719140239,N/A,O Non Stock Inactive,175-1719,N/A,1,11960 USA CLEAN,N/A,Patrick Golden,4,4.00
104736,99U243,32 CYLNDR SCRB BRSH 375-1284,N/A,O Non Stock Inactive,375-1284,N/A,2,11960 USA CLEAN,N/A,Patrick Golden,280,560.00
118427,99U245,29 INCH SQUEEGEE 220-0052 0,N/A,O Non Stock Inactive,220-0052,N/A,2,11960 USA CLEAN,N/A,Patrick Golden,41.98,83.96
118428,99U249,20 INCH VAC HOSE 220-0437 0,N/A,O Non Stock Inactive,220-0437,N/A,2,11960 USA CLEAN,N/A,Patrick Golden,26.53,53.06
104743,99U259,ATLV ARM REST ASSY 34252,N/A,O Non Stock Inactive,675-5258,N/A,1,11960 USA CLEAN,N/A,Patrick Golden,362.06,362.06
118414,99U264,WHEEL CASTOR 100MMD 175-3511 604130,N/A,O Non Stock Inactive,175-3511,N/A,1,11960 USA CLEAN,N/A,Patrick Golden,108.24,108.24
118348,99U273,FITTING 175-1286 150500,N/A,O Non Stock Inactive,175-1286,N/A,1,11960 USA CLEAN,N/A,Patrick Golden,4.88,4.88
118349,99U275,WATER VALVE 175-5122 9011895,N/A,O Non Stock Inactive,175-5122,N/A,1,11960 USA CLEAN,N/A,Patrick Golden,98.48,98.48
118370,99U279,RECOVERY HOSE 375-4275 1226488,N/A,O Non Stock Inactive,375-4275,02/13/2024,3,11960 USA CLEAN,05/30/2024,Patrick Golden,165,495.00
102865,99U306,25 AMP BREAKER 383724 993-3033,N/A,O Non Stock Inactive,993-3033,N/A,2,11960 USA CLEAN,N/A,Patrick Golden,7.2,14.40
104734,99U307,29 IN SQUEEGEE ASSY 9015302,N/A,O Non Stock Inactive,375-3293,N/A,1,11960 USA CLEAN,N/A,Patrick Golden,365.6,365.60
95586,99U310,ADJUSTMENT HANDLE 275-2310612386,N/A,O Non Stock Inactive,275-2310,N/A,1,11960 USA CLEAN,N/A,Patrick Golden,4,4.00
95587,99U311,PUSH SWITCH 275-23111035649,N/A,O Non Stock Inactive,275-2311,N/A,3,11960 USA CLEAN,N/A,Patrick Golden,68.32,204.96
95588,99U313,VAC HOSE 1042313993-3000,N/A,N Stock Active,993-3000,N/A,1,11960 USA CLEAN,N/A,Patrick Golden,21,21.00
95589,99U314,175-0314 CORD HOOK,N/A,O Non Stock Inactive,175-0314,N/A,1,11960 USA CLEAN,N/A,Patrick Golden,20.09,20.09
106464,99U315,WAVE WASHER 374059 195-6315,N/A,O Non Stock Inactive,195-6315,N/A,1,11960 USA CLEAN,N/A,Patrick Golden,2.4,2.40
118282,99U319,HUB CAP 319317 195-6034,N/A,O Non Stock Inactive,195-6034,N/A,1,11960 USA CLEAN,N/A,Patrick Golden,3.2,3.20
95591,99U320,175-0320 PIN140604,N/A,O Non Stock Inactive,175-0320,N/A,1,11960 USA CLEAN,N/A,Patrick Golden,3.36,3.36
104820,99U322,STAR KNOB 1218322,N/A,O Non Stock Inactive,375-4485,N/A,2,11960 USA CLEAN,N/A,Patrick Golden,13.96,27.92
118350,99U323,DRAIN HOSE 192-9315 0,N/A,O Non Stock Inactive,192-9315,N/A,2,11960 USA CLEAN,N/A,Patrick Golden,54.61,109.22
118363,99U325,BRUSH BRACKET 195-9399 0,N/A,O Non Stock Inactive,195-9399,N/A,1,11960 USA CLEAN,N/A,Patrick Golden,8.67,8.67
118287,99U328,KEYWAY 1014328 275-1468,N/A,O Non Stock Inactive,275-1468,05/03/2024,1,11960 USA CLEAN,05/24/2024,Patrick Golden,3.96,3.96
95594,99U339,FILTER BAG PKG 10292-0339,N/A,O Non Stock Inactive,292-0339,N/A,1,11960 USA CLEAN,N/A,Patrick Golden,21.8,21.80
95596,99U345,B44 BELT 991-0024E11345,N/A,O Non Stock Inactive,991-0024,N/A,2,11960 USA CLEAN,N/A,Patrick Golden,12.14,24.28
95597,99U346,DRAIN HOSE 1042346275-6415,N/A,O Non Stock Inactive,275-6415,N/A,1,11960 USA CLEAN,N/A,Patrick Golden,86.4,86.40
102866,99U351,ELECTRIC CORD KIT 275-6356 9011727,N/A,O Non Stock Inactive,275-6356,N/A,1,11960 USA CLEAN,N/A,Patrick Golden,75.36,75.36
102867,99U353,ROCKER SWITCH DPST 397889 175-2356,N/A,O Non Stock Inactive,175-2356,N/A,1,11960 USA CLEAN,N/A,Patrick Golden,21.76,21.76
123953,99U369,SOFT BRUSHES 275-6781 1056306,N/A,O Non Stock Inactive,275-6781,N/A,2,11960 USA CLEAN,N/A,Patrick Golden,188.88,377.76
95606,99U380,DRAIN HOSE 1.5"X30" W/DRAIN CAP 1017380,N/A,O Non Stock Inactive,993-0672,12/09/2022,2,11960 USA CLEAN,04/09/2024,Patrick Golden,35.36,70.72
104750,99U383,AXHAUST BRACKET ASSY 368382,N/A,O Non Stock Inactive,275-3295,N/A,1,11960 USA CLEAN,N/A,Patrick Golden,307.28,307.28
102871,99U390,VAC COVER 275-9197 1030390,N/A,O Non Stock Inactive,275-9197,N/A,1,11960 USA CLEAN,N/A,Patrick Golden,29.44,29.44
118364,99U392,STRAIN RELIEF 195-9392 0,N/A,O Non Stock Inactive,195-9392,N/A,1,11960 USA CLEAN,N/A,Patrick Golden,3.2,3.20
123956,99U395,HANDLE LATCH GRIP 175-0322 200821,N/A,O Non Stock Inactive,175-0322,N/A,1,11960 USA CLEAN,N/A,Patrick Golden,4.95,4.95
95611,99U402,174-6402 SOL FEED END HOSE281637,N/A,O Non Stock Inactive,174-6402,N/A,2,11960 USA CLEAN,N/A,Patrick Golden,4.99,9.98
95614,99U414,POTENTIOMETER CONTROL 275-14141022706,N/A,O Non Stock Inactive,275-1414,N/A,1,11960 USA CLEAN,N/A,Patrick Golden,18.08,18.08
95617,99U421,POTENTIOMETER ASSY 275-14211021853,N/A,O Non Stock Inactive,275-1421,N/A,1,11960 USA CLEAN,N/A,Patrick Golden,81.44,81.44
105724,99U422,BAND KIT 175-1428602044000,N/A,O Non Stock Inactive,175-1428,N/A,1,11960 USA CLEAN,N/A,Patrick Golden,16.59,16.59
118299,99U429,NUT 999-1424 7786,N/A,O Non Stock Inactive,999-1424,N/A,1,11960 USA CLEAN,N/A,Patrick Golden,1.2,1.20
95623,99U434,174-0434 BYPASS HOSE320251,N/A,O Non Stock Inactive,174-0434,N/A,2,11960 USA CLEAN,N/A,Patrick Golden,8.75,17.50
106465,99U435,WASHER 315435 999-0187,N/A,O Non Stock Inactive,999-0187,N/A,1,11960 USA CLEAN,N/A,Patrick Golden,0.72,0.72
127424,99U450,SLIDE COVER 192-6450,N/A,O Non Stock Inactive,192-6450,N/A,3,11960 USA CLEAN,N/A,Patrick Golden,7.43,22.29
118333,99U455,SWIVEL CASTER 275-6454 1042507,N/A,O Non Stock Inactive,275-6454,N/A,2,11960 USA CLEAN,N/A,Patrick Golden,7.04,14.08
118334,99U456,SWIVEL CASTER WHEEL 275-6261 1043250,N/A,O Non Stock Inactive,275-6261,N/A,2,11960 USA CLEAN,N/A,Patrick Golden,117.28,234.56
118335,99U457,KNOB 275-6465 1049977,N/A,O Non Stock Inactive,275-6465,N/A,10,11960 USA CLEAN,N/A,Patrick Golden,2.5,25.00
104843,99U479,WASHER 175-3470 04414,N/A,O Non Stock Inactive,175-3470,N/A,6,11960 USA CLEAN,N/A,Patrick Golden,2.3,13.80
104801,99U489,PAD DRIVER 175-1474,N/A,O Non Stock Inactive,175-1474,N/A,1,11960 USA CLEAN,N/A,Patrick Golden,200.56,200.56
118388,99U497,24V OFF BOARD CHARGER 1217495 375-3265,N/A,O Non Stock Inactive,375-3265,N/A,1,11960 USA CLEAN,N/A,Patrick Golden,439.76,439.76
95640,99U498,SPARE BELT 6 PK 275-64989009035,N/A,O Non Stock Inactive,275-6498,N/A,4,11960 USA CLEAN,N/A,Patrick Golden,8,32.00
95645,99U507,CORD HOOK 175-5503603104,N/A,O Non Stock Inactive,175-5503,N/A,1,11960 USA CLEAN,N/A,Patrick Golden,5.28,5.28
95646,99U508,SPRING 175-5504 603108,N/A,O Non Stock Inactive,175-5504,N/A,1,11960 USA CLEAN,N/A,Patrick Golden,3.36,3.36
104818,99U509,SQUEEGEE BRACKET 1220505,N/A,O Non Stock Inactive,375-3272,N/A,1,11960 USA CLEAN,N/A,Patrick Golden,44.88,44.88
123970,99U514,VAC HOSE 4126517 192-8738,N/A,O Non Stock Inactive,192-8738,N/A,1,11960 USA CLEAN,N/A,Patrick Golden,31.87,31.87
118395,99U519,JAM NUT 173-2520 32520,N/A,O Non Stock Inactive,173-2520,N/A,1,11960 USA CLEAN,N/A,Patrick Golden,4.72,4.72
95651,99U528,38528-040 BELT215-0022,N/A,N Stock Active,215-0022,N/A,1,11960 USA CLEAN,N/A,Patrick Golden,0.1,0.10
102876,99U529,PAD DRIVER 275-7527 1210491 1041196,N/A,O Non Stock Inactive,275-7527,N/A,1,11960 USA CLEAN,N/A,Patrick Golden,121.76,121.76
118304,99U530,POWER MOD W/ HARNESS 192-9532 0,N/A,O Non Stock Inactive,192-9532,N/A,1,11960 USA CLEAN,N/A,Patrick Golden,454.8,454.80
128114,99U532,175-6532 SNAP SWITCH 605407 1013132,N/A,O Non Stock Inactive,175-6532,N/A,3,11960 USA CLEAN,N/A,Patrick Golden,10.24,30.72
121479,99U538,SKIRT SHEILD 1005645 175-5538,N/A,O Non Stock Inactive,175-5538,N/A,1,11960 USA CLEAN,N/A,Patrick Golden,134.02,134.02
110043,99U541,SCREW 5X20 164-6746 NSS-7190541,N/A,O Non Stock Inactive,164-6746,N/A,2,11960 USA CLEAN,N/A,Patrick Golden,1.39,2.78
118413,99U557,5 AMP CIRCUIT BREAKER 175-2557 383720,N/A,O Non Stock Inactive,175-2557,N/A,1,11960 USA CLEAN,N/A,Patrick Golden,9.12,9.12
123974,99U558,SQUEEGEE RETAINER 1026354 275-1554,N/A,O Non Stock Inactive,275-1554,N/A,1,11960 USA CLEAN,N/A,Patrick Golden,25.28,25.28
95656,99U560,BUMPER WHEEL 993-2796 1010560,N/A,O Non Stock Inactive,993-2796,05/03/2024,1,11960 USA CLEAN,05/23/2024,Patrick Golden,2.45,2.45
95666,99U6032,195-6032 WHEELS,N/A,O Non Stock Inactive,195-6032,N/A,1,11960 USA CLEAN,N/A,Patrick Golden,43.2,43.20
95667,99U6034,195-6034 CAP,N/A,O Non Stock Inactive,195-6034,N/A,1,11960 USA CLEAN,N/A,Patrick Golden,3.2,3.20
118372,99U605,24V BRUSH MOTOR AND GEARBOX 275-6053 1048884,N/A,O Non Stock Inactive,275-6053,N/A,1,11960 USA CLEAN,N/A,Patrick Golden,338.16,338.16
125883,99U608,TWILL BAG 194-0244,N/A,O Non Stock Inactive,194-0244,N/A,1,11960 USA CLEAN,03/26/2024,Patrick Golden,13.42,13.42
95669,99U610,SKID STRIP 630613175-1430,N/A,O Non Stock Inactive,175-1430,N/A,1,11960 USA CLEAN,N/A,Patrick Golden,116.79,116.79
127428,99U624,FILTER 192-3624,N/A,O Non Stock Inactive,192-3624,N/A,10,11960 USA CLEAN,N/A,Patrick Golden,1.81,18.10
95672,99U629,DUST CONTROL SKIRT1005629 175-5519,N/A,O Non Stock Inactive,175-5519,N/A,2,11960 USA CLEAN,N/A,Patrick Golden,136.19,272.38
104758,99U630,BRUSH PRESSURE SWITCH 175-8630,N/A,O Non Stock Inactive,175-8630,N/A,1,11960 USA CLEAN,N/A,Patrick Golden,13,13.00
121481,99U635,SQUEEGEE ASSY 192-6633,N/A,O Non Stock Inactive,192-6633,N/A,2,11960 USA CLEAN,N/A,Patrick Golden,186.22,372.44
127429,99U637,993-0697 GASKET 630010,N/A,O Non Stock Inactive,993-0697,N/A,3,11960 USA CLEAN,N/A,Patrick Golden,2.28,6.84
127430,99U639,DRAIN CAP 1008639 993-0667,N/A,O Non Stock Inactive,993-0667,N/A,2,11960 USA CLEAN,N/A,Patrick Golden,6.66,13.32
118355,99U640,FLAP 203-4640 0,N/A,O Non Stock Inactive,203-4640,N/A,1,11960 USA CLEAN,N/A,Patrick Golden,16.78,16.78
118356,99U642,FLAP 203-4641 0,N/A,O Non Stock Inactive,203-4641,N/A,2,11960 USA CLEAN,N/A,Patrick Golden,16.78,33.56
95676,99U652,HOSE ASSY 46IN BLACK 993-2652603547,N/A,O Non Stock Inactive,993-2652,N/A,2,11960 USA CLEAN,N/A,Patrick Golden,19.5,39.00
118326,99U658,VAC MOTOR 9015658 275-6205 0,N/A,O Non Stock Inactive,275-6205,N/A,1,11960 USA CLEAN,N/A,Patrick Golden,173.84,173.84
118411,99U664,STRAIN RELIEF 175-7664 801448,N/A,O Non Stock Inactive,175-7664,03/27/2024,3,11960 USA CLEAN,N/A,Patrick Golden,22.93,68.79
95681,99U675,ULTRASHINE LEVER 175-7673610037,N/A,O Non Stock Inactive,175-7673,N/A,2,11960 USA CLEAN,N/A,Patrick Golden,5.04,10.08
95682,99U680,174-1680 STRAINER3323501,N/A,O Non Stock Inactive,174-1680,N/A,1,11960 USA CLEAN,N/A,Patrick Golden,43.6,43.60
95686,99U688,999-0688 BLT-HH-5/16711231,N/A,O Non Stock Inactive,999-0688,N/A,1,11960 USA CLEAN,N/A,Patrick Golden,1.68,1.68
118398,99U690,SPRING 175-7672 801013,N/A,O Non Stock Inactive,175-7672,N/A,1,11960 USA CLEAN,N/A,Patrick Golden,4.8,4.80
118402,99U694,REAR BLADE 9017694 375-9609,N/A,O Non Stock Inactive,375-9609,N/A,1,11960 USA CLEAN,N/A,Patrick Golden,12.64,12.64
118305,99U702,SOLUTION STRAINER 398770 275-8187,N/A,O Non Stock Inactive,275-8187,N/A,1,11960 USA CLEAN,N/A,Patrick Golden,29.28,29.28
118301,99U721,M8 PIN WITH SCREW 275-7725 1055396,N/A,O Non Stock Inactive,275-7725,N/A,2,11960 USA CLEAN,N/A,Patrick Golden,17.9,35.80
118302,99U722,LOCK GRIP 275-7724 1052532,N/A,O Non Stock Inactive,275-7724,N/A,2,11960 USA CLEAN,N/A,Patrick Golden,13.22,26.44
104825,99U726,TOGGLE SWITCH 993-0523 130726,N/A,O Non Stock Inactive,993-0523,05/08/2024,1,11960 USA CLEAN,05/20/2024,Patrick Golden,7.18,7.18
107668,99U731,SOLUTION TANK 993-2731 209-0013,N/A,O Non Stock Inactive,993-2731,08/08/2023,2,11960 USA CLEAN,04/16/2024,Patrick Golden,209.04,418.08
118399,99U742,27 IN SHROUD 275-7014 1205728,N/A,O Non Stock Inactive,275-7014,N/A,1,11960 USA CLEAN,N/A,Patrick Golden,353.2,353.20
123992,99U743,VAC HOSE 9040173 375-5121,N/A,O Non Stock Inactive,375-5121,05/14/2024,1,11960 USA CLEAN,N/A,Patrick Golden,64.57,64.57
123998,99U767,AIR INTAKE BONNET P248 993-0610 86636850 8.663-685.0,N/A,O Non Stock Inactive,993-0610,N/A,1,11960 USA CLEAN,N/A,Patrick Golden,25.8,25.80
124002,99U788,SCREW 3/8 X 1 1/4 SHOULDER 600187 175-3719,N/A,O Non Stock Inactive,175-3719,N/A,1,11960 USA CLEAN,N/A,Patrick Golden,4.08,4.08
127432,99U794,HOPPER TRAY 375-0750 1037947,N/A,O Non Stock Inactive,375-0750,N/A,1,11960 USA CLEAN,N/A,Patrick Golden,147.9,147.90
118397,99U817,100AMP FUSE 86379 993-2817 0,N/A,O Non Stock Inactive,993-2817,N/A,1,11960 USA CLEAN,N/A,Patrick Golden,18.36,18.36
121488,99U818,SHROUD 1224811 375-4043,N/A,O Non Stock Inactive,375-4043,N/A,2,11960 USA CLEAN,03/21/2024,Patrick Golden,53.3,106.60
95717,99U820,FILTER VAC 5700/56801037821 993-0710,N/A,O Non Stock Inactive,993-0710,12/09/2022,4,11960 USA CLEAN,N/A,Patrick Golden,4.08,16.32
102897,99U829,RING 387433 175-0829,N/A,O Non Stock Inactive,175-0829,N/A,17,11960 USA CLEAN,N/A,Patrick Golden,24.72,420.24
118345,99U849,SR42 STRAIN RELIEF 190-0076,N/A,O Non Stock Inactive,190-0076,N/A,1,11960 USA CLEAN,N/A,Patrick Golden,10.46,10.46
110044,99U865,VALVE KIT 1046399 275-9865,N/A,O Non Stock Inactive,275-9865,07/10/2023,2,11960 USA CLEAN,04/09/2024,Patrick Golden,281.71,563.42
121499,99U866,KEY 991-3066 87866,N/A,O Non Stock Inactive,991-3066,N/A,2,11960 USA CLEAN,N/A,Patrick Golden,10.39,20.78
124013,99U868,MEMBRANE CONTROL 9021345 375-7831,N/A,O Non Stock Inactive,375-7831,N/A,1,11960 USA CLEAN,N/A,Patrick Golden,390.8,390.80
118346,99U881,24V SOLENOID VALVE ASSY 1213803 175-7884 OEM,N/A,O Non Stock Inactive,175-7884,N/A,1,11960 USA CLEAN,N/A,Patrick Golden,102.29,102.29
110040,99U923,BUMPER SKIRT 175-7923 1055019,N/A,O Non Stock Inactive,175-7923,N/A,2,11960 USA CLEAN,N/A,Patrick Golden,40.4,80.80
118327,99U926,BRUSH MOTOR ASSY 9020926 275-9870,N/A,O Non Stock Inactive,275-9870,N/A,1,11960 USA CLEAN,N/A,Patrick Golden,142.96,142.96
118384,99U931,FIXED CASTOR 174-8933 1077810,N/A,O Non Stock Inactive,174-8933,N/A,4,11960 USA CLEAN,N/A,Patrick Golden,7.1,28.40
104762,99U939,CONTROL PANEL GASKET 1013939,N/A,O Non Stock Inactive,275-9348,N/A,1,11960 USA CLEAN,N/A,Patrick Golden,2.5,2.50
121496,99U940,16/3 ONBOARD CHARGER EXTENSION 173-5940,N/A,O Non Stock Inactive,173-5940,N/A,1,11960 USA CLEAN,N/A,Patrick Golden,26.16,26.16
124027,99U943,FRONT WHEEL ASSY 215-0943,N/A,O Non Stock Inactive,215-0943,03/27/2024,10,11960 USA CLEAN,N/A,Patrick Golden,14.42,144.20
95745,99U944,999-0944 SCREW140894,N/A,O Non Stock Inactive,999-0944,N/A,2,11960 USA CLEAN,N/A,Patrick Golden,0.72,1.44
118430,99U945,ROCKER SWITCH 993-1945 1044393,N/A,O Non Stock Inactive,993-1945,N/A,1,11960 USA CLEAN,N/A,Patrick Golden,2.28,2.28
124028,99U949,MODULE 174-7076 00752920,N/A,O Non Stock Inactive,174-7076,N/A,1,11960 USA CLEAN,N/A,Patrick Golden,1117.73,1117.73
95750,99U971,993-2971 OVAL GASKET613234 100098,N/A,O Non Stock Inactive,993-2971,N/A,3,11960 USA CLEAN,N/A,Patrick Golden,5.82,17.46
118273,99U980,SIDE SQUEEGEE 175-3343 86859,N/A,O Non Stock Inactive,175-3343,N/A,1,11960 USA CLEAN,N/A,Patrick Golden,36.24,36.24
121498,99U998,DRAIN HOSE 1222591 375-0216,N/A,O Non Stock Inactive,375-0216,N/A,1,11960 USA CLEAN,N/A,Patrick Golden,42.96,42.96
95755,99V015,VR14015 KIT BRUSH RUBBER,N/A,O Non Stock Inactive,VR14015,N/A,3,NILFISK INC,N/A,Patrick Golden,21.93,65.79
95756,99V022,VR25022 PAD DRIVER 20,N/A,O Non Stock Inactive,VR25022,N/A,1,NILFISK INC,N/A,Patrick Golden,N/A,0.00
104279,99V107,LID KIT TANK NEAR FULL SWITCH,N/A,O Non Stock Inactive,VR17107,N/A,1,NILFISK INC,N/A,Patrick Golden,8.04,8.04
106597,99V116,VS10106 SAFETY SWITCH RIGHT KI,N/A,O Non Stock Inactive,VS10106,03/25/2024,3,NILFISK INC,05/02/2024,Patrick Golden,3.37,10.11
129007,99V119,ORING M2.65 X M64.8 VF82139,N/A,O Non Stock Inactive,VF82139,N/A,1,NILFISK INC,N/A,Patrick Golden,6.89,6.89
123381,99V121,VS10126 CHARGER SOKET KIT,N/A,O Non Stock Inactive,VS10126,N/A,1,NILFISK INC,N/A,Patrick Golden,3.4,3.40
123382,99V122,VS15204 NR REAR BLADE NON MARK,N/A,O Non Stock Inactive,VS15204,N/A,1,NILFISK INC,N/A,Patrick Golden,9.82,9.82
118032,99V136,VS13624 8 INCH WHEEL WITH TRAC 0,N/A,O Non Stock Inactive,VS13624,N/A,1,NILFISK INC,N/A,Patrick Golden,47.68,47.68
118033,99V137,VS13314 WHEEL COVER 0,N/A,O Non Stock Inactive,VS13314,N/A,1,NILFISK INC,N/A,Patrick Golden,3.79,3.79
95763,99V148,VV68148 SOLUTION HOSE,N/A,O Non Stock Inactive,VV68148,N/A,3,NILFISK INC,N/A,Patrick Golden,5.91,17.73
109923,99V210,VV78210 3 SPEED CONTROL KNOB 0,N/A,O Non Stock Inactive,VV78210,N/A,9,NILFISK INC,N/A,Patrick Golden,5.38,48.42
123390,99V216,VV78214 US POWER CORD,N/A,O Non Stock Inactive,VV78214,N/A,2,NILFISK INC,N/A,Patrick Golden,23.48,46.96
121314,99V305,VF90305 8 IN WHEEL,N/A,O Non Stock Inactive,VF90305,N/A,2,NILFISK INC,N/A,Patrick Golden,27.9,55.80
121315,99V316,VV81316 FLOOR TOOL KIT,N/A,O Non Stock Inactive,VV81316,N/A,1,NILFISK INC,N/A,Patrick Golden,192.66,192.66
118075,99V401,VF40001 GASKET / SEAL KIT SOLUTION TA,N/A,O Non Stock Inactive,VF40001,N/A,1,NILFISK INC,N/A,Patrick Golden,5.09,5.09
118111,99V402,VR14401 BRUSH SKIRT LEFT 0,N/A,O Non Stock Inactive,VR14401,N/A,1,NILFISK INC,N/A,Patrick Golden,40.08,40.08
118112,99V403,VR14403 STRAP KIT BRUSH 0,N/A,O Non Stock Inactive,VR14403,N/A,2,NILFISK INC,N/A,Patrick Golden,11.57,23.14
127434,99V420,VF85420 THUMB SCREW,N/A,O Non Stock Inactive,VF85420,N/A,2,NILFISK INC,N/A,Patrick Golden,3.55,7.10
123395,99V450,FLOOR TOOL SOLUTION HEAD KIT VV81450,N/A,O Non Stock Inactive,VV81450,N/A,1,NILFISK INC,N/A,Patrick Golden,111.65,111.65
118113,99V501,VR14501 BRUSH SKIRT RIGHT 0,N/A,O Non Stock Inactive,VR14501,N/A,1,NILFISK INC,N/A,Patrick Golden,40.08,40.08
95771,99V503,VF90503A RECOVERY TANK COVER,N/A,O Non Stock Inactive,VF90503A,N/A,1,NILFISK INC,N/A,Patrick Golden,10.64,10.64
121318,99V507,BRACKET KIT SQUEEGEE LIFT CABL VR11507,N/A,O Non Stock Inactive,VR11507,N/A,2,NILFISK INC,N/A,Patrick Golden,59.45,118.90
121324,99V750,VA75001TR TANK,N/A,O Non Stock Inactive,VA75001TR,N/A,1,NILFISK INC,N/A,Patrick Golden,217.62,217.62
123399,99V761,VS13761 SCREW KIT 4 FOR CHASSI,N/A,O Non Stock Inactive,VS13761,N/A,2,NILFISK INC,N/A,Patrick Golden,4.21,8.42
123403,99V918,MOUNTING HDWR FOR SQG ASS 107408918,N/A,O Non Stock Inactive,107408918,N/A,2,NILFISK INC,N/A,Patrick Golden,15.87,31.74
118102,99V946,107408946 EASY TILT TROLLEY 0,N/A,O Non Stock Inactive,107408946,N/A,5,NILFISK INC,N/A,Patrick Golden,18.85,94.25
95779,99VA02,ZD49000A VAC MOTOR  115VZD49000A,N/A,O Non Stock Inactive,ZD49000A,N/A,1,NILFISK INC,N/A,Patrick Golden,147.16,147.16
107642,99VA03,VA41032 GASKET  MOTOR VA41032,N/A,O Non Stock Inactive,VA41032,N/A,1,NILFISK INC,N/A,Patrick Golden,5.06,5.06
95780,99VA11,VA21517 CLAMP BLOCK,N/A,O Non Stock Inactive,VA21517,N/A,1,NILFISK INC,N/A,Patrick Golden,3.11,3.11
95781,99VA12,VA85007 BLADE 24 INCHSILICON,N/A,O Non Stock Inactive,VA85007,N/A,4,NILFISK INC,N/A,Patrick Golden,4.22,16.88
95787,99VA24,VA20103 NUT OUTLET,N/A,O Non Stock Inactive,VA20103,N/A,2,NILFISK INC,N/A,Patrick Golden,3.24,6.48
108964,99VA70,GV70034 CLAMP DRAIN HOSE 0,N/A,O Non Stock Inactive,GV70034,N/A,1,NILFISK INC,N/A,Patrick Golden,5.09,5.09
95794,99VA83,GV0072A FILTER VAC,N/A,O Non Stock Inactive,GV0072A,N/A,1,NILFISK INC,N/A,Patrick Golden,9.06,9.06
108980,99VF15,VF30015 BOLT 0,N/A,O Non Stock Inactive,VF30015,N/A,1,NILFISK INC,N/A,Patrick Golden,9.23,9.23
127436,99W043,86229420 BELT 11043 8.622-942.0,N/A,O Non Stock Inactive,0,N/A,1,13289 KARCHER NORTH AMERICA,N/A,Patrick Golden,24.3,24.30
95806,99W182,140182 CIRCUIT BREAKER60 AMP.,N/A,O Non Stock Inactive,140182,N/A,1,13289 KARCHER NORTH AMERICA,N/A,Patrick Golden,61,61.00
95807,99W243,W243D BEARING WASHER,N/A,O Non Stock Inactive,W243D,N/A,6,8712 PACIFIC FLOORCARE,N/A,Patrick Golden,1.12,6.72
95808,99W3140,140168 PAPER BAG PK10,N/A,O Non Stock Inactive,140168,N/A,1,13289 KARCHER NORTH AMERICA,N/A,Patrick Golden,43.31,43.31
127438,99W546,5463 BELT,N/A,O Non Stock Inactive,0,N/A,1,13289 KARCHER NORTH AMERICA,N/A,Patrick Golden,10.44,10.44
95821,99WD27,WD27 FIXERFOR PF55,N/A,O Non Stock Inactive,0,N/A,5,TACONY CORPORATION,N/A,Patrick Golden,2.61,13.05
95823,99WD31,WD109 DUST BRUSH,N/A,O Non Stock Inactive,WD109,N/A,1,TACONY CORPORATION,N/A,Patrick Golden,3.17,3.17
127440,99X079,X9079 GASKET,N/A,O Non Stock Inactive,X9079,N/A,3,TACONY CORPORATION,N/A,Patrick Golden,2.61,7.83
123053,99X110,EXTERNAL CHARGE CORD 110000001-2,N/A,O Non Stock Inactive,110000001-2,N/A,2,INTELLIGENT DESIGN,N/A,Patrick Golden,8.5,17.00
95825,99X799,X9608 GRIP-HANDLEX8007,N/A,O Non Stock Inactive,X9608,N/A,11,TACONY CORPORATION,N/A,Patrick Golden,2.07,22.77
95826,99X8013,X8013 CORD HOOK,N/A,O Non Stock Inactive,0,N/A,4,TACONY CORPORATION,N/A,Patrick Golden,3.54,14.16
95829,99X889,X8897 SWITCH,N/A,O Non Stock Inactive,X8897,N/A,1,TACONY CORPORATION,N/A,Patrick Golden,6.4,6.40
95830,99X911,X8911 METAL HANDLE ASS,N/A,O Non Stock Inactive,X8911,N/A,2,TACONY CORPORATION,N/A,Patrick Golden,49.17,98.34
95831,99X912,PX6 FEMALE CONNECTOR,N/A,O Non Stock Inactive,PX6,N/A,5,TACONY CORPORATION,N/A,Patrick Golden,8.5,42.50
102137,99Z001,U BELT FITS 61120A 61120B  61120C  61120D  61120F  61120G,N/A,O Non Stock Inactive,FBA_61120A,N/A,4,345 AMAZON,N/A,Patrick Golden,4.15,16.60
128495,99Z789,5X20MM 15A 250V SLOW BLOW FUSE,N/A,O Non Stock Inactive,B06X3TGZFQ,N/A,9,345 AMAZON,N/A,Patrick Golden,0.79,7.11
120964,99Z804,HOOVER BELTS H-38528040,N/A,O Non Stock Inactive,H-38528040,N/A,4,345 AMAZON,N/A,Patrick Golden,6.25,25.00
87227,ACME1210,ACME 12X10X14 NON WOVEN BAGCHESAPEAKE LAMINATED    100/CS,N/A,O Non Stock Inactive,0,N/A,3,1343 BULLDOG PACKAGING/KING PRODUCT,N/A,Erin Ventola,95,285.00
87231,ACME95,ACME 9X5X12 NON WOVEN BAGCHESAPEAKE LAMINATED    100/CS,N/A,O Non Stock Inactive,0,N/A,5,1343 BULLDOG PACKAGING/KING PRODUCT,N/A,Erin Ventola,80,400.00
104152,ALBI107,ALBI 10X7X12 PAPER SHOPPER,N/A,O Non Stock Inactive,1012ALBI,N/A,1,5670 KAL PAC CORP.,N/A,Erin Ventola,89.5,89.50
87261,ARA593,ARAMARK JUICE POUCH5.125X9+3 W/HANG HOLE 1M/CS,N/A,O Non Stock Inactive,0,N/A,5,3663 GARLOCK PRINTING,N/A,Erin Ventola,191.08,955.40
125397,ATT001,ATTMANS COFFEE SLEEVE WHITE BREW BRAND 1M/CS,N/A,N Stock Active,15292256,04/02/2024,20,SONOCO PRODUCTS COMPANY,N/A,Erin Ventola,37.15,743.00
109692,ATT1210,ATTMAN 12X10X14X10 NONWOVE WHITE MATTE LAMINATED   100/CS,N/A,N Stock Active,0,N/A,1,1343 BULLDOG PACKAGING/KING PRODUCT,N/A,Erin Ventola,120,120.00
127441,BAK001,BAKERS & BARISTA COFFEE SLEEVE DNR RSW20 WHITE  1200/CS,Nathan Sugar,O Non Stock Inactive,620325023,N/A,1,INTERNATIONAL PAPER,N/A,Erin Ventola,55.2,55.20
87272,BB1212,B&B HYATT 12X7X12 PAPER SHPRFLAT HANDLE White/BRWN  250/CS,N/A,Y Non Stock Discontinued,ACMEPA142,N/A,1,11890 TULSACK,N/A,Erin Ventola,72.5,72.50
130618,BBAG24,!!!MAJESTIC PANINI GRILL 21X9 BROWN BAG #24,N/A,O Non Stock Inactive,MAJESTIC,N/A,1,2888 EQUIPEX,N/A,Christine Nelson,N/A,0.00
87323,CAPH8410,CAPITOL HOST WHITE SHOPPER8X4.75X10.75 TWIST Handle 250/CS,N/A,O Non Stock Inactive,ACMEPA30,N/A,28,11890 TULSACK,N/A,Erin Ventola,66.75,1869.00
87325,CAVA1214,CAVA HOLIDAY 13X7X13 SHOPPER BROWN KRAFT TWIST Handle  250/CS,Scott Attman,N Stock Active,CAVA-5,N/A,3,11890 TULSACK,N/A,Erin Ventola,42.35,127.05
104618,CHAMP12,CHAMPION ICE HOUSE WAXED WRAP,N/A,O Non Stock Inactive,ACMEP00130,N/A,1,10782 SEAMAN PAPER COMPANY,N/A,Erin Ventola,147.4,147.40
87353,COLA658,COLADA 6.5X1X8 WHITE PAPER BAG20# GREASE RESISTANT   1M/CS,Toby Zeeger,O Non Stock Inactive,43775,N/A,1,3266 FISCHER PAPER PRODUCTS  INC.,N/A,Erin Ventola,36.6,36.60
95854,E000006597,SPRING HINGE RIGHT,N/A,N Stock Active,000006597,N/A,1,211 AIRECO SUPPLY INC.,N/A,Denise McKay,N/A,0.00
95855,E000006598,SPRING HINGE LEFT,N/A,N Stock Active,000006598,N/A,1,211 AIRECO SUPPLY INC.,N/A,Denise McKay,N/A,0.00
95856,E000007926,MANI HOUSING ASSY-NO DISPLAY,N/A,N Stock Active,000007926,N/A,1,211 AIRECO SUPPLY INC.,N/A,Denise McKay,39.68,39.68
95857,E000009120,INLET VALVE ASSY,N/A,N Stock Active,000009120,N/A,1,211 AIRECO SUPPLY INC.,N/A,Denise McKay,N/A,0.00
95858,E000015573,MANITOWOC THERMISTOR**USE E15573**,N/A,N Stock Active,000015573,N/A,1,211 AIRECO SUPPLY INC.,N/A,Denise McKay,45.28,45.28
95859,E01714,FOAM SEALANT 1 PART 12OZ,N/A,N Stock Active,01714,N/A,1,211 AIRECO SUPPLY INC.,N/A,Denise McKay,N/A,0.00
124307,E02-4705-01,BIN LINER,N/A,N Stock Active,02-4705-01,N/A,1,EMPIRE EQUIPMENT COMPANY,N/A,Denise McKay,225.62,225.62
109747,E023341,FLOAT 0,N/A,N Stock Active,02-3341-01,N/A,1,EMPIRE EQUIPMENT COMPANY,N/A,Denise McKay,7.48,7.48
124308,E03-3940-01,BUMPER PLASTIC,N/A,N Stock Active,033940-01,N/A,2,EMPIRE EQUIPMENT COMPANY,N/A,Denise McKay,5.23,10.46
124309,E03-3941-01,BUSHING DOOR,N/A,N Stock Active,03-3941-01,N/A,4,EMPIRE EQUIPMENT COMPANY,N/A,Denise McKay,5.23,20.92
95860,E031013,8 OZ LOVOC PVC CLEAR CEMENT,N/A,N Stock Active,031013,N/A,1,211 AIRECO SUPPLY INC.,N/A,Denise McKay,N/A,0.00
116455,E05127,O-RING  1" SERVER FOUNTAIN PUMP FG'S,N/A,N Stock Active,SER05127,N/A,17,8742 PARTS TOWN LLC,N/A,Denise McKay,0.63,10.71
95862,E052450,ROD-TORQUE,N/A,N Stock Active,052450,N/A,1,11590 TAYLOR EQUIPMENT DISTRIBUTORS,N/A,Denise McKay,11.07,11.07
95864,E05812,MOTOR 16W  CCW  1550  115V,N/A,N Stock Active,05812,N/A,1,211 AIRECO SUPPLY INC.,N/A,Denise McKay,N/A,0.00
127703,E1051209-01,FAN MOTOR,N/A,N Stock Active,1501209-01,N/A,1,LINDOX SIEGEL EQUIPMENT CORP,N/A,Denise McKay,295.16,295.16
95869,E1051245-01,KIT 48IN RIGHT SUMP TABREPLACEMENT,N/A,N Stock Active,1051245-01,N/A,1,LINDOX SIEGEL EQUIPMENT CORP,N/A,Denise McKay,N/A,0.00
109745,E11-0563-01,CURTAIN SWITCH 0,N/A,N Stock Active,11-0563-01,N/A,4,EMPIRE EQUIPMENT COMPANY,N/A,Denise McKay,24.42,97.68
109746,E11-0563-02,CURTAIN SWITCH MAGNET 0,N/A,N Stock Active,11-0563-02,N/A,1,EMPIRE EQUIPMENT COMPANY,N/A,Denise McKay,N/A,0.00
95871,E110108,PAN-ASSY RESEVOIR,N/A,N Stock Active,110108,N/A,1,3906 H C DUKE & SON,N/A,Denise McKay,N/A,0.00
95872,E11054021,SENSOR ICE (SET),N/A,N Stock Active,11-0540-21,N/A,1,EMPIRE EQUIPMENT COMPANY,N/A,Denise McKay,150.07,150.07
95873,E110621,CONTROL BOARD ASM CU,N/A,N Stock Active,11-0621-21,N/A,1,EMPIRE EQUIPMENT COMPANY,N/A,Denise McKay,311.88,311.88
95874,E111780,COUPLING 7/8 DRIVE,N/A,N Stock Active,111780,N/A,5,3906 H C DUKE & SON,N/A,Denise McKay,92.99,464.95
95877,E112752,PLATE-ASSY CAM DRIVE,N/A,N Stock Active,112752,N/A,1,3906 H C DUKE & SON,N/A,Denise McKay,N/A,0.00
95878,E112850,MOTOR & BEARING-ASSYNLA-NO REPLACEMENT,N/A,N Stock Active,112850,N/A,2,3906 H C DUKE & SON,N/A,Denise McKay,N/A,0.00
95879,E112925,PLATE-ASSY CAM DRIVE,N/A,N Stock Active,112925,N/A,1,3906 H C DUKE & SON,N/A,Denise McKay,N/A,0.00
95884,E113466,KIT-DPR PRESSURE RELIEF SS,N/A,N Stock Active,113466,N/A,1,3906 H C DUKE & SON,N/A,Denise McKay,N/A,0.00
95885,E113547,GUIDE-ASSY PUSH ROD,N/A,N Stock Active,113547,N/A,2,3906 H C DUKE & SON,N/A,Denise McKay,N/A,0.00
95886,E113824,SEAL-ASSY SHAFT,N/A,N Stock Active,113824,N/A,6,3906 H C DUKE & SON,N/A,Denise McKay,N/A,0.00
95889,E114065,BEARING-ASSY REAR W/SHAFT,N/A,N Stock Active,114065,N/A,2,3906 H C DUKE & SON,N/A,Denise McKay,170.78,341.56
95891,E114178-01,SWITCH-ASSY CTR SELF CLOSING,N/A,N Stock Active,114178-01,N/A,12,3906 H C DUKE & SON,N/A,Denise McKay,N/A,0.00
95892,E114240,KIT-SOLID STATE TIMER,N/A,N Stock Active,14240,N/A,3,3906 H C DUKE & SON,N/A,Denise McKay,N/A,0.00
95896,E114341-05,STUD-ASSY CYLINDER 2 1/16 INSEE 114481-02,N/A,N Stock Active,114341-05,N/A,17,3906 H C DUKE & SON,N/A,Denise McKay,7.65,130.05
95897,E114341-06,STUD-ASSY CYLINDER 2 1/16 in,N/A,N Stock Active,114341-06,N/A,1,3906 H C DUKE & SON,N/A,Denise McKay,7.48,7.48
95898,E114341-08,STUD-ASSY CYLINDER 2-5/16 IN.,N/A,N Stock Active,114341-08,N/A,2,3906 H C DUKE & SON,N/A,Denise McKay,10.07,20.14
95900,E114572,CLAMP-ASSY HOSE,N/A,N Stock Active,114572,N/A,5,3906 H C DUKE & SON,N/A,Denise McKay,5.4,27.00
95901,E114605,INSERT-ASSY DRIP TRAY,N/A,N Stock Active,114605,N/A,1,3906 H C DUKE & SON,N/A,Denise McKay,N/A,0.00
95902,E114607,INSERT-ASSY DRIP TRAY,N/A,N Stock Active,114607,N/A,1,3906 H C DUKE & SON,N/A,Denise McKay,N/A,0.00
95903,E114609,INSERT-ASSY DRIP TRAY,N/A,N Stock Active,114609,N/A,1,3906 H C DUKE & SON,N/A,Denise McKay,N/A,0.00
95904,E114808,HANDLE-ASSY DISPENSE CTR,N/A,N Stock Active,114808,N/A,9,3906 H C DUKE & SON,N/A,Denise McKay,32.79,295.11
95905,E114874,KIT-REDUCER GASKET,N/A,N Stock Active,114874,N/A,1,3906 H C DUKE & SON,N/A,Denise McKay,N/A,0.00
95907,E115027,KIT-IEC STARTER 2.8-4.2 A,N/A,N Stock Active,115027,N/A,1,3906 H C DUKE & SON,N/A,Denise McKay,N/A,0.00
95908,E115129,BLEEDER-ASSY,N/A,N Stock Active,115129,N/A,5,3906 H C DUKE & SON,N/A,Denise McKay,N/A,0.00
95909,E115192X,COMPRESSOR-ASSY 115-1-60,N/A,N Stock Active,115192,N/A,1,3906 H C DUKE & SON,N/A,Denise McKay,N/A,0.00
95910,E115292,TRIMSTRIP-ASSY EF DECAL 26 IN,N/A,N Stock Active,115292,N/A,2,3906 H C DUKE & SON,N/A,Denise McKay,N/A,0.00
95911,E115397,PROBE-ASSY MIX LEVEL 10 3/4 IN,N/A,N Stock Active,115397,N/A,4,3906 H C DUKE & SON,N/A,Denise McKay,N/A,0.00
95912,E115416,PLUG-ASSY AIR BLEED,N/A,N Stock Active,115416,N/A,1,3906 H C DUKE & SON,N/A,Denise McKay,N/A,0.00
95913,E115418,BOX ASSY CAPACITOR AND RELAY,N/A,N Stock Active,115418,N/A,2,3906 H C DUKE & SON,N/A,Denise McKay,N/A,0.00
95914,E115430,TUBE-ASSY MIX FEED REGULATOR,N/A,N Stock Active,115430,N/A,2,3906 H C DUKE & SON,N/A,Denise McKay,N/A,0.00
95915,E115473,TUBE-ASSY MIX FEED,N/A,N Stock Active,115473,N/A,6,3906 H C DUKE & SON,N/A,Denise McKay,N/A,0.00
95916,E115474,TUBE-ASSY MIX FEED,N/A,N Stock Active,115474,N/A,4,3906 H C DUKE & SON,N/A,Denise McKay,N/A,0.00
95917,E115476,TUBE-ASSY MIX FEED REGULATOR,N/A,N Stock Active,115476,N/A,1,3906 H C DUKE & SON,N/A,Denise McKay,N/A,0.00
95918,E115478,TUBE-ASSY MIX FEED REGULATOR,N/A,N Stock Active,115478,N/A,2,3906 H C DUKE & SON,N/A,Denise McKay,N/A,0.00
95920,E115528,KIT-O RING 22 33 & 33S,N/A,N Stock Active,115528,N/A,2,3906 H C DUKE & SON,N/A,Denise McKay,N/A,0.00
95921,E115529,KIT-O RING 55TF & 66TF BEF ''8,N/A,N Stock Active,115529,N/A,1,3906 H C DUKE & SON,N/A,Denise McKay,N/A,0.00
95922,E115530,KIT-O RING 15 & 44 SERIES,N/A,N Stock Active,115530,N/A,2,3906 H C DUKE & SON,N/A,Denise McKay,N/A,0.00
95923,E115531,KIT-O RING 30 & 88TF SERIES,N/A,N Stock Active,115531,N/A,1,3906 H C DUKE & SON,N/A,Denise McKay,N/A,0.00
95924,E115535,KIT-O RING 88TN-CAB,N/A,N Stock Active,115535,N/A,1,3906 H C DUKE & SON,N/A,Denise McKay,N/A,0.00
95925,E115537,KIT-O RING 917 & 927,N/A,N Stock Active,115537,N/A,1,3906 H C DUKE & SON,N/A,Denise McKay,N/A,0.00
95926,E115539,KIT-O RING 707 & 77 SERIES,N/A,N Stock Active,115539,N/A,2,3906 H C DUKE & SON,N/A,Denise McKay,N/A,0.00
95927,E115541,KIT-O RING 876 SERIES,N/A,N Stock Active,115541,N/A,1,3906 H C DUKE & SON,N/A,Denise McKay,N/A,0.00
95928,E115543,KIT-O RING 877 SERIES,N/A,N Stock Active,115543,N/A,1,3906 H C DUKE & SON,N/A,Denise McKay,N/A,0.00
95929,E115550,PLUNGER SWITCH,N/A,N Stock Active,115550,N/A,2,3906 H C DUKE & SON,N/A,Denise McKay,N/A,0.00
95930,E115677,SHAFT-ASSY BEATER,N/A,N Stock Active,115677,N/A,2,3906 H C DUKE & SON,N/A,Denise McKay,N/A,0.00
95931,E115688,SWITCH-ASSY PLUNGER SHAKE PRES,N/A,N Stock Active,115688,N/A,4,3906 H C DUKE & SON,N/A,Denise McKay,N/A,0.00
95932,E115742,PUSH ROD ASSEMBLY GUIDE,N/A,N Stock Active,115742,N/A,2,3906 H C DUKE & SON,N/A,Denise McKay,N/A,0.00
95933,E115760,COUPLING-ASSY 5/8 DRIVE,N/A,N Stock Active,115760,N/A,1,3906 H C DUKE & SON,N/A,Denise McKay,N/A,0.00
95934,E115798,BAR-ASSY BEARING ALGNMENTLOANER CS2  CS8,N/A,N Stock Active,115798,N/A,1,3906 H C DUKE & SON,N/A,Denise McKay,N/A,0.00
95935,E115876,KIT-GEAR REDUCER LH,N/A,N Stock Active,115876,N/A,3,3906 H C DUKE & SON,N/A,Denise McKay,N/A,0.00
95937,E116021,TUBE-ASSY MIX FEED,N/A,N Stock Active,116021,N/A,2,3906 H C DUKE & SON,N/A,Denise McKay,N/A,0.00
95939,E116089,PUSH ROD ASSY PLUNGER SWITCH,N/A,N Stock Active,116089,N/A,8,3906 H C DUKE & SON,N/A,Denise McKay,N/A,0.00
95940,E116094,HOSE-ASSY MIX BRAIDED,N/A,N Stock Active,116094,N/A,41,3906 H C DUKE & SON,N/A,Denise McKay,13.16,539.56
95941,E116096,RELAY BRACKET ASSY,N/A,N Stock Active,116096,N/A,2,3906 H C DUKE & SON,N/A,Denise McKay,N/A,0.00
95943,E116108,KIT-BRUSH SET ER-20MOTOR 151012/SPINDLE 120764,N/A,N Stock Active,116108,N/A,7,3906 H C DUKE & SON,N/A,Denise McKay,40.58,284.06
95944,E116125,FILTER ASSEMBLY,N/A,N Stock Active,116125,N/A,3,3906 H C DUKE & SON,N/A,Denise McKay,N/A,0.00
95945,E116143,SEAL-ASSY SHAFT,N/A,N Stock Active,116143,N/A,1,3906 H C DUKE & SON,N/A,Denise McKay,8.16,8.16
95946,E116154,RESISTOR-ASSY,N/A,N Stock Active,116154,N/A,1,3906 H C DUKE & SON,N/A,Denise McKay,N/A,0.00
95947,E116236,HEAD-ASSY DISPENSE77N  15-77CMT  77CMT  44-77CMT,N/A,N Stock Active,116236,N/A,2,3906 H C DUKE & SON,N/A,Denise McKay,N/A,0.00
95949,E116323,HANDLE-ASSY DISPENSE COMPLETE,N/A,N Stock Active,116323,N/A,1,3906 H C DUKE & SON,N/A,Denise McKay,72.75,72.75
95951,E116414,ARM-ASSY TORQUE,N/A,N Stock Active,116414,N/A,1,3906 H C DUKE & SON,N/A,Denise McKay,N/A,0.00
95952,E116561,MERCHANDISER-ASSY,N/A,N Stock Active,116561,N/A,4,3906 H C DUKE & SON,N/A,Denise McKay,N/A,0.00
95953,E116851,O RING KIT CS 5,N/A,N Stock Active,116851,N/A,2,3906 H C DUKE & SON,N/A,Denise McKay,N/A,0.00
95954,E116938,KIT-MOTOR SPEED CONTROL 120V,N/A,N Stock Active,116938,N/A,1,3906 H C DUKE & SON,N/A,Denise McKay,140.97,140.97
95956,E117021,CONNECTOR-ASSY BAG IN BOX,N/A,N Stock Active,117021,N/A,1,3906 H C DUKE & SON,N/A,Denise McKay,62.34,62.34
95957,E117022,TUBE - ASSY CURVED MIX W/PIN,N/A,N Stock Active,117022,N/A,1,3906 H C DUKE & SON,N/A,Denise McKay,N/A,0.00
95958,E117054,MTS-ASSY HOUSING W/O ROLLER,N/A,N Stock Active,117054,N/A,4,3906 H C DUKE & SON,N/A,Denise McKay,N/A,0.00
95963,E117565,HEAD-ASSY DISPENSECS10,N/A,N Stock Active,117565,N/A,2,3906 H C DUKE & SON,N/A,Denise McKay,N/A,0.00
95964,E117669,KIT-CASTER,N/A,N Stock Active,117669,N/A,1,3906 H C DUKE & SON,N/A,Denise McKay,N/A,0.00
95965,E118096,SWITCH-ASSY PLUNGER CENTER,N/A,N Stock Active,118096,N/A,2,3906 H C DUKE & SON,N/A,Denise McKay,145.41,290.82
95967,E118234X,COMPRESSOR-ASY 208-230-1-60 AV,N/A,N Stock Active,118234,N/A,1,3906 H C DUKE & SON,N/A,Denise McKay,1081.33,1081.33
95968,E118235X,COMPRESSOR ASSY 208 203 3 60 A3 PHASE,N/A,N Stock Active,118235X,N/A,1,3906 H C DUKE & SON,N/A,Denise McKay,1384.77,1384.77
95969,E118236X,COMPRESSOR ASSY 208-230-1-60,N/A,N Stock Active,118236,N/A,1,3906 H C DUKE & SON,N/A,Denise McKay,N/A,0.00
95970,E118257,VALVE-ASSY ROTOLOCK,N/A,N Stock Active,118257,N/A,2,3906 H C DUKE & SON,N/A,Denise McKay,N/A,0.00
130349,E118383,KIT-REPLACE 115V DPR MOTOR CAB SS SH,N/A,N Stock Active,118383,N/A,1,3906 H C DUKE & SON,N/A,Denise McKay,1096.21,1096.21
95971,E118504,RESISTOR-ASSY 30K 3W,N/A,N Stock Active,118504,N/A,1,3906 H C DUKE & SON,N/A,Denise McKay,N/A,0.00
95972,E118549,KIT-ORING 66TF RYAN''S,N/A,N Stock Active,118549,N/A,3,3906 H C DUKE & SON,N/A,Denise McKay,N/A,0.00
95973,E118597,ACTUATOR-ASSY DOOR SWITCH,N/A,N Stock Active,118597,N/A,2,3906 H C DUKE & SON,N/A,Denise McKay,N/A,0.00
95974,E118616,KIT-4IN ADJ LEG W/ANTISLIP PAD,N/A,N Stock Active,118616,N/A,6,3906 H C DUKE & SON,N/A,Denise McKay,N/A,0.00
95975,E118636,KIT O-RING 10 AFTER E2Y1081,N/A,N Stock Active,118636,N/A,2,3906 H C DUKE & SON,N/A,Denise McKay,N/A,0.00
98872,E118685X,COMPRESSOR ASSYSINGLE PHASE,N/A,N Stock Active,118685,N/A,1,3906 H C DUKE & SON,N/A,Denise McKay,865.94,865.94
95979,E118722,BEATER OVERLOAD RELAY,N/A,N Stock Active,118722,N/A,1,3906 H C DUKE & SON,N/A,Denise McKay,N/A,0.00
95980,E118723,KIT-OVERLOAD1PH 5-15A,N/A,N Stock Active,118723,N/A,1,3906 H C DUKE & SON,N/A,Denise McKay,N/A,0.00
95981,E118725,KIT-OVERLOAD 3PH 1.6-5A,N/A,N Stock Active,118725,N/A,2,3906 H C DUKE & SON,N/A,Denise McKay,N/A,0.00
95982,E118728,KIT - IEC STARTER 1PH,N/A,N Stock Active,118728,N/A,2,3906 H C DUKE & SON,N/A,Denise McKay,N/A,0.00
95983,E118730,KIT-IEC STARTER 3PH,N/A,N Stock Active,118730,N/A,1,3906 H C DUKE & SON,N/A,Denise McKay,N/A,0.00
95984,E118765,PORT-ASSY INLET MIX/AIR,N/A,N Stock Active,118765,N/A,4,3906 H C DUKE & SON,N/A,Denise McKay,88.8,355.20
127705,E118786,REEL-ASSY 6IN DIA 26IN LONG,N/A,N Stock Active,118786,N/A,1,3906 H C DUKE & SON,N/A,Denise McKay,439.21,439.21
95986,E118836,TUBE-ASSY MIX INLET,N/A,N Stock Active,118836,N/A,2,3906 H C DUKE & SON,N/A,Denise McKay,76.6,153.20
95987,E118842,PICKUP TUBE-ASSY MIX,N/A,N Stock Active,118842,N/A,1,3906 H C DUKE & SON,N/A,Denise McKay,N/A,0.00
95988,E118894,KIT COVER SWITCH RMT FREEZER,N/A,N Stock Active,118894,N/A,1,3906 H C DUKE & SON,N/A,Denise McKay,N/A,0.00
95989,E118898,CONVERSION KIT,N/A,N Stock Active,118898,N/A,1,3906 H C DUKE & SON,N/A,Denise McKay,N/A,0.00
95990,E118996,TUBE-ASSY MIX INLET,N/A,N Stock Active,118996,N/A,1,3906 H C DUKE & SON,N/A,Denise McKay,36.59,36.59
95991,E119017,POTENTIOMETER-ASSY & BRACKET,N/A,N Stock Active,119017,N/A,1,3906 H C DUKE & SON,N/A,Denise McKay,68.19,68.19
95992,E119023,COVER ASSY RMT CAB,N/A,N Stock Active,119023,N/A,1,3906 H C DUKE & SON,N/A,Denise McKay,N/A,0.00
95993,E119106,O-RING KIT78RMT,N/A,N Stock Active,119106,N/A,2,3906 H C DUKE & SON,N/A,Denise McKay,N/A,0.00
95994,E119112,SENSOR-ASSY B-I-B SGL RMT,N/A,N Stock Active,119112,N/A,1,3906 H C DUKE & SON,N/A,Denise McKay,160.45,160.45
95996,E119162,HEAD-ASSY DISPENSECS4 & 33S,N/A,N Stock Active,119162,N/A,1,3906 H C DUKE & SON,N/A,Denise McKay,N/A,0.00
95997,E119163,KIT-ASSY DOOR SWITCH,N/A,N Stock Active,119163,N/A,13,3906 H C DUKE & SON,N/A,Denise McKay,22.02,286.26
95998,E119168,SPINDLE-ASSY 22OZ FRONT MNT,N/A,N Stock Active,119168,N/A,1,3906 H C DUKE & SON,N/A,Denise McKay,613.77,613.77
96001,E119324-03,SPINDLE-ASSY 24OZ FRONT MNT,N/A,N Stock Active,119324-03,N/A,1,3906 H C DUKE & SON,N/A,Denise McKay,928.34,928.34
96002,E119326,VALVE-ASSY ROTALOCK RH MTZ,N/A,N Stock Active,998-0510-90,N/A,1,211 AIRECO SUPPLY INC.,N/A,Denise McKay,101.17,101.17
109844,E119469,HOSE-ASSY BRAIDED RINSE HOSE,N/A,N Stock Active,119469,N/A,1,3906 H C DUKE & SON,N/A,Denise McKay,75.34,75.34
108727,E119538,KIT-SLUSH POWER MONITOR 0,N/A,N Stock Active,119538,N/A,3,3906 H C DUKE & SON,N/A,Denise McKay,N/A,0.00
96006,E119897,HIGH PRESSURE CUT OUT,N/A,N Stock Active,119897,N/A,1,3906 H C DUKE & SON,N/A,Denise McKay,N/A,0.00
96009,E120012,HEAD ASSY W/ACTUATORS,N/A,N Stock Active,120012,N/A,1,3906 H C DUKE & SON,N/A,Denise McKay,700.93,700.93
96011,E120095,KIT-RECYCLE TIMER WIRING,N/A,N Stock Active,120095,N/A,7,3906 H C DUKE & SON,N/A,Denise McKay,N/A,0.00
124373,E120117,KIT-MOTOR & CAPACITOR 1/2HP,N/A,N Stock Active,120117,N/A,1,3906 H C DUKE & SON,N/A,Denise McKay,901.25,901.25
96012,E120125-01,PAN-ASSY CONDENSATE,N/A,N Stock Active,120125-01,N/A,1,3906 H C DUKE & SON,N/A,Denise McKay,N/A,0.00
96014,E120164,KIT-SHEAVE BATCH,N/A,N Stock Active,120164,N/A,1,3906 H C DUKE & SON,N/A,Denise McKay,51.71,51.71
96016,E120301-01,PAN-ASSY CONDENSATE,N/A,N Stock Active,120301-01,N/A,1,3906 H C DUKE & SON,N/A,Denise McKay,67.09,67.09
96019,E120352,KIT-ASSY O.L. T1 4.5-6.3A,N/A,N Stock Active,120352,N/A,1,3906 H C DUKE & SON,N/A,Denise McKay,113.31,113.31
96020,E120353,RELAY OVERLOAD KIT,N/A,N Stock Active,120353,N/A,1,3906 H C DUKE & SON,N/A,Denise McKay,N/A,0.00
96022,E120493,KIT-MOTOR 2.5HP 1PH,N/A,N Stock Active,120493,N/A,1,3906 H C DUKE & SON,N/A,Denise McKay,N/A,0.00
96025,E120497,KIT-LPCO 155703  FIELDREPLACES 119166,N/A,N Stock Active,120497,N/A,2,3906 H C DUKE & SON,N/A,Denise McKay,N/A,0.00
96026,E120588,PULLEY-ASSY IDLER TENSIONER,N/A,N Stock Active,120588,N/A,4,3906 H C DUKE & SON,N/A,Denise McKay,N/A,0.00
96028,E120603,TORQUE MONITOR SHAKE/SS,N/A,N Stock Active,120603,N/A,5,3906 H C DUKE & SON,N/A,Denise McKay,178.18,890.90
96030,E120666-01,TUBE-ASSY MIX FEED .313,N/A,N Stock Active,120666-01,N/A,1,3906 H C DUKE & SON,N/A,Denise McKay,65.75,65.75
96031,E120666-02,TUBE-ASSY MIX FEED .250 THRU,N/A,N Stock Active,120666-02,N/A,1,3906 H C DUKE & SON,N/A,Denise McKay,140.5,140.50
96032,E120672,TUBE-ASSY MIX FEED SELF PRIM,N/A,N Stock Active,120672,N/A,2,3906 H C DUKE & SON,N/A,Denise McKay,301.04,602.08
96034,E120764-04,SPINDLE ASSY 24 OZ 5/8 SHAFT,N/A,N Stock Active,120764-04,N/A,1,3906 H C DUKE & SON,N/A,Denise McKay,926.06,926.06
96036,E120767,SWITCH-ASSY PLUNGER,N/A,N Stock Active,120767,N/A,10,3906 H C DUKE & SON,N/A,Denise McKay,N/A,0.00
96038,E120778,INSERT - ASSY DRIP TRAY,N/A,N Stock Active,120778,N/A,1,3906 H C DUKE & SON,N/A,Denise McKay,N/A,0.00
96042,E120829-01,PROBE-ASSY ELEC TEMP,N/A,N Stock Active,120829-01,N/A,1,3906 H C DUKE & SON,N/A,Denise McKay,N/A,0.00
96045,E120912,KIT-CASTER 1-14SET OF 4 - 2W/BRAKES 2 W/OUT,N/A,N Stock Active,120912,N/A,3,3906 H C DUKE & SON,N/A,Denise McKay,98.39,295.17
96047,E120946,BEARING-ASSY REAR,N/A,N Stock Active,120946,N/A,1,3906 H C DUKE & SON,N/A,Denise McKay,165.76,165.76
98873,E120950X,COMPRESSOR CONVER. 3HP 1HP,N/A,N Stock Active,120950,N/A,1,3906 H C DUKE & SON,N/A,Denise McKay,2004.83,2004.83
96048,E120969,BOARD ASSY TORQUE MON SH/SSDH7  DH10  CS600  CS700,N/A,N Stock Active,120969,N/A,5,3906 H C DUKE & SON,N/A,Denise McKay,N/A,0.00
96049,E120983,TUBE-ASSY SMALL PERISTALTIC,N/A,N Stock Active,120983,N/A,3,3906 H C DUKE & SON,N/A,Denise McKay,24.87,74.61
96050,E120983-01,TUBE-ASSY LARGE PERISTALTIC,N/A,N Stock Active,120983-01,N/A,3,3906 H C DUKE & SON,N/A,Denise McKay,25.67,77.01
96051,E120991,DIVERTER-ASSY AIR,N/A,N Stock Active,120991-01,N/A,1,3906 H C DUKE & SON,N/A,Denise McKay,N/A,0.00
116421,E121005,HEAD-ASSY W/POSTS 5 FL SH 0,N/A,N Stock Active,121005,N/A,1,3906 H C DUKE & SON,N/A,Denise McKay,623.8,623.80
96054,E121011,SWITCH ASSY PLUNGERCS705,N/A,N Stock Active,121011,N/A,6,3906 H C DUKE & SON,N/A,Denise McKay,N/A,0.00
96055,E121011-01,SWITCH-ASSY PLUNGER W/MALTCS705,N/A,N Stock Active,121011-01,N/A,1,3906 H C DUKE & SON,N/A,Denise McKay,N/A,0.00
109846,E121025,TUBE-ASSY MIX FEED .218 0,N/A,N Stock Active,121025,N/A,1,3906 H C DUKE & SON,N/A,Denise McKay,118.7,118.70
96056,E121039,TUBE-ASSY SYRUP PICK-UP,N/A,N Stock Active,121039,N/A,1,3906 H C DUKE & SON,N/A,Denise McKay,N/A,0.00
96058,E121076-01,TUBE-ASSY MIX FEED MOLDEDSHORT,N/A,N Stock Active,121076-01,N/A,2,3906 H C DUKE & SON,N/A,Denise McKay,36.38,72.76
96059,E121100,KIT-TUBE ASSY SYRUP YELLOWCS705,N/A,N Stock Active,121100,N/A,1,3906 H C DUKE & SON,N/A,Denise McKay,N/A,0.00
96060,E121101,KIT-TUBE ASSY SYRUP BROWNCS705,N/A,N Stock Active,121101,N/A,1,3906 H C DUKE & SON,N/A,Denise McKay,N/A,0.00
96061,E121102,KIT-TUBE ASSY REDCS705,N/A,N Stock Active,121102,N/A,1,3906 H C DUKE & SON,N/A,Denise McKay,N/A,0.00
96062,E121103,KIT-TUBE ASSY BLUECS705,N/A,N Stock Active,121103,N/A,1,3906 H C DUKE & SON,N/A,Denise McKay,N/A,0.00
96063,E121112,RELAY-ASSY O.L. T1 4.5-6.3AOVERLOAD,N/A,N Stock Active,121112,N/A,2,3906 H C DUKE & SON,N/A,Denise McKay,N/A,0.00
96064,E121113,KIT-ASSY O.L. RF38 6.3-10 AOVERLOAD,N/A,N Stock Active,121113,N/A,2,3906 H C DUKE & SON,N/A,Denise McKay,N/A,0.00
96065,E121186,HEAD-ASSY DISPENSESLUSH,N/A,N Stock Active,121186,N/A,1,3906 H C DUKE & SON,N/A,Denise McKay,476.01,476.01
96066,E121200,COUPLING-ASSY 7/8 DRIVE,N/A,N Stock Active,121200,N/A,2,3906 H C DUKE & SON,N/A,Denise McKay,39.6,79.20
96067,E121252-01,TUBE-ASSY MIX FEED SHORT,N/A,N Stock Active,121252-01,N/A,3,3906 H C DUKE & SON,N/A,Denise McKay,N/A,0.00
96068,E121255X,COMPRESSOR ASSY 208 203 3 60 A3 PHASE,N/A,N Stock Active,121255,N/A,2,3906 H C DUKE & SON,N/A,Denise McKay,1370.56,2741.12
96069,E121256X,COMP-ASSY 208-230/1/60 ZS15KAE,N/A,N Stock Active,121256,N/A,2,3906 H C DUKE & SON,N/A,Denise McKay,N/A,0.00
96070,E121289-12,TRIMSTRIP-ASSY EF DECAL 24 IN,N/A,N Stock Active,121289-12,N/A,1,3906 H C DUKE & SON,N/A,Denise McKay,N/A,0.00
96071,E121349-01,TUBE-ASSY PERITALTIC 3/328 FLV,N/A,N Stock Active,121349-01,N/A,6,3906 H C DUKE & SON,N/A,Denise McKay,26.01,156.06
96072,E121424,KIT-MOTOR CAPS 208-230/1/60 2HSINGLE PHASE GEN SERIES UNITS,N/A,N Stock Active,121424,N/A,1,3906 H C DUKE & SON,N/A,Denise McKay,N/A,0.00
96073,E121432,CONNECTOR-ASSY PRESSURE SWITCH,N/A,N Stock Active,121432,N/A,5,3906 H C DUKE & SON,N/A,Denise McKay,N/A,0.00
96074,E121441X,KIT-TRANSDUCER30 PSIGGEN/GES MODELS,N/A,N Stock Active,121441,N/A,2,3906 H C DUKE & SON,N/A,Denise McKay,672.05,1344.10
96076,E121514,KIT-BOARD PROGRAMMER TABLETSLX  GEN  GES SERIES,N/A,N Stock Active,121514,N/A,1,3906 H C DUKE & SON,N/A,Denise McKay,N/A,0.00
129011,E121536,KIT-RMT SWING ARM PRESS RELIEF,N/A,N Stock Active,12136,N/A,1,3906 H C DUKE & SON,N/A,Denise McKay,61.27,61.27
96077,E121557X,KIT-TRANSDUCER W/TEMP SENSORDQ GEN/GES,N/A,N Stock Active,121557,N/A,6,3906 H C DUKE & SON,N/A,Denise McKay,N/A,0.00
96078,E121584-04,SHAFT  FLEXABLE 18"BALL BEARING,N/A,N Stock Active,121584-04,N/A,1,3906 H C DUKE & SON,N/A,Denise McKay,431.88,431.88
96080,E121730X,COMPRESSOR-KITCS700 DANFOSS,N/A,N Stock Active,121730,N/A,2,3906 H C DUKE & SON,N/A,Denise McKay,882.45,1764.90
96081,E121808,HEAT EXCHANGER,N/A,N Stock Active,121808,N/A,2,3906 H C DUKE & SON,N/A,Denise McKay,127.81,255.62
96083,E121986X,COMPRESSOR-ASSY 208-230/1/60CS SH,N/A,N Stock Active,121986,N/A,1,3906 H C DUKE & SON,N/A,Denise McKay,620.54,620.54
96085,E122029,KIT-BATCH RINSE HOSE RETROFIT,N/A,N Stock Active,122029,N/A,3,3906 H C DUKE & SON,N/A,Denise McKay,135.84,407.52
104984,E122193,WASH-VALVE REPLACEMENT KIT,N/A,N Stock Active,122193,N/A,2,3906 H C DUKE & SON,N/A,Denise McKay,280.35,560.70
96087,E130023,SLEEVE AUGER,N/A,N Stock Active,130023,N/A,5,3906 H C DUKE & SON,N/A,Denise McKay,N/A,0.00
96088,E130034,HOUSING-DIAPHRAGM,N/A,N Stock Active,130034,N/A,2,3906 H C DUKE & SON,N/A,Denise McKay,N/A,0.00
96089,E130054,HOUSING-DIAPHRAGM,N/A,N Stock Active,130054,N/A,1,3906 H C DUKE & SON,N/A,Denise McKay,N/A,0.00
96090,E130230,EXTENSION EF SPIGOT,N/A,N Stock Active,130230,N/A,1,3906 H C DUKE & SON,N/A,Denise McKay,N/A,0.00
96091,E130243,SEAT-VALVE,N/A,N Stock Active,130243,N/A,3,3906 H C DUKE & SON,N/A,Denise McKay,N/A,0.00
96092,E132249,SPACER-PHENOLIC,N/A,N Stock Active,132249,N/A,9,3906 H C DUKE & SON,N/A,Denise McKay,N/A,0.00
96093,E132887,BUTTON-BEATER SHAFT,N/A,N Stock Active,132887,N/A,8,3906 H C DUKE & SON,N/A,Denise McKay,N/A,0.00
96094,E133098,WASHER SHAFT SEAL,N/A,N Stock Active,133098,N/A,20,3906 H C DUKE & SON,N/A,Denise McKay,5.81,116.20
96095,E133415,CAP-COUPLING,N/A,N Stock Active,133415,N/A,1,3906 H C DUKE & SON,N/A,Denise McKay,22.67,22.67
96096,E134482,CLIP-AIR LINE,N/A,N Stock Active,134482,N/A,3,3906 H C DUKE & SON,N/A,Denise McKay,N/A,0.00
96097,E134520,CLAMP-SWING DP,N/A,N Stock Active,134520,N/A,5,3906 H C DUKE & SON,N/A,Denise McKay,N/A,0.00
96098,E134593,PLUNGER,N/A,N Stock Active,134593,N/A,6,3906 H C DUKE & SON,N/A,Denise McKay,N/A,0.00
96099,E134602,ROD-CONNECTION,N/A,N Stock Active,134602,N/A,3,3906 H C DUKE & SON,N/A,Denise McKay,N/A,0.00
96100,E134603,PIN-WRIST,N/A,N Stock Active,134603,N/A,1,3906 H C DUKE & SON,N/A,Denise McKay,N/A,0.00
96101,E134773,PLUNGER-DISPENSE,N/A,N Stock Active,134773,N/A,1,3906 H C DUKE & SON,N/A,Denise McKay,N/A,0.00
96103,E135304,HOUSING-DP VALVE,N/A,N Stock Active,135304,N/A,1,3906 H C DUKE & SON,N/A,Denise McKay,N/A,0.00
96104,E135589,CONNECTOR-MIX INLET,N/A,N Stock Active,135589,N/A,2,3906 H C DUKE & SON,N/A,Denise McKay,N/A,0.00
96105,E135605,PLUNGER-CENTER TF,N/A,N Stock Active,135605,N/A,3,3906 H C DUKE & SON,N/A,Denise McKay,N/A,0.00
96106,E135724,BUTTON-PRESSURE SWITCH,N/A,N Stock Active,135724,N/A,2,3906 H C DUKE & SON,N/A,Denise McKay,N/A,0.00
96107,E135729,ACTUATOR SWITCH,N/A,N Stock Active,135729,N/A,1,3906 H C DUKE & SON,N/A,Denise McKay,N/A,0.00
96108,E135791,OUTLET-PUMP W/RELIEF VALVE,N/A,N Stock Active,135791,N/A,1,3906 H C DUKE & SON,N/A,Denise McKay,N/A,0.00
96109,E135792,OUTLET-PUMP W/RELIEF VALVE,N/A,N Stock Active,135792,N/A,1,3906 H C DUKE & SON,N/A,Denise McKay,11.1,11.10
96110,E135793,CLIP-RETAINER,N/A,N Stock Active,135793,N/A,2,3906 H C DUKE & SON,N/A,Denise McKay,12.15,24.30
96111,E135807,COVER-ADJUTMENT HOLE,N/A,N Stock Active,135807,N/A,1,3906 H C DUKE & SON,N/A,Denise McKay,N/A,0.00
96112,E135896,HOSE-PRESSURE RELIEF,N/A,N Stock Active,135896,N/A,1,3906 H C DUKE & SON,N/A,Denise McKay,1.47,1.47
96113,E136025,WASHER SHAFT SEAL,N/A,N Stock Active,136025,N/A,1,3906 H C DUKE & SON,N/A,Denise McKay,2.7,2.70
96115,E136248-01,COVER-REAR,N/A,N Stock Active,136248-01,N/A,1,3906 H C DUKE & SON,N/A,Denise McKay,17.28,17.28
96117,E136288,KEEPER-RELIEF VALVE,N/A,N Stock Active,136288,N/A,1,3906 H C DUKE & SON,N/A,Denise McKay,2.67,2.67
96118,E136297,PAN-CONDENSATE,N/A,N Stock Active,136297,N/A,1,3906 H C DUKE & SON,N/A,Denise McKay,N/A,0.00
96119,E136367,SHAFT-DRIVE,N/A,N Stock Active,136367,N/A,1,3906 H C DUKE & SON,N/A,Denise McKay,N/A,0.00
96120,E136382,BLADE-SCRAPER,N/A,N Stock Active,136382,N/A,4,3906 H C DUKE & SON,N/A,Denise McKay,13.38,53.52
96121,E136388,SWITCH-TORQUE,N/A,N Stock Active,136388,N/A,5,3906 H C DUKE & SON,N/A,Denise McKay,N/A,0.00
96122,E136602,BUSHING-SPINNER FRONT,N/A,N Stock Active,136602,N/A,1,3906 H C DUKE & SON,N/A,Denise McKay,N/A,0.00
96123,E136662,PLUNGER-DISPENSING,N/A,N Stock Active,136662,N/A,7,3906 H C DUKE & SON,N/A,Denise McKay,N/A,0.00
96124,E136720,REGULATOR-MIX FEED,N/A,N Stock Active,136720,N/A,2,3906 H C DUKE & SON,N/A,Denise McKay,N/A,0.00
96125,E136721,REGULATOR-MIX FEED,N/A,N Stock Active,136721,N/A,2,3906 H C DUKE & SON,N/A,Denise McKay,N/A,0.00
96126,E136770,HEAD-DISPENSE,N/A,N Stock Active,136770,N/A,1,3906 H C DUKE & SON,N/A,Denise McKay,N/A,0.00
96128,E136860,GUARD-SPLASH,N/A,N Stock Active,136860,N/A,2,3906 H C DUKE & SON,N/A,Denise McKay,N/A,0.00
96129,E137119,PROBE-MIX LEVEL 11-1/4,N/A,N Stock Active,137119,N/A,6,3906 H C DUKE & SON,N/A,Denise McKay,N/A,0.00
96130,E137119-01,PROBE-MIX LEVEL,N/A,N Stock Active,137119-01,N/A,3,3906 H C DUKE & SON,N/A,Denise McKay,N/A,0.00
96131,E137119-03,PROBE-MIX LEVEL 8 1/2,N/A,N Stock Active,137119-03,N/A,1,3906 H C DUKE & SON,N/A,Denise McKay,N/A,0.00
96132,E137119-04,PROBE-MIX LEVEL 8,N/A,N Stock Active,137119-04,N/A,6,3906 H C DUKE & SON,N/A,Denise McKay,N/A,0.00
96133,E137120,BASE-PROBE MOUNTING,N/A,N Stock Active,137120,N/A,2,3906 H C DUKE & SON,N/A,Denise McKay,N/A,0.00
96134,E137174,PLUNGER-SIDE SELF DISPENSE,N/A,N Stock Active,137174,N/A,1,3906 H C DUKE & SON,N/A,Denise McKay,43.08,43.08
96135,E137176,PIN-HANDLE,N/A,N Stock Active,137176,N/A,4,3906 H C DUKE & SON,N/A,Denise McKay,N/A,0.00
96136,E137193,BUSHING-HEAD,N/A,N Stock Active,137193,N/A,2,3906 H C DUKE & SON,N/A,Denise McKay,N/A,0.00
96137,E137306,HEAD-DISPENSE GRAVITY,N/A,N Stock Active,137306,N/A,1,3906 H C DUKE & SON,N/A,Denise McKay,N/A,0.00
96139,E137362,BLADE-SCRAPER SHAKE NON REV,N/A,N Stock Active,137362,N/A,22,3906 H C DUKE & SON,N/A,Denise McKay,43.52,957.44
96141,E137538,PLUNGER-DISPENSING,N/A,N Stock Active,137538,N/A,1,3906 H C DUKE & SON,N/A,Denise McKay,N/A,0.00
96142,E137539,PLUNGER-CENTER TF,N/A,N Stock Active,137539,N/A,7,3906 H C DUKE & SON,N/A,Denise McKay,N/A,0.00
96144,E137593,WASHER - DOUBLE SHAFT SEAL,N/A,N Stock Active,137593,N/A,11,3906 H C DUKE & SON,N/A,Denise McKay,N/A,0.00
96145,E137763,ROD-ACTUATOR,N/A,N Stock Active,137763,N/A,9,3906 H C DUKE & SON,N/A,Denise McKay,12.14,109.26
96146,E137807,PLUNGER-DISPENSE,N/A,N Stock Active,137807,N/A,1,3906 H C DUKE & SON,N/A,Denise McKay,N/A,0.00
96147,E137896,SHIELD SWITCH,N/A,N Stock Active,137896,N/A,2,3906 H C DUKE & SON,N/A,Denise McKay,N/A,0.00
96148,E137902,PLUNGER-DISPENSE CENTER,N/A,N Stock Active,137902,N/A,4,3906 H C DUKE & SON,N/A,Denise McKay,N/A,0.00
96149,E137915,HEAD-DISPENSE,N/A,N Stock Active,137915,N/A,1,3906 H C DUKE & SON,N/A,Denise McKay,N/A,0.00
96150,E137923,PLUG-HOPPER,N/A,N Stock Active,137923,N/A,4,3906 H C DUKE & SON,N/A,Denise McKay,N/A,0.00
96151,E137934,BLADE - SCRAPER,N/A,N Stock Active,137934,N/A,8,3906 H C DUKE & SON,N/A,Denise McKay,22.49,179.92
96152,E137952,GUARD-SWITCH,N/A,N Stock Active,137952,N/A,29,3906 H C DUKE & SON,N/A,Denise McKay,N/A,0.00
96153,E137979,ROD-ACTUATOR,N/A,N Stock Active,137979,N/A,2,3906 H C DUKE & SON,N/A,Denise McKay,N/A,0.00
96156,E138087,BLADE - SCRAPER,N/A,N Stock Active,138087,N/A,13,3906 H C DUKE & SON,N/A,Denise McKay,N/A,0.00
96157,E138149,PLUG-AIR BLEED,N/A,N Stock Active,138149,N/A,12,3906 H C DUKE & SON,N/A,Denise McKay,11.27,135.24
96159,E138170,AIR TUBE 11 IN.,N/A,N Stock Active,138170,N/A,55,3906 H C DUKE & SON,N/A,Denise McKay,0.49,26.95
96160,E138170-02,AIR TUBE 7 1/2 IN.,N/A,N Stock Active,138170-02,N/A,2,3906 H C DUKE & SON,N/A,Denise McKay,0.4,0.80
96162,E138202,BAR BREAKER,N/A,N Stock Active,138202,N/A,2,3906 H C DUKE & SON,N/A,Denise McKay,21.1,42.20
96163,E138256,BLADE-SCRAPER,N/A,N Stock Active,138256,N/A,7,3906 H C DUKE & SON,N/A,Denise McKay,19.08,133.56
96164,E138336,BUSHING-PLASTIC DOOR,N/A,N Stock Active,138336,N/A,1,3906 H C DUKE & SON,N/A,Denise McKay,5.74,5.74
96165,E138427,BUSHING - DISPENSE HEAD,N/A,N Stock Active,138427,N/A,47,3906 H C DUKE & SON,N/A,Denise McKay,11.72,550.84
96166,E138611,ROD-ACTUATOR 4 3/8 INCS UNITS,N/A,N Stock Active,138611,N/A,18,3906 H C DUKE & SON,N/A,Denise McKay,N/A,0.00
96167,E138797,ARM-SHOE PIVOT,N/A,N Stock Active,138797,N/A,3,3906 H C DUKE & SON,N/A,Denise McKay,N/A,0.00
96172,E138947,BUSHING-REEL,N/A,N Stock Active,138947,N/A,4,3906 H C DUKE & SON,N/A,Denise McKay,15.01,60.04
127706,E139274,NUT-PISTON ROD,N/A,N Stock Active,139274,N/A,2,3906 H C DUKE & SON,N/A,Denise McKay,4.14,8.28
96173,E139385,MIX FEED TUBE,N/A,N Stock Active,139385,N/A,1,3906 H C DUKE & SON,N/A,Denise McKay,N/A,0.00
96174,E139581,PLUNGER-DISPENSE SELF CLOSE,N/A,N Stock Active,139581,N/A,3,3906 H C DUKE & SON,N/A,Denise McKay,N/A,0.00
96176,E139793,SCRAPER BLADE 25.75"40 QT. BATCH FREEZER,N/A,N Stock Active,139793,N/A,6,3906 H C DUKE & SON,N/A,Denise McKay,N/A,0.00
96179,E139884-02,BEARING-DASHER FRONT,N/A,N Stock Active,139884-02,N/A,2,3906 H C DUKE & SON,N/A,Denise McKay,N/A,0.00
96183,E140045-01,SHAFT-SPINDLE 16 OZ,N/A,N Stock Active,140045-01,N/A,1,3906 H C DUKE & SON,N/A,Denise McKay,94.9,94.90
110715,E140198,Lid-Door Batch Units,N/A,N Stock Active,140198,N/A,1,3906 H C DUKE & SON,N/A,Denise McKay,36.69,36.69
96185,E140360,DOOR-DISPENSE,N/A,N Stock Active,140360,N/A,2,3906 H C DUKE & SON,N/A,Denise McKay,212.87,425.74
96187,E140362,KNOB-DOORBATCH FREEZER,N/A,N Stock Active,140362,N/A,7,3906 H C DUKE & SON,N/A,Denise McKay,N/A,0.00
96188,E140384,METER-PANEL VOLT,N/A,N Stock Active,140384,N/A,1,3906 H C DUKE & SON,N/A,Denise McKay,224.62,224.62
96189,E140445,COVER-REAR MIX,N/A,N Stock Active,140445,N/A,1,3906 H C DUKE & SON,N/A,Denise McKay,N/A,0.00
96190,E140695,EXTENSION-HEAD,N/A,N Stock Active,140695,N/A,2,3906 H C DUKE & SON,N/A,Denise McKay,N/A,0.00
124376,E140706,KNOB-FLUTED 1/4-20  CUSTOM,N/A,N Stock Active,140706,N/A,4,3906 H C DUKE & SON,N/A,Denise McKay,11.36,45.44
96191,E140713,PLUNGER - DISPENSE MODIFIED,N/A,N Stock Active,140713,N/A,5,3906 H C DUKE & SON,N/A,Denise McKay,56.4,282.00
96192,E140721,TUBE-MIX FEED .313 ORIFICE,N/A,N Stock Active,140721,N/A,2,3906 H C DUKE & SON,N/A,Denise McKay,64.32,128.64
96193,E140721-02,TUBE-MIX FEED .250,N/A,N Stock Active,140721-02,N/A,2,3906 H C DUKE & SON,N/A,Denise McKay,81.8,163.60
96194,E140744,PLUNGER-DISPENSE,N/A,N Stock Active,140744,N/A,2,3906 H C DUKE & SON,N/A,Denise McKay,N/A,0.00
96195,E140745,PLUNGER-DISPENSE CENTER,N/A,N Stock Active,140745,N/A,1,3906 H C DUKE & SON,N/A,Denise McKay,N/A,0.00
108732,E140824,SHAFT-DRIVE 0,N/A,N Stock Active,140824,N/A,1,3906 H C DUKE & SON,N/A,Denise McKay,54.75,54.75
96196,E140830,PLUG-AIR BLEED,N/A,N Stock Active,140830,N/A,2,3906 H C DUKE & SON,N/A,Denise McKay,N/A,0.00
99920,E141150,PLUNGER DISPENSING5 FLAVOR,N/A,N Stock Active,141150,N/A,5,3906 H C DUKE & SON,N/A,Denise McKay,70.99,354.95
96199,E141151,BUSHING MIXER SHAFTCS705,N/A,N Stock Active,141151,N/A,3,3906 H C DUKE & SON,N/A,Denise McKay,57.05,171.15
96202,E141821,BAR BREAKER MOLDED SHORT,N/A,N Stock Active,E141821,N/A,1,3906 H C DUKE & SON,N/A,Denise McKay,16.47,16.47
96203,E141860,BEARING-PLUNGER END,N/A,N Stock Active,141860,N/A,6,3906 H C DUKE & SON,N/A,Denise McKay,70.82,424.92
96204,E150000-02,HARNESS WIRE UI,N/A,N Stock Active,150000-02,N/A,3,3906 H C DUKE & SON,N/A,Denise McKay,N/A,0.00
96205,E150024,FUSE-SLO BLOW 4.0 A 1/4X1 1/4,N/A,N Stock Active,150024,N/A,10,3906 H C DUKE & SON,N/A,Denise McKay,N/A,0.00
116423,E150029,COMPRESSOR RELAY 0,N/A,N Stock Active,150029,N/A,1,3906 H C DUKE & SON,N/A,Denise McKay,37.98,37.98
96206,E150033,MEMBRANE-CABDOUBLE BARREL GEN & GES,N/A,N Stock Active,150033,N/A,1,3906 H C DUKE & SON,N/A,Denise McKay,29.97,29.97
96207,E150059,RELAY-OVERLOAD T1 4.5-6.3A,N/A,N Stock Active,150059,N/A,2,3906 H C DUKE & SON,N/A,Denise McKay,N/A,0.00
96208,E150062,RELAY OVERLOAD T1 15,N/A,N Stock Active,150062,N/A,6,3906 H C DUKE & SON,N/A,Denise McKay,N/A,0.00
96209,E150069,RELAY-OVERLOAD RF38 6.3-10A,N/A,N Stock Active,150069,N/A,1,3906 H C DUKE & SON,N/A,Denise McKay,N/A,0.00
96212,E150078,RELAY-MINI SPDT 12VDC COILDH7  SLX400  SLX500,N/A,N Stock Active,150078,N/A,4,3906 H C DUKE & SON,N/A,Denise McKay,N/A,0.00
96215,E150095,CONTACTOR MINI 3P,N/A,N Stock Active,150095,N/A,6,3906 H C DUKE & SON,N/A,Denise McKay,62.45,374.70
96216,E150097,RELAY-MINIATURE DPDT 24V COIL,N/A,N Stock Active,150097,N/A,1,3906 H C DUKE & SON,N/A,Denise McKay,N/A,0.00
96217,E150097-01,RELAY-MINIATURE DPDT 230V COIL,N/A,N Stock Active,150097-01,N/A,3,3906 H C DUKE & SON,N/A,Denise McKay,N/A,0.00
96218,E150098,RELAY-MINI DPDT SOCKET,N/A,N Stock Active,150098,N/A,1,3906 H C DUKE & SON,N/A,Denise McKay,N/A,0.00
96219,E150107,CONTACTOR-IEC 115V COIL,N/A,N Stock Active,150107,N/A,3,3906 H C DUKE & SON,N/A,Denise McKay,N/A,0.00
96220,E150113,RELAY-OVERLOAD 4.0-6.0A,N/A,N Stock Active,150113,N/A,1,3906 H C DUKE & SON,N/A,Denise McKay,N/A,0.00
96221,E150114,RELAY-OVERLOAD 5.5-9.0 A,N/A,N Stock Active,150114,N/A,1,3906 H C DUKE & SON,N/A,Denise McKay,N/A,0.00
96222,E150136,CONTACTOR-IEC 23A 24V COIL,N/A,N Stock Active,150136,N/A,3,3906 H C DUKE & SON,N/A,Denise McKay,N/A,0.00
96223,E150142,RELAY-SS OVERLOAD 3PH 3.7-12A,N/A,N Stock Active,150142,N/A,2,3906 H C DUKE & SON,N/A,Denise McKay,N/A,0.00
96224,E150146,DECK-ADDER 1 NO 1 NC,N/A,N Stock Active,150146,N/A,3,3906 H C DUKE & SON,N/A,Denise McKay,N/A,0.00
96225,E150150,BUTTON-OL RESET ADAPTER,N/A,N Stock Active,150150,N/A,3,3906 H C DUKE & SON,N/A,Denise McKay,N/A,0.00
96226,E150154,TIMER-DOM 220V 1.3S FIXED,N/A,N Stock Active,150154,N/A,1,3906 H C DUKE & SON,N/A,Denise McKay,N/A,0.00
96227,E150156,COIL - A/B 208/230,N/A,N Stock Active,150156,N/A,9,3906 H C DUKE & SON,N/A,Denise McKay,46.19,415.71
96228,E150158,RELAY-SS OVERLOAD 1PH 5-15,N/A,N Stock Active,150158,N/A,2,3906 H C DUKE & SON,N/A,Denise McKay,45.87,91.74
96229,E150160,CONTACTOR-IEC 25A 4POLE 24V CO,N/A,N Stock Active,150160,N/A,6,3906 H C DUKE & SON,N/A,Denise McKay,N/A,0.00
96230,E150163,OVERLOAD RELAY,N/A,N Stock Active,150163,N/A,3,3906 H C DUKE & SON,N/A,Denise McKay,N/A,0.00
124378,E150188,TIMER-DOB .5-60 SEC,N/A,N Stock Active,150188,N/A,4,3906 H C DUKE & SON,N/A,Denise McKay,103.87,415.48
108734,E150196,SUPPLY-POWER 24VAC/24VDC 0,N/A,N Stock Active,150196,N/A,1,3906 H C DUKE & SON,N/A,Denise McKay,218.36,218.36
96231,E150202,INDICATOR-MIX LEVEL,N/A,N Stock Active,150202,N/A,4,3906 H C DUKE & SON,N/A,Denise McKay,N/A,0.00
96232,E150204,TIMER-DOM .5-3 SEC 115V,N/A,N Stock Active,150204,N/A,4,3906 H C DUKE & SON,N/A,Denise McKay,N/A,0.00
96233,E150205,TIMER 60 SEC DELAY ON BREAK,N/A,N Stock Active,150205,N/A,9,3906 H C DUKE & SON,N/A,Denise McKay,N/A,0.00
96234,E150206,TIMER-30 SEC DELAY ON MAKE,N/A,N Stock Active,150206,N/A,4,3906 H C DUKE & SON,N/A,Denise McKay,N/A,0.00
96236,E150210,TIMER-MERCURY 12 SEC,N/A,N Stock Active,150210,N/A,3,3906 H C DUKE & SON,N/A,Denise McKay,N/A,0.00
96238,E150223,TIMER-30 SEC DELAY ON BREAK,N/A,N Stock Active,150223,N/A,9,3906 H C DUKE & SON,N/A,Denise McKay,N/A,0.00
96239,E150226,TIMER-RECYCLE 120V,N/A,N Stock Active,150226,N/A,1,3906 H C DUKE & SON,N/A,Denise McKay,N/A,0.00
96240,E150229,POTENTIOMETER-2 MEG,N/A,N Stock Active,150229,N/A,1,3906 H C DUKE & SON,N/A,Denise McKay,N/A,0.00
96241,E150231,TIMER-RECYCLE 230V,N/A,N Stock Active,150231,N/A,2,3906 H C DUKE & SON,N/A,Denise McKay,N/A,0.00
96242,E150232,TIMER RECYCLE 2230V,N/A,N Stock Active,150232,N/A,3,3906 H C DUKE & SON,N/A,Denise McKay,N/A,0.00
96245,E150239,CAPACITOR-START 540-648FD,N/A,N Stock Active,150239,N/A,3,3906 H C DUKE & SON,N/A,Denise McKay,N/A,0.00
96246,E150243,CAPACITOR-START 176-216MFD 330,N/A,N Stock Active,150243,N/A,1,3906 H C DUKE & SON,N/A,Denise McKay,N/A,0.00
96247,E150244,CAPACITOR-RUN 30 MFD 370 VAC,N/A,N Stock Active,150244,N/A,5,3906 H C DUKE & SON,N/A,Denise McKay,19.51,97.55
96248,E150246,RELAY-TB 820ARP3C31,N/A,N Stock Active,150246,N/A,7,3906 H C DUKE & SON,N/A,Denise McKay,N/A,0.00
96249,E150248,CAPACITOR-RUN 20 MFD 370 VAC,N/A,N Stock Active,150248,N/A,3,3906 H C DUKE & SON,N/A,Denise McKay,N/A,0.00
96251,E150258,60 SEC TIMER - DELAY ON BRK,N/A,N Stock Active,150258,N/A,1,3906 H C DUKE & SON,N/A,Denise McKay,N/A,0.00
96252,E150261-01,TIMER-DOB .5-45 SEC 24VAC,N/A,N Stock Active,150261-01,N/A,12,3906 H C DUKE & SON,N/A,Denise McKay,N/A,0.00
96253,E150263,TIMER-DOM/DOB ADJ 120 VAC,N/A,N Stock Active,150263,N/A,1,3906 H C DUKE & SON,N/A,Denise McKay,N/A,0.00
96254,E150290,TRANSFORMER-CL2 240PRI/24 SEC,N/A,N Stock Active,150290,N/A,1,3906 H C DUKE & SON,N/A,Denise McKay,N/A,0.00
96255,E150293,CAPACITOR-RUN,N/A,N Stock Active,150293,N/A,4,3906 H C DUKE & SON,N/A,Denise McKay,N/A,0.00
96256,E150294,CAPACITOR-RUN,N/A,N Stock Active,150294,N/A,13,3906 H C DUKE & SON,N/A,Denise McKay,N/A,0.00
96257,E150306,COIL-MOLDED,N/A,N Stock Active,150306,N/A,1,3906 H C DUKE & SON,N/A,Denise McKay,N/A,0.00
96258,E150318,CAPACITOR-RUN,N/A,N Stock Active,150318,N/A,9,3906 H C DUKE & SON,N/A,Denise McKay,N/A,0.00
96259,E150319,CAPACITOR-START,N/A,N Stock Active,150319,N/A,2,3906 H C DUKE & SON,N/A,Denise McKay,24.66,49.32
96260,E150337,BREAKER-CIRCUIT 3.2 A,N/A,N Stock Active,150337,N/A,2,3906 H C DUKE & SON,N/A,Denise McKay,N/A,0.00
96261,E150340,2-POLE CONTACTOR,N/A,N Stock Active,150340,N/A,2,3906 H C DUKE & SON,N/A,Denise McKay,N/A,0.00
96262,E150343,RELAY-CONTROL FLANGE DPDT24VAC,N/A,N Stock Active,150343,N/A,2,3906 H C DUKE & SON,N/A,Denise McKay,30.27,60.54
96263,E150357,RUN CAPACITOR,N/A,N Stock Active,150357,N/A,2,3906 H C DUKE & SON,N/A,Denise McKay,N/A,0.00
96264,E150361,CAPACITOR-START,N/A,N Stock Active,150361,N/A,3,3906 H C DUKE & SON,N/A,Denise McKay,N/A,0.00
96265,E150362,CAPACITOR-RUN,N/A,N Stock Active,150362,N/A,2,3906 H C DUKE & SON,N/A,Denise McKay,N/A,0.00
96266,E150363,RELAY START,N/A,N Stock Active,150363,N/A,4,3906 H C DUKE & SON,N/A,Denise McKay,N/A,0.00
96267,E150376,115V RELAY BASE,N/A,N Stock Active,150376,N/A,2,3906 H C DUKE & SON,N/A,Denise McKay,N/A,0.00
96268,E150377,KIT-CONTACT POINT,N/A,N Stock Active,150377,N/A,1,3906 H C DUKE & SON,N/A,Denise McKay,N/A,0.00
96271,E150388,CONTACTOR-3P 208-230V 50/60 HZ,N/A,N Stock Active,150388,N/A,1,3906 H C DUKE & SON,N/A,Denise McKay,N/A,0.00
96272,E150392,RELAY,N/A,N Stock Active,150392,N/A,1,3906 H C DUKE & SON,N/A,Denise McKay,N/A,0.00
96274,E150399,CAPACITOR-RUN,N/A,N Stock Active,150399,N/A,5,3906 H C DUKE & SON,N/A,Denise McKay,N/A,0.00
96276,E150403,CAPACITOR-RUN,N/A,N Stock Active,150403,N/A,1,3906 H C DUKE & SON,N/A,Denise McKay,N/A,0.00
96277,E150406,RELAY-START/RUN,N/A,N Stock Active,150406,N/A,1,3906 H C DUKE & SON,N/A,Denise McKay,N/A,0.00
96278,E150410,SWITCH-START FOR 151004,N/A,N Stock Active,150410,N/A,2,3906 H C DUKE & SON,N/A,Denise McKay,N/A,0.00
96279,E150423,SWITCH-MICRO,N/A,N Stock Active,150423,N/A,5,3906 H C DUKE & SON,N/A,Denise McKay,N/A,0.00
96280,E150429,SWITCH-TOGGLE MOM/OFF/ON SPDT,N/A,N Stock Active,150429,N/A,5,3906 H C DUKE & SON,N/A,Denise McKay,N/A,0.00
96281,E150435,SWITCH-TOGGLE DPST,N/A,N Stock Active,150435,N/A,3,3906 H C DUKE & SON,N/A,Denise McKay,N/A,0.00
96282,E150436,SWITCH-TOGGLE 4PDT CENTER OFF,N/A,N Stock Active,150436,N/A,4,3906 H C DUKE & SON,N/A,Denise McKay,18.54,74.16
96283,E150447,BREAKER-SWITCH CIRCUIT 4.5A,N/A,N Stock Active,150447,N/A,2,3906 H C DUKE & SON,N/A,Denise McKay,N/A,0.00
96284,E150450,SWITCH-JR FOOT,N/A,N Stock Active,150450,N/A,1,3906 H C DUKE & SON,N/A,Denise McKay,N/A,0.00
96285,E150451,BREAKER-CIRCUIT 5.0 A,N/A,N Stock Active,150451,N/A,5,3906 H C DUKE & SON,N/A,Denise McKay,36.97,184.85
96286,E150452,BREAKER-CIRCUIT 4.5A,N/A,N Stock Active,150452,N/A,3,3906 H C DUKE & SON,N/A,Denise McKay,N/A,0.00
96287,E150455,SWITCH-PLUNGER DPDT,N/A,N Stock Active,150455,N/A,5,3906 H C DUKE & SON,N/A,Denise McKay,N/A,0.00
96288,E150456,SWITCH-SNAP BUTTON,N/A,N Stock Active,150456,N/A,6,3906 H C DUKE & SON,N/A,Denise McKay,N/A,0.00
96289,E150457,SWITCH-TORQUE CONTROL,N/A,N Stock Active,150457,N/A,6,3906 H C DUKE & SON,N/A,Denise McKay,N/A,0.00
96290,E150462,KNOB-ROTARYSWITCH,N/A,N Stock Active,150462,N/A,7,3906 H C DUKE & SON,N/A,Denise McKay,N/A,0.00
96291,E150463,SWITCH-TOGGLE DPDT CTR OFF,N/A,N Stock Active,150463,N/A,13,3906 H C DUKE & SON,N/A,Denise McKay,N/A,0.00
96292,E150465,SWITCH-TOGGLE 3PDT CTR OFF,N/A,N Stock Active,150465,N/A,8,3906 H C DUKE & SON,N/A,Denise McKay,14.41,115.28
96293,E150469,SWITCH-ROCKER SPDT CTR OFF,N/A,N Stock Active,150469,N/A,4,3906 H C DUKE & SON,N/A,Denise McKay,N/A,0.00
96294,E150477,SWITCH-ROLLER ACTUATOR SPDT,N/A,N Stock Active,150477,N/A,10,3906 H C DUKE & SON,N/A,Denise McKay,18.92,189.20
96295,E150478,SWITCH-ROLLER ACTUATOR SPDT,N/A,N Stock Active,150478,N/A,2,3906 H C DUKE & SON,N/A,Denise McKay,N/A,0.00
96296,E150479,SWITCH-PUSH BUTTON DPDT,N/A,N Stock Active,150479,N/A,2,3906 H C DUKE & SON,N/A,Denise McKay,N/A,0.00
96297,E150481,BREAKER-CIRCUIT AUTO RST 4.5 A,N/A,N Stock Active,150481,N/A,1,3906 H C DUKE & SON,N/A,Denise McKay,N/A,0.00
96298,E150487,BREAKER-CIRCUIT AUTO RST 2.0 A,N/A,N Stock Active,150487,N/A,1,3906 H C DUKE & SON,N/A,Denise McKay,N/A,0.00
96299,E150512,CAPACITOR-START W/BLEED,N/A,N Stock Active,150512,N/A,5,3906 H C DUKE & SON,N/A,Denise McKay,N/A,0.00
96300,E150527,CORDSET-RETRACTABLE,N/A,N Stock Active,150527,N/A,4,3906 H C DUKE & SON,N/A,Denise McKay,34.92,139.68
96301,E150528,CORD-MOLDED FEMALE,N/A,N Stock Active,150528,N/A,4,3906 H C DUKE & SON,N/A,Denise McKay,N/A,0.00
96303,E150536,CORD-ASSY MALE PLUG,N/A,N Stock Active,150536,N/A,7,3906 H C DUKE & SON,N/A,Denise McKay,N/A,0.00
96304,E150538,ADD MIX LIGHT,N/A,N Stock Active,150538,N/A,2,3906 H C DUKE & SON,N/A,Denise McKay,N/A,0.00
96305,E150541,LIGHT-INDICATOR 28 V ADD MIX,N/A,N Stock Active,150541,N/A,21,3906 H C DUKE & SON,N/A,Denise McKay,6.01,126.21
96306,E150548,ADD MIX LIGHT SF-1 & 877,N/A,N Stock Active,150548,N/A,2,3906 H C DUKE & SON,N/A,Denise McKay,N/A,0.00
96307,E150551,CORDSET-MIX LEVEL SPLIT,N/A,N Stock Active,150551,N/A,3,3906 H C DUKE & SON,N/A,Denise McKay,47.55,142.65
96308,E150563,TIMER-0/30 MINUTE,N/A,N Stock Active,150563,N/A,1,3906 H C DUKE & SON,N/A,Denise McKay,N/A,0.00
96310,E150619,SWITCH-PUSH BUTTON SPIND SPDT,N/A,N Stock Active,150619,N/A,6,3906 H C DUKE & SON,N/A,Denise McKay,N/A,0.00
96311,E150801,BRUSH AND SPRING ASSY,N/A,N Stock Active,150801,N/A,4,3906 H C DUKE & SON,N/A,Denise McKay,N/A,0.00
96313,E150817,SET-MOTOR BRUSH,N/A,N Stock Active,150817,N/A,2,3906 H C DUKE & SON,N/A,Denise McKay,N/A,0.00
96314,E150826,CONDENSER-400 V .05MFD,N/A,N Stock Active,150826,N/A,3,3906 H C DUKE & SON,N/A,Denise McKay,N/A,0.00
96315,E150845,FUSE-SLO BLOW 10A,N/A,N Stock Active,150845,N/A,4,3906 H C DUKE & SON,N/A,Denise McKay,1.64,6.56
96316,E150846,FUSE-SLO BLOW 5A,N/A,N Stock Active,150846,N/A,5,3906 H C DUKE & SON,N/A,Denise McKay,N/A,0.00
96317,E150872,CAPACITOR-MOTOR START,N/A,N Stock Active,150872,N/A,1,3906 H C DUKE & SON,N/A,Denise McKay,11.55,11.55
96318,E150878,SET MOTOR BRUSH,N/A,N Stock Active,150878,N/A,4,3906 H C DUKE & SON,N/A,Denise McKay,25.68,102.72
96323,E150898,BOOT TOGGLE SWITCH,N/A,N Stock Active,150898,N/A,2,3906 H C DUKE & SON,N/A,Denise McKay,N/A,0.00
96324,E150922,SET-MOTOR BRUSH 3/4HP,N/A,N Stock Active,150922,N/A,1,3906 H C DUKE & SON,N/A,Denise McKay,N/A,0.00
96325,E150944-04,SWITCH-START FE DBL BREAK,N/A,N Stock Active,150944-04,N/A,1,3906 H C DUKE & SON,N/A,Denise McKay,N/A,0.00
96326,E150956,CAPACITOR-START,N/A,N Stock Active,150956,N/A,1,3906 H C DUKE & SON,N/A,Denise McKay,N/A,0.00
96327,E150967-01,Control-Speed 230VAC to DC Mo,N/A,N Stock Active,150967-01,N/A,1,3906 H C DUKE & SON,N/A,Denise McKay,N/A,0.00
96328,E150971,SWITCH-PUSH DPDT MOM BLACK,N/A,N Stock Active,150971,N/A,7,3906 H C DUKE & SON,N/A,Denise McKay,N/A,0.00
96329,E150984,BREAKER-CIRCUIT 0.7A,N/A,N Stock Active,150984,N/A,4,3906 H C DUKE & SON,N/A,Denise McKay,73.37,293.48
96330,E150985,FUSE-FAST AGC 1.0A 1/4 X 1 1/4,N/A,N Stock Active,150985,N/A,14,3906 H C DUKE & SON,N/A,Denise McKay,1.5,21.00
124380,E150993,MEMBRANE (SWITCH),N/A,N Stock Active,150993,N/A,1,3906 H C DUKE & SON,N/A,Denise McKay,62.97,62.97
96331,E150994,BOARD-PCB UI,N/A,N Stock Active,150994,N/A,1,3906 H C DUKE & SON,N/A,Denise McKay,339.93,339.93
96333,E150994-17,BOARD-PCB UI B.5584,N/A,N Stock Active,150994-17,N/A,1,3906 H C DUKE & SON,N/A,Denise McKay,172.28,172.28
96334,E151002,MOTOR-FAN 9WATT 115V,N/A,N Stock Active,151002,N/A,1,3906 H C DUKE & SON,N/A,Denise McKay,63.73,63.73
96336,E151017-01,MOTOR-FAN 5W W/PLUGGEN & GES,N/A,N Stock Active,151017-01,N/A,1,3906 H C DUKE & SON,N/A,Denise McKay,N/A,0.00
96337,E151028,MOTOR BRUSHFUSION/44RMTFB,N/A,N Stock Active,151028,N/A,7,3906 H C DUKE & SON,N/A,Denise McKay,N/A,0.00
96338,E151052,MOTOR-2 HP 208/230/460-3-60,N/A,N Stock Active,151052,N/A,1,3906 H C DUKE & SON,N/A,Denise McKay,791.87,791.87
96339,E151057,MOTOR-3/4 HP 115/230-1-60,N/A,N Stock Active,151057,N/A,2,3906 H C DUKE & SON,N/A,Denise McKay,N/A,0.00
96340,E151063,MOTOR-1 HP 208/230-1-60,N/A,N Stock Active,151063,N/A,5,3906 H C DUKE & SON,N/A,Denise McKay,N/A,0.00
96341,E151066,BEATER MOTOR,N/A,N Stock Active,151066,N/A,1,3906 H C DUKE & SON,N/A,Denise McKay,N/A,0.00
96342,E151074-01,MOTOR-FAN 35W 115V 60HZ,N/A,N Stock Active,151074-01,N/A,3,3906 H C DUKE & SON,N/A,Denise McKay,60.81,182.43
96343,E151076,GUARD FAN OPEN,N/A,N Stock Active,151076,N/A,1,3906 H C DUKE & SON,N/A,Denise McKay,N/A,0.00
96344,E151077-01,MOTOR-FAN 50W 230V 50/60HZ,N/A,N Stock Active,151077-01,N/A,9,3906 H C DUKE & SON,N/A,Denise McKay,168.23,1514.07
96348,E151094,FAN-AXIAL 19W,N/A,N Stock Active,151094,N/A,1,3906 H C DUKE & SON,N/A,Denise McKay,N/A,0.00
96349,E151098,FAN-AXIAL 230V,N/A,N Stock Active,151098,N/A,2,3906 H C DUKE & SON,N/A,Denise McKay,119.32,238.64
96350,E151102,FAN-EXHAUST 230V 105CFM,N/A,N Stock Active,151102,N/A,2,3906 H C DUKE & SON,N/A,Denise McKay,N/A,0.00
96352,E151107,GEAR MOTOR 1/125 HP 50 RPM,N/A,N Stock Active,151107,N/A,1,3906 H C DUKE & SON,N/A,Denise McKay,N/A,0.00
96353,E151140,MOTOR-SPINDLE 51W 115V FWR,N/A,N Stock Active,151140,N/A,2,3906 H C DUKE & SON,N/A,Denise McKay,280.21,560.42
96354,E151143,BEATER MOTOR 1/2HP 115/208-230CS700,N/A,N Stock Active,151143,N/A,10,3906 H C DUKE & SON,N/A,Denise McKay,188.59,1885.90
96355,E151144,GEARMOTOR-24 VDC PUMP DRIVE,N/A,N Stock Active,151144,N/A,1,3906 H C DUKE & SON,N/A,Denise McKay,N/A,0.00
96356,E151145-01,MOTOR- 8 FLAVOR 180VDCSPINNER MOTOR,N/A,N Stock Active,151145-01,N/A,1,3906 H C DUKE & SON,N/A,Denise McKay,N/A,0.00
96357,E151149,MOTOR-SHAKE 44W 230V FWRCS705 ARBY'S,N/A,N Stock Active,151149,N/A,1,3906 H C DUKE & SON,N/A,Denise McKay,319.93,319.93
96359,E151159,MOTOR-1HP 208-230/1/60 BLUFFTO***REPLACES 151152*** SLX400E,N/A,N Stock Active,151159,N/A,1,3906 H C DUKE & SON,N/A,Denise McKay,670.49,670.49
96360,E151300,CAPACITOR-START,N/A,N Stock Active,151300,N/A,7,3906 H C DUKE & SON,N/A,Denise McKay,N/A,0.00
96361,E151318,RELAY-CURRENT,N/A,N Stock Active,151318,N/A,1,3906 H C DUKE & SON,N/A,Denise McKay,29.71,29.71
96362,E151357,BOX ASSY CAPACITOR & RELAY,N/A,N Stock Active,151357,N/A,1,3906 H C DUKE & SON,N/A,Denise McKay,N/A,0.00
96363,E151396,RECEIVER-3 LB 1/4 SAE,N/A,N Stock Active,151396,N/A,1,3906 H C DUKE & SON,N/A,Denise McKay,N/A,0.00
96364,E151410,RELAY-COMPRESSOR,N/A,N Stock Active,151410,N/A,5,3906 H C DUKE & SON,N/A,Denise McKay,N/A,0.00
96365,E151414,CAPACITOR-START 161/193 250 V,N/A,N Stock Active,151414,N/A,4,3906 H C DUKE & SON,N/A,Denise McKay,N/A,0.00
96366,E151417,RELAY-COMPRESSOR,N/A,N Stock Active,151417,N/A,2,3906 H C DUKE & SON,N/A,Denise McKay,18.03,36.06
96367,E151417-01,RELAY-START/RUN,N/A,N Stock Active,151417-01,N/A,2,3906 H C DUKE & SON,N/A,Denise McKay,N/A,0.00
96368,E151421,CAPACITOR-RUN,N/A,N Stock Active,151421,N/A,4,3906 H C DUKE & SON,N/A,Denise McKay,N/A,0.00
96369,E151426,CAPACITOR-START 110 VAC 60 HZ,N/A,N Stock Active,151426,N/A,8,3906 H C DUKE & SON,N/A,Denise McKay,N/A,0.00
96370,E151427,RELAY-COMPRESSOR,N/A,N Stock Active,151427,N/A,4,3906 H C DUKE & SON,N/A,Denise McKay,N/A,0.00
96371,E151427-01,RELAY-START/RUN,N/A,N Stock Active,151427-01,N/A,1,3906 H C DUKE & SON,N/A,Denise McKay,N/A,0.00
96372,E151429,RELAY-START/RUN,N/A,N Stock Active,151429,N/A,5,3906 H C DUKE & SON,N/A,Denise McKay,N/A,0.00
96373,E151430,CAPACITOR-START 270 MFD 165VAC,N/A,N Stock Active,151430,N/A,1,3906 H C DUKE & SON,N/A,Denise McKay,N/A,0.00
96376,E151443,CAPACITOR-START,N/A,N Stock Active,151443,N/A,2,3906 H C DUKE & SON,N/A,Denise McKay,N/A,0.00
116424,E151445,CAPACITOR-START 0,N/A,N Stock Active,151445,N/A,1,3906 H C DUKE & SON,N/A,Denise McKay,28.17,28.17
96377,E151447,CAPACITOR-RUN,N/A,N Stock Active,151447,N/A,9,3906 H C DUKE & SON,N/A,Denise McKay,44.88,403.92
96378,E151450,CAPACITOR-START W/BLEED,N/A,N Stock Active,151450,N/A,1,3906 H C DUKE & SON,N/A,Denise McKay,N/A,0.00
96379,E151451,START RELAY,N/A,N Stock Active,151451,N/A,4,3906 H C DUKE & SON,N/A,Denise McKay,N/A,0.00
96380,E151459,RELAY-COMPRESSOR,N/A,N Stock Active,151459,N/A,1,3906 H C DUKE & SON,N/A,Denise McKay,N/A,0.00
96383,E151465,RELAY COMPRESSOR,N/A,N Stock Active,151465,N/A,4,3906 H C DUKE & SON,N/A,Denise McKay,52.47,209.88
96385,E151475,CAPACITOR-START,N/A,N Stock Active,151475,N/A,2,3906 H C DUKE & SON,N/A,Denise McKay,26.51,53.02
96387,E151481,RELAY-COMPRESSOR START,N/A,N Stock Active,151481,N/A,1,3906 H C DUKE & SON,N/A,Denise McKay,N/A,0.00
96388,E151483,RELAY-COMPRESSOR START,N/A,N Stock Active,151483,N/A,2,3906 H C DUKE & SON,N/A,Denise McKay,N/A,0.00
96389,E151484,CAPACITOR-START,N/A,N Stock Active,151484,N/A,3,3906 H C DUKE & SON,N/A,Denise McKay,N/A,0.00
96390,E151485,CAPACITOR-RUN,N/A,N Stock Active,151485,N/A,3,3906 H C DUKE & SON,N/A,Denise McKay,N/A,0.00
96391,E151499,CAP-MOTOR BRUSH,N/A,N Stock Active,151499,N/A,6,3906 H C DUKE & SON,N/A,Denise McKay,N/A,0.00
96393,E151701-05,MAIN BOARD,N/A,N Stock Active,151701-05,N/A,3,3906 H C DUKE & SON,N/A,Denise McKay,204.64,613.92
96394,E151702,BOARD-PC RELAY,N/A,N Stock Active,151702,N/A,1,3906 H C DUKE & SON,N/A,Denise McKay,219.03,219.03
96395,E151725,SEAL-.306 ID X .436 OD,N/A,N Stock Active,151725,N/A,5,3906 H C DUKE & SON,N/A,Denise McKay,30.09,150.45
124382,E151789,TRANSFORMER CR MAGNETICS,N/A,N Stock Active,151789,N/A,2,3906 H C DUKE & SON,N/A,Denise McKay,28.06,56.12
129013,E15209,MANI ICE THICKNESS CONTROL,N/A,N Stock Active,000015209,N/A,1,211 AIRECO SUPPLY INC.,N/A,Denise McKay,118.32,118.32
96396,E153017,BEARING - BALL 3/8IDX7/8OD,N/A,N Stock Active,153017,N/A,2,3906 H C DUKE & SON,N/A,Denise McKay,N/A,0.00
96397,E153019,BEARING-PILLOW BLOCK 1/2,N/A,N Stock Active,153019,N/A,2,3906 H C DUKE & SON,N/A,Denise McKay,N/A,0.00
96398,E15302,CONTROL BOARD,N/A,N Stock Active,000015302,N/A,1,211 AIRECO SUPPLY INC.,N/A,Denise McKay,420,420.00
96399,E153024,BEARING-BALL 1.00 ID X 2.0472,N/A,N Stock Active,153024,N/A,1,3906 H C DUKE & SON,N/A,Denise McKay,N/A,0.00
96400,E153051,SEAL-OIL 4CB,N/A,N Stock Active,153051,N/A,2,3906 H C DUKE & SON,N/A,Denise McKay,N/A,0.00
96401,E153052,SEAL-OIL 5CT &5CB 63x215,N/A,N Stock Active,153052,N/A,2,3906 H C DUKE & SON,N/A,Denise McKay,N/A,0.00
96402,E153054,SEAL-OIL 4CB & 3CB 63X89,N/A,N Stock Active,153054,N/A,2,3906 H C DUKE & SON,N/A,Denise McKay,N/A,0.00
96403,E153057,SEAL-OIL 4-1/2 BT  5CT &5CV,N/A,N Stock Active,153057,N/A,1,3906 H C DUKE & SON,N/A,Denise McKay,N/A,0.00
96404,E153077,BEARING-SLEEVE .3125 ID,N/A,N Stock Active,153077,N/A,8,3906 H C DUKE & SON,N/A,Denise McKay,30.5,244.00
96405,E153101,BELT-V,N/A,N Stock Active,153101,N/A,8,3906 H C DUKE & SON,N/A,Denise McKay,N/A,0.00
96407,E153103,BELT - V,N/A,N Stock Active,153103,N/A,7,3906 H C DUKE & SON,N/A,Denise McKay,N/A,0.00
96408,E153113,BELT - V,N/A,N Stock Active,153113,N/A,2,3906 H C DUKE & SON,N/A,Denise McKay,N/A,0.00
96410,E153119,BELT - V,N/A,N Stock Active,153119,N/A,8,3906 H C DUKE & SON,N/A,Denise McKay,N/A,0.00
96411,E153120,BELT-POLY V 260J10,N/A,N Stock Active,153120,N/A,12,3906 H C DUKE & SON,N/A,Denise McKay,N/A,0.00
96413,E153125,BELT - V,N/A,N Stock Active,153125,N/A,10,3906 H C DUKE & SON,N/A,Denise McKay,N/A,0.00
96414,E153138,BELT-POLY V,N/A,N Stock Active,153138,N/A,4,3906 H C DUKE & SON,N/A,Denise McKay,N/A,0.00
96415,E153139,BELT-POLY V 460J4,N/A,N Stock Active,153139,N/A,11,3906 H C DUKE & SON,N/A,Denise McKay,11.57,127.27
96416,E153157,BELT-POLY V,N/A,N Stock Active,153157,N/A,12,3906 H C DUKE & SON,N/A,Denise McKay,N/A,0.00
96417,E153158,BELT-POLY V,N/A,N Stock Active,153158,N/A,9,3906 H C DUKE & SON,N/A,Denise McKay,N/A,0.00
96418,E153159,BELT-POLY V,N/A,N Stock Active,153159,N/A,6,3906 H C DUKE & SON,N/A,Denise McKay,N/A,0.00
96421,E153162,BELT - VAX29,N/A,N Stock Active,153162,N/A,15,3906 H C DUKE & SON,N/A,Denise McKay,14.63,219.45
96423,E153164,BELT - V,N/A,N Stock Active,153164,N/A,4,3906 H C DUKE & SON,N/A,Denise McKay,N/A,0.00
96424,E153165,BELT-V,N/A,N Stock Active,153165,N/A,8,3906 H C DUKE & SON,N/A,Denise McKay,N/A,0.00
96425,E153166,BELT - V,N/A,N Stock Active,153166,N/A,8,3906 H C DUKE & SON,N/A,Denise McKay,N/A,0.00
96428,E153169,BELT - V,N/A,N Stock Active,153169,N/A,13,3906 H C DUKE & SON,N/A,Denise McKay,N/A,0.00
96429,E153170,BELT-V AX41,N/A,N Stock Active,153170,N/A,2,3906 H C DUKE & SON,N/A,Denise McKay,12.64,25.28
96430,E153171,BELT - V,N/A,N Stock Active,AX48,05/28/2024,6,211 AIRECO SUPPLY INC.,N/A,Denise McKay,14.42,86.52
96431,E153172,BELT-V,N/A,N Stock Active,153172,N/A,5,3906 H C DUKE & SON,N/A,Denise McKay,N/A,0.00
96432,E153173,BELT-V AX26,N/A,N Stock Active,153173,N/A,2,3906 H C DUKE & SON,N/A,Denise McKay,9.53,19.06
96433,E153175,BELT - V,N/A,N Stock Active,153175,N/A,5,3906 H C DUKE & SON,N/A,Denise McKay,N/A,0.00
96434,E153176,BELT - V,N/A,N Stock Active,153176,N/A,13,3906 H C DUKE & SON,N/A,Denise McKay,N/A,0.00
96435,E153177,BELT - V,N/A,N Stock Active,153177,N/A,12,3906 H C DUKE & SON,N/A,Denise McKay,N/A,0.00
96436,E153178,BELT-V,N/A,N Stock Active,153178,N/A,2,3906 H C DUKE & SON,N/A,Denise McKay,N/A,0.00
96437,E153179,BELT - V,N/A,N Stock Active,153179,N/A,4,3906 H C DUKE & SON,N/A,Denise McKay,N/A,0.00
96438,E153181,BELT-V,N/A,N Stock Active,153181,N/A,1,3906 H C DUKE & SON,N/A,Denise McKay,N/A,0.00
96439,E153183,BELT-V AX25,N/A,N Stock Active,153183,N/A,2,3906 H C DUKE & SON,N/A,Denise McKay,9.26,18.52
96440,E153185,BELT - V,N/A,N Stock Active,153185,N/A,11,3906 H C DUKE & SON,N/A,Denise McKay,22.85,251.35
96441,E153187,BELT - V,N/A,N Stock Active,153187,N/A,12,3906 H C DUKE & SON,N/A,Denise McKay,N/A,0.00
96442,E153190,BELT-POLY V 1397(mm) J12 (550J,N/A,N Stock Active,153190,N/A,8,3906 H C DUKE & SON,N/A,Denise McKay,43.9,351.20
96443,E153323,KEY-DRIVE 1/4 SQ X 1-1/2,N/A,N Stock Active,153323,N/A,1,3906 H C DUKE & SON,N/A,Denise McKay,N/A,0.00
96444,E153341,REDUCER-GEAR 4CB WINTWIN,N/A,N Stock Active,153341,N/A,2,3906 H C DUKE & SON,N/A,Denise McKay,1259.19,2518.38
96446,E153366,REDUCER GEAR LH,N/A,N Stock Active,153366,N/A,1,3906 H C DUKE & SON,N/A,Denise McKay,430.58,430.58
96449,E153386,REDUCER-GEAR (RH),N/A,N Stock Active,153386,N/A,1,3906 H C DUKE & SON,N/A,Denise McKay,557.45,557.45
96450,E153422-01,SHAFT FLEXIBLE,N/A,N Stock Active,153422-01,N/A,4,3906 H C DUKE & SON,N/A,Denise McKay,N/A,0.00
96451,E153602,SHEAVE-5/8 BORE 7.25 OD 7.00PD,N/A,N Stock Active,153602,N/A,3,3906 H C DUKE & SON,N/A,Denise McKay,N/A,0.00
96453,E153612,SHEAVE-7/8 BORE 3.75 OD 3.50PD,N/A,N Stock Active,153612,N/A,4,3906 H C DUKE & SON,N/A,Denise McKay,N/A,0.00
96454,E153615,SHEAVE-DRIVEN,N/A,N Stock Active,153615,N/A,1,3906 H C DUKE & SON,N/A,Denise McKay,N/A,0.00
96455,E153624,SHEAVE-3/4 BORE 4.75 OD 4.50PD,N/A,N Stock Active,153624,N/A,1,3906 H C DUKE & SON,N/A,Denise McKay,N/A,0.00
96456,E153625,SHEAVE-3/4 BORE 4.75 OD 4.50PD,N/A,N Stock Active,153625,N/A,3,3906 H C DUKE & SON,N/A,Denise McKay,25.41,76.23
96457,E153626,SHEAVE-7/8 BORE 3.25 OD 3.00PD,N/A,N Stock Active,153626,N/A,3,3906 H C DUKE & SON,N/A,Denise McKay,18.8,56.40
96458,E153631,SHEAVE-5/8 BORE 2.1 OD 1.9 PD,N/A,N Stock Active,153631,N/A,4,3906 H C DUKE & SON,N/A,Denise McKay,N/A,0.00
96459,E153632,SHEAVE-5/8 BORE 2.7 OD 2.5 PD,N/A,N Stock Active,153632,N/A,4,3906 H C DUKE & SON,N/A,Denise McKay,N/A,0.00
96460,E153634,SHEAVE-5/8BORE 2.5OD 2.3PD,N/A,N Stock Active,153634,N/A,2,3906 H C DUKE & SON,N/A,Denise McKay,43.75,87.50
96461,E153637,SHEAVE-5/8 BORE 1.75 OD 1.70 P,N/A,N Stock Active,153637,N/A,4,3906 H C DUKE & SON,N/A,Denise McKay,N/A,0.00
96462,E153638,SHEAVE-1 BORE 12.25 OD 12.20 P,N/A,N Stock Active,153638,N/A,1,3906 H C DUKE & SON,N/A,Denise McKay,N/A,0.00
96463,E153648,SHEAVE-5/8 BORE 3.95OD 3.7PD,N/A,N Stock Active,153648,N/A,2,3906 H C DUKE & SON,N/A,Denise McKay,N/A,0.00
96464,E154939,COMPRESSOR-SCROLL,N/A,N Stock Active,154939,N/A,1,3906 H C DUKE & SON,N/A,Denise McKay,N/A,0.00
127708,E154939-01,COMPRESSOR-SCROLL,N/A,N Stock Active,154939-01,N/A,1,3906 H C DUKE & SON,N/A,Denise McKay,2009.37,2009.37
127709,E155029,CONDENSER - WATER,N/A,N Stock Active,155029,N/A,1,3906 H C DUKE & SON,N/A,Denise McKay,350.06,350.06
96465,E155045,VALVE-1/2 SERVICE ROTALOCK,N/A,N Stock Active,155045,N/A,3,3906 H C DUKE & SON,N/A,Denise McKay,N/A,0.00
96466,E155054,DRIER-FILTER 16 CU IN,N/A,N Stock Active,155054,N/A,5,3906 H C DUKE & SON,N/A,Denise McKay,33.27,166.35
96467,E155063,DRIER FILTER 3 CU IN SWEAT,N/A,N Stock Active,155063,N/A,1,3906 H C DUKE & SON,N/A,Denise McKay,N/A,0.00
96468,E155083X,COMPRESSOR-RRS4-0075-IAA-220,N/A,N Stock Active,155083,N/A,1,3906 H C DUKE & SON,N/A,Denise McKay,N/A,0.00
96469,E155099,BLADE-FAN 5.56 IN 25 DEG,N/A,N Stock Active,155099,N/A,1,3906 H C DUKE & SON,N/A,Denise McKay,N/A,0.00
96470,E155109,COIL-MJ70 MIDJETTE,N/A,N Stock Active,155109,N/A,1,3906 H C DUKE & SON,N/A,Denise McKay,N/A,0.00
96472,E155113,MOTOR-FAN 230V MJ70,N/A,N Stock Active,155113,N/A,3,3906 H C DUKE & SON,N/A,Denise McKay,148.4,445.20
96473,E155114,SET-GRILL & BRACKET,N/A,N Stock Active,155114,N/A,1,3906 H C DUKE & SON,N/A,Denise McKay,N/A,0.00
96474,E155394,VALVE-SOLENOID BODY 1/4 ODM,N/A,N Stock Active,155394,N/A,2,3906 H C DUKE & SON,N/A,Denise McKay,77.65,155.30
96475,E155395,VALVE-SOLENOID BODY 3/8 ODM,N/A,N Stock Active,155395,N/A,2,3906 H C DUKE & SON,N/A,Denise McKay,73.33,146.66
96476,E155397,TUBE-CAPILLARY W/STRAINER,N/A,N Stock Active,155397,N/A,2,3906 H C DUKE & SON,N/A,Denise McKay,N/A,0.00
96477,E155398,VALVE-EPR,N/A,N Stock Active,155398,N/A,4,3906 H C DUKE & SON,N/A,Denise McKay,102.75,411.00
96478,E155399,VALVE-THERMOSTATIC EXPANSION,N/A,N Stock Active,155399,N/A,5,3906 H C DUKE & SON,N/A,Denise McKay,50.8,254.00
96480,E155407,VALVE-AUTO EXPANSION 22/HOP/CA,N/A,N Stock Active,155407,N/A,2,3906 H C DUKE & SON,N/A,Denise McKay,N/A,0.00
96482,E155412,VALVE-AUTO EXPANSION,N/A,N Stock Active,155412,N/A,7,3906 H C DUKE & SON,N/A,Denise McKay,N/A,0.00
96483,E155416,VALVE-AUTOMATIC EXPANSION,N/A,N Stock Active,155416,N/A,1,3906 H C DUKE & SON,N/A,Denise McKay,N/A,0.00
96484,E155419,VALVE-ACCESS,N/A,N Stock Active,155419,N/A,1,3906 H C DUKE & SON,N/A,Denise McKay,N/A,0.00
96486,E155435,VALVE-SOLENOID 115V,N/A,N Stock Active,155435,N/A,3,3906 H C DUKE & SON,N/A,Denise McKay,N/A,0.00
96487,E155438,RELIEF VALVE 60 PSI,N/A,N Stock Active,155438,N/A,2,3906 H C DUKE & SON,N/A,Denise McKay,N/A,0.00
96488,E155441,THERMOSTAT-A30,N/A,N Stock Active,155441,N/A,1,3906 H C DUKE & SON,N/A,Denise McKay,N/A,0.00
96489,E155444,KIT-WATER VALVE REPAIR,N/A,N Stock Active,155444,N/A,2,3906 H C DUKE & SON,N/A,Denise McKay,N/A,0.00
96490,E155449,VALVE-AUTOMATIC EXPANSION,N/A,N Stock Active,155449,N/A,13,3906 H C DUKE & SON,N/A,Denise McKay,76.88,999.44
96491,E155450,CUT OUT-HIGH PRESSURE 450PSI,N/A,N Stock Active,155450,N/A,1,3906 H C DUKE & SON,N/A,Denise McKay,N/A,0.00
96492,E155452,VALVE-AUTO EXPANSION SWEAT,N/A,N Stock Active,155452,N/A,2,3906 H C DUKE & SON,N/A,Denise McKay,N/A,0.00
96493,E155454,VALVE-HEAD PRESSURE CONTROL,N/A,N Stock Active,155454,N/A,1,3906 H C DUKE & SON,N/A,Denise McKay,N/A,0.00
96494,E155479,VALVE-AUTOMATIC EXPANSIONCYLINDER B-SIDE,N/A,N Stock Active,155479,N/A,1,3906 H C DUKE & SON,N/A,Denise McKay,N/A,0.00
96495,E155483,CABINET THERMOSTAT,N/A,N Stock Active,155483,N/A,6,3906 H C DUKE & SON,N/A,Denise McKay,N/A,0.00
96496,E155488,VALVE-SOLENOID 208-2,N/A,N Stock Active,155488,N/A,1,3906 H C DUKE & SON,N/A,Denise McKay,N/A,0.00
96497,E155489,VALVE-1/4 TURN FAUCET,N/A,N Stock Active,155489,N/A,4,3906 H C DUKE & SON,N/A,Denise McKay,N/A,0.00
96499,E155514,ELBOW 1/2 x 1/2 FIT/SOL CU,N/A,N Stock Active,155514,N/A,1,3906 H C DUKE & SON,N/A,Denise McKay,N/A,0.00
96500,E155526,TEE-3/8 x 3/8 x3/8 SWT,N/A,N Stock Active,155526,N/A,1,3906 H C DUKE & SON,N/A,Denise McKay,N/A,0.00
96501,E155604,ELBOW-12MMX90 DEGREES,N/A,N Stock Active,155604,N/A,3,3906 H C DUKE & SON,N/A,Denise McKay,9.67,29.01
96502,E155605,ADAPTER-12MM HOSE X 3/8 BPT,N/A,N Stock Active,155605,N/A,1,3906 H C DUKE & SON,N/A,Denise McKay,7.61,7.61
96503,E155632,BUSHING-5/8 FTG x1/2 OD F,N/A,N Stock Active,155632,N/A,8,3906 H C DUKE & SON,N/A,Denise McKay,N/A,0.00
96504,E155684,DISTRIBUTOR-1/2 x 1/2 x 1/2 CU,N/A,N Stock Active,155684,N/A,1,3906 H C DUKE & SON,N/A,Denise McKay,N/A,0.00
99921,E155708,VALVE-SOLENOID 1/4NPT 240VELECTROFREEZE,N/A,O Non Stock Inactive,155708,N/A,5,3906 H C DUKE & SON,N/A,Denise McKay,N/A,0.00
96505,E15573,MANI I MODEL THERMISTOR,N/A,N Stock Active,000015573,N/A,1,211 AIRECO SUPPLY INC.,N/A,Denise McKay,N/A,0.00
96506,E158003,BRUSH-7/16 1 1/8 DBL END,N/A,N Stock Active,158003,N/A,8,3906 H C DUKE & SON,N/A,Denise McKay,7.17,57.36
96507,E158009,BRUSH 4" W/O HANDLE,N/A,N Stock Active,158009,N/A,3,3906 H C DUKE & SON,N/A,Denise McKay,26.77,80.31
96508,E158010,BRUSH-6IN W/O HANDLE,N/A,N Stock Active,158010,N/A,1,3906 H C DUKE & SON,N/A,Denise McKay,27.27,27.27
96509,E158012,HANDLE BRUSH 36",N/A,N Stock Active,158012,N/A,3,3906 H C DUKE & SON,N/A,Denise McKay,17.93,53.79
96510,E158018,BRUSH 7/16 DIA,N/A,N Stock Active,158018,N/A,7,3906 H C DUKE & SON,N/A,Denise McKay,4.04,28.28
96511,E158019,BRUSH 9/16 DIA x 41 IN. OAL,N/A,N Stock Active,158019,N/A,6,3906 H C DUKE & SON,N/A,Denise McKay,5.69,34.14
96512,E158021,BRUSH-5/8 DIA W/6 FT WIRE Handle,N/A,N Stock Active,158021,N/A,1,3906 H C DUKE & SON,N/A,Denise McKay,N/A,0.00
96513,E158022,BRUSH 1/4 DIA,N/A,N Stock Active,158022,N/A,1,3906 H C DUKE & SON,N/A,Denise McKay,N/A,0.00
96514,E158025,BRUSH-1/2 DIA 12 IN LG,N/A,N Stock Active,158025,N/A,1,3906 H C DUKE & SON,N/A,Denise McKay,N/A,0.00
96515,E158026,BRUSH 1 IN DIA 12 IN LONG,N/A,N Stock Active,158026,N/A,9,3906 H C DUKE & SON,N/A,Denise McKay,3.99,35.91
96516,E158027,BRUSH-3/4 DIA & 36 IN OAL,N/A,N Stock Active,158027,N/A,1,3906 H C DUKE & SON,N/A,Denise McKay,N/A,0.00
96517,E158028,BRUSH-3/8 DIA X 1/2 X 21 IN.HANDLE,N/A,N Stock Active,158028,N/A,8,3906 H C DUKE & SON,N/A,Denise McKay,N/A,0.00
96518,E158036,BRUSH-100NYLON DIA x 3IN,N/A,N Stock Active,158036,N/A,2,3906 H C DUKE & SON,N/A,Denise McKay,2.03,4.06
96519,E158037,BRUSH-1/4 DIA X 18 1/2 OAL,N/A,N Stock Active,158037,N/A,5,3906 H C DUKE & SON,N/A,Denise McKay,3.72,18.60
96520,E158055,OIL SPECIAL GEAR LUBE,N/A,N Stock Active,158055,N/A,2,3906 H C DUKE & SON,N/A,Denise McKay,N/A,0.00
96521,E158063,GEAR OIL PAG 460,N/A,N Stock Active,158063,N/A,2,3906 H C DUKE & SON,N/A,Denise McKay,N/A,0.00
96522,E158077,BRUSH-3/4 IN W/36 IN HANDLE,N/A,N Stock Active,158077,N/A,5,3906 H C DUKE & SON,N/A,Denise McKay,7.44,37.20
96524,E159020,BLADE-FAN 11 IN 26 DEG 4 BLADE,N/A,N Stock Active,159020,N/A,1,3906 H C DUKE & SON,N/A,Denise McKay,N/A,0.00
96525,E159021,FAN BLADE,N/A,N Stock Active,159021,N/A,1,3906 H C DUKE & SON,N/A,Denise McKay,N/A,0.00
96526,E159023,BLADE FAN 11 INCHES 36 DEGREES,N/A,N Stock Active,159023,N/A,3,3906 H C DUKE & SON,N/A,Denise McKay,17.82,53.46
96528,E159033,FAN BLADE,N/A,N Stock Active,159033,N/A,1,3906 H C DUKE & SON,N/A,Denise McKay,N/A,0.00
96529,E159050,RECEPTACLE-SNAP IN,N/A,N Stock Active,159050,N/A,2,3906 H C DUKE & SON,N/A,Denise McKay,N/A,0.00
124384,E159175,CATCH-BULLETT .268OD X .343ST,N/A,N Stock Active,159175,N/A,1,3906 H C DUKE & SON,N/A,Denise McKay,1.29,1.29
96530,E159219,SCREW-TRPM 1/4-20 x1 SSTSOLD IN PACK OF 10 ONLY,N/A,N Stock Active,159219,N/A,16,3906 H C DUKE & SON,N/A,Denise McKay,N/A,0.00
96532,E159248,PIN-COTTER,N/A,N Stock Active,159248,N/A,1,3906 H C DUKE & SON,N/A,Denise McKay,0.29,0.29
96535,E159370,ACTUATOR AUX FOR TYPE X SWITCH,N/A,N Stock Active,159370,N/A,1,3906 H C DUKE & SON,N/A,Denise McKay,N/A,0.00
96536,E160000,SCREW-RDHM #8-32x1/4 ZN,N/A,N Stock Active,160000,N/A,4,3906 H C DUKE & SON,N/A,Denise McKay,N/A,0.00
96537,E160025,SCREW-TRPM #8-32 x 3/8 SSTPACK OF 10 ONLY,N/A,N Stock Active,160025,N/A,10,3906 H C DUKE & SON,N/A,Denise McKay,N/A,0.00
96538,E160033,SCREW-SK SET5/16-18x3/8 BKOX,N/A,N Stock Active,160033,N/A,3,3906 H C DUKE & SON,N/A,Denise McKay,N/A,0.00
96539,E160048,SCREW-TRHM 1/4-20 x 1/2 SSTPACK OF 10 ONLY,N/A,N Stock Active,160048,N/A,17,3906 H C DUKE & SON,N/A,Denise McKay,N/A,0.00
96541,E160102,NUT-HEX #8-32 ZN,N/A,N Stock Active,160102,N/A,12,3906 H C DUKE & SON,N/A,Denise McKay,N/A,0.00
96542,E160117,NUT-SPEED 1/4-20 .064- .125,N/A,N Stock Active,160117,N/A,52,3906 H C DUKE & SON,N/A,Denise McKay,N/A,0.00
96543,E160176,WASHER-ROTOLOCK AJ COMPRESS.,N/A,N Stock Active,160176,01/22/2024,10,3906 H C DUKE & SON,N/A,Denise McKay,N/A,0.00
96544,E160206,WASHER-EXT TOOTH LOCK #8 ZN,N/A,N Stock Active,160206,N/A,8,3906 H C DUKE & SON,N/A,Denise McKay,N/A,0.00
96545,E160265,PIN-HANDLE,N/A,N Stock Active,160265,N/A,3,3906 H C DUKE & SON,N/A,Denise McKay,N/A,0.00
96546,E160266,PIN-HANDLE,N/A,N Stock Active,160266,N/A,6,3906 H C DUKE & SON,N/A,Denise McKay,N/A,0.00
96547,E160269,PIN-HANDLE,N/A,N Stock Active,160269,N/A,1,3906 H C DUKE & SON,N/A,Denise McKay,10.74,10.74
96548,E160271,SCREW-FIHM #6-32 x1/4 SST,N/A,N Stock Active,160271,N/A,18,3906 H C DUKE & SON,N/A,Denise McKay,N/A,0.00
96549,E160293,NUT-SPEED 5/16 SPR STL,N/A,N Stock Active,160293,N/A,1,3906 H C DUKE & SON,N/A,Denise McKay,N/A,0.00
110717,E160353,Clevis Pin,N/A,N Stock Active,160353,N/A,2,3906 H C DUKE & SON,N/A,Denise McKay,10.04,20.08
96550,E160354,COTTER PIN,N/A,N Stock Active,160354,N/A,6,3906 H C DUKE & SON,N/A,Denise McKay,N/A,0.00
96552,E160369,RIVET-RD HD 1/4 x2-1/4 SST,N/A,N Stock Active,160369,N/A,9,3906 H C DUKE & SON,N/A,Denise McKay,N/A,0.00
96554,E160374,STUD-1.938 x 10-24 THD SST,N/A,N Stock Active,160374,01/22/2024,4,3906 H C DUKE & SON,N/A,Denise McKay,N/A,0.00
96555,E160374-01,STUD-3 X 10-24 THD SST,N/A,N Stock Active,160374-01,N/A,2,3906 H C DUKE & SON,N/A,Denise McKay,N/A,0.00
96556,E160387,NUT-SPEED 1/4-20 SPR STL,N/A,N Stock Active,160387,N/A,1,3906 H C DUKE & SON,N/A,Denise McKay,N/A,0.00
96557,E160453,ZINC COVERED NUT,N/A,N Stock Active,160453,N/A,2,3906 H C DUKE & SON,N/A,Denise McKay,N/A,0.00
96558,E160455,FLOAT-NUT,N/A,N Stock Active,160455,N/A,2,3906 H C DUKE & SON,N/A,Denise McKay,N/A,0.00
96559,E160488,SCREW-THUMB 1/4-20 x 3/4 SST,N/A,N Stock Active,160488,N/A,8,3906 H C DUKE & SON,N/A,Denise McKay,N/A,0.00
96561,E160496,SCREW-HXHC 1/4-20 x 2-1/4 ZN,N/A,N Stock Active,160496,N/A,2,3906 H C DUKE & SON,N/A,Denise McKay,N/A,0.00
96562,E160503,O-RINGPACK OF 10 ONLY,N/A,N Stock Active,160503,N/A,696,3906 H C DUKE & SON,N/A,Denise McKay,0.45,313.20
96563,E160504,GASKET,N/A,N Stock Active,160504,N/A,20,3906 H C DUKE & SON,N/A,Denise McKay,2.89,57.80
87398,E160555,O RINGPACK OF 10 ONLY,N/A,N Stock Active,160555,N/A,10,3906 H C DUKE & SON,N/A,Denise McKay,7.6,76.00
96566,E160557,SEAL-BEATER SHAFT,N/A,N Stock Active,160557,N/A,94,3906 H C DUKE & SON,N/A,Denise McKay,3.26,306.44
87399,E160561,O RING BLEEDERSOLD IN PACK OF 10 ONLY,N/A,N Stock Active,160561,N/A,3,3906 H C DUKE & SON,N/A,Denise McKay,6.3,18.90
87400,E160562,O RINGSOLD IN PACK OF 10,N/A,N Stock Active,160562,N/A,21,3906 H C DUKE & SON,N/A,Denise McKay,1.8,37.80
96569,E160563-02,GASKET MAGNETIC18" WIDE,N/A,N Stock Active,160563-02,N/A,5,3906 H C DUKE & SON,N/A,Denise McKay,47.35,236.75
96570,E160574,GASKET-MAGNETIC DOORGES SERIES,N/A,N Stock Active,160574,N/A,1,3906 H C DUKE & SON,N/A,Denise McKay,N/A,0.00
96572,E160584,O-RINGPACK OF 10 ONLY,N/A,N Stock Active,160584,N/A,198,3906 H C DUKE & SON,N/A,Denise McKay,0.51,100.98
87403,E160585,O RINGSOLD IN PACK OF 5 ONLY,N/A,N Stock Active,160585,N/A,1,3906 H C DUKE & SON,N/A,Denise McKay,N/A,0.00
96573,E160590,O-RINGPACK OF 10 ONLY,N/A,N Stock Active,160590,N/A,30,3906 H C DUKE & SON,N/A,Denise McKay,N/A,0.00
96574,E160594,O-RING,N/A,N Stock Active,160594,N/A,75,3906 H C DUKE & SON,N/A,Denise McKay,N/A,0.00
96575,E160597,QUAD O-RING,N/A,N Stock Active,160597,N/A,2,3906 H C DUKE & SON,N/A,Denise McKay,0.58,1.16
87404,E160600,O RINGSOLD IN PACK OF 10 ONLY,N/A,N Stock Active,160600,N/A,1,3906 H C DUKE & SON,N/A,Denise McKay,N/A,0.00
87405,E160605,QUAD RINGSOLD IN PACK OF 10 ONLY,N/A,N Stock Active,160605,N/A,3,3906 H C DUKE & SON,N/A,Denise McKay,N/A,0.00
96576,E160606,QUAD RING,N/A,N Stock Active,160606,N/A,14,3906 H C DUKE & SON,N/A,Denise McKay,11.45,160.30
87406,E160607,O RINGSOLD IN PACK OF 10 ONLY,N/A,N Stock Active,160607,N/A,19,3906 H C DUKE & SON,N/A,Denise McKay,21.2,402.80
87408,E160612,O RINGSOLD IN PACK OF 10 ONLY,N/A,N Stock Active,160612,N/A,10,3906 H C DUKE & SON,N/A,Denise McKay,6.8,68.00
96578,E160613,O-RINGPACK  OF 5 ONLY,N/A,N Stock Active,160613,N/A,135,3906 H C DUKE & SON,N/A,Denise McKay,N/A,0.00
87409,E160616,O RINGSOLD IN PACK OF 10 ONLY,N/A,N Stock Active,160612,N/A,1,3906 H C DUKE & SON,N/A,Denise McKay,N/A,0.00
96579,E160617,O-RING,N/A,N Stock Active,160617,N/A,1,3906 H C DUKE & SON,N/A,Denise McKay,0.15,0.15
87410,E160620,O RINGSOLD IN PACK OF 10 ONLY,N/A,N Stock Active,160620,N/A,5,3906 H C DUKE & SON,N/A,Denise McKay,N/A,0.00
96580,E160621,O-RINGPACK OF 10 ONLY,N/A,O Non Stock Inactive,160621,05/28/2024,549,3906 H C DUKE & SON,N/A,Denise McKay,4.35,2388.15
96582,E160623,O RING,N/A,N Stock Active,160623,N/A,7,3906 H C DUKE & SON,N/A,Denise McKay,2.1,14.70
87411,E160624,O RINGSOLD IN PACK OF 5 ONLY,N/A,N Stock Active,160624,N/A,18,3906 H C DUKE & SON,N/A,Denise McKay,3.3,59.40
87412,E160626,O RINGSOLD IN PACK OF 10 ONLY,N/A,N Stock Active,160626,N/A,5,3906 H C DUKE & SON,N/A,Denise McKay,6.52,32.60
96583,E160627,O-RING,N/A,N Stock Active,160627,N/A,49,3906 H C DUKE & SON,N/A,Denise McKay,N/A,0.00
96584,E160628,O-RINGSOLD IN PACKS OF 10,N/A,N Stock Active,160628,N/A,105,3906 H C DUKE & SON,N/A,Denise McKay,0.23,24.15
87413,E160646,O RINGSOLD IN PACK OF 10,N/A,N Stock Active,160646,N/A,10,3906 H C DUKE & SON,N/A,Denise McKay,6.75,67.50
96586,E160649,O RING,N/A,N Stock Active,160649,N/A,33,3906 H C DUKE & SON,N/A,Denise McKay,2.73,90.09
96587,E160650,O-RING,N/A,N Stock Active,160650,N/A,36,3906 H C DUKE & SON,N/A,Denise McKay,1.21,43.56
96589,E160700,COUPLING-QUICIK CONNECT BARB,N/A,N Stock Active,160700,N/A,3,3906 H C DUKE & SON,N/A,Denise McKay,N/A,0.00
96590,E160732,CLAMP-HOSE WIRE,N/A,N Stock Active,160732,N/A,21,3906 H C DUKE & SON,N/A,Denise McKay,1.05,22.05
96591,E160738,CLAMP-HOSE 1/2 ID DELRIN,N/A,N Stock Active,160738,N/A,6,3906 H C DUKE & SON,N/A,Denise McKay,0.66,3.96
96592,E160753,HOSE-PVC 1 ID,N/A,N Stock Active,160753,N/A,6,3906 H C DUKE & SON,N/A,Denise McKay,6.71,40.26
96593,E160770,COUPLING-INSERT 1/4 HOSE BARB,N/A,N Stock Active,160770,N/A,1,3906 H C DUKE & SON,N/A,Denise McKay,N/A,0.00
96594,E160776,COUPLING-QUICK CONNECT 1/8 IN44RMT-FB,N/A,N Stock Active,160776,N/A,14,3906 H C DUKE & SON,N/A,Denise McKay,22.34,312.76
96595,E161001,THERMOMETER-CAB,N/A,N Stock Active,161001,N/A,1,3906 H C DUKE & SON,N/A,Denise McKay,N/A,0.00
96597,E161202,THERMOSTAT 5 DEGREES,N/A,N Stock Active,161202,N/A,1,3906 H C DUKE & SON,N/A,Denise McKay,N/A,0.00
96598,E161203,THERMOSTAT-1.5DEGREE FIXED DIF,N/A,N Stock Active,161203,N/A,1,3906 H C DUKE & SON,N/A,Denise McKay,N/A,0.00
96599,E161204,THERMOSTAT-SNAP DISC,N/A,N Stock Active,161204,N/A,2,3906 H C DUKE & SON,N/A,Denise McKay,N/A,0.00
96600,E161210,THERMOSTAT 1.5 DEGREES,N/A,N Stock Active,161210,N/A,1,3906 H C DUKE & SON,N/A,Denise McKay,N/A,0.00
96601,E161212-01,SENSOR-NTC TEMP W/MOLEX,N/A,N Stock Active,161212-01,N/A,9,3906 H C DUKE & SON,N/A,Denise McKay,17.69,159.21
96602,E161213,THERMOSTAT-ELECTRONIC 0/40 DEG,N/A,N Stock Active,161213,N/A,4,3906 H C DUKE & SON,N/A,Denise McKay,N/A,0.00
96603,E161215,CONTROL-ELECTRONIC TEMPERATURE,N/A,N Stock Active,161215,N/A,1,3906 H C DUKE & SON,N/A,Denise McKay,N/A,0.00
96605,E161216-01,P-SENSOR-10K THERMISTOR W/MOLE,N/A,N Stock Active,161216-01,N/A,13,3906 H C DUKE & SON,N/A,Denise McKay,37.2,483.60
96606,E161218,CONTROL-ELECTRONIC TEMP DUAL,N/A,N Stock Active,161218,N/A,5,3906 H C DUKE & SON,N/A,Denise McKay,N/A,0.00
96607,E161222,SENSOR-TEMP 10K NTC W/MOLEX JA,N/A,N Stock Active,161222,N/A,1,3906 H C DUKE & SON,N/A,Denise McKay,26.01,26.01
96609,E161301,FLOAT-LEVEL SENSORNLA - SEE 161301-01,N/A,N Stock Active,161301,N/A,9,3906 H C DUKE & SON,N/A,Denise McKay,14.83,133.47
96610,E161301-01,FLOAT-LEVEL SENSOR CE,N/A,N Stock Active,161301-01,N/A,4,3906 H C DUKE & SON,N/A,Denise McKay,25.62,102.48
96613,E162051,HINGE-1 3/8 PIVOT BOTTOM RH,N/A,N Stock Active,162051,N/A,1,3906 H C DUKE & SON,N/A,Denise McKay,N/A,0.00
96614,E162052,SPRING-PIVOT HINGE LH,N/A,N Stock Active,162052,N/A,1,3906 H C DUKE & SON,N/A,Denise McKay,N/A,0.00
96615,E162053,BOLT-PIVOT HINGE LH BOTTOM,N/A,N Stock Active,162053,N/A,3,3906 H C DUKE & SON,N/A,Denise McKay,N/A,0.00
96616,E162130,PAD-FOOT ANTI SLIP,N/A,N Stock Active,162130,N/A,4,3906 H C DUKE & SON,N/A,Denise McKay,N/A,0.00
96617,E162200-09,CASTER - 3 IN SWIVEL,N/A,N Stock Active,162200-09,N/A,2,3906 H C DUKE & SON,N/A,Denise McKay,39.22,78.44
96619,E162315,SPRING-COMPRESSION SS,N/A,N Stock Active,162315,N/A,1,3906 H C DUKE & SON,N/A,Denise McKay,N/A,0.00
96620,E162316,SPRING-COMPRESSION SHAKE,N/A,N Stock Active,162316,N/A,12,3906 H C DUKE & SON,N/A,Denise McKay,N/A,0.00
96621,E162318,SPRING-COMPRESSION,N/A,N Stock Active,162318,N/A,3,3906 H C DUKE & SON,N/A,Denise McKay,N/A,0.00
96622,E162319,SPRING-PULL VALVE,N/A,N Stock Active,162319,N/A,2,3906 H C DUKE & SON,N/A,Denise McKay,5.31,10.62
96623,E162323,SPRING COMPRESSION,N/A,N Stock Active,162323,N/A,20,3906 H C DUKE & SON,N/A,Denise McKay,3.9,78.00
96624,E162324,CLIP TUBE RETAINER,N/A,N Stock Active,162324,N/A,2,3906 H C DUKE & SON,N/A,Denise McKay,6.01,12.02
96625,E162335,SPRING-PRESSURE SWITCH SS,N/A,N Stock Active,162335,N/A,4,3906 H C DUKE & SON,N/A,Denise McKay,N/A,0.00
96626,E162341,SPRING-EXTENSION HI TORQUE,N/A,N Stock Active,162341,N/A,12,3906 H C DUKE & SON,N/A,Denise McKay,1.73,20.76
96628,E162513-01,SEALANT-ALUM SILASTIC #732 3OZ,N/A,N Stock Active,162513-01,N/A,6,3906 H C DUKE & SON,N/A,Denise McKay,5.36,32.16
96629,E162604,KNOB TIMER,N/A,N Stock Active,162604,N/A,11,3906 H C DUKE & SON,N/A,Denise McKay,8.9,97.90
96632,E162627,KNOB OVAL TAPER,N/A,N Stock Active,162627,N/A,1,3906 H C DUKE & SON,N/A,Denise McKay,N/A,0.00
96634,E162629-01,KNOB-BALL 3/8-16 THD RED,N/A,N Stock Active,162629-01,N/A,1,3906 H C DUKE & SON,N/A,Denise McKay,17.27,17.27
104539,E162631,KNOB-FLUTED METAL FAUCET,N/A,N Stock Active,162631,N/A,2,3906 H C DUKE & SON,N/A,Denise McKay,39.34,78.68
96635,E162633,KNOB FLUTED TORQUE,N/A,N Stock Active,162633,N/A,1,3906 H C DUKE & SON,N/A,Denise McKay,3.99,3.99
96637,E162641,KNOB-HAND ALUMINUMPRESSURIZED SHAKE FREEZER,N/A,N Stock Active,162641,N/A,6,3906 H C DUKE & SON,N/A,Denise McKay,12.03,72.18
96638,E162709,SPIGOT-SLUSH,N/A,N Stock Active,162709,N/A,3,3906 H C DUKE & SON,N/A,Denise McKay,107.82,323.46
96639,E162715,PLUG-SPIGOT,N/A,N Stock Active,162715,N/A,6,3906 H C DUKE & SON,N/A,Denise McKay,N/A,0.00
96640,E163421,AIR METER-13,N/A,N Stock Active,163421,N/A,4,3906 H C DUKE & SON,N/A,Denise McKay,2.42,9.68
96641,E163423,AIR METER-9,N/A,N Stock Active,163423,N/A,5,3906 H C DUKE & SON,N/A,Denise McKay,2.42,12.10
96642,E163424,AIR METER-10,N/A,N Stock Active,163424,N/A,3,3906 H C DUKE & SON,N/A,Denise McKay,N/A,0.00
96643,E163425,AIR METER-11,N/A,N Stock Active,163425,N/A,6,3906 H C DUKE & SON,N/A,Denise McKay,N/A,0.00
96644,E163426,AIR METER-12,N/A,N Stock Active,163426,N/A,7,3906 H C DUKE & SON,N/A,Denise McKay,N/A,0.00
96645,E163427,AIR METER-14,N/A,N Stock Active,163427,N/A,27,3906 H C DUKE & SON,N/A,Denise McKay,N/A,0.00
96647,E163429,AIR METER #16,N/A,N Stock Active,163429,N/A,47,3906 H C DUKE & SON,N/A,Denise McKay,3.64,171.08
96648,E163430,AIR METER #17,N/A,N Stock Active,163430,N/A,18,3906 H C DUKE & SON,N/A,Denise McKay,4.71,84.78
96649,E163431,AIR METER #18,N/A,N Stock Active,163431,N/A,7,3906 H C DUKE & SON,N/A,Denise McKay,2.43,17.01
96650,E163432,AIR METER #19,N/A,N Stock Active,163432,N/A,28,3906 H C DUKE & SON,N/A,Denise McKay,3.64,101.92
96651,E163433,AIR METER #20,N/A,N Stock Active,163433,N/A,6,3906 H C DUKE & SON,N/A,Denise McKay,4.39,26.34
96652,E163434,AIR METER #21,N/A,N Stock Active,163434,N/A,27,3906 H C DUKE & SON,N/A,Denise McKay,N/A,0.00
96653,E163435,AIR METER-22,N/A,N Stock Active,163435,N/A,1,3906 H C DUKE & SON,N/A,Denise McKay,N/A,0.00
96654,E163436,AIR MATER-23,N/A,N Stock Active,163436,N/A,1,3906 H C DUKE & SON,N/A,Denise McKay,N/A,0.00
96655,E163437,AIR METER-24,N/A,N Stock Active,163437,N/A,1,3906 H C DUKE & SON,N/A,Denise McKay,N/A,0.00
96656,E163438,AIR METER-25,N/A,N Stock Active,163438,N/A,7,3906 H C DUKE & SON,N/A,Denise McKay,N/A,0.00
96657,E163439,AIR METER-26,N/A,N Stock Active,163439,N/A,3,3906 H C DUKE & SON,N/A,Denise McKay,N/A,0.00
96658,E163440,AIR METER-28,N/A,N Stock Active,163440,N/A,12,3906 H C DUKE & SON,N/A,Denise McKay,N/A,0.00
96659,E164454-05,CARVEL TRIM STRIP,N/A,N Stock Active,164454-05,N/A,1,3906 H C DUKE & SON,N/A,Denise McKay,N/A,0.00
96662,E169124,PUMP-SLUSH FLAVOR PLASTIC,N/A,N Stock Active,169124,N/A,4,3906 H C DUKE & SON,N/A,Denise McKay,3.96,15.84
96663,E169125,PUMP-SLUSH FLAVOR,N/A,N Stock Active,169125,N/A,1,3906 H C DUKE & SON,N/A,Denise McKay,N/A,0.00
96664,E169374,TOOL O RING REMOVAL,N/A,N Stock Active,169374,05/28/2024,2,3906 H C DUKE & SON,N/A,Denise McKay,8.91,17.82
96668,E19041,1/4 SEALRIGHT REBUILD KIT,N/A,N Stock Active,19041,N/A,2,211 AIRECO SUPPLY INC.,N/A,Denise McKay,N/A,0.00
96670,E196000,SPINNER-DISPENSE HEAD10-CAB & 15-10CAB,N/A,N Stock Active,196000,N/A,2,3906 H C DUKE & SON,N/A,Denise McKay,N/A,0.00
96671,E196005-01,GUARD-SPLASH,N/A,N Stock Active,196005-01,N/A,2,3906 H C DUKE & SON,N/A,Denise McKay,35.74,71.48
96672,E196006,TEE-5/8X5/8X5/8 WHITE PET,N/A,N Stock Active,196006,N/A,1,3906 H C DUKE & SON,N/A,Denise McKay,N/A,0.00
96673,E196015,SCREW-ADJUSTING RD HD,N/A,N Stock Active,196015,N/A,2,3906 H C DUKE & SON,N/A,Denise McKay,N/A,0.00
96674,E196061,TUBING-.600 ID x .850 OD PVC,N/A,N Stock Active,196061,N/A,6,3906 H C DUKE & SON,N/A,Denise McKay,1.5,9.00
96675,E196066,PLUG-AIR RELIEF,N/A,N Stock Active,E196066,N/A,4,3906 H C DUKE & SON,N/A,Denise McKay,18.84,75.36
96677,E196079,BUSHING-CYLINDER,N/A,N Stock Active,196079,N/A,4,3906 H C DUKE & SON,N/A,Denise McKay,N/A,0.00
96679,E196089,BLADE-SCRAPER,N/A,N Stock Active,196089,N/A,4,3906 H C DUKE & SON,N/A,Denise McKay,N/A,0.00
96680,E196103,BOTTLE-WASH 500ML,N/A,N Stock Active,196103,N/A,1,3906 H C DUKE & SON,N/A,Denise McKay,16.97,16.97
96681,E196109,BEAKER 150 ML,N/A,N Stock Active,196109,N/A,1,3906 H C DUKE & SON,N/A,Denise McKay,N/A,0.00
96682,E196111,COVER-HOPPER,N/A,N Stock Active,196111,N/A,1,3906 H C DUKE & SON,N/A,Denise McKay,41.93,41.93
96683,E196121,COVER-HOPPER,N/A,N Stock Active,196121,N/A,3,3906 H C DUKE & SON,N/A,Denise McKay,N/A,0.00
96684,E196166,HANDLE DISPENSE HEAD,N/A,N Stock Active,196166,N/A,6,3906 H C DUKE & SON,N/A,Denise McKay,10.93,65.58
96685,E196167,NOZZLE-DISPENSECS8/CS4,N/A,N Stock Active,196167,N/A,28,3906 H C DUKE & SON,N/A,Denise McKay,2.79,78.12
96686,E196169,TRAY-DRIP,N/A,N Stock Active,196169,N/A,1,3906 H C DUKE & SON,N/A,Denise McKay,N/A,0.00
96687,E196170,INSERT-DRIP TRAY,N/A,N Stock Active,196170,N/A,2,3906 H C DUKE & SON,N/A,Denise McKay,N/A,0.00
96688,E196174,COVER-HOPPER,N/A,N Stock Active,196174,N/A,2,3906 H C DUKE & SON,N/A,Denise McKay,N/A,0.00
116418,E196255,TANK-MIX 5 GALLON 0,N/A,N Stock Active,196255,N/A,2,3906 H C DUKE & SON,N/A,Denise McKay,98.67,197.34
96691,E196260,TRAY-DRIP,N/A,N Stock Active,196260,N/A,1,3906 H C DUKE & SON,N/A,Denise McKay,49.31,49.31
96692,E196260-01,TRAY-DRIP W/CUP HOLDER,N/A,N Stock Active,196260-01,N/A,4,3906 H C DUKE & SON,N/A,Denise McKay,131.76,527.04
96693,E196261,COVER-DRIP TRAY,N/A,N Stock Active,196261,N/A,3,3906 H C DUKE & SON,N/A,Denise McKay,41,123.00
96695,E196297,BAR-BREAKER MOLDED SHORT,N/A,N Stock Active,196297,N/A,2,3906 H C DUKE & SON,N/A,Denise McKay,5.92,11.84
96697,E196604-01,SLEEVE-REAR MIX FEED SHORT,N/A,N Stock Active,196604-01,N/A,1,3906 H C DUKE & SON,N/A,Denise McKay,N/A,0.00
96698,E196608-01,INSERT-MIX FEED TUBE SHORT,N/A,N Stock Active,196608-01,N/A,1,3906 H C DUKE & SON,N/A,Denise McKay,N/A,0.00
96701,E199023,SEAL-MIX FEED TUBE,N/A,N Stock Active,199023,N/A,9,3906 H C DUKE & SON,N/A,Denise McKay,N/A,0.00
96702,E199028,CAP-MIX TANK FLOAT,N/A,N Stock Active,199028,N/A,8,3906 H C DUKE & SON,N/A,Denise McKay,N/A,0.00
87414,E199032,DUCKBILL INLETPACK OF 5,N/A,N Stock Active,199032,N/A,22,3906 H C DUKE & SON,N/A,Denise McKay,23.03,506.66
96703,E2009853,LIQUID LINE THERMISTER,N/A,N Stock Active,2009853,N/A,1,211 AIRECO SUPPLY INC.,N/A,Denise McKay,N/A,0.00
96704,E208135,BRUSH NYLON 4X6 16STOELTING FREEZING CYLINDER,N/A,N Stock Active,208135,N/A,1,8742 PARTS TOWN LLC,N/A,Denise McKay,N/A,0.00
116468,E2187811,SPIGOT  CENTER  OT 0,N/A,N Stock Active,0,N/A,1,8742 PARTS TOWN LLC,N/A,Denise McKay,78.18,78.18
96706,E2208911,KIT  ACTUATORSTOELTING PART,N/A,N Stock Active,2208911,N/A,2,8742 PARTS TOWN LLC,N/A,Denise McKay,283.35,566.70
124778,E231107-SV,CAPILLARY TUBE AND DRIER ASSY,N/A,N Stock Active,STOE231107-SV,N/A,1,8742 PARTS TOWN LLC,N/A,Denise McKay,118.48,118.48
87417,E24C646,HEX CAP SCREW 1/4"-28  2-3/4"SS  PK 10 (MISC. PART),N/A,N Stock Active,24C646,N/A,1,3829 GRAINGER,N/A,Denise McKay,1.13,1.13
124779,E295283,CONTACTOR  3 POLE  208/240 60HZ,N/A,N Stock Active,STOE295283,N/A,2,8742 PARTS TOWN LLC,N/A,Denise McKay,55.85,111.70
96709,E2P30208P,CONTACTOR 2 POLE 30 AMP 240V,N/A,N Stock Active,2P30208P,N/A,1,211 AIRECO SUPPLY INC.,N/A,Denise McKay,11.27,11.27
125196,E2P40208P,CONTACTOR 2 PO;E 40 AMP 240V,N/A,N Stock Active,0,N/A,1,7300 MISCELLANEOUS VENDORS ONLY,N/A,Denise McKay,22.34,22.34
96710,E30223L0211,GASKET - DOOR K 6/30/11 REPLACBEV-AIR,N/A,N Stock Active,30223L0212,N/A,1,1101 BEVERAGE-AIR CORPORATION,N/A,Denise McKay,N/A,0.00
96711,E32-19864-14,ELECTRONIC CONTROLLER,N/A,N Stock Active,FED32-19864-14,N/A,1,8742 PARTS TOWN LLC,N/A,Denise McKay,N/A,0.00
96712,E33112N,QC SHUT OFF FITTING,N/A,N Stock Active,33112N,N/A,1,211 AIRECO SUPPLY INC.,N/A,Denise McKay,22.55,22.55
109966,E400906,44RMTFB SOFT-SERVE MACHINE AIR-COOL 208-230/60/1,N/A,N Stock Active,44RMTFB,N/A,1,10830 SENTRY EQUIPMENT,N/A,Denise McKay,N/A,0.00
96714,E4011F,TRANSFORMER 120V TO 24V,N/A,N Stock Active,4011F,N/A,1,211 AIRECO SUPPLY INC.,N/A,Denise McKay,N/A,0.00
130350,E417006,INSERT RACK  DRIP TRAY,N/A,N Stock Active,STOE417006,N/A,1,8742 PARTS TOWN LLC,N/A,Denise McKay,25.19,25.19
96717,E436074,3/4" X 1/2" PVC ADAPTMISC PVC PART,N/A,N Stock Active,E436074,N/A,2,211 AIRECO SUPPLY INC.,N/A,Denise McKay,0.53,1.06
96719,E49036,COMPOUND GAUGE R410A,N/A,N Stock Active,49036,N/A,1,211 AIRECO SUPPLY INC.,N/A,Denise McKay,16.48,16.48
96720,E49052,BLUE COMPOUND GAUGER134A,N/A,N Stock Active,49052,N/A,1,211 AIRECO SUPPLY INC.,N/A,Denise McKay,21.84,21.84
102756,E4A2663-01,DRIER HOSHIZAKI,N/A,N Stock Active,4A2663-01,N/A,1,10948 SILVER EAGLE MARKETING,N/A,Denise McKay,35.48,35.48
102757,E4A3624-01,FLOAT SWITCH HOSHIZAKI,N/A,N Stock Active,4A3624-01,N/A,1,10948 SILVER EAGLE MARKETING,N/A,Denise McKay,83.24,83.24
125198,E4A4581-01,COMPRESSOR,N/A,N Stock Active,4A4581-01,N/A,1,10948 SILVER EAGLE MARKETING,N/A,Denise McKay,1925.68,1925.68
102758,E4A5847-01,EXPANSION VALVE HOSHIZAKI,N/A,N Stock Active,4A5847-01,N/A,2,10948 SILVER EAGLE MARKETING,N/A,Denise McKay,81.2,162.40
96724,E5760,MANI FLOAT RF/RFS UNITS,N/A,N Stock Active,000005760,N/A,1,211 AIRECO SUPPLY INC.,N/A,Denise McKay,24.92,24.92
98302,E6001,SET SCREWS - ASSORTMENT,N/A,N Stock Active,6001,N/A,1,211 AIRECO SUPPLY INC.,N/A,Denise McKay,0.1,0.10
96725,E6063,MANI WATER INLET VALVE,N/A,N Stock Active,000006063,N/A,1,211 AIRECO SUPPLY INC.,N/A,Denise McKay,78.36,78.36
102668,E624664-5,O-RING  5PK,N/A,N Stock Active,STOE624664-5,N/A,1,8742 PARTS TOWN LLC,N/A,Denise McKay,4.76,4.76
96727,E66510,1-1/2"X10 YRDS ECON CLSD COATSAND CLOTH 120 GR,N/A,N Stock Active,66510,N/A,3,211 AIRECO SUPPLY INC.,N/A,Denise McKay,5.49,16.47
96729,E703-988C-01,GASKET - DOOR,N/A,N Stock Active,703-988C-01,N/A,1,1101 BEVERAGE-AIR CORPORATION,N/A,Denise McKay,N/A,0.00
96732,E718773,SWITCH-LIMIT  SPIGOT,N/A,N Stock Active,STOE718773,N/A,1,8742 PARTS TOWN LLC,N/A,Denise McKay,19.46,19.46
130351,E744273,DRIP TRAY  BLACK PLASTIC,N/A,N Stock Active,STOE744273,N/A,1,8742 PARTS TOWN LLC,N/A,Denise McKay,29.57,29.57
96733,E75243021,HEATR MULLION 20W 100" PINK,N/A,N Stock Active,75243021,N/A,2,2834 ECOLAB FOOD SAFETY SPECIALTIE,N/A,Denise McKay,N/A,0.00
129015,E7888,MANI SWITCH MAGNETIC CURTAIN 36",N/A,N Stock Active,000007888,N/A,1,211 AIRECO SUPPLY INC.,N/A,Denise McKay,42.8,42.80
116456,E82323,O-RING  1-5/16" SERVER FOUNTAIN PUMP FG'S,N/A,N Stock Active,SER82323,N/A,17,8742 PARTS TOWN LLC,N/A,Denise McKay,0.59,10.03
109843,E900407,CS704-237 GRAVITY SHAKE FREEZR 208/1PH  W/CASTERS,N/A,N Stock Active,CS704-237,N/A,2,3906 H C DUKE & SON,N/A,Denise McKay,N/A,0.00
109842,E900410,CS600-237 SOFT SERVE MACHINE 0,N/A,N Stock Active,CS600-237,N/A,1,3906 H C DUKE & SON,N/A,Christine Nelson,N/A,0.00
96734,E9041105-02,PURGE VALVE 0 DEG 240V,N/A,N Stock Active,9041105-02,N/A,3,LINDOX SIEGEL EQUIPMENT CORP,N/A,Denise McKay,N/A,0.00
127711,E9041106-01,FAN CYCLE CONTROL,N/A,N Stock Active,9041106-01,N/A,1,LINDOX SIEGEL EQUIPMENT CORP,N/A,Denise McKay,23.18,23.18
96735,E9051771-01,SUMP DUAL EVAP,N/A,N Stock Active,9051771-01,N/A,1,LINDOX SIEGEL EQUIPMENT CORP,N/A,Denise McKay,N/A,0.00
96736,E9101124-02,SWITCH LIMIT SPDT,N/A,N Stock Active,9101124-02,N/A,3,LINDOX SIEGEL EQUIPMENT CORP,N/A,Denise McKay,N/A,0.00
96737,E9131111-101,KIT SERVICE FOR -01,N/A,N Stock Active,9131111-01,N/A,3,LINDOX SIEGEL EQUIPMENT CORP,N/A,Denise McKay,35.38,106.14
96738,E9161076-01,PUMP WATER,N/A,N Stock Active,9161076-101,N/A,2,LINDOX SIEGEL EQUIPMENT CORP,N/A,Denise McKay,N/A,0.00
96739,E9161125-01,FAN MOTORICE1406HA7,N/A,N Stock Active,9161125-01,N/A,1,LINDOX SIEGEL EQUIPMENT CORP,N/A,Denise McKay,N/A,0.00
96740,E93844,BALL VALVE 1/4" MFLXFFL,N/A,N Stock Active,93844,N/A,2,211 AIRECO SUPPLY INC.,N/A,Denise McKay,19.11,38.22
130352,E943-0291-00,UNIVERSAL REFRIG CONTROLLER 120V,N/A,N Stock Active,943-0291-00,N/A,1,211 AIRECO SUPPLY INC.,N/A,Denise McKay,204.05,204.05
96741,E998-0510-90,SERVICE VALVE KIT,N/A,N Stock Active,998-0510-90,N/A,1,211 AIRECO SUPPLY INC.,N/A,Denise McKay,N/A,0.00
96742,E998-0510-98,SERVICE VALVE KIT 1/2,N/A,N Stock Active,998-0510-98,N/A,1,211 AIRECO SUPPLY INC.,N/A,Denise McKay,N/A,0.00
96744,EA22-1129,ICE BIN LEVEL CONTROL,N/A,N Stock Active,A22-1129,N/A,1,211 AIRECO SUPPLY INC.,N/A,Denise McKay,65.93,65.93
96745,EA3,TIP 3/16" ACETYLENETOOL,N/A,N Stock Active,A3,N/A,1,211 AIRECO SUPPLY INC.,N/A,Denise McKay,74.24,74.24
127712,EA31864,1/4 SWIVEL NUT RUN 4 PACK,N/A,N Stock Active,A31864,N/A,1,211 AIRECO SUPPLY INC.,N/A,Denise McKay,18.7,18.70
96749,EA32588-020,WATER PUMP,N/A,N Stock Active,A32588-020,N/A,1,EMPIRE EQUIPMENT COMPANY,N/A,Denise McKay,265.89,265.89
96750,EA39030-021,WATER LEVEL SENSOR,N/A,N Stock Active,A39030-021,N/A,3,EMPIRE EQUIPMENT COMPANY,N/A,Denise McKay,27.25,81.75
96751,EA390S,ICE THICKNESS SENSOR,N/A,N Stock Active,A39031-021,N/A,1,EMPIRE EQUIPMENT COMPANY,N/A,Denise McKay,42.3,42.30
96753,EA421GBF-02C,ELECTRONIC TEMP CONTROL 24V*USE E120896,N/A,N Stock Active,A421GBF-02C,N/A,2,211 AIRECO SUPPLY INC.,N/A,Denise McKay,N/A,0.00
96755,EACD-14PLUS,DUAL DISPLAY DIGIAL CLAMP ONMULTIMETER,N/A,N Stock Active,ACD-14PLUS,N/A,1,3906 H C DUKE & SON,N/A,Denise McKay,N/A,0.00
96757,EB26FW,6-3/4" FIN & COIL BRUSH,N/A,N Stock Active,B26FW,N/A,2,211 AIRECO SUPPLY INC.,N/A,Denise McKay,3.73,7.46
96758,EBBOTTLE,B ACY BOTTLE ONLYUSED IN REFRIGERATION SERVICE,N/A,N Stock Active,BBOTTLE,N/A,2,211 AIRECO SUPPLY INC.,N/A,Denise McKay,N/A,0.00
96761,EBPV31,BULLET PIERCING VALVE,N/A,N Stock Active,BPV31,N/A,4,211 AIRECO SUPPLY INC.,N/A,Denise McKay,3.3,13.20
96763,EC032S,CATCH-ALL FILTER DRIER1/4 ODF,N/A,N Stock Active,C032S,N/A,1,211 AIRECO SUPPLY INC.,N/A,Denise McKay,16.79,16.79
104261,EC052SHH,CATCH ALL FILTER DRIER,N/A,N Stock Active,C052SHH,N/A,1,211 AIRECO SUPPLY INC.,N/A,Denise McKay,15.89,15.89
128500,EC163SHH,CATCH ALL FILTER DRIER,N/A,N Stock Active,C163SHH,N/A,1,211 AIRECO SUPPLY INC.,N/A,Denise McKay,29.61,29.61
102128,EC405011,A/C EASYSEAL DIRECT INJECT-UV DYE 2-7.5 TONS,N/A,N Stock Active,C405011,N/A,1,211 AIRECO SUPPLY INC.,N/A,Denise McKay,62.47,62.47
96767,EC416CW115,ECM MOTOR 4-16 WATT 115VCONTINENTAL,N/A,N Stock Active,EC416W115,N/A,2,211 AIRECO SUPPLY INC.,N/A,Denise McKay,55,110.00
96771,EC430102,RX-ACID SCAVENGER,N/A,N Stock Active,C430102,N/A,4,211 AIRECO SUPPLY INC.,N/A,Denise McKay,N/A,0.00
125202,EC4615W3,MICRO-PLUS 2 WATER FILTER,N/A,N Stock Active,C4615W3,N/A,1,211 AIRECO SUPPLY INC.,N/A,Denise McKay,36.16,36.16
96772,EC8IA41115V,ELECTRIC TEMP CONTROLER,N/A,N Stock Active,C8IA41115V,N/A,1,NATIONAL REFRIGERATION AND,N/A,Denise McKay,136.8,136.80
96774,ECOMPWIREKIT,COMPRESSOR WIRE KIT,N/A,N Stock Active,COMPWIREKIT,N/A,3,211 AIRECO SUPPLY INC.,N/A,Denise McKay,24.66,73.98
96775,ECP22115,CONDENSATE PUMP 115V 1/10HP,N/A,N Stock Active,CP22115,N/A,1,211 AIRECO SUPPLY INC.,N/A,Denise McKay,39.92,39.92
96776,ECRC-20209OL,HINGE (LH),N/A,N Stock Active,CRC-20209OLD,N/A,1,NATIONAL REFRIGERATION AND,N/A,Denise McKay,39.6,39.60
96777,ECS-10,WATER REPLACEMENT CARTRIDGE,N/A,N Stock Active,CS-10,N/A,4,ITV ICE MAKERS INC,N/A,Denise McKay,N/A,0.00
98306,ECTACR5810,5/8 OD ACR HARD TUBE 10'TYPE L,N/A,N Stock Active,CTACR5810,N/A,30,211 AIRECO SUPPLY INC.,N/A,Denise McKay,0.32,9.60
98307,ECTACR7810,7/8OD ACR HARD TUBE 10',N/A,N Stock Active,CTACR7810,N/A,170,211 AIRECO SUPPLY INC.,N/A,Denise McKay,0.5,85.00
96781,ECTREF1210,1/2OD X 10 COIL REF TUBE,N/A,N Stock Active,CTREF1210,N/A,1,211 AIRECO SUPPLY INC.,N/A,Denise McKay,N/A,0.00
98308,ECTREF5830,5/8OD X 30' COIL REF TUBE,N/A,N Stock Active,CTREF5830,N/A,1,211 AIRECO SUPPLY INC.,N/A,Denise McKay,N/A,0.00
96782,ED014OZ,ZOOM SPOUT OILER 4 OZ,N/A,N Stock Active,D01,N/A,2,211 AIRECO SUPPLY INC.,N/A,Denise McKay,N/A,0.00
96783,EDC30,EZ ONE-SHOT RECOVERY CYLINDER,N/A,N Stock Active,DC30,N/A,11,211 AIRECO SUPPLY INC.,N/A,Denise McKay,N/A,0.00
87421,EDO1,ZOOM SPROUT OILER 4 OZ,N/A,N Stock Active,DO1,N/A,1,211 AIRECO SUPPLY INC.,N/A,Denise McKay,2.82,2.82
98309,EDV024,GALLON VACUUM PUMP OIL,N/A,N Stock Active,DV024,N/A,1,211 AIRECO SUPPLY INC.,N/A,Denise McKay,N/A,0.00
96785,EDV200N,7-CFM VACUUM PUMPTRUCK STOCK ONLY,N/A,N Stock Active,DV200N,N/A,2,211 AIRECO SUPPLY INC.,N/A,Denise McKay,N/A,0.00
124247,EE429007,3/4" PVC COUPLING SXS,N/A,N Stock Active,E429007,N/A,2,211 AIRECO SUPPLY INC.,N/A,Denise McKay,0.55,1.10
96786,EETC111,ELECTRONIC TEMP CONTROLUSED ON RITA'S DIP BOX,N/A,N Stock Active,ETC-111000-000,N/A,1,211 AIRECO SUPPLY INC.,N/A,Denise McKay,75.02,75.02
96788,EFBP100,FAN BLADE PULLER,N/A,N Stock Active,FBP100,N/A,1,211 AIRECO SUPPLY INC.,N/A,Denise McKay,N/A,0.00
96791,EG1SINGLE,RECOVERY MACHINEUSED TO RECOVER REFRIGERANT,N/A,N Stock Active,G1SINGLE,N/A,1,211 AIRECO SUPPLY INC.,N/A,Denise McKay,N/A,0.00
96792,EG5TWIN,RECOVERY MACHINE,N/A,N Stock Active,G5TWIN,N/A,1,211 AIRECO SUPPLY INC.,N/A,Denise McKay,N/A,0.00
99902,EGG36,RBA-36 CHARBROILER NG EAEGGSPECTATIONS EC,N/A,N Stock Active,RBA-36,N/A,1,3659 GARLAND COMMERCIAL IND.,N/A,Christine Nelson,1525,1525.00
96794,EH6211,RAYCHEM WTGR PP HT CB,N/A,N Stock Active,H6211,N/A,20,211 AIRECO SUPPLY INC.,N/A,Denise McKay,N/A,0.00
96796,EH912,GEL FILLED END CAPS,N/A,N Stock Active,H912,N/A,1,211 AIRECO SUPPLY INC.,N/A,Denise McKay,N/A,0.00
96798,EIC155230090,PAD ANTIFRACTION,N/A,N Stock Active,IC155230090,N/A,6,3906 H C DUKE & SON,N/A,Denise McKay,N/A,0.00
96799,EIC155230120,PAD ANTI FRICTION,N/A,N Stock Active,IC155230120,N/A,6,3906 H C DUKE & SON,N/A,Denise McKay,6.49,38.94
96800,EIC155230350,PAD ANTI FRICTION,N/A,N Stock Active,IC155230350,N/A,12,3906 H C DUKE & SON,N/A,Denise McKay,10.9,130.80
96801,EIC157245040,TUBE-ASSY PERISTALTIC,N/A,N Stock Active,IC157245040,N/A,3,3906 H C DUKE & SON,N/A,Denise McKay,N/A,0.00
96802,EIC177120280,SEAL-DRIVE SHAFT BEATER,N/A,N Stock Active,IC177120280,N/A,3,3906 H C DUKE & SON,N/A,Denise McKay,12.25,36.75
96803,EIC531300148,DRIVE BELT RFC5,N/A,N Stock Active,IC531300148,N/A,5,3906 H C DUKE & SON,N/A,Denise McKay,N/A,0.00
96804,EIC541000107,O-RING 1 78 7 66 NB 70 2031,N/A,N Stock Active,IC5410000107,N/A,18,3906 H C DUKE & SON,N/A,Denise McKay,N/A,0.00
96805,EIC574100325,TRANSFORMER 1 75VA TA-1-81142,N/A,N Stock Active,IC574100325,N/A,5,3906 H C DUKE & SON,N/A,Denise McKay,N/A,0.00
96806,EIC574100349,TRANSFORMER CR MAGNETICS CR845,N/A,N Stock Active,IC574100349,N/A,1,3906 H C DUKE & SON,N/A,Denise McKay,28.06,28.06
96807,EIC581101054,VALVE-THERMOSTATIC TES2 MOP068Z3438,N/A,N Stock Active,IC581101054,N/A,1,3906 H C DUKE & SON,N/A,Denise McKay,N/A,0.00
96808,EIC581110614,ORIFICE NO 04 068-2084,N/A,N Stock Active,IC581110614,N/A,1,3906 H C DUKE & SON,N/A,Denise McKay,N/A,0.00
96809,EIC588100329,ELBOW-BRASS 3/8 GAS CON/CON,N/A,N Stock Active,IC588100329,N/A,3,3906 H C DUKE & SON,N/A,Denise McKay,N/A,0.00
96811,EIFQ1,IOM FILTRATION SYSTEM SINGLEFILTER,N/A,N Stock Active,IFQ1,N/A,3,LINDOX SIEGEL EQUIPMENT CORP,N/A,Denise McKay,194.57,583.71
96812,EIOMQ,IOM REPLACEMENT CARTRIDGES,N/A,N Stock Active,IOMQ,N/A,7,LINDOX SIEGEL EQUIPMENT CORP,N/A,Denise McKay,105.5,738.50
96813,EK-00129,MANI REMOTE CPLG KIT,N/A,N Stock Active,K-00129,N/A,1,211 AIRECO SUPPLY INC.,N/A,Denise McKay,N/A,0.00
102129,EK00339,WATER FILTER-REPLACE MANITOWOC,N/A,N Stock Active,K00339,N/A,2,211 AIRECO SUPPLY INC.,N/A,Denise McKay,108.88,217.76
87425,EL7500C,7.5" BLACK TIE 100/PKPACK OF 100,N/A,N Stock Active,L7500C,N/A,2,211 AIRECO SUPPLY INC.,N/A,Denise McKay,N/A,0.00
104738,ELEAK CHECK,REFRIG-TECH BIG BLUE,N/A,N Stock Active,RT100S,N/A,32,211 AIRECO SUPPLY INC.,N/A,Denise McKay,0.42,13.44
96817,EM0512,MOTOR 9W  CCW  1550  115V,N/A,N Stock Active,M05412,N/A,1,211 AIRECO SUPPLY INC.,N/A,Denise McKay,29.59,29.59
96818,EM05811,MOTOR 16W  CW  1550  115V,N/A,N Stock Active,M05811,N/A,1,211 AIRECO SUPPLY INC.,N/A,Denise McKay,N/A,0.00
96819,EM2-8-410A,2-VALVE MANIFOLD NO HOSETOOL,N/A,N Stock Active,M2-8-410A,N/A,2,211 AIRECO SUPPLY INC.,N/A,Denise McKay,N/A,0.00
96820,EM82038,FUSE FRN30/TR30 30A-240V,N/A,N Stock Active,M82038,N/A,10,211 AIRECO SUPPLY INC.,N/A,Denise McKay,3.8,38.00
96821,EM82415,15A-250V GAB CERAMIC FUSE,N/A,N Stock Active,M82415,N/A,5,211 AIRECO SUPPLY INC.,N/A,Denise McKay,1.42,7.10
96822,EMFD10,CAPACITOR TESTER,N/A,N Stock Active,MFD10,N/A,1,211 AIRECO SUPPLY INC.,N/A,Denise McKay,N/A,0.00
96826,EN5,INSULATION FOAM TAPE,N/A,N Stock Active,N5,N/A,2,211 AIRECO SUPPLY INC.,N/A,Denise McKay,N/A,0.00
96827,EN5255,ELECTRICAL TAPE 3/4"X60,N/A,N Stock Active,N5255,N/A,2,211 AIRECO SUPPLY INC.,N/A,Denise McKay,N/A,0.00
87428,EN6218L,INSULATED SLIP ON 16-14,N/A,N Stock Active,N6218L,N/A,1,211 AIRECO SUPPLY INC.,N/A,Denise McKay,0.16,0.16
87429,EN6231,INSULATED BUTT CONNECTOR12 - 10 WIRE,N/A,N Stock Active,N6231,N/A,1,211 AIRECO SUPPLY INC.,N/A,Denise McKay,0.12,0.12
87430,EN6234L,FULLY INSULATED MALE,N/A,N Stock Active,N6234L,N/A,1,211 AIRECO SUPPLY INC.,N/A,Denise McKay,0.21,0.21
87431,EN62511,INSULATED SLIP-ON .250TAB 12-10 WIRE (50PCS),N/A,N Stock Active,N62511,N/A,2,211 AIRECO SUPPLY INC.,N/A,Denise McKay,0.19,0.38
87432,EN6251L,INSULATED SLIP ON .250 TAB12-10 WIRE,N/A,N Stock Active,N6251L,N/A,5,211 AIRECO SUPPLY INC.,N/A,Denise McKay,N/A,0.00
87433,EN6252L,INSULATED RING #10 STUD,N/A,N Stock Active,N6252L,N/A,1,211 AIRECO SUPPLY INC.,N/A,Denise McKay,0.22,0.22
87434,EN6255L,INSULATED SPADE #10 STUD12-10 WIRE,N/A,N Stock Active,N6255L,N/A,1,211 AIRECO SUPPLY INC.,N/A,Denise McKay,6.61,6.61
87435,EN6292C,STANDARD WIRE CONNECTIONSTINY BLUE JAR,N/A,N Stock Active,N6292C,N/A,116,211 AIRECO SUPPLY INC.,04/30/2024,Denise McKay,0.07,8.12
87436,EN6293C,STANDARD WIRE CONNECTIONSSMALL ORANGE JAR,N/A,N Stock Active,N6293C,N/A,3,211 AIRECO SUPPLY INC.,N/A,Denise McKay,N/A,0.00
96829,EN6295,ASSORTED WIRE NUTSJAR,N/A,N Stock Active,N6295,N/A,16,211 AIRECO SUPPLY INC.,N/A,Denise McKay,5.09,81.44
96830,EN632B,STRANDED HOOK-UP WIREBLACK 16 GUAGE,N/A,N Stock Active,N632B,N/A,1,211 AIRECO SUPPLY INC.,N/A,Denise McKay,11.94,11.94
87437,EN633B,STRANDED HOOK-UP WIRE,N/A,N Stock Active,N633B,N/A,1,211 AIRECO SUPPLY INC.,N/A,Denise McKay,0.73,0.73
96831,EN6BV,1/4"X6" REFRIG HOSE WITH POSSHUT OFF BALL VALVE YELL,N/A,N Stock Active,N6BV,N/A,1,211 AIRECO SUPPLY INC.,N/A,Denise McKay,23.33,23.33
96832,ENAB36RBY,1/4"X36" REFRIG HOSE SET W/ANTI BLOW BACK FTG RBY,N/A,N Stock Active,NAB36RBY,N/A,2,3906 H C DUKE & SON,N/A,Denise McKay,N/A,0.00
96833,ENAB516S,5/16 FFL X 1/4 COUPLER,N/A,N Stock Active,NAB516S,N/A,1,211 AIRECO SUPPLY INC.,N/A,Denise McKay,13.41,13.41
96834,ENAB60RBY,1/4" X 60" REFRIG HOSE SETW/ANTI BLOW BACK FTG RBY,N/A,N Stock Active,NAB60RBY,N/A,1,211 AIRECO SUPPLY INC.,N/A,Denise McKay,N/A,0.00
96835,ENAB90,ANTI-BLOW,N/A,N Stock Active,NAN90,N/A,1,211 AIRECO SUPPLY INC.,N/A,Denise McKay,13.41,13.41
96837,ENO455,BAT HANDLE TOGGLE SWITCHON-OFF DLB.POL,N/A,N Stock Active,NO455,N/A,1,211 AIRECO SUPPLY INC.,N/A,Denise McKay,4.92,4.92
96839,EOPK-300BEZE,COMPLETE BIGEZ KIT W/OPX3000,N/A,N Stock Active,OPK-300BEZE,N/A,1,211 AIRECO SUPPLY INC.,N/A,Denise McKay,N/A,0.00
96840,EORIT658S100,EVAP PRESS REGULATING,N/A,N Stock Active,ORIT658S100,N/A,1,211 AIRECO SUPPLY INC.,N/A,Denise McKay,N/A,0.00
96841,EP651411,337 2X50 PREM GRADE ALUM FOILTAPE UL723,N/A,N Stock Active,P651411,N/A,1,211 AIRECO SUPPLY INC.,N/A,Denise McKay,N/A,0.00
96842,EQCH14,1/4 SAE MALE HI SIDE 134 ACOUPLER,N/A,N Stock Active,QCH14,N/A,1,211 AIRECO SUPPLY INC.,N/A,Denise McKay,N/A,0.00
96843,EQCL14,1/4 SAE MALE LO SIDE 134 ACOUPLER,N/A,N Stock Active,QCL14,N/A,1,211 AIRECO SUPPLY INC.,N/A,Denise McKay,N/A,0.00
96844,EQCS4A,1/4QC X 1/8FPT QUICK COUPLER,N/A,N Stock Active,QCS4A,N/A,2,211 AIRECO SUPPLY INC.,N/A,Denise McKay,N/A,0.00
98317,ER407C,REFRIGERANT R407C25 LB DISPOS-CAN,N/A,N Stock Active,R407C25,N/A,15,211 AIRECO SUPPLY INC.,N/A,Denise McKay,5.63,84.45
96846,ERC30HPOUT,30LB RECOVERY CYLINDER,N/A,N Stock Active,RC30HPOUT,N/A,4,211 AIRECO SUPPLY INC.,N/A,Denise McKay,N/A,0.00
96847,ERC30X,30LB REC CYL HANDLING CHARGE,N/A,N Stock Active,RC30X,N/A,9,211 AIRECO SUPPLY INC.,N/A,Denise McKay,N/A,0.00
98319,ERC50HPOUT,50 LB RECOVERY CYLINDER,N/A,N Stock Active,RC50HPOUT,N/A,50,211 AIRECO SUPPLY INC.,N/A,Denise McKay,N/A,0.00
124745,ERECOVE50,RECOVERY CYLINDER 50LB,N/A,N Stock Active,RC50HPOUT,N/A,130,211 AIRECO SUPPLY INC.,04/03/2024,Denise McKay,3.5,455.00
96849,ERT100S,REFRIG-TECH RT100S BIG BLUE QT,N/A,N Stock Active,RT100S,N/A,64,211 AIRECO SUPPLY INC.,04/30/2024,Denise McKay,N/A,0.00
96855,ESUD113,DRIER 1" DIA,N/A,N Stock Active,SUD113,N/A,1,211 AIRECO SUPPLY INC.,N/A,Denise McKay,N/A,0.00
107887,ESUDD111,UNIVERSAL SPUN COPPER DRIER 0,N/A,N Stock Active,SUDD111,N/A,1,211 AIRECO SUPPLY INC.,N/A,Denise McKay,6.58,6.58
96856,ET128060,2" 0-60 PSI 1/8 BOTTOMPRESSURE TESTING TOOL,N/A,N Stock Active,T12060 TOOL,N/A,1,211 AIRECO SUPPLY INC.,N/A,Christine Nelson,11,11.00
96857,ETEFLON TAPE,1/2" X 520" TEFLON TAPE,N/A,N Stock Active,12X600T,N/A,26,211 AIRECO SUPPLY INC.,N/A,Denise McKay,0.05,1.30
98321,ETI-SST07812,TUBE PIPE INSULATE SELF SEAL,N/A,N Stock Active,TI-SST07812,N/A,150,211 AIRECO SUPPLY INC.,N/A,Denise McKay,0.39,58.50
98322,ETI-T11812P,TUBE PIPE INSU 1 1/8 OD X 1/2,N/A,N Stock Active,TI-T11812P,N/A,24,211 AIRECO SUPPLY INC.,N/A,Denise McKay,0.27,6.48
98323,ETI-T3412P,TUBE PIPE INSU 3/4 OD X1/2WALL 6' BLACK,N/A,N Stock Active,TI-T3412P,N/A,12,211 AIRECO SUPPLY INC.,N/A,Denise McKay,0.22,2.64
98324,ETI-T5812P,TUBE PIPE INSU 5/8 OD X1/2WALL 6' BLACK,N/A,N Stock Active,TI-T5812P,N/A,36,211 AIRECO SUPPLY INC.,N/A,Denise McKay,0.22,7.92
104802,ETLMKC18,SOLENOID MAGNET 18MM,N/A,N Stock Active,TLMKC18,N/A,1,211 AIRECO SUPPLY INC.,N/A,Denise McKay,30.05,30.05
96859,EU18C,1/2X3/8 FLARE MALE ADPT,N/A,N Stock Active,U18C,N/A,3,211 AIRECO SUPPLY INC.,N/A,Denise McKay,1.48,4.44
96861,EVP01Q,QUART VACUUM PUMP OIL,N/A,N Stock Active,93844,N/A,2,211 AIRECO SUPPLY INC.,N/A,Denise McKay,N/A,0.00
96862,EVS106M,MAGNETIC NUT DRIVER 6",N/A,N Stock Active,VS106M,N/A,1,211 AIRECO SUPPLY INC.,N/A,Denise McKay,N/A,0.00
96863,EW1001,3/16OD ROLL-STOP CPLG,N/A,N Stock Active,W1001,N/A,2,211 AIRECO SUPPLY INC.,N/A,Denise McKay,N/A,0.00
96864,EW1003,1/4OD ROLL-STOP CPLG,N/A,N Stock Active,W1003,N/A,4,211 AIRECO SUPPLY INC.,N/A,Denise McKay,0.77,3.08
124746,EW10142,5/16OD STAKED-STOP CPLG,N/A,N Stock Active,W10142,N/A,5,211 AIRECO SUPPLY INC.,N/A,Denise McKay,0.87,4.35
96866,EW1017,1/20D ROLL-STOP CPLG,N/A,N Stock Active,W1017,N/A,7,211 AIRECO SUPPLY INC.,N/A,Denise McKay,N/A,0.00
96867,EW1019,1/20DX3/8OD CPLG,N/A,N Stock Active,W1019,N/A,4,211 AIRECO SUPPLY INC.,N/A,Denise McKay,N/A,0.00
96868,EW1022,5/8 OD ROLL-STOP CPLG,N/A,N Stock Active,W1022,N/A,13,211 AIRECO SUPPLY INC.,04/03/2024,Denise McKay,N/A,0.00
96869,EW1028,3/4 OD ROLL STOP CPLG,N/A,N Stock Active,W1028,N/A,4,211 AIRECO SUPPLY INC.,N/A,Denise McKay,1.79,7.16
96870,EW1029,3/4OD X 5/8OD CPLG,N/A,N Stock Active,W1029,N/A,6,211 AIRECO SUPPLY INC.,N/A,Denise McKay,2.38,14.28
96872,EW1036,7/8OD X 5/8OD CPLG,N/A,N Stock Active,W1036,N/A,5,211 AIRECO SUPPLY INC.,N/A,Denise McKay,1.56,7.80
124747,EW1312,1/2OD X 3/8SLD FTG,N/A,N Stock Active,W1312,N/A,1,211 AIRECO SUPPLY INC.,N/A,Denise McKay,1.98,1.98
96873,EW1326,7/8OD X 5/8SLD FTG (REDUCER),N/A,N Stock Active,W1326,N/A,3,211 AIRECO SUPPLY INC.,N/A,Denise McKay,2.4,7.20
96874,EW1340,1-1/8OD X 1/2SLD FTG (REDUCER),N/A,N Stock Active,W1340,N/A,1,211 AIRECO SUPPLY INC.,N/A,Denise McKay,N/A,0.00
96875,EW1725,7/8 OD X 3/4 SLD BUSHING,N/A,N Stock Active,W1725,N/A,2,211 AIRECO SUPPLY INC.,N/A,Denise McKay,3.23,6.46
96876,EW1726,7/8OD X 5/8SLD BUSHING,N/A,N Stock Active,W1726,N/A,4,211 AIRECO SUPPLY INC.,N/A,Denise McKay,3.09,12.36
96877,EW1903,5/8OD NO-STOP CPLG,N/A,N Stock Active,W1903,N/A,4,211 AIRECO SUPPLY INC.,N/A,Denise McKay,1.07,4.28
96878,EW1905,7/8OD NO-STOP CPLG,N/A,N Stock Active,W1905,N/A,1,211 AIRECO SUPPLY INC.,N/A,Denise McKay,N/A,0.00
96879,EW2009,3/8OD 90D ELL SR,N/A,N Stock Active,W2009,N/A,7,211 AIRECO SUPPLY INC.,N/A,Denise McKay,N/A,0.00
96881,EW2023,5/8OD X 1/2OD 90D ELL SR,N/A,N Stock Active,W2023,N/A,1,211 AIRECO SUPPLY INC.,N/A,Denise McKay,7.04,7.04
96882,EW2034,7/8OD 90D ELL SR,N/A,N Stock Active,W2034,N/A,5,211 AIRECO SUPPLY INC.,N/A,Denise McKay,N/A,0.00
96883,EW2305,1/4FTG X C 90D STREET EL,N/A,N Stock Active,W2305,N/A,6,211 AIRECO SUPPLY INC.,N/A,Denise McKay,N/A,0.00
96884,EW2326,5/8FTG X C 90D STREET EL,N/A,N Stock Active,W2326,N/A,9,211 AIRECO SUPPLY INC.,N/A,Denise McKay,4.09,36.81
96885,EW2626,5/8FTG X FTG 90D ELL SR,N/A,N Stock Active,W2626,N/A,3,211 AIRECO SUPPLY INC.,N/A,Denise McKay,7.66,22.98
96886,EW2710,5/16OD 90D ELL LR,N/A,N Stock Active,W2710,N/A,2,211 AIRECO SUPPLY INC.,N/A,Denise McKay,4.76,9.52
96887,EW2715,1/4OD 90D ELL LR,N/A,N Stock Active,W2715,N/A,1,211 AIRECO SUPPLY INC.,N/A,Denise McKay,N/A,0.00
96888,EW2716,3/8OD 90D ELL LR,N/A,N Stock Active,W2716,N/A,19,211 AIRECO SUPPLY INC.,N/A,Denise McKay,N/A,0.00
96890,EW2722,5/8OD 90D ELL LR,N/A,N Stock Active,W2722,N/A,13,211 AIRECO SUPPLY INC.,N/A,Denise McKay,N/A,0.00
96891,EW2734,7/8OD 90D ELL LR,N/A,N Stock Active,W2734,N/A,50,211 AIRECO SUPPLY INC.,N/A,Denise McKay,N/A,0.00
96892,EW2822,5/8FTG X C 90D STREET EL,N/A,N Stock Active,W2822,N/A,2,211 AIRECO SUPPLY INC.,N/A,Denise McKay,3.98,7.96
96894,EW4001,1/2OD TEE,N/A,N Stock Active,W4001,N/A,2,211 AIRECO SUPPLY INC.,N/A,Denise McKay,4.49,8.98
96895,EW40306,1/4O D TEE,N/A,N Stock Active,W40306,N/A,1,211 AIRECO SUPPLY INC.,N/A,Denise McKay,N/A,0.00
96896,EW4031,7/8OD TEE,N/A,N Stock Active,W4031,N/A,2,211 AIRECO SUPPLY INC.,N/A,Denise McKay,N/A,0.00
96897,EW60999,5/8OD P-TRAP,N/A,N Stock Active,W60999,N/A,2,211 AIRECO SUPPLY INC.,N/A,Denise McKay,N/A,0.00
96898,EW61000,7/8OD P-TRAP,N/A,N Stock Active,W61000,N/A,6,211 AIRECO SUPPLY INC.,N/A,Denise McKay,N/A,0.00
96899,EW8004,7/8OD UNION CPLG,N/A,N Stock Active,W8004,N/A,1,211 AIRECO SUPPLY INC.,N/A,Denise McKay,N/A,0.00
96901,EX3B,ACETYLENE TORCH KITTOOL - TRUCK STOCK ONLY,N/A,N Stock Active,X3B,N/A,1,211 AIRECO SUPPLY INC.,N/A,Denise McKay,N/A,0.00
87447,FRES99,FRESHDOUGH 9X9+1 BG +1.5" LIPFDA LO-D POLY 250/WICKET 1M/CS,MICHAEL ATTMAN,O Non Stock Inactive,00840239101464,N/A,1,MINIGRIP LLC,N/A,Erin Ventola,15.24,15.24
96913,GC290-00149,O-RING,N/A,N Stock Active,290-00149,N/A,350,ELECTROLUX PROFESSIONAL INC.,N/A,Denise McKay,1.61,563.50
100114,GS98.R,MPM36SS MERCHANDISER SS 36GOOD STUFF CHANGE ORDER,N/A,N Stock Active,MPM-36SS,N/A,1,REFRIGERATED SOLUTIONS GROUP,N/A,Christine Nelson,4241.97,4241.97
87461,HAU8410,HAUTE CATERING WHITE SHOPPER8X4.75X10.25 WHT KRAFT  250/CS,N/A,O Non Stock Inactive,ACMEPA51,N/A,4,11890 TULSACK,N/A,Erin Ventola,81.75,327.00
116472,HTCR49327,TEMP CONTROLLER FOR PRO 3 #21301001,N/A,N Stock Active,49327,N/A,1,EVERIDGE  INC.,N/A,Denise McKay,774,774.00
87478,HUN1212,HUNGRY MARKET 12X7X12 SHOPBROWN KRAFT FLAT HANDLE 250/CS,N/A,N Stock Active,ACMEPA167,N/A,12,11890 TULSACK,N/A,Erin Ventola,55.75,669.00
118924,JET1312,JETTIES 13X7X13 SHOPPER WHITE KRAFT  TWIST HNDL 250/CS,N/A,O Non Stock Inactive,0,N/A,74,3773 GLOPACK  INC.,N/A,Erin Ventola,100,7400.00
87507,KITC145,STANFORD KITCHEN BROWN SHOPPER14.5X9X16.25     200/CS,David Schwartzman,O Non Stock Inactive,ACMEPA211,05/24/2024,1,10849 SHAMROCK RETAIL PACKAGING,N/A,Erin Ventola,112.6,112.60
98399,L64464,USDA ORGANIC GENERIC LABEL64464  .75X3   1M/RL   40RL/CS,N/A,O Non Stock Inactive,17178,N/A,160,8904 PHIPPS LABEL COMPANY,N/A,Erin Ventola,4.15,664.00
98400,L64474,USDA ORGANIC 1.5" CIRCLE LABEL64474   1M/RL   24RL/CS,N/A,O Non Stock Inactive,17353,N/A,120,8904 PHIPPS LABEL COMPANY,N/A,Erin Ventola,2.7,324.00
87516,LAP955,LA PRIMA 9X5X4 BROWN KRAFT BOXRECYC 1PC TUCK TOP BOX  150/CS,N/A,O Non Stock Inactive,954.LPC-501P,N/A,3,1270 BOXIT CORPORATION,N/A,Erin Ventola,94.06,282.18
119425,LFL02,16oz BUTTERNUT SQUASH LABEL FL02  2.75"CIRCLE 1M/RL 12RL/C,N/A,N Stock Active,0,N/A,2,8904 PHIPPS LABEL COMPANY,N/A,Erin Ventola,225.6,451.20
119429,LFL06,16oz MIXED SQUASH PLANKS LABEL FL06  2.75"CIRCLE 1M/RL 12RL/C,N/A,N Stock Active,0,N/A,2,8904 PHIPPS LABEL COMPANY,03/18/2024,Erin Ventola,225.6,451.20
119430,LFL07,16oz ROASTING VEG BLEND LABEL FL07  2.75"CIRCLE 1M/RL 12RL/C,N/A,N Stock Active,0,N/A,2,8904 PHIPPS LABEL COMPANY,N/A,Erin Ventola,225.6,451.20
119431,LFL08,16oz SHRED BRUSS SPROUT LABEL FL08  2.75"CIRCLE 1M/RL 12RL/C,N/A,N Stock Active,0,N/A,2,8904 PHIPPS LABEL COMPANY,N/A,Erin Ventola,225.6,451.20
119432,LFL09,16oz STIR FRY BLEND LABEL FL09  2.75"CIRCLE 1M/RL 12RL/C,N/A,N Stock Active,0,N/A,2,8904 PHIPPS LABEL COMPANY,N/A,Erin Ventola,225.6,451.20
119433,LFL10,16oz SWEET POTATO CHUNKS LABEL FL10  2.75"CIRCLE 1M/RL 12RL/C,N/A,N Stock Active,0,N/A,2,8904 PHIPPS LABEL COMPANY,N/A,Erin Ventola,225.6,451.20
119434,LFL11,16oz VEG MEDLEY W/ONION LABEL FL11  2.75"CIRCLE 1M/RL 12RL/C,N/A,N Stock Active,0,N/A,2,8904 PHIPPS LABEL COMPANY,N/A,Erin Ventola,225.6,451.20
125413,LL76522,12oz BROCCOLI CAULIFLWR LABEL 76522 3X2 1M/RL 10RL/CS,N/A,N Stock Active,0,N/A,5,8904 PHIPPS LABEL COMPANY,N/A,Erin Ventola,69.15,345.75
130188,LL76526,14oz GRN/YEL SQUASH CHUNK LBL 76526  3X2   1M/RL   10RL/CS,N/A,N Stock Active,0,N/A,1,8904 PHIPPS LABEL COMPANY,N/A,Erin Ventola,69.15,69.15
125435,LL76613,12oz CAULIFLOWER RICE LABEL 76613 3X2 1M/RL 10RL/CS,N/A,N Stock Active,0,N/A,1,8904 PHIPPS LABEL COMPANY,N/A,Erin Ventola,69.15,69.15
125437,LL76664,14oz CHEESESTEAK BLEND LABEL 76664 3X2 1M/RL 10RL/CS,N/A,N Stock Active,19643,04/30/2024,2,8904 PHIPPS LABEL COMPANY,05/28/2024,Erin Ventola,69.15,138.30
130189,LLFAH76,21oz GRILL VEG W/MUSHROOM LBL LFAH76  3X2   1M/RL   10RL/CS,N/A,N Stock Active,0,N/A,5,8904 PHIPPS LABEL COMPANY,N/A,Erin Ventola,69.15,345.75
130190,LLFAH86,12oz YLW/GRN SQUASH NOODLE DNR  2.75X2.75 1M/RL 10RL/CS,N/A,O Non Stock Inactive,0,N/A,4,8904 PHIPPS LABEL COMPANY,N/A,Erin Ventola,119.62,478.48
130191,LLFAH90,12oz ZUCCHINI CRINK FRIES LBL LFAH90  3X2   1M/RL   10RL/CS,N/A,N Stock Active,0,N/A,3,8904 PHIPPS LABEL COMPANY,N/A,Erin Ventola,56.2,168.60
130192,LLFAH91,12oz SWEET POT BRUS CAULI BLND LFAH91  3X2   1M/RL   10RL/CS,N/A,N Stock Active,0,N/A,3,8904 PHIPPS LABEL COMPANY,N/A,Erin Ventola,56.2,168.60
87534,LYON1212,LYON HALL 12X7X12 WHITE SHPR * BLUE TWISTED HANDLE 250/C,N/A,O Non Stock Inactive,ACMEPA12,N/A,1,11890 TULSACK,N/A,Erin Ventola,87.25,87.25
87537,MARA103,MARATHON DELI WHITE PIZZA BOX 10X10X2 CORRUGATED  50/BD,Kris Jordan,Y Non Stock Discontinued,10 MARATHON DELI,N/A,4,9055 PCA CORRUGATED AND DISPLAY LLC,N/A,Erin Ventola,21.51,86.04
104139,MARK1220,MARKETS 12X7X20.5  TSHIRT BAG,N/A,O Non Stock Inactive,IL12653,N/A,78,INTEPLAST GROUP CORPORATION,N/A,Erin Ventola,18.69,1457.82
104455,MAS1315,MAS PANADAS CHICKEN CORR BOX,Nathan Sugar,O Non Stock Inactive,MAS PANADAS CHICK,N/A,250,9055 PCA CORRUGATED AND DISPLAY LLC,N/A,Erin Ventola,0.94,235.00
106057,MAS519,MAS PANADAS PUMPKIN BOX 200/CS 5.125X1.625X9.5  SBS .018,Nathan Sugar,O Non Stock Inactive,0,N/A,1,8925 POHLIG BROS. L.L.C.,N/A,Erin Ventola,85.8,85.80
104443,MAS625,MAS PANADAS CHICKEN BOX 200/CS,N/A,O Non Stock Inactive,0,N/A,9,8925 POHLIG BROS. L.L.C.,N/A,Erin Ventola,41.5,373.50
105428,MER1313,MERRIFIELD MED SHOPPER  250/CS13X7X13 BROWN KRAFT,Nathan Sugar,N Stock Active,PL22CS-0023B,04/19/2024,48,10849 SHAMROCK RETAIL PACKAGING,05/08/2024,Erin Ventola,93.25,4476.00
99936,MERC17,MERCADO CORR PIZZA BOX   50/CS17X7.5X2 WHITE/WHITE DIE CUT,Toby Zeeger,O Non Stock Inactive,PBOX-31772LS,N/A,1,11100 SOUTHERN CHAMPION TRAY CO.,N/A,Erin Ventola,29.9,29.90
87592,MILL1213,MILLIES 13X7X13 WHITE SHOPPERW/NAVY TWISTED HANDLE   250/CS,N/A,O Non Stock Inactive,0,N/A,6,10849 SHAMROCK RETAIL PACKAGING,N/A,Erin Ventola,81.75,490.50
110018,MIS1216,MISSION BBQ SPEC OPS BAG DNR*13X9X16 BROWN KRAFT 200/CS,N/A,O Non Stock Inactive,ACMEPA150,N/A,2,11890 TULSACK,N/A,Erin Ventola,44.2,88.40
121907,NAT913,NATIONS 9X12+1" LIP & TAPE BG W/RESEALABLE TAPE    2M/CS,Nicole Sparrow,N Stock Active,FLATBETCLCU10911,05/08/2024,32,11645 PPC FLEXIBLE PACKAGING,N/A,Erin Ventola,102.78,3288.96
102393,NORT5210,NORTHERN PKY 5X2X10 RX BG S/O  WHT PRECRIPTION BAG  2M/C,MICHAEL ATTMAN,O Non Stock Inactive,42697,N/A,100,3266 FISCHER PAPER PRODUCTS  INC.,03/28/2024,Erin Ventola,52.39,5239.00
124534,PAR1212,PARLOUR VIC 12X12 WAXED WRAP ATLAS WHITE ULTRA 5M/CS,Andy Attman,N Stock Active,ACMEP00181,N/A,9,10782 SEAMAN PAPER COMPANY,N/A,Erin Ventola,157.73,1419.57
87650,PHIL1816,PHILLIES CLEAR FROST WAVE18X16X8+5  HI-D 1.5MIL  1M/CS,N/A,O Non Stock Inactive,0,N/A,97,5670 KAL PAC CORP.,N/A,Erin Ventola,120,11640.00
96939,PRIM229,22X15X7.5 V3 KRAFT DIE CUT BOX275# B 36MED WRA    10/BD,N/A,O Non Stock Inactive,347407,N/A,150,698 ATLAS CONTAINER CORPORATION,N/A,Erin Ventola,1.86,279.00
98524,PRIM2726,PRIMFOOD 27X19X25 BLUE TINT BGPOLY 1.7MIL             300/RL,MICHAEL ATTMAN,N Stock Active,0,05/28/2024,46,9002 PRIMEPAK PACKAGING,05/15/2024,Erin Ventola,64,2944.00
125574,R051112,F16 16oz SQUAT FOAM CONT 500/CS,N/A,O Non Stock Inactive,F16,N/A,4,NEW WINCUP HOLDINGS  INC,N/A,Karen Groves,23.74,94.96
125575,R051114,F4 4oz SQUAT CONT 25/40/CS,N/A,O Non Stock Inactive,F4,N/A,66,NEW WINCUP HOLDINGS  INC,N/A,Karen Groves,19.75,1303.50
125577,R051168,L32S SLOT LID 10/50/CS,N/A,O Non Stock Inactive,L32S ID,N/A,3,NEW WINCUP HOLDINGS  INC,N/A,Karen Groves,21.27,63.81
125578,R051172,DT18 WHITE DRINK THRU LID 1M/CS,N/A,O Non Stock Inactive,DT18,N/A,8,NEW WINCUP HOLDINGS  INC,N/A,Karen Groves,21.97,175.76
125579,R051173,DT10 DRINK THRU LID 10/100/,N/A,O Non Stock Inactive,DT10,N/A,13,NEW WINCUP HOLDINGS  INC,N/A,Karen Groves,16.74,217.62
125580,R052312,F12VIO 12oz VIO FOOD CONT 500/CS BIODEGRADABLE,N/A,O Non Stock Inactive,218267,N/A,6,NEW WINCUP HOLDINGS  INC,N/A,Karen Groves,40.62,243.72
87731,R330500,RC100 OVERSEAS CAP 10/100/CPAPER CAP W/STRIPE,N/A,O Non Stock Inactive,RC100,04/12/2024,20,1800 CELLUCAP MANUFACTURING,04/29/2024,Matt Miller,5.35,107.00
109703,R363744,36374400 PICK UP TOOL - EA **DISCONTINUED**,N/A,O Non Stock Inactive,36374400,N/A,10,CFS BRANDS  LLC,N/A,Eleni Davis,17.94,179.40
87767,R503855,A-T3858H 38X58 Black Canliner1.3MIL EQ LLR/ALUINE BLEND 100,N/A,O Non Stock Inactive,A-T3858H,N/A,1,340 ALUF PLASTICS DIVISION,N/A,Suyeon Nam,18.51,18.51
103249,R513155,6100176 APEX SOLID QUAT2/2# BROAD RANGE SANITIZER,N/A,N Stock Active,6100176,N/A,10,2830 ECOLAB INC.,N/A,Noel Marucut,115.85,1158.50
87784,R517158,MOP HEAD #24 RAYON CUT 121.25 BAND,N/A,N Stock Active,2324,N/A,3,8250 THE O'DELL CORPORATION,N/A,Noel Marucut,54,162.00
87805,RAD187,RADCLIF 18X7X17.5  SHPRWHITE MATTE LAMNIATED   100/CS,Nicole Sparrow,O Non Stock Inactive,0,N/A,15,5670 KAL PAC CORP.,N/A,Erin Ventola,158.3,2374.50
87807,RAD2130,RADCLIFFE 20X30 WHT TISSUEPRINTED GREY INK       10RM/CS,N/A,N Stock Active,0,N/A,3,3663 GARLOCK PRINTING,N/A,Erin Ventola,222.3,666.90
87808,RAD611,RADCLIFF 6X4.5X11 157 GSMWHITE MATTE LAMNIATED 250/CS,Nicole Sparrow,O Non Stock Inactive,0,N/A,16,5670 KAL PAC CORP.,N/A,Erin Ventola,131.5,2104.00
130619,RF420,TCTS1000 ICED TEA BREWER ICED TEA BREWER,N/A,N Stock Active,TCTS10000,N/A,1,WILBUR CURTIS COMPANY  INC.,N/A,Noel Webster,N/A,0.00
130620,RF603WO,GRHW1SG/9.5SIGN WARMER/SIGN ROYAL FARMS #603,N/A,O Non Stock Inactive,GRHW1SG/9.5SIGN,N/A,9,4040 HATCO CORPORATION,N/A,Christine Nelson,694.45,6250.05
126047,ROOT021,ROOTS 20# BROWN BAG 500/BD * KRAFT SOS PRINTED,N/A,O Non Stock Inactive,1002000CRK,N/A,2,669 ROSENBLOOM GROUPE INC.,N/A,Erin Ventola,14.58,29.16
96991,RX1811,CORRECT RX KRAFT MEDIUM BOX18-1/8X12-1/8X11 CORR RSC 25/B,MICHAEL ATTMAN,O Non Stock Inactive,79660,N/A,500,PRATT RETAIL SPECIALTIES LLC,N/A,Erin Ventola,0.98,490.00
100145,SHISO9.0,BBC79GD BACKBAR COOLER 79",N/A,N Stock Active,BBC79-GD,N/A,1,NATIONAL REFRIGERATION AND,N/A,Christine Nelson,2546.85,2546.85
87861,SOL1613,SOLBIATO 16X6X12 MATTE SHPRLAMINATE W/MACRAME HDL 100/CS,N/A,O Non Stock Inactive,1612SOL,N/A,2,5670 KAL PAC CORP.,N/A,Erin Ventola,74.3,148.60
87862,SOL90,SOLBIATO 8X4X9-7/8 MATTE SHLAMINATE W/MACRAME HDL 100/CS,N/A,O Non Stock Inactive,8494SOL,N/A,6,5670 KAL PAC CORP.,N/A,Erin Ventola,33.6,201.60
127465,SURF109,SURFSIDE 10X9X12X9 WHITE SHPR DNR*HI-D SOFTLOOP 2.5MIL 250/C,Toby Zeeger,O Non Stock Inactive,1012SS19C,N/A,1,5670 KAL PAC CORP.,N/A,Erin Ventola,57.25,57.25
98588,TAY003,TAYLORS GOURMET 3.5" WHITE LBL *GLOSS CIRCLE 12RL/CS 1M/RL,N/A,O Non Stock Inactive,0,N/A,16,8904 PHIPPS LABEL COMPANY,N/A,Erin Ventola,10.86,173.76
98589,TAY005,TAYLORS  3" COOKIE  LABELWHITE GLOSS CIRCLE       1M/RL,Scott Attman,O Non Stock Inactive,0,N/A,6,8904 PHIPPS LABEL COMPANY,N/A,Erin Ventola,9.2,55.20
87896,TAY1111,TAYLORS 11X6X11 WHITE KRAFTDIE CUT HANDLE        500/BDL,N/A,O Non Stock Inactive,50380,N/A,15,2780 DURO HILEX POLY LLC,N/A,Erin Ventola,45.18,677.70
87915,TON1212,TONY/NICKS 13X7X13 SHOPPERWHITE KRAFT   250/CS,N/A,O Non Stock Inactive,ACMEPA251,N/A,1,11890 TULSACK,N/A,Erin Ventola,87.25,87.25
87932,WAS1211,WASH NATS 12X10 WHT WAXED WRAPCHESAPEAKE CRAB CAKE   5M/CS,N/A,N Stock Active,WAS1211,N/A,4,3663 GARLOCK PRINTING,N/A,Erin Ventola,118.3,473.20
119477,WAS130,WASHINGTON NATS POPCORN BUCKET 130oz  150/CS,N/A,O Non Stock Inactive,WAS130,N/A,60,13198 WESTGATE PRODUCTS,N/A,Erin Ventola,160.95,9657.00
130200,WAS67,WASH NATS PRETZEL SLEEVE 8M/CS WHT G/R 6.75X7 DOUBLE OPEN BAG,Scott Attman,N Stock Active,15623,05/02/2024,16,13317 WISCONSIN CONVERTING INC.,05/28/2024,Erin Ventola,230.16,3682.56
87946,WELL1818,WELLSFARGO 18X18 SANDWICHCARAMEL HIGH PERFORMANCE 5M/CS,N/A,O Non Stock Inactive,0,N/A,5,3663 GARLOCK PRINTING,N/A,Erin Ventola,240.25,1201.25
87955,WILL1011,WILLIAMSBURG INN BEV NAP *10X10 WHITE 2PLY 3M/CS,N/A,O Non Stock Inactive,WEB3552174,N/A,34,4150 HOFFMASTER GROUP INC,N/A,Erin Ventola,N/A,0.00
87967,WINK09,MERCY ME 9oz HOT CUP  500/CSWINK  XHD9 DOUBLE WALL MATTE,N/A,O Non Stock Inactive,430776.V1R1,N/A,9,12698 VISSTUN,N/A,Erin Ventola,105.67,951.03
99107,Z4558,15S WHITE TINS 12/CS,N/A,O Non Stock Inactive,15S,N/A,1,20000 ACME MISC ITEMS,N/A,Erin Ventola,53.52,53.52
