Contract ID,SAP Code,Sell Price
4490424,1000004,29.95
4490424,1000006,22.38
4490424,1000007,22.7
4490424,1000013,42.53
4490424,1000067,49.98
4490424,1000068,48.18
4490424,1000069,71.67
4490424,1000072,25.34
4490424,1000082,42.34
4490424,1000091,20.91
4490424,1000122,62.12
4490424,1000133,44.97
4490424,1000140,11.03
4490424,1000141,12.11
4490424,1000142,14.51
4490424,1000143,15.71
4490424,1000144,21.26
4490424,1000161,44.69
4490424,1000162,32.72
4490424,1000167,60.22
4490424,1000168,49.16
4490424,1000170,70.29
4490424,1000179,3.84
4490424,1000181,15.02
4490424,1000183,11.65
4490424,1000185,37.46
4490424,1000186,38.09
4490424,1000187,28.54
4490424,1000188,9.73
4490424,1000189,24.6
4490424,1000191,5.53
4490424,1000192,15.07
4490424,1000193,18.69
4490424,1000194,23.79
4490424,1000199,25.26
4490424,1000201,14.92
4490424,1000202,68.09
4490424,1000205,6.16
4490424,1000206,21.26
4490424,1000209,7.79
4490424,1000210,7.22
4490424,1000211,154.07
4490424,1000215,23.15
4490424,1000216,57.63
4490424,1000218,84.32
4490424,1000220,150.59
4490424,1000221,42.08
4490424,1000222,542.93
4490424,1000223,646.04
4490424,1000224,205.41
4490424,1000226,19.14
4490424,1000227,141.18
4490424,1000337,70.56
4490424,1000338,61.67
4490424,1000348,39.25
4490424,1000349,45.85
4490424,1000355,29.99
4490424,1000364,17.17
4490424,1000366,71.99
4490424,1000367,120.22
4490424,1000371,58.49
4490424,1000378,129.02
4490424,1000384,135.29
4490424,1000386,47.69
4490424,1000393,77.33
4490424,1000394,138.57
4490424,1000395,63.57
4490424,1000398,74.95
4490424,1000399,52.11
4490424,1000400,69.08
4490424,1000401,80.05
4490424,1000402,68.04
4490424,1000414,78.82
4490424,1000415,66.56
4490424,1000419,40.24
4490424,1000420,27.01
4490424,1000421,27.59
4490424,1000423,27.59
4490424,1000424,25.59
4490424,1000425,39.93
4490424,1000427,56.41
4490424,1000428,50.14
4490424,1000433,59.29
4490424,1000435,61.44
4490424,1000436,39.38
4490424,1000437,38.72
4490424,1000438,95.1
4490424,1000439,54.82
4490424,1000440,72.3
4490424,1000441,64.57
4490424,1000443,48.28
4490424,1000444,49.42
4490424,1000445,62.4
4490424,1000446,45.5
4490424,1000447,41.92
4490424,1000451,0.01
4490424,1000457,23.96
4490424,1000464,45.55
4490424,1000465,30.18
4490424,1000466,56.31
4490424,1000467,42.3
4490424,1000468,62.22
4490424,1000472,104.06
4490424,1000473,30.58
4490424,1000474,44.21
4490424,1000475,63.33
4490424,1000486,45.21
4490424,1000487,53.87
4490424,1000489,63.05
4490424,1000490,27.12
4490424,1000491,30.44
4490424,1000509,34.93
4490424,1000511,41.07
4490424,1000513,74.52
4490424,1000514,60.32
4490424,1000523,57.55
4490424,1000526,26.37
4490424,1000527,31.11
4490424,1000530,71.47
4490424,1000532,59.82
4490424,1000535,47.86
4490424,1000536,54.57
4490424,1000537,35.89
4490424,1000538,38.14
4490424,1000539,31.69
4490424,1000540,33.24
4490424,1000541,39.11
4490424,1000542,33.5
4490424,1000544,34.63
4490424,1000545,42.8
4490424,1000547,37.71
4490424,1000548,47.97
4490424,1000549,41.97
4490424,1000550,60.27
4490424,1000551,70.41
4490424,1000555,62.56
4490424,1000557,29.93
4490424,1000565,54.77
4490424,1000566,262.44
4490424,1000573,34.04
4490424,1000584,11.74
4490424,1000585,104.02
4490424,1000586,75.09
4490424,1000594,151.27
4490424,1000599,86.68
4490424,1000600,8.94
4490424,1000601,98.49
4490424,1000602,130.56
4490424,1000603,50.81
4490424,1000607,223.53
4490424,1000619,12.41
4490424,1000626,47.6
4490424,1000630,41.62
4490424,1000637,41.12
4490424,1000641,116.49
4490424,1000651,75.79
4490424,1000652,101.12
4490424,1000654,17.7
4490424,1000655,70.75
4490424,1000659,51.59
4490424,1000667,57.65
4490424,1000670,91.36
4490424,1000678,105.47
4490424,1000679,27.92
4490424,1000680,31.55
4490424,1000681,33.81
4490424,1000685,29.03
4490424,1000688,14.6
4490424,1000689,19.48
4490424,1000693,14.6
4490424,1000694,16.56
4490424,1000695,19.48
4490424,1000697,25.6
4490424,1000698,27.92
4490424,1000700,19.48
4490424,1000704,14.6
4490424,1000705,16.56
4490424,1000707,27.92
4490424,1000708,31.55
4490424,1000709,46.86
4490424,1000710,122.69
4490424,1000711,27.92
4490424,1000712,50.64
4490424,1000715,36.18
4490424,1000717,27.92
4490424,1000718,44.18
4490424,1000719,62.1
4490424,1000720,62.1
4490424,1000721,62.1
4490424,1000723,15.84
4490424,1000799,71.44
4490424,1000864,40.18
4490424,1000867,50.46
4490424,1000996,65.68
4490424,1001216,57.86
4490424,1001327,47.83
4490424,1001329,36.89
4490424,1001330,63.66
4490424,1001331,75.47
4490424,1001332,58.04
4490424,1001338,64.86
4490424,1001349,47.96
4490424,1001383,26.6
4490424,1001396,92.44
4490424,1001408,49.84
4490424,1001409,47
4490424,1001430,48.67
4490424,1001436,8.93
4490424,1001438,41.52
4490424,1001439,41.92
4490424,1001450,35.72
4490424,1001451,65.46
4490424,1001465,68.73
4490424,1001477,43.46
4490424,1001481,41.96
4490424,1001619,37.7
4490424,1001670,51.33
4490424,1001672,38.83
4490424,1001675,14.37
4490424,1001677,5.37
4490424,1001680,7.03
4490424,1001681,9.21
4490424,1001684,8.69
4490424,1001692,224.24
4490424,1001710,25.6
4490424,1001711,25.6
4490424,1001712,27.92
4490424,1001716,21.49
4490424,1001717,21.49
4490424,1001718,27.92
4490424,1001725,55.23
4490424,1001736,4.53
4490424,1001740,37.8
4490424,1001746,33.02
4490424,1001750,7.47
4490424,1001769,56.28
4490424,1001771,28.9
4490424,1001775,31.99
4490424,1001798,5.05
4490424,1001806,85.38
4490424,1001808,127.62
4490424,1001826,21.49
4490424,1001828,42.53
4490424,1001846,11.35
4490424,1001854,6.26
4490424,1001856,20.86
4490424,1001858,51.9
4490424,1001868,67.29
4490424,1001876,216.11
4490424,1001878,262.66
4490424,1001880,235.27
4490424,1001882,79.02
4490424,1001883,296.53
4490424,1001934,54.33
4490424,1001985,108.24
4490424,1002011,27.21
4490424,1002014,34.47
4490424,1002020,36.19
4490424,1002021,42.56
4490424,1002022,36.56
4490424,1002042,16.49
4490424,1002047,21.26
4490424,1002049,12.87
4490424,1002054,86.19
4490424,1002059,127.62
4490424,1002075,4.93
4490424,1002079,14.06
4490424,1002100,36.6
4490424,1002105,55.29
4490424,1002479,16.56
4490424,1002480,87.84
4490424,1002484,97.32
4490424,1002500,42.46
4490424,1002501,27.42
4490424,1002503,56.11
4490424,1002504,69.5
4490424,1002505,32.08
4490424,1002506,31.99
4490424,1002509,27.76
4490424,1002511,15.41
4490424,1003019,12.11
4490424,1003023,8.12
4490424,1003040,47.71
4490424,1003041,39.21
4490424,1003049,123.04
4490424,1003050,7.39
4490424,1003055,4.33
4490424,1003059,24.94
4490424,1003063,25.09
4490424,1003064,19.63
4490424,1003082,8.12
4490424,1003083,40.95
4490424,1003095,32.75
4490424,1003100,52.43
4490424,1003102,34.41
4490424,1003137,40.95
4490424,1003147,33
4490424,1003167,8.12
4490424,1003186,12.48
4490424,1003189,16.41
4490424,1003203,15.71
4490424,1003204,43.66
4490424,1003205,48.27
4490424,1003216,16.14
4490424,1003217,46.44
4490424,1003225,7.97
4490424,1003227,42.98
4490424,1003237,15.71
4490424,1003240,13.4
4490424,1003243,73.28
4490424,1003267,25.84
4490424,1003268,88.65
4490424,1003280,41.49
4490424,1003281,65.63
4490424,1003282,107.59
4490424,1003350,46.39
4490424,1003356,67.17
4490424,1003357,40.11
4490424,1003382,262.44
4490424,1003384,50.97
4490424,1003387,22.93
4490424,1003391,7.9
4490424,1003396,11.6
4490424,1003454,45.35
4490424,1003477,34.29
4490424,1003483,36.01
4490424,1003518,21.76
4490424,1003520,38.43
4490424,1003562,82.78
4490424,1003568,54.74
4490424,1003606,90.69
4490424,1003607,121.03
4490424,1003636,48.83
4490424,1005144,32.23
4490424,1005419,132.76
4490424,1006484,22.45
4490424,1006498,56.28
4490424,1007159,67.22
4490424,1007626,187.16
4490424,1007764,38.84
4490424,1008853,42.9
4490424,1008896,0.01
4490424,1008928,38.71
4490424,1009846,123.76
4490424,1009847,178.81
4490424,1009848,138.17
4490424,1009849,186.94
4490424,1015494,5.04
4490424,1015578,14.94
4490424,1015809,32.59
4490424,1016261,14.94
4490424,1022569,56.5
4490424,1022714,81.63
4490424,1022770,67.7
4490424,1022785,78.42
4490424,1022909,51.15
4490424,1023011,86.29
4490424,1023015,55.07
4490424,1023055,110.29
4490424,1023077,25.03
4490424,1023310,61.12
4490424,1023350,51.67
4490424,1023404,51.74
4490424,1023417,68.94
4490424,1023507,67.71
4490424,1023508,62.14
4490424,1023541,10.58
4490424,1023563,17.15
4490424,1023644,32.8
4490424,1023673,23.96
4490424,1023698,29.35
4490424,1023753,30.11
4490424,1023773,27.29
4490424,1023814,35.94
4490424,1023833,24.14
4490424,1023906,30.18
4490424,1023914,45.08
4490424,1023915,34.01
4490424,1023924,39.53
4490424,1023976,17.17
4490424,1024012,23.03
4490424,1024014,27.71
4490424,1024018,13.56
4490424,1024027,20.58
4490424,1024029,16.22
4490424,1024038,16.52
4490424,1024039,0.01
4490424,1024046,29.95
4490424,1024053,0.01
4490424,1024068,83.27
4490424,1024221,55.5
4490424,1024264,61.01
4490424,1024274,52.23
4490424,1024278,56.07
4490424,1024280,38.48
4490424,1024282,54.22
4490424,1024294,37.68
4490424,1024299,53.91
4490424,1024301,33.46
4490424,1024302,47
4490424,1024360,70.32
4490424,1024362,67.33
4490424,1024369,45.02
4490424,1024444,53.53
4490424,1024464,73.46
4490424,1024546,75.32
4490424,1024685,13.08
4490424,1024728,40.54
4490424,1024739,15.19
4490424,1024768,11.72
4490424,1024879,71.11
4490424,1024880,63.52
4490424,1024956,57.43
4490424,1024991,39.71
4490424,1025113,62.81
4490424,1025119,47.49
4490424,1025123,49.99
4490424,1025128,57.28
4490424,1025298,33.94
4490424,1025299,57.66
4490424,1025315,47.75
4490424,1025360,56.83
4490424,1025524,23.96
4490424,1025526,23.96
4490424,1025545,11.98
4490424,1025584,0.01
4490424,1025585,0.01
4490424,1025628,40.59
4490424,1025652,2.89
4490424,1025661,1.88
4490424,1025713,49.98
4490424,1025741,0.01
4490424,1025750,56.65
4490424,1025755,43.03
4490424,1026001,61.25
4490424,1026002,47.17
4490424,1026062,57.23
4490424,1026078,46.34
4490424,1026099,10.93
4490424,1026100,9.24
4490424,1026102,13.62
4490424,1026121,52.36
4490424,1026144,56.47
4490424,1026145,54.54
4490424,1026146,58.38
4490424,1026181,24.69
4490424,1026239,45.52
4490424,1026248,13.37
4490424,1026252,0.01
4490424,1026536,217.33
4490424,1026605,65.97
4490424,1026988,26.17
4490424,1027286,18.23
4490424,1027348,5.6
4490424,1027353,18.31
4490424,1027542,23.02
4490424,1027623,73.28
4490424,1027668,46.28
4490424,1027691,55.65
4490424,1027692,58.43
4490424,1027701,55.71
4490424,1027706,46.02
4490424,1027732,48.39
4490424,1027754,40.9
4490424,1027768,38.61
4490424,1027772,85.22
4490424,1027807,115.01
4490424,1027839,53.3
4490424,1027852,80.22
4490424,1027864,50.44
4490424,1027865,51.45
4490424,1027869,53.68
4490424,1027987,88.1
4490424,1027990,49.27
4490424,1028014,56.43
4490424,1028033,40.1
4490424,1028034,21.19
4490424,1028059,56.45
4490424,1028061,52.07
4490424,1028085,3.17
4490424,1028086,3.17
4490424,1028087,4.08
4490424,1028089,38.05
4490424,1028095,38.05
4490424,1028165,34.1
4490424,1028174,48.99
4490424,1028187,32.82
4490424,1028188,42.32
4490424,1028192,62.41
4490424,1028193,242.43
4490424,1028194,61.53
4490424,1028214,72.85
4490424,1028332,137.2
4490424,1028379,52.53
4490424,1028389,30.62
4490424,1028396,43.22
4490424,1028397,44.09
4490424,1028417,48.99
4490424,1028472,53.99
4490424,1028475,38.05
4490424,1028476,3.17
4490424,1028600,31.16
4490424,1028613,98.41
4490424,1028669,48.24
4490424,1028688,51.52
4490424,1028697,51.23
4490424,1028705,47.23
4490424,1028721,48.66
4490424,1028755,57.99
4490424,1028759,94.74
4490424,1028799,38.05
4490424,1028817,26.37
4490424,1028831,78.53
4490424,1028833,3.17
4490424,1028885,82.23
4490424,1028925,55.67
4490424,1028960,52.12
4490424,1028961,3.35
4490424,1041244,16.88
4490424,1041711,26.47
4490424,1043636,17.58
4490424,1044656,40.15
4490424,1044658,30.09
4490424,1044665,30.09
4490424,1044792,20.08
4490424,1044930,79.18
4490424,1044932,20.94
4490424,1044984,24.16
4490424,1045757,19.53
4490424,1045781,50.19
4490424,1046020,22.85
4490424,1048117,40.92
4490424,1050905,30.91
4490424,1050917,28.9
4490424,1050988,45.17
4490424,1051018,30.67
4490424,1051020,30.67
4490424,1051024,30.67
4490424,1051033,23.63
4490424,1051048,42.56
4490424,1051055,34.41
4490424,1051064,61.89
4490424,1051072,33.03
4490424,1051091,63.96
4490424,1051101,41.93
4490424,1051103,29.01
4490424,1051105,50.53
4490424,1051109,28.62
4490424,1051124,28.81
4490424,1051157,48.28
4490424,1051174,63.71
4490424,1051214,41.77
4490424,1051219,41.77
4490424,1051222,35.36
4490424,1051298,66.34
4490424,1051304,47.64
4490424,1051305,38.43
4490424,1051344,61.53
4490424,1051368,50.2
4490424,1051458,51.36
4490424,1051595,42.03
4490424,1051700,43.25
4490424,1051820,30.41
4490424,1051834,50.17
4490424,1051886,42.18
4490424,1052011,49.56
4490424,1052085,43.3
4490424,1052464,39.66
4490424,1052465,39.66
4490424,1052468,48.28
4490424,1052910,50.53
4490424,1052916,63.76
4490424,1052950,28.81
4490424,1053012,72.96
4490424,1053013,72.96
4490424,1053036,58.4
4490424,1053076,26.49
4490424,1053098,34.54
4490424,1053167,72.96
4490424,1053355,50.1
4490424,1053467,46
4490424,1053471,35.69
4490424,1053481,49.56
4490424,1053490,27.88
4490424,1053502,34.01
4490424,1053506,49.56
4490424,1053512,35.41
4490424,1053515,35.41
4490424,1053528,23.63
4490424,1053538,30.67
4490424,1053543,51.96
4490424,1053547,34.01
4490424,1053550,51.96
4490424,1053559,71.01
4490424,1053563,26.96
4490424,1053582,25.42
4490424,1053594,30.41
4490424,1053613,84.28
4490424,1053616,61.89
4490424,1053619,61.89
4490424,1053633,34.37
4490424,1053659,48.53
4490424,1053661,42.56
4490424,1053675,44.13
4490424,1053693,24.19
4490424,1053714,28.9
4490424,1053730,44.33
4490424,1053738,31.72
4490424,1053750,38.87
4490424,1053780,38.87
4490424,1053794,31.72
4490424,1053811,51.17
4490424,1053839,26.45
4490424,1053841,67.65
4490424,1053848,30.24
4490424,1053857,54.05
4490424,1053863,28.75
4490424,1053866,34.6
4490424,1053868,42.51
4490424,1053869,42.51
4490424,1053896,33.65
4490424,1053899,49.56
4490424,1053900,41.26
4490424,1053942,47.04
4490424,1053972,31.73
4490424,1053982,69.54
4490424,1053992,58.55
4490424,1054031,46.25
4490424,1054039,33.57
4490424,1054067,23.98
4490424,1054132,48.31
4490424,1054135,28.9
4490424,1054145,50.1
4490424,1054380,26.9
4490424,1054486,51.69
4490424,1054636,72.83
4490424,1054747,66.55
4490424,1054811,74.06
4490424,1054823,99.01
4490424,1054839,71.08
4490424,1054854,92.82
4490424,1054859,69.59
4490424,1054862,49.66
4490424,1054866,42.87
4490424,1054874,33
4490424,1054882,66.55
4490424,1054884,66.55
4490424,1054894,66.55
4490424,1054902,52.35
4490424,1054903,94.92
4490424,1054909,94.92
4490424,1054916,54.97
4490424,1054919,82.08
4490424,1054931,71.34
4490424,1054932,71.34
4490424,1054958,94.92
4490424,1054978,66.55
4490424,1054980,43.66
4490424,1055000,52.35
4490424,1055008,51.27
4490424,1055024,33
4490424,1055161,47.97
4490424,1055486,60.98
4490424,1055706,57.37
4490424,1055707,42.23
4490424,1056041,47.94
4490424,1056175,32.82
4490424,1056199,54.97
4490424,1056309,54.97
4490424,1056423,30.36
4490424,1056480,49.15
4490424,1057146,38
4490424,1057249,36.56
4490424,1057302,40.03
4490424,1057327,36.56
4490424,1057329,42.98
4490424,1057339,42.56
4490424,1057341,47.71
4490424,1057347,43.82
4490424,1057361,39.61
4490424,1057474,38.23
4490424,1057483,36.01
4490424,1057484,33.59
4490424,1057486,34.47
4490424,1057488,28.16
4490424,1057491,46.87
4490424,1057494,54.71
4490424,1057498,38.44
4490424,1057501,46.87
4490424,1057504,61.37
4490424,1057507,30.65
4490424,1057509,49.87
4490424,1057513,50.2
4490424,1057515,38.9
4490424,1057520,36.56
4490424,1057543,41.1
4490424,1057554,40.03
4490424,1057557,53.46
4490424,1057558,47.07
4490424,1057570,48.36
4490424,1057622,43.82
4490424,1057664,25.09
4490424,1057815,45.28
4490424,1057833,47.07
4490424,1057861,47.71
4490424,1057893,39.61
4490424,1057896,46.35
4490424,1058513,116.91
4490424,1058818,270.33
4490424,1058900,520.51
4490424,1058908,91.22
4490424,1058910,537.18
4490424,1058911,89.23
4490424,1058915,36.04
4490424,1058939,12.08
4490424,1058941,11.65
4490424,1058943,114.02
4490424,1058948,19.14
4490424,1058955,230.13
4490424,1058957,228.54
4490424,1058958,74.92
4490424,1058960,73.92
4490424,1058961,155.8
4490424,1058962,65.91
4490424,1058965,17.92
4490424,1058968,28.03
4490424,1058975,57.08
4490424,1058996,72.04
4490424,1058999,56.92
4490424,1059004,292.29
4490424,1059014,15.59
4490424,1059052,679.42
4490424,1059114,37.43
4490424,1059122,39.85
4490424,1059126,144.05
4490424,1059127,78.32
4490424,1059129,37.43
4490424,1059155,175.11
4490424,1059159,29.18
4490424,1059162,43.78
4490424,1059163,43.78
4490424,1059183,58.82
4490424,1059195,6.27
4490424,1059207,220.73
4490424,1059309,114.44
4490424,1059310,189.99
4490424,1059319,130.56
4490424,1059395,138
4490424,1059455,207.77
4490424,1059472,201.08
4490424,1059500,93.4
4490424,1059512,81.5
4490424,1059514,6.59
4490424,1059515,6.79
4490424,1059516,6.79
4490424,1059568,260.27
4490424,1059657,941.63
4490424,1059729,641.33
4490424,1059730,435.89
4490424,1059770,371.1
4490424,1059832,23.92
4490424,1060106,132.41
4490424,1060116,513.85
4490424,1060121,168.3
4490424,1060123,38.14
4490424,1060127,40.46
4490424,1060137,34.91
4490424,1060151,19.14
4490424,1060153,144.67
4490424,1060154,32.61
4490424,1060156,39.04
4490424,1060157,39.04
4490424,1060162,36.4
4490424,1060176,40.46
4490424,1060181,39.04
4490424,1060193,204.92
4490424,1060196,46.12
4490424,1060198,610.05
4490424,1060210,6.96
4490424,1060227,130.44
4490424,1060234,6.44
4490424,1060242,6.96
4490424,1060247,12.78
4490424,1060252,38.14
4490424,1060257,29.31
4490424,1060264,132.41
4490424,1060266,422.19
4490424,1060277,147.84
4490424,1060278,36.04
4490424,1060285,8.43
4490424,1060292,64.41
4490424,1060343,686.99
4490424,1060396,21.58
4490424,1060406,330.43
4490424,1060414,207.77
4490424,1060492,337.25
4490424,1060511,85.12
4490424,1060593,526.27
4490424,1060635,278.16
4490424,1060681,40.46
4490424,1060686,64.41
4490424,1060694,379.99
4490424,1066620,20.06
4490424,1066971,16.74
4490424,1068613,9.26
4490424,1068617,8.12
4490424,1068620,9.2
4490424,1068624,11.34
4490424,1068626,11.66
4490424,1068627,14.9
4490424,1068629,7.11
4490424,1068630,9.26
4490424,1068631,12.98
4490424,1068633,10.16
4490424,1068635,11.02
4490424,1068639,18.07
4490424,1068642,13.06
4490424,1068644,14.51
4490424,1068645,15.71
4490424,1068669,9.26
4490424,1068670,7.12
4490424,1068671,10.17
4490424,1068672,13.06
4490424,1068674,23.09
4490424,1068678,19.1
4490424,1068680,20.89
4490424,1068681,7.11
4490424,1068682,9.26
4490424,1068683,10.16
4490424,1068684,11.02
4490424,1068685,12.11
4490424,1068686,13.06
4490424,1068687,14.51
4490424,1068693,81.92
4490424,1068699,10.16
4490424,1068701,11.02
4490424,1068703,12.11
4490424,1068710,14.51
4490424,1068715,15.39
4490424,1068716,16.72
4490424,1068718,18.86
4490424,1068719,31.55
4490424,1068720,40.65
4490424,1068721,37.47
4490424,1068725,8.12
4490424,1068726,80.08
4490424,1068727,86.28
4490424,1068730,67.08
4490424,1068732,35.05
4490424,1068734,16.72
4490424,1068735,63.06
4490424,1068736,15.39
4490424,1068741,26.57
4490424,1068742,16.72
4490424,1068749,37.48
4490424,1068752,39.85
4490424,1068758,46.86
4490424,1068765,15.39
4490424,1068770,16.72
4490424,1068774,26.6
4490424,1068777,15.39
4490424,1068783,10.29
4490424,1068784,18.86
4490424,1068785,37.47
4490424,1068786,12.06
4490424,1068793,12.98
4490424,1068801,18.07
4490424,1068803,19.48
4490424,1068808,21.49
4490424,1068813,23.09
4490424,1068818,25.6
4490424,1068824,75.03
4490424,1068847,140.66
4490424,1068848,62.24
4490424,1068849,71.16
4490424,1068850,62.24
4490424,1068851,71.16
4490424,1068852,62.24
4490424,1068853,71.16
4490424,1068854,62.24
4490424,1068855,71.16
4490424,1068861,127.45
4490424,1068863,48.55
4490424,1068864,47.75
4490424,1068865,137.05
4490424,1068867,8.95
4490424,1068868,89.55
4490424,1068869,62.61
4490424,1068870,54.97
4490424,1068874,148.17
4490424,1068878,22.82
4490424,1068882,75.94
4490424,1068883,7.59
4490424,1068885,53.75
4490424,1068887,49.89
4490424,1068889,88.57
4490424,1068908,45.62
4490424,1068910,12.98
4490424,1068911,12.98
4490424,1068916,14.6
4490424,1068920,16.56
4490424,1068922,94.37
4490424,1068924,83.71
4490424,1068925,18.07
4490424,1068930,18.07
4490424,1068941,37.48
4490424,1068942,51.92
4490424,1068944,19.48
4490424,1068953,21.49
4490424,1068955,23.09
4490424,1068956,23.09
4490424,1068958,25.6
4490424,1068961,27.92
4490424,1068964,31.55
4490424,1068965,31.55
4490424,1068966,35.05
4490424,1068968,35.05
4490424,1068971,39.85
4490424,1068980,46.86
4490424,1068996,12.98
4490424,1069000,16.56
4490424,1069001,18.07
4490424,1069004,23.09
4490424,1069006,31.55
4490424,1069007,35.05
4490424,1069008,39.85
4490424,1069009,46.86
4490424,1069018,22.16
4490424,1069021,21.49
4490424,1069022,24.71
4490424,1069023,22.91
4490424,1069025,25.6
4490424,1069027,29.28
4490424,1069030,31.55
4490424,1069036,50.64
4490424,1069041,71.16
4490424,1069050,24.71
4490424,1069052,26.21
4490424,1069054,29.28
4490424,1069056,31.99
4490424,1069058,36.18
4490424,1069062,50.64
4490424,1069064,71.16
4490424,1069071,21.49
4490424,1069072,21.49
4490424,1069073,22.91
4490424,1069076,25.6
4490424,1069077,25.6
4490424,1069080,31.55
4490424,1069084,44.18
4490424,1069091,69.81
4490424,1069095,23.85
4490424,1069096,24.71
4490424,1069097,26.21
4490424,1069098,29.28
4490424,1069100,31.99
4490424,1069101,36.18
4490424,1069106,71.16
4490424,1069116,16.07
4490424,1069118,17.02
4490424,1069119,19.04
4490424,1069121,22.17
4490424,1069122,23.87
4490424,1069124,24.94
4490424,1069125,28.32
4490424,1069126,31.37
4490424,1069128,32.22
4490424,1069151,25.45
4490424,1069153,32.62
4490424,1069155,35.72
4490424,1069156,38.66
4490424,1069159,45.98
4490424,1069163,62.12
4490424,1069164,69.21
4490424,1069166,78.78
4490424,1069167,87.3
4490424,1069264,203.17
4490424,1069266,278.99
4490424,1069269,162.54
4490424,1069271,186.94
4490424,1069273,211.31
4490424,1069274,278.99
4490424,1069279,123.76
4490424,1069353,283.23
4490424,1069371,281.03
4490424,1069397,73.65
4490424,1069403,66.73
4490424,1069407,126.3
4490424,1069409,80.98
4490424,1069413,118.1
4490424,1069414,30.25
4490424,1069419,96.09
4490424,1069553,59.54
4490424,1069554,71.16
4490424,1069556,37.47
4490424,1069675,54.02
4490424,1069678,52.01
4490424,1069680,17.34
4490424,1069688,40.3
4490424,1069697,7.81
4490424,1069708,75.55
4490424,1069727,13.8
4490424,1069737,65.51
4490424,1069738,21.83
4490424,1069748,41.99
4490424,1069781,324.11
4490424,1069782,18.63
4490424,1069793,32.93
4490424,1069799,102.93
4490424,1069803,11.07
4490424,1069806,34.45
4490424,1069810,87.76
4490424,1069813,33.81
4490424,1069818,8.46
4490424,1069821,14.29
4490424,1069855,53.58
4490424,1069856,8.93
4490424,1069865,31.25
4490424,1069873,25.72
4490424,1069874,37.8
4490424,1069906,63.64
4490424,1069913,11.85
4490424,1069931,33.9
4490424,1069932,12.87
4490424,1070005,27.12
4490424,1070039,9.66
4490424,1070041,85.73
4490424,1070042,8.26
4490424,1070049,19.67
4490424,1070053,9.76
4490424,1070055,7.58
4490424,1070056,14.45
4490424,1070058,45.68
4490424,1070060,22.19
4490424,1070069,60.43
4490424,1070072,29.32
4490424,1070079,65.5
4490424,1070108,50.76
4490424,1070141,29.45
4490424,1070149,55.46
4490424,1070151,39.34
4490424,1070163,119.14
4490424,1070172,46.18
4490424,1070179,4.62
4490424,1070206,154.49
4490424,1070277,36.47
4490424,1070306,36.51
4490424,1070307,275.23
4490424,1070311,61.13
4490424,1070320,44.2
4490424,1070321,181.24
4490424,1070338,15.9
4490424,1070354,102.74
4490424,1070363,136.63
4490424,1070374,13.79
4490424,1070391,107.95
4490424,1070418,12.08
4490424,1070455,787.83
4490424,1070469,50.76
4490424,1070479,112.76
4490424,1070536,696.15
4490424,1070539,26.6
4490424,1070547,18.03
4490424,1070644,42.84
4490424,1071090,57.3
4490424,1071120,14.29
4490424,1071134,17.42
4490424,1071138,104.54
4490424,1071962,255.15
4490424,1072011,272.46
4490424,1072069,75.31
4490424,1072148,12.55
4490424,1072181,18.52
4490424,1072183,15.86
4490424,1072212,15.26
4490424,1072249,13.74
4490424,1072330,16.5
4490424,1072444,18.27
4490424,1072446,91.56
4490424,1072529,10.3
4490424,1072533,12.16
4490424,1072553,8.57
4490424,1072559,10.57
4490424,1072561,10.57
4490424,1072563,10.57
4490424,1072578,9.19
4490424,1072580,8.57
4490424,1072584,11.37
4490424,1072595,7.18
4490424,1072600,6.69
4490424,1072622,6.46
4490424,1072651,83.25
4490424,1072652,6.94
4490424,1072654,8.37
4490424,1072667,5.86
4490424,1072669,7.82
4490424,1072697,42.28
4490424,1072698,7.05
4490424,1072719,6.05
4490424,1072738,5.26
4490424,1072742,7.18
4490424,1072858,72.61
4490424,1072941,8.51
4490424,1072944,51.03
4490424,1072960,7.16
4490424,1072963,43.23
4490424,1072965,7.2
4490424,1072990,17.88
4490424,1073115,11.07
4490424,1073160,5.3
4490424,1073195,8.52
4490424,1073334,21.26
4490424,1073340,6.5
4490424,1073341,6.73
4490424,1073388,9.34
4490424,1073432,57.88
4490424,1073457,42.94
4490424,1073458,6.73
4490424,1073499,27.81
4490424,1073523,10.67
4490424,1073571,14.31
4490424,1073579,24
4490424,1073583,22.95
4490424,1073671,12.61
4490424,1073673,8.31
4490424,1073677,10.81
4490424,1073695,9.54
4490424,1073696,57.23
4490424,1073701,71.08
4490424,1073704,11.85
4490424,1073705,65.54
4490424,1073707,10.92
4490424,1073708,86.75
4490424,1073710,77.49
4490424,1073716,12.92
4490424,1073718,14.46
4490424,1073719,110.22
4490424,1073799,9.19
4490424,1073820,12.9
4490424,1073822,3.54
4490424,1073825,7.61
4490424,1073826,4.31
4490424,1073827,51.76
4490424,1073830,3.63
4490424,1073834,4.31
4490424,1073838,4.68
4490424,1073841,5.53
4490424,1073859,6.34
4490424,1073867,58.98
4490424,1073868,9.83
4490424,1073870,9.38
4490424,1073871,46.87
4490424,1073872,7.81
4490424,1073874,91.27
4490424,1073875,7.74
4490424,1073878,40.39
4490424,1073880,43.16
4490424,1073885,7.39
4490424,1073886,88.65
4490424,1074369,15.32
4490424,1074474,287.96
4490424,1074477,234.45
4490424,1074478,19.54
4490424,1074631,23.81
4490424,1074636,15.27
4490424,1074761,85.38
4490424,1074766,114.11
4490424,1074877,159.21
4490424,1074966,32.39
4490424,1075005,160.74
4490424,1075009,53.58
4490424,1075069,142.74
4490424,1075070,14.31
4490424,1075078,310.12
4490424,1075149,13.66
4490424,1075156,285.48
4490424,1075166,194.5
4490424,1075168,7.36
4490424,1075174,104.25
4490424,1075232,11.89
4490424,1075233,16.21
4490424,1075270,6.43
4490424,1075274,22.65
4490424,1075275,14.47
4490424,1075277,16.84
4490424,1075281,8.47
4490424,1075289,13.01
4490424,1075312,14.64
4490424,1075319,13.74
4490424,1075330,38.56
4490424,1075335,22.05
4490424,1075337,27.6
4490424,1075340,135.89
4490424,1075342,165.63
4490424,1075349,33.3
4490424,1075366,7.25
4490424,1075368,4.75
4490424,1075556,87.04
4490424,1075598,23.38
4490424,1075651,16.65
4490424,1075715,58.25
4490424,1075717,67.91
4490424,1075827,772.63
4490424,1075837,136.37
4490424,1075840,26.01
4490424,1075853,54.85
4490424,1075855,182.25
4490424,1075861,45.05
4490424,1075899,30.64
4490424,1075920,78.08
4490424,1075922,183.85
4490424,1075923,53.65
4490424,1075931,30.38
4490424,1075956,46.02
4490424,1075957,345.1
4490424,1075966,11.75
4490424,1076004,345.1
4490424,1076030,158.8
4490424,1076051,126.38
4490424,1076058,193.43
4490424,1076070,283.42
4490424,1076086,345.1
4490424,1076092,345.1
4490424,1076139,46.04
4490424,1076170,16.5
4490424,1076172,80.63
4490424,1076186,21.17
4490424,1076206,9.59
4490424,1076211,180.79
4490424,1076214,195.08
4490424,1076219,57.52
4490424,1076231,85.77
4490424,1076252,89.52
4490424,1076265,55.7
4490424,1076271,22.74
4490424,1076280,16.26
4490424,1076289,136.18
4490424,1076290,11.35
4490424,1076317,6.16
4490424,1076318,36.96
4490424,1076362,103.92
4490424,1076386,9.84
4490424,1076388,8.32
4490424,1076389,181.38
4490424,1076390,30.23
4490424,1076402,8.32
4490424,1076403,99.87
4490424,1076481,65.56
4490424,1076611,88.95
4490424,1076690,266.85
4490424,1076710,58.23
4490424,1076817,5.65
4490424,1076857,43.3
4490424,1077257,46.07
4490424,1077331,61.31
4490424,1077337,6.57
4490424,1077339,10.22
4490424,1077351,18.55
4490424,1077363,84.35
4490424,1077886,44.64
4490424,1078103,6.33
4490424,1078107,4.22
4490424,1078159,11.19
4490424,1078189,2.28
4490424,1078277,2.47
4490424,1078283,5.1
4490424,1078293,59.19
4490424,1078315,12.66
4490424,1078365,2.47
4490424,1078462,75.96
4490424,1078517,27.41
4490424,1078588,21.85
4490424,1078597,262.15
4490424,1078600,7.51
4490424,1078646,29.6
4490424,1078678,25.3
4490424,1079315,777.41
4490424,1079482,946.41
4490424,1079520,743.97
4490424,1079595,486.57
4490424,1079828,15.66
4490424,1079847,8.86
4490424,1079878,1077.9
4490424,1079935,119.13
4490424,1079936,92.49
4490424,1079960,58.42
4490424,1079965,62.69
4490424,1080072,81.94
4490424,1080078,76.13
4490424,1080193,146.97
4490424,1080194,24.49
4490424,1080195,72.03
4490424,1080196,12
4490424,1080200,8.32
4490424,1080292,474.65
4490424,1080501,28.16
4490424,1080502,39.46
4490424,1080506,23.15
4490424,1080508,361.72
4490424,1080631,178.45
4490424,1080632,830.99
4490424,1080656,49.44
4490424,1080678,276.22
4490424,1080680,1074.21
4490424,1080700,139.77
4490424,1080727,156.22
4490424,1080729,958.83
4490424,1080762,48.03
4490424,1080774,548.67
4490424,1080779,559.07
4490424,1080819,163.24
4490424,1080835,466.99
4490424,1080836,185.65
4490424,1080903,12.45
4490424,1081043,222.37
4490424,1081053,479.73
4490424,1081097,685.45
4490424,1081106,567.79
4490424,1081348,20.87
4490424,1081685,17.58
4490424,1081690,9.59
4490424,1081697,21.81
4490424,1081703,17.53
4490424,1081751,17.13
4490424,1081755,34.65
4490424,1081766,331.71
4490424,1081887,9.93
4490424,1082026,429.71
4490424,1082028,383.55
4490424,1082071,58.32
4490424,1082076,211.36
4490424,1082149,402.92
4490424,1082206,13.01
4490424,1082210,21.17
4490424,1082387,393.13
4490424,1082421,9.72
4490424,1082469,26.72
4490424,1082471,3.74
4490424,1082488,28.6
4490424,1082489,2.28
4490424,1082496,254.26
4490424,1082497,249.27
4490424,1082500,1044.06
4490424,1082501,506.27
4490424,1082504,561.73
4490424,1082508,249.27
4490424,1082511,495.4
4490424,1082516,144.28
4490424,1082518,539.58
4490424,1082519,103.32
4490424,1082520,2034.86
4490424,1082597,550.08
4490424,1082634,63.47
4490424,1082661,626.68
4490424,1082704,60.75
4490424,1082747,776.83
4490424,1082748,119.08
4490424,1082762,193.22
4490424,1082772,463.44
4490424,1082773,188.88
4490424,1082778,196.78
4490424,1082782,219.4
4490424,1082783,214.3
4490424,1082787,72.75
4490424,1082791,402.92
4490424,1082794,346.13
4490424,1082795,12.95
4490424,1082807,495.4
4490424,1082808,559.33
4490424,1082937,99.4
4490424,1082938,80.41
4490424,1082941,35.7
4490424,1082987,50.03
4490424,1082988,10.19
4490424,1083000,16.33
4490424,1083026,29.22
4490424,1083028,42.77
4490424,1083050,859.39
4490424,1083060,77.71
4490424,1083094,40.74
4490424,1083096,199.92
4490424,1083141,25.2
4490424,1083165,40.74
4490424,1083171,2.99
4490424,1083184,28.22
4490424,1083189,54.09
4490424,1083201,20.41
4490424,1083203,57.8
4490424,1083314,21.77
4490424,1083319,131.01
4490424,1083346,811.45
4490424,1083350,202.81
4490424,1083388,13.66
4490424,1083392,13.66
4490424,1083395,554.88
4490424,1083396,13.66
4490424,1083421,189.75
4490424,1083422,470.02
4490424,1083423,750.76
4490424,1083454,160.16
4490424,1083457,117.33
4490424,1083469,64.58
4490424,1083665,40.8
4490424,1083888,178.43
4490424,1083899,65.15
4490424,1083962,48.92
4490424,1084219,55.32
4490424,1084300,35.84
4490424,1084318,28.05
4490424,1084376,30.83
4490424,1084399,28.05
4490424,1084400,32.7
4490424,1084669,118.72
4490424,1084764,60.98
4490424,1084916,62.38
4490424,1084957,53.14
4490424,1085118,79.2
4490424,1085124,55.86
4490424,1085179,166.17
4490424,1085248,185.93
4490424,1085320,61.45
4490424,1085453,36.51
4490424,1085468,30.62
4490424,1085573,30.62
4490424,1085581,33.45
4490424,1085585,33.45
4490424,1085799,60.47
4490424,1085867,50.24
4490424,1085873,77.43
4490424,1085888,87.21
4490424,1085931,37.2
4490424,1086166,96
4490424,1086253,73.81
4490424,1086392,32.67
4490424,1086408,29.49
4490424,1086449,58.46
4490424,1086528,32.67
4490424,1086532,69.96
4490424,1086622,214.22
4490424,1087091,38.42
4490424,1087101,45.37
4490424,1087135,48.69
4490424,1087136,102.9
4490424,1087159,44.32
4490424,1087181,33.59
4490424,1087189,40.36
4490424,1087469,45.06
4490424,1087533,59.19
4490424,1087534,59.19
4490424,1087620,73.91
4490424,1087623,38.24
4490424,1087662,48.09
4490424,1087723,30.76
4490424,1087745,41.69
4490424,1087807,103.19
4490424,1087847,75.46
4490424,1087851,139.78
4490424,1088059,35.14
4490424,1088104,54.57
4490424,1088354,105.63
4490424,1088841,124.2
4490424,1088933,83.92
4490424,1088962,66.98
4490424,1089065,57.04
4490424,1089257,70.24
4490424,1089297,72.99
4490424,1089464,85.28
4490424,1089465,80.96
4490424,1089485,89.96
4490424,1089588,97.36
4490424,1089618,88.36
4490424,1089619,81.92
4490424,1089621,68.01
4490424,1089649,71.08
4490424,1089661,361.5
4490424,1089868,80.67
4490424,1089877,117.41
4490424,1090068,45.9
4490424,1090099,50.38
4490424,1090276,44.24
4490424,1090289,114.78
4490424,1090320,71.85
4490424,1090487,33.83
4490424,1090547,24.68
4490424,1090694,186.6
4490424,1090697,233.32
4490424,1090709,172.33
4490424,1090716,139.25
4490424,1090722,465.67
4490424,1090737,115.91
4490424,1090751,183.3
4490424,1090752,115.91
4490424,1090758,274.95
4490424,1090762,274.95
4490424,1090769,139.61
4490424,1090779,139.61
4490424,1090789,139.25
4490424,1090813,511.17
4490424,1090817,527.69
4490424,1090819,511.17
4490424,1090823,86.8
4490424,1090834,192.53
4490424,1090837,209.41
4490424,1090839,106.29
4490424,1090841,106.29
4490424,1090844,209.41
4490424,1090845,158.71
4490424,1090847,158.71
4490424,1090849,239.09
4490424,1090851,239.09
4490424,1090854,75.33
4490424,1090856,206.14
4490424,1090858,278.28
4490424,1090862,119.12
4490424,1091160,34.13
4490424,1091169,0.01
4490424,1091188,55.42
4490424,1091232,84.47
4490424,1091236,262.44
4490424,1091238,47.07
4490424,1091240,355.24
4490424,1091246,4.86
4490424,1091277,42.83
4490424,1091362,17.78
4490424,1091403,71.44
4490424,1091407,54.07
4490424,1091426,71.73
4490424,1091440,43.72
4490424,1091522,262.44
4490424,1091552,39.39
4490424,1091598,73.09
4490424,1091604,39.48
4490424,1091624,42.71
4490424,1091639,49.77
4490424,1091664,18.23
4490424,1091780,61.41
4490424,1091784,71.44
4490424,1091871,42.05
4490424,1091992,45.08
4490424,1091993,43.67
4490424,1092005,52.27
4490424,1092019,52.27
4490424,1092037,55.1
4490424,1092116,33.55
4490424,1092117,32.63
4490424,1092152,61.03
4490424,1092251,29.15
4490424,1092281,51.52
4490424,1092485,43.74
4490424,1092489,37.06
4490424,1092739,44.25
4490424,1092740,39.67
4490424,1092755,36.91
4490424,1092801,35.48
4490424,1092829,65.46
4490424,1092901,58.21
4490424,1093196,39.63
4490424,1093209,77.95
4490424,1093210,95
4490424,1093227,39.18
4490424,1093230,58.03
4490424,1093254,56.1
4490424,1093292,18.27
4490424,1093298,11.8
4490424,1093300,9.7
4490424,1093302,71.44
4490424,1093310,74.43
4490424,1093354,170.1
4490424,1093425,57.23
4490424,1093552,45.94
4490424,1093601,49.24
4490424,1093613,58.96
4490424,1093640,49.51
4490424,1093641,59.16
4490424,1093645,44.06
4490424,1093648,42.72
4490424,1093654,108.06
4490424,1093658,59.35
4490424,1093685,62.06
4490424,1093687,57.2
4490424,1093688,54.04
4490424,1095549,66.04
4490424,1095601,58.11
4490424,1095870,177.11
4490424,1095943,65.73
4490424,1095945,5.73
4490424,1095948,68.73
4490424,1096274,5.14
4490424,1096343,50.09
4490424,1096615,42.97
4490424,1096616,47.65
4490424,1096622,41.17
4490424,1096652,24.55
4490424,1096803,49.25
4490424,1096821,41.51
4490424,1096858,74.65
4490424,1096870,54
4490424,1097185,20.34
4490424,1097193,129.95
4490424,1097478,62.45
4490424,1097488,38.76
4490424,1097535,32.6
4490424,1097652,35.56
4490424,1097782,27.94
4490424,1097804,5.73
4490424,1098104,610.93
4490424,1098142,54.64
4490424,1098150,57.88
4490424,1098569,38.69
4490424,1098679,65.21
4490424,1098798,115.92
4490424,1098806,18.82
4490424,1098857,48.45
4490424,1098864,51.86
4490424,1098885,194.38
4490424,1099278,96.44
4490424,1099287,124.2
4490424,1099383,144.67
4490424,1099419,16.93
4490424,1099680,10.51
4490424,1099732,86.6
4490424,1099842,58.56
4490424,1099884,39.51
4490424,1099892,29.56
4490424,1099898,34.08
4490424,1100052,51.54
4490424,1100111,36.27
4490424,1100167,36.69
4490424,1100211,16.58
4490424,1100252,126.78
4490424,1100254,734.34
4490424,1100255,82.93
4490424,1100616,57.08
4490424,1100663,57.08
4490424,1100707,5.5
4490424,1100849,53.54
4490424,1101487,49.37
4490424,1101589,9.51
4490424,1101687,34.57
4490424,1101783,5.5
4490424,1101815,66.04
4490424,1101823,5.5
4490424,1101824,66.04
4490424,1101877,5.88
4490424,1101900,41.96
4490424,1101973,117.6
4490424,1101980,76.73
4490424,1102178,99.64
4490424,1102251,10.65
4490424,1102430,4.7
4490424,1114871,27.03
4490424,1115097,3.35
4490424,1115113,6.29
4490424,1115309,45.2
4490424,1115364,15.94
4490424,1115382,12.9
4490424,1115383,9.5
4490424,1115388,10.81
4490424,1115608,10.23
4490424,1115613,5.44
4490424,1115621,15.03
4490424,1115703,41.2
4490424,1115712,62.73
4490424,1115713,16.94
4490424,1115721,390.7
4490424,1115732,29.09
4490424,1115756,17.54
4490424,1115761,318.5
4490424,1115765,4.7
4490424,1115798,32.94
4490424,1115799,413.76
4490424,1115802,10.24
4490424,1115803,422.03
4490424,1115807,20
4490424,1115971,26.96
4490424,1116355,112.05
4490424,1123350,8.92
4490424,1123352,5.97
4490424,1123725,4.85
4490424,1123726,3.12
4490424,1123728,4.26
4490424,1123803,179.78
4490424,1123815,15.64
4490424,1124024,9.2
4490424,1124181,12.27
4490424,1124237,103.93
4490424,1124299,148.47
4490424,1124407,241.42
4490424,1124725,12.27
4490424,1124901,24.49
4490424,1124902,18.5
4490424,1124904,5.27
4490424,1124998,4.03
4490424,1124999,2.07
4490424,1125089,8.91
4490424,1125095,241.42
4490424,1125120,8.46
4490424,1125752,152.02
4490424,1127583,54.97
4490424,1127584,48.14
4490424,1129419,2607.69
4490424,1129437,120.29
4490424,1134840,118.29
4490424,1136169,156.18
4490424,1138225,61.01
4490424,1138235,15.94
4490424,1138358,61.02
4490424,1138382,12.31
4490424,1138395,2.17
4490424,1138396,4.8
4490424,1138774,9.7
4490424,1138873,77.06
4490424,1139655,50.18
4490424,1140365,58.75
4490424,1140369,46.32
4490424,1140390,50.22
4490424,1140391,78.37
4490424,1140393,63.92
4490424,1140510,13525.91
4490424,1141249,587.05
4490424,1141579,47.64
4490424,1141626,200.48
4490424,1141634,466.52
4490424,1141636,206.59
4490424,1141643,29.26
4490424,1141664,39.2
4490424,1141665,36.79
4490424,1141680,112.83
4490424,1142103,112.05
4490424,1142143,108.27
4490424,1142588,30.76
4490424,1142717,34.74
4490424,1142924,50.87
4490424,1144071,7.18
4490424,1144093,48.39
4490424,1144098,42.42
4490424,1144102,50.92
4490424,1144172,60.47
4490424,1144173,73.99
4490424,1144185,71.14
4490424,1144186,39.38
4490424,1144396,152.3
4490424,1144927,1151.62
4490424,1144928,83.21
4490424,1144959,55.82
4490424,1145353,40.46
4490424,1145606,62.1
4490424,1145607,67.96
4490424,1145862,68.73
4490424,1146176,40.46
4490424,1146570,24.86
4490424,1146688,18.04
4490424,1146996,182.24
4490424,1147086,63.67
4490424,1147105,35.74
4490424,1147912,37.94
4490424,1147914,31.71
4490424,1147934,36.52
4490424,1148195,63.33
4490424,1148199,102.58
4490424,1148363,71.65
4490424,1148434,495.55
4490424,1148572,72.69
4490424,1148941,572.56
4490424,1149576,80.64
4490424,1150255,296.05
4490424,1150281,589.58
4490424,1151088,162.54
4490424,1151468,4.12
4490424,1151676,2.48
4490424,1151723,87.54
4490424,1152073,1.79
4490424,1152270,36.37
4490424,1152428,53.34
4490424,1152616,121.23
4490424,1154303,49.63
4490424,1154521,5.39
4490424,1155613,61.43
4490424,1155881,28.05
4490424,1156051,12.89
4490424,1156223,33.25
4490424,1156728,59.16
4490424,1157241,71.74
4490424,1157604,33.18
4490424,1157956,68.16
4490424,1157961,47.86
4490424,1157963,45.88
4490424,1158315,49.63
4490424,1158362,54.49
4490424,1158583,45.88
4490424,1158597,253.89
4490424,1158697,361.95
4490424,1158791,71.47
4490424,1158815,38.71
4490424,1158817,41.87
4490424,1158821,38.77
4490424,1158823,49.83
4490424,1158824,38.54
4490424,1158826,44.34
4490424,1158830,71.44
4490424,1158832,71.44
4490424,1159120,62.38
4490424,1159121,116
4490424,1159565,64.32
4490424,1159681,63.02
4490424,1159696,78.56
4490424,1159804,47.17
4490424,1160107,85.95
4490424,1160566,31.68
4490424,1160601,71.44
4490424,1160602,87.22
4490424,1160669,12.94
4490424,1160672,13.37
4490424,1160719,56.79
4490424,1161054,44.15
4490424,1161455,115.87
4490424,1161540,53.59
4490424,1161546,49.99
4490424,1161814,194.98
4490424,1162091,63.76
4490424,1162168,37.6
4490424,1162555,65.15
4490424,1162567,445.05
4490424,1162632,47.51
4490424,1162773,86.69
4490424,1163131,87.48
4490424,1163132,57.66
4490424,1163313,55.37
4490424,1163594,45.39
4490424,1163596,53.53
4490424,1163721,30.97
4490424,1163722,45.39
4490424,1163723,49.2
4490424,1163724,87.48
4490424,1163726,87.48
4490424,1163730,87.48
4490424,1163842,63.4
4490424,1164152,30.11
4490424,1164154,55.84
4490424,1164159,87.48
4490424,1164302,32.04
4490424,1164336,194.98
4490424,1164878,24.34
4490424,1165025,41.6
4490424,1165060,37.98
4490424,1165064,39.2
4490424,1165100,45.3
4490424,1165103,33.3
4490424,1165105,31.68
4490424,1165107,50.1
4490424,1165109,46.05
4490424,1165126,87.48
4490424,1165311,32.34
4490424,1165814,15.41
4490424,1165815,26.58
4490424,1166360,69.75
4490424,1166362,54.47
4490424,1166391,55.94
4490424,1166499,87.48
4490424,1166677,49.05
4490424,1166708,60.07
4490424,1167019,18.86
4490424,1167237,83.59
4490424,1167626,75.41
4490424,1167844,86.69
4490424,1167932,9.1
4490424,1167999,64.79
4490424,1168141,30.99
4490424,1168283,64.79
4490424,1168284,86.69
4490424,1168306,0.01
4490424,1168308,0.01
4490424,1168309,0.01
4490424,1168317,0.01
4490424,1168328,87.48
4490424,1168411,87.48
4490424,1168778,27.1
4490424,1168847,38.39
4490424,1170146,318.79
4490424,1170565,51.05
4490424,1171009,442.11
4490424,1171180,3205.2
4490424,1171321,27.1
4490424,1171876,56.96
4490424,1172179,36.01
4490424,1172540,59.01
4490424,1172732,87.48
4490424,1172828,114.39
4490424,1173059,87.48
4490424,1173254,23.09
4490424,1173878,61.41
4490424,1174817,16.52
4490424,1175250,68.3
4490424,1175251,79.36
4490424,1175630,48.6
4490424,1175684,164.46
4490424,1175688,164.46
4490424,1175870,27
4490424,1176528,244.94
4490424,1176529,244.94
4490424,1176530,244.94
4490424,1176531,244.94
4490424,1176641,256.42
4490424,1177267,10.32
4490424,1177329,29.26
4490424,1177350,20.41
4490424,1177351,20.41
4490424,1177434,93.57
4490424,1178709,293.42
4490424,1179680,34.03
4490424,1179759,67.7
4490424,1180021,16.62
4490424,1180086,49.78
4490424,1180925,97.78
4490424,1181959,28.32
4490424,1184647,18.46
4490424,1184648,38.15
4490424,1184711,269.79
4490424,1185209,0.01
4490424,1185250,0.01
4490424,1185375,0.01
4490424,1185416,58.37
4490424,1186221,66.06
4490424,1186223,0.01
4490424,1186243,50.6
4490424,1187381,70
4490424,1187983,89.91
4490424,1188169,0.01
4490424,1188172,63.42
4490424,1188175,41.87
4490424,1189024,94.09
4490424,1189025,154.37
4490424,1189259,52.14
4490424,1189377,61.2
4490424,1189427,56.02
4490424,1189439,32.83
4490424,1189542,123.26
4490424,1190640,75.33
4490424,1190678,0.01
4490424,1191144,12.7
4490424,1191249,76.32
4490424,1194140,46.57
4490424,1196307,11.32
4490424,1196310,18.67
4490424,1196918,31.49
4490424,1197375,66.67
4490424,1197478,0.01
4490424,1197647,1385.27
4490424,1198616,38.67
4490424,1198911,40.81
4490424,1198988,139.73
4490424,1199021,33.28
4490424,1199869,36.51
4490424,1200088,69.24
4490424,1200301,32.94
4490424,1200920,63.05
4490424,1201263,24.15
4490424,1201345,50.13
4490424,1201410,52.19
4490424,1201434,17.43
4490424,1201659,151.94
4490424,1203427,50.41
4490424,1203514,57.75
4490424,1203515,54.1
4490424,1203517,57.51
4490424,1203691,40.21
4490424,1203695,92.86
4490424,1203696,33.41
4490424,1203699,55.31
4490424,1203840,42.95
4490424,1204341,44.14
4490424,1205045,195.01
4490424,1205269,33.68
4490424,1205922,32.18
4490424,1206724,327.82
4490424,1207375,40.71
4490424,1207845,48.14
4490424,1207908,80.03
4490424,1208094,43.82
4490424,1208297,227.57
4490424,1208357,37.11
4490424,1208532,24.53
4490424,1209097,20.41
4490424,1209098,20.41
4490424,1209464,35.94
4490424,1209465,0.01
4490424,1209671,17911.17
4490424,1209850,16.37
4490424,1209995,7.97
4490424,1210515,66.55
4490424,1211868,64.21
4490424,1212029,75.05
4490424,1212595,45.37
4490424,1213826,45.27
4490424,1215321,74.55
4490424,1215412,45.27
4490424,1215475,181.94
4490424,1215688,42.9
4490424,1215970,47.06
4490424,1216610,44.62
4490424,1216612,36.33
4490424,1216618,38.92
4490424,1216620,32.8
4490424,1216827,79.36
4490424,1217646,82.24
4490424,1217656,29.74
4490424,1217836,422.59
4490424,1218300,63.53
4490424,1218438,37.92
4490424,1218640,65.79
4490424,1218644,75.45
4490424,1218653,59.01
4490424,1218655,59.01
4490424,1218657,50.7
4490424,1218660,59.01
4490424,1218751,124.2
4490424,1219010,143.03
4490424,1219063,16.58
4490424,1219310,169.61
4490424,1219371,55.95
4490424,1219586,77.34
4490424,1220134,95.69
4490424,1220183,222.35
4490424,1220607,178.17
4490424,1220629,51.76
4490424,1220788,33.96
4490424,1220789,30
4490424,1221297,0.85
4490424,1221372,200.23
4490424,1221758,201.54
4490424,1221824,42.51
4490424,1223667,56.43
4490424,1224114,20.73
4490424,1224187,9.36
4490424,1224245,68.65
4490424,1224523,2456.85
4490424,1224887,570.86
4490424,1225140,170.7
4490424,1225258,178.45
4490424,1225988,715.22
4490424,1226166,37.01
4490424,1226816,81.77
4490424,1226820,8.32
4490424,1226837,116.02
4490424,1227413,26.33
4490424,1228229,8.87
4490424,1229187,50.36
4490424,1229291,5.73
4490424,1229447,0.85
4490424,1229453,162.32
4490424,1229769,38.83
4490424,1229771,36.89
4490424,1229961,1157.55
4490424,1230377,28.11
4490424,1230596,50.74
4490424,1230686,103.75
4490424,1230728,61.9
4490424,1232578,49.56
4490424,1232692,23.63
4490424,1232873,50.19
4490424,1233366,27.88
4490424,1233449,80.05
4490424,1234050,49.11
4490424,1234329,31.91
4490424,1234353,17.89
4490424,1234356,49.56
4490424,1234358,24.86
4490424,1234368,34.41
4490424,1234370,27.85
4490424,1234375,51.17
4490424,1234386,44.13
4490424,1234777,26.9
4490424,1235287,47.31
4490424,1235551,13.71
4490424,1235849,99.51
4490424,1236032,187.97
4490424,1236245,40.2
4490424,1236248,45.66
4490424,1236587,144.37
4490424,1236838,30.67
4490424,1236840,33.6
4490424,1236843,30.41
4490424,1237004,58.33
4490424,1237068,382.45
4490424,1237087,332.47
4490424,1237088,387.22
4490424,1237277,101.98
4490424,1238023,402.15
4490424,1238862,0.01
4490424,1239363,80.69
4490424,1239380,55.94
4490424,1239384,37.51
4490424,1239386,54.61
4490424,1239393,32.54
4490424,1239395,49.86
4490424,1239407,42.12
4490424,1239411,46.31
4490424,1239412,46.66
4490424,1239416,80.7
4490424,1239418,59.24
4490424,1239420,85.73
4490424,1239422,106.4
4490424,1239424,49.78
4490424,1239427,35.35
4490424,1239429,43.01
4490424,1239431,71.59
4490424,1239432,54.31
4490424,1239436,49.92
4490424,1239443,117.87
4490424,1239446,49.02
4490424,1239448,83.55
4490424,1239449,88.94
4490424,1239450,57.13
4490424,1239453,21.71
4490424,1239454,48.67
4490424,1239455,57.58
4490424,1239458,39.51
4490424,1239459,45.86
4490424,1239461,71.24
4490424,1239463,74.04
4490424,1239465,56.51
4490424,1239466,126.93
4490424,1239467,109.74
4490424,1239468,86.62
4490424,1239469,75.43
4490424,1239471,71.12
4490424,1239473,31.03
4490424,1239474,48.24
4490424,1239475,108.51
4490424,1239476,90.2
4490424,1239530,71
4490424,1239824,17612.65
4490424,1239907,27.79
4490424,1240064,463.73
4490424,1240448,0.01
4490424,1241021,0.85
4490424,1241326,457.22
4490424,1241473,30.41
4490424,1242142,228.8
4490424,1242426,80.51
4490424,1242673,42.45
4490424,1242789,21
4490424,1242790,96.21
4490424,1242792,105.99
4490424,1242795,41.37
4490424,1242797,46.95
4490424,1242798,54.98
4490424,1242802,125.81
4490424,1242805,31.59
4490424,1242807,37.16
4490424,1242809,43.32
4490424,1242811,42.38
4490424,1242812,51.52
4490424,1242829,99.8
4490424,1242831,106.64
4490424,1242832,158.17
4490424,1242834,29.89
4490424,1242838,63.76
4490424,1242845,75.99
4490424,1242848,162.75
4490424,1242852,45.65
4490424,1242855,37.29
4490424,1242862,379.82
4490424,1242864,94.76
4490424,1242865,47.35
4490424,1242867,142.08
4490424,1242874,85.46
4490424,1242875,77.09
4490424,1242883,310.32
4490424,1242886,54.31
4490424,1242891,63.28
4490424,1242896,152.42
4490424,1242897,369.11
4490424,1242898,304.23
4490424,1242900,91.83
4490424,1242902,48.32
4490424,1242904,59.65
4490424,1242906,51.98
4490424,1242909,102.68
4490424,1242911,48.92
4490424,1242913,40.69
4490424,1242914,34.75
4490424,1242917,98.95
4490424,1242919,54.59
4490424,1242921,55.26
4490424,1242923,56.85
4490424,1242925,54.07
4490424,1242926,110.61
4490424,1242929,118.09
4490424,1242931,158.65
4490424,1242933,73.54
4490424,1242936,106.23
4490424,1242938,69.49
4490424,1242939,57.39
4490424,1242941,78.64
4490424,1242945,71.02
4490424,1242947,78.59
4490424,1242949,75.69
4490424,1242951,60.99
4490424,1242954,92.56
4490424,1242956,64.97
4490424,1242957,81.59
4490424,1242959,80.67
4490424,1242961,188.43
4490424,1242962,248.77
4490424,1242963,175.93
4490424,1242966,63.96
4490424,1242969,87.64
4490424,1242972,192.88
4490424,1242973,46.84
4490424,1242975,119.03
4490424,1242976,122.73
4490424,1242979,64.43
4490424,1242982,110.09
4490424,1242991,55.26
4490424,1242993,139.59
4490424,1242995,69.89
4490424,1243005,38.86
4490424,1243212,51.1
4490424,1243230,49.42
4490424,1243254,163.31
4490424,1243256,170.65
4490424,1243258,44.65
4490424,1243277,62.07
4490424,1243309,74.08
4490424,1243317,87.59
4490424,1243347,231.65
4490424,1243356,108.25
4490424,1243405,42.15
4490424,1243409,62.08
4490424,1243419,94.89
4490424,1243422,36.15
4490424,1243518,156.76
4490424,1243549,75.26
4490424,1243570,82.44
4490424,1244530,138.12
4490424,1244557,77.59
4490424,1245094,33.24
4490424,1246666,46.32
4490424,1246774,0.85
4490424,1247003,4476.3
4490424,1247062,66.43
4490424,1247063,35.34
4490424,1247064,37.02
4490424,1247065,110.83
4490424,1247115,46.08
4490424,1247116,61.65
4490424,1247117,61.32
4490424,1247119,61.62
4490424,1247120,32.75
4490424,1247187,35.35
4490424,1247534,40.46
4490424,1248196,58.84
4490424,1248805,59.04
4490424,1248824,45.25
4490424,1248827,157.88
4490424,1248829,332.11
4490424,1250329,3.56
4490424,1250497,38.68
4490424,1250498,67.95
4490424,1250499,93.75
4490424,1250500,164.88
4490424,1250501,191.63
4490424,1250683,204.4
4490424,1250776,74.42
4490424,1251450,5.73
4490424,1251659,10.49
4490424,1252336,35.94
4490424,1252554,49.15
4490424,1252556,52.27
4490424,1253398,90.63
4490424,1253404,115.73
4490424,1253406,115.73
4490424,1253421,126.1
4490424,1253422,126.1
4490424,1253423,138.63
4490424,1253426,166.93
4490424,1253436,157.66
4490424,1253441,141.12
4490424,1253442,141.12
4490424,1253491,186.76
4490424,1253497,177.95
4490424,1253504,204.97
4490424,1253506,266.46
4490424,1253523,281.87
4490424,1253742,5.22
4490424,1253854,105.42
4490424,1254039,76.88
4490424,1254102,17.64
4490424,1254238,107.06
4490424,1254293,44.32
4490424,1255237,63.01
4490424,1255338,492.74
4490424,1255453,95.41
4490424,1255566,27.87
4490424,1255648,32.08
4490424,1256425,128.18
4490424,1256426,69.49
4490424,1256664,5.86
4490424,1256755,101.98
4490424,1256756,60.72
4490424,1256991,143.86
4490424,1256996,75.85
4490424,1257003,257.29
4490424,1257108,45.33
4490424,1257437,65.57
4490424,1257858,232.24
4490424,1257881,277.41
4490424,1257884,109.03
4490424,1257887,181.1
4490424,1258581,71.17
4490424,1258599,59.6
4490424,1258664,59.62
4490424,1259057,113.46
4490424,1259084,192.93
4490424,1259381,124.68
4490424,1259442,49.49
4490424,1259543,27.81
4490424,1259764,326.84
4490424,1259905,49.94
4490424,1259996,85.61
4490424,1260345,56.32
4490424,1261002,27.36
4490424,1262803,62.78
4490424,1262906,53.14
4490424,1263050,358.43
4490424,1263277,60.49
4490424,1263336,162.72
4490424,1263340,216.1
4490424,1263342,224.83
4490424,1263579,71.59
4490424,1263654,206.2
4490424,1264371,62.19
4490424,1264484,17.97
4490424,1264698,238.7
4490424,1265101,41.5
4490424,1265431,142.93
4490424,1265502,66.61
4490424,1265847,45.25
4490424,1265848,59.79
4490424,1265849,103.92
4490424,1265850,66.52
4490424,1266071,338.99
4490424,1266074,338.99
4490424,1266179,166.43
4490424,1266180,175.93
4490424,1266469,85.42
4490424,1266581,43.69
4490424,1266979,80.49
4490424,1267056,2738.23
4490424,1267465,86.08
4490424,1267497,3403.49
4490424,1267992,28.22
4490424,1268397,40.79
4490424,1268399,46.15
4490424,1268400,49.4
4490424,1268573,46.83
4490424,1269135,61.18
4490424,1269136,207.93
4490424,1269352,21.94
4490424,1269362,81.39
4490424,1269777,57.57
4490424,1269788,27.73
4490424,1269883,11.69
4490424,1270324,27.11
4490424,1270436,37.1
4490424,1270549,71.41
4490424,1271095,82.9
4490424,1271100,71.59
4490424,1271233,65.51
4490424,1271339,8.36
4490424,1271485,55.32
4490424,1271560,83.37
4490424,1271561,44.22
4490424,1271720,85.31
4490424,1271981,24.89
4490424,1272237,14.82
4490424,1272857,49.99
4490424,1273380,82.93
4490424,1273663,36.83
4490424,1273674,4.77
4490424,1274142,58.04
4490424,1274143,59.73
4490424,1274296,11.65
4490424,1274563,131.6
4490424,1274628,59.28
4490424,1274804,29.85
4490424,1274807,71.57
4490424,1274947,57
4490424,1274950,0.01
4490424,1275443,48.03
4490424,1275704,36.47
4490424,1275875,25.52
4490424,1275876,33.1
4490424,1275877,30.13
4490424,1276303,16.37
4490424,1276444,6267.42
4490424,1276484,12.65
4490424,1276698,61.5
4490424,1276699,60.82
4490424,1276788,45.54
4490424,1276818,36.47
4490424,1277038,51.88
4490424,1277697,28.05
4490424,1277699,28.05
4490424,1278239,99.82
4490424,1278240,149.68
4490424,1278242,204.06
4490424,1278424,130.42
4490424,1278425,127.62
4490424,1278448,147.27
4490424,1278450,96.76
4490424,1278826,34.02
4490424,1278845,50.09
4490424,1278847,50.22
4490424,1278851,275.32
4490424,1278891,41.48
4490424,1279128,38.28
4490424,1279129,23.33
4490424,1279130,23.33
4490424,1279380,192.12
4490424,1279600,93.46
4490424,1279764,39.29
4490424,1281074,38.33
4490424,1281205,89.56
4490424,1281505,52.4
4490424,1281579,32.02
4490424,1282045,38.33
4490424,1282408,34.09
4490424,1282414,28.61
4490424,1282418,28.61
4490424,1282419,47.75
4490424,1282421,47.75
4490424,1282422,47.75
4490424,1282425,47.75
4490424,1282435,73.64
4490424,1282436,40.01
4490424,1282437,77
4490424,1282537,61.85
4490424,1282551,65.03
4490424,1283206,66.52
4490424,1283207,46.6
4490424,1283209,46.6
4490424,1283239,163.25
4490424,1283261,61.87
4490424,1283281,0.01
4490424,1283283,126
4490424,1283284,94.28
4490424,1283336,6.77
4490424,1283337,27.18
4490424,1283338,27.18
4490424,1283339,27.18
4490424,1283341,54.92
4490424,1283342,6.77
4490424,1283343,61.36
4490424,1283344,49.75
4490424,1283345,48.72
4490424,1283346,51.58
4490424,1283347,43.01
4490424,1283348,43.01
4490424,1283349,64.21
4490424,1283350,55.83
4490424,1283528,134.59
4490424,1284052,39.04
4490424,1284807,55.39
4490424,1284955,164.37
4490424,1285124,85.54
4490424,1285440,120.97
4490424,1285486,20.11
4490424,1285601,138.15
4490424,1285786,33.39
4490424,1285798,33.39
4490424,1285964,45.34
4490424,1286370,85.73
4490424,1287507,13.02
4490424,1287516,132.28
4490424,1287520,118.04
4490424,1287521,130.64
4490424,1287543,126.29
4490424,1288099,117.39
4490424,1288109,26.28
4490424,1288683,17.71
4490424,1288723,18.06
4490424,1288734,3335.36
4490424,1288751,168.98
4490424,1288911,5.1
4490424,1289113,126.26
4490424,1289114,65.02
4490424,1289446,143.44
4490424,1289487,8.8
4490424,1289561,7.8
4490424,1289825,69.53
4490424,1289826,69.53
4490424,1290270,48.26
4490424,1290272,48.97
4490424,1290273,46.36
4490424,1290424,145.12
4490424,1290569,98.71
4490424,1291628,20.91
4490424,1291639,88.84
4490424,1291953,88.05
4490424,1292368,361.5
4490424,1292450,615.28
4490424,1292454,615.28
4490424,1292455,615.28
4490424,1292579,64.46
4490424,1292855,65.71
4490424,1294091,48.28
4490424,1295045,14.09
4490424,1295046,21.24
4490424,1295333,51.76
4490424,1295338,51.76
4490424,1295397,79.56
4490424,1295446,39.97
4490424,1295898,15.86
4490424,1295975,715.02
4490424,1296026,17.38
4490424,1296028,13.29
4490424,1296085,54.74
4490424,1296219,615.28
4490424,1296220,615.28
4490424,1296221,615.28
4490424,1296337,40.13
4490424,1296682,135.02
4490424,1297553,39.82
4490424,1297555,39.82
4490424,1297558,39.82
4490424,1298174,0.01
4490424,1298456,12.15
4490424,1298516,50.57
4490424,1298934,24.15
4490424,1299001,157.24
4490424,1299007,119.2
4490424,1299010,328.57
4490424,1299015,208.82
4490424,1299027,103.37
4490424,1299029,39.88
4490424,1299214,53.92
4490424,1299215,90.8
4490424,1299216,232.4
4490424,1299217,78.23
4490424,1299218,242.29
4490424,1299219,153.6
4490424,1299220,156.7
4490424,1299223,40.35
4490424,1299481,0.74
4490424,1300024,0.01
4490424,1300336,0.01
4490424,1300339,29.88
4490424,1300340,0.01
4490424,1300342,55.83
4490424,1301072,111.03
4490424,1301484,11.03
4490424,1301524,0.01
4490424,1302320,8.33
4490424,1302778,33.34
4490424,1302852,0.01
4490424,1302876,29.19
4490424,1303308,18.1
4490424,1303348,168.01
4490424,1303497,41.87
4490424,1303502,60.64
4490424,1303504,0.01
4490424,1303505,0.01
4490424,1303650,1207.8
4490424,1304577,0.01
4490424,1304578,65.18
4490424,1304579,41.87
4490424,1305213,27.27
4490424,1305724,49.22
4490424,1305851,63.42
4490424,1306704,45.74
4490424,1306763,0.57
4490424,1306764,0.57
4490424,1307048,54.92
4490424,1307195,341.49
4490424,1307236,57.55
4490424,1307509,50.85
4490424,1307881,52.49
4490424,1307883,62.62
4490424,1308047,142.41
4490424,1308128,29.49
4490424,1308138,48.16
4490424,1308144,0.01
4490424,1308147,0.01
4490424,1308381,14.39
4490424,1308647,55.25
4490424,1308871,134.17
4490424,1309238,38.67
4490424,1309426,7909.26
4490424,1309566,139.73
4490424,1309567,62.52
4490424,1309653,105.46
4490424,1310321,45.05
4490424,1311255,58.37
4490424,1311336,31.97
4490424,1311341,42.78
4490424,1311345,41.02
4490424,1311347,45.43
4490424,1311584,48.22
4490424,1312305,32.23
4490424,1312488,32397.85
4490424,1312553,127.58
4490424,1313047,1.21
4490424,1313122,302.75
4490424,1313376,36.8
4490424,1313585,0.01
4490424,1313586,0.01
4490424,1313696,139.73
4490424,1313709,43.14
4490424,1313975,55.17
4490424,1314012,70.58
4490424,1314224,41.36
4490424,1314265,50.24
4490424,1314302,113.33
4490424,1314523,139.73
4490424,1314568,139.73
4490424,1314574,41.38
4490424,1314954,60.25
4490424,1314996,64.94
4490424,1314997,84.59
4490424,1315081,6.6
4490424,1315260,92.92
4490424,1315261,48.78
4490424,1315369,36.15
4490424,1315516,47.87
4490424,1315683,78.87
4490424,1315693,81.92
4490424,1315878,223.56
4490424,1316323,52.79
4490424,1316653,174.7
4490424,1316655,63.33
4490424,1316656,75.49
4490424,1316657,59.4
4490424,1316818,68.14
4490424,1316830,46.23
4490424,1317100,84.82
4490424,1317192,0.01
4490424,1317418,55.43
4490424,1317439,29.56
4490424,1318279,60.34
4490424,1318288,53.45
4490424,1318525,120.89
4490424,1318534,5673.62
4490424,1318640,50.99
4490424,1318736,83.08
4490424,1318831,0.01
4490424,1318931,77.66
4490424,1318940,128.13
4490424,1318942,156.89
4490424,1318944,91.64
4490424,1319274,127.99
4490424,1320719,54.81
4490424,1320737,46.91
4490424,1320894,222.61
4490424,1322337,38.73
4490424,1322412,0.01
4490424,1323183,16.61
4490424,1323191,1121.72
4490424,1323473,111.96
4490424,1323721,11.38
4490424,1323805,75.51
4490424,1323822,10.24
4490424,1323823,24.35
4490424,1323824,30.01
4490424,1323825,28.25
4490424,1323826,30.86
4490424,1323827,51.82
4490424,1323829,28.33
4490424,1324051,6.77
4490424,1324398,78.44
4490424,1324447,48.26
4490424,1324722,30.62
4490424,1324945,614.9
4490424,1325078,40.35
4490424,1325381,74.37
4490424,1325383,78.79
4490424,1325385,69.41
4490424,1325468,68.85
4490424,1325469,41.21
4490424,1325470,125.24
4490424,1325471,165.08
4490424,1325472,248.97
4490424,1325522,45.39
4490424,1325545,339.86
4490424,1325794,44.15
4490424,1325980,101.48
4490424,1326260,66.14
4490424,1326370,21.48
4490424,1326371,69.67
4490424,1326372,107.58
4490424,1326373,78.4
4490424,1326620,33.39
4490424,1326652,40.05
4490424,1326657,33.34
4490424,1326658,33.34
4490424,1326739,498.94
4490424,1326901,512.41
4490424,1327259,66.73
4490424,1327260,0.01
4490424,1327261,0.01
4490424,1327646,44.27
4490424,1327742,431.57
4490424,1327892,25.54
4490424,1328092,48.6
4490424,1328194,12.15
4490424,1328715,0.01
4490424,1328724,38.77
4490424,1329166,29.78
4490424,1329250,26.1
4490424,1329338,40.35
4490424,1329742,106.92
4490424,1329764,31.05
4490424,1329865,47.76
4490424,1329980,29.07
4490424,1329984,27.38
4490424,1330198,0.01
4490424,1330264,44.88
4490424,1330319,0.01
4490424,1330368,21.56
4490424,1330408,258.34
4490424,1330752,236.93
4490424,1330754,394.88
4490424,1330779,13.61
4490424,1330836,64.98
4490424,1331252,11.94
4490424,1332354,33.56
4490424,1333051,211.31
4490424,1333086,10
4490424,1333747,4.35
4490424,1333904,212.5
4490424,1333905,108.03
4490424,1333964,142.91
4490424,1333965,572.18
4490424,1334035,176.61
4490424,1334128,330.67
4490424,1334165,36.51
4490424,1334776,280.6
4490424,1334914,251.23
4490424,1335146,111.48
4490424,1335375,278.99
4490424,1335412,0.01
4490424,1335618,169.01
4490424,1336834,20.91
4490424,1337945,25.68
4490424,1337946,23.71
4490424,1337949,4858.79
4490424,1338288,9.7
4490424,1338612,70.47
4490424,1338666,68.04
4490424,1338668,57.83
4490424,1338669,82.21
4490424,1338753,70.15
4490424,1339097,145.58
4490424,1339613,19.62
4490424,1339837,42.08
4490424,1340511,85.27
4490424,1340517,101.03
4490424,1340940,55.47
4490424,1340998,164.92
4490424,1341397,1236.55
4490424,1341463,79.2
4490424,1341791,74.52
4490424,1342074,156.97
4490424,1342237,25.34
4490424,1342397,71.85
4490424,1342613,103.34
4490424,1342614,148.75
4490424,1342615,30.18
4490424,1343275,34.97
4490424,1344967,24.94
4490424,1345189,0.01
4490424,1345572,127.7
4490424,1345806,24.06
4490424,1345914,63.55
4490424,1346064,125.74
4490424,1347004,162.76
4490424,1347045,36.12
4490424,1347435,2471.07
4490424,1347654,59.3
4490424,1347984,32.59
4490424,1348433,42.56
4490424,1348460,29.49
4490424,1348483,41.4
4490424,1348487,37.26
4490424,1348489,41.95
4490424,1348500,41.95
4490424,1348505,36.23
4490424,1348506,36.23
4490424,1348511,36.23
4490424,1348514,38.84
4490424,1348515,38.84
4490424,1348517,49.25
4490424,1348518,49.25
4490424,1348526,37.52
4490424,1348527,56.28
4490424,1349905,22.89
4490424,1350570,132.76
4490424,1350826,41.16
4490424,1350988,92.34
4490424,1351807,89.91
4490424,1352353,43.53
4490424,1352587,21.57
4490424,1352745,0.01
4490424,1352874,42.57
4490424,1354457,346.28
4490424,1355327,66.76
4490424,1355452,35.44
4490424,1356057,49.29
4490424,1356751,56.86
4490424,1356831,68.4
4490424,1357407,40.74
4490424,1357684,51.83
4490424,1358303,1079.86
4490424,1358308,492.93
4490424,1358967,202.33
4490424,1359401,0.01
4490424,1359627,35.44
4490424,1361037,0.01
4490424,1361487,83.03
4490424,1361593,378.99
4490424,1362194,7.19
4490424,1363559,13258.87
4490424,1363826,31.16
4490424,1363922,632.36
4490424,1364804,76.11
4490424,1365936,56.52
4490424,1366198,54.03
4490424,1366368,127.81
4490424,1366388,90.63
4490424,1366423,23.5
4490424,1366425,10.3
4490424,1366426,23.86
4490424,1366709,632.36
4490424,1367490,32.32
4490424,1368019,145.74
4490424,1368448,54.4
4490424,1368788,382.28
4490424,1369763,378.99
4490424,1369913,188.38
4490424,1370142,106.71
4490424,1370359,4827.66
4490424,1370906,17.97
4490424,1370907,6.08
4490424,1371342,33.85
4490424,1371344,27.24
4490424,1372457,4413.74
4490424,1372602,58.38
4490424,1373056,88.72
4490424,1374942,259.98
4490424,1375001,54.86
4490424,1375166,45.53
4490424,1375479,29.95
4490424,1376124,94.27
4490424,1377142,51.74
4490424,1377912,26.28
4490424,1378160,47.54
4490424,1378163,57.86
4490424,1378164,67.95
4490424,1378174,0.01
4490424,1378176,0.01
4490424,1378652,62
4490424,1379486,217.1
4490424,1380190,70.56
4490424,1381178,62.53
4490424,1381468,267.3
4490424,1382332,54.19
4490424,1382334,29.16
4490424,1383613,17.97
4490424,1384372,64.3
4490424,1384697,15754.3
4490424,1384798,537.1
4490424,1387219,37.37
4490424,1388139,34.89
4490424,1389335,7398.07
4490424,1389366,22.95
4490424,1390923,31.16
4490424,1391234,100.1
4490424,1391264,42.08
4490424,1391516,11.98
4490424,1392377,27.76
4490424,1393397,38.17
4490424,1394223,193.19
4490424,1000014,78.92
4490424,1000868,47.38
4490424,1001234,28.26
4490424,1001255,27.69
4490424,1001326,56.35
4490424,1001888,26.54
4490424,1001889,32.36
4490424,1001908,40.14
4490424,1003275,45.02
4490424,1003308,70.28
4490424,1003309,79.73
4490424,1003378,55.41
4490424,1003383,36.66
4490424,1003592,68.99
4490424,1003772,61.42
4490424,1004120,25.84
4490424,1004121,33.69
4490424,1004332,23.58
4490424,1004334,104.93
4490424,1004336,60.35
4490424,1004351,101.81
4490424,1004352,151.28
4490424,1004353,129.96
4490424,1004354,54.88
4490424,1004612,98.8
4490424,1004703,15.28
4490424,1005000,289.61
4490424,1006063,61.65
4490424,1006246,93.34
4490424,1006262,58.67
4490424,1006274,51.21
4490424,1006275,101.04
4490424,1006433,14.82
4490424,1006467,58.99
4490424,1006516,73.9
4490424,1007538,64.05
4490424,1007862,51.43
4490424,1008159,53.6
4490424,1008402,58.31
4490424,1008958,25.31
4490424,1009459,51.37
4490424,1009738,119.69
4490424,1009958,58.99
4490424,1009959,64.05
4490424,1010075,122.69
4490424,1010114,92.65
4490424,1010214,197.55
4490424,1010231,155.2
4490424,1010233,177.21
4490424,1010234,212.08
4490424,1010236,144.43
4490424,1010238,169.76
4490424,1010287,155.43
4490424,1010455,144.53
4490424,1010465,115.61
4490424,1010469,118.83
4490424,1010479,90.8
4490424,1010505,62.15
4490424,1010511,68.97
4490424,1010516,81.94
4490424,1010526,91.29
4490424,1010528,83.57
4490424,1010541,70.71
4490424,1010557,126.67
4490424,1010558,105.33
4490424,1010559,130.92
4490424,1010649,104.06
4490424,1010665,43.63
4490424,1010725,116.81
4490424,1010727,129.33
4490424,1010728,131.84
4490424,1010729,108.27
4490424,1010793,84.77
4490424,1010812,29.79
4490424,1010816,48.34
4490424,1010823,44.74
4490424,1010831,39.9
4490424,1010837,41.56
4490424,1010873,308.97
4490424,1010888,47.02
4490424,1010904,76.01
4490424,1010933,64.83
4490424,1010948,75.46
4490424,1010959,77.02
4490424,1010960,86.47
4490424,1010964,79.84
4490424,1010995,55.35
4490424,1010997,52.03
4490424,1010999,94.42
4490424,1011002,75.75
4490424,1011003,84.96
4490424,1011007,102.89
4490424,1011012,95.34
4490424,1011018,102.77
4490424,1011022,68.25
4490424,1011029,78.72
4490424,1011049,84.35
4490424,1011050,79.16
4490424,1011052,79.13
4490424,1011107,82.99
4490424,1011184,36.72
4490424,1011198,55.6
4490424,1011385,37.19
4490424,1011386,36.44
4490424,1011387,31.72
4490424,1011388,31.74
4490424,1011389,41.34
4490424,1011447,85.21
4490424,1011448,90.18
4490424,1011449,93.85
4490424,1011451,83.41
4490424,1011464,88.8
4490424,1011521,132.32
4490424,1011523,122.37
4490424,1011524,126.18
4490424,1011526,172.71
4490424,1011527,121.16
4490424,1011538,76.02
4490424,1011559,27.81
4490424,1011567,45.72
4490424,1011581,26.97
4490424,1011584,31.09
4490424,1011635,127.75
4490424,1011636,145.15
4490424,1011650,41.89
4490424,1011673,42.74
4490424,1011684,48.27
4490424,1011696,114.26
4490424,1011698,56.78
4490424,1011704,47.49
4490424,1011705,51.1
4490424,1011710,67.48
4490424,1011723,85.06
4490424,1011731,93.99
4490424,1011742,110.22
4490424,1011748,145.37
4490424,1011750,73.08
4490424,1011751,254.98
4490424,1011752,92.42
4490424,1011753,85.57
4490424,1011755,117.25
4490424,1011757,117.25
4490424,1011759,105.88
4490424,1011762,111.85
4490424,1011764,136.29
4490424,1011766,154.73
4490424,1011767,138.27
4490424,1011769,69.07
4490424,1011771,73.82
4490424,1011772,120.96
4490424,1011773,82.33
4490424,1011866,66.37
4490424,1011867,85.99
4490424,1011873,136.67
4490424,1011896,201.74
4490424,1011955,94.53
4490424,1011959,103.1
4490424,1011960,103.1
4490424,1011980,52.44
4490424,1011987,137.12
4490424,1011993,121.24
4490424,1011994,106.79
4490424,1012005,130.47
4490424,1012022,132.89
4490424,1012036,40.81
4490424,1012037,75.81
4490424,1012046,163.63
4490424,1012047,113.56
4490424,1012048,130.37
4490424,1012049,106.92
4490424,1012050,75.6
4490424,1012053,153.81
4490424,1012055,171.07
4490424,1012062,72.94
4490424,1012064,172.44
4490424,1012065,222.62
4490424,1012068,130.59
4490424,1012073,60.82
4490424,1012076,91.21
4490424,1012110,172.12
4490424,1012142,92.13
4490424,1012143,71.28
4490424,1012144,82.28
4490424,1012173,80.18
4490424,1012174,65.26
4490424,1012182,63.55
4490424,1012188,77.55
4490424,1012189,92.68
4490424,1012203,58.35
4490424,1012208,83.96
4490424,1012212,82.53
4490424,1012214,50.31
4490424,1012268,83.61
4490424,1012274,58.32
4490424,1012276,136.32
4490424,1012277,72.94
4490424,1012283,92.13
4490424,1012288,102.03
4490424,1012293,65.65
4490424,1012310,84.46
4490424,1012325,79
4490424,1012326,56.82
4490424,1012337,65.49
4490424,1012354,41.43
4490424,1012364,46.53
4490424,1012390,52.6
4490424,1012434,79.69
4490424,1012451,110.19
4490424,1012607,29.23
4490424,1012637,28.86
4490424,1012639,39.85
4490424,1012644,153.87
4490424,1012728,43.09
4490424,1012735,65.48
4490424,1012762,66.58
4490424,1012768,106.68
4490424,1012770,92.34
4490424,1012771,71.84
4490424,1012775,65.05
4490424,1012779,69.14
4490424,1012780,36.76
4490424,1012786,46.95
4490424,1012787,63.43
4490424,1012791,65.53
4490424,1012797,86.87
4490424,1012798,89.86
4490424,1012799,93.22
4490424,1012801,122.33
4490424,1012810,78.82
4490424,1012820,109.33
4490424,1012825,92.89
4490424,1012826,87.48
4490424,1012837,36.73
4490424,1012838,53.37
4490424,1012839,71.71
4490424,1012840,53.37
4490424,1012843,37.02
4490424,1012850,61.08
4490424,1012869,76.02
4490424,1012883,87.09
4490424,1012889,182.97
4490424,1012894,76.25
4490424,1012898,146.32
4490424,1012901,91
4490424,1012902,70.77
4490424,1012978,51.16
4490424,1012992,79
4490424,1012993,50.86
4490424,1012996,34.87
4490424,1013010,63.64
4490424,1013026,62.47
4490424,1013040,68.62
4490424,1013045,155.85
4490424,1013050,78.02
4490424,1013068,67.54
4490424,1013115,78.94
4490424,1013168,77.61
4490424,1013215,57.65
4490424,1013307,75.51
4490424,1013323,56.25
4490424,1013325,130.21
4490424,1013327,45.78
4490424,1013330,75.42
4490424,1013331,64.46
4490424,1013501,57.88
4490424,1013946,91.91
4490424,1013997,121.61
4490424,1014011,48.26
4490424,1014149,61.89
4490424,1014184,47.57
4490424,1014200,50.62
4490424,1014593,35.28
4490424,1014698,77.78
4490424,1014706,155.06
4490424,1014708,65.52
4490424,1014709,43.78
4490424,1014716,69.97
4490424,1014718,37.22
4490424,1014743,36.46
4490424,1014899,81.27
4490424,1014900,61.73
4490424,1014908,43.05
4490424,1014917,29.94
4490424,1014918,51.49
4490424,1014921,39.66
4490424,1014922,44.56
4490424,1014923,60.3
4490424,1014925,46.46
4490424,1014926,70.91
4490424,1014927,71.59
4490424,1014929,54.95
4490424,1014930,55.78
4490424,1015027,79.67
4490424,1015088,25.57
4490424,1015091,74.57
4490424,1015093,62.76
4490424,1015102,36.8
4490424,1015105,32.08
4490424,1015118,47.06
4490424,1015121,77.67
4490424,1015236,60.85
4490424,1015270,145.88
4490424,1015336,54.32
4490424,1015349,61
4490424,1015354,80.93
4490424,1015368,48.81
4490424,1015400,48.3
4490424,1015522,72.65
4490424,1015576,59.55
4490424,1015833,36.76
4490424,1016019,124.1
4490424,1016031,39.15
4490424,1016037,40.69
4490424,1016038,77.99
4490424,1016041,37.07
4490424,1016079,44.93
4490424,1016086,49.74
4490424,1016110,59.21
4490424,1016142,63.94
4490424,1016165,68.43
4490424,1016205,78.63
4490424,1016265,49.78
4490424,1016292,70.31
4490424,1016293,89.69
4490424,1016299,89.75
4490424,1016304,81.53
4490424,1016305,81.8
4490424,1016306,50.08
4490424,1016326,46.51
4490424,1016327,67.46
4490424,1016334,50.31
4490424,1016340,68.53
4490424,1016343,42.72
4490424,1016345,162.53
4490424,1016377,121.8
4490424,1016386,121.07
4490424,1016397,49.03
4490424,1016399,25.76
4490424,1016400,70.58
4490424,1016432,156.24
4490424,1016438,81.6
4490424,1016439,90.38
4490424,1016440,66.89
4490424,1016441,89.95
4490424,1016442,60.74
4490424,1016443,72.38
4490424,1016457,42.16
4490424,1016458,77.24
4490424,1016475,61.15
4490424,1016477,127.97
4490424,1016478,64.74
4490424,1016480,44.18
4490424,1016481,63.09
4490424,1016483,61.23
4490424,1016489,71.38
4490424,1016508,49.85
4490424,1016511,49.44
4490424,1016517,56.62
4490424,1016528,31.16
4490424,1016533,121.48
4490424,1016537,30.74
4490424,1016561,33.63
4490424,1016576,50.56
4490424,1016581,57.88
4490424,1016583,35.72
4490424,1016586,56.41
4490424,1016589,69.09
4490424,1016590,38.68
4490424,1016592,54.27
4490424,1016593,68.79
4490424,1016596,58.08
4490424,1016597,58.09
4490424,1016598,58.5
4490424,1016601,77.55
4490424,1016603,88.24
4490424,1016605,36.19
4490424,1016606,41.07
4490424,1016613,30.32
4490424,1016614,36.28
4490424,1016615,44.34
4490424,1016616,64.4
4490424,1016618,74.88
4490424,1016619,43.42
4490424,1016620,52.84
4490424,1016622,61.15
4490424,1016626,66.46
4490424,1016628,62.96
4490424,1016634,92.46
4490424,1016636,39.81
4490424,1016637,54.08
4490424,1016638,62.18
4490424,1016639,79.02
4490424,1016640,75.23
4490424,1016642,59.38
4490424,1016643,67.52
4490424,1016644,50.43
4490424,1016645,53.36
4490424,1016646,46.95
4490424,1016657,53.76
4490424,1016658,63.02
4490424,1016659,62.77
4490424,1016660,57
4490424,1016661,60.08
4490424,1016662,37.87
4490424,1016663,40.7
4490424,1016664,34.95
4490424,1016665,36.19
4490424,1016667,67.05
4490424,1016669,29.84
4490424,1016746,48.6
4490424,1016747,56.8
4490424,1016748,59.05
4490424,1016750,85.27
4490424,1016754,41.62
4490424,1016765,79.82
4490424,1016772,50.59
4490424,1016855,36.78
4490424,1016863,51.45
4490424,1016867,63.99
4490424,1016873,39.96
4490424,1016880,39.86
4490424,1016886,47.84
4490424,1016898,58.32
4490424,1016899,78.72
4490424,1016908,58
4490424,1016909,64.03
4490424,1016986,49.06
4490424,1016988,64.21
4490424,1016993,39.01
4490424,1017025,41.71
4490424,1017026,55.31
4490424,1017132,78.4
4490424,1017180,65.42
4490424,1017190,47.39
4490424,1017194,51.19
4490424,1017246,64.59
4490424,1017274,55.29
4490424,1017457,38.23
4490424,1017458,44.83
4490424,1017459,35.82
4490424,1017461,42.46
4490424,1017884,93.41
4490424,1018019,50.06
4490424,1018020,36.89
4490424,1018058,48.34
4490424,1018069,69.71
4490424,1018073,29.88
4490424,1018086,27.63
4490424,1018101,31.32
4490424,1018103,63.68
4490424,1018106,46.46
4490424,1018108,52.83
4490424,1018115,36.79
4490424,1018125,48.6
4490424,1018128,47.03
4490424,1018131,64.38
4490424,1018133,46.8
4490424,1018135,58.67
4490424,1018148,73.84
4490424,1018149,64.67
4490424,1018150,41.87
4490424,1018164,72.24
4490424,1018175,56
4490424,1018180,56.91
4490424,1018192,84.8
4490424,1018196,88.4
4490424,1018202,94.44
4490424,1018204,61.12
4490424,1018208,61.49
4490424,1018209,74.23
4490424,1018211,79.47
4490424,1018220,51.01
4490424,1018221,37.16
4490424,1018222,39.09
4490424,1018225,56.14
4490424,1018232,72.41
4490424,1018239,46.32
4490424,1018240,56.84
4490424,1018246,68.53
4490424,1018250,47.61
4490424,1018265,57.61
4490424,1018272,62.77
4490424,1018273,72.24
4490424,1018292,53
4490424,1018319,35.81
4490424,1018320,35.5
4490424,1018324,83.83
4490424,1018325,30.46
4490424,1018326,25.73
4490424,1018327,25.84
4490424,1018331,35.56
4490424,1018336,38.19
4490424,1018342,46.21
4490424,1018344,35.85
4490424,1018345,28.09
4490424,1018351,31.72
4490424,1018355,34.91
4490424,1018359,56.07
4490424,1018364,66.26
4490424,1018365,37.29
4490424,1018378,14.59
4490424,1018388,15.32
4490424,1018391,15.95
4490424,1018396,23.09
4490424,1018397,23.73
4490424,1018400,25.2
4490424,1018401,28.34
4490424,1018402,21.39
4490424,1018405,17.98
4490424,1018406,20.38
4490424,1018409,37.51
4490424,1018413,25.24
4490424,1018421,20.3
4490424,1018422,21.26
4490424,1018425,26.12
4490424,1018426,39.77
4490424,1018428,24.63
4490424,1018429,22.75
4490424,1018434,25.16
4490424,1018435,25.98
4490424,1018436,23.09
4490424,1018437,21.93
4490424,1018438,29.9
4490424,1018441,38.86
4490424,1018444,28.44
4490424,1018447,29.51
4490424,1018448,30.88
4490424,1018450,62.18
4490424,1018453,24.84
4490424,1018454,71.35
4490424,1018458,40.39
4490424,1018462,20.23
4490424,1018466,37.58
4490424,1018468,42.45
4490424,1018475,44.16
4490424,1018483,102.82
4490424,1018485,120.63
4490424,1018486,72.12
4490424,1018494,28.1
4490424,1018495,37.01
4490424,1018496,59.25
4490424,1018497,35.04
4490424,1018501,88.03
4490424,1018532,104.68
4490424,1018538,75.25
4490424,1018558,89.25
4490424,1018569,59.44
4490424,1018580,72.7
4490424,1018584,82.57
4490424,1018585,84.49
4490424,1018590,104.68
4490424,1018591,114.14
4490424,1018592,74.06
4490424,1018593,74.46
4490424,1018594,94.22
4490424,1018619,45.04
4490424,1018621,67.78
4490424,1018627,72.7
4490424,1018637,94.22
4490424,1018678,53.08
4490424,1018682,37.08
4490424,1018684,49.08
4490424,1018686,44.98
4490424,1018689,47.85
4490424,1018693,55.73
4490424,1018700,49.03
4490424,1018704,28.22
4490424,1018732,24.91
4490424,1018734,27.85
4490424,1018741,27.85
4490424,1018742,25.24
4490424,1018759,43.03
4490424,1018768,43.19
4490424,1018789,19.44
4490424,1018806,22.02
4490424,1018810,38.43
4490424,1018813,31.85
4490424,1018821,33.33
4490424,1018834,24.52
4490424,1018850,39.48
4490424,1018873,32
4490424,1018885,33.21
4490424,1018893,33.67
4490424,1018894,36.75
4490424,1018899,33.79
4490424,1018900,35.43
4490424,1018901,35.74
4490424,1018905,44.69
4490424,1018914,46.65
4490424,1018918,26.33
4490424,1018923,27.16
4490424,1018988,51.21
4490424,1018989,63.5
4490424,1019008,32.87
4490424,1019019,35.49
4490424,1019030,22.36
4490424,1019036,40.34
4490424,1019069,36.29
4490424,1019070,36.29
4490424,1019077,42.62
4490424,1019228,65.7
4490424,1019243,69.54
4490424,1019244,67.72
4490424,1019248,80.63
4490424,1019253,93.72
4490424,1019265,30.85
4490424,1019291,66.96
4490424,1019292,53.16
4490424,1019376,57.59
4490424,1019377,63.37
4490424,1019411,75.55
4490424,1019456,228.56
4490424,1019601,50.18
4490424,1019713,94.47
4490424,1019759,81.49
4490424,1019762,210.26
4490424,1019763,143.14
4490424,1019764,167.45
4490424,1019769,81.3
4490424,1019782,86.29
4490424,1019783,67.13
4490424,1019785,96.63
4490424,1019801,78.37
4490424,1019802,96.63
4490424,1019807,78.37
4490424,1019811,83.37
4490424,1019823,63.05
4490424,1019858,45.57
4490424,1019886,31.86
4490424,1019888,27.15
4490424,1019933,29.32
4490424,1019937,25.22
4490424,1019939,31.22
4490424,1019940,30.91
4490424,1019946,25.23
4490424,1019970,54.66
4490424,1020044,73.1
4490424,1020047,70.56
4490424,1020094,62
4490424,1020107,81.01
4490424,1020114,94.41
4490424,1020117,84.96
4490424,1020135,55.41
4490424,1020136,43.27
4490424,1020150,65.82
4490424,1020158,42.14
4490424,1020161,81.78
4490424,1020162,32.78
4490424,1020164,37.79
4490424,1020165,37.58
4490424,1020166,23.53
4490424,1020217,79.53
4490424,1020218,79.9
4490424,1020277,32.14
4490424,1020327,46.43
4490424,1020350,143.68
4490424,1020375,55.66
4490424,1020377,45.5
4490424,1020380,45.08
4490424,1020382,59.31
4490424,1020384,39.78
4490424,1020389,41.37
4490424,1020395,77.51
4490424,1020415,36.61
4490424,1020417,30.63
4490424,1020419,32.31
4490424,1020427,64.42
4490424,1020442,73.88
4490424,1020472,78.93
4490424,1020526,30.23
4490424,1020574,151.26
4490424,1020660,26.92
4490424,1020665,32.81
4490424,1020670,37.74
4490424,1020709,51.21
4490424,1020718,59.58
4490424,1020726,23.24
4490424,1020727,23.24
4490424,1020728,25.12
4490424,1020729,25.12
4490424,1020730,27.88
4490424,1020731,27.88
4490424,1020749,36.5
4490424,1020761,35.57
4490424,1020762,51.9
4490424,1020763,42.13
4490424,1020764,52.74
4490424,1020769,33.97
4490424,1020770,63.36
4490424,1020772,23.9
4490424,1020773,23.9
4490424,1020774,26
4490424,1020775,26
4490424,1020776,63.15
4490424,1020777,63.15
4490424,1020797,108.22
4490424,1020803,20.59
4490424,1020804,20.71
4490424,1020805,21.39
4490424,1020806,21.53
4490424,1020811,31.87
4490424,1020815,34.05
4490424,1020821,30.41
4490424,1020823,76.9
4490424,1020833,31.8
4490424,1020837,44.63
4490424,1020838,28.65
4490424,1020844,95.7
4490424,1020860,69.89
4490424,1020914,31.39
4490424,1020918,37.74
4490424,1020923,37.99
4490424,1020953,37.99
4490424,1020957,84.75
4490424,1020985,37.74
4490424,1020986,29.84
4490424,1020989,28.12
4490424,1021014,32.25
4490424,1021104,29.35
4490424,1021117,28.12
4490424,1021137,28.23
4490424,1021138,28.12
4490424,1021139,37.86
4490424,1021140,43.39
4490424,1021141,46.69
4490424,1021145,25.1
4490424,1021150,83.23
4490424,1021154,29.84
4490424,1021157,50.95
4490424,1021188,50.95
4490424,1021203,64.9
4490424,1021209,54.23
4490424,1021214,84.94
4490424,1021217,28.34
4490424,1021230,28.23
4490424,1021250,36.45
4490424,1021252,100.82
4490424,1021275,34.7
4490424,1021281,101.32
4490424,1021284,70.82
4490424,1021288,114.57
4490424,1021300,46.96
4490424,1021305,47.08
4490424,1021307,63.76
4490424,1021313,75.37
4490424,1021325,54.6
4490424,1021426,25.31
4490424,1021430,121.52
4490424,1021431,119.7
4490424,1021438,45.24
4490424,1021448,48.79
4490424,1021457,35.09
4490424,1021459,36.37
4490424,1021466,49.63
4490424,1021468,49.63
4490424,1021496,58.23
4490424,1021512,37.96
4490424,1021534,49.44
4490424,1021536,55.91
4490424,1021544,38.66
4490424,1021584,71.32
4490424,1021588,68.14
4490424,1021611,55.13
4490424,1021612,129.65
4490424,1021622,44.89
4490424,1021624,44.89
4490424,1021671,62.91
4490424,1021674,37.74
4490424,1021684,32.81
4490424,1021694,43.28
4490424,1021717,47.49
4490424,1021718,56.83
4490424,1021723,47.96
4490424,1021725,50.95
4490424,1021727,50.95
4490424,1021815,58
4490424,1021818,57.13
4490424,1021820,44.92
4490424,1021822,113.84
4490424,1021823,37.11
4490424,1021864,43.3
4490424,1021867,74.19
4490424,1021954,37.99
4490424,1021978,29.84
4490424,1021998,74.73
4490424,1022022,38.33
4490424,1022146,37.74
4490424,1022165,55.44
4490424,1022217,26.92
4490424,1022269,25.8
4490424,1022270,25.93
4490424,1022271,30.79
4490424,1022275,30.31
4490424,1022276,35.46
4490424,1022279,18.97
4490424,1022297,32.23
4490424,1022298,35.79
4490424,1022320,37.05
4490424,1022358,40.01
4490424,1022375,86.31
4490424,1022389,27.68
4490424,1022394,25.7
4490424,1022419,21.75
4490424,1022420,51.45
4490424,1022431,83.04
4490424,1022439,83.04
4490424,1022444,83.04
4490424,1022450,83.04
4490424,1022452,83.04
4490424,1022456,38.16
4490424,1022467,38.16
4490424,1022473,37.44
4490424,1022478,38.16
4490424,1022481,38.16
4490424,1022485,97.09
4490424,1022498,75.78
4490424,1022500,76.81
4490424,1022501,96.88
4490424,1022514,133.71
4490424,1022545,48.34
4490424,1022554,97.09
4490424,1022625,26.7
4490424,1022695,109.94
4490424,1022715,66
4490424,1022732,129.07
4490424,1022734,129.07
4490424,1022759,77.46
4490424,1022784,114.68
4490424,1022786,57
4490424,1022814,73.17
4490424,1022816,91.87
4490424,1022833,23.1
4490424,1022838,42.77
4490424,1022840,71.88
4490424,1022884,25.91
4490424,1022885,77.32
4490424,1022891,38.16
4490424,1022904,38.16
4490424,1022939,56.24
4490424,1022982,56.44
4490424,1022996,83.04
4490424,1023032,25.08
4490424,1023033,172.42
4490424,1023034,67.62
4490424,1023036,60.82
4490424,1023039,53.49
4490424,1023040,53.49
4490424,1023041,71.9
4490424,1023043,53.49
4490424,1023044,53.49
4490424,1023052,177.85
4490424,1023059,86.23
4490424,1023065,119.36
4490424,1023070,53.49
4490424,1023083,129.07
4490424,1023085,37.07
4490424,1023107,72.32
4490424,1023113,66.83
4490424,1023117,50.34
4490424,1023118,116.31
4490424,1023169,60.82
4490424,1023172,90.45
4490424,1023179,64.17
4490424,1023210,64.43
4490424,1023211,72.32
4490424,1023213,37.38
4490424,1023232,140.71
4490424,1023247,46.26
4490424,1023248,60.5
4490424,1023249,60.48
4490424,1023298,144.5
4490424,1023301,89.17
4490424,1023331,103.69
4490424,1023348,53.73
4490424,1023354,53.55
4490424,1023422,42.42
4490424,1023431,40.77
4490424,1023439,42.6
4490424,1023451,42.11
4490424,1023467,62.18
4490424,1023645,28.87
4490424,1023646,26.63
4490424,1023674,24.85
4490424,1023718,258.41
4490424,1023746,133.85
4490424,1023871,38.65
4490424,1023872,52.53
4490424,1023913,62.62
4490424,1023933,70.93
4490424,1023935,55.36
4490424,1023940,69.74
4490424,1023969,29.35
4490424,1024138,49.66
4490424,1024213,60.98
4490424,1024263,44.83
4490424,1024269,32.11
4490424,1024270,48.79
4490424,1024308,46.31
4490424,1024373,53.6
4490424,1024419,31.69
4490424,1024424,29.75
4490424,1024425,29.08
4490424,1024575,46.71
4490424,1024579,38.34
4490424,1024606,36.4
4490424,1024808,52.72
4490424,1024896,31.68
4490424,1025056,52.3
4490424,1025197,25.9
4490424,1025235,29.91
4490424,1025416,58.43
4490424,1025686,39.93
4490424,1025733,41.56
4490424,1025734,42.11
4490424,1025737,47.94
4490424,1025742,46.51
4490424,1025746,37.69
4490424,1025790,47.03
4490424,1025815,51.81
4490424,1025945,58.99
4490424,1025946,58.15
4490424,1025970,56.43
4490424,1026190,45.33
4490424,1026902,26.49
4490424,1026973,26.49
4490424,1026994,77.31
4490424,1027321,58.68
4490424,1027640,70.92
4490424,1027780,44.83
4490424,1027939,33.81
4490424,1028021,49.61
4490424,1028106,65.91
4490424,1028270,39.11
4490424,1028374,43.42
4490424,1028816,82.22
4490424,1028897,40.24
4490424,1028986,41.39
4490424,1028991,25.08
4490424,1028996,18.23
4490424,1028999,29.15
4490424,1029007,20.68
4490424,1029015,131.22
4490424,1029016,89.48
4490424,1029020,49.53
4490424,1029032,80.78
4490424,1029033,89.48
4490424,1029042,18.23
4490424,1029044,13.6
4490424,1029046,104.99
4490424,1029047,120.77
4490424,1029062,89.48
4490424,1029063,16.21
4490424,1029064,89.48
4490424,1029067,18.23
4490424,1029068,89.48
4490424,1029069,89.48
4490424,1029077,89.48
4490424,1029079,89.48
4490424,1029094,89.48
4490424,1029107,130.26
4490424,1029110,89.48
4490424,1029111,89.48
4490424,1029117,80.78
4490424,1029120,89.48
4490424,1029128,130.26
4490424,1029129,130.26
4490424,1029135,89.48
4490424,1029136,89.48
4490424,1029141,89.48
4490424,1029142,89.48
4490424,1029144,89.48
4490424,1029146,89.48
4490424,1029147,89.48
4490424,1029161,157.53
4490424,1029168,89.48
4490424,1029172,89.48
4490424,1029179,94.12
4490424,1029180,133.53
4490424,1029187,25.08
4490424,1029189,24.14
4490424,1029190,118.9
4490424,1029205,25.08
4490424,1029206,41.39
4490424,1029207,41.39
4490424,1029208,171.39
4490424,1029270,44.39
4490424,1029272,104.5
4490424,1029275,147.58
4490424,1029278,126.15
4490424,1029279,126.15
4490424,1029281,24.14
4490424,1029282,21.67
4490424,1029283,25.08
4490424,1029284,57.79
4490424,1029304,41.39
4490424,1029307,136.9
4490424,1029308,139.21
4490424,1029319,63.99
4490424,1029353,67.72
4490424,1029355,25.08
4490424,1029356,40.67
4490424,1029360,18.23
4490424,1029475,15.13
4490424,1029476,31.73
4490424,1029480,269.79
4490424,1029490,128.18
4490424,1029504,131.1
4490424,1029510,211.67
4490424,1029528,57.84
4490424,1029542,103.9
4490424,1029572,110.5
4490424,1029604,132.55
4490424,1029613,22.44
4490424,1029615,81.86
4490424,1029634,81.45
4490424,1029692,153.17
4490424,1029694,31.34
4490424,1029695,62.38
4490424,1029700,43.34
4490424,1029701,73.64
4490424,1029704,47.46
4490424,1029705,13.44
4490424,1029725,87.31
4490424,1029735,87.31
4490424,1029738,73.07
4490424,1029769,54.59
4490424,1029779,70.44
4490424,1029796,87.31
4490424,1029831,76.85
4490424,1029842,57.72
4490424,1029844,57.72
4490424,1029848,57.72
4490424,1029863,57.72
4490424,1029864,57.72
4490424,1029866,57.72
4490424,1029867,55.82
4490424,1029871,43.99
4490424,1029874,34.49
4490424,1029876,29.86
4490424,1029877,43.68
4490424,1029878,34.39
4490424,1029896,62.99
4490424,1029897,69.52
4490424,1029916,149.82
4490424,1029919,72.95
4490424,1029920,71.91
4490424,1029922,71.91
4490424,1029923,91.57
4490424,1029924,143.12
4490424,1029946,72.34
4490424,1029947,77.88
4490424,1029955,43.99
4490424,1029956,43.99
4490424,1029957,43.99
4490424,1029964,77.88
4490424,1029965,77.88
4490424,1029966,77.88
4490424,1029968,77.88
4490424,1029969,77.88
4490424,1029994,57.72
4490424,1029995,57.72
4490424,1030007,77.88
4490424,1030039,108.61
4490424,1030040,108.61
4490424,1030041,106.41
4490424,1030100,77.88
4490424,1030101,77.88
4490424,1030108,148.85
4490424,1030109,43.99
4490424,1030110,43.99
4490424,1030111,43.99
4490424,1030146,88.64
4490424,1030178,44.44
4490424,1030188,70.35
4490424,1030221,93.76
4490424,1030223,42.43
4490424,1030226,43.99
4490424,1030229,43.99
4490424,1030231,43.99
4490424,1030232,43.99
4490424,1030250,93.76
4490424,1030294,83.47
4490424,1030358,39.09
4490424,1030416,178.2
4490424,1030896,37.16
4490424,1030970,25.8
4490424,1031141,21.24
4490424,1031142,20.45
4490424,1031143,21.11
4490424,1031426,16.81
4490424,1031427,14.99
4490424,1031428,14.85
4490424,1031435,19.11
4490424,1031436,18.28
4490424,1031437,16.76
4490424,1031438,19.83
4490424,1031499,51.3
4490424,1031500,52.01
4490424,1031501,46.95
4490424,1031503,51.22
4490424,1031504,51.77
4490424,1031505,44.57
4490424,1031507,50.16
4490424,1031508,51.51
4490424,1031509,47.75
4490424,1031510,47.95
4490424,1031511,50.33
4490424,1031512,51.27
4490424,1031513,46.95
4490424,1031514,48.68
4490424,1031539,65.3
4490424,1031547,69.32
4490424,1031549,69.55
4490424,1031551,66.32
4490424,1031553,66.94
4490424,1032206,121.93
4490424,1032641,96.16
4490424,1032751,31.38
4490424,1032752,24.74
4490424,1032753,26.5
4490424,1032754,30.14
4490424,1032755,28.28
4490424,1032761,24.33
4490424,1032762,50.13
4490424,1032763,20.92
4490424,1032764,59.29
4490424,1032769,53.12
4490424,1032777,98.15
4490424,1032950,97.1
4490424,1033154,21.21
4490424,1033558,19.87
4490424,1033563,37.96
4490424,1033564,27.05
4490424,1033992,51
4490424,1033993,17.81
4490424,1033995,1.78
4490424,1034024,26.32
4490424,1034025,2.63
4490424,1034050,26.8
4490424,1034051,2.68
4490424,1034055,25.49
4490424,1034084,26.16
4490424,1034116,56.5
4490424,1034358,2.55
4490424,1039770,77.23
4490424,1039772,94.68
4490424,1039773,87.52
4490424,1039798,120.5
4490424,1039800,130.08
4490424,1039802,130.14
4490424,1039804,137.13
4490424,1039830,140.83
4490424,1039839,88.27
4490424,1039865,135.98
4490424,1039867,178.4
4490424,1039871,220.76
4490424,1039879,47.24
4490424,1039899,93.93
4490424,1039901,119.3
4490424,1039903,112.79
4490424,1039909,103.24
4490424,1040015,114.9
4490424,1040059,70.25
4490424,1040060,142.19
4490424,1040061,67.84
4490424,1040063,84.17
4490424,1040069,141.65
4490424,1040078,89.53
4490424,1040079,100.92
4490424,1040092,118.81
4490424,1040120,32.49
4490424,1040203,81.88
4490424,1040241,118.39
4490424,1040247,29.16
4490424,1040248,145.5
4490424,1040252,58.2
4490424,1040253,58.2
4490424,1040254,58.2
4490424,1040255,58.2
4490424,1040264,135.56
4490424,1040276,54.67
4490424,1040277,44.63
4490424,1040295,129.15
4490424,1040370,130.26
4490424,1040460,70.25
4490424,1040465,63.56
4490424,1040469,93.09
4490424,1040486,98.39
4490424,1040537,116.4
4490424,1040587,108.73
4490424,1040588,108.73
4490424,1040798,83.69
4490424,1040888,134.12
4490424,1040895,140.68
4490424,1040972,158.88
4490424,1041019,141.71
4490424,1041076,218.89
4490424,1041077,119.36
4490424,1041078,142.43
4490424,1041079,78.26
4490424,1041080,153.64
4490424,1041179,52.06
4490424,1041215,174.18
4490424,1041231,71.22
4490424,1041236,24.59
4490424,1041279,23.11
4490424,1041319,60.25
4490424,1041321,125.92
4490424,1042657,10.46
4490424,1042666,80.07
4490424,1042673,132.31
4490424,1042675,132.31
4490424,1042710,45.73
4490424,1042785,50.19
4490424,1042834,174.36
4490424,1042842,128.45
4490424,1043125,219.49
4490424,1043133,240.84
4490424,1043152,180.15
4490424,1043156,106.88
4490424,1043158,150.14
4490424,1043196,96.94
4490424,1043226,171.65
4490424,1043261,158.82
4490424,1043308,86.4
4490424,1043332,71.94
4490424,1043363,99.65
4490424,1043367,99.65
4490424,1043399,62.09
4490424,1043401,57.24
4490424,1043403,112
4490424,1043461,50.31
4490424,1043465,220.03
4490424,1043467,76.04
4490424,1043496,44.59
4490424,1043512,84.47
4490424,1043582,81.58
4490424,1043661,33.68
4490424,1043662,45.73
4490424,1043663,37.11
4490424,1043980,11.47
4490424,1043981,11.91
4490424,1043983,11.03
4490424,1043984,15.06
4490424,1043985,16.03
4490424,1043986,16.32
4490424,1043989,22.82
4490424,1044047,31.41
4490424,1044050,16.2
4490424,1044051,15.79
4490424,1044053,18.22
4490424,1044054,18.35
4490424,1044056,14.76
4490424,1044058,21.05
4490424,1044059,15.71
4490424,1044060,20.36
4490424,1044064,8.68
4490424,1044068,11.95
4490424,1044069,15.99
4490424,1044070,13.3
4490424,1044073,19.52
4490424,1044074,27.47
4490424,1044075,17.4
4490424,1044076,14.07
4490424,1044084,13.42
4490424,1044445,142.13
4490424,1044455,148.09
4490424,1044457,52.12
4490424,1044470,192.86
4490424,1044475,58.8
4490424,1044485,46.57
4490424,1044532,60.07
4490424,1044593,163.04
4490424,1044605,40.97
4490424,1044676,17.22
4490424,1044722,33.43
4490424,1044723,33.28
4490424,1044724,25.79
4490424,1044837,60.07
4490424,1044859,51.27
4490424,1044877,41.02
4490424,1044878,44.81
4490424,1044891,85.43
4490424,1044894,104.41
4490424,1044897,72.9
4490424,1044903,107.73
4490424,1044987,69.53
4490424,1045602,53.56
4490424,1045693,23.28
4490424,1045818,19.22
4490424,1045861,59.19
4490424,1045908,66.4
4490424,1045909,144.06
4490424,1045910,69.53
4490424,1045945,58.26
4490424,1045997,42.96
4490424,1045998,58.92
4490424,1046037,15.06
4490424,1046088,71.58
4490424,1046130,11.44
4490424,1046156,83.63
4490424,1046158,69.41
4490424,1046165,77.72
4490424,1046179,135.5
4490424,1046206,11.44
4490424,1046264,206.06
4490424,1046265,55.31
4490424,1046274,85.92
4490424,1046275,95.86
4490424,1046276,90.86
4490424,1046285,72.72
4490424,1046287,87.18
4490424,1046288,93.39
4490424,1046289,93.39
4490424,1046314,18.59
4490424,1046319,13.13
4490424,1046330,40.49
4490424,1046331,60.19
4490424,1046660,14.66
4490424,1046882,131.77
4490424,1046949,25.17
4490424,1047706,61.94
4490424,1047730,32.57
4490424,1047970,17.94
4490424,1048086,14.91
4490424,1048111,17.27
4490424,1048115,34.75
4490424,1048140,25.49
4490424,1048166,22.12
4490424,1048169,25.24
4490424,1048183,32.37
4490424,1048221,31.19
4490424,1048608,89.11
4490424,1048613,69.59
4490424,1048616,108.45
4490424,1048618,37.13
4490424,1048636,82.66
4490424,1048647,44.49
4490424,1048682,24.73
4490424,1048693,33.27
4490424,1048707,45.52
4490424,1048717,72.76
4490424,1048760,95.89
4490424,1048857,127.61
4490424,1048895,57.92
4490424,1048934,98.4
4490424,1048942,88.65
4490424,1049016,38.87
4490424,1049018,88.81
4490424,1049039,94.23
4490424,1049040,99.65
4490424,1049042,108.45
4490424,1049044,108.45
4490424,1049046,54.59
4490424,1049063,71.1
4490424,1049065,60.41
4490424,1049070,205.79
4490424,1049075,132.31
4490424,1049076,99.65
4490424,1049086,132.31
4490424,1049100,58.42
4490424,1049119,37.89
4490424,1049124,81.57
4490424,1049132,60.64
4490424,1049136,116.07
4490424,1049194,60.45
4490424,1049197,132.77
4490424,1049201,135.57
4490424,1049202,122.39
4490424,1049204,39.6
4490424,1049237,107.58
4490424,1049327,71.88
4490424,1049328,26.69
4490424,1049329,37.75
4490424,1049356,94.5
4490424,1049370,81.72
4490424,1049378,50.75
4490424,1049417,70.75
4490424,1049423,60.43
4490424,1049430,39.81
4490424,1049525,26.31
4490424,1049691,142.03
4490424,1049710,60.97
4490424,1049712,50.03
4490424,1049713,68.29
4490424,1049714,47.63
4490424,1049808,53.25
4490424,1049809,43.99
4490424,1049810,33.03
4490424,1049823,64.08
4490424,1049826,53.9
4490424,1049828,113.6
4490424,1050094,140.62
4490424,1050120,76.7
4490424,1050122,126.42
4490424,1050323,41.9
4490424,1050324,87.64
4490424,1050343,41.25
4490424,1050345,47.68
4490424,1050347,52.8
4490424,1050356,165
4490424,1050366,44.86
4490424,1050368,42.14
4490424,1050487,69.28
4490424,1050496,73.85
4490424,1064934,57.71
4490424,1064941,52.32
4490424,1065007,39.54
4490424,1065940,56.38
4490424,1066473,24.14
4490424,1066475,15.45
4490424,1066476,27.64
4490424,1066477,27.64
4490424,1066481,34.44
4490424,1066483,20.68
4490424,1066485,33.49
4490424,1066486,33.49
4490424,1066564,44.93
4490424,1069420,43.24
4490424,1069426,57.98
4490424,1072157,67.08
4490424,1115214,97.09
4490424,1115215,97.09
4490424,1115217,87.33
4490424,1116989,21.69
4490424,1117086,53.01
4490424,1117277,29.84
4490424,1117906,22
4490424,1117908,53.01
4490424,1117909,22.04
4490424,1117915,22
4490424,1117995,286.95
4490424,1118018,22.04
4490424,1118027,22.04
4490424,1118028,22.04
4490424,1118047,30
4490424,1118063,30.45
4490424,1118068,42.83
4490424,1118069,42.83
4490424,1118073,20.8
4490424,1118094,29.84
4490424,1118102,29.84
4490424,1118117,50.79
4490424,1118123,29.84
4490424,1118128,55.04
4490424,1118149,41.18
4490424,1118157,41.18
4490424,1118159,41.18
4490424,1118161,41.18
4490424,1118173,14.35
4490424,1118195,42.83
4490424,1118235,29.84
4490424,1118236,29.84
4490424,1118237,29.84
4490424,1118275,63.52
4490424,1118295,17.33
4490424,1118301,29.84
4490424,1118303,50.79
4490424,1118307,63.52
4490424,1118309,62.35
4490424,1118312,11.76
4490424,1118313,13.16
4490424,1118314,14.39
4490424,1118315,15.01
4490424,1118316,14.71
4490424,1118317,27.99
4490424,1118318,15.38
4490424,1118320,15.72
4490424,1118321,16.52
4490424,1118325,13.28
4490424,1118341,8.77
4490424,1118347,50.79
4490424,1118440,61.45
4490424,1118454,55.89
4490424,1118486,17.71
4490424,1118489,16.61
4490424,1118493,16.92
4490424,1118529,32.63
4490424,1118530,3.27
4490424,1118543,63.98
4490424,1118583,286.95
4490424,1118586,286.95
4490424,1118588,15.97
4490424,1118591,14.35
4490424,1118630,59.55
4490424,1119375,23.33
4490424,1119377,23.33
4490424,1119379,23.33
4490424,1119389,10.75
4490424,1119391,22
4490424,1119879,21.31
4490424,1119880,21.31
4490424,1119881,21.31
4490424,1119882,21.31
4490424,1119901,29.84
4490424,1120631,14.35
4490424,1120991,319.39
4490424,1121028,15.97
4490424,1121095,14.35
4490424,1121451,29.84
4490424,1121969,319.39
4490424,1122417,64.11
4490424,1122448,29.84
4490424,1122449,29.84
4490424,1122450,29.84
4490424,1122451,29.84
4490424,1122464,14.74
4490424,1123109,96.59
4490424,1123118,45.03
4490424,1123490,107.88
4490424,1123542,67.67
4490424,1124244,120.11
4490424,1125187,29.22
4490424,1136519,94.93
4490424,1137787,11.44
4490424,1139734,29.82
4490424,1140397,73.2
4490424,1140411,72.38
4490424,1140417,84.69
4490424,1140478,88.7
4490424,1141222,89.53
4490424,1141508,43.49
4490424,1141518,43.65
4490424,1141573,23.36
4490424,1141725,53.01
4490424,1141944,71.88
4490424,1142023,109.04
4490424,1142024,97.8
4490424,1142436,50.79
4490424,1142519,49.13
4490424,1143297,38.55
4490424,1143859,149.91
4490424,1143862,49.13
4490424,1143871,92.63
4490424,1143877,45.92
4490424,1143878,44.9
4490424,1143880,58.57
4490424,1143970,89.87
4490424,1143972,53
4490424,1143973,98.17
4490424,1143981,58.44
4490424,1144365,47.38
4490424,1144369,71.85
4490424,1144436,122.64
4490424,1144442,28.09
4490424,1144476,39.98
4490424,1144527,49.94
4490424,1144578,102.73
4490424,1144582,56.31
4490424,1144730,60.74
4490424,1144761,85.59
4490424,1145193,36.1
4490424,1145513,51.02
4490424,1145560,26.11
4490424,1145809,37.09
4490424,1145823,71.1
4490424,1146069,35.43
4490424,1146297,82.65
4490424,1146298,49.73
4490424,1146427,108.61
4490424,1146471,32.41
4490424,1146600,29.84
4490424,1146601,29.84
4490424,1146602,29.84
4490424,1146741,39.63
4490424,1146805,69.97
4490424,1146858,76.79
4490424,1147385,54.71
4490424,1147463,48.25
4490424,1147600,58.09
4490424,1147670,38.5
4490424,1147977,67.91
4490424,1148135,51.67
4490424,1148198,177
4490424,1148253,44.44
4490424,1148552,84.62
4490424,1148911,43.78
4490424,1149026,43.52
4490424,1149027,43.52
4490424,1149107,79.8
4490424,1149264,80.93
4490424,1149311,117.42
4490424,1149689,54.65
4490424,1149857,70.08
4490424,1150163,70.55
4490424,1150201,107.22
4490424,1150208,90.35
4490424,1150842,42.2
4490424,1150850,29.9
4490424,1150858,31.94
4490424,1150859,29.4
4490424,1150864,52.84
4490424,1150906,56.74
4490424,1151136,58.03
4490424,1151313,29.59
4490424,1151371,74.95
4490424,1151379,40.16
4490424,1151420,108.28
4490424,1151421,59.03
4490424,1151689,50.84
4490424,1151692,56.25
4490424,1151694,61.97
4490424,1151995,48.78
4490424,1152170,44.19
4490424,1152171,49.22
4490424,1152172,46.86
4490424,1152173,59.27
4490424,1152194,44.91
4490424,1152248,82.18
4490424,1152379,61.32
4490424,1152380,49.48
4490424,1152478,44.13
4490424,1152650,102.82
4490424,1152657,79.8
4490424,1152658,98.39
4490424,1152704,42.9
4490424,1153026,67.42
4490424,1153239,121.01
4490424,1153343,45.15
4490424,1153346,66.44
4490424,1153482,198.5
4490424,1153483,98.1
4490424,1153555,110.52
4490424,1153828,36.03
4490424,1153935,107.85
4490424,1154150,30.61
4490424,1154193,64.62
4490424,1154211,60.38
4490424,1154214,49.42
4490424,1154215,35.43
4490424,1154216,127.97
4490424,1154217,127.97
4490424,1154221,105.9
4490424,1154224,115.73
4490424,1154229,100.95
4490424,1154230,73.06
4490424,1154232,81.89
4490424,1154233,220.11
4490424,1154234,48.39
4490424,1154244,94.97
4490424,1154245,111.45
4490424,1154246,123.34
4490424,1154250,38.78
4490424,1154933,43.52
4490424,1154934,38.86
4490424,1155117,99.86
4490424,1155244,85.09
4490424,1155259,57.73
4490424,1155288,40.66
4490424,1155466,187.46
4490424,1155472,137.07
4490424,1155473,92.48
4490424,1155520,45.45
4490424,1155562,43.13
4490424,1155651,44.74
4490424,1156304,35.28
4490424,1156305,36.35
4490424,1156306,35.04
4490424,1156505,61.95
4490424,1156578,39.83
4490424,1156623,49.01
4490424,1156626,49.01
4490424,1156891,71.35
4490424,1157014,80.59
4490424,1157015,71.35
4490424,1157171,43.4
4490424,1157329,94.23
4490424,1157330,116.37
4490424,1157744,40.75
4490424,1157863,53.01
4490424,1157865,50.79
4490424,1157872,50.54
4490424,1157874,50.54
4490424,1157876,50.54
4490424,1157894,29.84
4490424,1157896,2.99
4490424,1157897,37.26
4490424,1158111,65.97
4490424,1158210,108.61
4490424,1158504,145.93
4490424,1158531,151.17
4490424,1158895,77.05
4490424,1159169,80.23
4490424,1159361,29.78
4490424,1159396,49.86
4490424,1159403,43.57
4490424,1159414,31.8
4490424,1159415,29.51
4490424,1159416,29.26
4490424,1159561,76.52
4490424,1159814,64.62
4490424,1160247,69.58
4490424,1160281,62.17
4490424,1160282,48.51
4490424,1160427,265.88
4490424,1160428,276.7
4490424,1160429,249.63
4490424,1160430,276.7
4490424,1160674,69.87
4490424,1160931,39.87
4490424,1161328,38.5
4490424,1161572,56.82
4490424,1161802,68.23
4490424,1161803,52.6
4490424,1162396,53.12
4490424,1162426,10.98
4490424,1162586,52.93
4490424,1162588,47.14
4490424,1162589,35.23
4490424,1162592,86.18
4490424,1162593,61.57
4490424,1162594,82.12
4490424,1162916,34.88
4490424,1163046,71.43
4490424,1163086,135.37
4490424,1163601,125.18
4490424,1163807,37.84
4490424,1163808,43.81
4490424,1163810,46.07
4490424,1163812,49.59
4490424,1163813,50.79
4490424,1163814,66.79
4490424,1164102,198.32
4490424,1164490,65.97
4490424,1164645,239.82
4490424,1164693,50.08
4490424,1165469,59.13
4490424,1165478,120.63
4490424,1165501,60.8
4490424,1165504,24.39
4490424,1165522,57.53
4490424,1165524,60.52
4490424,1165673,28.78
4490424,1165681,25.16
4490424,1165730,98.38
4490424,1165747,44.44
4490424,1165787,87.22
4490424,1166143,38.16
4490424,1166394,99.88
4490424,1166395,76.1
4490424,1166396,86.89
4490424,1166397,84.18
4490424,1166514,49.13
4490424,1166586,88.1
4490424,1166607,134.54
4490424,1166608,122.98
4490424,1166820,70.81
4490424,1166998,59.09
4490424,1167028,96.79
4490424,1167034,112.66
4490424,1167041,43.86
4490424,1167050,81.9
4490424,1167059,23.68
4490424,1167060,23.38
4490424,1167061,78.31
4490424,1167062,76.07
4490424,1167160,205.9
4490424,1167199,62.93
4490424,1167201,97.38
4490424,1167335,164.98
4490424,1167481,77.32
4490424,1167605,83.04
4490424,1167672,83.04
4490424,1167802,25.91
4490424,1167816,38.16
4490424,1167836,38.16
4490424,1167837,140.88
4490424,1167854,52.22
4490424,1167998,111.62
4490424,1168025,58.54
4490424,1168320,101.88
4490424,1168433,122.49
4490424,1168450,40.66
4490424,1168589,83.04
4490424,1168669,38.16
4490424,1168670,38.16
4490424,1168707,38.16
4490424,1168765,83.04
4490424,1168789,77.11
4490424,1168793,80.1
4490424,1168795,108.05
4490424,1168872,29.84
4490424,1169052,42.85
4490424,1169055,39.28
4490424,1169059,65.34
4490424,1169154,38.16
4490424,1169155,38.16
4490424,1169156,38.16
4490424,1169157,38.16
4490424,1169158,38.16
4490424,1169160,38.16
4490424,1169161,38.16
4490424,1169162,38.16
4490424,1169164,38.16
4490424,1169165,38.16
4490424,1169166,38.16
4490424,1169167,38.16
4490424,1169169,47.31
4490424,1169170,47.31
4490424,1169173,56.44
4490424,1169174,83.04
4490424,1169175,83.04
4490424,1169176,83.04
4490424,1169177,83.04
4490424,1169178,83.04
4490424,1169180,83.04
4490424,1169181,83.04
4490424,1169182,83.04
4490424,1169183,83.04
4490424,1169184,83.04
4490424,1169185,83.04
4490424,1169186,83.04
4490424,1169187,83.04
4490424,1169188,83.04
4490424,1169190,94.65
4490424,1169191,103.35
4490424,1169192,85.02
4490424,1169193,114.68
4490424,1169194,172.42
4490424,1169209,140.09
4490424,1169210,113.35
4490424,1169231,90.35
4490424,1169261,25.59
4490424,1169262,26.78
4490424,1169264,32.73
4490424,1169265,44.87
4490424,1169266,42.5
4490424,1169651,32.03
4490424,1169824,62.42
4490424,1169860,27.5
4490424,1169868,27.22
4490424,1169869,27.82
4490424,1169870,31.6
4490424,1169871,29.4
4490424,1169872,38.01
4490424,1170292,40.64
4490424,1170384,49.43
4490424,1170538,66.43
4490424,1170539,74.08
4490424,1170687,33.81
4490424,1170742,35.04
4490424,1170811,108.4
4490424,1170874,11.44
4490424,1170876,11.44
4490424,1170879,11.44
4490424,1170881,11.44
4490424,1170887,45.13
4490424,1171052,24.97
4490424,1171821,95.64
4490424,1172201,30.04
4490424,1172202,30.31
4490424,1172241,31.27
4490424,1172431,66.52
4490424,1172608,39.62
4490424,1172662,54.12
4490424,1172697,24.43
4490424,1173036,50.96
4490424,1173226,45.8
4490424,1173459,78.67
4490424,1173683,29.63
4490424,1173902,80.86
4490424,1173943,26.52
4490424,1174753,45.2
4490424,1175285,33.23
4490424,1175286,47.27
4490424,1175287,74.32
4490424,1175338,103.69
4490424,1175680,88.6
4490424,1175724,121.96
4490424,1175778,33.66
4490424,1175789,73.02
4490424,1175944,33.27
4490424,1175949,17.36
4490424,1176135,38.34
4490424,1176136,45.6
4490424,1176347,40.79
4490424,1176411,84.08
4490424,1176734,27.63
4490424,1176807,78.05
4490424,1176897,43.79
4490424,1177035,38.43
4490424,1177075,195.02
4490424,1177105,50.47
4490424,1177122,58.49
4490424,1177123,31.15
4490424,1177124,35.46
4490424,1177391,59.41
4490424,1177392,71.93
4490424,1177404,40.13
4490424,1177528,63.87
4490424,1177674,350.53
4490424,1177681,118.21
4490424,1177746,60.05
4490424,1179791,23.33
4490424,1179793,29.17
4490424,1179796,70.79
4490424,1179797,19.01
4490424,1179798,40.91
4490424,1179801,49.56
4490424,1179802,49.56
4490424,1179803,49.56
4490424,1179923,48.51
4490424,1179924,40.61
4490424,1179955,26.15
4490424,1179956,34.41
4490424,1180506,35.44
4490424,1180514,97.18
4490424,1180814,79.96
4490424,1181009,60.82
4490424,1181050,85.37
4490424,1181527,46.19
4490424,1181528,46.19
4490424,1181619,38.85
4490424,1181784,46.19
4490424,1181856,67.3
4490424,1182245,79.8
4490424,1183371,115.4
4490424,1183739,45.71
4490424,1183751,45.49
4490424,1183752,45.38
4490424,1183805,105.84
4490424,1183806,105.84
4490424,1183808,111.41
4490424,1183820,103.44
4490424,1184037,108.41
4490424,1184823,1.21
4490424,1184843,61.39
4490424,1184888,60.82
4490424,1185188,52.01
4490424,1185465,48.33
4490424,1185826,130.38
4490424,1185922,90.4
4490424,1186172,93.81
4490424,1188342,46.73
4490424,1188344,34.31
4490424,1188537,105.63
4490424,1188603,31.15
4490424,1189235,22.03
4490424,1189237,37.75
4490424,1189238,24.26
4490424,1189292,69.41
4490424,1189293,69.41
4490424,1189294,69.41
4490424,1189296,23.23
4490424,1189297,16.4
4490424,1189298,27.06
4490424,1189299,35.14
4490424,1189318,58.04
4490424,1189347,17.23
4490424,1189395,41.36
4490424,1189396,40.91
4490424,1189400,83.01
4490424,1189404,18.12
4490424,1189409,18.26
4490424,1190404,89.62
4490424,1190465,80
4490424,1191280,111.41
4490424,1191379,28.22
4490424,1192176,59.8
4490424,1192323,46.9
4490424,1192324,46.54
4490424,1192325,51.91
4490424,1192326,51.98
4490424,1192327,105.84
4490424,1192328,111.41
4490424,1192331,30.55
4490424,1192338,48.54
4490424,1194196,41.33
4490424,1194381,44.68
4490424,1194621,135.91
4490424,1194894,54.64
4490424,1196362,62.08
4490424,1196365,14.82
4490424,1196627,84.99
4490424,1196645,8.6
4490424,1196682,74.37
4490424,1196750,36.07
4490424,1196912,60.8
4490424,1197418,73.97
4490424,1197579,62.84
4490424,1197722,62.32
4490424,1198290,28.58
4490424,1198291,28.58
4490424,1198292,28.58
4490424,1198621,102.97
4490424,1198780,42.28
4490424,1198862,28.79
4490424,1198984,84.23
4490424,1199773,47.38
4490424,1199787,117.42
4490424,1199789,200.69
4490424,1199800,108.4
4490424,1199903,43.32
4490424,1199980,21.96
4490424,1200254,11.54
4490424,1200299,75.64
4490424,1200418,56.44
4490424,1200588,93.89
4490424,1200846,124.55
4490424,1201046,74.69
4490424,1201457,14.12
4490424,1202532,97.54
4490424,1202625,50.31
4490424,1202626,47.31
4490424,1202644,98.38
4490424,1202853,101.33
4490424,1203044,77.98
4490424,1203333,30.31
4490424,1203405,92.63
4490424,1203456,80.55
4490424,1203458,80.43
4490424,1203597,34.74
4490424,1203719,167.5
4490424,1203897,42.91
4490424,1204036,27.86
4490424,1204261,88.8
4490424,1204262,73.06
4490424,1204263,80.86
4490424,1204320,49.8
4490424,1204734,60.3
4490424,1204907,68.08
4490424,1204909,28.74
4490424,1205162,46.67
4490424,1205367,49.13
4490424,1206016,80.01
4490424,1206116,42.57
4490424,1206120,94.73
4490424,1206169,42.98
4490424,1206170,39.33
4490424,1206354,28.62
4490424,1206355,74.11
4490424,1206520,1.21
4490424,1206567,109.41
4490424,1206683,14.4
4490424,1206707,36.04
4490424,1206708,27.21
4490424,1206881,79.25
4490424,1206948,28.64
4490424,1206955,62.07
4490424,1206969,114.46
4490424,1206971,43.61
4490424,1206972,50.61
4490424,1207013,171.33
4490424,1207014,214.82
4490424,1207040,62.59
4490424,1207041,31.32
4490424,1207191,74.11
4490424,1207193,96.79
4490424,1207206,65.31
4490424,1207250,92.53
4490424,1207251,117.69
4490424,1207252,159
4490424,1207267,76.58
4490424,1207272,48.71
4490424,1207273,47.97
4490424,1207304,24.21
4490424,1207345,16.86
4490424,1207449,61.5
4490424,1207453,60.72
4490424,1207487,36.01
4490424,1207577,20.05
4490424,1207580,66.89
4490424,1207582,65.19
4490424,1207607,132.14
4490424,1207669,40.5
4490424,1207788,9.12
4490424,1207791,80
4490424,1207828,56.02
4490424,1207961,74.88
4490424,1207962,76.54
4490424,1207963,42.14
4490424,1208137,48.37
4490424,1208160,120.52
4490424,1208299,32.33
4490424,1208300,59.65
4490424,1208326,144.06
4490424,1208456,100.92
4490424,1208579,72.16
4490424,1208617,246.15
4490424,1208635,32.23
4490424,1208636,28.2
4490424,1208640,79.23
4490424,1208691,105.39
4490424,1208828,56.59
4490424,1208889,88.03
4490424,1208897,80.13
4490424,1208956,43.9
4490424,1209100,1.21
4490424,1209363,34.1
4490424,1209415,101.46
4490424,1209417,118.21
4490424,1209453,133.94
4490424,1209638,109.1
4490424,1209955,90.1
4490424,1210511,65.32
4490424,1210575,104.71
4490424,1210599,51.75
4490424,1210600,36.28
4490424,1210614,18.18
4490424,1210628,45.14
4490424,1210640,125.18
4490424,1210659,67.76
4490424,1210751,82.63
4490424,1210829,77.3
4490424,1210830,35.91
4490424,1210838,40.99
4490424,1210998,55.94
4490424,1211196,95.98
4490424,1211300,47.83
4490424,1211440,63.54
4490424,1211721,26.43
4490424,1211722,26.04
4490424,1211723,38.92
4490424,1211903,48.38
4490424,1211917,45.89
4490424,1211927,230.06
4490424,1211968,54.2
4490424,1213185,42.98
4490424,1213347,48.01
4490424,1213488,80.47
4490424,1213896,28.64
4490424,1213898,28.64
4490424,1214048,36.99
4490424,1214239,107.67
4490424,1214250,254.98
4490424,1214255,230.62
4490424,1214477,40.91
4490424,1214651,45.36
4490424,1214823,40.44
4490424,1214966,84.98
4490424,1215001,31.28
4490424,1215109,90.09
4490424,1215272,54.7
4490424,1215580,44.79
4490424,1215604,33.64
4490424,1215656,88.33
4490424,1215681,77.19
4490424,1215734,104.9
4490424,1216120,110.04
4490424,1216231,33.33
4490424,1216591,91.66
4490424,1216824,1.21
4490424,1217147,78.37
4490424,1217304,29.57
4490424,1217711,54.16
4490424,1217933,152.88
4490424,1218114,57.03
4490424,1218145,77.19
4490424,1218198,114.68
4490424,1218262,74.59
4490424,1218269,46.33
4490424,1218555,52.39
4490424,1218835,69.78
4490424,1218860,68.72
4490424,1218896,55.02
4490424,1218938,109.66
4490424,1219128,230.62
4490424,1219675,55.4
4490424,1220552,60.11
4490424,1220723,25.96
4490424,1220796,72.84
4490424,1221085,171.53
4490424,1221316,65.24
4490424,1221782,45.71
4490424,1222223,53.27
4490424,1222477,5.09
4490424,1222492,53.35
4490424,1222635,41.26
4490424,1223342,58.78
4490424,1223350,69.56
4490424,1223384,104.67
4490424,1223390,75.73
4490424,1224222,49.84
4490424,1224450,61.67
4490424,1225248,103.28
4490424,1225646,53.2
4490424,1225710,118.93
4490424,1226068,53.49
4490424,1226191,159.84
4490424,1226217,1.21
4490424,1226683,102.06
4490424,1226687,78.77
4490424,1226689,103.36
4490424,1226694,97.26
4490424,1226696,103.99
4490424,1226699,72.73
4490424,1226700,78.36
4490424,1226989,114.9
4490424,1227049,59.27
4490424,1227654,80.35
4490424,1227838,84.93
4490424,1227859,69.87
4490424,1227992,78.16
4490424,1228201,47.34
4490424,1228379,177.03
4490424,1228436,60.35
4490424,1228636,75.7
4490424,1228700,67.64
4490424,1228974,64.78
4490424,1229006,73.24
4490424,1229163,65
4490424,1229222,148.58
4490424,1229519,93.76
4490424,1229763,30.46
4490424,1229969,32.47
4490424,1229982,114.38
4490424,1230272,111.62
4490424,1230754,167.5
4490424,1230834,29.51
4490424,1230839,98.77
4490424,1230936,37.42
4490424,1230962,31.31
4490424,1230970,58.03
4490424,1231037,167.5
4490424,1231086,63.02
4490424,1231119,83.93
4490424,1231197,42.71
4490424,1231225,37.22
4490424,1231257,27.78
4490424,1231329,46.51
4490424,1231364,62.1
4490424,1231399,32.1
4490424,1231521,43.78
4490424,1231701,56.37
4490424,1231737,23.33
4490424,1231799,94.74
4490424,1231899,98.58
4490424,1232016,51.85
4490424,1232142,119.54
4490424,1232169,28.23
4490424,1232451,43.45
4490424,1232532,45.55
4490424,1232554,74.29
4490424,1232562,29.79
4490424,1232672,44.44
4490424,1232896,38.01
4490424,1233016,32.07
4490424,1233026,102.35
4490424,1233272,28.5
4490424,1233395,33.72
4490424,1233396,40.66
4490424,1233397,40.57
4490424,1233398,33.91
4490424,1233399,42.36
4490424,1233400,58.65
4490424,1233401,29.79
4490424,1233403,46.91
4490424,1233404,60.52
4490424,1233407,55.62
4490424,1233408,110.32
4490424,1233805,122.64
4490424,1233823,79.37
4490424,1233833,70.08
4490424,1233900,254.98
4490424,1233955,42.63
4490424,1233982,99.08
4490424,1234113,26.26
4490424,1234116,27.64
4490424,1234125,31.06
4490424,1234326,32.07
4490424,1234881,49.03
4490424,1234884,117.25
4490424,1235018,31.4
4490424,1235121,52.96
4490424,1235875,83.02
4490424,1235886,49.66
4490424,1236025,29.87
4490424,1236150,46.57
4490424,1236151,31.27
4490424,1236283,29.53
4490424,1236351,50.86
4490424,1236384,74.96
4490424,1236432,76
4490424,1236626,57.35
4490424,1237249,52.28
4490424,1237255,44.81
4490424,1237284,79.88
4490424,1237420,41.48
4490424,1237811,102.82
4490424,1237868,167.5
4490424,1237939,61.64
4490424,1237954,47.73
4490424,1238016,42.89
4490424,1238079,46.07
4490424,1238210,37.61
4490424,1238572,101.23
4490424,1238619,158.92
4490424,1238624,19.65
4490424,1238821,117.42
4490424,1239237,32.11
4490424,1239758,28.64
4490424,1239820,88.72
4490424,1239870,18.23
4490424,1240070,57.04
4490424,1240076,39.7
4490424,1240471,43.75
4490424,1240480,48.67
4490424,1240665,53.44
4490424,1240934,34.97
4490424,1240935,37.82
4490424,1240937,34.81
4490424,1241028,63.96
4490424,1241192,45.14
4490424,1241430,106.03
4490424,1241489,38.73
4490424,1241495,31.7
4490424,1241496,31.7
4490424,1241497,23.93
4490424,1241499,53.35
4490424,1241532,59.39
4490424,1241620,63.84
4490424,1241733,55.01
4490424,1241766,83.75
4490424,1241937,84.74
4490424,1241938,71.18
4490424,1241984,80.23
4490424,1242344,18
4490424,1242388,116.4
4490424,1242432,89.75
4490424,1243086,51.41
4490424,1243222,22.5
4490424,1243294,95.27
4490424,1243660,109.34
4490424,1243704,32.26
4490424,1243825,63.84
4490424,1243969,115.37
4490424,1244146,50.97
4490424,1244225,109.1
4490424,1244261,48.1
4490424,1244262,48.1
4490424,1244263,48.1
4490424,1244264,48.1
4490424,1244450,67.12
4490424,1244503,118.49
4490424,1244725,66.73
4490424,1244778,62.35
4490424,1244908,88.64
4490424,1245105,42.8
4490424,1245162,67.12
4490424,1245218,34.11
4490424,1245220,26.58
4490424,1245221,32.23
4490424,1245232,68.2
4490424,1245316,70.44
4490424,1245429,98.8
4490424,1245567,30.02
4490424,1246222,37.17
4490424,1246278,82.29
4490424,1246402,49.84
4490424,1246429,52.74
4490424,1246521,115.66
4490424,1247427,89.77
4490424,1247509,49.71
4490424,1247512,27.47
4490424,1247565,51.89
4490424,1247712,115.02
4490424,1247743,70.63
4490424,1247762,32.76
4490424,1247763,36.2
4490424,1248032,72.37
4490424,1248076,30.25
4490424,1248224,1.21
4490424,1248262,76.85
4490424,1248321,53.85
4490424,1248453,79.84
4490424,1248480,49.92
4490424,1248764,88.25
4490424,1248799,68.83
4490424,1248955,98.14
4490424,1249975,29.68
4490424,1250798,48.34
4490424,1250868,14.79
4490424,1251096,72.9
4490424,1251267,100.58
4490424,1251288,106.41
4490424,1251343,64.42
4490424,1251611,69.02
4490424,1251613,76.85
4490424,1251614,97.11
4490424,1251615,74.11
4490424,1251616,74.11
4490424,1251617,74.11
4490424,1251851,69.02
4490424,1251971,82.8
4490424,1252235,69.02
4490424,1252237,97.11
4490424,1252348,50.66
4490424,1253475,69.23
4490424,1253560,64.2
4490424,1253732,35.2
4490424,1253749,75.38
4490424,1253814,53.16
4490424,1254403,43.98
4490424,1254516,84.71
4490424,1254646,62.72
4490424,1254721,96.42
4490424,1254780,36.5
4490424,1254791,62.27
4490424,1254794,65
4490424,1254800,73.32
4490424,1254813,116.46
4490424,1254928,100.17
4490424,1254933,66.6
4490424,1254934,44.46
4490424,1254940,43.7
4490424,1254947,73.47
4490424,1254948,51.53
4490424,1254951,43.88
4490424,1254953,37.15
4490424,1254967,47.86
4490424,1254968,54.89
4490424,1254970,54.64
4490424,1254986,32.56
4490424,1254989,46.09
4490424,1254992,40.71
4490424,1255178,52.12
4490424,1255210,32.54
4490424,1255449,47
4490424,1255450,35.97
4490424,1256035,60.8
4490424,1256082,106.35
4490424,1256096,69.02
4490424,1256321,69.99
4490424,1256447,55.92
4490424,1256900,57.61
4490424,1256906,79.55
4490424,1257025,98.24
4490424,1257046,128.73
4490424,1257139,61.43
4490424,1257256,164.04
4490424,1257387,15.05
4490424,1257704,82.77
4490424,1257764,39.34
4490424,1258149,107.23
4490424,1258258,110.81
4490424,1258414,6.08
4490424,1258438,79.2
4490424,1259067,70.23
4490424,1259338,87.99
4490424,1259353,128.61
4490424,1259428,70.67
4490424,1259588,68.49
4490424,1259828,40.91
4490424,1259929,63.93
4490424,1260002,55.59
4490424,1260922,40.32
4490424,1261014,57.9
4490424,1261122,83.83
4490424,1261124,87.48
4490424,1261893,75.08
4490424,1261931,75.08
4490424,1261934,77.29
4490424,1261970,84.82
4490424,1262418,57.03
4490424,1262488,75.38
4490424,1262490,121.96
4490424,1262608,100.04
4490424,1263222,114.81
4490424,1263291,155.45
4490424,1263333,47.56
4490424,1263352,73.64
4490424,1263371,89.48
4490424,1263473,57.03
4490424,1263760,78.79
4490424,1264001,40.3
4490424,1264327,6.08
4490424,1264419,33.26
4490424,1264710,49.46
4490424,1264711,49.46
4490424,1265102,49.46
4490424,1265103,49.46
4490424,1265127,140.14
4490424,1265155,49.19
4490424,1265273,112.77
4490424,1265883,103.74
4490424,1265884,79.11
4490424,1266335,62.37
4490424,1266336,71.88
4490424,1266445,86.1
4490424,1266684,115.5
4490424,1266746,63.87
4490424,1266890,27.18
4490424,1267034,70.67
4490424,1267097,56.89
4490424,1267120,40.07
4490424,1267147,22.5
4490424,1267215,69.02
4490424,1267241,54.37
4490424,1267422,42.9
4490424,1267886,65.09
4490424,1267905,37.75
4490424,1268100,65.15
4490424,1268101,65.15
4490424,1268104,57.03
4490424,1268105,57.03
4490424,1268108,42.43
4490424,1268109,57.03
4490424,1268153,22.5
4490424,1268154,28.26
4490424,1268246,77.53
4490424,1268728,39.49
4490424,1268908,66.67
4490424,1269196,84.77
4490424,1269198,117.84
4490424,1269199,66.62
4490424,1269200,104.16
4490424,1269201,106.7
4490424,1269203,48.94
4490424,1269204,112.49
4490424,1269205,70.84
4490424,1269206,117.86
4490424,1269207,57.65
4490424,1269209,56.82
4490424,1269211,56.78
4490424,1269212,118.63
4490424,1269213,62.24
4490424,1269214,60.44
4490424,1269215,106.7
4490424,1269219,39.69
4490424,1269220,85.06
4490424,1269222,37.62
4490424,1269225,90.92
4490424,1269299,96.73
4490424,1269720,76.59
4490424,1269721,36.46
4490424,1269885,37.26
4490424,1270102,69.02
4490424,1270104,54.44
4490424,1270125,84.57
4490424,1270265,98.07
4490424,1270354,61.32
4490424,1270409,31.98
4490424,1270535,31.98
4490424,1270679,86.1
4490424,1270836,55.07
4490424,1271123,42.16
4490424,1271202,89.8
4490424,1271530,51.85
4490424,1271718,24.17
4490424,1272033,128.56
4490424,1272123,86.1
4490424,1272124,89.75
4490424,1272417,69.99
4490424,1272454,98.86
4490424,1272466,169.97
4490424,1272467,159.66
4490424,1272522,106.16
4490424,1272554,29.84
4490424,1272555,37.26
4490424,1272556,37.26
4490424,1272558,55.8
4490424,1272559,48.1
4490424,1272560,48.1
4490424,1272561,48.1
4490424,1272562,31.7
4490424,1272648,59.6
4490424,1272720,57.3
4490424,1272808,62.14
4490424,1272964,39.66
4490424,1273073,72.7
4490424,1273089,98.86
4490424,1273093,98.86
4490424,1273107,43.28
4490424,1273341,71.43
4490424,1273524,69.02
4490424,1273698,74.11
4490424,1273898,18.46
4490424,1273899,17.16
4490424,1273900,17.88
4490424,1273901,17.73
4490424,1273902,17.22
4490424,1274253,10.46
4490424,1274276,87.12
4490424,1274543,48.98
4490424,1274793,53.73
4490424,1275077,60.72
4490424,1275279,63.08
4490424,1275399,72.52
4490424,1275628,75.4
4490424,1275630,73.91
4490424,1275887,64.94
4490424,1276002,86.33
4490424,1276351,27.18
4490424,1276352,27.18
4490424,1276353,26.27
4490424,1276727,82.16
4490424,1276728,94.21
4490424,1276729,92.74
4490424,1278471,35.08
4490424,1278711,117.01
4490424,1278814,38.19
4490424,1278966,59.41
4490424,1279016,50.04
4490424,1279017,50.04
4490424,1279208,30.17
4490424,1280408,86.29
4490424,1281597,89.75
4490424,1282187,91.66
4490424,1282371,74.11
4490424,1282757,65.06
4490424,1282899,49.84
4490424,1282906,164.04
4490424,1283015,37.03
4490424,1283429,42.43
4490424,1283511,52.14
4490424,1283715,62.89
4490424,1283981,86.29
4490424,1284060,35.84
4490424,1284061,163.65
4490424,1284062,89.81
4490424,1284238,50.75
4490424,1284287,44.65
4490424,1284496,49.84
4490424,1284961,54.39
4490424,1285114,51.68
4490424,1285115,56.34
4490424,1285119,36.9
4490424,1285144,84.35
4490424,1285161,42.07
4490424,1285162,47.46
4490424,1285282,81.83
4490424,1285805,72.83
4490424,1286676,33.74
4490424,1287162,66.25
4490424,1287317,81.19
4490424,1287508,127.28
4490424,1287528,21.02
4490424,1287822,119.08
4490424,1288521,91.18
4490424,1289079,18.93
4490424,1289080,57.03
4490424,1289387,69.42
4490424,1290066,58.2
4490424,1290099,30.55
4490424,1290561,50.94
4490424,1290577,19.28
4490424,1290842,34.99
4490424,1290849,28.74
4490424,1290852,48.16
4490424,1291396,79.67
4490424,1291397,81.83
4490424,1291517,65
4490424,1291672,182.98
4490424,1291687,304.89
4490424,1291742,48.49
4490424,1292084,52.26
4490424,1292626,108.61
4490424,1292867,24.56
4490424,1293052,42.43
4490424,1293300,38.15
4490424,1293424,64.8
4490424,1293793,24.63
4490424,1293796,24.44
4490424,1293816,19.58
4490424,1293850,160.46
4490424,1293878,27.4
4490424,1294229,86.29
4490424,1294287,79.8
4490424,1295627,58.91
4490424,1295723,286.95
4490424,1296036,42.43
4490424,1296119,47.33
4490424,1296122,49.57
4490424,1296384,69.02
4490424,1296497,51.65
4490424,1296717,79.8
4490424,1296805,43.56
4490424,1297870,14.16
4490424,1297871,13.34
4490424,1298195,33
4490424,1298216,81.99
4490424,1298982,27.8
4490424,1299292,33.9
4490424,1299438,24.53
4490424,1299635,50.57
4490424,1300064,61.17
4490424,1300245,52.24
4490424,1300247,53.93
4490424,1300648,13.22
4490424,1301058,163.13
4490424,1301189,44.61
4490424,1302074,50.17
4490424,1302244,47.79
4490424,1302261,42.61
4490424,1302323,53.43
4490424,1302385,50.57
4490424,1302573,93.34
4490424,1303246,38.98
4490424,1303268,83.04
4490424,1303449,94.94
4490424,1303622,58.37
4490424,1303623,61.61
4490424,1303628,95.41
4490424,1303808,64.46
4490424,1303964,50.17
4490424,1304110,42.42
4490424,1304271,4.81
4490424,1304573,117.17
4490424,1304700,146.83
4490424,1304766,82.84
4490424,1304853,74.58
4490424,1304972,60.13
4490424,1305085,89.75
4490424,1305300,53.55
4490424,1305384,55.72
4490424,1305414,52.24
4490424,1305596,55.72
4490424,1305791,56.57
4490424,1305792,37.03
4490424,1305805,159.69
4490424,1305826,55.72
4490424,1305841,79.71
4490424,1305845,50.57
4490424,1305991,50.26
4490424,1306001,55.72
4490424,1306059,48.2
4490424,1306162,55.72
4490424,1306360,36.8
4490424,1306503,70.12
4490424,1306506,59.21
4490424,1306511,30.48
4490424,1306705,62.27
4490424,1306728,36.75
4490424,1306743,31.87
4490424,1306770,45.5
4490424,1306774,69.81
4490424,1307122,58.67
4490424,1307705,4.81
4490424,1307706,4.81
4490424,1307761,93.34
4490424,1307901,49.84
4490424,1308055,106.28
4490424,1308153,128.54
4490424,1308161,88.27
4490424,1308166,28.15
4490424,1308186,77.54
4490424,1308190,78.31
4490424,1308225,56.96
4490424,1308417,69.71
4490424,1308598,35.67
4490424,1308855,117.42
4490424,1309356,49.38
4490424,1309848,79.8
4490424,1309937,55.72
4490424,1310288,164.04
4490424,1310705,55.72
4490424,1311627,58.15
4490424,1311918,20.23
4490424,1312213,35.08
4490424,1312386,51.85
4490424,1312600,242
4490424,1312651,73.91
4490424,1312786,55.72
4490424,1312872,55.72
4490424,1312914,62.06
4490424,1312939,110.28
4490424,1313161,50.4
4490424,1313390,53.72
4490424,1313393,88.46
4490424,1313584,100.26
4490424,1313976,32.87
4490424,1314062,37.55
4490424,1314063,34.81
4490424,1314260,17.35
4490424,1314565,56.13
4490424,1314682,39.28
4490424,1314936,30.02
4490424,1315055,38.38
4490424,1315235,126.07
4490424,1315302,79.8
4490424,1315529,68.72
4490424,1315612,39.62
4490424,1315710,100.18
4490424,1315822,51.66
4490424,1315984,43.13
4490424,1316141,139.96
4490424,1317123,18.18
4490424,1317124,18.18
4490424,1317125,18.18
4490424,1317126,18.18
4490424,1317127,18.18
4490424,1317128,18.18
4490424,1317129,18.18
4490424,1317643,32.43
4490424,1317668,111.25
4490424,1317674,141.26
4490424,1318235,48.1
4490424,1318538,30.02
4490424,1319171,77
4490424,1319522,117.56
4490424,1319523,128.69
4490424,1319524,140.78
4490424,1319525,157.54
4490424,1319816,26.46
4490424,1319847,90.97
4490424,1319850,82.72
4490424,1319982,34.16
4490424,1320131,80.92
4490424,1320672,39.1
4490424,1320798,22.5
4490424,1320991,107.16
4490424,1321151,21.92
4490424,1321164,92.63
4490424,1321245,79.05
4490424,1321430,55.08
4490424,1321510,71.63
4490424,1321786,125.71
4490424,1322125,71.72
4490424,1322193,14.54
4490424,1322601,73.49
4490424,1322689,92.44
4490424,1323600,64.66
4490424,1323990,174.98
4490424,1323993,44.62
4490424,1323996,55.51
4490424,1324264,209.49
4490424,1324265,82.12
4490424,1324436,94.75
4490424,1324473,188.35
4490424,1324639,75.16
4490424,1325710,47.15
4490424,1326034,169.64
4490424,1326073,94.97
4490424,1326208,32.23
4490424,1326382,61.9
4490424,1326447,51.97
4490424,1326661,46.36
4490424,1326970,71.06
4490424,1328062,52.21
4490424,1328351,55.29
4490424,1328839,93.21
4490424,1328849,41.22
4490424,1328961,80.07
4490424,1328963,40.4
4490424,1329062,85.29
4490424,1329212,87.22
4490424,1329723,64.42
4490424,1330428,56.94
4490424,1330876,35.07
4490424,1330879,48
4490424,1331071,95.21
4490424,1331159,33.34
4490424,1331465,61.02
4490424,1331620,85.37
4490424,1331910,62.5
4490424,1331996,89.74
4490424,1332228,165.92
4490424,1332304,62.5
4490424,1332409,50.92
4490424,1332637,97.23
4490424,1332717,73.54
4490424,1333996,68.15
4490424,1334089,88.74
4490424,1335401,19.52
4490424,1335527,125.69
4490424,1335778,53.6
4490424,1335914,71.1
4490424,1335990,45.78
4490424,1335995,106.64
4490424,1335996,52.16
4490424,1335999,78.48
4490424,1336001,94.77
4490424,1336011,87.36
4490424,1337056,50.08
4490424,1337298,44.81
4490424,1337301,57.15
4490424,1337369,39.89
4490424,1338141,35.17
4490424,1338442,93.15
4490424,1338524,19.62
4490424,1339371,53.83
4490424,1339499,83.93
4490424,1339559,87.27
4490424,1339730,43.75
4490424,1339866,164.66
4490424,1340498,32.79
4490424,1340621,125.05
4490424,1340967,73.24
4490424,1341001,78.34
4490424,1341146,36.35
4490424,1341308,95.93
4490424,1341336,36.96
4490424,1341371,26.49
4490424,1341446,50.49
4490424,1342153,51.21
4490424,1342335,24.63
4490424,1342337,24.53
4490424,1342373,110.28
4490424,1342521,53.9
4490424,1342651,35.65
4490424,1342847,32.98
4490424,1343148,111.84
4490424,1343208,75.47
4490424,1343211,125.05
4490424,1343212,139.96
4490424,1343214,147.75
4490424,1343215,135.01
4490424,1343216,216.3
4490424,1343574,98.73
4490424,1343669,33.98
4490424,1343688,40.85
4490424,1344855,51.47
4490424,1345102,122.49
4490424,1345141,61.14
4490424,1345301,52.5
4490424,1345673,102.62
4490424,1345687,25.51
4490424,1345825,117.42
4490424,1345844,63.93
4490424,1345935,19.93
4490424,1346032,36.66
4490424,1346076,125.32
4490424,1346577,28.14
4490424,1346592,60.36
4490424,1346744,20.8
4490424,1346786,76.73
4490424,1347137,53.9
4490424,1347174,112.46
4490424,1347405,110.43
4490424,1348099,15.89
4490424,1350383,48.69
4490424,1350384,53.32
4490424,1350485,22.03
4490424,1350833,49.3
4490424,1350838,84.23
4490424,1350905,39.62
4490424,1351221,117.73
4490424,1351644,68.44
4490424,1351712,88.89
4490424,1351713,84.23
4490424,1351714,73.99
4490424,1351715,73.99
4490424,1351716,64.64
4490424,1351717,70.85
4490424,1351718,67.35
4490424,1351809,40.03
4490424,1351833,38.46
4490424,1353025,103.67
4490424,1353027,92.59
4490424,1353281,29.27
4490424,1353303,51.67
4490424,1353550,53.48
4490424,1353568,101.41
4490424,1353569,135.91
4490424,1353586,39.08
4490424,1353604,48.45
4490424,1353620,79.05
4490424,1353854,38.72
4490424,1353855,30.31
4490424,1353858,34.1
4490424,1354519,76.34
4490424,1354749,114.88
4490424,1354829,28.88
4490424,1355111,51.47
4490424,1355345,38.07
4490424,1355346,38.07
4490424,1355347,38.07
4490424,1355348,38.07
4490424,1355841,33.34
4490424,1356392,45.2
4490424,1356393,44.37
4490424,1356856,55.14
4490424,1357591,98.09
4490424,1357650,53.48
4490424,1357850,150.56
4490424,1358163,254.04
4490424,1358274,34.99
4490424,1358427,63.79
4490424,1358486,32.68
4490424,1358716,152.47
4490424,1359399,49.56
4490424,1359605,43.98
4490424,1359636,185.85
4490424,1359703,90.84
4490424,1359708,63.66
4490424,1360138,1.21
4490424,1360313,66.09
4490424,1360316,102.3
4490424,1360461,45.38
4490424,1361576,53.21
4490424,1361585,76.23
4490424,1362093,45.71
4490424,1362094,45.71
4490424,1362095,45.71
4490424,1362391,92.63
4490424,1362434,42.87
4490424,1362837,53.92
4490424,1362838,49.25
4490424,1363439,51.62
4490424,1363817,86.13
4490424,1363857,26.4
4490424,1363885,46.55
4490424,1364033,33.66
4490424,1364450,54.94
4490424,1365051,53.21
4490424,1365293,42.87
4490424,1365671,19.18
4490424,1366511,86.74
4490424,1367358,44.49
4490424,1369497,44.1
4490424,1369982,127.13
4490424,1370434,52.77
4490424,1370444,27.45
4490424,1370531,57.21
4490424,1370929,80.02
4490424,1371260,64.87
4490424,1371939,52.92
4490424,1372085,26.73
4490424,1372131,41.09
4490424,1372684,43.9
4490424,1373296,112.73
4490424,1373337,73.57
4490424,1374463,56.51
4490424,1375903,57.34
4490424,1376416,36.4
4490424,1378036,77.22
4490424,1379017,58.79
4490424,1379027,48.73
4490424,1379368,63.89
4490424,1379557,1.21
4490424,1379939,90.93
4490424,1380907,150.5
4490424,1382240,1.21
4490424,1382252,86.94
4490424,1382257,67.73
4490424,1383070,54.4
4490424,1383531,47.48
4490424,1383716,1.21
4490424,1383740,65.82
4490424,1383782,51.71
4490424,1384203,74.51
4490424,1385417,66.6
4490424,1385731,48.2
4490424,1386959,45.38
4490424,1388032,41.26
4490424,1390118,54.1
4490424,1390359,84.75
4490424,1392597,4.96
4490424,1392649,49.16
4490424,1393299,75.79
4490424,1393340,68.69
4490424,1393447,56.01
4490424,1394485,82.84
4490424,1394488,51.21
4490424,1394489,80.92
4490424,1394504,69.35
4490424,1394674,60.67
4490424,1394712,46.66
4490424,1396190,4.96
4490424,1396995,104.39
4490424,1000149,35.77
4490424,1000150,33.82
4490424,1000152,44.46
4490424,1000153,40.16
4490424,1000154,41.85
4490424,1000156,30.55
4490424,1000157,36.65
4490424,1001729,35.44
4490424,1001730,46.84
4490424,1001756,35.44
4490424,1001786,46.35
4490424,1001804,2.09
4490424,1001814,38.34
4490424,1002012,32.65
4490424,1002017,42.07
4490424,1002019,41.85
4490424,1002053,64.53
4490424,1002063,4
4490424,1002080,4.33
4490424,1002499,24.34
4490424,1002513,33.47
4490424,1003071,50.76
4490424,1003110,25.09
4490424,1003111,38.43
4490424,1003112,47.71
4490424,1003121,36.56
4490424,1003172,57.06
4490424,1003191,30.67
4490424,1003235,3.74
4490424,1003236,36.01
4490424,1003277,55.81
4490424,1003300,4.7
4490424,1003401,3.05
4490424,1003473,40.49
4490424,1003486,4.24
4490424,1003490,48.36
4490424,1003491,54.71
4490424,1003497,34.41
4490424,1003499,48.27
4490424,1003500,42.51
4490424,1003517,2.09
4490424,1004311,7.92
4490424,1004313,16.49
4490424,1004316,1.47
4490424,1004319,59.68
4490424,1004702,4.12
4490424,1005242,8.15
4490424,1006233,4.06
4490424,1006265,110.68
4490424,1006320,60.14
4490424,1007263,75.63
4490424,1007461,4.12
4490424,1007758,35.34
4490424,1007770,35.34
4490424,1007771,35.34
4490424,1007774,35.34
4490424,1007776,0.67
4490424,1008382,2.66
4490424,1008421,24.29
4490424,1008609,130.79
4490424,1008620,64.54
4490424,1008800,41.98
4490424,1008801,41.98
4490424,1008802,41.98
4490424,1009556,15.81
4490424,1009910,44.4
4490424,1010698,57.35
4490424,1010708,51.53
4490424,1010709,48.66
4490424,1010718,34.85
4490424,1010890,85.57
4490424,1010946,135.9
4490424,1010953,75.49
4490424,1010981,97.8
4490424,1010991,66.42
4490424,1011020,112.38
4490424,1011072,81.77
4490424,1011073,97.8
4490424,1011074,112.38
4490424,1011078,48.5
4490424,1011079,37.28
4490424,1011086,47.79
4490424,1011177,43.02
4490424,1011204,97.8
4490424,1011282,112.38
4490424,1011397,95.51
4490424,1011469,96.94
4490424,1011928,87.63
4490424,1011979,84.82
4490424,1012343,57.35
4490424,1012421,18.76
4490424,1012455,35.82
4490424,1012987,79.33
4490424,1012991,126.01
4490424,1013030,68.54
4490424,1013037,92.15
4490424,1013072,44.79
4490424,1013073,66.94
4490424,1013090,86.21
4490424,1013133,108.75
4490424,1013210,2.1
4490424,1013212,96.67
4490424,1013216,87.48
4490424,1013251,87.84
4490424,1013273,81.19
4490424,1013412,45.54
4490424,1013416,57.59
4490424,1013478,1.45
4490424,1013494,41.13
4490424,1013495,33.97
4490424,1013496,35.81
4490424,1013514,45.78
4490424,1013532,93.72
4490424,1013542,111.66
4490424,1013546,76.76
4490424,1013550,61.92
4490424,1013558,41.93
4490424,1013576,64.93
4490424,1013588,45.9
4490424,1013591,109.82
4490424,1013593,197.34
4490424,1013594,0.98
4490424,1013607,45.84
4490424,1013610,47.43
4490424,1013626,66.15
4490424,1013627,57.7
4490424,1013629,71.44
4490424,1013630,64.42
4490424,1013634,48.84
4490424,1013645,160.7
4490424,1013647,0.93
4490424,1013650,173.29
4490424,1013651,53.09
4490424,1013653,72.25
4490424,1013656,67.72
4490424,1013659,74.7
4490424,1013661,86.06
4490424,1013665,62.72
4490424,1013684,93.59
4490424,1013690,54.21
4490424,1013691,63.42
4490424,1013696,117.17
4490424,1013698,74.69
4490424,1013699,100.22
4490424,1013700,53.96
4490424,1013702,1.76
4490424,1013709,93.64
4490424,1013715,149.01
4490424,1013716,81.19
4490424,1013726,87.53
4490424,1013733,37.25
4490424,1013744,71.93
4490424,1013745,74.65
4490424,1013746,52.9
4490424,1013747,83.9
4490424,1013748,132.78
4490424,1013749,96.83
4490424,1013751,57.83
4490424,1013752,83.39
4490424,1013753,100.87
4490424,1013754,52.9
4490424,1013755,67.44
4490424,1013854,1.36
4490424,1013855,1.52
4490424,1013871,51.07
4490424,1013984,150.78
4490424,1013986,78.11
4490424,1013987,74.57
4490424,1013996,46.57
4490424,1014049,100.09
4490424,1014083,36.57
4490424,1014134,136.56
4490424,1014148,38.69
4490424,1014160,53.14
4490424,1014164,73.57
4490424,1014165,50.04
4490424,1014172,67.28
4490424,1014173,68.84
4490424,1014177,91.18
4490424,1014179,75.19
4490424,1014180,53.91
4490424,1014266,79.99
4490424,1014268,79.99
4490424,1014278,79.99
4490424,1014280,79.99
4490424,1014285,79.99
4490424,1014287,79.99
4490424,1014289,25.77
4490424,1014294,28.34
4490424,1014297,201.3
4490424,1014300,72.69
4490424,1014305,65.76
4490424,1014306,62.78
4490424,1014307,79.99
4490424,1014308,145.05
4490424,1014309,189.5
4490424,1014311,84.99
4490424,1014312,79.99
4490424,1014320,79.99
4490424,1014331,56.53
4490424,1014348,79.99
4490424,1014360,168.1
4490424,1014478,201.3
4490424,1014479,34.7
4490424,1014480,39.5
4490424,1014481,38.49
4490424,1014484,24.52
4490424,1014490,32.52
4490424,1014491,32.52
4490424,1014495,28.34
4490424,1014498,32.28
4490424,1014499,46.19
4490424,1014500,40.38
4490424,1014501,37.36
4490424,1014502,39.97
4490424,1014505,72.34
4490424,1014525,191.07
4490424,1014527,191.07
4490424,1014531,143.47
4490424,1014533,143.47
4490424,1014537,143.85
4490424,1014547,119.76
4490424,1014549,66.19
4490424,1014550,90.91
4490424,1014553,99.16
4490424,1014554,100.8
4490424,1014555,104.46
4490424,1014557,111.87
4490424,1014559,107.92
4490424,1014610,56.88
4490424,1014694,46.28
4490424,1014696,58.97
4490424,1014773,227.84
4490424,1014784,78.72
4490424,1014785,90.84
4490424,1014786,90.29
4490424,1014790,104.75
4490424,1014810,75.87
4490424,1014858,53.19
4490424,1014859,39.6
4490424,1014879,65.5
4490424,1014883,28.57
4490424,1014884,560.33
4490424,1014959,112.84
4490424,1015010,154.73
4490424,1015164,29.31
4490424,1015167,36.96
4490424,1015168,58.49
4490424,1015169,65.15
4490424,1015170,77.02
4490424,1015172,37.61
4490424,1015440,84.05
4490424,1015802,31.58
4490424,1016850,4.52
4490424,1016927,60.7
4490424,1016950,93.58
4490424,1016952,38.19
4490424,1016990,105.41
4490424,1017048,70.2
4490424,1017049,44.45
4490424,1017068,67.05
4490424,1017159,88.58
4490424,1017172,89.23
4490424,1017273,54.85
4490424,1017302,57.23
4490424,1017313,93.71
4490424,1017314,49.81
4490424,1017318,55.01
4490424,1017324,30.06
4490424,1017331,54.85
4490424,1017332,20.94
4490424,1017355,78.49
4490424,1017392,70.2
4490424,1017395,55.94
4490424,1017398,49
4490424,1017401,70.2
4490424,1017414,67.05
4490424,1017428,25.93
4490424,1017429,18.86
4490424,1017430,41.57
4490424,1017431,33.43
4490424,1017434,25.93
4490424,1017452,89.84
4490424,1017485,55.79
4490424,1017486,58.23
4490424,1017487,58.23
4490424,1017488,86.93
4490424,1017489,89.89
4490424,1017490,89.89
4490424,1017491,103.56
4490424,1017492,107.03
4490424,1017493,107.03
4490424,1017494,105.37
4490424,1017495,102.03
4490424,1017496,102.03
4490424,1017497,51.26
4490424,1017498,54.04
4490424,1017499,53.27
4490424,1017500,53.97
4490424,1017504,63.94
4490424,1017508,63.59
4490424,1017511,49.51
4490424,1017514,51.27
4490424,1017517,53.55
4490424,1017520,80.84
4490424,1017522,96.12
4490424,1017523,99.34
4490424,1017525,73.75
4490424,1017556,30.06
4490424,1017560,55.02
4490424,1017561,55.01
4490424,1017563,49.63
4490424,1017592,60.7
4490424,1017593,93.57
4490424,1017594,89.23
4490424,1017595,105.41
4490424,1017675,41.6
4490424,1017676,31.43
4490424,1017683,48.75
4490424,1017695,107.25
4490424,1017768,79.22
4490424,1017769,86.86
4490424,1017773,94.97
4490424,1017783,129.47
4490424,1017802,43.1
4490424,1017841,60.19
4490424,1017874,51.06
4490424,1017888,25.87
4490424,1017889,74.81
4490424,1017890,37.72
4490424,1017895,38.36
4490424,1017901,100.1
4490424,1017909,75.1
4490424,1017910,124.32
4490424,1017911,124.32
4490424,1017912,124.32
4490424,1017913,44.22
4490424,1017914,44.22
4490424,1017915,44.22
4490424,1017917,68.89
4490424,1017926,45.65
4490424,1017928,93.17
4490424,1017929,80.46
4490424,1017931,96.83
4490424,1017939,68.89
4490424,1017940,68.89
4490424,1017942,80.33
4490424,1017943,80.33
4490424,1017944,80.33
4490424,1017946,164.08
4490424,1017947,114.03
4490424,1017948,114.03
4490424,1017951,81.92
4490424,1017955,64.01
4490424,1017956,64.01
4490424,1017965,50.74
4490424,1017999,65.03
4490424,1018015,41.42
4490424,1018042,129.47
4490424,1018047,50.74
4490424,1018048,50.74
4490424,1019098,91.92
4490424,1019112,74.42
4490424,1019122,52.25
4490424,1019123,71.14
4490424,1019133,73.99
4490424,1019264,46.83
4490424,1019269,33.27
4490424,1019290,98.86
4490424,1019323,64.53
4490424,1019324,43.32
4490424,1019340,48.48
4490424,1019385,31.5
4490424,1019386,60.45
4490424,1019387,60.45
4490424,1019394,84.11
4490424,1019405,82.37
4490424,1019423,96.74
4490424,1019438,64.02
4490424,1019444,102.79
4490424,1019461,25.91
4490424,1019463,43.89
4490424,1019464,24.2
4490424,1019525,22.28
4490424,1019579,16.44
4490424,1019581,25.85
4490424,1019582,31.03
4490424,1020096,47.2
4490424,1020098,75.12
4490424,1020856,64.93
4490424,1020935,93.44
4490424,1020937,83.84
4490424,1020944,6.51
4490424,1020978,56.82
4490424,1020979,3.12
4490424,1020992,89.84
4490424,1021004,4.12
4490424,1021009,75.12
4490424,1021058,25.56
4490424,1021069,30.55
4490424,1021070,27.22
4490424,1021071,29.04
4490424,1021072,16.95
4490424,1021073,23.55
4490424,1021074,23.21
4490424,1021075,21.26
4490424,1021167,21.97
4490424,1021211,31.97
4490424,1021219,33.14
4490424,1021244,71.83
4490424,1021245,77.07
4490424,1021298,2.53
4490424,1021301,51.83
4490424,1021303,3.12
4490424,1021304,3.12
4490424,1021314,4.12
4490424,1021317,4.12
4490424,1021318,4.12
4490424,1021321,3.12
4490424,1021324,94.42
4490424,1021349,44.6
4490424,1021350,44.71
4490424,1021358,83.68
4490424,1021360,44.6
4490424,1021365,83.68
4490424,1021376,73.01
4490424,1021384,84.4
4490424,1021406,44.77
4490424,1021434,83.68
4490424,1021435,83.84
4490424,1021525,44.62
4490424,1021550,76.81
4490424,1021598,76.81
4490424,1021600,76.81
4490424,1021604,66.76
4490424,1021605,93.44
4490424,1021606,26.17
4490424,1021634,21.74
4490424,1021639,32.6
4490424,1021655,73.85
4490424,1021660,64.19
4490424,1021661,101.33
4490424,1021673,48.98
4490424,1021705,50.16
4490424,1021707,64.48
4490424,1021721,30.46
4490424,1021724,4.12
4490424,1021805,46.86
4490424,1021819,44.62
4490424,1021821,89.84
4490424,1021831,55.15
4490424,1021915,30.46
4490424,1021925,55.15
4490424,1022014,76.81
4490424,1022056,83.84
4490424,1022221,36.34
4490424,1022223,55.84
4490424,1022240,23.71
4490424,1022302,20.34
4490424,1022303,36.16
4490424,1022304,43.83
4490424,1022348,30.94
4490424,1022349,72.42
4490424,1022357,4.12
4490424,1022400,72.42
4490424,1030279,14.1
4490424,1030366,87.68
4490424,1030474,92.28
4490424,1030613,39.26
4490424,1030759,40.3
4490424,1030761,40.42
4490424,1030793,39.68
4490424,1030794,39.68
4490424,1030917,39.68
4490424,1030974,29.91
4490424,1031194,62.27
4490424,1031195,62.27
4490424,1031196,62.27
4490424,1031255,48.83
4490424,1031256,48.83
4490424,1031257,48.83
4490424,1031265,32.79
4490424,1031266,32.99
4490424,1031281,61.58
4490424,1031286,14.45
4490424,1031287,14.45
4490424,1031288,14.5
4490424,1031289,14.52
4490424,1031294,14.5
4490424,1031305,26.99
4490424,1031316,24.92
4490424,1031318,24.64
4490424,1031319,25.99
4490424,1031321,24.92
4490424,1031322,24.64
4490424,1031323,25.4
4490424,1031324,25.79
4490424,1031341,35.84
4490424,1031342,35.73
4490424,1031343,33.61
4490424,1031344,35.74
4490424,1031346,35.84
4490424,1031347,35.73
4490424,1031348,33.61
4490424,1031351,35.84
4490424,1031352,35.56
4490424,1031353,33.54
4490424,1031361,26
4490424,1031383,26.67
4490424,1031390,24.56
4490424,1031424,26.59
4490424,1031458,103.05
4490424,1031488,46.86
4490424,1031491,46.92
4490424,1031536,33.94
4490424,1031537,34.44
4490424,1031538,33.68
4490424,1031611,46.93
4490424,1031686,60.72
4490424,1031687,63.24
4490424,1031688,62.99
4490424,1031689,63.49
4490424,1032227,27.92
4490424,1032247,23.91
4490424,1032256,33.43
4490424,1032261,28.09
4490424,1032263,27.91
4490424,1032301,28.41
4490424,1032302,28.1
4490424,1032814,60.45
4490424,1033097,44.39
4490424,1033136,60.43
4490424,1033163,35.48
4490424,1033164,35.49
4490424,1033173,35.45
4490424,1033181,55.15
4490424,1033191,58.95
4490424,1033359,68.4
4490424,1033361,67.72
4490424,1033367,17.95
4490424,1033369,68.36
4490424,1033373,17.82
4490424,1033375,21.97
4490424,1033384,15.03
4490424,1033386,61.26
4490424,1033388,21.26
4490424,1033393,101.97
4490424,1033420,23.67
4490424,1033424,22.05
4490424,1033426,22.05
4490424,1033433,21.26
4490424,1033435,26.91
4490424,1033512,78.65
4490424,1040458,55.24
4490424,1040472,60.99
4490424,1040522,69.03
4490424,1040582,92.87
4490424,1040666,68.41
4490424,1040670,55.54
4490424,1040687,60.31
4490424,1040689,66.14
4490424,1040691,82.59
4490424,1040703,90.03
4490424,1040704,100.06
4490424,1040757,34.63
4490424,1040809,126.07
4490424,1040811,137.65
4490424,1040859,52.68
4490424,1040944,48.47
4490424,1040951,40.3
4490424,1040953,65.12
4490424,1040956,50.1
4490424,1040986,92.34
4490424,1040990,112.68
4490424,1040992,156.46
4490424,1041024,42.6
4490424,1041027,65.2
4490424,1041091,105.08
4490424,1041119,78.71
4490424,1041123,112.7
4490424,1041138,53.77
4490424,1044150,57.96
4490424,1045442,17.58
4490424,1047442,13.36
4490424,1047443,56.67
4490424,1047444,56.67
4490424,1047445,56.67
4490424,1047446,56.67
4490424,1047447,56.67
4490424,1047448,56.67
4490424,1047449,56.67
4490424,1047450,20.42
4490424,1047451,27.53
4490424,1049806,38.19
4490424,1050790,16.24
4490424,1050805,26.6
4490424,1050806,26.6
4490424,1050813,26.34
4490424,1050814,31.57
4490424,1050826,41.07
4490424,1050836,46.74
4490424,1050837,34.1
4490424,1050839,34.13
4490424,1050841,26.52
4490424,1050842,22.57
4490424,1050846,28.47
4490424,1050849,22.22
4490424,1050850,22.24
4490424,1050858,30.7
4490424,1051488,42.56
4490424,1051709,43.82
4490424,1051749,51.41
4490424,1051772,49.56
4490424,1051784,17.89
4490424,1051786,49.56
4490424,1051787,49.56
4490424,1051789,35.41
4490424,1051795,30.67
4490424,1051798,23.63
4490424,1051800,34.01
4490424,1051803,35.69
4490424,1051805,49.56
4490424,1051808,25.42
4490424,1051809,34.41
4490424,1051811,27.85
4490424,1051812,61.89
4490424,1051813,23.63
4490424,1051818,30.41
4490424,1051819,26.96
4490424,1051823,61.89
4490424,1051824,51.17
4490424,1051829,50.53
4490424,1051831,42.51
4490424,1051835,54.05
4490424,1051839,50.1
4490424,1051840,44.33
4490424,1051842,30.24
4490424,1051844,34.6
4490424,1051849,33.65
4490424,1051854,44.13
4490424,1051859,28.9
4490424,1051867,31.72
4490424,1051878,58.4
4490424,1051879,41.26
4490424,1051896,38.87
4490424,1051898,27.21
4490424,1051899,82.08
4490424,1051904,46.87
4490424,1051908,34.47
4490424,1051911,49.87
4490424,1051918,61.37
4490424,1051924,50.2
4490424,1051931,28.9
4490424,1051934,40.03
4490424,1051935,47.07
4490424,1051940,42.18
4490424,1051941,71.34
4490424,1051942,42.98
4490424,1051944,36.01
4490424,1051945,66.55
4490424,1051948,47.71
4490424,1051949,39.61
4490424,1051957,30.65
4490424,1051959,38.23
4490424,1051962,94.92
4490424,1051965,51.96
4490424,1052131,36.01
4490424,1052132,40.95
4490424,1052233,27.21
4490424,1052495,64.65
4490424,1053044,68.55
4490424,1053177,56.78
4490424,1053270,73.59
4490424,1053313,58.93
4490424,1053334,49.05
4490424,1053352,52.02
4490424,1053660,47.72
4490424,1054100,64.27
4490424,1054344,35.6
4490424,1054363,20.48
4490424,1054399,54.3
4490424,1054712,70.26
4490424,1054756,34.93
4490424,1054757,54.12
4490424,1054769,94.51
4490424,1054770,27.91
4490424,1054771,70.95
4490424,1054772,70.6
4490424,1054774,69.52
4490424,1054775,81.97
4490424,1054815,55.4
4490424,1054819,78.11
4490424,1054948,33.6
4490424,1054985,34.19
4490424,1054991,49.27
4490424,1055031,54.12
4490424,1055036,34.93
4490424,1055044,59.96
4490424,1055055,92.82
4490424,1055057,66.55
4490424,1055059,49.66
4490424,1055064,42.87
4490424,1055071,43.66
4490424,1055073,54.97
4490424,1055101,32.82
4490424,1055227,25.7
4490424,1055516,37.75
4490424,1055542,57.02
4490424,1055681,29.75
4490424,1055684,42.62
4490424,1055687,51.07
4490424,1055713,20.89
4490424,1055716,30.75
4490424,1055724,35.1
4490424,1055731,45.15
4490424,1055732,27.58
4490424,1055733,19.76
4490424,1055734,21.34
4490424,1055737,32.87
4490424,1055738,35.42
4490424,1055742,33.93
4490424,1055749,52.4
4490424,1055756,48.45
4490424,1055757,43.57
4490424,1055762,40.79
4490424,1055763,52.2
4490424,1055764,68.31
4490424,1055765,29.24
4490424,1055767,44.85
4490424,1055768,49.86
4490424,1055771,30.59
4490424,1055773,34.03
4490424,1055775,38.34
4490424,1055776,23.06
4490424,1055777,25.63
4490424,1055778,44.2
4490424,1055783,56.79
4490424,1056008,28.9
4490424,1056019,39.15
4490424,1056200,78.24
4490424,1056413,38.82
4490424,1056448,45.92
4490424,1056468,34.72
4490424,1056477,45
4490424,1056655,33.59
4490424,1056656,34.47
4490424,1056657,38.43
4490424,1056889,33.21
4490424,1056907,42.56
4490424,1057006,53.46
4490424,1057040,36.69
4490424,1057045,43.51
4490424,1057048,40.16
4490424,1057051,36.56
4490424,1057106,30.95
4490424,1057108,22.94
4490424,1057132,47.04
4490424,1057142,37.11
4490424,1057152,45.15
4490424,1057181,32.65
4490424,1057195,45.13
4490424,1057214,28.55
4490424,1057263,47.23
4490424,1057290,44.02
4490424,1057332,39.46
4490424,1057360,35.67
4490424,1057487,27.4
4490424,1057497,35.78
4490424,1057508,43.3
4490424,1057512,47.04
4490424,1057514,47.04
4490424,1057516,29.47
4490424,1057521,46.84
4490424,1057525,44.72
4490424,1057527,39
4490424,1057531,41.64
4490424,1057536,46.35
4490424,1057537,31.87
4490424,1057539,48.04
4490424,1057545,31.37
4490424,1057555,44.46
4490424,1057561,38.23
4490424,1057577,33.51
4490424,1057581,39
4490424,1057587,44.71
4490424,1057628,25.09
4490424,1057665,24.34
4490424,1058012,33.59
4490424,1058014,28.16
4490424,1058020,41.1
4490424,1058024,43.82
4490424,1058030,36.19
4490424,1058034,40.95
4490424,1058185,51.36
4490424,1058234,30.65
4490424,1058235,50.46
4490424,1058248,43.3
4490424,1058284,50.2
4490424,1058285,42.18
4490424,1058351,47.18
4490424,1058382,47.71
4490424,1058383,46.87
4490424,1060149,51.3
4490424,1060150,57.69
4490424,1060178,43.04
4490424,1060185,28.44
4490424,1060532,43.24
4490424,1063169,11.55
4490424,1063406,16.63
4490424,1063588,6.61
4490424,1063589,6.61
4490424,1063590,6.61
4490424,1063591,6.61
4490424,1063592,6.61
4490424,1063593,6.61
4490424,1063594,6.61
4490424,1063907,21.65
4490424,1063922,10.15
4490424,1065047,81.17
4490424,1067028,5.64
4490424,1070429,6.12
4490424,1070661,14.98
4490424,1070742,7.02
4490424,1071051,13.73
4490424,1071055,5.71
4490424,1071057,4.39
4490424,1072282,13.73
4490424,1072370,7.56
4490424,1072372,9
4490424,1072417,13.73
4490424,1072976,18.24
4490424,1072982,6.25
4490424,1073004,6.57
4490424,1073067,13.73
4490424,1073190,7.05
4490424,1073359,10.86
4490424,1073587,6.4
4490424,1073634,5.1
4490424,1073779,8.04
4490424,1073922,13.73
4490424,1074190,2.58
4490424,1074198,29.76
4490424,1074240,8.37
4490424,1074265,67.63
4490424,1074279,4.25
4490424,1074288,16.44
4490424,1074289,8.93
4490424,1074290,10.1
4490424,1074302,16.97
4490424,1074303,4.36
4490424,1074331,5.94
4490424,1074337,9.74
4490424,1074378,11.12
4490424,1074495,13.39
4490424,1074536,14.39
4490424,1074549,5.9
4490424,1074989,71.5
4490424,1075224,10.95
4490424,1075551,5.52
4490424,1075725,1.03
4490424,1076047,2.63
4490424,1076192,19.66
4490424,1076204,8.52
4490424,1076284,13.5
4490424,1076303,7.11
4490424,1076310,9.71
4490424,1076359,5.71
4490424,1076508,16.2
4490424,1076509,28.31
4490424,1076516,16.75
4490424,1076526,11.03
4490424,1076534,22.49
4490424,1076553,9.2
4490424,1076641,17.68
4490424,1076673,12.03
4490424,1076676,19.46
4490424,1076684,7.36
4490424,1076692,4.86
4490424,1076709,13.67
4490424,1076724,7.38
4490424,1076728,58.99
4490424,1076731,18.46
4490424,1076846,4.08
4490424,1076865,14.41
4490424,1076896,8.97
4490424,1076906,12.62
4490424,1076917,5.53
4490424,1076922,16.66
4490424,1076973,12.17
4490424,1077011,4.71
4490424,1077042,16.54
4490424,1077050,18.71
4490424,1077076,8.88
4490424,1077267,11.63
4490424,1077349,8.88
4490424,1077391,16.38
4490424,1077394,11.46
4490424,1077426,15.5
4490424,1077713,6.42
4490424,1077731,13.13
4490424,1077755,3.46
4490424,1077774,12.48
4490424,1077775,13.85
4490424,1077778,5.27
4490424,1077783,12.89
4490424,1077809,20.87
4490424,1077856,19.56
4490424,1077872,9.84
4490424,1077873,27.91
4490424,1077905,9.54
4490424,1077939,3.78
4490424,1078013,3.77
4490424,1078073,41.31
4490424,1078118,3.09
4490424,1078120,4.24
4490424,1078126,19.82
4490424,1078128,8.26
4490424,1078161,5.95
4490424,1078162,9.03
4490424,1078163,6.78
4490424,1078169,2.15
4490424,1078174,9.17
4490424,1078181,19.99
4490424,1078206,5.27
4490424,1078209,7.44
4490424,1078226,5.67
4490424,1078229,7.58
4490424,1078276,16.6
4490424,1078296,1.35
4490424,1078297,4.92
4490424,1078311,7.89
4490424,1078316,5.95
4490424,1078341,5.86
4490424,1078344,2.09
4490424,1078366,12.83
4490424,1078367,6.94
4490424,1078370,1.09
4490424,1078371,12.17
4490424,1078394,6.44
4490424,1078433,11.63
4490424,1078439,2.79
4490424,1078593,9.61
4490424,1078596,21.1
4490424,1078673,2.78
4490424,1078674,9.79
4490424,1078707,4.64
4490424,1078748,5.88
4490424,1078749,6.97
4490424,1078752,37.53
4490424,1078757,20.31
4490424,1078760,17.95
4490424,1078763,5.47
4490424,1078769,2.37
4490424,1078773,10.1
4490424,1078786,21.93
4490424,1078791,20.57
4490424,1078800,20.57
4490424,1078813,23.87
4490424,1078817,23.32
4490424,1078873,14.28
4490424,1078910,5.71
4490424,1078971,5.95
4490424,1078989,6.23
4490424,1078991,10.12
4490424,1078997,10.94
4490424,1078999,22.19
4490424,1079008,13.56
4490424,1079010,16.07
4490424,1079013,16.6
4490424,1079030,6.03
4490424,1079044,5.65
4490424,1079049,3.51
4490424,1079051,8.3
4490424,1079071,10.4
4490424,1079072,16.14
4490424,1079075,3.01
4490424,1079079,2.34
4490424,1079172,4.47
4490424,1079192,4.71
4490424,1079193,16.09
4490424,1079212,14.08
4490424,1079213,7.67
4490424,1079225,3.79
4490424,1079237,3.12
4490424,1079242,31.14
4490424,1079243,31.14
4490424,1079258,26.46
4490424,1079259,11.01
4490424,1079260,10.57
4490424,1079286,3.28
4490424,1079287,29.89
4490424,1079291,14.97
4490424,1079610,20.51
4490424,1079826,20.89
4490424,1079881,11.37
4490424,1079909,3.45
4490424,1080121,25.32
4490424,1080374,18.46
4490424,1080496,11.18
4490424,1080511,31.59
4490424,1080559,12.78
4490424,1080566,12.73
4490424,1080610,24.91
4490424,1080628,14.63
4490424,1080911,12.19
4490424,1080964,16.49
4490424,1081008,16.49
4490424,1081035,20.51
4490424,1081403,5.03
4490424,1081404,15.03
4490424,1081413,14.34
4490424,1081421,11.02
4490424,1081428,17.37
4490424,1081433,7.74
4490424,1081480,23.69
4490424,1081677,31.36
4490424,1081719,11.18
4490424,1081908,4.77
4490424,1081939,23.33
4490424,1082087,4.74
4490424,1082236,27.87
4490424,1082571,9.71
4490424,1082618,17.12
4490424,1082777,20.51
4490424,1083079,30.8
4490424,1083885,27.62
4490424,1115238,16.41
4490424,1115271,14.11
4490424,1115276,14.11
4490424,1115292,4.57
4490424,1115295,8.7
4490424,1115306,1.4
4490424,1115332,9.9
4490424,1115354,57.27
4490424,1115361,6.86
4490424,1115362,3.15
4490424,1115398,20.27
4490424,1115416,3.27
4490424,1115420,65.68
4490424,1115442,13.41
4490424,1115444,73.01
4490424,1115445,20.56
4490424,1115465,20.08
4490424,1115482,2.08
4490424,1115485,2.02
4490424,1115487,4.19
4490424,1115509,0.9
4490424,1115524,50.96
4490424,1115571,6.95
4490424,1115577,1.45
4490424,1115630,37.36
4490424,1115689,61.5
4490424,1115726,23.39
4490424,1115729,46.67
4490424,1115786,14.11
4490424,1115787,14.57
4490424,1115790,2.18
4490424,1115792,35.03
4490424,1115793,36.39
4490424,1115877,66.76
4490424,1115892,4.16
4490424,1115897,12.44
4490424,1115951,8.49
4490424,1115953,8.54
4490424,1115988,2.5
4490424,1115989,29.63
4490424,1115990,0.51
4490424,1116013,22.95
4490424,1116030,0.6
4490424,1116039,31.91
4490424,1116040,31.91
4490424,1116041,43.89
4490424,1116055,31.91
4490424,1116056,1.02
4490424,1116060,59.13
4490424,1116061,42.93
4490424,1116062,2.18
4490424,1116065,3.51
4490424,1116067,58.91
4490424,1116069,7.15
4490424,1116071,2.18
4490424,1116127,2397.51
4490424,1116150,47.79
4490424,1116156,58.91
4490424,1116177,16.21
4490424,1116181,33
4490424,1116182,12.07
4490424,1116183,33
4490424,1116184,37.54
4490424,1116206,48.42
4490424,1116207,25.1
4490424,1116211,38.39
4490424,1116212,2.18
4490424,1116213,1.45
4490424,1116234,1.77
4490424,1116236,2.11
4490424,1116283,39.09
4490424,1116306,19.16
4490424,1116317,27.34
4490424,1116382,1.18
4490424,1116422,7.45
4490424,1116424,4.67
4490424,1116430,18.83
4490424,1116432,18.43
4490424,1116433,10.16
4490424,1120651,87.68
4490424,1123948,33.53
4490424,1123981,61.04
4490424,1124022,24.73
4490424,1124030,30.39
4490424,1124031,30.39
4490424,1124058,72.34
4490424,1124061,0.8
4490424,1124065,43.41
4490424,1124179,4.42
4490424,1124182,52.61
4490424,1124191,2.28
4490424,1124205,8.69
4490424,1124231,6.85
4490424,1124257,127.21
4490424,1124259,77.43
4490424,1124260,129.53
4490424,1124261,5.1
4490424,1124273,60.52
4490424,1124279,77.43
4490424,1124282,67.2
4490424,1124283,76.1
4490424,1124286,61.03
4490424,1124287,31.49
4490424,1124292,35.76
4490424,1124300,76.98
4490424,1124310,0.69
4490424,1124338,7.06
4490424,1124350,26.57
4490424,1124352,80.65
4490424,1124353,80.65
4490424,1124366,35.7
4490424,1124371,15.24
4490424,1124385,40.36
4490424,1124404,3.15
4490424,1124408,62.79
4490424,1124409,63.78
4490424,1124410,55.15
4490424,1124411,112.81
4490424,1124413,26.57
4490424,1124418,17.12
4490424,1124421,52.61
4490424,1124449,45.65
4490424,1124452,24.03
4490424,1124465,120.63
4490424,1124470,14.76
4490424,1124471,19.56
4490424,1124472,10.79
4490424,1124479,0.6
4490424,1124481,76.84
4490424,1124493,41.78
4490424,1124495,55.02
4490424,1124497,76.9
4490424,1124499,89.57
4490424,1124531,22.45
4490424,1124534,1.64
4490424,1124535,41.35
4490424,1124536,23.61
4490424,1124567,7.48
4490424,1124638,2.24
4490424,1124666,8.81
4490424,1124732,13.81
4490424,1124733,104.39
4490424,1124775,12.67
4490424,1124820,937.09
4490424,1124821,72
4490424,1124839,30.2
4490424,1124841,40.12
4490424,1124842,31.83
4490424,1124843,44.6
4490424,1124844,58.99
4490424,1124859,20.92
4490424,1124878,4.36
4490424,1124905,7.36
4490424,1124924,13.46
4490424,1124955,47.79
4490424,1125013,7.89
4490424,1125014,7.69
4490424,1125022,27.3
4490424,1125059,108.91
4490424,1125102,73.22
4490424,1125103,78.46
4490424,1125150,3.27
4490424,1125172,4.05
4490424,1125200,26.44
4490424,1125201,16.31
4490424,1125211,0.98
4490424,1125231,26.28
4490424,1125232,26.28
4490424,1125233,62.27
4490424,1125234,26.28
4490424,1125235,39.92
4490424,1125269,20.7
4490424,1125270,20.08
4490424,1125315,8.25
4490424,1125321,16.14
4490424,1125327,39.92
4490424,1125328,30.76
4490424,1125329,30.76
4490424,1125331,66.64
4490424,1125334,3.8
4490424,1125480,9.2
4490424,1132559,49.4
4490424,1138037,37.54
4490424,1138054,1.83
4490424,1138055,1.83
4490424,1138056,33
4490424,1138057,33
4490424,1138063,29.63
4490424,1138065,50.98
4490424,1138068,60.02
4490424,1138069,78.84
4490424,1138073,10.13
4490424,1138075,187.33
4490424,1138080,9.28
4490424,1138090,47.75
4490424,1138098,1.55
4490424,1138102,11.24
4490424,1138103,8.39
4490424,1138104,7.19
4490424,1138105,3.63
4490424,1138116,35.46
4490424,1138135,13.99
4490424,1138136,13.99
4490424,1138138,13.99
4490424,1138139,6.56
4490424,1138142,13.15
4490424,1138145,8.01
4490424,1138154,15.52
4490424,1138158,1.4
4490424,1138219,13.99
4490424,1138233,54.04
4490424,1138238,158.76
4490424,1138239,20.53
4490424,1138249,24.22
4490424,1138288,10.86
4490424,1138297,9.34
4490424,1138299,38.6
4490424,1138300,27.45
4490424,1138301,6.6
4490424,1138302,4.87
4490424,1138306,11.16
4490424,1138307,0.81
4490424,1138308,0.58
4490424,1138346,79.63
4490424,1138347,58.54
4490424,1138349,50.31
4490424,1138364,1.16
4490424,1138365,27.53
4490424,1138366,34.2
4490424,1138367,10.09
4490424,1138369,14.05
4490424,1138371,14.11
4490424,1138386,40.96
4490424,1138421,54.15
4490424,1138447,25.51
4490424,1138470,10.64
4490424,1138471,17.56
4490424,1138485,43.8
4490424,1138497,2.98
4490424,1138498,23.49
4490424,1138503,43.8
4490424,1138529,13.99
4490424,1138544,9.46
4490424,1138575,42.93
4490424,1138576,59.13
4490424,1138626,17.91
4490424,1138644,106.57
4490424,1138672,1.09
4490424,1138681,11.47
4490424,1138683,6.38
4490424,1138687,6.89
4490424,1138689,6.83
4490424,1138706,8.15
4490424,1138723,56.07
4490424,1138808,54.04
4490424,1138818,1.65
4490424,1138889,8.57
4490424,1138890,13.91
4490424,1138891,14.23
4490424,1138946,2.11
4490424,1138987,30.3
4490424,1139040,5.06
4490424,1139041,2.49
4490424,1139107,9.09
4490424,1139204,4.41
4490424,1139220,4.12
4490424,1139392,5.06
4490424,1139444,5.41
4490424,1139446,20.7
4490424,1139473,52.18
4490424,1139500,25.82
4490424,1139515,277.87
4490424,1139518,27.26
4490424,1139534,13.7
4490424,1139574,9.39
4490424,1139602,0.24
4490424,1139603,0.24
4490424,1139629,5.09
4490424,1139633,85.37
4490424,1139664,62.24
4490424,1139747,2.02
4490424,1139921,10.85
4490424,1139922,33.06
4490424,1139926,2.06
4490424,1140001,2.18
4490424,1140079,1.98
4490424,1141087,13.24
4490424,1141378,45.24
4490424,1141584,27.77
4490424,1141843,148.89
4490424,1141891,9.33
4490424,1142025,22.34
4490424,1142029,39.95
4490424,1142084,20.51
4490424,1142318,20.05
4490424,1142534,52.28
4490424,1142749,29.08
4490424,1143434,109.35
4490424,1143435,45.95
4490424,1143437,81.6
4490424,1143439,91.85
4490424,1143441,89.46
4490424,1143444,62.13
4490424,1143445,67.91
4490424,1143447,50.86
4490424,1143450,49
4490424,1143451,71.71
4490424,1143452,67.88
4490424,1143454,32.68
4490424,1143751,10.49
4490424,1143757,27.37
4490424,1143758,6.09
4490424,1143761,40.12
4490424,1143765,6.27
4490424,1143766,33.35
4490424,1143769,7.56
4490424,1143770,2.32
4490424,1143772,27.23
4490424,1143774,33.56
4490424,1144000,50.1
4490424,1144010,37.82
4490424,1144538,32.16
4490424,1144539,32.16
4490424,1144541,44.74
4490424,1144544,44.74
4490424,1144557,41.91
4490424,1144609,81.63
4490424,1144648,65.51
4490424,1144665,33.29
4490424,1144676,49
4490424,1144679,91.85
4490424,1145026,31.31
4490424,1145162,48.53
4490424,1145218,34.69
4490424,1145245,48.13
4490424,1145301,14.82
4490424,1145305,462.2
4490424,1145516,72.42
4490424,1145565,3.01
4490424,1145754,30.11
4490424,1145826,23.21
4490424,1145880,29.47
4490424,1145882,72.67
4490424,1145885,26.78
4490424,1145888,44.21
4490424,1145889,59.12
4490424,1145890,36.9
4490424,1145891,49.23
4490424,1146227,26.65
4490424,1146258,40.16
4490424,1146383,51.93
4490424,1146384,68.54
4490424,1146456,3.23
4490424,1146511,14.88
4490424,1146527,31.78
4490424,1146530,33.29
4490424,1146554,36.19
4490424,1146868,37.04
4490424,1146894,39.75
4490424,1146936,80.65
4490424,1147045,31.78
4490424,1147127,31.41
4490424,1147281,47.1
4490424,1147749,30.67
4490424,1147984,33.78
4490424,1148274,46.22
4490424,1148300,23.7
4490424,1148457,28.75
4490424,1148462,28.75
4490424,1148464,28.75
4490424,1148466,28.75
4490424,1148611,1.4
4490424,1148627,1834.98
4490424,1148648,13.81
4490424,1148649,5.39
4490424,1148699,44.64
4490424,1148837,35.13
4490424,1149040,34.27
4490424,1149179,2.53
4490424,1149336,42.05
4490424,1149727,429.49
4490424,1149788,13.24
4490424,1149828,374.57
4490424,1149902,2.08
4490424,1149965,38.07
4490424,1149966,37.79
4490424,1150034,31.49
4490424,1150050,1.4
4490424,1150125,19.31
4490424,1150258,21.77
4490424,1150635,5.63
4490424,1150663,40.96
4490424,1150712,14.06
4490424,1150713,124.23
4490424,1150721,8.58
4490424,1150781,51.48
4490424,1150827,57.68
4490424,1151067,102.49
4490424,1151410,22.38
4490424,1152295,58.5
4490424,1152296,35.71
4490424,1152595,7.08
4490424,1152649,62.38
4490424,1152843,73.25
4490424,1153077,35.76
4490424,1153160,68.17
4490424,1153567,35.92
4490424,1153569,40.38
4490424,1153591,49.63
4490424,1153593,20.71
4490424,1153594,21.42
4490424,1153601,38.26
4490424,1153602,45.94
4490424,1153603,2.08
4490424,1153786,191.07
4490424,1154094,8.33
4490424,1154155,23.92
4490424,1154500,34
4490424,1154622,49.31
4490424,1154791,89.46
4490424,1154829,48.13
4490424,1154964,8.65
4490424,1155025,24.71
4490424,1155058,4.25
4490424,1155482,24.43
4490424,1155545,16.49
4490424,1155553,103.68
4490424,1155588,55.58
4490424,1155916,34.8
4490424,1156110,10.59
4490424,1156343,30.27
4490424,1156519,34.23
4490424,1156527,9.79
4490424,1156608,61.03
4490424,1156610,11.39
4490424,1156857,3.15
4490424,1157403,35.71
4490424,1157407,1.4
4490424,1157673,20.51
4490424,1157675,46.06
4490424,1157676,106.99
4490424,1157677,44.26
4490424,1157678,67.14
4490424,1157679,85.99
4490424,1157681,46.06
4490424,1157682,46.06
4490424,1157825,67.91
4490424,1157916,0.24
4490424,1157917,0.24
4490424,1157918,0.24
4490424,1157938,90.29
4490424,1158405,113.6
4490424,1158577,74.01
4490424,1158579,21.81
4490424,1158580,24.18
4490424,1158581,32.66
4490424,1159010,5.29
4490424,1159066,6.74
4490424,1159075,3.44
4490424,1159082,6.74
4490424,1159454,4.59
4490424,1159473,13.56
4490424,1159482,78.33
4490424,1159489,80.65
4490424,1159490,80.65
4490424,1159497,111.1
4490424,1159546,64.18
4490424,1159628,1.41
4490424,1159713,35.13
4490424,1159771,54.66
4490424,1159772,18.14
4490424,1159773,25.65
4490424,1159841,1.9
4490424,1160488,74.34
4490424,1160661,59.37
4490424,1160786,36.6
4490424,1160914,21.15
4490424,1161019,103.04
4490424,1161078,91.85
4490424,1161105,70.99
4490424,1161173,76.13
4490424,1161216,89
4490424,1161441,5.64
4490424,1161442,5.64
4490424,1161554,73.25
4490424,1161686,73.06
4490424,1161694,62.38
4490424,1161739,31.91
4490424,1161742,66.47
4490424,1161753,77.34
4490424,1161754,56.98
4490424,1161759,51.26
4490424,1161787,40.36
4490424,1162040,34.23
4490424,1162122,77.64
4490424,1162129,9.71
4490424,1162145,59.91
4490424,1162796,1.4
4490424,1162907,9.15
4490424,1162947,11.7
4490424,1163251,191.07
4490424,1163583,3.12
4490424,1163905,52.41
4490424,1163959,103.04
4490424,1164097,41.98
4490424,1164262,37.01
4490424,1164263,38.46
4490424,1164269,41.35
4490424,1164522,164.39
4490424,1164524,2.67
4490424,1164525,17.25
4490424,1164526,225.14
4490424,1164536,64.66
4490424,1164539,89.53
4490424,1164543,209.78
4490424,1164544,160.43
4490424,1164922,12.02
4490424,1164923,10.62
4490424,1164926,17.87
4490424,1164928,8.91
4490424,1164930,7.51
4490424,1164931,15.47
4490424,1164932,14.07
4490424,1164975,51.07
4490424,1164990,4.52
4490424,1165306,29.22
4490424,1165598,0.93
4490424,1165961,16.71
4490424,1165965,4.77
4490424,1166228,45.81
4490424,1166307,48.53
4490424,1166358,6.94
4490424,1166443,0.97
4490424,1166444,5.07
4490424,1166464,1
4490424,1166549,15.24
4490424,1166644,7.78
4490424,1166648,19.2
4490424,1166701,44.26
4490424,1166932,103.81
4490424,1167012,31.49
4490424,1167022,100.09
4490424,1167023,100.09
4490424,1167065,92.98
4490424,1167067,247.14
4490424,1167228,4.16
4490424,1167472,44.09
4490424,1167493,9.17
4490424,1167495,45.64
4490424,1167498,46.36
4490424,1167500,28.47
4490424,1167503,36.92
4490424,1167504,33.29
4490424,1167733,9.53
4490424,1168356,31.54
4490424,1168358,29.68
4490424,1168398,117.46
4490424,1168399,121.63
4490424,1168434,46.19
4490424,1168689,12.03
4490424,1168799,104.39
4490424,1169276,39.66
4490424,1169300,51.07
4490424,1169501,39.66
4490424,1169716,78.49
4490424,1170057,0.24
4490424,1170135,0.24
4490424,1170138,0.24
4490424,1170140,0.24
4490424,1170162,10.95
4490424,1170222,78.72
4490424,1170223,924.01
4490424,1170224,80.65
4490424,1170698,2.67
4490424,1170827,5.89
4490424,1170851,14.39
4490424,1170852,16.98
4490424,1170926,22.99
4490424,1170967,38.77
4490424,1170994,4.87
4490424,1171022,51.07
4490424,1171134,79.99
4490424,1171137,80.65
4490424,1172188,10.55
4490424,1172407,1.45
4490424,1172562,80.65
4490424,1172563,80.65
4490424,1172589,924.01
4490424,1172590,191.07
4490424,1172628,4.47
4490424,1172752,20.19
4490424,1173054,145.05
4490424,1173078,67.09
4490424,1173430,2.08
4490424,1173867,34.27
4490424,1174006,8.14
4490424,1174014,4.12
4490424,1174097,81.6
4490424,1174659,11.18
4490424,1174990,48.53
4490424,1175151,28.99
4490424,1175378,5.1
4490424,1175469,199.64
4490424,1175528,68.83
4490424,1176417,0.13
4490424,1176418,0.13
4490424,1176419,0.13
4490424,1176637,61.76
4490424,1176858,16.49
4490424,1177204,20.08
4490424,1177219,43.82
4490424,1177220,36.19
4490424,1177242,50.53
4490424,1177264,3.25
4490424,1177496,49.59
4490424,1177593,50.32
4490424,1177596,26.37
4490424,1177778,42.89
4490424,1179444,25.16
4490424,1179592,77.49
4490424,1179704,41.42
4490424,1179897,97.73
4490424,1180019,145.05
4490424,1180053,43.1
4490424,1181139,81.72
4490424,1181141,46.12
4490424,1181143,46.12
4490424,1181144,39.84
4490424,1181146,39.84
4490424,1181279,46.12
4490424,1181655,129.47
4490424,1182171,26.24
4490424,1183567,2.79
4490424,1183956,4.97
4490424,1184012,12.78
4490424,1184065,16.5
4490424,1184084,49.56
4490424,1184096,9.15
4490424,1184784,5.5
4490424,1184871,8.23
4490424,1184890,2.84
4490424,1184891,6.44
4490424,1184923,72.35
4490424,1184983,8.64
4490424,1185119,5.22
4490424,1185284,14.82
4490424,1187906,143.47
4490424,1189015,1.24
4490424,1189120,1.1
4490424,1190466,63.93
4490424,1192303,29.93
4490424,1194772,201.3
4490424,1195758,166.64
4490424,1195759,154.11
4490424,1196221,15.11
4490424,1196222,12.36
4490424,1196325,2.14
4490424,1196326,1.45
4490424,1196327,2
4490424,1196328,3.25
4490424,1196332,2.81
4490424,1196335,62.73
4490424,1196336,45.89
4490424,1196337,19.32
4490424,1196801,4.12
4490424,1196807,6.84
4490424,1196808,8.27
4490424,1196810,13.28
4490424,1196814,3.71
4490424,1196815,2.08
4490424,1196821,1.83
4490424,1196903,3.71
4490424,1196907,4.06
4490424,1196908,3.12
4490424,1196911,5.06
4490424,1197190,163.98
4490424,1197275,37.39
4490424,1197812,16.34
4490424,1198247,48.61
4490424,1198965,6.35
4490424,1198974,25.24
4490424,1200035,130.57
4490424,1200126,59.55
4490424,1200142,132.78
4490424,1200263,23.91
4490424,1200297,28.9
4490424,1200913,26.57
4490424,1200915,26.57
4490424,1201101,4.3
4490424,1201107,29.78
4490424,1201148,91.8
4490424,1201149,55.25
4490424,1201253,41.42
4490424,1201620,64.44
4490424,1201682,21.12
4490424,1201699,34.26
4490424,1201717,323.77
4490424,1201765,11.26
4490424,1201797,94.46
4490424,1201845,71.35
4490424,1202007,37.06
4490424,1202063,8.09
4490424,1202528,92.87
4490424,1202622,5.51
4490424,1202671,7.34
4490424,1202729,4.34
4490424,1202744,12.59
4490424,1203171,54.55
4490424,1203241,23.91
4490424,1203410,80.65
4490424,1203639,23.81
4490424,1203640,27.85
4490424,1203917,83.17
4490424,1204277,120.63
4490424,1204319,42.81
4490424,1204353,90.84
4490424,1204669,68.02
4490424,1204939,41.35
4490424,1205048,8.82
4490424,1205082,23.61
4490424,1205525,36.64
4490424,1205660,50.41
4490424,1205706,35.9
4490424,1205708,92.98
4490424,1205709,258.52
4490424,1205710,646.28
4490424,1206060,39.66
4490424,1206271,89.77
4490424,1206282,126.32
4490424,1206471,26.29
4490424,1206472,45.79
4490424,1206473,57.7
4490424,1206893,554.61
4490424,1206947,50.42
4490424,1207036,49.5
4490424,1207113,10.72
4490424,1207213,85.06
4490424,1207263,49.5
4490424,1207274,191.07
4490424,1207426,176.33
4490424,1207513,39.63
4490424,1207825,41.42
4490424,1207891,1.45
4490424,1207959,80.65
4490424,1208105,71.69
4490424,1208111,71.12
4490424,1208152,916.4
4490424,1208153,90.29
4490424,1208205,39.62
4490424,1208214,80.65
4490424,1208232,79.99
4490424,1208316,39.43
4490424,1208319,80.65
4490424,1208320,79.99
4490424,1208697,52.61
4490424,1208760,5.06
4490424,1208966,146.66
4490424,1209101,31.93
4490424,1209150,71.38
4490424,1209373,77.1
4490424,1209375,47.75
4490424,1209412,83.19
4490424,1209434,62.77
4490424,1209436,54.21
4490424,1209475,104.75
4490424,1209858,2.53
4490424,1209882,39.62
4490424,1210307,18.48
4490424,1210318,2.18
4490424,1210319,58.98
4490424,1210320,453.97
4490424,1210592,61.91
4490424,1210619,50.92
4490424,1210787,79.99
4490424,1210843,29.64
4490424,1210864,191.07
4490424,1210883,39.54
4490424,1210884,39.51
4490424,1211208,55.26
4490424,1211400,9.85
4490424,1211423,70.6
4490424,1211498,81.6
4490424,1211651,44.5
4490424,1211696,56.43
4490424,1211746,142.29
4490424,1211962,79.99
4490424,1212429,74.14
4490424,1212430,50.16
4490424,1212499,2.13
4490424,1213112,18.46
4490424,1213226,155.58
4490424,1213228,65.03
4490424,1213239,45.62
4490424,1213274,80.65
4490424,1213414,73.77
4490424,1213599,85.37
4490424,1213755,62.24
4490424,1213906,47.75
4490424,1213912,96.91
4490424,1213935,29.88
4490424,1213982,16.38
4490424,1213983,43.54
4490424,1213984,26.93
4490424,1213985,22.87
4490424,1213988,58.06
4490424,1214174,93.1
4490424,1214233,4.11
4490424,1214440,35.76
4490424,1214764,18.86
4490424,1214792,29.93
4490424,1214840,40.15
4490424,1215129,2.18
4490424,1215141,58.54
4490424,1215473,28.56
4490424,1215531,25.64
4490424,1215570,131.59
4490424,1215571,129.97
4490424,1215655,29.93
4490424,1216006,137.4
4490424,1216008,83.23
4490424,1216258,1.58
4490424,1216339,16.23
4490424,1216479,37.09
4490424,1216480,37.09
4490424,1216485,34.57
4490424,1216486,37.09
4490424,1216487,52.73
4490424,1216488,22.59
4490424,1216489,18.41
4490424,1216950,8.93
4490424,1217026,41.97
4490424,1217061,57.97
4490424,1217489,149.24
4490424,1217586,92.28
4490424,1217697,29.93
4490424,1217701,156.22
4490424,1217757,17.68
4490424,1218489,55.09
4490424,1218565,37.45
4490424,1218714,58.54
4490424,1218731,83.19
4490424,1218940,191.07
4490424,1219214,40.79
4490424,1219263,5.97
4490424,1219529,35.9
4490424,1220435,191.07
4490424,1221831,49.34
4490424,1221963,101.11
4490424,1222196,5.64
4490424,1222392,31.92
4490424,1222475,55.21
4490424,1222541,19.5
4490424,1222614,10.52
4490424,1222658,24.31
4490424,1222871,68.17
4490424,1222873,37.54
4490424,1222874,33
4490424,1222916,60.45
4490424,1222918,60.37
4490424,1222969,29.64
4490424,1222972,114.03
4490424,1222976,50.08
4490424,1222978,24.79
4490424,1223388,143.47
4490424,1223545,53.5
4490424,1223575,86
4490424,1223946,28.85
4490424,1223948,41.26
4490424,1223952,7.06
4490424,1224926,4.28
4490424,1225289,104.26
4490424,1225530,11.16
4490424,1225660,36.08
4490424,1225744,17.57
4490424,1225766,106.99
4490424,1225805,96.91
4490424,1226515,11.32
4490424,1226891,2.08
4490424,1226986,35.9
4490424,1227046,80.64
4490424,1227048,96.48
4490424,1227973,61.3
4490424,1227975,61.27
4490424,1228061,45.62
4490424,1228062,45.62
4490424,1228375,77.43
4490424,1228474,4.37
4490424,1228519,39.5
4490424,1228596,55.2
4490424,1228806,178.99
4490424,1228808,275.33
4490424,1229225,43.11
4490424,1229355,43.04
4490424,1229502,29.03
4490424,1229746,26.57
4490424,1229916,64.82
4490424,1230017,3.94
4490424,1230189,46.87
4490424,1230194,41.1
4490424,1230246,53.09
4490424,1230328,58.4
4490424,1230338,41.43
4490424,1230347,69.24
4490424,1230481,108.91
4490424,1230615,61.04
4490424,1230664,21.85
4490424,1231152,58.33
4490424,1231153,71.63
4490424,1231472,85.8
4490424,1231750,63.78
4490424,1231818,79.07
4490424,1232173,34.54
4490424,1232175,44.62
4490424,1232983,60.71
4490424,1233261,6.39
4490424,1233550,43.14
4490424,1234239,89.46
4490424,1234469,3.49
4490424,1234670,326.87
4490424,1234811,25.33
4490424,1234871,39.6
4490424,1234944,3.12
4490424,1236054,6.85
4490424,1236238,20.92
4490424,1236307,5.18
4490424,1236317,0.8
4490424,1236509,37.45
4490424,1237092,7802.69
4490424,1237128,97.41
4490424,1237352,29.93
4490424,1237652,45.62
4490424,1238009,41.4
4490424,1238011,29.29
4490424,1238026,41.49
4490424,1238393,44.17
4490424,1238460,34.55
4490424,1238706,33.35
4490424,1239180,68.17
4490424,1239794,2.02
4490424,1240058,163
4490424,1240305,0.93
4490424,1240308,15.64
4490424,1240404,79.99
4490424,1240488,164.39
4490424,1241449,99.98
4490424,1241741,37.45
4490424,1241949,4.7
4490424,1242272,76.9
4490424,1242381,36.28
4490424,1243097,74.49
4490424,1243836,45.08
4490424,1243843,25.64
4490424,1244087,20.01
4490424,1244089,1.04
4490424,1244303,62.46
4490424,1244349,133.24
4490424,1244423,15.81
4490424,1244569,13.23
4490424,1244583,78.84
4490424,1244847,35.8
4490424,1245472,34.01
4490424,1245926,43.56
4490424,1245927,43.79
4490424,1245929,43.44
4490424,1245930,43.43
4490424,1246075,6.95
4490424,1246164,56.71
4490424,1246647,9.87
4490424,1246702,68.53
4490424,1246903,64.77
4490424,1247099,123.78
4490424,1247528,68.53
4490424,1247754,36.23
4490424,1247794,34.27
4490424,1248275,69.13
4490424,1248814,16.5
4490424,1249194,57.89
4490424,1249380,43.8
4490424,1249995,175.31
4490424,1250580,2.39
4490424,1250581,2.98
4490424,1250658,54.31
4490424,1250663,1.43
4490424,1250838,2.53
4490424,1251104,7.73
4490424,1251118,35.27
4490424,1251165,86.91
4490424,1251911,267.75
4490424,1252050,6.85
4490424,1252140,9.29
4490424,1252633,84.69
4490424,1252697,65.83
4490424,1252710,2.32
4490424,1252711,1.64
4490424,1253114,62.51
4490424,1253242,6.85
4490424,1253248,6.85
4490424,1253304,5.18
4490424,1253326,36.05
4490424,1253699,47.97
4490424,1253931,9.83
4490424,1254081,10.86
4490424,1254402,28.81
4490424,1254565,57.59
4490424,1254866,4.41
4490424,1255356,4.33
4490424,1255440,40.16
4490424,1256156,789.94
4490424,1256158,47.15
4490424,1256292,34.03
4490424,1256529,2.53
4490424,1256649,121.14
4490424,1257318,54.96
4490424,1257320,56.01
4490424,1257321,32.9
4490424,1257863,769.42
4490424,1258825,310.51
4490424,1258898,9.46
4490424,1259049,34.96
4490424,1259235,43.69
4490424,1259274,4.77
4490424,1259750,85.89
4490424,1259802,210.83
4490424,1260438,87.68
4490424,1260495,98.49
4490424,1260551,31.43
4490424,1260850,34.96
4490424,1260910,34.64
4490424,1260923,4.59
4490424,1260925,7.31
4490424,1260957,121.39
4490424,1261280,36.58
4490424,1261522,1.08
4490424,1261647,10.52
4490424,1261979,4.19
4490424,1262595,4.28
4490424,1262631,82.22
4490424,1262744,101.12
4490424,1263072,34.93
4490424,1263119,8.24
4490424,1263182,117.61
4490424,1263688,183.71
4490424,1263792,33.25
4490424,1264088,20.51
4490424,1264280,6.1
4490424,1264343,39.78
4490424,1264347,44.85
4490424,1264349,49.97
4490424,1264362,68.84
4490424,1264363,43.78
4490424,1264365,54.33
4490424,1264368,39.75
4490424,1264370,41.95
4490424,1264463,35.4
4490424,1264547,2.73
4490424,1264870,5.63
4490424,1264896,4.33
4490424,1264898,2.18
4490424,1265019,3.94
4490424,1265314,96.59
4490424,1265568,49.72
4490424,1265857,140.47
4490424,1265881,13.06
4490424,1266067,1.97
4490424,1266438,138.11
4490424,1266824,35.25
4490424,1266887,50.08
4490424,1267397,36.29
4490424,1267604,103.71
4490424,1267759,6.51
4490424,1267912,1.08
4490424,1268437,111.06
4490424,1268534,65.83
4490424,1268543,10.57
4490424,1268683,8.09
4490424,1268749,4.33
4490424,1268826,69.58
4490424,1268829,70.81
4490424,1268886,10.36
4490424,1269244,35.74
4490424,1269954,2.53
4490424,1270013,84.98
4490424,1270347,24.59
4490424,1270468,1.63
4490424,1270518,37.49
4490424,1270641,27.3
4490424,1270692,38.11
4490424,1270884,86.42
4490424,1270890,9
4490424,1271034,14.57
4490424,1271210,28.44
4490424,1271869,103.04
4490424,1271936,43.04
4490424,1272058,2.76
4490424,1272066,85.99
4490424,1272120,9.25
4490424,1272306,7.24
4490424,1272426,48.45
4490424,1272852,7.51
4490424,1273152,4.41
4490424,1273233,23.18
4490424,1273290,4.14
4490424,1273291,10.94
4490424,1273292,10.79
4490424,1273294,8.23
4490424,1273325,12.79
4490424,1273401,14.86
4490424,1273503,88.99
4490424,1273627,5.95
4490424,1273928,51.35
4490424,1274083,326.87
4490424,1274084,326.87
4490424,1274284,6.84
4490424,1274520,62.01
4490424,1274554,19.1
4490424,1274570,184.9
4490424,1274737,11.43
4490424,1274910,34.74
4490424,1275322,6.58
4490424,1275884,29.17
4490424,1276298,43.04
4490424,1276394,72.85
4490424,1276421,28.11
4490424,1276515,3.3
4490424,1276516,0.6
4490424,1277046,83.17
4490424,1277667,6.76
4490424,1277908,80.95
4490424,1277982,2.03
4490424,1277983,7.24
4490424,1278121,5.44
4490424,1278369,248.43
4490424,1279372,28.39
4490424,1279660,294.21
4490424,1279735,8.01
4490424,1279751,175.31
4490424,1279823,2.66
4490424,1280067,10.9
4490424,1280070,8.78
4490424,1280075,60.97
4490424,1280427,44.17
4490424,1280569,62.73
4490424,1280702,59.64
4490424,1281211,223.37
4490424,1281246,49.05
4490424,1281392,28.43
4490424,1281417,27.56
4490424,1281878,85.51
4490424,1282406,4.41
4490424,1282809,7.06
4490424,1283378,9.46
4490424,1283498,20.52
4490424,1283813,27.3
4490424,1283828,85.2
4490424,1283830,23.61
4490424,1283918,57.35
4490424,1284096,43.04
4490424,1284173,54.73
4490424,1284243,6.1
4490424,1284244,6.1
4490424,1284246,6.1
4490424,1284276,26.57
4490424,1284398,1.37
4490424,1284685,52.84
4490424,1284967,103.23
4490424,1285020,33.03
4490424,1285021,33.03
4490424,1285022,33.03
4490424,1285395,7.56
4490424,1285416,32.28
4490424,1285498,2.86
4490424,1285666,41.05
4490424,1285777,12.08
4490424,1285802,17.74
4490424,1285817,30.64
4490424,1286597,14.96
4490424,1286823,9.9
4490424,1287358,71.68
4490424,1287636,48.49
4490424,1287640,4.57
4490424,1287771,35.76
4490424,1288095,45.42
4490424,1288212,97.55
4490424,1289049,21.34
4490424,1289088,4.45
4490424,1289465,132.71
4490424,1289919,160.65
4490424,1289936,30.11
4490424,1290292,54.26
4490424,1290431,13.85
4490424,1291282,54.31
4490424,1291285,1.65
4490424,1291446,310.51
4490424,1291833,91.31
4490424,1292324,17.91
4490424,1292416,10.62
4490424,1292417,5.58
4490424,1292473,5
4490424,1293231,103.23
4490424,1293398,646.98
4490424,1293443,56.77
4490424,1293493,9.38
4490424,1293549,12.08
4490424,1293614,111.63
4490424,1293756,597.67
4490424,1293785,11.37
4490424,1293786,110.72
4490424,1294461,4.03
4490424,1294643,33.36
4490424,1294743,102.38
4490424,1294747,79.99
4490424,1295063,6.12
4490424,1295135,5.63
4490424,1295183,6.16
4490424,1295354,160.65
4490424,1295728,167.63
4490424,1295812,7.71
4490424,1295814,43.04
4490424,1295986,17.85
4490424,1296078,39.21
4490424,1296764,95.78
4490424,1296977,776.75
4490424,1297457,5.52
4490424,1297779,69.79
4490424,1298066,4.53
4490424,1298068,4.11
4490424,1298319,12.21
4490424,1298368,268.82
4490424,1298369,274.02
4490424,1298389,28.58
4490424,1298397,1255.54
4490424,1298398,326.87
4490424,1299143,377.68
4490424,1299496,59.3
4490424,1299508,465.49
4490424,1299518,2047.32
4490424,1299535,37.17
4490424,1299562,666.85
4490424,1299734,18.52
4490424,1300183,109.03
4490424,1300350,6.84
4490424,1300706,2.09
4490424,1300991,1.42
4490424,1301159,5.54
4490424,1301405,6.85
4490424,1301407,8.47
4490424,1301459,3.74
4490424,1302160,29.17
4490424,1302342,13.27
4490424,1303098,9.43
4490424,1303100,9.43
4490424,1303101,9.43
4490424,1303104,9.43
4490424,1303105,9.43
4490424,1303106,9.43
4490424,1303107,9.43
4490424,1303378,394.17
4490424,1303379,111.63
4490424,1303598,191.07
4490424,1303599,80.65
4490424,1303600,80.65
4490424,1303601,80.65
4490424,1303603,54.03
4490424,1303604,32.55
4490424,1303606,1255.54
4490424,1303607,1255.54
4490424,1303608,1255.54
4490424,1303609,1255.54
4490424,1303610,1255.54
4490424,1303626,3.13
4490424,1304035,8.8
4490424,1304593,4.06
4490424,1304769,101.18
4490424,1304771,101.18
4490424,1305109,54.86
4490424,1305152,11.54
4490424,1305283,85.99
4490424,1305284,44.26
4490424,1305478,79.99
4490424,1305575,65.83
4490424,1305586,209.94
4490424,1305589,17.34
4490424,1305810,49.05
4490424,1305833,14.82
4490424,1306070,20.46
4490424,1306221,95.78
4490424,1306892,30.11
4490424,1307090,51.36
4490424,1307164,5.44
4490424,1307165,4.08
4490424,1307465,321.78
4490424,1307466,5.39
4490424,1307871,10.79
4490424,1307873,2.84
4490424,1307874,10.79
4490424,1308260,45.95
4490424,1308534,6.8
4490424,1308592,37.89
4490424,1308696,12.44
4490424,1308793,924.01
4490424,1309242,79.99
4490424,1309621,18.01
4490424,1309682,4.92
4490424,1309683,6.44
4490424,1310099,8.23
4490424,1310543,50.35
4490424,1310732,39.21
4490424,1310911,6.11
4490424,1311048,6.43
4490424,1311054,8.23
4490424,1311055,8.23
4490424,1311056,8.23
4490424,1311057,6.44
4490424,1311058,6.44
4490424,1311077,69.79
4490424,1311184,8.42
4490424,1311185,41.01
4490424,1311424,22.14
4490424,1311518,7.62
4490424,1311680,44.26
4490424,1311963,5.87
4490424,1312326,6.19
4490424,1312859,924.01
4490424,1312874,45.74
4490424,1312889,88.48
4490424,1312907,199.5
4490424,1313350,4.37
4490424,1313398,5.18
4490424,1313473,1.9
4490424,1313710,26.87
4490424,1314050,28.57
4490424,1314370,1.4
4490424,1314390,3.51
4490424,1314434,15.81
4490424,1314729,6.85
4490424,1314816,6.91
4490424,1315044,19.71
4490424,1315195,51.73
4490424,1315201,59.88
4490424,1315296,68.28
4490424,1315625,13.89
4490424,1315660,23.47
4490424,1315708,69.41
4490424,1315735,12.46
4490424,1315835,125.17
4490424,1315850,2047.32
4490424,1315929,31.44
4490424,1315930,28.56
4490424,1316049,7.12
4490424,1316050,12.34
4490424,1316051,20.23
4490424,1316338,59.55
4490424,1316367,111.53
4490424,1316475,62.64
4490424,1316617,643.9
4490424,1316651,155.51
4490424,1316705,924.01
4490424,1316802,56.59
4490424,1316816,8.08
4490424,1316838,14.12
4490424,1316982,3.94
4490424,1317115,89.59
4490424,1317221,8.21
4490424,1317266,401.84
4490424,1317277,2.94
4490424,1317280,2.83
4490424,1317298,3.12
4490424,1317433,38.42
4490424,1317572,3.65
4490424,1317706,16.49
4490424,1317715,109.94
4490424,1317881,4.25
4490424,1317892,6.94
4490424,1317902,7.89
4490424,1317904,10.38
4490424,1317973,18.59
4490424,1318183,89.52
4490424,1318187,38.85
4490424,1318188,50.53
4490424,1318435,39.92
4490424,1318509,4.33
4490424,1318510,4.33
4490424,1318511,4.33
4490424,1318515,4.33
4490424,1318516,4.33
4490424,1318526,57.27
4490424,1318527,87.64
4490424,1318544,11.63
4490424,1319149,7.78
4490424,1319290,166.25
4490424,1319344,25.67
4490424,1319550,90.84
4490424,1319741,1.4
4490424,1320293,31.16
4490424,1320294,78.23
4490424,1320297,111.72
4490424,1320730,1.96
4490424,1321284,5.94
4490424,1321297,55.47
4490424,1321301,116.58
4490424,1321896,76.84
4490424,1322398,4.88
4490424,1322478,40.07
4490424,1322479,40.08
4490424,1322480,40.08
4490424,1322481,0.1
4490424,1322489,3.68
4490424,1322674,2.77
4490424,1322848,13.17
4490424,1322981,4.42
4490424,1323342,4.51
4490424,1323466,241.79
4490424,1323589,0.2
4490424,1323633,23.74
4490424,1323786,4.51
4490424,1323787,4.51
4490424,1323788,4.51
4490424,1323789,4.51
4490424,1323865,33.38
4490424,1324918,45.74
4490424,1324995,7.43
4490424,1325136,63.24
4490424,1325466,10.79
4490424,1325809,73.29
4490424,1326036,16.06
4490424,1326259,12.53
4490424,1326262,12.53
4490424,1326263,12.53
4490424,1326265,12.53
4490424,1326266,12.53
4490424,1326267,12.53
4490424,1326268,12.53
4490424,1326508,93.86
4490424,1326509,107.27
4490424,1326524,30.27
4490424,1326609,37.94
4490424,1326697,5.77
4490424,1327121,59.65
4490424,1327431,15.28
4490424,1327432,9.93
4490424,1327615,33.29
4490424,1327801,14.79
4490424,1327903,5.29
4490424,1328058,134.32
4490424,1328085,65.83
4490424,1328088,65.83
4490424,1328221,213.16
4490424,1328358,3169.4
4490424,1328577,1.43
4490424,1328694,5.39
4490424,1329031,54.01
4490424,1329403,45.55
4490424,1329606,40.09
4490424,1329997,145.05
4490424,1330008,6.16
4490424,1330435,3.28
4490424,1330488,1.45
4490424,1330770,47.94
4490424,1331416,54.01
4490424,1331539,45.74
4490424,1331688,1062.76
4490424,1332108,61.83
4490424,1332369,5.72
4490424,1332474,19.3
4490424,1332574,22.09
4490424,1332666,48.71
4490424,1332962,55.84
4490424,1333071,0.61
4490424,1333072,0.51
4490424,1333073,0.61
4490424,1334142,27.62
4490424,1334209,6.26
4490424,1334499,2.16
4490424,1334636,59.62
4490424,1334919,35.41
4490424,1334986,18.8
4490424,1335643,253.63
4490424,1336346,24.46
4490424,1336376,20.14
4490424,1336378,35.32
4490424,1336387,122.57
4490424,1336403,10.63
4490424,1336432,12.27
4490424,1336462,216.2
4490424,1336579,297.88
4490424,1336756,5.3
4490424,1337247,9.54
4490424,1337448,104.93
4490424,1337598,59.55
4490424,1337799,7.5
4490424,1337912,6.3
4490424,1338157,248.33
4490424,1338682,24.29
4490424,1339202,1.42
4490424,1339375,1.41
4490424,1339912,28.44
4490424,1339957,32.39
4490424,1340655,73.02
4490424,1340686,121.63
4490424,1340835,3.15
4490424,1340898,39.03
4490424,1341088,1359.31
4490424,1341097,142.29
4490424,1341513,57.12
4490424,1341810,104.67
4490424,1341828,326.87
4490424,1341878,46.35
4490424,1341886,110.65
4490424,1341973,17.34
4490424,1342389,1.45
4490424,1342789,8.08
4490424,1343499,15.38
4490424,1343502,18.8
4490424,1343551,10.91
4490424,1343566,54.78
4490424,1343567,54.78
4490424,1343590,70.5
4490424,1343703,7.81
4490424,1344290,21.75
4490424,1344474,13.27
4490424,1344500,1.63
4490424,1344642,138.02
4490424,1344643,129.47
4490424,1345104,54.78
4490424,1345230,81.18
4490424,1345232,81.18
4490424,1345233,81.18
4490424,1345463,15.38
4490424,1345625,66.34
4490424,1345720,14.25
4490424,1347126,66.87
4490424,1347296,13.63
4490424,1347404,6.43
4490424,1347463,69.49
4490424,1347511,10.32
4490424,1348430,84.59
4490424,1349181,90.87
4490424,1349182,42.25
4490424,1350733,64.34
4490424,1350935,8.81
4490424,1350936,8.81
4490424,1350937,8.81
4490424,1351286,2.81
4490424,1351938,15.84
4490424,1352528,104.98
4490424,1352531,4.52
4490424,1352658,36.24
4490424,1352821,17.12
4490424,1352979,52.28
4490424,1353712,3.77
4490424,1354478,4.28
4490424,1354929,44.09
4490424,1355311,51.41
4490424,1355362,100.1
4490424,1355447,4.87
4490424,1355832,89.53
4490424,1355834,89.53
4490424,1355835,89.53
4490424,1356666,2.67
4490424,1357416,60.38
4490424,1358777,90.84
4490424,1358802,50.09
4490424,1358931,1696.72
4490424,1359152,13.23
4490424,1359185,13.24
4490424,1359400,18.78
4490424,1359759,44.26
4490424,1360454,29.23
4490424,1361010,2.13
4490424,1361851,0.8
4490424,1362404,99.45
4490424,1362667,5.54
4490424,1363023,91.8
4490424,1363077,64.91
4490424,1363632,9.6
4490424,1363863,13.58
4490424,1364120,7802.69
4490424,1364971,5.54
4490424,1365325,84.25
4490424,1365538,18.21
4490424,1366409,2.79
4490424,1367545,7.86
4490424,1367948,49.94
4490424,1368268,0.67
4490424,1368607,9.91
4490424,1368872,2399.02
4490424,1368884,73.29
4490424,1370162,4.57
4490424,1370167,19.7
4490424,1370300,1163.02
4490424,1370352,3.8
4490424,1370986,64.35
4490424,1371714,2.86
4490424,1372631,85.51
4490424,1372731,62.13
4490424,1373420,8.01
4490424,1373557,14.73
4490424,1373659,2
4490424,1375239,17.56
4490424,1375250,48.49
4490424,1375261,6.08
4490424,1375760,163.98
4490424,1375825,17.56
4490424,1375826,17.56
4490424,1375957,126.04
4490424,1376055,126.04
4490424,1376056,10.3
4490424,1376058,9.84
4490424,1376060,9.84
4490424,1376061,9.84
4490424,1376065,9.84
4490424,1376067,31.13
4490424,1376069,31.13
4490424,1376070,31.13
4490424,1376071,31.13
4490424,1376074,31.13
4490424,1376076,22.31
4490424,1376078,22.31
4490424,1376079,22.31
4490424,1376081,22.31
4490424,1376083,22.31
4490424,1376159,6.08
4490424,1376161,6.08
4490424,1376164,6.08
4490424,1376174,71.35
4490424,1376714,6583.44
4490424,1376920,1.02
4490424,1377045,48.49
4490424,1377048,32.36
4490424,1377138,31.13
4490424,1377694,0.8
4490424,1378134,12.03
4490424,1378217,11957.56
4490424,1378251,64.35
4490424,1378262,12.1
4490424,1378712,73.02
4490424,1378898,293.25
4490424,1378952,45.89
4490424,1379011,9.84
4490424,1379096,54.31
4490424,1379585,4.91
4490424,1379614,153.04
4490424,1379615,153.04
4490424,1379617,153.04
4490424,1379619,153.04
4490424,1379631,153.04
4490424,1379897,48.75
4490424,1380145,1.19
4490424,1380629,6.42
4490424,1380687,133.09
4490424,1381298,48.49
4490424,1381437,70.81
4490424,1382112,1.95
4490424,1382149,0.96
4490424,1382210,8.68
4490424,1382256,31.42
4490424,1382375,8.06
4490424,1383017,1035.76
4490424,1383045,153.04
4490424,1383594,48.49
4490424,1383596,51.05
4490424,1383883,6.71
4490424,1384044,7.58
4490424,1384611,0.8
4490424,1390257,66.4
4490424,1390258,66.4
4490424,1390259,66.4
4490424,1003979,114.95
4490424,1004054,114.95
4490424,1004122,56.89
4490424,1004426,127.05
4490424,1004458,121.07
4490424,1005147,96.8
4490424,1005432,71.98
4490424,1005434,88
4490424,1005435,66.91
4490424,1005437,83.74
4490424,1005438,80.13
4490424,1005439,82.86
4490424,1005440,86.16
4490424,1005441,104.22
4490424,1005442,87.3
4490424,1005775,89.01
4490424,1005777,133.77
4490424,1005905,106.75
4490424,1005906,134.57
4490424,1006100,43.21
4490424,1006101,43.21
4490424,1006102,43.21
4490424,1006386,131.62
4490424,1007935,125.6
4490424,1007936,52.2
4490424,1008667,66.32
4490424,1008694,118.58
4490424,1009176,104.77
4490424,1010040,70.31
4490424,1010061,77.6
4490424,1010122,10.07
4490424,1010130,43.87
4490424,1010194,27.99
4490424,1010245,38.46
4490424,1010279,67.15
4490424,1010290,106.65
4490424,1010291,74.36
4490424,1010405,39.62
4490424,1010422,45.34
4490424,1010425,42.68
4490424,1010507,12.01
4490424,1010578,21.49
4490424,1010604,106.86
4490424,1010608,48.21
4490424,1010666,114.19
4490424,1010671,155.26
4490424,1010673,216.88
4490424,1010722,155.26
4490424,1010760,29.8
4490424,1010764,36.68
4490424,1010769,50.71
4490424,1010774,384.26
4490424,1010847,46.67
4490424,1010889,58.27
4490424,1010934,64.36
4490424,1010985,82.35
4490424,1011010,109.4
4490424,1011023,67.65
4490424,1011114,95.91
4490424,1011118,112.17
4490424,1011157,58.27
4490424,1011161,86.07
4490424,1011162,73.81
4490424,1011163,95.91
4490424,1011164,108.1
4490424,1011178,31.06
4490424,1011197,109.51
4490424,1011206,31.76
4490424,1011227,27.38
4490424,1011248,31.76
4490424,1011251,54
4490424,1011287,36.68
4490424,1011324,114.46
4490424,1011325,139.06
4490424,1011338,84.55
4490424,1011340,75.17
4490424,1011378,76.1
4490424,1011380,102.63
4490424,1011381,103
4490424,1011404,70.07
4490424,1011467,133.77
4490424,1011515,38.8
4490424,1011516,54
4490424,1011565,73.08
4490424,1011570,139.06
4490424,1011571,70.46
4490424,1011586,70.07
4490424,1011590,77.49
4490424,1011600,86.63
4490424,1011617,96.33
4490424,1011619,133.41
4490424,1011956,61.94
4490424,1012039,80.06
4490424,1012040,90.52
4490424,1012041,109.57
4490424,1012043,89.07
4490424,1012080,68.14
4490424,1012116,65.77
4490424,1012145,98.5
4490424,1012165,57.47
4490424,1012177,93.45
4490424,1012181,70.23
4490424,1012183,112.4
4490424,1012187,60.66
4490424,1012238,88.75
4490424,1012253,56.89
4490424,1012314,72.34
4490424,1012316,90.35
4490424,1012342,82.1
4490424,1012351,73.67
4490424,1012426,73.82
4490424,1012447,96.98
4490424,1012967,118.21
4490424,1012968,100.75
4490424,1012969,59.48
4490424,1013002,86.82
4490424,1013095,48.55
4490424,1013098,50.3
4490424,1013119,101.46
4490424,1013146,57.97
4490424,1013159,106.75
4490424,1013160,126.15
4490424,1013165,98.28
4490424,1013174,67.76
4490424,1013183,59.47
4490424,1013191,59.27
4490424,1013211,59.8
4490424,1013223,89.66
4490424,1013252,97.98
4490424,1013276,45.54
4490424,1013324,47.85
4490424,1013340,57.59
4490424,1013372,76.02
4490424,1013730,77.58
4490424,1013915,58.06
4490424,1013916,59.44
4490424,1013917,63
4490424,1013919,53.91
4490424,1013921,73.57
4490424,1013928,87.92
4490424,1013930,40.83
4490424,1013931,84.43
4490424,1013933,40.78
4490424,1013941,45.04
4490424,1013976,63.71
4490424,1013977,67.28
4490424,1014014,68.84
4490424,1014018,78.23
4490424,1014075,91.18
4490424,1014595,45.55
4490424,1014597,47.14
4490424,1014602,92.94
4490424,1014603,45.44
4490424,1014623,59.09
4490424,1014625,75.65
4490424,1014626,29.81
4490424,1014629,46.28
4490424,1014632,59.98
4490424,1014663,29.81
4490424,1014665,57.5
4490424,1014707,63.64
4490424,1014724,30.47
4490424,1014727,44.07
4490424,1014735,31.1
4490424,1014898,77.11
4490424,1014936,34.45
4490424,1014965,39.04
4490424,1014966,29.31
4490424,1014989,36.1
4490424,1014990,58.09
4490424,1014991,62.37
4490424,1014999,37.11
4490424,1015017,38.31
4490424,1015019,36.96
4490424,1015031,53.53
4490424,1015041,37.61
4490424,1015048,116.75
4490424,1015050,65.79
4490424,1015071,59.14
4490424,1015077,58.49
4490424,1015096,65.15
4490424,1015134,77.02
4490424,1015186,23.09
4490424,1015203,28.85
4490424,1015207,41.26
4490424,1015225,37.62
4490424,1015232,69.95
4490424,1015264,80.05
4490424,1015661,62.91
4490424,1015805,86.75
4490424,1015806,45.25
4490424,1015810,72.77
4490424,1015816,64.68
4490424,1015878,45.75
4490424,1015894,69.94
4490424,1015897,42.73
4490424,1015946,56.24
4490424,1015947,70.6
4490424,1015999,54.68
4490424,1016007,24.23
4490424,1016056,65.89
4490424,1016068,54.6
4490424,1016075,44.79
4490424,1016081,45.18
4490424,1016082,45.12
4490424,1016090,25.84
4490424,1016091,39.28
4490424,1016093,31.87
4490424,1016103,29.53
4490424,1016145,37.15
4490424,1016177,22.57
4490424,1016210,70.75
4490424,1016212,28.58
4490424,1016213,50.3
4490424,1016214,29.8
4490424,1016225,28.35
4490424,1016226,66.5
4490424,1016227,46.32
4490424,1016228,59.37
4490424,1016273,78.59
4490424,1016291,21.79
4490424,1016300,32.69
4490424,1016370,60.33
4490424,1016371,77.83
4490424,1016372,103.14
4490424,1016373,62.44
4490424,1016374,61.06
4490424,1016375,74.31
4490424,1016398,56.19
4490424,1016421,51.16
4490424,1016513,60.74
4490424,1016535,57.25
4490424,1016599,28.16
4490424,1016608,110.7
4490424,1016691,22.87
4490424,1016697,29.47
4490424,1016709,26.93
4490424,1016714,33.08
4490424,1016724,56.79
4490424,1016727,68.55
4490424,1016729,43.54
4490424,1016749,22.75
4490424,1016752,26.08
4490424,1016755,27.97
4490424,1016756,40.39
4490424,1016759,16.38
4490424,1016761,35.33
4490424,1016771,48.03
4490424,1016802,48.78
4490424,1017226,56.38
4490424,1017252,54.88
4490424,1017259,59.62
4490424,1017290,39.66
4490424,1017295,59.35
4490424,1017296,59.32
4490424,1017297,59.35
4490424,1017325,54.65
4490424,1017327,59.32
4490424,1017336,68.36
4490424,1017338,27.18
4490424,1017361,61.18
4490424,1017380,45.77
4490424,1017386,30.45
4490424,1017388,22.57
4490424,1017408,29.49
4490424,1017417,96.2
4490424,1017422,67.6
4490424,1017478,77.08
4490424,1017479,54.61
4490424,1017480,52.35
4490424,1017481,44.67
4490424,1017518,26.33
4490424,1017519,26.35
4490424,1017524,39.66
4490424,1017578,55.49
4490424,1017596,52.35
4490424,1017613,55.49
4490424,1017632,44.26
4490424,1017643,46.39
4490424,1017670,50.84
4490424,1017671,110.28
4490424,1017672,45.9
4490424,1017673,49.36
4490424,1017693,76.84
4490424,1017737,51.26
4490424,1017775,49.25
4490424,1017804,57.97
4490424,1017805,43.72
4490424,1017811,39.26
4490424,1017843,41.43
4490424,1017844,55.14
4490424,1017845,71.69
4490424,1017848,92.72
4490424,1017849,82.23
4490424,1017850,86.78
4490424,1017851,112.84
4490424,1017872,44.26
4490424,1017983,18.05
4490424,1018075,38.57
4490424,1018079,58.25
4490424,1018081,58.97
4490424,1018087,33.16
4490424,1018097,38.72
4490424,1018099,38.66
4490424,1018104,38.66
4490424,1018105,38.72
4490424,1018119,48.87
4490424,1018146,87.13
4490424,1018147,82.84
4490424,1018151,43.91
4490424,1018162,56.23
4490424,1018163,51.35
4490424,1018173,48.16
4490424,1018177,74.89
4490424,1018188,71.73
4490424,1018194,39.75
4490424,1018195,39.68
4490424,1018201,51.07
4490424,1018217,39.68
4490424,1018226,48.2
4490424,1018231,46.21
4490424,1018238,48.2
4490424,1018253,32.73
4490424,1018259,94.09
4490424,1018264,64.2
4490424,1018266,75.01
4490424,1018275,74.89
4490424,1018278,74.23
4490424,1018306,29.9
4490424,1018307,23.58
4490424,1018308,24.32
4490424,1018309,34.54
4490424,1018310,28.82
4490424,1018311,61.94
4490424,1018329,43.86
4490424,1018332,60.58
4490424,1018338,39.01
4490424,1018341,38.99
4490424,1018346,38.55
4490424,1018352,52.68
4490424,1018353,52.68
4490424,1018363,42.11
4490424,1018376,29.14
4490424,1018377,23.52
4490424,1018379,23.5
4490424,1018381,62.88
4490424,1018382,23.05
4490424,1018386,23.04
4490424,1018390,23.05
4490424,1018392,33.13
4490424,1018393,28.79
4490424,1018398,23.58
4490424,1018399,29.14
4490424,1018403,26.84
4490424,1018407,33.94
4490424,1018408,33.94
4490424,1018416,22.74
4490424,1018418,34.66
4490424,1018424,34.15
4490424,1018430,62.88
4490424,1018431,42.32
4490424,1018439,42.16
4490424,1018440,37.37
4490424,1018442,35.5
4490424,1018443,45.36
4490424,1018445,43.49
4490424,1018464,32.54
4490424,1018473,25.64
4490424,1018474,43.99
4490424,1018479,35.5
4490424,1018490,88.42
4490424,1018659,108.47
4490424,1018679,64.44
4490424,1018680,64.44
4490424,1018683,69.69
4490424,1018691,81.36
4490424,1018694,93.54
4490424,1018991,39.11
4490424,1019260,35.92
4490424,1019390,70.46
4490424,1019460,28.06
4490424,1019495,38.8
4490424,1019732,73.4
4490424,1019808,92.03
4490424,1019813,70.23
4490424,1019848,72.23
4490424,1019849,51.62
4490424,1019850,56.14
4490424,1019857,62.29
4490424,1019866,92.95
4490424,1020334,39.21
4490424,1020335,41.74
4490424,1020336,51.14
4490424,1020347,58.66
4490424,1020356,85.78
4490424,1020409,81.66
4490424,1020412,38.34
4490424,1020739,65.53
4490424,1020862,73.51
4490424,1022006,66.25
4490424,1022120,30.26
4490424,1022140,30.4
4490424,1022143,63.25
4490424,1022155,63.32
4490424,1022164,40.51
4490424,1022352,38.63
4490424,1022353,50.8
4490424,1022363,47.92
4490424,1022366,72.65
4490424,1022376,36.16
4490424,1022377,52.08
4490424,1022384,52.22
4490424,1022391,55.31
4490424,1023498,47.89
4490424,1023703,27.73
4490424,1023794,26.86
4490424,1023982,37.46
4490424,1023983,43.7
4490424,1023989,53.02
4490424,1024010,36.78
4490424,1024031,45.27
4490424,1024043,59.22
4490424,1024075,27.73
4490424,1024329,15.98
4490424,1024348,153.31
4490424,1024771,36.92
4490424,1024818,115.97
4490424,1025272,21.95
4490424,1025982,26.51
4490424,1025989,21.3
4490424,1026014,36.92
4490424,1026066,22.07
4490424,1026126,26.02
4490424,1026226,26.02
4490424,1026329,40.98
4490424,1027967,35.11
4490424,1028749,24.53
4490424,1028826,46.11
4490424,1028858,48.43
4490424,1030517,36.39
4490424,1030992,22.28
4490424,1030993,20.34
4490424,1031075,22.53
4490424,1032171,24.62
4490424,1049290,25.81
4490424,1049300,41.72
4490424,1049375,33.68
4490424,1049406,142.18
4490424,1049407,41.72
4490424,1049408,100.99
4490424,1049443,33.99
4490424,1049449,24.23
4490424,1049452,112.02
4490424,1049464,43.37
4490424,1049466,72.84
4490424,1049467,92.24
4490424,1049483,203.83
4490424,1049511,102.68
4490424,1049513,28.35
4490424,1049527,62.13
4490424,1049655,22.32
4490424,1049656,37.02
4490424,1049657,62.37
4490424,1049658,68.6
4490424,1049660,56.62
4490424,1049661,68.6
4490424,1049666,38.56
4490424,1049667,48.24
4490424,1049670,56.77
4490424,1049671,76.63
4490424,1051922,256.54
4490424,1060301,419.5
4490424,1064907,77.57
4490424,1064908,48.84
4490424,1074702,3.92
4490424,1074730,5.13
4490424,1074779,7.14
4490424,1074781,7.14
4490424,1075018,17.73
4490424,1081123,0.55
4490424,1083633,10.18
4490424,1093669,62.74
4490424,1115602,28.48
4490424,1115816,31.13
4490424,1116197,371.24
4490424,1118444,19.82
4490424,1120640,13.24
4490424,1123549,25.11
4490424,1124144,32.81
4490424,1124197,31.88
4490424,1124198,35.52
4490424,1124225,17.76
4490424,1124509,3.73
4490424,1124661,9.4
4490424,1124663,5.59
4490424,1124846,19.17
4490424,1124847,25.55
4490424,1124968,33.83
4490424,1125147,7.65
4490424,1125353,30.11
4490424,1125354,48.05
4490424,1125777,44.94
4490424,1127750,46.4
4490424,1136652,122.48
4490424,1136987,127.51
4490424,1137040,90.23
4490424,1137174,131.02
4490424,1137420,90.23
4490424,1137674,53.14
4490424,1137675,44.07
4490424,1138045,41.41
4490424,1138435,77.39
4490424,1138500,20.75
4490424,1138678,54.15
4490424,1138776,56.9
4490424,1138799,56.89
4490424,1138800,56.59
4490424,1139294,55.26
4490424,1139412,212.44
4490424,1139577,49.94
4490424,1139593,25.5
4490424,1139594,49.94
4490424,1139595,49.94
4490424,1139596,49.94
4490424,1139597,49.94
4490424,1139769,195.52
4490424,1139787,278.48
4490424,1139822,7.82
4490424,1139827,55.72
4490424,1139855,193.4
4490424,1140026,38.45
4490424,1140442,147.72
4490424,1141012,95.84
4490424,1141839,34.72
4490424,1141840,34.72
4490424,1142725,46.83
4490424,1143207,11.16
4490424,1143208,5.13
4490424,1143216,57.18
4490424,1143365,86.76
4490424,1144590,49.48
4490424,1145470,70.49
4490424,1145514,56.95
4490424,1146442,64.74
4490424,1146784,60.91
4490424,1147894,39.39
4490424,1150414,39.73
4490424,1150416,62.03
4490424,1150583,79.86
4490424,1150772,46.1
4490424,1152004,102.68
4490424,1152600,53.78
4490424,1152951,41.43
4490424,1153142,66.38
4490424,1153916,47.98
4490424,1154268,19.8
4490424,1154885,75.43
4490424,1155469,61.46
4490424,1155623,105.03
4490424,1156733,124.25
4490424,1156782,130.34
4490424,1157057,44.63
4490424,1157134,63.35
4490424,1157428,73.81
4490424,1157504,105.99
4490424,1157506,64.36
4490424,1157659,68.9
4490424,1158365,48.61
4490424,1159074,14.84
4490424,1159160,103.76
4490424,1159541,106.71
4490424,1160158,89.71
4490424,1160159,93.54
4490424,1160468,109.34
4490424,1160500,114.09
4490424,1160963,62.21
4490424,1161075,32.38
4490424,1161312,96.8
4490424,1161647,42.87
4490424,1163026,109.4
4490424,1163109,82.66
4490424,1163482,67.14
4490424,1163806,25.71
4490424,1163918,96.93
4490424,1163919,60.01
4490424,1164144,42.4
4490424,1164700,47.61
4490424,1165227,67.26
4490424,1165447,60.82
4490424,1165466,23.57
4490424,1165568,51.43
4490424,1165582,220.17
4490424,1165768,47.15
4490424,1166319,43.62
4490424,1166941,59.96
4490424,1166944,50.09
4490424,1166946,78.42
4490424,1166953,33.08
4490424,1166965,43.89
4490424,1167221,49.47
4490424,1167366,90.69
4490424,1167664,66.85
4490424,1167692,52.2
4490424,1167898,45.78
4490424,1168470,18.08
4490424,1168626,45.66
4490424,1168647,64.74
4490424,1168648,84.04
4490424,1169524,113.66
4490424,1169805,73.97
4490424,1169999,120.38
4490424,1170000,125.71
4490424,1170150,44.34
4490424,1170221,74.1
4490424,1170295,42.01
4490424,1170952,50.5
4490424,1171103,61.02
4490424,1171105,68.02
4490424,1171161,91.12
4490424,1171532,42.64
4490424,1171583,63.92
4490424,1172456,33.74
4490424,1172734,90.61
4490424,1173022,70.69
4490424,1173023,40.1
4490424,1173027,43.08
4490424,1173448,45.97
4490424,1173620,63.84
4490424,1173844,95.93
4490424,1173919,101.21
4490424,1174760,153.71
4490424,1174778,25.5
4490424,1175277,56.97
4490424,1175499,60.89
4490424,1175563,3.92
4490424,1175564,5.13
4490424,1175708,15
4490424,1176968,55.32
4490424,1177104,82.35
4490424,1177425,90.2
4490424,1177430,116.74
4490424,1177579,81.68
4490424,1179034,86.29
4490424,1179969,73.97
4490424,1180299,123.62
4490424,1180411,72.65
4490424,1180415,118.93
4490424,1180417,139.06
4490424,1180546,40.46
4490424,1180550,86.63
4490424,1180799,107.53
4490424,1180806,61.43
4490424,1181376,77.57
4490424,1181377,66.26
4490424,1181658,145.55
4490424,1184793,105.27
4490424,1184960,103.5
4490424,1185082,118.58
4490424,1185084,118.58
4490424,1185085,98.01
4490424,1185176,90.91
4490424,1185497,63.07
4490424,1186019,576.75
4490424,1187434,52.09
4490424,1188248,66.25
4490424,1188346,130.66
4490424,1188601,82.74
4490424,1190529,74.96
4490424,1191088,66.06
4490424,1191203,130.53
4490424,1193975,47.21
4490424,1194150,72.93
4490424,1194992,112
4490424,1197779,9.94
4490424,1197817,97.52
4490424,1199772,95.91
4490424,1200059,15.21
4490424,1201029,56.12
4490424,1201306,73.24
4490424,1202028,80.23
4490424,1202706,116.92
4490424,1202913,45.78
4490424,1203659,114.46
4490424,1203825,95.63
4490424,1203925,24.25
4490424,1204302,73.89
4490424,1204303,42.5
4490424,1204304,73.89
4490424,1204723,55.31
4490424,1204724,55.25
4490424,1204725,67.72
4490424,1204726,76.12
4490424,1204730,30.53
4490424,1204732,31.96
4490424,1204735,31.96
4490424,1204740,35.76
4490424,1204741,60.56
4490424,1204742,63.36
4490424,1204743,63.36
4490424,1204744,75.01
4490424,1204745,78.46
4490424,1204746,78.46
4490424,1204747,50.8
4490424,1204764,59
4490424,1204864,50.04
4490424,1205553,34.72
4490424,1205819,30.58
4490424,1206087,33.97
4490424,1206311,72.34
4490424,1206986,33.98
4490424,1207083,102.63
4490424,1208044,19.82
4490424,1208217,229.99
4490424,1208248,63.23
4490424,1208281,79.1
4490424,1208457,48.3
4490424,1208572,66.78
4490424,1209104,105.02
4490424,1209409,603.39
4490424,1210027,82.03
4490424,1210658,73.89
4490424,1210832,82.84
4490424,1211200,57.55
4490424,1211900,33.05
4490424,1212082,83.77
4490424,1213203,23.26
4490424,1213404,41.05
4490424,1214009,336.58
4490424,1214749,80.6
4490424,1215680,45.55
4490424,1216330,78.43
4490424,1216353,145.82
4490424,1216580,59.54
4490424,1216805,36.45
4490424,1216890,201.03
4490424,1217491,16.5
4490424,1218575,148.79
4490424,1218909,57.8
4490424,1218912,60.52
4490424,1218918,45.55
4490424,1219000,39.74
4490424,1219028,59.3
4490424,1219029,48.04
4490424,1219505,71.44
4490424,1220487,42.75
4490424,1220987,66.85
4490424,1221039,84.06
4490424,1221223,64.74
4490424,1221329,57.97
4490424,1221599,17.53
4490424,1222321,75.19
4490424,1222384,113.79
4490424,1222385,118.44
4490424,1222721,9.59
4490424,1223033,108.47
4490424,1223083,93.58
4490424,1223116,42.19
4490424,1223150,66.28
4490424,1223291,144.7
4490424,1223439,71.27
4490424,1223506,75.12
4490424,1223661,64.26
4490424,1223710,105.02
4490424,1225851,7.89
4490424,1225872,30.18
4490424,1226250,98.12
4490424,1226251,121.51
4490424,1226252,182.08
4490424,1226253,134.95
4490424,1226545,99.68
4490424,1226969,80.88
4490424,1227412,34.46
4490424,1227430,73.82
4490424,1227708,176.63
4490424,1227765,57.95
4490424,1228273,89.39
4490424,1229021,84.23
4490424,1229023,66.6
4490424,1229024,61.71
4490424,1229026,71.82
4490424,1229034,45.12
4490424,1229272,72.58
4490424,1229275,76.29
4490424,1229279,80.19
4490424,1229280,67.76
4490424,1229282,105.39
4490424,1229356,62.36
4490424,1229833,39.36
4490424,1230285,20.44
4490424,1230614,53.68
4490424,1231308,60.51
4490424,1231363,70.54
4490424,1231531,59.37
4490424,1231537,126.2
4490424,1231646,20.28
4490424,1231659,94.62
4490424,1232194,11.2
4490424,1232258,32.14
4490424,1233776,79.1
4490424,1234560,57.57
4490424,1234965,94.57
4490424,1235054,160.48
4490424,1235055,143.06
4490424,1235056,107.58
4490424,1235057,190.5
4490424,1235274,111.44
4490424,1235765,5.75
4490424,1236009,30.02
4490424,1236521,114.46
4490424,1236974,32.78
4490424,1236975,105.08
4490424,1236976,14.79
4490424,1236991,20.52
4490424,1236992,122.71
4490424,1236993,31.19
4490424,1236994,39.08
4490424,1236996,18.99
4490424,1236997,27.31
4490424,1237864,36.68
4490424,1237865,64.15
4490424,1238426,78.33
4490424,1238593,71.32
4490424,1238594,46.75
4490424,1238858,91.58
4490424,1239550,43.71
4490424,1239957,89.21
4490424,1240299,51.89
4490424,1241174,120.68
4490424,1241480,82.66
4490424,1241676,440.43
4490424,1241801,64.74
4490424,1241802,65.53
4490424,1241844,20.45
4490424,1241952,84.65
4490424,1241953,138.61
4490424,1242387,146.72
4490424,1242400,46.36
4490424,1242554,33.7
4490424,1242781,98.29
4490424,1243808,112
4490424,1243827,130.66
4490424,1244747,71.81
4490424,1244763,90.07
4490424,1245096,44.09
4490424,1245136,26.94
4490424,1245154,48.38
4490424,1245196,77.52
4490424,1245290,85.66
4490424,1245347,98.42
4490424,1245827,56.38
4490424,1245866,65.02
4490424,1245973,4.76
4490424,1245989,157
4490424,1246532,124.25
4490424,1247012,71.47
4490424,1247196,87.04
4490424,1247566,36.48
4490424,1247890,48.24
4490424,1248237,119.99
4490424,1248364,86.78
4490424,1248551,45.49
4490424,1248580,58
4490424,1249141,40.34
4490424,1250024,71.27
4490424,1250326,62.91
4490424,1250429,29.21
4490424,1250761,89.39
4490424,1250774,118.6
4490424,1250797,9.54
4490424,1251099,62.91
4490424,1251752,33.28
4490424,1251760,163.83
4490424,1252076,7.89
4490424,1252078,27.35
4490424,1252293,51.75
4490424,1252706,314.14
4490424,1252735,7.28
4490424,1252745,86.78
4490424,1252907,123.62
4490424,1253227,51.75
4490424,1253228,40.57
4490424,1253307,25.71
4490424,1253876,96.98
4490424,1254089,121.07
4490424,1254090,96.33
4490424,1254708,58.96
4490424,1254803,105.96
4490424,1254925,5.13
4490424,1255301,62.83
4490424,1255303,31.66
4490424,1255304,39.43
4490424,1255305,128.68
4490424,1255306,54.84
4490424,1255308,92.48
4490424,1255309,76.47
4490424,1255310,138.32
4490424,1255504,147.44
4490424,1255811,110.09
4490424,1255815,50
4490424,1255821,456.1
4490424,1255824,67.75
4490424,1255826,71.81
4490424,1255839,15.65
4490424,1255840,60.25
4490424,1255841,21.68
4490424,1255843,108.63
4490424,1255851,15.6
4490424,1255853,29.39
4490424,1255855,34.57
4490424,1255893,21.85
4490424,1255895,12.62
4490424,1255899,18.86
4490424,1255906,36.6
4490424,1255909,53.3
4490424,1256386,67.94
4490424,1256511,66.84
4490424,1256911,132.06
4490424,1257356,40.4
4490424,1257358,56.17
4490424,1257933,64.95
4490424,1258544,105.87
4490424,1259811,80.35
4490424,1259885,40.08
4490424,1260325,11.4
4490424,1260659,83.49
4490424,1260663,102.85
4490424,1260860,98.16
4490424,1260976,60.53
4490424,1261256,5.38
4490424,1261367,45.21
4490424,1261649,57.41
4490424,1261749,15.24
4490424,1261840,106.86
4490424,1262021,50.35
4490424,1262263,92.7
4490424,1262435,83.49
4490424,1262438,102.85
4490424,1262477,18.07
4490424,1262534,62.05
4490424,1262546,25.71
4490424,1262721,69.56
4490424,1262722,62.62
4490424,1263080,89.54
4490424,1264107,83.49
4490424,1264532,36.8
4490424,1265816,79.67
4490424,1266235,118.13
4490424,1266250,31.6
4490424,1266725,65.34
4490424,1267367,34.7
4490424,1267787,63.05
4490424,1267791,63.2
4490424,1268173,79.45
4490424,1268451,47.77
4490424,1268609,57.47
4490424,1268670,52.69
4490424,1268740,47.61
4490424,1269530,114.22
4490424,1269532,6.83
4490424,1269557,42.3
4490424,1271593,59.16
4490424,1271594,58.94
4490424,1271595,59.27
4490424,1271635,88.41
4490424,1271637,87.51
4490424,1271730,89.54
4490424,1272295,53.51
4490424,1272298,42.81
4490424,1272461,63.27
4490424,1272506,18.08
4490424,1272930,100.51
4490424,1273113,78
4490424,1273216,56.57
4490424,1273218,60.68
4490424,1273246,101.96
4490424,1273913,23.26
4490424,1273914,10.45
4490424,1274682,5.13
4490424,1274764,20.28
4490424,1274969,75.07
4490424,1275160,55.72
4490424,1275960,43.44
4490424,1276216,73.46
4490424,1276396,26.94
4490424,1276397,26.94
4490424,1276448,114.48
4490424,1276461,69.31
4490424,1276580,105.91
4490424,1276665,11.2
4490424,1276951,35.22
4490424,1276978,78.42
4490424,1278533,53.38
4490424,1278534,74
4490424,1278535,42.13
4490424,1278536,75.35
4490424,1278704,160.55
4490424,1279015,30.15
4490424,1279594,155.89
4490424,1279601,35.71
4490424,1279604,22.62
4490424,1279790,50.09
4490424,1279889,89.17
4490424,1280406,94.98
4490424,1280409,46.34
4490424,1280843,97.63
4490424,1280844,158.94
4490424,1281082,117.6
4490424,1281087,65.31
4490424,1281161,73.55
4490424,1281163,48.07
4490424,1281164,37.43
4490424,1281174,69.35
4490424,1282346,77.52
4490424,1282347,69.76
4490424,1282495,76.1
4490424,1282802,126.28
4490424,1283044,37.79
4490424,1283130,15.73
4490424,1283642,146.96
4490424,1283808,91.15
4490424,1283831,83.49
4490424,1284024,70.36
4490424,1284179,68.78
4490424,1285998,32.33
4490424,1286209,29.8
4490424,1287553,61
4490424,1288217,74.57
4490424,1288953,104.14
4490424,1289053,27.71
4490424,1289268,37.43
4490424,1289392,12.04
4490424,1289516,73.89
4490424,1290043,96.34
4490424,1290318,26.47
4490424,1290329,55.2
4490424,1290395,52.79
4490424,1290581,58.05
4490424,1291701,28.72
4490424,1292094,101.12
4490424,1292397,76.23
4490424,1293122,138.97
4490424,1293642,76.29
4490424,1294015,94.38
4490424,1294087,72.02
4490424,1294107,68.14
4490424,1294182,75.95
4490424,1294557,40.73
4490424,1294644,40.48
4490424,1294735,63.54
4490424,1294778,27.7
4490424,1294780,6.25
4490424,1294782,7.57
4490424,1294783,6.59
4490424,1294853,62.24
4490424,1294994,69.73
4490424,1295152,23.03
4490424,1295445,52.07
4490424,1295631,38.45
4490424,1295801,91.03
4490424,1295822,51.97
4490424,1295823,56.43
4490424,1295824,60.3
4490424,1295826,41.49
4490424,1295853,27.95
4490424,1296009,103.76
4490424,1296090,115.53
4490424,1296114,41.2
4490424,1296227,54.27
4490424,1296479,70.67
4490424,1296750,94.83
4490424,1296916,73.24
4490424,1297191,31.16
4490424,1297618,92.93
4490424,1298122,124.62
4490424,1298123,36.54
4490424,1298194,45.12
4490424,1299380,32.6
4490424,1300587,32.32
4490424,1300908,116.17
4490424,1300909,72.44
4490424,1300913,10.92
4490424,1300917,68.88
4490424,1301351,15.73
4490424,1301415,26.51
4490424,1301475,31.13
4490424,1302830,297.74
4490424,1302888,117.15
4490424,1303202,173.39
4490424,1303345,119.79
4490424,1303360,127.05
4490424,1303427,18.91
4490424,1303541,3.45
4490424,1303582,23.26
4490424,1303584,15.48
4490424,1303996,38.63
4490424,1304114,134.2
4490424,1305046,88.14
4490424,1305388,38.02
4490424,1305404,72.53
4490424,1305405,43.22
4490424,1305616,377.66
4490424,1306328,6.71
4490424,1306345,47.37
4490424,1306346,96.79
4490424,1306430,28.5
4490424,1306935,314.71
4490424,1307515,57.34
4490424,1308315,52.16
4490424,1308658,69.44
4490424,1308659,36.9
4490424,1309363,38.02
4490424,1309572,55.41
4490424,1309573,76.23
4490424,1309575,55.2
4490424,1309576,46.18
4490424,1309577,68.14
4490424,1309578,82.88
4490424,1309580,66.48
4490424,1309583,81.16
4490424,1309586,90.5
4490424,1309589,63.88
4490424,1309896,31.92
4490424,1309897,24.44
4490424,1310438,34.76
4490424,1310968,56.95
4490424,1311945,61.88
4490424,1314525,26.46
4490424,1314793,26.23
4490424,1315043,75.19
4490424,1315656,25.71
4490424,1316059,3.29
4490424,1316957,26.52
4490424,1316971,29.03
4490424,1317396,9.94
4490424,1317473,119.67
4490424,1317863,30.51
4490424,1318741,37.98
4490424,1319142,55.72
4490424,1320740,78.4
4490424,1320796,105.18
4490424,1321142,106.39
4490424,1322791,105.57
4490424,1322801,41.2
4490424,1322886,50.61
4490424,1322958,78.37
4490424,1323358,111.72
4490424,1323566,78.23
4490424,1323656,40.49
4490424,1323657,75.83
4490424,1324510,73.53
4490424,1324522,216.88
4490424,1324672,59.19
4490424,1324782,75.88
4490424,1325017,6.56
4490424,1325184,172.56
4490424,1325256,7.89
4490424,1325396,81.43
4490424,1325423,81.83
4490424,1325546,51.89
4490424,1325577,95.41
4490424,1325738,27.7
4490424,1325811,127.05
4490424,1325887,66.83
4490424,1326042,46.51
4490424,1326082,39.52
4490424,1326746,38.19
4490424,1326915,59.19
4490424,1326918,58
4490424,1326923,27.55
4490424,1326925,32.37
4490424,1326927,61.61
4490424,1326930,106.65
4490424,1326933,72.97
4490424,1326935,38.7
4490424,1326939,47.33
4490424,1326941,66.52
4490424,1326942,112.92
4490424,1326943,109.56
4490424,1326944,80.67
4490424,1326948,21.39
4490424,1326949,42.78
4490424,1326950,42.78
4490424,1326952,36.46
4490424,1326953,41.15
4490424,1326955,42.66
4490424,1327193,89.82
4490424,1327229,8.81
4490424,1327329,80
4490424,1328067,145.3
4490424,1328579,629.43
4490424,1328675,74.82
4490424,1329257,114.95
4490424,1329849,40.51
4490424,1330066,10.38
4490424,1330677,19.82
4490424,1330692,62.06
4490424,1330856,96.71
4490424,1330864,115.53
4490424,1330973,132.45
4490424,1332022,88.88
4490424,1332034,24.26
4490424,1332224,28.04
4490424,1332227,1.37
4490424,1332579,38.77
4490424,1334164,82.82
4490424,1334166,89.77
4490424,1335957,36.17
4490424,1336588,78.72
4490424,1337141,71.13
4490424,1337254,4.01
4490424,1337566,54.24
4490424,1337683,58.64
4490424,1337746,42.4
4490424,1337747,43.2
4490424,1338066,132.55
4490424,1338258,145.43
4490424,1338350,63.53
4490424,1338492,118.58
4490424,1338620,42.24
4490424,1338683,130.43
4490424,1339274,48.55
4490424,1339467,43.72
4490424,1339468,37.57
4490424,1339597,18.97
4490424,1339686,72.31
4490424,1340155,101.17
4490424,1340695,7.1
4490424,1340712,72.96
4490424,1340740,63.97
4490424,1341990,15.73
4490424,1342116,40.14
4490424,1342846,21.69
4490424,1343433,91.12
4490424,1343514,77.6
4490424,1343515,89.33
4490424,1343516,75.75
4490424,1343518,88.26
4490424,1343519,114.56
4490424,1344109,72.85
4490424,1344210,2.77
4490424,1344319,127.05
4490424,1344342,98.01
4490424,1344797,21.69
4490424,1345066,61.43
4490424,1345213,88.48
4490424,1345800,90.34
4490424,1345824,55.61
4490424,1346353,40.04
4490424,1346402,41.46
4490424,1346407,45.55
4490424,1346408,68.49
4490424,1346409,45.87
4490424,1346410,51.95
4490424,1346554,80.71
4490424,1347381,56.74
4490424,1347887,74.63
4490424,1347981,86.69
4490424,1348183,28.32
4490424,1348551,139.06
4490424,1348607,114.95
4490424,1348608,83.49
4490424,1348609,83.49
4490424,1348660,54.08
4490424,1349107,15.73
4490424,1349142,99.7
4490424,1349260,80.71
4490424,1349261,80.71
4490424,1349303,44.09
4490424,1352278,67.47
4490424,1352823,27.56
4490424,1352841,89.65
4490424,1352970,56.67
4490424,1353058,56.74
4490424,1353209,55.32
4490424,1354406,56.88
4490424,1354522,70.18
4490424,1354612,14.23
4490424,1354630,241.12
4490424,1356190,52.79
4490424,1356191,48.08
4490424,1356193,41.97
4490424,1356526,69.69
4490424,1356998,72.66
4490424,1357178,109.34
4490424,1357179,83.15
4490424,1357358,102.92
4490424,1357385,74.89
4490424,1357386,61.01
4490424,1357388,103.39
4490424,1357389,133.14
4490424,1357397,68.18
4490424,1357424,60.58
4490424,1357634,92.27
4490424,1358070,75.94
4490424,1358071,72.25
4490424,1358212,286.72
4490424,1358762,47.15
4490424,1358849,2.55
4490424,1359578,102.85
4490424,1359640,70.05
4490424,1359954,76.18
4490424,1360102,26.54
4490424,1360971,44.86
4490424,1361386,127.05
4490424,1361495,118.58
4490424,1362063,49.2
4490424,1362148,83.06
4490424,1362926,65.29
4490424,1363607,45.15
4490424,1364509,82.83
4490424,1364533,50.29
4490424,1364649,109.2
4490424,1364768,45.37
4490424,1364833,110.04
4490424,1366439,63.55
4490424,1367299,61.38
4490424,1367623,79.49
4490424,1367635,21.29
4490424,1368171,57.55
4490424,1368308,81.8
4490424,1368660,71.47
4490424,1368661,113.59
4490424,1368675,58.91
4490424,1368676,57.11
4490424,1368677,47.18
4490424,1369273,88.15
4490424,1369274,90.54
4490424,1370280,49
4490424,1370408,55.42
4490424,1370595,64.32
4490424,1370710,114.13
4490424,1371241,134.21
4490424,1371643,43.9
4490424,1373009,57.57
4490424,1373020,72.44
4490424,1373329,54.92
4490424,1373390,78
4490424,1373625,9.59
4490424,1374526,17.56
4490424,1374998,154.71
4490424,1375061,63.37
4490424,1375062,89.25
4490424,1376184,139.15
4490424,1376642,24.65
4490424,1377008,69.79
4490424,1377366,133.49
4490424,1377384,223.77
4490424,1377386,91.69
4490424,1377387,105.81
4490424,1377391,61.88
4490424,1377393,146.15
4490424,1377395,165.95
4490424,1377396,74.26
4490424,1377553,57.84
4490424,1378403,38.77
4490424,1378619,100.24
4490424,1378884,48.34
4490424,1378991,62.7
4490424,1379406,31.7
4490424,1379700,152.29
4490424,1379910,95.59
4490424,1379911,95.59
4490424,1380361,89.54
4490424,1380362,96.8
4490424,1380363,108.9
4490424,1382940,4.85
4490424,1383429,56.97
4490424,1383458,134.06
4490424,1383516,119.79
4490424,1383581,74.34
4490424,1384017,43.51
4490424,1384030,32.44
4490424,1384116,54.9
4490424,1384662,93.82
4490424,1384809,101.14
4490424,1384927,73.59
4490424,1385522,96.2
4490424,1386321,70.69
4490424,1386621,51.56
4490424,1386948,113.72
4490424,1387100,69.94
4490424,1387124,76.81
4490424,1387285,86.47
4490424,1387414,77.63
4490424,1388366,97.99
4490424,1389666,46.56
4490424,1390282,48.19
4490424,1390283,53.59
4490424,1390284,64.15
4490424,1390471,140.12
4490424,1390965,98.53
4490424,1391952,95.59
4490424,1393128,63.74
4490424,1393149,73.52
4490424,1393593,95.59
4490424,1393595,105.27
4490424,1394368,139.15
4490424,1394369,139.15
4490424,1396550,56.41
4490424,1397154,42.72
4490424,1004324,67.07
4490424,1004325,75.79
4490424,1004974,77.92
4490424,1004975,74.87
4490424,1005617,21.46
4490424,1005618,29.36
4490424,1005743,46.72
4490424,1005960,90.89
4490424,1005961,80.37
4490424,1006327,12.03
4490424,1007642,10.81
4490424,1007687,104.04
4490424,1007879,16.21
4490424,1007901,7.96
4490424,1008384,127.02
4490424,1008623,47.51
4490424,1008939,101.29
4490424,1009590,166.06
4490424,1011608,121.79
4490424,1011610,162.52
4490424,1013003,76.32
4490424,1014986,102.23
4490424,1014987,64.32
4490424,1014988,156.1
4490424,1014997,72.22
4490424,1015016,95.92
4490424,1015060,64.79
4490424,1016612,45.4
4490424,1019573,107.73
4490424,1019575,90.71
4490424,1019576,114.82
4490424,1019806,64.32
4490424,1020800,69.97
4490424,1020801,76.79
4490424,1027646,57.19
4490424,1027759,24.5
4490424,1027791,39.58
4490424,1027977,21.44
4490424,1027981,41.59
4490424,1028013,31.46
4490424,1028049,36.59
4490424,1028251,42.56
4490424,1028254,41.27
4490424,1028260,49.69
4490424,1028471,73.57
4490424,1028626,32.69
4490424,1031492,47.53
4490424,1031493,47.53
4490424,1032801,58.01
4490424,1033716,190.26
4490424,1033983,63.67
4490424,1045954,31.68
4490424,1045967,54.12
4490424,1083224,86.94
4490424,1083225,86.94
4490424,1083226,86.94
4490424,1086900,28.15
4490424,1098386,70.42
4490424,1102289,77.47
4490424,1102382,77.47
4490424,1140444,114.17
4490424,1140497,47.31
4490424,1141993,178.06
4490424,1144955,66.01
4490424,1146806,112.73
4490424,1150929,132.72
4490424,1154097,89.22
4490424,1155503,55.77
4490424,1155816,119.99
4490424,1158727,162.52
4490424,1164426,94.83
4490424,1164593,55.77
4490424,1164594,55.77
4490424,1165148,112.25
4490424,1165667,70.38
4490424,1167691,65.78
4490424,1168625,47.91
4490424,1170441,140.94
4490424,1170442,289.74
4490424,1170443,144.96
4490424,1170964,21.44
4490424,1171184,90.6
4490424,1172517,87.97
4490424,1172650,90.24
4490424,1172858,144.26
4490424,1173353,90.09
4490424,1174160,89.22
4490424,1174161,121.78
4490424,1174264,47.6
4490424,1174265,47.6
4490424,1174266,47.6
4490424,1175059,148.54
4490424,1175298,134.72
4490424,1175702,91.98
4490424,1175738,175.5
4490424,1175813,74.63
4490424,1176294,183.91
4490424,1179911,45.55
4490424,1180397,49.32
4490424,1182302,65.81
4490424,1184102,4.54
4490424,1185475,112.25
4490424,1185476,106.74
4490424,1185477,99.29
4490424,1194044,56.9
4490424,1194329,51.44
4490424,1196344,4.81
4490424,1196346,1.37
4490424,1198350,58.99
4490424,1198596,99.24
4490424,1199094,105.53
4490424,1199096,79.33
4490424,1199097,79.17
4490424,1199098,90.24
4490424,1199100,94.83
4490424,1199102,87.97
4490424,1199104,99.16
4490424,1199105,108.8
4490424,1199106,76.32
4490424,1199107,64.32
4490424,1200246,105.53
4490424,1200545,86.75
4490424,1205857,183.86
4490424,1207816,56.38
4490424,1208751,55.77
4490424,1208799,95.28
4490424,1208800,74.05
4490424,1209204,98.14
4490424,1209205,114.15
4490424,1209207,135.95
4490424,1209439,82.66
4490424,1209802,100.23
4490424,1209803,126.26
4490424,1209820,56.57
4490424,1211189,79.17
4490424,1213998,141.03
4490424,1214126,198.36
4490424,1214561,99.16
4490424,1215162,64.43
4490424,1215200,99.29
4490424,1215385,83.29
4490424,1215430,126.08
4490424,1216041,104.32
4490424,1216101,102.82
4490424,1216102,123.66
4490424,1216518,81.71
4490424,1217603,129.45
4490424,1217879,88.39
4490424,1217947,140.61
4490424,1217948,113.93
4490424,1218707,112.26
4490424,1218771,130.14
4490424,1219683,148.68
4490424,1219684,112.35
4490424,1219689,329.84
4490424,1220337,97.79
4490424,1220338,52.08
4490424,1220395,116.95
4490424,1222059,77.06
4490424,1222341,106.69
4490424,1222731,82.87
4490424,1223821,73.2
4490424,1223917,123.07
4490424,1224182,64.96
4490424,1226207,150.87
4490424,1226279,112.6
4490424,1226281,131.98
4490424,1226282,86.62
4490424,1226724,107.14
4490424,1226840,162.84
4490424,1227107,167.45
4490424,1227953,85.41
4490424,1228613,124.46
4490424,1229427,134.72
4490424,1229992,103.77
4490424,1230046,207.93
4490424,1231616,4.81
4490424,1231756,47.53
4490424,1232334,9.57
4490424,1232559,50.95
4490424,1232560,50.95
4490424,1232561,50.95
4490424,1234248,35.42
4490424,1234681,55.77
4490424,1236259,79.07
4490424,1236336,122.49
4490424,1236506,9.57
4490424,1237054,56.57
4490424,1237466,76.98
4490424,1237924,126.22
4490424,1238003,106.59
4490424,1239252,130.27
4490424,1239253,97.59
4490424,1240024,48
4490424,1241039,38.96
4490424,1241347,72.38
4490424,1241534,54.44
4490424,1242013,69.55
4490424,1243059,130.53
4490424,1243218,69.55
4490424,1243378,67.71
4490424,1243379,69.46
4490424,1245225,74.85
4490424,1245273,63.94
4490424,1246218,95.75
4490424,1246219,76.49
4490424,1246220,77.35
4490424,1246916,82.94
4490424,1246976,48.04
4490424,1247100,132.75
4490424,1247581,199.46
4490424,1248222,82.45
4490424,1248784,52.51
4490424,1248785,150.35
4490424,1248786,77.82
4490424,1248787,53.74
4490424,1249941,57.94
4490424,1249980,55.99
4490424,1251304,123.09
4490424,1251306,81.42
4490424,1251337,160.92
4490424,1252166,48.55
4490424,1253103,114.25
4490424,1253201,74.01
4490424,1253461,17.42
4490424,1253561,90.57
4490424,1253685,109.47
4490424,1253740,86.88
4490424,1254440,85.6
4490424,1254569,42.34
4490424,1255008,168.9
4490424,1255009,126.2
4490424,1255010,133.91
4490424,1255011,93.23
4490424,1255355,79.33
4490424,1255459,103.24
4490424,1255474,174.91
4490424,1256174,5.36
4490424,1257893,92.12
4490424,1259322,84.49
4490424,1259947,128.47
4490424,1259948,108.29
4490424,1261517,134.3
4490424,1261659,210.14
4490424,1261896,76.59
4490424,1262063,156.63
4490424,1262064,231.17
4490424,1262468,131.94
4490424,1262677,24.06
4490424,1262751,157.57
4490424,1262890,63.6
4490424,1262891,63.6
4490424,1262892,63.6
4490424,1263062,87.83
4490424,1263063,72.25
4490424,1263359,123.02
4490424,1263957,62.43
4490424,1264812,77.29
4490424,1264813,77.29
4490424,1265503,118.37
4490424,1266201,137.78
4490424,1266728,149.91
4490424,1267552,136.07
4490424,1268013,84.81
4490424,1268221,165.37
4490424,1268222,44.45
4490424,1268223,96.32
4490424,1268224,126.19
4490424,1268226,34.2
4490424,1268415,142.53
4490424,1268416,192.11
4490424,1268417,142.01
4490424,1269023,112.9
4490424,1271127,64.48
4490424,1272866,4.81
4490424,1273939,78.19
4490424,1274007,120.37
4490424,1274036,69.81
4490424,1274875,67.11
4490424,1277092,11.43
4490424,1278452,47.67
4490424,1279297,184.64
4490424,1279298,83.69
4490424,1279609,87.97
4490424,1279852,73.38
4490424,1279853,53.33
4490424,1279856,80.96
4490424,1279860,124.57
4490424,1279863,134.86
4490424,1279865,84.49
4490424,1279867,110.76
4490424,1279868,74.12
4490424,1279869,84.42
4490424,1279870,91.22
4490424,1281729,101.04
4490424,1282039,51.13
4490424,1282172,127.96
4490424,1283132,50.56
4490424,1285295,42.34
4490424,1286486,61.95
4490424,1288295,95.83
4490424,1290289,205.65
4490424,1290291,75.4
4490424,1291296,90.72
4490424,1291376,71.05
4490424,1291498,31.56
4490424,1293049,72.36
4490424,1293568,133.14
4490424,1293899,61.87
4490424,1294883,18.42
4490424,1294884,38.79
4490424,1294885,36.14
4490424,1294888,52.92
4490424,1295957,78.29
4490424,1296343,32.83
4490424,1296355,81.45
4490424,1296434,158.19
4490424,1296445,48.19
4490424,1296451,89.64
4490424,1296505,195.85
4490424,1296507,59.85
4490424,1296535,42.19
4490424,1296917,139.97
4490424,1297732,63.36
4490424,1298300,242.39
4490424,1298402,49.32
4490424,1299670,86.71
4490424,1299993,38.55
4490424,1300010,165.36
4490424,1300427,49.24
4490424,1300625,15.35
4490424,1300728,33.61
4490424,1301171,75.31
4490424,1302146,30.31
4490424,1302182,2.71
4490424,1302554,169.21
4490424,1303200,89.54
4490424,1304938,87.82
4490424,1304939,110.19
4490424,1304991,22.8
4490424,1305045,156.08
4490424,1305750,44.68
4490424,1307479,85.21
4490424,1307650,70.42
4490424,1307651,48.55
4490424,1307653,42.19
4490424,1307654,42.19
4490424,1308394,30.47
4490424,1310629,72.88
4490424,1311644,275.64
4490424,1312446,72.3
4490424,1312448,68.14
4490424,1312449,68.14
4490424,1312450,66.81
4490424,1312460,95.4
4490424,1312712,110.87
4490424,1312804,55.78
4490424,1313554,108.8
4490424,1313562,83.13
4490424,1314075,62.68
4490424,1314118,46.99
4490424,1315151,8.75
4490424,1315309,93.86
4490424,1315695,47.2
4490424,1317363,43.44
4490424,1319695,92.33
4490424,1319710,104.56
4490424,1319863,107.02
4490424,1320044,87.23
4490424,1320046,65.77
4490424,1320214,35.72
4490424,1320800,160.43
4490424,1320801,147.89
4490424,1321060,59.38
4490424,1321256,120.29
4490424,1321968,93.85
4490424,1322282,180.73
4490424,1322378,178
4490424,1322379,98.1
4490424,1323524,58.21
4490424,1324422,17.62
4490424,1324501,16.4
4490424,1324575,59.41
4490424,1324620,136.82
4490424,1325454,126.71
4490424,1325822,87.21
4490424,1326250,93.82
4490424,1326334,95.97
4490424,1328236,126.26
4490424,1329105,69.82
4490424,1329199,83.87
4490424,1330030,93.06
4490424,1330161,190.51
4490424,1331175,73.85
4490424,1331448,92.77
4490424,1331568,156.9
4490424,1331569,243.36
4490424,1331570,164.49
4490424,1331571,214.74
4490424,1331572,180.89
4490424,1331723,59.76
4490424,1332076,130.47
4490424,1332077,99.94
4490424,1332078,92.93
4490424,1332079,92.93
4490424,1332081,116.51
4490424,1332082,111.67
4490424,1332083,144.15
4490424,1332335,86.51
4490424,1332341,143.9
4490424,1334003,219.42
4490424,1334721,69.61
4490424,1335069,60.89
4490424,1335070,85.69
4490424,1335071,85.63
4490424,1335072,84.48
4490424,1335073,45.92
4490424,1335074,99.18
4490424,1335076,61.5
4490424,1335078,114.7
4490424,1335307,75.31
4490424,1335336,89.12
4490424,1336634,1508.93
4490424,1336636,31.95
4490424,1337064,107.16
4490424,1337763,119.02
4490424,1338036,100.79
4490424,1338037,100.79
4490424,1338585,53.94
4490424,1338922,111.69
4490424,1341521,75.85
4490424,1341938,187.16
4490424,1341980,142.73
4490424,1343850,20.98
4490424,1344170,85.99
4490424,1345023,84.51
4490424,1345024,84.51
4490424,1345027,84.51
4490424,1345109,1.48
4490424,1345153,101.36
4490424,1345227,96.81
4490424,1345562,96.91
4490424,1345892,240.57
4490424,1346119,29.36
4490424,1347127,60.19
4490424,1347472,127.6
4490424,1348143,61.95
4490424,1349712,3.89
4490424,1349713,10.34
4490424,1350168,53.45
4490424,1351492,48.58
4490424,1351624,65.14
4490424,1352245,111.08
4490424,1353255,18.23
4490424,1354176,74.44
4490424,1354356,136.6
4490424,1358983,85.94
4490424,1359178,57.23
4490424,1359179,69.31
4490424,1360152,51.86
4490424,1360429,87.62
4490424,1360440,120.64
4490424,1360883,79.19
4490424,1360884,85.65
4490424,1363821,53.2
4490424,1365177,120.75
4490424,1376833,114.82
4490424,1379290,88.59
4490424,1380431,99.8
4490424,1380533,62.96
4490424,1383067,114.17
4490424,1383258,132.62
4490424,1384330,84.49
4490424,1384624,90.57
4490424,1388508,70.83
4490424,1388509,74.82
4490424,1388510,76.19
4490424,1388511,79.3
4490424,1388513,81.39
4490424,1388514,160
4490424,1388517,120.31
4490424,1388519,75.79
4490424,1388523,159.66
4490424,1388541,119.46
4490424,1388550,100.17
4490424,1388553,148.54
4490424,1395078,71.63
4490424,1395079,78.18
4490424,1395080,58.44
4490424,1395081,84.53
