Contract ID,SAP Code,Sell Price
5080524,1000007,28.23
5080524,1000008,65.33
5080524,1000010,86.07
5080524,1000013,42.24
5080524,1000046,23.94
5080524,1000048,23.92
5080524,1000067,43.27
5080524,1000068,48.1
5080524,1000069,68.74
5080524,1000076,40.53
5080524,1000082,40.23
5080524,1000104,17.74
5080524,1000122,59.85
5080524,1000140,13.62
5080524,1000141,14.96
5080524,1000142,17.87
5080524,1000143,19.36
5080524,1000166,40.57
5080524,1000167,45.41
5080524,1000168,44.5
5080524,1000170,70.15
5080524,1000231,867.67
5080524,1000233,54.46
5080524,1000237,11.28
5080524,1000238,7.06
5080524,1000240,6.38
5080524,1000241,3.87
5080524,1000243,11.28
5080524,1000245,0.8
5080524,1000246,0.67
5080524,1000247,3.87
5080524,1000249,2.49
5080524,1000252,17.44
5080524,1000260,8.89
5080524,1000332,16.7
5080524,1000333,239.6
5080524,1000340,82.51
5080524,1000348,31.98
5080524,1000349,49.95
5080524,1000351,37.22
5080524,1000355,25.54
5080524,1000360,202.09
5080524,1000367,110.12
5080524,1000368,104.18
5080524,1000378,124.28
5080524,1000384,124.93
5080524,1000386,45.27
5080524,1000393,59.09
5080524,1000394,132.75
5080524,1000398,68.4
5080524,1000400,67.56
5080524,1000401,69.46
5080524,1000402,55.49
5080524,1000414,85.11
5080524,1000415,81.31
5080524,1000417,74.74
5080524,1000419,43.89
5080524,1000420,33.94
5080524,1000421,43.2
5080524,1000423,30.18
5080524,1000424,29.72
5080524,1000425,46.65
5080524,1000427,55.95
5080524,1000428,57.55
5080524,1000432,55.16
5080524,1000433,66.56
5080524,1000434,64.59
5080524,1000435,59.06
5080524,1000436,44.11
5080524,1000437,39.91
5080524,1000438,106.46
5080524,1000439,54.51
5080524,1000440,68.05
5080524,1000441,58.07
5080524,1000443,49.95
5080524,1000444,62.07
5080524,1000445,65.34
5080524,1000446,42.79
5080524,1000447,45.96
5080524,1000464,46.16
5080524,1000465,29.52
5080524,1000467,43.02
5080524,1000468,68.75
5080524,1000470,32.53
5080524,1000472,67.76
5080524,1000473,37.53
5080524,1000474,44.56
5080524,1000475,72.94
5080524,1000477,72.94
5080524,1000486,45.84
5080524,1000487,52.21
5080524,1000489,62.39
5080524,1000490,38.16
5080524,1000491,39.34
5080524,1000511,45.88
5080524,1000513,56.31
5080524,1000514,63.75
5080524,1000523,49.54
5080524,1000565,63.49
5080524,1000566,263.41
5080524,1000568,20.91
5080524,1000569,36.55
5080524,1000573,46.34
5080524,1000616,18.22
5080524,1000624,40.57
5080524,1000632,55.86
5080524,1000637,38.1
5080524,1000641,94.92
5080524,1000654,15.58
5080524,1000655,67.77
5080524,1000659,42.67
5080524,1000667,54.75
5080524,1000685,24.49
5080524,1000688,11.93
5080524,1000689,15.88
5080524,1000710,103.75
5080524,1000725,50.24
5080524,1000746,105.06
5080524,1000799,73.17
5080524,1000800,94.05
5080524,1000867,42.55
5080524,1001082,56.7
5080524,1001216,72.42
5080524,1001332,41.32
5080524,1001382,23.25
5080524,1001383,32.76
5080524,1001390,1.03
5080524,1001409,34.98
5080524,1001430,70.85
5080524,1001437,69.88
5080524,1001438,29.82
5080524,1001439,35.17
5080524,1001526,212.91
5080524,1001670,57.25
5080524,1001672,33.54
5080524,1001710,20.89
5080524,1001712,22.79
5080524,1001716,17.55
5080524,1001725,46.59
5080524,1001732,7.75
5080524,1001751,8.32
5080524,1001828,35.91
5080524,1001837,88.7
5080524,1001847,20.35
5080524,1001860,0.91
5080524,1001919,46.73
5080524,1001934,63.72
5080524,1001978,120.87
5080524,1001981,24.38
5080524,1001984,11.28
5080524,1002076,17.89
5080524,1002104,32.07
5080524,1002105,67.21
5080524,1002479,13.52
5080524,1002502,0.68
5080524,1002503,64.08
5080524,1002504,83.51
5080524,1003019,14.96
5080524,1003023,10
5080524,1003045,14.14
5080524,1003051,1.03
5080524,1003059,24.32
5080524,1003067,0.68
5080524,1003068,21.3
5080524,1003082,10
5080524,1003132,43.75
5080524,1003133,6.49
5080524,1003142,13.67
5080524,1003167,10
5080524,1003186,15.36
5080524,1003203,19.36
5080524,1003216,19.89
5080524,1003237,19.36
5080524,1003238,14.81
5080524,1003281,60.57
5080524,1003282,80.01
5080524,1003350,53.75
5080524,1003351,53.56
5080524,1003352,53.75
5080524,1003355,70.62
5080524,1003356,67.19
5080524,1003382,263.41
5080524,1003384,35.13
5080524,1003468,98.1
5080524,1003534,0.68
5080524,1003562,111.8
5080524,1004625,4.63
5080524,1005040,116.09
5080524,1005160,31.95
5080524,1006154,120.06
5080524,1006944,100.76
5080524,1008067,1.48
5080524,1008109,59.82
5080524,1008896,0.01
5080524,1008928,28.76
5080524,1009073,212.73
5080524,1014726,122.43
5080524,1023698,28.59
5080524,1023753,36.55
5080524,1023896,56.69
5080524,1023914,51.72
5080524,1023915,43.91
5080524,1023972,31.79
5080524,1023987,47.12
5080524,1024274,47.55
5080524,1024282,60.31
5080524,1024299,73.33
5080524,1024301,43.35
5080524,1024784,82.16
5080524,1024991,45.28
5080524,1025113,64.8
5080524,1025123,48
5080524,1025257,40.13
5080524,1025268,33.56
5080524,1025276,41.56
5080524,1025499,10.48
5080524,1025590,22.76
5080524,1025755,36.81
5080524,1026062,43.67
5080524,1026063,74.01
5080524,1026181,30.28
5080524,1026239,54.26
5080524,1026434,54.57
5080524,1026961,50.24
5080524,1026966,12.53
5080524,1027016,11.28
5080524,1027018,21.87
5080524,1027019,28.48
5080524,1027021,16.63
5080524,1027023,17.2
5080524,1027033,45
5080524,1027047,56.18
5080524,1027083,20.05
5080524,1027161,67.78
5080524,1027297,68.47
5080524,1027299,26.09
5080524,1027307,43.41
5080524,1027311,36.68
5080524,1027314,35.32
5080524,1027323,12.99
5080524,1027363,363.76
5080524,1027623,58.61
5080524,1027688,48.45
5080524,1027692,57.92
5080524,1027749,79.45
5080524,1027765,56.7
5080524,1027766,56.7
5080524,1027783,30.24
5080524,1027786,47.58
5080524,1027790,45.14
5080524,1027798,60.27
5080524,1027800,65.33
5080524,1027810,79.09
5080524,1027818,72.35
5080524,1027836,56.7
5080524,1027838,97.53
5080524,1027866,29.81
5080524,1028023,59.35
5080524,1028061,60.07
5080524,1028187,29.35
5080524,1028188,37.88
5080524,1028397,42.76
5080524,1028429,28.8
5080524,1028441,28.8
5080524,1028442,28.8
5080524,1028472,56.91
5080524,1028481,41.2
5080524,1028482,41.2
5080524,1028483,41.2
5080524,1028484,41.2
5080524,1028515,28.8
5080524,1028593,53.3
5080524,1028600,0.01
5080524,1028613,112.19
5080524,1028669,43.89
5080524,1028688,50.73
5080524,1028697,59.18
5080524,1028705,54.49
5080524,1028707,0.68
5080524,1028712,64.79
5080524,1028716,15.04
5080524,1028728,8.2
5080524,1028752,8.2
5080524,1028787,8.2
5080524,1028831,74.16
5080524,1028857,16.52
5080524,1028925,63.81
5080524,1055668,20.38
5080524,1056429,22.75
5080524,1058441,48.76
5080524,1058452,30.99
5080524,1058454,30.99
5080524,1058749,33.15
5080524,1058750,34.41
5080524,1058752,34.41
5080524,1058753,34.41
5080524,1058758,42.61
5080524,1058761,42.61
5080524,1058762,42.61
5080524,1058775,10.03
5080524,1058776,10.03
5080524,1058789,12.53
5080524,1058963,32.24
5080524,1059179,30.87
5080524,1059321,62.89
5080524,1059574,2.28
5080524,1060166,41.7
5080524,1060174,101.16
5080524,1060213,8.54
5080524,1060327,9.23
5080524,1060472,8.66
5080524,1060478,35.09
5080524,1060480,66.19
5080524,1060576,9.91
5080524,1067315,195.86
5080524,1068613,11.41
5080524,1068615,9.01
5080524,1068620,11.72
5080524,1068621,12.82
5080524,1068624,13.98
5080524,1068625,16.55
5080524,1068627,18.36
5080524,1068629,8.78
5080524,1068630,11.41
5080524,1068633,12.51
5080524,1068635,13.62
5080524,1068642,16.11
5080524,1068644,17.87
5080524,1068645,19.36
5080524,1068669,11.41
5080524,1068670,8.78
5080524,1068671,12.51
5080524,1068672,16.11
5080524,1068676,13.44
5080524,1068677,19.78
5080524,1068678,23.55
5080524,1068680,25.75
5080524,1068681,8.78
5080524,1068682,11.41
5080524,1068683,12.51
5080524,1068684,13.62
5080524,1068685,14.96
5080524,1068686,16.11
5080524,1068687,17.87
5080524,1068694,8.78
5080524,1068699,12.51
5080524,1068701,13.62
5080524,1068703,14.96
5080524,1068706,16.11
5080524,1068710,17.87
5080524,1068715,18.96
5080524,1068716,20.64
5080524,1068718,23.25
5080524,1068720,32.76
5080524,1068721,46.18
5080524,1068725,10
5080524,1068727,70.79
5080524,1068734,20.64
5080524,1068736,18.96
5080524,1068741,32.76
5080524,1068742,20.64
5080524,1068744,18.34
5080524,1068749,46.18
5080524,1068777,18.96
5080524,1068784,23.25
5080524,1068785,46.18
5080524,1068888,57.86
5080524,1068910,10.58
5080524,1068911,10.58
5080524,1068916,11.93
5080524,1068920,13.52
5080524,1068925,14.72
5080524,1068930,14.72
5080524,1068944,15.88
5080524,1068953,17.55
5080524,1068955,18.85
5080524,1068956,18.85
5080524,1068958,20.89
5080524,1068961,22.79
5080524,1068964,25.74
5080524,1068965,25.74
5080524,1068966,28.62
5080524,1068968,28.62
5080524,1068971,32.52
5080524,1068980,38.26
5080524,1069148,15.64
5080524,1069151,21.48
5080524,1069153,27.51
5080524,1069155,30.13
5080524,1069156,32.67
5080524,1069159,38.81
5080524,1069163,52.41
5080524,1069164,58.41
5080524,1069166,66.42
5080524,1069167,73.71
5080524,1069397,60.09
5080524,1069403,54.44
5080524,1069409,66.08
5080524,1069413,71.94
5080524,1069419,78.42
5080524,1069553,48.58
5080524,1069711,46.97
5080524,1069748,49.98
5080524,1069754,46.97
5080524,1069785,5.92
5080524,1069799,84.52
5080524,1069923,12.42
5080524,1069932,9.38
5080524,1070027,8.66
5080524,1070060,18.34
5080524,1070081,24.61
5080524,1070084,28.37
5080524,1070140,21.08
5080524,1070141,34.45
5080524,1070317,14.13
5080524,1070321,136.95
5080524,1070363,113.25
5080524,1070536,594.95
5080524,1070537,18.34
5080524,1070540,5.81
5080524,1070644,36.99
5080524,1070675,142.18
5080524,1070684,7.75
5080524,1070709,6.49
5080524,1070715,10.14
5080524,1070716,10.14
5080524,1070730,10.25
5080524,1070791,8.89
5080524,1070793,8.89
5080524,1070794,8.32
5080524,1070800,85.6
5080524,1071168,18.46
5080524,1071202,85.6
5080524,1071203,115.8
5080524,1071231,146.7
5080524,1071286,117.57
5080524,1071294,155.85
5080524,1071311,87.49
5080524,1071312,103.9
5080524,1071313,113.47
5080524,1071321,114.84
5080524,1071335,9.8
5080524,1071336,15.04
5080524,1071342,10.14
5080524,1071344,14.24
5080524,1071363,8.43
5080524,1071372,8.89
5080524,1071463,9.46
5080524,1071479,8.09
5080524,1071482,14.92
5080524,1071510,3.53
5080524,1071532,11.28
5080524,1071592,13.67
5080524,1071965,11.28
5080524,1071966,13.1
5080524,1071967,7.41
5080524,1072018,115.8
5080524,1072102,13.1
5080524,1072129,5.81
5080524,1072135,14.92
5080524,1072169,16.41
5080524,1072187,6.49
5080524,1072191,0.68
5080524,1072195,3.65
5080524,1072197,7.75
5080524,1072206,7.52
5080524,1072219,8.89
5080524,1072220,8.32
5080524,1072222,8.89
5080524,1072224,9.91
5080524,1072225,4.78
5080524,1072226,25.18
5080524,1072230,14.24
5080524,1072231,14.24
5080524,1072863,96.3
5080524,1072999,152.5
5080524,1073033,7.06
5080524,1073043,8.32
5080524,1073071,11.16
5080524,1073081,9.46
5080524,1073109,11.28
5080524,1073147,8.32
5080524,1073414,9.46
5080524,1073467,96.3
5080524,1073550,14.13
5080524,1074237,10.71
5080524,1074375,15.27
5080524,1074425,40.56
5080524,1074443,13.67
5080524,1074444,19.37
5080524,1074445,20.51
5080524,1074446,14.13
5080524,1074447,14.7
5080524,1074449,14.92
5080524,1074450,14.7
5080524,1074666,56.85
5080524,1074667,56.85
5080524,1074693,40.9
5080524,1074791,126.23
5080524,1074795,96.15
5080524,1074798,54.46
5080524,1074823,64.59
5080524,1074857,0.99
5080524,1074867,102.55
5080524,1074868,132.15
5080524,1074884,6.61
5080524,1074886,8.32
5080524,1074888,23.24
5080524,1074894,8.54
5080524,1074898,8.09
5080524,1074980,132.27
5080524,1074985,140.78
5080524,1074991,201.95
5080524,1075731,3.3
5080524,1075735,0.91
5080524,1075738,0.91
5080524,1075740,0.91
5080524,1075756,2.39
5080524,1075757,1.03
5080524,1075758,1.03
5080524,1075788,5.35
5080524,1075789,7.75
5080524,1075790,9.57
5080524,1075827,624.41
5080524,1075837,109.8
5080524,1075839,201.51
5080524,1075853,45.05
5080524,1075876,49.22
5080524,1075885,96.52
5080524,1075916,131.8
5080524,1075953,11.85
5080524,1076030,131.64
5080524,1076051,104.75
5080524,1076058,158.8
5080524,1076251,1.82
5080524,1076423,13.1
5080524,1076427,11.28
5080524,1076429,14.92
5080524,1076436,16.06
5080524,1076439,17.89
5080524,1076443,4.44
5080524,1076444,4.78
5080524,1076445,5.35
5080524,1076446,5.92
5080524,1076447,8.32
5080524,1076450,7.52
5080524,1076451,8.89
5080524,1076481,85.71
5080524,1076485,24.95
5080524,1076533,9.57
5080524,1076640,4.78
5080524,1076740,39.32
5080524,1076744,39.09
5080524,1076748,335.7
5080524,1077407,8.32
5080524,1077512,173.7
5080524,1077736,253.3
5080524,1077862,11.85
5080524,1077894,22.67
5080524,1077959,17.89
5080524,1078225,144.7
5080524,1078273,77.45
5080524,1078294,6.42
5080524,1078452,10.03
5080524,1078591,8.09
5080524,1078626,8.89
5080524,1078629,16.63
5080524,1078687,4.67
5080524,1079086,4.44
5080524,1079115,17.77
5080524,1079207,2.96
5080524,1079304,37.25
5080524,1079341,185.6
5080524,1079360,156.5
5080524,1079363,124.05
5080524,1079364,24.81
5080524,1079502,5.7
5080524,1079510,468
5080524,1079512,98.7
5080524,1079527,3.99
5080524,1079561,140.8
5080524,1079605,62.63
5080524,1079620,124.5
5080524,1079653,14.2
5080524,1079677,26.2
5080524,1079701,19.48
5080524,1079746,8.66
5080524,1079817,39.89
5080524,1079839,3.53
5080524,1079850,4.33
5080524,1079867,6.72
5080524,1079912,35.77
5080524,1079923,208.37
5080524,1079926,95.24
5080524,1079935,102.87
5080524,1079936,79.86
5080524,1080214,200.4
5080524,1080235,243.73
5080524,1080276,171.85
5080524,1080279,204.4
5080524,1080305,18.34
5080524,1080308,0.57
5080524,1080309,0.68
5080524,1080310,0.68
5080524,1080340,175.6
5080524,1080517,217.2
5080524,1080608,7.75
5080524,1080651,256.42
5080524,1080673,21.99
5080524,1080698,96
5080524,1080699,104.2
5080524,1080737,39.15
5080524,1080757,196.8
5080524,1080758,368.7
5080524,1080759,66.44
5080524,1080760,136.25
5080524,1080769,66.44
5080524,1080770,14.86
5080524,1080781,2.12
5080524,1080791,201.4
5080524,1080800,30.84
5080524,1080801,36.48
5080524,1080802,39
5080524,1080803,77.04
5080524,1080814,68.35
5080524,1080816,7.29
5080524,1080847,160.3
5080524,1080851,36.36
5080524,1080941,111
5080524,1081134,73.32
5080524,1081139,145.72
5080524,1081182,16.41
5080524,1081449,22.1
5080524,1081483,147.3
5080524,1081498,98.9
5080524,1081538,27.68
5080524,1081544,189.8
5080524,1081652,140.78
5080524,1081743,24.61
5080524,1081782,11.28
5080524,1081784,33.95
5080524,1081797,19.6
5080524,1081825,10.03
5080524,1081878,5.53
5080524,1081879,98.77
5080524,1081897,3.99
5080524,1081898,11.51
5080524,1081920,13.78
5080524,1081930,3.87
5080524,1081932,3.87
5080524,1081974,40.54
5080524,1081975,32.81
5080524,1081976,34.79
5080524,1081984,231.91
5080524,1082032,192.9
5080524,1082046,24.95
5080524,1082088,6.27
5080524,1082091,8.09
5080524,1082093,35.89
5080524,1082102,128.8
5080524,1082105,11.32
5080524,1082111,4.67
5080524,1082115,4.78
5080524,1082128,60.49
5080524,1082158,60.49
5080524,1082181,4.22
5080524,1082203,2.51
5080524,1082204,3.3
5080524,1082209,3.28
5080524,1082213,11.73
5080524,1082214,4.22
5080524,1082251,14.35
5080524,1082253,13.1
5080524,1082255,17.2
5080524,1082257,12.42
5080524,1082264,48.42
5080524,1082270,17.32
5080524,1082272,41.92
5080524,1082283,5.35
5080524,1082285,16.41
5080524,1082291,32.7
5080524,1082293,22.78
5080524,1082299,115.06
5080524,1082302,3.3
5080524,1082304,3.3
5080524,1082305,1.03
5080524,1082310,10.03
5080524,1082314,5.01
5080524,1082315,4.78
5080524,1082324,4.78
5080524,1082336,213
5080524,1082339,2.16
5080524,1082348,1.25
5080524,1082349,37.25
5080524,1082383,30.19
5080524,1082384,33.72
5080524,1082416,3.53
5080524,1082436,90.57
5080524,1082455,33.15
5080524,1082460,11.51
5080524,1082473,7.06
5080524,1082481,4.67
5080524,1082555,18
5080524,1082589,24.04
5080524,1082594,30.08
5080524,1082619,4.9
5080524,1082620,14.92
5080524,1082624,18.34
5080524,1082628,52.06
5080524,1082678,30.26
5080524,1082706,98.09
5080524,1082905,2.28
5080524,1082928,7.52
5080524,1082971,30.3
5080524,1082997,232.3
5080524,1083002,118.2
5080524,1083014,74.3
5080524,1083047,5.16
5080524,1083067,20.85
5080524,1083069,91.48
5080524,1083073,267.2
5080524,1083089,3.96
5080524,1083090,8.48
5080524,1083099,133.4
5080524,1083154,237.8
5080524,1083166,22.33
5080524,1083222,23.94
5080524,1083235,23.92
5080524,1083304,0.8
5080524,1083352,1.94
5080524,1083380,24.43
5080524,1083425,3.3
5080524,1083449,70.35
5080524,1083525,0.8
5080524,1083560,1.37
5080524,1083566,0.68
5080524,1083572,0.68
5080524,1083575,0.68
5080524,1083581,1.71
5080524,1083582,2.05
5080524,1083584,0.68
5080524,1083589,0.8
5080524,1083591,0.68
5080524,1083603,2.16
5080524,1083635,0.8
5080524,1083638,0.8
5080524,1083793,101.02
5080524,1083837,0.46
5080524,1083867,0.68
5080524,1083876,174.19
5080524,1083909,0.8
5080524,1083938,18.91
5080524,1083941,39.36
5080524,1083953,1.48
5080524,1084231,1.14
5080524,1084300,46.26
5080524,1084318,33.04
5080524,1084376,35.79
5080524,1084399,33.04
5080524,1084400,38.22
5080524,1084669,85.32
5080524,1084764,49.6
5080524,1084957,36.82
5080524,1085124,49.42
5080524,1085320,62.53
5080524,1085453,46.91
5080524,1085468,34.09
5080524,1085573,34.09
5080524,1085581,37.69
5080524,1085585,37.69
5080524,1085799,67.76
5080524,1085867,57.18
5080524,1085931,26.69
5080524,1086119,44.73
5080524,1086408,23.92
5080524,1086622,112.96
5080524,1087091,41.08
5080524,1087180,33.56
5080524,1087181,37.36
5080524,1087189,46.26
5080524,1087533,48.01
5080524,1087623,31.06
5080524,1087807,83.99
5080524,1088057,11.31
5080524,1088354,108.64
5080524,1089065,50.44
5080524,1089158,82.03
5080524,1089160,82.03
5080524,1089257,54.27
5080524,1089580,72.09
5080524,1089588,73.75
5080524,1089618,69.69
5080524,1089619,67.55
5080524,1089621,48.71
5080524,1089649,52.51
5080524,1089661,300.96
5080524,1089868,65.13
5080524,1089882,110.31
5080524,1089887,154.39
5080524,1089889,102.07
5080524,1089895,98.62
5080524,1090289,94.93
5080524,1090320,68.64
5080524,1090457,93.77
5080524,1090487,29.75
5080524,1090694,151.39
5080524,1090697,189.29
5080524,1090709,139.81
5080524,1090716,112.96
5080524,1090722,377.79
5080524,1090725,113.28
5080524,1090729,112.96
5080524,1090732,314.14
5080524,1090734,70.41
5080524,1090737,94.02
5080524,1090739,94.02
5080524,1090742,94.02
5080524,1090744,314.14
5080524,1090747,414.69
5080524,1090749,156.2
5080524,1090751,148.72
5080524,1090752,94.02
5080524,1090758,314.14
5080524,1090760,306.68
5080524,1090762,314.14
5080524,1090765,189.29
5080524,1090767,193.98
5080524,1090769,113.28
5080524,1090770,139.81
5080524,1090772,128.79
5080524,1090775,169.86
5080524,1090777,377.79
5080524,1090779,113.28
5080524,1090789,112.96
5080524,1090813,414.69
5080524,1090817,379.13
5080524,1090819,414.69
5080524,1090823,70.41
5080524,1090831,293.8
5080524,1090834,156.2
5080524,1090839,86.22
5080524,1090841,86.22
5080524,1090844,169.86
5080524,1090845,128.79
5080524,1090847,128.79
5080524,1090849,193.98
5080524,1090854,61.12
5080524,1090856,167.24
5080524,1090858,225.75
5080524,1090862,96.62
5080524,1091169,0.01
5080524,1091188,64.49
5080524,1091236,263.41
5080524,1091238,49.71
5080524,1091246,0.01
5080524,1091277,35.04
5080524,1091403,73.17
5080524,1091407,46.22
5080524,1091431,56.26
5080524,1091439,38.32
5080524,1091440,38.39
5080524,1091443,31.07
5080524,1091490,50.11
5080524,1091624,45.52
5080524,1091639,56.79
5080524,1091661,30.63
5080524,1091662,31.94
5080524,1091664,17.33
5080524,1091665,80.51
5080524,1091772,21.94
5080524,1091773,38.41
5080524,1091780,77.89
5080524,1091784,73.17
5080524,1091808,73.17
5080524,1091838,57.88
5080524,1091871,44.04
5080524,1091914,62.09
5080524,1091944,35.62
5080524,1091992,51.87
5080524,1091993,49.79
5080524,1092005,61.38
5080524,1092011,79.26
5080524,1092019,61.4
5080524,1092037,61.65
5080524,1092038,65.32
5080524,1092060,98.51
5080524,1092116,44.18
5080524,1092117,43.59
5080524,1092152,97
5080524,1092251,22.94
5080524,1092405,0.01
5080524,1092431,18.55
5080524,1092450,113.62
5080524,1092485,41.16
5080524,1092530,64.56
5080524,1092706,73.17
5080524,1092707,26.6
5080524,1092739,50.33
5080524,1092759,74.2
5080524,1092772,42.59
5080524,1092908,25.38
5080524,1092959,83.46
5080524,1093002,11.96
5080524,1093209,83.76
5080524,1093210,99.66
5080524,1093227,37.09
5080524,1093230,45.06
5080524,1093258,29.94
5080524,1093290,263.41
5080524,1093291,263.41
5080524,1093302,73.17
5080524,1093332,13.39
5080524,1093374,48.18
5080524,1093385,57.6
5080524,1093491,37.49
5080524,1093552,48.62
5080524,1093601,70.85
5080524,1093613,60.49
5080524,1095534,18.22
5080524,1095651,17
5080524,1095673,19.67
5080524,1095826,66.67
5080524,1095834,1.56
5080524,1096135,1.33
5080524,1096165,17.33
5080524,1096341,20.21
5080524,1096343,38.06
5080524,1096615,51.14
5080524,1096616,57.32
5080524,1096622,49.02
5080524,1096652,32.47
5080524,1097259,25.78
5080524,1097273,85.91
5080524,1097721,18.22
5080524,1097727,32.47
5080524,1097866,8.11
5080524,1098104,365.86
5080524,1098142,49.5
5080524,1098150,68.05
5080524,1099278,147.23
5080524,1101487,40.06
5080524,1101973,95.4
5080524,1101980,62.25
5080524,1102178,80.84
5080524,1116546,92.11
5080524,1117087,102.73
5080524,1117142,29.68
5080524,1117159,1.48
5080524,1117187,26.29
5080524,1117191,1.48
5080524,1117207,1.48
5080524,1117213,50.87
5080524,1117215,50.87
5080524,1117217,50.87
5080524,1117219,50.87
5080524,1117323,114.13
5080524,1117843,104.28
5080524,1118058,102.73
5080524,1118092,120.14
5080524,1118575,78.09
5080524,1118740,108.66
5080524,1118752,126.59
5080524,1118890,109.67
5080524,1118891,121.48
5080524,1118894,121.48
5080524,1118896,110.86
5080524,1118897,110.86
5080524,1118898,121.48
5080524,1118900,106.53
5080524,1118909,107
5080524,1118913,120.14
5080524,1118914,120.14
5080524,1118915,120.76
5080524,1119670,121.59
5080524,1119750,86.99
5080524,1119754,120.18
5080524,1119823,311.53
5080524,1119825,311.53
5080524,1119870,113.19
5080524,1119912,121.81
5080524,1119913,104.04
5080524,1119978,121.81
5080524,1119979,121.81
5080524,1119980,127.63
5080524,1119985,108.66
5080524,1119986,87
5080524,1120532,185.32
5080524,1120833,1.37
5080524,1121164,118.91
5080524,1121446,110.86
5080524,1121768,63.88
5080524,1121770,13.39
5080524,1121772,19.1
5080524,1121773,19.1
5080524,1121775,18.22
5080524,1121777,18.22
5080524,1122045,180.85
5080524,1122046,180.85
5080524,1123258,12.53
5080524,1140363,82.03
5080524,1140365,40.37
5080524,1140369,57.27
5080524,1140390,63.05
5080524,1140391,79.4
5080524,1140393,42.56
5080524,1141025,0.64
5080524,1141470,53.2
5080524,1141664,38.84
5080524,1141665,35.93
5080524,1142103,100.99
5080524,1142112,41.13
5080524,1142463,10157.14
5080524,1142567,35.99
5080524,1142588,38.49
5080524,1142742,8.54
5080524,1142789,51.04
5080524,1144093,41.61
5080524,1144095,49.02
5080524,1144098,49.02
5080524,1144140,62.78
5080524,1144153,9.23
5080524,1144172,67.76
5080524,1144173,82.92
5080524,1144881,7.18
5080524,1144927,1422.01
5080524,1144951,237.05
5080524,1144959,58.1
5080524,1145365,237.05
5080524,1145807,155
5080524,1146141,1.24
5080524,1146560,102.55
5080524,1147086,68.02
5080524,1148054,96.3
5080524,1148057,498.2
5080524,1148059,246.5
5080524,1148063,100.95
5080524,1148120,164
5080524,1148125,4.67
5080524,1148126,4.67
5080524,1148127,4.67
5080524,1148199,75.78
5080524,1148332,72.58
5080524,1148363,58.95
5080524,1148572,72.95
5080524,1148881,11.39
5080524,1148923,258.5
5080524,1149019,11.16
5080524,1149195,225.75
5080524,1149265,165.1
5080524,1149547,32.47
5080524,1150268,72.66
5080524,1150340,223.45
5080524,1151372,39.87
5080524,1151723,98.26
5080524,1151813,26.27
5080524,1152231,89.5
5080524,1152484,64.4
5080524,1152616,133.41
5080524,1153044,96.3
5080524,1153328,7.52
5080524,1153460,2.16
5080524,1153577,244.54
5080524,1154058,6.84
5080524,1154316,19.35
5080524,1154551,197
5080524,1155758,0.68
5080524,1155881,33.04
5080524,1156731,166.33
5080524,1157241,68.92
5080524,1157375,12
5080524,1157643,52.2
5080524,1157743,50.04
5080524,1157956,65.41
5080524,1158260,12
5080524,1158268,79
5080524,1158315,60.57
5080524,1158317,26.12
5080524,1158339,61.66
5080524,1158362,40.44
5080524,1158583,34.93
5080524,1158584,34.54
5080524,1158681,24.11
5080524,1158815,28.76
5080524,1158817,28.87
5080524,1158822,34.93
5080524,1158823,35.04
5080524,1158824,45.87
5080524,1158826,41.34
5080524,1158827,73.17
5080524,1158828,21.95
5080524,1158829,73.17
5080524,1158830,73.17
5080524,1158831,21.95
5080524,1158832,73.17
5080524,1158884,54.2
5080524,1158958,10.14
5080524,1159120,72.14
5080524,1159234,2277.73
5080524,1159565,64.82
5080524,1160250,0.8
5080524,1160450,193.98
5080524,1160666,0.01
5080524,1160667,0.01
5080524,1160669,0.01
5080524,1160719,52.71
5080524,1161054,38.78
5080524,1161540,60.33
5080524,1161546,53.56
5080524,1161950,11.85
5080524,1161951,11.85
5080524,1162091,52.37
5080524,1162168,28.76
5080524,1162235,142
5080524,1162555,62.33
5080524,1162629,398.18
5080524,1162632,48.62
5080524,1162634,21.95
5080524,1162635,73.17
5080524,1162636,21.95
5080524,1162637,73.17
5080524,1162773,76.55
5080524,1163010,20.8
5080524,1163070,48.29
5080524,1163079,7
5080524,1163131,87.8
5080524,1163132,60.37
5080524,1163313,59.44
5080524,1163393,79
5080524,1163415,73.17
5080524,1163419,73.17
5080524,1163594,34.9
5080524,1163596,60.34
5080524,1163721,31.68
5080524,1163722,34.9
5080524,1163723,35.04
5080524,1163724,87.8
5080524,1163726,87.8
5080524,1163728,24.39
5080524,1163730,87.8
5080524,1163732,24.39
5080524,1164152,30.59
5080524,1164154,61.2
5080524,1164156,31.23
5080524,1164157,31.23
5080524,1164158,31.23
5080524,1164159,87.8
5080524,1164161,87.8
5080524,1164265,36
5080524,1165025,47.96
5080524,1165060,35.23
5080524,1165064,42.89
5080524,1165100,52.42
5080524,1165103,38.54
5080524,1165105,36.56
5080524,1165107,57.93
5080524,1165109,53.29
5080524,1165126,87.8
5080524,1165862,116.8
5080524,1166391,39.79
5080524,1166499,87.8
5080524,1166708,45.98
5080524,1167447,9.8
5080524,1167520,2.73
5080524,1167626,56.4
5080524,1167786,1.25
5080524,1167827,202.7
5080524,1167828,347.9
5080524,1167844,76.55
5080524,1167999,67.13
5080524,1168141,26.09
5080524,1168282,67.13
5080524,1168283,67.13
5080524,1168284,76.55
5080524,1168328,87.8
5080524,1168667,56.7
5080524,1168778,31.34
5080524,1169326,46.56
5080524,1169512,68.81
5080524,1169531,39.71
5080524,1169658,72.62
5080524,1169808,110.86
5080524,1170828,270.6
5080524,1170907,61.12
5080524,1171039,4.67
5080524,1171306,15.49
5080524,1172043,60.27
5080524,1172109,3.99
5080524,1172337,49.07
5080524,1172730,24.39
5080524,1172732,87.8
5080524,1173878,70.95
5080524,1174815,36.11
5080524,1174861,26.68
5080524,1175322,21.95
5080524,1175397,46.31
5080524,1175630,38.41
5080524,1175875,78.21
5080524,1176423,0.91
5080524,1176535,0.57
5080524,1176677,19.94
5080524,1176693,97.85
5080524,1176983,216.6
5080524,1177410,279.78
5080524,1177434,89.59
5080524,1177458,27.26
5080524,1177531,499.23
5080524,1177772,63.48
5080524,1177773,37.28
5080524,1177801,140.02
5080524,1179009,64.9
5080524,1179358,39.31
5080524,1179680,25.86
5080524,1179683,79.41
5080524,1179759,50.39
5080524,1180071,17.97
5080524,1180250,320.87
5080524,1180925,91.41
5080524,1181008,74.94
5080524,1181282,38.95
5080524,1181771,55.62
5080524,1181890,6301.96
5080524,1182031,187.41
5080524,1182214,238.06
5080524,1182848,38.95
5080524,1183961,5.4
5080524,1184647,18.33
5080524,1184648,37.88
5080524,1184711,401.32
5080524,1185121,1.02
5080524,1185123,9.67
5080524,1185126,7.02
5080524,1185209,21.95
5080524,1185256,158.27
5080524,1185277,5.7
5080524,1185416,60.04
5080524,1186067,67.45
5080524,1186223,0.01
5080524,1186243,45.15
5080524,1187136,56.85
5080524,1187380,15.9
5080524,1187381,80.68
5080524,1187453,22.67
5080524,1188169,0.01
5080524,1188172,69.02
5080524,1188175,44.51
5080524,1188227,157.5
5080524,1188383,53.62
5080524,1190678,0.01
5080524,1191047,16.7
5080524,1191075,107.09
5080524,1191161,102.52
5080524,1191307,86.66
5080524,1192346,201.4
5080524,1192639,263.07
5080524,1193130,18
5080524,1193131,14.92
5080524,1193132,11.39
5080524,1197478,0.01
5080524,1198186,85.42
5080524,1198616,33.59
5080524,1198838,3.08
5080524,1198990,205.92
5080524,1199021,31.4
5080524,1199053,61.66
5080524,1199090,127.51
5080524,1199190,265.04
5080524,1199286,14.88
5080524,1199398,0.68
5080524,1199869,31.59
5080524,1199872,0.68
5080524,1200399,4.67
5080524,1200590,35.95
5080524,1200730,67.35
5080524,1201345,51.65
5080524,1201410,51.96
5080524,1201434,21.56
5080524,1202755,75.63
5080524,1203019,498.2
5080524,1203521,48.29
5080524,1203522,48.29
5080524,1203635,79
5080524,1203691,47.33
5080524,1203695,57.43
5080524,1203699,30.71
5080524,1203777,86.57
5080524,1203894,185.7
5080524,1204391,167
5080524,1204609,50.47
5080524,1204610,50.81
5080524,1204611,78.61
5080524,1204624,645.38
5080524,1204684,203.58
5080524,1204840,86.57
5080524,1205025,169.44
5080524,1205074,85.3
5080524,1205882,152.94
5080524,1206781,14.92
5080524,1207625,13.22
5080524,1207631,436.26
5080524,1208094,45.21
5080524,1208938,28.48
5080524,1209210,209.33
5080524,1209264,12.53
5080524,1209435,74.49
5080524,1209462,316.68
5080524,1209721,114.13
5080524,1209980,554.7
5080524,1209983,18.92
5080524,1209985,5.65
5080524,1209988,26.95
5080524,1210252,69.9
5080524,1212029,68.24
5080524,1212295,84.8
5080524,1212595,41.65
5080524,1214015,5.7
5080524,1214168,13.9
5080524,1214705,3.87
5080524,1215040,7.6
5080524,1215164,1.71
5080524,1215311,12.48
5080524,1215324,62.16
5080524,1215688,56.19
5080524,1215970,45.44
5080524,1216261,229.47
5080524,1216371,36.42
5080524,1216739,113.1
5080524,1216741,42.25
5080524,1216742,28.2
5080524,1216858,107.66
5080524,1217941,11.05
5080524,1218240,201.2
5080524,1218300,59.78
5080524,1218502,14.92
5080524,1218510,22.67
5080524,1218511,19.59
5080524,1218616,57.26
5080524,1218627,156.7
5080524,1218631,92.96
5080524,1218632,92.96
5080524,1218633,92.96
5080524,1218635,89.48
5080524,1218636,89.48
5080524,1218637,89.48
5080524,1218638,102.95
5080524,1218639,84.59
5080524,1218640,86.09
5080524,1218641,86.09
5080524,1218644,76.42
5080524,1218645,80.9
5080524,1218646,82.75
5080524,1218647,82.75
5080524,1218649,79.19
5080524,1218650,79.19
5080524,1218651,79.19
5080524,1218654,75.82
5080524,1218655,75.82
5080524,1218658,65.39
5080524,1218659,65.39
5080524,1218660,75.48
5080524,1218661,55.1
5080524,1218662,55.1
5080524,1218663,55.1
5080524,1218664,61.56
5080524,1218665,51.73
5080524,1218666,51.73
5080524,1218669,51.73
5080524,1218670,59.59
5080524,1219067,86.57
5080524,1219277,10.14
5080524,1219371,55.24
5080524,1219493,7.62
5080524,1220134,89.59
5080524,1220752,63.22
5080524,1221669,33.27
5080524,1222201,229.47
5080524,1222467,5.39
5080524,1222606,24.2
5080524,1222654,5.81
5080524,1223813,756.57
5080524,1224245,68.98
5080524,1224582,13.98
5080524,1225300,132.27
5080524,1225834,15.8
5080524,1225835,19.26
5080524,1226363,12.3
5080524,1226837,136.13
5080524,1228763,110.86
5080524,1229215,45.33
5080524,1229878,170.9
5080524,1229935,16.75
5080524,1230449,9.23
5080524,1230596,55.59
5080524,1230846,8.77
5080524,1230905,30.87
5080524,1230906,18.34
5080524,1230973,348.75
5080524,1230975,30.87
5080524,1230976,18.34
5080524,1231182,102.74
5080524,1231439,78.61
5080524,1232071,11.5
5080524,1232873,57.22
5080524,1233478,348.75
5080524,1233721,0.31
5080524,1233763,128.79
5080524,1233984,82.05
5080524,1234163,5.99
5080524,1234717,94.2
5080524,1235545,2.32
5080524,1235695,193.5
5080524,1236520,115.8
5080524,1236535,46.48
5080524,1237004,66.31
5080524,1237277,116.59
5080524,1237613,21.19
5080524,1237847,21.72
5080524,1237853,159.84
5080524,1237951,1.37
5080524,1239037,7.52
5080524,1239380,61.79
5080524,1239384,34.88
5080524,1239386,54.68
5080524,1239393,30.51
5080524,1239395,39.61
5080524,1239404,62.89
5080524,1239407,38.07
5080524,1239411,56.88
5080524,1239412,57.58
5080524,1239414,142.26
5080524,1239415,85.23
5080524,1239416,57.93
5080524,1239418,57.93
5080524,1239420,82.76
5080524,1239424,48.52
5080524,1239427,31.05
5080524,1239429,31.05
5080524,1239431,75.01
5080524,1239432,51.76
5080524,1239436,51.71
5080524,1239446,52.24
5080524,1239448,68.58
5080524,1239449,76.25
5080524,1239450,47.16
5080524,1239452,86.8
5080524,1239453,20.82
5080524,1239454,42.12
5080524,1239455,39.45
5080524,1239458,38.7
5080524,1239459,37.84
5080524,1239461,59.45
5080524,1239463,56.29
5080524,1239465,54.93
5080524,1239466,86.6
5080524,1239467,91.73
5080524,1239468,65.93
5080524,1239471,66.3
5080524,1239474,41.7
5080524,1239671,10.48
5080524,1239968,18.22
5080524,1240770,1207.63
5080524,1241077,879.25
5080524,1241167,67.86
5080524,1241169,189.8
5080524,1241245,138.5
5080524,1242484,138.3
5080524,1242673,41.74
5080524,1242789,19.38
5080524,1242790,70.51
5080524,1242792,78.94
5080524,1242795,40.64
5080524,1242797,45.17
5080524,1242798,45.38
5080524,1242805,31.69
5080524,1242807,31.69
5080524,1242810,23.88
5080524,1242811,39.32
5080524,1242812,38.07
5080524,1242829,75.29
5080524,1242831,89.17
5080524,1242834,18.31
5080524,1242838,52.48
5080524,1242845,60.61
5080524,1242848,72.62
5080524,1242852,45.1
5080524,1242864,145.55
5080524,1242865,50.39
5080524,1242886,51.86
5080524,1242891,63.81
5080524,1242893,114.56
5080524,1242901,60.18
5080524,1242902,40.29
5080524,1242906,45.79
5080524,1242911,45.95
5080524,1242913,36.57
5080524,1242914,37.73
5080524,1242917,70.58
5080524,1242919,54.13
5080524,1242921,49.49
5080524,1242923,72.5
5080524,1242925,51.09
5080524,1242926,99.72
5080524,1242929,96.92
5080524,1242931,258.26
5080524,1242933,64.88
5080524,1242936,94.6
5080524,1242937,46.65
5080524,1242938,64.88
5080524,1242939,49.94
5080524,1242941,74.22
5080524,1242945,50.9
5080524,1242947,73.52
5080524,1242949,64.04
5080524,1242951,64.92
5080524,1242957,60.75
5080524,1242966,55.78
5080524,1242969,94.59
5080524,1242973,46.15
5080524,1242975,85.74
5080524,1242976,104.99
5080524,1242979,60.13
5080524,1242991,43.82
5080524,1242993,97.64
5080524,1242999,68.15
5080524,1243002,34.91
5080524,1243005,35.28
5080524,1243031,16.51
5080524,1243196,1.39
5080524,1243277,59.74
5080524,1243409,60.97
5080524,1243422,26.06
5080524,1243570,74.91
5080524,1244320,57.44
5080524,1244812,7
5080524,1244882,9.18
5080524,1247062,66.56
5080524,1247063,44.28
5080524,1247064,32.99
5080524,1247065,87.42
5080524,1247114,65.51
5080524,1247115,32.62
5080524,1247116,58.62
5080524,1247117,50.85
5080524,1247119,43.08
5080524,1247187,37.26
5080524,1247332,39.65
5080524,1247954,323.34
5080524,1248195,128.8
5080524,1248796,21.95
5080524,1248805,64.05
5080524,1248824,46.84
5080524,1248834,35.64
5080524,1248868,12.53
5080524,1250069,7.11
5080524,1250497,38.45
5080524,1250499,60.35
5080524,1250683,164.45
5080524,1250776,62.73
5080524,1251260,399.07
5080524,1251454,47.4
5080524,1251612,81.47
5080524,1251656,13.67
5080524,1252648,17.62
5080524,1252839,8.2
5080524,1252855,0.68
5080524,1253779,20.73
5080524,1253854,92.09
5080524,1254237,56.52
5080524,1254238,80.19
5080524,1255181,409.3
5080524,1255237,52.09
5080524,1255338,390.45
5080524,1255453,87.86
5080524,1255566,30.14
5080524,1255601,85.88
5080524,1255648,38.5
5080524,1255699,73.17
5080524,1256110,21.95
5080524,1256259,241.1
5080524,1256425,115.36
5080524,1256426,48.9
5080524,1256755,75.27
5080524,1256895,244.2
5080524,1256963,52.63
5080524,1256969,115.8
5080524,1256991,134.76
5080524,1256995,96.53
5080524,1256996,69.72
5080524,1257003,226.51
5080524,1257005,72.75
5080524,1257011,242.53
5080524,1257012,253.71
5080524,1257045,66.67
5080524,1257108,35.23
5080524,1257437,62.48
5080524,1257569,93.76
5080524,1257571,21.53
5080524,1257683,84.56
5080524,1257858,204.45
5080524,1257861,73.93
5080524,1258324,36.52
5080524,1258664,62.96
5080524,1258746,162.1
5080524,1259057,103.15
5080524,1259061,120.91
5080524,1259218,79.17
5080524,1259381,143.86
5080524,1259442,48.14
5080524,1259732,1.59
5080524,1259737,109.11
5080524,1259921,201.21
5080524,1259975,33.48
5080524,1259996,60.82
5080524,1260094,87.8
5080524,1260345,52.29
5080524,1260764,1.03
5080524,1260766,12
5080524,1260833,24.19
5080524,1261271,73.17
5080524,1261424,65.94
5080524,1261429,395.64
5080524,1262201,365.86
5080524,1262678,183.38
5080524,1262706,183.38
5080524,1262831,252.75
5080524,1262832,132.82
5080524,1263050,192.07
5080524,1263114,75.52
5080524,1263203,199.09
5080524,1263654,242.44
5080524,1264371,56.88
5080524,1264486,52.29
5080524,1265149,28.55
5080524,1265266,73.17
5080524,1265372,920.44
5080524,1265547,2.15
5080524,1265611,64.25
5080524,1265847,38.6
5080524,1265848,49.86
5080524,1265849,96.56
5080524,1265850,61.78
5080524,1266179,162.46
5080524,1266581,58.33
5080524,1266979,106.22
5080524,1267386,59.8
5080524,1267465,83.99
5080524,1267504,81.04
5080524,1268720,45.33
5080524,1269188,13.67
5080524,1269328,117.74
5080524,1269352,20.82
5080524,1269777,59.89
5080524,1269788,31.98
5080524,1270436,39.14
5080524,1270442,0.61
5080524,1270461,12.53
5080524,1271339,10.33
5080524,1271614,154.9
5080524,1271848,35.01
5080524,1271981,26.66
5080524,1272126,22.62
5080524,1272324,11.96
5080524,1272724,121.06
5080524,1273345,9.83
5080524,1274060,323.34
5080524,1274068,14.41
5080524,1274073,132.99
5080524,1274142,46.43
5080524,1274143,47.78
5080524,1274628,47.78
5080524,1274849,187.28
5080524,1274947,54.71
5080524,1275057,17.09
5080524,1275176,3.68
5080524,1275267,91.63
5080524,1275268,81.34
5080524,1276222,22.72
5080524,1276268,21.61
5080524,1276389,23.54
5080524,1276788,52.6
5080524,1276924,8.39
5080524,1277117,19.94
5080524,1277563,199.74
5080524,1277697,33.25
5080524,1277699,33.25
5080524,1278521,1.49
5080524,1279129,28.44
5080524,1279130,28.44
5080524,1279152,251.46
5080524,1279155,204.4
5080524,1279160,77.3
5080524,1279165,179.7
5080524,1279172,447.1
5080524,1279173,122.7
5080524,1279216,86.25
5080524,1279600,104.72
5080524,1281074,45.15
5080524,1281505,53.2
5080524,1281579,20.37
5080524,1281607,4.78
5080524,1281862,7.29
5080524,1282019,21.74
5080524,1282045,45.15
5080524,1282328,2.49
5080524,1282565,36.46
5080524,1282902,146.81
5080524,1283131,8.32
5080524,1283261,56.19
5080524,1283283,97.6
5080524,1283284,77.42
5080524,1283843,2.96
5080524,1284161,146.81
5080524,1284402,28.76
5080524,1284807,51.77
5080524,1284955,109.12
5080524,1284956,23.56
5080524,1285486,18.03
5080524,1285728,40.78
5080524,1286341,46.43
5080524,1286624,24.25
5080524,1287411,3.78
5080524,1287543,128.52
5080524,1287894,5.67
5080524,1288099,122.09
5080524,1288210,96.89
5080524,1288522,9.68
5080524,1288523,6.49
5080524,1288607,18.33
5080524,1288817,25.75
5080524,1289114,77.37
5080524,1289137,103.32
5080524,1289138,135.51
5080524,1289180,287.54
5080524,1289522,227.04
5080524,1289523,106.3
5080524,1289526,195
5080524,1289527,164.05
5080524,1289528,93.3
5080524,1289529,231.8
5080524,1289808,96.2
5080524,1289809,96.2
5080524,1289825,72.38
5080524,1289826,72.38
5080524,1290201,85.6
5080524,1290251,46.75
5080524,1290273,49.66
5080524,1290424,151.24
5080524,1290443,127.51
5080524,1290569,67.61
5080524,1290910,46.94
5080524,1291052,0.68
5080524,1291054,21.53
5080524,1291620,79.75
5080524,1291628,16.73
5080524,1291752,97.06
5080524,1291953,75.49
5080524,1292259,68.36
5080524,1292383,19.59
5080524,1292384,30.53
5080524,1292579,57.14
5080524,1292855,70.59
5080524,1293751,229.9
5080524,1294095,7.32
5080524,1294188,34.37
5080524,1294638,133.36
5080524,1294666,48.11
5080524,1294689,26.07
5080524,1294694,24.99
5080524,1295397,68
5080524,1295446,47.24
5080524,1295499,123.41
5080524,1295778,49.39
5080524,1296337,32.36
5080524,1296716,17.28
5080524,1297062,64.59
5080524,1297982,34.17
5080524,1298174,0.01
5080524,1298252,280.14
5080524,1298914,48.52
5080524,1299027,70.12
5080524,1299028,46.83
5080524,1299029,37.22
5080524,1299034,45.85
5080524,1299035,35.02
5080524,1299048,65.18
5080524,1299223,41.18
5080524,1300336,0.01
5080524,1300340,0.01
5080524,1300342,57.17
5080524,1300401,1692.16
5080524,1300696,26.43
5080524,1301524,0.01
5080524,1302876,26.42
5080524,1303502,65.77
5080524,1303504,0.01
5080524,1303505,0.01
5080524,1303511,223.68
5080524,1304577,0.01
5080524,1304578,81.62
5080524,1304579,44.51
5080524,1304634,7.75
5080524,1305213,30.23
5080524,1305502,100.9
5080524,1305724,50.95
5080524,1305743,26.12
5080524,1305851,69.02
5080524,1306337,59.81
5080524,1306456,45.33
5080524,1306704,40.93
5080524,1307048,71.15
5080524,1307236,52.43
5080524,1307509,47.5
5080524,1307881,48.77
5080524,1308128,22.94
5080524,1308129,20.9
5080524,1308138,44.51
5080524,1308144,0.01
5080524,1308147,0.01
5080524,1308242,274.6
5080524,1308536,36.8
5080524,1309238,38.8
5080524,1309566,88.35
5080524,1309909,38.43
5080524,1310321,47.5
5080524,1311255,60.04
5080524,1311336,25
5080524,1311339,36.83
5080524,1311341,33.59
5080524,1311345,45.43
5080524,1311347,35.76
5080524,1312012,28.11
5080524,1312237,21.84
5080524,1312305,24.39
5080524,1312488,31148.58
5080524,1312553,134.38
5080524,1312671,266.46
5080524,1313376,43.35
5080524,1313585,0.01
5080524,1313586,0.01
5080524,1313696,88.35
5080524,1313759,23.01
5080524,1313964,62.74
5080524,1314388,19.94
5080524,1314389,8.09
5080524,1314523,88.35
5080524,1314568,88.35
5080524,1314569,62.74
5080524,1314574,47.77
5080524,1315057,364.9
5080524,1315064,12.85
5080524,1315369,38.17
5080524,1315553,102.19
5080524,1315576,222.3
5080524,1315807,8.2
5080524,1315840,36.57
5080524,1316095,1.33
5080524,1316096,4.64
5080524,1316245,7.06
5080524,1317192,0.01
5080524,1317623,395.64
5080524,1317626,68.65
5080524,1318007,0.01
5080524,1318464,2.14
5080524,1318525,98.2
5080524,1318640,54.72
5080524,1318760,119.63
5080524,1318761,361.62
5080524,1318831,0.01
5080524,1319346,1.82
5080524,1319375,75.65
5080524,1319491,36.1
5080524,1319576,80.53
5080524,1320159,10.71
5080524,1320160,14.43
5080524,1320161,14.43
5080524,1320181,199.94
5080524,1320795,460.09
5080524,1320797,223.45
5080524,1321353,67.22
5080524,1322307,300.74
5080524,1323190,168.1
5080524,1323191,1317.14
5080524,1323248,20.95
5080524,1323910,67.4
5080524,1324445,22.67
5080524,1324447,49.66
5080524,1324722,33.11
5080524,1324796,76.03
5080524,1324798,137.2
5080524,1324803,22.67
5080524,1324945,661.11
5080524,1325316,221.35
5080524,1325381,60.26
5080524,1325383,71.65
5080524,1325385,54.02
5080524,1325485,737.15
5080524,1325730,171.57
5080524,1325980,91.22
5080524,1326070,32.42
5080524,1326153,144.03
5080524,1326260,71.62
5080524,1326687,16.12
5080524,1326799,0.57
5080524,1326901,550.94
5080524,1327646,47.24
5080524,1327742,464
5080524,1327819,0.01
5080524,1327842,2.16
5080524,1327892,29.36
5080524,1327915,143.41
5080524,1327917,86.58
5080524,1327943,27.44
5080524,1328151,66.67
5080524,1328194,0.01
5080524,1328299,171.8
5080524,1328715,0.01
5080524,1328960,32.81
5080524,1329044,32.81
5080524,1329047,32.81
5080524,1329166,34.38
5080524,1329250,25.08
5080524,1329338,38.74
5080524,1329742,103.9
5080524,1329807,157.02
5080524,1329811,48.41
5080524,1329980,33.67
5080524,1329984,31.6
5080524,1330029,68
5080524,1330368,20.46
5080524,1330369,33.45
5080524,1330407,41.66
5080524,1330610,52.89
5080524,1330741,237.8
5080524,1330744,237.8
5080524,1330746,237.8
5080524,1330747,237.8
5080524,1330752,237.8
5080524,1330754,396.34
5080524,1330756,396.34
5080524,1330891,72.24
5080524,1331090,96.72
5080524,1331531,81.85
5080524,1331532,67.4
5080524,1331533,91.45
5080524,1331976,19.62
5080524,1332015,178.1
5080524,1332226,48.08
5080524,1332354,41.11
5080524,1333028,149.28
5080524,1333029,224.01
5080524,1333609,74.66
5080524,1333610,88.82
5080524,1333611,42.4
5080524,1333612,100.61
5080524,1333613,120.06
5080524,1333615,222.38
5080524,1333616,101.45
5080524,1333618,121
5080524,1334168,30.38
5080524,1334255,0.53
5080524,1334934,103.9
5080524,1335382,3.19
5080524,1335412,0.01
5080524,1335428,22.67
5080524,1335452,79.4
5080524,1336261,16.71
5080524,1336648,147.98
5080524,1336723,98.19
5080524,1336726,112.9
5080524,1336834,32.72
5080524,1337711,45.33
5080524,1338612,59.48
5080524,1338666,73.32
5080524,1338668,62.33
5080524,1338669,88.58
5080524,1338753,58.06
5080524,1338757,361.3
5080524,1339097,130.49
5080524,1339527,22.67
5080524,1339613,21.01
5080524,1339887,60.71
5080524,1340140,43.06
5080524,1340246,3.78
5080524,1340764,413.47
5080524,1340823,10.48
5080524,1341100,13.74
5080524,1341424,3.78
5080524,1341910,93.5
5080524,1342160,37.64
5080524,1342595,196.08
5080524,1342599,72.73
5080524,1342613,100.77
5080524,1342614,154.53
5080524,1342615,44.65
5080524,1342826,250.41
5080524,1343271,14.74
5080524,1343275,27.27
5080524,1343366,128.85
5080524,1343466,242.73
5080524,1343469,11.62
5080524,1343506,87.12
5080524,1343591,46.71
5080524,1343732,75.2
5080524,1343876,154.44
5080524,1343924,170.17
5080524,1344058,68
5080524,1344831,361.3
5080524,1345189,0.01
5080524,1345675,1415.77
5080524,1346566,15.91
5080524,1346712,9.16
5080524,1347045,38.95
5080524,1348156,90.08
5080524,1348483,40.04
5080524,1349019,0.46
5080524,1349153,0.46
5080524,1349985,539.64
5080524,1350007,17.77
5080524,1350354,15.95
5080524,1350580,91.32
5080524,1350826,48.04
5080524,1351105,7.52
5080524,1351117,20.07
5080524,1351118,33.12
5080524,1351290,89.19
5080524,1351807,0.01
5080524,1351889,41.12
5080524,1352228,47.86
5080524,1352229,47.86
5080524,1352435,425.48
5080524,1352462,0.01
5080524,1352586,239.32
5080524,1352745,0.01
5080524,1352896,19.63
5080524,1352985,31.24
5080524,1352986,58.5
5080524,1353617,106.63
5080524,1354146,0.68
5080524,1355079,2.85
5080524,1355254,3.78
5080524,1355309,10.99
5080524,1355316,0.61
5080524,1355457,5.93
5080524,1355534,49.53
5080524,1355662,3.6
5080524,1356007,42.61
5080524,1356022,27.38
5080524,1356057,51.32
5080524,1356212,192.71
5080524,1356503,110.61
5080524,1356751,57.25
5080524,1356831,59.36
5080524,1357368,53.77
5080524,1357407,36.14
5080524,1357541,19.67
5080524,1357713,494.21
5080524,1357806,288.6
5080524,1358118,20.14
5080524,1358268,173.25
5080524,1358700,171.85
5080524,1358701,113.1
5080524,1358717,779.97
5080524,1358925,11.62
5080524,1358926,5.35
5080524,1358927,39.19
5080524,1358928,30.87
5080524,1359118,134.63
5080524,1359160,88.4
5080524,1359327,117.71
5080524,1359328,100.61
5080524,1359329,192.72
5080524,1359401,0.01
5080524,1359775,89.26
5080524,1359873,119.08
5080524,1360209,173.1
5080524,1360333,44.43
5080524,1360365,3.6
5080524,1360433,25.49
5080524,1360775,30.87
5080524,1361037,0.01
5080524,1361846,75.2
5080524,1361870,40.96
5080524,1361898,92.07
5080524,1362141,4.17
5080524,1362415,51.37
5080524,1362577,54.11
5080524,1362709,263.41
5080524,1362983,89.32
5080524,1363318,168.1
5080524,1363735,19.71
5080524,1364804,85.41
5080524,1365095,98.19
5080524,1366607,27.94
5080524,1366922,0.68
5080524,1367453,7.31
5080524,1368198,59.89
5080524,1368199,59.55
5080524,1368231,77.21
5080524,1368356,33.33
5080524,1368358,30.02
5080524,1368392,425.48
5080524,1368981,50.99
5080524,1369073,10.14
5080524,1369202,1.89
5080524,1369474,65.39
5080524,1369547,22.03
5080524,1369611,18.22
5080524,1370050,117.91
5080524,1370130,90.4
5080524,1370195,832.67
5080524,1370812,1059.01
5080524,1370813,105.98
5080524,1371413,2.95
5080524,1372217,12.8
5080524,1372246,40.35
5080524,1372360,124.91
5080524,1372413,50.33
5080524,1372689,128.55
5080524,1373385,7.22
5080524,1373851,3.53
5080524,1373855,55.34
5080524,1373871,2376.93
5080524,1374182,34.67
5080524,1374243,117.33
5080524,1374244,34.65
5080524,1374255,172.3
5080524,1374299,105.98
5080524,1374967,24.84
5080524,1375134,8.54
5080524,1375576,9.61
5080524,1376234,18.68
5080524,1376460,10.15
5080524,1376487,128.69
5080524,1376537,98.3
5080524,1376678,3.76
5080524,1377479,13.48
5080524,1378195,1.89
5080524,1378241,22.62
5080524,1378260,135.11
5080524,1378297,1.27
5080524,1378710,11.49
5080524,1379203,73.89
5080524,1379486,251.34
5080524,1379552,33.1
5080524,1379744,40.98
5080524,1379752,61.44
5080524,1379937,17.32
5080524,1379938,15.27
5080524,1380275,476.14
5080524,1380685,34.67
5080524,1381470,24.31
5080524,1381655,263.07
5080524,1382345,3179.32
5080524,1382666,31.44
5080524,1383076,242.73
5080524,1383344,45.23
5080524,1383617,19.94
5080524,1384319,14.92
5080524,1384528,1.48
5080524,1384903,57.74
5080524,1385198,73.89
5080524,1385574,69.08
5080524,1386263,73.89
5080524,1386585,487.99
5080524,1386825,14.07
5080524,1387190,102.87
5080524,1387785,25.41
5080524,1388175,166.9
5080524,1388565,32.08
5080524,1388601,20.51
5080524,1388763,5.7
5080524,1388848,88.03
5080524,1389366,26.77
5080524,1390310,122.24
5080524,1390783,7.93
5080524,1390784,6.95
5080524,1390785,12.21
5080524,1390902,37.94
5080524,1391264,39.95
5080524,1391403,54.46
5080524,1392199,73.89
5080524,1392316,102.99
5080524,1392317,238.56
5080524,1392393,73.89
5080524,1392516,73.89
5080524,1394163,22.67
5080524,1394599,30.53
5080524,1394864,73.89
5080524,1394865,65.77
5080524,1394866,47.45
5080524,1394867,0.01
5080524,1394868,0.01
5080524,1394946,181.7
5080524,1395062,49.78
5080524,1395564,32.47
5080524,1395565,53.54
5080524,1395966,21.36
5080524,1396437,67.56
5080524,1396532,70.06
5080524,1396792,19.59
5080524,1396905,69.02
5080524,1396908,0.01
5080524,1397064,0.01
5080524,1397339,17.63
5080524,1397695,36.59
5080524,1398231,90.68
5080524,1399124,85.37
5080524,1399294,0.01
5080524,1399429,85.37
5080524,1399430,47.5
5080524,1000144,20.57
5080524,1000171,44.68
5080524,1000179,4.47
5080524,1000193,17.06
5080524,1000206,20.57
5080524,1001436,8.38
5080524,1001450,33.51
5080524,1001675,12.95
5080524,1001771,24.93
5080524,1001856,20.14
5080524,1001858,52.41
5080524,1001864,78.48
5080524,1001967,33.67
5080524,1001988,22.67
5080524,1002002,26.91
5080524,1002008,44.68
5080524,1002010,35.07
5080524,1002011,24.06
5080524,1002014,23.96
5080524,1002020,35.07
5080524,1002021,29.66
5080524,1002022,24.32
5080524,1002080,6.32
5080524,1002092,48.96
5080524,1002531,92.1
5080524,1003040,31.6
5080524,1003041,28.06
5080524,1003055,4.37
5080524,1003063,20.44
5080524,1003083,29.53
5080524,1003095,25.89
5080524,1003100,50.45
5080524,1003102,31.52
5080524,1003117,34.01
5080524,1003137,29.53
5080524,1003204,42.04
5080524,1003205,37.45
5080524,1003227,37.87
5080524,1003229,48.19
5080524,1003299,53.94
5080524,1003483,26.74
5080524,1003494,45.06
5080524,1003520,26.91
5080524,1005071,201.9
5080524,1005219,64.56
5080524,1005664,86.87
5080524,1005665,105.58
5080524,1005666,78.6
5080524,1005667,95.88
5080524,1005671,4.3
5080524,1005807,109.37
5080524,1006033,17.16
5080524,1006216,61.52
5080524,1006254,63.12
5080524,1006255,69.16
5080524,1006592,42.15
5080524,1006718,94.94
5080524,1006829,88.61
5080524,1007439,13.06
5080524,1007452,37.22
5080524,1007637,70.6
5080524,1007638,46.2
5080524,1007645,23.67
5080524,1007846,64
5080524,1007905,47.41
5080524,1008116,42.47
5080524,1008289,25.57
5080524,1024486,31.76
5080524,1024586,28.24
5080524,1024843,27.65
5080524,1025754,49.41
5080524,1025885,19.53
5080524,1026074,44.71
5080524,1026309,32.15
5080524,1026568,210.89
5080524,1026596,52.03
5080524,1026956,23.8
5080524,1026964,35.95
5080524,1026967,10.76
5080524,1027147,40.76
5080524,1027149,37.85
5080524,1027247,68.23
5080524,1027256,26.46
5080524,1027306,210.89
5080524,1027574,44.18
5080524,1028011,25.19
5080524,1028073,121.18
5080524,1028841,37.06
5080524,1044528,112.24
5080524,1044792,20.15
5080524,1050893,39.61
5080524,1050917,24.93
5080524,1050997,30.76
5080524,1051016,24.33
5080524,1051018,26.41
5080524,1051020,26.45
5080524,1051024,26.52
5080524,1051064,53.45
5080524,1051073,48.34
5080524,1051074,19.69
5080524,1051101,36.15
5080524,1051103,25.01
5080524,1051105,49.75
5080524,1051157,41.61
5080524,1051166,45.75
5080524,1051171,27.34
5080524,1051190,23.95
5080524,1051217,45.02
5080524,1051222,30.51
5080524,1051297,32.75
5080524,1051300,30.18
5080524,1051301,25.89
5080524,1051303,29.35
5080524,1051304,46.27
5080524,1051305,27.8
5080524,1051308,41.61
5080524,1051331,41.52
5080524,1051344,41.01
5080524,1051368,44.26
5080524,1051453,35.07
5080524,1051458,45.12
5080524,1051594,45.47
5080524,1051595,38.05
5080524,1051596,41.64
5080524,1051814,29.4
5080524,1051820,26.21
5080524,1051834,43.21
5080524,1051886,40.84
5080524,1052011,43.04
5080524,1052086,52.42
5080524,1052267,24.41
5080524,1052465,34.12
5080524,1052468,41.61
5080524,1052469,28.67
5080524,1052910,49.75
5080524,1052916,55.49
5080524,1052950,29.84
5080524,1053012,62.71
5080524,1053071,48.44
5080524,1053076,19.2
5080524,1053098,31.72
5080524,1053211,41.61
5080524,1053249,41.44
5080524,1053299,52.08
5080524,1053447,16.16
5080524,1053459,23.59
5080524,1053471,31.01
5080524,1053472,15.53
5080524,1053481,43.06
5080524,1053490,24.26
5080524,1053502,29.4
5080524,1053506,43.06
5080524,1053508,21.64
5080524,1053512,30.78
5080524,1053515,30.76
5080524,1053528,20.36
5080524,1053533,44.48
5080524,1053538,26.41
5080524,1053547,29.4
5080524,1053550,44.8
5080524,1053552,24.4
5080524,1053559,61.8
5080524,1053568,24.18
5080524,1053579,36.39
5080524,1053582,19.73
5080524,1053594,26.21
5080524,1053595,34.89
5080524,1053602,26.21
5080524,1053613,72.78
5080524,1053616,53.45
5080524,1053619,53.45
5080524,1053622,58.24
5080524,1053630,29.6
5080524,1053661,36.64
5080524,1053675,38.22
5080524,1053697,15.67
5080524,1053720,20.82
5080524,1053730,38.22
5080524,1053731,38.22
5080524,1053769,39.61
5080524,1053773,21.29
5080524,1053780,33.46
5080524,1053794,27.34
5080524,1053833,36.64
5080524,1053841,66.64
5080524,1053848,29.84
5080524,1053866,29.84
5080524,1053868,36.64
5080524,1053869,36.64
5080524,1053875,43.21
5080524,1053894,25.94
5080524,1053896,29.8
5080524,1053930,41.46
5080524,1053955,36.15
5080524,1053972,28.13
5080524,1054031,40.52
5080524,1054039,28.94
5080524,1054067,22.14
5080524,1054132,41.61
5080524,1054135,24.93
5080524,1054136,33.49
5080524,1054171,55.52
5080524,1054254,25.08
5080524,1054349,40.32
5080524,1054350,29.56
5080524,1054362,40.6
5080524,1054380,25.21
5080524,1054382,37.38
5080524,1054467,58.54
5080524,1054503,52.02
5080524,1054747,52.19
5080524,1054823,84.74
5080524,1054833,73.47
5080524,1054839,60.95
5080524,1054859,56.35
5080524,1054862,40.15
5080524,1054874,29.72
5080524,1054894,53.69
5080524,1054902,47.35
5080524,1054909,76.76
5080524,1054916,49.66
5080524,1054931,57.81
5080524,1054980,37.92
5080524,1054999,44.46
5080524,1055000,45.35
5080524,1055024,28.61
5080524,1055161,34.25
5080524,1055268,30.78
5080524,1055470,58.58
5080524,1055486,53.42
5080524,1055545,37.69
5080524,1055607,40.08
5080524,1055707,37.45
5080524,1056122,34.32
5080524,1056129,37.69
5080524,1056140,25.05
5080524,1056452,16.54
5080524,1056480,35.54
5080524,1056484,28.06
5080524,1056490,27.72
5080524,1056506,20.25
5080524,1056508,21.86
5080524,1056616,48.67
5080524,1056946,77.47
5080524,1056996,15.6
5080524,1057074,30.4
5080524,1057111,25.62
5080524,1057146,30.46
5080524,1057176,29.48
5080524,1057186,31.38
5080524,1057204,26.08
5080524,1057259,38.64
5080524,1057313,47.15
5080524,1057324,26.74
5080524,1057329,37.87
5080524,1057333,47.15
5080524,1057339,29.66
5080524,1057341,31.6
5080524,1057347,27.22
5080524,1057359,29.53
5080524,1057361,27.22
5080524,1057385,21.66
5080524,1057392,29.48
5080524,1057432,24.32
5080524,1057467,31.01
5080524,1057474,34.67
5080524,1057482,41.75
5080524,1057483,26.74
5080524,1057484,30.39
5080524,1057486,23.96
5080524,1057491,31.18
5080524,1057494,43.36
5080524,1057498,24.21
5080524,1057501,31.18
5080524,1057504,45.56
5080524,1057507,23.47
5080524,1057509,43.91
5080524,1057511,36.14
5080524,1057513,44.26
5080524,1057519,49.68
5080524,1057520,32.8
5080524,1057529,28.04
5080524,1057543,36.21
5080524,1057551,52.19
5080524,1057554,34.92
5080524,1057557,47.15
5080524,1057558,41.26
5080524,1057568,30.13
5080524,1057664,22.59
5080524,1057674,30.39
5080524,1057691,15.79
5080524,1057697,40.52
5080524,1057814,44.48
5080524,1057815,44.48
5080524,1057833,41.26
5080524,1057861,31.6
5080524,1057879,44.48
5080524,1057893,27.22
5080524,1057896,40.92
5080524,1058056,39.79
5080524,1058243,31.6
5080524,1059395,144.68
5080524,1059514,6.3
5080524,1059515,6.3
5080524,1059516,6.3
5080524,1060149,36.62
5080524,1060204,36.62
5080524,1060210,6.3
5080524,1060242,6.3
5080524,1060308,36.62
5080524,1060385,26.47
5080524,1069782,17.69
5080524,1072410,3.51
5080524,1072663,3.95
5080524,1072945,7.51
5080524,1072950,7.51
5080524,1072960,6.52
5080524,1072965,6.52
5080524,1073119,22.53
5080524,1073195,7.04
5080524,1073340,5.97
5080524,1073468,6.42
5080524,1073822,3.42
5080524,1073826,4.19
5080524,1073834,4.22
5080524,1073841,5.85
5080524,1073859,5.97
5080524,1073866,7.08
5080524,1073868,8.37
5080524,1073872,7.52
5080524,1073875,6.82
5080524,1074381,14.68
5080524,1074478,19.03
5080524,1076359,8.11
5080524,1077271,11.85
5080524,1077292,5.16
5080524,1078159,10.1
5080524,1078223,7.05
5080524,1078593,15.14
5080524,1080482,4.05
5080524,1082489,2.22
5080524,1082704,58.63
5080524,1082747,877.01
5080524,1083507,28.95
5080524,1083986,328.43
5080524,1084256,40.92
5080524,1084257,46
5080524,1084262,407.2
5080524,1084271,52.84
5080524,1084272,46.28
5080524,1084302,40.16
5080524,1084303,45.31
5080524,1084304,391.96
5080524,1084305,135.7
5080524,1084312,76.89
5080524,1084316,46.33
5080524,1084317,57.44
5080524,1084320,59.07
5080524,1084325,137.79
5080524,1084338,85.61
5080524,1084340,49.41
5080524,1084359,38.61
5080524,1084377,46.33
5080524,1084378,40.92
5080524,1084380,407.2
5080524,1084394,631.48
5080524,1084477,876.95
5080524,1084496,57.25
5080524,1084524,499.32
5080524,1084533,47.89
5080524,1084575,2030.52
5080524,1084588,18
5080524,1084592,42.35
5080524,1084634,61.29
5080524,1084664,56.28
5080524,1084668,78.86
5080524,1084671,52.5
5080524,1084688,93.05
5080524,1084699,49.72
5080524,1084700,59.22
5080524,1084702,61.52
5080524,1084721,60.07
5080524,1084727,32.24
5080524,1084742,37.78
5080524,1084743,46.92
5080524,1084745,465.99
5080524,1084747,46.4
5080524,1084749,41.18
5080524,1084750,50.29
5080524,1084751,471.43
5080524,1084765,50.69
5080524,1084773,59.31
5080524,1084776,54.08
5080524,1084790,50.77
5080524,1084917,62.09
5080524,1084976,37.03
5080524,1085000,202.16
5080524,1085026,71.54
5080524,1085094,35.96
5080524,1085095,55.31
5080524,1085103,35.01
5080524,1085156,36.82
5080524,1085225,95.37
5080524,1085227,132.48
5080524,1085255,71.74
5080524,1085326,40.16
5080524,1085423,327.21
5080524,1085424,52.69
5080524,1085425,77.51
5080524,1085427,83.49
5080524,1085439,53.49
5080524,1085467,37.27
5080524,1085491,60.29
5080524,1085492,500.84
5080524,1085494,40.57
5080524,1085513,53.44
5080524,1085514,43.33
5080524,1085516,46.04
5080524,1085517,114.03
5080524,1085521,41.91
5080524,1085522,49.52
5080524,1085523,147.86
5080524,1085525,434.41
5080524,1085530,65.54
5080524,1085531,79.94
5080524,1085532,823.08
5080524,1085534,98.18
5080524,1085535,120.26
5080524,1085536,1253.14
5080524,1085537,96.51
5080524,1085550,58.29
5080524,1085574,530.21
5080524,1085575,185.32
5080524,1085582,54.55
5080524,1085583,642.34
5080524,1085586,67.61
5080524,1085614,180.55
5080524,1085659,44.58
5080524,1085661,76.43
5080524,1085663,34.57
5080524,1085666,67.31
5080524,1085680,18
5080524,1085684,55.77
5080524,1085721,38.12
5080524,1085729,53.12
5080524,1085730,61.85
5080524,1085732,54
5080524,1085733,61.56
5080524,1085734,512.79
5080524,1085798,86.69
5080524,1085831,524.93
5080524,1085832,306.4
5080524,1085833,161.8
5080524,1085834,54.03
5080524,1085835,45.06
5080524,1085842,65.73
5080524,1085844,271.09
5080524,1086073,107.2
5080524,1086165,137.48
5080524,1086271,41.86
5080524,1086300,152.94
5080524,1086301,118.3
5080524,1086303,77.81
5080524,1086306,37.45
5080524,1086323,100.37
5080524,1086396,59.24
5080524,1086397,108.07
5080524,1086416,50.15
5080524,1086418,68.31
5080524,1086454,121.42
5080524,1086455,1246.31
5080524,1086457,53.7
5080524,1086458,538.34
5080524,1086589,32.84
5080524,1086648,61.66
5080524,1086742,2691.71
5080524,1086803,2468.27
5080524,1086863,48.81
5080524,1086880,268.44
5080524,1086938,2635.08
5080524,1086963,608.42
5080524,1087022,41.93
5080524,1087027,26.43
5080524,1087029,24.84
5080524,1087033,24
5080524,1087042,34.38
5080524,1087068,49.79
5080524,1087073,41.87
5080524,1087161,532.28
5080524,1087162,316.15
5080524,1087163,166.67
5080524,1087164,55.65
5080524,1087165,45.92
5080524,1087166,545.73
5080524,1087167,333.36
5080524,1087168,171.23
5080524,1087169,57.15
5080524,1087170,349.77
5080524,1087171,179.06
5080524,1087191,90.28
5080524,1087192,104.76
5080524,1087195,777.36
5080524,1087196,238.46
5080524,1087197,79.68
5080524,1087218,176.99
5080524,1087225,30.11
5080524,1087233,657.59
5080524,1087241,140.67
5080524,1087242,246.98
5080524,1087244,45.85
5080524,1087246,137.17
5080524,1087247,1838.25
5080524,1087251,439.85
5080524,1087254,68.49
5080524,1087255,874.27
5080524,1087260,97.49
5080524,1087261,303.2
5080524,1087272,17.27
5080524,1087287,42.93
5080524,1087335,65.96
5080524,1087351,427.87
5080524,1087393,395.22
5080524,1087416,54.79
5080524,1087417,83.09
5080524,1087418,46.43
5080524,1087419,42.76
5080524,1087420,55.7
5080524,1087439,45.45
5080524,1087450,72.38
5080524,1087473,42.52
5080524,1087478,51.53
5080524,1087479,59.87
5080524,1087480,579.22
5080524,1087486,436.54
5080524,1087488,38.34
5080524,1087489,83.47
5080524,1087495,60.72
5080524,1087496,50.16
5080524,1087498,50.13
5080524,1087500,551.4
5080524,1087502,382.11
5080524,1087505,47.06
5080524,1087512,148.98
5080524,1087514,37.9
5080524,1087518,178.99
5080524,1087519,247.84
5080524,1087520,2601.4
5080524,1087521,32.3
5080524,1087524,69.89
5080524,1087525,44.78
5080524,1087528,427.07
5080524,1087529,700.95
5080524,1087539,41.97
5080524,1087540,145.21
5080524,1087542,41.97
5080524,1087543,51.96
5080524,1087544,38.11
5080524,1087545,102.3
5080524,1087547,436.59
5080524,1087548,48.69
5080524,1087557,42.67
5080524,1087558,47.73
5080524,1087559,133.58
5080524,1087566,32.85
5080524,1087567,39.49
5080524,1087568,366.93
5080524,1087594,31.53
5080524,1087595,38.13
5080524,1087635,53.91
5080524,1087661,800.23
5080524,1087681,42.77
5080524,1087706,44.52
5080524,1087727,57.82
5080524,1087728,59.74
5080524,1087729,498.06
5080524,1087733,40.61
5080524,1087735,2640.18
5080524,1087736,77.09
5080524,1087737,754.52
5080524,1087738,54.85
5080524,1087739,533.48
5080524,1087785,35.32
5080524,1087786,42.25
5080524,1087789,357.12
5080524,1087790,448.57
5080524,1087791,301.58
5080524,1087794,48.69
5080524,1087796,43.69
5080524,1087797,49.12
5080524,1087798,41.24
5080524,1087874,58.27
5080524,1087890,1492.91
5080524,1087902,588.34
5080524,1087904,1965.2
5080524,1087909,52.89
5080524,1087938,476.56
5080524,1087939,200.2
5080524,1087954,87.51
5080524,1087963,33.5
5080524,1087980,24.5
5080524,1087986,57.96
5080524,1088068,42.53
5080524,1088070,49.68
5080524,1088072,438.77
5080524,1088074,60.5
5080524,1088130,324.09
5080524,1088132,44.03
5080524,1088154,63.02
5080524,1088166,37.96
5080524,1088193,51.14
5080524,1088269,69.25
5080524,1088275,157.85
5080524,1088276,62.8
5080524,1088309,46.84
5080524,1088384,2521.55
5080524,1088446,47.87
5080524,1088484,40
5080524,1088488,68.58
5080524,1088491,55.97
5080524,1088511,56.15
5080524,1088514,44.24
5080524,1088516,522.59
5080524,1088557,3012.01
5080524,1088666,176.3
5080524,1088678,50.14
5080524,1088816,61.02
5080524,1088875,40.24
5080524,1088918,979.77
5080524,1088919,565.55
5080524,1088920,293.45
5080524,1088930,68.81
5080524,1088944,46.07
5080524,1088946,52.37
5080524,1088947,61.28
5080524,1088948,98.67
5080524,1088949,81.21
5080524,1088958,81.39
5080524,1088964,82.81
5080524,1088976,49.63
5080524,1088979,59.17
5080524,1088981,590.78
5080524,1088988,66.17
5080524,1089008,57.27
5080524,1089010,620.23
5080524,1089012,66.12
5080524,1089013,81.26
5080524,1089014,765.78
5080524,1089129,60.45
5080524,1089130,71.44
5080524,1089131,714.6
5080524,1089162,61.68
5080524,1089163,76.58
5080524,1089281,68.13
5080524,1089312,58.52
5080524,1089347,54.24
5080524,1089352,56.55
5080524,1089366,46.09
5080524,1089606,886.11
5080524,1089711,82.62
5080524,1089712,102.23
5080524,1089792,1014.69
5080524,1089795,99.64
5080524,1089804,571.92
5080524,1089806,298.65
5080524,1089817,81.78
5080524,1089818,60.16
5080524,1089829,68.09
5080524,1089839,69.22
5080524,1089841,57.53
5080524,1089843,278.98
5080524,1089845,75.44
5080524,1089846,93.18
5080524,1089850,924.4
5080524,1089932,81.86
5080524,1089933,90.72
5080524,1089943,125.55
5080524,1089948,67.76
5080524,1089949,81.82
5080524,1089973,73.5
5080524,1089974,88.82
5080524,1089975,266.1
5080524,1089976,519.72
5080524,1089977,881.76
5080524,1089981,58.4
5080524,1089982,69.9
5080524,1089984,77.57
5080524,1089987,70.2
5080524,1089988,89.62
5080524,1089989,67.02
5080524,1089992,71.95
5080524,1089993,83.44
5080524,1089994,268.21
5080524,1089995,165.19
5080524,1089997,664.02
5080524,1090001,82.36
5080524,1090005,69.57
5080524,1090006,80.61
5080524,1090007,766.31
5080524,1090010,241.25
5080524,1090013,116.85
5080524,1090033,78.51
5080524,1090034,93.5
5080524,1090035,934.25
5080524,1090040,51.69
5080524,1090042,58.77
5080524,1090043,68.4
5080524,1090044,654.19
5080524,1090045,1015.49
5080524,1090046,551.36
5080524,1090050,97.29
5080524,1090051,81.29
5080524,1090064,69.06
5080524,1090076,63.52
5080524,1090078,67.23
5080524,1090080,701.22
5080524,1090086,61.75
5080524,1090087,73.98
5080524,1090090,73.19
5080524,1090098,47.24
5080524,1090104,263.65
5080524,1090116,135.83
5080524,1090117,167.2
5080524,1090127,38.42
5080524,1090132,1401.01
5080524,1090135,37.59
5080524,1090142,65.81
5080524,1090144,433.81
5080524,1090149,103.02
5080524,1090151,1271.18
5080524,1090155,128.2
5080524,1090158,37.51
5080524,1090160,43.47
5080524,1090161,258.95
5080524,1090165,116.1
5080524,1090168,31.15
5080524,1090175,33.41
5080524,1090176,38.99
5080524,1090177,135.99
5080524,1090179,350.58
5080524,1090190,93.37
5080524,1090198,926.59
5080524,1090201,75.63
5080524,1090203,146.21
5080524,1090216,28.19
5080524,1090223,78.15
5080524,1090227,80.87
5080524,1090262,225.06
5080524,1090291,41.71
5080524,1090307,30.02
5080524,1090308,35.74
5080524,1090536,0.12
5080524,1091099,59.22
5080524,1091100,59.52
5080524,1091401,46.81
5080524,1091575,42.68
5080524,1091709,63.75
5080524,1091892,44.73
5080524,1091895,52.37
5080524,1091981,54.63
5080524,1092068,67.79
5080524,1092129,57.09
5080524,1092186,428.96
5080524,1092241,57.88
5080524,1092242,53.36
5080524,1092610,40.84
5080524,1092613,487.75
5080524,1092786,49.19
5080524,1092801,32.73
5080524,1092832,32.99
5080524,1092906,40.37
5080524,1092911,110.21
5080524,1093261,72.46
5080524,1093579,88.09
5080524,1093586,97.8
5080524,1093604,81.65
5080524,1093622,63.75
5080524,1095332,46.79
5080524,1095430,25.87
5080524,1095523,34.13
5080524,1095555,58.8
5080524,1095589,65.61
5080524,1095612,411.56
5080524,1095717,65.19
5080524,1095726,56.09
5080524,1095987,64.47
5080524,1096091,91.11
5080524,1096118,135.8
5080524,1096124,78.15
5080524,1096198,56.98
5080524,1096349,21.86
5080524,1096421,80.69
5080524,1096542,34.65
5080524,1096614,134.27
5080524,1096642,270.21
5080524,1096643,150.84
5080524,1096660,29.49
5080524,1096665,32.78
5080524,1096674,396.32
5080524,1096676,50.48
5080524,1096677,30.9
5080524,1096678,41.31
5080524,1096685,40.61
5080524,1096687,45.45
5080524,1096688,78.15
5080524,1096693,98.35
5080524,1096719,40.26
5080524,1096730,143.96
5080524,1096735,206.66
5080524,1096740,45.87
5080524,1096765,55.28
5080524,1096766,447.34
5080524,1096768,813.28
5080524,1096769,86.71
5080524,1096771,42.77
5080524,1096776,50.89
5080524,1096778,59.58
5080524,1096791,65.01
5080524,1096793,46.81
5080524,1096836,37.53
5080524,1096850,40.16
5080524,1096874,550.46
5080524,1096876,47.03
5080524,1096955,66.68
5080524,1096965,103.35
5080524,1096979,39.73
5080524,1096980,47.34
5080524,1096981,388.7
5080524,1096992,37.06
5080524,1097035,24.55
5080524,1097107,99.54
5080524,1097110,88.44
5080524,1097111,95.02
5080524,1097112,1031.04
5080524,1097117,88.44
5080524,1097118,95.02
5080524,1097119,1031.04
5080524,1097123,89.35
5080524,1097143,112.22
5080524,1097144,1183.46
5080524,1097306,33.8
5080524,1097315,202.52
5080524,1097320,42.91
5080524,1097321,502.99
5080524,1097346,181.7
5080524,1097377,35.65
5080524,1097379,40.61
5080524,1097381,40.83
5080524,1097383,57.59
5080524,1097385,44.64
5080524,1097387,45.6
5080524,1097389,47.96
5080524,1097391,40.16
5080524,1097394,42.26
5080524,1097396,34.93
5080524,1097398,32.78
5080524,1097399,35.16
5080524,1097402,33.03
5080524,1097404,37.78
5080524,1097406,56.32
5080524,1097408,37.06
5080524,1097409,153.43
5080524,1097411,32.05
5080524,1097413,32.05
5080524,1097416,37.51
5080524,1097417,27.1
5080524,1097420,41.1
5080524,1097459,349.77
5080524,1097512,70.49
5080524,1097519,126.67
5080524,1097753,38.61
5080524,1098001,43.7
5080524,1098035,259.53
5080524,1098195,92.1
5080524,1098205,39.11
5080524,1098221,29.33
5080524,1098254,198.19
5080524,1098269,331.37
5080524,1098444,51.38
5080524,1098446,58.21
5080524,1098516,54.33
5080524,1098517,64.84
5080524,1098521,354.53
5080524,1098688,70.02
5080524,1098714,174
5080524,1098834,42.53
5080524,1099367,30.78
5080524,1099613,39.92
5080524,1099856,460.17
5080524,1099881,70.49
5080524,1099949,45.7
5080524,1099957,59.26
5080524,1099965,33.93
5080524,1099971,96.4
5080524,1099982,136.86
5080524,1100023,80.7
5080524,1100024,53.91
5080524,1100032,613.86
5080524,1100053,561.42
5080524,1100054,847.12
5080524,1100055,1029.73
5080524,1100061,256.93
5080524,1100074,68.3
5080524,1100086,85.79
5080524,1100105,88.16
5080524,1100130,204.65
5080524,1100163,41.33
5080524,1100182,46.6
5080524,1100192,65.42
5080524,1100206,37.75
5080524,1100236,48.74
5080524,1100259,45.49
5080524,1100260,35.91
5080524,1100311,105.71
5080524,1100371,98.9
5080524,1100388,70.49
5080524,1100404,85.02
5080524,1100405,53.04
5080524,1100406,75.67
5080524,1100432,176.3
5080524,1100442,106.21
5080524,1100443,55.87
5080524,1100447,241.88
5080524,1100453,106.21
5080524,1100454,101.29
5080524,1100456,85.02
5080524,1100460,102.26
5080524,1100462,66.24
5080524,1100463,94.51
5080524,1100464,75.76
5080524,1100494,96.4
5080524,1100499,66.16
5080524,1100523,287.96
5080524,1100527,65.02
5080524,1100528,140.44
5080524,1100533,43.91
5080524,1100556,59.23
5080524,1100917,53.74
5080524,1101062,48.7
5080524,1101386,37.85
5080524,1101534,66.94
5080524,1101622,59.8
5080524,1101795,48.47
5080524,1101797,52.98
5080524,1101839,55.21
5080524,1101873,83.33
5080524,1101891,53.94
5080524,1101928,47.03
5080524,1101959,50.6
5080524,1101962,60.09
5080524,1102019,79.37
5080524,1102060,49.19
5080524,1102063,80.8
5080524,1102068,43.11
5080524,1102072,50.14
5080524,1102106,44.17
5080524,1102112,69.38
5080524,1102122,54.84
5080524,1102130,62.04
5080524,1102146,67.7
5080524,1102186,69.59
5080524,1102187,72.22
5080524,1102215,65.54
5080524,1102216,56.31
5080524,1102250,65.16
5080524,1102274,52.5
5080524,1102284,48.47
5080524,1102286,50.83
5080524,1102321,74.56
5080524,1102323,63.6
5080524,1102462,111.56
5080524,1102486,25.65
5080524,1108163,228.93
5080524,1121758,37.72
5080524,1121761,22.41
5080524,1121762,22.41
5080524,1121856,22.41
5080524,1121962,22.41
5080524,1121978,36.71
5080524,1121979,36.71
5080524,1121980,36.71
5080524,1121981,36.71
5080524,1121982,35.44
5080524,1121983,35.44
5080524,1121984,35.44
5080524,1121991,37.72
5080524,1121992,37.72
5080524,1121993,37.72
5080524,1121997,67.97
5080524,1121998,67.97
5080524,1121999,67.97
5080524,1122000,67.97
5080524,1122010,60.25
5080524,1122012,60.25
5080524,1122014,60.25
5080524,1122018,44.3
5080524,1122020,44.3
5080524,1122022,44.3
5080524,1122024,44.3
5080524,1122284,33.67
5080524,1122348,35.44
5080524,1141243,37.2
5080524,1141283,827.42
5080524,1142116,126.62
5080524,1142393,476.86
5080524,1142394,502.5
5080524,1142395,359.26
5080524,1142396,715
5080524,1142402,443.88
5080524,1142452,94.15
5080524,1142572,118
5080524,1142715,52.03
5080524,1143778,88.51
5080524,1143939,647.62
5080524,1143940,123.78
5080524,1143965,29.92
5080524,1143966,28.28
5080524,1144084,37.28
5080524,1144668,22.68
5080524,1144775,30.78
5080524,1145150,252.96
5080524,1145319,135.7
5080524,1145565,4.27
5080524,1145602,48.16
5080524,1146570,21.64
5080524,1147105,34.25
5080524,1147431,128.21
5080524,1147783,18
5080524,1148302,735.6
5080524,1148489,41.6
5080524,1148624,160.26
5080524,1150431,18.77
5080524,1150441,94.44
5080524,1150589,79.45
5080524,1150615,255.74
5080524,1151563,85.9
5080524,1151944,61.04
5080524,1152093,59.26
5080524,1152282,29.41
5080524,1152425,67.31
5080524,1152553,27.06
5080524,1152979,19.41
5080524,1152999,16.96
5080524,1153585,68.86
5080524,1154129,15.06
5080524,1154337,2890.61
5080524,1155549,802.9
5080524,1155697,86.16
5080524,1155705,86.3
5080524,1156223,48.2
5080524,1156704,40.58
5080524,1156866,62.01
5080524,1156979,54.99
5080524,1157285,16.8
5080524,1157308,434.41
5080524,1157510,109.31
5080524,1157553,46.33
5080524,1157612,18
5080524,1157661,160.9
5080524,1158847,911.3
5080524,1158850,422.21
5080524,1160120,20
5080524,1160555,73.24
5080524,1160813,1115.85
5080524,1161176,32.53
5080524,1161459,45.57
5080524,1162295,37.41
5080524,1162765,58.29
5080524,1162985,49.75
5080524,1163115,42.39
5080524,1164189,134.35
5080524,1164302,40.31
5080524,1164303,90.13
5080524,1164524,3.53
5080524,1164550,770.23
5080524,1164878,17.64
5080524,1164918,22.3
5080524,1165311,30.18
5080524,1165988,181.1
5080524,1166158,20.06
5080524,1166223,59.55
5080524,1166269,1115.35
5080524,1167224,75.56
5080524,1167261,7.34
5080524,1167264,24.82
5080524,1167430,36.62
5080524,1167789,72.99
5080524,1167857,89.77
5080524,1167858,85.72
5080524,1168087,73.31
5080524,1168394,59.55
5080524,1169392,82.21
5080524,1169511,17.34
5080524,1170330,88.84
5080524,1170383,213.95
5080524,1170414,19.49
5080524,1170521,100.38
5080524,1170522,109.49
5080524,1170714,58.11
5080524,1171004,29.22
5080524,1171829,45.1
5080524,1171834,64.53
5080524,1171936,52.2
5080524,1173019,611.15
5080524,1173064,47.09
5080524,1173522,50.47
5080524,1173846,130.37
5080524,1174416,44.1
5080524,1174648,104.24
5080524,1174960,59.55
5080524,1175079,235.69
5080524,1175331,720.55
5080524,1175614,18.15
5080524,1175752,4.44
5080524,1175798,18.15
5080524,1176331,10.49
5080524,1176464,316.84
5080524,1176784,15.19
5080524,1176785,29.24
5080524,1176788,33.3
5080524,1176967,91.76
5080524,1177049,71.74
5080524,1177074,17.85
5080524,1177337,63.1
5080524,1177490,60.89
5080524,1177768,80.31
5080524,1179434,315.91
5080524,1179451,44.54
5080524,1179504,67.92
5080524,1179506,95.67
5080524,1179507,112.35
5080524,1181092,91.11
5080524,1181625,94.05
5080524,1182385,725.95
5080524,1182728,8.86
5080524,1183044,47.28
5080524,1183282,95.43
5080524,1183713,316.96
5080524,1184600,52.79
5080524,1184799,202.78
5080524,1184956,9.76
5080524,1184976,18
5080524,1185319,591.75
5080524,1185320,101.27
5080524,1185357,75.95
5080524,1185358,75.95
5080524,1185359,75.95
5080524,1185362,55.7
5080524,1187488,68.35
5080524,1187489,68.35
5080524,1187490,68.35
5080524,1187491,68.35
5080524,1188284,5.82
5080524,1188287,4.81
5080524,1188493,49.37
5080524,1188836,18
5080524,1188975,36.24
5080524,1189475,66.64
5080524,1191348,85.73
5080524,1191795,45.82
5080524,1192573,101.27
5080524,1192684,101.27
5080524,1192685,101.27
5080524,1192686,101.27
5080524,1194010,104.14
5080524,1197089,9.11
5080524,1198213,368.1
5080524,1198230,50.87
5080524,1198386,41.01
5080524,1198669,75.95
5080524,1198767,75.95
5080524,1198815,75.95
5080524,1198822,151.17
5080524,1198935,39.24
5080524,1199221,72.15
5080524,1199235,75.95
5080524,1200088,61.11
5080524,1200300,264.16
5080524,1200835,21.13
5080524,1201272,37.94
5080524,1201498,194.83
5080524,1202348,37.06
5080524,1202757,85.67
5080524,1203184,720.74
5080524,1203260,76.43
5080524,1203407,42.94
5080524,1203427,44.52
5080524,1203886,38
5080524,1203928,613.86
5080524,1203929,656.77
5080524,1203930,624
5080524,1203931,1451.28
5080524,1204007,38
5080524,1204825,81.08
5080524,1205594,456.67
5080524,1205741,45.14
5080524,1206687,38.82
5080524,1206805,147.83
5080524,1208660,74.1
5080524,1208895,67.03
5080524,1210006,53.01
5080524,1210370,143.84
5080524,1210373,273.77
5080524,1211631,24.65
5080524,1212288,38
5080524,1213324,196.28
5080524,1213650,108.49
5080524,1213662,81.75
5080524,1213834,229.96
5080524,1214206,38.49
5080524,1215412,31.46
5080524,1215432,503.58
5080524,1215679,22.65
5080524,1215922,513.69
5080524,1215923,326.64
5080524,1216531,952.29
5080524,1216609,33.6
5080524,1216610,39.32
5080524,1216619,25.6
5080524,1216620,29.24
5080524,1216685,40.29
5080524,1217360,23.53
5080524,1217461,411.56
5080524,1217534,17.34
5080524,1217646,70.23
5080524,1218384,71.61
5080524,1219310,160.28
5080524,1219655,22.35
5080524,1220183,214.94
5080524,1220607,178.48
5080524,1220911,194.94
5080524,1221372,188.95
5080524,1222329,80.99
5080524,1222768,38.49
5080524,1225140,125.06
5080524,1225182,77.91
5080524,1225183,51.75
5080524,1225185,38.32
5080524,1225187,46.44
5080524,1225293,141.65
5080524,1225306,84.77
5080524,1225307,68.42
5080524,1225495,21.52
5080524,1225748,95.13
5080524,1225758,76.41
5080524,1225839,45.88
5080524,1226289,44.71
5080524,1227028,45.19
5080524,1227030,110
5080524,1227931,37.06
5080524,1228104,68.36
5080524,1228229,8.18
5080524,1229323,12.53
5080524,1229861,25
5080524,1230286,55.3
5080524,1230360,40.08
5080524,1230366,40.79
5080524,1230370,43.06
5080524,1230371,55.6
5080524,1230373,36.56
5080524,1230377,24.26
5080524,1230447,221.7
5080524,1232578,43.06
5080524,1232604,46.33
5080524,1232605,46.33
5080524,1232607,46.33
5080524,1232692,20.34
5080524,1232872,86.29
5080524,1233012,58.59
5080524,1233030,94.63
5080524,1233293,42.84
5080524,1233322,21.29
5080524,1233366,24.26
5080524,1233956,20.36
5080524,1234251,31.01
5080524,1234349,16.16
5080524,1234352,22.14
5080524,1234356,43.06
5080524,1234357,30.78
5080524,1234358,21.64
5080524,1234361,30.78
5080524,1234364,16.35
5080524,1234368,31.52
5080524,1234370,24.18
5080524,1234371,36.39
5080524,1234381,46.65
5080524,1234387,34.56
5080524,1234450,40.26
5080524,1234777,25.21
5080524,1235090,12.28
5080524,1235139,18
5080524,1235205,66.58
5080524,1235611,98.73
5080524,1235664,325.47
5080524,1235788,164.18
5080524,1236405,85.79
5080524,1236409,2582.47
5080524,1236838,26.45
5080524,1236840,29.02
5080524,1236844,39.91
5080524,1237300,90.24
5080524,1237694,31.5
5080524,1238309,52.05
5080524,1239945,100.5
5080524,1240267,33.46
5080524,1240963,36.05
5080524,1241454,29.84
5080524,1241799,36.62
5080524,1242676,43.25
5080524,1242741,802.9
5080524,1244553,43.2
5080524,1244557,67.96
5080524,1244777,18
5080524,1245237,6.82
5080524,1245346,603.16
5080524,1245449,24.72
5080524,1246206,53.42
5080524,1246632,465.81
5080524,1247449,64.92
5080524,1247900,42.69
5080524,1248042,39.75
5080524,1248345,19.08
5080524,1248409,39.04
5080524,1248454,41.7
5080524,1248470,65.36
5080524,1248837,66.89
5080524,1249580,74.2
5080524,1250883,85.03
5080524,1250965,60.25
5080524,1250968,60.25
5080524,1250970,60.25
5080524,1250971,60.25
5080524,1251068,138.67
5080524,1251131,55.07
5080524,1251176,64.56
5080524,1251265,256.55
5080524,1251319,264.84
5080524,1252099,194.13
5080524,1252581,21.79
5080524,1252932,71.76
5080524,1253233,38.82
5080524,1253759,49.05
5080524,1253809,58.14
5080524,1253816,53.93
5080524,1254492,31.46
5080524,1255051,64.93
5080524,1255217,66.6
5080524,1255725,76.53
5080524,1255878,18.15
5080524,1257403,46.58
5080524,1258379,56.42
5080524,1258410,89.16
5080524,1258492,80.61
5080524,1258571,112.29
5080524,1258596,590.09
5080524,1258605,343.98
5080524,1258606,73.24
5080524,1258608,135.39
5080524,1258620,191.31
5080524,1258625,121.13
5080524,1258939,425.49
5080524,1259312,47.34
5080524,1259440,44.02
5080524,1259968,81.26
5080524,1260436,178.59
5080524,1260682,63.39
5080524,1261864,911.3
5080524,1261865,536.39
5080524,1262424,35.75
5080524,1263338,239.03
5080524,1263351,190.81
5080524,1263580,40.7
5080524,1263960,49.72
5080524,1266632,44.36
5080524,1266976,9.11
5080524,1268002,83.61
5080524,1268400,42.8
5080524,1268512,170.82
5080524,1268564,65.56
5080524,1268567,27.09
5080524,1269128,402.8
5080524,1269586,10.51
5080524,1269939,46.35
5080524,1270105,58.94
5080524,1270152,504.1
5080524,1270536,142.75
5080524,1270864,65.06
5080524,1270996,42.53
5080524,1271581,8.73
5080524,1272148,139.54
5080524,1272797,12.59
5080524,1273036,57.65
5080524,1273154,85
5080524,1273278,160.86
5080524,1273504,561.62
5080524,1273507,40.47
5080524,1273661,536.39
5080524,1275397,14.94
5080524,1276054,127.2
5080524,1276150,31.33
5080524,1276953,60.87
5080524,1277091,15.26
5080524,1277363,35.23
5080524,1277526,64.12
5080524,1278457,34.2
5080524,1281294,26.86
5080524,1281944,45.88
5080524,1283510,46.84
5080524,1283577,120.24
5080524,1284722,177.97
5080524,1284842,40.51
5080524,1284843,40.51
5080524,1284844,40.51
5080524,1284845,40.51
5080524,1285014,59.56
5080524,1285121,413.12
5080524,1285370,67.76
5080524,1285584,38.87
5080524,1285585,38.87
5080524,1285587,40.86
5080524,1285598,115.94
5080524,1285922,23.67
5080524,1286249,45.57
5080524,1286621,49.67
5080524,1287636,36.62
5080524,1287656,91.52
5080524,1288177,104.14
5080524,1288284,255.37
5080524,1289119,62.29
5080524,1289219,517.34
5080524,1289433,44.3
5080524,1289434,32.53
5080524,1290428,7.34
5080524,1290717,60.42
5080524,1291250,61.04
5080524,1291521,65.44
5080524,1291524,49.06
5080524,1291525,49.06
5080524,1291756,51.07
5080524,1291804,354.44
5080524,1291805,641.48
5080524,1291808,641.48
5080524,1291887,28.48
5080524,1293689,35.56
5080524,1293736,61.04
5080524,1293800,45.57
5080524,1293801,58.23
5080524,1294017,41.49
5080524,1294161,23.67
5080524,1294582,37.4
5080524,1294608,58.23
5080524,1295109,39.26
5080524,1295472,88.61
5080524,1295481,17.88
5080524,1295539,15.82
5080524,1295689,16.91
5080524,1295985,43.29
5080524,1296501,75.06
5080524,1296593,51.7
5080524,1297554,29.24
5080524,1297614,171.62
5080524,1297644,23.46
5080524,1297878,113.76
5080524,1298911,465.19
5080524,1299735,64.56
5080524,1300073,66.73
5080524,1300438,8.35
5080524,1300895,595.55
5080524,1301041,91.14
5080524,1302164,47.47
5080524,1302271,98.71
5080524,1302284,64.56
5080524,1302697,70.99
5080524,1302845,79.56
5080524,1302848,47.47
5080524,1302859,12.53
5080524,1302905,17.16
5080524,1302906,17.16
5080524,1302907,17.16
5080524,1302908,17.16
5080524,1302909,17.16
5080524,1302910,17.16
5080524,1302912,17.16
5080524,1302913,17.16
5080524,1302914,17.16
5080524,1303126,59.8
5080524,1303227,33.76
5080524,1303557,12.53
5080524,1303955,91.14
5080524,1303956,91.14
5080524,1304054,256.93
5080524,1304251,47.47
5080524,1305237,53.33
5080524,1305422,60.76
5080524,1305957,38.06
5080524,1306531,14.94
5080524,1306860,53.83
5080524,1307037,61.04
5080524,1307429,327.69
5080524,1307452,34.81
5080524,1308303,53.29
5080524,1308620,1630.87
5080524,1308638,41.54
5080524,1309984,45.57
5080524,1310241,19.65
5080524,1310668,45.83
5080524,1310681,164.57
5080524,1310683,19.46
5080524,1310685,40.73
5080524,1310709,1823.63
5080524,1311238,42.35
5080524,1311595,268.1
5080524,1311599,150.76
5080524,1312154,41.87
5080524,1312779,57.47
5080524,1313003,49.5
5080524,1313515,79.27
5080524,1313795,56.75
5080524,1313897,60.25
5080524,1313968,340.84
5080524,1314458,53.33
5080524,1314559,135.19
5080524,1314969,5.82
5080524,1314991,50.59
5080524,1315400,206.32
5080524,1315423,194.85
5080524,1315809,18.15
5080524,1315833,36.62
5080524,1316130,54.92
5080524,1316344,45.75
5080524,1316720,31.55
5080524,1317839,571.49
5080524,1317963,29.18
5080524,1318045,17.85
5080524,1318046,4.18
5080524,1318320,60.51
5080524,1318960,459.06
5080524,1319818,867.71
5080524,1319939,76.84
5080524,1320034,42.2
5080524,1320132,53.33
5080524,1320587,63.29
5080524,1320670,117.88
5080524,1321074,137.41
5080524,1321741,62.35
5080524,1322517,841.31
5080524,1322687,10.25
5080524,1322768,43.09
5080524,1322879,45.35
5080524,1323414,36.34
5080524,1324389,206.32
5080524,1324700,65.82
5080524,1325182,96.96
5080524,1325662,12.53
5080524,1327411,251.46
5080524,1327505,194.85
5080524,1327598,303.8
5080524,1327606,73.67
5080524,1327821,24.94
5080524,1327822,36.71
5080524,1328152,36.62
5080524,1328638,17.72
5080524,1328923,132.82
5080524,1329037,150.16
5080524,1329268,189.87
5080524,1330238,65.82
5080524,1330316,287.96
5080524,1330781,38.9
5080524,1330946,3.8
5080524,1330947,34.43
5080524,1330948,10.25
5080524,1330949,9.75
5080524,1330950,9.62
5080524,1330951,7.85
5080524,1330953,5.82
5080524,1330954,12.91
5080524,1330955,15.19
5080524,1330956,7.09
5080524,1330957,55.06
5080524,1330958,43.04
5080524,1330959,8.61
5080524,1330960,8.61
5080524,1330961,8.61
5080524,1330962,8.61
5080524,1330964,4.3
5080524,1330965,36.46
5080524,1330967,28.86
5080524,1330968,43.29
5080524,1331995,31.52
5080524,1332001,93.69
5080524,1332306,3.42
5080524,1332452,45.52
5080524,1332453,51.5
5080524,1332459,42.58
5080524,1332460,158.64
5080524,1332898,26.71
5080524,1333086,9.05
5080524,1333641,228.93
5080524,1333750,52.03
5080524,1333773,7.34
5080524,1334187,67.61
5080524,1334791,144.77
5080524,1335815,65.82
5080524,1336331,50
5080524,1336821,58.23
5080524,1338240,15.68
5080524,1338490,50.6
5080524,1338990,46.73
5080524,1338991,45.68
5080524,1338992,58.25
5080524,1338993,57.31
5080524,1338994,66.72
5080524,1338995,59.86
5080524,1339912,29.04
5080524,1340462,39.26
5080524,1340624,32.18
5080524,1340655,61.04
5080524,1340795,44.57
5080524,1341031,11.52
5080524,1342097,11.52
5080524,1342331,64.56
5080524,1342398,408.02
5080524,1342661,262.21
5080524,1344290,26.89
5080524,1344349,65.82
5080524,1344356,65.82
5080524,1344357,70.89
5080524,1345817,30.25
5080524,1345956,7.34
5080524,1346521,66.96
5080524,1346805,288
5080524,1347114,46.33
5080524,1347131,10.89
5080524,1347388,26.59
5080524,1347616,39.24
5080524,1347627,44.96
5080524,1347629,105.45
5080524,1347630,36.43
5080524,1348092,18.52
5080524,1348310,83.38
5080524,1348343,146.68
5080524,1348901,273.87
5080524,1348911,30.13
5080524,1348912,30.13
5080524,1348913,30.13
5080524,1349902,4.3
5080524,1349948,33.71
5080524,1350366,115.84
5080524,1350738,15.82
5080524,1351073,55.7
5080524,1351735,30.13
5080524,1351736,30.13
5080524,1351819,55.7
5080524,1351935,39.24
5080524,1352116,80.76
5080524,1352118,80.76
5080524,1352175,316.15
5080524,1352220,37.97
5080524,1352615,95.35
5080524,1352632,30.13
5080524,1353019,158.33
5080524,1353062,39.24
5080524,1353479,55.7
5080524,1353618,87.83
5080524,1353631,1366.15
5080524,1353841,39.24
5080524,1354301,286.99
5080524,1355452,30.93
5080524,1355605,56.71
5080524,1355911,36.94
5080524,1356021,103.04
5080524,1356346,382.78
5080524,1357090,91.25
5080524,1357094,102.27
5080524,1357414,58.82
5080524,1357415,60.64
5080524,1357447,183.99
5080524,1357516,1111.48
5080524,1357670,126.51
5080524,1357717,57.59
5080524,1358092,30.13
5080524,1358839,31.9
5080524,1359627,30.93
5080524,1360380,24.94
5080524,1360391,115.82
5080524,1362237,398.47
5080524,1362280,60
5080524,1362338,75.56
5080524,1362384,17.22
5080524,1362388,33.15
5080524,1362519,18.15
5080524,1362665,168.2
5080524,1362667,7.09
5080524,1363136,80.99
5080524,1363141,40.13
5080524,1363239,52.28
5080524,1363453,33.16
5080524,1363946,29.06
5080524,1363994,27.77
5080524,1364220,61.27
5080524,1364365,27.09
5080524,1364473,113.71
5080524,1364542,489.37
5080524,1366197,143.88
5080524,1366500,150.33
5080524,1366639,58.48
5080524,1367019,95.82
5080524,1367509,215.99
5080524,1368000,60.76
5080524,1368179,94.94
5080524,1368205,85.59
5080524,1368346,27.09
5080524,1368454,14
5080524,1368463,273.87
5080524,1369065,73.16
5080524,1369066,73.16
5080524,1369258,60
5080524,1369485,51.36
5080524,1369569,69.46
5080524,1370117,30.13
5080524,1370118,30.13
5080524,1370227,67.36
5080524,1370230,113.62
5080524,1370513,60.76
5080524,1371019,41.89
5080524,1371094,509.11
5080524,1371128,14
5080524,1371273,205.06
5080524,1371660,30.13
5080524,1371990,73.16
5080524,1372029,225.52
5080524,1372041,189.83
5080524,1372086,44.94
5080524,1372358,7.59
5080524,1372373,67.95
5080524,1372408,20.64
5080524,1372809,89.37
5080524,1373001,36.46
5080524,1373143,91.14
5080524,1373180,105.06
5080524,1373182,73.16
5080524,1373996,142.83
5080524,1374219,181.27
5080524,1374287,17.47
5080524,1374354,244.69
5080524,1374642,60.76
5080524,1375250,36.62
5080524,1375261,6.52
5080524,1375320,210.89
5080524,1375430,553.09
5080524,1375495,903.47
5080524,1375824,36.62
5080524,1375825,18.81
5080524,1375826,18.81
5080524,1376056,12.75
5080524,1376058,10.58
5080524,1376059,10.58
5080524,1376060,10.58
5080524,1376061,10.58
5080524,1376062,10.58
5080524,1376064,10.58
5080524,1376065,10.58
5080524,1376066,10.58
5080524,1376067,26.47
5080524,1376068,26.47
5080524,1376069,26.47
5080524,1376070,26.47
5080524,1376071,26.47
5080524,1376073,26.47
5080524,1376074,26.47
5080524,1376075,26.47
5080524,1376076,24.23
5080524,1376077,24.23
5080524,1376078,24.23
5080524,1376079,24.23
5080524,1376080,24.23
5080524,1376081,24.23
5080524,1376082,24.23
5080524,1376083,24.23
5080524,1376084,24.23
5080524,1376159,6.52
5080524,1376160,6.52
5080524,1376161,6.52
5080524,1376162,6.52
5080524,1376163,6.52
5080524,1376164,6.52
5080524,1376165,6.52
5080524,1376166,6.52
5080524,1376243,59.37
5080524,1376265,256.57
5080524,1376267,181.7
5080524,1376291,225.5
5080524,1376321,117.04
5080524,1376374,47.25
5080524,1376441,61.01
5080524,1376447,7.34
5080524,1376812,67.09
5080524,1376877,72.55
5080524,1377045,36.62
5080524,1377138,26.47
5080524,1377531,47.62
5080524,1378712,61.04
5080524,1379011,10.58
5080524,1379356,33.41
5080524,1379993,30.13
5080524,1380212,36.62
5080524,1380868,31.39
5080524,1381298,36.62
5080524,1381681,41.8
5080524,1382243,46.17
5080524,1382379,63.04
5080524,1382541,31.52
5080524,1382950,36.62
5080524,1383334,60.35
5080524,1383594,36.62
5080524,1383596,42.72
5080524,1383762,36.62
5080524,1384568,91.14
5080524,1384665,78.23
5080524,1384770,152.08
5080524,1385001,66.94
5080524,1385028,65.98
5080524,1385029,63.29
5080524,1385833,36.71
5080524,1387487,63.29
5080524,1387488,63.29
5080524,1387489,63.29
5080524,1387500,63.29
5080524,1387501,63.29
5080524,1387709,79.73
5080524,1388172,111.39
5080524,1388173,111.39
5080524,1388604,225.1
5080524,1388796,23.04
5080524,1388890,78.2
5080524,1389036,16.12
5080524,1389241,61.04
5080524,1389249,18.81
5080524,1390589,28.07
5080524,1390969,217.27
5080524,1391452,32
5080524,1391852,52.86
5080524,1392869,17.81
5080524,1392871,6.03
5080524,1393164,49.75
5080524,1393429,54.12
5080524,1393458,13.29
5080524,1393459,13.29
5080524,1393480,13.29
5080524,1393481,13.29
5080524,1393644,18.81
5080524,1393659,6.08
5080524,1393961,29.39
5080524,1394552,77.54
5080524,1395105,17.81
5080524,1396266,61.04
5080524,1396861,54.22
5080524,1000146,20.55
5080524,1000149,26.75
5080524,1000150,24.31
5080524,1000152,34.32
5080524,1000153,30.02
5080524,1000154,30.65
5080524,1000157,29.34
5080524,1001729,26.99
5080524,1001730,31.99
5080524,1001756,26.47
5080524,1001786,33.96
5080524,1001813,34.73
5080524,1001814,29.27
5080524,1002012,24.04
5080524,1002017,32.06
5080524,1002019,29.61
5080524,1002499,17.81
5080524,1002513,23.92
5080524,1003172,41.33
5080524,1003277,37.52
5080524,1005190,94.94
5080524,1006568,61.35
5080524,1007758,37.53
5080524,1007770,37.53
5080524,1007771,37.53
5080524,1007774,37.53
5080524,1007776,29.41
5080524,1007873,12.44
5080524,1008800,39.41
5080524,1008801,39.41
5080524,1008802,39.41
5080524,1008831,46.3
5080524,1009525,27.14
5080524,1009526,27.14
5080524,1009527,27.14
5080524,1009529,27.14
5080524,1009530,27.14
5080524,1009532,2.71
5080524,1009533,2.71
5080524,1010949,52.71
5080524,1010953,86.94
5080524,1010981,110.47
5080524,1010991,67.94
5080524,1011020,127.59
5080524,1011055,83.71
5080524,1011079,39.82
5080524,1012421,25.82
5080524,1012455,37.65
5080524,1019112,77.35
5080524,1019122,58.12
5080524,1027776,31.26
5080524,1027873,31.26
5080524,1027892,41.22
5080524,1027908,51.72
5080524,1027910,51.72
5080524,1028142,50.02
5080524,1028143,119
5080524,1028277,48.11
5080524,1030793,37.24
5080524,1030794,37.24
5080524,1030917,37.24
5080524,1031286,18.82
5080524,1031287,18.82
5080524,1031288,18.82
5080524,1031289,18.82
5080524,1031341,30.53
5080524,1031343,30.53
5080524,1032247,29.41
5080524,1044092,28.42
5080524,1044117,34.6
5080524,1044133,17.01
5080524,1050790,12.14
5080524,1050791,12.34
5080524,1050805,19.52
5080524,1050826,28.76
5080524,1050838,24.36
5080524,1050839,24.36
5080524,1050841,18.93
5080524,1050848,15.55
5080524,1050850,15.76
5080524,1050854,22.19
5080524,1050862,43.06
5080524,1054399,46.32
5080524,1054774,47.07
5080524,1054819,43.34
5080524,1055036,22.31
5080524,1055542,41.27
5080524,1055681,21.79
5080524,1055684,29.71
5080524,1055687,36.07
5080524,1055691,22.4
5080524,1055713,13.84
5080524,1055714,16.34
5080524,1055722,41.62
5080524,1055732,18.84
5080524,1055733,15.62
5080524,1055734,15.84
5080524,1055735,33.65
5080524,1055736,24.25
5080524,1055737,25.06
5080524,1055738,22.44
5080524,1055741,18.46
5080524,1055742,24.64
5080524,1055744,29.93
5080524,1055761,31.6
5080524,1055763,39.84
5080524,1055765,20.98
5080524,1055766,20.26
5080524,1055767,32.98
5080524,1055771,24.4
5080524,1055773,24.4
5080524,1055775,29.27
5080524,1055776,17.6
5080524,1055778,33.76
5080524,1055800,47.53
5080524,1056008,19.8
5080524,1056019,27
5080524,1056445,35.31
5080524,1056448,31.44
5080524,1056458,27.58
5080524,1056459,22.38
5080524,1056461,24.01
5080524,1056467,19.56
5080524,1056468,24
5080524,1056469,28.39
5080524,1056471,20.33
5080524,1056472,24.69
5080524,1056476,25.8
5080524,1056477,33.84
5080524,1057040,24.62
5080524,1057142,29.32
5080524,1057152,33.18
5080524,1057181,23.34
5080524,1057195,30.87
5080524,1057214,21.85
5080524,1057290,30.31
5080524,1057295,27.54
5080524,1057332,29.31
5080524,1057360,26.29
5080524,1057495,32.32
5080524,1057497,29.27
5080524,1057508,31.14
5080524,1057512,36.07
5080524,1057516,22.45
5080524,1057521,25.04
5080524,1057525,31.65
5080524,1057527,27.4
5080524,1057528,32.53
5080524,1057531,30.28
5080524,1057536,32.81
5080524,1057539,33.98
5080524,1057545,24.06
5080524,1057555,28.16
5080524,1057577,24.21
5080524,1057581,29.13
5080524,1057613,30.28
5080524,1057665,17.92
5080524,1058233,24.49
5080524,1066574,19.38
5080524,1066579,8.86
5080524,1066585,26.81
5080524,1066588,9.86
5080524,1066596,10.78
5080524,1066605,12.38
5080524,1066611,13.49
5080524,1066619,14.7
5080524,1066622,15.81
5080524,1066627,17.71
5080524,1066628,19
5080524,1066630,20.53
5080524,1066632,23.95
5080524,1066633,14.7
5080524,1066636,9.86
5080524,1066638,10.78
5080524,1066640,12.38
5080524,1066644,15.81
5080524,1066645,19
5080524,1066646,20.53
5080524,1066648,23.95
5080524,1066649,45.99
5080524,1066650,9.86
5080524,1066652,15.81
5080524,1066653,19
5080524,1066655,20.53
5080524,1066656,8.86
5080524,1066657,10.78
5080524,1066659,12.38
5080524,1066662,15.81
5080524,1066663,17.71
5080524,1066664,20.53
5080524,1066690,10.78
5080524,1066691,12.38
5080524,1066695,13.49
5080524,1066696,14.7
5080524,1066697,15.81
5080524,1066699,17.71
5080524,1066701,19
5080524,1066703,20.53
5080524,1066708,14.7
5080524,1066714,46.91
5080524,1066723,19.38
5080524,1066724,46.91
5080524,1066838,28.38
5080524,1066893,20.94
5080524,1067003,9.86
5080524,1067019,20.94
5080524,1067022,19.38
5080524,1067037,16.11
5080524,1067038,20.94
5080524,1069506,46.91
5080524,1069514,20.94
5080524,1069522,20.53
5080524,1069542,34.19
5080524,1069544,11
5080524,1070269,9.89
5080524,1070288,19.59
5080524,1070399,20.03
5080524,1070400,33.95
5080524,1070416,17.27
5080524,1070483,81.34
5080524,1070488,17.16
5080524,1070508,17.27
5080524,1070527,22.99
5080524,1071175,26.38
5080524,1071176,34.65
5080524,1071177,42.35
5080524,1071178,53.56
5080524,1071180,86.46
5080524,1073321,106.33
5080524,1073564,611.39
5080524,1074037,550.63
5080524,1074332,78.19
5080524,1074334,52.08
5080524,1074406,337.97
5080524,1074430,562.03
5080524,1074431,287.34
5080524,1074547,501.27
5080524,1074649,143.04
5080524,1074671,198.73
5080524,1074673,186.08
5080524,1074675,349.37
5080524,1074678,165.82
5080524,1074865,165.82
5080524,1074922,337.97
5080524,1074925,146.84
5080524,1074927,186.08
5080524,1074928,307.59
5080524,1074950,181.01
5080524,1075027,656.96
5080524,1075028,282.28
5080524,1077442,57.25
5080524,1081634,110.13
5080524,1081669,202.53
5080524,1082392,69.44
5080524,1082527,301.27
5080524,1091902,42.96
5080524,1093204,47.48
5080524,1093625,47.48
5080524,1093626,47.48
5080524,1093938,47.48
5080524,1116519,3.78
5080524,1116520,37.87
5080524,1119036,4.29
5080524,1119046,42.96
5080524,1119486,36.75
5080524,1119487,3.67
5080524,1119550,53.53
5080524,1119551,42.96
5080524,1120032,53.53
5080524,1120711,53.53
5080524,1121306,42.96
5080524,1122124,3.78
5080524,1122130,3.78
5080524,1126715,63.3
5080524,1127327,63.3
5080524,1127330,63.3
5080524,1127331,63.3
5080524,1137889,10.78
5080524,1141583,18.09
5080524,1141584,20.91
5080524,1141585,27.89
5080524,1141674,112.89
5080524,1142028,22.4
5080524,1142029,29.07
5080524,1142030,23.2
5080524,1142532,22.31
5080524,1142749,21.88
5080524,1144009,30.08
5080524,1144011,22.31
5080524,1144538,23.16
5080524,1144541,32.94
5080524,1144544,33.48
5080524,1144665,22.24
5080524,1144684,41.77
5080524,1145245,33.08
5080524,1145578,30.29
5080524,1145750,13.49
5080524,1145880,21.86
5080524,1145881,29.48
5080524,1145882,42.07
5080524,1145885,19.15
5080524,1145886,25.56
5080524,1145888,32.72
5080524,1145889,43.78
5080524,1145890,27.34
5080524,1145891,36.45
5080524,1145892,29.89
5080524,1146258,28.33
5080524,1146528,16.39
5080524,1146530,24.81
5080524,1146814,24.91
5080524,1146894,30.24
5080524,1147281,29.28
5080524,1147391,15.81
5080524,1147485,48.35
5080524,1147749,22.68
5080524,1148274,32.6
5080524,1148549,25.01
5080524,1148699,31.81
5080524,1148837,23.91
5080524,1148951,14.7
5080524,1149808,3.14
5080524,1149817,18.09
5080524,1151184,20.53
5080524,1151759,69.24
5080524,1153173,20.94
5080524,1153459,18.81
5080524,1153567,23.69
5080524,1153589,40.42
5080524,1154002,29.52
5080524,1154500,25.07
5080524,1154622,34.54
5080524,1155025,18.12
5080524,1155041,137.97
5080524,1155052,26.46
5080524,1155054,6.63
5080524,1155055,6.63
5080524,1155459,8.22
5080524,1156108,21
5080524,1156282,101.1
5080524,1156519,25.74
5080524,1157320,84.57
5080524,1157327,19.59
5080524,1157916,5.29
5080524,1157917,5.29
5080524,1157918,5.29
5080524,1158577,83.82
5080524,1159328,11.85
5080524,1159713,23.01
5080524,1159771,59.53
5080524,1159924,14.7
5080524,1160260,16.11
5080524,1160441,20.32
5080524,1160488,76.35
5080524,1160558,19.2
5080524,1160979,35.44
5080524,1161484,37.87
5080524,1161686,80.06
5080524,1161751,43.24
5080524,1161754,63.41
5080524,1161755,44.06
5080524,1162274,21.96
5080524,1162536,119.51
5080524,1162657,34.28
5080524,1162658,17.3
5080524,1162659,64.11
5080524,1162660,61.06
5080524,1162661,47.62
5080524,1162662,49.89
5080524,1162663,58.87
5080524,1162664,65.8
5080524,1162665,72.41
5080524,1162666,77.14
5080524,1162705,38.61
5080524,1162706,42.08
5080524,1162707,48.78
5080524,1162708,53.99
5080524,1162709,60.22
5080524,1162710,63.54
5080524,1162722,34.97
5080524,1162723,37.62
5080524,1162724,43.35
5080524,1162725,48.43
5080524,1162726,51.95
5080524,1162728,55.95
5080524,1162729,33.51
5080524,1162731,34.67
5080524,1162732,39.67
5080524,1162733,43.9
5080524,1162734,48.56
5080524,1162735,52.27
5080524,1162736,30.72
5080524,1162737,33.53
5080524,1162738,38.86
5080524,1162739,44.24
5080524,1162740,47.99
5080524,1162741,53.09
5080524,1162885,3.62
5080524,1163105,3.62
5080524,1163106,4.29
5080524,1163378,56.72
5080524,1163683,3.62
5080524,1163933,20.94
5080524,1163970,42.96
5080524,1164097,39.41
5080524,1164432,24.05
5080524,1164545,23.32
5080524,1164764,46.91
5080524,1164860,16.11
5080524,1167495,31.39
5080524,1167498,32.31
5080524,1167503,26.91
5080524,1168810,79.04
5080524,1170225,119.82
5080524,1170226,119.82
5080524,1170654,4.29
5080524,1170721,4.24
5080524,1171304,3.62
5080524,1171453,136.51
5080524,1171454,25.72
5080524,1171456,39.58
5080524,1171457,25.72
5080524,1171458,39.58
5080524,1171459,25.72
5080524,1171460,39.58
5080524,1171461,25.72
5080524,1171661,20.94
5080524,1172255,63.29
5080524,1172637,3.62
5080524,1173381,35.05
5080524,1173382,36.46
5080524,1174837,38.23
5080524,1175857,34.3
5080524,1175858,47.61
5080524,1175859,34.28
5080524,1176417,2.94
5080524,1176418,2.94
5080524,1176419,2.94
5080524,1176737,39.89
5080524,1177231,36.18
5080524,1177780,36.75
5080524,1179170,101.27
5080524,1180946,2.04
5080524,1181588,63.29
5080524,1182294,49.54
5080524,1182295,64.33
5080524,1182296,42.05
5080524,1182298,61.66
5080524,1182300,84.41
5080524,1182301,84.41
5080524,1182321,54.81
5080524,1182322,70.51
5080524,1182325,39.62
5080524,1182327,61.66
5080524,1182355,2.04
5080524,1184710,2.04
5080524,1185714,115.68
5080524,1185841,168.68
5080524,1185896,81.01
5080524,1186408,18.34
5080524,1186838,7.97
5080524,1187207,33.44
5080524,1190403,50.42
5080524,1190466,43.52
5080524,1190663,1.78
5080524,1190664,4.16
5080524,1191433,10.58
5080524,1191474,61.66
5080524,1194562,17.65
5080524,1194983,61.05
5080524,1197270,3.14
5080524,1198471,95.66
5080524,1199003,20.25
5080524,1199034,0.39
5080524,1199511,19.11
5080524,1199881,16.16
5080524,1200343,108.44
5080524,1200344,50.57
5080524,1200396,3.62
5080524,1201620,59.82
5080524,1201699,24.55
5080524,1201729,63.29
5080524,1201801,24.62
5080524,1201808,12.62
5080524,1202007,25.81
5080524,1202237,307.59
5080524,1202259,23.61
5080524,1202763,70.89
5080524,1204323,36.18
5080524,1204324,36.18
5080524,1204798,19.38
5080524,1205248,3.62
5080524,1206368,19
5080524,1206369,19.38
5080524,1207397,67.12
5080524,1209170,30.91
5080524,1209574,19.59
5080524,1210545,103.8
5080524,1210719,42.39
5080524,1210721,3.62
5080524,1210722,4.29
5080524,1210723,3.62
5080524,1210724,4.29
5080524,1210730,3.39
5080524,1210731,5.99
5080524,1210732,3.39
5080524,1210733,5.99
5080524,1210734,3.39
5080524,1210735,5.99
5080524,1210736,3.39
5080524,1210737,5.99
5080524,1210741,3.67
5080524,1210742,3.67
5080524,1210743,3.67
5080524,1210790,69.87
5080524,1210800,68.78
5080524,1210884,28.6
5080524,1210899,3.78
5080524,1210955,28
5080524,1213365,11
5080524,1213370,46.91
5080524,1213371,28.71
5080524,1213374,47.82
5080524,1213376,6.63
5080524,1214840,31.41
5080524,1215099,19.59
5080524,1215101,16.11
5080524,1215694,112.89
5080524,1217428,59.85
5080524,1217430,59.85
5080524,1217431,59.85
5080524,1217432,59.85
5080524,1217531,49.37
5080524,1217690,14.05
5080524,1217774,46.3
5080524,1218383,11.32
5080524,1218583,11.33
5080524,1218584,8.86
5080524,1218799,8.86
5080524,1220214,18.81
5080524,1221173,46.3
5080524,1221225,46.91
5080524,1221229,8.46
5080524,1221230,8.46
5080524,1221231,8.46
5080524,1221232,8.46
5080524,1221233,8.46
5080524,1221246,37.87
5080524,1226775,12.38
5080524,1226776,14.7
5080524,1226872,35.05
5080524,1226878,46.91
5080524,1229028,19.38
5080524,1229647,46.3
5080524,1229648,46.3
5080524,1229675,21.12
5080524,1230806,24.42
5080524,1233186,65.82
5080524,1233187,18.58
5080524,1233188,18.58
5080524,1233842,7.1
5080524,1233843,7.1
5080524,1233844,7.1
5080524,1234330,72.85
5080524,1234413,6.87
5080524,1235382,35.05
5080524,1235410,20.32
5080524,1235651,49.37
5080524,1235660,16.11
5080524,1235782,163.73
5080524,1235867,36.75
5080524,1238009,42.88
5080524,1238011,29.88
5080524,1238026,43.53
5080524,1238314,30.87
5080524,1238428,24.87
5080524,1239732,87.7
5080524,1241483,17.58
5080524,1241500,22.96
5080524,1241803,11.32
5080524,1241804,11.32
5080524,1242274,110.7
5080524,1242381,21.84
5080524,1242568,119.82
5080524,1242837,45.99
5080524,1242840,12.38
5080524,1242842,45.99
5080524,1242908,11.85
5080524,1242985,36.18
5080524,1243550,5.35
5080524,1243986,36.18
5080524,1244458,40.73
5080524,1244460,31.37
5080524,1244810,122.78
5080524,1247987,24.87
5080524,1247990,24.87
5080524,1247991,24.87
5080524,1248123,28.92
5080524,1249536,207.76
5080524,1251328,35.37
5080524,1252014,161.36
5080524,1252806,18.81
5080524,1253905,20.03
5080524,1253906,18.06
5080524,1253907,18.06
5080524,1253908,17.71
5080524,1253909,18.06
5080524,1253910,17.71
5080524,1253911,19.38
5080524,1253912,20.94
5080524,1253913,24.68
5080524,1253915,19.38
5080524,1253917,14.99
5080524,1253918,19
5080524,1253919,12.62
5080524,1253920,14.99
5080524,1253921,21.87
5080524,1253922,12.62
5080524,1253923,13.49
5080524,1253924,13.78
5080524,1253925,13.78
5080524,1253926,24.33
5080524,1253928,12.38
5080524,1254064,18
5080524,1255183,18
5080524,1255187,18
5080524,1255246,49.44
5080524,1255254,19
5080524,1255402,9.89
5080524,1255432,5.32
5080524,1255440,29.02
5080524,1255596,44.54
5080524,1255842,18
5080524,1255967,27.22
5080524,1256158,36
5080524,1256292,24.35
5080524,1256753,100.76
5080524,1256905,18
5080524,1257318,33.79
5080524,1257554,115.9
5080524,1257679,4.75
5080524,1258996,24.42
5080524,1259070,38.25
5080524,1259463,36.18
5080524,1260018,18
5080524,1260322,49.18
5080524,1260326,175.41
5080524,1261152,298.73
5080524,1262160,30.53
5080524,1263185,18.68
5080524,1263545,25.72
5080524,1264597,18
5080524,1265885,313.75
5080524,1266078,248.86
5080524,1266094,36.18
5080524,1266282,36.18
5080524,1266457,20.35
5080524,1266615,219.54
5080524,1267109,20.35
5080524,1267191,20.35
5080524,1268780,20.35
5080524,1268781,20.35
5080524,1268786,37.87
5080524,1269830,34.19
5080524,1269831,35.05
5080524,1270227,126.34
5080524,1270650,22.54
5080524,1271110,73.06
5080524,1271111,39.76
5080524,1271475,18
5080524,1273088,342.53
5080524,1273724,4.75
5080524,1273907,117
5080524,1274434,19.59
5080524,1274941,23.95
5080524,1274996,40.89
5080524,1277783,27.97
5080524,1278236,75.42
5080524,1278892,16.37
5080524,1279032,20.94
5080524,1279099,31.66
5080524,1279377,16.11
5080524,1279378,13.49
5080524,1280014,120.06
5080524,1282820,4.19
5080524,1283424,56.15
5080524,1283727,40.7
5080524,1284020,13.43
5080524,1284484,142.75
5080524,1284547,124.09
5080524,1284548,37.97
5080524,1284820,53.14
5080524,1285743,362.03
5080524,1285916,20.35
5080524,1286099,104.87
5080524,1286100,106.46
5080524,1287326,11.32
5080524,1287358,40.64
5080524,1289480,58.78
5080524,1289483,58.78
5080524,1289485,58.78
5080524,1289486,68.72
5080524,1289490,33.92
5080524,1289491,33.92
5080524,1289494,33.92
5080524,1289495,33.92
5080524,1289752,73.48
5080524,1291195,54.59
5080524,1293460,42.96
5080524,1293731,13.49
5080524,1293762,97.56
5080524,1293769,23.95
5080524,1293770,23.95
5080524,1294646,31.66
5080524,1295205,14.99
5080524,1295284,215.19
5080524,1295843,44.09
5080524,1295844,44.09
5080524,1295845,44.09
5080524,1296300,47.48
5080524,1296396,20.08
5080524,1296529,78.16
5080524,1297490,49.44
5080524,1298944,11
5080524,1299104,133.37
5080524,1299105,135
5080524,1300406,47.48
5080524,1300904,19.38
5080524,1300906,19.37
5080524,1300910,17.27
5080524,1300912,75.18
5080524,1300914,22.96
5080524,1300915,106.81
5080524,1301624,10.24
5080524,1301625,54.59
5080524,1301626,23.32
5080524,1301627,31.48
5080524,1301628,28.54
5080524,1301629,24.42
5080524,1301630,16.11
5080524,1301631,14.99
5080524,1301632,13.78
5080524,1301633,12.62
5080524,1301634,10.24
5080524,1301647,23.32
5080524,1301648,35.05
5080524,1301649,31.48
5080524,1301650,28.54
5080524,1301651,24.42
5080524,1301652,10.24
5080524,1301665,54.59
5080524,1301666,23.32
5080524,1301667,35.05
5080524,1301668,31.48
5080524,1301669,28.54
5080524,1301670,18.06
5080524,1301671,14.99
5080524,1301672,13.78
5080524,1301673,12.62
5080524,1301674,11
5080524,1301675,10.24
5080524,1301676,19.2
5080524,1301677,34.19
5080524,1301678,30.87
5080524,1301679,75.08
5080524,1301680,39.65
5080524,1301681,34.9
5080524,1301682,67.9
5080524,1301683,35.2
5080524,1301684,36.05
5080524,1301687,27.97
5080524,1301695,65.08
5080524,1301696,56.97
5080524,1301697,23.95
5080524,1301698,203.15
5080524,1301699,182.72
5080524,1301700,78.2
5080524,1301701,278.67
5080524,1301702,134.37
5080524,1301703,39.58
5080524,1301704,34.28
5080524,1301705,18.58
5080524,1301706,34.28
5080524,1301707,17.71
5080524,1301708,18.58
5080524,1301709,39.58
5080524,1301710,34.28
5080524,1301711,18.58
5080524,1301712,56.75
5080524,1301713,85.7
5080524,1301714,12.73
5080524,1301715,112.84
5080524,1301716,13.49
5080524,1301717,44.48
5080524,1301718,16.86
5080524,1301719,23.73
5080524,1301720,21.3
5080524,1301721,19.37
5080524,1301722,42.25
5080524,1301723,14
5080524,1301724,8.77
5080524,1301727,10.78
5080524,1301728,214.18
5080524,1301729,180.86
5080524,1301730,157.06
5080524,1301731,138.03
5080524,1301732,133.27
5080524,1301733,156.57
5080524,1301734,135.94
5080524,1301735,60.68
5080524,1301736,35.08
5080524,1301737,320.89
5080524,1301738,9.86
5080524,1301747,8.86
5080524,1301758,8.46
5080524,1301769,8.22
5080524,1301780,53.8
5080524,1301791,22.87
5080524,1301801,107.06
5080524,1301802,30.87
5080524,1301803,85.71
5080524,1301804,81.87
5080524,1301805,94.47
5080524,1301806,92
5080524,1301807,85.71
5080524,1301808,81.87
5080524,1301809,79.42
5080524,1301810,76.8
5080524,1301811,66.84
5080524,1301813,8.22
5080524,1301824,44.08
5080524,1301828,32.7
5080524,1301829,19.39
5080524,1301830,18.03
5080524,1301831,16.78
5080524,1301832,14.75
5080524,1301833,11
5080524,1301834,42.49
5080524,1301835,41.46
5080524,1301836,39.63
5080524,1301837,36.81
5080524,1301838,34.68
5080524,1301839,32.18
5080524,1301840,31.3
5080524,1301841,24.54
5080524,1301842,23.23
5080524,1301843,69.47
5080524,1301844,67.77
5080524,1301845,52.62
5080524,1301846,34.58
5080524,1301847,49.23
5080524,1301848,22.96
5080524,1301849,22.96
5080524,1301857,30.91
5080524,1301868,22.97
5080524,1301879,17.63
5080524,1301880,56.27
5080524,1301881,49.99
5080524,1301882,62.56
5080524,1301883,77.95
5080524,1301884,60.78
5080524,1301885,85.81
5080524,1301886,19.2
5080524,1301887,30.87
5080524,1301888,27.97
5080524,1301889,65.73
5080524,1301890,16.15
5080524,1301891,59.19
5080524,1301892,54.38
5080524,1301893,152.32
5080524,1301894,134.78
5080524,1301895,93.49
5080524,1301896,77.81
5080524,1301897,14.24
5080524,1301898,8.67
5080524,1301899,14.56
5080524,1301900,20.94
5080524,1301901,14.25
5080524,1301902,19.38
5080524,1301903,18.06
5080524,1301904,16.11
5080524,1301905,14.99
5080524,1301906,13.78
5080524,1301907,12.62
5080524,1301908,11
5080524,1301909,10.24
5080524,1301910,9.03
5080524,1301911,8.67
5080524,1301912,10.9
5080524,1301913,13.25
5080524,1301914,54.59
5080524,1301915,23.32
5080524,1301916,31.48
5080524,1301917,18.06
5080524,1301918,14.99
5080524,1301919,13.78
5080524,1301920,12.62
5080524,1301921,11
5080524,1301922,10.24
5080524,1301923,34.19
5080524,1301934,30.87
5080524,1301940,54.59
5080524,1301941,46.91
5080524,1301942,23.32
5080524,1301943,19.59
5080524,1301944,31.48
5080524,1301945,27.97
5080524,1301946,28.54
5080524,1301947,24.42
5080524,1301948,18.06
5080524,1301949,13.78
5080524,1301950,12.62
5080524,1301951,11
5080524,1301952,10.24
5080524,1301956,8.86
5080524,1301967,34.19
5080524,1301969,127.52
5080524,1301970,66.24
5080524,1301971,54.59
5080524,1301972,23.32
5080524,1301973,19.59
5080524,1301974,35.05
5080524,1301975,31.48
5080524,1301976,28.54
5080524,1301977,24.42
5080524,1301978,30.87
5080524,1301979,18.06
5080524,1301980,16.11
5080524,1301981,14.99
5080524,1301982,13.78
5080524,1301983,12.62
5080524,1301984,11
5080524,1301985,10.24
5080524,1301986,46.91
5080524,1301987,19.59
5080524,1301988,27.97
5080524,1301989,35.05
5080524,1301990,31.48
5080524,1301991,28.54
5080524,1301992,24.42
5080524,1301993,10.24
5080524,1301994,9.03
5080524,1301995,54.59
5080524,1301996,31.48
5080524,1301997,28.54
5080524,1301998,18.06
5080524,1301999,9.86
5080524,1302000,14.99
5080524,1302001,13.78
5080524,1302002,11
5080524,1302003,10.24
5080524,1302010,34.19
5080524,1302020,54.59
5080524,1302021,30.87
5080524,1302022,23.32
5080524,1302023,35.05
5080524,1302024,31.48
5080524,1302025,28.54
5080524,1302026,24.42
5080524,1302027,18.06
5080524,1302028,16.11
5080524,1302029,14.99
5080524,1302030,13.78
5080524,1302031,12.62
5080524,1302032,27.97
5080524,1302033,17.71
5080524,1302034,15.81
5080524,1302035,10.78
5080524,1302036,9.86
5080524,1302037,8.86
5080524,1302038,8.46
5080524,1302039,34.19
5080524,1302040,27.97
5080524,1302041,23.95
5080524,1302043,19.38
5080524,1302044,60.19
5080524,1302045,18.75
5080524,1302046,34.28
5080524,1302047,237.94
5080524,1302048,40.3
5080524,1304892,47.48
5080524,1304912,96.54
5080524,1305436,20.35
5080524,1305870,31.66
5080524,1305871,31.66
5080524,1307816,39.02
5080524,1308003,2.04
5080524,1308263,18
5080524,1308714,31.66
5080524,1308715,31.66
5080524,1308716,31.66
5080524,1308717,31.66
5080524,1311077,79.47
5080524,1311859,22.16
5080524,1312481,143.04
5080524,1313209,39.57
5080524,1317069,107.59
5080524,1318144,117.57
5080524,1319380,47.48
5080524,1319381,47.48
5080524,1319382,47.48
5080524,1319383,47.48
5080524,1319385,60.27
5080524,1320803,47.48
5080524,1321596,12.44
5080524,1321602,117.57
5080524,1322466,27.85
5080524,1322478,46.47
5080524,1322479,46.47
5080524,1322480,46.47
5080524,1322481,11.76
5080524,1322527,3.16
5080524,1322528,3.16
5080524,1323174,3.16
5080524,1323589,29.41
5080524,1326016,22.16
5080524,1327615,24.81
5080524,1328226,108.86
5080524,1329063,141.2
5080524,1329229,3.16
5080524,1329314,20.25
5080524,1329349,70.41
5080524,1329606,46.47
5080524,1330258,53.53
5080524,1330286,107.59
5080524,1331134,36.75
5080524,1331650,34.28
5080524,1331651,25.72
5080524,1334800,42.39
5080524,1334984,521.52
5080524,1335013,26.87
5080524,1335716,28.89
5080524,1337027,58.78
5080524,1337846,167.09
5080524,1343364,21.56
5080524,1343367,149.37
5080524,1344656,42.96
5080524,1345230,88.06
5080524,1345233,88.06
5080524,1345606,15.08
5080524,1345852,59.11
5080524,1347974,11.07
5080524,1350788,29.57
5080524,1350790,6.1
5080524,1350952,6.1
5080524,1350984,121.52
5080524,1351136,626.58
5080524,1352207,21.85
5080524,1352356,17.27
5080524,1352495,42.39
5080524,1355357,105.94
5080524,1355832,96.94
5080524,1355834,87.06
5080524,1355835,96.94
5080524,1358224,62.73
5080524,1359207,42.62
5080524,1359298,22.16
5080524,1359461,101
5080524,1359462,136.58
5080524,1359968,49.75
5080524,1360124,88.86
5080524,1360237,100.66
5080524,1360484,56.96
5080524,1361343,117.57
5080524,1362262,59.3
5080524,1364258,75.18
5080524,1364362,119.71
5080524,1365682,56.89
5080524,1366765,61.05
5080524,1366785,203.66
5080524,1368996,65.75
5080524,1368997,80.13
5080524,1368998,94.14
5080524,1368999,103.84
5080524,1369000,118.52
5080524,1369099,73.57
5080524,1369808,66.73
5080524,1371328,93.67
5080524,1371718,24
5080524,1373925,82.15
5080524,1376764,172.15
5080524,1377544,4.24
5080524,1379320,107.82
5080524,1379321,120.29
5080524,1380110,108.73
5080524,1380295,381.01
5080524,1380441,93.49
5080524,1387150,61.05
5080524,1387151,61.05
5080524,1387635,58.35
5080524,1387811,170.72
5080524,1389518,42.39
5080524,1390257,66.12
5080524,1390258,66.12
5080524,1390259,66.12
5080524,1391100,124.05
5080524,1005960,92.41
5080524,1132917,400.15
5080524,1136163,10.24
5080524,1148967,357.75
5080524,1149272,580.35
5080524,1163709,182.85
5080524,1173153,381.6
5080524,1173952,381.6
5080524,1174239,376.3
5080524,1174240,376.3
5080524,1175654,371
5080524,1180076,17.76
5080524,1185240,34.56
5080524,1185241,30.04
5080524,1185242,43.37
5080524,1185243,37.85
5080524,1188488,50.9
5080524,1191736,54.59
5080524,1207173,13.66
5080524,1216365,300
5080524,1217940,543.25
5080524,1218053,15.56
5080524,1224293,376.3
5080524,1225138,704.9
5080524,1228794,670.45
5080524,1236627,381.6
5080524,1241355,352.45
5080524,1241451,394.85
5080524,1242218,392.2
5080524,1242280,193.1
5080524,1243314,392.2
5080524,1243316,392.2
5080524,1243320,386.9
5080524,1243322,392.2
5080524,1243326,365.7
5080524,1252595,405.45
5080524,1256791,392.2
5080524,1261340,11.29
5080524,1262699,307.5
5080524,1264747,11.89
5080524,1266421,15.28
5080524,1273439,13.58
5080524,1287985,16.95
5080524,1289685,81.43
5080524,1290504,30.04
5080524,1290505,34.56
5080524,1291252,43.37
5080524,1291253,34.56
5080524,1291376,97.01
5080524,1291498,76.92
5080524,1291544,75
5080524,1291967,34.56
5080524,1292288,376.3
5080524,1292703,52.91
5080524,1292979,46.81
5080524,1293298,416.05
5080524,1293899,74.49
5080524,1295957,70.44
5080524,1296343,30.9
5080524,1296352,104.35
5080524,1296359,385.16
5080524,1296905,118.18
5080524,1297059,392.2
5080524,1299211,22.62
5080524,1300427,73.81
5080524,1301231,381.6
5080524,1325206,15.51
5080524,1332757,40.53
5080524,1332758,30.55
5080524,1334466,421.35
5080524,1337242,426.65
5080524,1344013,105.53
5080524,1345348,320
5080524,1345605,421.35
5080524,1350168,64.23
5080524,1357888,400.15
5080524,1359518,347.5
5080524,1360097,80.65
5080524,1364174,638.14
5080524,1368113,69.18
5080524,1369642,386.9
5080524,1373639,79.99
5080524,1374193,136.21
5080524,1376872,46.62
5080524,1377928,381.6
5080524,1378123,376.3
5080524,1378593,381.6
5080524,1379094,371
5080524,1379290,68.76
5080524,1379520,15.98
5080524,1380278,13.4
5080524,1380368,397.5
5080524,1380498,66.69
5080524,1380520,160.55
5080524,1381259,634.41
5080524,1382982,9.84
5080524,1384780,437.25
5080524,1387847,397.5
5080524,1387974,1166
5080524,1388437,65.47
5080524,1388939,100.35
5080524,1388950,69.39
5080524,1389396,421.35
5080524,1390896,674.99
5080524,1397238,188.6
