Contract ID,SAP Code,Sell Price
6650224,1000007,25.05
6650224,1000008,56.36
6650224,1000009,19.89
6650224,1000010,68.92
6650224,1000013,28.9
6650224,1000046,26.93
6650224,1000048,28.49
6650224,1000067,56.98
6650224,1000068,54.86
6650224,1000069,81.88
6650224,1000070,0.01
6650224,1000072,28.68
6650224,1000082,45.31
6650224,1000088,44.61
6650224,1000122,71.11
6650224,1000161,43.47
6650224,1000162,26.8
6650224,1000171,38.96
6650224,1000174,34.16
6650224,1000231,951.42
6650224,1000340,0.01
6650224,1000348,42.52
6650224,1000349,62.85
6650224,1000355,36.36
6650224,1000356,31.47
6650224,1000364,24.41
6650224,1000366,70.12
6650224,1000367,112.45
6650224,1000368,101.98
6650224,1000371,65.41
6650224,1000374,0.01
6650224,1000378,158.04
6650224,1000384,130.53
6650224,1000385,74.95
6650224,1000386,52.03
6650224,1000393,88.16
6650224,1000394,170.4
6650224,1000395,74.52
6650224,1000398,92.61
6650224,1000399,65.52
6650224,1000400,81.16
6650224,1000401,89.49
6650224,1000402,74.1
6650224,1000403,77.62
6650224,1000404,150.94
6650224,1000414,89.59
6650224,1000415,82.42
6650224,1000417,73.65
6650224,1000419,43.52
6650224,1000420,36.25
6650224,1000421,41.69
6650224,1000423,32.21
6650224,1000424,32.28
6650224,1000425,45
6650224,1000427,52.89
6650224,1000428,54.27
6650224,1000432,50.39
6650224,1000433,65.61
6650224,1000434,71.79
6650224,1000435,56.64
6650224,1000436,42.94
6650224,1000437,41.53
6650224,1000438,92.26
6650224,1000439,51.24
6650224,1000440,64.19
6650224,1000441,56.29
6650224,1000443,47.9
6650224,1000444,58.81
6650224,1000445,66.08
6650224,1000446,44.76
6650224,1000447,47.33
6650224,1000463,41.76
6650224,1000464,50.9
6650224,1000465,29.57
6650224,1000466,57.58
6650224,1000467,45.06
6650224,1000468,71.77
6650224,1000469,85.68
6650224,1000470,28.56
6650224,1000471,48.36
6650224,1000472,82.82
6650224,1000473,33.87
6650224,1000474,48.85
6650224,1000475,60.26
6650224,1000477,61.32
6650224,1000486,36.52
6650224,1000487,39.77
6650224,1000489,35.85
6650224,1000490,31.73
6650224,1000491,25.71
6650224,1000513,66.39
6650224,1000514,78.45
6650224,1000515,73.05
6650224,1000521,21.88
6650224,1000523,57.95
6650224,1000524,28.49
6650224,1000527,27.66
6650224,1000530,66.59
6650224,1000532,53.82
6650224,1000535,41.69
6650224,1000536,50.31
6650224,1000537,28.52
6650224,1000538,35.25
6650224,1000539,22.6
6650224,1000540,25.07
6650224,1000541,28.64
6650224,1000542,28.12
6650224,1000544,27.49
6650224,1000545,36.23
6650224,1000547,30.19
6650224,1000548,43.76
6650224,1000549,38.41
6650224,1000550,64.86
6650224,1000551,59.11
6650224,1000552,45.48
6650224,1000555,65.81
6650224,1000557,26.22
6650224,1000565,52.3
6650224,1000566,248.4
6650224,1000573,32.6
6650224,1000630,51.5
6650224,1000637,60.71
6650224,1000641,87.33
6650224,1000651,90.91
6650224,1000652,105.66
6650224,1000654,15.36
6650224,1000655,71.18
6650224,1000658,97.04
6650224,1000659,41.24
6650224,1000664,111.82
6650224,1000667,76.49
6650224,1000670,52.87
6650224,1000678,87.01
6650224,1000679,22.66
6650224,1000680,25.6
6650224,1000681,27.88
6650224,1000685,22.85
6650224,1000693,11.86
6650224,1000694,13.44
6650224,1000695,15.8
6650224,1000697,20.78
6650224,1000698,22.66
6650224,1000699,11.86
6650224,1000700,15.8
6650224,1000704,11.86
6650224,1000705,13.44
6650224,1000707,22.66
6650224,1000708,25.6
6650224,1000709,38.05
6650224,1000710,103.18
6650224,1000712,41.09
6650224,1000715,29.36
6650224,1000717,22.66
6650224,1000718,35.86
6650224,1000720,50.38
6650224,1000721,50.38
6650224,1000800,72.53
6650224,1000864,32.2
6650224,1000867,39.74
6650224,1000996,53.31
6650224,1001329,32.2
6650224,1001330,57.21
6650224,1001331,71.59
6650224,1001332,46.58
6650224,1001338,53.59
6650224,1001345,7.61
6650224,1001347,58.39
6650224,1001348,58.22
6650224,1001349,52.75
6650224,1001430,46.83
6650224,1001440,59.05
6650224,1001477,45.68
6650224,1001619,28.92
6650224,1001670,61.07
6650224,1001688,17.25
6650224,1001711,20.78
6650224,1001717,17.46
6650224,1001718,22.66
6650224,1001725,43.54
6650224,1001740,27.95
6650224,1001745,62.45
6650224,1001746,25.04
6650224,1001775,25.96
6650224,1001826,17.46
6650224,1001828,33.51
6650224,1001864,74.41
6650224,1001865,18.37
6650224,1001868,59.92
6650224,1001919,48.86
6650224,1001932,57.04
6650224,1001934,56.15
6650224,1001967,39.78
6650224,1001973,51.48
6650224,1001980,15.33
6650224,1001985,79.91
6650224,1002100,31.61
6650224,1002500,36.17
6650224,1002503,60.65
6650224,1002504,82.88
6650224,1002505,30.42
6650224,1002506,27.37
6650224,1002509,24.27
6650224,1003048,16.15
6650224,1003049,95.95
6650224,1003059,28.68
6650224,1003243,101.84
6650224,1003280,35.94
6650224,1003281,78.03
6650224,1003282,115.32
6650224,1003304,17.08
6650224,1003350,49.16
6650224,1003351,49.16
6650224,1003352,48.61
6650224,1003353,49.16
6650224,1003355,61.54
6650224,1003356,60.82
6650224,1003477,26.74
6650224,1003562,99.92
6650224,1003568,41.76
6650224,1003601,39.02
6650224,1003636,45.92
6650224,1004072,17.29
6650224,1004607,7995.34
6650224,1005144,40.25
6650224,1006033,18.84
6650224,1006216,70.55
6650224,1006340,252.22
6650224,1007120,29.25
6650224,1007123,71.77
6650224,1007125,33.23
6650224,1007127,42.54
6650224,1007129,55.35
6650224,1007159,65.8
6650224,1007439,19.07
6650224,1007626,181.26
6650224,1007846,73.01
6650224,1008211,5673.72
6650224,1008289,23.99
6650224,1009847,161.79
6650224,1009848,125.03
6650224,1009849,169.14
6650224,1013524,9.2
6650224,1023011,84.4
6650224,1023027,75.39
6650224,1023395,73.34
6650224,1023404,52.73
6650224,1023417,69
6650224,1023445,77.07
6650224,1023698,29.06
6650224,1023753,36.79
6650224,1023773,21.16
6650224,1023833,23.81
6650224,1023906,24.09
6650224,1023914,51.99
6650224,1023915,41.81
6650224,1023924,36.92
6650224,1023928,28.13
6650224,1023972,27.73
6650224,1023976,17.25
6650224,1024011,16.1
6650224,1024012,31.63
6650224,1024014,8.63
6650224,1024018,23
6650224,1024027,23
6650224,1024029,17.25
6650224,1024038,17.25
6650224,1024221,47.09
6650224,1024264,57.96
6650224,1024274,43.3
6650224,1024278,53.3
6650224,1024280,32.49
6650224,1024282,56.64
6650224,1024294,36.8
6650224,1024299,66.68
6650224,1024301,40.64
6650224,1024302,41.63
6650224,1024360,69.92
6650224,1024362,51.92
6650224,1024369,38.07
6650224,1024372,281.75
6650224,1024444,46.69
6650224,1024452,292.5
6650224,1024464,64.57
6650224,1024599,34.5
6650224,1024685,8.63
6650224,1024728,46
6650224,1024739,11.5
6650224,1024768,13.8
6650224,1024879,65.95
6650224,1024880,56.75
6650224,1024956,53.48
6650224,1024991,40.26
6650224,1025113,66.49
6650224,1025119,46.23
6650224,1025123,49.8
6650224,1025128,45.37
6650224,1025129,40.47
6650224,1025131,73.14
6650224,1025276,37.46
6650224,1025298,28.52
6650224,1025299,61.47
6650224,1025315,43.8
6650224,1025339,20.44
6650224,1025360,54.45
6650224,1025624,23
6650224,1025627,11.5
6650224,1025628,34.5
6650224,1025640,11.5
6650224,1025652,1.44
6650224,1025653,1.44
6650224,1025661,1.44
6650224,1025680,27.6
6650224,1025693,23.36
6650224,1025696,23
6650224,1025713,52.56
6650224,1025748,23.01
6650224,1025750,48.82
6650224,1025755,37.29
6650224,1025873,24.91
6650224,1025929,37.2
6650224,1025969,10.06
6650224,1026001,59.74
6650224,1026002,46.98
6650224,1026062,46.63
6650224,1026063,66.23
6650224,1026078,47.78
6650224,1026099,11.5
6650224,1026100,17.25
6650224,1026102,11.5
6650224,1026121,50.66
6650224,1026144,54.68
6650224,1026145,45.37
6650224,1026146,60.66
6650224,1026181,26.48
6650224,1026186,27.14
6650224,1026239,46.93
6650224,1026247,11.5
6650224,1026248,11.5
6650224,1026253,31.63
6650224,1026255,14.95
6650224,1026298,36.27
6650224,1026299,59.67
6650224,1026306,37.91
6650224,1026310,67.86
6650224,1026376,39.31
6650224,1026804,266.76
6650224,1026807,38.96
6650224,1026840,38.96
6650224,1026927,71.37
6650224,1026956,28.55
6650224,1026964,42.12
6650224,1026967,12.4
6650224,1026981,7.61
6650224,1026988,27.03
6650224,1026992,15.8
6650224,1026995,27.96
6650224,1027047,51.59
6650224,1027061,53.47
6650224,1027063,86.05
6650224,1027068,77.63
6650224,1027241,8.78
6650224,1027280,24.57
6650224,1027285,8.19
6650224,1027290,34.75
6650224,1027303,46.57
6650224,1027312,26.56
6650224,1027332,29.02
6650224,1027333,30.07
6650224,1027334,49.14
6650224,1027335,15.68
6650224,1027341,241.84
6650224,1027348,7.61
6650224,1027353,23.4
6650224,1027542,26.65
6650224,1027623,69.06
6650224,1027624,134.98
6650224,1027626,86.95
6650224,1027631,36.9
6650224,1027658,87.31
6650224,1027668,45.51
6650224,1027669,56.86
6650224,1027674,92.7
6650224,1027675,50.42
6650224,1027685,73.65
6650224,1027688,52
6650224,1027691,56.25
6650224,1027692,56.63
6650224,1027694,91.69
6650224,1027696,37.98
6650224,1027701,54.97
6650224,1027706,38.64
6650224,1027718,47.62
6650224,1027732,47.83
6650224,1027738,40.02
6650224,1027740,68.71
6650224,1027744,101.34
6650224,1027749,122.5
6650224,1027750,109.04
6650224,1027767,86.88
6650224,1027768,39.09
6650224,1027772,64.7
6650224,1027773,57.27
6650224,1027778,72.22
6650224,1027784,57.92
6650224,1027786,48.43
6650224,1027790,49.81
6650224,1027792,148.65
6650224,1027798,75.62
6650224,1027800,75.38
6650224,1027805,64.11
6650224,1027806,43.75
6650224,1027807,128.9
6650224,1027810,91.7
6650224,1027816,61.57
6650224,1027818,69.2
6650224,1027830,95
6650224,1027832,66.14
6650224,1027838,132.04
6650224,1027841,93.86
6650224,1027843,67.02
6650224,1027859,85.04
6650224,1027884,72.36
6650224,1027886,40.71
6650224,1027916,63.03
6650224,1027934,74.61
6650224,1027950,130.22
6650224,1027968,51.75
6650224,1027987,97.52
6650224,1027988,66.27
6650224,1027989,61.6
6650224,1027990,47.01
6650224,1027991,109.71
6650224,1028024,76.58
6650224,1028025,77.63
6650224,1028026,65.32
6650224,1028034,22.16
6650224,1028035,74.15
6650224,1028036,91.31
6650224,1028038,172.74
6650224,1028039,29.86
6650224,1028057,96.47
6650224,1028059,55.4
6650224,1028061,59.67
6650224,1028073,143.56
6650224,1028112,72.07
6650224,1028113,58.49
6650224,1028114,76.38
6650224,1028159,52.91
6650224,1028187,29.19
6650224,1028188,37.67
6650224,1028193,197.94
6650224,1028194,52.9
6650224,1028214,72.62
6650224,1028268,68.77
6650224,1028319,58.42
6650224,1028332,154.49
6650224,1028351,19.55
6650224,1028353,74.75
6650224,1028365,60.89
6650224,1028393,111
6650224,1028396,43.17
6650224,1028397,47.27
6650224,1028417,45.94
6650224,1028472,57.48
6650224,1028495,45.43
6650224,1028496,36.92
6650224,1028500,71.82
6650224,1028514,82
6650224,1028575,51.64
6650224,1028589,36.16
6650224,1028599,112.07
6650224,1028600,68.09
6650224,1028613,109.7
6650224,1028669,51.24
6650224,1028688,49.75
6650224,1028697,60.28
6650224,1028705,55.55
6650224,1028712,64.4
6650224,1028736,25.76
6650224,1028755,63.91
6650224,1028759,87.06
6650224,1028768,13.8
6650224,1028778,39.27
6650224,1028817,25.21
6650224,1028822,86.83
6650224,1028823,77.8
6650224,1028831,87.49
6650224,1028885,97.3
6650224,1028902,54.28
6650224,1028925,63.81
6650224,1028960,50.2
6650224,1028961,11.21
6650224,1056946,87.75
6650224,1058800,24.22
6650224,1060570,263.25
6650224,1066620,17.78
6650224,1067315,209.78
6650224,1068623,16.67
6650224,1068626,19.56
6650224,1068631,10.52
6650224,1068639,14.64
6650224,1068674,18.74
6650224,1068719,25.6
6650224,1068726,68.42
6650224,1068727,70.4
6650224,1068732,28.47
6650224,1068752,32.34
6650224,1068758,38.05
6650224,1068783,16.67
6650224,1068786,19.56
6650224,1068793,10.52
6650224,1068801,14.64
6650224,1068803,15.8
6650224,1068808,17.46
6650224,1068813,18.74
6650224,1068818,20.78
6650224,1068847,109.73
6650224,1068848,50.01
6650224,1068849,57.21
6650224,1068850,50.01
6650224,1068852,50.01
6650224,1068853,57.21
6650224,1068854,50.01
6650224,1068855,60.07
6650224,1068871,73.08
6650224,1068885,45.38
6650224,1068910,10.52
6650224,1068916,11.86
6650224,1068920,13.44
6650224,1068922,76.35
6650224,1068930,14.64
6650224,1068931,17.26
6650224,1068944,15.8
6650224,1068953,17.46
6650224,1068956,18.74
6650224,1068958,20.78
6650224,1068961,22.66
6650224,1068965,25.6
6650224,1068968,28.47
6650224,1068994,16.67
6650224,1068995,19.56
6650224,1068996,10.52
6650224,1069000,13.44
6650224,1069001,14.64
6650224,1069006,25.6
6650224,1069007,28.47
6650224,1069008,32.34
6650224,1069009,38.05
6650224,1069018,19.4
6650224,1069021,17.46
6650224,1069022,20.05
6650224,1069023,20.3
6650224,1069025,20.78
6650224,1069027,23.76
6650224,1069030,25.6
6650224,1069036,41.09
6650224,1069041,57.73
6650224,1069050,20.05
6650224,1069052,23.21
6650224,1069054,23.76
6650224,1069056,25.96
6650224,1069058,29.36
6650224,1069062,41.09
6650224,1069064,57.73
6650224,1069071,17.46
6650224,1069073,20.3
6650224,1069076,20.78
6650224,1069095,20.9
6650224,1069096,20.05
6650224,1069097,23.21
6650224,1069098,23.76
6650224,1069100,25.96
6650224,1069101,29.36
6650224,1069106,57.73
6650224,1069116,13.63
6650224,1069118,13.79
6650224,1069119,15.44
6650224,1069121,17.97
6650224,1069122,19.39
6650224,1069124,20.24
6650224,1069125,22.98
6650224,1069126,25.48
6650224,1069128,26.14
6650224,1069130,29.61
6650224,1069148,14.63
6650224,1069149,17.18
6650224,1069151,20.05
6650224,1069153,25.7
6650224,1069155,28.14
6650224,1069156,30.47
6650224,1069159,36.22
6650224,1069163,48.95
6650224,1069164,54.52
6650224,1069166,62.07
6650224,1069167,68.8
6650224,1069261,147.07
6650224,1069264,183.82
6650224,1069353,231.26
6650224,1069358,169.67
6650224,1069359,183.07
6650224,1069371,229.47
6650224,1069373,137.78
6650224,1069375,159.33
6650224,1069397,59.76
6650224,1069403,54.14
6650224,1069409,65.72
6650224,1069413,71.55
6650224,1069419,77.99
6650224,1069553,48.31
6650224,1069554,57.73
6650224,1069555,2618.9
6650224,1069678,38.84
6650224,1069711,46.39
6650224,1069727,11.86
6650224,1069737,49.58
6650224,1069754,46.12
6650224,1069799,84.05
6650224,1069806,27.88
6650224,1069813,27.88
6650224,1069865,26.47
6650224,1069874,28.56
6650224,1069932,9.32
6650224,1069989,54.99
6650224,1070149,43.08
6650224,1070151,38.24
6650224,1070306,28.1
6650224,1070311,51.41
6650224,1070338,12.05
6650224,1070374,11.42
6650224,1070391,92.7
6650224,1070431,19.42
6650224,1070509,13.05
6650224,1070536,591.68
6650224,1070545,28.33
6650224,1070555,20.77
6650224,1070644,36.78
6650224,1072022,8.17
6650224,1073432,56.3
6650224,1075715,51.46
6650224,1075827,620.98
6650224,1075837,109.2
6650224,1075839,200.4
6650224,1075840,21.42
6650224,1075853,44.8
6650224,1075860,19.08
6650224,1075861,37.84
6650224,1075885,95.99
6650224,1075911,8.17
6650224,1075956,37.88
6650224,1075957,279.1
6650224,1076004,225.62
6650224,1076051,104.18
6650224,1076058,157.93
6650224,1076070,225.62
6650224,1076086,248.39
6650224,1076092,248.39
6650224,1076139,39.24
6650224,1076265,50.19
6650224,1076362,96.03
6650224,1076481,85.23
6650224,1079528,242.39
6650224,1079811,40.79
6650224,1079817,40.7
6650224,1079822,49.83
6650224,1079847,16.73
6650224,1079935,102.3
6650224,1079936,79.42
6650224,1080070,15.03
6650224,1080071,15.95
6650224,1080556,0.01
6650224,1080642,159.49
6650224,1080651,0.01
6650224,1080661,159.49
6650224,1080664,159.49
6650224,1081027,8.93
6650224,1081028,21.42
6650224,1081137,0.01
6650224,1081579,8.01
6650224,1081589,18.35
6650224,1082425,0.01
6650224,1082426,0.01
6650224,1082678,26.93
6650224,1082904,0.01
6650224,1083216,28.49
6650224,1083219,28.49
6650224,1083221,26.93
6650224,1083222,27.72
6650224,1083235,28.49
6650224,1083282,29.33
6650224,1083380,27.72
6650224,1083457,98.75
6650224,1083871,30.63
6650224,1083899,57.05
6650224,1084536,49.73
6650224,1084669,84.85
6650224,1084764,49.33
6650224,1084957,36.62
6650224,1085118,81.78
6650224,1085124,49.15
6650224,1085320,79.75
6650224,1085511,33.53
6650224,1085670,95.24
6650224,1085710,42.12
6650224,1085711,131.55
6650224,1085799,63.53
6650224,1085873,81.95
6650224,1085875,69.04
6650224,1085888,84.99
6650224,1085931,26.55
6650224,1086166,96.07
6650224,1086232,92.8
6650224,1086253,73.15
6650224,1086392,28.36
6650224,1086408,23.79
6650224,1086430,64.49
6650224,1086449,56.93
6650224,1086532,67.53
6650224,1086622,112.34
6650224,1087091,37.35
6650224,1087135,44.09
6650224,1087136,102.38
6650224,1087469,40.48
6650224,1087533,47.75
6650224,1087670,81.08
6650224,1087723,25.2
6650224,1087745,31.86
6650224,1087847,66.62
6650224,1087851,129.54
6650224,1088104,50.82
6650224,1088354,121.02
6650224,1088361,50.12
6650224,1088529,64.3
6650224,1088962,54.07
6650224,1089065,50.16
6650224,1089164,1457.11
6650224,1089257,53.97
6650224,1089297,75.25
6650224,1089464,73.48
6650224,1089465,74.74
6650224,1089485,112.85
6650224,1089486,93.41
6650224,1089580,71.7
6650224,1089588,73.35
6650224,1089618,92.84
6650224,1089619,87.02
6650224,1089621,61.12
6650224,1089638,347.98
6650224,1089645,158.22
6650224,1089649,52.22
6650224,1089661,299.31
6650224,1089868,101.8
6650224,1089877,116.53
6650224,1089882,85.19
6650224,1089887,244.33
6650224,1089889,85.21
6650224,1089895,72.42
6650224,1090068,55.25
6650224,1090099,64.05
6650224,1090276,46.86
6650224,1090289,94.41
6650224,1090320,79.38
6650224,1090323,0.01
6650224,1090457,89.19
6650224,1090487,35.33
6650224,1090694,150.56
6650224,1090697,188.25
6650224,1090709,139.04
6650224,1090716,112.34
6650224,1090725,112.66
6650224,1090729,112.34
6650224,1090734,70.02
6650224,1090737,93.51
6650224,1090739,93.51
6650224,1090742,93.51
6650224,1090747,412.41
6650224,1090751,147.9
6650224,1090752,93.51
6650224,1090758,312.41
6650224,1090760,305
6650224,1090762,312.41
6650224,1090767,192.91
6650224,1090769,112.66
6650224,1090770,139.04
6650224,1090779,112.66
6650224,1090789,112.34
6650224,1090813,412.41
6650224,1090814,6.26
6650224,1090817,377.04
6650224,1090819,412.41
6650224,1090821,305
6650224,1090823,70.02
6650224,1090834,155.34
6650224,1090837,168.92
6650224,1090839,85.75
6650224,1090841,85.75
6650224,1090845,128.08
6650224,1090847,128.08
6650224,1090849,192.91
6650224,1090851,192.91
6650224,1090854,60.78
6650224,1090856,166.32
6650224,1090862,96.09
6650224,1090925,0.01
6650224,1090928,0.01
6650224,1091160,27.34
6650224,1091188,50.34
6650224,1091306,57.51
6650224,1091403,67.62
6650224,1091407,44.78
6650224,1091431,42.63
6650224,1091439,28.58
6650224,1091440,33.84
6650224,1091490,42.03
6650224,1091522,248.4
6650224,1091563,0.01
6650224,1091624,36.49
6650224,1091639,46.66
6650224,1091775,36.05
6650224,1091780,62.22
6650224,1091784,67.62
6650224,1092117,28.43
6650224,1092124,30.69
6650224,1092133,29.05
6650224,1092152,50.34
6650224,1092234,60.43
6650224,1092251,25.33
6650224,1092372,90.8
6650224,1092489,30.07
6650224,1092739,34.64
6650224,1092740,33.34
6650224,1092901,32.2
6650224,1093097,7.19
6650224,1093107,7.19
6650224,1093196,37.11
6650224,1093210,75.12
6650224,1093227,33.7
6650224,1093535,26.88
6650224,1093552,39.35
6650224,1093601,46.83
6650224,1093613,54.92
6650224,1093619,67.62
6650224,1093620,248.4
6650224,1093640,42.54
6650224,1093645,33.5
6650224,1093648,35.01
6650224,1093649,50.46
6650224,1093650,49.24
6650224,1093651,70.35
6650224,1093654,75.04
6650224,1093658,48.16
6650224,1093685,58.97
6650224,1093687,53.91
6650224,1093688,50.82
6650224,1095435,11
6650224,1095467,131.63
6650224,1095601,53.74
6650224,1095928,129.87
6650224,1096015,11
6650224,1096017,11
6650224,1096019,11
6650224,1096076,17.08
6650224,1096078,17.08
6650224,1096080,17.08
6650224,1096088,14.63
6650224,1096091,85.18
6650224,1096109,18.37
6650224,1096118,144.85
6650224,1096250,34.16
6650224,1096343,37.85
6650224,1096344,21.15
6650224,1096422,34.16
6650224,1096423,34.16
6650224,1096447,34.16
6650224,1096453,34.16
6650224,1096455,34.16
6650224,1096524,11.93
6650224,1096821,31.63
6650224,1096858,78.06
6650224,1096859,37.91
6650224,1096861,32.64
6650224,1096870,48.67
6650224,1096872,51.7
6650224,1097185,24.36
6650224,1097193,119.81
6650224,1097208,58.85
6650224,1097259,28.24
6650224,1097273,77.47
6650224,1097431,23.4
6650224,1097478,65.57
6650224,1097488,36.88
6650224,1097652,33.13
6650224,1098142,47.41
6650224,1098195,85.18
6650224,1098214,14.63
6650224,1098331,37.02
6650224,1098569,42.55
6650224,1098679,54.26
6650224,1098798,103.9
6650224,1098864,47.88
6650224,1099230,45.68
6650224,1099383,154.97
6650224,1099842,53.74
6650224,1099884,38.54
6650224,1100252,114.93
6650224,1100254,631.53
6650224,1100255,80.05
6650224,1100849,46.6
6650224,1100850,45.59
6650224,1101280,170.35
6650224,1101487,39.84
6650224,1101973,94.88
6650224,1101980,61.9
6650224,1102178,80.39
6650224,1103721,36.84
6650224,1103723,156.91
6650224,1103724,45.28
6650224,1103726,60.34
6650224,1103728,60.34
6650224,1103762,202.82
6650224,1103764,78.12
6650224,1103766,78.11
6650224,1103768,225.25
6650224,1103770,450.64
6650224,1103773,78.11
6650224,1103776,175.31
6650224,1103778,67.36
6650224,1103780,67.44
6650224,1103782,67.42
6650224,1103785,194.43
6650224,1103787,388.86
6650224,1103788,583.48
6650224,1103792,67.36
6650224,1103794,67.44
6650224,1103800,583.48
6650224,1103802,63.46
6650224,1103804,63.52
6650224,1103806,63.51
6650224,1103808,183.18
6650224,1103810,63.46
6650224,1103812,63.52
6650224,1103823,388.86
6650224,1103834,60.44
6650224,1103871,60.47
6650224,1114871,23.05
6650224,1115309,39.66
6650224,1125986,323.82
6650224,1125988,471.21
6650224,1126399,277.35
6650224,1126499,0.01
6650224,1126664,499.52
6650224,1126781,14747.71
6650224,1127029,1264.77
6650224,1127569,1462.16
6650224,1127583,45.38
6650224,1127584,42.66
6650224,1127914,581.56
6650224,1127987,393.52
6650224,1128111,471.21
6650224,1128355,646.9
6650224,1128738,1896.82
6650224,1128812,2291.61
6650224,1129222,16557.31
6650224,1130862,12639.65
6650224,1130871,4260.2
6650224,1131690,16318.7
6650224,1132065,1303.98
6650224,1132222,1580.47
6650224,1134846,115.01
6650224,1135666,2762.6
6650224,1140369,36.46
6650224,1140390,40.1
6650224,1140391,77.45
6650224,1140448,6.9
6650224,1140538,29.71
6650224,1141664,32.12
6650224,1141665,31.66
6650224,1141680,102.77
6650224,1142103,107.62
6650224,1142112,35.24
6650224,1142143,102.88
6650224,1142463,10061.2
6650224,1142588,36.78
6650224,1142717,35.24
6650224,1143338,198.03
6650224,1143339,174.1
6650224,1144088,34.16
6650224,1144131,166.28
6650224,1144137,32.06
6650224,1144140,66.59
6650224,1144142,44.11
6650224,1144143,104
6650224,1144145,67.08
6650224,1144172,63.53
6650224,1144173,77.64
6650224,1144185,68.77
6650224,1144186,33.58
6650224,1144192,51.75
6650224,1144193,20.7
6650224,1144927,1074.54
6650224,1144959,56.34
6650224,1145087,77.3
6650224,1145129,82.32
6650224,1145276,65.67
6650224,1145606,54.22
6650224,1145607,63.48
6650224,1145711,16.26
6650224,1146624,107.43
6650224,1146625,187.48
6650224,1146628,59.59
6650224,1146629,127.66
6650224,1146630,119.09
6650224,1146631,148.71
6650224,1146636,292.03
6650224,1146637,980.07
6650224,1146638,653.84
6650224,1146639,2334.81
6650224,1146640,306.86
6650224,1146642,596.57
6650224,1146644,60.14
6650224,1146645,180.06
6650224,1146647,635.32
6650224,1146648,319.68
6650224,1146652,411.02
6650224,1146653,1388.39
6650224,1146654,325.1
6650224,1146657,342.75
6650224,1146658,1111.68
6650224,1146662,107.71
6650224,1147086,59.56
6650224,1147387,34.16
6650224,1148195,58.88
6650224,1148199,75.36
6650224,1148332,60.02
6650224,1148363,77.22
6650224,1148408,34.16
6650224,1148571,16.26
6650224,1149064,34.16
6650224,1150431,17.32
6650224,1150441,94.89
6650224,1151723,92.01
6650224,1152187,64.12
6650224,1152270,38.07
6650224,1152428,50.94
6650224,1152563,581.56
6650224,1152616,114.57
6650224,1152683,17087.28
6650224,1155243,19600.88
6650224,1155613,60.28
6650224,1155887,72.54
6650224,1156050,23
6650224,1156051,23
6650224,1157306,19.19
6650224,1157307,19.19
6650224,1157604,33.18
6650224,1157956,65.02
6650224,1158315,40.56
6650224,1158498,95.88
6650224,1158821,32.55
6650224,1158824,40.55
6650224,1158826,39.18
6650224,1158829,67.62
6650224,1158832,67.62
6650224,1158884,42.83
6650224,1159120,67.67
6650224,1159303,18726
6650224,1159565,65.3
6650224,1159681,37.7
6650224,1159696,81.31
6650224,1159954,50.9
6650224,1160099,84.51
6650224,1160450,192.91
6650224,1160601,67.62
6650224,1160719,52.88
6650224,1161054,39.39
6650224,1161455,113.84
6650224,1161814,176.41
6650224,1162069,19172.5
6650224,1162091,55.06
6650224,1162168,32.37
6650224,1162424,67.62
6650224,1162555,61.8
6650224,1162567,420.26
6650224,1162632,40.53
6650224,1162635,67.62
6650224,1162773,80.39
6650224,1163010,23.6
6650224,1163070,48.6
6650224,1163131,82.8
6650224,1163132,54.92
6650224,1163313,52.3
6650224,1163419,67.62
6650224,1163421,67.62
6650224,1163596,50.3
6650224,1163721,25.17
6650224,1163726,82.8
6650224,1164152,24.21
6650224,1164154,52.82
6650224,1164159,82.8
6650224,1165025,44.96
6650224,1165060,32.41
6650224,1165064,33.7
6650224,1165082,393.52
6650224,1165086,480.64
6650224,1165100,49.09
6650224,1165101,3842.22
6650224,1165103,39.17
6650224,1165105,37.21
6650224,1165107,58.92
6650224,1165109,54.19
6650224,1165126,82.8
6650224,1165675,37.63
6650224,1166285,5.75
6650224,1166360,61.43
6650224,1166361,57.53
6650224,1166362,49.33
6650224,1166391,48.13
6650224,1166499,82.8
6650224,1166677,39
6650224,1166746,45.3
6650224,1167261,7.49
6650224,1167626,69.57
6650224,1167818,67.62
6650224,1167844,80.39
6650224,1167999,69.89
6650224,1168278,11.5
6650224,1168282,69.89
6650224,1168283,69.21
6650224,1168284,79.59
6650224,1168328,82.8
6650224,1168411,82.8
6650224,1169319,19.19
6650224,1169658,54.2
6650224,1169808,110.25
6650224,1170313,42.81
6650224,1170414,20.71
6650224,1170504,9176.37
6650224,1170506,14980.8
6650224,1170507,19055.95
6650224,1170521,116.18
6650224,1170522,116.18
6650224,1170523,19.19
6650224,1170534,28.93
6650224,1170565,48.93
6650224,1170921,22.23
6650224,1171876,43.14
6650224,1172179,27.26
6650224,1172540,45.7
6650224,1173059,70.59
6650224,1173064,55.93
6650224,1173105,22368.83
6650224,1173167,53.07
6650224,1173254,18.74
6650224,1173675,10276.46
6650224,1173878,74.25
6650224,1174817,17.25
6650224,1174859,16.26
6650224,1175752,4.21
6650224,1175798,19.19
6650224,1177074,20.71
6650224,1177359,1596.69
6650224,1177394,34.5
6650224,1177458,27.11
6650224,1177766,17410.81
6650224,1178709,251.55
6650224,1178923,163.8
6650224,1179358,42.12
6650224,1179359,27.97
6650224,1179680,42.79
6650224,1179683,100.81
6650224,1179759,65.62
6650224,1179878,5524.1
6650224,1180075,46.8
6650224,1180086,46.87
6650224,1180925,94.29
6650224,1181008,81.12
6650224,1181672,8615.69
6650224,1181959,31.63
6650224,1182014,6387.37
6650224,1182214,204.82
6650224,1182385,623.03
6650224,1183282,87.63
6650224,1183713,272.03
6650224,1183741,57.21
6650224,1184647,18.31
6650224,1184648,37.79
6650224,1184697,7254.95
6650224,1185209,0.01
6650224,1185250,0.01
6650224,1185268,8147.15
6650224,1185375,293.73
6650224,1185416,56.91
6650224,1185647,117
6650224,1186067,73
6650224,1186190,9176.37
6650224,1186221,62.77
6650224,1186223,0.01
6650224,1186243,52.77
6650224,1187381,82.27
6650224,1187817,29.28
6650224,1187983,80.5
6650224,1188169,14.38
6650224,1188172,62.28
6650224,1188175,38.2
6650224,1188181,63.3
6650224,1188975,43.41
6650224,1189024,82.38
6650224,1189025,130.01
6650224,1189377,67.15
6650224,1189542,119.47
6650224,1189617,9522.07
6650224,1190111,160.3
6650224,1190415,13626.81
6650224,1190678,0.01
6650224,1191144,13.8
6650224,1191249,70.67
6650224,1191253,119.97
6650224,1191324,395.13
6650224,1191795,47.03
6650224,1192226,69.78
6650224,1192246,23.08
6650224,1194084,41.31
6650224,1194120,6971.46
6650224,1194140,41.86
6650224,1197375,62.51
6650224,1197478,0.01
6650224,1198213,315.9
6650224,1198357,2437.85
6650224,1198401,28.49
6650224,1198616,34.91
6650224,1198622,6270.56
6650224,1198988,132.25
6650224,1199021,35.57
6650224,1199119,821.27
6650224,1199245,80.5
6650224,1199869,36.56
6650224,1200301,24.94
6650224,1200665,45.16
6650224,1200730,80.71
6650224,1200920,39.45
6650224,1201345,50.27
6650224,1201410,62.37
6650224,1201434,20.64
6650224,1201659,140.12
6650224,1202755,100.81
6650224,1203479,1452.34
6650224,1203485,1551.99
6650224,1203514,51.77
6650224,1203515,48.67
6650224,1203517,60.23
6650224,1203521,52.31
6650224,1203522,48.34
6650224,1203523,52.31
6650224,1203524,52.31
6650224,1203692,47.62
6650224,1203896,11.5
6650224,1205269,23
6650224,1205958,35.42
6650224,1206097,5149.26
6650224,1206582,20.59
6650224,1206631,16.26
6650224,1207375,30.83
6650224,1207845,42.66
6650224,1207908,60.63
6650224,1208297,228.8
6650224,1208357,34.44
6650224,1210375,74.51
6650224,1210682,63.34
6650224,1211078,471.21
6650224,1211868,60.03
6650224,1211953,38.18
6650224,1212029,68.21
6650224,1212595,49
6650224,1213158,5710.72
6650224,1213305,43.02
6650224,1214864,43.36
6650224,1215311,13.07
6650224,1215313,61.27
6650224,1215314,78.41
6650224,1215315,34.27
6650224,1215317,37.1
6650224,1215321,90.36
6650224,1215324,77.93
6650224,1215328,35.73
6650224,1215345,36.29
6650224,1215348,222.5
6650224,1215359,35.73
6650224,1215373,35.73
6650224,1215376,35.73
6650224,1215475,177.68
6650224,1215970,41.78
6650224,1216261,228.21
6650224,1216325,49.78
6650224,1216371,36.22
6650224,1216387,22.35
6650224,1216539,44.23
6650224,1216827,76.56
6650224,1217462,8544.03
6650224,1218026,16.26
6650224,1218300,58.2
6650224,1218438,32.49
6650224,1218606,103.65
6650224,1218759,22.35
6650224,1219371,58.21
6650224,1220629,47.5
6650224,1220663,36.92
6650224,1220669,23.92
6650224,1220752,58.18
6650224,1220844,71.24
6650224,1221585,9507.89
6650224,1222380,20.59
6650224,1222756,3744.42
6650224,1223059,1079.63
6650224,1223396,8.31
6650224,1224174,21643.57
6650224,1224245,62.73
6650224,1225334,393.52
6650224,1225488,16.26
6650224,1225754,16.26
6650224,1226588,12390.02
6650224,1226837,99.82
6650224,1227030,124.14
6650224,1227658,26.91
6650224,1227948,9.2
6650224,1228017,101.23
6650224,1228020,74.97
6650224,1228763,110.25
6650224,1229262,7115.57
6650224,1229417,14279.94
6650224,1229432,101.14
6650224,1230062,17.67
6650224,1230068,34.5
6650224,1230230,9.2
6650224,1230729,63.6
6650224,1231182,74.11
6650224,1231442,14747.71
6650224,1232368,34.16
6650224,1233763,128.08
6650224,1234050,46.14
6650224,1234906,8707.83
6650224,1235205,68.09
6650224,1235287,46
6650224,1236156,26.91
6650224,1236587,150.02
6650224,1236633,47.38
6650224,1236799,0.01
6650224,1237277,99.32
6650224,1238253,50.43
6650224,1238441,646.9
6650224,1238606,69.78
6650224,1238953,17.67
6650224,1238954,17.67
6650224,1238955,17.67
6650224,1239380,65.25
6650224,1239382,71.7
6650224,1239384,45.62
6650224,1239386,62.69
6650224,1239389,36.56
6650224,1239393,35.57
6650224,1239394,525.31
6650224,1239395,45.27
6650224,1239397,519.01
6650224,1239398,59.73
6650224,1239401,427.82
6650224,1239402,25.74
6650224,1239404,72.05
6650224,1239407,48.17
6650224,1239409,36.45
6650224,1239411,69.57
6650224,1239412,73.08
6650224,1239414,109.72
6650224,1239415,103.11
6650224,1239416,70.46
6650224,1239418,70.53
6650224,1239420,98.42
6650224,1239422,128.27
6650224,1239424,53.16
6650224,1239425,117.23
6650224,1239427,36.28
6650224,1239429,35.47
6650224,1239431,85.49
6650224,1239432,58.04
6650224,1239434,65.29
6650224,1239436,65.29
6650224,1239443,96.84
6650224,1239446,59.55
6650224,1239448,85.47
6650224,1239449,93.52
6650224,1239450,59.9
6650224,1239452,89.98
6650224,1239453,25.34
6650224,1239454,62.75
6650224,1239455,57.41
6650224,1239458,52.56
6650224,1239459,51.2
6650224,1239463,65.09
6650224,1239465,76.99
6650224,1239466,136.5
6650224,1239467,117.41
6650224,1239468,92.37
6650224,1239470,59.18
6650224,1239471,70.24
6650224,1239907,21.06
6650224,1240254,273.72
6650224,1240439,39.94
6650224,1242426,75.21
6650224,1242673,51.06
6650224,1242789,21.66
6650224,1242790,84.36
6650224,1242792,96.47
6650224,1242801,103.15
6650224,1242809,41.89
6650224,1242810,31.99
6650224,1242811,48.94
6650224,1242812,46.71
6650224,1242829,77.22
6650224,1242834,32.07
6650224,1242838,58.21
6650224,1242841,117.39
6650224,1242845,69.93
6650224,1242848,129.52
6650224,1242852,55.12
6650224,1242855,43.51
6650224,1242863,61.95
6650224,1242867,117.76
6650224,1242868,422.02
6650224,1242886,60.35
6650224,1242888,41.34
6650224,1242891,58.79
6650224,1242893,175.93
6650224,1242902,50.9
6650224,1242904,60.27
6650224,1242906,53.25
6650224,1242909,107.77
6650224,1242911,61.64
6650224,1242913,35.76
6650224,1242914,46.31
6650224,1242917,100.01
6650224,1242919,65.98
6650224,1242921,59.03
6650224,1242923,93.46
6650224,1242925,56.67
6650224,1242926,116.87
6650224,1242929,127.12
6650224,1242931,192.15
6650224,1242933,64.1
6650224,1242934,145.34
6650224,1242936,87.12
6650224,1242937,45.13
6650224,1242938,62.78
6650224,1242939,59.12
6650224,1242941,82.2
6650224,1242942,58.56
6650224,1242945,63.51
6650224,1242947,92.63
6650224,1242949,65.91
6650224,1242951,81.76
6650224,1242954,87.29
6650224,1242961,214.92
6650224,1242962,300.71
6650224,1242966,63.58
6650224,1242969,74.97
6650224,1242972,74.73
6650224,1242973,55.25
6650224,1242975,111.2
6650224,1242976,122.02
6650224,1242979,70.26
6650224,1242982,120.14
6650224,1242991,71.57
6650224,1242993,137.79
6650224,1243005,43.82
6650224,1243230,50.88
6650224,1243277,75.36
6650224,1243309,74.73
6650224,1243317,100.09
6650224,1243352,822
6650224,1243356,116.22
6650224,1243357,130.36
6650224,1243361,300.27
6650224,1243409,75.2
6650224,1243416,113.2
6650224,1243419,100.23
6650224,1243422,34.23
6650224,1243444,1102.64
6650224,1243549,71.09
6650224,1243570,93.24
6650224,1243571,171.69
6650224,1245638,28.42
6650224,1245969,17.67
6650224,1246666,32.28
6650224,1247062,83.53
6650224,1247063,50.18
6650224,1247064,40.13
6650224,1247065,107.6
6650224,1247115,39.51
6650224,1247116,60.28
6650224,1247117,59.42
6650224,1247119,48.3
6650224,1247120,30.14
6650224,1247173,363.03
6650224,1247187,41.82
6650224,1247332,40.87
6650224,1248824,55.67
6650224,1250497,46.53
6650224,1250577,16.97
6650224,1250683,163.54
6650224,1250983,2.82
6650224,1251873,26.91
6650224,1252624,53
6650224,1253854,102.57
6650224,1254023,26.16
6650224,1254025,26.16
6650224,1254028,26.16
6650224,1254034,26.16
6650224,1254035,26.16
6650224,1254039,26.16
6650224,1254237,52.45
6650224,1254238,106.97
6650224,1254467,13464.14
6650224,1254468,16271.46
6650224,1254497,45.94
6650224,1254520,17.25
6650224,1254645,17.67
6650224,1254688,36.59
6650224,1254739,10533.18
6650224,1255237,111.08
6650224,1255258,471.21
6650224,1255453,90.53
6650224,1255648,50.36
6650224,1255785,28.44
6650224,1255796,62.91
6650224,1255878,19.19
6650224,1256425,142.68
6650224,1256426,58.61
6650224,1256755,86.94
6650224,1256756,82.02
6650224,1256988,25.94
6650224,1256991,134.02
6650224,1256995,96
6650224,1256996,69.33
6650224,1257003,225.26
6650224,1257005,72.35
6650224,1257012,252.31
6650224,1257019,84.3
6650224,1257021,240.84
6650224,1257108,40.18
6650224,1257262,35.57
6650224,1257437,61.82
6650224,1257683,110.68
6650224,1257854,0.01
6650224,1257858,203.32
6650224,1257861,73.52
6650224,1257862,26.16
6650224,1257881,358.56
6650224,1257884,119.53
6650224,1257887,228.97
6650224,1258125,0.01
6650224,1258169,50.46
6650224,1258324,29.72
6650224,1258581,77.42
6650224,1258961,0.01
6650224,1259057,116.91
6650224,1259061,120.24
6650224,1259381,146.72
6650224,1259442,58.9
6650224,1259543,37.86
6650224,1259764,312.44
6650224,1259934,3669.42
6650224,1259975,27.2
6650224,1259996,76.18
6650224,1260055,107.99
6650224,1260341,31.27
6650224,1260344,59.9
6650224,1260345,62.3
6650224,1260798,50.43
6650224,1260799,50.43
6650224,1261002,24.09
6650224,1261093,54.88
6650224,1261271,67.62
6650224,1262410,128.14
6650224,1262566,8895.25
6650224,1262567,8427.49
6650224,1262700,29.62
6650224,1262706,214.26
6650224,1262831,251.36
6650224,1262832,132.09
6650224,1262878,35.1
6650224,1263114,75.1
6650224,1263213,0.01
6650224,1263214,0.01
6650224,1263579,67.92
6650224,1263589,70.52
6650224,1263654,237.53
6650224,1263834,16.26
6650224,1264135,23.35
6650224,1264371,56.57
6650224,1264486,62.91
6650224,1264698,212.18
6650224,1264699,110.35
6650224,1264728,8147.15
6650224,1264882,54.76
6650224,1265067,13.81
6650224,1265076,0.01
6650224,1265089,51.46
6650224,1265658,50.43
6650224,1265711,41.77
6650224,1265847,38.39
6650224,1265850,61.44
6650224,1265904,67.62
6650224,1266071,324.06
6650224,1266074,324.06
6650224,1266119,14081.51
6650224,1266179,159.04
6650224,1266188,67.92
6650224,1266508,545.26
6650224,1266581,59.59
6650224,1266912,577.35
6650224,1266977,99.3
6650224,1266979,96.47
6650224,1267121,16.26
6650224,1267465,86.98
6650224,1267504,100.69
6650224,1268196,9176.37
6650224,1268228,26.92
6650224,1268573,45.54
6650224,1268811,15.8
6650224,1268820,159.94
6650224,1268842,57.21
6650224,1269328,117.09
6650224,1269352,23.55
6650224,1269666,26.91
6650224,1269788,29.98
6650224,1269883,8.85
6650224,1270549,69.99
6650224,1270823,18.88
6650224,1271088,17.25
6650224,1271095,76.69
6650224,1271100,67.92
6650224,1271233,67.92
6650224,1271485,61.31
6650224,1271560,72.87
6650224,1271561,43.36
6650224,1271714,1252.86
6650224,1271981,23.63
6650224,1272237,14.74
6650224,1272424,5.18
6650224,1272425,64.57
6650224,1272473,4273.5
6650224,1272660,1352.87
6650224,1273036,65.75
6650224,1273106,44.69
6650224,1273421,596.83
6650224,1273422,556.59
6650224,1273423,596.83
6650224,1273507,46.22
6650224,1273563,50.43
6650224,1273564,50.43
6650224,1274090,50.94
6650224,1274138,0.01
6650224,1274142,60.45
6650224,1274143,60.45
6650224,1274628,64.26
6650224,1274670,34.16
6650224,1274742,3582.29
6650224,1274804,27.06
6650224,1274807,65.38
6650224,1274921,47.5
6650224,1274947,53.96
6650224,1275397,16.26
6650224,1275874,111.69
6650224,1275875,24.71
6650224,1275876,31.82
6650224,1275877,30.98
6650224,1276123,8708.61
6650224,1276222,24.07
6650224,1276268,22.19
6650224,1276386,9730.75
6650224,1276389,24.78
6650224,1276788,40.39
6650224,1277358,2891.83
6650224,1277496,80.17
6650224,1278071,3410.23
6650224,1278239,105.63
6650224,1278240,162.3
6650224,1278242,195.72
6650224,1278424,136.38
6650224,1278425,125.1
6650224,1278448,156.92
6650224,1278450,107.97
6650224,1278826,32.96
6650224,1278831,59.67
6650224,1278845,41.66
6650224,1278847,45.85
6650224,1278851,275.77
6650224,1279123,1152.85
6650224,1279600,98.14
6650224,1279764,44.83
6650224,1279819,2633.37
6650224,1280212,55.43
6650224,1281205,94.77
6650224,1281357,212
6650224,1281579,24.86
6650224,1282019,23.68
6650224,1282362,11021.8
6650224,1282407,33.93
6650224,1282408,33.93
6650224,1282410,33.93
6650224,1282412,33.93
6650224,1282413,28.49
6650224,1282414,28.49
6650224,1282418,28.49
6650224,1282419,47.5
6650224,1282420,28.49
6650224,1282421,47.5
6650224,1282422,47.5
6650224,1282425,47.5
6650224,1282435,76.76
6650224,1282436,34.5
6650224,1282437,84.41
6650224,1282897,33.3
6650224,1283206,45.2
6650224,1283207,26.97
6650224,1283209,26.97
6650224,1283261,57.75
6650224,1283281,293.51
6650224,1283283,104.26
6650224,1283284,92.69
6650224,1283324,21.41
6650224,1283336,0.01
6650224,1283337,0.01
6650224,1283338,0.01
6650224,1283339,0.01
6650224,1283341,31.74
6650224,1283342,0.01
6650224,1283343,34.9
6650224,1283344,31.34
6650224,1283345,29.21
6650224,1283346,32.78
6650224,1283347,27.66
6650224,1283348,27.66
6650224,1283349,44.74
6650224,1283350,33.93
6650224,1283361,0.01
6650224,1283387,69.56
6650224,1283512,73.59
6650224,1283518,12.99
6650224,1283528,129.6
6650224,1284263,1252.86
6650224,1284402,28.49
6650224,1284444,21.41
6650224,1284807,53.18
6650224,1284955,140.56
6650224,1284956,27.74
6650224,1285440,86.25
6650224,1285442,8239.28
6650224,1285486,21.84
6650224,1285786,34.5
6650224,1286105,948.94
6650224,1286106,863.99
6650224,1286341,59.48
6650224,1286356,17.08
6650224,1287515,101.46
6650224,1287516,129.68
6650224,1287543,125.38
6650224,1287578,327.6
6650224,1288099,113.96
6650224,1288109,26.89
6650224,1288178,7865.24
6650224,1288499,0.01
6650224,1288599,93.02
6650224,1288683,15.87
6650224,1288723,16.43
6650224,1288820,139.21
6650224,1288939,112.62
6650224,1289113,95.32
6650224,1289114,68.52
6650224,1289433,51.48
6650224,1289434,37.21
6650224,1289748,42.1
6650224,1289816,1122.46
6650224,1289825,69.17
6650224,1289826,69.17
6650224,1290075,8897.6
6650224,1290123,142.86
6650224,1290424,159.67
6650224,1290569,68.47
6650224,1290669,121.02
6650224,1290954,0.01
6650224,1291521,68.09
6650224,1291524,55.93
6650224,1291525,55.93
6650224,1291628,22.52
6650224,1291804,327.6
6650224,1291805,538.2
6650224,1291808,592.84
6650224,1291953,80.19
6650224,1292259,75.62
6650224,1292326,154.67
6650224,1292579,56.77
6650224,1292629,2528.56
6650224,1293689,34.16
6650224,1294567,0.01
6650224,1294593,2244.93
6650224,1294689,28.77
6650224,1294694,25.89
6650224,1294706,31.85
6650224,1294945,0.01
6650224,1294950,85.75
6650224,1294952,85.75
6650224,1294957,96.09
6650224,1294961,74.01
6650224,1295045,11.5
6650224,1295046,17.25
6650224,1295109,49.84
6650224,1295333,37.72
6650224,1295338,37.72
6650224,1295397,72.62
6650224,1295446,41.08
6650224,1295481,20.48
6650224,1295689,16.85
6650224,1295897,11.5
6650224,1295898,11.5
6650224,1296024,17.25
6650224,1296025,17.25
6650224,1296026,11.5
6650224,1296028,11.5
6650224,1296038,28.83
6650224,1296042,9204.72
6650224,1296218,22.29
6650224,1296219,540.03
6650224,1296220,540.03
6650224,1296221,540.03
6650224,1296501,78.39
6650224,1296960,16.26
6650224,1296963,26.48
6650224,1297092,14049.89
6650224,1297109,3457.77
6650224,1297552,11.5
6650224,1297553,34.5
6650224,1297554,30.42
6650224,1297555,34.5
6650224,1297558,34.5
6650224,1298174,0.01
6650224,1298516,45.86
6650224,1298914,51.84
6650224,1298993,49.16
6650224,1298999,77.41
6650224,1299000,224.2
6650224,1299001,150.67
6650224,1299003,39.01
6650224,1299007,67.12
6650224,1299008,140.68
6650224,1299010,201.33
6650224,1299012,49.28
6650224,1299014,1207.01
6650224,1299015,238.76
6650224,1299022,35.31
6650224,1299023,39.85
6650224,1299026,61.72
6650224,1299027,72.77
6650224,1299028,48.6
6650224,1299029,38.36
6650224,1299032,58.64
6650224,1299033,38.06
6650224,1299034,52.46
6650224,1299035,37.39
6650224,1299043,41.31
6650224,1299044,42.78
6650224,1299045,36.42
6650224,1299046,37.3
6650224,1299048,64.72
6650224,1299082,27.72
6650224,1299083,21.87
6650224,1299085,27.2
6650224,1299086,1587.76
6650224,1299099,1573.37
6650224,1299100,1386.52
6650224,1299214,46.93
6650224,1299215,84.71
6650224,1299216,216.8
6650224,1299217,67.65
6650224,1299218,223.1
6650224,1299219,144.04
6650224,1299220,144.31
6650224,1299475,52.52
6650224,1299481,0.64
6650224,1300336,0.01
6650224,1300339,25.33
6650224,1300340,0.01
6650224,1300342,54.2
6650224,1301072,113.7
6650224,1301484,14.63
6650224,1301524,14.38
6650224,1302320,11.7
6650224,1302778,34.5
6650224,1302876,23.11
6650224,1302905,18.84
6650224,1302906,18.84
6650224,1302907,18.84
6650224,1302908,18.84
6650224,1302909,18.84
6650224,1302910,18.84
6650224,1302912,18.84
6650224,1302913,18.84
6650224,1302914,18.84
6650224,1303227,36.5
6650224,1303348,125.21
6650224,1303497,38.2
6650224,1303502,59.32
6650224,1303504,14.38
6650224,1303505,14.38
6650224,1304577,14.38
6650224,1304578,64.16
6650224,1304579,38.2
6650224,1304608,183.18
6650224,1305049,2589.81
6650224,1305237,50.43
6650224,1305386,1640.85
6650224,1305591,7996.75
6650224,1305724,45.8
6650224,1305851,62.28
6650224,1306531,16.26
6650224,1306652,23.08
6650224,1306704,42.7
6650224,1307048,59.4
6650224,1307236,66.91
6650224,1307382,26.78
6650224,1307395,11.7
6650224,1307399,86.02
6650224,1307452,35.1
6650224,1307881,45.8
6650224,1308047,131.11
6650224,1308144,0.01
6650224,1308147,0.01
6650224,1308148,0.01
6650224,1308379,359.66
6650224,1308380,55.24
6650224,1309238,34.91
6650224,1309566,132.25
6650224,1309567,63.58
6650224,1310321,41.5
6650224,1311255,56.91
6650224,1311336,30.41
6650224,1311347,38.2
6650224,1311584,41.78
6650224,1311894,75.9
6650224,1312241,5198.08
6650224,1312305,28.41
6650224,1312488,32164.67
6650224,1312553,121.69
6650224,1312912,88.87
6650224,1313376,33.96
6650224,1313585,0.01
6650224,1313586,0.01
6650224,1313696,132.25
6650224,1313709,40.68
6650224,1313975,51.99
6650224,1314012,66.55
6650224,1314224,36.32
6650224,1314265,33.93
6650224,1314302,108.88
6650224,1314458,50.43
6650224,1314523,132.25
6650224,1314568,132.25
6650224,1314907,8332.99
6650224,1314996,61.21
6650224,1314997,79.75
6650224,1315030,2454.54
6650224,1315200,32.29
6650224,1315260,87.6
6650224,1315261,45.97
6650224,1315369,29.79
6650224,1315471,14.04
6650224,1315516,44.93
6650224,1315683,74.34
6650224,1315693,77.23
6650224,1315809,19.19
6650224,1315878,212.38
6650224,1316323,47.52
6650224,1316418,29.82
6650224,1316652,74.75
6650224,1316653,109.25
6650224,1316654,46
6650224,1316655,54.97
6650224,1316656,63.19
6650224,1316657,49.05
6650224,1316830,43.59
6650224,1317100,79.96
6650224,1317192,14.38
6650224,1317418,52.26
6650224,1317439,27.86
6650224,1317963,34.98
6650224,1318279,56.87
6650224,1318320,71.84
6650224,1318525,116.22
6650224,1318597,103.21
6650224,1318640,47.38
6650224,1318736,86.78
6650224,1318831,0.01
6650224,1318931,73.22
6650224,1318940,120.78
6650224,1318942,147.9
6650224,1318944,86.39
6650224,1319274,120.65
6650224,1319939,85.53
6650224,1320132,50.43
6650224,1320218,2528.56
6650224,1320719,51.67
6650224,1320737,44.24
6650224,1320795,530.4
6650224,1321363,10276.46
6650224,1322337,36.52
6650224,1322687,7.49
6650224,1323805,71.17
6650224,1323824,28.29
6650224,1323825,26.63
6650224,1323826,29.07
6650224,1323827,48.86
6650224,1323829,26.71
6650224,1324398,73.94
6650224,1325381,81.88
6650224,1325383,56.69
6650224,1325385,64.97
6650224,1325470,127.18
6650224,1325522,41.86
6650224,1325545,340.9
6650224,1325701,63.25
6650224,1325743,42.55
6650224,1325980,91.01
6650224,1326153,105.67
6650224,1326290,4940.57
6650224,1326619,86.25
6650224,1326620,34.5
6650224,1326652,28.75
6650224,1326657,34.5
6650224,1326658,34.5
6650224,1326710,55.1
6650224,1326739,511.38
6650224,1326792,63.25
6650224,1327125,8988.96
6650224,1327259,62.73
6650224,1327260,0.01
6650224,1327646,41.91
6650224,1327821,26.91
6650224,1327822,44.69
6650224,1327892,29.98
6650224,1328715,14.38
6650224,1328724,36.68
6650224,1328848,1799.86
6650224,1328888,53.75
6650224,1328904,2633.37
6650224,1329166,35.03
6650224,1329603,6631.92
6650224,1329608,17.25
6650224,1329810,6272.98
6650224,1329980,34.12
6650224,1329984,32.22
6650224,1330155,9178.74
6650224,1330187,76.34
6650224,1330264,42.86
6650224,1330319,0.01
6650224,1330368,21.62
6650224,1330369,31.11
6650224,1330407,37.77
6650224,1330408,238.59
6650224,1330610,55.69
6650224,1330670,102.22
6650224,1330741,339.25
6650224,1330744,339.25
6650224,1330746,342.64
6650224,1330747,342.64
6650224,1330836,62.39
6650224,1330842,287.5
6650224,1330957,62.01
6650224,1330958,48.67
6650224,1331072,14.04
6650224,1331090,86.25
6650224,1332354,30.51
6650224,1332548,12530.2
6650224,1332865,29.91
6650224,1333051,191.18
6650224,1333701,70.83
6650224,1333791,51.73
6650224,1333904,214.27
6650224,1333905,110.64
6650224,1333964,138.79
6650224,1333965,540.87
6650224,1334119,7479.68
6650224,1334124,7116.7
6650224,1334128,299.17
6650224,1334195,5336.67
6650224,1334222,129.93
6650224,1334818,6016.26
6650224,1334914,227.31
6650224,1335375,252.4
6650224,1335412,0.01
6650224,1335482,20.01
6650224,1335618,252.97
6650224,1335694,31.41
6650224,1336276,7147.57
6650224,1336655,19.55
6650224,1336834,30.06
6650224,1337102,51.29
6650224,1337374,55.29
6650224,1337562,850.19
6650224,1337945,23.31
6650224,1337946,22.39
6650224,1338717,8895.25
6650224,1338753,78.03
6650224,1338950,34.35
6650224,1339097,165.93
6650224,1339413,2034.07
6650224,1339613,21.88
6650224,1339814,60.44
6650224,1340185,198
6650224,1340511,84.12
6650224,1340516,14628.02
6650224,1340519,568.21
6650224,1341463,68.45
6650224,1341520,101.1
6650224,1342074,134.69
6650224,1342109,23.59
6650224,1342110,141.17
6650224,1342589,3452.34
6650224,1342595,171.69
6650224,1342613,111.99
6650224,1342614,206.04
6650224,1342615,77.5
6650224,1342677,448.77
6650224,1343275,30.3
6650224,1343464,281.75
6650224,1344579,28.49
6650224,1344899,0.01
6650224,1345189,0.01
6650224,1345806,23.31
6650224,1346689,16385.65
6650224,1347131,11.82
6650224,1347654,49.53
6650224,1347984,23.75
6650224,1348404,191.2
6650224,1348483,41.88
6650224,1350294,74.88
6650224,1350826,43.9
6650224,1350883,45.86
6650224,1350988,80.5
6650224,1351807,80.5
6650224,1351881,51.42
6650224,1351889,46.63
6650224,1352462,80.5
6650224,1352611,12409.13
6650224,1352745,14.38
6650224,1352836,12597.13
6650224,1352838,5149.26
6650224,1353126,7303.77
6650224,1353951,17.25
6650224,1354457,312.44
6650224,1355396,25.3
6650224,1355911,42.12
6650224,1356021,104.6
6650224,1356022,28.49
6650224,1356057,49.03
6650224,1356346,328.42
6650224,1356461,65.95
6650224,1356503,104.89
6650224,1356747,2201.37
6650224,1356751,54.76
6650224,1356831,74.38
6650224,1357407,40.56
6650224,1357584,797.86
6650224,1357585,55.4
6650224,1357586,107.46
6650224,1357587,107.46
6650224,1357590,107.46
6650224,1357717,46.8
6650224,1358069,80.1
6650224,1358264,106.13
6650224,1358265,106.13
6650224,1358303,1402.43
6650224,1358304,107.46
6650224,1358305,107.46
6650224,1358306,107.46
6650224,1358308,601.95
6650224,1359401,0.01
6650224,1359476,74.69
6650224,1359485,130.04
6650224,1359775,64.91
6650224,1359834,80.36
6650224,1359873,105.58
6650224,1360030,20559.23
6650224,1361037,0.01
6650224,1361487,52.78
6650224,1361593,390.6
6650224,1361870,38.97
6650224,1362338,79.56
6650224,1362519,19.19
6650224,1362558,80.1
6650224,1363819,101.02
6650224,1363890,101.02
6650224,1363922,797.86
6650224,1363943,303.79
6650224,1364294,92.72
6650224,1364365,33.93
6650224,1364542,420.03
6650224,1364592,189.4
6650224,1364804,79.98
6650224,1365095,64.91
6650224,1365936,52.88
6650224,1365960,31019.41
6650224,1366197,161.23
6650224,1366422,101.02
6650224,1366423,29.66
6650224,1366425,13
6650224,1366607,28.49
6650224,1366639,60.02
6650224,1366709,797.86
6650224,1366740,107.46
6650224,1366835,86.1
6650224,1367571,72.08
6650224,1367769,49.67
6650224,1368198,49.67
6650224,1368199,52.79
6650224,1368230,86.1
6650224,1368231,55.13
6650224,1368232,72.08
6650224,1368346,32.18
6650224,1368665,7584.1
6650224,1368980,36.76
6650224,1368981,43.02
6650224,1368982,63.13
6650224,1368983,155.72
6650224,1368984,63.13
6650224,1368985,155.72
6650224,1368986,53.12
6650224,1369493,55.13
6650224,1369763,222.42
6650224,1370142,78.93
6650224,1371094,437
6650224,1371184,51.23
6650224,1371273,304.2
6650224,1371342,31.85
6650224,1371344,30.54
6650224,1371827,43.02
6650224,1372225,34.81
6650224,1372359,80.1
6650224,1372360,84.46
6650224,1372413,96.58
6650224,1372689,103.23
6650224,1372726,51.23
6650224,1373056,89.48
6650224,1373855,88.37
6650224,1373856,106.13
6650224,1374255,109.89
6650224,1374327,86.1
6650224,1374942,222.57
6650224,1375927,12992.32
6650224,1376124,92.52
6650224,1376215,17790.48
6650224,1376433,20130.84
6650224,1377141,29.1
6650224,1378159,53.1
6650224,1378160,50.57
6650224,1378161,61.36
6650224,1378162,29.96
6650224,1378163,53.45
6650224,1378164,63.37
6650224,1378167,33.25
6650224,1378169,47.75
6650224,1378172,9.02
6650224,1378174,0.01
6650224,1378176,0.01
6650224,1378527,45.48
6650224,1378652,62.57
6650224,1379477,10370.96
6650224,1380190,96.74
6650224,1388139,31.27
6650224,1388150,84.44
6650224,1390481,0.01
6650224,1394865,59.32
6650224,1394866,41.5
6650224,1394867,0.01
6650224,1394868,0.01
6650224,1396905,62.28
6650224,1396908,0.01
6650224,1397064,0.01
6650224,1397695,23
6650224,1399124,80.5
6650224,1399294,23
6650224,1399429,80.5
6650224,1399430,41.5
6650224,1401671,47.75
6650224,1000146,15.15
6650224,1000149,21.71
6650224,1000150,20.49
6650224,1000151,23.83
6650224,1000152,28.38
6650224,1000153,25.65
6650224,1000154,26.73
6650224,1000155,20.49
6650224,1000156,19.58
6650224,1000157,24.96
6650224,1001326,46.24
6650224,1001729,22.61
6650224,1001730,29.9
6650224,1001756,22.61
6650224,1001771,18.47
6650224,1001786,29.6
6650224,1001813,31.12
6650224,1001814,26.09
6650224,1001888,21.56
6650224,1001889,27.17
6650224,1001908,32.81
6650224,1002002,24.51
6650224,1002008,32.45
6650224,1002010,25.51
6650224,1002011,17.26
6650224,1002012,19.14
6650224,1002014,22.34
6650224,1002017,26.86
6650224,1002019,26.73
6650224,1002020,25.51
6650224,1002021,30.14
6650224,1002022,23.35
6650224,1002025,31.45
6650224,1002026,21.29
6650224,1002027,26.45
6650224,1002028,31.77
6650224,1002030,25.25
6650224,1002031,29.68
6650224,1002499,14.26
6650224,1002513,19.63
6650224,1003040,33.95
6650224,1003041,35.26
6650224,1003063,16.26
6650224,1003083,29.14
6650224,1003095,29.46
6650224,1003100,47.17
6650224,1003101,16.42
6650224,1003102,23.33
6650224,1003117,31.72
6650224,1003126,30.73
6650224,1003137,29.14
6650224,1003172,34.62
6650224,1003204,39.28
6650224,1003205,30.73
6650224,1003219,23.35
6650224,1003227,27.49
6650224,1003228,24.84
6650224,1003229,34.94
6650224,1003233,33.56
6650224,1003277,33.86
6650224,1003299,51.05
6650224,1003387,14.57
6650224,1003454,30.59
6650224,1003478,15.5
6650224,1003483,25.51
6650224,1003502,20.64
6650224,1003515,29.42
6650224,1003520,24.51
6650224,1003564,25.19
6650224,1003565,28.53
6650224,1003566,31.46
6650224,1003748,25.91
6650224,1005664,96.62
6650224,1005665,117.43
6650224,1005666,87.42
6650224,1005667,106.63
6650224,1005710,12.65
6650224,1006063,51.09
6650224,1006254,62.13
6650224,1006255,68.07
6650224,1006320,36.17
6650224,1006467,46.16
6650224,1006498,36.27
6650224,1006713,45.36
6650224,1007028,20.64
6650224,1007352,17.37
6650224,1007358,89.93
6650224,1007538,51.82
6650224,1007637,69.49
6650224,1007735,47.6
6650224,1007764,25.01
6650224,1008116,41.8
6650224,1008159,44.3
6650224,1008372,7.01
6650224,1008776,38.08
6650224,1008831,37.57
6650224,1009221,37.15
6650224,1009567,55.09
6650224,1009710,15.51
6650224,1009718,16.31
6650224,1009721,20.08
6650224,1009724,26.11
6650224,1009958,46.16
6650224,1009959,47.48
6650224,1022786,48.45
6650224,1022833,17.79
6650224,1022939,45.48
6650224,1023117,46.56
6650224,1023179,51.76
6650224,1023210,48.29
6650224,1023211,60.36
6650224,1023213,34.88
6650224,1023247,33.1
6650224,1023248,44.07
6650224,1023249,47.53
6650224,1023348,55.17
6650224,1023354,47.5
6650224,1023422,38.95
6650224,1023431,38.07
6650224,1023439,38.27
6650224,1023451,40.33
6650224,1023646,21.19
6650224,1023674,19.67
6650224,1023694,27.44
6650224,1023872,36.72
6650224,1023935,40.35
6650224,1024044,23.44
6650224,1024138,39.66
6650224,1024213,47.54
6650224,1024263,38.87
6650224,1024269,26.38
6650224,1024270,37.65
6650224,1024356,38.76
6650224,1024363,36.46
6650224,1024373,48.17
6650224,1024378,34.25
6650224,1024412,55.81
6650224,1024419,24.9
6650224,1024424,26.2
6650224,1024425,23.25
6650224,1024440,44.06
6650224,1024575,37.58
6650224,1024579,31.49
6650224,1024606,31.02
6650224,1024808,41.18
6650224,1024896,25.99
6650224,1024935,12.31
6650224,1024936,12.31
6650224,1024938,18.46
6650224,1024940,9.23
6650224,1024967,101.75
6650224,1025049,59.8
6650224,1025051,33.47
6650224,1025057,50.49
6650224,1025197,22.45
6650224,1025235,22.62
6650224,1025322,33.47
6650224,1025416,41.81
6650224,1025683,20.27
6650224,1025686,30.59
6650224,1025733,34.58
6650224,1025734,43.88
6650224,1025746,35.5
6650224,1025790,43.31
6650224,1025798,18.95
6650224,1025815,40.49
6650224,1025945,51.6
6650224,1025946,48.51
6650224,1026166,9.23
6650224,1026167,9.23
6650224,1026168,8.61
6650224,1026188,19.64
6650224,1026190,31.12
6650224,1026192,37.59
6650224,1026229,56.7
6650224,1026231,69.92
6650224,1026249,8.61
6650224,1026994,55.63
6650224,1027780,34.66
6650224,1027939,27.06
6650224,1027963,46.3
6650224,1028021,42.81
6650224,1028106,56.26
6650224,1028374,34.33
6650224,1028459,41.93
6650224,1028897,35.35
6650224,1041256,11.42
6650224,1041508,13.33
6650224,1041654,5.75
6650224,1041655,7.89
6650224,1041657,20.65
6650224,1041658,16.78
6650224,1041659,10.75
6650224,1041665,25.78
6650224,1041666,16.8
6650224,1041667,12.24
6650224,1041668,60.55
6650224,1041669,20.41
6650224,1042753,5.35
6650224,1042821,21.17
6650224,1043636,16.24
6650224,1043637,20.88
6650224,1044150,30.25
6650224,1044151,24.74
6650224,1044152,26.16
6650224,1044153,22.06
6650224,1044154,23.63
6650224,1044623,12.98
6650224,1044628,18.38
6650224,1044630,8.05
6650224,1044646,21.28
6650224,1044647,28.21
6650224,1044655,46.32
6650224,1044656,37.01
6650224,1044658,27.69
6650224,1044660,37.01
6650224,1044665,27.69
6650224,1044666,64.43
6650224,1044672,38.56
6650224,1044742,20.88
6650224,1044835,20.01
6650224,1044930,72.97
6650224,1044932,14.33
6650224,1044984,16.53
6650224,1045529,25.62
6650224,1045757,18.07
6650224,1045773,22.28
6650224,1045778,33.64
6650224,1045781,46.32
6650224,1045939,28.53
6650224,1046053,34.93
6650224,1046669,13.93
6650224,1046670,64.95
6650224,1046752,42.14
6650224,1050790,9.67
6650224,1050791,9.67
6650224,1050792,14.05
6650224,1050793,14.05
6650224,1050804,17.96
6650224,1050805,16.73
6650224,1050806,16.73
6650224,1050807,10.38
6650224,1050808,10.38
6650224,1050809,12.62
6650224,1050810,12.62
6650224,1050811,16.58
6650224,1050812,16.58
6650224,1050813,16.58
6650224,1050814,18.81
6650224,1050826,25.33
6650224,1050827,28.15
6650224,1050828,28.15
6650224,1050829,20.38
6650224,1050830,20.33
6650224,1050832,15.95
6650224,1050833,15.95
6650224,1050834,15.95
6650224,1050835,29.72
6650224,1050836,29.72
6650224,1050837,21.74
6650224,1050838,21.74
6650224,1050839,21.74
6650224,1050840,16.89
6650224,1050841,16.89
6650224,1050842,14.34
6650224,1050843,14.34
6650224,1050846,18.15
6650224,1050848,14.16
6650224,1050849,14.16
6650224,1050850,14.16
6650224,1050852,13.65
6650224,1050853,13.65
6650224,1050854,19.86
6650224,1050855,15.55
6650224,1050856,15.55
6650224,1050857,15.55
6650224,1050858,18.61
6650224,1050859,22.99
6650224,1050860,22.99
6650224,1050878,16.13
6650224,1050893,29.21
6650224,1050899,28.54
6650224,1050905,19.64
6650224,1050906,38.28
6650224,1050917,18.47
6650224,1050957,13.55
6650224,1050970,29.83
6650224,1050988,28.51
6650224,1051002,41.53
6650224,1051016,17.96
6650224,1051018,19.48
6650224,1051020,19.48
6650224,1051024,19.35
6650224,1051033,15.07
6650224,1051036,33.07
6650224,1051037,21.65
6650224,1051048,27.04
6650224,1051050,30.73
6650224,1051052,16.16
6650224,1051055,23.33
6650224,1051058,17.8
6650224,1051064,39.46
6650224,1051072,20.99
6650224,1051074,14.57
6650224,1051101,26.69
6650224,1051103,18.47
6650224,1051105,36.77
6650224,1051109,18.3
6650224,1051112,31.9
6650224,1051119,23.33
6650224,1051124,22
6650224,1051137,21.65
6650224,1051157,30.73
6650224,1051158,21.16
6650224,1051165,33.75
6650224,1051166,33.75
6650224,1051169,21.32
6650224,1051171,20.15
6650224,1051174,40.47
6650224,1051207,17.96
6650224,1051210,28.21
6650224,1051213,33.25
6650224,1051215,33.25
6650224,1051217,33.25
6650224,1051219,26.69
6650224,1051222,22.49
6650224,1051239,27.09
6650224,1051240,38.39
6650224,1051272,32.2
6650224,1051300,28.18
6650224,1051301,29.46
6650224,1051303,27.37
6650224,1051304,43.15
6650224,1051310,71.69
6650224,1051317,14.9
6650224,1051319,21.64
6650224,1051341,8.84
6650224,1051344,39.25
6650224,1051350,8.51
6650224,1051368,32.13
6650224,1051393,22.85
6650224,1051399,31.46
6650224,1051432,38.25
6650224,1051453,25.51
6650224,1051459,24.35
6650224,1051589,30.97
6650224,1051606,27.89
6650224,1051607,24
6650224,1051700,27.53
6650224,1051731,32.06
6650224,1051763,33.75
6650224,1051764,44.49
6650224,1051814,21.65
6650224,1051820,19.31
6650224,1051834,31.9
6650224,1051886,29.65
6650224,1051981,25.33
6650224,1051986,30.73
6650224,1052011,31.31
6650224,1052085,27.66
6650224,1052086,37.12
6650224,1052124,35.11
6650224,1052126,24.17
6650224,1052127,27.6
6650224,1052128,23.03
6650224,1052207,30.05
6650224,1052242,24.14
6650224,1052334,29.74
6650224,1052464,25.19
6650224,1052465,25.19
6650224,1052467,18.47
6650224,1052468,30.73
6650224,1052469,21.16
6650224,1052872,42.06
6650224,1052875,25.69
6650224,1052880,45.05
6650224,1052884,21.59
6650224,1052910,36.77
6650224,1052911,35.89
6650224,1052916,40.3
6650224,1052932,19.99
6650224,1052933,27.92
6650224,1052934,27.34
6650224,1052935,29.07
6650224,1052936,21.26
6650224,1052950,22
6650224,1052962,18.54
6650224,1053011,37.27
6650224,1053012,46.35
6650224,1053013,46.35
6650224,1053036,38.39
6650224,1053052,20.42
6650224,1053071,35.77
6650224,1053076,17.87
6650224,1053098,22
6650224,1053167,46.51
6650224,1053178,25.6
6650224,1053233,31.9
6650224,1053249,38.8
6650224,1053292,25.52
6650224,1053297,51.21
6650224,1053299,38.44
6650224,1053325,33.75
6650224,1053353,23.22
6650224,1053355,31.9
6650224,1053435,19.14
6650224,1053447,11.82
6650224,1053449,42.06
6650224,1053459,17.19
6650224,1053462,46.35
6650224,1053464,46.35
6650224,1053467,29.04
6650224,1053471,22.52
6650224,1053472,11.29
6650224,1053481,31.31
6650224,1053484,13.16
6650224,1053486,11.85
6650224,1053490,17.6
6650224,1053498,35.36
6650224,1053502,21.65
6650224,1053506,31.31
6650224,1053508,15.71
6650224,1053512,22.34
6650224,1053515,22.34
6650224,1053521,12.04
6650224,1053528,15.07
6650224,1053533,32.29
6650224,1053538,19.48
6650224,1053542,17.26
6650224,1053543,33.07
6650224,1053547,21.65
6650224,1053550,33.07
6650224,1053552,17.96
6650224,1053559,44.87
6650224,1053563,17.12
6650224,1053568,17.8
6650224,1053582,16.16
6650224,1053594,19.31
6650224,1053602,19.31
6650224,1053605,31.9
6650224,1053608,22.38
6650224,1053612,28.72
6650224,1053613,53.73
6650224,1053615,15.2
6650224,1053616,39.46
6650224,1053617,17.26
6650224,1053619,39.46
6650224,1053621,43.15
6650224,1053622,43.15
6650224,1053623,27.89
6650224,1053628,24.62
6650224,1053629,16.47
6650224,1053630,21.83
6650224,1053633,21.83
6650224,1053643,20.14
6650224,1053661,27.04
6650224,1053675,28.21
6650224,1053688,35.93
6650224,1053693,15.4
6650224,1053698,17.96
6650224,1053714,18.47
6650224,1053720,15.4
6650224,1053730,28.21
6650224,1053731,28.21
6650224,1053738,20.15
6650224,1053750,24.68
6650224,1053769,29.21
6650224,1053773,15.78
6650224,1053780,24.68
6650224,1053794,20.15
6650224,1053795,25.52
6650224,1053811,32.57
6650224,1053833,27.04
6650224,1053839,16.79
6650224,1053841,49.2
6650224,1053848,22
6650224,1053857,34.42
6650224,1053863,18.3
6650224,1053866,22
6650224,1053868,27.04
6650224,1053869,27.04
6650224,1053875,31.9
6650224,1053882,24.62
6650224,1053895,16.96
6650224,1053896,20.65
6650224,1053899,31.31
6650224,1053902,21.29
6650224,1053925,27.57
6650224,1053941,27.44
6650224,1053942,30.14
6650224,1053952,23.21
6650224,1053955,26.69
6650224,1053964,25.58
6650224,1053965,32.13
6650224,1053972,19.48
6650224,1053982,44.32
6650224,1053992,37.27
6650224,1053994,30.56
6650224,1054007,24.78
6650224,1054031,29.47
6650224,1054039,24.54
6650224,1054048,107.54
6650224,1054049,92.39
6650224,1054067,20.61
6650224,1054071,23.68
6650224,1054081,28.29
6650224,1054132,30.73
6650224,1054134,28.21
6650224,1054135,18.47
6650224,1054136,24.68
6650224,1054137,32.91
6650224,1054145,31.9
6650224,1054171,40.96
6650224,1054182,23.33
6650224,1054184,81.79
6650224,1054185,93.9
6650224,1054209,21.59
6650224,1054254,18.47
6650224,1054311,131.26
6650224,1054329,39.28
6650224,1054337,24.35
6650224,1054349,37.51
6650224,1054350,27.53
6650224,1054362,31.31
6650224,1054377,23.49
6650224,1054380,23.51
6650224,1054382,27.53
6650224,1054384,17.34
6650224,1054399,36.93
6650224,1054403,25.92
6650224,1054467,43.15
6650224,1054503,38.44
6650224,1054532,27.04
6650224,1054533,25.3
6650224,1054537,75.73
6650224,1054540,27.04
6650224,1054561,34.93
6650224,1054636,46.3
6650224,1054646,60.34
6650224,1054656,27.04
6650224,1054693,36.05
6650224,1054740,36.55
6650224,1054747,37.27
6650224,1054756,19.91
6650224,1054757,31.74
6650224,1054799,30.97
6650224,1054811,47.06
6650224,1054815,29.8
6650224,1054819,41.07
6650224,1054821,20.09
6650224,1054823,62.81
6650224,1054830,38.71
6650224,1054833,54.46
6650224,1054834,31.87
6650224,1054839,45.16
6650224,1054854,59.02
6650224,1054859,44.22
6650224,1054862,31.5
6650224,1054866,24.01
6650224,1054868,35.49
6650224,1054869,45.36
6650224,1054874,21.36
6650224,1054876,21.18
6650224,1054882,42.12
6650224,1054884,42.12
6650224,1054886,19.91
6650224,1054891,48.77
6650224,1054894,42.12
6650224,1054901,34.73
6650224,1054902,32.29
6650224,1054903,60.34
6650224,1054909,60.34
6650224,1054916,35.6
6650224,1054919,52.19
6650224,1054921,52.37
6650224,1054930,47.82
6650224,1054931,45.36
6650224,1054932,45.36
6650224,1054947,21.71
6650224,1054948,20.42
6650224,1054956,51.99
6650224,1054958,60.34
6650224,1054965,37.27
6650224,1054967,33.95
6650224,1054978,42.12
6650224,1054979,42.88
6650224,1054980,26.99
6650224,1054981,37.86
6650224,1054985,19.91
6650224,1054991,30.97
6650224,1054995,43.86
6650224,1054999,31.95
6650224,1055000,32.29
6650224,1055008,32.45
6650224,1055024,20.37
6650224,1055031,34.04
6650224,1055035,35.43
6650224,1055036,18.56
6650224,1055048,41.08
6650224,1055050,38.93
6650224,1055089,28.83
6650224,1055161,32.36
6650224,1055190,17.6
6650224,1055226,29.58
6650224,1055241,25.92
6650224,1055264,46
6650224,1055268,22.34
6650224,1055329,20.47
6650224,1055335,23.84
6650224,1055395,22.22
6650224,1055404,24.14
6650224,1055416,11.5
6650224,1055423,25.9
6650224,1055430,23.98
6650224,1055449,35.33
6650224,1055458,14.39
6650224,1055460,39.32
6650224,1055462,45.4
6650224,1055463,32.45
6650224,1055501,25.31
6650224,1055502,35.42
6650224,1055508,38.1
6650224,1055516,23.06
6650224,1055517,27.55
6650224,1055527,31.87
6650224,1055542,33.63
6650224,1055619,15.2
6650224,1055636,15.66
6650224,1055669,32.92
6650224,1055681,18.98
6650224,1055684,27.36
6650224,1055687,32.74
6650224,1055691,19.96
6650224,1055694,19.63
6650224,1055706,36.43
6650224,1055707,30.73
6650224,1055713,12.36
6650224,1055714,12.45
6650224,1055716,18.01
6650224,1055724,20.76
6650224,1055725,23.68
6650224,1055731,23.68
6650224,1055732,18.26
6650224,1055733,13.1
6650224,1055734,13.62
6650224,1055735,30.66
6650224,1055736,22.97
6650224,1055737,21.76
6650224,1055738,22.61
6650224,1055739,12.97
6650224,1055740,15.49
6650224,1055741,16.1
6650224,1055742,21.95
6650224,1055743,27.38
6650224,1055745,20.68
6650224,1055746,24.39
6650224,1055748,28.7
6650224,1055749,26.94
6650224,1055750,22.93
6650224,1055753,20.95
6650224,1055754,23.68
6650224,1055755,29.66
6650224,1055756,31.1
6650224,1055757,29.66
6650224,1055758,18.54
6650224,1055759,19.1
6650224,1055760,21.82
6650224,1055761,29.95
6650224,1055762,26.16
6650224,1055763,35.5
6650224,1055764,43.8
6650224,1055765,18.69
6650224,1055766,18.39
6650224,1055767,31.25
6650224,1055768,32.48
6650224,1055769,22.2
6650224,1055770,23.07
6650224,1055771,20.83
6650224,1055772,24.39
6650224,1055773,21.83
6650224,1055774,29.52
6650224,1055775,26.09
6650224,1055776,15.69
6650224,1055777,16.45
6650224,1055778,30.1
6650224,1055779,28.08
6650224,1055782,17.79
6650224,1055783,38.65
6650224,1055800,38.72
6650224,1056008,17.08
6650224,1056011,15.51
6650224,1056019,23.13
6650224,1056041,30.05
6650224,1056108,21.07
6650224,1056110,48.58
6650224,1056116,40.61
6650224,1056124,10.55
6650224,1056163,20.84
6650224,1056165,23.79
6650224,1056175,20.21
6650224,1056176,27.66
6650224,1056184,33.95
6650224,1056185,32.3
6650224,1056199,35.6
6650224,1056207,27.42
6650224,1056208,20.21
6650224,1056211,32.22
6650224,1056220,35.74
6650224,1056221,38.39
6650224,1056222,31.02
6650224,1056223,41.3
6650224,1056224,41.3
6650224,1056225,41.3
6650224,1056226,31.53
6650224,1056288,30.73
6650224,1056309,33.95
6650224,1056413,25
6650224,1056434,16.57
6650224,1056443,42.34
6650224,1056445,33.95
6650224,1056448,31.22
6650224,1056449,41.78
6650224,1056450,28.37
6650224,1056458,24.86
6650224,1056459,20.18
6650224,1056460,17.95
6650224,1056461,21.85
6650224,1056462,13.09
6650224,1056463,15.46
6650224,1056464,20.18
6650224,1056465,24.63
6650224,1056466,32.15
6650224,1056467,17.95
6650224,1056468,21.99
6650224,1056469,26.02
6650224,1056470,15.31
6650224,1056471,18.64
6650224,1056472,22.13
6650224,1056473,28.81
6650224,1056474,16.42
6650224,1056475,20.03
6650224,1056476,23.66
6650224,1056477,31.04
6650224,1056480,33.17
6650224,1056484,35.26
6650224,1056487,25.38
6650224,1056498,18.98
6650224,1056499,27.17
6650224,1056513,23.68
6650224,1056514,15.51
6650224,1056515,17.19
6650224,1056517,16.53
6650224,1056530,20.95
6650224,1056631,21.29
6650224,1056632,20.08
6650224,1056684,22.7
6650224,1056704,31.8
6650224,1056705,31.45
6650224,1056869,27.24
6650224,1056887,26.91
6650224,1056889,19.04
6650224,1056909,15.67
6650224,1056957,29.67
6650224,1056998,22.17
6650224,1057016,47.16
6650224,1057021,20.08
6650224,1057032,29.44
6650224,1057034,26.59
6650224,1057040,20.49
6650224,1057041,23.23
6650224,1057042,33.99
6650224,1057043,26.57
6650224,1057044,21.55
6650224,1057045,27.78
6650224,1057046,24.29
6650224,1057047,35.97
6650224,1057048,25.65
6650224,1057049,27.78
6650224,1057134,26.73
6650224,1057142,21.72
6650224,1057145,20.95
6650224,1057146,24.1
6650224,1057152,26.44
6650224,1057159,27.57
6650224,1057176,21.18
6650224,1057181,19.14
6650224,1057184,17.8
6650224,1057194,31.45
6650224,1057195,26.44
6650224,1057204,19.54
6650224,1057214,17.3
6650224,1057220,39.25
6650224,1057226,23.23
6650224,1057229,26.16
6650224,1057234,17.19
6650224,1057241,24.45
6650224,1057249,23.35
6650224,1057256,24.84
6650224,1057259,32.13
6650224,1057270,19.87
6650224,1057287,31.96
6650224,1057290,25.23
6650224,1057293,27.57
6650224,1057295,23.53
6650224,1057302,28.15
6650224,1057310,32.29
6650224,1057313,34.28
6650224,1057324,25.51
6650224,1057327,23.35
6650224,1057328,25.14
6650224,1057329,27.49
6650224,1057332,25.21
6650224,1057333,34.28
6650224,1057334,33.07
6650224,1057339,30.14
6650224,1057341,33.95
6650224,1057343,36.1
6650224,1057347,27.99
6650224,1057359,29.14
6650224,1057360,22.77
6650224,1057361,27.99
6650224,1057363,28.54
6650224,1057370,30.97
6650224,1057411,28.78
6650224,1057432,23.35
6650224,1057442,27.49
6650224,1057461,33.07
6650224,1057467,22.52
6650224,1057474,24.81
6650224,1057478,15.51
6650224,1057483,25.51
6650224,1057484,21.64
6650224,1057486,22.34
6650224,1057487,16.03
6650224,1057488,18.12
6650224,1057491,29.74
6650224,1057492,24.59
6650224,1057494,34.94
6650224,1057495,28.54
6650224,1057497,21.71
6650224,1057498,24.51
6650224,1057501,29.74
6650224,1057504,39.25
6650224,1057507,19.54
6650224,1057508,26.27
6650224,1057509,31.8
6650224,1057511,26.16
6650224,1057512,28.54
6650224,1057513,32.13
6650224,1057514,28.54
6650224,1057515,24.84
6650224,1057516,18.81
6650224,1057519,36.1
6650224,1057520,23.35
6650224,1057521,29.9
6650224,1057525,28.54
6650224,1057527,24.89
6650224,1057528,27.62
6650224,1057529,20.37
6650224,1057531,26.57
6650224,1057533,30.97
6650224,1057535,31.3
6650224,1057536,29.6
6650224,1057537,20.33
6650224,1057538,24.84
6650224,1057539,30.66
6650224,1057540,30.48
6650224,1057541,32.45
6650224,1057543,26.34
6650224,1057545,19.9
6650224,1057546,21.19
6650224,1057551,37.93
6650224,1057554,28.15
6650224,1057555,28.38
6650224,1057557,34.28
6650224,1057558,33.28
6650224,1057567,30.49
6650224,1057568,21.86
6650224,1057570,30.97
6650224,1057577,21.41
6650224,1057581,24.89
6650224,1057584,26.57
6650224,1057586,29.9
6650224,1057587,28.54
6650224,1057588,28.08
6650224,1057590,28.38
6650224,1057591,33.07
6650224,1057592,33.99
6650224,1057613,26.57
6650224,1057626,19.44
6650224,1057648,30.49
6650224,1057659,23.68
6650224,1057661,32.75
6650224,1057662,21.29
6650224,1057664,16.26
6650224,1057665,14.26
6650224,1057667,15.5
6650224,1057671,20.95
6650224,1057672,20.95
6650224,1057674,21.64
6650224,1057675,28.78
6650224,1057677,21.29
6650224,1057684,28.78
6650224,1057685,28.78
6650224,1057688,16.53
6650224,1057690,20.39
6650224,1057694,25.46
6650224,1057695,25.38
6650224,1057697,29.47
6650224,1057700,33.02
6650224,1057701,33.26
6650224,1057704,32.75
6650224,1057708,40.17
6650224,1057709,40.17
6650224,1057715,25.97
6650224,1057716,25.78
6650224,1057719,21.29
6650224,1057721,31.73
6650224,1057727,23.49
6650224,1057728,22.13
6650224,1057729,37.46
6650224,1057730,37.46
6650224,1057734,23.02
6650224,1057737,23.07
6650224,1057738,22.7
6650224,1057740,22.7
6650224,1057743,24.52
6650224,1057751,27.47
6650224,1057753,29.67
6650224,1057755,31.63
6650224,1057762,22.67
6650224,1057775,29.83
6650224,1057776,30.97
6650224,1057780,30.97
6650224,1057787,22.33
6650224,1057797,26.04
6650224,1057801,23.93
6650224,1057803,27.89
6650224,1057809,27.89
6650224,1057810,27.89
6650224,1057814,32.29
6650224,1057815,32.29
6650224,1057817,34.04
6650224,1057825,36.4
6650224,1057831,32.75
6650224,1057832,32.75
6650224,1057833,33.28
6650224,1057840,20.99
6650224,1057847,31.8
6650224,1057849,25.28
6650224,1057852,25.38
6650224,1057854,29.35
6650224,1057855,29.49
6650224,1057858,33.09
6650224,1057859,33.09
6650224,1057861,33.95
6650224,1057864,35.67
6650224,1057879,32.29
6650224,1057883,32.04
6650224,1057891,27.57
6650224,1057892,27.57
6650224,1057893,27.99
6650224,1057896,29.65
6650224,1057899,21.65
6650224,1057907,25.29
6650224,1057913,32.13
6650224,1057916,28.99
6650224,1057919,30.31
6650224,1057923,39.57
6650224,1058056,29.47
6650224,1058150,22.7
6650224,1058194,20.08
6650224,1058210,20.76
6650224,1058224,24.16
6650224,1058231,24.59
6650224,1058233,19.63
6650224,1058289,30.49
6650224,1058309,22.05
6650224,1058334,15.51
6650224,1058337,22.7
6650224,1058338,25.3
6650224,1058339,22.54
6650224,1058344,20.92
6650224,1058345,21.56
6650224,1058346,28.54
6650224,1058376,27.08
6650224,1063474,51.5
6650224,1066572,18.54
6650224,1066573,20.03
6650224,1066574,18.54
6650224,1066579,8.47
6650224,1066581,44.9
6650224,1066582,18.54
6650224,1066585,25.67
6650224,1066588,9.44
6650224,1066596,10.32
6650224,1066605,11.86
6650224,1066611,12.94
6650224,1066619,14.06
6650224,1066622,15.13
6650224,1066623,10.52
6650224,1066627,16.97
6650224,1066628,18.17
6650224,1066630,19.64
6650224,1066632,22.92
6650224,1066633,14.06
6650224,1066636,9.44
6650224,1066638,10.32
6650224,1066640,11.86
6650224,1066644,15.13
6650224,1066645,18.17
6650224,1066646,19.64
6650224,1066648,22.92
6650224,1066649,44
6650224,1066650,9.44
6650224,1066652,15.13
6650224,1066653,18.17
6650224,1066655,19.64
6650224,1066656,8.47
6650224,1066657,10.32
6650224,1066659,11.86
6650224,1066662,15.13
6650224,1066663,16.97
6650224,1066664,19.64
6650224,1066690,10.32
6650224,1066691,11.86
6650224,1066695,12.94
6650224,1066696,14.06
6650224,1066697,15.13
6650224,1066699,16.97
6650224,1066701,18.17
6650224,1066703,19.64
6650224,1066708,14.06
6650224,1066714,44.9
6650224,1066723,18.54
6650224,1066724,44.9
6650224,1066838,27.16
6650224,1066893,20.03
6650224,1067003,9.44
6650224,1067005,85.84
6650224,1067019,20.03
6650224,1067022,18.54
6650224,1067037,15.43
6650224,1067038,20.03
6650224,1067043,15.43
6650224,1069506,44.9
6650224,1069514,20.03
6650224,1069520,85.84
6650224,1069521,85.84
6650224,1069522,19.64
6650224,1069542,32.72
6650224,1069544,10.52
6650224,1070286,13.19
6650224,1070399,20.38
6650224,1070416,15.21
6650224,1070508,15.21
6650224,1070527,23.41
6650224,1083986,310.83
6650224,1084256,38.73
6650224,1084257,43.54
6650224,1084262,385.38
6650224,1084272,41.22
6650224,1084302,38
6650224,1084303,42.89
6650224,1084304,370.96
6650224,1084305,128.42
6650224,1084312,68.5
6650224,1084316,43.86
6650224,1084317,54.36
6650224,1084320,55.9
6650224,1084325,130.41
6650224,1084338,81.02
6650224,1084359,34.39
6650224,1084377,43.86
6650224,1084378,38.73
6650224,1084380,385.38
6650224,1084394,597.65
6650224,1084477,829.95
6650224,1084496,54.19
6650224,1084524,472.57
6650224,1084533,53.26
6650224,1084575,1921.72
6650224,1084668,74.63
6650224,1084688,82.89
6650224,1084699,44.29
6650224,1084700,56.04
6650224,1084702,58.22
6650224,1084727,30.51
6650224,1084742,35.75
6650224,1084743,44.41
6650224,1084745,441.01
6650224,1084747,41.33
6650224,1084749,38.97
6650224,1084750,47.6
6650224,1084751,446.17
6650224,1084773,56.13
6650224,1084790,48.04
6650224,1085000,191.32
6650224,1085094,32.03
6650224,1085095,52.36
6650224,1085103,31.18
6650224,1085227,118.01
6650224,1085255,67.89
6650224,1085326,46.88
6650224,1085423,309.69
6650224,1085424,49.88
6650224,1085491,57.06
6650224,1085492,474
6650224,1085516,41.02
6650224,1085517,101.57
6650224,1085521,39.66
6650224,1085522,46.86
6650224,1085523,139.94
6650224,1085525,411.13
6650224,1085530,72.12
6650224,1085531,87.88
6650224,1085532,906.28
6650224,1085534,106.19
6650224,1085535,130.11
6650224,1085536,1354.21
6650224,1085537,91.34
6650224,1085550,55.16
6650224,1085574,501.8
6650224,1085575,175.38
6650224,1085582,51.62
6650224,1085583,607.92
6650224,1085586,63.99
6650224,1085614,170.88
6650224,1085661,72.32
6650224,1085663,32.72
6650224,1085666,63.71
6650224,1085684,52.77
6650224,1085729,50.28
6650224,1085730,58.54
6650224,1085732,48.85
6650224,1085733,57.93
6650224,1085734,485.32
6650224,1085798,82.04
6650224,1085831,496.8
6650224,1085832,289.97
6650224,1085833,153.14
6650224,1085834,51.14
6650224,1085835,42.65
6650224,1085844,256.56
6650224,1086073,95.49
6650224,1086165,130.12
6650224,1086271,39.62
6650224,1086300,144.75
6650224,1086301,111.96
6650224,1086306,35.44
6650224,1086323,89.41
6650224,1086396,56.07
6650224,1086397,96.26
6650224,1086416,44.66
6650224,1086418,60.85
6650224,1086454,114.92
6650224,1086455,1179.52
6650224,1086457,50.83
6650224,1086458,509.5
6650224,1086589,29.25
6650224,1086648,58.37
6650224,1086742,2547.5
6650224,1086803,2336.01
6650224,1086863,46.19
6650224,1086880,254.05
6650224,1086938,2493.89
6650224,1086963,575.81
6650224,1087161,503.76
6650224,1087162,299.21
6650224,1087163,157.74
6650224,1087164,52.67
6650224,1087165,40.9
6650224,1087166,516.5
6650224,1087167,315.5
6650224,1087168,162.05
6650224,1087169,54.09
6650224,1087170,331.04
6650224,1087171,169.46
6650224,1087191,85.45
6650224,1087192,99.15
6650224,1087195,735.71
6650224,1087196,225.69
6650224,1087197,75.41
6650224,1087218,157.65
6650224,1087233,622.36
6650224,1087241,133.13
6650224,1087242,233.75
6650224,1087244,43.39
6650224,1087246,129.83
6650224,1087251,416.29
6650224,1087254,64.81
6650224,1087255,827.41
6650224,1087261,286.96
6650224,1087287,40.63
6650224,1087351,404.95
6650224,1087393,374.05
6650224,1087416,51.85
6650224,1087417,78.63
6650224,1087418,43.94
6650224,1087419,38.09
6650224,1087420,49.63
6650224,1087439,43.01
6650224,1087450,64.47
6650224,1087473,40.23
6650224,1087478,48.77
6650224,1087479,56.67
6650224,1087480,548.18
6650224,1087489,79
6650224,1087502,361.65
6650224,1087505,44.55
6650224,1087514,35.88
6650224,1087524,66.15
6650224,1087529,663.4
6650224,1087539,39.73
6650224,1087540,137.43
6650224,1087542,39.73
6650224,1087543,49.18
6650224,1087545,91.13
6650224,1087547,413.2
6650224,1087548,46.08
6650224,1087557,40.38
6650224,1087558,45.17
6650224,1087566,31.09
6650224,1087567,37.37
6650224,1087568,347.26
6650224,1087594,29.84
6650224,1087595,36.08
6650224,1087661,757.36
6650224,1087681,40.47
6650224,1087706,42.13
6650224,1087727,54.72
6650224,1087728,56.52
6650224,1087729,471.38
6650224,1087733,36.18
6650224,1087735,2498.72
6650224,1087736,72.96
6650224,1087737,714.08
6650224,1087738,51.9
6650224,1087739,504.89
6650224,1087785,33.43
6650224,1087786,39.99
6650224,1087789,337.98
6650224,1087790,424.53
6650224,1087791,285.43
6650224,1087794,46.08
6650224,1087796,41.35
6650224,1087797,46.48
6650224,1087798,39.04
6650224,1087904,1859.9
6650224,1087938,451.03
6650224,1087954,82.82
6650224,1087963,31.7
6650224,1088068,40.24
6650224,1088070,47.03
6650224,1088072,415.25
6650224,1088074,57.26
6650224,1088130,306.72
6650224,1088132,41.67
6650224,1088154,59.66
6650224,1088166,35.92
6650224,1088193,48.4
6650224,1088275,175.55
6650224,1088276,73.34
6650224,1088384,2386.44
6650224,1088446,45.3
6650224,1088511,52.03
6650224,1088514,41.87
6650224,1088516,494.59
6650224,1088557,2850.62
6650224,1088666,196.06
6650224,1088678,47.44
6650224,1088875,38.07
6650224,1088918,922.86
6650224,1088919,532.69
6650224,1088920,276.41
6650224,1088930,64.8
6650224,1088944,43.39
6650224,1088946,49.33
6650224,1088947,57.71
6650224,1088948,92.94
6650224,1088949,76.49
6650224,1088964,78.01
6650224,1088976,46.75
6650224,1088979,52.45
6650224,1088981,556.46
6650224,1089010,584.21
6650224,1089012,62.28
6650224,1089013,76.55
6650224,1089014,721.3
6650224,1089129,56.94
6650224,1089130,67.29
6650224,1089131,673.09
6650224,1089162,54.68
6650224,1089163,67.88
6650224,1089347,48.32
6650224,1089606,834.64
6650224,1089711,73.24
6650224,1089712,90.62
6650224,1089792,955.75
6650224,1089795,93.86
6650224,1089804,538.7
6650224,1089806,281.3
6650224,1089817,77.03
6650224,1089839,65.2
6650224,1089841,54.19
6650224,1089843,262.77
6650224,1089845,71.06
6650224,1089846,87.77
6650224,1089850,870.7
6650224,1089932,77.1
6650224,1089933,85.45
6650224,1089948,60.07
6650224,1089949,77.07
6650224,1089973,69.23
6650224,1089974,83.66
6650224,1089975,250.65
6650224,1089976,489.53
6650224,1089977,830.53
6650224,1089981,55.01
6650224,1089982,65.85
6650224,1089984,73.06
6650224,1089988,84.41
6650224,1089992,67.78
6650224,1089993,78.6
6650224,1089994,252.64
6650224,1089995,155.59
6650224,1089997,625.45
6650224,1090001,77.57
6650224,1090005,65.54
6650224,1090006,75.92
6650224,1090007,721.79
6650224,1090010,227.23
6650224,1090013,110.07
6650224,1090033,73.94
6650224,1090034,82.89
6650224,1090035,879.99
6650224,1090042,52.11
6650224,1090043,60.64
6650224,1090044,616.2
6650224,1090045,956.5
6650224,1090046,519.33
6650224,1090050,86.25
6650224,1090051,72.07
6650224,1090064,65.04
6650224,1090080,660.48
6650224,1090086,58.17
6650224,1090087,69.69
6650224,1090090,68.94
6650224,1090098,44.49
6650224,1090116,139.04
6650224,1090117,171.15
6650224,1090127,36.19
6650224,1090142,61.98
6650224,1090144,408.61
6650224,1090149,111.82
6650224,1090151,1380.23
6650224,1090155,138.98
6650224,1090158,35.5
6650224,1090160,41.14
6650224,1090161,245.07
6650224,1090165,109.87
6650224,1090175,29.77
6650224,1090176,34.73
6650224,1090177,128.08
6650224,1090179,331.79
6650224,1090190,82.78
6650224,1090198,872.76
6650224,1090201,71.25
6650224,1090216,26.68
6650224,1090262,213
6650224,1090291,39.28
6650224,1090307,28.41
6650224,1090308,33.82
6650224,1091401,44.3
6650224,1091892,42.34
6650224,1091895,49.57
6650224,1092068,64.15
6650224,1092129,54.03
6650224,1092186,405.97
6650224,1092241,54.78
6650224,1092242,50.5
6650224,1093261,68.57
6650224,1095612,389.5
6650224,1095987,61.02
6650224,1096421,57.11
6650224,1096542,32.8
6650224,1096614,119.6
6650224,1096642,255.73
6650224,1096643,142.76
6650224,1096660,26.26
6650224,1096665,29.19
6650224,1096674,375.08
6650224,1096676,47.77
6650224,1096677,29.25
6650224,1096678,39.1
6650224,1096685,38.44
6650224,1096693,87.59
6650224,1096719,35.86
6650224,1096730,136.24
6650224,1096735,195.59
6650224,1096740,43.4
6650224,1096765,52.32
6650224,1096768,769.71
6650224,1096769,82.06
6650224,1096771,40.47
6650224,1096776,48.16
6650224,1096778,56.4
6650224,1096791,61.54
6650224,1096793,44.3
6650224,1096850,35.77
6650224,1096876,44.51
6650224,1096965,97.8
6650224,1096979,37.61
6650224,1096980,44.81
6650224,1096981,367.87
6650224,1096992,35.08
6650224,1097107,94.22
6650224,1097110,83.7
6650224,1097111,89.92
6650224,1097112,975.79
6650224,1097117,83.7
6650224,1097118,89.92
6650224,1097119,975.79
6650224,1097123,84.55
6650224,1097127,95.34
6650224,1097143,106.2
6650224,1097144,1120.05
6650224,1097306,31.98
6650224,1097315,191.66
6650224,1097320,40.61
6650224,1097321,476.04
6650224,1097346,171.97
6650224,1097377,33.74
6650224,1097379,38.44
6650224,1097381,38.64
6650224,1097383,54.51
6650224,1097385,42.25
6650224,1097387,40.62
6650224,1097389,45.39
6650224,1097391,35.77
6650224,1097394,37.65
6650224,1097396,33.06
6650224,1097398,31.02
6650224,1097399,33.27
6650224,1097402,31.26
6650224,1097404,35.75
6650224,1097406,53.31
6650224,1097408,35.08
6650224,1097409,145.21
6650224,1097411,30.34
6650224,1097413,30.34
6650224,1097416,35.5
6650224,1097417,25.65
6650224,1097420,38.9
6650224,1097459,331.04
6650224,1097512,49.88
6650224,1097753,36.54
6650224,1098001,41.36
6650224,1098035,245.62
6650224,1098205,37.01
6650224,1098254,187.57
6650224,1098269,313.61
6650224,1098444,48.63
6650224,1098446,55.09
6650224,1098516,51.42
6650224,1098517,61.36
6650224,1098521,335.53
6650224,1098714,164.68
6650224,1098834,40.24
6650224,1099613,37.78
6650224,1099856,447.79
6650224,1099881,78.4
6650224,1099949,44.48
6650224,1099957,65.9
6650224,1099965,37.73
6650224,1099971,107.21
6650224,1099982,133.17
6650224,1100023,89.75
6650224,1100024,59.97
6650224,1100032,682.69
6650224,1100053,624.37
6650224,1100054,942.09
6650224,1100055,1145.19
6650224,1100061,285.74
6650224,1100074,75.95
6650224,1100086,95.42
6650224,1100105,98.05
6650224,1100130,227.59
6650224,1100163,45.97
6650224,1100182,54.41
6650224,1100192,72.76
6650224,1100206,36.72
6650224,1100236,54.2
6650224,1100259,53.13
6650224,1100260,41.94
6650224,1100311,117.55
6650224,1100388,78.4
6650224,1100405,49.16
6650224,1100406,70.13
6650224,1100432,196.06
6650224,1100443,53.38
6650224,1100447,268.99
6650224,1100462,61.39
6650224,1100463,87.59
6650224,1100464,72.39
6650224,1100494,107.21
6650224,1100499,73.57
6650224,1100523,320.27
6650224,1100527,72.31
6650224,1100528,156.19
6650224,1100533,48.84
6650224,1100917,50.86
6650224,1101534,63.35
6650224,1101622,53.27
6650224,1101795,45.87
6650224,1101797,50.15
6650224,1101891,51.05
6650224,1101928,44.51
6650224,1101959,47.89
6650224,1101962,56.86
6650224,1102060,46.55
6650224,1102063,76.46
6650224,1102072,44.65
6650224,1102106,41.8
6650224,1102112,65.66
6650224,1102146,64.08
6650224,1102186,61.99
6650224,1102187,68.36
6650224,1102215,58.39
6650224,1102250,58.04
6650224,1102284,45.87
6650224,1102286,48.11
6650224,1102321,70.57
6650224,1102323,60.19
6650224,1108163,216.66
6650224,1137889,10.32
6650224,1140394,53.87
6650224,1140478,67.24
6650224,1141021,59.8
6650224,1141243,34.62
6650224,1141283,779.35
6650224,1141579,43.15
6650224,1141583,13.88
6650224,1141584,17.11
6650224,1141585,25.89
6650224,1141587,24.5
6650224,1142028,18.33
6650224,1142029,25.89
6650224,1142030,20.8
6650224,1142393,524.41
6650224,1142394,514.37
6650224,1142395,388.55
6650224,1142396,772.99
6650224,1142402,436.89
6650224,1142532,17.92
6650224,1142749,18.03
6650224,1143877,34.95
6650224,1143878,32.98
6650224,1143880,47.47
6650224,1143939,610
6650224,1143940,137.66
6650224,1144008,15.05
6650224,1144009,27.21
6650224,1144010,24.5
6650224,1144011,17.92
6650224,1144036,18.32
6650224,1144365,40.02
6650224,1144453,12.95
6650224,1144535,24.86
6650224,1144538,18.47
6650224,1144539,18.47
6650224,1144541,25.69
6650224,1144544,25.69
6650224,1144665,19.71
6650224,1144766,39.28
6650224,1144775,22.34
6650224,1144801,18.15
6650224,1145026,19.71
6650224,1145150,239.42
6650224,1145218,20.23
6650224,1145245,29.72
6650224,1145319,128.42
6650224,1145578,27.21
6650224,1145750,12.94
6650224,1145754,19.26
6650224,1145755,31.79
6650224,1145823,61.53
6650224,1145826,14.59
6650224,1145879,24.5
6650224,1145880,19.99
6650224,1145881,27.15
6650224,1145882,37.84
6650224,1145883,36.81
6650224,1145884,18.33
6650224,1145885,17.51
6650224,1145886,23.4
6650224,1145887,28.46
6650224,1145888,29.97
6650224,1145889,40.1
6650224,1145890,25.05
6650224,1145891,33.38
6650224,1145893,33.38
6650224,1146173,25.33
6650224,1146227,18.07
6650224,1146228,16.7
6650224,1146258,27.23
6650224,1146527,20.02
6650224,1146528,15.05
6650224,1146530,19.14
6650224,1146554,23.16
6650224,1146814,22.34
6650224,1146815,28.2
6650224,1146894,23.51
6650224,1146963,25.89
6650224,1147045,20.02
6650224,1147097,50.49
6650224,1147105,32.36
6650224,1147281,25.92
6650224,1147391,15.13
6650224,1147431,142.59
6650224,1147463,37.25
6650224,1147515,63.48
6650224,1147748,22.17
6650224,1147749,20.8
6650224,1147909,24.86
6650224,1147977,48.5
6650224,1148068,16.79
6650224,1148274,31.34
6650224,1148325,24.86
6650224,1148498,34.16
6650224,1148549,23.94
6650224,1148624,178.24
6650224,1148662,37.57
6650224,1148699,29.15
6650224,1148837,19.86
6650224,1148838,30.1
6650224,1148931,30.94
6650224,1148951,14.06
6650224,1149153,31.49
6650224,1149155,55.2
6650224,1149162,24.33
6650224,1149163,36.09
6650224,1149165,27.24
6650224,1149166,18.29
6650224,1149167,13.74
6650224,1149259,20.19
6650224,1149260,23.68
6650224,1149817,13.88
6650224,1149868,20.03
6650224,1149869,44.9
6650224,1150432,23.84
6650224,1150615,297.15
6650224,1150928,29.03
6650224,1151121,64.63
6650224,1151184,19.64
6650224,1151563,95.53
6650224,1151881,14.89
6650224,1152093,65.9
6650224,1152425,63.71
6650224,1152599,30.95
6650224,1153173,20.03
6650224,1153208,23.84
6650224,1153380,38.28
6650224,1153506,27.99
6650224,1153567,22.67
6650224,1153569,25.33
6650224,1153576,37.79
6650224,1153589,37.23
6650224,1153591,29.03
6650224,1153592,18.88
6650224,1153593,10.78
6650224,1153594,14.18
6650224,1153596,27.38
6650224,1153599,17.37
6650224,1153601,24.07
6650224,1153795,37.57
6650224,1154002,23.72
6650224,1154003,18.95
6650224,1154243,31.71
6650224,1154303,33.49
6650224,1154337,2735.73
6650224,1154376,16.49
6650224,1154500,22.03
6650224,1154622,28.82
6650224,1154829,29.72
6650224,1155025,15.2
6650224,1155052,25.32
6650224,1155054,6.74
6650224,1155055,6.74
6650224,1155264,12.26
6650224,1155265,17.02
6650224,1155267,27.08
6650224,1155268,17.02
6650224,1155269,18.56
6650224,1155270,21.08
6650224,1155271,22.06
6650224,1155272,22.7
6650224,1155273,30.16
6650224,1155274,24.97
6650224,1155275,26.59
6650224,1155276,24.97
6650224,1155277,27.24
6650224,1155278,29.03
6650224,1155288,33.37
6650224,1155459,8.05
6650224,1155588,32.84
6650224,1155847,76.67
6650224,1155916,20.61
6650224,1155921,28.15
6650224,1156108,20.09
6650224,1156519,22.18
6650224,1156704,38
6650224,1156866,45.05
6650224,1156867,39.12
6650224,1156891,59.43
6650224,1157308,411.13
6650224,1157320,74.52
6650224,1157510,127.01
6650224,1157652,33.07
6650224,1157661,152.27
6650224,1158847,1013.47
6650224,1158850,469.54
6650224,1159070,319.66
6650224,1159297,18.64
6650224,1159479,20.03
6650224,1159629,30
6650224,1159713,20.6
6650224,1159924,14.06
6650224,1160260,15.43
6650224,1160555,81.44
6650224,1160566,20.21
6650224,1160786,23.02
6650224,1160813,1295.62
6650224,1161008,28.78
6650224,1161172,26.13
6650224,1161286,24.82
6650224,1162040,19.95
6650224,1162274,19.27
6650224,1162503,56.93
6650224,1162536,105.29
6650224,1162586,42.16
6650224,1162587,49.5
6650224,1162588,36.83
6650224,1162589,30.45
6650224,1162592,65.52
6650224,1162593,49.54
6650224,1162594,69.4
6650224,1162595,29.56
6650224,1162661,45.38
6650224,1162662,47.55
6650224,1162663,56.11
6650224,1162664,62.72
6650224,1162665,68.99
6650224,1162666,73.52
6650224,1162705,36.78
6650224,1162706,40.1
6650224,1162707,46.5
6650224,1162708,51.46
6650224,1162709,57.39
6650224,1162710,60.57
6650224,1162722,33.35
6650224,1162723,35.84
6650224,1162724,41.32
6650224,1162725,46.17
6650224,1162726,49.51
6650224,1162728,53.33
6650224,1162729,31.93
6650224,1162731,33.04
6650224,1162732,37.8
6650224,1162733,41.85
6650224,1162734,46.3
6650224,1162735,49.81
6650224,1162736,29.29
6650224,1162737,31.95
6650224,1162738,37.04
6650224,1162739,42.17
6650224,1162740,45.74
6650224,1162741,50.59
6650224,1162765,51.92
6650224,1163034,26.91
6650224,1163163,49.68
6650224,1163326,43.73
6650224,1163378,49.97
6650224,1163933,20.03
6650224,1164189,168.59
6650224,1164303,104.72
6650224,1164516,28.77
6650224,1164545,22.32
6650224,1164550,856.59
6650224,1164693,41.98
6650224,1164764,44.9
6650224,1164854,63.48
6650224,1164860,15.43
6650224,1164878,16.42
6650224,1164900,31.3
6650224,1165204,15.8
6650224,1165285,28.55
6650224,1165292,39.1
6650224,1165311,28.18
6650224,1165545,9.48
6650224,1165920,45.05
6650224,1165988,128.14
6650224,1166213,31.31
6650224,1166223,56.37
6650224,1166269,1050.56
6650224,1166754,20.17
6650224,1166998,43.4
6650224,1167031,28.74
6650224,1167495,28.7
6650224,1167496,14.73
6650224,1167498,29.75
6650224,1167499,20.49
6650224,1167500,18.15
6650224,1167502,19.86
6650224,1167503,25.05
6650224,1167504,22.59
6650224,1167591,29.46
6650224,1167789,84.81
6650224,1167854,41.71
6650224,1167857,104.3
6650224,1167858,99.59
6650224,1167913,17.58
6650224,1167914,15.51
6650224,1167916,18.72
6650224,1168228,35.97
6650224,1168353,15.57
6650224,1168356,19.95
6650224,1168358,17.88
6650224,1168394,56.37
6650224,1168450,31.84
6650224,1168810,75.32
6650224,1168847,24.51
6650224,1169392,91.41
6650224,1169627,22.38
6650224,1169698,21.92
6650224,1170121,17.26
6650224,1170147,20.78
6650224,1170324,13.59
6650224,1170325,34.57
6650224,1170326,36.12
6650224,1170383,201.53
6650224,1170636,68.76
6650224,1170680,70.35
6650224,1171004,27.21
6650224,1171279,28.29
6650224,1171453,120.28
6650224,1171454,24.62
6650224,1171456,37.88
6650224,1171457,24.62
6650224,1171458,37.88
6650224,1171459,24.62
6650224,1171460,37.88
6650224,1171461,24.62
6650224,1171583,70.54
6650224,1171661,20.03
6650224,1171923,43.16
6650224,1172233,8.05
6650224,1172332,27.68
6650224,1172430,23.15
6650224,1172672,25.83
6650224,1173016,25.33
6650224,1173019,578.41
6650224,1173063,28.77
6650224,1173226,41.23
6650224,1173381,33.54
6650224,1173533,31.05
6650224,1173544,44.97
6650224,1173558,50.49
6650224,1173577,35.08
6650224,1173578,46.46
6650224,1174416,40.87
6650224,1174648,103.09
6650224,1174772,31.88
6650224,1174960,56.37
6650224,1175079,262.11
6650224,1175116,67.26
6650224,1175297,10.29
6650224,1175331,801.33
6650224,1175525,9.48
6650224,1175658,23.15
6650224,1175730,31.75
6650224,1175810,17.58
6650224,1175857,32.81
6650224,1175858,45.54
6650224,1175859,32.81
6650224,1175976,30.49
6650224,1176464,352.37
6650224,1176637,39.62
6650224,1176715,53.62
6650224,1176737,36.54
6650224,1176834,32.68
6650224,1176879,40.25
6650224,1176967,86.83
6650224,1177110,24.97
6650224,1177122,50.17
6650224,1177124,31.76
6650224,1177337,64.9
6650224,1177425,96.74
6650224,1177496,31.59
6650224,1177517,32.55
6650224,1177575,89.93
6650224,1177590,39.86
6650224,1177593,30.26
6650224,1177778,25.69
6650224,1179434,351.36
6650224,1179504,62.24
6650224,1179506,87.67
6650224,1179507,102.96
6650224,1180456,18.99
6650224,1180617,18.64
6650224,1181600,13.67
6650224,1181634,11.67
6650224,1181726,47.75
6650224,1182005,11.5
6650224,1182094,37.28
6650224,1182586,27.4
6650224,1182776,165.14
6650224,1182788,42.78
6650224,1182794,69.92
6650224,1183578,39.68
6650224,1183611,116.27
6650224,1183615,44.97
6650224,1183639,36.57
6650224,1183640,41.86
6650224,1183646,43.36
6650224,1183649,28.75
6650224,1183651,37.15
6650224,1183654,40.25
6650224,1183671,29.44
6650224,1183677,32.89
6650224,1183678,76.94
6650224,1183860,43.61
6650224,1184823,1.61
6650224,1185319,687.09
6650224,1185465,40.79
6650224,1185714,98.02
6650224,1185841,141.08
6650224,1185922,67.48
6650224,1186408,18.67
6650224,1187207,29.46
6650224,1187751,26.66
6650224,1187752,22.95
6650224,1187903,76.48
6650224,1188342,39.43
6650224,1188344,29.41
6650224,1189242,27.49
6650224,1189246,30.81
6650224,1189316,68.48
6650224,1189318,42.75
6650224,1189424,27.04
6650224,1189425,27.04
6650224,1189427,36.1
6650224,1190466,38.71
6650224,1191332,33.09
6650224,1191348,84.38
6650224,1194894,41.71
6650224,1197124,17.6
6650224,1197275,23.46
6650224,1197722,49.36
6650224,1197896,20.95
6650224,1198215,44.75
6650224,1198471,88.02
6650224,1198780,26.38
6650224,1198822,148.79
6650224,1199064,27.7
6650224,1199162,5.28
6650224,1199247,70.32
6650224,1199675,34.37
6650224,1199700,22.54
6650224,1199881,15.25
6650224,1200088,40.28
6650224,1200300,306.92
6650224,1200342,26.43
6650224,1200835,20.61
6650224,1201275,27.03
6650224,1201498,216.68
6650224,1201699,22.18
6650224,1201700,15.2
6650224,1201801,20.8
6650224,1201808,12.09
6650224,1201998,38.48
6650224,1202007,23.77
6650224,1202259,22.58
6650224,1202757,84.74
6650224,1203184,682.13
6650224,1203187,34.16
6650224,1203192,34.93
6650224,1203260,72.32
6650224,1203282,12.65
6650224,1203427,29.35
6650224,1203928,682.69
6650224,1203929,730.41
6650224,1203930,693.94
6650224,1203931,1821.11
6650224,1204149,12.65
6650224,1204330,42.33
6650224,1204394,23.01
6650224,1204798,18.54
6650224,1205594,432.2
6650224,1205741,42.71
6650224,1205922,20.41
6650224,1205967,19.35
6650224,1205968,7.38
6650224,1206368,18.17
6650224,1206369,18.54
6650224,1206520,6.28
6650224,1206805,139.91
6650224,1207913,13.92
6650224,1207914,28.38
6650224,1208291,42.04
6650224,1208675,20.08
6650224,1209100,6.28
6650224,1209170,27.17
6650224,1209197,14.71
6650224,1209201,20.03
6650224,1210027,93.51
6650224,1210370,147.24
6650224,1210373,259.1
6650224,1210469,7.38
6650224,1210544,94.2
6650224,1210790,66.61
6650224,1210800,65.56
6650224,1210881,22.68
6650224,1210883,25.19
6650224,1210884,25.19
6650224,1210951,27.49
6650224,1211281,26.73
6650224,1211585,18.87
6650224,1211903,38.15
6650224,1212328,33.94
6650224,1213324,218.29
6650224,1213365,10.52
6650224,1213370,44.9
6650224,1213371,28.12
6650224,1213374,48.71
6650224,1213376,6.74
6650224,1213650,136.16
6650224,1213834,216.6
6650224,1214840,26.04
6650224,1215101,15.43
6650224,1215225,31.12
6650224,1215432,476.59
6650224,1215922,486.16
6650224,1215923,309.13
6650224,1216531,1106.47
6650224,1216609,24.35
6650224,1216610,28.49
6650224,1216612,23.18
6650224,1216614,27.32
6650224,1216617,27.66
6650224,1216619,18.55
6650224,1216722,5.75
6650224,1216824,7.57
6650224,1217461,389.5
6650224,1217583,18.54
6650224,1217596,36.74
6650224,1217640,23.15
6650224,1217690,13.77
6650224,1217774,37.57
6650224,1218384,67.78
6650224,1218583,12.71
6650224,1218584,8.47
6650224,1218799,8.47
6650224,1220871,60.29
6650224,1221173,37.57
6650224,1221225,44.9
6650224,1221229,8.11
6650224,1221230,8.11
6650224,1221231,8.11
6650224,1221232,8.11
6650224,1221233,8.11
6650224,1221255,48.47
6650224,1221823,30.14
6650224,1221981,23.35
6650224,1222153,31.05
6650224,1223136,16.12
6650224,1223141,10.68
6650224,1223143,11.96
6650224,1223545,36.27
6650224,1223568,20.11
6650224,1225182,77.34
6650224,1225183,52.12
6650224,1225185,39.22
6650224,1225187,47.54
6650224,1225306,81.32
6650224,1225307,65.63
6650224,1225412,94.2
6650224,1225413,94.2
6650224,1225414,139.49
6650224,1225660,22.99
6650224,1225748,94.44
6650224,1225758,78.22
6650224,1226217,4.6
6650224,1226775,11.86
6650224,1226776,14.06
6650224,1226872,33.54
6650224,1226878,44.9
6650224,1226984,35.05
6650224,1227280,11.19
6650224,1227281,16.63
6650224,1227282,14.39
6650224,1227297,19.99
6650224,1227299,16.79
6650224,1227301,19.67
6650224,1227303,18.54
6650224,1227304,25.3
6650224,1227305,29.35
6650224,1227306,16.47
6650224,1227307,31.95
6650224,1227308,14.82
6650224,1227309,31.86
6650224,1227310,22.13
6650224,1227316,38.01
6650224,1227317,34.72
6650224,1227318,27.84
6650224,1227319,22.84
6650224,1227320,24.27
6650224,1227321,24.27
6650224,1227322,25.33
6650224,1227323,30.03
6650224,1227324,24.08
6650224,1228104,79.42
6650224,1228840,73.01
6650224,1228841,73.01
6650224,1229028,18.54
6650224,1229187,28.21
6650224,1229356,71.29
6650224,1229597,34.28
6650224,1229647,37.57
6650224,1229648,37.57
6650224,1229683,31.05
6650224,1229704,65.43
6650224,1229929,27.91
6650224,1230286,64.27
6650224,1230356,53.73
6650224,1230370,31.31
6650224,1230371,40.96
6650224,1230373,26.04
6650224,1230377,17.96
6650224,1230383,30.14
6650224,1230806,23.36
6650224,1230979,91.72
6650224,1231364,46.98
6650224,1232173,20.45
6650224,1232174,33.64
6650224,1232175,27.99
6650224,1232373,56.93
6650224,1232578,31.31
6650224,1232692,15.07
6650224,1233063,36.93
6650224,1233186,57.99
6650224,1233187,17.78
6650224,1233188,17.78
6650224,1233322,15.78
6650224,1233366,17.6
6650224,1233671,17.19
6650224,1233842,7.44
6650224,1233843,7.44
6650224,1233844,7.44
6650224,1233956,15.07
6650224,1234251,22.52
6650224,1234330,64.19
6650224,1234345,21.83
6650224,1234346,35.93
6650224,1234348,48.19
6650224,1234349,11.82
6650224,1234352,16.13
6650224,1234353,11.29
6650224,1234356,31.31
6650224,1234357,22.34
6650224,1234358,15.71
6650224,1234361,22.34
6650224,1234364,12.04
6650224,1234365,30.05
6650224,1234368,23.33
6650224,1234370,17.8
6650224,1234371,26.86
6650224,1234372,35.77
6650224,1234375,32.57
6650224,1234376,25.52
6650224,1234379,36.77
6650224,1234381,34.42
6650224,1234382,27.04
6650224,1234386,28.21
6650224,1234387,25.52
6650224,1234391,21.65
6650224,1234450,41.21
6650224,1234777,23.51
6650224,1235233,18.47
6650224,1235382,33.54
6650224,1235542,16.68
6650224,1235567,19.67
6650224,1235660,15.43
6650224,1235772,33.47
6650224,1235782,139.49
6650224,1235788,155.39
6650224,1236248,29.14
6650224,1236405,95.42
6650224,1236409,2444.1
6650224,1236833,26.92
6650224,1236838,19.48
6650224,1236840,21.49
6650224,1236842,17.8
6650224,1236843,19.31
6650224,1237048,67.64
6650224,1238079,38.74
6650224,1238175,23.48
6650224,1238314,29.54
6650224,1238765,62.32
6650224,1238767,71.22
6650224,1238768,82.81
6650224,1238771,92.94
6650224,1238776,76.67
6650224,1238778,73.21
6650224,1238785,130.02
6650224,1238846,20.8
6650224,1239083,18.57
6650224,1239084,34.87
6650224,1239085,26.05
6650224,1239086,24.32
6650224,1239087,27.45
6650224,1239088,27.45
6650224,1239089,30.21
6650224,1239090,29.18
6650224,1239091,29.18
6650224,1239092,21.48
6650224,1239093,18.16
6650224,1239094,16.79
6650224,1239095,18
6650224,1239096,18
6650224,1239097,22.45
6650224,1239098,25.88
6650224,1239099,15.94
6650224,1239100,11.11
6650224,1239101,16.01
6650224,1239102,10.63
6650224,1239103,21.07
6650224,1239104,12.74
6650224,1239105,21.07
6650224,1239106,14.7
6650224,1239107,29.39
6650224,1239108,14.7
6650224,1239109,13.24
6650224,1239110,19.12
6650224,1239111,11.27
6650224,1239112,19.12
6650224,1239113,15.85
6650224,1239114,22.86
6650224,1239115,13.39
6650224,1239116,22.86
6650224,1239117,25.81
6650224,1239118,13.24
6650224,1239119,25.15
6650224,1239120,17.64
6650224,1239121,19.12
6650224,1239122,26.13
6650224,1239123,18.14
6650224,1239124,15.53
6650224,1239125,21.23
6650224,1239126,28.9
6650224,1239127,22.21
6650224,1239128,23.05
6650224,1239129,11.43
6650224,1239130,16.01
6650224,1239131,31.87
6650224,1239132,21.72
6650224,1239133,16.82
6650224,1239134,33.64
6650224,1239135,22.86
6650224,1239136,31.35
6650224,1239137,21.72
6650224,1239138,20.32
6650224,1239139,27.17
6650224,1239140,18.54
6650224,1239141,20.14
6650224,1239142,24.14
6650224,1239143,35.33
6650224,1239144,39.17
6650224,1239145,20.14
6650224,1239146,21.26
6650224,1239147,10.88
6650224,1239148,15.66
6650224,1239149,20.63
6650224,1239150,10.4
6650224,1239151,20.63
6650224,1239152,28.77
6650224,1239153,14.39
6650224,1239154,12.95
6650224,1239155,18.72
6650224,1239156,11.04
6650224,1239157,18.72
6650224,1239158,15.51
6650224,1239159,22.38
6650224,1239160,13.11
6650224,1239161,22.38
6650224,1239162,19.18
6650224,1239163,25.25
6650224,1239164,11.04
6650224,1239165,24.62
6650224,1239166,17.26
6650224,1239167,18.72
6650224,1239168,15.2
6650224,1239169,20.78
6650224,1239170,17.26
6650224,1239171,21.74
6650224,1239172,11.19
6650224,1239173,15.66
6650224,1239174,21.26
6650224,1239175,16.47
6650224,1239176,22.38
6650224,1239239,29.31
6650224,1239732,71.14
6650224,1240516,18.46
6650224,1240686,31.05
6650224,1240963,37.58
6650224,1241468,22.7
6650224,1241469,57.03
6650224,1241470,14.92
6650224,1241471,25.36
6650224,1241473,19.31
6650224,1241489,33.09
6650224,1241500,13.72
6650224,1241674,16.01
6650224,1242080,20.21
6650224,1242143,31.26
6650224,1242381,19.41
6650224,1242669,1.78
6650224,1242837,44
6650224,1242840,11.86
6650224,1242842,44
6650224,1243815,42.04
6650224,1244458,38.83
6650224,1244557,50.95
6650224,1244956,16.89
6650224,1245105,38.19
6650224,1245346,570.84
6650224,1245456,27.04
6650224,1245461,20.01
6650224,1245654,10.4
6650224,1246132,45.43
6650224,1246155,42.28
6650224,1246238,44.28
6650224,1246477,27.7
6650224,1246632,518.04
6650224,1247623,35.77
6650224,1247900,43.7
6650224,1247957,38.76
6650224,1247998,39.96
6650224,1248123,22.95
6650224,1248224,3.45
6650224,1248556,98.65
6650224,1249536,168.55
6650224,1249580,73.8
6650224,1249822,324.61
6650224,1250734,19.67
6650224,1250883,80.47
6650224,1251265,242.8
6650224,1251319,250.65
6650224,1251343,51.51
6650224,1251344,6.15
6650224,1251366,27.36
6650224,1252099,198.72
6650224,1252592,32.19
6650224,1252932,73.46
6650224,1253816,49.07
6650224,1253905,20.38
6650224,1253906,17.28
6650224,1253907,17.28
6650224,1253908,16.97
6650224,1253909,17.28
6650224,1253910,16.97
6650224,1253911,18.54
6650224,1253912,20.03
6650224,1253913,23.63
6650224,1253915,18.54
6650224,1253917,14.34
6650224,1253918,18.17
6650224,1253919,12.09
6650224,1253920,14.34
6650224,1253921,20.92
6650224,1253922,12.09
6650224,1253923,12.94
6650224,1253924,13.19
6650224,1253925,13.19
6650224,1253926,24.77
6650224,1253928,11.86
6650224,1254516,67.14
6650224,1254822,44.97
6650224,1254933,54.27
6650224,1254934,36.28
6650224,1254940,31.77
6650224,1254948,46.54
6650224,1254951,36.44
6650224,1254953,31.84
6650224,1254957,86.77
6650224,1254967,40.3
6650224,1254968,46.45
6650224,1254970,47.62
6650224,1254974,34.62
6650224,1254975,27.9
6650224,1254977,34.67
6650224,1254981,26.23
6650224,1254992,34.22
6650224,1255217,71.21
6650224,1255246,44.78
6650224,1255254,18.17
6650224,1255402,8.95
6650224,1255440,26.04
6650224,1255596,42.93
6650224,1255725,72.42
6650224,1255967,23.97
6650224,1256038,31.74
6650224,1256158,32.09
6650224,1256292,20.65
6650224,1256753,85.84
6650224,1256904,55.37
6650224,1256907,55.37
6650224,1257318,29.84
6650224,1257319,17.3
6650224,1257320,33.86
6650224,1257321,20.95
6650224,1258148,16.47
6650224,1258414,1.15
6650224,1258492,76.29
6650224,1258596,558.47
6650224,1258605,325.54
6650224,1258608,128.14
6650224,1258620,180.2
6650224,1258625,114.65
6650224,1258939,400.78
6650224,1258996,23.36
6650224,1259070,31.59
6650224,1259433,23.35
6650224,1259440,45.06
6650224,1260270,30.82
6650224,1260271,15.12
6650224,1260326,142.31
6650224,1260436,169.02
6650224,1260769,17.37
6650224,1260770,30.81
6650224,1261081,398.97
6650224,1261096,73.42
6650224,1261170,22.99
6650224,1261864,1013.47
6650224,1261865,549.06
6650224,1261870,549.06
6650224,1262420,34.91
6650224,1262422,20.65
6650224,1262424,33.33
6650224,1262425,23.58
6650224,1262721,80.96
6650224,1262722,72.87
6650224,1263338,263.24
6650224,1263351,221.71
6650224,1263491,77.25
6650224,1263545,24.62
6650224,1263750,29.44
6650224,1263869,28.22
6650224,1263960,50.9
6650224,1264274,89.16
6650224,1264275,55.37
6650224,1264327,8.61
6650224,1264332,43.51
6650224,1264496,2.48
6650224,1264498,76.6
6650224,1266178,19.35
6650224,1266420,44.9
6650224,1266925,28.75
6650224,1267422,33.81
6650224,1268002,85.59
6650224,1268118,33.7
6650224,1268401,37.9
6650224,1268512,214.34
6650224,1269128,505.52
6650224,1269589,18.15
6650224,1269590,28.96
6650224,1269830,32.72
6650224,1269831,33.54
6650224,1270129,62.95
6650224,1270152,477.09
6650224,1270216,7.01
6650224,1270218,7.01
6650224,1270219,7.01
6650224,1270227,102.49
6650224,1270650,18.33
6650224,1270687,61.53
6650224,1270996,43.53
6650224,1271131,30.76
6650224,1271767,39.33
6650224,1272148,142.83
6650224,1272313,27.7
6650224,1272346,63.49
6650224,1272716,30.76
6650224,1272717,30.76
6650224,1272719,44.09
6650224,1272720,46.44
6650224,1272721,3.8
6650224,1272722,3.8
6650224,1272729,14.95
6650224,1272730,7.45
6650224,1272767,41.56
6650224,1273154,87
6650224,1273278,164.66
6650224,1273504,528.99
6650224,1273661,549.06
6650224,1273662,549.06
6650224,1273837,30.76
6650224,1273895,24.17
6650224,1273896,28.06
6650224,1274941,22.92
6650224,1274996,36.01
6650224,1275414,65.9
6650224,1275416,49.45
6650224,1275546,50.85
6650224,1276953,57.6
6650224,1277118,5.05
6650224,1277783,28.64
6650224,1277863,25.76
6650224,1278564,49.57
6650224,1279032,20.03
6650224,1279377,15.43
6650224,1279378,12.94
6650224,1279770,24.01
6650224,1279795,17.74
6650224,1280014,97.4
6650224,1280662,32.83
6650224,1282769,22.34
6650224,1283424,57.18
6650224,1283855,79.03
6650224,1283918,28.91
6650224,1284020,12.85
6650224,1284426,18.14
6650224,1284484,115.81
6650224,1284547,100.67
6650224,1284548,33.46
6650224,1284961,48.2
6650224,1285014,66.24
6650224,1285050,18.88
6650224,1285114,44.23
6650224,1285115,45.06
6650224,1285119,30.38
6650224,1285121,459.43
6650224,1285584,39.79
6650224,1285585,39.79
6650224,1285587,41.83
6650224,1285666,25.33
6650224,1285879,147.09
6650224,1286516,5.75
6650224,1287358,36.17
6650224,1287553,67.45
6650224,1288284,241.68
6650224,1288383,3.45
6650224,1288788,61.53
6650224,1288790,109.25
6650224,1289119,63.77
6650224,1289219,489.62
6650224,1289600,17.2
6650224,1290066,49.32
6650224,1290962,16.15
6650224,1291195,52.26
6650224,1291756,48.33
6650224,1291842,19.91
6650224,1291846,138
6650224,1292605,11.7
6650224,1292689,5.75
6650224,1293392,26.37
6650224,1293533,32.92
6650224,1293581,46.69
6650224,1293731,12.94
6650224,1293762,79.14
6650224,1293769,22.92
6650224,1293770,22.92
6650224,1294711,86.98
6650224,1294712,80.31
6650224,1294713,81.66
6650224,1294714,98.81
6650224,1294715,88.88
6650224,1295205,14.34
6650224,1296016,159.68
6650224,1296017,154.2
6650224,1296018,103.25
6650224,1296019,108.49
6650224,1296020,103.25
6650224,1296021,103.25
6650224,1296022,100.31
6650224,1296023,133.33
6650224,1296396,20.44
6650224,1296593,55.04
6650224,1297490,44.78
6650224,1297609,41.32
6650224,1297614,162.43
6650224,1298911,476.18
6650224,1298944,10.52
6650224,1299635,40.76
6650224,1300245,42.85
6650224,1300247,43.24
6650224,1300895,563.64
6650224,1300904,18.54
6650224,1300906,19.71
6650224,1300910,15.21
6650224,1300912,70.97
6650224,1300914,13.72
6650224,1301189,36.51
6650224,1301209,5.75
6650224,1301400,30.76
6650224,1301401,31.66
6650224,1301624,9.8
6650224,1301625,52.26
6650224,1301626,22.32
6650224,1301627,30.14
6650224,1301628,27.81
6650224,1301629,23.36
6650224,1301630,15.43
6650224,1301631,14.34
6650224,1301632,13.19
6650224,1301633,12.09
6650224,1301634,9.8
6650224,1301635,52.26
6650224,1301636,22.32
6650224,1301637,33.54
6650224,1301638,30.14
6650224,1301639,27.81
6650224,1301640,23.36
6650224,1301641,17.28
6650224,1301642,14.34
6650224,1301643,13.19
6650224,1301644,12.09
6650224,1301645,10.52
6650224,1301646,9.8
6650224,1301647,22.32
6650224,1301648,33.54
6650224,1301649,30.14
6650224,1301650,27.81
6650224,1301651,23.36
6650224,1301652,9.8
6650224,1301653,52.26
6650224,1301654,22.32
6650224,1301655,33.54
6650224,1301656,30.14
6650224,1301657,27.81
6650224,1301658,23.36
6650224,1301659,17.28
6650224,1301660,15.43
6650224,1301661,14.34
6650224,1301662,13.19
6650224,1301663,12.09
6650224,1301664,9.8
6650224,1301665,52.26
6650224,1301666,22.32
6650224,1301667,33.54
6650224,1301668,30.14
6650224,1301669,27.81
6650224,1301670,17.28
6650224,1301671,14.34
6650224,1301672,13.19
6650224,1301673,12.09
6650224,1301674,10.52
6650224,1301675,9.8
6650224,1301677,32.72
6650224,1301678,29.54
6650224,1301679,71.53
6650224,1301680,37.79
6650224,1301681,33.25
6650224,1301682,64.71
6650224,1301683,33.56
6650224,1301684,34.35
6650224,1301685,163.55
6650224,1301686,133.45
6650224,1301687,28.64
6650224,1301688,163.55
6650224,1301689,133.45
6650224,1301690,163.55
6650224,1301691,133.45
6650224,1301692,176.65
6650224,1301693,149.16
6650224,1301694,108.6
6650224,1301697,22.92
6650224,1301698,164.82
6650224,1301699,148.24
6650224,1301700,63.45
6650224,1301701,226.08
6650224,1301702,109
6650224,1301703,37.88
6650224,1301704,32.81
6650224,1301705,17.78
6650224,1301706,32.81
6650224,1301707,16.97
6650224,1301708,17.78
6650224,1301709,37.88
6650224,1301710,32.81
6650224,1301711,17.78
6650224,1301712,57.79
6650224,1301716,12.94
6650224,1301717,39.18
6650224,1301719,24.16
6650224,1301720,21.7
6650224,1301721,19.71
6650224,1301722,43.03
6650224,1301723,14.26
6650224,1301724,8.27
6650224,1301725,195.59
6650224,1301726,161.86
6650224,1301727,10.32
6650224,1301728,182.45
6650224,1301729,154.07
6650224,1301730,133.79
6650224,1301731,117.57
6650224,1301732,113.53
6650224,1301733,133.37
6650224,1301734,115.78
6650224,1301735,51.7
6650224,1301736,29.87
6650224,1301737,273.32
6650224,1301738,9.44
6650224,1301739,144.85
6650224,1301740,139.49
6650224,1301741,112.66
6650224,1301742,91.19
6650224,1301743,80.48
6650224,1301744,78.37
6650224,1301745,69.74
6650224,1301746,48.27
6650224,1301747,8.47
6650224,1301748,46.19
6650224,1301749,41.87
6650224,1301750,37.53
6650224,1301751,35.45
6650224,1301752,144.85
6650224,1301753,139.49
6650224,1301754,112.66
6650224,1301755,91.19
6650224,1301756,80.48
6650224,1301757,78.37
6650224,1301758,8.11
6650224,1301759,69.74
6650224,1301760,67.64
6650224,1301761,65.43
6650224,1301762,56.93
6650224,1301763,48.27
6650224,1301764,46.19
6650224,1301765,41.87
6650224,1301766,37.53
6650224,1301767,35.45
6650224,1301768,144.85
6650224,1301769,8.05
6650224,1301770,112.66
6650224,1301771,91.19
6650224,1301772,80.48
6650224,1301773,78.37
6650224,1301774,73.01
6650224,1301775,69.74
6650224,1301776,67.64
6650224,1301777,65.43
6650224,1301778,48.27
6650224,1301779,46.19
6650224,1301780,51.47
6650224,1301781,41.87
6650224,1301782,37.53
6650224,1301783,35.45
6650224,1301784,160.93
6650224,1301785,154.52
6650224,1301786,128.76
6650224,1301787,105.21
6650224,1301788,92.25
6650224,1301789,90.16
6650224,1301790,83.73
6650224,1301791,21.89
6650224,1301792,80.48
6650224,1301793,77.85
6650224,1301794,75.11
6650224,1301795,65.43
6650224,1301796,59.01
6650224,1301797,53.11
6650224,1301798,48.27
6650224,1301799,42.92
6650224,1301800,40.82
6650224,1301801,91.19
6650224,1301802,29.54
6650224,1301803,73.01
6650224,1301804,69.74
6650224,1301805,80.48
6650224,1301806,78.37
6650224,1301807,73.01
6650224,1301808,69.74
6650224,1301809,67.64
6650224,1301810,65.43
6650224,1301811,56.93
6650224,1301812,18.54
6650224,1301813,8.05
6650224,1301814,15.43
6650224,1301815,14.34
6650224,1301816,13.19
6650224,1301817,12.09
6650224,1301818,10.52
6650224,1301824,42.19
6650224,1301828,31.3
6650224,1301829,18.56
6650224,1301830,17.26
6650224,1301831,16.06
6650224,1301832,14.12
6650224,1301833,10.52
6650224,1301836,37.93
6650224,1301843,61.21
6650224,1301844,59.73
6650224,1301845,46.36
6650224,1301846,33.09
6650224,1301847,43.37
6650224,1301848,13.72
6650224,1301849,13.72
6650224,1301850,52.64
6650224,1301851,26.17
6650224,1301853,38.94
6650224,1301854,34.98
6650224,1301855,31.41
6650224,1301856,27.39
6650224,1301857,29.58
6650224,1301858,21.75
6650224,1301859,20.28
6650224,1301868,21.97
6650224,1301879,16.87
6650224,1301887,29.54
6650224,1301888,28.64
6650224,1301890,15.46
6650224,1301895,75.86
6650224,1301896,63.12
6650224,1301901,13.64
6650224,1301912,12.53
6650224,1301914,52.26
6650224,1301915,22.32
6650224,1301916,30.14
6650224,1301917,17.28
6650224,1301918,14.34
6650224,1301919,13.19
6650224,1301920,12.09
6650224,1301921,10.52
6650224,1301922,9.8
6650224,1301923,32.72
6650224,1301924,52.26
6650224,1301925,22.32
6650224,1301927,33.54
6650224,1301928,30.14
6650224,1301929,27.81
6650224,1301930,23.36
6650224,1301931,18.54
6650224,1301932,17.28
6650224,1301933,15.43
6650224,1301934,29.54
6650224,1301935,14.34
6650224,1301936,13.19
6650224,1301937,12.09
6650224,1301938,10.52
6650224,1301939,9.8
6650224,1301940,52.26
6650224,1301941,44.9
6650224,1301942,22.32
6650224,1301944,30.14
6650224,1301945,28.64
6650224,1301946,27.81
6650224,1301947,23.36
6650224,1301948,17.28
6650224,1301949,13.19
6650224,1301950,12.09
6650224,1301951,10.52
6650224,1301952,9.8
6650224,1301953,52.26
6650224,1301954,44.9
6650224,1301955,22.32
6650224,1301956,8.47
6650224,1301958,33.54
6650224,1301959,27.81
6650224,1301960,23.36
6650224,1301961,20.03
6650224,1301962,18.54
6650224,1301963,17.28
6650224,1301964,15.43
6650224,1301965,14.34
6650224,1301966,13.19
6650224,1301967,32.72
6650224,1301968,9.8
6650224,1301969,103.45
6650224,1301970,53.75
6650224,1301971,52.26
6650224,1301972,22.32
6650224,1301974,33.54
6650224,1301975,30.14
6650224,1301976,27.81
6650224,1301977,23.36
6650224,1301978,29.54
6650224,1301979,17.28
6650224,1301980,15.43
6650224,1301981,14.34
6650224,1301982,13.19
6650224,1301983,12.09
6650224,1301984,10.52
6650224,1301985,9.8
6650224,1301986,44.9
6650224,1301988,28.64
6650224,1301989,33.54
6650224,1301990,30.14
6650224,1301991,27.81
6650224,1301992,23.36
6650224,1301993,9.8
6650224,1301994,8.63
6650224,1301995,52.26
6650224,1301996,30.14
6650224,1301997,27.81
6650224,1301998,17.28
6650224,1301999,9.44
6650224,1302000,14.34
6650224,1302001,13.19
6650224,1302002,10.52
6650224,1302003,9.8
6650224,1302004,44.9
6650224,1302006,33.54
6650224,1302007,30.14
6650224,1302008,27.81
6650224,1302009,23.36
6650224,1302010,32.72
6650224,1302011,20.03
6650224,1302012,18.54
6650224,1302013,17.28
6650224,1302014,15.43
6650224,1302015,14.34
6650224,1302016,12.09
6650224,1302017,10.52
6650224,1302018,9.8
6650224,1302019,8.63
6650224,1302020,52.26
6650224,1302021,29.54
6650224,1302022,22.32
6650224,1302023,33.54
6650224,1302024,30.14
6650224,1302025,27.81
6650224,1302026,23.36
6650224,1302027,17.28
6650224,1302028,15.43
6650224,1302029,14.34
6650224,1302030,13.19
6650224,1302031,12.09
6650224,1302032,28.64
6650224,1302033,16.97
6650224,1302034,15.13
6650224,1302035,10.32
6650224,1302036,9.44
6650224,1302037,8.47
6650224,1302038,8.11
6650224,1302039,32.72
6650224,1302040,28.64
6650224,1302041,22.92
6650224,1302043,18.54
6650224,1302044,53.05
6650224,1302045,18.36
6650224,1302046,32.81
6650224,1302047,193.03
6650224,1302244,39.01
6650224,1302282,12.65
6650224,1302385,40.25
6650224,1302606,30.15
6650224,1302724,5.75
6650224,1302728,5.75
6650224,1302823,905.28
6650224,1302825,1016.14
6650224,1302845,75.3
6650224,1303126,63.67
6650224,1304054,285.74
6650224,1304432,1029.24
6650224,1305414,42.85
6650224,1305845,38.82
6650224,1305957,27.66
6650224,1306360,31.6
6650224,1306503,58.86
6650224,1306506,44.67
6650224,1306511,26.85
6650224,1306605,46.46
6650224,1306740,34.88
6650224,1306769,62.56
6650224,1306774,57.28
6650224,1307429,380.73
6650224,1307837,23.58
6650224,1308165,15.24
6650224,1308167,14.72
6650224,1308535,23.66
6650224,1308620,1813.71
6650224,1310709,1725.92
6650224,1311525,12.65
6650224,1311627,44.71
6650224,1311705,43.29
6650224,1312070,8.61
6650224,1312328,1064.16
6650224,1312329,1064.16
6650224,1312590,82.22
6650224,1313003,50.67
6650224,1313004,65.81
6650224,1313165,266.18
6650224,1313166,295.46
6650224,1313167,308.56
6650224,1313168,308.56
6650224,1313169,308.56
6650224,1313324,12.65
6650224,1313390,48.94
6650224,1313393,65.22
6650224,1313795,53.7
6650224,1313968,322.58
6650224,1314182,66.6
6650224,1314356,1064.16
6650224,1315400,211.19
6650224,1315406,24.7
6650224,1315423,199.46
6650224,1315822,46.15
6650224,1316137,12.65
6650224,1316344,33.75
6650224,1316720,22.34
6650224,1317768,806.63
6650224,1317770,57.91
6650224,1317839,540.87
6650224,1318960,434.47
6650224,1319468,49.57
6650224,1319487,38.76
6650224,1319818,821.22
6650224,1320587,64.79
6650224,1320670,111.57
6650224,1320723,35.77
6650224,1320939,17.27
6650224,1321077,34.22
6650224,1321741,63.82
6650224,1322517,861.18
6650224,1323062,23.02
6650224,1324389,211.19
6650224,1324639,58.83
6650224,1324718,41.17
6650224,1324855,41.86
6650224,1325217,30.76
6650224,1325243,75.67
6650224,1327329,81.79
6650224,1327411,257.4
6650224,1327505,199.46
6650224,1327615,19.14
6650224,1328422,416.17
6650224,1328923,130.73
6650224,1328942,24.7
6650224,1329037,142.11
6650224,1329349,54.09
6650224,1329713,18.46
6650224,1329723,49.59
6650224,1330316,320.27
6650224,1330318,49.71
6650224,1331159,28.15
6650224,1331708,18.46
6650224,1332452,44.8
6650224,1332453,50.69
6650224,1332459,41.91
6650224,1332460,156.14
6650224,1332666,29.8
6650224,1333641,216.66
6650224,1334187,63.99
6650224,1334188,22.54
6650224,1334203,22.06
6650224,1334206,30.23
6650224,1334207,17.16
6650224,1334791,142.49
6650224,1335721,823.22
6650224,1338490,49.8
6650224,1338619,34.96
6650224,1339267,76.35
6650224,1339269,59.87
6650224,1339270,53.88
6650224,1339274,49.4
6650224,1339275,72.11
6650224,1339276,69.05
6650224,1339283,60.59
6650224,1339371,42.64
6650224,1339686,80.95
6650224,1340795,45.63
6650224,1342398,384.32
6650224,1342521,41.81
6650224,1342651,23.06
6650224,1342661,248.16
6650224,1342847,23.75
6650224,1343378,30.36
6650224,1343426,23.13
6650224,1343574,82.54
6650224,1343590,42.98
6650224,1343922,49.57
6650224,1344920,41.71
6650224,1345595,74.29
6650224,1345844,54.51
6650224,1345914,39.25
6650224,1346577,20.56
6650224,1346805,272.56
6650224,1347137,41.87
6650224,1347627,46.02
6650224,1347629,121.95
6650224,1347630,37.3
6650224,1348343,138.82
6650224,1348433,27.04
6650224,1348480,11.29
6650224,1348482,26
6650224,1348487,24.01
6650224,1348489,27.04
6650224,1348500,27.04
6650224,1348501,22.16
6650224,1348502,44.68
6650224,1348504,28.31
6650224,1348505,23.33
6650224,1348506,23.33
6650224,1348511,23.33
6650224,1348512,41.86
6650224,1348513,19.31
6650224,1348514,25.01
6650224,1348515,25.01
6650224,1348516,24.01
6650224,1348517,31.73
6650224,1348518,31.73
6650224,1348519,19.64
6650224,1348521,28.15
6650224,1348522,19.48
6650224,1348523,64
6650224,1348524,55.35
6650224,1348526,24.17
6650224,1348527,36.27
6650224,1348528,15.78
6650224,1348901,219.64
6650224,1349048,74.45
6650224,1350013,21.8
6650224,1350315,531.88
6650224,1350366,118.57
6650224,1350788,28.29
6650224,1352175,365.62
6650224,1352289,76.48
6650224,1352356,15.21
6650224,1352495,39.01
6650224,1352829,73.42
6650224,1352840,124.11
6650224,1352841,95.5
6650224,1352904,51.34
6650224,1352906,53.95
6650224,1352907,99.22
6650224,1352908,57.05
6650224,1353096,521.57
6650224,1353200,17.02
6650224,1353618,101.57
6650224,1353631,1292.94
6650224,1353854,35.43
6650224,1353855,26.27
6650224,1353858,24.59
6650224,1354301,319.18
6650224,1354381,95.15
6650224,1355111,39.22
6650224,1355311,30.94
6650224,1355357,89.75
6650224,1355841,30.26
6650224,1355991,65.32
6650224,1357516,1236.16
6650224,1357670,119.74
6650224,1358486,27.2
6650224,1358820,19.61
6650224,1359130,38.62
6650224,1359207,39.2
6650224,1359461,82.11
6650224,1359462,111.03
6650224,1360124,75.29
6650224,1360138,2.46
6650224,1360140,92.29
6650224,1360237,85.28
6650224,1361827,34.16
6650224,1361897,138
6650224,1362237,377.12
6650224,1362262,50.24
6650224,1362851,178.25
6650224,1363011,26.59
6650224,1363315,30.37
6650224,1363472,801.39
6650224,1363728,28.77
6650224,1364220,60.43
6650224,1364408,32.81
6650224,1364473,107.62
6650224,1364752,28.06
6650224,1366219,161
6650224,1366511,66.11
6650224,1366925,15.2
6650224,1366927,18.39
6650224,1366928,23.98
6650224,1366929,17.58
6650224,1366940,25.9
6650224,1367565,39.64
6650224,1367751,14.39
6650224,1367752,21.59
6650224,1367753,12.64
6650224,1367754,25.74
6650224,1367755,21.59
6650224,1367756,16.31
6650224,1367757,24.62
6650224,1368139,27.04
6650224,1368205,84.24
6650224,1368341,49.88
6650224,1368990,16.79
6650224,1369006,33.99
6650224,1369007,28.35
6650224,1369008,31.08
6650224,1369485,52.42
6650224,1369497,41.78
6650224,1370952,26.61
6650224,1371093,56.56
6650224,1371191,30.21
6650224,1371480,13.28
6650224,1371643,48.84
6650224,1372222,28.75
6650224,1372759,26.42
6650224,1373512,16.16
6650224,1373570,86
6650224,1373881,18.86
6650224,1373996,135.18
6650224,1374219,171.56
6650224,1374256,30.76
6650224,1375056,10.27
6650224,1375350,5.75
6650224,1375430,523.45
6650224,1375495,1049.75
6650224,1375903,55.46
6650224,1375984,6.52
6650224,1376001,17.64
6650224,1376265,242.82
6650224,1376267,171.97
6650224,1376291,213.41
6650224,1376321,110.77
6650224,1376374,52.55
6650224,1377380,7.45
6650224,1377792,42.38
6650224,1378407,31.53
6650224,1378524,19.18
6650224,1378525,20.14
6650224,1379557,3.45
6650224,1379846,55.44
6650224,1379939,80.52
6650224,1380415,28.64
6650224,1381363,72.54
6650224,1382240,3.45
6650224,1382370,21.52
6650224,1383070,49.13
6650224,1383335,33.81
6650224,1383716,3.45
6650224,1387004,19.69
6650224,1387181,2.48
6650224,1388032,38.74
6650224,1388033,42.32
6650224,1388034,48.77
6650224,1389185,37.71
6650224,1393447,51.51
6650224,1394120,19.52
6650224,1394712,44.79
6650224,1394858,5.75
6650224,1394958,44.75
6650224,1396247,54.45
6650224,1396248,35.37
6650224,1396261,48.3
6650224,1396898,53.05
6650224,1397332,3.63
6650224,1399873,39.9
6650224,1003872,88.31
6650224,1005960,96.19
6650224,1005961,91.35
6650224,1006327,12.86
6650224,1006699,57.54
6650224,1007642,10.41
6650224,1007879,14.85
6650224,1007903,71.37
6650224,1007907,21.88
6650224,1008623,47.98
6650224,1008939,109.07
6650224,1009817,37.7
6650224,1095009,123.98
6650224,1144358,44.47
6650224,1153390,35.91
6650224,1156058,779.54
6650224,1182553,133.66
6650224,1185240,58.1
6650224,1185241,34.89
6650224,1185242,58.1
6650224,1185243,56.94
6650224,1185244,65.98
6650224,1188488,44.75
6650224,1190546,44.45
6650224,1191736,56.16
6650224,1194044,55.24
6650224,1194329,52.74
6650224,1194382,42.66
6650224,1291376,123.72
6650224,1291544,92.35
6650224,1292981,52.12
6650224,1293899,71.12
6650224,1295957,81.79
6650224,1296343,34.82
6650224,1296355,113.42
6650224,1298305,83.78
6650224,1300427,65.6
6650224,1310629,74.83
6650224,1317363,52.78
6650224,1320214,42.39
6650224,1321042,106.68
6650224,1322282,173.22
6650224,1324422,20.48
6650224,1328635,80.79
6650224,1330797,49.49
6650224,1332341,148.81
6650224,1335825,91
6650224,1335852,46.06
6650224,1336634,1518.39
6650224,1336636,38.47
6650224,1340416,23.07
6650224,1340745,23.08
6650224,1341613,729.87
6650224,1343850,22.93
6650224,1346164,36.5
6650224,1346222,176.26
6650224,1351492,34.41
6650224,1359156,38.19
6650224,1359157,57.13
6650224,1360097,87.91
6650224,1360915,66.27
6650224,1367566,34.59
6650224,1369645,65.5
6650224,1372833,20.86
6650224,1376749,123.82
6650224,1379290,67.46
6650224,1385110,41.52
6650224,1389778,71.04
6650224,1395383,46.45
6650224,1395384,55.67
