Contract ID,SAP Code,Sell Price
7400424,1000004,17.63
7400424,1000005,12.74
7400424,1000006,28.87
7400424,1000007,27.28
7400424,1000009,22.25
7400424,1000010,72.44
7400424,1000013,43.63
7400424,1000144,20.46
7400424,1000162,33.19
7400424,1000166,41.52
7400424,1000167,50.74
7400424,1000168,47.98
7400424,1000169,28.38
7400424,1000179,4.04
7400424,1000181,15.69
7400424,1000183,7.92
7400424,1000185,36.86
7400424,1000186,33.7
7400424,1000187,24.42
7400424,1000188,7.33
7400424,1000189,24.09
7400424,1000191,5.35
7400424,1000192,12.14
7400424,1000193,17.16
7400424,1000204,4.18
7400424,1000205,6.57
7400424,1000206,20.56
7400424,1000210,6.72
7400424,1000211,108.56
7400424,1000215,20.89
7400424,1000216,49.3
7400424,1000218,71.1
7400424,1000221,43.95
7400424,1000222,404.06
7400424,1000223,557.76
7400424,1000225,275.66
7400424,1000227,144.17
7400424,1000414,93.98
7400424,1000415,86.86
7400424,1000417,79.47
7400424,1000419,46.94
7400424,1000420,40.15
7400424,1000421,44.69
7400424,1000423,34.85
7400424,1000424,35.44
7400424,1000425,50.17
7400424,1000427,56.96
7400424,1000428,59.34
7400424,1000432,50.45
7400424,1000433,79.59
7400424,1000434,74.57
7400424,1000435,64.1
7400424,1000436,48.69
7400424,1000437,46.39
7400424,1000438,109.99
7400424,1000439,60.35
7400424,1000440,71.25
7400424,1000441,61.26
7400424,1000443,52.99
7400424,1000444,69.81
7400424,1000445,71.09
7400424,1000446,45.86
7400424,1000447,51.25
7400424,1000449,1.18
7400424,1000451,1.18
7400424,1000457,23.5
7400424,1000458,23.5
7400424,1000463,49.07
7400424,1000464,52.15
7400424,1000465,31.94
7400424,1000466,60.97
7400424,1000467,47.96
7400424,1000468,78.84
7400424,1000469,92.13
7400424,1000470,34.27
7400424,1000471,55.07
7400424,1000472,86.08
7400424,1000473,38
7400424,1000474,55.27
7400424,1000475,67.83
7400424,1000477,69.28
7400424,1000486,47.94
7400424,1000487,52.93
7400424,1000489,51.56
7400424,1000490,28.01
7400424,1000491,34.56
7400424,1000496,1.18
7400424,1000497,1.18
7400424,1000527,34.08
7400424,1000530,81.08
7400424,1000532,73.56
7400424,1000535,56.05
7400424,1000536,62.57
7400424,1000537,36.72
7400424,1000539,30.14
7400424,1000540,32.67
7400424,1000541,37.07
7400424,1000542,37.13
7400424,1000544,33.02
7400424,1000545,40.36
7400424,1000547,37.6
7400424,1000548,55.7
7400424,1000549,37.13
7400424,1000550,69.85
7400424,1000551,70.85
7400424,1000555,81.08
7400424,1000557,33.19
7400424,1000562,36.13
7400424,1000563,29.6
7400424,1000565,50.56
7400424,1000566,253.8
7400424,1000567,43.29
7400424,1000568,27.06
7400424,1000570,135.6
7400424,1000573,28.66
7400424,1000578,152.66
7400424,1000584,8.39
7400424,1000585,73.88
7400424,1000591,8.06
7400424,1000593,10.88
7400424,1000597,25.93
7400424,1000600,7.18
7400424,1000606,23.19
7400424,1000619,13.2
7400424,1000723,13.79
7400424,1000799,70.5
7400424,1000800,79.29
7400424,1000864,38.89
7400424,1001327,54.4
7400424,1001329,41.54
7400424,1001330,76.26
7400424,1001331,86.77
7400424,1001332,47.38
7400424,1001338,66.8
7400424,1001345,10.05
7400424,1001348,64.24
7400424,1001349,58.44
7400424,1001409,42.77
7400424,1001420,30.93
7400424,1001430,47.02
7400424,1001436,10.22
7400424,1001438,39.8
7400424,1001439,41.54
7400424,1001477,44.65
7400424,1001619,36.66
7400424,1001667,11.75
7400424,1001670,65.21
7400424,1001672,34.38
7400424,1001675,13.23
7400424,1001676,4.15
7400424,1001677,4.82
7400424,1001680,7.81
7400424,1001681,8.17
7400424,1001736,4.88
7400424,1001740,26.77
7400424,1001746,25.2
7400424,1001771,23.27
7400424,1001771,23.27
7400424,1001781,9.04
7400424,1001806,84.34
7400424,1001808,122.25
7400424,1001845,42.92
7400424,1001846,10.69
7400424,1001854,5.52
7400424,1001856,20.14
7400424,1001868,75.73
7400424,1001919,50.45
7400424,1001932,48.7
7400424,1001934,63.11
7400424,1002002,30.69
7400424,1002002,30.69
7400424,1002008,40.56
7400424,1002008,40.56
7400424,1002011,21.76
7400424,1002011,21.76
7400424,1002014,28.26
7400424,1002014,28.26
7400424,1002020,31.81
7400424,1002020,31.81
7400424,1002022,29.21
7400424,1002022,29.21
7400424,1002037,6.12
7400424,1002039,9.82
7400424,1002042,14.35
7400424,1002048,12.1
7400424,1002059,112.71
7400424,1002075,5.32
7400424,1002079,11.23
7400424,1002100,32.11
7400424,1002104,31.18
7400424,1002105,51.47
7400424,1002110,39.76
7400424,1002484,77.33
7400424,1002500,39.77
7400424,1002501,27.47
7400424,1002503,67.95
7400424,1002504,89.29
7400424,1002505,35.31
7400424,1002506,35.19
7400424,1002511,12.33
7400424,1003040,42.42
7400424,1003040,42.42
7400424,1003041,40.11
7400424,1003041,40.11
7400424,1003055,4.36
7400424,1003063,20.45
7400424,1003063,20.45
7400424,1003064,14.25
7400424,1003083,36.46
7400424,1003083,36.46
7400424,1003095,33.55
7400424,1003095,33.55
7400424,1003100,54.67
7400424,1003100,54.67
7400424,1003101,18.76
7400424,1003101,18.76
7400424,1003117,36.11
7400424,1003117,36.11
7400424,1003147,20.73
7400424,1003185,6.71
7400424,1003189,15.57
7400424,1003225,7.01
7400424,1003227,34.33
7400424,1003227,34.33
7400424,1003228,30.97
7400424,1003228,30.97
7400424,1003229,43.71
7400424,1003229,43.71
7400424,1003240,10.69
7400424,1003267,22.91
7400424,1003272,24.78
7400424,1003350,51.45
7400424,1003351,51.45
7400424,1003352,54.79
7400424,1003353,54.79
7400424,1003356,65.22
7400424,1003357,30.83
7400424,1003382,253.8
7400424,1003384,46.81
7400424,1003385,0.01
7400424,1003391,7.95
7400424,1003396,9.78
7400424,1003454,34.83
7400424,1003454,34.83
7400424,1003477,34.02
7400424,1003518,18.57
7400424,1004120,25.63
7400424,1004121,20.06
7400424,1004301,44.4
7400424,1006516,57.45
7400424,1007123,78.17
7400424,1007428,35.31
7400424,1008342,43.96
7400424,1008385,64.88
7400424,1008896,0.01
7400424,1009161,71.57
7400424,1012225,10.9
7400424,1012677,69.7
7400424,1012678,52.16
7400424,1012679,80.76
7400424,1012780,55.67
7400424,1015494,3.18
7400424,1015508,9.49
7400424,1015519,48.84
7400424,1015520,46.89
7400424,1015524,58.62
7400424,1015525,49.7
7400424,1015526,49.7
7400424,1015578,11.84
7400424,1015809,26.94
7400424,1015812,32.67
7400424,1016260,8.47
7400424,1016261,12.13
7400424,1016342,43.08
7400424,1016359,49.41
7400424,1016440,41.37
7400424,1016488,38.41
7400424,1016490,47.16
7400424,1016494,46.95
7400424,1016507,101.2
7400424,1016544,58.22
7400424,1016796,43.66
7400424,1017660,54.33
7400424,1018026,30.1
7400424,1019445,41.24
7400424,1019489,60.3
7400424,1019490,28.07
7400424,1019491,22.2
7400424,1019492,30.75
7400424,1020436,47.59
7400424,1020437,36.67
7400424,1020557,39.82
7400424,1020575,49.47
7400424,1020709,69.67
7400424,1020844,61.34
7400424,1020867,46.95
7400424,1020868,54.65
7400424,1022569,61.45
7400424,1022714,88.3
7400424,1022770,70.68
7400424,1022785,81.9
7400424,1022909,55.7
7400424,1023015,66.27
7400424,1023023,130.78
7400424,1023027,86.84
7400424,1023055,115.15
7400424,1023077,27.5
7400424,1023310,68.62
7400424,1023350,53.46
7400424,1023401,69.45
7400424,1023404,59
7400424,1023445,75.48
7400424,1023507,71.15
7400424,1023508,65.86
7400424,1023550,15.33
7400424,1023555,15.92
7400424,1023563,17.21
7400424,1023673,11.75
7400424,1023698,31.63
7400424,1023753,40.15
7400424,1023773,27.91
7400424,1023833,28.2
7400424,1023896,56.6
7400424,1023906,34.08
7400424,1023914,56.75
7400424,1023915,45.17
7400424,1023972,30.29
7400424,1023976,16.16
7400424,1024012,22.44
7400424,1024014,26.73
7400424,1024018,12.69
7400424,1024027,19.92
7400424,1024029,15.1
7400424,1024038,15.33
7400424,1024068,100.17
7400424,1024221,64.04
7400424,1024264,70.62
7400424,1024278,56.87
7400424,1024280,42.59
7400424,1024282,88.63
7400424,1024294,38.6
7400424,1024299,64.26
7400424,1024300,43.5
7400424,1024301,43.31
7400424,1024302,53.76
7400424,1024360,86.13
7400424,1024362,67.8
7400424,1024369,52.46
7400424,1024444,61.51
7400424,1024464,74.32
7400424,1024728,37.84
7400424,1024734,17.63
7400424,1024768,10.81
7400424,1024879,81.66
7400424,1024880,72.79
7400424,1024956,68.68
7400424,1024991,45.94
7400424,1025113,71.97
7400424,1025123,54.79
7400424,1025128,62.1
7400424,1025129,42.55
7400424,1025276,41.29
7400424,1025299,68.09
7400424,1025315,46.65
7400424,1025330,1.18
7400424,1025584,1.18
7400424,1025585,1.18
7400424,1025624,14.51
7400424,1025628,39.54
7400424,1025680,18.98
7400424,1025696,31.61
7400424,1025713,53.76
7400424,1025741,1.18
7400424,1025755,38.65
7400424,1025969,8.87
7400424,1026001,70.44
7400424,1026002,52.82
7400424,1026062,50.43
7400424,1026063,71.83
7400424,1026078,63.57
7400424,1026099,10.22
7400424,1026102,12.69
7400424,1026121,59.22
7400424,1026144,62.22
7400424,1026146,67.86
7400424,1026181,30.74
7400424,1026239,51.39
7400424,1026248,12.69
7400424,1026252,1.18
7400424,1026253,25.32
7400424,1026536,213.85
7400424,1026545,35.52
7400424,1026976,42.03
7400424,1026981,6.05
7400424,1026988,31.26
7400424,1027117,22.24
7400424,1027232,1.18
7400424,1027348,5.17
7400424,1027353,18.04
7400424,1027371,43.66
7400424,1027542,25.25
7400424,1027626,77.34
7400424,1027668,45.03
7400424,1027685,72.17
7400424,1027691,59.63
7400424,1027694,85.76
7400424,1027696,40.29
7400424,1027701,65.86
7400424,1027718,47.09
7400424,1027732,50.22
7400424,1027738,48.59
7400424,1027740,78.08
7400424,1027754,47.24
7400424,1027768,43.13
7400424,1027783,34.76
7400424,1027784,66.21
7400424,1027786,54.29
7400424,1027790,54.53
7400424,1027798,78.36
7400424,1027800,90.58
7400424,1027810,109.64
7400424,1027826,62.87
7400424,1027838,116.54
7400424,1027839,57.99
7400424,1027852,78.48
7400424,1027864,57.99
7400424,1027865,59.98
7400424,1027869,63.33
7400424,1027987,102.64
7400424,1027990,63.65
7400424,1028014,59.98
7400424,1028023,69.8
7400424,1028033,60.2
7400424,1028034,24.63
7400424,1028057,108.49
7400424,1028085,2.35
7400424,1028086,2.62
7400424,1028087,2.69
7400424,1028159,45.1
7400424,1028165,33.78
7400424,1028166,35.52
7400424,1028172,157.6
7400424,1028194,66.09
7400424,1028319,68.23
7400424,1028372,100.58
7400424,1028379,59.98
7400424,1028396,37.09
7400424,1028397,38.76
7400424,1028417,53.29
7400424,1028472,65
7400424,1028476,2.44
7400424,1028575,52.73
7400424,1028669,51.29
7400424,1028688,44.83
7400424,1028712,68.71
7400424,1028721,55.23
7400424,1028755,53.52
7400424,1028759,111.1
7400424,1028831,74.68
7400424,1028833,3.31
7400424,1028885,80.38
7400424,1029026,104.65
7400424,1029487,90.1
7400424,1029512,117.12
7400424,1029553,134.02
7400424,1029562,190.57
7400424,1029652,115.17
7400424,1029653,168.32
7400424,1029880,14.28
7400424,1030048,24.57
7400424,1030137,24.57
7400424,1030151,24.57
7400424,1030270,24.57
7400424,1031598,49.9
7400424,1033558,44.14
7400424,1033564,55.08
7400424,1033565,54.17
7400424,1033581,141.46
7400424,1033636,145.11
7400424,1033637,80.62
7400424,1033638,99.09
7400424,1033911,27.57
7400424,1033932,72.93
7400424,1033933,72.93
7400424,1033934,72.93
7400424,1033971,19.33
7400424,1033992,58.56
7400424,1033993,15.15
7400424,1034002,21.62
7400424,1034024,26.59
7400424,1034040,78.26
7400424,1034046,73.71
7400424,1034050,34.02
7400424,1034055,26.43
7400424,1034058,71.32
7400424,1034073,21.84
7400424,1034076,18.75
7400424,1034084,28.89
7400424,1034089,56.85
7400424,1034104,71.36
7400424,1034105,57.5
7400424,1034115,43.08
7400424,1034116,75.06
7400424,1034120,77.74
7400424,1034145,63.14
7400424,1034155,92.45
7400424,1034212,84.45
7400424,1034310,53.03
7400424,1034408,89.1
7400424,1034479,72.93
7400424,1034480,72.93
7400424,1034495,115.54
7400424,1034513,110.27
7400424,1040120,73.63
7400424,1040717,26.74
7400424,1041279,71.05
7400424,1041280,38.49
7400424,1041280,38.49
7400424,1041281,32.47
7400424,1041281,32.47
7400424,1041288,15.24
7400424,1042657,16.1
7400424,1042753,7.93
7400424,1042753,7.93
7400424,1042821,32.54
7400424,1042821,32.54
7400424,1043636,23.82
7400424,1043636,23.82
7400424,1043637,30.61
7400424,1043637,30.61
7400424,1043981,24.46
7400424,1043983,23.74
7400424,1043985,22.83
7400424,1043986,22.41
7400424,1043989,34.33
7400424,1043990,29.01
7400424,1044047,38.07
7400424,1044050,29.01
7400424,1044051,29.01
7400424,1044053,31.57
7400424,1044054,38.16
7400424,1044056,26.56
7400424,1044058,13.14
7400424,1044059,36.88
7400424,1044060,37.68
7400424,1044064,18.41
7400424,1044068,23.81
7400424,1044069,33.35
7400424,1044070,18.39
7400424,1044073,27.22
7400424,1044074,38.93
7400424,1044075,18.51
7400424,1044076,24.56
7400424,1044080,21.5
7400424,1044084,25.13
7400424,1044590,36.68
7400424,1044590,36.68
7400424,1044623,18.92
7400424,1044623,18.92
7400424,1044630,11.74
7400424,1044630,11.74
7400424,1044646,31.34
7400424,1044646,31.34
7400424,1044647,41.52
7400424,1044647,41.52
7400424,1044653,19.6
7400424,1044653,19.6
7400424,1044655,68
7400424,1044655,68
7400424,1044656,54.39
7400424,1044656,54.39
7400424,1044658,40.77
7400424,1044658,40.77
7400424,1044660,54.39
7400424,1044660,54.39
7400424,1044665,40.77
7400424,1044665,40.77
7400424,1044666,94.45
7400424,1044666,94.45
7400424,1044672,56.66
7400424,1044672,56.66
7400424,1044676,27.24
7400424,1044742,30.61
7400424,1044742,30.61
7400424,1044835,27.89
7400424,1044835,27.89
7400424,1044930,107.23
7400424,1044930,107.23
7400424,1044932,32.97
7400424,1044932,32.97
7400424,1045693,20.17
7400424,1045781,68
7400424,1045781,68
7400424,1045818,28.47
7400424,1046037,23.43
7400424,1046130,37.35
7400424,1046206,37.35
7400424,1046314,19.23
7400424,1046319,23.74
7400424,1046478,29.27
7400424,1046660,23.18
7400424,1046949,61.91
7400424,1047684,10.74
7400424,1047697,16.26
7400424,1047702,9.62
7400424,1047710,20.16
7400424,1047713,12.04
7400424,1047716,14.03
7400424,1047720,15.6
7400424,1047789,31.78
7400424,1047872,13.18
7400424,1047873,26.63
7400424,1047875,19.79
7400424,1047911,39.88
7400424,1047929,44.18
7400424,1047946,19.21
7400424,1048090,43.01
7400424,1048094,19.79
7400424,1048097,13.18
7400424,1048100,20.94
7400424,1048105,3.58
7400424,1048107,3.29
7400424,1048108,19.79
7400424,1048110,26.74
7400424,1048114,28.2
7400424,1048119,19.41
7400424,1048141,13.82
7400424,1048144,3.88
7400424,1048157,13.18
7400424,1048160,19.79
7400424,1048164,21.29
7400424,1048174,15.11
7400424,1048181,29.69
7400424,1048214,12.8
7400424,1048215,18.79
7400424,1048216,19.79
7400424,1048217,25.2
7400424,1048219,26.74
7400424,1048227,41.5
7400424,1048232,57.39
7400424,1048238,85.06
7400424,1048243,117.62
7400424,1048531,69.37
7400424,1048534,82.06
7400424,1048543,88.83
7400424,1048862,48.5
7400424,1048864,70.03
7400424,1048868,26.57
7400424,1051020,24.68
7400424,1051020,24.68
7400424,1051165,42.65
7400424,1051165,42.65
7400424,1051171,25.53
7400424,1051171,25.53
7400424,1051300,32.08
7400424,1051300,32.08
7400424,1051304,49.06
7400424,1051304,49.06
7400424,1052910,46.45
7400424,1052910,46.45
7400424,1052916,51.77
7400424,1052916,51.77
7400424,1053178,29.01
7400424,1053178,29.01
7400424,1053435,24.26
7400424,1053435,24.26
7400424,1053512,28.79
7400424,1053512,28.79
7400424,1053528,19
7400424,1053528,19
7400424,1053543,41.78
7400424,1053543,41.78
7400424,1053547,27.42
7400424,1053547,27.42
7400424,1053594,24.46
7400424,1053594,24.46
7400424,1053602,24.46
7400424,1053602,24.46
7400424,1053619,49.81
7400424,1053619,49.81
7400424,1053661,34.17
7400424,1053661,34.17
7400424,1053730,35.67
7400424,1053730,35.67
7400424,1053731,35.67
7400424,1053731,35.67
7400424,1053750,31.23
7400424,1053750,31.23
7400424,1053794,25.53
7400424,1053794,25.53
7400424,1053811,41.17
7400424,1053811,41.17
7400424,1053848,27.86
7400424,1053848,27.86
7400424,1053857,43.48
7400424,1053857,43.48
7400424,1053863,23.21
7400424,1053863,23.21
7400424,1053866,27.86
7400424,1053866,27.86
7400424,1053868,34.17
7400424,1053868,34.17
7400424,1053869,34.17
7400424,1053869,34.17
7400424,1053899,40.28
7400424,1053899,40.28
7400424,1053993,100.59
7400424,1054067,23.51
7400424,1054067,23.51
7400424,1054132,38.83
7400424,1054132,38.83
7400424,1054133,52.78
7400424,1054133,52.78
7400424,1054135,23.27
7400424,1054135,23.27
7400424,1054136,31.23
7400424,1054136,31.23
7400424,1054137,41.6
7400424,1054137,41.6
7400424,1054833,71.93
7400424,1054833,71.93
7400424,1054839,59.7
7400424,1054839,59.7
7400424,1054854,77.91
7400424,1054854,77.91
7400424,1054866,34.04
7400424,1054866,34.04
7400424,1054868,44.45
7400424,1054868,44.45
7400424,1054869,56.95
7400424,1054869,56.95
7400424,1054884,52.92
7400424,1054884,52.92
7400424,1054909,75.48
7400424,1054909,75.48
7400424,1054916,47.83
7400424,1054916,47.83
7400424,1054921,68.91
7400424,1054921,68.91
7400424,1055161,36.82
7400424,1055161,36.82
7400424,1057204,24.5
7400424,1057204,24.5
7400424,1057220,49.04
7400424,1057220,49.04
7400424,1057229,32.81
7400424,1057229,32.81
7400424,1057256,30.97
7400424,1057256,30.97
7400424,1057287,39.89
7400424,1057287,39.89
7400424,1057302,35.18
7400424,1057302,35.18
7400424,1057310,40.3
7400424,1057310,40.3
7400424,1057313,42.73
7400424,1057313,42.73
7400424,1057327,29.25
7400424,1057327,29.25
7400424,1057329,34.33
7400424,1057329,34.33
7400424,1057343,45.03
7400424,1057343,45.03
7400424,1057350,27.3
7400424,1057350,27.3
7400424,1057370,38.62
7400424,1057370,38.62
7400424,1057474,31.4
7400424,1057474,31.4
7400424,1057484,27.54
7400424,1057484,27.54
7400424,1057486,28.26
7400424,1057486,28.26
7400424,1057488,23.05
7400424,1057488,23.05
7400424,1057494,43.71
7400424,1057494,43.71
7400424,1057501,37.85
7400424,1057501,37.85
7400424,1057515,30.97
7400424,1057515,30.97
7400424,1057535,39.07
7400424,1057535,39.07
7400424,1057557,42.73
7400424,1057557,42.73
7400424,1057558,41.6
7400424,1057558,41.6
7400424,1057570,38.62
7400424,1057570,38.62
7400424,1057815,40.3
7400424,1057815,40.3
7400424,1058513,115.34
7400424,1058821,153.34
7400424,1058824,199.14
7400424,1058825,199.14
7400424,1058893,93.94
7400424,1058905,12.04
7400424,1058917,27.62
7400424,1058960,43.64
7400424,1058961,135.85
7400424,1058966,19.74
7400424,1058969,29.38
7400424,1058973,20.83
7400424,1058975,40.03
7400424,1058996,63.4
7400424,1059003,518.89
7400424,1059004,305.29
7400424,1059035,137.42
7400424,1059047,436.78
7400424,1059074,498.42
7400424,1059120,42.38
7400424,1059123,30.96
7400424,1059129,32.03
7400424,1059131,58.1
7400424,1059134,128.18
7400424,1059145,138.14
7400424,1059159,18.95
7400424,1059162,28.51
7400424,1059163,28.51
7400424,1059183,42.09
7400424,1059195,5.37
7400424,1059215,365.58
7400424,1059238,35.06
7400424,1059262,49.98
7400424,1059264,83.41
7400424,1059294,70.17
7400424,1059299,130.9
7400424,1059310,119.98
7400424,1059320,88.76
7400424,1059395,149.25
7400424,1059425,161.55
7400424,1059455,202.12
7400424,1059471,147.1
7400424,1059478,155.92
7400424,1059515,7.11
7400424,1059516,7.11
7400424,1059521,8.39
7400424,1059523,14.46
7400424,1059530,57.23
7400424,1059601,311.61
7400424,1059609,645
7400424,1059730,409.58
7400424,1060109,106.88
7400424,1060116,456.44
7400424,1060123,36.64
7400424,1060127,40.28
7400424,1060140,29.96
7400424,1060151,16.29
7400424,1060154,29.43
7400424,1060156,35.58
7400424,1060157,36.64
7400424,1060162,38.02
7400424,1060167,171.17
7400424,1060181,38.11
7400424,1060210,7.11
7400424,1060234,5.42
7400424,1060241,118.05
7400424,1060247,8.98
7400424,1060252,37.44
7400424,1060257,22.43
7400424,1060264,101.58
7400424,1060279,52.75
7400424,1060291,128.18
7400424,1060373,7.65
7400424,1060406,392.65
7400424,1060442,383.25
7400424,1060516,459.99
7400424,1060671,67.86
7400424,1060681,38.73
7400424,1060686,47.31
7400424,1063474,75.58
7400424,1063474,75.58
7400424,1066564,52.92
7400424,1069414,28.08
7400424,1069656,33.89
7400424,1069675,52.69
7400424,1069678,38.08
7400424,1069688,35.78
7400424,1069708,58.87
7400424,1069727,12.18
7400424,1069737,49.77
7400424,1069755,16.88
7400424,1069782,18.25
7400424,1069793,31.77
7400424,1069803,9.99
7400424,1069810,81
7400424,1069821,10.05
7400424,1069856,5.12
7400424,1069857,48.95
7400424,1069865,24.71
7400424,1069873,19.58
7400424,1069874,26.24
7400424,1069906,54.25
7400424,1069907,85.67
7400424,1069913,10.36
7400424,1069931,26.45
7400424,1069932,11.06
7400424,1070005,16.34
7400424,1070025,25.27
7400424,1070031,6.24
7400424,1070039,8.58
7400424,1070053,7.72
7400424,1070055,7.07
7400424,1070056,13.97
7400424,1070058,36.26
7400424,1070069,52.1
7400424,1070072,27.86
7400424,1070079,65.11
7400424,1070149,48.32
7400424,1070151,43.76
7400424,1070163,100.2
7400424,1070170,34.49
7400424,1070172,44.17
7400424,1070175,71.15
7400424,1070186,20.55
7400424,1070206,133.57
7400424,1070252,6.87
7400424,1070320,36.24
7400424,1070338,14.32
7400424,1070354,85.07
7400424,1070374,21.6
7400424,1070418,27.03
7400424,1070469,48.55
7400424,1070479,92.71
7400424,1070505,66.16
7400424,1070539,26.19
7400424,1071090,56.07
7400424,1071120,8.07
7400424,1071134,11.46
7400424,1072011,226.21
7400424,1072148,8.14
7400424,1072181,14.99
7400424,1072212,12.67
7400424,1072249,14.35
7400424,1072444,14.99
7400424,1072491,7.72
7400424,1072497,7.19
7400424,1072503,9.67
7400424,1072505,9.24
7400424,1072512,6.78
7400424,1072520,7.72
7400424,1072525,9.67
7400424,1072529,9.72
7400424,1072531,8.51
7400424,1072553,8.13
7400424,1072557,8.13
7400424,1072559,9.19
7400424,1072561,9.19
7400424,1072563,9.19
7400424,1072576,8.13
7400424,1072580,8.13
7400424,1072582,9.29
7400424,1072584,9.29
7400424,1072585,9.19
7400424,1072595,6.56
7400424,1072622,6.07
7400424,1072667,5.77
7400424,1072669,7.57
7400424,1072672,3.92
7400424,1072704,5.06
7400424,1072712,5.09
7400424,1072719,5.7
7400424,1072738,4.96
7400424,1072742,6.26
7400424,1072750,7.05
7400424,1072890,6.62
7400424,1072941,7.97
7400424,1072960,6.66
7400424,1072965,6.71
7400424,1072990,17.48
7400424,1073058,4.39
7400424,1073113,7.05
7400424,1073115,8.5
7400424,1073160,5.53
7400424,1073197,9.04
7400424,1073226,6.23
7400424,1073232,5.88
7400424,1073234,8.06
7400424,1073240,8.24
7400424,1073244,9.94
7400424,1073364,9.65
7400424,1073388,7.5
7400424,1073458,6.27
7400424,1073523,11.14
7400424,1073556,6.7
7400424,1073571,13.75
7400424,1073579,23.16
7400424,1073583,22.2
7400424,1073665,10.33
7400424,1073673,7.83
7400424,1073679,11.28
7400424,1073692,7.88
7400424,1073695,7.83
7400424,1073697,7.68
7400424,1073702,10.63
7400424,1073704,10.63
7400424,1073707,10.63
7400424,1073711,10.63
7400424,1073713,12.87
7400424,1073716,12.87
7400424,1073718,14.22
7400424,1073721,13.23
7400424,1073723,8.34
7400424,1073781,12.36
7400424,1073799,5.44
7400424,1073820,12.15
7400424,1073822,3.42
7400424,1073825,5.44
7400424,1073826,4.17
7400424,1073838,4.3
7400424,1073841,5.37
7400424,1073859,6.59
7400424,1073866,8.23
7400424,1073868,9.33
7400424,1073872,7.29
7400424,1073875,7.29
7400424,1073877,4.48
7400424,1073885,4.56
7400424,1074369,16
7400424,1074478,18.89
7400424,1074480,14.41
7400424,1074488,12.1
7400424,1074513,19.2
7400424,1074735,16.43
7400424,1074744,47
7400424,1074748,83.91
7400424,1074753,63.6
7400424,1074757,101.33
7400424,1074760,174.39
7400424,1074761,76.2
7400424,1074766,91.92
7400424,1074966,27.78
7400424,1075009,51.89
7400424,1075067,10.63
7400424,1075070,14.11
7400424,1075144,9.01
7400424,1075149,11.39
7400424,1075153,16.05
7400424,1075162,28.58
7400424,1075168,8.05
7400424,1075200,9.01
7400424,1075233,9.28
7400424,1075234,11.37
7400424,1075274,19.85
7400424,1075275,13.34
7400424,1075277,13.25
7400424,1075281,7.45
7400424,1075289,9.83
7400424,1075291,7.29
7400424,1075301,5.71
7400424,1075312,14.45
7400424,1075326,29.82
7400424,1075335,19.81
7400424,1075337,22.48
7400424,1075349,30.06
7400424,1075355,11.69
7400424,1075366,4.92
7400424,1075368,2.81
7400424,1075596,13.38
7400424,1075607,44.65
7400424,1075715,56.12
7400424,1075780,12.46
7400424,1075899,32.01
7400424,1075931,30.02
7400424,1076003,9.11
7400424,1076035,12.07
7400424,1076057,18.79
7400424,1076123,6.35
7400424,1076139,43.25
7400424,1076186,18.96
7400424,1076206,9.48
7400424,1076265,52.52
7400424,1076281,17.03
7400424,1076290,9.71
7400424,1076386,8.35
7400424,1076388,7.61
7400424,1076390,26.59
7400424,1076402,7.33
7400424,1076562,40.87
7400424,1076651,52.45
7400424,1076710,51.96
7400424,1076813,7.64
7400424,1076817,6.99
7400424,1077330,10.75
7400424,1077337,7.05
7400424,1077339,8.87
7400424,1077351,19.38
7400424,1077697,4.69
7400424,1077886,40.29
7400424,1078107,5.03
7400424,1078159,10.52
7400424,1078189,1.87
7400424,1078277,1.79
7400424,1078315,10.22
7400424,1078365,2.57
7400424,1078583,3.74
7400424,1078584,167.75
7400424,1078588,16.58
7400424,1078599,22.18
7400424,1078600,6.64
7400424,1078608,16.91
7400424,1079315,822.5
7400424,1079340,37.55
7400424,1079487,71.83
7400424,1079549,82.43
7400424,1079560,31.7
7400424,1079595,508.2
7400424,1079828,14.76
7400424,1079878,1099.48
7400424,1079960,57.01
7400424,1079965,66.29
7400424,1080070,18.32
7400424,1080078,68.71
7400424,1080194,19.31
7400424,1080196,12.46
7400424,1080200,7.1
7400424,1080253,12.95
7400424,1080292,352.5
7400424,1080333,93.98
7400424,1080502,35.64
7400424,1080506,20.89
7400424,1080508,291.93
7400424,1080593,261.45
7400424,1080641,644.84
7400424,1080678,241.19
7400424,1080679,271.72
7400424,1080700,148.92
7400424,1080713,11.52
7400424,1080729,1001.44
7400424,1080762,50.7
7400424,1080774,478.46
7400424,1080779,523.05
7400424,1080813,186.41
7400424,1080819,144.38
7400424,1080835,389.42
7400424,1080836,156.75
7400424,1080903,14.26
7400424,1080993,170.12
7400424,1081097,598.51
7400424,1081109,20.33
7400424,1081689,6.72
7400424,1081690,9.14
7400424,1081692,14.26
7400424,1081703,17.45
7400424,1081751,15.45
7400424,1081755,27.97
7400424,1081772,15.28
7400424,1081775,678.56
7400424,1081789,728.5
7400424,1081806,6.71
7400424,1082026,466.09
7400424,1082028,301
7400424,1082076,235.24
7400424,1082104,33.41
7400424,1082138,110.09
7400424,1082141,146.88
7400424,1082145,31.9
7400424,1082149,351.37
7400424,1082174,519.16
7400424,1082206,11.03
7400424,1082334,52.8
7400424,1082374,11.86
7400424,1082386,180.34
7400424,1082469,27.91
7400424,1082471,4.16
7400424,1082488,31.85
7400424,1082489,2.21
7400424,1082496,238.45
7400424,1082497,260.34
7400424,1082500,804.92
7400424,1082503,1635.34
7400424,1082504,541.93
7400424,1082508,197.74
7400424,1082511,515.7
7400424,1082516,125.81
7400424,1082518,602.81
7400424,1082520,1610.85
7400424,1082544,57.28
7400424,1082597,647.01
7400424,1082661,613.86
7400424,1082704,58.63
7400424,1082718,50.8
7400424,1082747,611.86
7400424,1082748,112.4
7400424,1082762,158.58
7400424,1082771,546.38
7400424,1082778,143.78
7400424,1082782,156.75
7400424,1082783,170.74
7400424,1082787,71.73
7400424,1082791,383.99
7400424,1082795,9.55
7400424,1082900,255.53
7400424,1082936,23.62
7400424,1082937,83.04
7400424,1082940,26.67
7400424,1082941,31.4
7400424,1082983,12.94
7400424,1082987,47
7400424,1082988,8.14
7400424,1083000,16.45
7400424,1083026,33.3
7400424,1083028,35.59
7400424,1083050,1005.85
7400424,1083094,29.94
7400424,1083096,208.8
7400424,1083137,270.32
7400424,1083141,19.67
7400424,1083165,27.87
7400424,1083189,62.16
7400424,1083201,18.98
7400424,1083203,57.93
7400424,1083346,511.2
7400424,1083388,12.29
7400424,1083392,11.81
7400424,1083395,483.87
7400424,1083408,31.9
7400424,1083422,490.92
7400424,1083469,58.08
7400424,1083665,36.81
7400424,1087442,64.86
7400424,1087745,39.97
7400424,1088841,95.54
7400424,1090276,49.56
7400424,1091084,36.13
7400424,1091156,35.14
7400424,1091157,35.14
7400424,1091159,28.31
7400424,1091160,33.48
7400424,1091188,52.12
7400424,1091209,37.24
7400424,1091210,49.96
7400424,1091236,253.8
7400424,1091238,50.85
7400424,1091246,0.01
7400424,1091253,49.22
7400424,1091276,31.76
7400424,1091277,38.72
7400424,1091278,61.93
7400424,1091283,29.73
7400424,1091362,15.57
7400424,1091403,70.5
7400424,1091407,51.95
7400424,1091431,58.24
7400424,1091439,37
7400424,1091440,39.94
7400424,1091490,49.95
7400424,1091522,253.8
7400424,1091552,34.94
7400424,1091577,35.74
7400424,1091597,0.01
7400424,1091604,36.86
7400424,1091613,28.72
7400424,1091624,42.37
7400424,1091662,32.9
7400424,1091715,33.15
7400424,1091741,9.4
7400424,1091774,30.29
7400424,1091776,64.58
7400424,1091784,70.5
7400424,1091871,37.65
7400424,1091914,66.69
7400424,1091992,40.74
7400424,1091993,39.29
7400424,1092005,48.22
7400424,1092019,48.25
7400424,1092037,50.9
7400424,1092087,30.1
7400424,1092100,72.38
7400424,1092116,29.01
7400424,1092117,41.98
7400424,1092151,27.11
7400424,1092152,56.92
7400424,1092251,24.75
7400424,1092253,31.51
7400424,1092320,53.46
7400424,1092335,60.92
7400424,1092347,52.79
7400424,1092392,135.6
7400424,1092437,94
7400424,1092485,42.05
7400424,1092489,36.6
7400424,1092491,31.14
7400424,1092494,30.71
7400424,1092505,29.3
7400424,1092526,0.01
7400424,1092615,35.72
7400424,1092666,37.06
7400424,1092700,94
7400424,1092707,31.08
7400424,1092739,41.85
7400424,1092740,37.11
7400424,1092750,33.14
7400424,1092752,32.11
7400424,1092755,34.31
7400424,1092757,29.07
7400424,1092759,39.12
7400424,1092761,43.12
7400424,1092763,49.59
7400424,1092769,42.04
7400424,1092783,46.62
7400424,1092784,20.42
7400424,1092828,22.99
7400424,1092892,19.08
7400424,1092901,57.75
7400424,1093209,71.82
7400424,1093210,91.42
7400424,1093226,67.6
7400424,1093227,35.09
7400424,1093246,47.33
7400424,1093258,27.08
7400424,1093292,19.08
7400424,1093295,0
7400424,1093295,18.73
7400424,1093298,9.4
7400424,1093302,70.5
7400424,1093385,61.61
7400424,1093425,59.87
7400424,1093467,36.13
7400424,1093552,41.6
7400424,1093601,47.02
7400424,1093613,55.34
7400424,1093637,32.32
7400424,1093638,54.24
7400424,1093639,30.16
7400424,1093640,45.23
7400424,1093641,54.54
7400424,1093645,40.49
7400424,1093648,38.33
7400424,1093653,39.27
7400424,1093654,107.04
7400424,1093655,79.36
7400424,1093656,60.76
7400424,1093658,56.99
7400424,1093659,77.17
7400424,1093704,28.2
7400424,1095862,144.65
7400424,1095870,135.04
7400424,1095945,6.15
7400424,1096274,6.15
7400424,1096821,39.61
7400424,1097457,9.44
7400424,1097464,19.36
7400424,1097469,19.36
7400424,1097493,30.44
7400424,1097707,8.17
7400424,1097804,6.09
7400424,1097899,12.35
7400424,1098012,18.8
7400424,1099680,11.02
7400424,1101483,35
7400424,1101528,77.13
7400424,1101783,5.93
7400424,1102178,99.32
7400424,1114871,16.13
7400424,1115097,2.2
7400424,1115113,4.47
7400424,1115217,100.96
7400424,1115287,4.01
7400424,1115309,43.71
7400424,1115322,94.67
7400424,1115364,14.03
7400424,1115382,11.35
7400424,1115383,6.78
7400424,1115450,48.42
7400424,1115514,4.91
7400424,1115531,34.05
7400424,1115533,15.03
7400424,1115534,20.43
7400424,1115547,11.68
7400424,1115608,8.24
7400424,1115610,5.44
7400424,1115612,5.33
7400424,1115613,5.06
7400424,1115621,12.28
7400424,1115636,5.04
7400424,1115670,113.86
7400424,1115682,4.7
7400424,1115703,34.96
7400424,1115712,54.34
7400424,1115713,14.53
7400424,1115732,24.51
7400424,1115756,13.5
7400424,1115761,244.38
7400424,1115798,26.41
7400424,1115802,8.53
7400424,1115803,392.93
7400424,1115807,15.64
7400424,1115893,109.7
7400424,1115894,109.67
7400424,1115895,109.7
7400424,1115896,109.7
7400424,1115898,109.7
7400424,1115927,6.86
7400424,1115971,20.05
7400424,1116111,46.69
7400424,1116260,42.35
7400424,1116266,108.26
7400424,1116364,109.7
7400424,1116374,18.52
7400424,1116381,4.37
7400424,1116389,9.62
7400424,1116398,4.91
7400424,1116412,5.32
7400424,1116418,5.58
7400424,1116420,11.34
7400424,1117049,11.05
7400424,1117086,64.66
7400424,1117277,41.57
7400424,1117906,26.9
7400424,1117907,26.9
7400424,1117909,27.22
7400424,1117915,26.9
7400424,1117995,264.15
7400424,1118018,27.22
7400424,1118027,27.22
7400424,1118028,27.22
7400424,1118033,37.12
7400424,1118047,37.12
7400424,1118059,38.85
7400424,1118061,38.85
7400424,1118063,38.85
7400424,1118068,58.55
7400424,1118069,58.55
7400424,1118071,58.55
7400424,1118072,30.03
7400424,1118073,30.03
7400424,1118074,30.03
7400424,1118094,41.51
7400424,1118117,64.06
7400424,1118123,41.57
7400424,1118128,70.7
7400424,1118149,55.81
7400424,1118157,55.81
7400424,1118159,55.81
7400424,1118161,55.81
7400424,1118195,58.55
7400424,1118235,40.46
7400424,1118236,41.57
7400424,1118237,40.46
7400424,1118275,104.85
7400424,1118295,29.63
7400424,1118301,41.57
7400424,1118303,64.06
7400424,1118307,104.85
7400424,1118309,81.8
7400424,1118312,28.14
7400424,1118313,17.64
7400424,1118314,28.14
7400424,1118315,28.14
7400424,1118316,17.64
7400424,1118317,35.27
7400424,1118320,31.04
7400424,1118321,22.27
7400424,1118325,25.34
7400424,1118341,13.14
7400424,1118347,64.06
7400424,1118446,203.47
7400424,1118477,180.68
7400424,1118486,19.7
7400424,1118489,18.58
7400424,1118491,12.35
7400424,1118493,18.79
7400424,1118519,88.17
7400424,1118529,59.98
7400424,1118531,23.19
7400424,1118543,78.92
7400424,1118565,64.04
7400424,1118581,382.46
7400424,1118583,264.15
7400424,1118586,264.15
7400424,1118630,86.73
7400424,1118751,24.63
7400424,1119375,29.23
7400424,1119377,29.23
7400424,1119379,29.23
7400424,1119389,17.64
7400424,1119391,26.9
7400424,1119711,70.03
7400424,1119879,27.57
7400424,1119880,27.57
7400424,1119881,27.57
7400424,1119882,27.57
7400424,1119901,45.26
7400424,1120571,177.73
7400424,1120991,279.84
7400424,1121304,70.03
7400424,1121451,41.51
7400424,1121955,192.18
7400424,1121969,279.84
7400424,1122081,82.94
7400424,1122131,78.92
7400424,1122448,41.05
7400424,1122449,40.46
7400424,1122450,41.05
7400424,1122451,41.05
7400424,1122842,11.81
7400424,1123134,24.3
7400424,1123135,113.49
7400424,1123351,7.23
7400424,1123352,5.21
7400424,1123482,13.05
7400424,1123560,138.4
7400424,1123725,3.55
7400424,1123726,2.67
7400424,1123728,3.35
7400424,1123803,171.95
7400424,1123815,15.25
7400424,1123822,25.43
7400424,1124024,7.32
7400424,1124139,7.38
7400424,1124185,27.69
7400424,1124190,33.26
7400424,1124237,98.36
7400424,1124263,12.95
7400424,1124277,33.03
7400424,1124299,140.51
7400424,1124347,55.86
7400424,1124379,10.36
7400424,1124407,240.17
7400424,1124722,5.18
7400424,1124725,10.77
7400424,1124857,29.33
7400424,1124901,19.33
7400424,1124902,14.43
7400424,1125095,215.47
7400424,1125120,6.36
7400424,1125187,51.22
7400424,1127362,27.6
7400424,1127368,6.24
7400424,1137787,37.35
7400424,1138097,5.71
7400424,1138241,4.66
7400424,1138358,46.64
7400424,1138448,85.78
7400424,1138588,68.83
7400424,1138617,4.18
7400424,1138664,3.48
7400424,1138774,8.26
7400424,1138873,82.76
7400424,1139491,13.84
7400424,1139492,8.93
7400424,1139598,23.31
7400424,1139655,46.37
7400424,1140003,193.76
7400424,1140365,54.81
7400424,1140369,43.85
7400424,1140390,48.01
7400424,1140391,71.25
7400424,1140393,60.09
7400424,1141664,31.09
7400424,1141665,36.28
7400424,1141725,64.66
7400424,1142359,2.54
7400424,1142372,31.55
7400424,1142717,42.61
7400424,1143269,47.82
7400424,1143993,91.32
7400424,1144066,2.26
7400424,1144071,6.57
7400424,1144079,6.74
7400424,1144093,44.09
7400424,1144100,22.09
7400424,1144105,58.5
7400424,1144140,75.16
7400424,1144142,48.99
7400424,1144396,110.43
7400424,1145606,72.85
7400424,1145607,79.84
7400424,1145855,67.59
7400424,1146600,45.26
7400424,1146601,45.26
7400424,1146602,45.26
7400424,1146715,429.9
7400424,1147209,81.99
7400424,1147458,89.95
7400424,1147808,116.33
7400424,1147929,7.3
7400424,1148195,72.03
7400424,1148572,68.76
7400424,1148589,36.95
7400424,1148590,38.26
7400424,1148608,730.92
7400424,1148941,724.65
7400424,1150566,70.37
7400424,1151468,3.27
7400424,1151690,17.6
7400424,1152194,46.87
7400424,1152965,50.97
7400424,1154521,4.84
7400424,1154918,793.05
7400424,1156213,11.84
7400424,1156508,55.74
7400424,1156728,44.26
7400424,1157082,90.63
7400424,1157090,10.34
7400424,1157604,36.78
7400424,1157744,38.82
7400424,1157859,64.66
7400424,1157863,64.66
7400424,1157865,64.06
7400424,1157886,40.46
7400424,1157895,41.05
7400424,1157897,48.26
7400424,1157956,66.39
7400424,1157961,43.55
7400424,1157963,41.62
7400424,1158315,45.34
7400424,1158323,15.75
7400424,1158339,59.41
7400424,1158362,50.68
7400424,1158583,41.62
7400424,1158817,37.46
7400424,1158820,35.33
7400424,1158821,36.23
7400424,1158823,45.54
7400424,1158824,34.09
7400424,1158825,43.01
7400424,1158832,70.5
7400424,1158963,67.59
7400424,1159332,58.88
7400424,1159561,47.16
7400424,1159565,59.08
7400424,1159616,38.08
7400424,1159681,56.85
7400424,1159696,78.29
7400424,1159758,7.32
7400424,1159935,101.76
7400424,1159938,101.76
7400424,1159954,50.62
7400424,1160566,25.2
7400424,1160566,25.2
7400424,1160601,70.5
7400424,1160668,0.01
7400424,1160719,53.85
7400424,1161054,40.1
7400424,1161255,42.35
7400424,1161546,55.34
7400424,1161728,67.59
7400424,1162008,29.38
7400424,1162191,78.92
7400424,1162424,70.5
7400424,1162426,19.56
7400424,1162524,60.98
7400424,1162555,63.22
7400424,1162632,43.19
7400424,1162670,43.02
7400424,1162671,47.92
7400424,1162672,36.53
7400424,1162773,83.31
7400424,1163131,84.6
7400424,1163132,53.94
7400424,1163313,51.63
7400424,1163361,22.51
7400424,1163596,53.29
7400424,1163721,27.84
7400424,1163722,41.04
7400424,1163723,44.9
7400424,1163726,84.6
7400424,1163728,23.5
7400424,1164082,356.78
7400424,1164093,37.91
7400424,1164154,55.84
7400424,1164159,84.6
7400424,1164162,57.6
7400424,1165019,33.62
7400424,1165060,36.15
7400424,1165062,32.34
7400424,1165064,35.76
7400424,1165126,84.6
7400424,1165311,29.92
7400424,1165311,29.92
7400424,1166362,54.05
7400424,1166674,44.66
7400424,1166677,46.68
7400424,1166708,56.2
7400424,1166746,51.9
7400424,1167167,10.22
7400424,1167169,32.31
7400424,1167237,87.15
7400424,1167807,62.02
7400424,1167844,83.31
7400424,1167999,73.99
7400424,1168082,1.18
7400424,1168083,1.18
7400424,1168277,87.15
7400424,1168282,74.75
7400424,1168283,73.99
7400424,1168284,83.31
7400424,1168306,1.18
7400424,1168307,1.18
7400424,1168308,3.53
7400424,1168309,3.53
7400424,1168315,1.18
7400424,1168317,3.53
7400424,1168328,84.6
7400424,1168847,30.54
7400424,1168847,30.54
7400424,1168872,41.51
7400424,1169068,58.63
7400424,1169278,62.4
7400424,1170146,313.31
7400424,1170313,50.9
7400424,1170689,47.82
7400424,1170874,37.35
7400424,1170876,37.35
7400424,1170879,37.35
7400424,1170881,37.35
7400424,1171004,31
7400424,1171004,31
7400424,1171109,57.45
7400424,1171575,1092.26
7400424,1172337,47.28
7400424,1172608,40.54
7400424,1172662,40.5
7400424,1172751,7.17
7400424,1173218,50.78
7400424,1174803,55.85
7400424,1175688,0.47
7400424,1175870,24.05
7400424,1176109,67.59
7400424,1176665,67.59
7400424,1177025,23.68
7400424,1177075,207.69
7400424,1177180,39.14
7400424,1177267,8.25
7400424,1178908,81.31
7400424,1179791,24.35
7400424,1179793,43.71
7400424,1179796,109.25
7400424,1179797,31.07
7400424,1179798,56.52
7400424,1179801,63.56
7400424,1179802,63.56
7400424,1179803,63.56
7400424,1179923,39.15
7400424,1179924,34.24
7400424,1180022,14.25
7400424,1180925,88.08
7400424,1181282,40.35
7400424,1181527,65.72
7400424,1181528,65.72
7400424,1181784,65.72
7400424,1181785,65.72
7400424,1181959,26.44
7400424,1182095,36.93
7400424,1182848,40.35
7400424,1183545,3.83
7400424,1183558,58.75
7400424,1183743,16.34
7400424,1185209,0.01
7400424,1185289,802.38
7400424,1186197,39.81
7400424,1186221,67.03
7400424,1187983,82.25
7400424,1189235,27.31
7400424,1189236,27.31
7400424,1189237,42.85
7400424,1189238,28.27
7400424,1189292,182.35
7400424,1189293,182.35
7400424,1189294,182.35
7400424,1189296,24.15
7400424,1189297,24.49
7400424,1189298,47.07
7400424,1189299,60.96
7400424,1189347,23.38
7400424,1189395,56.52
7400424,1189396,56.52
7400424,1189400,81.86
7400424,1189401,74.08
7400424,1189404,55.85
7400424,1189407,45.74
7400424,1189409,26.57
7400424,1189410,22.69
7400424,1189524,77.81
7400424,1190638,90.6
7400424,1190640,71.05
7400424,1191144,18.74
7400424,1191234,91.38
7400424,1191321,37.19
7400424,1192176,57.83
7400424,1194284,24.57
7400424,1194285,24.57
7400424,1196303,3.25
7400424,1196305,11.52
7400424,1196306,9.15
7400424,1196308,6.94
7400424,1196310,14.56
7400424,1196645,15.65
7400424,1196681,70.59
7400424,1196861,32.9
7400424,1198459,54.81
7400424,1199053,59.41
7400424,1199902,84.44
7400424,1200254,18.91
7400424,1200920,51.56
7400424,1201457,24.95
7400424,1201880,30.01
7400424,1202535,30.27
7400424,1202840,19
7400424,1203109,47.82
7400424,1203515,52.26
7400424,1203840,42.08
7400424,1203896,12.69
7400424,1204907,57.01
7400424,1205045,192.96
7400424,1205269,31.61
7400424,1206562,3.4
7400424,1206724,285.87
7400424,1206914,56.24
7400424,1206948,37.74
7400424,1206955,36.73
7400424,1206958,26.1
7400424,1207158,34.55
7400424,1207345,21.56
7400424,1207577,39.64
7400424,1207580,53.18
7400424,1207788,13.97
7400424,1208297,218.89
7400424,1208532,15.58
7400424,1208628,24.95
7400424,1208629,5.76
7400424,1208631,4.86
7400424,1208888,35.72
7400424,1208889,64.04
7400424,1209001,36.5
7400424,1209279,53.04
7400424,1209850,19.09
7400424,1210614,51.47
7400424,1210751,46.95
7400424,1210752,47.16
7400424,1210784,38.29
7400424,1211736,272.17
7400424,1211843,52.7
7400424,1211844,52.11
7400424,1211868,58.48
7400424,1211893,32.77
7400424,1211894,32.77
7400424,1213073,11.55
7400424,1213550,6.22
7400424,1213896,37.74
7400424,1213898,37.74
7400424,1214914,30.15
7400424,1215970,43.89
7400424,1216042,34.53
7400424,1216181,70.01
7400424,1216439,90.63
7400424,1217519,43.29
7400424,1217646,80.05
7400424,1217656,23.45
7400424,1218041,45.18
7400424,1218300,51.63
7400424,1218438,42.77
7400424,1218751,95.54
7400424,1218900,68.62
7400424,1218901,65.58
7400424,1219058,32.54
7400424,1219063,15.03
7400424,1219310,172.37
7400424,1219371,51.76
7400424,1219380,10.77
7400424,1219586,80.72
7400424,1219701,15.57
7400424,1220183,214.79
7400424,1220185,86.35
7400424,1220629,49.14
7400424,1220650,33.7
7400424,1220680,6.31
7400424,1220873,36.1
7400424,1221297,0.71
7400424,1221372,211.5
7400424,1222106,11.64
7400424,1222446,73.73
7400424,1222477,9.4
7400424,1222848,20.79
7400424,1223397,331.26
7400424,1224114,21.64
7400424,1224187,4.75
7400424,1224245,63.32
7400424,1224251,49.77
7400424,1224487,80.7
7400424,1224887,455.31
7400424,1225140,124.89
7400424,1225342,54.87
7400424,1225536,55.85
7400424,1226166,27.62
7400424,1226741,81.99
7400424,1226742,88.77
7400424,1228229,9.01
7400424,1228285,205.79
7400424,1229291,6.82
7400424,1229302,17.1
7400424,1229447,0.68
7400424,1229749,24.55
7400424,1229961,807.38
7400424,1230016,273.92
7400424,1230377,22.62
7400424,1230377,22.62
7400424,1230643,10.4
7400424,1230686,90.64
7400424,1230870,8.1
7400424,1231086,53.46
7400424,1231135,22.64
7400424,1231257,39.16
7400424,1231737,24.35
7400424,1231739,55.62
7400424,1232235,55.62
7400424,1232558,64.14
7400424,1232578,40.28
7400424,1232578,40.28
7400424,1232611,79.01
7400424,1232616,67.81
7400424,1232692,19
7400424,1232692,19
7400424,1232896,57.66
7400424,1233322,19.88
7400424,1233322,19.88
7400424,1233605,55.62
7400424,1233671,22.08
7400424,1233671,22.08
7400424,1233999,22.02
7400424,1234008,9.48
7400424,1234050,49.07
7400424,1234080,9.42
7400424,1234185,4.17
7400424,1234251,29.02
7400424,1234251,29.02
7400424,1234346,45.39
7400424,1234346,45.39
7400424,1234347,39.89
7400424,1234347,39.89
7400424,1234349,15.13
7400424,1234349,15.13
7400424,1234353,14.43
7400424,1234353,14.43
7400424,1234364,15.22
7400424,1234364,15.22
7400424,1234368,29.4
7400424,1234368,29.4
7400424,1234370,22.57
7400424,1234370,22.57
7400424,1234375,41.17
7400424,1234375,41.17
7400424,1234376,32.29
7400424,1234376,32.29
7400424,1234381,43.48
7400424,1234381,43.48
7400424,1234382,34.17
7400424,1234382,34.17
7400424,1234386,35.67
7400424,1234386,35.67
7400424,1234629,71.63
7400424,1235845,524.48
7400424,1235875,99.89
7400424,1236032,196.33
7400424,1236429,0.58
7400424,1236468,51.85
7400424,1236633,39.89
7400424,1237068,328.26
7400424,1237087,336.39
7400424,1237088,352.5
7400424,1237269,75.56
7400424,1238023,358.27
7400424,1238250,28.26
7400424,1238301,5.33
7400424,1238572,111.12
7400424,1239689,71.83
7400424,1239758,37.74
7400424,1240173,112.96
7400424,1240741,29.49
7400424,1241021,0.68
7400424,1241325,11.52
7400424,1241495,61.39
7400424,1241496,61.39
7400424,1241544,481.64
7400424,1242142,238.96
7400424,1242273,86.93
7400424,1243222,31.62
7400424,1243823,71.57
7400424,1244261,57.69
7400424,1244262,57.69
7400424,1244263,57.69
7400424,1244264,57.69
7400424,1246065,30.98
7400424,1246308,87.6
7400424,1246322,100.65
7400424,1246323,37.71
7400424,1246354,54.07
7400424,1246429,76.38
7400424,1246724,93.92
7400424,1246774,0.71
7400424,1247146,91.92
7400424,1247338,48.4
7400424,1247487,9.64
7400424,1247488,10.14
7400424,1247489,9.33
7400424,1247490,10.14
7400424,1247491,9.33
7400424,1247492,10.87
7400424,1247493,12.34
7400424,1247494,11.29
7400424,1247495,12.34
7400424,1247496,11.29
7400424,1247689,56.22
7400424,1247801,0.56
7400424,1247802,0.53
7400424,1247803,0.54
7400424,1247805,0.56
7400424,1247812,16.86
7400424,1247875,30.04
7400424,1248205,23.36
7400424,1248489,80.05
7400424,1248799,52.64
7400424,1248830,11.71
7400424,1248863,30.57
7400424,1248936,67.26
7400424,1249028,115.48
7400424,1249918,8.46
7400424,1250056,44.12
7400424,1250059,34.13
7400424,1250329,3.71
7400424,1250565,18.79
7400424,1250630,46.05
7400424,1250868,36.04
7400424,1251096,81.31
7400424,1251097,71.78
7400424,1251135,34.44
7400424,1251168,453.89
7400424,1251169,341.93
7400424,1251244,78.65
7400424,1251251,52.16
7400424,1251450,5.45
7400424,1251693,45.39
7400424,1252417,3.25
7400424,1252554,55.46
7400424,1252556,63.57
7400424,1252820,35.25
7400424,1253398,86.33
7400424,1253404,69.25
7400424,1253405,81.09
7400424,1253406,69.25
7400424,1253408,55.21
7400424,1253409,69.25
7400424,1253411,151.55
7400424,1253421,80.73
7400424,1253422,80.73
7400424,1253423,80.73
7400424,1253426,106.27
7400424,1253430,80.73
7400424,1253431,97.84
7400424,1253436,92.28
7400424,1253437,92.26
7400424,1253439,92.26
7400424,1253440,73.58
7400424,1253444,73.58
7400424,1253497,131.53
7400424,1253499,131.53
7400424,1253500,131.53
7400424,1253502,131.53
7400424,1253503,131.53
7400424,1253506,267.97
7400424,1253523,294.4
7400424,1253529,296.57
7400424,1253532,159.8
7400424,1253742,4.91
7400424,1254403,64.38
7400424,1254782,35.18
7400424,1254783,38.65
7400424,1254784,40.47
7400424,1254785,35.06
7400424,1254786,36.53
7400424,1254789,36.53
7400424,1254791,34.04
7400424,1254794,35.25
7400424,1254795,38.66
7400424,1254796,38.66
7400424,1256288,109.7
7400424,1256664,6.12
7400424,1256752,141.88
7400424,1257387,15.35
7400424,1257697,62.58
7400424,1257705,28.76
7400424,1258686,38.03
7400424,1259084,201.5
7400424,1259368,64.27
7400424,1259428,71.64
7400424,1259431,94.11
7400424,1259434,128.3
7400424,1259828,56.52
7400424,1260002,92.54
7400424,1260026,60.43
7400424,1260345,61.37
7400424,1260587,66.92
7400424,1260895,81.96
7400424,1260922,50.84
7400424,1261271,70.5
7400424,1261610,12.8
7400424,1262803,70.21
7400424,1262906,49.96
7400424,1263277,69.85
7400424,1263579,77.37
7400424,1264388,42.61
7400424,1264710,63.29
7400424,1264711,63.29
7400424,1264778,18.01
7400424,1265102,63.29
7400424,1265103,63.29
7400424,1266188,77.37
7400424,1266890,34.31
7400424,1267034,71.64
7400424,1267056,2094.98
7400424,1267147,31.62
7400424,1267905,33.86
7400424,1268153,31.62
7400424,1268232,0.01
7400424,1268573,48.53
7400424,1269362,87.89
7400424,1269883,16.04
7400424,1269885,48.26
7400424,1270324,29.38
7400424,1270735,76.06
7400424,1270836,41.89
7400424,1271720,89.19
7400424,1271981,26.66
7400424,1272321,5.04
7400424,1272554,41.57
7400424,1272555,48.26
7400424,1272556,48.26
7400424,1272557,74.08
7400424,1272558,70.36
7400424,1272559,57.13
7400424,1272560,57.13
7400424,1272561,57.13
7400424,1272562,61.39
7400424,1273475,51.1
7400424,1274253,13.97
7400424,1274296,7.92
7400424,1274563,133.59
7400424,1274784,592.54
7400424,1274807,82.37
7400424,1274863,2.94
7400424,1274882,70.74
7400424,1274947,56.96
7400424,1274950,1.18
7400424,1274951,1.18
7400424,1275017,47.29
7400424,1275211,76.06
7400424,1275630,187.32
7400424,1275755,29.49
7400424,1276351,34.31
7400424,1276352,34.31
7400424,1276353,34.31
7400424,1276698,61.98
7400424,1276699,59.46
7400424,1276730,169.06
7400424,1276772,61.79
7400424,1276788,42.38
7400424,1277038,53.4
7400424,1277907,11.15
7400424,1278189,65.52
7400424,1279130,26.33
7400424,1279834,33.7
7400424,1281153,71.13
7400424,1281996,27.15
7400424,1282408,37.78
7400424,1282410,37.78
7400424,1282418,33.02
7400424,1282419,54.99
7400424,1282435,80.02
7400424,1282436,18.98
7400424,1282437,84.07
7400424,1282757,53.46
7400424,1283206,64.33
7400424,1283207,46.06
7400424,1283209,46.06
7400424,1283336,18.98
7400424,1283337,25.32
7400424,1283338,25.32
7400424,1283339,25.32
7400424,1283342,6.35
7400424,1283346,49.88
7400424,1283347,41.6
7400424,1283348,41.6
7400424,1283349,62.1
7400424,1283350,53.99
7400424,1283361,25.32
7400424,1283690,83.67
7400424,1284052,51.45
7400424,1284287,76.72
7400424,1284872,0.47
7400424,1285124,77.08
7400424,1285440,113.74
7400424,1285601,111.5
7400424,1285614,92.75
7400424,1285615,92.75
7400424,1285616,265.14
7400424,1285620,203.22
7400424,1285684,48.42
7400424,1285752,7.51
7400424,1285786,37.95
7400424,1285788,4.7
7400424,1285798,37.95
7400424,1287672,20.33
7400424,1287733,48.52
7400424,1287734,51.04
7400424,1288911,9.78
7400424,1289079,36.72
7400424,1289084,34.06
7400424,1289087,37.32
7400424,1289561,7.16
7400424,1289750,18.8
7400424,1291060,65.52
7400424,1291687,279.84
7400424,1292541,62.1
7400424,1293201,30.94
7400424,1293684,65.29
7400424,1293685,75.2
7400424,1293816,44.74
7400424,1293876,29.43
7400424,1294567,50.58
7400424,1295045,13.28
7400424,1295046,20.09
7400424,1295338,50.06
7400424,1295617,31.61
7400424,1295627,90.36
7400424,1295723,264.15
7400424,1295897,13.28
7400424,1295898,14.98
7400424,1296026,16.39
7400424,1296085,53.4
7400424,1296805,45.7
7400424,1297512,42.43
7400424,1297553,37.95
7400424,1297555,37.95
7400424,1297558,37.95
7400424,1298173,22.37
7400424,1298174,0.01
7400424,1298456,11.75
7400424,1298516,49.47
7400424,1300024,1.18
7400424,1300336,0.01
7400424,1300340,0.01
7400424,1300342,51.07
7400424,1300684,1.18
7400424,1300789,46.57
7400424,1301484,10.4
7400424,1301523,56.73
7400424,1301524,0.01
7400424,1302320,7.87
7400424,1302323,86.2
7400424,1302778,37.95
7400424,1302852,1.18
7400424,1303308,18.91
7400424,1303497,41.92
7400424,1303502,58.47
7400424,1303504,0.01
7400424,1303505,0.01
7400424,1303921,38.35
7400424,1304269,39.72
7400424,1304577,0.01
7400424,1304579,41.92
7400424,1305771,61.12
7400424,1305772,71.46
7400424,1305773,91.36
7400424,1305774,67.56
7400424,1305775,91.36
7400424,1305776,47.65
7400424,1305777,57.5
7400424,1305781,46.82
7400424,1305782,99.89
7400424,1305786,139.58
7400424,1305787,111.12
7400424,1305789,92.33
7400424,1305790,45.12
7400424,1305792,62.46
7400424,1305793,65.47
7400424,1305794,81.31
7400424,1305795,128.3
7400424,1305796,107.72
7400424,1305797,50.71
7400424,1305799,119.63
7400424,1305829,41.02
7400424,1305851,64.98
7400424,1306704,40.66
7400424,1306706,74.51
7400424,1306708,11.14
7400424,1306713,11.14
7400424,1306763,0.47
7400424,1306764,0.47
7400424,1307048,67.08
7400424,1307510,38.85
7400424,1307751,0.31
7400424,1307881,46.99
7400424,1308127,37.34
7400424,1308128,24.75
7400424,1308129,24.06
7400424,1308134,46.4
7400424,1308140,42.98
7400424,1308144,0.01
7400424,1308147,0.01
7400424,1308166,49.23
7400424,1309238,36.38
7400424,1309415,347.44
7400424,1309566,81.08
7400424,1309569,82.96
7400424,1310321,45.77
7400424,1310964,49.93
7400424,1311013,54.23
7400424,1311091,124.07
7400424,1311332,39.25
7400424,1311336,27.07
7400424,1311338,48.57
7400424,1311339,34.43
7400424,1311340,34.15
7400424,1311343,37.58
7400424,1311345,42.56
7400424,1311346,59.64
7400424,1311347,39.87
7400424,1311349,33.5
7400424,1311760,1.18
7400424,1311918,38.34
7400424,1312305,26.44
7400424,1312553,129.47
7400424,1312587,119.13
7400424,1312651,187.32
7400424,1313047,1.29
7400424,1313376,42.56
7400424,1313585,0.01
7400424,1313586,0.01
7400424,1313696,81.08
7400424,1313976,38.07
7400424,1314009,65.74
7400424,1314093,167.75
7400424,1314260,75.66
7400424,1314523,81.08
7400424,1314570,61.23
7400424,1314936,41.6
7400424,1314954,60.4
7400424,1314999,269.2
7400424,1315081,6.52
7400424,1315369,34.49
7400424,1315548,32.41
7400424,1315888,58.75
7400424,1316652,101.11
7400424,1316653,164.27
7400424,1316654,56.87
7400424,1316655,64.8
7400424,1316656,74.55
7400424,1316657,60.16
7400424,1317123,33.75
7400424,1317124,33.75
7400424,1317125,33.75
7400424,1317126,33.75
7400424,1317127,33.75
7400424,1317128,33.75
7400424,1317129,33.75
7400424,1317143,11.48
7400424,1317463,95.59
7400424,1317719,3.13
7400424,1318225,269.2
7400424,1318235,57.13
7400424,1318496,26.73
7400424,1318572,3.81
7400424,1319388,0.35
7400424,1319816,54.87
7400424,1319842,182.02
7400424,1319873,286.5
7400424,1320774,5.62
7400424,1320798,31.62
7400424,1321151,42.52
7400424,1321430,37.09
7400424,1321757,7.54
7400424,1322193,46.18
7400424,1322412,3.53
7400424,1322413,3.53
7400424,1323721,9.6
7400424,1323777,210.5
7400424,1323822,9.31
7400424,1324051,6.52
7400424,1324313,42.99
7400424,1324436,69.2
7400424,1324890,29.83
7400424,1325078,34.64
7400424,1325710,62.99
7400424,1325758,9.46
7400424,1325794,44.89
7400424,1326370,19.07
7400424,1326371,54.57
7400424,1326372,112.35
7400424,1326373,81.89
7400424,1326447,43.38
7400424,1326643,35.31
7400424,1326652,12.69
7400424,1326657,37.95
7400424,1326658,37.95
7400424,1327133,28.69
7400424,1327135,1.01
7400424,1328194,0.01
7400424,1328329,1.12
7400424,1329742,100.11
7400424,1329972,1.18
7400424,1330187,69.62
7400424,1330198,1.18
7400424,1330368,24.44
7400424,1330369,35.56
7400424,1330530,109.7
7400424,1330754,381.88
7400424,1330756,381.88
7400424,1330836,85.07
7400424,1331813,37.09
7400424,1332354,38.5
7400424,1332361,61.92
7400424,1332578,79.98
7400424,1332865,30.74
7400424,1333086,10.45
7400424,1333624,43.31
7400424,1334040,730.92
7400424,1334934,100.11
7400424,1335006,98.81
7400424,1335401,32.36
7400424,1336150,26.63
7400424,1336310,21.15
7400424,1336653,39.02
7400424,1337175,101.23
7400424,1337364,116.33
7400424,1337945,24.18
7400424,1337946,21.78
7400424,1338130,8.61
7400424,1338524,23.91
7400424,1338612,66.51
7400424,1338753,66.19
7400424,1338894,9.51
7400424,1338950,35.63
7400424,1339030,37.27
7400424,1339559,58.75
7400424,1340368,44.84
7400424,1340708,42.3
7400424,1340709,32.2
7400424,1340803,19.85
7400424,1340940,60.63
7400424,1341624,54.33
7400424,1342825,53.71
7400424,1343377,356.39
7400424,1344184,68.02
7400424,1344507,69.38
7400424,1344534,45.86
7400424,1345301,41.03
7400424,1346592,55.28
7400424,1346743,13.97
7400424,1346744,16.1
7400424,1347045,30.8
7400424,1347371,36.21
7400424,1347984,31.49
7400424,1348099,81.06
7400424,1348483,38.58
7400424,1350485,27.31
7400424,1350905,40.54
7400424,1352377,91.11
7400424,1352587,16.92
7400424,1352874,44.84
7400424,1353281,55.45
7400424,1353305,13.67
7400424,1355345,48.86
7400424,1355346,48.86
7400424,1355347,48.86
7400424,1355348,48.86
7400424,1355665,4.7
7400424,1356558,43.1
7400424,1357447,162.31
7400424,1358953,14.1
7400424,1359399,63.56
7400424,1359592,48.86
7400424,1360468,60.85
7400424,1360690,31.16
7400424,1360837,43.64
7400424,1361243,49.61
7400424,1361460,52.86
7400424,1361903,36.53
7400424,1362568,184.53
7400424,1362690,29.03
7400424,1362896,40.9
7400424,1363026,21.22
7400424,1363893,347.71
7400424,1363894,347.84
7400424,1363895,347.84
7400424,1363994,26.52
7400424,1364321,27.31
7400424,1364792,40.49
7400424,1364984,41.89
7400424,1365938,56.13
7400424,1366403,286.5
7400424,1367619,50.54
7400424,1367749,36.59
7400424,1367994,16.59
7400424,1368543,180.48
7400424,1368720,48.86
7400424,1368882,303.67
7400424,1368889,48.86
7400424,1368890,48.86
7400424,1370199,20.74
7400424,1370400,126.79
7400424,1370434,38.19
7400424,1370906,5.88
7400424,1370907,5.88
7400424,1371260,56.27
7400424,1371717,4.66
7400424,1372272,1.18
7400424,1372684,38.58
7400424,1372764,149.04
7400424,1374091,44.22
7400424,1374463,51.7
7400424,1374527,667.39
7400424,1374687,303.67
7400424,1374924,22.35
7400424,1376615,41.89
7400424,1377036,57.33
7400424,1377142,57.8
7400424,1378029,136.36
7400424,1378030,136.36
7400424,1379368,38.9
7400424,1379902,5.24
7400424,1380904,303.67
7400424,1381085,48.52
7400424,1381798,59.68
7400424,1381885,57.29
7400424,1382257,44.51
7400424,1382623,15.98
7400424,1383328,126.27
7400424,1383336,1503.06
7400424,1383531,30.24
7400424,1383533,45.31
7400424,1384798,468.95
7400424,1384810,38.6
7400424,1384824,2627.38
7400424,1384891,136.88
7400424,1385076,141.14
7400424,1385417,41.94
7400424,1385672,1148
7400424,1385673,984.18
7400424,1386260,2336.01
7400424,1386452,1175
7400424,1386454,1377.81
7400424,1386456,327.48
7400424,1386459,4.7
7400424,1386460,4.7
7400424,1386461,2.35
7400424,1386462,1.76
7400424,1386463,7.39
7400424,1389260,110.86
7400424,1389261,110.86
7400424,1389703,60.55
7400424,1389865,130.2
7400424,1390071,64.73
7400424,1390118,37.49
7400424,1391163,47.82
7400424,1392649,48.43
7400424,1394709,42.24
7400424,1394710,42.24
7400424,1394711,42.24
7400424,1395195,38.9
7400424,1396748,74.41
7400424,1396965,32.9
7400424,1398213,33.06
7400424,1398215,74.81
7400424,1398849,50.38
7400424,1398967,77.27
7400424,1000014,75.05
7400424,1000149,31.45
7400424,1000151,33.95
7400424,1000154,38.06
7400424,1000156,27.75
7400424,1000868,36.97
7400424,1001234,35.91
7400424,1001326,54.61
7400424,1001756,32.24
7400424,1001803,71.21
7400424,1001804,2.29
7400424,1001813,44.19
7400424,1001814,37.25
7400424,1001888,24.84
7400424,1001889,31.64
7400424,1001908,37.47
7400424,1002012,25.98
7400424,1002017,38.26
7400424,1002019,38.06
7400424,1002053,71.4
7400424,1002063,4.43
7400424,1002065,86.29
7400424,1002080,3.55
7400424,1002499,19.92
7400424,1003235,4.25
7400424,1003277,48.94
7400424,1003300,5.06
7400424,1003401,3.68
7400424,1003438,4.57
7400424,1003486,4.66
7400424,1003508,59.5
7400424,1003510,81.22
7400424,1003517,2.29
7400424,1003741,116.36
7400424,1003772,81.91
7400424,1004134,38.63
7400424,1004250,99.35
7400424,1004311,7.23
7400424,1004312,100.67
7400424,1004313,17.17
7400424,1004314,77.32
7400424,1004315,20.06
7400424,1004316,1.52
7400424,1004351,133.21
7400424,1004352,183.75
7400424,1004353,156.44
7400424,1004456,89.89
7400424,1004702,4.15
7400424,1004703,15.42
7400424,1005029,75.93
7400424,1005242,94.33
7400424,1005613,140.44
7400424,1005710,0.01
7400424,1006063,59.26
7400424,1006233,4.9
7400424,1006467,57.09
7400424,1006713,52.91
7400424,1007151,105.39
7400424,1007352,24.45
7400424,1007461,47.38
7400424,1007538,62.03
7400424,1007699,60.77
7400424,1007862,59.7
7400424,1007863,67.83
7400424,1008129,43.36
7400424,1008159,53.13
7400424,1008382,2.67
7400424,1008383,105.97
7400424,1008402,81.99
7400424,1008655,38.7
7400424,1008823,0.82
7400424,1009139,96.36
7400424,1009459,67.41
7400424,1009556,14.99
7400424,1009933,153.87
7400424,1009958,57.09
7400424,1009959,62.03
7400424,1010004,168.44
7400424,1010075,74.62
7400424,1010179,92.38
7400424,1010214,221.97
7400424,1010225,144.42
7400424,1010227,85.61
7400424,1010231,171.03
7400424,1010233,189.97
7400424,1010234,227.62
7400424,1010238,178.34
7400424,1010257,100.86
7400424,1010287,171.29
7400424,1010342,96.82
7400424,1010455,159.98
7400424,1010465,144.23
7400424,1010479,130.6
7400424,1010505,66.22
7400424,1010506,64.71
7400424,1010511,78.26
7400424,1010516,87.13
7400424,1010526,97.41
7400424,1010528,87.36
7400424,1010533,106.81
7400424,1010541,90.42
7400424,1010544,136.12
7400424,1010547,127.46
7400424,1010557,127.61
7400424,1010574,125.49
7400424,1010630,83.57
7400424,1010633,71.63
7400424,1010638,78.27
7400424,1010642,105.12
7400424,1010649,109.09
7400424,1010654,125.58
7400424,1010684,127.12
7400424,1010689,91.17
7400424,1010725,136.97
7400424,1010728,168.4
7400424,1010777,64.34
7400424,1010785,70.59
7400424,1010791,57.08
7400424,1010794,72.97
7400424,1010814,36.48
7400424,1010816,42.63
7400424,1010824,94.38
7400424,1010831,51.32
7400424,1010837,43.12
7400424,1010838,53.36
7400424,1010873,351.8
7400424,1010885,81.73
7400424,1010888,51.88
7400424,1010893,48
7400424,1010894,56.95
7400424,1010902,65.96
7400424,1010904,87.14
7400424,1010932,71.03
7400424,1010933,61.69
7400424,1010948,78.38
7400424,1010951,72.12
7400424,1010959,78.13
7400424,1010960,89.72
7400424,1010964,89.64
7400424,1010986,82.56
7400424,1010995,62.05
7400424,1010996,57.95
7400424,1010997,57.76
7400424,1010998,90.8
7400424,1010999,103.17
7400424,1011000,71.29
7400424,1011002,67.32
7400424,1011003,95.94
7400424,1011007,115.83
7400424,1011012,90.91
7400424,1011018,115.63
7400424,1011022,60.29
7400424,1011029,81.85
7400424,1011050,80.33
7400424,1011052,81.44
7400424,1011107,106.69
7400424,1011184,46.53
7400424,1011385,29.43
7400424,1011388,56.22
7400424,1011444,66.21
7400424,1011446,71.29
7400424,1011447,87.85
7400424,1011448,94.67
7400424,1011449,96.21
7400424,1011464,95.37
7400424,1011519,71.52
7400424,1011520,92.9
7400424,1011521,140.38
7400424,1011522,92.24
7400424,1011523,100.31
7400424,1011524,140.93
7400424,1011526,150.72
7400424,1011527,103.26
7400424,1011535,90.17
7400424,1011536,48.4
7400424,1011537,69.61
7400424,1011538,87.13
7400424,1011559,37.67
7400424,1011567,62.31
7400424,1011573,114
7400424,1011581,28.82
7400424,1011584,42.08
7400424,1011592,72.12
7400424,1011635,109.55
7400424,1011636,126.28
7400424,1011650,54.23
7400424,1011673,54.34
7400424,1011684,54.58
7400424,1011696,142.23
7400424,1011697,142.7
7400424,1011698,70.74
7400424,1011704,60.51
7400424,1011705,68.74
7400424,1011710,81.31
7400424,1011723,103.11
7400424,1011731,113.56
7400424,1011742,132.72
7400424,1011866,66.26
7400424,1011873,109.04
7400424,1011874,109.04
7400424,1011889,85.01
7400424,1011955,75.71
7400424,1011959,87.95
7400424,1011960,88.29
7400424,1011986,130.27
7400424,1011987,128.47
7400424,1012005,130.67
7400424,1012006,110.71
7400424,1012034,140.62
7400424,1012036,47.82
7400424,1012062,83.77
7400424,1012071,75.95
7400424,1012142,103.34
7400424,1012182,81.39
7400424,1012189,89.45
7400424,1012200,107.24
7400424,1012203,54.65
7400424,1012206,199.19
7400424,1012211,149.04
7400424,1012212,113.69
7400424,1012266,200.84
7400424,1012268,106.4
7400424,1012269,121.88
7400424,1012270,104.74
7400424,1012272,56.41
7400424,1012274,65.48
7400424,1012276,138.11
7400424,1012277,85.81
7400424,1012293,62.76
7400424,1012325,97.33
7400424,1012326,70.85
7400424,1012337,79.31
7400424,1012434,136.37
7400424,1012451,136.82
7400424,1012538,37.14
7400424,1012644,265.23
7400424,1012743,37.86
7400424,1012840,66.38
7400424,1012850,57.93
7400424,1012869,117.79
7400424,1012978,64.53
7400424,1012992,98.64
7400424,1012993,63.33
7400424,1012996,45.74
7400424,1013010,70.74
7400424,1013026,46.68
7400424,1013040,49.57
7400424,1013045,147.35
7400424,1013050,87.24
7400424,1013068,51.76
7400424,1013115,117.65
7400424,1013210,2.35
7400424,1013245,206.66
7400424,1013290,83.08
7400424,1013306,107.07
7400424,1013307,68.93
7400424,1013325,84.75
7400424,1013326,129.97
7400424,1013327,42.23
7400424,1013329,73.11
7400424,1013331,65.17
7400424,1013368,162.56
7400424,1013433,76.49
7400424,1013476,100.91
7400424,1013478,1.63
7400424,1013501,44.34
7400424,1013503,47.56
7400424,1013505,55.48
7400424,1013594,82.91
7400424,1013647,1.19
7400424,1013702,2
7400424,1013854,1.4
7400424,1013855,1.54
7400424,1013946,117.54
7400424,1013997,150.96
7400424,1014011,61.71
7400424,1014149,65.01
7400424,1014184,66.26
7400424,1014199,105.74
7400424,1014200,70.55
7400424,1014593,45.9
7400424,1014698,111.55
7400424,1014706,94.45
7400424,1014708,68.51
7400424,1014712,39.4
7400424,1014716,52.31
7400424,1014899,102.79
7400424,1014900,54.34
7400424,1014908,26.83
7400424,1014917,50.11
7400424,1014918,63.16
7400424,1014922,49.5
7400424,1014923,67.21
7400424,1014925,30.88
7400424,1014926,54.09
7400424,1014927,56.4
7400424,1014929,54.85
7400424,1014930,52.93
7400424,1014940,114.77
7400424,1015027,78.49
7400424,1015033,127.37
7400424,1015072,104.55
7400424,1015089,68.24
7400424,1015090,71.8
7400424,1015091,82.91
7400424,1015102,39.12
7400424,1015105,36.66
7400424,1015110,59.37
7400424,1015118,53.63
7400424,1015121,83.86
7400424,1015236,71.8
7400424,1015270,136.41
7400424,1015272,122.26
7400424,1015340,79.75
7400424,1015341,70.1
7400424,1015349,88.51
7400424,1015354,102.52
7400424,1015368,49.97
7400424,1015400,94.95
7400424,1015576,94.78
7400424,1015666,317.25
7400424,1015717,70.82
7400424,1015755,66.01
7400424,1015913,34.53
7400424,1015914,28.87
7400424,1015937,97.4
7400424,1015949,93.75
7400424,1015950,63.16
7400424,1015955,60.98
7400424,1016019,189.41
7400424,1016021,230.26
7400424,1016031,73.2
7400424,1016037,94.47
7400424,1016039,329.86
7400424,1016041,76.6
7400424,1016061,216.16
7400424,1016079,75.61
7400424,1016092,99.09
7400424,1016110,61.24
7400424,1016236,163.45
7400424,1016246,260.86
7400424,1016265,50.63
7400424,1016292,73.78
7400424,1016293,77.97
7400424,1016304,64.75
7400424,1016305,64.75
7400424,1016306,55.12
7400424,1016326,57.82
7400424,1016334,69.78
7400424,1016340,107.57
7400424,1016345,234.11
7400424,1016377,153.54
7400424,1016378,166.66
7400424,1016379,261.37
7400424,1016386,201.25
7400424,1016399,32.96
7400424,1016400,108.66
7400424,1016432,89.88
7400424,1016438,117.49
7400424,1016439,117.49
7400424,1016441,117.49
7400424,1016442,98.38
7400424,1016443,125.42
7400424,1016447,115.74
7400424,1016448,113.4
7400424,1016456,96.15
7400424,1016457,67.43
7400424,1016458,127.44
7400424,1016475,110.67
7400424,1016477,168
7400424,1016478,108.31
7400424,1016480,96.56
7400424,1016481,98.42
7400424,1016483,95.59
7400424,1016489,83.45
7400424,1016500,102.24
7400424,1016502,77.97
7400424,1016506,143.46
7400424,1016508,92.19
7400424,1016517,63.25
7400424,1016528,46.38
7400424,1016533,298.81
7400424,1016537,55.75
7400424,1016557,59.71
7400424,1016561,39.17
7400424,1016567,45.25
7400424,1016576,64.45
7400424,1016581,61.72
7400424,1016583,41.45
7400424,1016591,69.69
7400424,1016596,60.61
7400424,1016597,68.91
7400424,1016598,60.7
7400424,1016601,71.15
7400424,1016603,81.06
7400424,1016605,46.3
7400424,1016606,52.25
7400424,1016613,34.51
7400424,1016616,80.75
7400424,1016617,81.64
7400424,1016618,65.69
7400424,1016620,62.32
7400424,1016621,75.61
7400424,1016622,72.26
7400424,1016624,108.22
7400424,1016626,78.21
7400424,1016627,87.78
7400424,1016628,79.96
7400424,1016638,72.06
7400424,1016657,62.18
7400424,1016658,90.01
7400424,1016663,47.51
7400424,1016664,50.53
7400424,1016667,91.29
7400424,1016669,32.88
7400424,1016746,75.05
7400424,1016748,64.81
7400424,1016750,92.88
7400424,1016754,49.86
7400424,1016772,51.89
7400424,1016850,4.57
7400424,1016855,48.48
7400424,1016873,51.17
7400424,1016880,51.15
7400424,1016898,74.41
7400424,1016908,74.05
7400424,1017025,53.1
7400424,1017461,51.27
7400424,1017718,126.34
7400424,1017876,6.39
7400424,1017884,67.05
7400424,1018019,130.1
7400424,1018020,100.17
7400424,1018058,69.52
7400424,1018069,74.64
7400424,1018073,24.99
7400424,1018086,30.53
7400424,1018092,73.6
7400424,1018093,87.35
7400424,1018101,24.49
7400424,1018106,50.43
7400424,1018108,57.13
7400424,1018109,56.07
7400424,1018111,71.42
7400424,1018115,29.06
7400424,1018120,96.47
7400424,1018124,69.36
7400424,1018125,50.17
7400424,1018126,30.67
7400424,1018128,41.6
7400424,1018130,64.86
7400424,1018132,61.53
7400424,1018133,49.93
7400424,1018134,80.11
7400424,1018135,52.82
7400424,1018149,58.08
7400424,1018150,32.74
7400424,1018155,70.64
7400424,1018164,74.07
7400424,1018167,45.27
7400424,1018174,35.8
7400424,1018175,57.7
7400424,1018180,43.44
7400424,1018181,85.96
7400424,1018192,96.75
7400424,1018202,96.9
7400424,1018204,47.45
7400424,1018208,54.94
7400424,1018209,79.39
7400424,1018210,75.87
7400424,1018213,85.53
7400424,1018220,59.7
7400424,1018221,28.69
7400424,1018222,49.07
7400424,1018232,52.22
7400424,1018233,82.9
7400424,1018239,41.6
7400424,1018240,58.94
7400424,1018245,87.34
7400424,1018246,54.94
7400424,1018248,50.09
7400424,1018250,35.93
7400424,1018251,55.91
7400424,1018265,43.73
7400424,1018271,63.76
7400424,1018272,48.81
7400424,1018273,75.08
7400424,1018274,87.94
7400424,1018277,50.34
7400424,1018280,55.32
7400424,1018285,55.14
7400424,1018288,57.22
7400424,1018290,59.8
7400424,1018292,76.21
7400424,1018319,30.68
7400424,1018320,39.94
7400424,1018324,101.31
7400424,1018326,26.19
7400424,1018327,25.62
7400424,1018336,39.06
7400424,1018343,89.69
7400424,1018344,36.25
7400424,1018345,26.72
7400424,1018349,55.26
7400424,1018350,65.62
7400424,1018351,31.01
7400424,1018355,30.66
7400424,1018359,61.38
7400424,1018364,66.25
7400424,1018365,38.5
7400424,1018378,13.77
7400424,1018384,36.35
7400424,1018388,16.58
7400424,1018391,16.88
7400424,1018396,22.98
7400424,1018397,23.71
7400424,1018400,24.97
7400424,1018401,28.28
7400424,1018402,21.3
7400424,1018405,19.19
7400424,1018406,19.09
7400424,1018409,37.37
7400424,1018410,22.91
7400424,1018413,26.17
7400424,1018421,21.35
7400424,1018422,21.54
7400424,1018425,28.06
7400424,1018426,39.6
7400424,1018428,24.44
7400424,1018429,24.19
7400424,1018434,23.34
7400424,1018435,23.44
7400424,1018436,21.51
7400424,1018437,19.68
7400424,1018438,29.25
7400424,1018441,39.16
7400424,1018444,28.56
7400424,1018447,28.01
7400424,1018448,32.09
7400424,1018449,12.13
7400424,1018450,64.53
7400424,1018452,59.49
7400424,1018453,25.7
7400424,1018454,71.1
7400424,1018458,31.5
7400424,1018460,24.97
7400424,1018462,19.13
7400424,1018466,39.07
7400424,1018468,46.64
7400424,1018471,74.51
7400424,1018475,40.24
7400424,1018483,106.74
7400424,1018485,125.68
7400424,1018486,76
7400424,1018494,27.89
7400424,1018497,35.04
7400424,1018501,90.52
7400424,1018521,34.37
7400424,1018528,47.42
7400424,1018532,102.7
7400424,1018538,95.34
7400424,1018541,105.16
7400424,1018549,74.2
7400424,1018557,99.08
7400424,1018558,99.85
7400424,1018569,72.66
7400424,1018571,84.35
7400424,1018580,85.36
7400424,1018584,106.03
7400424,1018585,107.61
7400424,1018590,102.58
7400424,1018591,134.75
7400424,1018592,94.58
7400424,1018593,94.52
7400424,1018594,98.38
7400424,1018619,56.01
7400424,1018621,86.79
7400424,1018627,85.33
7400424,1018637,98.1
7400424,1018644,111.21
7400424,1018650,60.57
7400424,1018678,53.5
7400424,1018682,37.66
7400424,1018684,49.66
7400424,1018686,45.78
7400424,1018689,40.96
7400424,1018693,47.41
7400424,1018700,60.67
7400424,1018712,72.26
7400424,1018732,29.12
7400424,1018734,34.46
7400424,1018742,31.21
7400424,1018768,53.59
7400424,1018789,23.79
7400424,1018806,26.79
7400424,1018810,70.96
7400424,1018811,62.12
7400424,1018813,35.86
7400424,1018821,40.97
7400424,1018828,91.2
7400424,1018834,31.21
7400424,1018850,88.02
7400424,1018873,48.53
7400424,1018885,41.28
7400424,1018894,40.74
7400424,1018899,41.58
7400424,1018900,43.99
7400424,1018901,39.84
7400424,1018914,57.89
7400424,1018923,35.44
7400424,1018928,59.37
7400424,1019006,64.51
7400424,1019008,48.53
7400424,1019015,51.84
7400424,1019021,51.84
7400424,1019030,27.52
7400424,1019034,38.68
7400424,1019068,58.87
7400424,1019069,58.87
7400424,1019071,58.87
7400424,1019077,60.98
7400424,1019228,126
7400424,1019248,98.69
7400424,1019265,77.32
7400424,1019291,164.38
7400424,1019375,119
7400424,1019376,53.54
7400424,1019377,60.34
7400424,1019411,154.52
7400424,1019601,71.55
7400424,1019762,225.48
7400424,1019763,150.25
7400424,1019764,173.77
7400424,1019765,48.12
7400424,1019766,67.12
7400424,1019769,65.74
7400424,1019801,45.64
7400424,1019807,45.64
7400424,1019811,59.27
7400424,1019823,40.09
7400424,1019858,73.61
7400424,1019886,27.13
7400424,1019888,25
7400424,1019895,240.18
7400424,1019933,27.48
7400424,1019937,22.69
7400424,1019939,28.13
7400424,1019940,28.12
7400424,1019946,22.69
7400424,1019970,63.72
7400424,1019979,78.78
7400424,1020044,136.92
7400424,1020047,109.1
7400424,1020107,84.47
7400424,1020113,85.69
7400424,1020114,100.99
7400424,1020117,93.42
7400424,1020121,126.86
7400424,1020124,78.11
7400424,1020125,81.18
7400424,1020126,84.96
7400424,1020127,75.08
7400424,1020128,81.92
7400424,1020135,108.95
7400424,1020136,81.92
7400424,1020138,84.72
7400424,1020147,114.1
7400424,1020150,123.95
7400424,1020153,105.28
7400424,1020158,52.43
7400424,1020161,152.4
7400424,1020162,36.25
7400424,1020164,39.93
7400424,1020165,39.93
7400424,1020166,21.16
7400424,1020167,23.41
7400424,1020217,94.15
7400424,1020218,95.47
7400424,1020277,36.32
7400424,1020319,91.74
7400424,1020327,57.38
7400424,1020360,199.36
7400424,1020361,397.98
7400424,1020362,276.03
7400424,1020374,149.44
7400424,1020375,104.82
7400424,1020376,104.82
7400424,1020377,53.92
7400424,1020380,77.22
7400424,1020382,95.84
7400424,1020384,75.08
7400424,1020389,78.11
7400424,1020395,118.26
7400424,1020397,162.81
7400424,1020415,72.02
7400424,1020417,53.13
7400424,1020419,36.47
7400424,1020427,113.87
7400424,1020442,87.34
7400424,1020472,65.94
7400424,1020597,72.26
7400424,1020713,114.28
7400424,1020718,116.97
7400424,1020726,24.22
7400424,1020727,24.22
7400424,1020728,29.13
7400424,1020729,29.13
7400424,1020730,31.09
7400424,1020731,31.09
7400424,1020742,103.36
7400424,1020749,38.9
7400424,1020761,45.48
7400424,1020762,38.9
7400424,1020763,55.23
7400424,1020764,99.79
7400424,1020770,69.74
7400424,1020772,31.09
7400424,1020773,31.09
7400424,1020774,29.13
7400424,1020775,29.13
7400424,1020776,78.8
7400424,1020777,78.8
7400424,1020803,22.13
7400424,1020804,22.13
7400424,1020805,23.62
7400424,1020806,23.62
7400424,1020811,57.49
7400424,1020821,27.48
7400424,1020833,43.49
7400424,1020836,24.46
7400424,1020837,103.81
7400424,1020854,39.81
7400424,1020860,119.73
7400424,1020865,59.55
7400424,1020866,132.56
7400424,1020944,80.51
7400424,1020956,159.14
7400424,1020979,3.14
7400424,1021004,4.15
7400424,1021017,417.24
7400424,1021085,32.32
7400424,1021104,26.93
7400424,1021107,132.12
7400424,1021150,109.1
7400424,1021225,133.53
7400424,1021250,56.2
7400424,1021262,156.05
7400424,1021275,49.75
7400424,1021279,60.07
7400424,1021283,61.41
7400424,1021297,56.4
7400424,1021298,2.47
7400424,1021300,66.31
7400424,1021303,3.14
7400424,1021304,3.14
7400424,1021305,66.16
7400424,1021313,91.86
7400424,1021314,4.15
7400424,1021317,47.38
7400424,1021318,4.15
7400424,1021319,16.09
7400424,1021321,3.14
7400424,1021322,47.38
7400424,1021325,73.01
7400424,1021339,158.55
7400424,1021348,200.42
7400424,1021352,332.96
7400424,1021388,37.27
7400424,1021429,85.06
7400424,1021457,54.29
7400424,1021459,55.13
7400424,1021466,74.11
7400424,1021496,95.28
7400424,1021512,49.41
7400424,1021522,371.66
7400424,1021526,59.46
7400424,1021531,320.31
7400424,1021724,4.15
7400424,1021769,132.23
7400424,1021864,66.19
7400424,1021867,138.69
7400424,1021888,159.75
7400424,1021959,51.94
7400424,1021996,198
7400424,1022022,75.35
7400424,1022116,236.82
7400424,1022135,66.08
7400424,1022148,5.68
7400424,1022235,37.27
7400424,1022236,85.13
7400424,1022271,26.83
7400424,1022297,28.18
7400424,1022298,30.9
7400424,1022320,32.43
7400424,1022326,84.79
7400424,1022357,4.15
7400424,1022358,24.48
7400424,1022375,160.54
7400424,1022389,48.34
7400424,1022419,20.8
7400424,1022428,58.39
7400424,1022429,16.63
7400424,1022786,54.97
7400424,1022833,22.6
7400424,1023043,60.54
7400424,1023117,53.26
7400424,1023179,61.72
7400424,1023210,59.62
7400424,1023211,74.17
7400424,1023213,36.39
7400424,1023247,43.37
7400424,1023248,56.09
7400424,1023249,62.7
7400424,1023348,52.49
7400424,1023354,52.12
7400424,1023355,37.17
7400424,1023358,30.41
7400424,1023366,42.28
7400424,1023422,41.57
7400424,1023431,39.64
7400424,1023439,42.55
7400424,1023451,40.95
7400424,1023523,30.41
7400424,1023543,23.95
7400424,1023645,28.35
7400424,1023646,26
7400424,1023674,23.82
7400424,1023872,49.24
7400424,1023935,55.2
7400424,1023941,31.64
7400424,1023969,28.49
7400424,1024138,46.81
7400424,1024213,58.68
7400424,1024263,43.84
7400424,1024269,31.37
7400424,1024270,46.21
7400424,1024308,46.58
7400424,1024373,55.48
7400424,1024419,30.55
7400424,1024424,29.47
7400424,1024425,27.86
7400424,1024575,44.02
7400424,1024579,38.22
7400424,1024606,35.94
7400424,1024808,52.43
7400424,1024896,30.74
7400424,1024936,0.01
7400424,1024938,17.63
7400424,1024940,17.63
7400424,1024967,103.96
7400424,1025056,60.01
7400424,1025197,25.59
7400424,1025235,33.84
7400424,1025416,58.32
7400424,1025657,29.18
7400424,1025686,36.79
7400424,1025729,19.36
7400424,1025733,43.23
7400424,1025734,47.88
7400424,1025736,41.4
7400424,1025737,47.88
7400424,1025746,40.47
7400424,1025790,49.55
7400424,1025815,48.86
7400424,1025945,59.24
7400424,1025946,56.79
7400424,1025970,55.2
7400424,1026168,11.75
7400424,1026190,44.29
7400424,1026192,41.4
7400424,1026994,76.65
7400424,1027321,34.6
7400424,1027780,44.17
7400424,1027939,32.97
7400424,1028021,49.49
7400424,1028106,65.73
7400424,1028374,43.77
7400424,1029129,164.74
7400424,1030603,43.12
7400424,1030604,43.12
7400424,1030655,43.12
7400424,1030896,60.52
7400424,1030970,28.85
7400424,1031141,25.96
7400424,1031142,23.15
7400424,1031143,23.86
7400424,1031435,21.24
7400424,1031436,21.2
7400424,1031437,19.56
7400424,1031438,21
7400424,1031499,62.67
7400424,1031500,57.97
7400424,1031501,47.71
7400424,1031503,61.62
7400424,1031504,57.73
7400424,1031505,47.02
7400424,1031507,60.58
7400424,1031508,62.18
7400424,1031511,60.65
7400424,1031547,67.09
7400424,1031549,68.16
7400424,1031551,66.28
7400424,1032751,33.8
7400424,1032752,25.31
7400424,1032754,31.3
7400424,1032755,30.48
7400424,1032763,28.59
7400424,1033154,25.24
7400424,1033518,85.63
7400424,1033709,18.39
7400424,1034304,14.45
7400424,1034383,21.2
7400424,1034388,41.3
7400424,1034389,52.38
7400424,1039770,58.1
7400424,1039772,63.98
7400424,1039773,70.56
7400424,1039865,115.86
7400424,1039867,123.02
7400424,1039892,91.59
7400424,1039894,115.62
7400424,1039899,77.37
7400424,1039901,86.89
7400424,1039903,103.11
7400424,1039909,61.69
7400424,1040059,57.46
7400424,1040060,102.52
7400424,1040061,54.52
7400424,1040069,98.76
7400424,1040078,80.08
7400424,1040079,87.3
7400424,1040080,51.64
7400424,1040092,90.48
7400424,1040102,32.08
7400424,1040183,87.54
7400424,1040203,68.09
7400424,1040241,106.46
7400424,1040248,126.55
7400424,1040252,45.18
7400424,1040253,35.02
7400424,1040254,45.24
7400424,1040255,37.25
7400424,1040454,95.35
7400424,1040460,56.17
7400424,1040465,54.05
7400424,1040469,48.29
7400424,1040495,149.93
7400424,1040535,126.31
7400424,1040537,96.7
7400424,1040557,120.13
7400424,1040588,120.13
7400424,1040589,120.13
7400424,1040798,70.74
7400424,1041076,169.73
7400424,1041192,63.59
7400424,1041215,155.22
7400424,1041231,68.74
7400424,1041319,83.25
7400424,1041559,8.15
7400424,1042102,22.8
7400424,1042106,23.14
7400424,1042108,21.22
7400424,1042109,63.16
7400424,1042666,106.22
7400424,1042673,167.03
7400424,1042675,167.03
7400424,1042710,38.72
7400424,1042719,7.87
7400424,1042720,8.65
7400424,1042721,18.1
7400424,1042723,24.37
7400424,1042724,28.89
7400424,1042726,51.97
7400424,1042728,64.35
7400424,1042729,76.56
7400424,1042734,17.43
7400424,1042752,9.62
7400424,1042758,16.93
7400424,1042759,16.73
7400424,1042785,55.34
7400424,1042815,28.21
7400424,1042818,23.63
7400424,1042842,84.37
7400424,1043125,180.3
7400424,1043133,183.48
7400424,1043171,32.61
7400424,1043174,77.84
7400424,1043269,104.99
7400424,1043308,92.59
7400424,1043312,120.56
7400424,1043316,157.51
7400424,1043332,60.34
7400424,1043363,164.27
7400424,1043367,164.27
7400424,1043399,79.84
7400424,1043401,82.66
7400424,1043403,127.14
7400424,1043454,180.3
7400424,1043461,55.58
7400424,1043467,47
7400424,1043508,53.87
7400424,1043510,57.49
7400424,1043553,24.21
7400424,1043594,22.84
7400424,1043612,28.49
7400424,1043618,29.38
7400424,1043661,22.62
7400424,1043753,61.92
7400424,1043913,16.27
7400424,1043916,53.29
7400424,1043957,75.62
7400424,1043969,69.89
7400424,1043970,112.82
7400424,1044086,31.9
7400424,1044088,56.26
7400424,1044089,26.79
7400424,1044090,42.41
7400424,1044091,53.03
7400424,1044092,35.96
7400424,1044093,50.04
7400424,1044094,10.21
7400424,1044096,6.77
7400424,1044097,11.33
7400424,1044099,28.91
7400424,1044100,22.94
7400424,1044102,34.63
7400424,1044103,19.38
7400424,1044105,19.6
7400424,1044106,24.18
7400424,1044107,13.59
7400424,1044109,16.57
7400424,1044110,26.5
7400424,1044111,17.23
7400424,1044112,19.45
7400424,1044114,27.27
7400424,1044115,21.75
7400424,1044117,42.41
7400424,1044119,36.04
7400424,1044120,22.78
7400424,1044121,25.46
7400424,1044122,32.81
7400424,1044124,28.38
7400424,1044126,0.01
7400424,1044133,19.46
7400424,1044150,42.85
7400424,1044151,35.12
7400424,1044152,37.04
7400424,1044153,31.18
7400424,1044154,33.51
7400424,1044246,65.29
7400424,1044247,49.6
7400424,1044399,20.39
7400424,1044402,14.49
7400424,1044420,16.52
7400424,1044422,8.35
7400424,1044445,143.83
7400424,1044455,104.87
7400424,1044457,44.74
7400424,1044470,136.12
7400424,1044475,39.83
7400424,1044481,40.31
7400424,1044498,18.24
7400424,1044532,83.25
7400424,1044593,155.22
7400424,1044605,29.2
7400424,1044722,45.17
7400424,1044723,59.34
7400424,1044724,43.58
7400424,1044757,16.91
7400424,1044837,83.25
7400424,1044840,86.21
7400424,1044847,42.86
7400424,1044855,84.32
7400424,1044856,78.16
7400424,1044877,60.02
7400424,1044878,57.82
7400424,1044880,11.52
7400424,1044894,62.1
7400424,1044903,89.71
7400424,1044920,22.03
7400424,1044956,44.9
7400424,1045031,97.77
7400424,1045602,39.83
7400424,1045616,16.87
7400424,1045861,44.94
7400424,1045908,42.3
7400424,1045909,146.23
7400424,1045997,28.67
7400424,1045998,41.89
7400424,1045999,56.17
7400424,1046088,62.33
7400424,1046156,85.95
7400424,1046158,64.1
7400424,1046165,71.91
7400424,1046179,117.79
7400424,1046265,39.77
7400424,1046268,48.76
7400424,1046269,70.38
7400424,1046270,78.26
7400424,1046274,75.91
7400424,1046291,234.41
7400424,1047463,10.9
7400424,1047505,96.94
7400424,1047560,21.27
7400424,1047706,38.45
7400424,1047715,124.64
7400424,1047729,17.31
7400424,1047730,29.43
7400424,1047970,27.31
7400424,1047971,29.26
7400424,1047975,34.38
7400424,1047978,37.06
7400424,1048086,18.51
7400424,1048102,29.14
7400424,1048111,23.64
7400424,1048115,42.5
7400424,1048140,32.23
7400424,1048151,25.46
7400424,1048166,25.87
7400424,1048169,35.66
7400424,1048183,46.31
7400424,1048221,40.02
7400424,1048228,80.76
7400424,1048233,107.59
7400424,1048523,123.22
7400424,1048613,76.2
7400424,1048618,29
7400424,1048626,35
7400424,1048682,29.53
7400424,1048693,38.28
7400424,1048707,52.98
7400424,1048717,71.35
7400424,1048760,125.74
7400424,1048857,111.07
7400424,1048895,61.08
7400424,1048942,157.03
7400424,1049016,44.27
7400424,1049018,88.56
7400424,1049039,107.69
7400424,1049040,164.27
7400424,1049042,132.54
7400424,1049046,68.97
7400424,1049063,60.98
7400424,1049065,73.34
7400424,1049075,142.35
7400424,1049079,103.53
7400424,1049086,142.35
7400424,1049101,31.76
7400424,1049103,56.24
7400424,1049124,96.62
7400424,1049132,50.4
7400424,1049139,107.15
7400424,1049191,84.07
7400424,1049192,69.77
7400424,1049194,100.06
7400424,1049197,162.24
7400424,1049198,256.13
7400424,1049201,111.93
7400424,1049204,46.13
7400424,1049316,64.78
7400424,1049327,122.39
7400424,1049328,40.56
7400424,1049329,62.78
7400424,1049356,125.4
7400424,1049358,116.09
7400424,1049370,94.38
7400424,1049378,66.74
7400424,1049397,87.35
7400424,1049404,69.31
7400424,1049410,49.88
7400424,1049417,154.52
7400424,1049423,110.12
7400424,1049430,77.32
7400424,1049523,165.73
7400424,1049525,26.95
7400424,1049592,108.53
7400424,1049691,186.78
7400424,1049710,84.14
7400424,1049712,87.5
7400424,1049714,79.1
7400424,1049808,61.38
7400424,1049809,31.61
7400424,1049823,71.22
7400424,1049824,48.07
7400424,1049826,98.99
7400424,1050044,214.39
7400424,1050045,84.04
7400424,1050048,61.72
7400424,1050094,210.77
7400424,1050244,45.74
7400424,1050323,48.6
7400424,1050343,45.71
7400424,1050345,45.65
7400424,1050347,56.06
7400424,1050366,50.78
7400424,1050368,97.07
7400424,1050487,80.33
7400424,1050496,85.8
7400424,1050497,109.58
7400424,1050790,13.65
7400424,1050791,13.65
7400424,1050792,19.86
7400424,1050793,19.86
7400424,1050796,25.94
7400424,1050800,17.72
7400424,1050804,24.49
7400424,1050805,23.7
7400424,1050806,23.7
7400424,1050807,14.63
7400424,1050808,14.64
7400424,1050809,17.78
7400424,1050810,17.78
7400424,1050811,23.37
7400424,1050812,23.37
7400424,1050814,26.38
7400424,1050824,20.22
7400424,1050825,21.89
7400424,1050826,35.47
7400424,1050828,39.01
7400424,1050829,28.24
7400424,1050830,28.16
7400424,1050832,22.33
7400424,1050833,22.33
7400424,1050834,22.33
7400424,1050837,30.28
7400424,1050839,30.28
7400424,1050843,19.85
7400424,1050846,25.26
7400424,1050848,19.73
7400424,1050851,22.81
7400424,1050853,18.92
7400424,1050855,21.67
7400424,1050856,21.67
7400424,1050858,25.92
7400424,1050859,32.22
7400424,1050860,32.22
7400424,1051710,19.47
7400424,1051731,52.48
7400424,1052334,46.98
7400424,1053050,43.66
7400424,1053370,13.02
7400424,1053376,12.55
7400424,1053381,9.47
7400424,1053385,0.01
7400424,1053391,11.59
7400424,1053396,10.86
7400424,1053405,10.49
7400424,1053407,10.49
7400424,1054462,27.18
7400424,1054643,20.84
7400424,1054665,29.26
7400424,1054712,56.91
7400424,1054717,37.38
7400424,1054756,26.88
7400424,1054760,0.01
7400424,1054761,49.51
7400424,1054768,0.01
7400424,1054769,58.08
7400424,1054770,21.77
7400424,1054771,52.04
7400424,1054772,51.89
7400424,1054773,36.78
7400424,1054774,56.91
7400424,1054775,54.61
7400424,1054778,23.23
7400424,1054779,46.41
7400424,1054780,22.17
7400424,1054781,44.37
7400424,1054785,56.28
7400424,1054787,53.38
7400424,1054788,32.34
7400424,1054789,59.58
7400424,1054791,15.57
7400424,1054799,41.72
7400424,1054805,0.01
7400424,1054815,37.59
7400424,1054819,51.7
7400424,1054821,25.98
7400424,1054860,0.01
7400424,1054883,22.27
7400424,1054886,26.88
7400424,1054926,0.01
7400424,1054927,14.39
7400424,1054948,27.53
7400424,1054985,26.88
7400424,1054991,41.72
7400424,1055002,20.81
7400424,1055011,0.01
7400424,1055036,26.32
7400424,1055044,37.52
7400424,1055323,37.48
7400424,1055501,41.01
7400424,1055502,57.65
7400424,1055508,59.98
7400424,1055516,37.54
7400424,1055517,44.96
7400424,1055527,50.2
7400424,1055542,52.77
7400424,1055667,35.63
7400424,1055681,26.98
7400424,1055684,38.78
7400424,1055687,46.4
7400424,1055691,28.49
7400424,1055713,16.83
7400424,1055714,17.3
7400424,1055715,36.84
7400424,1055716,24.98
7400424,1055717,28.98
7400424,1055718,27.92
7400424,1055719,31.81
7400424,1055720,39.88
7400424,1055721,38.34
7400424,1055723,54.88
7400424,1055724,29.02
7400424,1055725,32.86
7400424,1055726,44.36
7400424,1055727,24.62
7400424,1055728,27.69
7400424,1055729,33.1
7400424,1055730,30.73
7400424,1055731,36.17
7400424,1055733,18.68
7400424,1055734,19.33
7400424,1055735,43.76
7400424,1055736,32.78
7400424,1055737,31.04
7400424,1055738,32.11
7400424,1055739,18.45
7400424,1055740,22.1
7400424,1055742,31.35
7400424,1055743,39.05
7400424,1055744,34.29
7400424,1055745,29.53
7400424,1055746,34.82
7400424,1055747,31.71
7400424,1055748,40.67
7400424,1055749,38.46
7400424,1055750,32.54
7400424,1055751,23.37
7400424,1055752,42.28
7400424,1055753,29.77
7400424,1055754,33.78
7400424,1055756,44.11
7400424,1055758,26.3
7400424,1055759,27.28
7400424,1055760,31.13
7400424,1055761,42.72
7400424,1055764,62.09
7400424,1055765,26.66
7400424,1055766,26.06
7400424,1055767,44.57
7400424,1055768,46.14
7400424,1055769,31.63
7400424,1055770,32.72
7400424,1055772,34.82
7400424,1055773,29.21
7400424,1055774,42.14
7400424,1055775,37.25
7400424,1055776,22.4
7400424,1055778,42.95
7400424,1055779,39.88
7400424,1055780,0.01
7400424,1055781,57.45
7400424,1055789,36.94
7400424,1055792,34.64
7400424,1055898,40.09
7400424,1055904,26.07
7400424,1056008,26.07
7400424,1056019,35.86
7400424,1056025,11.19
7400424,1056046,32.78
7400424,1056273,51.77
7400424,1056340,39.16
7400424,1056355,24.23
7400424,1056362,40.08
7400424,1056363,40.09
7400424,1056413,38.19
7400424,1056434,22.95
7400424,1056445,48.02
7400424,1056449,59.62
7400424,1056450,40.5
7400424,1056458,34.43
7400424,1056459,27.95
7400424,1056460,25.38
7400424,1056461,30.9
7400424,1056462,18.53
7400424,1056463,21.84
7400424,1056464,28.54
7400424,1056465,34.84
7400424,1056466,45.47
7400424,1056467,25.38
7400424,1056468,31.11
7400424,1056469,36.81
7400424,1056470,21.66
7400424,1056471,26.38
7400424,1056472,31.29
7400424,1056473,40.75
7400424,1056475,28.34
7400424,1056476,33.46
7400424,1056889,26.66
7400424,1056937,45.18
7400424,1056948,39.34
7400424,1056998,31.45
7400424,1057032,41.79
7400424,1057033,25.78
7400424,1057034,37.09
7400424,1057035,0.01
7400424,1057036,33.71
7400424,1057037,30.43
7400424,1057038,33.95
7400424,1057039,28.87
7400424,1057040,29.57
7400424,1057041,33.52
7400424,1057043,36.85
7400424,1057044,29.89
7400424,1057045,38.76
7400424,1057046,34.47
7400424,1057047,51.05
7400424,1057048,36.41
7400424,1057049,38.55
7400424,1057134,37.27
7400424,1057152,35.71
7400424,1057181,25.98
7400424,1057214,25
7400424,1057226,33.59
7400424,1057290,35.7
7400424,1057295,33.48
7400424,1057448,35.86
7400424,1057487,22.38
7400424,1057492,35.47
7400424,1057495,41.28
7400424,1057497,31.45
7400424,1057508,37.93
7400424,1057510,29.77
7400424,1057512,41.28
7400424,1057514,41.28
7400424,1057516,26.77
7400424,1057521,42.55
7400424,1057523,32.12
7400424,1057525,40.66
7400424,1057527,35.41
7400424,1057531,37.75
7400424,1057536,42.05
7400424,1057537,29
7400424,1057539,43.63
7400424,1057577,30.5
7400424,1057581,35.41
7400424,1057584,37.76
7400424,1057586,42.55
7400424,1057588,39.86
7400424,1057592,48.27
7400424,1057613,37.71
7400424,1057626,28.15
7400424,1057665,19.92
7400424,1058070,18.18
7400424,1058086,0.01
7400424,1058090,17.95
7400424,1058091,15.18
7400424,1058092,14.76
7400424,1058094,17.51
7400424,1058096,15.12
7400424,1058097,16.5
7400424,1058231,35.47
7400424,1058233,27.24
7400424,1058280,36.6
7400424,1058385,25.33
7400424,1058404,131.74
7400424,1058411,41.74
7400424,1060149,154.04
7400424,1060150,64.13
7400424,1060178,42.76
7400424,1060185,28.28
7400424,1060187,55.73
7400424,1060204,154.04
7400424,1060205,55.77
7400424,1060224,41.74
7400424,1060250,65.6
7400424,1060308,154.04
7400424,1060385,131.74
7400424,1060386,41.74
7400424,1060440,97.08
7400424,1060441,35.81
7400424,1060456,131.74
7400424,1060474,41.74
7400424,1060532,48.07
7400424,1065007,64.13
7400424,1066455,32.7
7400424,1066461,32.7
7400424,1066466,19.62
7400424,1066471,45.72
7400424,1066473,47.53
7400424,1066475,30.54
7400424,1066476,54.98
7400424,1066477,54.98
7400424,1066479,67.87
7400424,1066481,67.87
7400424,1066483,41.6
7400424,1066485,66.36
7400424,1066486,66.36
7400424,1066488,86.52
7400424,1066489,91.3
7400424,1066494,97.94
7400424,1066503,94.14
7400424,1067028,6.22
7400424,1069420,67.1
7400424,1069948,25.6
7400424,1069982,6.2
7400424,1069998,12.55
7400424,1070192,17.55
7400424,1070429,38.78
7400424,1070503,72.12
7400424,1070661,16.54
7400424,1070742,7.76
7400424,1071051,15.13
7400424,1071055,6.37
7400424,1071057,4.88
7400424,1072000,159.89
7400424,1072157,73.77
7400424,1072282,15.13
7400424,1072370,8.44
7400424,1072371,62.32
7400424,1072372,10.02
7400424,1072410,3.03
7400424,1072417,15.13
7400424,1072604,56.68
7400424,1072799,7.86
7400424,1072976,20.33
7400424,1072982,6.97
7400424,1073004,7.33
7400424,1073067,15.13
7400424,1073187,52.73
7400424,1073190,7.86
7400424,1073194,87.7
7400424,1073359,12.1
7400424,1073587,7.16
7400424,1073634,5.68
7400424,1073779,8.95
7400424,1073922,15.13
7400424,1074175,109.13
7400424,1074181,13.27
7400424,1074190,3.1
7400424,1074198,27.08
7400424,1074234,49.07
7400424,1074240,86.86
7400424,1074246,24.11
7400424,1074250,8.97
7400424,1074252,2.06
7400424,1074257,283.69
7400424,1074258,67.17
7400424,1074260,88.96
7400424,1074264,519.12
7400424,1074265,66.82
7400424,1074279,4.68
7400424,1074288,18.15
7400424,1074289,10.15
7400424,1074290,11.16
7400424,1074302,14.99
7400424,1074303,4.95
7400424,1074331,5.86
7400424,1074337,10.74
7400424,1074378,12.29
7400424,1074381,13.27
7400424,1074384,133.53
7400424,1074385,13.27
7400424,1074408,164.69
7400424,1074495,12.16
7400424,1074511,73.46
7400424,1074536,15.85
7400424,1074548,50.9
7400424,1074549,6.5
7400424,1074574,136.21
7400424,1074587,13.27
7400424,1074619,13.27
7400424,1074989,79.11
7400424,1075224,12.04
7400424,1075551,6.13
7400424,1075725,1.14
7400424,1075856,60.49
7400424,1076119,51.89
7400424,1076192,19.43
7400424,1076193,253.66
7400424,1076204,8.4
7400424,1076284,15.04
7400424,1076303,7.94
7400424,1076310,10.83
7400424,1076359,6.3
7400424,1076503,191.48
7400424,1076508,18.68
7400424,1076509,28.26
7400424,1076510,187.67
7400424,1076516,18.37
7400424,1076526,12.2
7400424,1076527,116.82
7400424,1076530,91.23
7400424,1076534,26.48
7400424,1076537,88.55
7400424,1076553,10.18
7400424,1076566,61.9
7400424,1076575,191.48
7400424,1076584,120.27
7400424,1076585,128.45
7400424,1076641,19.35
7400424,1076671,210.23
7400424,1076673,11.89
7400424,1076676,221.65
7400424,1076677,63.73
7400424,1076680,127.39
7400424,1076684,7.3
7400424,1076686,191.2
7400424,1076692,5.53
7400424,1076694,64.16
7400424,1076703,30.74
7400424,1076709,15.1
7400424,1076724,8.38
7400424,1076725,48.65
7400424,1076731,20.39
7400424,1076823,9.2
7400424,1076846,4.49
7400424,1076865,181.89
7400424,1076883,214.18
7400424,1076884,41.63
7400424,1076896,9.88
7400424,1076897,123.52
7400424,1076906,13.91
7400424,1076912,19.46
7400424,1076917,6.07
7400424,1076922,18.4
7400424,1076927,18.25
7400424,1076973,13.42
7400424,1076985,32.54
7400424,1076986,325.85
7400424,1076987,401.99
7400424,1076988,318.94
7400424,1076993,50.5
7400424,1077011,5.19
7400424,1077033,162.57
7400424,1077035,23.64
7400424,1077036,190.14
7400424,1077042,14.05
7400424,1077050,18.67
7400424,1077068,180.48
7400424,1077074,250.7
7400424,1077076,9.8
7400424,1077079,201.21
7400424,1077198,207.2
7400424,1077245,148.33
7400424,1077250,83.47
7400424,1077252,28.94
7400424,1077254,152.42
7400424,1077256,152.42
7400424,1077259,120.84
7400424,1077266,7.31
7400424,1077267,12.82
7400424,1077271,9.46
7400424,1077286,18.2
7400424,1077288,184.29
7400424,1077291,37.08
7400424,1077296,96.73
7400424,1077298,196.41
7400424,1077301,151.15
7400424,1077302,18.71
7400424,1077303,138.67
7400424,1077349,9.8
7400424,1077389,21.35
7400424,1077391,18.64
7400424,1077393,32.54
7400424,1077394,13.05
7400424,1077420,159.05
7400424,1077448,162.01
7400424,1077465,208.4
7400424,1077481,62.04
7400424,1077485,102.23
7400424,1077489,134.8
7400424,1077491,183.72
7400424,1077493,115.34
7400424,1077496,115.34
7400424,1077499,115.34
7400424,1077531,18.4
7400424,1077553,256.83
7400424,1077696,50.9
7400424,1077713,7.11
7400424,1077731,15.46
7400424,1077734,71.06
7400424,1077745,134.23
7400424,1077746,156.65
7400424,1077754,28.06
7400424,1077755,3.37
7400424,1077760,6.49
7400424,1077771,78.11
7400424,1077772,218.55
7400424,1077774,14.71
7400424,1077775,15.31
7400424,1077778,5.21
7400424,1077783,12.74
7400424,1077797,65
7400424,1077809,20.63
7400424,1077820,61.9
7400424,1077823,103.35
7400424,1077829,105.33
7400424,1077834,119.29
7400424,1077843,105.33
7400424,1077856,21.61
7400424,1077861,154.82
7400424,1077865,87.14
7400424,1077870,41.6
7400424,1077871,37.37
7400424,1077872,10.86
7400424,1077873,29.42
7400424,1077878,64.44
7400424,1077880,64.16
7400424,1077881,64.16
7400424,1077905,9.95
7400424,1077909,105.33
7400424,1077939,38.78
7400424,1077952,218.55
7400424,1077957,99.69
7400424,1077977,208.4
7400424,1077986,64.16
7400424,1078011,218.55
7400424,1078013,47.38
7400424,1078039,167.65
7400424,1078073,46.92
7400424,1078118,3.5
7400424,1078120,4.19
7400424,1078126,22.48
7400424,1078128,9.36
7400424,1078161,6.54
7400424,1078162,10.55
7400424,1078163,7.67
7400424,1078164,37.08
7400424,1078169,2.49
7400424,1078172,83.33
7400424,1078181,22.71
7400424,1078182,150.17
7400424,1078183,68.95
7400424,1078185,68.95
7400424,1078193,244.92
7400424,1078206,5.8
7400424,1078209,8.71
7400424,1078212,157.78
7400424,1078214,115.34
7400424,1078220,115.34
7400424,1078224,184.29
7400424,1078226,6.9
7400424,1078229,9.17
7400424,1078239,17.72
7400424,1078260,183.16
7400424,1078263,106.46
7400424,1078274,70.22
7400424,1078276,115.34
7400424,1078278,77.83
7400424,1078280,84.32
7400424,1078296,1.46
7400424,1078297,5.44
7400424,1078311,8.97
7400424,1078316,6.83
7400424,1078341,6.45
7400424,1078342,71.06
7400424,1078344,2.29
7400424,1078349,276.5
7400424,1078366,12.41
7400424,1078367,7.44
7400424,1078370,1.3
7400424,1078371,14.31
7400424,1078372,64.44
7400424,1078394,6.37
7400424,1078401,39.9
7400424,1078433,13.68
7400424,1078439,2.93
7400424,1078593,12.1
7400424,1078596,24.84
7400424,1078641,386.76
7400424,1078664,17.35
7400424,1078673,34.83
7400424,1078674,61.9
7400424,1078683,87.14
7400424,1078692,73.88
7400424,1078707,5.12
7400424,1078715,107.87
7400424,1078747,63.87
7400424,1078748,6.67
7400424,1078749,7.12
7400424,1078752,42.62
7400424,1078753,30.44
7400424,1078755,238.71
7400424,1078757,23.04
7400424,1078759,108.99
7400424,1078760,21.15
7400424,1078761,57.81
7400424,1078762,151.43
7400424,1078763,5.41
7400424,1078769,126.9
7400424,1078772,83.75
7400424,1078773,11.88
7400424,1078776,20.52
7400424,1078777,61.9
7400424,1078778,61.9
7400424,1078782,105.33
7400424,1078786,21.66
7400424,1078791,24.19
7400424,1078800,24.19
7400424,1078808,122.04
7400424,1078813,23.59
7400424,1078814,115.9
7400424,1078817,23.64
7400424,1078827,106.46
7400424,1078829,106.46
7400424,1078833,238.71
7400424,1078834,238.71
7400424,1078835,238.71
7400424,1078840,282.71
7400424,1078844,282.71
7400424,1078851,183.16
7400424,1078860,106.6
7400424,1078862,99.69
7400424,1078866,83.19
7400424,1078868,83.19
7400424,1078872,92.07
7400424,1078873,16.83
7400424,1078876,135.78
7400424,1078879,191.48
7400424,1078882,65.57
7400424,1078910,6.65
7400424,1078951,87.14
7400424,1078971,6.83
7400424,1078987,23.97
7400424,1078989,76.85
7400424,1078991,124.5
7400424,1078993,97.85
7400424,1078996,66.69
7400424,1078997,10.8
7400424,1078999,26.11
7400424,1079005,289.19
7400424,1079008,13.37
7400424,1079010,16.22
7400424,1079013,15.89
7400424,1079014,131.98
7400424,1079030,6.66
7400424,1079038,114.63
7400424,1079043,43.57
7400424,1079044,6.65
7400424,1079046,63.87
7400424,1079047,57.95
7400424,1079049,3.81
7400424,1079051,9.72
7400424,1079052,78.68
7400424,1079053,102.65
7400424,1079054,102.65
7400424,1079057,177.66
7400424,1079059,358
7400424,1079065,7.65
7400424,1079071,11.82
7400424,1079072,18.27
7400424,1079073,197.96
7400424,1079075,38.07
7400424,1079079,78.68
7400424,1079135,192.47
7400424,1079172,4.96
7400424,1079192,5.18
7400424,1079193,18.95
7400424,1079212,13.89
7400424,1079213,8.45
7400424,1079220,64.44
7400424,1079225,3.56
7400424,1079226,68.81
7400424,1079233,32.29
7400424,1079237,3.44
7400424,1079242,35.78
7400424,1079243,35.78
7400424,1079257,30.74
7400424,1079258,27.94
7400424,1079259,12.97
7400424,1079260,11.43
7400424,1079286,3.6
7400424,1079287,28.61
7400424,1079291,107.87
7400424,1079292,40.61
7400424,1079294,79.38
7400424,1079351,7.56
7400424,1079494,251.97
7400424,1079610,21.36
7400424,1079826,23.77
7400424,1079881,13.09
7400424,1079909,3.8
7400424,1080069,18.86
7400424,1080121,27.94
7400424,1080374,20.39
7400424,1080496,12.31
7400424,1080511,31.22
7400424,1080541,91.79
7400424,1080559,14.06
7400424,1080566,14.04
7400424,1080610,22.67
7400424,1080628,17.23
7400424,1080893,179.28
7400424,1080911,13.43
7400424,1080964,17.17
7400424,1081008,17.17
7400424,1081035,21.36
7400424,1081403,5.53
7400424,1081404,16.58
7400424,1081412,158.06
7400424,1081413,14.19
7400424,1081417,75.15
7400424,1081421,12.17
7400424,1081428,19.19
7400424,1081433,8.57
7400424,1081480,26.17
7400424,1081491,73.67
7400424,1081677,354.62
7400424,1081719,12.31
7400424,1081908,5.28
7400424,1081939,25.81
7400424,1082087,5.1
7400424,1082236,25.34
7400424,1082446,10.86
7400424,1082468,81.5
7400424,1082571,10.7
7400424,1082618,133.53
7400424,1082777,21.36
7400424,1083079,33.98
7400424,1083885,30.5
7400424,1088601,73.78
7400424,1115238,16.72
7400424,1115267,185.13
7400424,1115271,16.23
7400424,1115276,16.23
7400424,1115277,98.56
7400424,1115292,4.89
7400424,1115295,9.42
7400424,1115306,1.56
7400424,1115332,11.16
7400424,1115361,7.8
7400424,1115362,3.56
7400424,1115369,60.35
7400424,1115397,200.08
7400424,1115398,14.73
7400424,1115416,3.72
7400424,1115420,150.83
7400424,1115442,13.72
7400424,1115444,53.18
7400424,1115445,15.04
7400424,1115465,23.75
7400424,1115482,2.1
7400424,1115485,2.02
7400424,1115487,4.21
7400424,1115509,0.9
7400424,1115524,37
7400424,1115541,177.38
7400424,1115571,7.9
7400424,1115577,1.45
7400424,1115578,61.97
7400424,1115579,117.74
7400424,1115601,29.61
7400424,1115628,106.31
7400424,1115630,38.07
7400424,1115689,45.08
7400424,1115726,23.79
7400424,1115729,47.93
7400424,1115786,16.23
7400424,1115787,14.82
7400424,1115790,2.49
7400424,1115792,35.99
7400424,1115793,37.35
7400424,1115824,52.53
7400424,1115845,123.23
7400424,1115891,56.4
7400424,1115892,4.15
7400424,1115897,167.37
7400424,1115901,124.41
7400424,1115951,8.97
7400424,1115952,102.51
7400424,1115953,9.61
7400424,1115985,60.77
7400424,1115988,2.86
7400424,1115990,0.65
7400424,1116004,68.24
7400424,1116013,17.35
7400424,1116019,287.08
7400424,1116030,0.78
7400424,1116056,0.98
7400424,1116062,2.49
7400424,1116065,3.68
7400424,1116069,7.88
7400424,1116071,2.49
7400424,1116094,45.18
7400424,1116124,1057.45
7400424,1116177,11.88
7400424,1116182,12.4
7400424,1116206,39.77
7400424,1116207,25.46
7400424,1116209,14.21
7400424,1116211,28.12
7400424,1116212,2.49
7400424,1116213,1.52
7400424,1116220,28.67
7400424,1116234,1.99
7400424,1116236,2.36
7400424,1116283,45.13
7400424,1116306,19.66
7400424,1116317,30.21
7400424,1116382,1.27
7400424,1116422,8.21
7400424,1116424,5.16
7400424,1116430,21.36
7400424,1116432,20.93
7400424,1116433,11.53
7400424,1116434,93.48
7400424,1116438,146.08
7400424,1116444,115.2
7400424,1116554,41.77
7400424,1116572,49.81
7400424,1116579,59.44
7400424,1116780,79.52
7400424,1117840,268.49
7400424,1117844,301.04
7400424,1117851,139.57
7400424,1117852,139.57
7400424,1117855,139.57
7400424,1117862,148.79
7400424,1117872,410.65
7400424,1117876,248.17
7400424,1117877,9.21
7400424,1117878,9.21
7400424,1117928,332.43
7400424,1118172,9.74
7400424,1118252,6.78
7400424,1118437,89.59
7400424,1118449,34.31
7400424,1118450,22.21
7400424,1118480,9.74
7400424,1118484,9.74
7400424,1118487,68.41
7400424,1118500,43.43
7400424,1118514,63.44
7400424,1118552,40.47
7400424,1118562,29.06
7400424,1118567,38.45
7400424,1118568,179.02
7400424,1118606,37.45
7400424,1119648,301.04
7400424,1119813,35.66
7400424,1122074,85.19
7400424,1122417,67.7
7400424,1122884,87.47
7400424,1122990,68.13
7400424,1123776,83.04
7400424,1123948,35.57
7400424,1123981,70.01
7400424,1124000,106.03
7400424,1124001,106.03
7400424,1124022,24.69
7400424,1124057,68.24
7400424,1124058,77.55
7400424,1124061,0.99
7400424,1124065,46.05
7400424,1124071,257.33
7400424,1124112,127.1
7400424,1124154,102.93
7400424,1124179,102.93
7400424,1124182,61.85
7400424,1124191,2.6
7400424,1124205,8.18
7400424,1124216,6.39
7400424,1124219,106.03
7400424,1124231,7.05
7400424,1124242,2837.63
7400424,1124251,13.81
7400424,1124261,6.33
7400424,1124266,240.26
7400424,1124273,64.21
7400424,1124292,41
7400424,1124310,0.76
7400424,1124338,7.48
7400424,1124371,12.56
7400424,1124404,40.75
7400424,1124418,16.63
7400424,1124421,61.7
7400424,1124470,12.27
7400424,1124471,16.2
7400424,1124472,9.72
7400424,1124479,53.3
7400424,1124522,151.93
7400424,1124531,22.37
7400424,1124534,1.59
7400424,1124535,27.04
7400424,1124536,26.11
7400424,1124567,8.39
7400424,1124569,4.1
7400424,1124571,1.59
7400424,1124641,111.95
7400424,1124666,9.47
7400424,1124732,9.35
7400424,1124733,115.53
7400424,1124775,156.79
7400424,1124820,1004.55
7400424,1124821,77.19
7400424,1124838,189.65
7400424,1124839,136.42
7400424,1124841,197.89
7400424,1124842,22.61
7400424,1124843,30.64
7400424,1124844,218.06
7400424,1124859,16.64
7400424,1124878,19.11
7400424,1124899,26.8
7400424,1124905,7.92
7400424,1124924,10.12
7400424,1124934,339.67
7400424,1125013,8.97
7400424,1125014,8.73
7400424,1125022,31.31
7400424,1125060,106.03
7400424,1125076,31.02
7400424,1125150,3.72
7400424,1125161,700.35
7400424,1125162,185.7
7400424,1125172,3.98
7400424,1125200,26.84
7400424,1125201,16.6
7400424,1125211,1.21
7400424,1125269,22.7
7400424,1125270,23.75
7400424,1125315,9.13
7400424,1125321,18.2
7400424,1125334,4.01
7400424,1125451,1.05
7400424,1125462,71.63
7400424,1125480,8.11
7400424,1126848,39.13
7400424,1127941,118.72
7400424,1130632,162.01
7400424,1132120,90.24
7400424,1132559,48.72
7400424,1136491,124.3
7400424,1136519,74.58
7400424,1138048,162.78
7400424,1138054,2.1
7400424,1138055,2.1
7400424,1138073,11.54
7400424,1138075,200.89
7400424,1138080,9.94
7400424,1138098,1.67
7400424,1138102,12.02
7400424,1138103,4.3
7400424,1138104,6.59
7400424,1138105,1.88
7400424,1138116,41
7400424,1138135,16.23
7400424,1138136,16.23
7400424,1138138,16.23
7400424,1138139,82.49
7400424,1138142,14.95
7400424,1138145,9.11
7400424,1138154,18.15
7400424,1138158,1.56
7400424,1138219,16.23
7400424,1138238,183.04
7400424,1138239,24.39
7400424,1138262,912.45
7400424,1138288,141.99
7400424,1138297,8.54
7400424,1138299,19.82
7400424,1138300,25.15
7400424,1138301,3.37
7400424,1138302,5.51
7400424,1138305,11.82
7400424,1138306,8.64
7400424,1138307,1
7400424,1138308,0.72
7400424,1138364,1.16
7400424,1138365,20.22
7400424,1138366,39.56
7400424,1138367,7.36
7400424,1138369,14.44
7400424,1138371,16.23
7400424,1138386,51.39
7400424,1138389,108.15
7400424,1138391,113.51
7400424,1138421,49.93
7400424,1138424,267.41
7400424,1138447,29.72
7400424,1138470,10.88
7400424,1138471,17.81
7400424,1138485,50.67
7400424,1138497,1.55
7400424,1138498,27
7400424,1138503,50.67
7400424,1138529,16.23
7400424,1138544,11.13
7400424,1138626,18.79
7400424,1138644,113.41
7400424,1138672,1.14
7400424,1138681,13.15
7400424,1138683,7.25
7400424,1138687,7.81
7400424,1138689,7.81
7400424,1138706,8.35
7400424,1138803,121.4
7400424,1138818,1.14
7400424,1138854,45.07
7400424,1138946,1.83
7400424,1138987,26.67
7400424,1139029,185.87
7400424,1139030,92.47
7400424,1139032,106.03
7400424,1139037,470.54
7400424,1139038,159.1
7400424,1139039,102.65
7400424,1139040,6.33
7400424,1139041,3.15
7400424,1139092,102.65
7400424,1139107,7.57
7400424,1139204,4.99
7400424,1139219,159.75
7400424,1139220,4.15
7400424,1139392,6.33
7400424,1139399,30.93
7400424,1139444,6.06
7400424,1139446,24.39
7400424,1139473,60.35
7400424,1139488,29.54
7400424,1139500,20.57
7400424,1139515,294.64
7400424,1139518,29.36
7400424,1139534,9.35
7400424,1139574,10.85
7400424,1139626,109.13
7400424,1139627,106.6
7400424,1139629,5.68
7400424,1139671,132.12
7400424,1139713,25.59
7400424,1139734,44.97
7400424,1139746,37.82
7400424,1139747,2.1
7400424,1139921,11.62
7400424,1139922,38.97
7400424,1139926,2.56
7400424,1140001,2.49
7400424,1140079,2.15
7400424,1140478,81.39
7400424,1140551,44.27
7400424,1141022,55.06
7400424,1141030,33.03
7400424,1141087,15.58
7400424,1141208,92.99
7400424,1141222,100.35
7400424,1141378,47.43
7400424,1141508,47.61
7400424,1141518,63.84
7400424,1141573,31.06
7400424,1141583,19.59
7400424,1141584,24.98
7400424,1141585,37.44
7400424,1141587,35.39
7400424,1141630,208.4
7400424,1141846,271.43
7400424,1141875,54.14
7400424,1141891,9.52
7400424,1141893,15.58
7400424,1141934,2.02
7400424,1141944,81.13
7400424,1142025,130.57
7400424,1142028,26.48
7400424,1142029,37.44
7400424,1142030,30.07
7400424,1142084,21.36
7400424,1142318,19.95
7400424,1142508,0.01
7400424,1142532,25.3
7400424,1143254,104.28
7400424,1143297,65.18
7400424,1143749,50.62
7400424,1143751,10.88
7400424,1143752,92.47
7400424,1143758,6.85
7400424,1143763,6.38
7400424,1143764,124.64
7400424,1143765,5.66
7400424,1143766,34.33
7400424,1143769,7.8
7400424,1143770,2.39
7400424,1143772,111.16
7400424,1143774,137.01
7400424,1143877,44.61
7400424,1143878,43.62
7400424,1143880,57.29
7400424,1143949,36.73
7400424,1143972,61.82
7400424,1143981,55.64
7400424,1143982,123.73
7400424,1144008,21.64
7400424,1144009,38.14
7400424,1144010,35.39
7400424,1144011,25.3
7400424,1144013,27.2
7400424,1144365,49.48
7400424,1144442,34.51
7400424,1144476,71.97
7400424,1144527,53.04
7400424,1144535,34.84
7400424,1144539,25.97
7400424,1144578,135.62
7400424,1144579,150.15
7400424,1144580,132.06
7400424,1144582,89.3
7400424,1144648,72.34
7400424,1144730,133.54
7400424,1144761,92.92
7400424,1144769,47.32
7400424,1144788,140.3
7400424,1144801,25.26
7400424,1145193,41.6
7400424,1145210,151.94
7400424,1145218,30.79
7400424,1145245,41.41
7400424,1145301,16.37
7400424,1145305,466.33
7400424,1145386,126.5
7400424,1145537,96.04
7400424,1145565,3.34
7400424,1145578,38.14
7400424,1145584,86.72
7400424,1145754,36.97
7400424,1145755,41.04
7400424,1145823,68.4
7400424,1145826,20.56
7400424,1145879,34.27
7400424,1145880,27.46
7400424,1145881,35.52
7400424,1145882,51.61
7400424,1145883,51.51
7400424,1145884,25.83
7400424,1145886,32.77
7400424,1145887,39.13
7400424,1145889,55.05
7400424,1145890,34.39
7400424,1145892,37.84
7400424,1145893,45.85
7400424,1145923,100.53
7400424,1145934,134.13
7400424,1146028,12.55
7400424,1146069,40.44
7400424,1146173,35.66
7400424,1146218,51.68
7400424,1146227,34.58
7400424,1146228,22.91
7400424,1146258,37.47
7400424,1146265,108.55
7400424,1146383,52.86
7400424,1146384,70.41
7400424,1146456,3.5
7400424,1146471,38.05
7400424,1146511,16.44
7400424,1146527,28.85
7400424,1146739,43.77
7400424,1146741,55.53
7400424,1146743,53.47
7400424,1146798,107.98
7400424,1146803,80.46
7400424,1146814,32.29
7400424,1146815,41.18
7400424,1146894,31.81
7400424,1147088,111.94
7400424,1147281,41.81
7400424,1147371,142.41
7400424,1147385,62.38
7400424,1147449,131.74
7400424,1147450,41.74
7400424,1147463,46.15
7400424,1147600,73.38
7400424,1147670,68.34
7400424,1147740,13.76
7400424,1147749,28.72
7400424,1147838,19.31
7400424,1147901,93.73
7400424,1147909,33.69
7400424,1147977,65.98
7400424,1147984,27.87
7400424,1148135,52.55
7400424,1148198,190.68
7400424,1148274,43.05
7400424,1148325,34.84
7400424,1148416,99.28
7400424,1148439,79.52
7400424,1148604,82.51
7400424,1148611,17.91
7400424,1148648,9.35
7400424,1148649,6.36
7400424,1148667,22.14
7400424,1148694,53.2
7400424,1148699,41.04
7400424,1148837,28.6
7400424,1148841,130.67
7400424,1148911,57.6
7400424,1148965,63.96
7400424,1149026,45.03
7400424,1149027,48.57
7400424,1149179,56.4
7400424,1149259,29.49
7400424,1149260,32.5
7400424,1149264,97.87
7400424,1149347,188.52
7400424,1149727,451.65
7400424,1149728,1.52
7400424,1149788,15.58
7400424,1149817,19.59
7400424,1149828,397.17
7400424,1149902,2.56
7400424,1149949,75.34
7400424,1150024,264.16
7400424,1150050,1.55
7400424,1150125,21.96
7400424,1150163,72.2
7400424,1150167,123.89
7400424,1150202,70.75
7400424,1150208,142.1
7400424,1150489,71.63
7400424,1150518,29.43
7400424,1150635,6.19
7400424,1150663,21.77
7400424,1150712,85.59
7400424,1150713,131.79
7400424,1150721,9.47
7400424,1150746,69.58
7400424,1150785,115.62
7400424,1150827,38.55
7400424,1150842,64.75
7400424,1150850,35.63
7400424,1150859,34.6
7400424,1150864,53.17
7400424,1150866,36.47
7400424,1151313,32.7
7400424,1151324,24.22
7400424,1151371,83.33
7400424,1151379,36.72
7400424,1151408,115.55
7400424,1151410,137.26
7400424,1151421,77.97
7400424,1151689,54.91
7400424,1151692,63.06
7400424,1151694,56.62
7400424,1151829,271
7400424,1151881,14.96
7400424,1151944,154.7
7400424,1151967,28.91
7400424,1151995,65.28
7400424,1152171,54.6
7400424,1152172,56.04
7400424,1152173,65.12
7400424,1152248,109.51
7400424,1152255,105.14
7400424,1152295,688.22
7400424,1152296,18.4
7400424,1152379,73.44
7400424,1152380,46.4
7400424,1152472,29.63
7400424,1152478,72.37
7400424,1152595,81.64
7400424,1152599,43.87
7400424,1152650,105.59
7400424,1152704,47.27
7400424,1152843,81.04
7400424,1153077,41
7400424,1153249,112.88
7400424,1153343,47.45
7400424,1153346,78.47
7400424,1153482,198.4
7400424,1153483,103.49
7400424,1153506,39.42
7400424,1153555,129.94
7400424,1153569,35.66
7400424,1153576,53.94
7400424,1153589,52.48
7400424,1153591,40.29
7400424,1153592,26.13
7400424,1153593,14.69
7400424,1153594,22.57
7400424,1153596,33.8
7400424,1153598,208.4
7400424,1153599,24.45
7400424,1153601,33.93
7400424,1153603,2.56
7400424,1153717,45.65
7400424,1153721,11.47
7400424,1153751,179.06
7400424,1153788,55.77
7400424,1153828,94.01
7400424,1153834,387.75
7400424,1153935,119.32
7400424,1154002,34.65
7400424,1154003,27.39
7400424,1154094,9.33
7400424,1154150,38.27
7400424,1154153,18.78
7400424,1154154,18.78
7400424,1154155,25.22
7400424,1154156,12.36
7400424,1154157,73.81
7400424,1154192,162.48
7400424,1154193,143.28
7400424,1154197,208.68
7400424,1154198,371.49
7400424,1154199,102.12
7400424,1154201,145.44
7400424,1154211,98.3
7400424,1154214,65.28
7400424,1154215,40.44
7400424,1154216,168
7400424,1154217,168
7400424,1154221,132.82
7400424,1154222,116.89
7400424,1154224,175.24
7400424,1154225,90.2
7400424,1154226,104.89
7400424,1154227,98.72
7400424,1154229,73.9
7400424,1154230,82.85
7400424,1154232,116.49
7400424,1154233,312.76
7400424,1154234,73.38
7400424,1154236,84.73
7400424,1154237,88.45
7400424,1154239,132.15
7400424,1154244,92.72
7400424,1154245,128.22
7400424,1154246,140.72
7400424,1154247,56.83
7400424,1154248,51.01
7400424,1154249,73.61
7400424,1154250,64.51
7400424,1154251,58.44
7400424,1154252,84.79
7400424,1154376,24.1
7400424,1154500,31.85
7400424,1154622,38.56
7400424,1154796,159.33
7400424,1154829,41.41
7400424,1154934,35.59
7400424,1154948,45.18
7400424,1154964,9.11
7400424,1154969,41.82
7400424,1154997,935.25
7400424,1155037,61.7
7400424,1155058,4.34
7400424,1155075,108.61
7400424,1155084,176.91
7400424,1155117,109.42
7400424,1155244,92.5
7400424,1155288,40.08
7400424,1155472,123.73
7400424,1155473,85.19
7400424,1155485,163
7400424,1155500,36.24
7400424,1155520,86.03
7400424,1155545,17.17
7400424,1155562,46.45
7400424,1155588,44.22
7400424,1155637,136.91
7400424,1155651,35.44
7400424,1155921,39.44
7400424,1156014,45.87
7400424,1156110,12.01
7400424,1156304,38.82
7400424,1156505,72.02
7400424,1156527,10.49
7400424,1156578,40.91
7400424,1156610,12.28
7400424,1156612,18.19
7400424,1156623,58.77
7400424,1156625,47.13
7400424,1156626,48.06
7400424,1156857,3.14
7400424,1156891,68.77
7400424,1157171,74.53
7400424,1157293,63.74
7400424,1157403,39.49
7400424,1157405,61.41
7400424,1157407,17.91
7400424,1157409,24.39
7400424,1157652,45.92
7400424,1157673,21.36
7400424,1158081,111.1
7400424,1158086,109.45
7400424,1158111,55.05
7400424,1158241,113.65
7400424,1158246,90.78
7400424,1158449,73.27
7400424,1158863,13.04
7400424,1158895,84.92
7400424,1159066,85.45
7400424,1159075,3.54
7400424,1159082,7.47
7400424,1159297,0.01
7400424,1159396,47.56
7400424,1159401,70.42
7400424,1159454,5.19
7400424,1159628,1.55
7400424,1159713,28.6
7400424,1159814,131.33
7400424,1159841,2.01
7400424,1159956,64.85
7400424,1160127,43.43
7400424,1160282,48.67
7400424,1160608,56.82
7400424,1160674,87.23
7400424,1160786,29.88
7400424,1160847,51.39
7400424,1161068,111.55
7400424,1161167,301.04
7400424,1161286,34.98
7400424,1161434,112.66
7400424,1161441,71.06
7400424,1161442,71.06
7400424,1161470,71.63
7400424,1161554,35.97
7400424,1161571,122.74
7400424,1161572,65.86
7400424,1161706,114.4
7400424,1161802,66.78
7400424,1161803,66.76
7400424,1161994,70.91
7400424,1162040,26.98
7400424,1162073,80.59
7400424,1162129,9.69
7400424,1162145,62.84
7400424,1162166,57.95
7400424,1162237,25.85
7400424,1162274,26.77
7400424,1162396,67.77
7400424,1162588,43.43
7400424,1162592,85.03
7400424,1162595,32.5
7400424,1162796,1.56
7400424,1162907,8.52
7400424,1162916,50
7400424,1162933,57.19
7400424,1162947,11.67
7400424,1163046,200.58
7400424,1163089,46.54
7400424,1163395,67.01
7400424,1163583,3.14
7400424,1163807,46.31
7400424,1163808,51.86
7400424,1163810,54.88
7400424,1163812,59.24
7400424,1163813,41.74
7400424,1163863,112.24
7400424,1164006,41.03
7400424,1164102,222.57
7400424,1164269,45.74
7400424,1164490,64.16
7400424,1164522,170.76
7400424,1164524,2.94
7400424,1164525,16.96
7400424,1164526,238.87
7400424,1164532,35.81
7400424,1164534,190.63
7400424,1164536,71.89
7400424,1164539,99.57
7400424,1164543,249.45
7400424,1164544,215.65
7400424,1164693,47.73
7400424,1164900,34.35
7400424,1164922,13.27
7400424,1164923,11.7
7400424,1164926,97.08
7400424,1164928,105.47
7400424,1164930,88.97
7400424,1164931,196.7
7400424,1164932,166.8
7400424,1164990,4.57
7400424,1165306,34.4
7400424,1165469,58.05
7400424,1165478,122.69
7400424,1165501,72.81
7400424,1165504,20.06
7400424,1165522,67.68
7400424,1165524,72.66
7400424,1165545,0.01
7400424,1165598,1.19
7400424,1165673,35.99
7400424,1165681,30.9
7400424,1165730,119.5
7400424,1165961,17.72
7400424,1165965,5.28
7400424,1166182,116
7400424,1166233,72.33
7400424,1166358,7.76
7400424,1166394,76.79
7400424,1166396,96.91
7400424,1166397,84.85
7400424,1166398,103.89
7400424,1166401,114.89
7400424,1166443,0.94
7400424,1166444,6.83
7400424,1166464,0.99
7400424,1166549,15.51
7400424,1166550,1.59
7400424,1166598,115.26
7400424,1166644,8.13
7400424,1166765,10.83
7400424,1166786,46.78
7400424,1166796,73.78
7400424,1166820,77.62
7400424,1166998,56.82
7400424,1167031,40.47
7400424,1167065,102.87
7400424,1167067,282.62
7400424,1167168,1.05
7400424,1167201,101.73
7400424,1167228,4.22
7400424,1167303,11.33
7400424,1167430,154.04
7400424,1167493,108.85
7400424,1167495,34.46
7400424,1167496,37.21
7400424,1167498,43.13
7400424,1167499,28.71
7400424,1167500,25.4
7400424,1167502,27.84
7400424,1167503,34.39
7400424,1167504,31.26
7400424,1167600,34.08
7400424,1167733,10.22
7400424,1167766,201.77
7400424,1167854,51.25
7400424,1168115,120.06
7400424,1168223,54.63
7400424,1168353,22.75
7400424,1168356,27.69
7400424,1168358,25.54
7400424,1168450,38.32
7400424,1168501,50.31
7400424,1168670,39.35
7400424,1168799,115.53
7400424,1169052,51.85
7400424,1169055,48.3
7400424,1169059,117.16
7400424,1169158,39.35
7400424,1169261,31.6
7400424,1169262,33.15
7400424,1169263,28.36
7400424,1169264,36.9
7400424,1169265,55.71
7400424,1169266,52.98
7400424,1169651,39.93
7400424,1169824,58.67
7400424,1169835,111.04
7400424,1169860,24.46
7400424,1169868,24.75
7400424,1169869,31.35
7400424,1169870,38.83
7400424,1169871,36.84
7400424,1169872,47.13
7400424,1170066,227.26
7400424,1170162,12.38
7400424,1170292,44.93
7400424,1170293,103.66
7400424,1170378,148.39
7400424,1170384,54.94
7400424,1170538,59.64
7400424,1170539,65.96
7400424,1170687,42.23
7400424,1170698,33.56
7400424,1170742,43.67
7400424,1170754,69.8
7400424,1170776,341.22
7400424,1170827,8.28
7400424,1170851,15.43
7400424,1170852,16.63
7400424,1170885,88.67
7400424,1170887,56.11
7400424,1170937,30.49
7400424,1170994,5.51
7400424,1171025,287.08
7400424,1171130,73.63
7400424,1171585,60.17
7400424,1171821,68.68
7400424,1172018,80.22
7400424,1172188,10.88
7400424,1172197,35.31
7400424,1172198,37.18
7400424,1172200,45.74
7400424,1172201,37.18
7400424,1172202,27.4
7400424,1172233,47
7400424,1172241,41.97
7400424,1172407,1.55
7400424,1172431,99.88
7400424,1172628,4.32
7400424,1172697,20.06
7400424,1172752,22.98
7400424,1172801,22.13
7400424,1172884,122.91
7400424,1172976,111.78
7400424,1173036,49.39
7400424,1173194,134.19
7400424,1173226,47.99
7400424,1173268,50.2
7400424,1173430,2.56
7400424,1173459,138.03
7400424,1173467,96.97
7400424,1173683,35
7400424,1173902,70.97
7400424,1173943,23.18
7400424,1174006,9.22
7400424,1174014,4.15
7400424,1174338,42.25
7400424,1174659,12.31
7400424,1174753,56.11
7400424,1174847,86.37
7400424,1175151,182.95
7400424,1175179,151.86
7400424,1175285,38.85
7400424,1175286,56.36
7400424,1175287,85.61
7400424,1175378,5.69
7400424,1175419,49.14
7400424,1175525,0.01
7400424,1175535,82.58
7400424,1175680,173.85
7400424,1175778,41.3
7400424,1175789,114.22
7400424,1175924,28.76
7400424,1175949,24.66
7400424,1176135,47.42
7400424,1176136,68.62
7400424,1176524,73
7400424,1176637,56.18
7400424,1176734,21.74
7400424,1176737,51.15
7400424,1176807,96.55
7400424,1176858,17.17
7400424,1176871,78.11
7400424,1176872,78.11
7400424,1177035,54.12
7400424,1177105,59.96
7400424,1177122,57.11
7400424,1177124,34.58
7400424,1177175,38.56
7400424,1177264,3.3
7400424,1177354,112.78
7400424,1177392,87.74
7400424,1177528,65.58
7400424,1177596,26
7400424,1177752,143.67
7400424,1178770,145.04
7400424,1179147,164.69
7400424,1179444,25.76
7400424,1179704,44.61
7400424,1179805,68.09
7400424,1179955,30.54
7400424,1179956,49.24
7400424,1180084,136.48
7400424,1180506,40.44
7400424,1180514,63.57
7400424,1180617,0.01
7400424,1180814,116.88
7400424,1180816,80.11
7400424,1181009,59.36
7400424,1181139,82.97
7400424,1181141,43.84
7400424,1181143,43.84
7400424,1181144,37.86
7400424,1181146,37.86
7400424,1181279,58.86
7400424,1181303,63.44
7400424,1181600,0.01
7400424,1181619,49.41
7400424,1181726,59.75
7400424,1182094,35.25
7400424,1183302,63.98
7400424,1183567,2.96
7400424,1183569,4.32
7400424,1183699,61.51
7400424,1183739,48.67
7400424,1183751,50.61
7400424,1183752,50.61
7400424,1183805,87.31
7400424,1183806,88.69
7400424,1183808,92.73
7400424,1183820,94.54
7400424,1183860,50.15
7400424,1183956,4.88
7400424,1184012,14.06
7400424,1184020,81.91
7400424,1184680,94.53
7400424,1184781,135.99
7400424,1184784,5.5
7400424,1184823,0.01
7400424,1184824,153.34
7400424,1184843,59.35
7400424,1184871,7.93
7400424,1184888,48.82
7400424,1184890,2.74
7400424,1184891,4.59
7400424,1184983,9.62
7400424,1185119,4.32
7400424,1185188,52.43
7400424,1185225,94.07
7400424,1185284,16.37
7400424,1185465,47.13
7400424,1185724,197.12
7400424,1185826,108.1
7400424,1185856,39.62
7400424,1185922,88.38
7400424,1186172,95.45
7400424,1186280,47.28
7400424,1188342,45.58
7400424,1188344,33.7
7400424,1188573,61.24
7400424,1189015,58.09
7400424,1189120,1.16
7400424,1189318,55.7
7400424,1190465,86.97
7400424,1191280,92.73
7400424,1191282,35.04
7400424,1191379,34.64
7400424,1191410,52.08
7400424,1192169,68.26
7400424,1192320,41.34
7400424,1192322,39.6
7400424,1192323,43.82
7400424,1192324,43.56
7400424,1192325,47.95
7400424,1192326,47.92
7400424,1192327,88.69
7400424,1192328,93.72
7400424,1192329,46.69
7400424,1192337,28.6
7400424,1192338,57.94
7400424,1194000,24.69
7400424,1194004,21.27
7400424,1194170,43.43
7400424,1194196,56.29
7400424,1194381,48.67
7400424,1194482,38.54
7400424,1194621,146.43
7400424,1194894,47.99
7400424,1196221,194.16
7400424,1196222,145.51
7400424,1196324,146.08
7400424,1196325,2.13
7400424,1196326,1.46
7400424,1196327,2.02
7400424,1196328,3.3
7400424,1196332,3.07
7400424,1196333,161.48
7400424,1196334,161.48
7400424,1196335,73.91
7400424,1196336,54.04
7400424,1196337,21.36
7400424,1196338,8.13
7400424,1196627,95.75
7400424,1196682,100.18
7400424,1196797,71.63
7400424,1196801,4.15
7400424,1196807,5.98
7400424,1196808,7.45
7400424,1196810,13.82
7400424,1196814,3.37
7400424,1196815,2.56
7400424,1196821,2.26
7400424,1196903,3.71
7400424,1196904,27.71
7400424,1196907,5.02
7400424,1196908,2.77
7400424,1196911,6.33
7400424,1197004,73.6
7400424,1197144,69.04
7400424,1197275,33.23
7400424,1197418,101.03
7400424,1197722,58.21
7400424,1197746,67.56
7400424,1197812,17.32
7400424,1197909,120.9
7400424,1198396,145.09
7400424,1198397,39.95
7400424,1198550,27.85
7400424,1198621,113.95
7400424,1198898,37.22
7400424,1198965,77.27
7400424,1198974,22.98
7400424,1198984,112.79
7400424,1199064,38.89
7400424,1199162,17.63
7400424,1199280,85.43
7400424,1199773,68.21
7400424,1199980,31.8
7400424,1200518,99.23
7400424,1200542,341.08
7400424,1200588,115.94
7400424,1200619,88.55
7400424,1200639,72.44
7400424,1200750,1.34
7400424,1201101,4.95
7400424,1201106,76.85
7400424,1201107,29.21
7400424,1201168,55.77
7400424,1201481,37.87
7400424,1201614,76.85
7400424,1201682,23.63
7400424,1201699,32.07
7400424,1201700,22.21
7400424,1201717,288.76
7400424,1202007,33.69
7400424,1202532,83.72
7400424,1202622,6.89
7400424,1202644,103.82
7400424,1202671,7.85
7400424,1202687,66.35
7400424,1202711,54.76
7400424,1202729,4.63
7400424,1202744,12.51
7400424,1202838,87.73
7400424,1202839,90.35
7400424,1203005,120.13
7400424,1203044,83
7400424,1203171,58.48
7400424,1203282,0.01
7400424,1203333,28.36
7400424,1203456,88.04
7400424,1203458,96.71
7400424,1203597,40.74
7400424,1203897,41.57
7400424,1204036,24.95
7400424,1204149,0.01
7400424,1204262,109.25
7400424,1204263,109.25
7400424,1204320,38.28
7400424,1204762,103.02
7400424,1204909,25.71
7400424,1204939,45.74
7400424,1205048,9.71
7400424,1205082,24.69
7400424,1205162,59.5
7400424,1205530,212.49
7400424,1205708,102.87
7400424,1205709,229.62
7400424,1205710,705.68
7400424,1205851,167.65
7400424,1205967,19.78
7400424,1205968,0.01
7400424,1206013,173.01
7400424,1206016,75.44
7400424,1206116,37.15
7400424,1206120,94.41
7400424,1206169,48.08
7400424,1206520,0.01
7400424,1206676,132.21
7400424,1206707,44.85
7400424,1206708,24.08
7400424,1206709,50.22
7400424,1206810,71.33
7400424,1206893,559.59
7400424,1206971,49.88
7400424,1206972,82.04
7400424,1207028,118.91
7400424,1207040,94.55
7400424,1207041,36.85
7400424,1207099,89.39
7400424,1207126,29.63
7400424,1207146,147.04
7400424,1207160,214.72
7400424,1207193,90.24
7400424,1207206,104.3
7400424,1207250,160.32
7400424,1207251,203.84
7400424,1207252,138.42
7400424,1207271,71.44
7400424,1207272,72.89
7400424,1207273,73.11
7400424,1207276,116.75
7400424,1207301,28.02
7400424,1207304,22.45
7400424,1207372,114.76
7400424,1207381,69.97
7400424,1207444,71.52
7400424,1207449,90.19
7400424,1207451,119.16
7400424,1207452,107.22
7400424,1207453,87.42
7400424,1207487,31.84
7400424,1207489,43.12
7400424,1207490,43.12
7400424,1207516,92.16
7400424,1207582,97.77
7400424,1207663,111.55
7400424,1207669,53.13
7400424,1207791,164.81
7400424,1207828,87.42
7400424,1207891,1.52
7400424,1207961,119.92
7400424,1207962,83.35
7400424,1208137,63.84
7400424,1208160,131.01
7400424,1208237,103.79
7400424,1208299,107.31
7400424,1208300,87.42
7400424,1208301,67.6
7400424,1208326,88.36
7400424,1208352,88.17
7400424,1208459,133.84
7400424,1208550,152.12
7400424,1208579,96.03
7400424,1208614,107.31
7400424,1208635,40.19
7400424,1208636,22.04
7400424,1208640,63.22
7400424,1208647,129.49
7400424,1208691,177.75
7400424,1208697,60.35
7400424,1208759,86.29
7400424,1208760,6.33
7400424,1208819,20.39
7400424,1208828,76.25
7400424,1208831,142.4
7400424,1208832,150.21
7400424,1208833,177.34
7400424,1208886,43.12
7400424,1208956,47.81
7400424,1208994,167.21
7400424,1208996,129.31
7400424,1209044,54.39
7400424,1209100,0.01
7400424,1209359,33.56
7400424,1209363,58.44
7400424,1209415,95.88
7400424,1209417,111.8
7400424,1209453,234.69
7400424,1209454,124.67
7400424,1209455,169.38
7400424,1209575,139.87
7400424,1209858,2.47
7400424,1209955,87.46
7400424,1210316,19.79
7400424,1210318,28.48
7400424,1210319,64.25
7400424,1210320,431.91
7400424,1210469,0.01
7400424,1210511,111.79
7400424,1210599,59.95
7400424,1210600,42.12
7400424,1210611,66.01
7400424,1210619,50.45
7400424,1210640,132.6
7400424,1210659,53.96
7400424,1210803,116.58
7400424,1210820,172.75
7400424,1210829,84.2
7400424,1210830,31.84
7400424,1210838,44.8
7400424,1210871,120.24
7400424,1210873,104.53
7400424,1210881,31.78
7400424,1210883,35.1
7400424,1210884,35.1
7400424,1211180,72.77
7400424,1211196,90.24
7400424,1211300,57.05
7400424,1211423,74.94
7400424,1211431,139.87
7400424,1211440,73.37
7400424,1211737,142.18
7400424,1211738,188.19
7400424,1211903,46.65
7400424,1211917,40.07
7400424,1211968,62.16
7400424,1212041,70.15
7400424,1213112,20.39
7400424,1213185,44.27
7400424,1213241,55.26
7400424,1213356,178
7400424,1213488,112.85
7400424,1213847,119.57
7400424,1213935,21.7
7400424,1214048,39.86
7400424,1214233,3.87
7400424,1214239,121.15
7400424,1214440,42.03
7400424,1214477,44.8
7400424,1214651,53.66
7400424,1214764,114.35
7400424,1214765,16.6
7400424,1214823,47.05
7400424,1214840,36.41
7400424,1214966,159.98
7400424,1215001,39.86
7400424,1215002,39.86
7400424,1215129,28.48
7400424,1215272,53.18
7400424,1215473,218.55
7400424,1215580,60.98
7400424,1215604,41.28
7400424,1215734,73.99
7400424,1215920,13.15
7400424,1215978,93.21
7400424,1216231,39.22
7400424,1216242,20.39
7400424,1216258,2.01
7400424,1216425,96.2
7400424,1216442,0.01
7400424,1216627,27.92
7400424,1216722,17.63
7400424,1216807,152.12
7400424,1216813,66.69
7400424,1216824,0.01
7400424,1216873,143.67
7400424,1216898,71.63
7400424,1216943,235.27
7400424,1216950,9.42
7400424,1217026,49.44
7400424,1217573,129.34
7400424,1217596,62.46
7400424,1217711,104.5
7400424,1217757,19.35
7400424,1217933,121.94
7400424,1218038,104.4
7400424,1218269,147.23
7400424,1218463,104.58
7400424,1218555,73.63
7400424,1218835,86.93
7400424,1218860,92.46
7400424,1218938,108.28
7400424,1219675,53.18
7400424,1219699,55.95
7400424,1219717,70.91
7400424,1219736,196.3
7400424,1219743,114.76
7400424,1220200,107.02
7400424,1220221,18.86
7400424,1220368,81.99
7400424,1220552,80.77
7400424,1220796,73.78
7400424,1220871,61.61
7400424,1220890,71.84
7400424,1221085,139.47
7400424,1221182,57.82
7400424,1221316,104.3
7400424,1221444,117.17
7400424,1221511,20.39
7400424,1221963,115.28
7400424,1222120,129.5
7400424,1222153,31.73
7400424,1222196,71.06
7400424,1222301,126.92
7400424,1222392,32
7400424,1222541,20.96
7400424,1222635,41.68
7400424,1222658,23.77
7400424,1222994,45.25
7400424,1223350,119.43
7400424,1223384,135.48
7400424,1223545,50.16
7400424,1223564,103.96
7400424,1223952,7.53
7400424,1224499,68.41
7400424,1224512,281.15
7400424,1224926,4.19
7400424,1225289,118.16
7400424,1225450,102.62
7400424,1225493,49.07
7400424,1225646,75.08
7400424,1225660,32.22
7400424,1225710,118.73
7400424,1225799,24.91
7400424,1226066,15.06
7400424,1226068,75.73
7400424,1226217,0.01
7400424,1226515,12
7400424,1226884,4.1
7400424,1226891,2.56
7400424,1226984,59.33
7400424,1227045,23.83
7400424,1227049,115.61
7400424,1227654,87.37
7400424,1227782,41.77
7400424,1227784,47.43
7400424,1227838,97.88
7400424,1227859,87.75
7400424,1227992,81.65
7400424,1228201,82.21
7400424,1228436,70.41
7400424,1228474,5.46
7400424,1228700,74.67
7400424,1228806,211.89
7400424,1228808,325.98
7400424,1228884,21.07
7400424,1228974,69.63
7400424,1229006,77.67
7400424,1229163,72.11
7400424,1229355,34.67
7400424,1229375,74.45
7400424,1229502,21.77
7400424,1229683,31.73
7400424,1229763,39.79
7400424,1229916,76.39
7400424,1230017,4.1
7400424,1230615,71.77
7400424,1230664,20.89
7400424,1230839,123.66
7400424,1230939,47.66
7400424,1230962,34.59
7400424,1230970,65.88
7400424,1231225,45.3
7400424,1231329,90.48
7400424,1231364,58.53
7400424,1231399,31.5
7400424,1231467,14.91
7400424,1231701,64.51
7400424,1231803,88.34
7400424,1231818,81.42
7400424,1231845,41.88
7400424,1232016,136.22
7400424,1232142,98.52
7400424,1232173,27.53
7400424,1232174,47.69
7400424,1232175,39.42
7400424,1232451,33.05
7400424,1232532,65.4
7400424,1232554,98.19
7400424,1232555,201.69
7400424,1232562,33.64
7400424,1232961,26.84
7400424,1232983,55
7400424,1232989,39.06
7400424,1233016,39.84
7400424,1233026,116.05
7400424,1233153,176.53
7400424,1233261,7.16
7400424,1233272,34.58
7400424,1233395,58.71
7400424,1233396,54.46
7400424,1233398,42.45
7400424,1233399,53.09
7400424,1233405,39.6
7400424,1233406,55.99
7400424,1233407,67.67
7400424,1233408,135.79
7400424,1233816,106.3
7400424,1233823,93.32
7400424,1233955,53.92
7400424,1233982,133.8
7400424,1234113,36.87
7400424,1234326,31.58
7400424,1234406,90.36
7400424,1234469,3.76
7400424,1234600,94.07
7400424,1234721,104.48
7400424,1234725,148.1
7400424,1234865,94.98
7400424,1234871,44.18
7400424,1234898,27.06
7400424,1234944,3.14
7400424,1235018,37.27
7400424,1235121,66.56
7400424,1235265,88.29
7400424,1235391,9.76
7400424,1235522,226.96
7400424,1235772,44.87
7400424,1235773,60.08
7400424,1235861,59.63
7400424,1235886,52.06
7400424,1235922,103.98
7400424,1236003,34.11
7400424,1236007,51.47
7400424,1236025,33.08
7400424,1236054,7.05
7400424,1236150,56.41
7400424,1236151,36.99
7400424,1236228,21.28
7400424,1236238,16.64
7400424,1236283,34.67
7400424,1236307,5.5
7400424,1236317,1.05
7400424,1236351,68.55
7400424,1236410,208.4
7400424,1236432,137.09
7400424,1236433,99.6
7400424,1236434,89.15
7400424,1236509,44.12
7400424,1237249,71.48
7400424,1237255,54.78
7400424,1237257,120.3
7400424,1237279,13.27
7400424,1237281,54.07
7400424,1237420,50.29
7400424,1237811,132.7
7400424,1237888,484.53
7400424,1237939,71.97
7400424,1237954,63.33
7400424,1238016,41.49
7400424,1238044,0.01
7400424,1238079,41.95
7400424,1238210,43.03
7400424,1238393,46.35
7400424,1238619,178.42
7400424,1238706,35.81
7400424,1238746,70.1
7400424,1238797,84.55
7400424,1238846,30.07
7400424,1238959,17.01
7400424,1239237,45.54
7400424,1239645,51.96
7400424,1239697,46.02
7400424,1239700,51.82
7400424,1239734,155.01
7400424,1239762,132.34
7400424,1239794,2.02
7400424,1239813,0.94
7400424,1240058,168.07
7400424,1240070,81.99
7400424,1240305,1.19
7400424,1240308,17.26
7400424,1240480,57.82
7400424,1240488,170.76
7400424,1240665,44.65
7400424,1240934,31.84
7400424,1240935,31.84
7400424,1240937,31.84
7400424,1241020,87.5
7400424,1241028,86.79
7400424,1241083,114.43
7400424,1241177,61.79
7400424,1241241,63.12
7400424,1241489,37.49
7400424,1241532,55.12
7400424,1241581,55.77
7400424,1241620,67.39
7400424,1241741,44.12
7400424,1241751,131.74
7400424,1241766,96.27
7400424,1241799,154.04
7400424,1241949,5.38
7400424,1241984,120.88
7400424,1242381,30.12
7400424,1242388,99.76
7400424,1242391,78.26
7400424,1242512,25.67
7400424,1242513,39.4
7400424,1242514,23.85
7400424,1242595,67.96
7400424,1242639,58.12
7400424,1242655,132.09
7400424,1242669,0.01
7400424,1242748,297.84
7400424,1243086,44.43
7400424,1243106,107.02
7400424,1243113,75.66
7400424,1243129,102.68
7400424,1243294,80.51
7400424,1243660,132.6
7400424,1243704,37.27
7400424,1243825,80.78
7400424,1243838,56.26
7400424,1243843,321.76
7400424,1243969,115.17
7400424,1244087,20.55
7400424,1244089,1.27
7400424,1244101,43.01
7400424,1244146,40.36
7400424,1244242,91.83
7400424,1244349,137.39
7400424,1244355,114.97
7400424,1244423,14.99
7400424,1244725,57.82
7400424,1244778,75.53
7400424,1244800,38.46
7400424,1244956,23.7
7400424,1245102,55.77
7400424,1245105,43.03
7400424,1245218,50.21
7400424,1245220,23.36
7400424,1245221,36.75
7400424,1245581,67.92
7400424,1246075,7.9
7400424,1246152,82.86
7400424,1246278,96.24
7400424,1246521,119.46
7400424,1246628,71.63
7400424,1246647,10.83
7400424,1246901,97.15
7400424,1247046,72.19
7400424,1247211,218.55
7400424,1247453,96.9
7400424,1247454,108.51
7400424,1247509,42.81
7400424,1247565,61.69
7400424,1247712,90.42
7400424,1247743,96.03
7400424,1247762,27.67
7400424,1247763,54.23
7400424,1247765,42.89
7400424,1247881,81.99
7400424,1247930,155.01
7400424,1247944,254.36
7400424,1248032,69.3
7400424,1248076,26.56
7400424,1248123,33.52
7400424,1248219,143.67
7400424,1248224,0.01
7400424,1248321,45.74
7400424,1248480,60.24
7400424,1248764,109.1
7400424,1248955,131.07
7400424,1249034,38.66
7400424,1249192,15.23
7400424,1249313,109.13
7400424,1249374,22.13
7400424,1249380,51.95
7400424,1249975,35.27
7400424,1249995,198.7
7400424,1250511,78.11
7400424,1250579,0.82
7400424,1250580,12.97
7400424,1250581,1.55
7400424,1250603,163.04
7400424,1250658,53.82
7400424,1250663,1.49
7400424,1250758,133.07
7400424,1250775,244.58
7400424,1250838,2.47
7400424,1251118,39.74
7400424,1251299,53.46
7400424,1251343,61.92
7400424,1251366,38.78
7400424,1251625,86.89
7400424,1251971,96.21
7400424,1252038,71.4
7400424,1252050,7.05
7400424,1252140,9.36
7400424,1252348,65.1
7400424,1252669,63.97
7400424,1252697,65.89
7400424,1252710,2.39
7400424,1252711,1.69
7400424,1253242,7.05
7400424,1253248,7.05
7400424,1253304,5.5
7400424,1253326,236.74
7400424,1253475,88.11
7400424,1253560,75.78
7400424,1253814,79.35
7400424,1253904,71.63
7400424,1253931,8.98
7400424,1254081,11.87
7400424,1254516,85.02
7400424,1254797,77.5
7400424,1254800,73.61
7400424,1254856,96.76
7400424,1254859,139.87
7400424,1254861,2.55
7400424,1254866,5.46
7400424,1254867,244.78
7400424,1254933,64.43
7400424,1254951,43.85
7400424,1254953,36.15
7400424,1254967,45.55
7400424,1254968,53.97
7400424,1254970,54.12
7400424,1254989,44.74
7400424,1254992,39.46
7400424,1255081,161.53
7400424,1255178,37.69
7400424,1255210,38.31
7400424,1255356,4.63
7400424,1255440,37.62
7400424,1256082,177.75
7400424,1256156,912.45
7400424,1256292,29.8
7400424,1256321,55.54
7400424,1256364,103.51
7400424,1256529,2.47
7400424,1256896,41.13
7400424,1256898,41.13
7400424,1256900,57.02
7400424,1256904,47
7400424,1256906,87.3
7400424,1256907,47
7400424,1257268,39.75
7400424,1257318,41.95
7400424,1257319,25
7400424,1257320,48.9
7400424,1257321,29.05
7400424,1257704,68.34
7400424,1257863,910.91
7400424,1258149,132
7400424,1258296,77.54
7400424,1258414,0.01
7400424,1258438,125.08
7400424,1258449,47.24
7400424,1258488,20.3
7400424,1258825,326.52
7400424,1258898,10.85
7400424,1259116,141.56
7400424,1259157,64.03
7400424,1259274,5.28
7400424,1259426,151.08
7400424,1259588,76.08
7400424,1259802,226
7400424,1259987,93.28
7400424,1260001,154.35
7400424,1260270,43.78
7400424,1260271,21.19
7400424,1260910,16.05
7400424,1260923,4.44
7400424,1260925,6.05
7400424,1261081,181.54
7400424,1261170,32.22
7400424,1261370,89.44
7400424,1261377,92.28
7400424,1261522,1.05
7400424,1261823,120.68
7400424,1261888,178.22
7400424,1261979,97.85
7400424,1262233,22.84
7400424,1262278,104.95
7400424,1262588,183.72
7400424,1262595,4.19
7400424,1262634,16.37
7400424,1262991,223.7
7400424,1262992,194
7400424,1263119,7.76
7400424,1263291,109.16
7400424,1263508,67.26
7400424,1263688,191.29
7400424,1263760,136.39
7400424,1263791,37.88
7400424,1263792,33.03
7400424,1264088,21.36
7400424,1264274,91.1
7400424,1264275,35.25
7400424,1264280,6.8
7400424,1264327,0.01
7400424,1264547,2.77
7400424,1264758,55.13
7400424,1264870,6.82
7400424,1264896,4.63
7400424,1264898,2.49
7400424,1264923,110.59
7400424,1264983,84.01
7400424,1265019,3.49
7400424,1265154,102.67
7400424,1265155,93.01
7400424,1265156,184.91
7400424,1265157,35.34
7400424,1265159,38.65
7400424,1265161,47.67
7400424,1265168,157.78
7400424,1265883,88.58
7400424,1265895,59.11
7400424,1266067,2.07
7400424,1266178,19.78
7400424,1266436,108.71
7400424,1266473,56.83
7400424,1266746,97.77
7400424,1266796,21.08
7400424,1266972,40.55
7400424,1267120,37.54
7400424,1267241,81.99
7400424,1267422,41.87
7400424,1267604,98.52
7400424,1267759,6.12
7400424,1267912,1.13
7400424,1268045,178.49
7400424,1268154,41.13
7400424,1268401,52.08
7400424,1268534,65.89
7400424,1268543,133.67
7400424,1268668,87.67
7400424,1268683,8.18
7400424,1268707,30.74
7400424,1268887,84.46
7400424,1268908,89.01
7400424,1269153,113.87
7400424,1269192,108.71
7400424,1269193,42.38
7400424,1269194,85.69
7400424,1269196,75.2
7400424,1269197,139.71
7400424,1269198,167.28
7400424,1269199,84.46
7400424,1269200,146.66
7400424,1269201,126.97
7400424,1269203,65.37
7400424,1269204,141.18
7400424,1269205,91.56
7400424,1269207,72.64
7400424,1269209,71.06
7400424,1269211,70.36
7400424,1269212,128.84
7400424,1269213,87.28
7400424,1269214,79.32
7400424,1269215,131.62
7400424,1269216,112.39
7400424,1269218,111.41
7400424,1269219,46.13
7400424,1269220,121.24
7400424,1269221,104.99
7400424,1269222,37.69
7400424,1269223,63.44
7400424,1269224,70.3
7400424,1269225,71.62
7400424,1269598,111.78
7400424,1269717,35.85
7400424,1269721,46.35
7400424,1269954,2.47
7400424,1270139,67.68
7400424,1270344,88.55
7400424,1270347,27.72
7400424,1270409,35.98
7400424,1270468,1.82
7400424,1270535,40.47
7400424,1270641,31.31
7400424,1270687,41.13
7400424,1270692,171.17
7400424,1270841,143.54
7400424,1270890,10.02
7400424,1270934,152.99
7400424,1270948,47.54
7400424,1271123,59.88
7400424,1271131,0.01
7400424,1271178,42.55
7400424,1271210,28.28
7400424,1271589,19.74
7400424,1271639,96.21
7400424,1271718,22.45
7400424,1271936,42.76
7400424,1272033,151.97
7400424,1272058,2.88
7400424,1272120,7.01
7400424,1272306,91.93
7400424,1272313,38.89
7400424,1272344,5.36
7400424,1272417,55.54
7400424,1272466,146.7
7400424,1272467,133.6
7400424,1272622,223.56
7400424,1272648,58.2
7400424,1272719,59.55
7400424,1272720,56.47
7400424,1272767,50.68
7400424,1272808,83.57
7400424,1272821,166.8
7400424,1272852,88.97
7400424,1272964,73.48
7400424,1273039,264.92
7400424,1273054,259.46
7400424,1273073,83.57
7400424,1273152,4.45
7400424,1273233,23.62
7400424,1273290,3.97
7400424,1273291,10.42
7400424,1273292,10.42
7400424,1273294,7.93
7400424,1273303,2.74
7400424,1273325,77.83
7400424,1273341,127.15
7400424,1273401,11.17
7400424,1273403,174.49
7400424,1273627,6.19
7400424,1273745,32.99
7400424,1273837,0.01
7400424,1273898,20.87
7400424,1273899,19.69
7400424,1273900,20.22
7400424,1273901,19.96
7400424,1273902,17.59
7400424,1273903,27.74
7400424,1274379,109.56
7400424,1274397,207.41
7400424,1274520,57.92
7400424,1274543,46.24
7400424,1274554,16.13
7400424,1274612,152.47
7400424,1274617,80.66
7400424,1274737,12.71
7400424,1274793,61.46
7400424,1274910,38.45
7400424,1275279,65.04
7400424,1275299,98.14
7400424,1275322,7.32
7400424,1275367,100.82
7400424,1275368,162.22
7400424,1275399,65.58
7400424,1275400,52.73
7400424,1275402,163.98
7400424,1275403,96.49
7400424,1275404,9.06
7400424,1275580,49.98
7400424,1275884,34.36
7400424,1275887,72.1
7400424,1276002,112.94
7400424,1276021,335.16
7400424,1276298,42.76
7400424,1276394,89.23
7400424,1276515,3.5
7400424,1276516,0.66
7400424,1276727,70.05
7400424,1276728,103.45
7400424,1276729,100.36
7400424,1277667,7.44
7400424,1277916,20.4
7400424,1277982,2
7400424,1277983,91.93
7400424,1278121,5.43
7400424,1278369,268.12
7400424,1278471,45.19
7400424,1279016,62.97
7400424,1279017,58.76
7400424,1279283,141.56
7400424,1279660,312.19
7400424,1279735,7.21
7400424,1279751,198.7
7400424,1279752,168.18
7400424,1279753,145.51
7400424,1279770,36.54
7400424,1279823,3.02
7400424,1279851,48.54
7400424,1279962,38.63
7400424,1279963,141.56
7400424,1280058,106.6
7400424,1280059,106.6
7400424,1280062,78.26
7400424,1280063,97.71
7400424,1280064,101.66
7400424,1280065,97.71
7400424,1280066,56.12
7400424,1280067,66.76
7400424,1280070,8.33
7400424,1280075,65.37
7400424,1280427,51.82
7400424,1280517,82.18
7400424,1280702,252.34
7400424,1281211,218.41
7400424,1281246,207.69
7400424,1281390,326.63
7400424,1281392,29.27
7400424,1281417,24.33
7400424,1281532,104.2
7400424,1282284,85.8
7400424,1282406,5.46
7400424,1282809,7.79
7400424,1282832,53.42
7400424,1283003,182.45
7400424,1283015,41.6
7400424,1283028,223.16
7400424,1283378,11.1
7400424,1283498,18.66
7400424,1283715,72.73
7400424,1283813,31.31
7400424,1283828,88.9
7400424,1283830,24.69
7400424,1284060,41.97
7400424,1284062,56.87
7400424,1284096,42.76
7400424,1284398,1.34
7400424,1284414,74.5
7400424,1284775,97.08
7400424,1284776,35.81
7400424,1284961,56.72
7400424,1284993,174.7
7400424,1285050,26.79
7400424,1285114,52.86
7400424,1285115,55.13
7400424,1285119,38.01
7400424,1285144,94.98
7400424,1285162,54.92
7400424,1285498,3.53
7400424,1285512,67.4
7400424,1285666,35.47
7400424,1285777,12.04
7400424,1285817,34.03
7400424,1285924,41.36
7400424,1286252,1.69
7400424,1286516,0.01
7400424,1286823,9.78
7400424,1287136,59.36
7400424,1287162,155.02
7400424,1287317,85.25
7400424,1287319,45.87
7400424,1287636,154.04
7400424,1287640,4.76
7400424,1287642,127.51
7400424,1287769,11.1
7400424,1287771,41.94
7400424,1287822,115.21
7400424,1287936,50.84
7400424,1288095,263.32
7400424,1288212,100.56
7400424,1288293,21.93
7400424,1288383,0.01
7400424,1288521,98.35
7400424,1288686,43.85
7400424,1288788,35.25
7400424,1288790,58.75
7400424,1289088,56.26
7400424,1289469,119.96
7400424,1289550,1.79
7400424,1289919,190.19
7400424,1290066,58.32
7400424,1290099,23.59
7400424,1290172,103.21
7400424,1290292,52.76
7400424,1290431,15.31
7400424,1290464,104.76
7400424,1290577,16.51
7400424,1290849,26.18
7400424,1291249,51.91
7400424,1291250,154.7
7400424,1291282,63.99
7400424,1291285,2.12
7400424,1291446,326.52
7400424,1291450,20.21
7400424,1291453,101.17
7400424,1291517,90.3
7400424,1291742,114.82
7400424,1291846,88.13
7400424,1291853,142.69
7400424,1291854,35.86
7400424,1292324,17.46
7400424,1292416,9.59
7400424,1292417,5.01
7400424,1292473,4.5
7400424,1292474,49.98
7400424,1292525,186.38
7400424,1292689,11.75
7400424,1292700,64.16
7400424,1292867,35.47
7400424,1293233,92.71
7400424,1293284,88.18
7400424,1293300,48.87
7400424,1293398,693.57
7400424,1293424,86.34
7400424,1293493,10.35
7400424,1293549,12.04
7400424,1293551,96.82
7400424,1293736,154.7
7400424,1293738,51.91
7400424,1293754,35.11
7400424,1293793,35.47
7400424,1293796,35.47
7400424,1293936,215.87
7400424,1293937,227.37
7400424,1294461,4.14
7400424,1294466,44.42
7400424,1294639,107.12
7400424,1294643,25
7400424,1295063,7.21
7400424,1295135,6.36
7400424,1295183,6.07
7400424,1295354,190.19
7400424,1295418,32.67
7400424,1295707,152.7
7400424,1295812,6.4
7400424,1295814,42.76
7400424,1295986,18.55
7400424,1295991,24.22
7400424,1296079,108.99
7400424,1296119,55.34
7400424,1296122,58.64
7400424,1296124,169.74
7400424,1296323,2.48
7400424,1296374,18.84
7400424,1296486,105.88
7400424,1296497,68.39
7400424,1297333,109.13
7400424,1297370,93.39
7400424,1297432,13.96
7400424,1297457,5.66
7400424,1297489,146.36
7400424,1297870,15.42
7400424,1297871,15.42
7400424,1298066,4.1
7400424,1298068,3.74
7400424,1298096,143.54
7400424,1298319,12.96
7400424,1298368,288.24
7400424,1298369,293.8
7400424,1298389,29.12
7400424,1299143,397.17
7400424,1299438,35.47
7400424,1299496,68.02
7400424,1299508,489.51
7400424,1299518,2194.82
7400424,1299535,40.03
7400424,1299562,789.51
7400424,1299635,48.93
7400424,1299734,17.7
7400424,1300064,74.73
7400424,1300350,6.19
7400424,1300409,122.81
7400424,1300598,89.55
7400424,1300648,15.42
7400424,1300706,2.15
7400424,1300903,42.3
7400424,1300991,1.77
7400424,1301148,50.2
7400424,1301150,50.2
7400424,1301159,5.96
7400424,1301209,0.01
7400424,1301400,0.01
7400424,1301405,7.05
7400424,1301407,36.87
7400424,1301459,3.37
7400424,1302160,34.36
7400424,1302204,32.57
7400424,1302282,0.01
7400424,1302342,15.04
7400424,1302385,48.93
7400424,1302724,5.88
7400424,1302728,5.88
7400424,1303378,414.52
7400424,1303473,115.7
7400424,1303622,51.49
7400424,1303623,61.26
7400424,1303626,3.18
7400424,1304593,5.02
7400424,1304972,50
7400424,1305085,177.92
7400424,1305108,218.55
7400424,1305575,65.89
7400424,1305589,16.8
7400424,1305810,207.69
7400424,1305833,16.37
7400424,1305989,196.27
7400424,1306059,29.83
7400424,1306070,22.6
7400424,1306360,36.27
7400424,1306429,65.95
7400424,1306506,57.03
7400424,1306511,29.62
7400424,1306568,107.49
7400424,1306705,72.73
7400424,1306769,69.04
7400424,1307037,154.7
7400424,1307164,5.56
7400424,1307465,314.68
7400424,1307466,4.77
7400424,1307871,10.42
7400424,1307873,2.74
7400424,1307874,10.42
7400424,1307902,157.78
7400424,1308195,208.4
7400424,1308260,43.26
7400424,1308417,76.92
7400424,1308534,7.68
7400424,1308598,36.66
7400424,1308696,12.96
7400424,1308785,181.04
7400424,1309125,50
7400424,1309356,58.36
7400424,1309682,4.59
7400424,1309683,4.59
7400424,1309684,6.23
7400424,1309689,6.96
7400424,1309691,6.96
7400424,1310099,7.93
7400424,1310229,74.86
7400424,1310543,60.72
7400424,1310911,5.96
7400424,1311048,6.22
7400424,1311053,7.95
7400424,1311054,7.93
7400424,1311055,7.93
7400424,1311056,7.93
7400424,1311057,4.59
7400424,1311058,4.59
7400424,1311184,8.21
7400424,1311185,43.57
7400424,1311424,21.28
7400424,1311518,7.61
7400424,1311680,48.82
7400424,1311963,5.63
7400424,1312213,31.84
7400424,1312326,6.45
7400424,1312398,248.17
7400424,1312734,157.78
7400424,1312874,56.08
7400424,1312914,63.22
7400424,1313324,0.01
7400424,1313350,5.46
7400424,1313390,60.12
7400424,1313393,82.91
7400424,1313398,5.43
7400424,1313407,109.98
7400424,1313605,50.48
7400424,1313606,1.48
7400424,1314062,31.84
7400424,1314063,31.84
7400424,1314341,15.37
7400424,1314352,19.88
7400424,1314353,206.35
7400424,1314354,19.04
7400424,1314370,1.56
7400424,1314390,3.68
7400424,1314392,54.71
7400424,1314434,14.99
7400424,1314584,85.02
7400424,1314682,41.54
7400424,1314729,7.05
7400424,1314765,79.52
7400424,1314802,61.65
7400424,1314816,6.94
7400424,1315044,22.38
7400424,1315235,121.99
7400424,1315240,50.77
7400424,1315625,13.78
7400424,1315660,21.16
7400424,1315708,58.49
7400424,1315735,130.99
7400424,1315822,51.69
7400424,1315833,154.04
7400424,1315835,236.74
7400424,1315850,2194.82
7400424,1315858,84.21
7400424,1316048,48.53
7400424,1316049,6.44
7400424,1316050,80.23
7400424,1316051,117.31
7400424,1316137,0.01
7400424,1316410,112.8
7400424,1316429,2.48
7400424,1316617,677.14
7400424,1316816,8.94
7400424,1316838,14.31
7400424,1316982,4.48
7400424,1317040,1.69
7400424,1317131,88.41
7400424,1317221,8.35
7400424,1317266,374.71
7400424,1317277,2.73
7400424,1317280,2.26
7400424,1317298,3.14
7400424,1317308,19.25
7400424,1317318,20.59
7400424,1317382,131.69
7400424,1317433,33.8
7400424,1317643,40.96
7400424,1317668,201.65
7400424,1317670,163.04
7400424,1317706,17.17
7400424,1317783,243.17
7400424,1317878,33.56
7400424,1317881,5.32
7400424,1317892,7.76
7400424,1317902,7.38
7400424,1317904,9.71
7400424,1317909,62.87
7400424,1317973,21.51
7400424,1317977,107.65
7400424,1318434,64.87
7400424,1318435,44.18
7400424,1318544,11.24
7400424,1319149,7.44
7400424,1319344,21.36
7400424,1319741,1.56
7400424,1320672,29.7
7400424,1320881,110.23
7400424,1321284,7.36
7400424,1321386,67.68
7400424,1321510,105.57
7400424,1321751,20.2
7400424,1321783,162.49
7400424,1321982,42.3
7400424,1322125,74.38
7400424,1322398,4.88
7400424,1322405,782.14
7400424,1322431,28.21
7400424,1322489,93.91
7400424,1322491,4.11
7400424,1322503,103.8
7400424,1322601,107.74
7400424,1322674,3.15
7400424,1322689,99.65
7400424,1322715,35.11
7400424,1322844,255.39
7400424,1322848,14.98
7400424,1322981,4.38
7400424,1323414,35.09
7400424,1323633,116.25
7400424,1323854,70.68
7400424,1323879,56.29
7400424,1324012,181.61
7400424,1324336,157.25
7400424,1324631,78.11
7400424,1324639,74.33
7400424,1324712,125.55
7400424,1324876,43.57
7400424,1324918,58.86
7400424,1324995,41.1
7400424,1325217,0.01
7400424,1325466,10.42
7400424,1326036,19.43
7400424,1326051,116.3
7400424,1326053,82.59
7400424,1326073,94.93
7400424,1326074,88.85
7400424,1326382,85.06
7400424,1326609,42.95
7400424,1326679,92.92
7400424,1326697,5.8
7400424,1326981,13.27
7400424,1326983,20.39
7400424,1327217,5.6
7400424,1327224,117.45
7400424,1327431,13.72
7400424,1327432,9.11
7400424,1327503,181.56
7400424,1327615,26.75
7400424,1328058,236.76
7400424,1328062,68.39
7400424,1328085,65.4
7400424,1328088,65.4
7400424,1328110,50.75
7400424,1328117,74.41
7400424,1328134,112.17
7400424,1328351,56.12
7400424,1328577,1.45
7400424,1328694,5.8
7400424,1328839,66.13
7400424,1328961,88.49
7400424,1328963,42.97
7400424,1329031,54.57
7400424,1329139,92
7400424,1329142,88.55
7400424,1329450,150.02
7400424,1329588,158.48
7400424,1329713,0.01
7400424,1329760,43.86
7400424,1330008,6.4
7400424,1330435,3.3
7400424,1330488,1.46
7400424,1330770,54.29
7400424,1331304,19.88
7400424,1331416,54.57
7400424,1331418,7.76
7400424,1331539,58.86
7400424,1331701,109.83
7400424,1331708,0.01
7400424,1331998,21.29
7400424,1332369,6.12
7400424,1332370,56.68
7400424,1332574,19.88
7400424,1332626,155.08
7400424,1332717,93.18
7400424,1333070,43.99
7400424,1333071,53.3
7400424,1333072,43.99
7400424,1333073,53.3
7400424,1333331,107.02
7400424,1333996,89.39
7400424,1334142,30.55
7400424,1334209,4.84
7400424,1334499,2.2
7400424,1334919,39.49
7400424,1335423,133.3
7400424,1335430,86.09
7400424,1335547,71.4
7400424,1335643,248.01
7400424,1335778,61.92
7400424,1335984,107.14
7400424,1335990,42.63
7400424,1335996,59.37
7400424,1335999,90.65
7400424,1336001,100.4
7400424,1336011,124.67
7400424,1336083,99.33
7400424,1336232,131.74
7400424,1336346,18.39
7400424,1336376,116.82
7400424,1336377,90.8
7400424,1336378,204.73
7400424,1336403,9.46
7400424,1336432,12.49
7400424,1336462,238.2
7400424,1336579,313.27
7400424,1336756,4.76
7400424,1337247,10.2
7400424,1337298,51.9
7400424,1337301,57.75
7400424,1337448,102.85
7400424,1337470,89.68
7400424,1337511,259.46
7400424,1337648,312.14
7400424,1337799,8.28
7400424,1337912,6.67
7400424,1337994,21.93
7400424,1338141,45.47
7400424,1338442,104.63
7400424,1339202,1.77
7400424,1339375,1.77
7400424,1339730,48.76
7400424,1339912,28.28
7400424,1340469,71.42
7400424,1340498,39.86
7400424,1340713,135.14
7400424,1340827,107.24
7400424,1340835,3.14
7400424,1340858,97.01
7400424,1340967,77.67
7400424,1341001,98.1
7400424,1341103,113.65
7400424,1341308,102.21
7400424,1341567,79.63
7400424,1341878,34.43
7400424,1341886,119.42
7400424,1341973,16.8
7400424,1342153,65.74
7400424,1342389,1.52
7400424,1342517,125.21
7400424,1342651,34.43
7400424,1342789,8.4
7400424,1342847,32.37
7400424,1343148,80.35
7400424,1343421,4.85
7400424,1343487,119.15
7400424,1343489,90.66
7400424,1343499,86.22
7400424,1343502,18.05
7400424,1343525,147.22
7400424,1343574,98.81
7400424,1343669,39.88
7400424,1343703,6.45
7400424,1343704,133.67
7400424,1344069,5.68
7400424,1344275,32.92
7400424,1344290,21.49
7400424,1344474,12.94
7400424,1344491,32.01
7400424,1344855,60.04
7400424,1345141,65.89
7400424,1345463,11.6
7400424,1345720,13.78
7400424,1345844,65.1
7400424,1345935,27.28
7400424,1346577,27.53
7400424,1346786,66.39
7400424,1347126,81.9
7400424,1347174,80.5
7400424,1347296,13.74
7400424,1347653,46.8
7400424,1347690,136.07
7400424,1348317,10.09
7400424,1349048,76.08
7400424,1350013,37.68
7400424,1350285,191.48
7400424,1350383,63.56
7400424,1350384,65.32
7400424,1350833,68.54
7400424,1350838,112.79
7400424,1351148,49.69
7400424,1351149,56.4
7400424,1351221,156.3
7400424,1351644,94.28
7400424,1351713,112.79
7400424,1351714,101.03
7400424,1351715,101.03
7400424,1351716,89.24
7400424,1351717,94.28
7400424,1351718,94.28
7400424,1351833,52.65
7400424,1352297,78.82
7400424,1352528,115.97
7400424,1352531,3.87
7400424,1352821,16.63
7400424,1352884,109.13
7400424,1353025,108.08
7400424,1353027,92.16
7400424,1353550,68.89
7400424,1353568,107.71
7400424,1353569,144.71
7400424,1353586,52.65
7400424,1353604,94.53
7400424,1353620,116.65
7400424,1353712,3.85
7400424,1353854,37.87
7400424,1353855,30.29
7400424,1353858,32.54
7400424,1354478,4.71
7400424,1354572,68.54
7400424,1354829,45.48
7400424,1354936,2.54
7400424,1355111,45.41
7400424,1355215,127.29
7400424,1355419,78.82
7400424,1355447,4.95
7400424,1355841,31.65
7400424,1356392,53.96
7400424,1356393,56.46
7400424,1356428,48.76
7400424,1356429,124.19
7400424,1356666,2.84
7400424,1356856,63.91
7400424,1357596,118.33
7400424,1357610,132.54
7400424,1357650,68.89
7400424,1358086,111.91
7400424,1358163,336.65
7400424,1358274,50.84
7400424,1358486,32.03
7400424,1358716,188.39
7400424,1358802,64.45
7400424,1359055,63.3
7400424,1359185,12.81
7400424,1359400,22.13
7400424,1359703,85
7400424,1359708,84.17
7400424,1360138,0.01
7400424,1360140,70.5
7400424,1360238,7.92
7400424,1360313,48.76
7400424,1360461,64.26
7400424,1360626,93.71
7400424,1360911,101.27
7400424,1361010,2.26
7400424,1361241,107.71
7400424,1361447,50.36
7400424,1361576,33.28
7400424,1361585,43.71
7400424,1361851,0.99
7400424,1361897,105.75
7400424,1361921,6.16
7400424,1362197,110.72
7400424,1362391,119.49
7400424,1362434,59.83
7400424,1362667,6.52
7400424,1362837,63.91
7400424,1362838,58.94
7400424,1362993,93.15
7400424,1363025,15.98
7400424,1363035,16.33
7400424,1363348,111.91
7400424,1363632,10.63
7400424,1363694,39.86
7400424,1363817,81.89
7400424,1363838,12.97
7400424,1363857,36.58
7400424,1363885,66.51
7400424,1364033,49.01
7400424,1364483,50.36
7400424,1364952,33.26
7400424,1364971,6.52
7400424,1365051,33.28
7400424,1365293,59.83
7400424,1365538,22.13
7400424,1365671,14.5
7400424,1365977,124.19
7400424,1366219,141
7400424,1366365,922.4
7400424,1366409,2.94
7400424,1366511,75.02
7400424,1367055,132.36
7400424,1367171,19.01
7400424,1367358,71.09
7400424,1367545,8.03
7400424,1368268,60.91
7400424,1368607,11.67
7400424,1368666,47.32
7400424,1368824,47.14
7400424,1369497,43.45
7400424,1369655,10.09
7400424,1370162,2.31
7400424,1370167,10.02
7400424,1370352,3.94
7400424,1370444,35.88
7400424,1370531,52.09
7400424,1370602,44.92
7400424,1370890,56.82
7400424,1370929,190.61
7400424,1370944,44.4
7400424,1370986,62.23
7400424,1371381,133.53
7400424,1371714,3.53
7400424,1371939,51.92
7400424,1372131,39.44
7400424,1372855,6.16
7400424,1373244,7.11
7400424,1373342,105.74
7400424,1373362,92.3
7400424,1373420,9.12
7400424,1373424,15.98
7400424,1373426,15.98
7400424,1373512,0.01
7400424,1373557,13.36
7400424,1373646,56.48
7400424,1373659,2.02
7400424,1373787,6.52
7400424,1374256,29.38
7400424,1374439,72.37
7400424,1374953,69.71
7400424,1375239,19.52
7400424,1375250,53.92
7400424,1375261,6.76
7400424,1375350,5.88
7400424,1375464,11.67
7400424,1375824,53.92
7400424,1375825,19.52
7400424,1375826,19.52
7400424,1375903,58.8
7400424,1375996,120.53
7400424,1376000,6.52
7400424,1376052,79.31
7400424,1376056,10.18
7400424,1376058,10.95
7400424,1376060,10.95
7400424,1376061,10.95
7400424,1376062,10.95
7400424,1376064,10.95
7400424,1376065,10.95
7400424,1376067,34.58
7400424,1376069,34.58
7400424,1376070,34.58
7400424,1376071,34.58
7400424,1376073,34.58
7400424,1376074,34.58
7400424,1376076,24.77
7400424,1376078,24.77
7400424,1376079,24.77
7400424,1376080,24.77
7400424,1376081,24.77
7400424,1376082,24.77
7400424,1376083,24.77
7400424,1376153,131.74
7400424,1376159,6.76
7400424,1376161,6.76
7400424,1376162,6.76
7400424,1376163,6.76
7400424,1376164,6.76
7400424,1376165,6.76
7400424,1376218,76.79
7400424,1376261,58.35
7400424,1376285,10.09
7400424,1376920,0.95
7400424,1377035,89.7
7400424,1377045,53.92
7400424,1377048,33.84
7400424,1377138,34.58
7400424,1377380,29.38
7400424,1377548,19.01
7400424,1377694,0.99
7400424,1378036,86.52
7400424,1378134,14.17
7400424,1378180,7.92
7400424,1378249,73.98
7400424,1378262,7.56
7400424,1378590,69.17
7400424,1378712,81.22
7400424,1379011,10.95
7400424,1379027,49.48
7400424,1379526,45.65
7400424,1379557,0.01
7400424,1379585,5.12
7400424,1379753,56.83
7400424,1380145,1.16
7400424,1380212,53.92
7400424,1380629,7.98
7400424,1381209,61.71
7400424,1381298,53.92
7400424,1382111,11.46
7400424,1382112,2.2
7400424,1382149,1
7400424,1382210,9.86
7400424,1382240,0.01
7400424,1382252,99.86
7400424,1382256,31.2
7400424,1382370,20.86
7400424,1382375,7.31
7400424,1383017,1110.33
7400424,1383594,53.92
7400424,1383596,56.78
7400424,1383607,70.46
7400424,1383716,0.01
7400424,1383740,74.53
7400424,1383782,50.23
7400424,1383883,7.92
7400424,1384044,13.34
7400424,1384203,84.92
7400424,1384300,70.5
7400424,1384309,10.09
7400424,1384362,49.15
7400424,1384446,3.06
7400424,1384611,0.99
7400424,1384666,38.55
7400424,1384867,56.87
7400424,1385195,9.98
7400424,1385196,9.98
7400424,1385731,29.83
7400424,1386107,22.13
7400424,1386604,30.54
7400424,1386775,45.64
7400424,1386959,64.26
7400424,1387004,18.07
7400424,1388032,40.73
7400424,1388034,53.97
7400424,1388997,23.69
7400424,1389249,19.52
7400424,1389701,15.56
7400424,1390468,41.54
7400424,1391385,26.99
7400424,1391795,129.13
7400424,1392868,7.11
7400424,1392869,16.99
7400424,1392871,6.26
7400424,1393766,23.32
7400424,1394120,22.34
7400424,1394712,45.77
7400424,1395819,72.7
7400424,1396091,112.8
7400424,1396095,33.28
7400424,1396701,139.57
7400424,1396926,57.93
7400424,1396995,120.32
7400424,1397269,65.74
7400424,1397280,67.05
7400424,1397281,59.27
7400424,1397379,33.26
7400424,1397492,64.52
7400424,1397493,52.22
7400424,1397591,138.72
7400424,1398354,83.57
7400424,1398527,72.73
7400424,1399556,94.53
7400424,1399557,94.53
7400424,1399860,103.52
7400424,1399861,151.08
7400424,1004122,80.33
7400424,1005210,88.42
7400424,1005211,116.38
7400424,1005610,45.1
7400424,1005906,196.87
7400424,1005929,68.61
7400424,1006100,59.62
7400424,1006101,65.61
7400424,1006102,70.04
7400424,1006386,129.72
7400424,1006481,88.82
7400424,1007758,42.24
7400424,1007770,42.24
7400424,1007771,42.24
7400424,1007774,43.48
7400424,1007776,0.01
7400424,1007935,88.48
7400424,1007936,51.24
7400424,1008800,43.71
7400424,1008801,43.71
7400424,1008802,43.71
7400424,1009188,129.72
7400424,1010946,160.68
7400424,1010953,92.47
7400424,1010981,124.02
7400424,1010991,62.63
7400424,1011020,140.24
7400424,1011055,84.07
7400424,1011056,94.06
7400424,1011073,124.02
7400424,1011074,140.24
7400424,1011079,43.77
7400424,1011086,55.7
7400424,1011177,52.99
7400424,1011197,107.2
7400424,1011204,124.02
7400424,1011282,140.24
7400424,1011338,82.68
7400424,1011340,64.91
7400424,1011928,108.28
7400424,1011979,108.28
7400424,1012343,115.8
7400424,1012359,81.84
7400424,1012967,75.56
7400424,1012968,66.56
7400424,1012969,39.76
7400424,1013002,73.43
7400424,1013159,140.26
7400424,1013160,175.85
7400424,1013165,140.74
7400424,1013174,83.12
7400424,1013183,93.53
7400424,1013191,93.53
7400424,1013211,93.53
7400424,1013372,116.49
7400424,1013532,137.35
7400424,1013576,101.67
7400424,1013588,63.85
7400424,1013610,63.85
7400424,1013634,63.85
7400424,1013651,53.38
7400424,1013656,65.19
7400424,1013661,115.3
7400424,1013684,71.7
7400424,1013691,46.19
7400424,1013730,76.36
7400424,1013871,50.55
7400424,1013915,87.11
7400424,1013921,98.74
7400424,1013928,121.2
7400424,1013931,128.87
7400424,1013976,66.42
7400424,1013977,60.38
7400424,1014014,78.49
7400424,1014018,90.56
7400424,1014075,102.66
7400424,1014595,53.29
7400424,1014603,53.29
7400424,1014632,93.53
7400424,1014989,58.48
7400424,1014990,90.86
7400424,1015017,60.09
7400424,1015031,84.96
7400424,1015048,117.22
7400424,1015057,97.47
7400424,1015203,30.19
7400424,1015235,62.04
7400424,1015258,24.85
7400424,1015264,65.47
7400424,1015767,44.61
7400424,1015789,62.44
7400424,1015790,33.95
7400424,1015805,88.68
7400424,1015806,44.25
7400424,1015810,57.25
7400424,1015814,40.11
7400424,1015815,26.14
7400424,1015816,48.18
7400424,1015878,43.53
7400424,1015894,57.03
7400424,1015896,59.87
7400424,1015897,39.43
7400424,1015902,26.83
7400424,1015999,55.03
7400424,1016007,24.75
7400424,1016056,65.4
7400424,1016068,54.07
7400424,1016075,50.15
7400424,1016081,47.14
7400424,1016082,47.06
7400424,1016090,29.49
7400424,1016091,43.02
7400424,1016093,33.16
7400424,1016103,41.28
7400424,1016145,35.13
7400424,1016177,22.42
7400424,1016212,28.79
7400424,1016213,97.63
7400424,1016214,36.68
7400424,1016215,25.24
7400424,1016223,42.77
7400424,1016225,33.88
7400424,1016226,50.24
7400424,1016227,42.14
7400424,1016228,58.83
7400424,1016232,43.82
7400424,1016273,81.77
7400424,1016291,26.45
7400424,1016300,30.35
7400424,1016370,84.53
7400424,1016398,74.88
7400424,1016513,64.93
7400424,1016520,111.3
7400424,1016521,69.69
7400424,1016535,68.78
7400424,1016599,26
7400424,1016608,87.11
7400424,1016691,34.85
7400424,1016729,69.69
7400424,1016749,34.85
7400424,1016802,49.36
7400424,1016927,82.57
7400424,1017159,127.02
7400424,1017172,121.62
7400424,1017220,127.02
7400424,1017226,70.32
7400424,1017252,70.32
7400424,1017259,59.17
7400424,1017290,40.13
7400424,1017295,55.47
7400424,1017296,58.17
7400424,1017297,57.28
7400424,1017325,53.24
7400424,1017327,61.52
7400424,1017336,73.52
7400424,1017338,26.9
7400424,1017361,60.7
7400424,1017380,43.57
7400424,1017386,33.79
7400424,1017387,101.99
7400424,1017388,26.24
7400424,1017390,113.87
7400424,1017400,35.2
7400424,1017408,27.07
7400424,1017417,62.62
7400424,1017422,67.07
7400424,1017472,68.13
7400424,1017478,76.21
7400424,1017479,54.09
7400424,1017480,54.7
7400424,1017481,52.52
7400424,1017485,70.44
7400424,1017486,70.44
7400424,1017487,70.44
7400424,1017491,149.65
7400424,1017493,149.65
7400424,1017494,143.93
7400424,1017508,75.49
7400424,1017514,65.86
7400424,1017518,30.57
7400424,1017519,30.59
7400424,1017524,41.44
7400424,1017578,55.27
7400424,1017591,94.73
7400424,1017592,82.57
7400424,1017596,54.7
7400424,1017613,58.02
7400424,1017631,75.16
7400424,1017632,35.13
7400424,1017643,48.35
7400424,1017661,142.69
7400424,1017662,128.85
7400424,1017664,127.89
7400424,1017666,86.75
7400424,1017670,70.32
7400424,1017671,73.33
7400424,1017672,47.79
7400424,1017673,70.32
7400424,1017674,48.39
7400424,1017683,39.56
7400424,1017693,59.37
7400424,1017737,97.84
7400424,1017768,58.61
7400424,1017769,68.96
7400424,1017773,73.78
7400424,1017775,51.7
7400424,1017800,73.33
7400424,1017804,87.41
7400424,1017805,41.01
7400424,1017811,51.1
7400424,1017841,37.44
7400424,1017843,38.86
7400424,1017844,51.03
7400424,1017845,68.03
7400424,1017848,77.68
7400424,1017849,81.77
7400424,1017850,88.68
7400424,1017851,78.27
7400424,1017872,44.03
7400424,1017874,38.21
7400424,1017889,68.93
7400424,1017890,24.28
7400424,1017901,61.22
7400424,1017909,43.33
7400424,1017914,31.57
7400424,1017943,75.46
7400424,1017973,59.88
7400424,1017983,16.93
7400424,1018659,80.65
7400424,1018991,47.13
7400424,1019112,76.32
7400424,1019122,53.7
7400424,1019260,41.62
7400424,1019266,39.23
7400424,1019463,49.34
7400424,1019464,22.29
7400424,1019795,61.92
7400424,1019846,100.97
7400424,1019848,62.92
7400424,1019849,62.37
7400424,1019850,73.47
7400424,1019857,91.96
7400424,1019866,99.21
7400424,1019873,108.16
7400424,1020096,36.62
7400424,1020409,78.4
7400424,1020856,36.41
7400424,1021009,55.19
7400424,1021058,33.37
7400424,1021070,38.01
7400424,1021071,42.07
7400424,1021072,23.97
7400424,1021073,32.78
7400424,1021074,31.73
7400424,1021075,30.14
7400424,1021167,31.73
7400424,1021211,46.24
7400424,1021634,28.85
7400424,1021639,42.77
7400424,1021660,96.12
7400424,1021661,148.81
7400424,1021805,49.34
7400424,1021878,60.16
7400424,1021951,50.4
7400424,1022006,65
7400424,1022120,46.12
7400424,1022124,59.91
7400424,1022140,54
7400424,1022143,55.51
7400424,1022155,112
7400424,1022164,74.33
7400424,1022240,31.14
7400424,1022248,43.63
7400424,1022352,46.38
7400424,1022353,47.25
7400424,1022363,47.39
7400424,1022366,64.72
7400424,1022376,36.88
7400424,1022377,54.29
7400424,1022384,70.28
7400424,1022391,61.28
7400424,1027066,40.44
7400424,1027663,33.01
7400424,1027699,39.81
7400424,1027746,61.31
7400424,1027757,116.55
7400424,1027758,25.85
7400424,1027763,96
7400424,1027764,21.73
7400424,1027769,56.51
7400424,1027776,20.01
7400424,1027789,88.75
7400424,1027820,59.06
7400424,1027863,55.86
7400424,1027873,44.93
7400424,1027875,55.08
7400424,1027892,27.58
7400424,1027908,41.55
7400424,1027910,31.9
7400424,1027915,28.65
7400424,1027930,112.01
7400424,1027971,56.51
7400424,1027978,31.54
7400424,1027980,46.88
7400424,1028007,48.15
7400424,1028130,129.88
7400424,1028134,65.87
7400424,1028140,89.24
7400424,1028141,140.27
7400424,1028142,38.63
7400424,1028143,97.61
7400424,1028149,43.46
7400424,1028168,65.04
7400424,1028184,97.7
7400424,1028215,45.43
7400424,1028226,6.99
7400424,1028276,16.57
7400424,1028277,31.26
7400424,1028281,25.53
7400424,1028285,32.32
7400424,1028286,44.56
7400424,1028287,34.09
7400424,1028288,37.81
7400424,1028289,38.76
7400424,1028299,25.53
7400424,1028300,56.51
7400424,1028301,49.51
7400424,1028315,30.95
7400424,1028375,45.43
7400424,1028480,43.73
7400424,1028543,20.39
7400424,1028597,36.84
7400424,1028621,59.63
7400424,1028749,25.17
7400424,1028792,61.7
7400424,1028826,43.6
7400424,1028834,21.56
7400424,1028838,86.73
7400424,1028858,46.53
7400424,1028915,42.43
7400424,1028936,12.93
7400424,1030517,29.54
7400424,1030616,18.86
7400424,1030617,34.37
7400424,1030793,41.13
7400424,1030794,41.13
7400424,1030917,41.13
7400424,1030991,18.87
7400424,1030992,20.72
7400424,1030993,20.7
7400424,1031075,21.81
7400424,1031256,44
7400424,1031266,41.98
7400424,1031288,17.27
7400424,1031316,27.61
7400424,1031318,27.61
7400424,1031319,30.2
7400424,1031321,27.61
7400424,1031322,27.61
7400424,1031323,27.61
7400424,1031324,27.61
7400424,1031342,34.9
7400424,1031343,34.9
7400424,1031347,34.9
7400424,1031348,33.84
7400424,1031351,34.9
7400424,1031352,34.9
7400424,1031353,34.9
7400424,1031383,24.21
7400424,1031390,20.74
7400424,1031458,93.57
7400424,1031687,58.37
7400424,1031688,58.37
7400424,1031689,58.37
7400424,1032171,23.54
7400424,1032256,46.3
7400424,1032263,25.85
7400424,1033136,50.7
7400424,1033191,61.34
7400424,1033373,21.56
7400424,1033375,27.44
7400424,1033386,78.08
7400424,1033388,25.67
7400424,1033393,125.49
7400424,1033426,27.03
7400424,1033435,32.84
7400424,1036660,95.84
7400424,1040522,81.72
7400424,1040666,80.72
7400424,1040687,71.5
7400424,1040689,81.25
7400424,1040691,99.41
7400424,1040757,44
7400424,1040811,157.1
7400424,1040859,66.04
7400424,1040944,61.63
7400424,1040951,42.18
7400424,1040956,76.55
7400424,1041024,53.52
7400424,1041027,84.48
7400424,1041091,129.9
7400424,1041119,93.18
7400424,1041138,55.64
7400424,1041142,73.38
7400424,1041156,57.63
7400424,1041229,17.07
7400424,1041505,29.41
7400424,1041592,42.05
7400424,1042869,50
7400424,1042870,30.08
7400424,1042871,32.05
7400424,1042872,27.58
7400424,1042873,38.67
7400424,1042874,29.54
7400424,1042875,43.44
7400424,1042876,31.41
7400424,1042877,34.38
7400424,1042878,50.38
7400424,1042879,36.73
7400424,1044554,32.89
7400424,1044559,11.95
7400424,1044565,16.8
7400424,1044608,17.98
7400424,1044639,21.56
7400424,1044697,42.95
7400424,1044698,20.94
7400424,1044699,15.64
7400424,1044700,20.84
7400424,1044701,20.13
7400424,1044705,30.47
7400424,1044706,26.24
7400424,1044717,25.6
7400424,1044738,13.56
7400424,1044739,18.6
7400424,1044740,34.13
7400424,1044750,34.32
7400424,1044751,35.49
7400424,1044752,24.26
7400424,1044755,31.9
7400424,1044771,57.05
7400424,1044804,19.67
7400424,1044805,23.45
7400424,1044806,32.97
7400424,1044807,19.32
7400424,1044808,24.71
7400424,1044809,21.11
7400424,1044810,40.88
7400424,1044824,62.53
7400424,1044828,24.71
7400424,1044850,27.59
7400424,1044887,36.39
7400424,1044889,61.1
7400424,1044966,15.19
7400424,1044967,18.78
7400424,1044968,16.09
7400424,1045850,18.96
7400424,1047257,31
7400424,1049290,29.41
7400424,1049300,41.3
7400424,1049347,57.47
7400424,1049348,81.26
7400424,1049357,61.86
7400424,1049375,28.11
7400424,1049379,38.28
7400424,1049406,85.81
7400424,1049407,30.16
7400424,1049408,67.93
7400424,1049422,71.78
7400424,1049443,39.06
7400424,1049449,28
7400424,1049464,39.72
7400424,1049466,71.1
7400424,1049467,83.95
7400424,1049468,25.49
7400424,1049469,43.06
7400424,1049480,65.59
7400424,1049482,105.28
7400424,1049483,133.52
7400424,1049511,94.02
7400424,1049513,25.93
7400424,1049514,35.86
7400424,1049527,69.16
7400424,1049655,25.77
7400424,1049656,33.84
7400424,1049657,56.05
7400424,1049658,62.75
7400424,1049660,46.19
7400424,1049661,64.71
7400424,1049664,77.12
7400424,1049666,41.5
7400424,1049667,42.23
7400424,1049670,67.93
7400424,1049671,85.81
7400424,1064881,51.7
7400424,1064908,36.35
7400424,1064937,45.91
7400424,1116040,43.96
7400424,1116055,43.96
7400424,1116060,45.75
7400424,1116061,32.27
7400424,1116067,61.62
7400424,1116449,65.94
7400424,1116451,65.94
7400424,1116452,65.94
7400424,1116454,65.94
7400424,1116456,52.76
7400424,1116460,52.76
7400424,1116462,53.96
7400424,1116465,53.96
7400424,1116467,53.96
7400424,1116492,47.96
7400424,1116494,47.96
7400424,1116581,41.96
7400424,1116583,41.96
7400424,1116585,41.96
7400424,1116587,41.96
7400424,1116672,35.97
7400424,1116674,35.97
7400424,1116676,35.97
7400424,1116684,14.42
7400424,1116702,82.02
7400424,1116704,82.02
7400424,1116706,82.02
7400424,1116736,9.62
7400424,1116759,82.2
7400424,1116763,41.78
7400424,1116767,84.92
7400424,1116772,168.92
7400424,1116774,86.6
7400424,1116775,14.69
7400424,1117344,17.99
7400424,1117346,17.99
7400424,1117349,17.99
7400424,1117360,22.48
7400424,1117362,22.48
7400424,1117364,22.48
7400424,1117369,11.67
7400424,1117370,11.67
7400424,1117371,11.67
7400424,1117372,11.67
7400424,1117392,136.69
7400424,1117394,136.69
7400424,1117396,136.69
7400424,1117422,24.26
7400424,1117424,23.89
7400424,1117426,23.89
7400424,1117428,23.89
7400424,1117484,82.67
7400424,1117485,82.67
7400424,1117492,62.35
7400424,1117497,86.33
7400424,1117519,110.52
7400424,1117522,110.52
7400424,1117530,74.34
7400424,1117722,28.13
7400424,1117725,46.73
7400424,1117727,87.95
7400424,1117744,39
7400424,1117746,44.47
7400424,1117750,159.93
7400424,1117755,168.92
7400424,1118167,47.96
7400424,1118168,47.96
7400424,1118589,35.97
7400424,1118641,19.19
7400424,1118667,19.19
7400424,1118668,19.19
7400424,1118670,19.19
7400424,1118671,40.76
7400424,1118672,40.76
7400424,1118673,40.76
7400424,1118674,40.76
7400424,1118681,17.99
7400424,1118778,52.76
7400424,1118966,53.96
7400424,1119126,52.76
7400424,1119398,55.18
7400424,1119440,77.73
7400424,1120753,44.37
7400424,1120770,44.37
7400424,1120772,43.16
7400424,1120824,44.37
7400424,1120832,43.16
7400424,1120834,44.37
7400424,1120843,43.16
7400424,1122263,22.78
7400424,1122264,17.99
7400424,1122272,17.99
7400424,1123549,24.29
7400424,1124196,29.82
7400424,1124197,29.82
7400424,1124198,34.52
7400424,1124225,16.85
7400424,1124282,39.56
7400424,1124307,18.96
7400424,1124350,24.87
7400424,1124413,24.87
7400424,1124449,34.26
7400424,1124885,40.17
7400424,1136987,105.43
7400424,1137174,128.23
7400424,1137674,81.29
7400424,1138037,17.06
7400424,1138069,64.81
7400424,1138233,42.56
7400424,1138575,32.27
7400424,1138576,45.75
7400424,1138776,43.62
7400424,1138799,46.98
7400424,1138800,45.61
7400424,1139602,0.01
7400424,1139603,0.01
7400424,1140442,135.48
7400424,1141843,124.9
7400424,1142725,44.29
7400424,1143216,59.5
7400424,1143437,52.02
7400424,1143439,68.13
7400424,1143441,70.04
7400424,1143450,35.2
7400424,1144590,58.67
7400424,1144676,35.2
7400424,1144679,68.13
7400424,1145514,47.33
7400424,1146784,57.55
7400424,1148457,32.61
7400424,1148462,32.61
7400424,1148466,32.61
7400424,1149336,33.25
7400424,1150034,23.99
7400424,1150414,38.8
7400424,1150772,25.5
7400424,1151067,51.14
7400424,1151121,64.03
7400424,1151806,43.16
7400424,1152004,94.02
7400424,1152649,41.77
7400424,1152951,38.86
7400424,1153930,46.86
7400424,1154791,70.04
7400424,1155233,35.97
7400424,1155334,35.97
7400424,1155337,35.97
7400424,1155471,43.29
7400424,1155482,28.49
7400424,1156670,99.28
7400424,1156815,61.76
7400424,1157057,51.88
7400424,1157658,48.74
7400424,1157659,66.7
7400424,1157675,60.65
7400424,1157677,29.19
7400424,1157682,60.65
7400424,1157916,0.01
7400424,1157917,0.01
7400424,1157918,0.01
7400424,1158405,174.9
7400424,1158577,86.66
7400424,1158579,28.85
7400424,1158580,35.19
7400424,1158581,48.65
7400424,1159771,53.58
7400424,1159773,46.71
7400424,1160167,23.55
7400424,1160467,58.19
7400424,1160468,78.34
7400424,1160488,76.55
7400424,1161075,48.12
7400424,1161078,68.13
7400424,1161686,75.2
7400424,1161739,41.54
7400424,1161741,33.84
7400424,1163482,98.62
7400424,1163918,101.83
7400424,1164097,44.65
7400424,1164975,51.9
7400424,1165568,40.63
7400424,1165768,42.71
7400424,1166307,30.36
7400424,1166701,29.19
7400424,1166941,62.78
7400424,1166942,76.68
7400424,1167472,35.63
7400424,1167692,75.83
7400424,1168626,52.53
7400424,1169300,48.82
7400424,1169586,52.92
7400424,1170057,0.01
7400424,1170135,0.01
7400424,1170138,0.01
7400424,1170140,0.01
7400424,1170295,38.68
7400424,1170636,69.31
7400424,1170680,71.93
7400424,1170952,68.49
7400424,1171056,45.33
7400424,1171532,53.29
7400424,1171583,71.25
7400424,1172712,55.1
7400424,1173055,57.75
7400424,1173078,98.58
7400424,1174097,52.01
7400424,1175277,79.9
7400424,1176417,0.01
7400424,1176418,0.01
7400424,1176419,0.01
7400424,1176968,67.75
7400424,1177425,99.28
7400424,1179030,54.31
7400424,1179034,73.34
7400424,1179607,76.6
7400424,1180411,51.28
7400424,1180415,98.61
7400424,1180546,39.97
7400424,1180799,86.34
7400424,1180806,68.61
7400424,1181376,76
7400424,1181377,61.85
7400424,1184960,91.72
7400424,1185497,58.79
7400424,1185626,53.96
7400424,1188254,204.07
7400424,1188601,86.5
7400424,1190529,67.32
7400424,1191088,52.64
7400424,1192363,93.1
7400424,1197789,91.7
7400424,1197817,79.38
7400424,1200263,22.82
7400424,1201704,143.88
7400424,1201707,143.88
7400424,1201711,143.88
7400424,1201713,143.88
7400424,1202528,76.13
7400424,1203241,22.82
7400424,1203639,31.84
7400424,1203640,34.02
7400424,1203825,67.77
7400424,1203917,57.61
7400424,1204302,117.43
7400424,1204303,67.86
7400424,1204304,117.43
7400424,1204330,42.34
7400424,1204723,50.8
7400424,1204724,50.77
7400424,1204725,60.72
7400424,1204726,68.29
7400424,1204727,76.47
7400424,1204730,28.22
7400424,1204732,29.48
7400424,1204735,29.48
7400424,1204740,32.69
7400424,1204741,55.86
7400424,1204742,58.02
7400424,1204743,58.02
7400424,1204744,69.1
7400424,1204745,71.62
7400424,1204746,71.62
7400424,1204747,103.36
7400424,1204764,63
7400424,1205704,51.29
7400424,1206282,96.95
7400424,1206471,18.1
7400424,1206473,50.6
7400424,1206986,33.32
7400424,1208281,55.1
7400424,1208291,44.33
7400424,1208572,62.46
7400424,1209436,53.5
7400424,1210027,92.72
7400424,1210658,117.43
7400424,1210832,89.88
7400424,1211200,75.41
7400424,1211651,45.12
7400424,1212063,109.59
7400424,1213414,71.97
7400424,1214102,96.98
7400424,1215141,17.12
7400424,1215531,27.61
7400424,1216479,46
7400424,1216480,46
7400424,1216486,45.24
7400424,1216488,30.2
7400424,1216489,27.55
7400424,1217489,118.29
7400424,1218512,31.64
7400424,1218513,31.64
7400424,1219028,138.97
7400424,1219029,77.93
7400424,1219584,68.82
7400424,1220487,53.29
7400424,1221039,66.86
7400424,1221329,78.29
7400424,1221831,75.99
7400424,1222321,94.21
7400424,1222384,112.32
7400424,1222385,122.99
7400424,1222916,59.46
7400424,1222918,49
7400424,1222981,60.31
7400424,1223033,148.3
7400424,1225490,87.02
7400424,1225744,15.47
7400424,1225766,82.1
7400424,1226250,99.72
7400424,1226251,121.53
7400424,1226252,188.65
7400424,1226253,84.15
7400424,1226545,79.96
7400424,1226969,57.06
7400424,1227412,33.32
7400424,1227765,68.23
7400424,1228071,19.09
7400424,1229021,91.61
7400424,1229023,68.87
7400424,1229024,40.08
7400424,1229026,49.28
7400424,1229272,54.41
7400424,1229275,52.55
7400424,1229279,82.29
7400424,1229280,66.8
7400424,1229282,114.37
7400424,1229356,73.68
7400424,1231293,67.22
7400424,1231531,55.5
7400424,1234505,65.81
7400424,1234560,45.58
7400424,1235054,129.11
7400424,1235055,146.7
7400424,1235056,109.63
7400424,1235057,103.66
7400424,1235274,114.37
7400424,1236009,29.81
7400424,1236584,34.24
7400424,1236974,34.89
7400424,1236975,111.35
7400424,1236976,14.69
7400424,1236991,14.88
7400424,1236992,82.92
7400424,1236993,23.24
7400424,1236994,31.22
7400424,1236996,18.91
7400424,1236997,20
7400424,1238009,45.06
7400424,1238011,30.67
7400424,1238031,82.02
7400424,1238593,70.7
7400424,1238834,121.32
7400424,1239550,50.64
7400424,1239722,30.53
7400424,1239957,59.41
7400424,1241068,41.96
7400424,1241138,54.57
7400424,1241929,35.2
7400424,1241952,87.36
7400424,1241953,146.73
7400424,1242387,145.28
7400424,1242414,48.67
7400424,1242554,34.29
7400424,1244583,106.98
7400424,1245866,110.1
7400424,1245927,38.72
7400424,1247012,51.56
7400424,1248237,100.72
7400424,1248464,35.97
7400424,1248725,59.61
7400424,1250014,38.43
7400424,1250604,20.21
7400424,1250606,41.96
7400424,1250795,38.41
7400424,1251465,41.96
7400424,1252277,284.39
7400424,1252830,109.3
7400424,1253212,42.43
7400424,1253237,91.7
7400424,1253238,88.17
7400424,1253240,81.7
7400424,1253243,428.29
7400424,1253244,518.52
7400424,1253246,334.64
7400424,1253247,334.64
7400424,1253249,204.44
7400424,1253250,613.3
7400424,1253252,268.97
7400424,1253253,226.7
7400424,1253254,535.65
7400424,1253256,107.52
7400424,1253257,155.59
7400424,1253258,149.93
7400424,1253260,147.1
7400424,1253261,221.57
7400424,1253262,306.09
7400424,1254399,71.93
7400424,1255301,74.77
7400424,1255303,37.94
7400424,1255304,46.99
7400424,1255305,92.39
7400424,1255306,54.14
7400424,1255307,59.81
7400424,1255308,62.7
7400424,1255309,75.39
7400424,1255310,87.55
7400424,1255429,86.57
7400424,1255504,146.03
7400424,1256270,71.93
7400424,1256386,79.01
7400424,1256511,61.78
7400424,1257356,30.1
7400424,1257358,40.67
7400424,1257883,29.65
7400424,1257885,18.78
7400424,1257918,96.74
7400424,1258953,37.44
7400424,1259885,43.64
7400424,1260860,106.41
7400424,1260976,57.72
7400424,1261005,62.35
7400424,1261006,62.35
7400424,1261096,72.06
7400424,1261983,62.16
7400424,1261991,87.16
7400424,1262263,100.25
7400424,1262534,67.75
7400424,1262635,28.85
7400424,1262721,79.81
7400424,1262722,71.82
7400424,1262845,73.6
7400424,1263749,50.53
7400424,1264363,38.66
7400424,1264532,35.56
7400424,1264557,62.35
7400424,1264558,62.35
7400424,1264559,41.96
7400424,1265105,71.93
7400424,1265106,71.93
7400424,1265445,90.51
7400424,1265657,50.04
7400424,1266250,29.82
7400424,1266318,121.32
7400424,1266788,50.4
7400424,1267036,140.26
7400424,1267083,71.93
7400424,1267085,71.93
7400424,1267086,71.93
7400424,1267158,42.25
7400424,1267233,56.35
7400424,1267234,56.35
7400424,1267235,56.35
7400424,1267787,69.47
7400424,1267791,62.56
7400424,1268451,39.76
7400424,1269244,34.9
7400424,1269623,31.64
7400424,1270118,16.52
7400424,1271593,49.83
7400424,1271594,50.78
7400424,1271595,51.25
7400424,1271624,45.25
7400424,1271628,43.97
7400424,1271635,51.01
7400424,1271637,67.77
7400424,1272027,73.01
7400424,1272295,58.23
7400424,1272298,41.27
7400424,1272328,56.35
7400424,1272426,55.52
7400424,1273246,153.21
7400424,1273733,43.33
7400424,1273928,44.42
7400424,1274301,88.83
7400424,1274302,88.83
7400424,1275588,77.94
7400424,1275808,76.34
7400424,1276216,69.31
7400424,1276419,199.75
7400424,1276448,91.3
7400424,1276574,21.29
7400424,1276580,93.75
7400424,1277267,53.78
7400424,1277531,20.48
7400424,1277975,20.48
7400424,1278034,47.96
7400424,1278035,47.96
7400424,1278036,47.96
7400424,1278038,47.96
7400424,1278533,55.08
7400424,1278534,76.18
7400424,1278535,44.96
7400424,1278536,77.46
7400424,1278704,93.72
7400424,1278905,51.19
7400424,1279200,121.32
7400424,1279594,102.75
7400424,1279601,27.39
7400424,1279604,21.66
7400424,1280843,84.02
7400424,1280844,157.52
7400424,1281068,64.97
7400424,1281082,64.05
7400424,1281087,50.15
7400424,1281088,61.75
7400424,1281156,38.65
7400424,1281157,66.75
7400424,1281158,38.65
7400424,1281160,44.81
7400424,1281161,81.89
7400424,1281162,21.81
7400424,1281163,46.32
7400424,1281164,36.12
7400424,1281169,74.64
7400424,1281170,66.74
7400424,1281174,54.99
7400424,1281175,75.78
7400424,1281176,79.03
7400424,1281825,79.59
7400424,1282220,88.17
7400424,1282347,77.83
7400424,1282373,71.93
7400424,1282474,76.19
7400424,1282495,53.4
7400424,1282802,125.3
7400424,1283642,145.42
7400424,1283808,82.72
7400424,1283855,77.57
7400424,1284024,53.4
7400424,1284179,54.94
7400424,1284708,77.94
7400424,1284709,77.94
7400424,1284710,77.94
7400424,1285396,96.34
7400424,1286060,69.47
7400424,1286453,87.73
7400424,1287553,67.5
7400424,1287854,39.12
7400424,1288217,78.82
7400424,1288258,92.23
7400424,1288259,62.5
7400424,1290043,89.31
7400424,1290395,37.18
7400424,1291559,88.83
7400424,1292094,68.09
7400424,1292224,50.94
7400424,1294557,39.95
7400424,1294644,44.83
7400424,1294735,103.53
7400424,1295732,92.47
7400424,1295765,227.28
7400424,1295856,100.36
7400424,1295995,20.48
7400424,1296009,97.97
7400424,1297191,39.26
7400424,1297710,95.94
7400424,1297738,32.99
7400424,1298122,147.15
7400424,1298123,36.51
7400424,1299380,33.65
7400424,1300060,121.32
7400424,1300908,130.97
7400424,1300909,54.98
7400424,1300913,9.35
7400424,1300917,58.52
7400424,1300919,44.81
7400424,1302264,87.31
7400424,1302851,23.27
7400424,1302888,118.75
7400424,1303297,203.3
7400424,1303763,145.41
7400424,1305404,52.75
7400424,1305405,28.05
7400424,1305442,92.47
7400424,1306345,45.27
7400424,1306346,95.83
7400424,1307430,106.01
7400424,1307492,85.81
7400424,1308300,102.37
7400424,1308399,40.3
7400424,1308605,142.92
7400424,1308606,84.92
7400424,1311620,84.32
7400424,1311945,51.85
7400424,1313493,71.28
7400424,1313710,41.83
7400424,1315195,60.75
7400424,1315201,76.49
7400424,1315566,47.16
7400424,1315750,84.69
7400424,1315751,45.31
7400424,1315930,45.18
7400424,1316349,53.96
7400424,1316475,74.97
7400424,1316966,53.96
7400424,1317004,53.96
7400424,1317922,129.39
7400424,1317924,254.69
7400424,1317926,145.62
7400424,1318067,159.32
7400424,1318262,20.48
7400424,1319202,17.51
7400424,1319203,22.3
7400424,1319527,78.9
7400424,1320042,70.42
7400424,1320043,68.56
7400424,1320740,67.03
7400424,1320741,27.97
7400424,1320796,84.8
7400424,1321372,121.32
7400424,1322478,48.12
7400424,1322479,45.77
7400424,1322480,45.77
7400424,1322481,18.98
7400424,1322791,116.58
7400424,1322886,42.02
7400424,1323589,0.01
7400424,1323656,38.56
7400424,1323657,64.97
7400424,1324006,42.98
7400424,1324008,54.11
7400424,1324510,63.8
7400424,1324782,68.03
7400424,1325013,53.96
7400424,1325184,72
7400424,1325395,75.39
7400424,1325396,83.54
7400424,1325423,87.93
7400424,1325546,63.98
7400424,1326082,70.21
7400424,1326130,110.14
7400424,1326148,45.57
7400424,1326180,92.12
7400424,1326181,58.06
7400424,1326586,102.86
7400424,1326746,39.69
7400424,1326860,50.9
7400424,1327193,66.99
7400424,1327329,81.06
7400424,1328569,31.28
7400424,1328858,156.55
7400424,1328859,103.21
7400424,1329606,45.77
7400424,1329804,53.96
7400424,1329805,53.96
7400424,1329849,39.63
7400424,1330425,44.25
7400424,1330578,117.64
7400424,1330856,87.95
7400424,1330973,119.87
7400424,1331061,43.29
7400424,1331923,53.96
7400424,1332022,107.16
7400424,1335751,76.05
7400424,1338066,114.22
7400424,1338620,50.49
7400424,1338683,111.6
7400424,1338703,107.16
7400424,1339013,53.96
7400424,1339267,75.67
7400424,1339268,115.62
7400424,1339269,59.02
7400424,1339270,53.11
7400424,1339274,48.95
7400424,1339275,71.46
7400424,1339276,68.04
7400424,1339283,73
7400424,1339424,97.09
7400424,1339467,48.73
7400424,1339468,56.8
7400424,1339686,99.77
7400424,1340625,108.23
7400424,1341270,70.04
7400424,1342177,47.71
7400424,1342426,67.97
7400424,1342434,68.96
7400424,1342497,96.98
7400424,1342846,20.9
7400424,1343566,44.31
7400424,1343567,44.31
7400424,1344109,53.15
7400424,1344503,97.27
7400424,1344712,196.44
7400424,1344797,20.88
7400424,1345104,44.31
7400424,1345213,85.29
7400424,1345230,88.18
7400424,1345232,88.18
7400424,1345233,88.18
7400424,1345987,68.63
7400424,1346554,127.93
7400424,1346584,53.96
7400424,1348571,66.73
7400424,1348613,74.5
7400424,1348660,33.7
7400424,1349119,91.34
7400424,1349142,117.51
7400424,1349260,129.38
7400424,1349261,128.89
7400424,1352840,128.97
7400424,1352904,59.73
7400424,1352970,51
7400424,1353058,51.02
7400424,1354406,60.22
7400424,1354460,41.54
7400424,1354630,124.12
7400424,1355832,97
7400424,1355834,97
7400424,1355835,97
7400424,1356190,38.63
7400424,1356191,43.76
7400424,1356193,36.27
7400424,1356248,91.31
7400424,1356262,92.07
7400424,1356327,75.48
7400424,1356458,136.31
7400424,1356526,62.84
7400424,1356865,84.81
7400424,1357178,78.35
7400424,1357179,64.24
7400424,1357385,65.87
7400424,1357386,64.93
7400424,1357388,88.88
7400424,1357389,102.54
7400424,1357395,62.56
7400424,1357397,76.19
7400424,1357424,67.64
7400424,1358070,78.58
7400424,1358071,59.78
7400424,1358072,64.25
7400424,1359164,81.7
7400424,1359165,81.7
7400424,1359265,85.23
7400424,1359536,87.97
7400424,1359568,67.63
7400424,1359679,97.91
7400424,1359870,147.13
7400424,1360228,73.31
7400424,1360706,121.32
7400424,1361102,84.52
7400424,1361830,92.5
7400424,1362063,44.45
7400424,1362148,62.64
7400424,1362978,70.49
7400424,1363280,66.73
7400424,1363331,99.33
7400424,1363585,43.04
7400424,1363990,59.16
7400424,1364040,104.69
7400424,1364057,72.2
7400424,1364768,56.69
7400424,1364833,106.82
7400424,1364989,44.37
7400424,1365000,44.37
7400424,1365312,74.39
7400424,1365313,228.64
7400424,1365314,178.32
7400424,1366229,93.4
7400424,1366416,24.55
7400424,1366439,57.15
7400424,1367623,81
7400424,1367635,23.62
7400424,1368308,88.6
7400424,1368660,57.16
7400424,1368661,81.91
7400424,1369273,57.58
7400424,1369274,59.96
7400424,1369468,100.22
7400424,1370071,54.12
7400424,1370280,47.47
7400424,1370408,41.68
7400424,1370595,63.39
7400424,1370710,98.9
7400424,1371241,103.12
7400424,1371437,70.49
7400424,1371956,70.49
7400424,1372760,105.32
7400424,1372857,242.74
7400424,1373009,38.61
7400424,1373020,68.94
7400424,1373205,56.72
7400424,1373329,28.58
7400424,1373390,71.6
7400424,1374199,52.88
7400424,1374507,283.34
7400424,1374565,100.35
7400424,1374566,53.98
7400424,1374567,217.7
7400424,1374854,27.79
7400424,1374998,116.84
7400424,1375061,68.66
7400424,1375062,84.12
7400424,1375772,245.55
7400424,1375774,318.65
7400424,1375775,133.72
7400424,1375795,142
7400424,1376641,26.18
7400424,1376642,26.18
7400424,1376989,90.73
7400424,1377008,73.19
7400424,1377366,112.18
7400424,1377384,180.33
7400424,1377385,177.08
7400424,1377386,98.01
7400424,1377387,113.12
7400424,1377391,71.15
7400424,1377393,143.07
7400424,1377395,161.88
7400424,1377396,87.55
7400424,1378841,44.37
7400424,1378884,55.81
7400424,1378991,58.87
7400424,1379053,108.23
7400424,1379406,25.11
7400424,1379700,98.36
7400424,1382575,148.05
7400424,1383429,79.9
7400424,1383458,128.35
7400424,1383581,59.47
7400424,1384017,74.87
7400424,1384030,28.6
7400424,1384116,40.17
7400424,1384477,122.78
7400424,1384662,99.73
7400424,1384809,107.16
7400424,1384927,98.99
7400424,1385522,101.83
7400424,1386321,74.88
7400424,1386621,47.52
7400424,1386948,81.47
7400424,1387124,78.82
7400424,1387285,66.81
7400424,1387414,82.29
7400424,1387415,84.2
7400424,1388366,67.05
7400424,1389666,38.19
7400424,1389850,73.7
7400424,1390282,42.7
7400424,1390283,54.3
7400424,1390284,69.16
7400424,1390965,99.21
7400424,1391611,57.15
7400424,1393128,62.03
7400424,1393149,98.51
7400424,1394266,119.92
7400424,1394715,108.61
7400424,1394844,73.41
7400424,1394883,196.55
7400424,1395231,59.5
7400424,1395312,83.48
7400424,1395349,107.29
7400424,1395440,69.07
7400424,1396099,79.58
7400424,1396550,62.64
7400424,1397154,40.54
7400424,1397442,70.77
7400424,1397507,72.76
7400424,1398328,160.67
7400424,1398512,55.21
7400424,1398837,71.57
7400424,1398838,32.76
7400424,1399724,192.27
7400424,1400094,152.12
7400424,1400432,65.79
7400424,1400433,83.87
7400424,1401042,92.48
7400424,1401255,66.55
7400424,1004324,76.76
7400424,1004974,87.73
7400424,1004975,83.5
7400424,1004976,82.49
7400424,1007097,130.31
7400424,1008384,103.48
7400424,1008409,101.81
7400424,1008700,89.99
7400424,1008995,95.29
7400424,1009590,164.88
7400424,1011608,130.95
7400424,1011610,170.28
7400424,1013003,69.91
7400424,1013413,287.06
7400424,1014986,127.03
7400424,1014987,81.66
7400424,1014988,172.17
7400424,1014997,92.58
7400424,1015016,80.37
7400424,1015060,80.65
7400424,1016221,41.07
7400424,1017819,28.16
7400424,1017828,33.78
7400424,1019573,105.44
7400424,1019575,102.31
7400424,1019576,118.93
7400424,1019806,72.93
7400424,1020800,96.39
7400424,1020801,95.22
7400424,1031010,42.32
7400424,1031011,41.78
7400424,1031012,33.32
7400424,1031052,36.14
7400424,1031191,18.1
7400424,1031215,22.45
7400424,1033716,222.04
7400424,1036160,15.45
7400424,1036298,26.5
7400424,1036299,28.96
7400424,1075937,101.71
7400424,1083224,85.7
7400424,1083225,84.91
7400424,1083226,85.85
7400424,1141207,44.43
7400424,1141214,38.55
7400424,1141993,188.47
7400424,1146806,134.48
7400424,1154097,97.92
7400424,1154827,12.02
7400424,1155503,74.12
7400424,1155816,150.25
7400424,1164426,93.33
7400424,1164593,74.79
7400424,1164594,73.87
7400424,1165148,103.99
7400424,1165667,86.13
7400424,1167691,81.67
7400424,1170441,137.02
7400424,1170442,231.5
7400424,1170443,150.99
7400424,1172517,88.67
7400424,1172650,87.97
7400424,1172858,150.59
7400424,1173353,74.4
7400424,1174160,101.27
7400424,1174161,120.28
7400424,1174264,54.9
7400424,1174265,54.47
7400424,1174266,53.77
7400424,1175059,137.71
7400424,1175298,133.91
7400424,1175702,132.34
7400424,1175738,190.81
7400424,1175813,84.8
7400424,1176294,200.18
7400424,1181275,110.7
7400424,1185475,123.96
7400424,1185476,99.29
7400424,1185477,111.04
7400424,1199094,119.15
7400424,1199096,84.66
7400424,1199097,84.66
7400424,1199098,99.1
7400424,1199100,99.1
7400424,1199102,92.24
7400424,1199104,112.21
7400424,1199105,106.34
7400424,1199106,86.9
7400424,1199107,84.01
7400424,1200246,100.98
7400424,1200545,106.73
7400424,1204116,63.54
7400424,1205857,193.75
7400424,1208751,69.27
7400424,1208799,98.56
7400424,1208800,75.47
7400424,1209204,116.01
7400424,1209205,135.24
7400424,1209207,157.06
7400424,1209439,102.55
7400424,1209802,99.38
7400424,1209803,122.05
7400424,1209820,68.2
7400424,1211189,76.09
7400424,1213998,108.85
7400424,1214126,217.96
7400424,1214561,95.05
7400424,1215162,60.23
7400424,1215200,114.68
7400424,1215385,95.7
7400424,1215430,113
7400424,1215431,161.4
7400424,1216041,109.93
7400424,1216101,96.03
7400424,1216102,98.35
7400424,1216518,103.19
7400424,1217330,65.21
7400424,1217603,125.14
7400424,1217879,115.29
7400424,1217947,150.99
7400424,1217948,102.62
7400424,1218707,116.95
7400424,1218771,155.76
7400424,1218783,49.96
7400424,1219683,147.63
7400424,1219684,124.4
7400424,1219689,299.63
7400424,1220337,107.91
7400424,1220338,61.59
7400424,1220395,116.51
7400424,1222059,102.23
7400424,1222341,99.03
7400424,1222731,98.09
7400424,1223821,88.31
7400424,1223917,103.62
7400424,1224182,71.97
7400424,1226207,136.51
7400424,1226208,64.64
7400424,1226279,121.77
7400424,1226281,103.99
7400424,1226282,93.74
7400424,1226724,111.04
7400424,1226840,157.85
7400424,1227107,123.96
7400424,1227953,89.79
7400424,1228613,122.53
7400424,1229427,143.97
7400424,1229992,111.6
7400424,1230046,251.69
7400424,1230613,243.04
7400424,1232559,56
7400424,1232560,56
7400424,1232561,55.74
7400424,1234681,73.87
7400424,1235874,114.53
7400424,1236259,96.51
7400424,1236336,138.03
7400424,1237054,67.64
7400424,1237466,87.77
7400424,1237924,148.64
7400424,1238003,111.18
7400424,1238317,122.18
7400424,1239253,85.82
7400424,1240024,61.72
7400424,1241347,83.43
7400424,1242013,76.06
7400424,1243059,105.9
7400424,1243218,76.5
7400424,1243378,66.04
7400424,1243379,67.72
7400424,1243463,94.62
7400424,1245225,91.72
7400424,1245273,85.02
7400424,1246218,109.4
7400424,1246219,69.9
7400424,1246220,101.05
7400424,1246916,97.33
7400424,1246976,56.31
7400424,1247100,122.41
7400424,1247581,227.26
7400424,1248222,85.11
7400424,1248784,43.58
7400424,1248785,111.04
7400424,1248786,75.47
7400424,1248787,73.28
7400424,1249941,63.05
7400424,1251304,97.24
7400424,1251306,98.9
7400424,1251337,184.53
7400424,1253103,119.56
7400424,1253201,83.6
7400424,1253561,107.63
7400424,1253685,119.96
7400424,1253740,102.61
7400424,1254440,82.88
7400424,1254569,54.51
7400424,1255008,155.76
7400424,1255009,144.17
7400424,1255010,123.86
7400424,1255355,75.92
7400424,1255459,121.08
7400424,1255474,166.37
7400424,1255475,153.46
7400424,1257893,97.21
7400424,1259322,108.17
7400424,1259947,105.71
7400424,1259948,122.32
7400424,1261517,149.1
7400424,1261659,190.84
7400424,1261896,86.21
7400424,1262063,162.04
7400424,1262064,236.27
7400424,1262468,148.79
7400424,1262751,135.28
7400424,1263062,77.29
7400424,1263063,112.32
7400424,1263359,133.39
7400424,1263957,60.94
7400424,1264812,81.85
7400424,1264813,82.87
7400424,1264816,90.5
7400424,1265285,65.11
7400424,1265503,106.62
7400424,1266728,177.67
7400424,1267552,138.37
7400424,1268013,92.12
7400424,1268221,181.4
7400424,1268222,64.01
7400424,1268223,83.48
7400424,1268224,133.21
7400424,1268225,130.1
7400424,1268226,44.37
7400424,1268415,137.22
7400424,1268416,140.73
7400424,1268417,159.49
7400424,1268672,79.32
7400424,1269023,84.01
7400424,1271127,78.73
7400424,1273774,105.61
7400424,1273939,90.99
7400424,1274007,115.73
7400424,1274036,75.55
7400424,1274875,85.97
7400424,1277912,83.87
7400424,1278452,57.6
7400424,1279297,132.43
7400424,1279298,123.73
7400424,1279609,74.52
7400424,1279852,82.14
7400424,1279853,79.42
7400424,1279856,87.91
7400424,1279859,88.37
7400424,1279860,148.6
7400424,1279863,180.07
7400424,1279864,95.48
7400424,1279865,81.59
7400424,1279867,126.25
7400424,1279868,75.85
7400424,1279869,79.35
7400424,1279870,119.26
7400424,1280172,90.76
7400424,1280558,81.26
7400424,1281729,120.77
7400424,1281917,61.25
7400424,1282172,101.92
7400424,1282676,46.27
7400424,1282763,62.36
7400424,1283132,61.28
7400424,1285295,55.12
7400424,1288295,60.02
7400424,1290289,203.66
7400424,1290291,98.85
7400424,1291293,83.34
7400424,1291294,78.36
7400424,1291296,103.99
7400424,1291316,446.57
7400424,1293049,56.32
7400424,1293568,121.74
7400424,1293919,84.46
7400424,1296434,173.29
7400424,1296445,49.5
7400424,1296451,118.52
7400424,1296452,104.66
7400424,1296505,198.93
7400424,1296507,74.05
7400424,1298098,77.76
7400424,1298300,253.1
7400424,1300010,162.13
7400424,1301171,84.72
7400424,1302554,170.96
7400424,1303200,100.16
7400424,1304938,114.56
7400424,1304939,144.3
7400424,1305045,172.17
7400424,1307479,81.05
7400424,1309258,391.57
7400424,1311644,262.28
7400424,1312446,78.36
7400424,1312448,79.32
7400424,1312449,83.34
7400424,1312450,77.82
7400424,1312460,69.4
7400424,1312712,95.96
7400424,1312804,65.14
7400424,1313129,190.81
7400424,1313554,115.6
7400424,1313562,87.48
7400424,1314075,68.74
7400424,1314076,96.88
7400424,1315309,121.38
7400424,1319710,118.55
7400424,1320044,99.5
7400424,1320046,74.46
7400424,1320800,207.42
7400424,1321060,66.55
7400424,1322378,229.21
7400424,1322379,122.15
7400424,1323524,72.45
7400424,1324620,137.53
7400424,1325103,63.77
7400424,1325454,89.89
7400424,1325822,97.4
7400424,1326250,113
7400424,1326334,71.04
7400424,1328236,118.7
7400424,1329105,91.29
7400424,1329198,109.09
7400424,1329199,83.9
7400424,1330030,103.55
7400424,1330161,179.29
7400424,1330863,122.59
7400424,1331175,83.94
7400424,1331568,95.76
7400424,1331569,120.44
7400424,1331570,175.92
7400424,1331571,179.19
7400424,1331572,154.4
7400424,1331706,101.06
7400424,1331723,70.54
7400424,1332076,144.37
7400424,1332077,109.05
7400424,1332078,89.54
7400424,1332079,95.1
7400424,1332080,105.4
7400424,1332081,109.17
7400424,1332082,121.05
7400424,1332083,161.17
7400424,1332335,106.04
7400424,1333987,105.37
7400424,1334003,237.28
7400424,1335306,78.53
7400424,1335307,91.79
7400424,1337101,99.21
7400424,1337763,107.42
7400424,1338585,62.63
7400424,1338922,121.85
7400424,1340824,164.88
7400424,1341249,99.53
7400424,1341333,150.98
7400424,1341521,86.25
7400424,1341522,76.13
7400424,1341938,192.83
7400424,1341971,105.03
7400424,1341980,133.7
7400424,1344170,82.25
7400424,1344901,162.42
7400424,1345023,108.85
7400424,1345024,105.03
7400424,1345027,107.98
7400424,1345562,82.25
7400424,1347127,70.35
7400424,1347472,120.31
7400424,1351624,77.96
7400424,1354356,112.93
7400424,1354421,99.98
7400424,1354462,111.59
7400424,1355192,65.1
7400424,1356574,125.68
7400424,1356578,154.7
7400424,1357419,96.21
7400424,1360382,124.94
7400424,1360426,88.57
7400424,1360427,51.58
7400424,1360428,104.92
7400424,1360429,91.98
7400424,1360440,120.44
7400424,1360441,76.36
7400424,1360442,90.98
7400424,1360957,132.41
7400424,1363852,76.75
7400424,1368644,121.57
7400424,1372380,144.74
7400424,1375765,87.54
7400424,1380409,120.65
7400424,1380430,91.98
7400424,1380431,112.62
7400424,1380432,126.67
7400424,1380433,75.93
7400424,1380434,71.28
7400424,1380435,79.54
7400424,1380436,92.94
7400424,1380437,105.77
7400424,1380438,105.53
7400424,1380439,77.26
7400424,1380440,87.75
7400424,1383106,135.6
7400424,1383258,132.31
7400424,1383715,84.28
7400424,1384624,111.86
7400424,1388314,81.89
7400424,1388315,98.29
7400424,1388316,88.56
7400424,1388317,101.88
7400424,1388318,88.02
7400424,1388319,81.89
7400424,1388320,91.11
7400424,1388321,98.81
7400424,1388491,173.94
7400424,1388492,65.02
7400424,1388494,87.54
7400424,1388497,117.84
7400424,1388500,262.01
7400424,1388501,95.45
7400424,1388502,88.91
7400424,1388503,83.18
7400424,1388506,116.85
7400424,1388507,116.85
7400424,1388508,67.67
7400424,1388509,77.97
7400424,1388510,73.81
7400424,1388511,82.65
7400424,1388512,79.41
7400424,1388513,84.81
7400424,1388514,166.73
7400424,1388515,173.14
7400424,1388516,120.84
7400424,1388517,118.32
7400424,1388518,137.72
7400424,1388520,102.79
7400424,1388523,160.81
7400424,1388524,183.99
7400424,1388525,122.95
7400424,1388528,130.85
7400424,1388530,82.67
7400424,1388531,102.84
7400424,1388533,74.38
7400424,1388534,103.91
7400424,1388536,94.34
7400424,1388537,101.52
7400424,1388542,49.94
7400424,1388543,57.4
7400424,1388548,82.19
7400424,1388553,151.99
7400424,1388555,115.62
7400424,1391169,141.46
7400424,1395078,74.64
7400424,1395079,81.49
7400424,1395080,55.68
7400424,1395081,79.92
7400424,1397623,161.89
7400424,1397624,143.16
7400424,1399818,145.28
