Contract ID,SAP Code,Sell Price
7550724,1000010,74.6
7550724,1000013,44.93
7550724,1000144,21.72
7550724,1000162,36.73
7550724,1000166,42.76
7550724,1000167,52.25
7550724,1000168,49.41
7550724,1000169,29.22
7550724,1000179,4.16
7550724,1000181,16.15
7550724,1000183,8.16
7550724,1000185,37.96
7550724,1000186,34.71
7550724,1000187,25.15
7550724,1000188,7.79
7550724,1000189,24.81
7550724,1000191,5.51
7550724,1000192,12.5
7550724,1000193,17.67
7550724,1000202,11.01
7550724,1000204,4.31
7550724,1000205,6.76
7550724,1000206,21.72
7550724,1000210,6.92
7550724,1000211,111.8
7550724,1000215,21.52
7550724,1000216,50.78
7550724,1000218,73.22
7550724,1000221,45.26
7550724,1000222,416.13
7550724,1000223,574.42
7550724,1000227,148.48
7550724,1000414,96.78
7550724,1000415,89.45
7550724,1000419,48.34
7550724,1000420,41.35
7550724,1000423,35.89
7550724,1000424,36.5
7550724,1000425,51.67
7550724,1000427,58.67
7550724,1000428,61.11
7550724,1000432,51.96
7550724,1000433,81.97
7550724,1000436,50.15
7550724,1000437,47.77
7550724,1000439,62.15
7550724,1000440,73.38
7550724,1000441,63.09
7550724,1000443,54.58
7550724,1000445,73.21
7550724,1000446,47.23
7550724,1000447,52.78
7550724,1000464,53.7
7550724,1000465,32.89
7550724,1000466,62.79
7550724,1000467,49.4
7550724,1000468,81.2
7550724,1000470,35.3
7550724,1000472,88.65
7550724,1000473,39.13
7550724,1000474,56.92
7550724,1000475,69.86
7550724,1000477,71.35
7550724,1000486,49.37
7550724,1000487,54.52
7550724,1000489,53.1
7550724,1000490,28.85
7550724,1000491,35.59
7550724,1000497,1.21
7550724,1000511,50.68
7550724,1000527,32.59
7550724,1000530,76.85
7550724,1000532,60.53
7550724,1000535,48.17
7550724,1000536,59.78
7550724,1000537,34.72
7550724,1000538,40.07
7550724,1000539,30.12
7550724,1000540,31
7550724,1000541,32.75
7550724,1000542,35.24
7550724,1000544,36.45
7550724,1000545,42.54
7550724,1000547,36
7550724,1000548,49.83
7550724,1000549,40.18
7550724,1000550,70.49
7550724,1000551,70.73
7550724,1000555,75.33
7550724,1000557,34.25
7550724,1000565,52.07
7550724,1000566,261.38
7550724,1000568,27.87
7550724,1000570,139.65
7550724,1000573,29.51
7550724,1000578,157.22
7550724,1000584,8.64
7550724,1000585,76.09
7550724,1000592,198.36
7550724,1000594,147.63
7550724,1000599,86.33
7550724,1000600,7.39
7550724,1000601,96.2
7550724,1000602,114.72
7550724,1000603,46.03
7550724,1000606,23.89
7550724,1000607,225.51
7550724,1000619,13.59
7550724,1000723,14.21
7550724,1000799,72.61
7550724,1000800,81.66
7550724,1000864,42.7
7550724,1001216,80.88
7550724,1001327,64.68
7550724,1001329,40.18
7550724,1001330,69.44
7550724,1001331,79.26
7550724,1001332,48.79
7550724,1001338,64.78
7550724,1001344,64.14
7550724,1001345,6.41
7550724,1001348,66.16
7550724,1001349,60.19
7550724,1001396,76.16
7550724,1001409,44.05
7550724,1001430,48.43
7550724,1001436,10.53
7550724,1001438,40.99
7550724,1001439,42.78
7550724,1001450,42.11
7550724,1001465,67.38
7550724,1001477,45.98
7550724,1001619,36.73
7550724,1001670,67.16
7550724,1001672,35.41
7550724,1001675,13.63
7550724,1001676,4.27
7550724,1001677,4.96
7550724,1001680,8.05
7550724,1001681,8.41
7550724,1001736,5.02
7550724,1001740,27.57
7550724,1001745,62.62
7550724,1001746,25.96
7550724,1001771,31
7550724,1001781,9.31
7550724,1001806,86.86
7550724,1001808,125.9
7550724,1001846,11.01
7550724,1001854,5.69
7550724,1001856,21.16
7550724,1001868,66.45
7550724,1001877,304.36
7550724,1001878,176.14
7550724,1001932,51.16
7550724,1001934,64.99
7550724,1001964,46.56
7550724,1001985,101.47
7550724,1002002,41.91
7550724,1002008,54.48
7550724,1002010,42.76
7550724,1002011,28.78
7550724,1002014,37.38
7550724,1002020,42.76
7550724,1002021,50.52
7550724,1002022,39.9
7550724,1002039,10.12
7550724,1002042,14.78
7550724,1002048,12.46
7550724,1002059,116.07
7550724,1002075,5.48
7550724,1002079,11.57
7550724,1002100,33.07
7550724,1002104,32.12
7550724,1002480,89.31
7550724,1002484,79.64
7550724,1002500,44.37
7550724,1002501,28.29
7550724,1002503,69.98
7550724,1002504,91.96
7550724,1002505,34.26
7550724,1002506,31.33
7550724,1002509,32.37
7550724,1002511,12.69
7550724,1003040,57.03
7550724,1003041,53.22
7550724,1003055,4.49
7550724,1003063,27.02
7550724,1003064,14.68
7550724,1003083,48.96
7550724,1003095,36.96
7550724,1003100,71.13
7550724,1003102,39.16
7550724,1003126,51.76
7550724,1003137,48.96
7550724,1003147,21.35
7550724,1003189,16.03
7550724,1003204,59.29
7550724,1003205,51.76
7550724,1003225,7.22
7550724,1003227,46.18
7550724,1003229,59.72
7550724,1003240,11.01
7550724,1003267,23.6
7550724,1003272,25.52
7550724,1003357,31.75
7550724,1003382,261.38
7550724,1003384,48.21
7550724,1003391,8.19
7550724,1003396,11.74
7550724,1003454,46.17
7550724,1003477,32.26
7550724,1003483,42.76
7550724,1003518,19.12
7550724,1003520,41.91
7550724,1003976,58.56
7550724,1006498,61.16
7550724,1007123,80.51
7550724,1007428,36.36
7550724,1007764,42.2
7550724,1009161,73.71
7550724,1012677,71.78
7550724,1012678,53.72
7550724,1012679,83.17
7550724,1012780,57.33
7550724,1015494,3.28
7550724,1015508,9.78
7550724,1015578,12.2
7550724,1015809,27.75
7550724,1015812,33.64
7550724,1016261,12.49
7550724,1016488,39.56
7550724,1020709,71.75
7550724,1022569,65.22
7550724,1022714,85.19
7550724,1022785,76.84
7550724,1022909,68.13
7550724,1023011,96.7
7550724,1023015,59.6
7550724,1023023,106.49
7550724,1023055,104.61
7550724,1023077,26.74
7550724,1023310,62.5
7550724,1023350,59.78
7550724,1023404,60.76
7550724,1023507,69.28
7550724,1023508,64.56
7550724,1023698,32.58
7550724,1023753,41.35
7550724,1023773,29.14
7550724,1023833,28.57
7550724,1023896,58.29
7550724,1023906,31.9
7550724,1023914,58.45
7550724,1023915,46.52
7550724,1023924,44.5
7550724,1023972,31.2
7550724,1023976,20.03
7550724,1024012,21
7550724,1024014,25.78
7550724,1024018,18.7
7550724,1024027,21
7550724,1024038,17.85
7550724,1024068,89.43
7550724,1024278,61.97
7550724,1024280,46.04
7550724,1024294,36.62
7550724,1024302,49.49
7550724,1024360,83.12
7550724,1024362,64.84
7550724,1024369,42.89
7550724,1024372,286.79
7550724,1024444,58.34
7550724,1024452,319.22
7550724,1024464,70.19
7550724,1024546,85.42
7550724,1024739,12.59
7550724,1024879,74.49
7550724,1024880,62.77
7550724,1024956,62.89
7550724,1024991,47.31
7550724,1025113,74.12
7550724,1025119,51.91
7550724,1025123,56.43
7550724,1025128,54.45
7550724,1025131,85.43
7550724,1025276,42.52
7550724,1025298,40.54
7550724,1025299,65.83
7550724,1025315,48.04
7550724,1025330,1.21
7550724,1025360,59.49
7550724,1025624,22.08
7550724,1025628,38.06
7550724,1025652,0.61
7550724,1025653,0.61
7550724,1025661,0.61
7550724,1025680,18.15
7550724,1025713,57.77
7550724,1025741,1.21
7550724,1025755,39.8
7550724,1026001,63.28
7550724,1026002,51.04
7550724,1026062,51.94
7550724,1026063,73.97
7550724,1026078,51.67
7550724,1026099,14.34
7550724,1026102,14.34
7550724,1026121,50.3
7550724,1026144,55.81
7550724,1026181,31.66
7550724,1026239,52.93
7550724,1026248,12.46
7550724,1026252,1.21
7550724,1026255,18.76
7550724,1026545,36.58
7550724,1026976,43.29
7550724,1026988,20.81
7550724,1027063,80.96
7550724,1027117,22.91
7550724,1027348,8.17
7550724,1027353,18.15
7550724,1027701,64.01
7550724,1027718,48.5
7550724,1027732,51.72
7550724,1027738,44.23
7550724,1027754,40.66
7550724,1027768,44.42
7550724,1027772,84.83
7550724,1027783,35.79
7550724,1027798,80.7
7550724,1027810,112.91
7550724,1027839,54.94
7550724,1027864,46.17
7550724,1027865,59.17
7550724,1027869,62.02
7550724,1027987,91.18
7550724,1027991,117.38
7550724,1028014,51.67
7550724,1028026,67.46
7550724,1028033,61.99
7550724,1028034,25.36
7550724,1028061,63.68
7550724,1028085,2.42
7550724,1028086,2.7
7550724,1028087,2.77
7550724,1028089,32.38
7550724,1028095,29.04
7550724,1028165,32.67
7550724,1028166,36.58
7550724,1028174,33.25
7550724,1028214,84.95
7550724,1028268,72.48
7550724,1028372,111.33
7550724,1028379,47.31
7550724,1028396,38.2
7550724,1028397,44.34
7550724,1028417,54.94
7550724,1028472,66.94
7550724,1028475,30.2
7550724,1028476,2.52
7550724,1028495,48.77
7550724,1028496,37.45
7550724,1028500,80.47
7550724,1028599,118.71
7550724,1028613,117.72
7550724,1028669,52.82
7550724,1028688,46.17
7550724,1028697,62.76
7550724,1028705,57.82
7550724,1028712,70.77
7550724,1028721,55.06
7550724,1028736,29.16
7550724,1028755,55.12
7550724,1028759,96.87
7550724,1028799,3.41
7550724,1028822,94.75
7550724,1028831,76.91
7550724,1028833,3.41
7550724,1028885,82.78
7550724,1028925,68.1
7550724,1028960,51.49
7550724,1028961,3.63
7550724,1029026,107.77
7550724,1029487,92.79
7550724,1029512,120.62
7550724,1029553,138.02
7550724,1029562,196.27
7550724,1029652,118.61
7550724,1029653,173.35
7550724,1029880,14.7
7550724,1030048,25.3
7550724,1030137,25.3
7550724,1030151,25.3
7550724,1030270,25.3
7550724,1031598,51.39
7550724,1033558,45.46
7550724,1033564,56.73
7550724,1033565,55.79
7550724,1033581,145.68
7550724,1033636,149.45
7550724,1033637,83.02
7550724,1033638,102.05
7550724,1033911,28.39
7550724,1033932,75.11
7550724,1033933,75.11
7550724,1033934,75.11
7550724,1033971,19.91
7550724,1033992,60.31
7550724,1033993,15.6
7550724,1034002,22.27
7550724,1034024,27.38
7550724,1034040,80.59
7550724,1034046,75.91
7550724,1034050,35.03
7550724,1034055,27.22
7550724,1034058,73.45
7550724,1034073,22.5
7550724,1034076,19.31
7550724,1034084,29.76
7550724,1034089,58.54
7550724,1034104,73.49
7550724,1034105,59.22
7550724,1034115,44.36
7550724,1034116,77.3
7550724,1034120,80.06
7550724,1034145,65.03
7550724,1034155,95.21
7550724,1034212,86.97
7550724,1034310,54.61
7550724,1034408,91.76
7550724,1034479,75.11
7550724,1034480,75.11
7550724,1034495,118.99
7550724,1034513,113.57
7550724,1042753,8.45
7550724,1042821,31.74
7550724,1043636,25.46
7550724,1044658,42.32
7550724,1044792,28.98
7550724,1044835,31.37
7550724,1044930,83.78
7550724,1044932,33.81
7550724,1044984,38.99
7550724,1045757,28.27
7550724,1045765,57.87
7550724,1045781,70.61
7550724,1046478,30.14
7550724,1050917,31
7550724,1050997,37.73
7550724,1051016,30.34
7550724,1051018,32.87
7550724,1051020,32.87
7550724,1051024,32.5
7550724,1051033,25.34
7550724,1051037,36.35
7550724,1051048,45.58
7550724,1051055,39.16
7550724,1051058,30.02
7550724,1051064,66.4
7550724,1051073,59.95
7550724,1051074,25.11
7550724,1051101,46.18
7550724,1051103,32
7550724,1051105,61.91
7550724,1051109,30.81
7550724,1051119,39.34
7550724,1051126,70.57
7550724,1051139,47.59
7550724,1051157,53.12
7550724,1051165,56.81
7550724,1051174,68.3
7550724,1051222,37.96
7550724,1051297,46.17
7550724,1051300,42.49
7550724,1051301,36.98
7550724,1051303,41.32
7550724,1051304,65.12
7550724,1051310,78.4
7550724,1051312,51.54
7550724,1051344,65.96
7550724,1051368,53.9
7550724,1051418,31.39
7550724,1051459,40.79
7550724,1051596,49.25
7550724,1051763,56.81
7550724,1051764,74.91
7550724,1051814,36.53
7550724,1051820,32.62
7550724,1051834,53.75
7550724,1051886,49.82
7550724,1052011,52.82
7550724,1052085,47.05
7550724,1052464,43.56
7550724,1052465,43.56
7550724,1052467,32
7550724,1052468,53.12
7550724,1052469,35.67
7550724,1052880,76.05
7550724,1052910,61.91
7550724,1052916,67.92
7550724,1052950,37.11
7550724,1053013,65.53
7550724,1053036,64.38
7550724,1053076,26.86
7550724,1053178,38.64
7550724,1053233,53.75
7550724,1053252,72.05
7550724,1053299,67.95
7550724,1053459,28.92
7550724,1053464,77.95
7550724,1053471,38.01
7550724,1053481,52.82
7550724,1053490,29.73
7550724,1053502,36.53
7550724,1053506,52.82
7550724,1053508,26.54
7550724,1053512,37.73
7550724,1053515,37.73
7550724,1053521,20.28
7550724,1053528,25.34
7550724,1053533,54.22
7550724,1053538,32.87
7550724,1053547,36.53
7550724,1053550,55.71
7550724,1053552,30.34
7550724,1053568,30.02
7550724,1053582,27.25
7550724,1053594,32.62
7550724,1053602,32.62
7550724,1053605,53.75
7550724,1053613,90.54
7550724,1053616,66.4
7550724,1053619,66.4
7550724,1053621,73.67
7550724,1053622,73.67
7550724,1053688,60.54
7550724,1053693,25.91
7550724,1053698,30.16
7550724,1053714,31
7550724,1053720,25.91
7550724,1053730,47.53
7550724,1053731,47.53
7550724,1053738,34
7550724,1053750,41.59
7550724,1053773,27.8
7550724,1053780,41.59
7550724,1053794,34
7550724,1053841,82.76
7550724,1053848,37.11
7550724,1053857,57.98
7550724,1053863,30.92
7550724,1053866,37.11
7550724,1053868,45.58
7550724,1053869,45.58
7550724,1053896,37.49
7550724,1053899,52.82
7550724,1053955,46.12
7550724,1053972,35.35
7550724,1053992,65.31
7550724,1054048,117.59
7550724,1054049,101.01
7550724,1054067,31.12
7550724,1054071,39.72
7550724,1054132,51.76
7550724,1054134,47.53
7550724,1054135,31
7550724,1054136,40.32
7550724,1054137,55.43
7550724,1054184,89.43
7550724,1054185,102.65
7550724,1054254,31.17
7550724,1054311,143.51
7550724,1054350,41.55
7550724,1054362,52.82
7550724,1054537,82.8
7550724,1054561,61.79
7550724,1054646,100.55
7550724,1054656,45.54
7550724,1054747,70.42
7550724,1054811,78.63
7550724,1054823,104.82
7550724,1054833,90.75
7550724,1054839,75.23
7550724,1054854,98.33
7550724,1054859,73.71
7550724,1054862,52.57
7550724,1054866,45.31
7550724,1054868,61.3
7550724,1054869,75.8
7550724,1054874,35.79
7550724,1054876,35.7
7550724,1054882,70.42
7550724,1054884,70.42
7550724,1054894,70.42
7550724,1054901,58.19
7550724,1054902,56.83
7550724,1054903,100.55
7550724,1054909,100.55
7550724,1054916,59.82
7550724,1054919,86.96
7550724,1054921,90.52
7550724,1054931,75.8
7550724,1054932,75.8
7550724,1054958,100.55
7550724,1054967,59.82
7550724,1054978,70.42
7550724,1054980,47.47
7550724,1054999,53.73
7550724,1055000,56.83
7550724,1055008,54.15
7550724,1055024,35.79
7550724,1055135,74.53
7550724,1055161,48.84
7550724,1055190,29.74
7550724,1055241,39.09
7550724,1055268,37.73
7550724,1055607,60.41
7550724,1055707,51.76
7550724,1056041,54.15
7550724,1056124,19.87
7550724,1056175,35.7
7550724,1056185,54.49
7550724,1056423,32.64
7550724,1056480,50.05
7550724,1056484,53.22
7550724,1057146,40.91
7550724,1057204,32.93
7550724,1057220,66.99
7550724,1057249,39.9
7550724,1057256,42.32
7550724,1057270,35.12
7550724,1057276,55.92
7550724,1057302,47.29
7550724,1057313,57.41
7550724,1057324,42.76
7550724,1057327,39.26
7550724,1057329,46.18
7550724,1057331,49.82
7550724,1057339,50.52
7550724,1057341,57.03
7550724,1057343,60.54
7550724,1057347,47
7550724,1057359,48.96
7550724,1057361,47
7550724,1057370,51.94
7550724,1057432,39.9
7550724,1057474,41.52
7550724,1057482,50.09
7550724,1057483,42.76
7550724,1057484,36.42
7550724,1057486,37.38
7550724,1057491,49.97
7550724,1057494,59.72
7550724,1057501,50.09
7550724,1057503,32.93
7550724,1057504,66.99
7550724,1057507,32.93
7550724,1057509,54.39
7550724,1057511,44.05
7550724,1057513,53.9
7550724,1057515,41.64
7550724,1057519,60.54
7550724,1057520,39.26
7550724,1057529,34.15
7550724,1057535,52.51
7550724,1057538,41.64
7550724,1057541,54.48
7550724,1057543,44.16
7550724,1057546,35.59
7550724,1057551,64.7
7550724,1057554,47.29
7550724,1057557,57.41
7550724,1057558,55.92
7550724,1057570,51.94
7550724,1057583,40.56
7550724,1057664,27.02
7550724,1057815,54.22
7550724,1057833,55.92
7550724,1057861,57.03
7550724,1057879,54.22
7550724,1057893,47
7550724,1057896,49.82
7550724,1057909,39.69
7550724,1057913,56.54
7550724,1058056,49.4
7550724,1058513,118.78
7550724,1058824,205.09
7550724,1058825,205.09
7550724,1058917,28.45
7550724,1058957,208.23
7550724,1058958,75.92
7550724,1058960,44.94
7550724,1058961,139.91
7550724,1058969,30.25
7550724,1058973,21.46
7550724,1058975,41.23
7550724,1058985,48.94
7550724,1058991,170.7
7550724,1058996,65.3
7550724,1059003,534.39
7550724,1059004,314.41
7550724,1059035,141.52
7550724,1059047,449.83
7550724,1059129,32.99
7550724,1059131,59.84
7550724,1059134,132.01
7550724,1059145,142.27
7550724,1059155,117.11
7550724,1059159,19.52
7550724,1059162,29.36
7550724,1059163,29.36
7550724,1059183,43.35
7550724,1059195,5.75
7550724,1059237,144.44
7550724,1059238,36.11
7550724,1059264,85.9
7550724,1059299,134.81
7550724,1059310,123.56
7550724,1059320,91.41
7550724,1059395,153.71
7550724,1059425,166.38
7550724,1059455,210.07
7550724,1059471,151.49
7550724,1059478,160.58
7550724,1059512,87.85
7550724,1059515,7.32
7550724,1059516,7.32
7550724,1059521,8.64
7550724,1059530,58.94
7550724,1059730,421.82
7550724,1060109,110.07
7550724,1060116,470.08
7550724,1060123,37.73
7550724,1060127,41.48
7550724,1060128,67.09
7550724,1060140,30.86
7550724,1060151,16.77
7550724,1060154,30.31
7550724,1060156,36.64
7550724,1060157,37.73
7550724,1060162,39.16
7550724,1060170,156.97
7550724,1060181,39.24
7550724,1060210,7.32
7550724,1060227,121.25
7550724,1060234,5.84
7550724,1060236,123.43
7550724,1060247,9.25
7550724,1060252,38.55
7550724,1060257,23.1
7550724,1060264,104.61
7550724,1060277,89.89
7550724,1060291,132.01
7550724,1060306,150.92
7550724,1060341,150.92
7550724,1060373,7.88
7550724,1060406,404.38
7550724,1060442,394.7
7550724,1060444,156.64
7550724,1060521,87.85
7550724,1060681,39.88
7550724,1060686,48.72
7550724,1066564,54.5
7550724,1069414,29.53
7550724,1069656,34.9
7550724,1069675,54.26
7550724,1069678,39.22
7550724,1069688,36.85
7550724,1069708,60.63
7550724,1069727,12.55
7550724,1069737,51.26
7550724,1069748,56.05
7550724,1069755,17.39
7550724,1069782,18.79
7550724,1069793,32.72
7550724,1069803,10.29
7550724,1069810,83.42
7550724,1069821,10.35
7550724,1069855,31.66
7550724,1069856,5.28
7550724,1069857,50.41
7550724,1069865,25.45
7550724,1069873,20.16
7550724,1069874,27.02
7550724,1069906,55.87
7550724,1069907,88.23
7550724,1069913,10.67
7550724,1069931,27.24
7550724,1069932,11.39
7550724,1070005,16.83
7550724,1070025,26.03
7550724,1070031,6.43
7550724,1070039,8.83
7550724,1070053,7.95
7550724,1070055,7.28
7550724,1070056,14.39
7550724,1070058,37.34
7550724,1070069,53.66
7550724,1070072,28.69
7550724,1070079,67.05
7550724,1070149,49.76
7550724,1070151,45.06
7550724,1070163,103.2
7550724,1070170,35.52
7550724,1070172,45.49
7550724,1070175,73.27
7550724,1070186,21.16
7550724,1070206,137.56
7550724,1070320,37.32
7550724,1070338,14.75
7550724,1070354,87.61
7550724,1070374,22.24
7550724,1070418,27.83
7550724,1070469,50
7550724,1070479,95.48
7550724,1070539,26.97
7550724,1071090,57.75
7550724,1071119,99.76
7550724,1071120,8.31
7550724,1071134,11.8
7550724,1071138,70.79
7550724,1072011,232.97
7550724,1072148,8.39
7550724,1072181,15.44
7550724,1072212,13.04
7550724,1072249,14.78
7550724,1072265,88.65
7550724,1072444,15.44
7550724,1072529,10.01
7550724,1072530,60.05
7550724,1072553,8.37
7550724,1072557,8.37
7550724,1072559,9.46
7550724,1072561,9.46
7550724,1072563,9.46
7550724,1072576,8.37
7550724,1072580,8.37
7550724,1072582,9.57
7550724,1072583,57.43
7550724,1072584,9.57
7550724,1072585,9.46
7550724,1072595,6.75
7550724,1072622,6.26
7550724,1072667,5.94
7550724,1072669,7.79
7550724,1072719,5.87
7550724,1072738,5.11
7550724,1072741,77.4
7550724,1072742,6.45
7550724,1072750,7.26
7550724,1072857,81.03
7550724,1072890,6.81
7550724,1072941,8.2
7550724,1072944,49.23
7550724,1072960,6.86
7550724,1072963,41.46
7550724,1072965,6.91
7550724,1072990,18.01
7550724,1072997,260.66
7550724,1073115,8.75
7550724,1073123,49.81
7550724,1073160,5.7
7550724,1073388,7.72
7550724,1073457,41.17
7550724,1073458,6.46
7550724,1073523,11.47
7550724,1073571,14.16
7550724,1073579,23.85
7550724,1073583,22.86
7550724,1073673,8.06
7550724,1073695,8.06
7550724,1073696,48.36
7550724,1073701,65.71
7550724,1073702,10.95
7550724,1073704,10.95
7550724,1073705,65.71
7550724,1073707,10.95
7550724,1073710,79.5
7550724,1073711,10.95
7550724,1073713,13.25
7550724,1073715,79.5
7550724,1073716,13.25
7550724,1073718,14.64
7550724,1073719,67.23
7550724,1073721,13.63
7550724,1073799,5.6
7550724,1073820,12.51
7550724,1073822,3.52
7550724,1073825,5.6
7550724,1073826,4.3
7550724,1073838,4.43
7550724,1073841,5.53
7550724,1073859,6.79
7550724,1073866,8.47
7550724,1073867,9.61
7550724,1073868,9.61
7550724,1073871,45.02
7550724,1073872,7.5
7550724,1073874,67.23
7550724,1073875,7.5
7550724,1073878,38.77
7550724,1073885,4.7
7550724,1073886,56.34
7550724,1073944,34.71
7550724,1074369,16.48
7550724,1074474,286.21
7550724,1074476,149.57
7550724,1074477,233.5
7550724,1074478,19.46
7550724,1074480,14.84
7550724,1074488,12.46
7550724,1074761,78.47
7550724,1074766,94.67
7550724,1074966,28.61
7550724,1075005,168.45
7550724,1075009,56.15
7550724,1075070,14.53
7550724,1075115,111.38
7550724,1075144,9.28
7550724,1075149,11.73
7550724,1075153,16.53
7550724,1075166,114.72
7550724,1075168,8.29
7550724,1075201,194.58
7550724,1075233,9.56
7550724,1075234,11.71
7550724,1075235,140.57
7550724,1075236,81.9
7550724,1075274,20.44
7550724,1075275,13.73
7550724,1075277,13.65
7550724,1075281,7.67
7550724,1075289,10.13
7550724,1075291,7.5
7550724,1075301,5.88
7550724,1075312,14.88
7550724,1075313,45.02
7550724,1075335,20.4
7550724,1075337,23.15
7550724,1075342,138.9
7550724,1075343,185.73
7550724,1075349,30.95
7550724,1075366,5.07
7550724,1075368,2.89
7550724,1075556,60.84
7550724,1075596,13.78
7550724,1075715,57.79
7550724,1075855,185.51
7550724,1075899,32.96
7550724,1075920,60.77
7550724,1075922,197.78
7550724,1075923,7.39
7550724,1075931,30.92
7550724,1076139,44.54
7550724,1076186,19.53
7550724,1076206,9.77
7550724,1076211,150
7550724,1076219,58.59
7550724,1076238,100.92
7550724,1076265,54.09
7550724,1076290,10.2
7550724,1076386,8.6
7550724,1076388,7.84
7550724,1076389,164.31
7550724,1076390,27.38
7550724,1076402,7.55
7550724,1076710,53.51
7550724,1076857,41.53
7550724,1077257,49.95
7550724,1077258,65.78
7550724,1077260,60.26
7550724,1077331,54.82
7550724,1077337,7.26
7550724,1077339,9.14
7550724,1077351,19.95
7550724,1077354,119.73
7550724,1077363,69.41
7550724,1077697,4.83
7550724,1077886,41.49
7550724,1078158,64.98
7550724,1078159,10.83
7550724,1078189,1.92
7550724,1078277,1.84
7550724,1078293,44.14
7550724,1078310,40.59
7550724,1078315,10.53
7550724,1078365,2.65
7550724,1078462,63.17
7550724,1078517,23.09
7550724,1078588,17.07
7550724,1078599,22.85
7550724,1078600,7.03
7550724,1078608,17.41
7550724,1078646,2.65
7550724,1079315,847.07
7550724,1079560,32.65
7550724,1079595,523.38
7550724,1079680,194
7550724,1079751,129.09
7550724,1079828,15.2
7550724,1079878,1132.33
7550724,1079960,58.71
7550724,1079965,68.27
7550724,1080070,18.87
7550724,1080078,70.77
7550724,1080193,119.29
7550724,1080194,19.88
7550724,1080195,76.96
7550724,1080196,12.83
7550724,1080200,7.31
7550724,1080292,363.03
7550724,1080502,36.7
7550724,1080506,21.52
7550724,1080508,300.65
7550724,1080617,129.09
7550724,1080678,248.4
7550724,1080679,279.84
7550724,1080680,965.93
7550724,1080700,153.37
7550724,1080712,52.22
7550724,1080729,1031.36
7550724,1080762,52.22
7550724,1080774,492.75
7550724,1080779,538.68
7550724,1080813,191.98
7550724,1080819,148.7
7550724,1080835,401.05
7550724,1080836,161.43
7550724,1081097,616.39
7550724,1081690,9.41
7550724,1081692,14.69
7550724,1081703,17.97
7550724,1081704,179.7
7550724,1081751,15.91
7550724,1081755,28.8
7550724,1081772,15.73
7550724,1081775,698.83
7550724,1081789,750.26
7550724,1081806,6.91
7550724,1082026,480.01
7550724,1082028,309.99
7550724,1082076,242.26
7550724,1082104,34.4
7550724,1082135,154.17
7550724,1082141,151.26
7550724,1082145,32.85
7550724,1082149,361.87
7550724,1082174,534.67
7550724,1082206,11.36
7550724,1082334,54.38
7550724,1082374,12.21
7550724,1082386,185.73
7550724,1082469,28.74
7550724,1082470,28.74
7550724,1082471,4.28
7550724,1082489,2.35
7550724,1082496,245.58
7550724,1082497,268.12
7550724,1082500,828.97
7550724,1082503,1684.19
7550724,1082504,558.12
7550724,1082508,203.65
7550724,1082511,531.1
7550724,1082516,129.57
7550724,1082518,620.82
7550724,1082520,1658.97
7550724,1082544,58.99
7550724,1082597,666.34
7550724,1082661,632.19
7550724,1082704,65.08
7550724,1082718,52.31
7550724,1082747,630.14
7550724,1082748,115.76
7550724,1082762,163.32
7550724,1082771,562.7
7550724,1082778,148.08
7550724,1082782,161.43
7550724,1082783,175.84
7550724,1082787,73.88
7550724,1082791,395.46
7550724,1082795,9.91
7550724,1082937,85.52
7550724,1082938,11.01
7550724,1082940,27.47
7550724,1082941,32.33
7550724,1082967,164.82
7550724,1082987,48.4
7550724,1082988,8.39
7550724,1082990,100.63
7550724,1083000,16.94
7550724,1083028,36.65
7550724,1083050,1035.89
7550724,1083060,59.46
7550724,1083094,30.83
7550724,1083096,215.03
7550724,1083141,20.26
7550724,1083165,28.7
7550724,1083183,29.51
7550724,1083189,50.22
7550724,1083203,50.76
7550724,1083346,526.47
7550724,1083388,12.66
7550724,1083390,75.95
7550724,1083392,12.16
7550724,1083394,72.97
7550724,1083395,498.32
7550724,1083422,505.58
7550724,1083469,59.82
7550724,1083665,37.91
7550724,1084300,50.63
7550724,1085453,52.06
7550724,1085468,38.05
7550724,1085573,38.05
7550724,1085581,42.26
7550724,1085585,42.26
7550724,1085799,72.9
7550724,1085867,63.31
7550724,1087189,50.68
7550724,1087745,41.17
7550724,1088841,98.39
7550724,1090276,51.04
7550724,1091160,34.48
7550724,1091188,53.68
7550724,1091236,261.38
7550724,1091238,52.37
7550724,1091246,0.01
7550724,1091277,39.87
7550724,1091362,16.03
7550724,1091403,72.61
7550724,1091407,53.5
7550724,1091440,41.13
7550724,1091490,51.44
7550724,1091522,261.38
7550724,1091552,35.99
7550724,1091604,37.96
7550724,1091613,29.57
7550724,1091624,43.64
7550724,1091662,33.88
7550724,1091784,72.61
7550724,1091871,38.77
7550724,1091992,41.95
7550724,1091993,40.47
7550724,1092019,49.69
7550724,1092037,52.42
7550724,1092087,31
7550724,1092117,43.24
7550724,1092152,58.62
7550724,1092251,25.48
7550724,1092274,53
7550724,1092392,139.65
7550724,1092437,96.81
7550724,1092485,43.31
7550724,1092489,37.69
7550724,1092494,31.63
7550724,1092700,96.81
7550724,1092707,32.01
7550724,1092739,43.1
7550724,1092740,38.21
7550724,1092755,35.33
7550724,1092759,40.28
7550724,1092901,55.66
7550724,1093209,73.96
7550724,1093210,94.15
7550724,1093227,36.13
7550724,1093246,48.74
7550724,1093258,27.89
7550724,1093292,19.65
7550724,1093385,63.45
7550724,1093425,57.06
7550724,1093552,42.84
7550724,1093601,48.43
7550724,1093613,57
7550724,1093639,31.06
7550724,1093640,46.58
7550724,1093641,56.17
7550724,1093645,41.7
7550724,1093648,39.47
7550724,1093654,110.24
7550724,1093658,58.69
7550724,1093659,79.48
7550724,1095862,148.98
7550724,1095870,139.08
7550724,1095945,6.33
7550724,1096274,6.33
7550724,1096615,56.85
7550724,1096616,63.12
7550724,1096622,54.45
7550724,1096652,35.72
7550724,1096821,40.79
7550724,1097493,31.35
7550724,1097707,8.41
7550724,1097804,6.27
7550724,1097899,12.72
7550724,1099680,11.35
7550724,1101543,68.1
7550724,1101783,6.11
7550724,1101815,6.11
7550724,1102178,102.29
7550724,1114871,16.61
7550724,1115097,2.26
7550724,1115113,5.09
7550724,1115217,103.97
7550724,1115309,45.02
7550724,1115322,97.5
7550724,1115364,14.45
7550724,1115382,11.69
7550724,1115383,6.98
7550724,1115608,8.48
7550724,1115613,5.86
7550724,1115621,12.65
7550724,1115703,38.6
7550724,1115712,60.02
7550724,1115713,16.28
7550724,1115732,27.47
7550724,1115756,13.9
7550724,1115761,251.68
7550724,1115798,29.16
7550724,1115802,9.29
7550724,1115803,404.67
7550724,1115807,16.11
7550724,1115893,112.97
7550724,1115894,112.95
7550724,1115895,112.97
7550724,1115896,112.97
7550724,1115898,112.97
7550724,1115971,20.64
7550724,1116111,48.09
7550724,1116266,111.5
7550724,1116364,112.97
7550724,1116859,39.21
7550724,1116865,73.51
7550724,1116867,65.35
7550724,1116869,65.35
7550724,1116871,65.35
7550724,1116873,65.35
7550724,1116875,65.35
7550724,1116877,65.35
7550724,1116909,31.86
7550724,1116910,31.86
7550724,1116959,39.21
7550724,1116961,39.21
7550724,1116963,39.21
7550724,1117049,11.37
7550724,1117056,98.02
7550724,1117060,98.02
7550724,1117101,65.35
7550724,1117106,73.51
7550724,1117114,73.51
7550724,1117628,98.84
7550724,1117643,98.84
7550724,1117881,15.33
7550724,1117898,31.86
7550724,1117995,272.04
7550724,1118040,11.53
7550724,1118086,31.86
7550724,1118133,11.53
7550724,1118169,18.82
7550724,1118446,209.55
7550724,1118477,186.08
7550724,1118486,20.29
7550724,1118489,19.13
7550724,1118491,12.72
7550724,1118493,19.35
7550724,1118519,90.81
7550724,1118529,61.78
7550724,1118531,23.89
7550724,1118543,81.28
7550724,1118565,65.95
7550724,1118581,393.89
7550724,1118583,272.04
7550724,1118586,272.04
7550724,1118751,25.36
7550724,1118827,65.35
7550724,1119081,73.51
7550724,1119333,31.86
7550724,1119543,31.86
7550724,1119608,31.86
7550724,1119632,31.86
7550724,1119638,98.84
7550724,1119644,31.86
7550724,1119649,31.86
7550724,1119711,72.12
7550724,1119859,18.82
7550724,1119872,21.75
7550724,1120351,15.33
7550724,1120353,15.33
7550724,1120355,98.02
7550724,1120357,15.33
7550724,1120359,98.02
7550724,1120391,11.53
7550724,1120448,44.28
7550724,1120530,11.53
7550724,1120571,183.04
7550724,1120599,31.86
7550724,1120624,33.5
7550724,1120991,288.2
7550724,1121002,33.5
7550724,1121003,33.5
7550724,1121004,33.5
7550724,1121057,33.5
7550724,1121142,33.5
7550724,1121212,40.36
7550724,1121214,36.51
7550724,1121304,72.12
7550724,1121858,31.86
7550724,1121954,33.5
7550724,1121955,197.92
7550724,1121956,33.5
7550724,1121969,288.2
7550724,1122081,85.42
7550724,1122131,81.28
7550724,1122842,12.16
7550724,1123134,25.02
7550724,1123135,116.88
7550724,1123351,7.44
7550724,1123352,5.36
7550724,1123560,142.54
7550724,1123725,3.65
7550724,1123726,2.75
7550724,1123728,3.45
7550724,1123803,177.09
7550724,1123815,15.71
7550724,1123822,26.19
7550724,1123842,145.94
7550724,1124024,7.54
7550724,1124185,28.52
7550724,1124190,34.26
7550724,1124237,101.3
7550724,1124263,13.34
7550724,1124277,34.02
7550724,1124299,144.7
7550724,1124347,57.53
7550724,1124379,10.67
7550724,1124407,247.34
7550724,1124725,11.1
7550724,1124857,30.2
7550724,1124901,19.91
7550724,1124902,16.2
7550724,1125095,221.91
7550724,1125120,6.55
7550724,1126932,19.28
7550724,1127368,6.43
7550724,1138358,50.95
7550724,1138774,8.51
7550724,1138873,85.23
7550724,1139655,47.75
7550724,1140369,45.16
7550724,1140390,49.44
7550724,1140391,73.38
7550724,1140392,56.45
7550724,1140393,61.88
7550724,1141664,32.02
7550724,1141665,37.37
7550724,1142588,39.59
7550724,1143269,49.25
7550724,1143993,94.05
7550724,1144071,6.76
7550724,1144093,45.4
7550724,1144098,37.96
7550724,1144140,77.41
7550724,1144172,72.9
7550724,1144173,89.21
7550724,1144185,78.75
7550724,1144396,113.73
7550724,1144668,32.83
7550724,1144766,59.29
7550724,1145606,63.92
7550724,1145607,67.95
7550724,1145855,69.6
7550724,1146034,209.23
7550724,1147105,48.84
7550724,1147808,119.8
7550724,1148195,69.38
7550724,1148572,70.82
7550724,1148941,746.29
7550724,1151468,3.36
7550724,1151544,34.06
7550724,1151723,105.71
7550724,1152270,37.96
7550724,1152762,21.75
7550724,1152771,21.75
7550724,1152773,21.75
7550724,1152774,31.86
7550724,1152777,31.86
7550724,1154521,4.99
7550724,1154918,816.74
7550724,1155565,31.86
7550724,1156508,57.41
7550724,1156866,76.05
7550724,1157604,34.1
7550724,1157956,68.37
7550724,1157961,44.85
7550724,1157963,42.86
7550724,1158315,46.7
7550724,1158323,16.22
7550724,1158339,61.18
7550724,1158817,38.58
7550724,1158821,37.31
7550724,1158823,46.9
7550724,1158824,35.11
7550724,1158832,72.61
7550724,1158963,69.6
7550724,1159120,81.75
7550724,1159565,60.84
7550724,1159681,58.54
7550724,1159696,80.63
7550724,1159758,7.54
7550724,1159935,104.79
7550724,1159938,104.79
7550724,1159954,52.13
7550724,1160566,34.42
7550724,1160601,72.61
7550724,1160668,0.01
7550724,1160669,0.01
7550724,1160719,55.46
7550724,1161054,41.3
7550724,1161540,60.92
7550724,1161546,57
7550724,1161728,69.6
7550724,1162191,81.28
7550724,1162424,72.61
7550724,1162555,65.1
7550724,1162632,44.48
7550724,1162773,85.8
7550724,1162945,73.51
7550724,1162967,19.47
7550724,1163034,45.6
7550724,1163131,87.13
7550724,1163132,55.56
7550724,1163313,53.17
7550724,1163361,23.19
7550724,1163596,54.88
7550724,1163721,28.67
7550724,1163722,42.27
7550724,1163723,46.24
7550724,1163726,87.13
7550724,1163728,24.2
7550724,1164154,57.5
7550724,1164159,87.13
7550724,1164878,24.79
7550724,1165025,54.45
7550724,1165060,37.23
7550724,1165064,36.82
7550724,1165100,59.44
7550724,1165103,40.01
7550724,1165105,37.97
7550724,1165107,60.21
7550724,1165109,55.4
7550724,1165126,87.13
7550724,1165311,42.49
7550724,1165920,76.05
7550724,1166213,52.25
7550724,1166285,0.01
7550724,1166342,79.43
7550724,1166362,55.66
7550724,1166677,48.08
7550724,1166708,57.88
7550724,1166746,53.45
7550724,1167237,89.75
7550724,1167844,85.8
7550724,1167999,76.2
7550724,1168277,89.75
7550724,1168283,76.2
7550724,1168284,85.8
7550724,1168328,87.13
7550724,1168847,50.41
7550724,1170146,322.67
7550724,1170617,18.82
7550724,1170689,49.25
7550724,1170714,71.99
7550724,1171575,1124.88
7550724,1172337,48.69
7550724,1173522,71.13
7550724,1174614,98.02
7550724,1174788,73.51
7550724,1174803,57.52
7550724,1174817,17.85
7550724,1175682,139.4
7550724,1175684,139.4
7550724,1175686,139.4
7550724,1175688,0.48
7550724,1175870,25.9
7550724,1176109,69.6
7550724,1176528,202.14
7550724,1176529,209.11
7550724,1176531,202.14
7550724,1176665,69.6
7550724,1177025,24.38
7550724,1177163,98.02
7550724,1177243,50.01
7550724,1177267,9.23
7550724,1180022,14.68
7550724,1180218,19.36
7550724,1180925,90.71
7550724,1181282,41.55
7550724,1181959,24.5
7550724,1182848,41.55
7550724,1183743,16.83
7550724,1185209,0.01
7550724,1185416,54.95
7550724,1186221,69.1
7550724,1186223,0.01
7550724,1186243,50.47
7550724,1187381,85.6
7550724,1187817,29.88
7550724,1187836,117.84
7550724,1187983,84.71
7550724,1188169,0.01
7550724,1188172,66.92
7550724,1188175,44.17
7550724,1188221,42.18
7550724,1189424,47.84
7550724,1189425,47.84
7550724,1189427,63.87
7550724,1189439,35.67
7550724,1190638,93.31
7550724,1190640,73.17
7550724,1190678,0.01
7550724,1191144,14.34
7550724,1191249,82.41
7550724,1194284,25.3
7550724,1194285,25.3
7550724,1196310,16.52
7550724,1196681,72.7
7550724,1197478,0.01
7550724,1198459,56.45
7550724,1198616,38.51
7550724,1198988,83.5
7550724,1199053,61.18
7550724,1199174,52.19
7550724,1199245,84.71
7550724,1199902,86.96
7550724,1200088,74.78
7550724,1200170,73.51
7550724,1200835,31.12
7550724,1201434,24.69
7550724,1201880,30.91
7550724,1203109,49.25
7550724,1203392,15.94
7550724,1203407,60.44
7550724,1203427,54.44
7550724,1203515,53.83
7550724,1203840,43.33
7550724,1205045,198.72
7550724,1206724,294.41
7550724,1208094,50.1
7550724,1208297,225.43
7550724,1208532,16.05
7550724,1208958,98.02
7550724,1209031,44.28
7550724,1209032,44.28
7550724,1209034,44.28
7550724,1209279,54.62
7550724,1209792,25.07
7550724,1209850,19.66
7550724,1210515,70.42
7550724,1210614,53
7550724,1211843,54.27
7550724,1211844,53.67
7550724,1211868,60.23
7550724,1214864,50.52
7550724,1214914,31.05
7550724,1215475,178.91
7550724,1215688,62.73
7550724,1215970,45.2
7550724,1216609,40.93
7550724,1216610,47.91
7550724,1216612,38.93
7550724,1216617,46.63
7550724,1216618,41.82
7550724,1216619,31.21
7550724,1216620,35.32
7550724,1217646,82.44
7550724,1217656,25.41
7550724,1218300,53.17
7550724,1218438,35.93
7550724,1218751,98.39
7550724,1219058,33.51
7550724,1219063,15.48
7550724,1219310,177.52
7550724,1219371,53.3
7550724,1219586,83.19
7550724,1219701,16.03
7550724,1220183,221.21
7550724,1220185,88.93
7550724,1220629,50.61
7550724,1220680,6.5
7550724,1220844,83.07
7550724,1220873,37.17
7550724,1221297,0.73
7550724,1221372,217.82
7550724,1222217,47.59
7550724,1222959,96.2
7550724,1223397,341.15
7550724,1223667,69.19
7550724,1224114,22.29
7550724,1224187,4.89
7550724,1224245,65.21
7550724,1224338,98.02
7550724,1224887,468.91
7550724,1225140,128.62
7550724,1225536,57.52
7550724,1226166,28.45
7550724,1226741,84.44
7550724,1226742,91.42
7550724,1228229,9.28
7550724,1229187,47.59
7550724,1229432,103.95
7550724,1229447,0.7
7550724,1229574,48.6
7550724,1230016,282.1
7550724,1230068,24.2
7550724,1230367,40.54
7550724,1230370,52.82
7550724,1230371,72.36
7550724,1230373,44.18
7550724,1230377,30.16
7550724,1230383,52.94
7550724,1230686,93.35
7550724,1230870,8.34
7550724,1231739,57.29
7550724,1232235,57.29
7550724,1232558,66.06
7550724,1232578,48.1
7550724,1232692,25.34
7550724,1233366,29.73
7550724,1233605,57.29
7550724,1233671,28.92
7550724,1234008,9.77
7550724,1234050,50.53
7550724,1234079,58.23
7550724,1234251,38.01
7550724,1234348,81.03
7550724,1234349,19.82
7550724,1234352,27.26
7550724,1234356,52.82
7550724,1234357,37.73
7550724,1234358,26.54
7550724,1234361,37.82
7550724,1234368,39.16
7550724,1234370,30.02
7550724,1234375,54.87
7550724,1234379,61.91
7550724,1234381,57.98
7550724,1234391,36.53
7550724,1234629,73.77
7550724,1235233,31
7550724,1235875,102.87
7550724,1236032,202.2
7550724,1236245,43.03
7550724,1236248,49.09
7550724,1236817,36.51
7550724,1237068,338.07
7550724,1238023,368.97
7550724,1238572,114.44
7550724,1238765,68.79
7550724,1238767,78.56
7550724,1238768,91.36
7550724,1238771,102.52
7550724,1238776,84.57
7550724,1238778,80.05
7550724,1238785,143.38
7550724,1238864,98.02
7550724,1239196,73.51
7550724,1239689,73.97
7550724,1241021,0.7
7550724,1241454,37.11
7550724,1242080,39.67
7550724,1242142,246.1
7550724,1242273,89.52
7550724,1243823,73.71
7550724,1244557,85.4
7550724,1245137,98.02
7550724,1245248,98.02
7550724,1245445,46.31
7550724,1245449,30.28
7550724,1246065,31.91
7550724,1246429,78.66
7550724,1246724,96.72
7550724,1246774,0.73
7550724,1247146,94.67
7550724,1247689,57.9
7550724,1247850,107.28
7550724,1247854,133.29
7550724,1248489,82.44
7550724,1248805,70.72
7550724,1248936,69.27
7550724,1249028,118.93
7550724,1249918,8.71
7550724,1250329,3.82
7550724,1251096,83.74
7550724,1251097,73.93
7550724,1251168,467.45
7550724,1251169,352.14
7550724,1251244,81
7550724,1251251,53.72
7550724,1251450,5.61
7550724,1251693,46.75
7550724,1252554,52.46
7550724,1252556,56.63
7550724,1253398,88.91
7550724,1253404,71.32
7550724,1253405,83.51
7550724,1253406,71.32
7550724,1253409,71.32
7550724,1253411,156.08
7550724,1253421,83.15
7550724,1253422,83.15
7550724,1253423,83.15
7550724,1253426,113.14
7550724,1253430,83.15
7550724,1253436,95.04
7550724,1253437,95.02
7550724,1253439,95.02
7550724,1253497,135.46
7550724,1253499,135.46
7550724,1253500,135.46
7550724,1253502,135.46
7550724,1253503,135.46
7550724,1253506,275.98
7550724,1253523,303.19
7550724,1253529,305.43
7550724,1254403,66.3
7550724,1255566,33.4
7550724,1255785,32.35
7550724,1256288,112.97
7550724,1256664,6.3
7550724,1258664,69.94
7550724,1259084,207.52
7550724,1259368,66.19
7550724,1259381,152.62
7550724,1259428,73.78
7550724,1259431,96.92
7550724,1259433,39.29
7550724,1259434,132.13
7550724,1260002,95.31
7550724,1260026,62.24
7550724,1260345,63.2
7550724,1260587,68.92
7550724,1261271,72.61
7550724,1262425,40.19
7550724,1262803,71.64
7550724,1262906,51.45
7550724,1263129,42.86
7550724,1263277,63.17
7550724,1263491,84.46
7550724,1263579,74.36
7550724,1264388,43.88
7550724,1265089,42.78
7550724,1266188,74.36
7550724,1267034,73.78
7550724,1267056,2157.56
7550724,1267905,34.88
7550724,1268177,72.61
7550724,1268232,0.01
7550724,1268400,52.77
7550724,1268573,47.21
7550724,1269362,100.98
7550724,1269788,36.3
7550724,1269883,16.52
7550724,1270324,27.23
7550724,1270436,43.52
7550724,1270735,78.33
7550724,1271100,77.14
7550724,1271233,74.36
7550724,1271720,91.86
7550724,1271981,27.46
7550724,1272424,1.21
7550724,1273862,115.58
7550724,1274296,8.16
7550724,1274563,137.58
7550724,1274807,64.5
7550724,1274882,72.85
7550724,1274947,58.67
7550724,1275211,78.33
7550724,1275755,30.37
7550724,1276698,67.28
7550724,1276699,64.01
7550724,1276730,174.11
7550724,1276772,63.64
7550724,1276788,43.65
7550724,1277038,55
7550724,1277697,36.05
7550724,1278189,67.48
7550724,1278628,220
7550724,1279130,27.12
7550724,1279600,112.72
7550724,1281996,27.97
7550724,1282407,38
7550724,1282408,38
7550724,1282410,38
7550724,1282413,28.92
7550724,1282414,31.22
7550724,1282418,33.58
7550724,1282419,53.43
7550724,1282422,53.43
7550724,1282425,53.43
7550724,1282435,76.37
7550724,1282436,24.2
7550724,1282437,76.18
7550724,1282769,37.62
7550724,1283206,66.31
7550724,1283207,46.47
7550724,1283209,45.32
7550724,1283341,53.85
7550724,1283343,59.6
7550724,1283344,49.61
7550724,1283345,48.59
7550724,1283346,50.22
7550724,1283347,42.9
7550724,1283348,42.9
7550724,1283349,64.01
7550724,1283350,55.66
7550724,1284052,52.99
7550724,1284287,79.01
7550724,1284872,0.48
7550724,1285124,79.38
7550724,1285146,100.52
7550724,1285440,60.51
7550724,1285601,114.83
7550724,1285614,95.53
7550724,1285615,95.53
7550724,1285786,30.25
7550724,1285788,4.84
7550724,1288911,10.07
7550724,1289561,7.37
7550724,1289825,74.45
7550724,1289826,74.45
7550724,1291060,67.48
7550724,1291687,288.2
7550724,1293684,67.25
7550724,1293685,77.45
7550724,1293962,49.81
7550724,1293966,46.17
7550724,1293973,53.07
7550724,1294017,58.31
7550724,1294091,53.12
7550724,1294427,87.04
7550724,1294567,18.15
7550724,1295045,6.05
7550724,1295046,12.1
7550724,1295333,51.61
7550724,1295338,51.61
7550724,1295446,47.87
7550724,1295627,93.06
7550724,1295723,272.04
7550724,1295897,12.28
7550724,1295898,6.05
7550724,1296025,19.12
7550724,1296085,55
7550724,1297553,30.25
7550724,1297555,30.25
7550724,1297558,30.25
7550724,1298174,0.01
7550724,1298456,12.1
7550724,1298516,50.95
7550724,1300024,1.21
7550724,1300336,0.01
7550724,1300340,0.01
7550724,1300342,52.59
7550724,1300684,1.21
7550724,1301524,0.01
7550724,1302778,30.25
7550724,1302852,1.21
7550724,1303308,77.88
7550724,1303497,43.18
7550724,1303502,60.21
7550724,1303504,0.01
7550724,1303505,0.01
7550724,1304269,40.9
7550724,1304534,98.02
7550724,1304577,0.01
7550724,1304579,43.18
7550724,1305771,62.95
7550724,1305772,73.6
7550724,1305773,94.09
7550724,1305774,69.58
7550724,1305775,94.09
7550724,1305776,49.07
7550724,1305777,59.22
7550724,1305781,48.22
7550724,1305782,102.87
7550724,1305786,143.75
7550724,1305787,114.44
7550724,1305789,95.09
7550724,1305790,46.47
7550724,1305792,64.33
7550724,1305793,67.43
7550724,1305794,83.74
7550724,1305795,132.13
7550724,1305796,110.94
7550724,1305797,52.23
7550724,1305799,123.2
7550724,1305851,66.92
7550724,1306704,41.87
7550724,1306706,76.73
7550724,1306708,11.47
7550724,1306713,11.47
7550724,1306763,0.48
7550724,1306764,0.48
7550724,1307048,69.08
7550724,1307399,102.56
7550724,1307881,48.39
7550724,1308128,25.48
7550724,1308129,24.78
7550724,1308144,0.01
7550724,1308147,0.01
7550724,1308148,0.01
7550724,1309238,37.46
7550724,1309415,357.81
7550724,1309566,83.5
7550724,1309569,85.43
7550724,1310321,47.13
7550724,1310964,51.42
7550724,1311013,55.85
7550724,1311336,27.88
7550724,1311339,35.46
7550724,1311345,43.83
7550724,1311347,41.06
7550724,1311760,1.21
7550724,1312305,27.23
7550724,1312553,133.34
7550724,1312587,122.69
7550724,1313047,1.21
7550724,1313376,43.83
7550724,1313585,0.01
7550724,1313586,0.01
7550724,1313696,83.5
7550724,1314523,83.5
7550724,1314954,59.29
7550724,1314999,277.25
7550724,1315081,6.05
7550724,1315369,35.52
7550724,1315516,43.91
7550724,1316418,32.95
7550724,1316652,96.81
7550724,1316654,54.45
7550724,1316655,64.32
7550724,1316656,73.63
7550724,1316657,59.49
7550724,1317192,0.01
7550724,1317362,44.28
7550724,1317463,98.44
7550724,1318225,277.25
7550724,1318831,0.01
7550724,1319842,187.46
7550724,1319873,295.06
7550724,1322412,3.63
7550724,1322413,3.63
7550724,1323254,52.66
7550724,1323721,11.05
7550724,1323777,216.79
7550724,1323822,9.58
7550724,1324051,6.05
7550724,1324313,44.28
7550724,1324447,55.11
7550724,1324890,30.72
7550724,1325078,35.67
7550724,1325710,64.87
7550724,1325794,46.23
7550724,1326260,79.29
7550724,1326370,19.64
7550724,1326371,56.2
7550724,1326372,115.71
7550724,1326373,84.33
7550724,1326657,30.25
7550724,1326658,30.25
7550724,1327133,29.55
7550724,1327135,1.04
7550724,1327255,98.84
7550724,1327892,30.57
7550724,1328194,0.01
7550724,1328329,1.15
7550724,1328671,49.66
7550724,1328715,0.01
7550724,1329166,35.75
7550724,1329338,35.67
7550724,1329742,103.1
7550724,1329972,1.21
7550724,1329980,35.07
7550724,1329984,32.84
7550724,1330187,71.7
7550724,1330198,1.21
7550724,1330368,25.17
7550724,1330369,36.62
7550724,1330530,112.97
7550724,1330754,393.28
7550724,1330756,393.28
7550724,1330836,63.66
7550724,1330842,319.22
7550724,1332354,39.65
7550724,1332865,31.66
7550724,1333086,10.76
7550724,1334934,103.1
7550724,1335412,0.01
7550724,1335497,184.9
7550724,1336653,40.19
7550724,1337364,119.8
7550724,1337945,24.9
7550724,1337946,22.44
7550724,1338753,68.16
7550724,1338950,36.69
7550724,1339030,38.38
7550724,1340368,46.18
7550724,1340803,20.44
7550724,1340940,58.69
7550724,1343377,367.04
7550724,1344534,47.23
7550724,1345189,0.01
7550724,1347045,31.72
7550724,1347371,37.3
7550724,1347984,31.64
7550724,1348483,39.73
7550724,1348487,40.49
7550724,1348489,45.58
7550724,1348500,45.58
7550724,1348504,49.99
7550724,1348505,39.34
7550724,1348506,39.34
7550724,1348511,39.34
7550724,1348514,42.2
7550724,1348515,42.2
7550724,1348517,53.52
7550724,1348518,53.52
7550724,1348526,40.79
7550724,1348527,61.16
7550724,1348634,68.49
7550724,1350988,84.71
7550724,1352587,17.43
7550724,1352745,0.01
7550724,1352874,46.18
7550724,1356057,52.78
7550724,1356751,58.88
7550724,1357407,44.68
7550724,1357447,167.16
7550724,1358953,14.52
7550724,1359401,0.01
7550724,1360468,62.67
7550724,1360690,32.09
7550724,1361037,0.01
7550724,1361903,37.62
7550724,1362568,190.05
7550724,1363893,358.09
7550724,1363894,358.23
7550724,1363895,358.23
7550724,1363994,27.31
7550724,1364792,41.7
7550724,1364804,91.92
7550724,1366403,295.06
7550724,1368543,185.87
7550724,1368882,312.74
7550724,1370199,21.36
7550724,1370400,130.58
7550724,1371717,4.8
7550724,1372413,45.52
7550724,1372764,153.49
7550724,1374527,687.32
7550724,1374687,312.74
7550724,1377142,57.5
7550724,1377912,27.65
7550724,1378029,140.43
7550724,1378030,140.43
7550724,1379744,45.42
7550724,1379902,5.4
7550724,1380904,312.74
7550724,1382623,16.46
7550724,1383336,1547.96
7550724,1384798,482.96
7550724,1384824,2705.87
7550724,1384891,140.96
7550724,1384903,63.6
7550724,1385076,145.36
7550724,1385386,35.83
7550724,1385671,35.83
7550724,1386260,2405.79
7550724,1386452,1210.1
7550724,1386454,1418.96
7550724,1386456,337.27
7550724,1386458,134.09
7550724,1386459,4.84
7550724,1386460,4.84
7550724,1386461,2.42
7550724,1386462,1.82
7550724,1386463,7.61
7550724,1388150,37.76
7550724,1389493,59.29
7550724,1391163,49.25
7550724,1000014,76.85
7550724,1000868,39.13
7550724,1001234,34.83
7550724,1001255,32.55
7550724,1001326,54.01
7550724,1001804,2.36
7550724,1001888,23.35
7550724,1001889,30.69
7550724,1001903,30.07
7550724,1001907,26.77
7550724,1001908,38.72
7550724,1002063,4.56
7550724,1002080,3.65
7550724,1003235,4.38
7550724,1003300,5.22
7550724,1003383,55.81
7550724,1003401,3.79
7550724,1003486,4.8
7550724,1003517,2.36
7550724,1003592,39.99
7550724,1003741,119.84
7550724,1003772,84.54
7550724,1004120,26.39
7550724,1004121,20.66
7550724,1004250,101.6
7550724,1004301,51.96
7550724,1004311,7.44
7550724,1004313,17.68
7550724,1004315,20.66
7550724,1004316,74.93
7550724,1004334,109.47
7550724,1004336,60.07
7550724,1004351,137.48
7550724,1004352,178.24
7550724,1004353,151.75
7550724,1004456,92.57
7550724,1004465,114.52
7550724,1004702,4.27
7550724,1004703,15.91
7550724,1004807,59.21
7550724,1005000,302
7550724,1005029,78.2
7550724,1005198,26.94
7550724,1005661,233.89
7550724,1006233,121.11
7550724,1006246,97.45
7550724,1006516,67.22
7550724,1006708,69.22
7550724,1006712,66.89
7550724,1007151,106.4
7550724,1007699,65.16
7550724,1007862,61.69
7550724,1007863,71.17
7550724,1008159,54.18
7550724,1008342,52.8
7550724,1008372,0.01
7550724,1008382,65.93
7550724,1008383,102.47
7550724,1008385,75.92
7550724,1008402,79.53
7550724,1008655,39.86
7550724,1008823,40.66
7550724,1008958,31.85
7550724,1009139,97.32
7550724,1009453,52.68
7550724,1009459,65.39
7550724,1009556,15.44
7550724,1009569,54.06
7550724,1009933,149.27
7550724,1010004,173.47
7550724,1010075,76.85
7550724,1010179,95.14
7550724,1010214,228.45
7550724,1010225,148.73
7550724,1010227,88.17
7550724,1010231,175.92
7550724,1010233,195.26
7550724,1010234,233.96
7550724,1010238,183.15
7550724,1010257,103.87
7550724,1010287,176.19
7550724,1010342,99.71
7550724,1010455,164.39
7550724,1010465,148.18
7550724,1010479,134.38
7550724,1010505,68.2
7550724,1010506,66.64
7550724,1010511,80.29
7550724,1010516,89.43
7550724,1010526,99.95
7550724,1010528,89.55
7550724,1010533,109.45
7550724,1010541,92.88
7550724,1010544,140.19
7550724,1010547,131.27
7550724,1010557,131.05
7550724,1010574,129.24
7550724,1010630,86.06
7550724,1010633,73.77
7550724,1010638,80.6
7550724,1010642,108.26
7550724,1010649,112.35
7550724,1010654,129.34
7550724,1010684,130.92
7550724,1010689,93.89
7550724,1010725,140.9
7550724,1010728,173.17
7550724,1010777,66.27
7550724,1010785,72.7
7550724,1010791,58.79
7550724,1010794,75.15
7550724,1010814,37.57
7550724,1010816,44.53
7550724,1010824,97.2
7550724,1010831,53.43
7550724,1010837,44.52
7550724,1010838,54.95
7550724,1010873,362.24
7550724,1010885,83.91
7550724,1010888,53.33
7550724,1010893,49.43
7550724,1010894,58.65
7550724,1010902,67.94
7550724,1010904,89.57
7550724,1010932,73.15
7550724,1010933,63.22
7550724,1010948,80.45
7550724,1010951,74.28
7550724,1010959,80.11
7550724,1010960,92.08
7550724,1010964,91.99
7550724,1010986,81.65
7550724,1010995,63.82
7550724,1010996,59.68
7550724,1010997,59.4
7550724,1010998,93.35
7550724,1010999,106.11
7550724,1011000,73.42
7550724,1011002,69.02
7550724,1011003,98.8
7550724,1011007,91.64
7550724,1011012,87.77
7550724,1011018,91.64
7550724,1011022,61.73
7550724,1011029,66.59
7550724,1011050,82.73
7550724,1011052,66.59
7550724,1011107,110.99
7550724,1011184,48.34
7550724,1011385,31.06
7550724,1011388,58.56
7550724,1011444,68.19
7550724,1011446,73.42
7550724,1011447,90.48
7550724,1011448,97.5
7550724,1011449,99.08
7550724,1011464,97.98
7550724,1011519,73.66
7550724,1011520,95.36
7550724,1011521,106.19
7550724,1011522,84.16
7550724,1011523,103.04
7550724,1011524,145.14
7550724,1011526,154.77
7550724,1011527,106.04
7550724,1011535,92.86
7550724,1011536,49.84
7550724,1011537,71.35
7550724,1011538,89.73
7550724,1011559,39.26
7550724,1011567,65.16
7550724,1011573,117.4
7550724,1011581,27.48
7550724,1011584,31.74
7550724,1011592,74.28
7550724,1011635,112.52
7550724,1011636,129.7
7550724,1011650,55.79
7550724,1011673,55.91
7550724,1011684,56.21
7550724,1011696,146.48
7550724,1011697,146.97
7550724,1011698,72.79
7550724,1011704,62.2
7550724,1011705,70.67
7550724,1011710,83.38
7550724,1011723,105.94
7550724,1011731,116.53
7550724,1011742,136.32
7550724,1011748,136.62
7550724,1011750,73.9
7550724,1011751,73.85
7550724,1011752,90.83
7550724,1011753,71.03
7550724,1011755,84.21
7550724,1011757,84.86
7550724,1011759,97.66
7550724,1011764,132.22
7550724,1011766,150.38
7550724,1011769,66.57
7550724,1011771,74.13
7550724,1011772,135.28
7550724,1011773,64.27
7550724,1011774,130.97
7550724,1011775,167.91
7550724,1011866,68.09
7550724,1011873,111.85
7550724,1011874,111.85
7550724,1011889,87.55
7550724,1011955,77.97
7550724,1011959,90.58
7550724,1011960,90.93
7550724,1011980,59.16
7550724,1011986,134.16
7550724,1011987,132.31
7550724,1011993,130.69
7550724,1011994,134.13
7550724,1012005,134.35
7550724,1012006,114.02
7550724,1012034,144.33
7550724,1012036,49.25
7550724,1012037,95.63
7550724,1012047,142.6
7550724,1012048,163.74
7550724,1012049,134.28
7550724,1012055,159
7550724,1012062,86.04
7550724,1012065,208.45
7550724,1012068,155.28
7550724,1012071,78.22
7550724,1012076,102.85
7550724,1012142,105.9
7550724,1012143,89.52
7550724,1012174,78.68
7550724,1012182,83.57
7550724,1012189,91.87
7550724,1012200,110.45
7550724,1012203,56.28
7550724,1012206,205.14
7550724,1012211,153.49
7550724,1012212,117.09
7550724,1012266,206.84
7550724,1012268,109.57
7550724,1012269,125.52
7550724,1012270,107.87
7550724,1012272,58.1
7550724,1012274,67.44
7550724,1012276,141.81
7550724,1012277,88.11
7550724,1012287,84.3
7550724,1012293,64.55
7550724,1012325,101.81
7550724,1012326,74.28
7550724,1012337,81.91
7550724,1012434,132.28
7550724,1012451,132.72
7550724,1012538,38.25
7550724,1012607,40.62
7550724,1012617,111.26
7550724,1012637,36.68
7550724,1012639,56.16
7550724,1012644,257.28
7550724,1012743,38.99
7550724,1012762,77.25
7550724,1012768,98.11
7550724,1012770,102.22
7550724,1012771,79.58
7550724,1012775,72.26
7550724,1012779,122.07
7550724,1012787,91.56
7550724,1012798,103.32
7550724,1012799,102.23
7550724,1012801,131.07
7550724,1012810,80.07
7550724,1012820,125.23
7550724,1012825,128.16
7550724,1012826,105.76
7550724,1012829,112.88
7550724,1012840,68.09
7550724,1012850,59.66
7550724,1012869,114.27
7550724,1012883,105.11
7550724,1012886,152.84
7550724,1012889,106.97
7550724,1012894,87.24
7550724,1012898,167.68
7550724,1012901,96.06
7550724,1012902,78.55
7550724,1012978,66.66
7550724,1012992,103.44
7550724,1012993,66.37
7550724,1012996,47.76
7550724,1013010,72.85
7550724,1013026,48.27
7550724,1013040,51.27
7550724,1013045,151.75
7550724,1013050,90.21
7550724,1013068,53.49
7550724,1013115,122.89
7550724,1013210,58.08
7550724,1013245,212.83
7550724,1013290,86.98
7550724,1013306,103.86
7550724,1013307,66.85
7550724,1013325,82.23
7550724,1013326,126.08
7550724,1013327,40.97
7550724,1013329,70.91
7550724,1013331,65.67
7550724,1013368,167.42
7550724,1013433,73.97
7550724,1013476,103.92
7550724,1013478,40.37
7550724,1013501,45.67
7550724,1013503,48.98
7550724,1013505,57.14
7550724,1013647,88
7550724,1013702,49.37
7550724,1013854,69.12
7550724,1013855,76.09
7550724,1013946,121.47
7550724,1013997,155.98
7550724,1014011,63.55
7550724,1014149,62.88
7550724,1014184,64.07
7550724,1014199,102.25
7550724,1014200,68.23
7550724,1014593,47.62
7550724,1014698,107.89
7550724,1014706,97.57
7550724,1014708,71.77
7550724,1014712,40.57
7550724,1014716,54.06
7550724,1014899,108.64
7550724,1014900,58.15
7550724,1014908,28.84
7550724,1014917,52.46
7550724,1014918,67.02
7550724,1014922,52.19
7550724,1014923,70.79
7550724,1014925,33.04
7550724,1014926,57.66
7550724,1014927,60.26
7550724,1014929,56.49
7550724,1014930,54.52
7550724,1014940,118.2
7550724,1015027,81.11
7550724,1015033,131.17
7550724,1015072,108.04
7550724,1015090,69.65
7550724,1015091,80.41
7550724,1015102,40.38
7550724,1015105,35.44
7550724,1015110,61.27
7550724,1015118,51.86
7550724,1015121,81.37
7550724,1015236,75.39
7550724,1015270,132.3
7550724,1015272,118.59
7550724,1015340,83.93
7550724,1015341,73.56
7550724,1015349,92.73
7550724,1015353,26.62
7550724,1015354,108.04
7550724,1015368,52.55
7550724,1015400,95.85
7550724,1015470,89.35
7550724,1015519,57.17
7550724,1015520,54.87
7550724,1015521,70.73
7550724,1015524,70.48
7550724,1015525,58.16
7550724,1015526,58.16
7550724,1015576,95.42
7550724,1015666,307.75
7550724,1015717,68.49
7550724,1015755,63.84
7550724,1015829,44.05
7550724,1015859,55.46
7550724,1015862,55.37
7550724,1015913,35.56
7550724,1015914,29.73
7550724,1015937,98.33
7550724,1015949,96.55
7550724,1015950,65.04
7550724,1015955,62.8
7550724,1016019,183.74
7550724,1016021,223.37
7550724,1016031,70.79
7550724,1016037,91.36
7550724,1016039,319.97
7550724,1016041,74.08
7550724,1016061,222.62
7550724,1016079,73.36
7550724,1016092,96.12
7550724,1016110,64.53
7550724,1016236,158.56
7550724,1016246,253.06
7550724,1016265,53.22
7550724,1016292,71.57
7550724,1016293,75.63
7550724,1016304,62.82
7550724,1016305,62.82
7550724,1016306,53.47
7550724,1016326,56.09
7550724,1016334,72.03
7550724,1016340,104.33
7550724,1016342,50.46
7550724,1016345,227.08
7550724,1016359,57.82
7550724,1016377,148.94
7550724,1016378,161.67
7550724,1016379,253.55
7550724,1016386,195.24
7550724,1016399,31.96
7550724,1016400,105.42
7550724,1016432,87.19
7550724,1016438,113.98
7550724,1016439,113.98
7550724,1016440,53.17
7550724,1016441,113.98
7550724,1016442,95.43
7550724,1016443,121.68
7550724,1016447,112.27
7550724,1016448,110
7550724,1016456,93.26
7550724,1016457,65.42
7550724,1016458,123.61
7550724,1016460,115.78
7550724,1016475,107.35
7550724,1016477,162.96
7550724,1016478,105.06
7550724,1016480,93.66
7550724,1016481,95.48
7550724,1016483,92.73
7550724,1016489,80.96
7550724,1016490,55.18
7550724,1016494,54.95
7550724,1016500,99.18
7550724,1016502,75.63
7550724,1016506,139.16
7550724,1016507,137.23
7550724,1016508,89.44
7550724,1016517,61.35
7550724,1016528,47.79
7550724,1016533,289.87
7550724,1016537,57.46
7550724,1016557,61.5
7550724,1016561,40.96
7550724,1016567,46.6
7550724,1016576,67.44
7550724,1016581,65.04
7550724,1016583,43.3
7550724,1016591,72.68
7550724,1016596,63.92
7550724,1016597,72.46
7550724,1016598,64.01
7550724,1016601,74.37
7550724,1016603,84.68
7550724,1016605,48.32
7550724,1016606,54.61
7550724,1016613,36.02
7550724,1016614,73.91
7550724,1016615,56.17
7550724,1016616,84.4
7550724,1016617,86.27
7550724,1016618,69.21
7550724,1016620,65.42
7550724,1016621,79.14
7550724,1016622,75.9
7550724,1016624,111.45
7550724,1016626,82.04
7550724,1016627,90.41
7550724,1016628,83.82
7550724,1016638,74.22
7550724,1016639,89.6
7550724,1016657,64.04
7550724,1016658,93.89
7550724,1016663,49.72
7550724,1016664,52.03
7550724,1016667,94.01
7550724,1016669,34.44
7550724,1016746,77.53
7550724,1016748,66.99
7550724,1016750,96.03
7550724,1016754,51.49
7550724,1016772,53.64
7550724,1016796,51.09
7550724,1016850,56.49
7550724,1016855,51.85
7550724,1016873,54.06
7550724,1016880,54.07
7550724,1016898,78.55
7550724,1016908,78.17
7550724,1017025,56
7550724,1017461,53.5
7550724,1017660,63.58
7550724,1017718,122.17
7550724,1017876,157.99
7550724,1017884,69.05
7550724,1018019,125.81
7550724,1018020,96.87
7550724,1018026,35.23
7550724,1018058,71.6
7550724,1018069,78.04
7550724,1018073,26.25
7550724,1018086,32.04
7550724,1018092,75.8
7550724,1018093,89.96
7550724,1018101,25.94
7550724,1018106,52.76
7550724,1018108,59.63
7550724,1018109,57.75
7550724,1018111,75.04
7550724,1018115,30.87
7550724,1018120,99.35
7550724,1018124,72.41
7550724,1018125,52.65
7550724,1018126,31.58
7550724,1018128,43.71
7550724,1018130,68.15
7550724,1018132,63.37
7550724,1018133,52.39
7550724,1018134,82.5
7550724,1018135,54.96
7550724,1018149,60.92
7550724,1018150,34.74
7550724,1018155,72.75
7550724,1018164,77.42
7550724,1018167,46.63
7550724,1018174,36.87
7550724,1018175,60.23
7550724,1018180,46.02
7550724,1018181,88.53
7550724,1018192,99.64
7550724,1018202,101.3
7550724,1018204,50.3
7550724,1018208,57.64
7550724,1018209,82.87
7550724,1018210,78.14
7550724,1018213,88.08
7550724,1018220,61.49
7550724,1018221,30.4
7550724,1018222,51.42
7550724,1018232,54.83
7550724,1018233,85.37
7550724,1018239,43.71
7550724,1018240,61.65
7550724,1018245,89.95
7550724,1018246,57.58
7550724,1018248,51.59
7550724,1018250,38.02
7550724,1018251,58.63
7550724,1018265,46.35
7550724,1018271,65.66
7550724,1018272,51.36
7550724,1018273,78.69
7550724,1018274,90.56
7550724,1018277,51.84
7550724,1018280,58.07
7550724,1018285,56.79
7550724,1018288,58.93
7550724,1018290,61.58
7550724,1018292,78.49
7550724,1018319,32.76
7550724,1018320,41.13
7550724,1018324,98.27
7550724,1018326,27.46
7550724,1018327,26.89
7550724,1018331,40.38
7550724,1018336,41.02
7550724,1018343,92.37
7550724,1018344,37.88
7550724,1018345,28.1
7550724,1018349,56.91
7550724,1018350,67.58
7550724,1018351,32.61
7550724,1018355,32.29
7550724,1018359,64.28
7550724,1018364,69.54
7550724,1018365,40.64
7550724,1018369,30.37
7550724,1018378,14.52
7550724,1018384,38.15
7550724,1018388,17.47
7550724,1018391,17.84
7550724,1018396,24.13
7550724,1018397,24.89
7550724,1018400,26.37
7550724,1018401,29.95
7550724,1018402,22.47
7550724,1018405,20.22
7550724,1018406,20.14
7550724,1018409,39.38
7550724,1018410,24.2
7550724,1018413,27.64
7550724,1018421,22.54
7550724,1018422,22.74
7550724,1018425,29.68
7550724,1018426,41.76
7550724,1018428,25.82
7550724,1018429,25.57
7550724,1018434,24.73
7550724,1018435,24.84
7550724,1018436,22.77
7550724,1018437,20.85
7550724,1018438,30.94
7550724,1018441,41.46
7550724,1018444,30.37
7550724,1018447,29.8
7550724,1018448,33.37
7550724,1018449,12.49
7550724,1018450,67.5
7550724,1018452,62.28
7550724,1018453,27.22
7550724,1018454,74.48
7550724,1018458,33.41
7550724,1018460,26.26
7550724,1018462,20.27
7550724,1018466,40.59
7550724,1018468,48.8
7550724,1018471,76.73
7550724,1018475,42.57
7550724,1018483,111.04
7550724,1018485,130.81
7550724,1018486,79.1
7550724,1018494,29.24
7550724,1018497,36.69
7550724,1018501,94.25
7550724,1018521,35.4
7550724,1018528,48.84
7550724,1018532,105.76
7550724,1018538,99.22
7550724,1018541,108.3
7550724,1018549,77.16
7550724,1018557,102.04
7550724,1018558,103.94
7550724,1018569,74.83
7550724,1018571,86.87
7550724,1018580,88.86
7550724,1018584,110.17
7550724,1018585,110.82
7550724,1018590,106.74
7550724,1018591,138.77
7550724,1018592,98.43
7550724,1018593,97.34
7550724,1018594,102.42
7550724,1018619,58.67
7550724,1018621,90.32
7550724,1018627,87.88
7550724,1018637,101.03
7550724,1018644,114.54
7550724,1018650,62.38
7550724,1018678,55.77
7550724,1018682,39.43
7550724,1018684,51.89
7550724,1018686,47.94
7550724,1018689,43.06
7550724,1018693,49.92
7550724,1018700,63.92
7550724,1018712,74.42
7550724,1018732,28.24
7550724,1018734,36.33
7550724,1018742,30.29
7550724,1018768,56.56
7550724,1018789,24.5
7550724,1018806,27.99
7550724,1018810,68.82
7550724,1018811,60.25
7550724,1018813,34.78
7550724,1018821,42.97
7550724,1018828,88.46
7550724,1018834,30.29
7550724,1018850,85.38
7550724,1018873,47.07
7550724,1018885,43.59
7550724,1018894,39.5
7550724,1018899,43.72
7550724,1018900,46.42
7550724,1018901,41.58
7550724,1018914,61.1
7550724,1018923,36.5
7550724,1018928,62.21
7550724,1019006,62.56
7550724,1019008,47.07
7550724,1019015,50.28
7550724,1019021,50.28
7550724,1019030,28.34
7550724,1019034,39.84
7550724,1019068,57.1
7550724,1019069,57.1
7550724,1019071,57.1
7550724,1019077,59.17
7550724,1019228,130.76
7550724,1019248,102.86
7550724,1019261,61.57
7550724,1019265,75
7550724,1019291,159.44
7550724,1019375,115.43
7550724,1019376,56.51
7550724,1019377,63.53
7550724,1019411,149.9
7550724,1019445,48.26
7550724,1019455,58.18
7550724,1019456,166.95
7550724,1019489,70.56
7550724,1019490,32.84
7550724,1019491,25.98
7550724,1019492,35.98
7550724,1019601,71.75
7550724,1019713,102.62
7550724,1019762,231.76
7550724,1019763,154.3
7550724,1019764,178.43
7550724,1019765,49.2
7550724,1019766,68.92
7550724,1019769,67.71
7550724,1019782,79.1
7550724,1019783,66.82
7550724,1019785,88.02
7550724,1019801,47
7550724,1019802,89.09
7550724,1019807,47
7550724,1019811,61.04
7550724,1019823,41.29
7550724,1019858,71.41
7550724,1019886,28.82
7550724,1019888,26.44
7550724,1019895,232.99
7550724,1019933,29.26
7550724,1019937,24.19
7550724,1019939,30.03
7550724,1019940,30.02
7550724,1019946,24.19
7550724,1019970,66.66
7550724,1019979,81.14
7550724,1020044,138.25
7550724,1020047,110.17
7550724,1020107,86.99
7550724,1020113,88.25
7550724,1020114,105.46
7550724,1020117,97.22
7550724,1020121,130.65
7550724,1020124,78.86
7550724,1020125,81.98
7550724,1020126,85.8
7550724,1020127,75.81
7550724,1020128,82.7
7550724,1020135,110.01
7550724,1020136,82.7
7550724,1020138,85.54
7550724,1020147,115.2
7550724,1020150,125.14
7550724,1020153,106.28
7550724,1020158,50.86
7550724,1020161,153.88
7550724,1020162,38.07
7550724,1020164,42.29
7550724,1020165,42.29
7550724,1020166,22.46
7550724,1020167,24.89
7550724,1020187,91.87
7550724,1020195,59.03
7550724,1020217,98.43
7550724,1020218,99.8
7550724,1020246,96.9
7550724,1020277,37.4
7550724,1020319,94.48
7550724,1020327,60.18
7550724,1020360,193.39
7550724,1020361,386.06
7550724,1020362,267.76
7550724,1020374,144.52
7550724,1020375,105.84
7550724,1020376,105.84
7550724,1020377,54.45
7550724,1020380,77.98
7550724,1020382,96.77
7550724,1020384,75.81
7550724,1020389,78.86
7550724,1020395,122.05
7550724,1020397,157.43
7550724,1020415,72.71
7550724,1020417,53.63
7550724,1020419,37.56
7550724,1020427,114.98
7550724,1020436,55.04
7550724,1020437,42.72
7550724,1020442,91.29
7550724,1020469,46.13
7550724,1020472,69.29
7550724,1020557,46.59
7550724,1020575,57.88
7550724,1020597,74.42
7550724,1020713,110.53
7550724,1020718,118.11
7550724,1020726,31.11
7550724,1020727,31.11
7550724,1020728,28.26
7550724,1020729,28.26
7550724,1020730,30.17
7550724,1020731,30.17
7550724,1020742,106.45
7550724,1020749,37.74
7550724,1020761,44.12
7550724,1020762,37.74
7550724,1020763,53.58
7550724,1020764,96.81
7550724,1020770,67.63
7550724,1020772,30.17
7550724,1020773,30.17
7550724,1020774,28.26
7550724,1020775,28.26
7550724,1020776,76.43
7550724,1020777,76.43
7550724,1020803,21.47
7550724,1020804,21.47
7550724,1020805,22.91
7550724,1020806,22.91
7550724,1020811,58.05
7550724,1020821,29.3
7550724,1020823,72.59
7550724,1020833,44.93
7550724,1020836,26.02
7550724,1020837,100.72
7550724,1020844,93.2
7550724,1020854,41
7550724,1020860,116.15
7550724,1020865,57.76
7550724,1020866,128.59
7550724,1020867,54.25
7550724,1020868,63.94
7550724,1020956,154.38
7550724,1020979,77.54
7550724,1021004,51.26
7550724,1021017,404.74
7550724,1021085,34.29
7550724,1021104,28.68
7550724,1021150,105.82
7550724,1021203,66.14
7550724,1021205,93.2
7550724,1021206,88.37
7550724,1021214,89.66
7550724,1021250,54.53
7550724,1021252,112.32
7550724,1021256,89.23
7550724,1021262,151.37
7550724,1021275,48.26
7550724,1021281,107.48
7550724,1021283,59.57
7550724,1021284,77.95
7550724,1021288,120.91
7550724,1021298,60.99
7550724,1021300,64.33
7550724,1021303,77.54
7550724,1021304,77.54
7550724,1021305,64.18
7550724,1021307,70.98
7550724,1021313,89.1
7550724,1021314,51.26
7550724,1021318,51.26
7550724,1021319,198.8
7550724,1021321,77.54
7550724,1021325,70.82
7550724,1021339,153.8
7550724,1021348,194.41
7550724,1021352,322.99
7550724,1021388,36.16
7550724,1021429,82.52
7550724,1021431,135.91
7550724,1021457,52.65
7550724,1021459,53.49
7550724,1021466,71.89
7550724,1021496,92.43
7550724,1021512,47.93
7550724,1021522,360.53
7550724,1021526,57.67
7550724,1021531,310.72
7550724,1021584,77.42
7550724,1021587,86.75
7550724,1021588,73.88
7550724,1021717,53.09
7550724,1021718,62.22
7550724,1021724,51.26
7550724,1021769,133.51
7550724,1021815,58.75
7550724,1021818,78.12
7550724,1021820,57.18
7550724,1021822,119.29
7550724,1021864,66.83
7550724,1021867,140.03
7550724,1021959,50.38
7550724,1021996,192.07
7550724,1021997,152.24
7550724,1021998,78.34
7550724,1022022,76.1
7550724,1022116,229.73
7550724,1022135,64.09
7550724,1022148,140.27
7550724,1022235,36.16
7550724,1022236,82.57
7550724,1022297,29.02
7550724,1022298,31.83
7550724,1022320,33.4
7550724,1022326,82.26
7550724,1022357,51.26
7550724,1022358,25.21
7550724,1022375,155.73
7550724,1022389,46.9
7550724,1022419,21.42
7550724,1022420,51.76
7550724,1022428,56.64
7550724,1022429,205.47
7550724,1022431,96.22
7550724,1022433,96.22
7550724,1022434,96.22
7550724,1022439,96.22
7550724,1022440,96.22
7550724,1022441,96.22
7550724,1022443,96.22
7550724,1022444,96.22
7550724,1022447,96.22
7550724,1022449,96.22
7550724,1022450,96.22
7550724,1022452,96.22
7550724,1022454,96.22
7550724,1022455,96.22
7550724,1022473,41.23
7550724,1022484,102.31
7550724,1022485,95.44
7550724,1022498,73.74
7550724,1022500,85.25
7550724,1022501,95.54
7550724,1022504,30.58
7550724,1022514,131.74
7550724,1022545,39.8
7550724,1022554,95.44
7550724,1022625,30.58
7550724,1022695,95.92
7550724,1022715,62.07
7550724,1022732,122.23
7550724,1022733,73.08
7550724,1022734,122.23
7550724,1022740,41.43
7550724,1022759,76.84
7550724,1022769,87.57
7550724,1022784,140.61
7550724,1022786,55.12
7550724,1022814,72.47
7550724,1022816,79.04
7550724,1022833,18.83
7550724,1022838,43.96
7550724,1022840,68.23
7550724,1022982,57.35
7550724,1022996,96.22
7550724,1023033,147.92
7550724,1023034,91.27
7550724,1023035,128.17
7550724,1023036,63.11
7550724,1023038,51.54
7550724,1023039,64.72
7550724,1023040,64.72
7550724,1023041,76.01
7550724,1023043,64.72
7550724,1023044,64.72
7550724,1023051,105.65
7550724,1023052,153.38
7550724,1023059,116.11
7550724,1023065,116.24
7550724,1023070,64.72
7550724,1023083,122.23
7550724,1023085,34.56
7550724,1023107,81.32
7550724,1023113,78.56
7550724,1023117,52.65
7550724,1023118,95.44
7550724,1023155,81.83
7550724,1023166,0.01
7550724,1023169,63.11
7550724,1023172,88.1
7550724,1023174,0.01
7550724,1023179,52.03
7550724,1023198,73.37
7550724,1023210,53.05
7550724,1023211,65.32
7550724,1023213,34.04
7550724,1023232,125.75
7550724,1023247,39.51
7550724,1023248,58.28
7550724,1023249,49.21
7550724,1023298,125.75
7550724,1023301,126.06
7550724,1023331,101.07
7550724,1023348,54.78
7550724,1023354,53.55
7550724,1023355,38.3
7550724,1023358,31.34
7550724,1023365,0.01
7550724,1023366,39.9
7550724,1023407,42.9
7550724,1023422,42.73
7550724,1023431,40.72
7550724,1023439,40.31
7550724,1023451,42.54
7550724,1023462,0.01
7550724,1023467,56.05
7550724,1023494,40.85
7550724,1023523,31.34
7550724,1023543,0.01
7550724,1023545,0.01
7550724,1023589,0.01
7550724,1023590,0.01
7550724,1023645,25.96
7550724,1023646,23.95
7550724,1023656,20.03
7550724,1023666,31.75
7550724,1023667,31.75
7550724,1023674,22.18
7550724,1023718,250.68
7550724,1023729,26.55
7550724,1023746,119.24
7550724,1023787,33.19
7550724,1023862,0.01
7550724,1023871,49.51
7550724,1023872,48.49
7550724,1023913,59.68
7550724,1023935,51.74
7550724,1023940,73.67
7550724,1023969,19.91
7550724,1024044,24.69
7550724,1024115,53.23
7550724,1024138,45.5
7550724,1024213,60.82
7550724,1024263,42.9
7550724,1024269,32.02
7550724,1024270,46.41
7550724,1024373,54.72
7550724,1024412,43.95
7550724,1024419,30.28
7550724,1024424,28.43
7550724,1024425,27.13
7550724,1024571,25.24
7550724,1024575,43.7
7550724,1024579,37.53
7550724,1024589,62.85
7550724,1024594,38.98
7550724,1024606,33.99
7550724,1024808,51.02
7550724,1024896,27.26
7550724,1024935,0.01
7550724,1024936,0.01
7550724,1024938,0.01
7550724,1024940,0.01
7550724,1024967,106.37
7550724,1025019,45.11
7550724,1025025,71.47
7550724,1025056,50.64
7550724,1025197,24.7
7550724,1025199,49.43
7550724,1025235,27.74
7550724,1025243,39.18
7550724,1025416,54.83
7550724,1025423,40.48
7550724,1025424,40.82
7550724,1025657,30.07
7550724,1025686,38.83
7550724,1025729,18.48
7550724,1025732,58.45
7550724,1025733,40.43
7550724,1025734,37.69
7550724,1025735,49.52
7550724,1025736,34.15
7550724,1025737,39.73
7550724,1025746,39.27
7550724,1025790,46.87
7550724,1025815,46.78
7550724,1025945,60.55
7550724,1025946,58.47
7550724,1025970,46.75
7550724,1025976,43.58
7550724,1025977,59.94
7550724,1025990,55.99
7550724,1026128,59.89
7550724,1026166,0.01
7550724,1026167,0.01
7550724,1026168,0.01
7550724,1026188,20.69
7550724,1026190,36.91
7550724,1026191,55.97
7550724,1026192,47.57
7550724,1026249,0.01
7550724,1026994,71.35
7550724,1026999,8.05
7550724,1027321,35.64
7550724,1027640,73.21
7550724,1027780,39.88
7550724,1027939,31.39
7550724,1028021,46.71
7550724,1028106,58.41
7550724,1028374,43.62
7550724,1028816,81.83
7550724,1028986,61.16
7550724,1028991,45.31
7550724,1028994,86.95
7550724,1028996,18.04
7550724,1028999,44.52
7550724,1029007,18.84
7550724,1029015,132.78
7550724,1029016,92.16
7550724,1029020,54.64
7550724,1029032,82.25
7550724,1029033,92.16
7550724,1029042,18.04
7550724,1029044,16.77
7550724,1029045,140.98
7550724,1029046,125.45
7550724,1029047,120.01
7550724,1029062,92.16
7550724,1029063,18.04
7550724,1029064,92.16
7550724,1029067,18.04
7550724,1029068,92.16
7550724,1029069,92.16
7550724,1029077,92.16
7550724,1029079,92.16
7550724,1029085,70.65
7550724,1029086,70.65
7550724,1029094,92.16
7550724,1029107,140.98
7550724,1029110,92.16
7550724,1029111,92.16
7550724,1029117,82.25
7550724,1029120,92.17
7550724,1029122,92.16
7550724,1029128,140.98
7550724,1029129,140.98
7550724,1029135,92.16
7550724,1029136,92.16
7550724,1029141,92.16
7550724,1029142,92.16
7550724,1029144,92.16
7550724,1029146,92.16
7550724,1029147,92.16
7550724,1029161,140.98
7550724,1029168,92.16
7550724,1029170,86.95
7550724,1029172,92.16
7550724,1029174,92.16
7550724,1029179,96.52
7550724,1029180,134.44
7550724,1029189,45.31
7550724,1029190,122.75
7550724,1029205,45.31
7550724,1029206,61.46
7550724,1029207,61.46
7550724,1029208,143.75
7550724,1029223,89.46
7550724,1029224,57.69
7550724,1029248,125.45
7550724,1029270,46.23
7550724,1029272,107.08
7550724,1029275,183.15
7550724,1029278,143.47
7550724,1029279,143.47
7550724,1029280,56.72
7550724,1029281,45.31
7550724,1029282,33.01
7550724,1029284,51.03
7550724,1029285,67.97
7550724,1029287,153.89
7550724,1029304,61.46
7550724,1029307,143.75
7550724,1029308,135.6
7550724,1029319,63.12
7550724,1029340,124.45
7550724,1029356,64.61
7550724,1029360,18.04
7550724,1029475,13.2
7550724,1029476,27.88
7550724,1029480,283.79
7550724,1029484,98.78
7550724,1029490,133.05
7550724,1029504,201.89
7550724,1029510,209.04
7550724,1029527,69.67
7550724,1029528,52.47
7550724,1029542,85.47
7550724,1029595,21.06
7550724,1029604,143.42
7550724,1029613,19.11
7550724,1029615,103.29
7550724,1029618,320.48
7550724,1029634,90.36
7550724,1029692,161.45
7550724,1029694,31.55
7550724,1029695,59.5
7550724,1029696,54.78
7550724,1029697,49.3
7550724,1029700,34.55
7550724,1029701,67.89
7550724,1029704,41.22
7550724,1029705,11.85
7550724,1029711,86.82
7550724,1029725,92.05
7550724,1029727,86.82
7550724,1029735,92.05
7550724,1029737,92.05
7550724,1029738,66.34
7550724,1029747,77.87
7550724,1029759,68.76
7550724,1029765,68.78
7550724,1029768,68.78
7550724,1029769,53.74
7550724,1029770,68.76
7550724,1029772,68.76
7550724,1029774,68.76
7550724,1029778,72.92
7550724,1029780,95.11
7550724,1029785,68.76
7550724,1029786,90
7550724,1029796,86.82
7550724,1029797,68.64
7550724,1029803,68.64
7550724,1029817,68.64
7550724,1029835,50.7
7550724,1029837,53.74
7550724,1029839,50.7
7550724,1029842,53.74
7550724,1029844,53.74
7550724,1029846,50.7
7550724,1029848,50.7
7550724,1029852,50.7
7550724,1029856,50.7
7550724,1029858,53.74
7550724,1029861,50.7
7550724,1029863,53.74
7550724,1029864,53.74
7550724,1029866,53.74
7550724,1029867,60.43
7550724,1029871,44.57
7550724,1029874,34.68
7550724,1029876,31.22
7550724,1029877,43.38
7550724,1029878,36.39
7550724,1029896,60.19
7550724,1029897,66.34
7550724,1029916,148.88
7550724,1029917,137.38
7550724,1029919,66.74
7550724,1029920,65.62
7550724,1029922,65.62
7550724,1029923,87.12
7550724,1029946,74.94
7550724,1029947,80.79
7550724,1029955,44.57
7550724,1029956,44.57
7550724,1029957,44.57
7550724,1029960,80.79
7550724,1029961,80.79
7550724,1029964,80.79
7550724,1029965,80.79
7550724,1029966,80.79
7550724,1029968,80.79
7550724,1029969,80.79
7550724,1029994,53.74
7550724,1029995,53.74
7550724,1030007,80.79
7550724,1030039,125.1
7550724,1030040,125.1
7550724,1030041,118.57
7550724,1030099,80.79
7550724,1030100,80.79
7550724,1030101,80.79
7550724,1030102,80.79
7550724,1030108,148.88
7550724,1030109,44.57
7550724,1030110,44.57
7550724,1030111,44.57
7550724,1030146,87.14
7550724,1030178,44.57
7550724,1030188,65.82
7550724,1030219,50.7
7550724,1030221,90.6
7550724,1030223,53.74
7550724,1030226,44.57
7550724,1030229,44.57
7550724,1030231,44.57
7550724,1030232,44.57
7550724,1030241,85.47
7550724,1030250,90.6
7550724,1030294,80.79
7550724,1030339,86.82
7550724,1030358,32.58
7550724,1030409,44.57
7550724,1030411,44.57
7550724,1030416,174.94
7550724,1030422,90
7550724,1030465,159.1
7550724,1030469,86.82
7550724,1030475,95.27
7550724,1030603,41.83
7550724,1030604,41.83
7550724,1030655,41.83
7550724,1030896,62.99
7550724,1030970,30.31
7550724,1031141,27.31
7550724,1031142,24.46
7550724,1031143,25.16
7550724,1031426,17.85
7550724,1031435,22.45
7550724,1031436,22.39
7550724,1031437,20.81
7550724,1031438,22.16
7550724,1031499,65.89
7550724,1031500,61.01
7550724,1031501,50
7550724,1031503,64.72
7550724,1031504,60.76
7550724,1031505,49.3
7550724,1031507,63.74
7550724,1031508,65.42
7550724,1031511,63.81
7550724,1031547,70.37
7550724,1031549,71.52
7550724,1031551,69.15
7550724,1032641,93.75
7550724,1032751,35.75
7550724,1032752,26.97
7550724,1032754,32.96
7550724,1032755,32.21
7550724,1032763,30.43
7550724,1032777,93.75
7550724,1032950,97.58
7550724,1033154,26.6
7550724,1033518,88.19
7550724,1034383,21.83
7550724,1034388,42.54
7550724,1034389,53.95
7550724,1039867,126.7
7550724,1039892,94.33
7550724,1039894,119.07
7550724,1039899,79.69
7550724,1039901,89.49
7550724,1039903,106.19
7550724,1039909,63.53
7550724,1040059,59.17
7550724,1040060,105.58
7550724,1040061,56.15
7550724,1040069,101.71
7550724,1040078,82.47
7550724,1040079,89.91
7550724,1040080,53.18
7550724,1040092,93.18
7550724,1040120,75.82
7550724,1040183,90.15
7550724,1040203,70.13
7550724,1040241,109.64
7550724,1040248,130.33
7550724,1040252,46.53
7550724,1040253,36.06
7550724,1040254,46.59
7550724,1040255,38.36
7550724,1040276,54.71
7550724,1040277,44.23
7550724,1040454,98.2
7550724,1040460,57.84
7550724,1040465,55.66
7550724,1040469,49.74
7550724,1040481,72.67
7550724,1040495,154.41
7550724,1040535,130.09
7550724,1040537,99.59
7550724,1040557,120.5
7550724,1040588,120.5
7550724,1040589,120.5
7550724,1040798,72.85
7550724,1041066,126.21
7550724,1041076,174.8
7550724,1041215,159.85
7550724,1041231,70.79
7550724,1041236,34.97
7550724,1041279,74.52
7550724,1041288,15.99
7550724,1041319,85.74
7550724,1042657,16.88
7550724,1042666,109.39
7550724,1042673,172.02
7550724,1042675,172.02
7550724,1042785,57
7550724,1042842,86.89
7550724,1043125,185.69
7550724,1043133,188.96
7550724,1043171,33.58
7550724,1043174,80.17
7550724,1043261,177.88
7550724,1043269,108.12
7550724,1043308,95.36
7550724,1043312,124.16
7550724,1043316,162.21
7550724,1043332,62.14
7550724,1043363,169.17
7550724,1043367,169.17
7550724,1043399,82.23
7550724,1043401,85.13
7550724,1043403,130.93
7550724,1043454,185.69
7550724,1043461,57.24
7550724,1043467,48.4
7550724,1043661,23.29
7550724,1043662,39.87
7550724,1043981,25.36
7550724,1043983,24.61
7550724,1043985,23.67
7550724,1043986,23.23
7550724,1043989,35.6
7550724,1043990,30.08
7550724,1044047,39.49
7550724,1044050,30.08
7550724,1044051,30.08
7550724,1044053,32.52
7550724,1044054,39.57
7550724,1044056,27.54
7550724,1044058,13.63
7550724,1044059,38.24
7550724,1044060,39.07
7550724,1044064,19.1
7550724,1044068,24.69
7550724,1044069,34.57
7550724,1044070,19.06
7550724,1044073,28.23
7550724,1044074,40.37
7550724,1044075,19.19
7550724,1044076,25.47
7550724,1044080,22.3
7550724,1044084,26.36
7550724,1044445,139.52
7550724,1044455,108
7550724,1044457,46.08
7550724,1044470,140.19
7550724,1044475,41.02
7550724,1044532,85.74
7550724,1044593,159.85
7550724,1044605,30.07
7550724,1044676,28.24
7550724,1044722,43.82
7550724,1044723,57.56
7550724,1044724,42.26
7550724,1044837,85.74
7550724,1044847,41.58
7550724,1044877,58.22
7550724,1044878,56.09
7550724,1044894,63.95
7550724,1044903,92.39
7550724,1045602,41.02
7550724,1045693,20.78
7550724,1045818,29.85
7550724,1045861,46.29
7550724,1045908,43.56
7550724,1045997,29.53
7550724,1045998,43.14
7550724,1045999,57.84
7550724,1046037,24.3
7550724,1046088,64.2
7550724,1046130,38.74
7550724,1046156,88.52
7550724,1046158,66.01
7550724,1046165,74.06
7550724,1046179,121.31
7550724,1046206,38.74
7550724,1046265,40.96
7550724,1046268,50.22
7550724,1046269,72.48
7550724,1046270,80.59
7550724,1046274,78.17
7550724,1046291,241.41
7550724,1046314,19.94
7550724,1046319,24.89
7550724,1046660,24.31
7550724,1046949,64.21
7550724,1047505,99.83
7550724,1047684,12.44
7550724,1047695,12.61
7550724,1047697,11.46
7550724,1047702,9.16
7550724,1047706,37.31
7550724,1047713,13.76
7550724,1047716,32.59
7550724,1047729,16.8
7550724,1047730,28.56
7550724,1047749,13.31
7550724,1047781,31.22
7550724,1047789,32.2
7550724,1047908,39.23
7550724,1047910,36.71
7550724,1047911,40.15
7550724,1047970,26.49
7550724,1047971,28.36
7550724,1047975,33.36
7550724,1047978,35.94
7550724,1048086,20.47
7550724,1048094,19.3
7550724,1048097,13.75
7550724,1048102,28.27
7550724,1048108,20.5
7550724,1048111,22.93
7550724,1048114,33
7550724,1048115,41.22
7550724,1048119,21.25
7550724,1048140,31.26
7550724,1048141,14.68
7550724,1048148,17.85
7550724,1048151,24.71
7550724,1048166,25.11
7550724,1048169,34.6
7550724,1048183,44.92
7550724,1048214,13.78
7550724,1048215,20.9
7550724,1048216,29.79
7550724,1048221,38.81
7550724,1048227,49.97
7550724,1048228,78.34
7550724,1048232,63.7
7550724,1048233,104.36
7550724,1048238,90.37
7550724,1048523,115.98
7550724,1048531,71.67
7550724,1048532,81.5
7550724,1048533,81.33
7550724,1048534,79.95
7550724,1048548,57.53
7550724,1048550,64.97
7550724,1048552,78.5
7550724,1048554,85.4
7550724,1048557,72.98
7550724,1048613,76.42
7550724,1048618,29.09
7550724,1048626,35.11
7550724,1048682,29.62
7550724,1048693,38.4
7550724,1048707,53.12
7550724,1048717,71.55
7550724,1048760,126.13
7550724,1048857,114.39
7550724,1048895,61.26
7550724,1048942,157.49
7550724,1049016,44.4
7550724,1049018,88.83
7550724,1049039,110.91
7550724,1049040,169.17
7550724,1049042,136.5
7550724,1049046,71.03
7550724,1049063,62.8
7550724,1049065,73.56
7550724,1049075,146.6
7550724,1049079,103.84
7550724,1049086,146.6
7550724,1049101,31.86
7550724,1049103,56.4
7550724,1049124,96.92
7550724,1049132,51.66
7550724,1049139,107.49
7550724,1049191,81.55
7550724,1049192,67.67
7550724,1049194,97.06
7550724,1049197,162.73
7550724,1049198,248.47
7550724,1049201,112.27
7550724,1049204,48.25
7550724,1049316,66.86
7550724,1049327,118.74
7550724,1049328,39.34
7550724,1049329,60.89
7550724,1049356,125.77
7550724,1049358,116.45
7550724,1049370,94.65
7550724,1049378,66.94
7550724,1049397,87.62
7550724,1049404,67.25
7550724,1049410,50.03
7550724,1049417,149.9
7550724,1049423,106.82
7550724,1049430,75
7550724,1049523,160.79
7550724,1049525,27.02
7550724,1049592,111.78
7550724,1049691,187.36
7550724,1049710,81.62
7550724,1049712,84.89
7550724,1049714,76.73
7550724,1049808,61.57
7550724,1049809,30.08
7550724,1049823,71.43
7550724,1049824,48.22
7550724,1049826,99.3
7550724,1050044,203.99
7550724,1050045,79.95
7550724,1050048,58.74
7550724,1050094,211.43
7550724,1050244,43.52
7550724,1050323,48.74
7550724,1050343,45.84
7550724,1050345,45.78
7550724,1050347,56.22
7550724,1050366,50.96
7550724,1050368,97.38
7550724,1050487,80.59
7550724,1050496,86.06
7550724,1050497,109.9
7550724,1060150,66.05
7550724,1060178,44.04
7550724,1060185,29.13
7550724,1060532,49.51
7550724,1065007,62.22
7550724,1066455,33.01
7550724,1066461,33.01
7550724,1066466,19.81
7550724,1066471,46.17
7550724,1066473,47.99
7550724,1066475,30.82
7550724,1066476,55.51
7550724,1066477,55.51
7550724,1066479,68.54
7550724,1066481,68.54
7550724,1066483,42
7550724,1066485,67
7550724,1066486,67
7550724,1066488,87.35
7550724,1066489,92.17
7550724,1066494,98.88
7550724,1066503,95.05
7550724,1067028,6.4
7550724,1069420,65.1
7550724,1069426,53.47
7550724,1070661,17.04
7550724,1070742,7.99
7550724,1071051,15.59
7550724,1071055,6.56
7550724,1071057,5.02
7550724,1072157,71.55
7550724,1072282,15.59
7550724,1072370,8.69
7550724,1072372,10.32
7550724,1072410,3.12
7550724,1072417,15.59
7550724,1072799,8.1
7550724,1072976,20.93
7550724,1072982,7.18
7550724,1073004,7.55
7550724,1073067,15.59
7550724,1073190,8.1
7550724,1073359,12.46
7550724,1073587,7.37
7550724,1073634,5.84
7550724,1073779,110.65
7550724,1073922,15.59
7550724,1074181,13.66
7550724,1074190,3.19
7550724,1074198,27.89
7550724,1074250,110.8
7550724,1074252,2.12
7550724,1074258,69.18
7550724,1074260,91.62
7550724,1074265,68.82
7550724,1074279,4.82
7550724,1074288,18.7
7550724,1074289,10.46
7550724,1074290,11.5
7550724,1074302,15.44
7550724,1074303,5.09
7550724,1074331,6.04
7550724,1074337,11.06
7550724,1074374,105.91
7550724,1074378,12.66
7550724,1074381,163.94
7550724,1074385,13.66
7550724,1074495,12.52
7550724,1074536,16.32
7550724,1074549,6.69
7550724,1074587,13.66
7550724,1074619,13.66
7550724,1075224,12.4
7550724,1075551,6.32
7550724,1075725,1.17
7550724,1076192,20.02
7550724,1076204,8.65
7550724,1076284,15.49
7550724,1076303,8.18
7550724,1076310,11.16
7550724,1076359,77.83
7550724,1076508,19.24
7550724,1076509,29.1
7550724,1076516,18.91
7550724,1076526,12.56
7550724,1076534,27.28
7550724,1076553,10.48
7550724,1076641,19.93
7550724,1076673,12.25
7550724,1076684,7.51
7550724,1076692,5.7
7550724,1076709,186.6
7550724,1076724,8.63
7550724,1076731,125.97
7550724,1076823,9.48
7550724,1076846,4.62
7550724,1076884,257.24
7550724,1076896,10.18
7550724,1076906,14.33
7550724,1076912,20.04
7550724,1076917,6.26
7550724,1076922,18.95
7550724,1076927,18.79
7550724,1076973,13.82
7550724,1076985,33.51
7550724,1077011,5.35
7550724,1077035,24.35
7550724,1077042,14.47
7550724,1077050,19.23
7550724,1077076,10.09
7550724,1077252,29.8
7550724,1077266,7.53
7550724,1077267,13.2
7550724,1077271,9.74
7550724,1077286,18.74
7550724,1077291,38.19
7550724,1077302,19.26
7550724,1077349,10.09
7550724,1077389,21.99
7550724,1077391,19.19
7550724,1077393,33.51
7550724,1077394,13.44
7550724,1077531,18.95
7550724,1077713,7.32
7550724,1077731,15.92
7550724,1077755,3.47
7550724,1077760,6.68
7550724,1077774,15.15
7550724,1077775,15.77
7550724,1077778,5.36
7550724,1077783,13.12
7550724,1077809,21.25
7550724,1077856,22.25
7550724,1077872,11.18
7550724,1077873,30.3
7550724,1077905,10.25
7550724,1078073,48.32
7550724,1078118,3.61
7550724,1078120,4.32
7550724,1078126,23.15
7550724,1078128,9.64
7550724,1078161,6.74
7550724,1078162,10.87
7550724,1078163,7.9
7550724,1078169,2.57
7550724,1078181,23.39
7550724,1078206,5.98
7550724,1078209,8.97
7550724,1078226,7.1
7550724,1078229,9.44
7550724,1078296,1.5
7550724,1078297,5.6
7550724,1078311,9.23
7550724,1078316,7.03
7550724,1078341,6.64
7550724,1078344,2.36
7550724,1078366,12.78
7550724,1078367,7.66
7550724,1078370,1.34
7550724,1078371,14.74
7550724,1078394,6.56
7550724,1078433,14.09
7550724,1078439,3.01
7550724,1078593,12.46
7550724,1078596,25.58
7550724,1078664,17.87
7550724,1078707,5.28
7550724,1078748,6.87
7550724,1078749,7.33
7550724,1078752,43.89
7550724,1078753,31.35
7550724,1078757,23.73
7550724,1078760,21.78
7550724,1078763,5.57
7550724,1078773,12.23
7550724,1078776,21.13
7550724,1078786,22.3
7550724,1078791,24.92
7550724,1078800,24.92
7550724,1078813,24.3
7550724,1078817,24.35
7550724,1078873,17.33
7550724,1078910,6.85
7550724,1078971,7.03
7550724,1078987,24.69
7550724,1078997,11.12
7550724,1078999,26.89
7550724,1079008,13.77
7550724,1079010,16.7
7550724,1079013,16.36
7550724,1079030,6.86
7550724,1079044,6.85
7550724,1079049,3.92
7550724,1079051,10.01
7550724,1079065,7.88
7550724,1079071,12.17
7550724,1079072,18.82
7550724,1079172,5.11
7550724,1079192,5.34
7550724,1079193,19.52
7550724,1079212,14.3
7550724,1079213,8.7
7550724,1079225,3.67
7550724,1079237,3.55
7550724,1079242,36.85
7550724,1079243,36.85
7550724,1079258,28.78
7550724,1079259,13.36
7550724,1079260,11.77
7550724,1079286,3.7
7550724,1079287,29.47
7550724,1079351,77.81
7550724,1079610,22
7550724,1079826,24.48
7550724,1079881,13.48
7550724,1079909,3.91
7550724,1080069,19.42
7550724,1080121,28.78
7550724,1080374,21
7550724,1080496,12.68
7550724,1080511,32.15
7550724,1080559,14.48
7550724,1080566,14.46
7550724,1080610,23.34
7550724,1080628,17.74
7550724,1080911,13.83
7550724,1080964,17.68
7550724,1081008,17.68
7550724,1081035,22
7550724,1081403,5.7
7550724,1081404,17.07
7550724,1081413,14.62
7550724,1081421,12.54
7550724,1081428,19.76
7550724,1081433,8.82
7550724,1081480,26.95
7550724,1081719,12.68
7550724,1081908,5.43
7550724,1081939,26.59
7550724,1082087,5.25
7550724,1082236,26.1
7550724,1082571,11.02
7550724,1082777,22
7550724,1083079,35
7550724,1083885,31.41
7550724,1093517,0.01
7550724,1093519,0.01
7550724,1093582,8.13
7550724,1093592,91.3
7550724,1115214,95.44
7550724,1115215,95.44
7550724,1115238,17.22
7550724,1115271,16.71
7550724,1115276,16.71
7550724,1115292,5.03
7550724,1115295,9.71
7550724,1115306,1.61
7550724,1115332,11.5
7550724,1115361,8.04
7550724,1115362,3.67
7550724,1115398,15.17
7550724,1115416,46.03
7550724,1115442,14.13
7550724,1115444,54.77
7550724,1115445,15.49
7550724,1115465,24.46
7550724,1115482,103.97
7550724,1115485,99.91
7550724,1115487,207.94
7550724,1115509,67.09
7550724,1115524,38.11
7550724,1115571,97.58
7550724,1115577,35.72
7550724,1115630,39.21
7550724,1115689,46.43
7550724,1115726,24.5
7550724,1115729,49.36
7550724,1115786,16.71
7550724,1115787,15.26
7550724,1115790,2.57
7550724,1115792,37.07
7550724,1115793,38.47
7550724,1115892,51.26
7550724,1115951,9.23
7550724,1115953,9.9
7550724,1115988,2.94
7550724,1115990,47.92
7550724,1116013,17.87
7550724,1116030,57.5
7550724,1116056,48.21
7550724,1116062,2.57
7550724,1116065,181.81
7550724,1116069,8.12
7550724,1116071,2.57
7550724,1116177,12.23
7550724,1116182,12.77
7550724,1116206,40.96
7550724,1116207,157.34
7550724,1116209,87.78
7550724,1116211,28.96
7550724,1116212,2.57
7550724,1116213,1.56
7550724,1116234,49.08
7550724,1116236,2.43
7550724,1116283,185.92
7550724,1116306,20.24
7550724,1116317,31.11
7550724,1116382,1.31
7550724,1116422,8.46
7550724,1116424,5.31
7550724,1116430,22
7550724,1116432,21.55
7550724,1116433,11.87
7550724,1117086,68.52
7550724,1117277,43.31
7550724,1117906,28.03
7550724,1117907,28.03
7550724,1117909,28.36
7550724,1117915,28.03
7550724,1118018,28.36
7550724,1118027,28.36
7550724,1118028,28.36
7550724,1118033,39.33
7550724,1118047,39.33
7550724,1118059,41.16
7550724,1118061,41.16
7550724,1118063,41.16
7550724,1118068,60.99
7550724,1118069,60.99
7550724,1118071,60.99
7550724,1118072,31.28
7550724,1118073,31.28
7550724,1118074,31.28
7550724,1118094,43.24
7550724,1118117,67.87
7550724,1118123,43.31
7550724,1118128,74.92
7550724,1118149,58.13
7550724,1118157,58.13
7550724,1118159,58.13
7550724,1118161,58.13
7550724,1118195,60.99
7550724,1118235,42.14
7550724,1118236,43.31
7550724,1118237,42.14
7550724,1118275,110.76
7550724,1118295,31.31
7550724,1118301,43.31
7550724,1118303,67.87
7550724,1118307,110.76
7550724,1118309,86.17
7550724,1118312,29.65
7550724,1118313,18.59
7550724,1118314,29.65
7550724,1118315,29.65
7550724,1118316,18.59
7550724,1118317,37.16
7550724,1118320,32.71
7550724,1118321,23.46
7550724,1118325,26.69
7550724,1118341,13.83
7550724,1118347,67.87
7550724,1118630,91.63
7550724,1119375,30.89
7550724,1119377,30.89
7550724,1119379,30.89
7550724,1119389,18.59
7550724,1119391,28.03
7550724,1119879,28.72
7550724,1119880,28.72
7550724,1119881,28.72
7550724,1119882,28.72
7550724,1119901,47.15
7550724,1121451,43.24
7550724,1122417,65.47
7550724,1122448,42.76
7550724,1122449,42.14
7550724,1122450,42.76
7550724,1122451,42.76
7550724,1122464,13.7
7550724,1122884,84.59
7550724,1123490,84.79
7550724,1123948,36.63
7550724,1123981,72.1
7550724,1124022,25.42
7550724,1124058,79.87
7550724,1124061,73.19
7550724,1124065,47.42
7550724,1124182,63.7
7550724,1124191,2.67
7550724,1124205,8.42
7550724,1124216,157.99
7550724,1124231,7.26
7550724,1124244,115.49
7550724,1124251,170.62
7550724,1124261,313.08
7550724,1124273,66.13
7550724,1124292,168.88
7550724,1124310,37.76
7550724,1124338,7.71
7550724,1124371,12.94
7550724,1124418,205.47
7550724,1124421,127.08
7550724,1124470,12.63
7550724,1124471,16.69
7550724,1124472,10.01
7550724,1124531,23.04
7550724,1124534,78.41
7550724,1124535,27.84
7550724,1124536,26.89
7550724,1124567,8.64
7550724,1124569,202.72
7550724,1124571,78.41
7550724,1124666,117.04
7550724,1124732,9.63
7550724,1124733,118.98
7550724,1124820,1034.56
7550724,1124821,79.49
7550724,1124842,23.28
7550724,1124843,31.56
7550724,1124859,17.14
7550724,1124899,27.6
7550724,1124905,8.16
7550724,1124924,10.42
7550724,1125013,9.23
7550724,1125014,8.99
7550724,1125022,32.25
7550724,1125150,3.84
7550724,1125172,4.1
7550724,1125187,52.75
7550724,1125200,27.64
7550724,1125201,17.1
7550724,1125211,89.74
7550724,1125269,23.38
7550724,1125270,24.46
7550724,1125315,9.4
7550724,1125321,18.74
7550724,1125334,4.13
7550724,1125451,77.54
7550724,1125480,8.35
7550724,1136491,127.75
7550724,1136519,76.81
7550724,1137631,27.63
7550724,1137787,38.74
7550724,1138054,2.17
7550724,1138055,2.17
7550724,1138073,11.88
7550724,1138075,206.89
7550724,1138080,10.24
7550724,1138098,1.72
7550724,1138102,12.38
7550724,1138103,4.43
7550724,1138104,6.79
7550724,1138105,1.94
7550724,1138116,42.22
7550724,1138135,16.71
7550724,1138136,16.71
7550724,1138138,16.71
7550724,1138142,184.71
7550724,1138145,112.54
7550724,1138154,18.7
7550724,1138158,1.61
7550724,1138219,16.71
7550724,1138238,188.51
7550724,1138239,25.12
7550724,1138262,939.7
7550724,1138297,8.8
7550724,1138299,20.41
7550724,1138300,25.9
7550724,1138301,3.47
7550724,1138302,5.68
7550724,1138305,12.17
7550724,1138306,8.89
7550724,1138307,24.69
7550724,1138308,17.72
7550724,1138364,86.26
7550724,1138365,20.83
7550724,1138366,40.74
7550724,1138367,7.58
7550724,1138369,14.87
7550724,1138371,16.71
7550724,1138386,52.93
7550724,1138421,51.42
7550724,1138447,30.6
7550724,1138470,11.21
7550724,1138471,18.35
7550724,1138485,52.18
7550724,1138497,38.34
7550724,1138498,27.81
7550724,1138503,52.18
7550724,1138529,16.71
7550724,1138544,11.46
7550724,1138626,77.4
7550724,1138644,116.8
7550724,1138672,1.17
7550724,1138681,13.54
7550724,1138683,89.6
7550724,1138687,8.05
7550724,1138689,8.05
7550724,1138706,8.6
7550724,1138818,14.09
7550724,1138946,45.31
7550724,1138987,27.47
7550724,1139040,313.08
7550724,1139041,155.67
7550724,1139107,7.79
7550724,1139204,61.72
7550724,1139220,51.26
7550724,1139392,313.08
7550724,1139399,31.85
7550724,1139444,6.24
7550724,1139446,25.12
7550724,1139473,62.15
7550724,1139500,21.19
7550724,1139515,303.44
7550724,1139518,30.24
7550724,1139534,9.63
7550724,1139574,11.17
7550724,1139629,140.27
7550724,1139713,158.14
7550724,1139734,46.32
7550724,1139747,103.97
7550724,1139921,11.97
7550724,1139922,40.14
7550724,1139926,2.64
7550724,1140001,2.57
7550724,1140079,2.21
7550724,1140411,42.54
7550724,1140417,168.45
7550724,1140478,80.16
7550724,1140551,45.23
7550724,1141087,16.05
7550724,1141208,95.77
7550724,1141222,103.34
7550724,1141378,48.85
7550724,1141508,46.19
7550724,1141518,61.93
7550724,1141573,31.16
7550724,1141725,68.52
7550724,1141891,9.8
7550724,1141893,16.05
7550724,1141934,2.08
7550724,1141944,83.56
7550724,1141987,87.49
7550724,1142084,22
7550724,1142508,0.01
7550724,1142712,0.01
7550724,1142713,0.01
7550724,1142714,0.01
7550724,1143254,100.85
7550724,1143297,67.27
7550724,1143751,11.21
7550724,1143758,7.05
7550724,1143763,157.7
7550724,1143765,139.98
7550724,1143766,35.36
7550724,1143769,48.21
7550724,1143770,29.48
7550724,1143855,85.95
7550724,1143859,154.92
7550724,1143862,44.57
7550724,1143871,90.33
7550724,1143877,41.02
7550724,1143878,40.71
7550724,1143879,50.47
7550724,1143880,53.84
7550724,1143882,53.22
7550724,1143949,37.83
7550724,1143972,62.01
7550724,1143981,57.3
7550724,1143982,127.42
7550724,1144365,48.62
7550724,1144436,116.07
7550724,1144442,33.37
7550724,1144476,69.82
7550724,1144509,139.43
7550724,1144527,51.44
7550724,1144578,131.55
7550724,1144579,145.66
7550724,1144580,128.1
7550724,1144582,86.63
7550724,1144648,74.51
7550724,1144730,129.54
7550724,1144761,96.01
7550724,1144769,48.84
7550724,1144788,136.1
7550724,1144913,146.62
7550724,1145193,42.92
7550724,1145210,147.38
7550724,1145301,16.86
7550724,1145305,480.26
7550724,1145386,130.28
7550724,1145537,98.91
7550724,1145560,25.92
7550724,1145565,41.24
7550724,1145823,59.45
7550724,1145934,130.11
7550724,1146069,41.76
7550724,1146218,53.22
7550724,1146265,105.3
7550724,1146383,54.44
7550724,1146384,72.51
7550724,1146427,125.1
7550724,1146456,3.61
7550724,1146471,39.88
7550724,1146511,16.93
7550724,1146600,47.15
7550724,1146601,47.15
7550724,1146602,47.15
7550724,1146739,45.09
7550724,1146741,57.23
7550724,1146743,55.08
7550724,1146798,111.21
7550724,1146803,77.83
7550724,1146858,77.49
7550724,1147088,112.29
7550724,1147209,95.94
7550724,1147275,58.18
7550724,1147385,60.34
7550724,1147463,46.49
7550724,1147600,71.18
7550724,1147670,70.52
7550724,1147740,14.17
7550724,1147781,119.32
7550724,1147901,90.91
7550724,1147977,60.66
7550724,1147984,28.7
7550724,1148135,54.3
7550724,1148198,195.99
7550724,1148208,91.12
7550724,1148253,44.57
7550724,1148416,96.3
7550724,1148552,199.55
7550724,1148589,43.24
7550724,1148590,46.43
7550724,1148604,84.97
7550724,1148648,9.63
7550724,1148649,6.55
7550724,1148911,59.5
7550724,1148965,65.59
7550724,1149026,47.48
7550724,1149027,51.08
7550724,1149107,77.75
7550724,1149264,102.24
7550724,1149305,90.14
7550724,1149311,131.32
7550724,1149312,79.56
7550724,1149549,184.7
7550724,1149727,465.14
7550724,1149728,1.56
7550724,1149788,16.05
7550724,1149828,409.04
7550724,1149857,68.35
7550724,1149902,63.31
7550724,1150050,1.6
7550724,1150125,22.62
7550724,1150163,69.82
7550724,1150167,120.18
7550724,1150201,101.83
7550724,1150202,68.64
7550724,1150208,146.68
7550724,1150518,31.06
7550724,1150566,82.35
7550724,1150635,6.38
7550724,1150713,135.72
7550724,1150721,9.75
7550724,1150746,71.66
7550724,1150807,99.17
7550724,1150808,81.32
7550724,1150842,62.82
7550724,1150850,37.37
7550724,1150859,36.27
7550724,1150864,55.42
7550724,1150866,37.56
7550724,1151139,165.97
7550724,1151313,34.32
7550724,1151324,23.5
7550724,1151371,85.75
7550724,1151379,37.82
7550724,1151421,75.41
7550724,1151689,57.38
7550724,1151692,66.1
7550724,1151694,59.45
7550724,1151995,67.38
7550724,1152171,57.47
7550724,1152172,58.67
7550724,1152173,68.32
7550724,1152194,54.84
7550724,1152248,115.4
7550724,1152255,105.46
7550724,1152296,18.95
7550724,1152302,59.84
7550724,1152379,77.49
7550724,1152380,47.96
7550724,1152478,73.08
7550724,1152650,108.74
7550724,1152655,161.16
7550724,1152657,77.75
7550724,1152658,94.36
7550724,1152664,153.89
7550724,1152704,49.53
7550724,1152843,83.46
7550724,1153077,168.88
7550724,1153239,117.95
7550724,1153249,116.05
7550724,1153343,48.53
7550724,1153346,82.49
7550724,1153482,203.93
7550724,1153483,96.77
7550724,1153555,133.61
7550724,1153603,2.64
7550724,1153717,47.01
7550724,1153751,173.17
7550724,1153828,90.9
7550724,1153935,122.89
7550724,1154020,106.45
7550724,1154094,9.61
7550724,1154150,37.11
7550724,1154153,19.34
7550724,1154154,19.34
7550724,1154155,25.97
7550724,1154156,12.73
7550724,1154192,157.62
7550724,1154193,138.56
7550724,1154197,202.44
7550724,1154198,360.37
7550724,1154199,99.06
7550724,1154201,140.65
7550724,1154211,95.36
7550724,1154214,67.38
7550724,1154215,41.76
7550724,1154216,162.96
7550724,1154217,162.96
7550724,1154221,128.84
7550724,1154222,120.38
7550724,1154224,169.98
7550724,1154225,87.5
7550724,1154226,101.73
7550724,1154227,95.77
7550724,1154229,71.47
7550724,1154230,80.35
7550724,1154232,113
7550724,1154233,303.4
7550724,1154234,71.18
7550724,1154236,81.95
7550724,1154237,85.55
7550724,1154239,128.19
7550724,1154244,89.93
7550724,1154245,124.37
7550724,1154246,136.5
7550724,1154247,55.14
7550724,1154248,49.48
7550724,1154249,71.41
7550724,1154250,62.56
7550724,1154251,56.69
7550724,1154252,82.26
7550724,1154796,154.57
7550724,1154934,36.65
7550724,1154948,46.63
7550724,1154964,56.27
7550724,1154969,43.07
7550724,1154997,963.19
7550724,1155037,61.85
7550724,1155047,91.25
7550724,1155058,4.47
7550724,1155075,111.85
7550724,1155117,113.54
7550724,1155244,92.79
7550724,1155288,39.88
7550724,1155323,0.01
7550724,1155472,127.42
7550724,1155473,87.73
7550724,1155520,88.85
7550724,1155545,17.68
7550724,1155562,46.59
7550724,1155651,37.69
7550724,1156014,47.39
7550724,1156110,12.37
7550724,1156304,40.78
7550724,1156505,75.26
7550724,1156527,10.81
7550724,1156578,42.95
7550724,1156610,12.65
7550724,1156623,61.61
7550724,1156625,49.36
7550724,1156626,50.49
7550724,1156857,77.54
7550724,1156891,74.71
7550724,1157015,68.67
7550724,1157171,72.28
7550724,1157293,65.65
7550724,1157329,113.63
7550724,1157403,40.67
7550724,1157673,132
7550724,1157744,39.98
7550724,1157859,68.52
7550724,1157863,68.52
7550724,1157865,67.87
7550724,1157886,42.14
7550724,1157895,42.76
7550724,1157897,50.27
7550724,1158081,114.41
7550724,1158086,112.72
7550724,1158111,56.69
7550724,1158210,125.1
7550724,1158241,117.04
7550724,1158246,93.7
7550724,1158449,75.46
7550724,1158715,0.01
7550724,1158863,13.43
7550724,1158895,82.37
7550724,1159075,3.64
7550724,1159082,7.7
7550724,1159169,78.26
7550724,1159297,0.01
7550724,1159332,68.9
7550724,1159335,150.6
7550724,1159356,75.9
7550724,1159396,49.15
7550724,1159401,72.52
7550724,1159454,5.35
7550724,1159561,55.18
7550724,1159628,76.67
7550724,1159779,95.55
7550724,1159814,127.4
7550724,1159841,49.66
7550724,1159956,66.35
7550724,1160247,85.64
7550724,1160282,50.12
7550724,1160427,232.62
7550724,1160428,242.18
7550724,1160429,242.18
7550724,1160430,242.18
7550724,1160608,58.7
7550724,1160674,87.5
7550724,1161068,107.89
7550724,1161554,37.04
7550724,1161571,125.92
7550724,1161572,66.07
7550724,1161706,117.82
7550724,1161713,131.32
7550724,1161802,68.56
7550724,1161803,68.76
7550724,1161931,143.34
7550724,1162073,85.23
7550724,1162129,9.98
7550724,1162145,64.72
7550724,1162396,71.31
7550724,1162426,20.29
7550724,1162586,48.51
7550724,1162588,47.21
7550724,1162592,76.97
7550724,1162594,78.8
7550724,1162595,34.73
7550724,1162670,50.34
7550724,1162671,56.06
7550724,1162672,42.73
7550724,1162796,1.61
7550724,1162907,8.77
7550724,1162916,51.49
7550724,1162933,58.9
7550724,1162947,12.02
7550724,1163046,194.57
7550724,1163086,105.88
7550724,1163089,45.15
7550724,1163147,32.79
7550724,1163395,69.01
7550724,1163583,3.23
7550724,1163601,117.44
7550724,1163807,47.84
7550724,1163808,54.54
7550724,1163810,57.83
7550724,1163812,62.47
7550724,1163813,44.37
7550724,1164058,83.44
7550724,1164102,229.07
7550724,1164269,47.11
7550724,1164490,65.87
7550724,1164522,175.86
7550724,1164524,36.3
7550724,1164525,209.54
7550724,1164526,246
7550724,1164536,74.03
7550724,1164539,102.54
7550724,1164543,256.9
7550724,1164544,222.09
7550724,1164557,131.74
7550724,1164645,232.62
7550724,1164693,47.27
7550724,1164900,41.24
7550724,1164922,13.66
7550724,1164923,12.05
7550724,1164990,56.49
7550724,1165306,35.43
7550724,1165469,59.59
7550724,1165478,127.74
7550724,1165501,74.82
7550724,1165504,21.39
7550724,1165522,69.48
7550724,1165524,74.68
7550724,1165545,0.01
7550724,1165598,88
7550724,1165673,38.13
7550724,1165681,32.44
7550724,1165730,122.76
7550724,1165747,44.57
7550724,1165787,84.63
7550724,1165961,218.98
7550724,1165965,5.43
7550724,1166143,41.23
7550724,1166182,112.52
7550724,1166358,95.84
7550724,1166394,78.62
7550724,1166396,79.36
7550724,1166397,87.12
7550724,1166398,106.62
7550724,1166401,118.32
7550724,1166443,46.47
7550724,1166444,7.03
7550724,1166464,73.19
7550724,1166514,44.57
7550724,1166549,15.97
7550724,1166550,78.41
7550724,1166586,88.41
7550724,1166598,111.8
7550724,1166607,130.58
7550724,1166608,119.28
7550724,1166644,8.37
7550724,1166645,36.51
7550724,1166765,11.16
7550724,1166786,48.31
7550724,1166820,75.3
7550724,1166998,48.05
7550724,1167028,95.55
7550724,1167034,131.85
7550724,1167041,47.8
7550724,1167050,76.73
7550724,1167059,13.2
7550724,1167060,11.85
7550724,1167061,27.88
7550724,1167062,39.29
7550724,1167063,49.95
7550724,1167065,105.94
7550724,1167067,291.07
7550724,1167160,200.65
7550724,1167168,77.54
7550724,1167199,90.12
7550724,1167201,104.63
7550724,1167209,50.82
7550724,1167228,4.34
7550724,1167335,168.45
7550724,1167481,83.42
7550724,1167733,10.53
7550724,1167802,27.81
7550724,1167807,72.57
7550724,1167816,41.23
7550724,1167837,139.34
7550724,1167854,44.94
7550724,1167996,81.37
7550724,1167998,152.04
7550724,1168115,123.65
7550724,1168223,57.31
7550724,1168433,118.89
7550724,1168450,37.97
7550724,1168501,52.8
7550724,1168669,41.23
7550724,1168670,41.23
7550724,1168707,41.23
7550724,1168765,96.22
7550724,1168789,81.79
7550724,1168793,81.79
7550724,1168795,95.78
7550724,1168799,118.98
7550724,1168872,43.24
7550724,1169052,53.57
7550724,1169055,49.89
7550724,1169059,122.21
7550724,1169154,41.23
7550724,1169155,41.23
7550724,1169156,41.23
7550724,1169157,41.23
7550724,1169158,41.23
7550724,1169159,38.88
7550724,1169160,41.23
7550724,1169161,41.23
7550724,1169162,41.23
7550724,1169163,135.05
7550724,1169164,41.23
7550724,1169165,41.23
7550724,1169166,41.23
7550724,1169167,41.23
7550724,1169169,41.25
7550724,1169170,41.23
7550724,1169171,41.23
7550724,1169182,96.22
7550724,1169185,96.22
7550724,1169186,96.22
7550724,1169190,96.22
7550724,1169191,96.22
7550724,1169192,96.22
7550724,1169202,45.16
7550724,1169204,55.88
7550724,1169209,136.57
7550724,1169210,107.6
7550724,1169231,95.16
7550724,1169233,50.7
7550724,1169234,53.74
7550724,1169238,90.38
7550724,1169239,53.74
7550724,1169261,33.25
7550724,1169262,34.94
7550724,1169263,30.11
7550724,1169264,38
7550724,1169265,58.8
7550724,1169266,56.03
7550724,1169278,69.12
7550724,1169651,42.22
7550724,1169748,54.16
7550724,1169824,60.42
7550724,1169835,114.35
7550724,1169860,25.94
7550724,1169868,26.37
7550724,1169869,33.22
7550724,1169870,40.76
7550724,1169871,39.03
7550724,1169872,48.54
7550724,1170066,219.77
7550724,1170162,12.75
7550724,1170292,47.11
7550724,1170293,100.54
7550724,1170378,152.82
7550724,1170384,56.16
7550724,1170538,63
7550724,1170539,69.46
7550724,1170687,43.49
7550724,1170742,46.19
7550724,1170754,67.69
7550724,1170811,125.1
7550724,1170827,8.53
7550724,1170830,45.98
7550724,1170851,15.89
7550724,1170852,205.47
7550724,1170874,38.74
7550724,1170876,38.74
7550724,1170879,38.74
7550724,1170881,38.74
7550724,1170885,86.01
7550724,1170887,59.26
7550724,1170994,5.68
7550724,1171109,72.99
7550724,1171130,75.82
7550724,1171821,72.29
7550724,1172018,77.82
7550724,1172188,134.47
7550724,1172197,36.36
7550724,1172198,39.15
7550724,1172200,48
7550724,1172201,39.17
7550724,1172202,29.21
7550724,1172233,0.01
7550724,1172241,43.22
7550724,1172407,1.6
7550724,1172431,96.88
7550724,1172608,42.83
7550724,1172628,4.45
7550724,1172662,47.4
7550724,1172697,21.39
7550724,1172752,23.67
7550724,1172801,22.79
7550724,1172884,119.23
7550724,1173036,50.42
7550724,1173194,138.19
7550724,1173218,59.43
7550724,1173226,53.03
7550724,1173430,2.64
7550724,1173459,133.89
7550724,1173467,94.05
7550724,1173683,36.17
7550724,1173902,73.09
7550724,1173943,24.66
7550724,1174006,9.5
7550724,1174014,51.26
7550724,1174659,12.68
7550724,1174753,59.26
7550724,1174847,83.79
7550724,1175161,77.56
7550724,1175285,40.14
7550724,1175286,58.25
7550724,1175287,88.49
7550724,1175338,101.03
7550724,1175378,5.86
7550724,1175525,0.01
7550724,1175535,80.11
7550724,1175680,168.13
7550724,1175724,106.8
7550724,1175778,36.36
7550724,1175789,110.81
7550724,1175924,29.62
7550724,1175944,36.61
7550724,1175949,23.94
7550724,1176135,49.95
7550724,1176136,70.67
7550724,1176411,81.86
7550724,1176524,70.6
7550724,1176734,23.27
7550724,1176807,93.65
7550724,1176858,17.68
7550724,1177035,52.34
7550724,1177075,245.82
7550724,1177105,61.98
7550724,1177122,62.73
7550724,1177123,32.14
7550724,1177124,38.92
7550724,1177180,45.8
7550724,1177264,163.22
7550724,1177354,116.02
7550724,1177392,90.36
7550724,1177501,156.65
7550724,1177528,67.31
7550724,1177590,48.71
7550724,1177596,160.68
7550724,1177752,139.37
7550724,1178770,149.37
7550724,1179444,318.3
7550724,1179704,45.95
7550724,1179791,25.71
7550724,1179793,45.02
7550724,1179796,115.09
7550724,1179797,32.21
7550724,1179798,58.87
7550724,1179799,129.99
7550724,1179801,66.31
7550724,1179802,66.31
7550724,1179803,66.31
7550724,1179804,85.23
7550724,1179805,66.04
7550724,1179923,45.81
7550724,1179924,40.07
7550724,1179955,30.82
7550724,1179956,50.84
7550724,1180084,132.4
7550724,1180506,41.76
7550724,1180514,65.47
7550724,1180617,0.01
7550724,1180814,120.65
7550724,1180816,82.69
7550724,1181009,60.9
7550724,1181139,85.45
7550724,1181141,45.15
7550724,1181143,45.15
7550724,1181144,38.99
7550724,1181146,38.99
7550724,1181279,60.61
7550724,1181527,67.68
7550724,1181528,67.68
7550724,1181600,0.01
7550724,1181619,50.53
7550724,1181784,67.68
7550724,1181785,67.68
7550724,1182245,76.28
7550724,1182586,33.73
7550724,1183371,122.9
7550724,1183567,146.37
7550724,1183569,1335.95
7550724,1183699,63.18
7550724,1183739,50.22
7550724,1183751,52.24
7550724,1183752,52.24
7550724,1183805,90.21
7550724,1183806,91.63
7550724,1183808,95.82
7550724,1183820,97.68
7550724,1183860,51.26
7550724,1183956,5.02
7550724,1184012,14.48
7550724,1184020,84.54
7550724,1184037,144.74
7550724,1184680,97.35
7550724,1184781,131.93
7550724,1184784,67.96
7550724,1184823,0.01
7550724,1184824,157.49
7550724,1184843,61.29
7550724,1184871,98.02
7550724,1184888,50.03
7550724,1184890,135.34
7550724,1184891,56.78
7550724,1184983,9.91
7550724,1185108,71.21
7550724,1185119,1335.95
7550724,1185188,50.86
7550724,1185284,101.14
7550724,1185465,45.51
7550724,1185724,203.44
7550724,1185826,111.33
7550724,1185922,80.19
7550724,1186172,99.22
7550724,1188342,44.22
7550724,1188344,32.24
7550724,1188573,63.07
7550724,1189120,57.5
7550724,1189235,28.85
7550724,1189236,28.85
7550724,1189237,44.13
7550724,1189238,29.12
7550724,1189292,187.8
7550724,1189293,187.8
7550724,1189294,187.8
7550724,1189296,25.05
7550724,1189297,25.68
7550724,1189298,49.36
7550724,1189299,63.93
7550724,1189318,48.97
7550724,1189347,24.08
7550724,1189395,58.87
7550724,1189396,58.87
7550724,1189400,86.24
7550724,1189401,78.5
7550724,1189404,57.52
7550724,1189407,47.11
7550724,1189409,27.86
7550724,1189410,23.9
7550724,1189524,91.05
7550724,1190404,77.8
7550724,1190465,89.89
7550724,1191234,106.92
7550724,1191280,95.82
7550724,1191282,36.09
7550724,1191321,42.41
7550724,1191379,36.36
7550724,1191410,54.55
7550724,1191417,49.76
7550724,1192169,70
7550724,1192176,67.67
7550724,1192320,42.57
7550724,1192322,40.78
7550724,1192323,45.28
7550724,1192324,45
7550724,1192325,49.55
7550724,1192326,49.52
7550724,1192327,91.63
7550724,1192328,96.82
7550724,1192329,48.09
7550724,1192337,29.45
7550724,1192338,43.3
7550724,1194000,25.42
7550724,1194196,54.44
7550724,1194381,50.22
7550724,1194621,136.72
7550724,1194894,43.61
7550724,1196325,2.19
7550724,1196326,1.5
7550724,1196327,2.08
7550724,1196328,3.4
7550724,1196332,3.16
7550724,1196335,76.12
7550724,1196336,55.65
7550724,1196337,22
7550724,1196338,8.37
7550724,1196627,98.61
7550724,1196645,16.41
7550724,1196682,97.2
7550724,1196801,4.27
7550724,1196807,6.16
7550724,1196808,7.67
7550724,1196810,14.23
7550724,1196814,3.47
7550724,1196815,2.64
7550724,1196821,2.32
7550724,1196861,48.26
7550724,1196903,3.82
7550724,1196904,114.14
7550724,1196907,5.17
7550724,1196908,2.86
7550724,1196911,6.52
7550724,1197144,71.35
7550724,1197418,104.26
7550724,1197722,51.67
7550724,1197746,69.58
7550724,1197812,71.35
7550724,1197909,124.51
7550724,1198215,0.01
7550724,1198621,110.53
7550724,1198898,38.94
7550724,1198974,23.67
7550724,1198984,116.41
7550724,1199280,87.99
7550724,1199773,66.17
7550724,1199789,125.12
7550724,1199800,125.12
7550724,1199980,32.1
7550724,1200182,21.85
7550724,1200254,19.82
7550724,1200299,74.06
7550724,1200518,96.25
7550724,1200588,112.45
7550724,1200639,74.82
7550724,1200750,66.22
7550724,1200846,111.03
7550724,1201101,5.09
7550724,1201107,30.08
7550724,1201249,0.01
7550724,1201457,26.16
7550724,1201481,36.73
7550724,1201682,24.34
7550724,1201717,297.38
7550724,1201743,53.85
7550724,1202532,86.22
7550724,1202622,7.09
7550724,1202644,106.6
7550724,1202671,97
7550724,1202687,68.33
7550724,1202711,56.39
7550724,1202729,4.77
7550724,1202744,77.33
7550724,1202838,90.35
7550724,1202839,93.04
7550724,1202840,22.24
7550724,1202853,99.86
7550724,1203005,120.5
7550724,1203044,86.68
7550724,1203171,60.23
7550724,1203282,0.01
7550724,1203333,30.22
7550724,1203405,90.33
7550724,1203456,90.96
7550724,1203458,99.94
7550724,1203597,39.5
7550724,1203897,42.95
7550724,1204036,26.6
7550724,1204149,0.01
7550724,1204262,105.98
7550724,1204263,105.98
7550724,1204320,40.59
7550724,1204643,152.05
7550724,1204731,58.18
7550724,1204734,58.18
7550724,1204907,66.71
7550724,1204909,27.45
7550724,1204939,47.11
7550724,1205048,10
7550724,1205082,25.42
7550724,1205162,57.71
7550724,1205367,44.57
7550724,1205617,73.32
7550724,1205708,105.94
7550724,1205709,236.48
7550724,1205710,726.76
7550724,1205967,19.3
7550724,1205968,0.01
7550724,1206016,77.69
7550724,1206116,38.26
7550724,1206120,94.69
7550724,1206169,50.74
7550724,1206355,76.22
7550724,1206520,0.01
7550724,1206676,128.25
7550724,1206683,19.91
7550724,1206707,47.4
7550724,1206708,25.68
7550724,1206709,51.72
7550724,1206810,69.19
7550724,1206881,78.05
7550724,1206893,576.31
7550724,1206914,65.81
7550724,1206948,39.87
7550724,1206955,42.98
7550724,1206958,33.01
7550724,1206969,111.03
7550724,1206971,48.39
7550724,1206972,79.35
7550724,1207013,166.22
7550724,1207014,208.45
7550724,1207028,115.35
7550724,1207040,91.71
7550724,1207041,38.08
7550724,1207099,86.7
7550724,1207126,30.58
7550724,1207146,142.62
7550724,1207158,40.42
7550724,1207160,208.28
7550724,1207191,76.22
7550724,1207193,87.54
7550724,1207206,101.16
7550724,1207250,155.52
7550724,1207251,197.73
7550724,1207252,134.27
7550724,1207271,69.29
7550724,1207272,70.71
7550724,1207273,70.91
7550724,1207276,113.23
7550724,1207304,23.78
7550724,1207345,22.36
7550724,1207372,111.33
7550724,1207381,72.21
7550724,1207444,69.17
7550724,1207449,87.22
7550724,1207451,115.58
7550724,1207452,103.69
7550724,1207453,84.8
7550724,1207487,30.89
7550724,1207489,41.83
7550724,1207490,41.83
7550724,1207516,89.12
7550724,1207577,40.83
7550724,1207580,62.24
7550724,1207582,100.9
7550724,1207607,148.27
7550724,1207663,107.89
7550724,1207669,51.54
7550724,1207788,14.48
7550724,1207791,159.38
7550724,1207828,84.8
7550724,1207891,18.73
7550724,1207961,116.34
7550724,1207962,85.34
7550724,1208137,61.93
7550724,1208160,131.4
7550724,1208226,456.44
7550724,1208237,100.69
7550724,1208251,168.63
7550724,1208299,103.78
7550724,1208300,84.8
7550724,1208301,65.58
7550724,1208326,91
7550724,1208352,85.26
7550724,1208364,83.44
7550724,1208456,96.15
7550724,1208459,129.84
7550724,1208550,147.56
7550724,1208579,93.14
7550724,1208614,103.78
7550724,1208617,232.62
7550724,1208635,42.49
7550724,1208636,23.57
7550724,1208640,65.1
7550724,1208647,129.87
7550724,1208691,172.43
7550724,1208697,62.15
7550724,1208760,313.08
7550724,1208819,125.97
7550724,1208828,78.55
7550724,1208831,137.72
7550724,1208832,145.26
7550724,1208833,183.05
7550724,1208886,41.83
7550724,1208888,39.51
7550724,1208889,71.36
7550724,1208897,76.32
7550724,1208956,46.37
7550724,1208994,162.19
7550724,1208996,125.43
7550724,1209001,42.7
7550724,1209044,52.76
7550724,1209100,0.01
7550724,1209363,56.69
7550724,1209415,98.74
7550724,1209417,115.14
7550724,1209453,227.66
7550724,1209454,120.94
7550724,1209455,164.31
7550724,1209638,109.36
7550724,1209665,79.56
7550724,1209858,60.99
7550724,1209952,54.45
7550724,1209955,91
7550724,1210319,66.17
7550724,1210459,122.04
7550724,1210461,8.13
7550724,1210463,0.01
7550724,1210467,0.01
7550724,1210469,0.01
7550724,1210511,108.45
7550724,1210575,87.64
7550724,1210599,61.95
7550724,1210600,43.53
7550724,1210611,67.98
7550724,1210640,128.62
7550724,1210659,52.34
7550724,1210751,54.95
7550724,1210752,55.18
7550724,1210775,0.01
7550724,1210784,44.8
7550724,1210803,113.08
7550724,1210820,178.3
7550724,1210829,86.21
7550724,1210830,30.89
7550724,1210838,43.44
7550724,1210871,116.64
7550724,1210873,101.09
7550724,1211180,70.59
7550724,1211196,92.94
7550724,1211300,58.93
7550724,1211324,125.49
7550724,1211423,77.18
7550724,1211440,75.79
7550724,1211623,68.42
7550724,1211737,137.92
7550724,1211738,182.56
7550724,1211893,33.99
7550724,1211894,33.99
7550724,1211903,41.87
7550724,1211917,41.26
7550724,1211927,223.23
7550724,1211958,38.12
7550724,1211968,64.2
7550724,1212777,35.09
7550724,1213112,21
7550724,1213185,46.59
7550724,1213241,56.91
7550724,1213347,76.45
7550724,1213356,172.66
7550724,1213488,109.11
7550724,1213593,41.82
7550724,1213847,115.99
7550724,1213896,39.87
7550724,1213898,39.87
7550724,1213935,134.1
7550724,1214048,40.25
7550724,1214233,3.98
7550724,1214239,117.17
7550724,1214250,223.23
7550724,1214255,203.67
7550724,1214440,43.29
7550724,1214477,43.44
7550724,1214605,162.12
7550724,1214651,55.43
7550724,1214823,49.19
7550724,1214966,155.2
7550724,1215001,40.25
7550724,1215002,40.25
7550724,1215272,49.86
7550724,1215580,59.17
7550724,1215604,36.36
7550724,1215681,76.22
7550724,1215734,75.59
7550724,1215920,162.49
7550724,1215978,90.43
7550724,1216042,40.41
7550724,1216120,106.8
7550724,1216231,40.53
7550724,1216242,21
7550724,1216258,49.66
7550724,1216425,99.07
7550724,1216442,0.01
7550724,1216627,27.09
7550724,1216722,0.01
7550724,1216807,147.56
7550724,1216824,0.01
7550724,1216873,139.37
7550724,1216950,116.46
7550724,1217026,203.68
7550724,1217041,0.01
7550724,1217519,50.65
7550724,1217573,125.49
7550724,1217711,101.37
7550724,1217757,19.93
7550724,1217933,124.88
7550724,1218038,101.27
7550724,1218041,52.87
7550724,1218145,76.22
7550724,1218269,142.82
7550724,1218555,71.42
7550724,1218835,91.24
7550724,1218860,89.68
7550724,1218900,77.77
7550724,1218901,75.53
7550724,1218938,111.51
7550724,1219128,203.67
7550724,1219675,50.58
7550724,1219699,57.62
7550724,1219736,190.42
7550724,1219743,111.33
7550724,1220219,76.22
7550724,1220221,19.46
7550724,1220368,79.53
7550724,1220552,78.11
7550724,1220604,153.89
7550724,1220790,41.49
7550724,1220796,71.57
7550724,1220871,63.47
7550724,1220890,69.69
7550724,1220948,43.16
7550724,1221085,143.64
7550724,1221182,56.09
7550724,1221255,0.01
7550724,1221316,101.16
7550724,1221511,21
7550724,1221782,55
7550724,1221963,118.72
7550724,1222120,133.37
7550724,1222153,32.7
7550724,1222223,57.44
7550724,1222301,123.13
7550724,1222392,32.95
7550724,1222477,9.85
7550724,1222492,50.62
7550724,1222541,21.59
7550724,1222635,40.43
7550724,1222658,24.48
7550724,1222994,43.89
7550724,1223342,65.36
7550724,1223350,115.84
7550724,1223384,131.42
7550724,1223564,100.85
7550724,1223952,7.76
7550724,1224171,51.15
7550724,1224222,207.65
7550724,1224926,51.84
7550724,1225139,74.81
7550724,1225248,97.62
7550724,1225289,121.69
7550724,1225339,36.65
7550724,1225342,64.21
7550724,1225450,99.55
7550724,1225646,72.84
7550724,1225710,122.28
7550724,1226066,15.55
7550724,1226068,73.45
7550724,1226191,207.65
7550724,1226217,0.01
7550724,1226515,12.36
7550724,1226642,185.62
7550724,1226683,96.49
7550724,1226685,116.75
7550724,1226686,69.62
7550724,1226687,71.78
7550724,1226688,123.81
7550724,1226689,116.75
7550724,1226690,57.41
7550724,1226691,94.44
7550724,1226694,92.15
7550724,1226696,126
7550724,1226697,77.89
7550724,1226698,99.19
7550724,1226699,84.66
7550724,1226700,75.03
7550724,1226754,44.77
7550724,1226884,202.72
7550724,1226891,2.64
7550724,1226989,130.24
7550724,1227049,116.71
7550724,1227108,77.22
7550724,1227432,28.93
7550724,1227654,90.32
7550724,1227782,40.53
7550724,1227784,46.02
7550724,1227838,101.2
7550724,1227859,90.7
7550724,1227992,84.4
7550724,1228201,79.76
7550724,1228379,144.74
7550724,1228436,72.75
7550724,1228474,5.63
7550724,1228700,77.2
7550724,1228806,218.22
7550724,1228808,335.72
7550724,1228884,21.75
7550724,1228974,71.99
7550724,1229006,80.31
7550724,1229163,74.55
7550724,1229301,84.65
7550724,1229355,35.71
7550724,1229375,72.22
7550724,1229474,132.86
7550724,1229502,22.42
7550724,1229683,32.7
7550724,1229763,41.08
7550724,1229916,78.67
7550724,1229969,30.58
7550724,1229982,114.58
7550724,1230017,152.04
7550724,1230272,177.86
7550724,1230615,73.91
7550724,1230664,21.52
7550724,1230754,207.65
7550724,1230839,119.96
7550724,1230962,35.73
7550724,1230970,68.1
7550724,1231037,207.65
7550724,1231085,65.51
7550724,1231086,59.96
7550724,1231119,84.33
7550724,1231225,46.78
7550724,1231257,40.61
7550724,1231329,91.35
7550724,1231364,63.72
7550724,1231399,32.54
7550724,1231505,105.05
7550724,1231701,66.68
7550724,1231737,25.71
7550724,1231803,91.3
7550724,1231818,83.85
7550724,1231845,43.13
7550724,1231899,139.52
7550724,1231906,0.01
7550724,1232016,131.74
7550724,1232142,101.47
7550724,1232171,153.48
7550724,1232451,34.19
7550724,1232532,44.83
7550724,1232554,95.25
7550724,1232555,195.65
7550724,1232562,34.74
7550724,1232611,92.45
7550724,1232616,81.92
7550724,1232896,60.47
7550724,1232961,28.3
7550724,1233016,41.72
7550724,1233026,119.95
7550724,1233153,170.72
7550724,1233261,7.37
7550724,1233272,35.71
7550724,1233395,61.07
7550724,1233396,56.09
7550724,1233398,43.72
7550724,1233399,54.67
7550724,1233405,41.77
7550724,1233406,58.84
7550724,1233407,70.38
7550724,1233408,141.76
7550724,1233520,79.56
7550724,1233805,123.26
7550724,1233816,102.81
7550724,1233823,95.92
7550724,1233900,223.23
7550724,1233955,55.7
7550724,1233982,138.28
7550724,1234113,37.97
7550724,1234326,32.62
7550724,1234406,93.06
7550724,1234469,92.94
7550724,1234865,92.14
7550724,1234871,45.5
7550724,1234884,113.74
7550724,1234898,27.87
7550724,1234944,77.54
7550724,1235018,36.16
7550724,1235121,68.81
7550724,1235265,85.64
7550724,1235343,54.08
7550724,1235391,10.06
7550724,1235522,220.18
7550724,1235633,35.99
7550724,1235640,38.88
7550724,1235642,55.2
7550724,1235861,57.83
7550724,1235886,40.48
7550724,1235922,107.44
7550724,1236025,34.16
7550724,1236054,7.26
7550724,1236150,58.3
7550724,1236151,38.23
7550724,1236238,17.14
7550724,1236283,33.63
7550724,1236307,5.66
7550724,1236317,12.92
7550724,1236351,70.82
7550724,1236432,132.58
7550724,1236433,96.61
7550724,1236434,86.49
7550724,1236468,60.63
7550724,1236509,181.76
7550724,1237249,73.63
7550724,1237253,10.89
7550724,1237255,56.58
7550724,1237257,116.34
7550724,1237279,13.66
7550724,1237281,52.46
7550724,1237284,84.33
7550724,1237420,51.94
7550724,1237811,137.18
7550724,1237868,207.65
7550724,1237939,74.84
7550724,1237954,61.45
7550724,1238016,40.25
7550724,1238044,0.01
7550724,1238079,45.43
7550724,1238210,44.43
7550724,1238250,33.06
7550724,1238393,47.74
7550724,1238421,203.67
7550724,1238609,0.01
7550724,1238619,183.51
7550724,1238624,19.34
7550724,1238706,36.88
7550724,1238746,72.19
7550724,1238797,82.01
7550724,1238821,161.67
7550724,1239237,47.04
7550724,1239697,44.63
7550724,1239734,150.37
7550724,1239758,39.87
7550724,1239762,136.29
7550724,1239794,99.91
7550724,1239813,0.97
7550724,1239820,88.18
7550724,1240058,173.09
7550724,1240070,79.53
7550724,1240173,132.18
7550724,1240305,88
7550724,1240308,17.78
7550724,1240373,46.59
7550724,1240480,56.09
7550724,1240488,175.86
7550724,1240665,45.98
7550724,1240741,34.51
7550724,1240934,30.89
7550724,1240935,30.89
7550724,1240937,30.89
7550724,1241020,90.12
7550724,1241028,89.57
7550724,1241083,118.26
7550724,1241177,59.95
7550724,1241241,61.22
7550724,1241489,38.71
7550724,1241495,63.23
7550724,1241496,63.23
7550724,1241497,25.81
7550724,1241499,50.62
7550724,1241532,53.47
7550724,1241620,69.62
7550724,1241741,181.76
7550724,1241766,99.14
7550724,1241949,5.54
7550724,1241984,116.91
7550724,1242143,0.01
7550724,1242205,111.22
7550724,1242228,135.05
7550724,1242344,20.41
7550724,1242388,102.74
7550724,1242391,80.59
7550724,1242432,109.36
7550724,1242639,59.85
7550724,1242655,136.51
7550724,1242669,0.01
7550724,1243086,47.33
7550724,1243107,0.01
7550724,1243113,76.38
7550724,1243129,99.62
7550724,1243222,32.93
7550724,1243294,78.1
7550724,1243660,128.62
7550724,1243704,36.16
7550724,1243825,83.44
7550724,1243969,111.38
7550724,1244087,126.99
7550724,1244089,31.37
7550724,1244130,37.48
7550724,1244146,41.57
7550724,1244183,42.56
7550724,1244225,109.36
7550724,1244242,94.57
7550724,1244261,60.2
7550724,1244262,60.2
7550724,1244263,60.2
7550724,1244264,60.2
7550724,1244349,141.5
7550724,1244355,118.17
7550724,1244423,15.44
7550724,1244725,56.09
7550724,1244778,77.99
7550724,1244800,37.32
7550724,1244908,93.56
7550724,1245105,40.96
7550724,1245218,52.22
7550724,1245220,24.14
7550724,1245221,39.06
7550724,1245429,106.98
7550724,1245581,65.88
7550724,1246013,66.56
7550724,1246075,8.13
7550724,1246152,80.36
7550724,1246155,54.03
7550724,1246222,53.56
7550724,1246278,99.12
7550724,1246354,63.28
7550724,1246402,49.71
7550724,1246521,123.03
7550724,1246647,11.16
7550724,1247338,56.63
7550724,1247453,94
7550724,1247454,105.25
7550724,1247507,68.13
7550724,1247509,45.42
7550724,1247565,64.92
7550724,1247712,93.12
7550724,1247735,0.01
7550724,1247743,93.14
7550724,1247762,29.22
7550724,1247763,56.79
7550724,1247765,44.17
7550724,1247812,17.35
7550724,1247881,79.53
7550724,1247930,150.37
7550724,1248032,73.37
7550724,1248076,28.07
7550724,1248219,139.37
7550724,1248224,0.01
7550724,1248321,48.46
7550724,1248453,81.79
7550724,1248480,62.27
7550724,1248764,114.05
7550724,1248799,61.59
7550724,1248955,135.28
7550724,1248963,22.23
7550724,1249192,14.78
7550724,1249374,22.79
7550724,1249380,53.5
7550724,1249975,36.45
7550724,1249995,204.64
7550724,1250056,51.62
7550724,1250059,39.95
7550724,1250579,40.66
7550724,1250581,1.6
7550724,1250603,158.16
7550724,1250630,53.89
7550724,1250658,55.42
7550724,1250663,1.54
7550724,1250758,129.08
7550724,1250838,60.99
7550724,1250868,37.11
7550724,1251118,122.78
7550724,1251288,109.79
7550724,1251299,55.23
7550724,1251308,84.33
7550724,1251342,44.05
7550724,1251343,60.23
7550724,1251344,0.01
7550724,1251615,95.39
7550724,1251616,95.39
7550724,1251617,95.39
7550724,1251625,84.28
7550724,1251679,181.12
7550724,1251971,99.45
7550724,1252050,7.26
7550724,1252052,38.88
7550724,1252140,115.73
7550724,1252235,76.26
7550724,1252348,68.9
7550724,1252669,65.88
7550724,1252697,67.86
7550724,1252710,2.46
7550724,1252711,20.91
7550724,1253242,7.26
7550724,1253248,7.26
7550724,1253304,5.66
7550724,1253475,93
7550724,1253560,79.72
7550724,1253732,34.33
7550724,1253749,69.28
7550724,1253814,82.54
7550724,1253931,110.94
7550724,1254081,12.22
7550724,1254516,80.42
7550724,1254782,41.17
7550724,1254783,45.22
7550724,1254784,47.36
7550724,1254785,41.02
7550724,1254786,42.75
7550724,1254789,34.98
7550724,1254791,41.66
7550724,1254792,56.63
7550724,1254794,67.02
7550724,1254795,45.23
7550724,1254796,46.12
7550724,1254797,79.82
7550724,1254800,77.85
7550724,1254813,112.93
7550724,1254856,93.86
7550724,1254861,126.04
7550724,1254866,270.09
7550724,1254947,81.08
7550724,1254948,51.79
7550724,1254951,40.87
7550724,1254953,35.52
7550724,1254967,47.22
7550724,1254968,53.99
7550724,1254970,54.21
7550724,1254975,35.37
7550724,1254985,71.93
7550724,1254989,38.72
7550724,1255081,156.68
7550724,1255178,40.15
7550724,1255210,40.21
7550724,1255263,35.04
7550724,1255356,4.77
7550724,1255688,70.72
7550724,1256059,0.01
7550724,1256082,172.43
7550724,1256156,939.7
7550724,1256321,41.17
7550724,1256364,100.1
7550724,1256529,2.54
7550724,1256898,44.45
7550724,1256900,55.63
7550724,1256904,41.93
7550724,1256906,75.06
7550724,1257025,98.72
7550724,1257139,70.65
7550724,1257268,38.57
7550724,1257387,15.8
7550724,1257704,71.54
7550724,1257705,33.65
7550724,1257863,938.12
7550724,1258149,127.65
7550724,1258296,75
7550724,1258414,0.01
7550724,1258438,120.95
7550724,1258488,20.91
7550724,1258686,44.5
7550724,1258825,336.27
7550724,1258898,11.17
7550724,1259157,62.1
7550724,1259274,5.43
7550724,1259353,152.65
7550724,1259426,146.56
7550724,1259588,78.62
7550724,1259802,232.75
7550724,1259828,58.87
7550724,1259930,145.18
7550724,1259987,96.38
7550724,1260001,159.3
7550724,1260910,16.53
7550724,1260922,52.36
7550724,1260923,4.57
7550724,1260925,6.23
7550724,1261081,181.52
7550724,1261370,86.75
7550724,1261377,89.52
7550724,1261522,77.54
7550724,1261823,117.07
7550724,1261893,82.54
7550724,1261970,86.61
7550724,1262278,108.38
7550724,1262488,84.59
7550724,1262595,4.32
7550724,1262608,95.39
7550724,1262634,16.86
7550724,1262779,0.01
7550724,1263119,7.99
7550724,1263251,145.72
7550724,1263291,112.42
7550724,1263688,197
7550724,1263760,140.47
7550724,1263792,34.02
7550724,1263989,120.25
7550724,1264088,22
7550724,1264274,93.84
7550724,1264275,47.19
7550724,1264280,7.01
7550724,1264327,0.01
7550724,1264332,47.82
7550724,1264495,48.4
7550724,1264496,0.01
7550724,1264497,64.16
7550724,1264547,2.86
7550724,1264710,66.04
7550724,1264711,66.04
7550724,1264870,7.02
7550724,1264896,4.77
7550724,1264898,2.57
7550724,1264923,114.14
7550724,1264983,66.57
7550724,1265019,3.59
7550724,1265102,66.04
7550724,1265103,66.04
7550724,1265154,99.59
7550724,1265155,90.23
7550724,1265156,179.39
7550724,1265157,34.29
7550724,1265159,37.49
7550724,1265161,46.24
7550724,1265174,54.79
7550724,1265883,85.68
7550724,1265895,60.88
7550724,1266067,51.11
7550724,1266178,18.62
7550724,1266436,112.35
7550724,1266445,81.03
7550724,1266473,58.53
7550724,1266684,125.12
7550724,1266746,100.9
7550724,1266796,21.71
7550724,1266890,35.81
7550724,1267120,38.66
7550724,1267147,32.93
7550724,1267241,79.53
7550724,1267422,37.36
7550724,1267604,101.47
7550724,1267759,6.3
7550724,1267912,1.16
7550724,1268045,173.14
7550724,1268074,79.41
7550724,1268100,74.94
7550724,1268101,74.94
7550724,1268104,65.55
7550724,1268105,66.74
7550724,1268108,78.21
7550724,1268109,58.77
7550724,1268153,32.93
7550724,1268534,67.86
7550724,1268683,8.42
7550724,1268887,66.57
7550724,1268908,93.48
7550724,1269153,114.98
7550724,1269192,111.96
7550724,1269193,43.77
7550724,1269194,88.25
7550724,1269196,77.69
7550724,1269197,143.88
7550724,1269198,172.28
7550724,1269199,88.97
7550724,1269200,153.36
7550724,1269201,132.83
7550724,1269203,68.6
7550724,1269204,148.3
7550724,1269205,97.01
7550724,1269207,76.38
7550724,1269209,74.54
7550724,1269211,73.61
7550724,1269212,134.77
7550724,1269213,89.89
7550724,1269214,83.78
7550724,1269215,135.56
7550724,1269216,118.14
7550724,1269218,114.74
7550724,1269219,47.64
7550724,1269220,124.86
7550724,1269221,108.12
7550724,1269222,38.94
7550724,1269223,67.85
7550724,1269224,72.4
7550724,1269225,73.76
7550724,1269299,96.6
7550724,1269717,36.92
7550724,1269720,140.86
7550724,1269721,47.87
7550724,1269885,50.27
7550724,1269914,156.83
7550724,1269954,2.54
7550724,1270104,66.45
7550724,1270123,56.05
7550724,1270124,77.69
7550724,1270125,83.11
7550724,1270214,84.71
7550724,1270215,106.49
7550724,1270218,0.01
7550724,1270265,95.55
7550724,1270347,28.55
7550724,1270409,37.05
7550724,1270468,1.88
7550724,1270535,40.6
7550724,1270641,32.25
7550724,1270679,79.99
7550724,1270687,30.25
7550724,1270836,48.19
7550724,1270841,139.23
7550724,1270890,10.32
7550724,1271123,57.9
7550724,1271131,0.01
7550724,1271178,41.29
7550724,1271202,82.47
7550724,1271210,29.13
7550724,1271530,83.73
7550724,1271639,99.43
7550724,1271718,23.78
7550724,1271936,44.04
7550724,1272033,147.43
7550724,1272058,35.58
7550724,1272120,7.22
7550724,1272123,81.03
7550724,1272417,41.17
7550724,1272466,151.08
7550724,1272467,137.59
7550724,1272468,164.03
7550724,1272554,43.31
7550724,1272555,50.27
7550724,1272556,50.27
7550724,1272557,78.5
7550724,1272558,73.42
7550724,1272559,59.62
7550724,1272560,59.62
7550724,1272561,59.62
7550724,1272562,63.23
7550724,1272648,53.96
7550724,1272716,0.01
7550724,1272717,0.01
7550724,1272719,65.94
7550724,1272720,60.53
7550724,1272767,49.31
7550724,1272808,81.08
7550724,1272964,71.29
7550724,1273073,81.08
7550724,1273107,44
7550724,1273152,4.59
7550724,1273233,24.32
7550724,1273290,4.09
7550724,1273291,10.73
7550724,1273292,10.73
7550724,1273294,8.17
7550724,1273303,2.82
7550724,1273341,122.97
7550724,1273401,11.51
7550724,1273551,141.79
7550724,1273567,71.73
7550724,1273568,81.8
7550724,1273627,6.38
7550724,1273698,72.29
7550724,1273837,0.01
7550724,1273898,22.06
7550724,1273899,20.91
7550724,1273900,21.41
7550724,1273901,21.1
7550724,1273902,18.8
7550724,1273903,29.18
7550724,1274253,14.48
7550724,1274397,213.34
7550724,1274543,47.62
7550724,1274554,16.61
7550724,1274612,147.46
7550724,1274617,78.02
7550724,1274737,13.09
7550724,1274793,63.43
7550724,1274910,39.59
7550724,1275017,54.48
7550724,1275078,83.24
7550724,1275080,64.21
7550724,1275279,67.18
7550724,1275322,90.47
7550724,1275399,67.72
7550724,1275404,9.33
7550724,1275628,80.28
7550724,1275630,192.91
7550724,1275884,141.53
7550724,1275887,69.93
7550724,1276002,116.31
7550724,1276142,66.45
7550724,1276298,44.04
7550724,1276351,35.81
7550724,1276352,35.81
7550724,1276353,35.81
7550724,1276394,91.89
7550724,1276515,3.61
7550724,1276516,0.68
7550724,1276727,72.34
7550724,1276728,107.13
7550724,1276729,103.94
7550724,1277667,7.66
7550724,1277916,21.01
7550724,1277982,2.06
7550724,1278121,67.09
7550724,1278369,276.13
7550724,1278471,43.83
7550724,1279016,65.96
7550724,1279017,61.68
7550724,1279208,33.52
7550724,1279660,321.51
7550724,1279735,7.43
7550724,1279751,204.64
7550724,1279823,3.11
7550724,1279851,50.13
7550724,1280070,8.58
7550724,1280075,67.32
7550724,1280427,53.37
7550724,1280516,177.27
7550724,1280517,79.71
7550724,1281211,224.93
7550724,1281392,30.14
7550724,1281417,25.06
7550724,1282187,99.2
7550724,1282284,87.93
7550724,1282406,270.09
7550724,1282757,59.96
7550724,1282809,8.02
7550724,1282899,49.71
7550724,1283015,42.92
7550724,1283378,11.44
7550724,1283429,64.38
7550724,1283498,19.22
7550724,1283715,70.56
7550724,1283813,32.25
7550724,1283828,274.67
7550724,1283830,25.42
7550724,1284060,43.22
7550724,1284062,58.57
7550724,1284096,44.04
7550724,1284238,55.8
7550724,1284398,66.22
7550724,1284496,47.28
7550724,1284961,55.7
7550724,1284962,56.67
7550724,1285114,51.37
7550724,1285115,56.91
7550724,1285119,38.06
7550724,1285144,97.81
7550724,1285162,56.75
7550724,1285498,174.25
7550724,1285777,148.84
7550724,1285799,144.74
7550724,1285805,71.52
7550724,1285817,35.04
7550724,1285924,43.52
7550724,1286252,83.64
7550724,1286516,0.01
7550724,1286823,10.07
7550724,1287136,61.34
7550724,1287162,149.92
7550724,1287317,87.43
7550724,1287319,44.51
7550724,1287640,235.24
7550724,1287642,123.68
7550724,1287733,56.77
7550724,1287734,59.73
7550724,1287769,11.44
7550724,1287771,43.19
7550724,1287822,111.75
7550724,1287936,52.36
7550724,1288212,103.56
7550724,1288293,21.27
7550724,1288383,0.01
7550724,1288521,100.95
7550724,1288788,66.56
7550724,1288790,93.18
7550724,1289079,38.8
7550724,1289282,112.01
7550724,1289460,0.01
7550724,1289461,0.01
7550724,1289462,0.01
7550724,1289469,116.38
7550724,1289550,88.29
7550724,1289750,19.36
7550724,1289919,195.87
7550724,1290066,59.33
7550724,1290099,24.38
7550724,1290292,54.33
7550724,1290431,189.21
7550724,1290440,79.81
7550724,1290561,49.61
7550724,1290577,17.06
7550724,1290842,32.32
7550724,1290849,27.94
7550724,1291282,131.8
7550724,1291285,156.83
7550724,1291446,336.27
7550724,1291450,20.81
7550724,1291517,87.33
7550724,1291742,111.04
7550724,1291846,96.81
7550724,1291847,123.43
7550724,1292084,52.52
7550724,1292324,17.98
7550724,1292370,33.85
7550724,1292416,9.87
7550724,1292417,5.16
7550724,1292473,4.63
7550724,1292541,72.67
7550724,1292626,125.12
7550724,1292689,0.01
7550724,1292867,36.63
7550724,1293052,66.45
7550724,1293233,95.48
7550724,1293284,85.53
7550724,1293300,46.48
7550724,1293398,714.29
7550724,1293424,89.12
7550724,1293493,10.66
7550724,1293549,148.84
7550724,1293793,36.63
7550724,1293796,36.63
7550724,1293816,46.08
7550724,1293850,155.63
7550724,1293876,34.44
7550724,1293937,220.56
7550724,1294287,83.71
7550724,1294461,25.56
7550724,1294591,73.47
7550724,1294639,103.92
7550724,1294643,25.75
7550724,1295031,42.1
7550724,1295034,42.1
7550724,1295063,7.43
7550724,1295135,6.55
7550724,1295183,75.07
7550724,1295354,195.87
7550724,1295418,33.64
7550724,1295617,36.99
7550724,1295812,39.57
7550724,1295814,44.04
7550724,1295986,19.11
7550724,1295991,23.5
7550724,1296036,54.79
7550724,1296119,57.19
7550724,1296122,60.59
7550724,1296323,122.56
7550724,1296374,19.4
7550724,1296384,78.81
7550724,1296486,102.71
7550724,1296497,70.59
7550724,1296717,76.28
7550724,1296805,48.27
7550724,1297457,69.99
7550724,1297512,50.97
7550724,1297609,0.01
7550724,1297656,31.35
7550724,1297870,15.91
7550724,1297871,15.91
7550724,1297966,177.86
7550724,1298066,4.22
7550724,1298068,3.85
7550724,1298319,53.39
7550724,1298368,296.85
7550724,1298369,302.57
7550724,1298389,29.99
7550724,1299143,409.04
7550724,1299438,36.63
7550724,1299496,70.05
7550724,1299508,504.13
7550724,1299518,2260.38
7550724,1299535,247.37
7550724,1299562,813.09
7550724,1299635,47.17
7550724,1299641,52.85
7550724,1299734,72.9
7550724,1300064,77.19
7550724,1300245,50.19
7550724,1300258,55.02
7550724,1300350,6.38
7550724,1300598,92.22
7550724,1300648,15.91
7550724,1300706,79.72
7550724,1300789,54.49
7550724,1300991,131.56
7550724,1301058,126.25
7550724,1301159,73.62
7550724,1301209,0.01
7550724,1301405,87.13
7550724,1301459,3.47
7550724,1302074,54.39
7550724,1302158,61.53
7550724,1302160,35.38
7550724,1302197,148.09
7550724,1302323,90.39
7550724,1302342,15.49
7550724,1302573,97.45
7550724,1302724,0.01
7550724,1302728,0.01
7550724,1303246,42.1
7550724,1303337,84.6
7550724,1303378,426.9
7550724,1303387,62.2
7550724,1303449,103.91
7550724,1303473,119.41
7550724,1303622,53.41
7550724,1303623,64.49
7550724,1303626,3.28
7550724,1303628,87.53
7550724,1304226,177.27
7550724,1304573,130.24
7550724,1304593,5.17
7550724,1304968,64.78
7550724,1304972,51.49
7550724,1305085,172.58
7550724,1305384,72.01
7550724,1305414,50.19
7550724,1305575,67.86
7550724,1305585,26.66
7550724,1305589,17.3
7550724,1305596,64.78
7550724,1305826,64.78
7550724,1305829,48
7550724,1305833,16.86
7550724,1306001,64.78
7550724,1306059,30.72
7550724,1306070,23.27
7550724,1306140,43.94
7550724,1306207,43.94
7550724,1306324,79.81
7550724,1306326,79.81
7550724,1306429,67.92
7550724,1306499,35.67
7550724,1306506,50.9
7550724,1306511,27.24
7550724,1306513,32.62
7550724,1306568,104.27
7550724,1306705,70.56
7550724,1306743,33.04
7550724,1306745,26.99
7550724,1306748,30.02
7550724,1306751,33.82
7550724,1306752,23
7550724,1306761,26.26
7550724,1306762,24.65
7550724,1306769,69.35
7550724,1306770,46.35
7550724,1307122,59.43
7550724,1307164,5.72
7550724,1307351,39.73
7550724,1307465,324.08
7550724,1307466,4.91
7550724,1307761,91.96
7550724,1307871,128.8
7550724,1307873,135.34
7550724,1307874,128.8
7550724,1307901,207.65
7550724,1308153,135.7
7550724,1308161,85.86
7550724,1308166,50.7
7550724,1308190,84.6
7550724,1308260,44.56
7550724,1308417,58.18
7550724,1308534,7.91
7550724,1308598,37.76
7550724,1308696,160.17
7550724,1309125,51.49
7550724,1309271,79.81
7550724,1309356,60.3
7550724,1309682,56.78
7550724,1309683,56.78
7550724,1309684,76.96
7550724,1309689,85.97
7550724,1309691,85.97
7550724,1309937,64.78
7550724,1310099,98.02
7550724,1310229,76.72
7550724,1310543,62.54
7550724,1310911,6.14
7550724,1311048,76.82
7550724,1311053,98.31
7550724,1311054,98.02
7550724,1311055,98.02
7550724,1311056,98.02
7550724,1311057,56.78
7550724,1311058,56.78
7550724,1311184,16.92
7550724,1311424,21.91
7550724,1311518,7.84
7550724,1311680,50.28
7550724,1311918,39.49
7550724,1311963,5.8
7550724,1312070,0.01
7550724,1312213,30.89
7550724,1312326,6.64
7550724,1312386,66.45
7550724,1312600,206.01
7550724,1312651,192.91
7550724,1312872,61.4
7550724,1312874,57.76
7550724,1312914,65.1
7550724,1313350,5.63
7550724,1313390,52.31
7550724,1313393,72.03
7550724,1313398,5.59
7550724,1313606,1.52
7550724,1313976,39.21
7550724,1314009,76.95
7550724,1314062,30.89
7550724,1314063,30.89
7550724,1314260,77.92
7550724,1314370,1.61
7550724,1314390,3.79
7550724,1314434,185.29
7550724,1314682,42.78
7550724,1314729,7.26
7550724,1314802,59.82
7550724,1314816,7.15
7550724,1314936,42.84
7550724,1315044,23.05
7550724,1315216,54.12
7550724,1315235,126.73
7550724,1315240,49.25
7550724,1315302,68.04
7550724,1315625,14.19
7550724,1315660,21.79
7550724,1315822,50.58
7550724,1315850,2260.38
7550724,1315858,81.69
7550724,1315979,36.18
7550724,1316049,6.63
7550724,1316141,138.35
7550724,1316429,2.55
7550724,1316617,697.37
7550724,1316816,9.21
7550724,1316838,14.74
7550724,1316873,58.17
7550724,1316982,4.61
7550724,1317040,20.91
7550724,1317123,35
7550724,1317124,35
7550724,1317125,35
7550724,1317126,35
7550724,1317127,35
7550724,1317128,35
7550724,1317129,35
7550724,1317165,39.21
7550724,1317221,8.6
7550724,1317277,2.81
7550724,1317280,2.32
7550724,1317298,77.54
7550724,1317308,118.93
7550724,1317433,34.81
7550724,1317643,37.92
7550724,1317668,195.61
7550724,1317670,158.16
7550724,1317706,17.68
7550724,1317783,235.87
7550724,1317881,5.48
7550724,1317892,7.99
7550724,1317902,7.6
7550724,1317904,10
7550724,1317909,64.75
7550724,1317973,132.94
7550724,1318128,80.56
7550724,1318132,50.76
7550724,1318220,239.14
7550724,1318235,59.62
7550724,1318435,45.5
7550724,1318544,138.97
7550724,1318794,83.62
7550724,1319149,91.92
7550724,1319289,99.07
7550724,1319344,22
7550724,1319741,1.61
7550724,1319816,56.51
7550724,1319847,111.96
7550724,1319849,60.42
7550724,1319850,81.96
7550724,1320462,39.73
7550724,1320537,57.32
7550724,1320672,30.59
7550724,1320798,32.93
7550724,1320881,106.91
7550724,1321151,43.79
7550724,1321164,91.27
7550724,1321284,181.81
7550724,1321430,54.84
7550724,1321431,57.89
7550724,1321510,108.97
7550724,1321737,91.24
7550724,1321751,124.81
7550724,1321783,157.63
7550724,1321982,43.56
7550724,1322125,77.74
7550724,1322193,47.56
7550724,1322398,120.53
7550724,1322431,30
7550724,1322444,50.76
7550724,1322472,53.45
7550724,1322491,101.65
7550724,1322503,106.9
7550724,1322601,112.53
7550724,1322674,3.24
7550724,1322689,102.63
7550724,1322848,15.43
7550724,1322981,108.33
7550724,1323187,58.13
7550724,1323414,36.13
7550724,1323854,72.79
7550724,1323881,74.58
7550724,1323990,172.86
7550724,1324436,80.97
7550724,1324473,187.55
7550724,1324639,65.13
7550724,1324712,129.3
7550724,1324918,60.61
7550724,1325297,85.74
7550724,1325466,128.8
7550724,1326034,144.43
7550724,1326036,20.02
7550724,1326051,112.83
7550724,1326053,80.12
7550724,1326073,97.45
7550724,1326074,91.51
7550724,1326382,82.52
7550724,1326447,50.76
7550724,1326609,44.23
7550724,1326643,36.36
7550724,1326651,136.67
7550724,1326697,5.98
7550724,1326970,101.29
7550724,1326981,13.66
7550724,1326983,125.97
7550724,1327331,79.81
7550724,1327431,84.8
7550724,1327432,56.27
7550724,1327503,187.4
7550724,1328062,70.59
7550724,1328085,67.35
7550724,1328088,67.35
7550724,1328351,57.98
7550724,1328577,71.44
7550724,1328694,5.98
7550724,1328839,67.61
7550724,1328961,85.83
7550724,1328963,43.37
7550724,1329031,56.2
7550724,1329062,95.71
7550724,1329139,89.26
7550724,1329152,30.07
7550724,1329713,0.01
7550724,1329723,60.4
7550724,1329760,46.25
7550724,1330008,6.6
7550724,1330012,85.74
7550724,1330428,32.67
7550724,1330435,163.22
7550724,1330488,72.03
7550724,1330533,50.34
7550724,1330770,55.91
7550724,1331007,74.58
7550724,1331071,85.47
7550724,1331159,31.96
7550724,1331416,56.2
7550724,1331418,7.99
7550724,1331539,60.61
7550724,1331701,106.54
7550724,1331708,0.01
7550724,1331813,50.72
7550724,1331998,21.98
7550724,1332302,21.95
7550724,1332369,6.3
7550724,1332409,60.87
7550724,1332574,20.47
7550724,1332626,150.44
7550724,1332717,96.18
7550724,1333675,134.48
7550724,1333996,86.7
7550724,1334142,31.46
7550724,1334209,4.99
7550724,1334499,108.62
7550724,1334919,40.67
7550724,1335006,118.42
7550724,1335401,33.93
7550724,1335423,137.29
7550724,1335430,88.66
7550724,1335643,255.42
7550724,1335678,181.12
7550724,1335778,63.99
7550724,1335914,68.93
7550724,1335984,103.94
7550724,1335990,41.36
7550724,1335996,61.27
7550724,1335999,87.93
7550724,1336001,97.4
7550724,1336011,120.94
7550724,1336083,101.68
7550724,1336148,65.44
7550724,1336150,30.08
7550724,1336346,18.94
7550724,1336403,116.9
7550724,1336432,12.86
7550724,1336462,245.31
7550724,1336579,322.62
7550724,1336756,29.41
7550724,1337056,48.69
7550724,1337172,66.11
7550724,1337247,10.5
7550724,1337298,53.63
7550724,1337301,59.66
7550724,1337572,207.65
7550724,1337648,321.46
7550724,1337799,8.53
7550724,1337912,6.87
7550724,1337994,21.27
7550724,1338141,46.99
7550724,1338442,101.5
7550724,1338524,24.63
7550724,1339202,131.56
7550724,1339241,54.79
7550724,1339375,131.56
7550724,1339493,54.29
7550724,1339499,84.33
7550724,1339559,31.16
7550724,1339730,50.46
7550724,1339912,116.51
7550724,1340331,53.4
7550724,1340469,75.04
7550724,1340498,40.25
7550724,1340708,49.49
7550724,1340709,37.67
7550724,1340827,110.45
7550724,1340835,3.23
7550724,1340967,80.31
7550724,1341001,100.75
7550724,1341103,117.04
7550724,1341308,105.27
7550724,1341414,68.93
7550724,1341446,60.87
7550724,1341567,77.24
7550724,1341624,63.58
7550724,1341878,35.46
7550724,1341886,122.98
7550724,1341973,17.3
7550724,1342153,67.71
7550724,1342373,125.12
7550724,1342389,1.56
7550724,1342651,32.52
7550724,1342789,8.65
7550724,1342825,62.85
7550724,1342847,32.18
7550724,1343148,82.07
7550724,1343208,68.93
7550724,1343211,125.67
7550724,1343212,138.35
7550724,1343214,129.32
7550724,1343215,118.13
7550724,1343216,213.66
7550724,1343421,5
7550724,1343502,18.59
7550724,1343525,151.95
7550724,1343574,83.63
7550724,1343669,41.83
7550724,1343703,6.64
7550724,1344069,5.84
7550724,1344184,85.68
7550724,1344251,43.06
7550724,1344275,203.44
7550724,1344290,132.8
7550724,1344444,30.78
7550724,1344474,13.32
7550724,1344491,32.96
7550724,1344556,84.6
7550724,1344855,62.04
7550724,1344920,47.74
7550724,1345102,118.89
7550724,1345141,63.74
7550724,1345301,48.02
7550724,1345463,11.94
7550724,1345673,99.54
7550724,1345720,14.19
7550724,1345844,61.91
7550724,1345935,26.46
7550724,1346116,77.48
7550724,1346577,25.02
7550724,1346592,63.05
7550724,1346743,14.48
7550724,1346744,16.88
7550724,1346786,69.76
7550724,1347126,84.34
7550724,1347137,49.77
7550724,1347174,82.24
7550724,1347296,14.15
7550724,1347653,45.42
7550724,1348099,83.48
7550724,1348317,10.39
7550724,1350383,65.6
7550724,1350384,67.43
7550724,1350485,28.85
7550724,1350833,66.47
7550724,1350838,116.41
7550724,1350905,42.83
7550724,1350934,118.65
7550724,1351148,51.18
7550724,1351149,58.28
7550724,1351221,151.63
7550724,1351644,97.32
7550724,1351713,116.41
7550724,1351714,104.26
7550724,1351715,104.26
7550724,1351716,92.11
7550724,1351717,97.32
7550724,1351718,97.32
7550724,1351833,54.35
7550724,1352297,81.17
7550724,1352377,106.61
7550724,1352528,119.44
7550724,1352531,3.98
7550724,1352821,17.12
7550724,1353025,104.52
7550724,1353027,89.12
7550724,1353281,57.49
7550724,1353550,71.09
7550724,1353568,86.85
7550724,1353569,136.34
7550724,1353586,54.35
7550724,1353604,97.35
7550724,1353620,113.16
7550724,1353712,3.97
7550724,1353854,36.57
7550724,1353855,28.53
7550724,1353858,32.39
7550724,1354253,69.73
7550724,1354478,58.23
7550724,1354519,81.02
7550724,1354572,71.43
7550724,1354749,111.41
7550724,1354829,45.92
7550724,1354936,125.46
7550724,1355111,45.63
7550724,1355215,123.47
7550724,1355345,50.9
7550724,1355346,50.9
7550724,1355347,50.9
7550724,1355348,50.9
7550724,1355419,82.37
7550724,1355447,5.09
7550724,1355841,31.96
7550724,1356234,75.38
7550724,1356392,55.69
7550724,1356393,58.28
7550724,1356428,50.46
7550724,1356429,115.25
7550724,1356666,2.93
7550724,1356856,65.96
7550724,1357596,121.34
7550724,1357650,71.09
7550724,1358086,96.34
7550724,1358163,326.56
7550724,1358274,52.47
7550724,1358427,76.93
7550724,1358486,30.94
7550724,1358716,182.74
7550724,1358802,66.37
7550724,1358820,21.04
7550724,1359055,61.39
7550724,1359185,13.19
7550724,1359399,66.31
7550724,1359400,22.79
7550724,1359592,50.9
7550724,1359703,82.21
7550724,1359708,81.66
7550724,1359833,190.41
7550724,1360138,0.01
7550724,1360238,8.16
7550724,1360313,50.22
7550724,1360341,62.13
7550724,1360461,62.34
7550724,1360626,96.32
7550724,1360862,65.89
7550724,1360911,97.93
7550724,1361010,55.76
7550724,1361241,82.87
7550724,1361243,59.89
7550724,1361447,51.86
7550724,1361460,61.86
7550724,1361576,34.27
7550724,1361585,45.02
7550724,1361851,1.02
7550724,1361921,6.34
7550724,1362093,55
7550724,1362094,53.67
7550724,1362095,57.93
7550724,1362121,76.28
7550724,1362197,107.4
7550724,1362342,46.43
7550724,1362344,92.56
7550724,1362391,115.9
7550724,1362434,58.04
7550724,1362516,32.42
7550724,1362667,26.86
7550724,1362690,29.9
7550724,1362699,119.93
7550724,1362710,98.66
7550724,1362712,106.59
7550724,1362713,139.62
7550724,1362837,65.96
7550724,1362838,60.83
7550724,1362896,42.6
7550724,1362993,97.47
7550724,1363025,16.46
7550724,1363026,21.85
7550724,1363035,16.82
7550724,1363348,92.17
7550724,1363632,10.95
7550724,1363694,40.25
7550724,1363817,79.2
7550724,1363838,13.36
7550724,1363854,117.8
7550724,1363857,35.47
7550724,1363885,64.51
7550724,1364033,50.58
7550724,1364321,28.85
7550724,1364483,51.86
7550724,1364952,34.26
7550724,1364971,6.72
7550724,1364984,43.64
7550724,1365051,34.27
7550724,1365293,58.04
7550724,1365538,22.79
7550724,1365671,14.94
7550724,1365734,92.2
7550724,1365938,57.81
7550724,1365977,112.56
7550724,1366409,72.61
7550724,1366511,87.68
7550724,1367055,128.4
7550724,1367171,19.58
7550724,1367176,88.51
7550724,1367358,68.96
7550724,1367545,8.26
7550724,1367749,37.68
7550724,1367994,17.09
7550724,1368095,105.29
7550724,1368607,12.02
7550724,1368666,48.84
7550724,1368720,50.9
7550724,1368824,49.47
7550724,1368889,50.9
7550724,1368890,50.9
7550724,1369497,43.71
7550724,1369655,62.37
7550724,1370067,37.79
7550724,1370162,2.38
7550724,1370167,10.32
7550724,1370352,4.05
7550724,1370376,114.58
7550724,1370434,44.69
7550724,1370444,34.8
7550724,1370531,55.63
7550724,1370602,43.3
7550724,1370890,58.63
7550724,1370929,184.92
7550724,1370944,44.85
7550724,1370986,64.09
7550724,1371260,65.84
7550724,1371567,118.57
7550724,1371714,174.25
7550724,1371939,52.05
7550724,1372694,57.93
7550724,1372742,108.9
7550724,1372855,6.34
7550724,1373244,43.93
7550724,1373342,102.25
7550724,1373362,89.54
7550724,1373420,56.34
7550724,1373424,16.46
7550724,1373426,16.46
7550724,1373512,0.01
7550724,1373557,13.76
7550724,1373646,54.61
7550724,1373659,2.08
7550724,1373787,6.72
7550724,1374091,51.73
7550724,1374256,14.52
7550724,1374439,73.94
7550724,1374463,60.49
7550724,1374924,23.02
7550724,1374953,81.48
7550724,1375056,10.65
7550724,1375060,44.57
7550724,1375239,60.3
7550724,1375250,166.59
7550724,1375261,6.96
7550724,1375464,12.02
7550724,1375549,33.85
7550724,1375824,166.59
7550724,1375825,60.3
7550724,1375826,60.3
7550724,1375903,54.95
7550724,1375996,123.48
7550724,1376000,6.72
7550724,1376052,980.18
7550724,1376056,125.75
7550724,1376058,45.11
7550724,1376060,45.11
7550724,1376061,45.11
7550724,1376062,45.11
7550724,1376064,45.11
7550724,1376065,45.11
7550724,1376067,142.45
7550724,1376069,142.45
7550724,1376070,142.45
7550724,1376071,142.45
7550724,1376073,142.45
7550724,1376074,142.45
7550724,1376076,153.05
7550724,1376078,153.05
7550724,1376079,153.05
7550724,1376080,153.05
7550724,1376081,153.05
7550724,1376082,153.05
7550724,1376083,153.05
7550724,1376159,41.75
7550724,1376161,41.75
7550724,1376162,41.75
7550724,1376163,41.75
7550724,1376164,41.75
7550724,1376165,41.75
7550724,1376218,78.61
7550724,1376261,56.61
7550724,1376285,10.39
7550724,1376615,43.64
7550724,1376920,47.05
7550724,1377035,91.74
7550724,1377036,67.08
7550724,1377037,46.82
7550724,1377045,55.53
7550724,1377048,34.85
7550724,1377050,124.97
7550724,1377053,349.48
7550724,1377138,35.61
7550724,1377380,0.01
7550724,1377548,19.58
7550724,1377577,15.26
7550724,1377694,73.19
7550724,1377880,62.02
7550724,1377908,88.72
7550724,1378036,83.93
7550724,1378134,14.59
7550724,1378180,8.16
7550724,1378249,76.19
7550724,1378262,7.78
7550724,1378590,71.24
7550724,1378712,167.28
7550724,1378773,86.82
7550724,1379011,11.28
7550724,1379027,49.7
7550724,1379233,49.88
7550724,1379322,121.49
7550724,1379368,52.93
7550724,1379557,0.01
7550724,1379585,5.28
7550724,1379846,57.81
7550724,1380145,57.5
7550724,1380212,55.53
7550724,1380415,32.01
7550724,1380629,8.22
7550724,1381085,56.77
7550724,1381209,63.74
7550724,1381298,55.53
7550724,1381430,49.48
7550724,1381798,69.83
7550724,1381885,67.04
7550724,1382111,11.8
7550724,1382112,54.31
7550724,1382149,49.37
7550724,1382210,10.15
7550724,1382240,0.01
7550724,1382252,102.85
7550724,1382256,32.13
7550724,1382257,59.4
7550724,1382375,7.53
7550724,1383017,1143.5
7550724,1383070,48.97
7550724,1383328,130.04
7550724,1383531,35.38
7550724,1383533,53.03
7550724,1383594,55.53
7550724,1383596,58.47
7550724,1383607,68.36
7550724,1383716,0.01
7550724,1383740,72.28
7550724,1383782,52.43
7550724,1383883,8.16
7550724,1384044,13.73
7550724,1384203,81.45
7550724,1384309,10.39
7550724,1384362,51.77
7550724,1384446,3.15
7550724,1384611,73.19
7550724,1384666,40.41
7550724,1384867,58.57
7550724,1385195,123.28
7550724,1385196,123.28
7550724,1385731,30.72
7550724,1385907,88.02
7550724,1386002,92.54
7550724,1386107,22.79
7550724,1386604,31.45
7550724,1386775,47
7550724,1386959,62.34
7550724,1387004,14.87
7550724,1387181,0.01
7550724,1388032,45.54
7550724,1388033,49.7
7550724,1388034,56.69
7550724,1388997,24.4
7550724,1389249,20.1
7550724,1389701,16.02
7550724,1389703,70.85
7550724,1389712,53.67
7550724,1390071,73.68
7550724,1390118,60.49
7550724,1390468,42.78
7550724,1391385,28.72
7550724,1391548,41.23
7550724,1392649,56.49
7550724,1392868,7.32
7550724,1392869,17.5
7550724,1392871,6.45
7550724,1394709,43.5
7550724,1394710,43.5
7550724,1394711,43.5
7550724,1394991,39.35
7550724,1395195,50.7
7550724,1395819,72.01
7550724,1396091,116.17
7550724,1396095,34.27
7550724,1396748,87.08
7550724,1396926,59.66
7550724,1396965,68.76
7550724,1396995,116.71
7550724,1397269,67.71
7550724,1397280,69.05
7550724,1397281,61.04
7550724,1397379,34.26
7550724,1397492,67.84
7550724,1397493,54.83
7550724,1397576,33.33
7550724,1397591,134.56
7550724,1398020,94.32
7550724,1398321,88.03
7550724,1398322,88.03
7550724,1398323,88.03
7550724,1398324,88.03
7550724,1398354,80.17
7550724,1398527,69.77
7550724,1398849,58.96
7550724,1398967,79.58
7550724,1399556,26.99
7550724,1399557,26.99
7550724,1399860,103.85
7550724,1399861,141
7550724,1399862,123.84
7550724,1399942,72.59
7550724,1403010,15.55
7550724,1000146,22.35
7550724,1000149,33.25
7550724,1000150,31.44
7550724,1000151,35.92
7550724,1000152,42.75
7550724,1000153,38.67
7550724,1000154,40.26
7550724,1000155,30.28
7550724,1000156,29.38
7550724,1000157,37.74
7550724,1000158,49.75
7550724,1001729,34.1
7550724,1001730,45.02
7550724,1001756,34.1
7550724,1001786,44.5
7550724,1001813,46.75
7550724,1001814,39.46
7550724,1002012,27.47
7550724,1002017,40.48
7550724,1002019,40.26
7550724,1002499,21.04
7550724,1002513,28.79
7550724,1003172,52.93
7550724,1003277,51.74
7550724,1003756,144.5
7550724,1003782,183.98
7550724,1004122,87.64
7550724,1004123,108.36
7550724,1004319,97.88
7550724,1004362,64.38
7550724,1005211,87.91
7550724,1005906,214.76
7550724,1006225,126.85
7550724,1006265,112.65
7550724,1006320,41.65
7550724,1006350,42.97
7550724,1006763,174.27
7550724,1006764,174.27
7550724,1006876,83.04
7550724,1006890,117.79
7550724,1007231,151.02
7550724,1007232,121.45
7550724,1007263,120.36
7550724,1007352,25.86
7550724,1007758,45.98
7550724,1007770,45.98
7550724,1007771,45.98
7550724,1007774,45.98
7550724,1007776,0.01
7550724,1008216,45.48
7550724,1008217,35.59
7550724,1008762,114.78
7550724,1008767,260.82
7550724,1008793,186.21
7550724,1008800,47.8
7550724,1008801,47.8
7550724,1008802,47.8
7550724,1008994,103.43
7550724,1009196,71.69
7550724,1009454,71.69
7550724,1009686,76.66
7550724,1009702,247.56
7550724,1009703,165.57
7550724,1009879,145.82
7550724,1009880,161.97
7550724,1009881,141.87
7550724,1009883,323.04
7550724,1009884,279.38
7550724,1009910,60.64
7550724,1010000,187.09
7550724,1010946,157.31
7550724,1010953,100.2
7550724,1010981,133.96
7550724,1011020,146.97
7550724,1011078,52.52
7550724,1011079,55.85
7550724,1011177,52.52
7550724,1011928,116.05
7550724,1011979,116.05
7550724,1013073,75.45
7550724,1013090,94.57
7550724,1013133,129.14
7550724,1013159,153.01
7550724,1013160,191.83
7550724,1013165,153.53
7550724,1013174,90.67
7550724,1013183,102.02
7550724,1013191,102.02
7550724,1013211,102.02
7550724,1013372,127.07
7550724,1013514,60.51
7550724,1013530,106.15
7550724,1013532,114.23
7550724,1013546,98.67
7550724,1013558,59.9
7550724,1013573,89.39
7550724,1013576,84.96
7550724,1013588,60.18
7550724,1013610,60.18
7550724,1013626,79.59
7550724,1013628,82.59
7550724,1013629,88.64
7550724,1013630,81.33
7550724,1013632,86.89
7550724,1013634,60.51
7550724,1013645,139.16
7550724,1013653,81.95
7550724,1013656,76.82
7550724,1013659,91.59
7550724,1013661,110.76
7550724,1013678,82.98
7550724,1013688,88.01
7550724,1013690,61.5
7550724,1013691,71.94
7550724,1013696,146.6
7550724,1013699,113.68
7550724,1013700,61.22
7550724,1013715,189.4
7550724,1013744,92.8
7550724,1013745,84.67
7550724,1013746,59.06
7550724,1013747,95.17
7550724,1013748,150.61
7550724,1013749,109.84
7550724,1013751,81.2
7550724,1013752,94.57
7550724,1013753,114.43
7550724,1013754,60
7550724,1013755,75.3
7550724,1013790,82.46
7550724,1013871,53.61
7550724,1013915,98.45
7550724,1013921,111.58
7550724,1013928,132.22
7550724,1013931,140.58
7550724,1013976,70.48
7550724,1013977,64.07
7550724,1013996,60.94
7550724,1014014,83.28
7550724,1014018,96.09
7550724,1014049,113.53
7550724,1014075,108.93
7550724,1014134,154.89
7550724,1014266,90.47
7550724,1014268,90.47
7550724,1014271,86.16
7550724,1014272,112.24
7550724,1014273,112.24
7550724,1014278,90.47
7550724,1014280,90.47
7550724,1014282,86.16
7550724,1014285,90.47
7550724,1014287,87.88
7550724,1014289,26.68
7550724,1014294,35.26
7550724,1014297,206.25
7550724,1014300,81.61
7550724,1014305,63.69
7550724,1014307,90.47
7550724,1014308,161.66
7550724,1014309,188.34
7550724,1014311,89.26
7550724,1014312,89.61
7550724,1014319,179.37
7550724,1014320,90.47
7550724,1014327,85.45
7550724,1014329,73.21
7550724,1014335,85.45
7550724,1014360,130.27
7550724,1014375,77.23
7550724,1014405,42.28
7550724,1014407,36.61
7550724,1014447,38.67
7550724,1014478,204.28
7550724,1014479,49.86
7550724,1014480,43.22
7550724,1014481,39.3
7550724,1014482,38.65
7550724,1014490,42.31
7550724,1014491,40.34
7550724,1014495,28.66
7550724,1014498,33.37
7550724,1014499,48.57
7550724,1014500,38.99
7550724,1014501,37.88
7550724,1014502,39.87
7550724,1014505,73.42
7550724,1014506,38.66
7550724,1014507,86.16
7550724,1014514,199.86
7550724,1014520,216.03
7550724,1014525,188.34
7550724,1014527,188.34
7550724,1014531,165.37
7550724,1014533,165.37
7550724,1014537,161.66
7550724,1014545,90.9
7550724,1014546,117.22
7550724,1014547,121.48
7550724,1014548,120.85
7550724,1014549,84.76
7550724,1014550,87.7
7550724,1014551,85.14
7550724,1014552,93
7550724,1014553,95.66
7550724,1014554,97.22
7550724,1014555,100.8
7550724,1014556,99.29
7550724,1014557,110.87
7550724,1014558,101.56
7550724,1014559,106.46
7550724,1014560,113.51
7550724,1014561,110.86
7550724,1014563,59.17
7550724,1014566,63.97
7550724,1014595,58.12
7550724,1014603,58.12
7550724,1014610,78.22
7550724,1014632,102.02
7550724,1014696,82.06
7550724,1014772,198.9
7550724,1014774,94.01
7550724,1014777,73.45
7550724,1014782,139.06
7550724,1014784,88.48
7550724,1014785,97.46
7550724,1014790,104.41
7550724,1014799,119.12
7550724,1014800,73.11
7550724,1014810,109.57
7550724,1014858,69.15
7550724,1014859,40.1
7550724,1014879,83.97
7550724,1014883,29.51
7550724,1014884,649.03
7550724,1014989,63.8
7550724,1014990,99.12
7550724,1015017,65.55
7550724,1015031,92.68
7550724,1015048,127.87
7550724,1015057,106.32
7550724,1015203,32.03
7550724,1016370,89.69
7550724,1016691,39.39
7550724,1016729,78.77
7550724,1016749,39.39
7550724,1016802,55.79
7550724,1016927,81.88
7550724,1016950,118.15
7550724,1016990,143.28
7550724,1017048,96.25
7550724,1017068,86.1
7550724,1017159,118.83
7550724,1017172,121.14
7550724,1017212,103.37
7550724,1017220,129.55
7550724,1017273,62.24
7550724,1017313,94.11
7550724,1017314,67.05
7550724,1017324,43.07
7550724,1017331,62.24
7550724,1017339,66.82
7550724,1017392,96.25
7550724,1017395,103.48
7550724,1017428,36.24
7550724,1017429,28.35
7550724,1017430,57.82
7550724,1017431,44.22
7550724,1017436,54.99
7550724,1017452,101.9
7550724,1017485,68.29
7550724,1017486,71.29
7550724,1017487,71.29
7550724,1017488,108.38
7550724,1017489,124.86
7550724,1017490,124.86
7550724,1017491,115.56
7550724,1017492,119.49
7550724,1017493,119.46
7550724,1017494,133.21
7550724,1017495,137.77
7550724,1017496,137.77
7550724,1017497,72.71
7550724,1017498,74.99
7550724,1017499,74.99
7550724,1017500,74.99
7550724,1017504,77.62
7550724,1017505,79.27
7550724,1017508,79.27
7550724,1017510,83.42
7550724,1017514,62.36
7550724,1017517,65.3
7550724,1017520,103.43
7550724,1017521,117.61
7550724,1017522,110.17
7550724,1017523,115.94
7550724,1017525,123.08
7550724,1017526,130.73
7550724,1017557,62.24
7550724,1017581,77.24
7550724,1017587,132.66
7550724,1017588,75.81
7550724,1017590,112.16
7550724,1017591,83.42
7550724,1017592,81.88
7550724,1017593,118.15
7550724,1017594,121.14
7550724,1017595,143.28
7550724,1017602,92.9
7550724,1017608,154.89
7550724,1017661,174.73
7550724,1017662,142.73
7550724,1017663,142.73
7550724,1017664,139.86
7550724,1017665,139.86
7550724,1017666,93.44
7550724,1017667,93.44
7550724,1017668,174.73
7550724,1017695,130.24
7550724,1017773,107.71
7550724,1017783,146.86
7550724,1017802,37.22
7550724,1017841,63.71
7550724,1017853,146.86
7550724,1017874,57.9
7550724,1017889,79.19
7550724,1017890,39.92
7550724,1017903,121.92
7550724,1017908,85.17
7550724,1017909,85.17
7550724,1017910,141
7550724,1017911,141
7550724,1017912,141
7550724,1017913,49.41
7550724,1017914,49.41
7550724,1017915,49.41
7550724,1017917,78.12
7550724,1017925,48.92
7550724,1017926,51.77
7550724,1017927,153.57
7550724,1017928,105.68
7550724,1017929,91.27
7550724,1017930,109.84
7550724,1017931,109.84
7550724,1017932,85.17
7550724,1017939,78.12
7550724,1017940,78.12
7550724,1017942,91.12
7550724,1017943,91.12
7550724,1017944,91.12
7550724,1017946,129.34
7550724,1017947,129.34
7550724,1017948,129.34
7550724,1017950,92.91
7550724,1017951,92.91
7550724,1017952,92.91
7550724,1017954,72.61
7550724,1017955,72.61
7550724,1017956,72.61
7550724,1017965,57.56
7550724,1017972,95.72
7550724,1018015,46.99
7550724,1018017,70.75
7550724,1018035,110.3
7550724,1018036,120.22
7550724,1018037,39.92
7550724,1018038,63.71
7550724,1018039,79.19
7550724,1018040,143.88
7550724,1018041,143.88
7550724,1018042,146.86
7550724,1018044,143.88
7550724,1018047,57.56
7550724,1018048,57.56
7550724,1018049,95.72
7550724,1018051,95.72
7550724,1018052,120.82
7550724,1018054,120.82
7550724,1018055,120.82
7550724,1019112,76.42
7550724,1019122,66.49
7550724,1019264,53.11
7550724,1019266,49.78
7550724,1019269,42.17
7550724,1019275,118.77
7550724,1019290,104.65
7550724,1019354,40.44
7550724,1019385,48.21
7550724,1019386,64.01
7550724,1019387,64.01
7550724,1019388,40.44
7550724,1019398,39.22
7550724,1019405,87.21
7550724,1019423,102.41
7550724,1019438,67.78
7550724,1019444,108.81
7550724,1019461,29.38
7550724,1019463,50.41
7550724,1019464,25.61
7550724,1019525,25.27
7550724,1019581,34.22
7550724,1019590,46.72
7550724,1019771,74.57
7550724,1019772,130.61
7550724,1019773,124.95
7550724,1019774,144.07
7550724,1020096,53.53
7550724,1020098,85.19
7550724,1020825,63.24
7550724,1020856,63.24
7550724,1020935,105.98
7550724,1020978,64.44
7550724,1020992,101.9
7550724,1021002,94.9
7550724,1021009,85.19
7550724,1021058,37.88
7550724,1021069,40.48
7550724,1021070,37.88
7550724,1021071,42.05
7550724,1021072,25.71
7550724,1021073,34.19
7550724,1021074,32.91
7550724,1021075,28.86
7550724,1021167,31.64
7550724,1021211,45.74
7550724,1021244,94.3
7550724,1021245,99.98
7550724,1021301,63.82
7550724,1021323,122.01
7550724,1021358,94.9
7550724,1021365,94.9
7550724,1021434,94.9
7550724,1021435,95.11
7550724,1021525,50.62
7550724,1021550,87.13
7550724,1021586,89.9
7550724,1021598,87.13
7550724,1021600,87.13
7550724,1021605,105.98
7550724,1021634,28.07
7550724,1021639,45.74
7550724,1021660,109.33
7550724,1021661,199.91
7550724,1021673,62.24
7550724,1021705,56.89
7550724,1021707,73.14
7550724,1021721,34.56
7550724,1021722,53.44
7550724,1021805,49.61
7550724,1021819,50.62
7550724,1021821,101.9
7550724,1021831,72.57
7550724,1021915,34.56
7550724,1021916,56.89
7550724,1022014,87.13
7550724,1022041,87.13
7550724,1022056,95.11
7550724,1022101,87.13
7550724,1022221,41.23
7550724,1022223,63.34
7550724,1022240,32.91
7550724,1022302,30.66
7550724,1022303,52.85
7550724,1022304,63
7550724,1022309,85.47
7550724,1022310,98.49
7550724,1022321,73.14
7550724,1022349,77.37
7550724,1022400,77.37
7550724,1023173,78.06
7550724,1027663,33.99
7550724,1027699,41
7550724,1027746,63.14
7550724,1027757,120.03
7550724,1027758,26.62
7550724,1027763,98.87
7550724,1027764,22.37
7550724,1027769,58.19
7550724,1027776,20.61
7550724,1027789,91.4
7550724,1027820,60.82
7550724,1027863,57.53
7550724,1027873,46.27
7550724,1027875,56.73
7550724,1027892,28.4
7550724,1027908,42.79
7550724,1027910,32.85
7550724,1027915,29.5
7550724,1027930,115.36
7550724,1027971,58.19
7550724,1027978,32.48
7550724,1027980,48.28
7550724,1028007,49.59
7550724,1028130,133.76
7550724,1028134,67.84
7550724,1028140,91.91
7550724,1028141,144.46
7550724,1028142,39.79
7550724,1028143,100.52
7550724,1028149,44.76
7550724,1028168,66.98
7550724,1028184,100.62
7550724,1028215,46.78
7550724,1028226,7.2
7550724,1028276,17.06
7550724,1028277,32.19
7550724,1028281,26.3
7550724,1028285,33.29
7550724,1028286,45.89
7550724,1028287,35.11
7550724,1028288,38.94
7550724,1028289,39.92
7550724,1028299,26.3
7550724,1028300,58.19
7550724,1028301,50.99
7550724,1028315,31.87
7550724,1028375,46.78
7550724,1028386,65.27
7550724,1028388,92.49
7550724,1028480,45.04
7550724,1028543,21
7550724,1028597,37.94
7550724,1028621,61.41
7550724,1028792,63.54
7550724,1028838,89.32
7550724,1028915,43.7
7550724,1028936,13.31
7550724,1030119,71.32
7550724,1030366,88.05
7550724,1030379,177.74
7550724,1030397,92.67
7550724,1030406,92.67
7550724,1030474,92.67
7550724,1030793,45.56
7550724,1030794,45.56
7550724,1030917,45.56
7550724,1031194,68.61
7550724,1031195,68.61
7550724,1031196,68.61
7550724,1031256,51.91
7550724,1031257,51.91
7550724,1031266,51.56
7550724,1031341,36
7550724,1031342,36
7550724,1031343,36
7550724,1031458,120.9
7550724,1031483,155.92
7550724,1031491,47.98
7550724,1031687,65.78
7550724,1031688,65.7
7550724,1031689,65.79
7550724,1033097,54.21
7550724,1033136,61.29
7550724,1033181,62.56
7550724,1033191,63.17
7550724,1033386,83.86
7550724,1033709,55.28
7550724,1034304,41.41
7550724,1040522,93.36
7550724,1040670,75.63
7550724,1040687,74.12
7550724,1040689,85.49
7550724,1040691,90.94
7550724,1040757,43.5
7550724,1040811,161.91
7550724,1040859,61.65
7550724,1041024,64.5
7550724,1041119,96.02
7550724,1041138,74.72
7550724,1041229,17.58
7550724,1041505,30.29
7550724,1041592,43.31
7550724,1042869,51.49
7550724,1042870,30.98
7550724,1042871,33.01
7550724,1042872,28.4
7550724,1042873,39.82
7550724,1042874,30.42
7550724,1042875,44.74
7550724,1042876,32.35
7550724,1042877,35.41
7550724,1042878,51.89
7550724,1042879,37.83
7550724,1044086,33.42
7550724,1044088,58.77
7550724,1044089,28.23
7550724,1044090,44.71
7550724,1044091,55.92
7550724,1044092,37.89
7550724,1044093,52.75
7550724,1044094,10.7
7550724,1044096,7.08
7550724,1044097,11.86
7550724,1044099,30.26
7550724,1044100,24.01
7550724,1044102,36.5
7550724,1044103,20.33
7550724,1044105,20.66
7550724,1044106,25.48
7550724,1044107,14.25
7550724,1044109,17.39
7550724,1044110,27.83
7550724,1044111,18.15
7550724,1044112,20.43
7550724,1044114,28.74
7550724,1044115,22.93
7550724,1044116,28.23
7550724,1044117,44.71
7550724,1044119,37.97
7550724,1044120,23.89
7550724,1044121,26.79
7550724,1044122,34.04
7550724,1044124,29.48
7550724,1044133,20.39
7550724,1044150,45.29
7550724,1044151,37.13
7550724,1044152,39.15
7550724,1044153,32.96
7550724,1044154,35.42
7550724,1044554,33.87
7550724,1044559,12.31
7550724,1044565,17.3
7550724,1044608,18.51
7550724,1044639,22.21
7550724,1044697,44.23
7550724,1044698,21.56
7550724,1044699,16.11
7550724,1044700,21.47
7550724,1044701,20.73
7550724,1044705,31.38
7550724,1044706,27.02
7550724,1044717,26.37
7550724,1044738,13.96
7550724,1044739,19.16
7550724,1044740,35.15
7550724,1044750,35.35
7550724,1044751,36.55
7550724,1044752,24.99
7550724,1044755,32.85
7550724,1044757,17.74
7550724,1044771,58.75
7550724,1044804,20.26
7550724,1044805,24.15
7550724,1044806,33.96
7550724,1044807,19.89
7550724,1044808,25.45
7550724,1044809,21.75
7550724,1044810,42.1
7550724,1044824,64.4
7550724,1044828,25.45
7550724,1044850,28.41
7550724,1044887,37.48
7550724,1044889,62.93
7550724,1044966,15.65
7550724,1044967,19.34
7550724,1044968,16.57
7550724,1045850,19.53
7550724,1047257,31.92
7550724,1050790,14.41
7550724,1050791,14.41
7550724,1050792,20.96
7550724,1050793,20.96
7550724,1050796,27.37
7550724,1050800,18.71
7550724,1050804,25.86
7550724,1050805,25.05
7550724,1050806,25.05
7550724,1050807,15.47
7550724,1050808,15.48
7550724,1050809,18.79
7550724,1050810,18.79
7550724,1050811,24.71
7550724,1050812,24.71
7550724,1050813,24.71
7550724,1050814,27.87
7550724,1050824,21.42
7550724,1050825,23.13
7550724,1050826,37.51
7550724,1050827,41.26
7550724,1050828,41.26
7550724,1050829,29.87
7550724,1050830,29.79
7550724,1050832,23.61
7550724,1050833,23.61
7550724,1050834,23.61
7550724,1050835,43.56
7550724,1050836,43.56
7550724,1050837,32.03
7550724,1050838,32.03
7550724,1050839,32.03
7550724,1050840,25.06
7550724,1050841,25.06
7550724,1050842,21
7550724,1050843,21
7550724,1050846,26.72
7550724,1050848,20.86
7550724,1050849,20.86
7550724,1050850,20.86
7550724,1050851,24.12
7550724,1050852,20.02
7550724,1050853,20.02
7550724,1050854,29.43
7550724,1050855,22.92
7550724,1050856,22.92
7550724,1050857,22.92
7550724,1050858,27.42
7550724,1050859,34.06
7550724,1050860,34.06
7550724,1051609,39.35
7550724,1051710,20.61
7550724,1051731,54.1
7550724,1052334,48.44
7550724,1053050,46.26
7550724,1053370,13.75
7550724,1053376,13.24
7550724,1053381,10.01
7550724,1053391,12.25
7550724,1053396,11.48
7550724,1053405,11.1
7550724,1053407,11.1
7550724,1054399,65.22
7550724,1054462,28.68
7550724,1054712,60.02
7550724,1054717,39.52
7550724,1054756,28.4
7550724,1054757,46.96
7550724,1054761,51.05
7550724,1054769,61.27
7550724,1054770,22.97
7550724,1054771,54.89
7550724,1054772,54.73
7550724,1054773,38.8
7550724,1054774,60.02
7550724,1054775,57.6
7550724,1054778,24.53
7550724,1054779,49.02
7550724,1054780,23.42
7550724,1054781,46.87
7550724,1054785,59.5
7550724,1054787,56.43
7550724,1054788,34.19
7550724,1054789,62.99
7550724,1054791,16.47
7550724,1054799,44.07
7550724,1054815,39.7
7550724,1054819,54.61
7550724,1054821,27.47
7550724,1054883,23.49
7550724,1054886,28.4
7550724,1054927,15.19
7550724,1054948,29.08
7550724,1054985,28.4
7550724,1054991,44.07
7550724,1055031,48.09
7550724,1055036,27.82
7550724,1055044,39.57
7550724,1055323,39.65
7550724,1055501,43.06
7550724,1055502,60.52
7550724,1055508,61.84
7550724,1055516,39.41
7550724,1055517,47.18
7550724,1055527,52.69
7550724,1055542,55.4
7550724,1055667,37.67
7550724,1055681,28.53
7550724,1055684,41.03
7550724,1055687,49.12
7550724,1055691,30.19
7550724,1055713,17.79
7550724,1055714,18.27
7550724,1055715,38.95
7550724,1055716,26.4
7550724,1055717,30.65
7550724,1055718,29.53
7550724,1055719,33.64
7550724,1055720,42.17
7550724,1055721,40.55
7550724,1055722,46.33
7550724,1055723,58.05
7550724,1055724,30.66
7550724,1055725,34.73
7550724,1055726,46.88
7550724,1055727,26.04
7550724,1055728,29.26
7550724,1055729,35.01
7550724,1055730,32.49
7550724,1055731,38.25
7550724,1055732,27.61
7550724,1055733,19.79
7550724,1055734,20.45
7550724,1055735,46.37
7550724,1055736,34.73
7550724,1055737,32.87
7550724,1055738,33.97
7550724,1055739,19.51
7550724,1055740,23.4
7550724,1055741,24.18
7550724,1055742,33.22
7550724,1055743,41.37
7550724,1055744,36.28
7550724,1055745,31.28
7550724,1055746,36.9
7550724,1055747,33.59
7550724,1055748,43.04
7550724,1055749,40.76
7550724,1055750,34.43
7550724,1055751,24.75
7550724,1055752,44.71
7550724,1055753,31.5
7550724,1055754,35.79
7550724,1055755,44.89
7550724,1055756,46.69
7550724,1055757,44.89
7550724,1055758,27.83
7550724,1055759,28.91
7550724,1055760,32.99
7550724,1055761,45.23
7550724,1055762,39.27
7550724,1055763,53.68
7550724,1055764,65.72
7550724,1055765,28.26
7550724,1055766,27.58
7550724,1055767,47.19
7550724,1055768,48.82
7550724,1055769,33.5
7550724,1055770,34.62
7550724,1055771,31.47
7550724,1055772,36.9
7550724,1055773,30.97
7550724,1055774,44.64
7550724,1055775,39.46
7550724,1055776,23.73
7550724,1055777,24.67
7550724,1055778,45.51
7550724,1055779,42.18
7550724,1055781,60.78
7550724,1055782,26.69
7550724,1055783,58.45
7550724,1055789,39.04
7550724,1055792,36.63
7550724,1055800,65.22
7550724,1055898,42.41
7550724,1055900,19.45
7550724,1055904,27.63
7550724,1056008,27.52
7550724,1056019,37.83
7550724,1056025,11.83
7550724,1056046,34.62
7550724,1056273,54.65
7550724,1056340,41.37
7550724,1056355,25.56
7550724,1056362,42.27
7550724,1056363,42.28
7550724,1056413,40.3
7550724,1056434,24.3
7550724,1056445,50.93
7550724,1056448,47.51
7550724,1056449,63.18
7550724,1056450,42.92
7550724,1056458,36.45
7550724,1056459,29.6
7550724,1056460,26.92
7550724,1056461,32.78
7550724,1056462,19.65
7550724,1056463,23.17
7550724,1056464,30.26
7550724,1056465,36.96
7550724,1056466,48.23
7550724,1056467,26.92
7550724,1056468,33
7550724,1056469,39.04
7550724,1056470,22.97
7550724,1056471,27.98
7550724,1056472,33.19
7550724,1056473,43.21
7550724,1056474,24.65
7550724,1056475,30.06
7550724,1056476,35.49
7550724,1056477,46.54
7550724,1056583,50.16
7550724,1056889,28.18
7550724,1056937,47.8
7550724,1056948,41.62
7550724,1056998,33.28
7550724,1057032,44.22
7550724,1057033,27.24
7550724,1057034,39.2
7550724,1057036,35.61
7550724,1057037,32.18
7550724,1057038,35.87
7550724,1057039,30.53
7550724,1057040,31.28
7550724,1057041,35.46
7550724,1057042,51.21
7550724,1057043,39.01
7550724,1057044,31.64
7550724,1057045,41.02
7550724,1057046,36.47
7550724,1057047,54.02
7550724,1057048,38.52
7550724,1057049,40.8
7550724,1057134,39.46
7550724,1057142,32.09
7550724,1057152,37.76
7550724,1057181,27.47
7550724,1057195,37.76
7550724,1057214,26.44
7550724,1057226,35.53
7550724,1057290,37.73
7550724,1057295,35.42
7550724,1057332,37.94
7550724,1057360,34.34
7550724,1057444,34.77
7550724,1057448,37.94
7550724,1057487,23.66
7550724,1057492,37.51
7550724,1057495,43.65
7550724,1057497,33.25
7550724,1057508,40.11
7550724,1057510,31.49
7550724,1057512,43.65
7550724,1057514,43.65
7550724,1057516,28.32
7550724,1057521,45.02
7550724,1057523,33.98
7550724,1057525,43.01
7550724,1057527,37.46
7550724,1057528,41.51
7550724,1057531,39.95
7550724,1057536,44.5
7550724,1057537,30.68
7550724,1057539,46.15
7550724,1057545,30.19
7550724,1057555,42.75
7550724,1057577,32.26
7550724,1057581,37.46
7550724,1057584,39.95
7550724,1057586,45.02
7550724,1057587,43.01
7550724,1057588,42.16
7550724,1057590,42.75
7550724,1057592,51.07
7550724,1057613,39.9
7550724,1057626,29.77
7550724,1057665,21.04
7550724,1058070,19.22
7550724,1058088,14.16
7550724,1058090,19
7550724,1058091,16.06
7550724,1058092,15.61
7550724,1058094,18.51
7550724,1058097,17.46
7550724,1058231,37.51
7550724,1058233,28.79
7550724,1058280,38.72
7550724,1058385,26.79
7550724,1064986,87.07
7550724,1064992,128.21
7550724,1065001,128.21
7550724,1072773,75.24
7550724,1076728,63.76
7550724,1084810,214.77
7550724,1085340,62.16
7550724,1088601,65.35
7550724,1115354,75.24
7550724,1115989,36.34
7550724,1116039,47.65
7550724,1116040,47.65
7550724,1116060,67.08
7550724,1116061,48.69
7550724,1116067,66.82
7550724,1116114,136.62
7550724,1116127,2589.14
7550724,1116181,27.32
7550724,1116183,27.32
7550724,1116184,42.57
7550724,1116449,67.91
7550724,1116451,67.91
7550724,1116452,67.91
7550724,1116454,67.91
7550724,1116456,54.33
7550724,1116460,54.33
7550724,1116462,55.57
7550724,1116465,55.57
7550724,1116467,55.57
7550724,1116492,49.4
7550724,1116494,49.4
7550724,1116554,44.17
7550724,1116572,54.7
7550724,1116579,65.35
7550724,1116581,43.21
7550724,1116583,43.21
7550724,1116585,43.21
7550724,1116587,43.21
7550724,1116672,37.04
7550724,1116674,37.04
7550724,1116676,37.04
7550724,1116684,14.85
7550724,1116702,84.46
7550724,1116704,84.46
7550724,1116706,84.46
7550724,1116736,9.91
7550724,1116759,84.66
7550724,1116763,43.03
7550724,1116767,87.45
7550724,1116772,173.96
7550724,1116774,89.18
7550724,1116775,15.13
7550724,1116780,75.63
7550724,1117344,18.53
7550724,1117346,18.53
7550724,1117349,18.53
7550724,1117360,23.15
7550724,1117362,23.15
7550724,1117364,23.15
7550724,1117369,12.02
7550724,1117370,12.02
7550724,1117371,12.02
7550724,1117372,12.02
7550724,1117392,140.77
7550724,1117394,140.77
7550724,1117396,140.77
7550724,1117422,24.99
7550724,1117424,24.6
7550724,1117426,24.6
7550724,1117428,24.6
7550724,1117484,85.14
7550724,1117485,85.14
7550724,1117492,64.21
7550724,1117497,88.91
7550724,1117519,113.82
7550724,1117522,113.82
7550724,1117530,76.56
7550724,1117722,28.97
7550724,1117725,48.13
7550724,1117727,90.58
7550724,1117744,40.16
7550724,1117746,45.8
7550724,1117750,164.71
7550724,1117755,173.96
7550724,1117840,290.42
7550724,1117844,325.52
7550724,1117851,151.26
7550724,1117852,151.26
7550724,1117855,151.26
7550724,1117862,160.94
7550724,1117872,444.11
7550724,1117876,203.3
7550724,1117877,10.89
7550724,1117878,10.89
7550724,1117928,273.48
7550724,1118079,313.6
7550724,1118167,49.4
7550724,1118168,49.4
7550724,1118172,11.5
7550724,1118252,6.98
7550724,1118437,70.19
7550724,1118449,41.08
7550724,1118450,21.78
7550724,1118484,11.5
7550724,1118487,89.85
7550724,1118500,48.4
7550724,1118514,79.87
7550724,1118552,45.98
7550724,1118562,30.86
7550724,1118567,37.51
7550724,1118568,184.37
7550724,1118589,37.04
7550724,1118606,36.3
7550724,1118641,19.76
7550724,1118667,19.76
7550724,1118668,19.76
7550724,1118670,19.76
7550724,1118671,41.98
7550724,1118672,41.98
7550724,1118673,41.98
7550724,1118674,41.98
7550724,1118681,18.53
7550724,1118778,54.33
7550724,1118966,55.57
7550724,1119126,54.33
7550724,1119398,56.83
7550724,1119440,80.05
7550724,1119607,29.04
7550724,1119648,325.52
7550724,1119813,38.72
7550724,1120651,88.05
7550724,1120753,45.69
7550724,1120770,45.69
7550724,1120772,44.45
7550724,1120824,45.69
7550724,1120832,44.45
7550724,1120834,45.69
7550724,1120843,44.45
7550724,1121282,24.6
7550724,1122074,62.93
7550724,1122263,23.46
7550724,1122264,18.53
7550724,1122272,18.53
7550724,1122990,91.74
7550724,1123794,92.98
7550724,1123914,89.08
7550724,1123918,90.94
7550724,1123994,97.56
7550724,1124257,144.29
7550724,1124258,81
7550724,1124259,87.82
7550724,1124260,146.91
7550724,1124279,87.82
7550724,1124280,62.62
7550724,1124281,62.16
7550724,1124282,76.22
7550724,1124283,86.3
7550724,1124286,69.23
7550724,1124287,34.19
7550724,1124300,76.67
7550724,1124339,136.62
7550724,1124350,30.14
7550724,1124352,90.47
7550724,1124353,90.47
7550724,1124355,86.5
7550724,1124364,51.3
7550724,1124408,71.24
7550724,1124409,72.34
7550724,1124410,62.56
7550724,1124411,127.97
7550724,1124412,137.18
7550724,1124449,51.77
7550724,1124465,128.89
7550724,1124481,87.15
7550724,1124493,47.39
7550724,1124494,47.39
7550724,1124495,62.4
7550724,1124496,62.4
7550724,1124497,87.21
7550724,1124498,87.21
7550724,1124499,101.59
7550724,1124500,101.59
7550724,1124565,120.42
7550724,1124566,59.89
7550724,1124885,39.99
7550724,1124943,120.42
7550724,1125034,92.45
7550724,1125102,84.42
7550724,1125103,91.25
7550724,1125231,31.32
7550724,1125232,31.32
7550724,1125233,31.32
7550724,1125234,31.32
7550724,1125235,57.04
7550724,1125327,57.04
7550724,1125328,45.64
7550724,1125329,45.64
7550724,1125347,56.12
7550724,1125348,56.64
7550724,1126848,37.51
7550724,1136584,216.91
7550724,1137674,91.87
7550724,1138036,54.18
7550724,1138037,42.57
7550724,1138056,27.32
7550724,1138057,27.32
7550724,1138063,36.34
7550724,1138064,48.69
7550724,1138065,57.83
7550724,1138066,67.08
7550724,1138067,85.19
7550724,1138068,68.07
7550724,1138069,89.44
7550724,1138090,54.18
7550724,1138233,61.29
7550724,1138343,54.18
7550724,1138346,90.33
7550724,1138347,66.4
7550724,1138349,57.06
7550724,1138350,43.1
7550724,1138351,93.92
7550724,1138361,93.92
7550724,1138514,52.88
7550724,1138551,54.9
7550724,1138575,48.69
7550724,1138576,67.08
7550724,1138611,54.18
7550724,1138634,127.07
7550724,1138659,120.42
7550724,1138660,145.43
7550724,1138723,63.6
7550724,1138783,295.47
7550724,1138808,61.29
7550724,1138829,44.87
7550724,1138851,117.95
7550724,1139159,109.3
7550724,1139181,105.3
7550724,1139275,121.53
7550724,1139276,117.95
7550724,1139277,52.22
7550724,1139443,57.88
7550724,1139582,174.73
7550724,1139633,96.84
7550724,1139847,200.53
7550724,1139930,57.58
7550724,1141001,127.1
7550724,1141003,94.57
7550724,1141514,170.76
7550724,1141583,20.68
7550724,1141584,26.4
7550724,1141585,39.57
7550724,1141587,37.42
7550724,1142028,28
7550724,1142029,39.57
7550724,1142030,31.79
7550724,1142351,298.83
7550724,1142375,136.62
7550724,1142532,26.71
7550724,1142749,27.81
7550724,1142965,206.1
7550724,1143434,124.02
7550724,1143435,52.12
7550724,1143437,92.56
7550724,1143439,104.18
7550724,1143441,101.47
7550724,1143443,63.82
7550724,1143444,70.46
7550724,1143445,77.03
7550724,1143447,57.7
7550724,1143450,55.57
7550724,1143451,81.32
7550724,1143452,76.99
7550724,1143453,77.51
7550724,1143454,37.07
7550724,1144008,22.87
7550724,1144009,40.33
7550724,1144010,37.42
7550724,1144011,26.71
7550724,1144013,28.74
7550724,1144535,36.85
7550724,1144538,27.38
7550724,1144539,27.41
7550724,1144541,37.9
7550724,1144544,37.9
7550724,1144609,81.97
7550724,1144665,29.97
7550724,1144676,55.57
7550724,1144679,104.18
7550724,1144801,26.72
7550724,1145026,29.36
7550724,1145162,55.05
7550724,1145218,32.44
7550724,1145245,43.79
7550724,1145516,77.37
7550724,1145578,40.33
7550724,1145754,38.76
7550724,1145755,43.41
7550724,1145826,21.73
7550724,1145879,36.38
7550724,1145880,29.16
7550724,1145881,37.68
7550724,1145882,54.7
7550724,1145883,54.68
7550724,1145884,27.41
7550724,1145885,26.07
7550724,1145886,34.78
7550724,1145887,41.55
7550724,1145888,41.54
7550724,1145889,58.47
7550724,1145890,36.52
7550724,1145891,48.69
7550724,1145892,40.24
7550724,1145893,48.69
7550724,1146173,37.71
7550724,1146227,36.41
7550724,1146228,24.34
7550724,1146258,39.79
7550724,1146399,138.63
7550724,1146527,30.48
7550724,1146528,22.87
7550724,1146530,28.39
7550724,1146554,41.01
7550724,1146814,34.12
7550724,1146815,43.52
7550724,1146868,39.22
7550724,1146894,33.64
7550724,1146936,90.47
7550724,1147045,30.48
7550724,1147266,94.9
7550724,1147281,44.06
7550724,1147748,32.52
7550724,1147749,30.49
7550724,1147909,35.66
7550724,1148274,45.72
7550724,1148298,27.45
7550724,1148300,24.14
7550724,1148325,36.85
7550724,1148457,35.7
7550724,1148462,35.7
7550724,1148464,35.7
7550724,1148466,35.7
7550724,1148627,1827.58
7550724,1148699,43.56
7550724,1148837,30.22
7550724,1148838,42.96
7550724,1148861,43.83
7550724,1148931,35.61
7550724,1149040,38.86
7550724,1149141,58.04
7550724,1149144,58.04
7550724,1149259,31.17
7550724,1149260,34.52
7550724,1149807,89.91
7550724,1149809,164.15
7550724,1149817,20.68
7550724,1149821,136.58
7550724,1149949,79.5
7550724,1149965,38.99
7550724,1149966,39.87
7550724,1150034,34.19
7550724,1150088,100.63
7550724,1150101,58.04
7550724,1150104,58.04
7550724,1150137,57.82
7550724,1150402,31.52
7550724,1150781,54.49
7550724,1150827,40.67
7550724,1150863,135.13
7550724,1151067,83.67
7550724,1151595,83.93
7550724,1151602,83.93
7550724,1151806,44.45
7550724,1152599,46.43
7550724,1152649,70.75
7550724,1152841,111.51
7550724,1152864,77.62
7550724,1153160,77.31
7550724,1153377,46.23
7550724,1153506,41.69
7550724,1153567,34.56
7550724,1153569,37.71
7550724,1153576,57.15
7550724,1153589,55.54
7550724,1153591,42.58
7550724,1153592,27.75
7550724,1153593,15.56
7550724,1153594,23.83
7550724,1153596,35.99
7550724,1153599,25.86
7550724,1153601,35.93
7550724,1153786,191.93
7550724,1153917,187.57
7550724,1154002,36.62
7550724,1154003,28.95
7550724,1154376,25.46
7550724,1154500,33.66
7550724,1154622,40.79
7550724,1154791,101.47
7550724,1154829,43.79
7550724,1155025,23.46
7550724,1155028,83.67
7550724,1155233,37.04
7550724,1155334,37.04
7550724,1155337,37.04
7550724,1155471,44.58
7550724,1155482,30.74
7550724,1155588,46.77
7550724,1155916,29.53
7550724,1155921,41.71
7550724,1156343,18.15
7550724,1156519,33.89
7550724,1156608,69.23
7550724,1157302,44.22
7550724,1157499,64.11
7550724,1157652,48.53
7550724,1157675,63.6
7550724,1157676,121.36
7550724,1157677,50.19
7550724,1157678,76.16
7550724,1157679,97.52
7550724,1157681,63.6
7550724,1157682,63.6
7550724,1157825,77.03
7550724,1157916,0.01
7550724,1157917,0.01
7550724,1157918,0.01
7550724,1157938,96.25
7550724,1157945,92.49
7550724,1158013,152.86
7550724,1158405,170.87
7550724,1158577,90.33
7550724,1158579,32.91
7550724,1158580,34.12
7550724,1158581,46.47
7550724,1158990,61.73
7550724,1159489,88.13
7550724,1159490,88.13
7550724,1159497,164.21
7550724,1159546,69.87
7550724,1159713,30.22
7550724,1159771,66.49
7550724,1159772,26.44
7550724,1159773,51.49
7550724,1160167,24.25
7550724,1160488,86.58
7550724,1160786,31.7
7550724,1160951,124.42
7550724,1161019,116.88
7550724,1161078,104.18
7550724,1161105,83.5
7550724,1161167,325.52
7550724,1161216,111.39
7550724,1161286,37.03
7550724,1161473,89.9
7550724,1161686,76.42
7550724,1161694,70.75
7550724,1161739,43.08
7550724,1161742,98.8
7550724,1161754,59.9
7550724,1162040,28.53
7550724,1162122,88.06
7550724,1162274,28.33
7550724,1163251,188.34
7550724,1163959,116.88
7550724,1164097,47.74
7550724,1164254,64.44
7550724,1164975,60.87
7550724,1166228,47.1
7550724,1166307,55.05
7550724,1166701,50.19
7550724,1166796,65.35
7550724,1166932,122.46
7550724,1166997,55.06
7550724,1167012,34.19
7550724,1167022,113.53
7550724,1167023,113.53
7550724,1167031,42.95
7550724,1167472,50.01
7550724,1167495,36.65
7550724,1167496,38.9
7550724,1167498,45.62
7550724,1167499,30.35
7550724,1167500,26.86
7550724,1167502,29.43
7550724,1167503,36.52
7550724,1167504,33.18
7550724,1167600,30.25
7550724,1167692,82.72
7550724,1167803,71.24
7550724,1168353,24.03
7550724,1168356,29.26
7550724,1168358,27.01
7550724,1168398,124.35
7550724,1168400,130.11
7550724,1168401,164.38
7550724,1168434,46.27
7550724,1168626,55.74
7550724,1169276,44.97
7550724,1169300,60.87
7550724,1169301,53.46
7550724,1169501,44.97
7550724,1170135,0.01
7550724,1170138,0.01
7550724,1170140,0.01
7550724,1170222,90.5
7550724,1170223,885.28
7550724,1170224,88.13
7550724,1170937,51.11
7550724,1171022,60.87
7550724,1171056,46.69
7550724,1171134,90.47
7550724,1171137,90.47
7550724,1171532,58.12
7550724,1171806,124.99
7550724,1171896,120.42
7550724,1172428,243.73
7550724,1172562,88.13
7550724,1172563,88.13
7550724,1172589,885.28
7550724,1172590,188.34
7550724,1172712,56.74
7550724,1172976,66.56
7550724,1173054,144.46
7550724,1173055,59.48
7550724,1173667,84.17
7550724,1173668,70.15
7550724,1173867,38.86
7550724,1174097,92.56
7550724,1174338,60.51
7550724,1174609,31.46
7550724,1174610,26.25
7550724,1174990,55.05
7550724,1175044,86.79
7550724,1175469,206.25
7550724,1175528,69.12
7550724,1176105,88.89
7550724,1176311,52.88
7550724,1176417,0.01
7550724,1176418,0.01
7550724,1176419,0.01
7550724,1176564,72.34
7550724,1176637,59.45
7550724,1176638,92.45
7550724,1176691,130.11
7550724,1176737,54.29
7550724,1177043,148.78
7550724,1177496,46.53
7550724,1177593,34.85
7550724,1178704,55.2
7550724,1179486,144.5
7550724,1179488,74.77
7550724,1179520,130.94
7550724,1179522,125.32
7550724,1179592,95.78
7550724,1179816,67.28
7550724,1179897,139.49
7550724,1180019,161.66
7550724,1180053,37.22
7550724,1180643,32.02
7550724,1181303,79.87
7550724,1181655,153.84
7550724,1182585,92.22
7550724,1183302,102.76
7550724,1184107,101.03
7550724,1184108,87.78
7550724,1185225,70.19
7550724,1185626,55.57
7550724,1186280,50.82
7550724,1187906,165.37
7550724,1187945,55.57
7550724,1187948,55.57
7550724,1189359,86.4
7550724,1190466,44.62
7550724,1190481,67.22
7550724,1190482,60.48
7550724,1190575,68.08
7550724,1191205,55.57
7550724,1194482,41.14
7550724,1194772,206.25
7550724,1195758,160.56
7550724,1195759,148.47
7550724,1196490,73.36
7550724,1196803,122.63
7550724,1197190,169.08
7550724,1197275,35.13
7550724,1198280,54.49
7550724,1198397,41.14
7550724,1198550,29.37
7550724,1199064,41.05
7550724,1199199,63.82
7550724,1200035,80.01
7550724,1200126,113.74
7550724,1200199,88.13
7550724,1200263,27.11
7550724,1200913,30.14
7550724,1200915,30.14
7550724,1201148,110.98
7550724,1201149,57.1
7550724,1201699,33.89
7550724,1201700,23.46
7550724,1201704,148.18
7550724,1201707,148.18
7550724,1201711,148.18
7550724,1201713,148.18
7550724,1201801,31.79
7550724,1201804,165.01
7550724,1201865,31.46
7550724,1202007,35.66
7550724,1202220,167.28
7550724,1202528,105.34
7550724,1203241,27.11
7550724,1203335,151.44
7550724,1203410,88.13
7550724,1203639,27.05
7550724,1203640,33.88
7550724,1203740,24.2
7550724,1203917,94.34
7550724,1204127,114.35
7550724,1204128,114.35
7550724,1204277,128.89
7550724,1204302,128.1
7550724,1204303,74.02
7550724,1204304,128.1
7550724,1204319,48.56
7550724,1204353,104.66
7550724,1204669,77.14
7550724,1204815,92.45
7550724,1205177,81
7550724,1205641,156.28
7550724,1205701,39.38
7550724,1205706,40.71
7550724,1205707,65.31
7550724,1206060,44.97
7550724,1206248,20.17
7550724,1206251,34.5
7550724,1206252,27.22
7550724,1206253,38.6
7550724,1206256,32.96
7550724,1206276,145.42
7550724,1206282,143.28
7550724,1206471,27.84
7550724,1206472,48.49
7550724,1206473,61.03
7550724,1207213,78.06
7550724,1207274,188.34
7550724,1207426,177.74
7550724,1207513,41.17
7550724,1207567,90.26
7550724,1207674,124.29
7550724,1207825,46.99
7550724,1207959,88.13
7550724,1208111,75.63
7550724,1208152,885.28
7550724,1208153,109.38
7550724,1208205,44.94
7550724,1208214,88.13
7550724,1208232,88.13
7550724,1208319,88.13
7550724,1208320,84.77
7550724,1208966,151.64
7550724,1209101,34.06
7550724,1209113,118.2
7550724,1209150,80.96
7550724,1209170,43.79
7550724,1209373,87.44
7550724,1209375,54.18
7550724,1209412,94.36
7550724,1209434,71.19
7550724,1209436,61.5
7550724,1209475,104.41
7550724,1209880,167.99
7550724,1209882,44.94
7550724,1210321,161.54
7550724,1210322,46.35
7550724,1210380,76.22
7550724,1210658,128.1
7550724,1210787,90.47
7550724,1210798,217.82
7550724,1210843,54.18
7550724,1210864,188.34
7550724,1210881,33.6
7550724,1210883,37.11
7550724,1210884,37.11
7550724,1210912,192.38
7550724,1211066,104
7550724,1211498,92.56
7550724,1211696,64
7550724,1211746,165.37
7550724,1211962,88.13
7550724,1212429,84.09
7550724,1212430,56.9
7550724,1212649,72.9
7550724,1213226,164.71
7550724,1213228,73.78
7550724,1213231,76.22
7550724,1213232,69.23
7550724,1213233,73.78
7550724,1213236,44.81
7550724,1213239,51.74
7550724,1213274,88.13
7550724,1213414,74.18
7550724,1213581,95.13
7550724,1213588,128.89
7550724,1213599,93.67
7550724,1213906,54.18
7550724,1213912,117.85
7550724,1214061,46.78
7550724,1214174,93.49
7550724,1214291,91.62
7550724,1214840,38.52
7550724,1215024,63.24
7550724,1215141,66.4
7550724,1215420,143.6
7550724,1215570,149.27
7550724,1215571,147.43
7550724,1215655,33.94
7550724,1215974,67.23
7550724,1216006,137.77
7550724,1216008,80.22
7550724,1216479,51.37
7550724,1216480,51.37
7550724,1216485,34.67
7550724,1216486,51.37
7550724,1216487,62.8
7550724,1216489,23.84
7550724,1217489,169.28
7550724,1217586,92.67
7550724,1217596,65.51
7550724,1217697,33.94
7550724,1217701,155.81
7550724,1217803,185.01
7550724,1218489,62.49
7550724,1218512,32.59
7550724,1218513,32.59
7550724,1218565,42.47
7550724,1218714,66.4
7550724,1218731,94.36
7550724,1218732,44.81
7550724,1218765,46.99
7550724,1218840,144.29
7550724,1218940,188.34
7550724,1219529,40.71
7550724,1220334,60.47
7550724,1220336,51.28
7550724,1220435,188.34
7550724,1220487,58.12
7550724,1221263,127.97
7550724,1221831,80.9
7550724,1222321,99.97
7550724,1222417,71.24
7550724,1222422,73.78
7550724,1222475,62.62
7550724,1222871,77.31
7550724,1222873,42.57
7550724,1222874,27.32
7550724,1222969,54.18
7550724,1222972,164.38
7550724,1222976,56.8
7550724,1222978,28.12
7550724,1223033,161.77
7550724,1223388,165.37
7550724,1223545,53.26
7550724,1223575,97.55
7550724,1223701,94.36
7550724,1224159,96.26
7550724,1224160,139.52
7550724,1224477,71.12
7550724,1224499,89.85
7550724,1225490,89.62
7550724,1225660,34.06
7550724,1225744,19.93
7550724,1225766,121.36
7550724,1225799,38.72
7550724,1225805,117.85
7550724,1226269,89.89
7550724,1226650,69.35
7550724,1226984,61.16
7550724,1226986,40.71
7550724,1227046,78.78
7550724,1227048,94.3
7550724,1227973,69.5
7550724,1227974,69.5
7550724,1227975,69.5
7550724,1228061,51.74
7550724,1228067,24.63
7550724,1228071,24.63
7550724,1228375,87.82
7550724,1228519,44.81
7550724,1228562,101.9
7550724,1228596,62.6
7550724,1229092,67.22
7550724,1229225,48.89
7550724,1229746,30.14
7550724,1230032,62.56
7550724,1230246,60.23
7550724,1230454,131.09
7550724,1230455,160.71
7550724,1230456,160.71
7550724,1230457,160.71
7550724,1230458,127.31
7550724,1230459,139.81
7550724,1230460,131.5
7550724,1230468,71.27
7550724,1230469,75.8
7550724,1230470,75.8
7550724,1230479,103.08
7550724,1230480,103.08
7550724,1230481,103.08
7550724,1230482,180.83
7550724,1230483,180.83
7550724,1230484,128.31
7550724,1230493,162.65
7550724,1230508,89.26
7550724,1231152,66.17
7550724,1231306,124.29
7550724,1231750,72.34
7550724,1232173,29.12
7550724,1232174,50.47
7550724,1232175,41.69
7550724,1233074,31.7
7550724,1233550,48.92
7550724,1234239,101.47
7550724,1234600,70.19
7550724,1234670,313.1
7550724,1234765,48.27
7550724,1235220,60.29
7550724,1235763,112.54
7550724,1235772,47.51
7550724,1235773,66.86
7550724,1236132,113.63
7550724,1236147,157.49
7550724,1236227,35.67
7550724,1236228,22.51
7550724,1236236,36.3
7550724,1236237,30.83
7550724,1236382,180.12
7550724,1236576,106.37
7550724,1237092,6470.62
7550724,1237128,110.49
7550724,1237347,26.37
7550724,1237352,33.94
7550724,1237470,65.31
7550724,1237634,43.65
7550724,1237651,118.67
7550724,1237652,51.74
7550724,1237978,96.93
7550724,1238009,45.98
7550724,1238011,34
7550724,1238031,84.46
7550724,1238460,36.57
7550724,1238846,31.79
7550724,1239180,77.31
7550724,1239599,101.9
7550724,1239722,39.38
7550724,1240245,69.5
7550724,1240404,88.13
7550724,1240804,105.85
7550724,1241068,43.21
7550724,1241096,158
7550724,1241302,72.81
7550724,1241492,76.35
7550724,1241501,194.54
7550724,1241546,60.29
7550724,1241929,55.57
7550724,1242381,31.77
7550724,1242444,187.31
7550724,1242512,27.14
7550724,1242513,41.68
7550724,1242514,25.23
7550724,1243097,84.49
7550724,1244101,45.43
7550724,1244476,47.39
7550724,1244734,217.82
7550724,1244956,25.06
7550724,1245287,146.42
7550724,1246136,55.47
7550724,1246164,64.33
7550724,1246430,87.38
7550724,1246442,93.88
7550724,1246477,41.26
7550724,1246702,72.99
7550724,1246853,150.28
7550724,1246902,70.49
7550724,1246903,68.56
7550724,1247099,146.02
7550724,1247438,72.06
7550724,1247528,72.99
7550724,1247568,59.97
7550724,1247693,101.36
7550724,1247754,41.11
7550724,1247794,38.86
7550724,1248123,35.42
7550724,1248252,286.09
7550724,1248275,90.14
7550724,1248464,37.04
7550724,1248947,56.9
7550724,1249034,31.46
7550724,1249194,71.27
7550724,1249278,57.88
7550724,1250518,62.99
7550724,1250520,149.37
7550724,1250521,94.76
7550724,1250527,111.09
7550724,1250528,104.58
7550724,1250532,69.4
7550724,1250542,76.96
7550724,1250604,20.81
7550724,1250606,43.21
7550724,1250617,116.63
7550724,1250618,73.82
7550724,1250726,121.93
7550724,1250771,32.82
7550724,1250800,61.36
7550724,1251165,99.85
7550724,1251175,90.41
7550724,1251366,41.03
7550724,1251465,43.21
7550724,1251911,254.38
7550724,1252045,137.96
7550724,1252168,50.9
7550724,1252313,93.88
7550724,1253212,43.7
7550724,1253255,110.14
7550724,1254399,74.08
7550724,1254418,129.34
7550724,1254565,65.31
7550724,1255378,174.88
7550724,1255440,39.76
7550724,1256097,91.08
7550724,1256158,48.55
7550724,1256263,116.3
7550724,1256270,74.08
7550724,1256292,31.51
7550724,1256444,86.21
7550724,1256649,121.65
7550724,1257318,44.34
7550724,1257319,26.44
7550724,1257320,51.72
7550724,1257321,30.72
7550724,1257883,30.53
7550724,1257885,19.34
7550724,1258358,116.64
7550724,1258359,172.86
7550724,1258396,126.43
7550724,1258500,55.94
7550724,1258953,38.55
7550724,1259049,36.27
7550724,1259070,46.53
7550724,1259589,155.81
7550724,1259750,86.26
7550724,1260270,46.31
7550724,1260271,22.4
7550724,1260438,88.05
7550724,1260495,98.09
7550724,1260957,123.14
7550724,1261005,64.21
7550724,1261006,64.21
7550724,1261170,34.06
7550724,1261260,33.01
7550724,1261280,38.24
7550724,1261520,17.91
7550724,1261546,110
7550724,1262233,24.11
7550724,1262631,96.22
7550724,1262726,42.66
7550724,1262744,102.37
7550724,1262789,170.09
7550724,1262850,84.17
7550724,1263072,39.62
7550724,1263182,118.11
7550724,1263565,56.9
7550724,1263724,125.37
7550724,1264023,188.96
7550724,1264557,64.21
7550724,1264558,64.21
7550724,1264559,43.21
7550724,1265105,74.08
7550724,1265106,74.08
7550724,1265230,94.34
7550724,1265568,52.64
7550724,1265723,111.46
7550724,1265857,159.32
7550724,1265898,72.13
7550724,1266438,131.96
7550724,1266689,149.85
7550724,1266824,35.96
7550724,1266887,56.8
7550724,1266972,42.9
7550724,1266999,76.16
7550724,1267036,153.01
7550724,1267083,74.08
7550724,1267085,74.08
7550724,1267086,74.08
7550724,1267233,58.04
7550724,1267234,58.04
7550724,1267235,58.04
7550724,1267397,36.27
7550724,1267402,203.96
7550724,1267538,118.07
7550724,1268060,104.2
7550724,1268401,55.31
7550724,1268668,127.22
7550724,1268840,39.93
7550724,1269598,66.56
7550724,1269623,32.59
7550724,1270518,43.42
7550724,1270650,28
7550724,1270884,82.09
7550724,1270992,62.24
7550724,1270993,55.13
7550724,1270994,72.51
7550724,1271541,77.23
7550724,1271869,116.88
7550724,1271933,203.96
7550724,1272066,97.52
7550724,1272313,41.05
7550724,1272322,127.97
7550724,1272328,58.04
7550724,1272426,57.24
7550724,1273503,85.81
7550724,1274083,313.1
7550724,1274084,313.1
7550724,1274386,88.13
7550724,1274570,203.7
7550724,1274602,52.88
7550724,1275588,80.27
7550724,1275649,323.04
7550724,1275790,107
7550724,1276475,279.38
7550724,1276574,21.93
7550724,1276581,226.34
7550724,1276909,212.55
7550724,1277046,94.34
7550724,1277047,39.62
7550724,1277144,53.04
7550724,1277332,59.22
7550724,1277420,56.23
7550724,1277531,21.09
7550724,1277908,91.81
7550724,1277925,47.86
7550724,1277975,21.09
7550724,1278034,49.4
7550724,1278035,49.4
7550724,1278036,49.4
7550724,1278038,49.4
7550724,1278801,60.8
7550724,1279770,38.52
7550724,1280569,73.72
7550724,1280649,185.08
7550724,1281878,86.76
7550724,1281952,215.16
7550724,1281953,150.75
7550724,1281961,150.39
7550724,1282373,74.08
7550724,1283224,111.56
7550724,1283406,66.17
7550724,1283918,33.1
7550724,1284173,62.09
7550724,1284276,30.14
7550724,1284328,35.27
7550724,1284685,59.92
7550724,1284708,80.27
7550724,1284709,80.27
7550724,1284710,80.27
7550724,1284967,98.05
7550724,1285050,28.3
7550724,1285416,33.37
7550724,1285666,37.51
7550724,1286060,71.54
7550724,1286253,39.52
7550724,1286255,66.8
7550724,1286343,91.65
7550724,1287358,41.66
7550724,1288798,207.02
7550724,1289100,181.66
7550724,1289465,132.18
7550724,1289722,49.12
7550724,1290556,121.93
7550724,1291374,57.94
7550724,1291833,92.9
7550724,1291870,93.78
7550724,1293231,98.05
7550724,1293392,31.11
7550724,1293443,60.09
7550724,1293614,106.03
7550724,1293786,106.03
7550724,1294169,98.99
7550724,1294743,98.05
7550724,1294747,76.64
7550724,1295316,64.96
7550724,1295728,164.17
7550724,1295987,53.99
7550724,1295995,21.09
7550724,1296078,44.47
7550724,1296334,142.25
7550724,1296519,64.97
7550724,1296622,57.02
7550724,1296719,63.6
7550724,1296764,97.16
7550724,1297191,41.65
7550724,1297369,49.38
7550724,1297464,52.36
7550724,1297466,29.04
7550724,1297779,92.15
7550724,1298396,11672.5
7550724,1298397,1193.42
7550724,1298398,313.1
7550724,1299551,89.73
7550724,1300183,123.67
7550724,1300288,110.43
7550724,1300366,48.32
7550724,1300560,104.44
7550724,1300563,59.27
7550724,1302223,46.82
7550724,1302224,43.59
7550724,1302820,42.11
7550724,1302851,23.96
7550724,1302855,110.93
7550724,1302860,50.23
7550724,1303379,106.03
7550724,1303598,188.34
7550724,1303599,88.13
7550724,1303600,88.13
7550724,1303601,88.13
7550724,1303603,53.81
7550724,1303604,33.37
7550724,1303605,54.77
7550724,1303606,1193.42
7550724,1303607,1193.42
7550724,1303608,1193.42
7550724,1303609,1193.42
7550724,1303610,1193.42
7550724,1303611,77.17
7550724,1304261,121.36
7550724,1304262,76.16
7550724,1304769,103.52
7550724,1304771,101.61
7550724,1305109,58.7
7550724,1305283,97.52
7550724,1305284,50.19
7550724,1305478,76.64
7550724,1305586,176.65
7550724,1305941,133.72
7550724,1306221,97.16
7550724,1307090,49.48
7550724,1307525,123.21
7550724,1308182,35.59
7550724,1308725,56.38
7550724,1308756,79.42
7550724,1308793,885.28
7550724,1309242,76.64
7550724,1310733,54.18
7550724,1310920,79.84
7550724,1311077,92.03
7550724,1311230,54.19
7550724,1311657,75.24
7550724,1311673,67.71
7550724,1312398,203.3
7550724,1312425,30.87
7550724,1312484,100.11
7550724,1312738,73.45
7550724,1312859,885.28
7550724,1312889,100.37
7550724,1312907,198.17
7550724,1313652,30.74
7550724,1313653,34.29
7550724,1313655,38.12
7550724,1313710,43.14
7550724,1314030,64.97
7550724,1314050,29.51
7550724,1314982,29.04
7550724,1315195,81.02
7550724,1315201,65.04
7550724,1315462,95.33
7550724,1315621,100.11
7550724,1315876,94.02
7550724,1315929,48.4
7550724,1315930,48.4
7550724,1316338,67.54
7550724,1316349,55.57
7550724,1316475,72.61
7550724,1316635,91.08
7550724,1316705,885.28
7550724,1316802,64.18
7550724,1316813,125.32
7550724,1316966,55.57
7550724,1316985,30.28
7550724,1317004,55.57
7550724,1317012,46.26
7550724,1317014,68.03
7550724,1317060,72.28
7550724,1317062,151.54
7550724,1317063,169.32
7550724,1317064,44.06
7550724,1317065,139.09
7550724,1317066,60.58
7550724,1317067,149.17
7550724,1317068,189.16
7550724,1317070,113.41
7550724,1317071,73.22
7550724,1317072,97.59
7550724,1317115,89.97
7550724,1317167,36.61
7550724,1317715,110.41
7550724,1318183,94.76
7550724,1318187,44.06
7550724,1318188,64.18
7550724,1318190,60.58
7550724,1318262,21.09
7550724,1318526,64.96
7550724,1318527,99.4
7550724,1318641,124.3
7550724,1318924,50
7550724,1319154,24.5
7550724,1319202,18.03
7550724,1319203,22.97
7550724,1319290,164.17
7550724,1319527,85.19
7550724,1321297,70.46
7550724,1321301,128.37
7550724,1321401,128.67
7550724,1321736,83.67
7550724,1322439,153.96
7550724,1322474,30.81
7550724,1322478,47.19
7550724,1322479,47.19
7550724,1322480,47.19
7550724,1322481,0.01
7550724,1322885,43.21
7550724,1322998,90.44
7550724,1323204,211.37
7550724,1323589,0.01
7550724,1323598,34.75
7550724,1323865,36.77
7550724,1323873,146.82
7550724,1325013,55.57
7550724,1325136,71.73
7550724,1325403,139.79
7550724,1325572,136.62
7550724,1325809,81.61
7550724,1325907,113.02
7550724,1325967,93.56
7550724,1326102,85.45
7550724,1326462,151.31
7550724,1326474,60.54
7550724,1326475,64.53
7550724,1326508,122.09
7550724,1326509,130.32
7550724,1327560,77.19
7550724,1327615,28.24
7550724,1327616,123.43
7550724,1327758,35.04
7550724,1327760,35.84
7550724,1328040,43.21
7550724,1328041,43.21
7550724,1328059,83.39
7550724,1328221,211.4
7550724,1328331,89.73
7550724,1328358,3156.62
7550724,1329403,44.92
7550724,1329452,196.24
7550724,1329453,127.42
7550724,1329606,47.19
7550724,1329804,55.57
7550724,1329805,55.57
7550724,1329955,129.38
7550724,1329997,144.46
7550724,1330414,64.38
7550724,1331061,44.58
7550724,1331142,50
7550724,1331143,43.21
7550724,1331474,94.4
7550724,1331479,185.27
7550724,1331688,1174.4
7550724,1331736,168.94
7550724,1331772,74.77
7550724,1331923,55.57
7550724,1331969,76.96
7550724,1332474,21.89
7550724,1332666,34.17
7550724,1334162,199.86
7550724,1334335,18.7
7550724,1335121,141
7550724,1335438,83.93
7550724,1335751,78.32
7550724,1335846,92.58
7550724,1336998,66.17
7550724,1336999,66.17
7550724,1337597,28.64
7550724,1337598,67.54
7550724,1337958,146.42
7550724,1338157,247.33
7550724,1338280,67.35
7550724,1338294,150.16
7550724,1338298,60.34
7550724,1338814,95.56
7550724,1338892,132.78
7550724,1338987,18.64
7550724,1339013,55.57
7550724,1339363,141.92
7550724,1339575,38.12
7550724,1339587,216.04
7550724,1339599,26.37
7550724,1339816,158.08
7550724,1339817,203.91
7550724,1339823,161.66
7550724,1339924,29.68
7550724,1339957,40.83
7550724,1340025,160.35
7550724,1340065,189.86
7550724,1340645,85.36
7550724,1340686,137.96
7550724,1340792,167.28
7550724,1341067,146.82
7550724,1341069,101.94
7550724,1341070,84.44
7550724,1341071,113.3
7550724,1341097,165.37
7550724,1341161,71.25
7550724,1341606,60.34
7550724,1341637,41.98
7550724,1341810,114.03
7550724,1341828,313.1
7550724,1342048,46.65
7550724,1342434,71.02
7550724,1342452,101.9
7550724,1342643,93.12
7550724,1343193,73.4
7550724,1343204,55.66
7550724,1343549,60.34
7550724,1343566,54.3
7550724,1343567,54.3
7550724,1343590,49
7550724,1343793,137.96
7550724,1344355,74.74
7550724,1344508,25.59
7550724,1344642,139.86
7550724,1344643,131.19
7550724,1344647,142.25
7550724,1344692,59.86
7550724,1344693,87.47
7550724,1344694,48.34
7550724,1344695,73.04
7550724,1344696,145.36
7550724,1344697,217.55
7550724,1344700,145.36
7550724,1344723,36.3
7550724,1344746,165.57
7550724,1344748,214.77
7550724,1344753,247.56
7550724,1345037,69.74
7550724,1345104,54.3
7550724,1345211,86.28
7550724,1345230,92.27
7550724,1345232,92.27
7550724,1345526,139.39
7550724,1345827,137.96
7550724,1345934,51.1
7550724,1346018,199.57
7550724,1346259,142.25
7550724,1346264,36.35
7550724,1346266,36.61
7550724,1346271,22.82
7550724,1346371,134.49
7550724,1346584,55.57
7550724,1346614,93.12
7550724,1346828,83.21
7550724,1347038,139.39
7550724,1347277,153.38
7550724,1348430,106.43
7550724,1348613,65.59
7550724,1349181,88.28
7550724,1349182,41.75
7550724,1349293,88.31
7550724,1350013,39.58
7550724,1350990,45.69
7550724,1350991,45.69
7550724,1350992,45.69
7550724,1352477,45.34
7550724,1352979,71.42
7550724,1353361,38.32
7550724,1353363,36.33
7550724,1353643,50.85
7550724,1353644,50.85
7550724,1353645,50.85
7550724,1353677,23.02
7550724,1353687,217.96
7550724,1353724,17.52
7550724,1354921,215.19
7550724,1355311,35.63
7550724,1355362,113.53
7550724,1355381,131.14
7550724,1355832,101.41
7550724,1355834,101.41
7550724,1355835,101.41
7550724,1356409,131.83
7550724,1356420,131.67
7550724,1357394,97.04
7550724,1357416,59.6
7550724,1358777,104.7
7550724,1358822,119.01
7550724,1358931,1689.88
7550724,1359759,50.19
7550724,1360710,216.03
7550724,1360768,38.9
7550724,1360841,77.23
7550724,1362404,107.9
7550724,1362676,30.03
7550724,1362677,40.04
7550724,1363023,110.98
7550724,1363077,73.61
7550724,1363264,79.77
7550724,1363433,36.16
7550724,1363466,45.69
7550724,1364120,7664.46
7550724,1364129,148.76
7550724,1364989,45.69
7550724,1365000,45.69
7550724,1365325,95.56
7550724,1366191,74.54
7550724,1366293,45.69
7550724,1366307,132.61
7550724,1366529,8.72
7550724,1366915,141.33
7550724,1367605,41.48
7550724,1367859,35.88
7550724,1367894,7708.42
7550724,1367948,52.2
7550724,1368872,2389.34
7550724,1368884,81.61
7550724,1370300,1137.48
7550724,1370399,27.92
7550724,1372378,93.65
7550724,1372631,86.76
7550724,1372731,70.46
7550724,1373138,86.81
7550724,1373526,186.03
7550724,1373785,30.35
7550724,1375760,169.08
7550724,1376714,5161
7550724,1376733,84.99
7550724,1377072,36.61
7550724,1377322,95.11
7550724,1377549,76.93
7550724,1377886,69.82
7550724,1378217,11672.5
7550724,1378603,80.37
7550724,1378811,320.87
7550724,1378841,45.69
7550724,1378898,297.48
7550724,1379526,116.94
7550724,1379753,63.11
7550724,1379847,36.24
7550724,1379897,55.3
7550724,1380095,111.03
7550724,1380483,101.24
7550724,1380943,199.86
7550724,1381179,143.12
7550724,1381315,187.75
7550724,1381354,101.59
7550724,1381437,80.31
7550724,1381543,109.55
7550724,1381544,103.63
7550724,1381922,80.65
7550724,1382432,115.26
7550724,1384300,153.57
7550724,1384442,146.45
7550724,1384519,23.06
7550724,1385178,131.76
7550724,1386917,56.8
7550724,1386918,56.8
7550724,1387996,52.75
7550724,1387997,52.75
7550724,1387999,61.11
7550724,1388067,145.82
7550724,1388242,158.95
7550724,1389264,57.02
7550724,1389323,75.5
7550724,1390228,167.16
7550724,1391088,28.53
7550724,1391267,41.03
7550724,1391318,146.02
7550724,1391795,136.14
7550724,1392073,59.67
7550724,1393065,88.14
7550724,1393375,169.08
7550724,1393627,117.43
7550724,1393766,29.04
7550724,1393979,62.13
7550724,1394073,215.08
7550724,1394074,196.88
7550724,1396459,67.22
7550724,1396701,151.26
7550724,1396710,109.34
7550724,1397179,115.21
7550724,1397981,41.65
7550724,1398666,169.08
7550724,1398718,144.46
7550724,1398815,169.32
7550724,1398867,196.46
7550724,1399689,72.44
7550724,1399813,52.76
7550724,1399824,54.85
7550724,1399825,77.85
7550724,1400453,72.81
7550724,1401344,84.94
7550724,1401491,169.08
7550724,1401718,73.39
7550724,1402328,89.73
7550724,1403538,52.64
7550724,1403574,12415.6
7550724,1403641,13.75
7550724,1003658,8.01
7550724,1005610,45.67
7550724,1005929,71.2
7550724,1006100,61.32
7550724,1006101,67.48
7550724,1006102,72.04
7550724,1006177,1147.45
7550724,1006386,131.77
7550724,1006481,91.47
7550724,1006799,88.54
7550724,1007474,1113
7550724,1007935,93.59
7550724,1007936,53.99
7550724,1008089,77.14
7550724,1008996,1113
7550724,1009188,131.77
7550724,1009226,426.65
7550724,1011197,110.13
7550724,1011338,85.03
7550724,1011340,66.66
7550724,1012967,79.88
7550724,1012968,70.36
7550724,1012969,41.91
7550724,1013002,74.36
7550724,1013730,78.02
7550724,1015235,66.64
7550724,1015258,26.61
7550724,1015264,68.52
7550724,1015767,45.95
7550724,1015789,66.82
7550724,1015790,34.96
7550724,1015805,77.63
7550724,1015806,39
7550724,1015810,60.51
7550724,1015814,42.96
7550724,1015815,27.95
7550724,1015816,42.34
7550724,1015878,44.42
7550724,1015894,60.29
7550724,1015896,61.65
7550724,1015897,41.62
7550724,1015902,27.63
7550724,1015999,55.86
7550724,1016007,25.02
7550724,1016056,66.29
7550724,1016068,54.93
7550724,1016075,50.73
7550724,1016081,47.74
7550724,1016082,47.69
7550724,1016090,29.89
7550724,1016091,43.53
7550724,1016093,33.52
7550724,1016103,42.51
7550724,1016145,35.66
7550724,1016177,22.7
7550724,1016212,29.34
7550724,1016213,100.63
7550724,1016214,37.34
7550724,1016215,25.78
7550724,1016221,42.29
7550724,1016223,43.62
7550724,1016225,34.96
7550724,1016226,51.14
7550724,1016227,43.07
7550724,1016228,59.92
7550724,1016232,44.81
7550724,1016273,71.58
7550724,1016291,27.01
7550724,1016300,26.57
7550724,1016398,77.59
7550724,1016513,66
7550724,1016520,117.21
7550724,1016521,73.04
7550724,1016535,70.33
7550724,1016599,26.84
7550724,1016608,92.03
7550724,1017226,71.48
7550724,1017252,71.48
7550724,1017259,59.98
7550724,1017290,40.95
7550724,1017295,56.48
7550724,1017296,59.28
7550724,1017297,58.34
7550724,1017325,54.27
7550724,1017327,62.73
7550724,1017336,74.66
7550724,1017338,27.35
7550724,1017361,61.55
7550724,1017380,44.45
7550724,1017386,34.44
7550724,1017387,103.79
7550724,1017388,26.62
7550724,1017390,115.84
7550724,1017408,27.59
7550724,1017417,63.55
7550724,1017422,68.01
7550724,1017478,77.53
7550724,1017479,54.93
7550724,1017480,55.34
7550724,1017481,53.2
7550724,1017518,31.22
7550724,1017519,31.23
7550724,1017524,42.31
7550724,1017578,55.81
7550724,1017596,55.34
7550724,1017613,58.64
7550724,1017631,76.14
7550724,1017632,35.37
7550724,1017643,49.02
7550724,1017670,71.48
7550724,1017671,74.49
7550724,1017672,48.51
7550724,1017673,71.48
7550724,1017674,49.2
7550724,1017693,62.76
7550724,1017737,100.8
7550724,1017775,52.46
7550724,1017800,74.49
7550724,1017804,90.1
7550724,1017805,41.76
7550724,1017811,51.86
7550724,1017819,29.01
7550724,1017828,34.79
7550724,1017843,40.05
7550724,1017844,52.64
7550724,1017845,70.21
7550724,1017848,82.08
7550724,1017849,86.41
7550724,1017850,93.72
7550724,1017851,79.48
7550724,1017872,44.52
7550724,1017973,61.82
7550724,1017983,17.45
7550724,1018659,82.87
7550724,1018991,48.74
7550724,1019260,42.5
7550724,1019795,64.29
7550724,1019846,103.98
7550724,1019848,63.86
7550724,1019849,64.46
7550724,1019850,75
7550724,1019857,95.49
7550724,1019866,103.1
7550724,1019873,111.39
7550724,1020409,80.42
7550724,1021951,51.7
7550724,1022006,66.59
7550724,1022120,47.54
7550724,1022124,61.5
7550724,1022140,55.66
7550724,1022143,57.35
7550724,1022155,115.46
7550724,1022164,76.6
7550724,1022248,46.58
7550724,1022352,47.79
7550724,1022353,48.78
7550724,1022363,48.21
7550724,1022366,65.81
7550724,1022376,37.54
7550724,1022377,55.07
7550724,1022384,71.48
7550724,1022391,63.48
7550724,1027066,41.65
7550724,1028749,25.92
7550724,1028826,44.91
7550724,1028834,22.21
7550724,1028858,47.92
7550724,1030517,30.45
7550724,1030616,19.46
7550724,1030617,35.41
7550724,1030991,19.47
7550724,1030992,21.36
7550724,1030993,21.35
7550724,1031010,43.59
7550724,1031011,43.03
7550724,1031012,34.32
7550724,1031052,37.22
7550724,1031075,22.65
7550724,1031191,18.64
7550724,1031215,23.13
7550724,1032171,24.24
7550724,1036160,15.91
7550724,1036298,27.29
7550724,1036299,29.83
7550724,1036660,98.47
7550724,1049290,29.82
7550724,1049300,41.98
7550724,1049347,58.48
7550724,1049348,83.69
7550724,1049357,62.89
7550724,1049375,28.62
7550724,1049379,39.43
7550724,1049406,87.24
7550724,1049407,30.52
7550724,1049408,69.11
7550724,1049422,73.61
7550724,1049443,39.7
7550724,1049449,28.38
7550724,1049464,41.02
7550724,1049466,73.4
7550724,1049467,84.88
7550724,1049468,26.25
7550724,1049469,44.35
7550724,1049480,67.4
7550724,1049482,108.2
7550724,1049483,137.2
7550724,1049511,97.05
7550724,1049513,26.79
7550724,1049514,37.03
7550724,1049527,70.1
7550724,1049655,26.25
7550724,1049656,34.51
7550724,1049657,57.02
7550724,1049658,63.68
7550724,1049660,46.89
7550724,1049661,65.7
7550724,1049664,78.46
7550724,1049666,42.31
7550724,1049667,43.06
7550724,1049670,69.11
7550724,1049671,87.24
7550724,1051923,77.51
7550724,1062685,19.13
7550724,1063484,18.37
7550724,1063599,16.34
7550724,1063600,16.34
7550724,1063601,16.34
7550724,1063602,16.34
7550724,1063603,16.34
7550724,1063604,16.34
7550724,1063605,16.34
7550724,1064881,53.07
7550724,1064908,37.23
7550724,1064937,47.12
7550724,1109876,34.42
7550724,1109877,58.45
7550724,1109878,59.21
7550724,1109984,80.93
7550724,1111314,16.84
7550724,1111317,16.84
7550724,1111319,16.84
7550724,1111320,16.84
7550724,1111321,16.84
7550724,1111322,16.84
7550724,1111323,16.84
7550724,1115134,93.84
7550724,1115233,115.01
7550724,1115240,48.84
7550724,1115402,60.12
7550724,1115470,126.36
7550724,1115474,39.93
7550724,1115475,41.02
7550724,1115479,119.5
7550724,1115484,38.12
7550724,1115486,41.54
7550724,1115492,49.61
7550724,1115855,24.42
7550724,1115864,19.74
7550724,1115879,32.75
7550724,1116016,15.14
7550724,1116416,16.7
7550724,1123281,46.38
7550724,1123549,25.01
7550724,1123966,113.14
7550724,1123978,40.21
7550724,1123988,159.77
7550724,1123989,111.87
7550724,1124020,70
7550724,1124196,30.72
7550724,1124197,30.72
7550724,1124198,35.72
7550724,1124225,17.35
7550724,1124307,19.53
7550724,1124458,43.58
7550724,1124459,48.4
7550724,1124907,67.96
7550724,1124977,56.45
7550724,1125080,38.3
7550724,1125088,65.53
7550724,1125106,54.56
7550724,1125119,57.5
7550724,1125137,40.27
7550724,1125144,73.19
7550724,1125185,67.89
7550724,1125370,72.18
7550724,1125411,108
7550724,1125498,26.02
7550724,1127432,13.66
7550724,1127957,10.24
7550724,1132544,458.45
7550724,1132917,400.15
7550724,1135855,567.1
7550724,1135856,20.42
7550724,1136184,16.4
7550724,1136203,13.6
7550724,1136987,108.33
7550724,1137174,131.76
7550724,1138074,67.96
7550724,1138087,67.96
7550724,1138203,115.01
7550724,1138259,108.79
7550724,1138776,45
7550724,1138799,48.45
7550724,1138800,47.02
7550724,1139393,72.99
7550724,1140442,137.47
7550724,1141207,45.75
7550724,1141214,39.7
7550724,1142725,45.61
7550724,1143216,61.26
7550724,1144590,59.86
7550724,1144618,68.13
7550724,1145514,48.82
7550724,1146784,59.19
7550724,1148967,357.75
7550724,1149272,580.35
7550724,1150414,39.96
7550724,1150772,26.27
7550724,1151121,65.94
7550724,1151214,14.04
7550724,1152004,97.05
7550724,1152951,40.05
7550724,1153930,49.49
7550724,1154124,13.14
7550724,1154827,12.38
7550724,1155894,17.89
7550724,1156670,102.24
7550724,1156815,63.52
7550724,1157021,16.08
7550724,1157057,53.4
7550724,1157658,49.72
7550724,1157659,68
7550724,1157977,28.92
7550724,1159455,30.02
7550724,1159619,17.57
7550724,1160467,59.84
7550724,1160468,80.57
7550724,1160900,13.29
7550724,1161075,49.17
7550724,1161869,27.26
7550724,1162290,447.85
7550724,1162749,11.75
7550724,1163482,102.19
7550724,1163709,182.85
7550724,1163918,105.64
7550724,1165332,31.12
7550724,1165558,4.26
7550724,1165559,4.26
7550724,1165562,4.26
7550724,1165563,4.26
7550724,1165565,4.26
7550724,1165568,42.87
7550724,1165768,43.41
7550724,1166884,26.27
7550724,1166941,66.22
7550724,1166942,81.62
7550724,1167332,16.68
7550724,1167421,198.75
7550724,1167631,33.88
7550724,1167652,120.1
7550724,1168727,14.44
7550724,1169586,54.35
7550724,1169847,13.66
7550724,1170295,39.91
7550724,1170636,71.38
7550724,1170680,74.08
7550724,1170952,71.61
7550724,1171583,73.38
7550724,1172925,15.38
7550724,1173153,381.6
7550724,1173474,24.32
7550724,1173900,12.78
7550724,1173921,4.26
7550724,1173922,4.26
7550724,1173952,381.6
7550724,1174239,376.3
7550724,1174240,376.3
7550724,1175277,82.92
7550724,1175654,371
7550724,1176968,69.17
7550724,1177425,102.24
7550724,1179030,56.6
7550724,1179034,76.12
7550724,1179607,79.96
7550724,1180076,17.76
7550724,1180411,54.03
7550724,1180415,104.24
7550724,1180546,35.14
7550724,1180799,91.27
7550724,1180806,71.2
7550724,1181376,78.02
7550724,1181377,63.37
7550724,1184960,78.14
7550724,1185497,60.55
7550724,1188254,210.17
7550724,1188601,88.54
7550724,1190529,69.77
7550724,1191088,46.08
7550724,1192363,94.86
7550724,1194602,10.1
7550724,1197789,94.44
7550724,1197817,85
7550724,1199078,8.87
7550724,1203825,69.7
7550724,1204116,65.44
7550724,1204330,43.6
7550724,1204723,52.47
7550724,1204724,52.45
7550724,1204725,62.76
7550724,1204726,70.57
7550724,1204727,79.02
7550724,1204730,29.13
7550724,1204732,30.41
7550724,1204735,30.41
7550724,1204740,33.74
7550724,1204741,57.66
7550724,1204742,59.89
7550724,1204743,59.89
7550724,1204744,71.35
7550724,1204745,73.94
7550724,1204746,73.94
7550724,1204747,106.5
7550724,1204764,64.86
7550724,1206773,41.54
7550724,1206986,34.32
7550724,1207173,13.66
7550724,1208281,55.8
7550724,1208291,45.66
7550724,1208572,64.16
7550724,1210027,95.49
7550724,1210275,35.25
7550724,1210832,92.12
7550724,1211200,76.83
7550724,1211966,10.25
7550724,1212063,111.8
7550724,1213606,18.37
7550724,1213819,67.77
7550724,1214081,7.95
7550724,1214102,99.88
7550724,1215680,53.28
7550724,1216168,34.31
7550724,1216580,62.45
7550724,1216805,38.07
7550724,1217940,543.25
7550724,1218453,397.5
7550724,1218747,25.55
7550724,1218783,51.45
7550724,1218843,70.95
7550724,1218909,62.27
7550724,1218918,49.88
7550724,1218939,33.28
7550724,1218989,62.32
7550724,1218997,53.38
7550724,1219028,141.67
7550724,1219029,79.27
7550724,1219117,141.46
7550724,1219584,71.34
7550724,1221039,67.95
7550724,1221329,80.74
7550724,1222384,114.46
7550724,1222385,125.15
7550724,1222981,64.15
7550724,1224293,376.3
7550724,1225138,704.9
7550724,1226250,103.42
7550724,1226251,126.01
7550724,1226252,195.59
7550724,1226253,88.39
7550724,1226545,82.01
7550724,1226969,58.53
7550724,1227412,34.32
7550724,1227765,69.6
7550724,1228794,670.45
7550724,1229021,94.86
7550724,1229023,71.25
7550724,1229024,42.11
7550724,1229026,51.91
7550724,1229272,57.49
7550724,1229275,55.3
7550724,1229279,85.2
7550724,1229280,69.22
7550724,1229282,118.8
7550724,1229356,75.89
7550724,1231293,69.04
7550724,1231531,56.5
7550724,1234505,67
7550724,1234560,47.76
7550724,1235054,131.09
7550724,1235055,148.95
7550724,1235056,111.03
7550724,1235057,105.53
7550724,1235274,118.86
7550724,1236009,30.88
7550724,1236584,35.21
7550724,1236627,381.6
7550724,1236974,36.13
7550724,1236975,115.31
7550724,1236976,15.21
7550724,1236991,15.13
7550724,1236992,87.66
7550724,1236993,23.54
7550724,1236994,31.64
7550724,1236996,19.58
7550724,1236997,20.31
7550724,1237252,82.13
7550724,1238593,71.73
7550724,1238834,124.94
7550724,1239550,51.68
7550724,1239957,62.79
7550724,1241138,56.2
7550724,1241355,352.45
7550724,1241356,13
7550724,1241451,394.85
7550724,1241952,90.89
7550724,1241953,152.21
7550724,1242218,392.2
7550724,1242387,147.57
7550724,1242414,50.12
7550724,1242554,35.56
7550724,1242878,35.88
7550724,1243314,392.2
7550724,1243316,392.2
7550724,1243320,386.9
7550724,1243322,392.2
7550724,1243326,365.7
7550724,1245290,92.69
7550724,1245335,30.24
7550724,1245667,11.59
7550724,1245752,397.5
7550724,1245866,112.44
7550724,1245934,12.42
7550724,1247012,53.03
7550724,1248237,103.46
7550724,1248578,17.79
7550724,1248725,60.53
7550724,1250014,39.56
7550724,1250759,8.33
7550724,1250760,8.33
7550724,1250785,8.33
7550724,1250786,8.33
7550724,1250788,8.33
7550724,1250789,8.33
7550724,1250790,8.33
7550724,1250795,39.52
7550724,1251239,70
7550724,1252277,292.88
7550724,1252595,405.45
7550724,1252830,110.75
7550724,1253237,94.44
7550724,1253238,90.81
7550724,1253240,84.14
7550724,1253243,441.08
7550724,1253244,534.01
7550724,1253246,344.64
7550724,1253247,344.64
7550724,1253249,210.55
7550724,1253250,631.62
7550724,1253252,277
7550724,1253253,233.48
7550724,1253254,551.65
7550724,1253256,110.74
7550724,1253257,160.24
7550724,1253258,154.41
7550724,1253260,151.49
7550724,1253261,228.19
7550724,1253262,315.23
7550724,1255301,77.35
7550724,1255303,39.3
7550724,1255304,48.63
7550724,1255305,96.86
7550724,1255306,55.17
7550724,1255307,61.59
7550724,1255308,66.12
7550724,1255309,76.94
7550724,1255310,89.16
7550724,1255429,88.07
7550724,1255504,148.31
7550724,1256003,14.3
7550724,1256386,80.47
7550724,1256511,63.43
7550724,1256791,392.2
7550724,1257356,30.63
7550724,1257358,41.54
7550724,1257918,99.92
7550724,1258057,44.86
7550724,1258059,44.86
7550724,1258060,44.86
7550724,1258062,44.86
7550724,1258063,44.86
7550724,1258064,44.86
7550724,1258065,44.86
7550724,1258345,683.7
7550724,1259885,45.12
7550724,1260860,110.11
7550724,1260976,59.42
7550724,1261096,74.22
7550724,1261340,11.29
7550724,1261769,11.83
7550724,1261983,64.01
7550724,1261991,88.71
7550724,1262263,104.2
7550724,1262534,69.17
7550724,1262635,29.43
7550724,1262721,82.19
7550724,1262722,73.96
7550724,1262845,74.34
7550724,1263749,52.01
7550724,1264532,37.03
7550724,1265445,92.22
7550724,1266250,30.71
7550724,1266318,124.94
7550724,1266788,53.58
7550724,1267158,45.12
7550724,1267682,389.55
7550724,1267787,70.89
7550724,1267791,63.66
7550724,1267869,5.53
7550724,1268191,10.87
7550724,1268451,40.51
7550724,1270118,17.01
7550724,1270502,36.36
7550724,1270503,40.66
7550724,1270504,28.74
7550724,1270505,44.23
7550724,1271552,50.58
7550724,1271593,51.38
7550724,1271594,52.34
7550724,1271595,52.86
7550724,1271624,45.79
7550724,1271628,44.4
7550724,1271635,51.57
7550724,1271637,68.65
7550724,1272027,74.37
7550724,1272295,60.21
7550724,1272298,43.07
7550724,1273246,156.68
7550724,1273733,44.63
7550724,1274301,91.48
7550724,1274302,91.48
7550724,1275135,30.62
7550724,1275808,77.72
7550724,1276216,71.38
7550724,1276419,205.72
7550724,1276448,93.08
7550724,1276580,95.46
7550724,1277267,54.09
7550724,1278533,56.85
7550724,1278534,78.61
7550724,1278535,46.46
7550724,1278536,79.92
7550724,1278704,95.09
7550724,1278905,51.67
7550724,1279200,124.94
7550724,1279594,105.56
7550724,1279601,28.44
7550724,1279604,22.57
7550724,1280170,141.63
7550724,1280843,85.34
7550724,1280844,159.87
7550724,1281068,66.11
7550724,1281082,68.59
7550724,1281087,51.03
7550724,1281088,62.76
7550724,1281156,39.45
7550724,1281157,68.03
7550724,1281158,39.45
7550724,1281160,45.23
7550724,1281161,84.83
7550724,1281162,22.65
7550724,1281163,47.96
7550724,1281164,37.34
7550724,1281169,75.9
7550724,1281170,68.02
7550724,1281174,55.7
7550724,1281175,78.7
7550724,1281176,82.06
7550724,1281825,81.85
7550724,1282220,90.81
7550724,1282326,13.29
7550724,1282347,78.73
7550724,1282474,77.35
7550724,1282495,56.71
7550724,1282791,5.28
7550724,1282792,5.28
7550724,1282793,5.28
7550724,1282795,5.28
7550724,1282797,5.28
7550724,1282798,5.28
7550724,1282799,5.28
7550724,1282802,127.02
7550724,1283642,147.83
7550724,1283763,50.38
7550724,1283808,87.93
7550724,1283855,79.89
7550724,1284024,46.75
7550724,1284179,48.1
7550724,1284299,5.53
7550724,1284301,5.53
7550724,1284830,27.71
7550724,1285078,53.9
7550724,1285396,98.59
7550724,1286453,90.04
7550724,1287553,69.52
7550724,1287854,40.22
7550724,1288217,81.71
7550724,1288258,93.82
7550724,1288259,63.43
7550724,1288822,408.1
7550724,1289110,78.73
7550724,1290043,91.67
7550724,1290395,38.24
7550724,1290549,321.15
7550724,1290581,67.77
7550724,1291559,91.48
7550724,1292094,69.21
7550724,1292224,52.55
7550724,1292288,376.3
7550724,1292577,402.8
7550724,1293298,416.05
7550724,1293671,27.58
7550724,1294147,73.76
7550724,1294280,53.38
7550724,1294557,40.64
7550724,1294644,46.52
7550724,1294735,107.28
7550724,1294994,85.84
7550724,1295552,64.92
7550724,1295711,66.07
7550724,1295732,95.23
7550724,1295765,234.07
7550724,1295853,28.98
7550724,1295856,103.35
7550724,1296009,99.52
7550724,1296114,35.3
7550724,1297059,392.2
7550724,1297710,98.8
7550724,1297738,35.19
7550724,1298122,149.46
7550724,1298123,37.6
7550724,1298392,238.5
7550724,1299380,34.66
7550724,1300060,124.94
7550724,1300908,133.89
7550724,1300909,58.11
7550724,1300913,9.64
7550724,1300917,59.59
7550724,1300919,45.55
7550724,1301231,381.6
7550724,1302264,88.62
7550724,1302888,123.06
7550724,1303068,176.42
7550724,1303297,209.37
7550724,1303763,149.75
7550724,1304970,71.53
7550724,1305404,55.76
7550724,1305405,29.6
7550724,1305442,95.23
7550724,1306345,46.63
7550724,1306346,97.35
7550724,1306935,391.77
7550724,1307430,107.9
7550724,1307492,87.37
7550724,1307768,5.53
7550724,1307770,5.53
7550724,1307771,5.53
7550724,1307772,5.53
7550724,1308300,105.42
7550724,1308315,53.56
7550724,1308399,41.22
7550724,1308605,144.96
7550724,1308606,86.13
7550724,1311620,86.62
7550724,1311945,53.15
7550724,1312339,1447.22
7550724,1313404,50.82
7550724,1313493,73.4
7550724,1313822,145.94
7550724,1315118,38.3
7550724,1315566,48.14
7550724,1315750,88.31
7550724,1315751,48.86
7550724,1317922,133.26
7550724,1317924,262.3
7550724,1317926,149.97
7550724,1318067,164.08
7550724,1320042,72.52
7550724,1320043,73.53
7550724,1320740,68.13
7550724,1320741,28.84
7550724,1320796,90.07
7550724,1321372,124.94
7550724,1322791,121.12
7550724,1322886,36.79
7550724,1323544,46.06
7550724,1323656,33.76
7550724,1323657,56.87
7550724,1324006,45.45
7550724,1324008,58.57
7550724,1324510,55.86
7550724,1324782,59.56
7550724,1325184,73.17
7550724,1325395,76.77
7550724,1325396,85.05
7550724,1325423,91.35
7550724,1325546,64.69
7550724,1325887,66.56
7550724,1326082,71.42
7550724,1326130,113.43
7550724,1326148,46.01
7550724,1326180,93.93
7550724,1326181,59.05
7550724,1326586,105.93
7550724,1326746,34.74
7550724,1326860,54.45
7550724,1326895,65.1
7550724,1327193,68.06
7550724,1327329,83.48
7550724,1328569,32.04
7550724,1328858,159.59
7550724,1328859,105.22
7550724,1329849,34.69
7550724,1330425,45.57
7550724,1330578,121.16
7550724,1330856,93.31
7550724,1330973,123.18
7550724,1332022,111
7550724,1333062,622.75
7550724,1333994,23.2
7550724,1334466,421.35
7550724,1335126,42.35
7550724,1337242,426.65
7550724,1337407,447.85
7550724,1338066,116.02
7550724,1338337,66.56
7550724,1338620,51.32
7550724,1338683,113.4
7550724,1338703,110.36
7550724,1339014,58.99
7550724,1339267,77.93
7550724,1339268,119.07
7550724,1339269,60.78
7550724,1339270,54.7
7550724,1339274,50.41
7550724,1339275,73.6
7550724,1339276,70.08
7550724,1339283,75.18
7550724,1339424,98.91
7550724,1339467,50.45
7550724,1339468,59.14
7550724,1339686,102.75
7550724,1340625,111.46
7550724,1341141,71.09
7550724,1341270,71.3
7550724,1342177,48.14
7550724,1342426,70
7550724,1342497,99.88
7550724,1342846,21.83
7550724,1344109,56.16
7550724,1344503,99.57
7550724,1344712,202.3
7550724,1344797,21.82
7550724,1345213,86.56
7550724,1345605,421.35
7550724,1345628,6.53
7550724,1345987,70.68
7550724,1346402,45.56
7550724,1346407,53.28
7550724,1346408,67
7550724,1346409,59.29
7550724,1346410,48.69
7550724,1346554,131.57
7550724,1348571,68.72
7550724,1348660,35.56
7550724,1349119,94.07
7550724,1349142,121.8
7550724,1349260,133.05
7550724,1349261,132.54
7550724,1349805,42.18
7550724,1349806,43.45
7550724,1352840,132.82
7550724,1352904,61.51
7550724,1352970,52.11
7550724,1353058,52.13
7550724,1353324,66.07
7550724,1354341,113.85
7550724,1354349,59.43
7550724,1354406,62.15
7550724,1354460,42.06
7550724,1354630,126.43
7550724,1356190,39.73
7550724,1356191,45
7550724,1356193,37.31
7550724,1356248,96.37
7550724,1356262,94.82
7550724,1356327,77.74
7550724,1356458,140.38
7550724,1356526,64.29
7550724,1356865,87.35
7550724,1357110,43.75
7550724,1357178,80.58
7550724,1357179,66.06
7550724,1357385,68.38
7550724,1357386,65.88
7550724,1357388,94.63
7550724,1357389,108.34
7550724,1357395,63.87
7550724,1357397,79.06
7550724,1357424,70.19
7550724,1357888,400.15
7550724,1358070,81.46
7550724,1358071,60.64
7550724,1358072,65.22
7550724,1358158,32.31
7550724,1359164,84.14
7550724,1359165,84.14
7550724,1359265,86.34
7550724,1359536,90.14
7550724,1359568,69.65
7550724,1359679,100.84
7550724,1359870,151.53
7550724,1360228,74.48
7550724,1360706,124.94
7550724,1361102,86.05
7550724,1361830,95.26
7550724,1362063,45.54
7550724,1362148,63.53
7550724,1362978,72.59
7550724,1363280,68.72
7550724,1363331,102.3
7550724,1363585,44.74
7550724,1363990,60.58
7550724,1364040,107.82
7550724,1364057,74.36
7550724,1364609,96.32
7550724,1364768,58.05
7550724,1364833,109.74
7550724,1365312,76.61
7550724,1365313,235.47
7550724,1365314,183.64
7550724,1366229,97.01
7550724,1366416,25.17
7550724,1366439,61.24
7550724,1367623,83.3
7550724,1367635,24.26
7550724,1368308,91.94
7550724,1368660,58.79
7550724,1368661,84.16
7550724,1369273,60.43
7550724,1369274,63.23
7550724,1369468,103.21
7550724,1369590,82.98
7550724,1369591,82.98
7550724,1369592,20.32
7550724,1369595,21.67
7550724,1369596,23.69
7550724,1369597,13.92
7550724,1369599,13.92
7550724,1369642,386.9
7550724,1370071,55.74
7550724,1370280,48.56
7550724,1370408,43.91
7550724,1370595,65.19
7550724,1370710,101.29
7550724,1371241,105.22
7550724,1371437,72.59
7550724,1371956,72.59
7550724,1372760,108.46
7550724,1372857,249.99
7550724,1373009,40.59
7550724,1373020,72.09
7550724,1373205,58.41
7550724,1373329,29.78
7550724,1373390,75.27
7550724,1373919,22.75
7550724,1374199,54.45
7550724,1374507,291.8
7550724,1374565,103.34
7550724,1374566,55.59
7550724,1374567,224.21
7550724,1374737,295.72
7550724,1374739,295.72
7550724,1374792,43.26
7550724,1374854,28.62
7550724,1374998,121.01
7550724,1375061,70.14
7550724,1375062,88.13
7550724,1375772,252.89
7550724,1375774,328.17
7550724,1375775,137.71
7550724,1375795,146.24
7550724,1376304,376.3
7550724,1376555,484.95
7550724,1376641,27.25
7550724,1376642,27.26
7550724,1376800,371
7550724,1376989,93.44
7550724,1377008,73.95
7550724,1377060,371
7550724,1377134,51.85
7550724,1377366,115.26
7550724,1377384,183.71
7550724,1377385,181.16
7550724,1377386,100.72
7550724,1377387,116.25
7550724,1377391,72.79
7550724,1377393,147
7550724,1377395,166.34
7550724,1377396,89.4
7550724,1377928,381.6
7550724,1378123,376.3
7550724,1378593,381.6
7550724,1378884,58.22
7550724,1378991,60.54
7550724,1379053,111.46
7550724,1379094,371
7550724,1379406,26.1
7550724,1379520,15.98
7550724,1379700,101.78
7550724,1380278,13.4
7550724,1380368,397.5
7550724,1381259,634.41
7550724,1382575,152.47
7550724,1382982,9.84
7550724,1383429,82.92
7550724,1383458,131.99
7550724,1383581,61.16
7550724,1384017,77
7550724,1384030,30.03
7550724,1384116,41.31
7550724,1384477,126.44
7550724,1384662,103.46
7550724,1384780,437.25
7550724,1384809,111
7550724,1384927,102.45
7550724,1385522,105.64
7550724,1386321,77.59
7550724,1386621,49.75
7550724,1386948,83.79
7550724,1387124,81.71
7550724,1387285,68.71
7550724,1387414,85.2
7550724,1387415,86.39
7550724,1387847,397.5
7550724,1387974,1166
7550724,1388366,67.89
7550724,1389396,421.35
7550724,1389666,39.33
7550724,1389850,75.9
7550724,1390282,43.39
7550724,1390283,55.08
7550724,1390284,70.1
7550724,1390965,103.1
7550724,1391611,61.24
7550724,1393128,64.66
7550724,1393149,102.11
7550724,1394266,123.5
7550724,1394715,112.49
7550724,1394844,75.4
7550724,1394883,202.43
7550724,1395231,61.28
7550724,1395312,84.59
7550724,1395349,108.99
7550724,1395440,72.82
7550724,1396099,80.74
7550724,1396550,64.51
7550724,1397154,41.02
7550724,1397442,72.88
7550724,1397507,76.79
7550724,1398328,165.47
7550724,1398512,56.86
7550724,1398837,73.71
7550724,1398838,33.74
7550724,1399724,198.01
7550724,1400094,156.66
7550724,1400432,67.4
7550724,1400433,86.93
7550724,1401042,95.69
7550724,1401255,68.44
7550724,1403828,49.01
7550724,1404432,6.53
7550724,1004324,79.06
7550724,1004974,90.35
7550724,1004975,85.99
7550724,1004976,84.95
7550724,1007097,134.2
7550724,1008384,106.57
7550724,1008409,104.86
7550724,1008700,92.68
7550724,1008995,98.14
7550724,1009590,169.8
7550724,1011608,134.87
7550724,1011610,175.37
7550724,1013003,72
7550724,1013413,295.64
7550724,1014986,130.82
7550724,1014987,84.1
7550724,1014988,177.32
7550724,1014997,95.34
7550724,1015016,82.77
7550724,1015060,83.06
7550724,1019573,108.59
7550724,1019575,105.36
7550724,1019576,122.49
7550724,1019806,75.11
7550724,1020800,99.26
7550724,1020801,98.07
7550724,1033716,228.67
7550724,1075937,104.75
7550724,1083224,88.26
7550724,1083225,87.44
7550724,1083226,88.41
7550724,1141993,194.1
7550724,1146806,138.5
7550724,1154097,100.85
7550724,1155503,76.33
7550724,1155816,154.74
7550724,1158891,224.47
7550724,1164426,96.12
7550724,1164593,77.02
7550724,1164594,76.08
7550724,1165148,107.09
7550724,1165667,88.7
7550724,1167691,84.11
7550724,1170441,141.11
7550724,1170442,238.41
7550724,1170443,155.5
7550724,1172517,91.31
7550724,1172650,90.6
7550724,1172858,155.09
7550724,1173353,76.62
7550724,1174160,104.3
7550724,1174161,123.88
7550724,1174264,56.54
7550724,1174265,56.1
7550724,1174266,55.37
7550724,1175059,141.82
7550724,1175298,137.92
7550724,1175702,136.29
7550724,1175738,196.51
7550724,1175813,87.33
7550724,1176294,206.16
7550724,1178745,27.88
7550724,1180479,177.57
7550724,1181275,114
7550724,1185475,127.67
7550724,1185476,102.25
7550724,1185477,114.35
7550724,1188605,236.07
7550724,1192237,14.23
7550724,1193158,285.5
7550724,1195666,30.48
7550724,1197277,483.56
7550724,1198312,70.19
7550724,1199094,122.7
7550724,1199096,87.19
7550724,1199097,87.19
7550724,1199098,102.06
7550724,1199100,102.06
7550724,1199102,94.99
7550724,1199104,115.56
7550724,1199105,109.51
7550724,1199106,89.5
7550724,1199107,86.52
7550724,1200246,104
7550724,1200545,109.91
7550724,1205857,199.53
7550724,1208751,71.34
7550724,1208799,101.5
7550724,1208800,77.72
7550724,1209204,119.47
7550724,1209205,139.28
7550724,1209207,161.75
7550724,1209439,105.62
7550724,1209802,102.35
7550724,1209803,125.69
7550724,1209820,70.23
7550724,1211189,78.37
7550724,1213998,112.1
7550724,1214126,224.47
7550724,1214561,97.88
7550724,1215162,62.03
7550724,1215200,118.11
7550724,1215385,98.56
7550724,1215430,116.38
7550724,1215431,166.22
7550724,1216041,113.22
7550724,1216101,98.9
7550724,1216102,101.29
7550724,1216518,106.27
7550724,1217330,67.16
7550724,1217603,128.88
7550724,1217879,118.74
7550724,1217947,155.5
7550724,1217948,105.69
7550724,1218707,120.44
7550724,1218771,160.41
7550724,1219683,152.04
7550724,1219684,128.11
7550724,1219689,308.58
7550724,1220337,111.14
7550724,1220338,63.43
7550724,1220395,119.99
7550724,1222059,105.28
7550724,1222341,101.99
7550724,1222731,101.02
7550724,1223821,90.95
7550724,1223917,106.72
7550724,1224182,74.12
7550724,1226207,140.59
7550724,1226208,66.57
7550724,1226279,125.4
7550724,1226281,107.09
7550724,1226282,96.54
7550724,1226724,114.35
7550724,1226840,162.56
7550724,1227107,127.67
7550724,1227953,92.48
7550724,1228613,126.19
7550724,1229427,148.27
7550724,1229992,114.94
7550724,1230046,259.2
7550724,1230613,250.3
7550724,1232559,57.67
7550724,1232560,57.67
7550724,1232561,57.41
7550724,1234681,76.08
7550724,1235874,117.95
7550724,1236259,99.4
7550724,1236336,142.15
7550724,1237054,69.67
7550724,1237466,90.39
7550724,1237924,153.08
7550724,1238003,114.5
7550724,1238317,125.83
7550724,1239253,88.39
7550724,1240024,63.57
7550724,1241347,85.92
7550724,1242013,78.33
7550724,1243059,109.07
7550724,1243218,78.79
7550724,1243378,68.01
7550724,1243379,69.74
7550724,1243463,97.45
7550724,1245225,94.46
7550724,1245273,87.56
7550724,1246218,112.67
7550724,1246219,71.99
7550724,1246220,104.07
7550724,1246916,100.23
7550724,1246976,57.99
7550724,1247100,126.07
7550724,1247581,234.05
7550724,1248222,87.65
7550724,1248784,44.88
7550724,1248785,114.35
7550724,1248786,77.72
7550724,1248787,75.47
7550724,1249941,64.93
7550724,1251304,100.15
7550724,1251306,101.85
7550724,1251337,190.05
7550724,1252860,26.79
7550724,1253201,86.1
7550724,1253561,110.85
7550724,1253685,123.54
7550724,1253740,105.68
7550724,1254440,85.36
7550724,1254569,56.14
7550724,1255008,160.41
7550724,1255009,148.48
7550724,1255010,127.56
7550724,1255355,78.18
7550724,1255459,124.7
7550724,1255474,171.34
7550724,1255475,158.04
7550724,1255831,23.75
7550724,1257893,100.11
7550724,1259322,111.4
7550724,1259432,30.2
7550724,1259947,108.87
7550724,1259948,125.97
7550724,1261517,153.55
7550724,1261659,196.54
7550724,1261896,88.79
7550724,1262063,166.88
7550724,1262064,243.33
7550724,1262468,153.23
7550724,1262751,139.32
7550724,1263062,79.6
7550724,1263063,115.67
7550724,1263359,137.37
7550724,1263957,62.76
7550724,1264812,84.3
7550724,1264813,85.35
7550724,1264816,93.2
7550724,1265285,67.05
7550724,1265503,109.8
7550724,1266728,182.98
7550724,1267552,142.5
7550724,1268013,94.87
7550724,1268221,186.82
7550724,1268222,65.93
7550724,1268223,85.98
7550724,1268224,137.19
7550724,1268225,133.98
7550724,1268226,45.69
7550724,1268415,141.32
7550724,1268416,144.93
7550724,1268417,164.26
7550724,1268672,81.69
7550724,1269023,86.52
7550724,1271127,81.08
7550724,1273774,108.76
7550724,1273939,93.71
7550724,1274007,119.18
7550724,1274036,77.81
7550724,1274875,88.54
7550724,1277912,86.38
7550724,1278452,59.32
7550724,1279297,136.39
7550724,1279298,127.42
7550724,1279609,76.74
7550724,1279852,84.6
7550724,1279853,81.79
7550724,1279856,90.54
7550724,1279859,91.01
7550724,1279860,153.04
7550724,1279863,185.45
7550724,1279864,98.33
7550724,1279865,84.03
7550724,1279867,130.03
7550724,1279868,78.11
7550724,1279869,81.72
7550724,1279870,122.83
7550724,1280172,93.47
7550724,1280558,83.69
7550724,1281729,124.37
7550724,1281917,63.08
7550724,1282172,104.96
7550724,1282676,47.65
7550724,1282763,64.22
7550724,1283132,63.11
7550724,1285295,56.77
7550724,1285810,19.57
7550724,1288295,61.81
7550724,1290289,209.75
7550724,1290291,101.81
7550724,1291293,85.83
7550724,1291294,80.7
7550724,1291296,107.09
7550724,1291316,459.91
7550724,1293049,58
7550724,1293568,125.38
7550724,1293919,86.98
7550724,1296048,26.79
7550724,1296434,178.47
7550724,1296445,50.98
7550724,1296451,122.06
7550724,1296452,107.78
7550724,1296505,204.87
7550724,1296507,76.26
7550724,1296627,17.79
7550724,1298098,80.08
7550724,1298300,260.66
7550724,1300010,166.97
7550724,1301171,87.25
7550724,1302554,176.07
7550724,1303200,103.15
7550724,1304938,117.98
7550724,1304939,148.61
7550724,1305045,177.32
7550724,1307479,83.47
7550724,1309258,403.27
7550724,1310547,9.12
7550724,1311644,270.12
7550724,1312446,80.7
7550724,1312448,81.69
7550724,1312449,85.83
7550724,1312450,80.14
7550724,1312460,71.47
7550724,1312712,98.83
7550724,1312804,67.09
7550724,1313129,196.51
7550724,1313554,119.05
7550724,1313562,90.09
7550724,1314075,70.79
7550724,1314076,99.77
7550724,1315309,125
7550724,1315393,11.44
7550724,1319710,122.09
7550724,1319882,12.13
7550724,1320044,102.47
7550724,1320046,76.68
7550724,1320800,213.62
7550724,1321038,44.65
7550724,1321060,68.54
7550724,1322340,8.11
7550724,1322378,236.05
7550724,1322379,125.8
7550724,1323524,74.61
7550724,1324620,141.64
7550724,1325103,65.67
7550724,1325454,92.57
7550724,1325822,100.31
7550724,1326250,116.38
7550724,1326334,73.16
7550724,1328236,122.24
7550724,1329105,94.01
7550724,1329198,112.35
7550724,1329199,86.4
7550724,1330030,106.65
7550724,1330161,184.65
7550724,1330863,126.25
7550724,1331175,86.45
7550724,1331568,98.62
7550724,1331569,124.04
7550724,1331570,181.18
7550724,1331571,184.54
7550724,1331572,159.01
7550724,1331706,104.08
7550724,1331723,72.64
7550724,1332076,148.68
7550724,1332077,112.31
7550724,1332078,92.21
7550724,1332079,97.95
7550724,1332080,108.55
7550724,1332081,112.43
7550724,1332082,124.66
7550724,1332083,165.99
7550724,1332335,109.21
7550724,1333987,108.52
7550724,1334003,244.37
7550724,1335306,80.87
7550724,1335307,94.53
7550724,1337101,102.17
7550724,1337458,3.22
7550724,1337763,110.63
7550724,1338585,64.5
7550724,1338922,125.49
7550724,1340824,169.8
7550724,1341249,102.51
7550724,1341333,155.49
7550724,1341521,88.82
7550724,1341522,78.4
7550724,1341938,198.59
7550724,1341971,108.17
7550724,1341980,137.7
7550724,1343445,27.15
7550724,1344111,432.04
7550724,1344170,84.71
7550724,1344901,167.27
7550724,1345023,112.1
7550724,1345024,108.17
7550724,1345027,111.21
7550724,1345562,84.71
7550724,1347127,72.45
7550724,1347472,123.9
7550724,1347621,254.38
7550724,1349324,5.05
7550724,1349740,9.73
7550724,1350028,133.6
7550724,1351624,80.29
7550724,1353045,29.37
7550724,1354356,116.3
7550724,1354421,102.97
7550724,1354462,114.92
7550724,1354760,112.83
7550724,1355192,67.04
7550724,1356574,129.43
7550724,1356578,159.32
7550724,1356752,330.55
7550724,1357419,99.08
7550724,1357663,155.76
7550724,1360382,128.67
7550724,1360426,91.22
7550724,1360427,53.12
7550724,1360428,108.05
7550724,1360429,94.73
7550724,1360440,124.04
7550724,1360441,78.64
7550724,1360442,93.7
7550724,1360537,145.21
7550724,1360957,136.37
7550724,1362079,318.04
7550724,1362082,1928.78
7550724,1362085,274.51
7550724,1362086,263.39
7550724,1362191,10.13
7550724,1363852,79.04
7550724,1367212,77.45
7550724,1368351,88.25
7550724,1368549,9
7550724,1368644,125.2
7550724,1370047,38.89
7550724,1372380,149.06
7550724,1373897,340.68
7550724,1375765,90.15
7550724,1380409,124.25
7550724,1380430,94.73
7550724,1380431,115.99
7550724,1380432,130.45
7550724,1380433,78.2
7550724,1380434,73.4
7550724,1380435,81.91
7550724,1380436,95.72
7550724,1380437,108.93
7550724,1380438,108.68
7550724,1380439,79.56
7550724,1380440,90.37
7550724,1382983,30.25
7550724,1383106,139.65
7550724,1383258,136.26
7550724,1383715,86.8
7550724,1384624,115.2
7550724,1388314,84.33
7550724,1388315,101.22
7550724,1388316,91.21
7550724,1388317,104.93
7550724,1388318,90.65
7550724,1388319,84.33
7550724,1388320,93.83
7550724,1388321,101.76
7550724,1388491,179.13
7550724,1388492,66.97
7550724,1388494,90.15
7550724,1388497,121.36
7550724,1388500,269.84
7550724,1388501,98.3
7550724,1388502,91.57
7550724,1388503,85.66
7550724,1388506,120.34
7550724,1388507,120.34
7550724,1388508,69.69
7550724,1388509,80.3
7550724,1388510,76.02
7550724,1388511,85.12
7550724,1388512,81.78
7550724,1388513,87.35
7550724,1388514,171.71
7550724,1388515,178.31
7550724,1388516,124.45
7550724,1388517,121.86
7550724,1388518,141.84
7550724,1388520,105.86
7550724,1388523,165.61
7550724,1388524,189.49
7550724,1388525,126.62
7550724,1388528,134.76
7550724,1388530,85.14
7550724,1388531,105.91
7550724,1388533,76.6
7550724,1388534,107.01
7550724,1388536,97.16
7550724,1388537,104.55
7550724,1388542,51.43
7550724,1388543,59.11
7550724,1388548,84.65
7550724,1388553,156.53
7550724,1388555,119.07
7550724,1389992,60.99
7550724,1391169,145.68
7550724,1391470,149.36
7550724,1391471,161.62
7550724,1391472,130.91
7550724,1391474,55.98
7550724,1391475,60.89
7550724,1391476,85.36
7550724,1391479,87.36
7550724,1391481,87.36
7550724,1391483,87.36
7550724,1391484,81.09
7550724,1391485,71.84
7550724,1391487,73.85
7550724,1391488,65.99
7550724,1391489,75.05
7550724,1391490,84.16
7550724,1391491,52.39
7550724,1391493,83.38
7550724,1391494,87.8
7550724,1391513,206.95
7550724,1391514,164.56
7550724,1392383,66.68
7550724,1394968,38.98
7550724,1395078,76.87
7550724,1395079,83.92
7550724,1395080,57.35
7550724,1395081,82.31
7550724,1395172,92.79
7550724,1395485,635.41
7550724,1397623,166.73
7550724,1397624,147.44
7550724,1398388,78.66
7550724,1398892,100.08
7550724,1399818,149.62
