Contract ID,SAP Code,Sell Price
7550424,1000010,74.6
7550424,1000013,44.93
7550424,1000144,21.07
7550424,1000162,38.66
7550424,1000166,42.76
7550424,1000167,52.25
7550424,1000168,49.41
7550424,1000169,29.22
7550424,1000179,4.16
7550424,1000181,16.15
7550424,1000183,8.16
7550424,1000185,37.96
7550424,1000186,34.71
7550424,1000187,25.15
7550424,1000188,7.55
7550424,1000189,24.81
7550424,1000191,5.51
7550424,1000192,12.5
7550424,1000193,17.67
7550424,1000202,66.07
7550424,1000204,4.31
7550424,1000205,6.76
7550424,1000206,21.18
7550424,1000210,6.92
7550424,1000211,111.8
7550424,1000215,21.52
7550424,1000216,50.78
7550424,1000218,73.22
7550424,1000221,45.26
7550424,1000222,416.13
7550424,1000223,574.42
7550424,1000227,148.48
7550424,1000414,96.78
7550424,1000415,89.45
7550424,1000419,48.34
7550424,1000420,41.35
7550424,1000423,35.89
7550424,1000424,36.5
7550424,1000425,51.67
7550424,1000427,58.67
7550424,1000428,61.11
7550424,1000432,51.96
7550424,1000433,81.97
7550424,1000436,50.15
7550424,1000437,47.77
7550424,1000439,62.15
7550424,1000440,73.38
7550424,1000441,63.09
7550424,1000443,54.58
7550424,1000445,73.21
7550424,1000446,47.23
7550424,1000447,52.78
7550424,1000464,53.7
7550424,1000465,32.89
7550424,1000466,62.79
7550424,1000467,49.4
7550424,1000468,81.2
7550424,1000470,35.3
7550424,1000472,88.65
7550424,1000473,39.13
7550424,1000474,56.92
7550424,1000475,69.86
7550424,1000477,71.35
7550424,1000486,49.37
7550424,1000487,54.52
7550424,1000489,53.1
7550424,1000490,28.85
7550424,1000491,35.59
7550424,1000497,1.21
7550424,1000527,34.31
7550424,1000530,80.9
7550424,1000532,63.71
7550424,1000535,50.7
7550424,1000536,62.93
7550424,1000537,36.55
7550424,1000538,42.17
7550424,1000539,28.68
7550424,1000540,29.53
7550424,1000541,33.76
7550424,1000542,37.09
7550424,1000544,38.36
7550424,1000545,44.77
7550424,1000547,37.51
7550424,1000548,52.46
7550424,1000549,42.29
7550424,1000550,70.49
7550424,1000551,70.73
7550424,1000555,75.33
7550424,1000557,34.25
7550424,1000565,52.07
7550424,1000566,261.38
7550424,1000568,27.87
7550424,1000570,139.65
7550424,1000573,29.51
7550424,1000578,157.22
7550424,1000584,8.64
7550424,1000585,76.09
7550424,1000592,198.36
7550424,1000594,144.61
7550424,1000599,86.33
7550424,1000600,7.39
7550424,1000601,96.2
7550424,1000602,114.72
7550424,1000603,46.03
7550424,1000606,23.89
7550424,1000607,225.51
7550424,1000619,13.59
7550424,1000723,14.21
7550424,1000799,72.61
7550424,1000800,81.66
7550424,1000864,44.96
7550424,1001327,64.68
7550424,1001329,42.29
7550424,1001330,73.09
7550424,1001331,83.44
7550424,1001332,48.79
7550424,1001338,68.19
7550424,1001345,6.41
7550424,1001348,66.16
7550424,1001349,60.19
7550424,1001396,76.16
7550424,1001409,44.05
7550424,1001430,48.43
7550424,1001436,10.53
7550424,1001438,40.99
7550424,1001439,42.78
7550424,1001450,42.11
7550424,1001465,67.38
7550424,1001477,45.98
7550424,1001619,34.97
7550424,1001670,67.16
7550424,1001672,35.41
7550424,1001675,13.63
7550424,1001676,4.27
7550424,1001677,4.96
7550424,1001680,8.05
7550424,1001681,8.41
7550424,1001736,5.02
7550424,1001740,27.57
7550424,1001745,62.62
7550424,1001746,25.96
7550424,1001771,30.34
7550424,1001771,30.34
7550424,1001781,9.31
7550424,1001806,86.86
7550424,1001808,125.9
7550424,1001846,11.01
7550424,1001854,5.69
7550424,1001856,20.74
7550424,1001868,69.58
7550424,1001877,304.36
7550424,1001878,176.14
7550424,1001932,53.85
7550424,1001934,64.99
7550424,1001964,46.56
7550424,1001985,101.47
7550424,1002002,41.01
7550424,1002002,41.01
7550424,1002008,53.29
7550424,1002008,53.29
7550424,1002010,41.83
7550424,1002010,41.83
7550424,1002011,28.18
7550424,1002011,28.18
7550424,1002014,36.61
7550424,1002014,36.61
7550424,1002020,41.83
7550424,1002020,41.83
7550424,1002021,49.42
7550424,1002021,49.42
7550424,1002022,39.04
7550424,1002022,39.04
7550424,1002039,10.12
7550424,1002042,14.78
7550424,1002048,12.46
7550424,1002059,116.07
7550424,1002075,5.48
7550424,1002079,11.57
7550424,1002100,33.07
7550424,1002104,32.12
7550424,1002480,89.31
7550424,1002484,79.64
7550424,1002500,46.71
7550424,1002501,28.29
7550424,1002503,69.98
7550424,1002504,91.96
7550424,1002505,36.06
7550424,1002506,32.98
7550424,1002509,32.37
7550424,1002511,12.69
7550424,1003040,55.79
7550424,1003040,55.79
7550424,1003041,52.55
7550424,1003041,52.55
7550424,1003055,4.49
7550424,1003063,26.46
7550424,1003063,26.46
7550424,1003064,14.68
7550424,1003083,47.9
7550424,1003083,47.9
7550424,1003095,36.41
7550424,1003095,36.41
7550424,1003100,70.23
7550424,1003100,70.23
7550424,1003102,38.31
7550424,1003102,38.31
7550424,1003126,50.64
7550424,1003126,50.64
7550424,1003137,47.9
7550424,1003137,47.9
7550424,1003147,21.35
7550424,1003189,16.03
7550424,1003204,58.56
7550424,1003204,58.56
7550424,1003205,50.64
7550424,1003205,50.64
7550424,1003225,7.22
7550424,1003227,45.17
7550424,1003227,45.17
7550424,1003229,58.45
7550424,1003229,58.45
7550424,1003240,11.01
7550424,1003267,23.6
7550424,1003272,25.52
7550424,1003357,31.75
7550424,1003382,261.38
7550424,1003384,48.21
7550424,1003391,8.19
7550424,1003396,10.07
7550424,1003454,45.6
7550424,1003454,45.6
7550424,1003477,32.13
7550424,1003483,41.83
7550424,1003483,41.83
7550424,1003518,19.12
7550424,1003520,41.01
7550424,1003520,41.01
7550424,1003976,57.83
7550424,1003976,57.83
7550424,1006498,59.85
7550424,1006498,59.85
7550424,1007123,80.51
7550424,1007428,36.36
7550424,1007764,41.29
7550424,1007764,41.29
7550424,1009161,73.71
7550424,1012677,71.78
7550424,1012678,53.72
7550424,1012679,83.17
7550424,1012780,57.33
7550424,1015494,3.28
7550424,1015508,9.78
7550424,1015578,12.2
7550424,1015809,27.75
7550424,1015812,33.64
7550424,1016261,12.49
7550424,1016488,39.56
7550424,1020709,71.75
7550424,1022569,66.71
7550424,1022714,85.19
7550424,1022785,76.84
7550424,1022909,71.86
7550424,1023011,96.7
7550424,1023015,59.6
7550424,1023023,106.49
7550424,1023055,104.61
7550424,1023077,27.32
7550424,1023310,63.92
7550424,1023350,59.78
7550424,1023404,60.76
7550424,1023507,68.15
7550424,1023508,66.07
7550424,1023698,32.58
7550424,1023753,41.35
7550424,1023773,30.68
7550424,1023833,30.07
7550424,1023896,58.29
7550424,1023906,33.58
7550424,1023914,58.45
7550424,1023915,46.52
7550424,1023924,46.83
7550424,1023972,31.2
7550424,1023976,20.03
7550424,1024012,21
7550424,1024014,25.78
7550424,1024018,18.7
7550424,1024027,21
7550424,1024038,17.85
7550424,1024068,89.43
7550424,1024221,62.8
7550424,1024264,70.85
7550424,1024278,65.22
7550424,1024280,48.46
7550424,1024294,38.54
7550424,1024302,52.09
7550424,1024360,87.49
7550424,1024362,68.25
7550424,1024369,45.14
7550424,1024372,286.79
7550424,1024444,61.41
7550424,1024452,319.22
7550424,1024464,70.19
7550424,1024546,85.42
7550424,1024685,9.68
7550424,1024739,12.59
7550424,1024879,78.41
7550424,1024880,66.07
7550424,1024956,66.19
7550424,1024991,47.31
7550424,1025113,74.12
7550424,1025119,51.91
7550424,1025123,56.43
7550424,1025128,54.45
7550424,1025131,85.43
7550424,1025276,42.52
7550424,1025298,40.54
7550424,1025299,65.83
7550424,1025315,48.04
7550424,1025330,1.21
7550424,1025360,62.62
7550424,1025624,22.08
7550424,1025628,38.06
7550424,1025652,0.61
7550424,1025653,0.61
7550424,1025661,0.61
7550424,1025680,18.15
7550424,1025713,60.81
7550424,1025741,1.21
7550424,1025755,39.8
7550424,1026001,64.86
7550424,1026002,53.73
7550424,1026062,51.94
7550424,1026063,73.97
7550424,1026078,51.67
7550424,1026099,14.34
7550424,1026102,14.34
7550424,1026121,52.64
7550424,1026144,58.75
7550424,1026146,52.7
7550424,1026181,31.66
7550424,1026239,52.93
7550424,1026248,12.46
7550424,1026252,1.21
7550424,1026255,18.76
7550424,1026545,36.58
7550424,1026976,43.29
7550424,1026988,20.81
7550424,1027061,64.74
7550424,1027063,80.96
7550424,1027117,22.91
7550424,1027348,8.17
7550424,1027353,18.15
7550424,1027701,64.01
7550424,1027718,48.5
7550424,1027732,51.72
7550424,1027738,44.23
7550424,1027754,40.66
7550424,1027767,83.8
7550424,1027768,44.42
7550424,1027772,84.83
7550424,1027783,35.79
7550424,1027798,80.7
7550424,1027810,112.91
7550424,1027839,54.94
7550424,1027864,46.17
7550424,1027865,59.17
7550424,1027869,62.02
7550424,1027987,91.18
7550424,1027991,117.38
7550424,1028014,51.67
7550424,1028026,67.46
7550424,1028033,61.99
7550424,1028034,25.36
7550424,1028061,62.44
7550424,1028085,2.42
7550424,1028086,2.7
7550424,1028087,2.77
7550424,1028089,32.38
7550424,1028095,29.04
7550424,1028165,32.67
7550424,1028166,36.58
7550424,1028174,33.25
7550424,1028194,62.8
7550424,1028214,84.95
7550424,1028268,72.48
7550424,1028372,111.33
7550424,1028379,47.31
7550424,1028396,38.2
7550424,1028397,44.34
7550424,1028417,54.94
7550424,1028472,66.94
7550424,1028475,30.2
7550424,1028476,2.52
7550424,1028495,48.77
7550424,1028496,37.45
7550424,1028500,80.47
7550424,1028599,118.71
7550424,1028613,115.4
7550424,1028669,52.82
7550424,1028688,46.17
7550424,1028697,61.5
7550424,1028705,56.63
7550424,1028712,70.77
7550424,1028721,55.06
7550424,1028736,29.16
7550424,1028755,55.12
7550424,1028759,96.87
7550424,1028799,40.95
7550424,1028822,94.75
7550424,1028823,87.43
7550424,1028831,76.91
7550424,1028833,3.41
7550424,1028885,82.78
7550424,1028925,66.65
7550424,1028960,51.49
7550424,1028961,3.63
7550424,1029026,107.77
7550424,1029487,92.79
7550424,1029512,120.62
7550424,1029553,138.02
7550424,1029562,196.27
7550424,1029652,118.61
7550424,1029653,173.35
7550424,1029880,14.7
7550424,1030048,25.3
7550424,1030137,25.3
7550424,1030151,25.3
7550424,1030270,25.3
7550424,1031598,51.39
7550424,1033558,45.46
7550424,1033564,56.73
7550424,1033565,55.79
7550424,1033581,145.68
7550424,1033636,149.45
7550424,1033637,83.02
7550424,1033638,102.05
7550424,1033911,28.39
7550424,1033932,75.11
7550424,1033933,75.11
7550424,1033934,75.11
7550424,1033971,19.91
7550424,1033992,60.31
7550424,1033993,15.6
7550424,1034002,22.27
7550424,1034024,27.38
7550424,1034040,80.59
7550424,1034046,75.91
7550424,1034050,35.03
7550424,1034055,27.22
7550424,1034058,73.45
7550424,1034073,22.5
7550424,1034076,19.31
7550424,1034084,29.76
7550424,1034089,58.54
7550424,1034104,73.49
7550424,1034105,59.22
7550424,1034115,44.36
7550424,1034116,77.3
7550424,1034120,80.06
7550424,1034145,65.03
7550424,1034155,95.21
7550424,1034212,86.97
7550424,1034310,54.61
7550424,1034408,91.76
7550424,1034479,75.11
7550424,1034480,75.11
7550424,1034495,118.99
7550424,1034513,113.57
7550424,1042753,8.33
7550424,1042753,8.33
7550424,1042821,31.41
7550424,1042821,31.41
7550424,1043636,25.09
7550424,1043636,25.09
7550424,1044658,41.66
7550424,1044658,41.66
7550424,1044792,28.56
7550424,1044792,28.56
7550424,1044835,31.06
7550424,1044835,31.06
7550424,1044930,82.07
7550424,1044930,82.07
7550424,1044932,33.29
7550424,1044932,33.29
7550424,1044984,38.38
7550424,1044984,38.38
7550424,1045757,27.84
7550424,1045757,27.84
7550424,1045765,57
7550424,1045765,57
7550424,1045781,69.53
7550424,1045781,69.53
7550424,1046478,30.14
7550424,1050917,30.34
7550424,1050917,30.34
7550424,1050997,36.96
7550424,1050997,36.96
7550424,1051016,29.7
7550424,1051016,29.7
7550424,1051018,32.16
7550424,1051018,32.16
7550424,1051020,32.16
7550424,1051020,32.16
7550424,1051024,31.84
7550424,1051024,31.84
7550424,1051033,24.81
7550424,1051033,24.81
7550424,1051037,35.58
7550424,1051037,35.58
7550424,1051048,44.62
7550424,1051048,44.62
7550424,1051055,38.31
7550424,1051055,38.31
7550424,1051058,29.38
7550424,1051058,29.38
7550424,1051064,64.98
7550424,1051064,64.98
7550424,1051073,58.67
7550424,1051073,58.67
7550424,1051074,24.59
7550424,1051074,24.59
7550424,1051101,45.22
7550424,1051101,45.22
7550424,1051103,31.33
7550424,1051103,31.33
7550424,1051105,60.58
7550424,1051105,60.58
7550424,1051109,30.16
7550424,1051109,30.16
7550424,1051119,38.51
7550424,1051119,38.51
7550424,1051126,69.06
7550424,1051126,69.06
7550424,1051139,46.58
7550424,1051139,46.58
7550424,1051157,52.02
7550424,1051157,52.02
7550424,1051165,55.6
7550424,1051165,55.6
7550424,1051174,66.85
7550424,1051174,66.85
7550424,1051222,37.15
7550424,1051222,37.15
7550424,1051297,45.6
7550424,1051297,45.6
7550424,1051300,41.95
7550424,1051300,41.95
7550424,1051301,36.42
7550424,1051301,36.42
7550424,1051303,40.82
7550424,1051303,40.82
7550424,1051304,64.3
7550424,1051304,64.3
7550424,1051310,78.4
7550424,1051312,50.73
7550424,1051312,50.73
7550424,1051344,64.53
7550424,1051344,64.53
7550424,1051368,52.72
7550424,1051368,52.72
7550424,1051418,30.72
7550424,1051418,30.72
7550424,1051459,39.9
7550424,1051459,39.9
7550424,1051596,48.2
7550424,1051596,48.2
7550424,1051763,55.6
7550424,1051763,55.6
7550424,1051764,73.31
7550424,1051764,73.31
7550424,1051814,35.75
7550424,1051814,35.75
7550424,1051820,31.92
7550424,1051820,31.92
7550424,1051834,52.6
7550424,1051834,52.6
7550424,1051886,48.74
7550424,1051886,48.74
7550424,1052011,51.74
7550424,1052011,51.74
7550424,1052085,46.03
7550424,1052085,46.03
7550424,1052464,42.66
7550424,1052464,42.66
7550424,1052465,42.66
7550424,1052465,42.66
7550424,1052467,31.33
7550424,1052467,31.33
7550424,1052468,52.02
7550424,1052468,52.02
7550424,1052469,34.91
7550424,1052469,34.91
7550424,1052880,74.51
7550424,1052880,74.51
7550424,1052910,60.58
7550424,1052910,60.58
7550424,1052916,66.53
7550424,1052916,66.53
7550424,1052950,36.32
7550424,1052950,36.32
7550424,1053013,63.86
7550424,1053013,63.86
7550424,1053036,63.08
7550424,1053036,63.08
7550424,1053076,26.53
7550424,1053076,26.53
7550424,1053178,38.15
7550424,1053178,38.15
7550424,1053233,52.6
7550424,1053233,52.6
7550424,1053252,70.51
7550424,1053252,70.51
7550424,1053299,66.57
7550424,1053299,66.57
7550424,1053459,28.33
7550424,1053459,28.33
7550424,1053464,76.28
7550424,1053464,76.28
7550424,1053471,37.23
7550424,1053471,37.23
7550424,1053481,51.74
7550424,1053481,51.74
7550424,1053490,29.13
7550424,1053490,29.13
7550424,1053502,35.75
7550424,1053502,35.75
7550424,1053506,51.74
7550424,1053506,51.74
7550424,1053508,26.01
7550424,1053508,26.01
7550424,1053512,36.96
7550424,1053512,36.96
7550424,1053515,36.96
7550424,1053515,36.96
7550424,1053521,19.85
7550424,1053521,19.85
7550424,1053528,24.81
7550424,1053528,24.81
7550424,1053533,53.05
7550424,1053533,53.05
7550424,1053538,32.16
7550424,1053538,32.16
7550424,1053547,35.75
7550424,1053547,35.75
7550424,1053550,54.52
7550424,1053550,54.52
7550424,1053552,29.7
7550424,1053552,29.7
7550424,1053568,29.38
7550424,1053568,29.38
7550424,1053582,26.67
7550424,1053582,26.67
7550424,1053594,31.92
7550424,1053594,31.92
7550424,1053602,31.92
7550424,1053602,31.92
7550424,1053605,52.6
7550424,1053605,52.6
7550424,1053613,88.6
7550424,1053613,88.6
7550424,1053616,64.98
7550424,1053616,64.98
7550424,1053619,64.98
7550424,1053619,64.98
7550424,1053621,72.12
7550424,1053621,72.12
7550424,1053622,72.12
7550424,1053622,72.12
7550424,1053688,59.25
7550424,1053688,59.25
7550424,1053693,25.35
7550424,1053693,25.35
7550424,1053698,29.51
7550424,1053698,29.51
7550424,1053714,30.34
7550424,1053714,30.34
7550424,1053720,25.35
7550424,1053720,25.35
7550424,1053730,46.52
7550424,1053730,46.52
7550424,1053731,46.52
7550424,1053731,46.52
7550424,1053738,33.28
7550424,1053738,33.28
7550424,1053750,40.7
7550424,1053750,40.7
7550424,1053773,27.23
7550424,1053773,27.23
7550424,1053780,40.7
7550424,1053780,40.7
7550424,1053794,33.28
7550424,1053794,33.28
7550424,1053841,80.98
7550424,1053841,80.98
7550424,1053848,36.32
7550424,1053848,36.32
7550424,1053857,56.73
7550424,1053857,56.73
7550424,1053863,30.25
7550424,1053863,30.25
7550424,1053866,36.32
7550424,1053866,36.32
7550424,1053868,44.62
7550424,1053868,44.62
7550424,1053869,44.62
7550424,1053869,44.62
7550424,1053896,36.75
7550424,1053896,36.75
7550424,1053899,51.74
7550424,1053899,51.74
7550424,1053955,45.16
7550424,1053955,45.16
7550424,1053972,34.65
7550424,1053972,34.65
7550424,1053992,63.97
7550424,1053992,63.97
7550424,1054048,117.59
7550424,1054049,101.01
7550424,1054067,30.74
7550424,1054067,30.74
7550424,1054071,38.87
7550424,1054071,38.87
7550424,1054132,50.64
7550424,1054132,50.64
7550424,1054134,46.52
7550424,1054134,46.52
7550424,1054135,30.34
7550424,1054135,30.34
7550424,1054136,39.44
7550424,1054136,39.44
7550424,1054137,54.25
7550424,1054137,54.25
7550424,1054184,89.43
7550424,1054185,102.65
7550424,1054254,30.51
7550424,1054254,30.51
7550424,1054311,143.51
7550424,1054350,41.03
7550424,1054350,41.03
7550424,1054362,51.74
7550424,1054362,51.74
7550424,1054537,82.8
7550424,1054561,60.53
7550424,1054561,60.53
7550424,1054646,98.62
7550424,1054646,98.62
7550424,1054656,44.56
7550424,1054656,44.56
7550424,1054747,69.07
7550424,1054747,69.07
7550424,1054811,77.13
7550424,1054811,77.13
7550424,1054823,102.82
7550424,1054823,102.82
7550424,1054833,89.01
7550424,1054833,89.01
7550424,1054839,73.79
7550424,1054839,73.79
7550424,1054854,96.46
7550424,1054854,96.46
7550424,1054859,72.29
7550424,1054859,72.29
7550424,1054862,51.56
7550424,1054862,51.56
7550424,1054866,44.43
7550424,1054866,44.43
7550424,1054868,60.17
7550424,1054868,60.17
7550424,1054869,74.36
7550424,1054869,74.36
7550424,1054874,35.06
7550424,1054874,35.06
7550424,1054876,34.96
7550424,1054876,34.96
7550424,1054882,69.07
7550424,1054882,69.07
7550424,1054884,69.07
7550424,1054884,69.07
7550424,1054894,69.07
7550424,1054894,69.07
7550424,1054901,57.09
7550424,1054901,57.09
7550424,1054902,55.64
7550424,1054902,55.64
7550424,1054903,98.62
7550424,1054903,98.62
7550424,1054909,98.62
7550424,1054909,98.62
7550424,1054916,58.57
7550424,1054916,58.57
7550424,1054919,85.29
7550424,1054919,85.29
7550424,1054921,88.85
7550424,1054921,88.85
7550424,1054931,74.36
7550424,1054931,74.36
7550424,1054932,74.36
7550424,1054932,74.36
7550424,1054958,98.62
7550424,1054958,98.62
7550424,1054967,58.57
7550424,1054967,58.57
7550424,1054978,69.07
7550424,1054978,69.07
7550424,1054980,46.49
7550424,1054980,46.49
7550424,1054999,52.62
7550424,1054999,52.62
7550424,1055000,55.64
7550424,1055000,55.64
7550424,1055008,53.12
7550424,1055008,53.12
7550424,1055024,35.06
7550424,1055024,35.06
7550424,1055135,72.94
7550424,1055135,72.94
7550424,1055161,48.23
7550424,1055161,48.23
7550424,1055190,29.14
7550424,1055190,29.14
7550424,1055241,38.59
7550424,1055241,38.59
7550424,1055268,36.96
7550424,1055268,36.96
7550424,1055607,59.39
7550424,1055607,59.39
7550424,1055707,50.64
7550424,1055707,50.64
7550424,1056041,53.07
7550424,1056041,53.07
7550424,1056124,19.49
7550424,1056124,19.49
7550424,1056175,34.96
7550424,1056175,34.96
7550424,1056185,53.37
7550424,1056185,53.37
7550424,1056423,31.92
7550424,1056423,31.92
7550424,1056480,49.43
7550424,1056480,49.43
7550424,1056484,52.55
7550424,1056484,52.55
7550424,1057146,40.09
7550424,1057146,40.09
7550424,1057204,32.21
7550424,1057204,32.21
7550424,1057220,65.56
7550424,1057220,65.56
7550424,1057249,39.04
7550424,1057249,39.04
7550424,1057256,41.41
7550424,1057256,41.41
7550424,1057270,34.39
7550424,1057270,34.39
7550424,1057276,54.7
7550424,1057276,54.7
7550424,1057302,46.26
7550424,1057302,46.26
7550424,1057313,56.16
7550424,1057313,56.16
7550424,1057324,41.83
7550424,1057324,41.83
7550424,1057327,38.41
7550424,1057327,38.41
7550424,1057329,45.17
7550424,1057329,45.17
7550424,1057331,48.74
7550424,1057331,48.74
7550424,1057339,49.42
7550424,1057339,49.42
7550424,1057341,55.79
7550424,1057341,55.79
7550424,1057343,59.22
7550424,1057343,59.22
7550424,1057347,45.97
7550424,1057347,45.97
7550424,1057359,47.9
7550424,1057359,47.9
7550424,1057361,45.97
7550424,1057361,45.97
7550424,1057370,50.8
7550424,1057370,50.8
7550424,1057432,39.04
7550424,1057432,39.04
7550424,1057474,40.66
7550424,1057474,40.66
7550424,1057482,49.06
7550424,1057482,49.06
7550424,1057483,41.83
7550424,1057483,41.83
7550424,1057484,35.67
7550424,1057484,35.67
7550424,1057486,36.61
7550424,1057486,36.61
7550424,1057491,48.94
7550424,1057491,48.94
7550424,1057494,58.45
7550424,1057494,58.45
7550424,1057501,49.06
7550424,1057501,49.06
7550424,1057503,32.21
7550424,1057503,32.21
7550424,1057504,65.56
7550424,1057504,65.56
7550424,1057507,32.21
7550424,1057507,32.21
7550424,1057509,53.23
7550424,1057509,53.23
7550424,1057511,43.09
7550424,1057511,43.09
7550424,1057513,52.72
7550424,1057513,52.72
7550424,1057515,40.73
7550424,1057515,40.73
7550424,1057519,59.22
7550424,1057519,59.22
7550424,1057520,38.41
7550424,1057520,38.41
7550424,1057529,33.4
7550424,1057529,33.4
7550424,1057535,51.37
7550424,1057535,51.37
7550424,1057538,40.73
7550424,1057538,40.73
7550424,1057541,53.29
7550424,1057541,53.29
7550424,1057543,43.2
7550424,1057543,43.2
7550424,1057546,34.81
7550424,1057546,34.81
7550424,1057551,63.32
7550424,1057551,63.32
7550424,1057554,46.26
7550424,1057554,46.26
7550424,1057557,56.16
7550424,1057557,56.16
7550424,1057558,54.7
7550424,1057558,54.7
7550424,1057570,50.8
7550424,1057570,50.8
7550424,1057583,39.68
7550424,1057583,39.68
7550424,1057664,26.46
7550424,1057664,26.46
7550424,1057815,53.05
7550424,1057815,53.05
7550424,1057833,54.7
7550424,1057833,54.7
7550424,1057861,55.79
7550424,1057861,55.79
7550424,1057879,53.05
7550424,1057879,53.05
7550424,1057893,45.97
7550424,1057893,45.97
7550424,1057896,48.74
7550424,1057896,48.74
7550424,1057909,38.83
7550424,1057909,38.83
7550424,1057913,55.36
7550424,1057913,55.36
7550424,1058056,48.32
7550424,1058056,48.32
7550424,1058513,118.78
7550424,1058824,205.09
7550424,1058825,205.09
7550424,1058917,28.45
7550424,1058957,208.23
7550424,1058958,75.92
7550424,1058960,44.94
7550424,1058961,139.91
7550424,1058969,30.25
7550424,1058973,21.46
7550424,1058975,41.23
7550424,1058985,48.94
7550424,1058991,170.7
7550424,1058996,65.3
7550424,1058997,75.44
7550424,1059003,534.39
7550424,1059004,314.41
7550424,1059035,141.52
7550424,1059047,449.83
7550424,1059129,32.99
7550424,1059131,59.84
7550424,1059134,132.01
7550424,1059145,142.27
7550424,1059155,117.11
7550424,1059159,19.52
7550424,1059162,29.36
7550424,1059163,29.36
7550424,1059183,43.35
7550424,1059195,5.53
7550424,1059237,144.44
7550424,1059238,36.11
7550424,1059264,85.9
7550424,1059299,134.81
7550424,1059310,123.56
7550424,1059320,91.41
7550424,1059395,153.71
7550424,1059425,166.38
7550424,1059455,208.16
7550424,1059471,151.49
7550424,1059478,160.58
7550424,1059510,87.85
7550424,1059512,87.85
7550424,1059515,7.32
7550424,1059516,7.32
7550424,1059521,8.64
7550424,1059530,58.94
7550424,1059730,421.82
7550424,1060109,110.07
7550424,1060116,470.08
7550424,1060120,164.21
7550424,1060121,181.03
7550424,1060123,37.73
7550424,1060127,41.48
7550424,1060128,67.09
7550424,1060140,30.86
7550424,1060151,16.77
7550424,1060154,30.31
7550424,1060156,36.64
7550424,1060157,37.73
7550424,1060162,39.16
7550424,1060170,156.97
7550424,1060181,39.24
7550424,1060210,7.32
7550424,1060227,121.25
7550424,1060234,5.58
7550424,1060236,123.43
7550424,1060247,9.25
7550424,1060252,38.55
7550424,1060257,23.1
7550424,1060264,104.61
7550424,1060277,89.89
7550424,1060291,132.01
7550424,1060306,150.92
7550424,1060341,150.92
7550424,1060373,7.88
7550424,1060406,404.38
7550424,1060442,394.7
7550424,1060444,156.64
7550424,1060521,87.85
7550424,1060681,39.88
7550424,1060686,48.72
7550424,1066564,54.5
7550424,1069414,28.92
7550424,1069656,34.9
7550424,1069675,54.26
7550424,1069678,39.22
7550424,1069688,36.85
7550424,1069708,60.63
7550424,1069727,12.55
7550424,1069737,51.26
7550424,1069755,17.39
7550424,1069782,18.79
7550424,1069793,32.72
7550424,1069803,10.29
7550424,1069810,83.42
7550424,1069821,10.35
7550424,1069855,31.66
7550424,1069856,5.28
7550424,1069857,50.41
7550424,1069865,25.45
7550424,1069873,20.16
7550424,1069874,27.02
7550424,1069906,55.87
7550424,1069907,88.23
7550424,1069913,10.67
7550424,1069931,27.24
7550424,1069932,11.39
7550424,1070005,16.83
7550424,1070025,26.03
7550424,1070031,6.43
7550424,1070039,8.83
7550424,1070053,7.95
7550424,1070055,7.28
7550424,1070056,14.39
7550424,1070058,37.34
7550424,1070069,53.66
7550424,1070072,28.69
7550424,1070079,67.05
7550424,1070149,49.76
7550424,1070151,45.06
7550424,1070163,103.2
7550424,1070170,35.52
7550424,1070172,45.49
7550424,1070175,73.27
7550424,1070186,21.16
7550424,1070206,137.56
7550424,1070320,37.32
7550424,1070338,14.75
7550424,1070354,87.61
7550424,1070374,22.24
7550424,1070418,27.83
7550424,1070469,50
7550424,1070479,95.48
7550424,1070539,26.97
7550424,1071090,57.75
7550424,1071119,99.76
7550424,1071120,8.31
7550424,1071134,11.8
7550424,1071138,70.79
7550424,1072011,232.97
7550424,1072148,8.39
7550424,1072181,15.44
7550424,1072212,13.04
7550424,1072249,14.78
7550424,1072265,88.65
7550424,1072444,15.44
7550424,1072529,10.01
7550424,1072530,60.05
7550424,1072553,8.37
7550424,1072557,8.37
7550424,1072559,9.46
7550424,1072561,9.46
7550424,1072563,9.46
7550424,1072576,8.37
7550424,1072580,8.37
7550424,1072582,9.57
7550424,1072583,57.43
7550424,1072584,9.57
7550424,1072585,9.46
7550424,1072595,6.75
7550424,1072622,6.26
7550424,1072667,5.94
7550424,1072669,7.79
7550424,1072719,5.87
7550424,1072738,5.11
7550424,1072741,77.4
7550424,1072742,6.45
7550424,1072750,7.26
7550424,1072857,81.03
7550424,1072890,6.81
7550424,1072941,8.2
7550424,1072944,49.23
7550424,1072960,6.86
7550424,1072963,41.46
7550424,1072965,6.91
7550424,1072990,18.01
7550424,1072997,252.81
7550424,1073115,8.75
7550424,1073123,49.81
7550424,1073160,5.7
7550424,1073388,7.72
7550424,1073457,41.17
7550424,1073458,6.46
7550424,1073523,11.47
7550424,1073571,14.16
7550424,1073579,23.85
7550424,1073583,22.86
7550424,1073673,8.06
7550424,1073695,8.06
7550424,1073696,48.36
7550424,1073701,65.71
7550424,1073702,10.95
7550424,1073704,10.95
7550424,1073705,65.71
7550424,1073707,10.95
7550424,1073710,79.5
7550424,1073711,10.95
7550424,1073713,13.25
7550424,1073715,79.5
7550424,1073716,13.25
7550424,1073718,14.64
7550424,1073719,67.23
7550424,1073721,13.63
7550424,1073799,5.6
7550424,1073820,12.51
7550424,1073822,3.52
7550424,1073825,5.6
7550424,1073826,4.3
7550424,1073838,4.43
7550424,1073841,5.53
7550424,1073859,6.79
7550424,1073866,8.47
7550424,1073867,57.65
7550424,1073868,9.61
7550424,1073871,45.02
7550424,1073872,7.5
7550424,1073874,67.23
7550424,1073875,7.5
7550424,1073878,38.77
7550424,1073885,4.7
7550424,1073886,56.34
7550424,1073944,34.71
7550424,1074369,16.48
7550424,1074474,286.21
7550424,1074476,149.57
7550424,1074477,233.5
7550424,1074478,19.46
7550424,1074480,14.84
7550424,1074488,12.46
7550424,1074761,78.47
7550424,1074766,94.67
7550424,1074966,28.61
7550424,1075005,160.31
7550424,1075009,53.44
7550424,1075070,14.53
7550424,1075115,111.38
7550424,1075144,9.28
7550424,1075149,11.73
7550424,1075153,16.53
7550424,1075166,114.72
7550424,1075168,8.29
7550424,1075201,194.58
7550424,1075233,9.56
7550424,1075234,11.71
7550424,1075235,140.57
7550424,1075236,81.9
7550424,1075274,20.44
7550424,1075275,13.73
7550424,1075277,13.65
7550424,1075281,7.67
7550424,1075289,10.13
7550424,1075291,7.5
7550424,1075301,5.88
7550424,1075312,14.88
7550424,1075313,45.02
7550424,1075335,20.4
7550424,1075337,23.15
7550424,1075342,138.9
7550424,1075343,185.73
7550424,1075349,30.95
7550424,1075366,5.07
7550424,1075368,2.89
7550424,1075556,60.84
7550424,1075596,13.78
7550424,1075715,57.79
7550424,1075855,185.51
7550424,1075899,32.96
7550424,1075920,60.77
7550424,1075922,197.78
7550424,1075923,44.36
7550424,1075931,30.92
7550424,1076139,44.54
7550424,1076186,19.53
7550424,1076206,9.77
7550424,1076211,150
7550424,1076219,58.59
7550424,1076238,100.92
7550424,1076265,54.09
7550424,1076290,10
7550424,1076386,8.6
7550424,1076388,7.84
7550424,1076389,164.31
7550424,1076390,27.38
7550424,1076402,7.55
7550424,1076710,53.51
7550424,1076857,41.53
7550424,1077257,49.95
7550424,1077258,65.78
7550424,1077260,60.26
7550424,1077331,54.82
7550424,1077337,7.26
7550424,1077339,9.14
7550424,1077351,19.95
7550424,1077354,119.73
7550424,1077363,69.41
7550424,1077697,4.83
7550424,1077886,41.49
7550424,1078158,64.98
7550424,1078159,10.83
7550424,1078189,1.92
7550424,1078277,1.84
7550424,1078293,44.14
7550424,1078310,40.59
7550424,1078315,10.53
7550424,1078365,2.65
7550424,1078462,63.17
7550424,1078517,23.09
7550424,1078588,17.07
7550424,1078599,22.85
7550424,1078600,6.84
7550424,1078608,17.41
7550424,1078646,31.8
7550424,1079315,847.07
7550424,1079560,32.65
7550424,1079595,523.38
7550424,1079680,194
7550424,1079751,129.09
7550424,1079828,15.2
7550424,1079878,1132.33
7550424,1079960,58.71
7550424,1079965,68.27
7550424,1080070,18.87
7550424,1080078,70.77
7550424,1080193,119.29
7550424,1080194,19.88
7550424,1080195,76.96
7550424,1080196,12.83
7550424,1080200,7.31
7550424,1080292,363.03
7550424,1080502,36.7
7550424,1080506,21.52
7550424,1080508,300.65
7550424,1080617,129.09
7550424,1080678,248.4
7550424,1080679,279.84
7550424,1080680,965.93
7550424,1080700,153.37
7550424,1080712,208.86
7550424,1080729,1031.36
7550424,1080762,52.22
7550424,1080774,492.75
7550424,1080779,538.68
7550424,1080813,191.98
7550424,1080819,148.7
7550424,1080835,401.05
7550424,1080836,161.43
7550424,1081097,616.39
7550424,1081690,9.41
7550424,1081692,14.69
7550424,1081703,17.97
7550424,1081704,179.7
7550424,1081751,15.91
7550424,1081755,28.8
7550424,1081772,15.73
7550424,1081775,698.83
7550424,1081789,750.26
7550424,1081806,6.91
7550424,1082026,480.01
7550424,1082028,309.99
7550424,1082076,242.26
7550424,1082104,34.4
7550424,1082135,154.17
7550424,1082141,151.26
7550424,1082145,32.85
7550424,1082149,361.87
7550424,1082174,534.67
7550424,1082206,11.36
7550424,1082334,54.38
7550424,1082374,12.21
7550424,1082386,185.73
7550424,1082469,28.74
7550424,1082470,172.44
7550424,1082471,4.28
7550424,1082489,2.27
7550424,1082496,245.58
7550424,1082497,268.12
7550424,1082500,828.97
7550424,1082503,1684.19
7550424,1082504,558.12
7550424,1082508,203.65
7550424,1082511,531.1
7550424,1082516,129.57
7550424,1082518,620.82
7550424,1082520,1658.97
7550424,1082544,58.99
7550424,1082597,666.34
7550424,1082661,632.19
7550424,1082704,60.38
7550424,1082718,52.31
7550424,1082747,630.14
7550424,1082748,115.76
7550424,1082762,163.32
7550424,1082771,562.7
7550424,1082778,148.08
7550424,1082782,161.43
7550424,1082783,175.84
7550424,1082787,73.88
7550424,1082791,395.46
7550424,1082795,9.84
7550424,1082937,85.52
7550424,1082938,66.07
7550424,1082940,27.47
7550424,1082941,32.33
7550424,1082967,164.82
7550424,1082987,48.4
7550424,1082988,8.39
7550424,1082990,100.63
7550424,1083000,16.94
7550424,1083028,36.65
7550424,1083050,1035.89
7550424,1083060,59.03
7550424,1083094,30.83
7550424,1083096,215.03
7550424,1083141,20.26
7550424,1083165,28.7
7550424,1083189,50.22
7550424,1083203,50.76
7550424,1083346,526.47
7550424,1083388,12.66
7550424,1083390,75.95
7550424,1083392,12.16
7550424,1083394,72.97
7550424,1083395,498.32
7550424,1083422,505.58
7550424,1083469,59.82
7550424,1083665,37.91
7550424,1085799,71.23
7550424,1087745,41.17
7550424,1088841,98.39
7550424,1090276,51.04
7550424,1091160,34.48
7550424,1091188,53.68
7550424,1091236,261.38
7550424,1091238,52.37
7550424,1091246,0.01
7550424,1091277,39.87
7550424,1091362,16.03
7550424,1091403,72.61
7550424,1091407,53.5
7550424,1091440,41.13
7550424,1091490,51.44
7550424,1091522,261.38
7550424,1091552,35.99
7550424,1091604,37.96
7550424,1091613,29.57
7550424,1091624,43.64
7550424,1091662,33.88
7550424,1091784,72.61
7550424,1091871,38.77
7550424,1091992,41.95
7550424,1091993,40.47
7550424,1092019,49.69
7550424,1092037,52.42
7550424,1092087,31
7550424,1092117,43.24
7550424,1092152,58.62
7550424,1092251,25.48
7550424,1092274,53
7550424,1092392,139.65
7550424,1092437,96.81
7550424,1092485,43.31
7550424,1092489,37.69
7550424,1092494,31.63
7550424,1092700,96.81
7550424,1092707,32.01
7550424,1092739,43.1
7550424,1092740,38.21
7550424,1092755,35.33
7550424,1092759,40.28
7550424,1092901,55.66
7550424,1093209,73.96
7550424,1093210,94.15
7550424,1093227,36.13
7550424,1093246,48.74
7550424,1093258,27.89
7550424,1093292,19.65
7550424,1093385,63.45
7550424,1093425,57.06
7550424,1093552,42.84
7550424,1093601,48.43
7550424,1093613,57
7550424,1093639,31.06
7550424,1093640,46.58
7550424,1093641,56.17
7550424,1093645,41.7
7550424,1093648,39.47
7550424,1093654,110.24
7550424,1093658,58.69
7550424,1093659,79.48
7550424,1095862,148.98
7550424,1095870,139.08
7550424,1095945,6.33
7550424,1096274,6.33
7550424,1096821,40.79
7550424,1097493,31.35
7550424,1097707,8.41
7550424,1097804,6.27
7550424,1097899,12.72
7550424,1099680,11.35
7550424,1101543,68.1
7550424,1101783,6.11
7550424,1101815,73.33
7550424,1102178,102.29
7550424,1114871,16.61
7550424,1115097,2.26
7550424,1115113,4.6
7550424,1115217,103.97
7550424,1115309,45.02
7550424,1115322,97.5
7550424,1115364,14.45
7550424,1115382,11.69
7550424,1115383,6.98
7550424,1115608,8.48
7550424,1115613,5.22
7550424,1115621,12.65
7550424,1115703,36
7550424,1115712,55.97
7550424,1115713,14.97
7550424,1115732,25.24
7550424,1115756,13.9
7550424,1115761,251.68
7550424,1115798,27.2
7550424,1115802,8.79
7550424,1115803,404.67
7550424,1115807,16.11
7550424,1115893,112.97
7550424,1115894,112.95
7550424,1115895,112.97
7550424,1115896,112.97
7550424,1115898,112.97
7550424,1115971,20.64
7550424,1116111,48.09
7550424,1116266,111.5
7550424,1116364,112.97
7550424,1116859,39.21
7550424,1116865,73.51
7550424,1116867,65.35
7550424,1116869,65.35
7550424,1116871,65.35
7550424,1116873,65.35
7550424,1116875,65.35
7550424,1116877,65.35
7550424,1116909,31.86
7550424,1116910,31.86
7550424,1116959,39.21
7550424,1116961,39.21
7550424,1116963,39.21
7550424,1117049,11.37
7550424,1117056,98.02
7550424,1117060,98.02
7550424,1117101,65.35
7550424,1117106,73.51
7550424,1117114,73.51
7550424,1117628,98.84
7550424,1117643,98.84
7550424,1117881,15.33
7550424,1117898,31.86
7550424,1117995,272.04
7550424,1118040,11.53
7550424,1118086,31.86
7550424,1118133,11.53
7550424,1118169,18.82
7550424,1118446,209.55
7550424,1118477,186.08
7550424,1118486,20.29
7550424,1118489,19.13
7550424,1118491,12.72
7550424,1118493,19.35
7550424,1118519,90.81
7550424,1118529,61.78
7550424,1118531,23.89
7550424,1118543,81.28
7550424,1118565,65.95
7550424,1118581,393.89
7550424,1118583,272.04
7550424,1118586,272.04
7550424,1118751,25.36
7550424,1118827,65.35
7550424,1119081,73.51
7550424,1119333,31.86
7550424,1119543,31.86
7550424,1119608,31.86
7550424,1119632,31.86
7550424,1119638,98.84
7550424,1119644,31.86
7550424,1119649,31.86
7550424,1119711,72.12
7550424,1119859,18.82
7550424,1119872,21.75
7550424,1120351,15.33
7550424,1120353,15.33
7550424,1120355,98.02
7550424,1120357,15.33
7550424,1120359,98.02
7550424,1120391,11.53
7550424,1120448,44.28
7550424,1120530,11.53
7550424,1120571,183.04
7550424,1120599,31.86
7550424,1120624,33.5
7550424,1120991,288.2
7550424,1121002,33.5
7550424,1121003,33.5
7550424,1121004,33.5
7550424,1121057,33.5
7550424,1121142,33.5
7550424,1121212,40.36
7550424,1121214,36.51
7550424,1121304,72.12
7550424,1121858,31.86
7550424,1121954,33.5
7550424,1121955,197.92
7550424,1121956,33.5
7550424,1121969,288.2
7550424,1122081,85.42
7550424,1122131,81.28
7550424,1122842,12.16
7550424,1123134,25.02
7550424,1123135,116.88
7550424,1123351,7.44
7550424,1123352,5.36
7550424,1123560,142.54
7550424,1123725,3.65
7550424,1123726,2.75
7550424,1123728,3.45
7550424,1123803,177.09
7550424,1123815,15.71
7550424,1123822,26.19
7550424,1123842,145.94
7550424,1124024,7.54
7550424,1124185,28.52
7550424,1124190,34.26
7550424,1124237,101.3
7550424,1124263,13.34
7550424,1124277,34.02
7550424,1124299,144.7
7550424,1124347,57.53
7550424,1124379,10.67
7550424,1124407,247.34
7550424,1124725,11.1
7550424,1124857,30.2
7550424,1124901,19.91
7550424,1124902,14.86
7550424,1125095,221.91
7550424,1125120,6.55
7550424,1126932,19.28
7550424,1127368,6.43
7550424,1138358,48.03
7550424,1138774,8.51
7550424,1138873,85.23
7550424,1139655,47.75
7550424,1140369,45.16
7550424,1140390,49.44
7550424,1140391,73.38
7550424,1140392,56.45
7550424,1140393,61.88
7550424,1141664,32.02
7550424,1141665,37.37
7550424,1142588,39.59
7550424,1143269,49.25
7550424,1143993,94.05
7550424,1144071,6.76
7550424,1144093,45.4
7550424,1144098,37.96
7550424,1144140,77.41
7550424,1144172,71.23
7550424,1144173,87.18
7550424,1144185,82.89
7550424,1144396,113.73
7550424,1144668,32.12
7550424,1144668,32.12
7550424,1144766,58.56
7550424,1144766,58.56
7550424,1145276,60.81
7550424,1145606,67.28
7550424,1145607,71.52
7550424,1145855,69.6
7550424,1146034,209.23
7550424,1147105,48.23
7550424,1147105,48.23
7550424,1147808,119.8
7550424,1148195,73.03
7550424,1148572,70.82
7550424,1148941,746.29
7550424,1151468,3.36
7550424,1151544,33.64
7550424,1151544,33.64
7550424,1151723,103.25
7550424,1152270,36.85
7550424,1152762,21.75
7550424,1152771,21.75
7550424,1152773,21.75
7550424,1152774,31.86
7550424,1152777,31.86
7550424,1154521,4.99
7550424,1154918,816.74
7550424,1155565,31.86
7550424,1156508,57.41
7550424,1156866,74.51
7550424,1156866,74.51
7550424,1157105,136.75
7550424,1157604,33.58
7550424,1157956,68.37
7550424,1157961,44.85
7550424,1157963,42.86
7550424,1158315,46.7
7550424,1158323,16.22
7550424,1158339,61.18
7550424,1158817,38.58
7550424,1158821,37.31
7550424,1158823,46.9
7550424,1158824,35.11
7550424,1158832,72.61
7550424,1158963,69.6
7550424,1159120,77.83
7550424,1159121,128.8
7550424,1159565,60.84
7550424,1159681,58.54
7550424,1159696,80.63
7550424,1159758,7.54
7550424,1159935,104.79
7550424,1159938,104.79
7550424,1159954,52.13
7550424,1160566,33.68
7550424,1160566,33.68
7550424,1160601,72.61
7550424,1160668,0.01
7550424,1160669,0.01
7550424,1160719,55.46
7550424,1161054,41.3
7550424,1161540,60.92
7550424,1161546,57
7550424,1161728,69.6
7550424,1162191,81.28
7550424,1162424,72.61
7550424,1162555,65.1
7550424,1162632,44.48
7550424,1162773,85.8
7550424,1162945,73.51
7550424,1162967,19.07
7550424,1162967,19.07
7550424,1163034,44.69
7550424,1163034,44.69
7550424,1163131,87.13
7550424,1163132,55.56
7550424,1163313,53.17
7550424,1163361,23.19
7550424,1163596,54.88
7550424,1163721,28.67
7550424,1163722,42.27
7550424,1163723,46.24
7550424,1163726,87.13
7550424,1163728,24.2
7550424,1163842,71.66
7550424,1164154,57.5
7550424,1164159,87.13
7550424,1164878,24.49
7550424,1164878,24.49
7550424,1165025,51.84
7550424,1165060,37.23
7550424,1165064,36.82
7550424,1165100,56.58
7550424,1165103,39.64
7550424,1165105,37.61
7550424,1165107,59.59
7550424,1165109,54.82
7550424,1165126,87.13
7550424,1165311,41.95
7550424,1165311,41.95
7550424,1165920,74.51
7550424,1165920,74.51
7550424,1166213,51.26
7550424,1166213,51.26
7550424,1166285,0.01
7550424,1166342,79.43
7550424,1166362,55.66
7550424,1166677,48.08
7550424,1166708,57.88
7550424,1166746,53.45
7550424,1167237,89.75
7550424,1167844,85.8
7550424,1167999,76.2
7550424,1168277,89.75
7550424,1168283,76.2
7550424,1168284,85.8
7550424,1168328,87.13
7550424,1168847,49.52
7550424,1168847,49.52
7550424,1170146,322.67
7550424,1170617,18.82
7550424,1170689,49.25
7550424,1170714,70.45
7550424,1170714,70.45
7550424,1171575,1124.88
7550424,1172337,48.69
7550424,1173522,70.23
7550424,1173522,70.23
7550424,1174614,98.02
7550424,1174788,73.51
7550424,1174803,57.52
7550424,1174817,17.85
7550424,1175682,139.4
7550424,1175684,139.4
7550424,1175686,139.4
7550424,1175688,0.48
7550424,1175870,24.77
7550424,1176109,69.6
7550424,1176528,202.14
7550424,1176529,209.11
7550424,1176531,202.14
7550424,1176665,69.6
7550424,1177025,24.38
7550424,1177163,98.02
7550424,1177243,48.98
7550424,1177243,48.98
7550424,1177267,8.49
7550424,1180022,14.68
7550424,1180218,19.36
7550424,1180925,90.71
7550424,1181282,41.55
7550424,1181959,24.5
7550424,1182848,41.55
7550424,1183741,59.48
7550424,1183743,16.83
7550424,1185209,0.01
7550424,1185416,54.95
7550424,1186221,69.1
7550424,1186223,0.01
7550424,1186243,50.47
7550424,1187381,83.93
7550424,1187817,29.88
7550424,1187836,117.84
7550424,1187983,84.71
7550424,1188169,0.01
7550424,1188172,66.92
7550424,1188175,44.17
7550424,1189424,46.86
7550424,1189424,46.86
7550424,1189425,46.86
7550424,1189425,46.86
7550424,1189427,62.57
7550424,1189427,62.57
7550424,1189439,34.91
7550424,1189439,34.91
7550424,1190638,93.31
7550424,1190640,73.17
7550424,1190678,0.01
7550424,1191144,14.34
7550424,1191249,82.41
7550424,1194284,25.3
7550424,1194285,25.3
7550424,1196310,14.99
7550424,1196681,72.7
7550424,1197478,0.01
7550424,1198459,56.45
7550424,1198616,38.51
7550424,1198988,83.5
7550424,1199053,61.18
7550424,1199174,52.19
7550424,1199245,84.71
7550424,1199902,86.96
7550424,1200088,73.38
7550424,1200088,73.38
7550424,1200170,73.51
7550424,1200835,30.74
7550424,1200835,30.74
7550424,1201434,23.34
7550424,1201880,30.91
7550424,1203109,49.25
7550424,1203407,59.69
7550424,1203407,59.69
7550424,1203427,53.41
7550424,1203427,53.41
7550424,1203515,53.83
7550424,1203840,43.33
7550424,1205045,198.72
7550424,1206724,294.41
7550424,1208297,225.43
7550424,1208532,16.05
7550424,1208958,98.02
7550424,1209031,44.28
7550424,1209032,44.28
7550424,1209034,44.28
7550424,1209279,54.62
7550424,1209792,24.58
7550424,1209792,24.58
7550424,1209850,19.66
7550424,1210515,69.07
7550424,1210515,69.07
7550424,1210614,53
7550424,1211843,54.27
7550424,1211844,53.67
7550424,1211868,60.23
7550424,1214864,50.52
7550424,1214914,31.05
7550424,1215475,178.91
7550424,1215970,45.2
7550424,1216609,40.04
7550424,1216609,40.04
7550424,1216610,46.87
7550424,1216610,46.87
7550424,1216612,38.08
7550424,1216612,38.08
7550424,1216617,45.61
7550424,1216617,45.61
7550424,1216618,40.91
7550424,1216618,40.91
7550424,1216619,30.53
7550424,1216619,30.53
7550424,1216620,34.61
7550424,1216620,34.61
7550424,1217646,82.44
7550424,1217656,24.15
7550424,1218300,53.17
7550424,1218438,37.82
7550424,1218751,98.39
7550424,1219058,33.51
7550424,1219063,15.48
7550424,1219310,177.52
7550424,1219371,53.3
7550424,1219586,78.75
7550424,1219701,16.03
7550424,1220183,221.21
7550424,1220185,88.93
7550424,1220629,50.61
7550424,1220680,6.5
7550424,1220844,83.07
7550424,1220873,37.17
7550424,1221297,0.73
7550424,1221372,217.82
7550424,1222217,46.58
7550424,1222217,46.58
7550424,1222959,96.2
7550424,1223397,341.15
7550424,1223667,67.9
7550424,1223667,67.9
7550424,1224114,22.29
7550424,1224187,4.89
7550424,1224245,65.21
7550424,1224338,98.02
7550424,1224887,468.91
7550424,1225140,128.62
7550424,1225536,57.52
7550424,1226166,28.45
7550424,1226741,84.44
7550424,1226742,91.42
7550424,1228229,9.28
7550424,1229187,46.58
7550424,1229187,46.58
7550424,1229432,103.95
7550424,1229447,0.7
7550424,1229574,47.59
7550424,1229574,47.59
7550424,1230016,282.1
7550424,1230068,24.2
7550424,1230367,39.68
7550424,1230367,39.68
7550424,1230370,51.74
7550424,1230370,51.74
7550424,1230371,70.89
7550424,1230371,70.89
7550424,1230373,43.29
7550424,1230373,43.29
7550424,1230377,29.51
7550424,1230377,29.51
7550424,1230383,51.84
7550424,1230383,51.84
7550424,1230686,93.35
7550424,1230870,8.34
7550424,1231739,57.29
7550424,1232235,57.29
7550424,1232558,66.06
7550424,1232578,47.02
7550424,1232578,47.02
7550424,1232692,24.81
7550424,1232692,24.81
7550424,1233366,29.13
7550424,1233366,29.13
7550424,1233605,57.29
7550424,1233671,28.33
7550424,1233671,28.33
7550424,1234008,9.77
7550424,1234050,50.53
7550424,1234079,58.23
7550424,1234251,37.23
7550424,1234251,37.23
7550424,1234348,79.29
7550424,1234348,79.29
7550424,1234349,19.42
7550424,1234349,19.42
7550424,1234352,26.71
7550424,1234352,26.71
7550424,1234356,51.74
7550424,1234356,51.74
7550424,1234357,36.96
7550424,1234357,36.96
7550424,1234358,26.01
7550424,1234358,26.01
7550424,1234361,37.05
7550424,1234361,37.05
7550424,1234368,38.31
7550424,1234368,38.31
7550424,1234370,29.38
7550424,1234370,29.38
7550424,1234375,53.69
7550424,1234375,53.69
7550424,1234379,60.58
7550424,1234379,60.58
7550424,1234381,56.73
7550424,1234381,56.73
7550424,1234391,35.75
7550424,1234391,35.75
7550424,1234629,73.77
7550424,1235233,30.34
7550424,1235233,30.34
7550424,1235875,102.87
7550424,1236032,202.2
7550424,1236245,42.09
7550424,1236245,42.09
7550424,1236248,48.03
7550424,1236248,48.03
7550424,1236817,36.51
7550424,1237068,338.07
7550424,1238023,368.97
7550424,1238572,114.44
7550424,1238765,68.79
7550424,1238767,78.56
7550424,1238768,91.36
7550424,1238771,102.52
7550424,1238776,84.57
7550424,1238778,80.05
7550424,1238785,143.38
7550424,1238864,98.02
7550424,1239196,73.51
7550424,1239689,73.97
7550424,1241021,0.7
7550424,1241454,36.32
7550424,1241454,36.32
7550424,1242080,38.93
7550424,1242080,38.93
7550424,1242142,246.1
7550424,1242273,89.52
7550424,1243823,73.71
7550424,1244557,83.68
7550424,1244557,83.68
7550424,1245137,98.02
7550424,1245248,98.02
7550424,1245445,45.43
7550424,1245445,45.43
7550424,1245449,29.66
7550424,1245449,29.66
7550424,1246065,31.91
7550424,1246429,78.66
7550424,1246724,96.72
7550424,1246774,0.73
7550424,1247146,94.67
7550424,1247689,57.9
7550424,1247850,107.28
7550424,1247854,133.29
7550424,1248489,82.44
7550424,1248936,69.27
7550424,1249028,118.93
7550424,1249918,8.71
7550424,1250329,3.82
7550424,1251096,83.74
7550424,1251097,73.93
7550424,1251168,467.45
7550424,1251169,352.14
7550424,1251244,81
7550424,1251251,53.72
7550424,1251450,5.61
7550424,1251693,46.75
7550424,1252554,52.46
7550424,1252556,56.63
7550424,1253398,88.91
7550424,1253404,71.32
7550424,1253405,83.51
7550424,1253406,71.32
7550424,1253409,71.32
7550424,1253411,156.08
7550424,1253421,83.15
7550424,1253422,83.15
7550424,1253423,83.15
7550424,1253426,109.44
7550424,1253430,83.15
7550424,1253436,95.04
7550424,1253437,95.02
7550424,1253439,95.02
7550424,1253497,135.46
7550424,1253499,135.46
7550424,1253500,135.46
7550424,1253502,135.46
7550424,1253503,135.46
7550424,1253506,275.98
7550424,1253523,303.19
7550424,1253529,305.43
7550424,1254403,66.3
7550424,1255785,32.35
7550424,1256288,112.97
7550424,1256664,6.3
7550424,1259084,207.52
7550424,1259368,66.19
7550424,1259381,149.57
7550424,1259428,73.78
7550424,1259431,96.92
7550424,1259433,38.44
7550424,1259433,38.44
7550424,1259434,132.13
7550424,1260002,95.31
7550424,1260026,62.24
7550424,1260345,63.2
7550424,1260587,68.92
7550424,1261271,72.61
7550424,1262425,39.38
7550424,1262425,39.38
7550424,1262803,71.64
7550424,1262906,51.45
7550424,1263129,42.86
7550424,1263277,63.17
7550424,1263491,84.46
7550424,1263579,74.36
7550424,1264388,43.88
7550424,1265089,42.78
7550424,1266188,74.36
7550424,1267034,73.78
7550424,1267056,2157.56
7550424,1267905,34.88
7550424,1268177,72.61
7550424,1268232,0.01
7550424,1268400,51.66
7550424,1268400,51.66
7550424,1268573,45.14
7550424,1269362,103.32
7550424,1269788,34.56
7550424,1269883,16.52
7550424,1270324,27.23
7550424,1270735,78.33
7550424,1271100,77.14
7550424,1271233,74.36
7550424,1271720,91.86
7550424,1271981,27.46
7550424,1272424,1.21
7550424,1273862,115.58
7550424,1274296,8.16
7550424,1274563,137.58
7550424,1274807,64.5
7550424,1274882,72.85
7550424,1274947,58.67
7550424,1275211,78.33
7550424,1275755,30.37
7550424,1276698,59.32
7550424,1276699,56.51
7550424,1276730,174.11
7550424,1276772,63.64
7550424,1276788,43.65
7550424,1277038,55
7550424,1278189,67.48
7550424,1278628,220
7550424,1279130,27.12
7550424,1279600,110
7550424,1281996,27.97
7550424,1282407,38
7550424,1282408,38
7550424,1282410,38
7550424,1282413,28.92
7550424,1282414,31.22
7550424,1282418,33.58
7550424,1282419,53.43
7550424,1282422,53.43
7550424,1282425,53.43
7550424,1282435,72.73
7550424,1282436,24.2
7550424,1282437,72.55
7550424,1282769,36.85
7550424,1282769,36.85
7550424,1283206,66.31
7550424,1283207,46.47
7550424,1283209,45.32
7550424,1283341,53.85
7550424,1283343,59.6
7550424,1283344,49.61
7550424,1283345,48.59
7550424,1283346,50.22
7550424,1283347,42.9
7550424,1283348,42.9
7550424,1283349,64.01
7550424,1283350,55.66
7550424,1284052,52.99
7550424,1284287,79.01
7550424,1284872,0.48
7550424,1285124,79.38
7550424,1285146,100.52
7550424,1285440,60.51
7550424,1285601,114.83
7550424,1285614,95.53
7550424,1285615,95.53
7550424,1285786,30.25
7550424,1285788,4.84
7550424,1286370,99.91
7550424,1288911,10.07
7550424,1289561,7.37
7550424,1289825,74.45
7550424,1289826,74.45
7550424,1291060,67.48
7550424,1291687,288.2
7550424,1293684,67.25
7550424,1293685,77.45
7550424,1293962,49.19
7550424,1293962,49.19
7550424,1293966,45.6
7550424,1293966,45.6
7550424,1293973,52.28
7550424,1293973,52.28
7550424,1294017,57.59
7550424,1294017,57.59
7550424,1294091,52.02
7550424,1294091,52.02
7550424,1294427,85.28
7550424,1294427,85.28
7550424,1294567,18.15
7550424,1295045,6.05
7550424,1295046,12.1
7550424,1295333,51.61
7550424,1295338,51.61
7550424,1295446,47.87
7550424,1295627,93.06
7550424,1295723,272.04
7550424,1295897,12.28
7550424,1295898,6.05
7550424,1296025,19.12
7550424,1296085,55
7550424,1297553,30.25
7550424,1297555,30.25
7550424,1297558,30.25
7550424,1298174,0.01
7550424,1298456,12.1
7550424,1298516,50.95
7550424,1300024,1.21
7550424,1300336,0.01
7550424,1300340,0.01
7550424,1300342,52.59
7550424,1300684,1.21
7550424,1301524,0.01
7550424,1302778,30.25
7550424,1302852,1.21
7550424,1303308,77.88
7550424,1303497,43.18
7550424,1303502,60.21
7550424,1303504,0.01
7550424,1303505,0.01
7550424,1304269,40.9
7550424,1304534,98.02
7550424,1304577,0.01
7550424,1304579,43.18
7550424,1305771,62.95
7550424,1305772,73.6
7550424,1305773,94.09
7550424,1305774,69.58
7550424,1305775,94.09
7550424,1305776,49.07
7550424,1305777,59.22
7550424,1305781,48.22
7550424,1305782,102.87
7550424,1305786,143.75
7550424,1305787,114.44
7550424,1305789,95.09
7550424,1305790,46.47
7550424,1305792,64.33
7550424,1305793,67.43
7550424,1305794,83.74
7550424,1305795,132.13
7550424,1305796,110.94
7550424,1305797,52.23
7550424,1305799,123.2
7550424,1305851,66.92
7550424,1306704,41.87
7550424,1306706,76.73
7550424,1306708,11.47
7550424,1306713,11.47
7550424,1306763,0.48
7550424,1306764,0.48
7550424,1307048,69.08
7550424,1307881,48.39
7550424,1308128,25.48
7550424,1308129,24.78
7550424,1308144,0.01
7550424,1308147,0.01
7550424,1308148,0.01
7550424,1309238,37.46
7550424,1309415,357.81
7550424,1309566,83.5
7550424,1309569,85.43
7550424,1310321,47.13
7550424,1310964,51.42
7550424,1311013,55.85
7550424,1311336,27.88
7550424,1311339,35.46
7550424,1311345,43.83
7550424,1311347,41.06
7550424,1311760,1.21
7550424,1312305,27.23
7550424,1312553,133.34
7550424,1312587,122.69
7550424,1313047,1.21
7550424,1313376,43.83
7550424,1313585,0.01
7550424,1313586,0.01
7550424,1313696,83.5
7550424,1314523,83.5
7550424,1314954,59.29
7550424,1314999,277.25
7550424,1315081,6.05
7550424,1315369,35.52
7550424,1315516,43.91
7550424,1316418,32.95
7550424,1316652,96.81
7550424,1316654,54.45
7550424,1316655,67.71
7550424,1316656,77.51
7550424,1316657,62.62
7550424,1317192,0.01
7550424,1317362,44.28
7550424,1317463,98.44
7550424,1318225,277.25
7550424,1318831,0.01
7550424,1319842,187.46
7550424,1319873,295.06
7550424,1322412,3.63
7550424,1322413,3.63
7550424,1323254,51.7
7550424,1323254,51.7
7550424,1323721,9.89
7550424,1323777,216.79
7550424,1323822,9.58
7550424,1324051,6.05
7550424,1324313,44.28
7550424,1324890,30.72
7550424,1325078,35.67
7550424,1325710,64.87
7550424,1325794,46.23
7550424,1326370,19.64
7550424,1326371,56.2
7550424,1326372,115.71
7550424,1326373,84.33
7550424,1326657,30.25
7550424,1326658,30.25
7550424,1327133,29.55
7550424,1327135,1.04
7550424,1327255,98.84
7550424,1327892,30.2
7550424,1328194,0.01
7550424,1328329,1.15
7550424,1328671,49.66
7550424,1328715,0.01
7550424,1329166,35.36
7550424,1329338,35.67
7550424,1329742,103.1
7550424,1329972,1.21
7550424,1329980,34.63
7550424,1329984,32.5
7550424,1330187,71.7
7550424,1330198,1.21
7550424,1330368,25.17
7550424,1330369,36.62
7550424,1330530,112.97
7550424,1330754,393.28
7550424,1330756,393.28
7550424,1330836,60.63
7550424,1330842,319.22
7550424,1332354,39.65
7550424,1332865,31.66
7550424,1333086,10.76
7550424,1334934,103.1
7550424,1335412,0.01
7550424,1335497,184.9
7550424,1336653,40.19
7550424,1337364,119.8
7550424,1337945,24.9
7550424,1337946,22.44
7550424,1338753,68.16
7550424,1338950,36.69
7550424,1339030,38.38
7550424,1340368,46.18
7550424,1340803,20.44
7550424,1340940,58.69
7550424,1343377,367.04
7550424,1344534,47.23
7550424,1345189,0.01
7550424,1347045,31.72
7550424,1347371,37.3
7550424,1347984,31.64
7550424,1348483,39.73
7550424,1348487,39.63
7550424,1348487,39.63
7550424,1348489,44.62
7550424,1348489,44.62
7550424,1348500,44.62
7550424,1348500,44.62
7550424,1348504,48.96
7550424,1348504,48.96
7550424,1348505,38.51
7550424,1348505,38.51
7550424,1348506,38.51
7550424,1348506,38.51
7550424,1348511,38.51
7550424,1348511,38.51
7550424,1348514,41.29
7550424,1348514,41.29
7550424,1348515,41.29
7550424,1348515,41.29
7550424,1348517,52.37
7550424,1348517,52.37
7550424,1348518,52.37
7550424,1348518,52.37
7550424,1348526,39.92
7550424,1348526,39.92
7550424,1348527,59.85
7550424,1348527,59.85
7550424,1348634,68.49
7550424,1350988,84.71
7550424,1352587,17.43
7550424,1352745,0.01
7550424,1352874,46.18
7550424,1356057,52.78
7550424,1356751,58.88
7550424,1357407,44.68
7550424,1357447,167.16
7550424,1358953,14.52
7550424,1359401,0.01
7550424,1360468,62.67
7550424,1360690,32.09
7550424,1361037,0.01
7550424,1361903,37.62
7550424,1362568,190.05
7550424,1363893,358.09
7550424,1363894,358.23
7550424,1363895,358.23
7550424,1363994,27.31
7550424,1364792,41.7
7550424,1364804,89.79
7550424,1366403,295.06
7550424,1368543,185.87
7550424,1368882,312.74
7550424,1370199,21.36
7550424,1370400,130.58
7550424,1371717,4.8
7550424,1372413,45.52
7550424,1372764,153.49
7550424,1374527,687.32
7550424,1374687,312.74
7550424,1377142,57.5
7550424,1378029,140.43
7550424,1378030,140.43
7550424,1379902,5.4
7550424,1380904,312.74
7550424,1382623,16.46
7550424,1383336,1547.96
7550424,1384798,482.96
7550424,1384824,2705.87
7550424,1384891,140.96
7550424,1385076,145.36
7550424,1386260,2405.79
7550424,1386452,1210.1
7550424,1386454,1418.96
7550424,1386456,337.27
7550424,1386458,2145.46
7550424,1386459,4.84
7550424,1386460,4.84
7550424,1386461,2.42
7550424,1386462,1.82
7550424,1386463,7.61
7550424,1388150,37.76
7550424,1391163,49.25
7550424,1000014,77.29
7550424,1000868,38.07
7550424,1001234,36.98
7550424,1001255,32.55
7550424,1001326,54.01
7550424,1001804,2.36
7550424,1001888,23.35
7550424,1001889,30.69
7550424,1001903,30.07
7550424,1001907,26.77
7550424,1001908,38.72
7550424,1002063,4.56
7550424,1002080,3.65
7550424,1003235,4.38
7550424,1003300,5.22
7550424,1003383,55.81
7550424,1003401,3.79
7550424,1003486,4.8
7550424,1003517,2.36
7550424,1003592,39.99
7550424,1003741,119.84
7550424,1003772,84.36
7550424,1004120,26.39
7550424,1004121,20.66
7550424,1004250,102.31
7550424,1004301,51.96
7550424,1004311,7.44
7550424,1004313,17.68
7550424,1004315,20.66
7550424,1004316,74.93
7550424,1004334,109.47
7550424,1004336,60.07
7550424,1004351,137.19
7550424,1004352,189.24
7550424,1004353,161.11
7550424,1004456,92.57
7550424,1004465,114.52
7550424,1004702,4.27
7550424,1004703,15.88
7550424,1004807,59.21
7550424,1005000,302
7550424,1005029,78.2
7550424,1005661,233.89
7550424,1006233,121.11
7550424,1006246,97.45
7550424,1006516,67.22
7550424,1006708,69.22
7550424,1006712,66.89
7550424,1007151,108.53
7550424,1007699,62.59
7550424,1007862,61.49
7550424,1007863,69.86
7550424,1008159,54.18
7550424,1008342,52.8
7550424,1008372,0.01
7550424,1008382,65.93
7550424,1008383,109.14
7550424,1008385,75.92
7550424,1008402,84.44
7550424,1008655,39.86
7550424,1008823,40.66
7550424,1008958,31.85
7550424,1009139,99.24
7550424,1009453,52.68
7550424,1009459,69.42
7550424,1009556,15.44
7550424,1009569,54.06
7550424,1009933,158.46
7550424,1010004,173.47
7550424,1010075,76.85
7550424,1010179,95.14
7550424,1010214,228.6
7550424,1010225,148.73
7550424,1010227,88.17
7550424,1010231,176.14
7550424,1010233,195.65
7550424,1010234,234.42
7550424,1010238,183.67
7550424,1010257,103.87
7550424,1010287,176.41
7550424,1010342,99.71
7550424,1010455,164.76
7550424,1010465,148.54
7550424,1010479,134.5
7550424,1010505,68.2
7550424,1010506,66.64
7550424,1010511,80.59
7550424,1010516,89.73
7550424,1010526,100.32
7550424,1010528,89.97
7550424,1010533,110
7550424,1010541,93.12
7550424,1010544,140.19
7550424,1010547,131.27
7550424,1010557,131.42
7550424,1010574,129.24
7550424,1010630,86.06
7550424,1010633,73.77
7550424,1010638,80.6
7550424,1010642,108.26
7550424,1010649,112.35
7550424,1010654,129.34
7550424,1010684,130.92
7550424,1010689,93.89
7550424,1010725,141.06
7550424,1010728,173.43
7550424,1010777,66.27
7550424,1010785,72.7
7550424,1010791,58.79
7550424,1010794,75.15
7550424,1010814,37.57
7550424,1010816,43.9
7550424,1010824,97.2
7550424,1010831,52.86
7550424,1010837,44.41
7550424,1010838,54.95
7550424,1010873,362.3
7550424,1010885,84.17
7550424,1010888,53.43
7550424,1010893,49.43
7550424,1010894,58.65
7550424,1010902,67.94
7550424,1010904,89.74
7550424,1010932,73.15
7550424,1010933,63.53
7550424,1010948,80.73
7550424,1010951,74.28
7550424,1010959,80.46
7550424,1010960,92.4
7550424,1010964,92.32
7550424,1010986,85.02
7550424,1010995,63.91
7550424,1010996,59.68
7550424,1010997,59.49
7550424,1010998,93.52
7550424,1010999,106.25
7550424,1011000,73.42
7550424,1011002,69.33
7550424,1011003,98.8
7550424,1011007,119.29
7550424,1011012,93.63
7550424,1011018,119.09
7550424,1011022,62.09
7550424,1011029,84.3
7550424,1011050,82.73
7550424,1011052,83.87
7550424,1011107,109.88
7550424,1011184,47.92
7550424,1011385,30.31
7550424,1011388,57.9
7550424,1011444,68.19
7550424,1011446,73.42
7550424,1011447,90.48
7550424,1011448,97.5
7550424,1011449,99.08
7550424,1011464,98.22
7550424,1011519,73.66
7550424,1011520,95.67
7550424,1011521,144.57
7550424,1011522,94.99
7550424,1011523,103.31
7550424,1011524,145.14
7550424,1011526,155.22
7550424,1011527,106.34
7550424,1011535,92.86
7550424,1011536,49.84
7550424,1011537,71.69
7550424,1011538,89.73
7550424,1011559,38.8
7550424,1011567,64.17
7550424,1011573,117.4
7550424,1011581,29.68
7550424,1011584,43.33
7550424,1011592,74.28
7550424,1011635,112.82
7550424,1011636,130.05
7550424,1011650,55.85
7550424,1011673,55.97
7550424,1011684,56.21
7550424,1011696,146.48
7550424,1011697,146.97
7550424,1011698,72.85
7550424,1011704,62.32
7550424,1011705,70.79
7550424,1011710,83.74
7550424,1011723,106.19
7550424,1011731,116.96
7550424,1011742,136.68
7550424,1011748,136.62
7550424,1011750,73.9
7550424,1011751,73.85
7550424,1011752,90.83
7550424,1011753,71.03
7550424,1011755,84.21
7550424,1011757,84.86
7550424,1011759,97.66
7550424,1011764,132.22
7550424,1011766,150.38
7550424,1011769,66.57
7550424,1011771,74.13
7550424,1011772,135.28
7550424,1011773,64.27
7550424,1011774,130.97
7550424,1011775,167.91
7550424,1011866,68.24
7550424,1011873,112.3
7550424,1011874,112.3
7550424,1011889,87.55
7550424,1011955,77.97
7550424,1011959,90.58
7550424,1011960,90.93
7550424,1011980,59.16
7550424,1011986,134.16
7550424,1011987,132.31
7550424,1011993,130.69
7550424,1011994,134.13
7550424,1012005,134.58
7550424,1012006,114.02
7550424,1012034,144.82
7550424,1012036,49.25
7550424,1012037,95.63
7550424,1012047,142.6
7550424,1012048,163.74
7550424,1012049,134.28
7550424,1012055,159
7550424,1012062,86.27
7550424,1012065,208.45
7550424,1012068,155.28
7550424,1012071,78.22
7550424,1012076,102.85
7550424,1012142,106.43
7550424,1012143,89.52
7550424,1012174,78.68
7550424,1012182,83.82
7550424,1012189,92.12
7550424,1012200,110.45
7550424,1012203,56.28
7550424,1012206,205.14
7550424,1012211,153.49
7550424,1012212,117.09
7550424,1012266,206.84
7550424,1012268,109.57
7550424,1012269,125.52
7550424,1012270,107.87
7550424,1012272,58.1
7550424,1012274,67.44
7550424,1012276,142.24
7550424,1012277,88.37
7550424,1012287,84.3
7550424,1012293,64.63
7550424,1012325,100.23
7550424,1012326,72.97
7550424,1012337,81.68
7550424,1012434,140.44
7550424,1012451,140.9
7550424,1012538,38.25
7550424,1012607,40.62
7550424,1012617,111.26
7550424,1012637,36.68
7550424,1012639,56.16
7550424,1012644,273.16
7550424,1012743,38.99
7550424,1012762,77.25
7550424,1012768,98.11
7550424,1012770,102.22
7550424,1012771,79.58
7550424,1012775,72.26
7550424,1012779,122.07
7550424,1012787,91.56
7550424,1012798,103.32
7550424,1012799,102.23
7550424,1012801,131.07
7550424,1012810,80.07
7550424,1012820,125.23
7550424,1012825,128.16
7550424,1012826,105.76
7550424,1012829,112.88
7550424,1012840,68.36
7550424,1012850,59.66
7550424,1012869,121.31
7550424,1012883,105.11
7550424,1012886,152.84
7550424,1012889,106.97
7550424,1012894,87.24
7550424,1012898,167.68
7550424,1012901,96.06
7550424,1012902,78.55
7550424,1012978,66.46
7550424,1012992,101.59
7550424,1012993,65.22
7550424,1012996,47.11
7550424,1013010,72.85
7550424,1013026,48.08
7550424,1013040,51.05
7550424,1013045,151.75
7550424,1013050,89.85
7550424,1013068,53.3
7550424,1013115,121.17
7550424,1013210,58.08
7550424,1013245,212.83
7550424,1013290,85.57
7550424,1013306,110.26
7550424,1013307,70.98
7550424,1013325,87.28
7550424,1013326,133.85
7550424,1013327,43.49
7550424,1013329,75.29
7550424,1013331,67.11
7550424,1013368,167.42
7550424,1013433,78.78
7550424,1013476,103.92
7550424,1013478,40.37
7550424,1013501,45.67
7550424,1013503,48.98
7550424,1013505,57.14
7550424,1013647,88
7550424,1013702,49.37
7550424,1013854,69.12
7550424,1013855,76.09
7550424,1013946,121.05
7550424,1013997,155.47
7550424,1014011,63.55
7550424,1014149,66.95
7550424,1014184,68.24
7550424,1014199,108.9
7550424,1014200,72.65
7550424,1014593,47.27
7550424,1014698,114.89
7550424,1014706,97.27
7550424,1014708,70.56
7550424,1014712,40.57
7550424,1014716,53.87
7550424,1014899,105.86
7550424,1014900,55.97
7550424,1014908,27.63
7550424,1014917,51.61
7550424,1014918,65.04
7550424,1014922,50.98
7550424,1014923,69.22
7550424,1014925,31.8
7550424,1014926,55.7
7550424,1014927,58.08
7550424,1014929,56.49
7550424,1014930,54.52
7550424,1014940,118.2
7550424,1015027,80.83
7550424,1015033,131.17
7550424,1015072,107.67
7550424,1015090,73.95
7550424,1015091,85.38
7550424,1015102,40.28
7550424,1015105,37.76
7550424,1015110,61.15
7550424,1015118,55.23
7550424,1015121,86.36
7550424,1015236,73.95
7550424,1015270,140.48
7550424,1015272,125.91
7550424,1015340,82.13
7550424,1015341,72.19
7550424,1015349,91.16
7550424,1015353,26.62
7550424,1015354,105.58
7550424,1015368,51.47
7550424,1015400,97.79
7550424,1015470,89.35
7550424,1015519,57.17
7550424,1015520,54.87
7550424,1015521,70.73
7550424,1015524,70.48
7550424,1015525,58.16
7550424,1015526,58.16
7550424,1015576,97.61
7550424,1015666,326.73
7550424,1015717,72.93
7550424,1015755,67.98
7550424,1015829,44.05
7550424,1015859,55.46
7550424,1015862,55.37
7550424,1015913,35.56
7550424,1015914,29.73
7550424,1015937,100.31
7550424,1015949,96.55
7550424,1015950,65.04
7550424,1015955,62.8
7550424,1016019,195.07
7550424,1016021,237.14
7550424,1016031,75.39
7550424,1016037,97.29
7550424,1016039,339.71
7550424,1016041,78.89
7550424,1016061,222.62
7550424,1016079,77.87
7550424,1016092,102.05
7550424,1016110,63.07
7550424,1016236,168.34
7550424,1016246,268.65
7550424,1016265,52.14
7550424,1016292,75.98
7550424,1016293,80.3
7550424,1016304,66.69
7550424,1016305,66.69
7550424,1016306,56.77
7550424,1016326,59.55
7550424,1016334,71.87
7550424,1016340,110.78
7550424,1016342,50.46
7550424,1016345,241.1
7550424,1016359,57.82
7550424,1016377,158.12
7550424,1016378,171.64
7550424,1016379,269.17
7550424,1016386,207.27
7550424,1016399,33.94
7550424,1016400,111.91
7550424,1016432,92.56
7550424,1016438,121
7550424,1016439,121
7550424,1016440,53.17
7550424,1016441,121
7550424,1016442,101.32
7550424,1016443,129.17
7550424,1016447,119.19
7550424,1016448,116.79
7550424,1016456,99.02
7550424,1016457,69.45
7550424,1016458,131.25
7550424,1016460,115.78
7550424,1016475,113.98
7550424,1016477,173.02
7550424,1016478,111.55
7550424,1016480,99.45
7550424,1016481,101.36
7550424,1016483,98.44
7550424,1016489,85.94
7550424,1016490,55.18
7550424,1016494,54.95
7550424,1016500,105.29
7550424,1016502,80.3
7550424,1016506,147.74
7550424,1016507,137.23
7550424,1016508,94.94
7550424,1016517,65.14
7550424,1016528,47.76
7550424,1016533,307.74
7550424,1016537,57.42
7550424,1016557,61.5
7550424,1016561,40.34
7550424,1016567,46.6
7550424,1016576,66.37
7550424,1016581,63.57
7550424,1016583,42.69
7550424,1016591,71.77
7550424,1016596,62.42
7550424,1016597,70.97
7550424,1016598,62.51
7550424,1016601,73.27
7550424,1016603,83.48
7550424,1016605,47.68
7550424,1016606,53.81
7550424,1016613,35.54
7550424,1016616,83.16
7550424,1016617,84.08
7550424,1016618,67.66
7550424,1016620,64.18
7550424,1016621,77.87
7550424,1016622,74.42
7550424,1016624,111.45
7550424,1016626,80.54
7550424,1016627,90.41
7550424,1016628,82.35
7550424,1016638,74.22
7550424,1016657,64.04
7550424,1016658,92.69
7550424,1016663,48.92
7550424,1016664,52.03
7550424,1016667,94.01
7550424,1016669,33.86
7550424,1016746,77.29
7550424,1016748,66.75
7550424,1016750,95.66
7550424,1016754,51.34
7550424,1016772,53.44
7550424,1016796,51.09
7550424,1016850,56.49
7550424,1016855,49.93
7550424,1016873,52.7
7550424,1016880,52.68
7550424,1016898,76.64
7550424,1016908,76.26
7550424,1017025,54.68
7550424,1017461,52.8
7550424,1017660,63.58
7550424,1017718,130.11
7550424,1017876,157.99
7550424,1017884,69.05
7550424,1018019,133.98
7550424,1018020,103.16
7550424,1018026,35.23
7550424,1018058,71.6
7550424,1018069,76.87
7550424,1018073,25.74
7550424,1018086,31.44
7550424,1018092,75.8
7550424,1018093,89.96
7550424,1018101,25.22
7550424,1018106,51.94
7550424,1018108,58.84
7550424,1018109,57.75
7550424,1018111,73.55
7550424,1018115,29.93
7550424,1018120,99.35
7550424,1018124,71.43
7550424,1018125,51.67
7550424,1018126,31.58
7550424,1018128,42.84
7550424,1018130,66.8
7550424,1018132,63.37
7550424,1018133,51.42
7550424,1018134,82.5
7550424,1018135,54.39
7550424,1018149,59.82
7550424,1018150,33.71
7550424,1018155,72.75
7550424,1018164,76.28
7550424,1018167,46.63
7550424,1018174,36.87
7550424,1018175,59.43
7550424,1018180,44.74
7550424,1018181,88.53
7550424,1018192,99.64
7550424,1018202,99.8
7550424,1018204,48.86
7550424,1018208,56.58
7550424,1018209,81.77
7550424,1018210,78.14
7550424,1018213,88.08
7550424,1018220,61.49
7550424,1018221,29.55
7550424,1018222,50.53
7550424,1018232,53.78
7550424,1018233,85.37
7550424,1018239,42.84
7550424,1018240,60.7
7550424,1018245,89.95
7550424,1018246,56.58
7550424,1018248,51.59
7550424,1018250,37
7550424,1018251,57.58
7550424,1018265,45.04
7550424,1018271,65.66
7550424,1018272,50.27
7550424,1018273,77.33
7550424,1018274,90.56
7550424,1018277,51.84
7550424,1018280,56.97
7550424,1018285,56.79
7550424,1018288,58.93
7550424,1018290,61.58
7550424,1018292,78.49
7550424,1018319,31.6
7550424,1018320,41.13
7550424,1018324,104.33
7550424,1018326,26.97
7550424,1018327,26.38
7550424,1018336,40.22
7550424,1018343,92.37
7550424,1018344,37.33
7550424,1018345,27.52
7550424,1018349,56.91
7550424,1018350,67.58
7550424,1018351,31.93
7550424,1018355,31.57
7550424,1018359,63.22
7550424,1018364,68.23
7550424,1018365,39.65
7550424,1018378,14.18
7550424,1018384,37.44
7550424,1018388,17.07
7550424,1018391,17.39
7550424,1018396,23.67
7550424,1018397,24.42
7550424,1018400,25.71
7550424,1018401,29.13
7550424,1018402,21.94
7550424,1018405,19.76
7550424,1018406,19.66
7550424,1018409,38.48
7550424,1018410,23.6
7550424,1018413,26.95
7550424,1018421,21.99
7550424,1018422,22.18
7550424,1018425,28.9
7550424,1018426,40.78
7550424,1018428,25.17
7550424,1018429,24.92
7550424,1018434,24.03
7550424,1018435,24.14
7550424,1018436,22.16
7550424,1018437,20.27
7550424,1018438,30.12
7550424,1018441,40.33
7550424,1018444,29.42
7550424,1018447,28.85
7550424,1018448,33.05
7550424,1018449,12.49
7550424,1018450,66.46
7550424,1018452,61.27
7550424,1018453,26.46
7550424,1018454,73.22
7550424,1018458,32.44
7550424,1018460,25.71
7550424,1018462,19.7
7550424,1018466,40.24
7550424,1018468,48.03
7550424,1018471,76.73
7550424,1018475,41.45
7550424,1018483,109.93
7550424,1018485,129.43
7550424,1018486,78.27
7550424,1018494,28.73
7550424,1018497,36.09
7550424,1018501,93.23
7550424,1018521,35.4
7550424,1018528,48.84
7550424,1018532,105.76
7550424,1018538,98.19
7550424,1018541,108.3
7550424,1018549,76.42
7550424,1018557,102.04
7550424,1018558,102.83
7550424,1018569,74.83
7550424,1018571,86.87
7550424,1018580,87.91
7550424,1018584,109.2
7550424,1018585,110.82
7550424,1018590,105.64
7550424,1018591,138.77
7550424,1018592,97.4
7550424,1018593,97.34
7550424,1018594,101.32
7550424,1018619,57.69
7550424,1018621,89.38
7550424,1018627,87.88
7550424,1018637,101.03
7550424,1018644,114.54
7550424,1018650,62.38
7550424,1018678,55.1
7550424,1018682,38.78
7550424,1018684,51.14
7550424,1018686,47.15
7550424,1018689,42.18
7550424,1018693,48.83
7550424,1018700,62.48
7550424,1018712,74.42
7550424,1018732,29.99
7550424,1018734,35.49
7550424,1018742,32.14
7550424,1018768,55.19
7550424,1018789,24.5
7550424,1018806,27.59
7550424,1018810,73.08
7550424,1018811,63.98
7550424,1018813,36.93
7550424,1018821,42.2
7550424,1018828,93.93
7550424,1018834,32.14
7550424,1018850,90.65
7550424,1018873,49.98
7550424,1018885,42.51
7550424,1018894,41.95
7550424,1018899,42.83
7550424,1018900,45.31
7550424,1018901,41.03
7550424,1018914,59.62
7550424,1018923,36.5
7550424,1018928,61.15
7550424,1019006,66.43
7550424,1019008,49.98
7550424,1019015,53.39
7550424,1019021,53.39
7550424,1019030,28.34
7550424,1019034,39.84
7550424,1019068,60.63
7550424,1019069,60.63
7550424,1019071,60.63
7550424,1019077,62.8
7550424,1019228,129.76
7550424,1019248,101.64
7550424,1019261,61.57
7550424,1019265,79.62
7550424,1019291,169.29
7550424,1019375,122.56
7550424,1019376,55.14
7550424,1019377,62.14
7550424,1019411,159.14
7550424,1019445,48.26
7550424,1019455,58.18
7550424,1019456,166.95
7550424,1019489,70.56
7550424,1019490,32.84
7550424,1019491,25.98
7550424,1019492,35.98
7550424,1019601,73.68
7550424,1019713,102.62
7550424,1019762,232.22
7550424,1019763,154.74
7550424,1019764,178.96
7550424,1019765,49.55
7550424,1019766,69.12
7550424,1019769,67.71
7550424,1019782,79.1
7550424,1019783,66.82
7550424,1019785,88.02
7550424,1019801,47
7550424,1019802,89.09
7550424,1019807,47
7550424,1019811,61.04
7550424,1019823,41.29
7550424,1019858,75.81
7550424,1019886,27.94
7550424,1019888,25.75
7550424,1019895,247.36
7550424,1019933,28.3
7550424,1019937,23.37
7550424,1019939,28.97
7550424,1019940,28.96
7550424,1019946,23.37
7550424,1019970,65.62
7550424,1019979,81.14
7550424,1020044,141.01
7550424,1020047,112.36
7550424,1020107,86.99
7550424,1020113,88.25
7550424,1020114,104.01
7550424,1020117,96.22
7550424,1020121,130.65
7550424,1020124,80.45
7550424,1020125,83.61
7550424,1020126,87.5
7550424,1020127,77.33
7550424,1020128,84.37
7550424,1020135,112.2
7550424,1020136,84.37
7550424,1020138,87.25
7550424,1020147,117.51
7550424,1020150,127.65
7550424,1020153,108.42
7550424,1020158,53.99
7550424,1020161,156.95
7550424,1020162,37.33
7550424,1020164,41.12
7550424,1020165,41.12
7550424,1020166,21.79
7550424,1020167,24.11
7550424,1020187,91.87
7550424,1020195,59.03
7550424,1020217,96.97
7550424,1020218,98.32
7550424,1020246,96.9
7550424,1020277,37.4
7550424,1020319,94.48
7550424,1020327,59.09
7550424,1020360,205.32
7550424,1020361,409.87
7550424,1020362,284.28
7550424,1020374,153.9
7550424,1020375,107.95
7550424,1020376,107.95
7550424,1020377,55.53
7550424,1020380,79.53
7550424,1020382,98.71
7550424,1020384,77.33
7550424,1020389,80.45
7550424,1020395,121.8
7550424,1020397,167.67
7550424,1020415,74.17
7550424,1020417,54.72
7550424,1020419,37.56
7550424,1020427,117.27
7550424,1020436,55.04
7550424,1020437,42.72
7550424,1020442,89.95
7550424,1020469,46.13
7550424,1020472,67.91
7550424,1020557,46.59
7550424,1020575,57.88
7550424,1020597,74.42
7550424,1020713,117.69
7550424,1020718,120.47
7550424,1020726,24.94
7550424,1020727,24.94
7550424,1020728,30
7550424,1020729,30
7550424,1020730,32.02
7550424,1020731,32.02
7550424,1020742,106.45
7550424,1020749,40.07
7550424,1020761,46.84
7550424,1020762,40.07
7550424,1020763,56.87
7550424,1020764,102.77
7550424,1020770,71.82
7550424,1020772,32.02
7550424,1020773,32.02
7550424,1020774,30
7550424,1020775,30
7550424,1020776,81.15
7550424,1020777,81.15
7550424,1020803,22.79
7550424,1020804,22.79
7550424,1020805,24.32
7550424,1020806,24.32
7550424,1020811,59.21
7550424,1020821,28.3
7550424,1020823,72.59
7550424,1020833,44.79
7550424,1020836,25.19
7550424,1020837,106.91
7550424,1020844,93.2
7550424,1020854,41
7550424,1020860,123.31
7550424,1020865,61.33
7550424,1020866,136.52
7550424,1020867,54.25
7550424,1020868,63.94
7550424,1020956,163.9
7550424,1020979,77.54
7550424,1021004,51.26
7550424,1021017,429.71
7550424,1021085,33.29
7550424,1021104,27.74
7550424,1021150,112.36
7550424,1021203,66.14
7550424,1021205,93.2
7550424,1021206,88.37
7550424,1021214,89.66
7550424,1021250,57.88
7550424,1021252,112.32
7550424,1021256,89.23
7550424,1021262,160.71
7550424,1021275,51.24
7550424,1021281,107.48
7550424,1021283,63.24
7550424,1021284,77.95
7550424,1021288,120.91
7550424,1021298,60.99
7550424,1021300,68.29
7550424,1021303,77.54
7550424,1021304,77.54
7550424,1021305,68.14
7550424,1021307,70.98
7550424,1021313,94.61
7550424,1021314,51.26
7550424,1021318,51.26
7550424,1021319,198.8
7550424,1021321,77.54
7550424,1021325,75.2
7550424,1021339,163.29
7550424,1021348,206.41
7550424,1021352,342.91
7550424,1021388,38.38
7550424,1021429,87.6
7550424,1021431,135.91
7550424,1021457,55.91
7550424,1021459,56.78
7550424,1021466,76.32
7550424,1021496,98.13
7550424,1021512,50.88
7550424,1021522,382.77
7550424,1021526,61.23
7550424,1021531,329.87
7550424,1021584,77.42
7550424,1021587,86.75
7550424,1021588,73.88
7550424,1021717,53.09
7550424,1021718,62.22
7550424,1021724,51.26
7550424,1021769,136.18
7550424,1021815,58.75
7550424,1021818,78.12
7550424,1021820,57.18
7550424,1021822,119.29
7550424,1021864,68.16
7550424,1021867,142.83
7550424,1021959,53.49
7550424,1021996,203.91
7550424,1021997,152.24
7550424,1021998,78.34
7550424,1022022,77.6
7550424,1022116,243.9
7550424,1022135,68.06
7550424,1022148,140.27
7550424,1022235,38.38
7550424,1022236,87.67
7550424,1022297,29.02
7550424,1022298,31.83
7550424,1022320,33.4
7550424,1022326,87.32
7550424,1022357,51.26
7550424,1022358,25.21
7550424,1022375,165.34
7550424,1022389,49.78
7550424,1022419,21.42
7550424,1022420,51.76
7550424,1022428,60.13
7550424,1022429,205.47
7550424,1022431,96.22
7550424,1022433,96.22
7550424,1022434,96.22
7550424,1022439,96.22
7550424,1022440,96.22
7550424,1022441,96.22
7550424,1022443,96.22
7550424,1022444,96.22
7550424,1022447,96.22
7550424,1022449,96.22
7550424,1022450,96.22
7550424,1022452,96.22
7550424,1022454,96.22
7550424,1022455,96.22
7550424,1022473,41.23
7550424,1022484,102.31
7550424,1022485,95.44
7550424,1022498,73.74
7550424,1022500,85.25
7550424,1022501,95.54
7550424,1022504,30.58
7550424,1022514,131.74
7550424,1022545,39.8
7550424,1022554,95.44
7550424,1022625,30.58
7550424,1022695,95.92
7550424,1022715,62.07
7550424,1022732,122.23
7550424,1022733,73.08
7550424,1022734,122.23
7550424,1022740,41.43
7550424,1022759,76.84
7550424,1022769,87.57
7550424,1022784,140.61
7550424,1022786,55.12
7550424,1022814,72.47
7550424,1022816,79.04
7550424,1022833,18.83
7550424,1022838,43.96
7550424,1022840,68.23
7550424,1022982,57.35
7550424,1022996,96.22
7550424,1023033,147.92
7550424,1023034,91.27
7550424,1023035,128.17
7550424,1023036,63.11
7550424,1023038,51.54
7550424,1023039,64.72
7550424,1023040,64.72
7550424,1023041,76.01
7550424,1023043,64.72
7550424,1023044,64.72
7550424,1023051,105.65
7550424,1023052,153.38
7550424,1023059,116.11
7550424,1023065,116.24
7550424,1023070,64.72
7550424,1023083,122.23
7550424,1023085,34.56
7550424,1023107,81.32
7550424,1023113,78.56
7550424,1023117,52.65
7550424,1023118,95.44
7550424,1023155,81.83
7550424,1023166,0.01
7550424,1023169,63.11
7550424,1023172,88.1
7550424,1023174,0.01
7550424,1023179,52.03
7550424,1023198,73.37
7550424,1023210,53.05
7550424,1023211,65.32
7550424,1023213,34.04
7550424,1023232,125.75
7550424,1023247,39.51
7550424,1023248,58.28
7550424,1023249,49.21
7550424,1023298,125.75
7550424,1023301,126.06
7550424,1023331,101.07
7550424,1023348,54.78
7550424,1023354,53.55
7550424,1023355,38.3
7550424,1023358,31.34
7550424,1023365,0.01
7550424,1023366,39.9
7550424,1023407,42.9
7550424,1023422,42.73
7550424,1023431,40.72
7550424,1023439,40.31
7550424,1023451,42.54
7550424,1023462,0.01
7550424,1023467,56.05
7550424,1023494,40.85
7550424,1023523,31.34
7550424,1023543,0.01
7550424,1023545,0.01
7550424,1023589,0.01
7550424,1023590,0.01
7550424,1023645,25.96
7550424,1023646,23.95
7550424,1023656,20.03
7550424,1023666,31.75
7550424,1023667,31.75
7550424,1023674,22.18
7550424,1023718,250.68
7550424,1023729,26.55
7550424,1023746,119.24
7550424,1023787,33.19
7550424,1023862,0.01
7550424,1023871,49.51
7550424,1023872,48.49
7550424,1023913,59.68
7550424,1023935,51.74
7550424,1023940,73.67
7550424,1023969,19.91
7550424,1024044,24.69
7550424,1024115,53.23
7550424,1024138,45.5
7550424,1024213,60.82
7550424,1024263,42.9
7550424,1024269,32.02
7550424,1024270,46.41
7550424,1024373,54.72
7550424,1024412,43.95
7550424,1024419,30.28
7550424,1024424,28.43
7550424,1024425,27.13
7550424,1024571,25.24
7550424,1024575,43.7
7550424,1024579,37.53
7550424,1024589,62.85
7550424,1024594,38.98
7550424,1024606,33.99
7550424,1024808,51.02
7550424,1024896,27.26
7550424,1024935,0.01
7550424,1024936,0.01
7550424,1024938,0.01
7550424,1024940,0.01
7550424,1024967,106.37
7550424,1025019,45.11
7550424,1025025,71.47
7550424,1025056,50.64
7550424,1025197,24.7
7550424,1025199,49.43
7550424,1025235,27.74
7550424,1025243,39.18
7550424,1025416,54.83
7550424,1025423,40.48
7550424,1025424,40.82
7550424,1025657,30.07
7550424,1025686,38.83
7550424,1025729,18.48
7550424,1025732,58.45
7550424,1025733,40.43
7550424,1025734,37.69
7550424,1025735,49.52
7550424,1025736,34.15
7550424,1025737,39.73
7550424,1025746,39.27
7550424,1025790,46.87
7550424,1025815,46.78
7550424,1025945,60.55
7550424,1025946,58.47
7550424,1025970,46.75
7550424,1025976,43.58
7550424,1025977,59.94
7550424,1025990,55.99
7550424,1026128,59.89
7550424,1026166,0.01
7550424,1026167,0.01
7550424,1026168,0.01
7550424,1026188,20.69
7550424,1026190,36.91
7550424,1026191,55.97
7550424,1026192,47.57
7550424,1026249,0.01
7550424,1026994,71.35
7550424,1026999,8.05
7550424,1027321,35.64
7550424,1027640,73.21
7550424,1027780,39.88
7550424,1027939,31.39
7550424,1028021,46.71
7550424,1028106,58.41
7550424,1028374,43.62
7550424,1028816,81.83
7550424,1028986,61.16
7550424,1028991,45.31
7550424,1028994,86.95
7550424,1028996,18.04
7550424,1028999,44.52
7550424,1029007,18.84
7550424,1029015,132.78
7550424,1029016,92.16
7550424,1029020,54.64
7550424,1029032,82.25
7550424,1029033,92.16
7550424,1029042,18.04
7550424,1029044,16.77
7550424,1029045,140.98
7550424,1029046,125.45
7550424,1029047,120.01
7550424,1029062,92.16
7550424,1029063,18.04
7550424,1029064,92.16
7550424,1029067,18.04
7550424,1029068,92.16
7550424,1029069,92.16
7550424,1029077,92.16
7550424,1029079,92.16
7550424,1029085,70.65
7550424,1029086,70.65
7550424,1029094,92.16
7550424,1029107,140.98
7550424,1029110,92.16
7550424,1029111,92.16
7550424,1029117,82.25
7550424,1029120,92.17
7550424,1029122,92.16
7550424,1029128,140.98
7550424,1029129,140.98
7550424,1029135,92.16
7550424,1029136,92.16
7550424,1029141,92.16
7550424,1029142,92.16
7550424,1029144,92.16
7550424,1029146,92.16
7550424,1029147,92.16
7550424,1029161,140.98
7550424,1029168,92.16
7550424,1029170,86.95
7550424,1029172,92.16
7550424,1029174,92.16
7550424,1029179,96.52
7550424,1029180,134.44
7550424,1029189,45.31
7550424,1029190,122.75
7550424,1029205,45.31
7550424,1029206,61.46
7550424,1029207,61.46
7550424,1029208,143.75
7550424,1029223,89.46
7550424,1029224,57.69
7550424,1029248,125.45
7550424,1029270,46.23
7550424,1029272,107.08
7550424,1029275,183.15
7550424,1029278,143.47
7550424,1029279,143.47
7550424,1029280,56.72
7550424,1029281,45.31
7550424,1029282,33.01
7550424,1029284,51.03
7550424,1029285,67.97
7550424,1029287,153.89
7550424,1029304,61.46
7550424,1029307,143.75
7550424,1029308,135.6
7550424,1029319,63.12
7550424,1029340,124.45
7550424,1029356,64.61
7550424,1029360,18.04
7550424,1029475,13.2
7550424,1029476,27.88
7550424,1029480,283.79
7550424,1029484,98.78
7550424,1029490,133.05
7550424,1029504,201.89
7550424,1029510,209.04
7550424,1029527,69.67
7550424,1029528,52.47
7550424,1029542,85.47
7550424,1029595,21.06
7550424,1029604,143.42
7550424,1029613,19.11
7550424,1029615,103.29
7550424,1029618,320.48
7550424,1029634,90.36
7550424,1029692,161.45
7550424,1029694,31.55
7550424,1029695,59.5
7550424,1029696,54.78
7550424,1029697,49.3
7550424,1029700,34.55
7550424,1029701,67.89
7550424,1029704,41.22
7550424,1029705,11.85
7550424,1029711,86.82
7550424,1029725,92.05
7550424,1029727,86.82
7550424,1029735,92.05
7550424,1029737,92.05
7550424,1029738,66.34
7550424,1029747,77.87
7550424,1029759,68.76
7550424,1029765,68.78
7550424,1029768,68.78
7550424,1029769,53.74
7550424,1029770,68.76
7550424,1029772,68.76
7550424,1029774,68.76
7550424,1029778,72.92
7550424,1029780,95.11
7550424,1029785,68.76
7550424,1029786,90
7550424,1029796,86.82
7550424,1029797,68.64
7550424,1029803,68.64
7550424,1029817,68.64
7550424,1029835,50.7
7550424,1029837,53.74
7550424,1029839,50.7
7550424,1029842,53.74
7550424,1029844,53.74
7550424,1029846,50.7
7550424,1029848,50.7
7550424,1029852,50.7
7550424,1029856,50.7
7550424,1029858,53.74
7550424,1029861,50.7
7550424,1029863,53.74
7550424,1029864,53.74
7550424,1029866,53.74
7550424,1029867,60.43
7550424,1029871,44.57
7550424,1029874,34.68
7550424,1029876,31.22
7550424,1029877,43.38
7550424,1029878,36.39
7550424,1029896,60.19
7550424,1029897,66.34
7550424,1029916,148.88
7550424,1029917,137.38
7550424,1029919,66.74
7550424,1029920,65.62
7550424,1029922,65.62
7550424,1029923,87.12
7550424,1029946,74.94
7550424,1029947,80.79
7550424,1029955,44.57
7550424,1029956,44.57
7550424,1029957,44.57
7550424,1029960,80.79
7550424,1029961,80.79
7550424,1029964,80.79
7550424,1029965,80.79
7550424,1029966,80.79
7550424,1029968,80.79
7550424,1029969,80.79
7550424,1029994,53.74
7550424,1029995,53.74
7550424,1030007,80.79
7550424,1030039,125.1
7550424,1030040,125.1
7550424,1030041,118.57
7550424,1030099,80.79
7550424,1030100,80.79
7550424,1030101,80.79
7550424,1030102,80.79
7550424,1030108,148.88
7550424,1030109,44.57
7550424,1030110,44.57
7550424,1030111,44.57
7550424,1030146,87.14
7550424,1030178,44.57
7550424,1030188,65.82
7550424,1030219,50.7
7550424,1030221,90.6
7550424,1030223,53.74
7550424,1030226,44.57
7550424,1030229,44.57
7550424,1030231,44.57
7550424,1030232,44.57
7550424,1030241,85.47
7550424,1030250,90.6
7550424,1030294,80.79
7550424,1030339,86.82
7550424,1030358,32.58
7550424,1030409,44.57
7550424,1030411,44.57
7550424,1030416,174.94
7550424,1030422,90
7550424,1030465,159.1
7550424,1030469,86.82
7550424,1030475,95.27
7550424,1030603,44.41
7550424,1030604,44.41
7550424,1030655,44.41
7550424,1030896,62.33
7550424,1030970,29.71
7550424,1031141,26.73
7550424,1031142,23.84
7550424,1031143,24.58
7550424,1031435,21.88
7550424,1031436,21.83
7550424,1031437,20.15
7550424,1031438,21.62
7550424,1031499,64.55
7550424,1031500,59.71
7550424,1031501,49.13
7550424,1031503,63.46
7550424,1031504,59.45
7550424,1031505,48.43
7550424,1031507,62.39
7550424,1031508,64.04
7550424,1031511,62.47
7550424,1031547,69.1
7550424,1031549,70.2
7550424,1031551,68.26
7550424,1032641,93.75
7550424,1032751,34.81
7550424,1032752,26.07
7550424,1032754,32.24
7550424,1032755,31.39
7550424,1032763,29.44
7550424,1032777,93.75
7550424,1032950,97.58
7550424,1033154,25.99
7550424,1033518,88.19
7550424,1034383,21.83
7550424,1034388,42.54
7550424,1034389,53.95
7550424,1039867,126.7
7550424,1039892,94.33
7550424,1039894,119.07
7550424,1039899,79.69
7550424,1039901,89.49
7550424,1039903,106.19
7550424,1039909,63.53
7550424,1040059,59.17
7550424,1040060,105.58
7550424,1040061,56.15
7550424,1040069,101.71
7550424,1040078,82.47
7550424,1040079,89.91
7550424,1040080,53.18
7550424,1040092,93.18
7550424,1040120,75.82
7550424,1040183,90.15
7550424,1040203,70.13
7550424,1040241,109.64
7550424,1040248,130.33
7550424,1040252,46.53
7550424,1040253,36.06
7550424,1040254,46.59
7550424,1040255,38.36
7550424,1040276,54.71
7550424,1040277,44.23
7550424,1040454,98.2
7550424,1040460,57.84
7550424,1040465,55.66
7550424,1040469,49.74
7550424,1040481,72.67
7550424,1040495,154.41
7550424,1040535,130.09
7550424,1040537,99.59
7550424,1040557,123.72
7550424,1040588,123.72
7550424,1040589,123.72
7550424,1040798,72.85
7550424,1041066,126.21
7550424,1041076,174.8
7550424,1041215,159.85
7550424,1041231,70.79
7550424,1041279,73.17
7550424,1041288,15.69
7550424,1041319,85.74
7550424,1042657,16.58
7550424,1042666,109.39
7550424,1042673,172.02
7550424,1042675,172.02
7550424,1042785,57
7550424,1042842,86.89
7550424,1043125,185.69
7550424,1043133,188.96
7550424,1043171,33.58
7550424,1043174,80.17
7550424,1043261,177.88
7550424,1043269,108.12
7550424,1043308,95.36
7550424,1043312,124.16
7550424,1043316,162.21
7550424,1043332,62.14
7550424,1043363,169.17
7550424,1043367,169.17
7550424,1043399,82.23
7550424,1043401,85.13
7550424,1043403,130.93
7550424,1043454,185.69
7550424,1043461,57.24
7550424,1043467,48.4
7550424,1043661,23.29
7550424,1043662,39.87
7550424,1043981,25.19
7550424,1043983,24.44
7550424,1043985,23.51
7550424,1043986,23.08
7550424,1043989,35.36
7550424,1043990,29.88
7550424,1044047,39.21
7550424,1044050,29.88
7550424,1044051,29.88
7550424,1044053,32.52
7550424,1044054,39.3
7550424,1044056,27.35
7550424,1044058,13.53
7550424,1044059,37.99
7550424,1044060,38.81
7550424,1044064,18.96
7550424,1044068,24.52
7550424,1044069,34.34
7550424,1044070,18.94
7550424,1044073,28.04
7550424,1044074,40.09
7550424,1044075,19.06
7550424,1044076,25.29
7550424,1044080,22.14
7550424,1044084,25.88
7550424,1044445,148.13
7550424,1044455,108
7550424,1044457,46.08
7550424,1044470,140.19
7550424,1044475,41.02
7550424,1044532,85.74
7550424,1044593,159.85
7550424,1044605,30.07
7550424,1044676,28.05
7550424,1044722,46.52
7550424,1044723,61.11
7550424,1044724,44.88
7550424,1044837,85.74
7550424,1044847,44.14
7550424,1044877,61.81
7550424,1044878,59.55
7550424,1044894,63.95
7550424,1044903,92.39
7550424,1045602,41.02
7550424,1045693,20.78
7550424,1045818,29.32
7550424,1045861,46.29
7550424,1045908,43.56
7550424,1045997,29.53
7550424,1045998,43.14
7550424,1045999,57.84
7550424,1046037,24.13
7550424,1046088,64.2
7550424,1046130,38.47
7550424,1046156,88.52
7550424,1046158,66.01
7550424,1046165,74.06
7550424,1046179,121.31
7550424,1046206,38.47
7550424,1046265,40.96
7550424,1046268,50.22
7550424,1046269,72.48
7550424,1046270,80.59
7550424,1046274,78.17
7550424,1046291,241.41
7550424,1046314,19.81
7550424,1046319,24.44
7550424,1046660,23.88
7550424,1046949,63.76
7550424,1047505,99.83
7550424,1047684,12.34
7550424,1047695,12.48
7550424,1047697,11.24
7550424,1047702,8.99
7550424,1047706,39.59
7550424,1047713,13.54
7550424,1047716,32.37
7550424,1047729,17.82
7550424,1047730,30.31
7550424,1047749,13.11
7550424,1047781,30.98
7550424,1047789,31.95
7550424,1047908,38.89
7550424,1047910,36.38
7550424,1047911,39.79
7550424,1047970,28.12
7550424,1047971,30.13
7550424,1047975,35.41
7550424,1047978,38.17
7550424,1048086,19.06
7550424,1048094,18.97
7550424,1048097,13.5
7550424,1048102,30.01
7550424,1048108,20.17
7550424,1048111,24.35
7550424,1048114,33
7550424,1048115,43.77
7550424,1048119,20.92
7550424,1048140,33.19
7550424,1048141,14.46
7550424,1048148,17.68
7550424,1048151,26.22
7550424,1048166,26.65
7550424,1048169,36.73
7550424,1048183,47.69
7550424,1048214,13.58
7550424,1048215,20.6
7550424,1048216,29.44
7550424,1048221,41.22
7550424,1048227,49.36
7550424,1048228,83.17
7550424,1048232,62.79
7550424,1048233,110.81
7550424,1048238,89.05
7550424,1048523,126.9
7550424,1048531,70.52
7550424,1048532,80.28
7550424,1048533,80.02
7550424,1048534,78.57
7550424,1048548,56.61
7550424,1048550,63.84
7550424,1048552,77.16
7550424,1048554,88.1
7550424,1048557,71.72
7550424,1048613,78.47
7550424,1048618,29.87
7550424,1048626,36.05
7550424,1048682,30.41
7550424,1048693,39.43
7550424,1048707,54.56
7550424,1048717,73.48
7550424,1048760,129.49
7550424,1048857,114.39
7550424,1048895,62.9
7550424,1048942,161.72
7550424,1049016,45.6
7550424,1049018,91.21
7550424,1049039,110.91
7550424,1049040,169.17
7550424,1049042,136.5
7550424,1049046,71.03
7550424,1049063,62.8
7550424,1049065,75.53
7550424,1049075,146.6
7550424,1049079,106.62
7550424,1049086,146.6
7550424,1049101,32.71
7550424,1049103,57.92
7550424,1049124,99.51
7550424,1049132,51.9
7550424,1049139,110.35
7550424,1049191,86.58
7550424,1049192,71.86
7550424,1049194,103.05
7550424,1049197,167.09
7550424,1049198,263.78
7550424,1049201,115.27
7550424,1049204,47.51
7550424,1049316,66.71
7550424,1049327,126.04
7550424,1049328,41.77
7550424,1049329,64.66
7550424,1049356,129.14
7550424,1049358,119.56
7550424,1049370,97.2
7550424,1049378,68.73
7550424,1049397,89.96
7550424,1049404,71.38
7550424,1049410,51.37
7550424,1049417,159.14
7550424,1049423,113.41
7550424,1049430,79.62
7550424,1049523,170.68
7550424,1049525,27.76
7550424,1049592,111.78
7550424,1049691,192.36
7550424,1049710,86.66
7550424,1049712,90.12
7550424,1049714,81.46
7550424,1049808,63.22
7550424,1049809,32.55
7550424,1049823,73.34
7550424,1049824,49.51
7550424,1049826,101.95
7550424,1050044,220.79
7550424,1050045,86.55
7550424,1050048,63.57
7550424,1050094,217.07
7550424,1050244,47.11
7550424,1050323,50.05
7550424,1050343,47.07
7550424,1050345,47.01
7550424,1050347,57.73
7550424,1050366,52.3
7550424,1050368,99.97
7550424,1050487,82.73
7550424,1050496,88.36
7550424,1050497,112.85
7550424,1060150,66.05
7550424,1060178,44.04
7550424,1060185,29.13
7550424,1060532,49.51
7550424,1065007,66.05
7550424,1066455,33.68
7550424,1066461,33.68
7550424,1066466,20.21
7550424,1066471,47.08
7550424,1066473,48.95
7550424,1066475,31.45
7550424,1066476,56.62
7550424,1066477,56.62
7550424,1066479,69.9
7550424,1066481,69.9
7550424,1066483,42.84
7550424,1066485,68.35
7550424,1066486,68.35
7550424,1066488,89.1
7550424,1066489,94.02
7550424,1066494,100.86
7550424,1066503,96.95
7550424,1067028,6.4
7550424,1069420,69.11
7550424,1069426,53.47
7550424,1070661,17.04
7550424,1070742,7.99
7550424,1071051,15.59
7550424,1071055,6.56
7550424,1071057,5.02
7550424,1072157,75.97
7550424,1072282,15.59
7550424,1072370,8.69
7550424,1072372,10.32
7550424,1072410,3.12
7550424,1072417,15.59
7550424,1072799,8.1
7550424,1072976,20.93
7550424,1072982,7.18
7550424,1073004,7.55
7550424,1073067,15.59
7550424,1073190,8.1
7550424,1073359,12.46
7550424,1073587,7.37
7550424,1073634,5.84
7550424,1073779,110.65
7550424,1073922,15.59
7550424,1074181,13.66
7550424,1074190,3.19
7550424,1074198,27.89
7550424,1074250,110.8
7550424,1074252,2.12
7550424,1074258,69.18
7550424,1074260,91.62
7550424,1074265,68.82
7550424,1074279,4.82
7550424,1074288,18.7
7550424,1074289,10.46
7550424,1074290,11.5
7550424,1074302,15.44
7550424,1074303,5.09
7550424,1074331,6.04
7550424,1074337,11.06
7550424,1074374,105.91
7550424,1074378,12.66
7550424,1074381,163.94
7550424,1074385,13.66
7550424,1074495,12.52
7550424,1074536,16.32
7550424,1074549,6.69
7550424,1074587,13.66
7550424,1074619,13.66
7550424,1075224,12.4
7550424,1075551,6.32
7550424,1075725,1.17
7550424,1076192,20.02
7550424,1076204,8.65
7550424,1076284,15.49
7550424,1076303,8.18
7550424,1076310,11.16
7550424,1076359,77.83
7550424,1076508,19.24
7550424,1076509,29.1
7550424,1076516,18.91
7550424,1076526,12.56
7550424,1076534,27.28
7550424,1076553,10.48
7550424,1076641,19.93
7550424,1076673,12.25
7550424,1076684,7.51
7550424,1076692,5.7
7550424,1076709,186.6
7550424,1076724,8.63
7550424,1076731,125.97
7550424,1076823,9.48
7550424,1076846,4.62
7550424,1076884,257.24
7550424,1076896,10.18
7550424,1076906,14.33
7550424,1076912,20.04
7550424,1076917,6.26
7550424,1076922,18.95
7550424,1076927,18.79
7550424,1076973,13.82
7550424,1076985,33.51
7550424,1077011,5.35
7550424,1077035,24.35
7550424,1077042,14.47
7550424,1077050,19.23
7550424,1077076,10.09
7550424,1077252,29.8
7550424,1077266,7.53
7550424,1077267,13.2
7550424,1077271,9.74
7550424,1077286,18.74
7550424,1077291,38.19
7550424,1077302,19.26
7550424,1077349,10.09
7550424,1077389,21.99
7550424,1077391,19.19
7550424,1077393,33.51
7550424,1077394,13.44
7550424,1077531,18.95
7550424,1077713,7.32
7550424,1077731,15.92
7550424,1077755,3.47
7550424,1077760,6.68
7550424,1077774,15.15
7550424,1077775,15.77
7550424,1077778,5.36
7550424,1077783,13.12
7550424,1077809,21.25
7550424,1077856,22.25
7550424,1077872,11.18
7550424,1077873,30.3
7550424,1077905,10.25
7550424,1078073,48.32
7550424,1078118,3.61
7550424,1078120,4.32
7550424,1078126,23.15
7550424,1078128,9.64
7550424,1078161,6.74
7550424,1078162,10.87
7550424,1078163,7.9
7550424,1078169,2.57
7550424,1078181,23.39
7550424,1078206,5.98
7550424,1078209,8.97
7550424,1078226,7.1
7550424,1078229,9.44
7550424,1078296,1.5
7550424,1078297,5.6
7550424,1078311,9.23
7550424,1078316,7.03
7550424,1078341,6.64
7550424,1078344,2.36
7550424,1078366,12.78
7550424,1078367,7.66
7550424,1078370,1.34
7550424,1078371,14.74
7550424,1078394,6.56
7550424,1078433,14.09
7550424,1078439,3.01
7550424,1078593,12.46
7550424,1078596,25.58
7550424,1078664,17.87
7550424,1078707,5.28
7550424,1078748,6.87
7550424,1078749,7.33
7550424,1078752,43.89
7550424,1078753,31.35
7550424,1078757,23.73
7550424,1078760,21.78
7550424,1078763,5.57
7550424,1078773,12.23
7550424,1078776,21.13
7550424,1078786,22.3
7550424,1078791,24.92
7550424,1078800,24.92
7550424,1078813,24.3
7550424,1078817,24.35
7550424,1078873,17.33
7550424,1078910,6.85
7550424,1078971,7.03
7550424,1078987,24.69
7550424,1078997,11.12
7550424,1078999,26.89
7550424,1079008,13.77
7550424,1079010,16.7
7550424,1079013,16.36
7550424,1079030,6.86
7550424,1079044,6.85
7550424,1079049,3.92
7550424,1079051,10.01
7550424,1079065,7.88
7550424,1079071,12.17
7550424,1079072,18.82
7550424,1079172,5.11
7550424,1079192,5.34
7550424,1079193,19.52
7550424,1079212,14.3
7550424,1079213,8.7
7550424,1079225,3.67
7550424,1079237,3.55
7550424,1079242,36.85
7550424,1079243,36.85
7550424,1079258,28.78
7550424,1079259,13.36
7550424,1079260,11.77
7550424,1079286,3.7
7550424,1079287,29.47
7550424,1079351,77.81
7550424,1079610,22
7550424,1079826,24.48
7550424,1079881,13.48
7550424,1079909,3.91
7550424,1080069,19.42
7550424,1080121,28.78
7550424,1080374,21
7550424,1080496,12.68
7550424,1080511,32.15
7550424,1080559,14.48
7550424,1080566,14.46
7550424,1080610,23.34
7550424,1080628,17.74
7550424,1080911,13.83
7550424,1080964,17.68
7550424,1081008,17.68
7550424,1081035,22
7550424,1081403,5.7
7550424,1081404,17.07
7550424,1081413,14.62
7550424,1081421,12.54
7550424,1081428,19.76
7550424,1081433,8.82
7550424,1081480,26.95
7550424,1081719,12.68
7550424,1081908,5.43
7550424,1081939,26.59
7550424,1082087,5.25
7550424,1082236,26.1
7550424,1082571,11.02
7550424,1082777,22
7550424,1083079,35
7550424,1083885,31.41
7550424,1093517,0.01
7550424,1093519,0.01
7550424,1093582,8.13
7550424,1093592,91.3
7550424,1115214,95.44
7550424,1115215,95.44
7550424,1115238,17.22
7550424,1115271,16.71
7550424,1115276,16.71
7550424,1115292,5.03
7550424,1115295,9.71
7550424,1115306,1.61
7550424,1115332,11.5
7550424,1115361,8.04
7550424,1115362,3.67
7550424,1115398,15.17
7550424,1115416,46.03
7550424,1115442,14.13
7550424,1115444,54.77
7550424,1115445,15.49
7550424,1115465,24.46
7550424,1115482,103.97
7550424,1115485,99.91
7550424,1115487,207.94
7550424,1115509,67.09
7550424,1115524,38.11
7550424,1115571,97.58
7550424,1115577,35.72
7550424,1115630,39.21
7550424,1115689,46.43
7550424,1115726,24.5
7550424,1115729,49.36
7550424,1115786,16.71
7550424,1115787,15.26
7550424,1115790,2.57
7550424,1115792,37.07
7550424,1115793,38.47
7550424,1115892,51.26
7550424,1115951,9.23
7550424,1115953,9.9
7550424,1115988,2.94
7550424,1115990,47.92
7550424,1116013,17.87
7550424,1116030,57.5
7550424,1116056,48.21
7550424,1116062,2.57
7550424,1116065,181.81
7550424,1116069,8.12
7550424,1116071,2.57
7550424,1116177,12.23
7550424,1116182,12.77
7550424,1116206,40.96
7550424,1116207,157.34
7550424,1116209,87.78
7550424,1116211,28.96
7550424,1116212,2.57
7550424,1116213,1.56
7550424,1116234,49.08
7550424,1116236,2.43
7550424,1116283,185.92
7550424,1116306,20.24
7550424,1116317,31.11
7550424,1116382,1.31
7550424,1116422,8.46
7550424,1116424,5.31
7550424,1116430,22
7550424,1116432,21.55
7550424,1116433,11.87
7550424,1117086,66.59
7550424,1117277,42.81
7550424,1117906,27.7
7550424,1117907,27.7
7550424,1117909,28.04
7550424,1117915,27.7
7550424,1118018,28.04
7550424,1118027,28.04
7550424,1118028,28.04
7550424,1118033,38.23
7550424,1118047,38.23
7550424,1118059,40.01
7550424,1118061,40.01
7550424,1118063,40.01
7550424,1118068,60.3
7550424,1118069,60.3
7550424,1118071,60.3
7550424,1118072,30.93
7550424,1118073,30.93
7550424,1118074,30.93
7550424,1118094,42.75
7550424,1118117,65.97
7550424,1118123,42.81
7550424,1118128,72.81
7550424,1118149,57.48
7550424,1118157,57.48
7550424,1118159,57.48
7550424,1118161,57.48
7550424,1118195,60.3
7550424,1118235,41.66
7550424,1118236,42.81
7550424,1118237,41.66
7550424,1118275,107.98
7550424,1118295,30.52
7550424,1118301,42.81
7550424,1118303,65.97
7550424,1118307,107.98
7550424,1118309,84.25
7550424,1118312,28.98
7550424,1118313,18.16
7550424,1118314,28.98
7550424,1118315,28.98
7550424,1118316,18.16
7550424,1118317,36.33
7550424,1118320,31.97
7550424,1118321,22.93
7550424,1118325,26.1
7550424,1118341,13.53
7550424,1118347,65.97
7550424,1118630,89.32
7550424,1119375,30.11
7550424,1119377,30.11
7550424,1119379,30.11
7550424,1119389,18.16
7550424,1119391,27.7
7550424,1119879,28.39
7550424,1119880,28.39
7550424,1119881,28.39
7550424,1119882,28.39
7550424,1119901,46.61
7550424,1121451,42.75
7550424,1122417,69.73
7550424,1122448,42.28
7550424,1122449,41.66
7550424,1122450,42.28
7550424,1122451,42.28
7550424,1122464,13.7
7550424,1122884,90.08
7550424,1123490,84.79
7550424,1123948,36.63
7550424,1123981,72.1
7550424,1124022,25.42
7550424,1124058,79.87
7550424,1124061,73.19
7550424,1124065,47.42
7550424,1124182,63.7
7550424,1124191,2.67
7550424,1124205,8.42
7550424,1124216,157.99
7550424,1124231,7.26
7550424,1124244,115.49
7550424,1124251,170.62
7550424,1124261,313.08
7550424,1124273,66.13
7550424,1124292,168.88
7550424,1124310,37.76
7550424,1124338,7.71
7550424,1124371,12.94
7550424,1124418,205.47
7550424,1124421,127.08
7550424,1124470,12.63
7550424,1124471,16.69
7550424,1124472,10.01
7550424,1124531,23.04
7550424,1124534,78.41
7550424,1124535,27.84
7550424,1124536,26.89
7550424,1124567,8.64
7550424,1124569,202.72
7550424,1124571,78.41
7550424,1124666,117.04
7550424,1124732,9.63
7550424,1124733,118.98
7550424,1124820,1034.56
7550424,1124821,79.49
7550424,1124842,23.28
7550424,1124843,31.56
7550424,1124859,17.14
7550424,1124899,27.6
7550424,1124905,8.16
7550424,1124924,10.42
7550424,1125013,9.23
7550424,1125014,8.99
7550424,1125022,32.25
7550424,1125150,3.84
7550424,1125172,4.1
7550424,1125187,52.75
7550424,1125200,27.64
7550424,1125201,17.1
7550424,1125211,89.74
7550424,1125269,23.38
7550424,1125270,24.46
7550424,1125315,9.4
7550424,1125321,18.74
7550424,1125334,4.13
7550424,1125451,77.54
7550424,1125480,8.35
7550424,1136491,128.02
7550424,1136519,76.81
7550424,1137631,27.63
7550424,1137787,38.47
7550424,1138054,2.17
7550424,1138055,2.17
7550424,1138073,11.88
7550424,1138075,206.89
7550424,1138080,10.24
7550424,1138098,1.72
7550424,1138102,12.38
7550424,1138103,4.43
7550424,1138104,6.79
7550424,1138105,1.94
7550424,1138116,42.22
7550424,1138135,16.71
7550424,1138136,16.71
7550424,1138138,16.71
7550424,1138142,184.71
7550424,1138145,112.54
7550424,1138154,18.7
7550424,1138158,1.61
7550424,1138219,16.71
7550424,1138238,188.51
7550424,1138239,25.12
7550424,1138262,939.7
7550424,1138297,8.8
7550424,1138299,20.41
7550424,1138300,25.9
7550424,1138301,3.47
7550424,1138302,5.68
7550424,1138305,12.17
7550424,1138306,8.89
7550424,1138307,24.69
7550424,1138308,17.72
7550424,1138364,86.26
7550424,1138365,20.83
7550424,1138366,40.74
7550424,1138367,7.58
7550424,1138369,14.87
7550424,1138371,16.71
7550424,1138386,52.93
7550424,1138421,51.42
7550424,1138447,30.6
7550424,1138470,11.21
7550424,1138471,18.35
7550424,1138485,52.18
7550424,1138497,38.34
7550424,1138498,27.81
7550424,1138503,52.18
7550424,1138529,16.71
7550424,1138544,11.46
7550424,1138626,77.4
7550424,1138644,116.8
7550424,1138672,1.17
7550424,1138681,13.54
7550424,1138683,89.6
7550424,1138687,8.05
7550424,1138689,8.05
7550424,1138706,8.6
7550424,1138818,14.09
7550424,1138946,45.31
7550424,1138987,27.47
7550424,1139040,313.08
7550424,1139041,155.67
7550424,1139107,7.79
7550424,1139204,61.72
7550424,1139220,51.26
7550424,1139392,313.08
7550424,1139399,31.85
7550424,1139444,6.24
7550424,1139446,25.12
7550424,1139473,62.15
7550424,1139500,21.19
7550424,1139515,303.44
7550424,1139518,30.24
7550424,1139534,9.63
7550424,1139574,11.17
7550424,1139629,140.27
7550424,1139713,158.14
7550424,1139734,46.31
7550424,1139747,103.97
7550424,1139921,11.97
7550424,1139922,40.14
7550424,1139926,2.64
7550424,1140001,2.57
7550424,1140079,2.21
7550424,1140411,42.54
7550424,1140417,168.45
7550424,1140478,80.16
7550424,1140551,45.6
7550424,1141087,16.05
7550424,1141208,95.77
7550424,1141222,103.34
7550424,1141378,48.85
7550424,1141508,49.03
7550424,1141518,65.74
7550424,1141573,31.98
7550424,1141725,66.59
7550424,1141891,9.8
7550424,1141893,16.05
7550424,1141934,2.08
7550424,1141944,83.56
7550424,1141987,87.49
7550424,1142084,22
7550424,1142508,0.01
7550424,1142712,0.01
7550424,1142713,0.01
7550424,1142714,0.01
7550424,1143254,107.4
7550424,1143297,67.12
7550424,1143751,11.21
7550424,1143758,7.05
7550424,1143763,157.7
7550424,1143765,139.98
7550424,1143766,35.36
7550424,1143769,48.21
7550424,1143770,29.48
7550424,1143855,85.95
7550424,1143859,154.92
7550424,1143862,44.57
7550424,1143871,90.33
7550424,1143877,41.02
7550424,1143878,40.71
7550424,1143879,50.47
7550424,1143880,53.84
7550424,1143882,53.22
7550424,1143949,37.83
7550424,1143972,63.66
7550424,1143981,57.3
7550424,1143982,127.42
7550424,1144365,48.62
7550424,1144436,116.07
7550424,1144442,35.54
7550424,1144476,74.12
7550424,1144509,139.43
7550424,1144527,54.62
7550424,1144578,139.67
7550424,1144579,154.64
7550424,1144580,136
7550424,1144582,91.97
7550424,1144648,74.51
7550424,1144730,137.53
7550424,1144761,95.69
7550424,1144769,48.73
7550424,1144788,144.49
7550424,1144913,146.62
7550424,1145193,42.84
7550424,1145210,156.48
7550424,1145301,16.86
7550424,1145305,480.26
7550424,1145386,130.28
7550424,1145537,98.91
7550424,1145560,25.92
7550424,1145565,41.24
7550424,1145823,59.45
7550424,1145934,138.13
7550424,1146069,41.65
7550424,1146218,53.22
7550424,1146265,111.79
7550424,1146383,54.44
7550424,1146384,72.51
7550424,1146427,125.1
7550424,1146456,3.61
7550424,1146471,39.18
7550424,1146511,16.93
7550424,1146600,46.61
7550424,1146601,46.61
7550424,1146602,46.61
7550424,1146739,45.08
7550424,1146741,57.19
7550424,1146743,55.07
7550424,1146798,111.21
7550424,1146803,82.87
7550424,1146858,77.49
7550424,1147088,115.29
7550424,1147209,95.94
7550424,1147275,58.18
7550424,1147385,64.24
7550424,1147463,46.49
7550424,1147600,75.57
7550424,1147670,70.38
7550424,1147740,14.17
7550424,1147781,119.32
7550424,1147901,96.53
7550424,1147977,60.66
7550424,1147984,28.7
7550424,1148135,54.12
7550424,1148198,196.38
7550424,1148208,91.12
7550424,1148253,44.57
7550424,1148416,102.24
7550424,1148552,199.55
7550424,1148589,43.24
7550424,1148590,46.43
7550424,1148604,84.97
7550424,1148648,9.63
7550424,1148649,6.55
7550424,1148911,59.32
7550424,1148965,65.87
7550424,1149026,46.37
7550424,1149027,50.03
7550424,1149107,77.75
7550424,1149264,100.79
7550424,1149305,90.14
7550424,1149311,131.32
7550424,1149312,79.56
7550424,1149549,184.7
7550424,1149727,465.14
7550424,1149728,1.56
7550424,1149788,16.05
7550424,1149828,409.04
7550424,1149857,68.35
7550424,1149902,63.31
7550424,1150050,1.6
7550424,1150125,22.62
7550424,1150163,74.36
7550424,1150167,127.59
7550424,1150201,101.83
7550424,1150202,72.86
7550424,1150208,146.35
7550424,1150518,30.31
7550424,1150566,82.35
7550424,1150635,6.38
7550424,1150713,135.72
7550424,1150721,9.75
7550424,1150746,71.66
7550424,1150807,99.17
7550424,1150808,81.32
7550424,1150842,66.69
7550424,1150850,36.69
7550424,1150859,35.64
7550424,1150864,54.76
7550424,1150866,37.56
7550424,1151139,165.97
7550424,1151313,33.68
7550424,1151324,24.94
7550424,1151371,85.82
7550424,1151379,37.82
7550424,1151421,80.3
7550424,1151689,56.55
7550424,1151692,64.95
7550424,1151694,58.31
7550424,1151995,67.23
7550424,1152171,56.23
7550424,1152172,57.71
7550424,1152173,67.06
7550424,1152194,54.84
7550424,1152248,112.78
7550424,1152255,108.28
7550424,1152296,18.95
7550424,1152302,59.84
7550424,1152379,75.63
7550424,1152380,47.79
7550424,1152478,74.53
7550424,1152650,108.74
7550424,1152655,161.16
7550424,1152657,77.75
7550424,1152658,94.36
7550424,1152664,153.89
7550424,1152704,48.68
7550424,1152843,83.46
7550424,1153077,168.88
7550424,1153239,117.95
7550424,1153249,116.25
7550424,1153343,48.86
7550424,1153346,80.81
7550424,1153482,204.33
7550424,1153483,106.59
7550424,1153555,133.82
7550424,1153603,2.64
7550424,1153717,47.01
7550424,1153751,184.41
7550424,1153828,96.82
7550424,1153935,122.89
7550424,1154020,106.45
7550424,1154094,9.61
7550424,1154150,39.41
7550424,1154153,19.34
7550424,1154154,19.34
7550424,1154155,25.97
7550424,1154156,12.73
7550424,1154192,167.33
7550424,1154193,147.56
7550424,1154197,214.91
7550424,1154198,382.59
7550424,1154199,105.17
7550424,1154201,149.79
7550424,1154211,101.24
7550424,1154214,67.23
7550424,1154215,41.65
7550424,1154216,173.02
7550424,1154217,173.02
7550424,1154221,136.79
7550424,1154222,120.38
7550424,1154224,180.47
7550424,1154225,92.9
7550424,1154226,108.03
7550424,1154227,101.67
7550424,1154229,76.1
7550424,1154230,85.32
7550424,1154232,119.97
7550424,1154233,322.1
7550424,1154234,75.57
7550424,1154236,87.26
7550424,1154237,91.1
7550424,1154239,136.1
7550424,1154244,95.49
7550424,1154245,132.05
7550424,1154246,144.92
7550424,1154247,58.53
7550424,1154248,52.53
7550424,1154249,75.81
7550424,1154250,66.43
7550424,1154251,60.19
7550424,1154252,87.32
7550424,1154796,164.09
7550424,1154934,36.65
7550424,1154948,46.53
7550424,1154964,56.27
7550424,1154969,43.07
7550424,1154997,963.19
7550424,1155037,63.54
7550424,1155047,91.25
7550424,1155058,4.47
7550424,1155075,111.85
7550424,1155117,112.68
7550424,1155244,95.26
7550424,1155288,39.88
7550424,1155323,0.01
7550424,1155472,127.42
7550424,1155473,87.73
7550424,1155520,88.6
7550424,1155545,17.68
7550424,1155562,47.84
7550424,1155651,36.5
7550424,1156014,47.24
7550424,1156110,12.37
7550424,1156304,39.98
7550424,1156505,74.17
7550424,1156527,10.81
7550424,1156578,42.14
7550424,1156610,12.65
7550424,1156623,60.53
7550424,1156625,48.54
7550424,1156626,49.49
7550424,1156857,77.54
7550424,1156891,74.71
7550424,1157015,68.67
7550424,1157171,76.76
7550424,1157293,65.65
7550424,1157329,113.63
7550424,1157403,40.67
7550424,1157673,132
7550424,1157744,39.98
7550424,1157859,66.59
7550424,1157863,66.59
7550424,1157865,65.97
7550424,1157886,41.66
7550424,1157895,42.28
7550424,1157897,49.7
7550424,1158081,114.41
7550424,1158086,112.72
7550424,1158111,56.69
7550424,1158210,125.1
7550424,1158241,117.04
7550424,1158246,93.49
7550424,1158449,75.46
7550424,1158715,0.01
7550424,1158863,13.43
7550424,1158895,87.45
7550424,1159075,3.64
7550424,1159082,7.7
7550424,1159169,78.26
7550424,1159297,0.01
7550424,1159332,68.9
7550424,1159335,150.6
7550424,1159356,75.9
7550424,1159396,48.98
7550424,1159401,72.52
7550424,1159454,5.35
7550424,1159561,55.18
7550424,1159628,76.67
7550424,1159779,95.55
7550424,1159814,135.25
7550424,1159841,49.66
7550424,1159956,66.79
7550424,1160247,85.64
7550424,1160282,50.12
7550424,1160427,232.62
7550424,1160428,242.18
7550424,1160429,242.18
7550424,1160430,242.18
7550424,1160608,58.52
7550424,1160674,89.84
7550424,1161068,114.89
7550424,1161554,37.04
7550424,1161571,126.41
7550424,1161572,67.83
7550424,1161706,117.82
7550424,1161713,131.32
7550424,1161802,68.77
7550424,1161803,68.76
7550424,1161931,143.34
7550424,1162073,83
7550424,1162129,9.98
7550424,1162145,64.72
7550424,1162396,69.8
7550424,1162426,20.15
7550424,1162586,48.51
7550424,1162588,47.21
7550424,1162592,76.97
7550424,1162594,78.8
7550424,1162595,34.73
7550424,1162670,50.34
7550424,1162671,56.06
7550424,1162672,42.73
7550424,1162796,1.61
7550424,1162907,8.77
7550424,1162916,51.49
7550424,1162933,58.9
7550424,1162947,12.02
7550424,1163046,206.58
7550424,1163086,105.88
7550424,1163089,47.93
7550424,1163147,32.79
7550424,1163395,69.01
7550424,1163583,3.23
7550424,1163601,117.44
7550424,1163807,47.69
7550424,1163808,53.41
7550424,1163810,56.52
7550424,1163812,61.01
7550424,1163813,42.98
7550424,1164058,83.44
7550424,1164102,229.22
7550424,1164269,47.11
7550424,1164490,66.07
7550424,1164522,175.86
7550424,1164524,36.3
7550424,1164525,209.54
7550424,1164526,246
7550424,1164536,74.03
7550424,1164539,102.54
7550424,1164543,256.9
7550424,1164544,222.09
7550424,1164557,131.74
7550424,1164645,232.62
7550424,1164693,47.27
7550424,1164900,41.24
7550424,1164922,13.66
7550424,1164923,12.05
7550424,1164990,56.49
7550424,1165306,35.43
7550424,1165469,59.78
7550424,1165478,126.36
7550424,1165501,74.99
7550424,1165504,20.66
7550424,1165522,69.7
7550424,1165524,74.83
7550424,1165545,0.01
7550424,1165598,88
7550424,1165673,37.07
7550424,1165681,31.83
7550424,1165730,123.07
7550424,1165747,44.57
7550424,1165787,84.63
7550424,1165961,218.98
7550424,1165965,5.43
7550424,1166143,41.23
7550424,1166182,119.46
7550424,1166358,95.84
7550424,1166394,79.08
7550424,1166396,99.81
7550424,1166397,87.38
7550424,1166398,107
7550424,1166401,118.32
7550424,1166443,46.47
7550424,1166444,7.03
7550424,1166464,73.19
7550424,1166514,44.57
7550424,1166549,15.97
7550424,1166550,78.41
7550424,1166586,88.41
7550424,1166598,118.7
7550424,1166607,130.58
7550424,1166608,119.28
7550424,1166644,8.37
7550424,1166645,36.51
7550424,1166765,11.16
7550424,1166786,48.17
7550424,1166820,79.94
7550424,1166998,48.05
7550424,1167028,95.55
7550424,1167034,131.85
7550424,1167041,47.8
7550424,1167050,76.73
7550424,1167059,13.2
7550424,1167060,11.85
7550424,1167061,27.88
7550424,1167062,39.29
7550424,1167063,49.95
7550424,1167065,105.94
7550424,1167067,291.07
7550424,1167160,200.65
7550424,1167168,77.54
7550424,1167199,90.12
7550424,1167201,104.77
7550424,1167209,50.82
7550424,1167228,4.34
7550424,1167335,168.45
7550424,1167481,83.42
7550424,1167733,10.53
7550424,1167802,27.81
7550424,1167807,72.57
7550424,1167816,41.23
7550424,1167837,139.34
7550424,1167854,44.94
7550424,1167996,81.37
7550424,1167998,152.04
7550424,1168115,123.65
7550424,1168223,56.26
7550424,1168433,118.89
7550424,1168450,37.97
7550424,1168501,51.82
7550424,1168669,41.23
7550424,1168670,41.23
7550424,1168707,41.23
7550424,1168765,96.22
7550424,1168789,81.79
7550424,1168793,81.79
7550424,1168795,95.78
7550424,1168799,118.98
7550424,1168872,42.75
7550424,1169052,53.4
7550424,1169055,49.75
7550424,1169059,120.66
7550424,1169154,41.23
7550424,1169155,41.23
7550424,1169156,41.23
7550424,1169157,41.23
7550424,1169158,41.23
7550424,1169159,38.88
7550424,1169160,41.23
7550424,1169161,41.23
7550424,1169162,41.23
7550424,1169163,135.05
7550424,1169164,41.23
7550424,1169165,41.23
7550424,1169166,41.23
7550424,1169167,41.23
7550424,1169169,41.25
7550424,1169170,41.23
7550424,1169171,41.23
7550424,1169182,96.22
7550424,1169185,96.22
7550424,1169186,96.22
7550424,1169190,96.22
7550424,1169191,96.22
7550424,1169192,96.22
7550424,1169202,45.16
7550424,1169204,55.88
7550424,1169209,136.57
7550424,1169210,107.6
7550424,1169231,95.16
7550424,1169233,50.7
7550424,1169234,53.74
7550424,1169238,90.38
7550424,1169239,53.74
7550424,1169261,32.54
7550424,1169262,34.14
7550424,1169263,29.21
7550424,1169264,38
7550424,1169265,57.37
7550424,1169266,54.56
7550424,1169278,69.12
7550424,1169651,41.12
7550424,1169748,54.16
7550424,1169824,60.42
7550424,1169835,114.35
7550424,1169860,25.19
7550424,1169868,25.48
7550424,1169869,32.29
7550424,1169870,39.99
7550424,1169871,37.94
7550424,1169872,48.54
7550424,1170066,234.05
7550424,1170162,12.75
7550424,1170292,46.27
7550424,1170293,106.76
7550424,1170378,152.82
7550424,1170384,56.58
7550424,1170538,61.42
7550424,1170539,67.94
7550424,1170687,43.49
7550424,1170742,44.98
7550424,1170754,71.88
7550424,1170811,125.1
7550424,1170827,8.53
7550424,1170830,45.98
7550424,1170851,15.89
7550424,1170852,205.47
7550424,1170874,38.47
7550424,1170876,38.47
7550424,1170879,38.47
7550424,1170881,38.47
7550424,1170885,91.31
7550424,1170887,57.78
7550424,1170994,5.68
7550424,1171109,72.99
7550424,1171130,75.82
7550424,1171821,70.73
7550424,1172018,82.61
7550424,1172188,134.47
7550424,1172197,36.36
7550424,1172198,38.29
7550424,1172200,47.11
7550424,1172201,38.29
7550424,1172202,28.22
7550424,1172233,0.01
7550424,1172241,43.22
7550424,1172407,1.6
7550424,1172431,102.86
7550424,1172608,41.75
7550424,1172628,4.45
7550424,1172662,47.4
7550424,1172697,20.66
7550424,1172752,23.67
7550424,1172801,22.79
7550424,1172884,126.58
7550424,1173036,50.86
7550424,1173194,138.19
7550424,1173218,59.43
7550424,1173226,53.03
7550424,1173430,2.64
7550424,1173459,142.15
7550424,1173467,99.87
7550424,1173683,36.05
7550424,1173902,73.09
7550424,1173943,23.88
7550424,1174006,9.5
7550424,1174014,51.26
7550424,1174659,12.68
7550424,1174753,57.78
7550424,1174847,88.95
7550424,1175161,77.56
7550424,1175285,40.01
7550424,1175286,58.05
7550424,1175287,88.17
7550424,1175338,101.03
7550424,1175378,5.86
7550424,1175525,0.01
7550424,1175535,85.05
7550424,1175680,179.05
7550424,1175724,106.8
7550424,1175778,42.54
7550424,1175789,117.63
7550424,1175924,29.62
7550424,1175944,36.61
7550424,1175949,25.4
7550424,1176135,48.84
7550424,1176136,70.67
7550424,1176411,81.86
7550424,1176524,75.18
7550424,1176734,22.39
7550424,1176807,99.43
7550424,1176858,17.68
7550424,1177035,55.74
7550424,1177075,213.9
7550424,1177105,61.75
7550424,1177122,62.73
7550424,1177123,32.14
7550424,1177124,38.92
7550424,1177175,39.72
7550424,1177180,45.8
7550424,1177264,163.22
7550424,1177354,116.15
7550424,1177392,90.36
7550424,1177501,156.65
7550424,1177528,67.54
7550424,1177590,48.71
7550424,1177596,160.68
7550424,1177752,147.96
7550424,1178770,149.37
7550424,1179444,318.3
7550424,1179704,45.95
7550424,1179791,25.07
7550424,1179793,45.02
7550424,1179796,112.52
7550424,1179797,32
7550424,1179798,58.21
7550424,1179799,129.99
7550424,1179801,65.45
7550424,1179802,65.45
7550424,1179803,65.45
7550424,1179804,85.23
7550424,1179805,70.13
7550424,1179923,45.81
7550424,1179924,40.07
7550424,1179955,31.45
7550424,1179956,50.72
7550424,1180084,140.55
7550424,1180506,41.65
7550424,1180514,65.47
7550424,1180617,0.01
7550424,1180814,120.37
7550424,1180816,82.5
7550424,1181009,61.13
7550424,1181139,85.45
7550424,1181141,45.15
7550424,1181143,45.15
7550424,1181144,38.99
7550424,1181146,38.99
7550424,1181279,60.61
7550424,1181527,67.68
7550424,1181528,67.68
7550424,1181600,0.01
7550424,1181619,50.88
7550424,1181784,67.68
7550424,1181785,67.68
7550424,1182245,76.28
7550424,1182586,33.73
7550424,1183371,122.9
7550424,1183567,146.37
7550424,1183569,1335.95
7550424,1183699,63.35
7550424,1183739,50.12
7550424,1183751,52.12
7550424,1183752,52.12
7550424,1183805,89.92
7550424,1183806,91.34
7550424,1183808,95.5
7550424,1183820,97.36
7550424,1183860,51.26
7550424,1183956,5.02
7550424,1184012,14.48
7550424,1184020,84.36
7550424,1184037,144.74
7550424,1184680,97.35
7550424,1184781,140.06
7550424,1184784,67.96
7550424,1184823,0.01
7550424,1184824,157.92
7550424,1184843,61.12
7550424,1184871,98.02
7550424,1184888,50.28
7550424,1184890,135.34
7550424,1184891,56.78
7550424,1184983,9.91
7550424,1185108,71.21
7550424,1185119,1335.95
7550424,1185188,53.99
7550424,1185284,101.14
7550424,1185465,45.51
7550424,1185724,203.01
7550424,1185826,111.33
7550424,1185922,80.19
7550424,1186172,98.3
7550424,1188342,44.22
7550424,1188344,32.24
7550424,1188573,63.07
7550424,1189120,57.5
7550424,1189235,28.12
7550424,1189236,28.12
7550424,1189237,44.13
7550424,1189238,29.12
7550424,1189292,187.8
7550424,1189293,187.8
7550424,1189294,187.8
7550424,1189296,24.87
7550424,1189297,25.22
7550424,1189298,48.48
7550424,1189299,62.78
7550424,1189318,48.97
7550424,1189347,24.08
7550424,1189395,58.21
7550424,1189396,58.21
7550424,1189400,84.31
7550424,1189401,76.3
7550424,1189404,57.52
7550424,1189407,47.11
7550424,1189409,27.36
7550424,1189410,23.37
7550424,1189524,91.05
7550424,1190465,89.57
7550424,1191234,106.92
7550424,1191280,95.5
7550424,1191282,36.09
7550424,1191321,42.41
7550424,1191379,35.67
7550424,1191410,53.63
7550424,1192169,70.29
7550424,1192176,67.67
7550424,1192320,42.57
7550424,1192322,40.78
7550424,1192323,45.12
7550424,1192324,44.86
7550424,1192325,49.38
7550424,1192326,49.35
7550424,1192327,91.34
7550424,1192328,96.52
7550424,1192329,48.09
7550424,1192337,29.45
7550424,1192338,59.67
7550424,1194000,25.42
7550424,1194196,57.98
7550424,1194381,50.12
7550424,1194621,150.8
7550424,1194894,43.61
7550424,1196325,2.19
7550424,1196326,1.5
7550424,1196327,2.08
7550424,1196328,3.4
7550424,1196332,3.16
7550424,1196335,76.12
7550424,1196336,55.65
7550424,1196337,22
7550424,1196338,8.37
7550424,1196627,98.61
7550424,1196645,16.12
7550424,1196682,103.17
7550424,1196801,4.27
7550424,1196807,6.16
7550424,1196808,7.67
7550424,1196810,14.23
7550424,1196814,3.47
7550424,1196815,2.64
7550424,1196821,2.32
7550424,1196861,48.26
7550424,1196903,3.82
7550424,1196904,114.14
7550424,1196907,5.17
7550424,1196908,2.86
7550424,1196911,6.52
7550424,1197144,71.11
7550424,1197418,104.04
7550424,1197722,51.67
7550424,1197746,69.58
7550424,1197812,71.35
7550424,1197909,124.51
7550424,1198215,0.01
7550424,1198621,117.36
7550424,1198898,38.34
7550424,1198974,23.67
7550424,1198984,116.16
7550424,1199280,87.99
7550424,1199773,70.25
7550424,1199789,125.12
7550424,1199800,125.12
7550424,1199980,32.75
7550424,1200182,21.85
7550424,1200254,19.47
7550424,1200299,74.06
7550424,1200518,102.19
7550424,1200588,119.4
7550424,1200639,74.6
7550424,1200750,66.22
7550424,1200846,111.03
7550424,1201101,5.09
7550424,1201107,30.08
7550424,1201249,0.01
7550424,1201457,25.69
7550424,1201481,39
7550424,1201682,24.34
7550424,1201717,297.38
7550424,1201743,53.85
7550424,1202532,86.22
7550424,1202622,7.09
7550424,1202644,106.92
7550424,1202671,97
7550424,1202687,68.33
7550424,1202711,56.39
7550424,1202729,4.77
7550424,1202744,77.33
7550424,1202838,90.35
7550424,1202839,93.04
7550424,1202840,22.24
7550424,1202853,99.86
7550424,1203005,123.72
7550424,1203044,85.48
7550424,1203171,60.23
7550424,1203282,0.01
7550424,1203333,29.21
7550424,1203405,90.33
7550424,1203456,90.67
7550424,1203458,99.6
7550424,1203597,41.95
7550424,1203897,42.81
7550424,1204036,25.69
7550424,1204149,0.01
7550424,1204262,112.52
7550424,1204263,112.52
7550424,1204320,39.43
7550424,1204643,152.05
7550424,1204731,58.18
7550424,1204734,58.18
7550424,1204907,66.71
7550424,1204909,26.48
7550424,1204939,47.11
7550424,1205048,10
7550424,1205082,25.42
7550424,1205162,61.28
7550424,1205367,44.57
7550424,1205617,73.32
7550424,1205708,105.94
7550424,1205709,236.48
7550424,1205710,726.76
7550424,1205967,19.3
7550424,1205968,0.01
7550424,1206016,77.69
7550424,1206116,38.26
7550424,1206120,97.23
7550424,1206169,49.52
7550424,1206355,76.22
7550424,1206520,0.01
7550424,1206676,136.16
7550424,1206683,19.91
7550424,1206707,46.19
7550424,1206708,24.79
7550424,1206709,51.72
7550424,1206810,73.47
7550424,1206881,78.05
7550424,1206893,576.31
7550424,1206914,65.81
7550424,1206948,38.87
7550424,1206955,42.98
7550424,1206958,33.01
7550424,1206969,111.03
7550424,1206971,51.37
7550424,1206972,84.49
7550424,1207013,166.22
7550424,1207014,208.45
7550424,1207028,122.46
7550424,1207040,97.38
7550424,1207041,37.95
7550424,1207099,92.06
7550424,1207126,30.52
7550424,1207146,151.43
7550424,1207158,40.42
7550424,1207160,221.13
7550424,1207191,76.22
7550424,1207193,92.94
7550424,1207206,107.42
7550424,1207250,165.11
7550424,1207251,209.93
7550424,1207252,142.55
7550424,1207271,73.57
7550424,1207272,75.06
7550424,1207273,75.29
7550424,1207276,120.24
7550424,1207304,23.13
7550424,1207345,22.21
7550424,1207372,118.19
7550424,1207381,72.06
7550424,1207444,73.66
7550424,1207449,92.89
7550424,1207451,122.72
7550424,1207452,110.42
7550424,1207453,90.03
7550424,1207487,32.79
7550424,1207489,44.41
7550424,1207490,44.41
7550424,1207516,94.91
7550424,1207577,40.83
7550424,1207580,62.24
7550424,1207582,100.69
7550424,1207607,148.27
7550424,1207663,114.89
7550424,1207669,54.72
7550424,1207788,14.39
7550424,1207791,169.73
7550424,1207828,90.03
7550424,1207891,18.73
7550424,1207961,123.5
7550424,1207962,85.84
7550424,1208137,65.74
7550424,1208160,134.93
7550424,1208226,456.44
7550424,1208237,106.89
7550424,1208251,168.63
7550424,1208299,110.52
7550424,1208300,90.03
7550424,1208301,69.62
7550424,1208326,91
7550424,1208352,90.81
7550424,1208364,83.44
7550424,1208456,96.15
7550424,1208459,137.84
7550424,1208550,156.66
7550424,1208579,98.9
7550424,1208614,110.52
7550424,1208617,232.62
7550424,1208635,41.39
7550424,1208636,22.7
7550424,1208640,65.1
7550424,1208647,133.35
7550424,1208691,183.06
7550424,1208697,62.15
7550424,1208760,313.08
7550424,1208819,125.97
7550424,1208828,78.52
7550424,1208831,146.65
7550424,1208832,154.7
7550424,1208833,182.64
7550424,1208886,44.41
7550424,1208888,39.51
7550424,1208889,71.36
7550424,1208897,76.32
7550424,1208956,49.24
7550424,1208994,172.21
7550424,1208996,133.17
7550424,1209001,42.7
7550424,1209044,56.02
7550424,1209100,0.01
7550424,1209363,60.19
7550424,1209415,98.74
7550424,1209417,115.14
7550424,1209453,241.71
7550424,1209454,128.39
7550424,1209455,174.44
7550424,1209638,109.36
7550424,1209665,79.56
7550424,1209858,60.99
7550424,1209952,54.45
7550424,1209955,90.07
7550424,1210319,66.17
7550424,1210459,122.04
7550424,1210461,8.13
7550424,1210463,0.01
7550424,1210467,0.01
7550424,1210469,0.01
7550424,1210511,115.13
7550424,1210575,87.64
7550424,1210599,61.74
7550424,1210600,43.38
7550424,1210611,67.98
7550424,1210640,136.56
7550424,1210659,55.57
7550424,1210751,54.95
7550424,1210752,55.18
7550424,1210775,0.01
7550424,1210784,44.8
7550424,1210803,120.07
7550424,1210820,177.91
7550424,1210829,86.72
7550424,1210830,32.79
7550424,1210838,46.14
7550424,1210871,123.83
7550424,1210873,107.65
7550424,1211180,74.94
7550424,1211196,92.94
7550424,1211300,58.75
7550424,1211324,125.49
7550424,1211423,77.18
7550424,1211440,75.56
7550424,1211623,68.42
7550424,1211737,146.42
7550424,1211738,193.81
7550424,1211893,33.75
7550424,1211894,33.75
7550424,1211903,41.87
7550424,1211917,41.26
7550424,1211927,223.23
7550424,1211958,38.12
7550424,1211968,64.01
7550424,1212777,35.09
7550424,1213112,21
7550424,1213185,45.6
7550424,1213241,56.91
7550424,1213347,76.45
7550424,1213356,183.32
7550424,1213488,116.22
7550424,1213593,41.82
7550424,1213847,123.14
7550424,1213896,38.87
7550424,1213898,38.87
7550424,1213935,134.1
7550424,1214048,41.05
7550424,1214233,3.98
7550424,1214239,124.77
7550424,1214250,223.23
7550424,1214255,203.67
7550424,1214440,43.29
7550424,1214477,46.14
7550424,1214605,162.12
7550424,1214651,55.27
7550424,1214823,48.45
7550424,1214966,164.76
7550424,1215001,41.05
7550424,1215002,41.05
7550424,1215272,49.86
7550424,1215580,62.8
7550424,1215604,42.51
7550424,1215681,76.22
7550424,1215734,76.2
7550424,1215920,162.49
7550424,1215978,96
7550424,1216042,40.41
7550424,1216120,106.8
7550424,1216231,40.39
7550424,1216242,21
7550424,1216258,49.66
7550424,1216425,99.07
7550424,1216442,0.01
7550424,1216627,28.75
7550424,1216722,0.01
7550424,1216807,156.66
7550424,1216824,0.01
7550424,1216873,147.96
7550424,1216950,116.46
7550424,1217026,203.68
7550424,1217041,0.01
7550424,1217519,50.65
7550424,1217573,133.21
7550424,1217711,107.63
7550424,1217757,19.93
7550424,1217933,125.58
7550424,1218038,107.52
7550424,1218041,52.87
7550424,1218145,76.22
7550424,1218269,151.63
7550424,1218555,75.82
7550424,1218835,89.52
7550424,1218860,95.22
7550424,1218900,77.77
7550424,1218901,75.53
7550424,1218938,111.51
7550424,1219128,203.67
7550424,1219675,50.58
7550424,1219699,57.62
7550424,1219736,202.16
7550424,1219743,118.19
7550424,1220219,76.22
7550424,1220221,19.42
7550424,1220368,84.44
7550424,1220552,83.18
7550424,1220604,153.89
7550424,1220790,41.49
7550424,1220796,75.98
7550424,1220871,63.47
7550424,1220890,73.99
7550424,1220948,43.16
7550424,1221085,143.64
7550424,1221182,59.55
7550424,1221255,0.01
7550424,1221316,107.42
7550424,1221511,21
7550424,1221782,55
7550424,1221963,118.72
7550424,1222120,133.37
7550424,1222153,32.7
7550424,1222223,57.44
7550424,1222301,130.72
7550424,1222392,32.95
7550424,1222477,9.68
7550424,1222492,50.62
7550424,1222541,21.59
7550424,1222635,42.92
7550424,1222658,24.48
7550424,1222994,46.6
7550424,1223342,65.36
7550424,1223350,122.99
7550424,1223384,139.52
7550424,1223564,107.07
7550424,1223952,7.76
7550424,1224171,51.15
7550424,1224222,207.65
7550424,1224926,51.84
7550424,1225139,74.81
7550424,1225248,97.62
7550424,1225289,121.69
7550424,1225339,36.65
7550424,1225342,64.21
7550424,1225450,105.69
7550424,1225646,77.33
7550424,1225710,122.28
7550424,1226066,15.51
7550424,1226068,77.99
7550424,1226191,207.65
7550424,1226217,0.01
7550424,1226515,12.36
7550424,1226642,185.62
7550424,1226683,96.49
7550424,1226685,116.75
7550424,1226686,69.62
7550424,1226687,71.78
7550424,1226688,123.81
7550424,1226689,116.75
7550424,1226690,57.41
7550424,1226691,94.44
7550424,1226694,92.15
7550424,1226696,126
7550424,1226697,77.89
7550424,1226698,99.19
7550424,1226699,84.66
7550424,1226700,75.03
7550424,1226754,44.77
7550424,1226884,202.72
7550424,1226891,2.64
7550424,1226989,130.24
7550424,1227049,119.06
7550424,1227108,77.22
7550424,1227432,28.93
7550424,1227654,89.98
7550424,1227782,43.02
7550424,1227784,48.85
7550424,1227838,100.8
7550424,1227859,90.37
7550424,1227992,84.09
7550424,1228201,84.67
7550424,1228379,144.74
7550424,1228436,72.51
7550424,1228474,5.63
7550424,1228700,76.9
7550424,1228806,218.22
7550424,1228808,335.72
7550424,1228884,21.7
7550424,1228974,71.71
7550424,1229006,79.99
7550424,1229163,74.26
7550424,1229301,84.65
7550424,1229355,35.71
7550424,1229375,76.67
7550424,1229474,132.86
7550424,1229502,22.42
7550424,1229683,32.7
7550424,1229763,40.97
7550424,1229916,78.67
7550424,1229969,30.58
7550424,1229982,114.58
7550424,1230017,152.04
7550424,1230272,177.86
7550424,1230615,73.91
7550424,1230664,21.52
7550424,1230754,207.65
7550424,1230839,127.35
7550424,1230962,35.63
7550424,1230970,67.85
7550424,1231037,207.65
7550424,1231085,65.51
7550424,1231086,59.96
7550424,1231119,84.33
7550424,1231225,46.65
7550424,1231257,40.33
7550424,1231329,93.18
7550424,1231364,63.72
7550424,1231399,32.44
7550424,1231701,66.43
7550424,1231737,25.07
7550424,1231803,90.98
7550424,1231818,83.85
7550424,1231845,43.13
7550424,1231899,139.52
7550424,1231906,0.01
7550424,1232016,140.29
7550424,1232142,101.47
7550424,1232171,153.48
7550424,1232451,34.04
7550424,1232532,67.35
7550424,1232554,101.13
7550424,1232555,207.71
7550424,1232562,34.65
7550424,1232611,92.45
7550424,1232616,81.92
7550424,1232896,59.38
7550424,1232961,27.64
7550424,1233016,41.03
7550424,1233026,119.52
7550424,1233153,181.81
7550424,1233261,7.37
7550424,1233272,35.61
7550424,1233395,60.47
7550424,1233396,56.09
7550424,1233398,43.72
7550424,1233399,54.67
7550424,1233405,40.78
7550424,1233406,57.66
7550424,1233407,69.69
7550424,1233408,139.85
7550424,1233520,79.56
7550424,1233805,123.26
7550424,1233816,109.48
7550424,1233823,96.11
7550424,1233900,223.23
7550424,1233955,55.53
7550424,1233982,137.79
7550424,1234113,37.97
7550424,1234326,32.53
7550424,1234406,93.06
7550424,1234469,92.94
7550424,1234865,97.81
7550424,1234871,45.5
7550424,1234884,113.74
7550424,1234898,27.87
7550424,1234944,77.54
7550424,1235018,38.38
7550424,1235121,68.55
7550424,1235265,90.93
7550424,1235343,54.08
7550424,1235391,10.06
7550424,1235522,233.74
7550424,1235633,35.99
7550424,1235640,38.88
7550424,1235642,55.2
7550424,1235861,61.41
7550424,1235886,53.62
7550424,1235922,107.08
7550424,1236025,34.06
7550424,1236054,7.26
7550424,1236150,58.1
7550424,1236151,38.09
7550424,1236238,17.14
7550424,1236283,35.71
7550424,1236307,5.66
7550424,1236317,12.92
7550424,1236351,70.6
7550424,1236432,141.18
7550424,1236433,102.58
7550424,1236434,91.81
7550424,1236468,60.63
7550424,1236509,181.76
7550424,1237249,73.61
7550424,1237253,10.89
7550424,1237255,56.41
7550424,1237257,123.89
7550424,1237279,13.66
7550424,1237281,55.69
7550424,1237284,84.33
7550424,1237420,51.79
7550424,1237811,136.67
7550424,1237868,207.65
7550424,1237939,74.12
7550424,1237954,65.22
7550424,1238016,42.73
7550424,1238044,0.01
7550424,1238079,45.43
7550424,1238210,44.31
7550424,1238250,33.06
7550424,1238393,47.74
7550424,1238421,203.67
7550424,1238609,0.01
7550424,1238619,183.75
7550424,1238624,19.34
7550424,1238706,36.88
7550424,1238746,72.19
7550424,1238797,87.08
7550424,1238821,161.67
7550424,1239237,46.9
7550424,1239697,47.4
7550424,1239734,159.64
7550424,1239758,38.87
7550424,1239762,136.29
7550424,1239794,99.91
7550424,1239813,0.97
7550424,1239820,88.18
7550424,1240058,173.09
7550424,1240070,84.44
7550424,1240173,132.18
7550424,1240305,88
7550424,1240308,17.78
7550424,1240373,46.59
7550424,1240480,59.55
7550424,1240488,175.86
7550424,1240665,45.98
7550424,1240741,34.51
7550424,1240934,32.79
7550424,1240935,32.79
7550424,1240937,32.79
7550424,1241020,90.12
7550424,1241028,89.38
7550424,1241083,117.85
7550424,1241177,63.64
7550424,1241241,65.01
7550424,1241489,38.71
7550424,1241495,63.23
7550424,1241496,63.23
7550424,1241497,25.81
7550424,1241499,50.62
7550424,1241532,56.77
7550424,1241620,69.4
7550424,1241741,181.76
7550424,1241766,99.14
7550424,1241949,5.54
7550424,1241984,124.5
7550424,1242143,0.01
7550424,1242205,111.22
7550424,1242228,135.05
7550424,1242344,20.41
7550424,1242388,102.74
7550424,1242391,80.59
7550424,1242432,109.36
7550424,1242639,59.85
7550424,1242655,136.04
7550424,1242669,0.01
7550424,1243086,45.75
7550424,1243107,0.01
7550424,1243113,77.92
7550424,1243129,105.75
7550424,1243222,32.56
7550424,1243294,82.92
7550424,1243660,136.56
7550424,1243704,38.38
7550424,1243825,83.19
7550424,1243969,118.61
7550424,1244087,126.99
7550424,1244089,31.37
7550424,1244130,37.48
7550424,1244146,41.57
7550424,1244183,42.56
7550424,1244225,109.36
7550424,1244242,94.57
7550424,1244261,59.42
7550424,1244262,59.42
7550424,1244263,59.42
7550424,1244264,59.42
7550424,1244349,141.5
7550424,1244355,118.41
7550424,1244423,15.44
7550424,1244725,59.55
7550424,1244778,77.79
7550424,1244800,39.61
7550424,1244908,93.56
7550424,1245105,40.96
7550424,1245218,51.71
7550424,1245220,24.06
7550424,1245221,37.85
7550424,1245429,106.98
7550424,1245581,69.94
7550424,1246013,66.56
7550424,1246075,8.13
7550424,1246152,85.34
7550424,1246155,54.03
7550424,1246222,53.56
7550424,1246278,99.12
7550424,1246354,63.28
7550424,1246402,49.71
7550424,1246521,123.03
7550424,1246647,11.16
7550424,1247338,56.63
7550424,1247453,99.8
7550424,1247454,111.75
7550424,1247507,68.13
7550424,1247509,44.08
7550424,1247565,63.53
7550424,1247712,93.12
7550424,1247735,0.01
7550424,1247743,98.9
7550424,1247762,28.5
7550424,1247763,55.85
7550424,1247765,44.17
7550424,1247812,17.09
7550424,1247881,84.44
7550424,1247930,159.64
7550424,1248032,71.37
7550424,1248076,27.35
7550424,1248219,147.96
7550424,1248224,0.01
7550424,1248321,47.11
7550424,1248453,81.79
7550424,1248480,62.04
7550424,1248764,112.36
7550424,1248799,61.59
7550424,1248955,134.99
7550424,1248963,22.23
7550424,1249192,15.68
7550424,1249374,22.79
7550424,1249380,53.5
7550424,1249975,36.33
7550424,1249995,204.64
7550424,1250056,51.62
7550424,1250059,39.95
7550424,1250579,40.66
7550424,1250581,1.6
7550424,1250603,167.91
7550424,1250630,53.89
7550424,1250658,55.42
7550424,1250663,1.54
7550424,1250758,137.04
7550424,1250838,60.99
7550424,1250868,37.11
7550424,1251118,122.78
7550424,1251288,109.79
7550424,1251299,55.06
7550424,1251308,84.33
7550424,1251342,44.05
7550424,1251343,60.23
7550424,1251344,0.01
7550424,1251615,95.39
7550424,1251616,95.39
7550424,1251617,95.39
7550424,1251625,89.49
7550424,1251679,181.12
7550424,1251971,99.08
7550424,1252050,7.26
7550424,1252052,38.88
7550424,1252140,115.73
7550424,1252235,76.26
7550424,1252348,67.04
7550424,1252669,65.88
7550424,1252697,67.86
7550424,1252710,2.46
7550424,1252711,20.91
7550424,1253242,7.26
7550424,1253248,7.26
7550424,1253304,5.66
7550424,1253475,90.75
7550424,1253560,78.04
7550424,1253732,34.33
7550424,1253749,69.28
7550424,1253814,81.72
7550424,1253931,110.94
7550424,1254081,12.22
7550424,1254516,80.42
7550424,1254782,41.17
7550424,1254783,45.22
7550424,1254784,47.36
7550424,1254785,41.02
7550424,1254786,42.75
7550424,1254789,34.98
7550424,1254791,41.66
7550424,1254792,56.63
7550424,1254794,67.02
7550424,1254795,45.23
7550424,1254796,46.12
7550424,1254797,79.82
7550424,1254800,75.81
7550424,1254813,112.93
7550424,1254856,99.65
7550424,1254861,126.04
7550424,1254866,270.09
7550424,1254947,81.08
7550424,1254948,51.79
7550424,1254951,40.87
7550424,1254953,35.52
7550424,1254967,47.22
7550424,1254968,53.99
7550424,1254970,54.21
7550424,1254975,35.37
7550424,1254985,71.93
7550424,1254989,38.72
7550424,1255081,166.35
7550424,1255178,38.82
7550424,1255210,39.45
7550424,1255263,35.04
7550424,1255356,4.77
7550424,1255688,70.72
7550424,1256059,0.01
7550424,1256082,183.06
7550424,1256156,939.7
7550424,1256321,57.2
7550424,1256364,106.6
7550424,1256529,2.54
7550424,1256898,44.45
7550424,1256900,55.63
7550424,1256904,41.93
7550424,1256906,75.06
7550424,1257025,98.72
7550424,1257139,70.65
7550424,1257268,40.94
7550424,1257387,15.8
7550424,1257704,70.38
7550424,1257705,33.65
7550424,1257863,938.12
7550424,1258149,135.94
7550424,1258296,79.85
7550424,1258414,0.01
7550424,1258438,128.82
7550424,1258488,20.91
7550424,1258686,44.5
7550424,1258825,336.27
7550424,1258898,11.17
7550424,1259157,65.94
7550424,1259274,5.43
7550424,1259353,152.65
7550424,1259426,155.59
7550424,1259588,78.35
7550424,1259802,232.75
7550424,1259828,58.21
7550424,1259930,145.18
7550424,1259987,96.07
7550424,1260001,158.96
7550424,1260910,16.53
7550424,1260922,52.36
7550424,1260923,4.57
7550424,1260925,6.23
7550424,1261081,181.52
7550424,1261370,92.11
7550424,1261377,95.04
7550424,1261522,77.54
7550424,1261823,124.29
7550424,1261893,82.54
7550424,1261970,86.61
7550424,1262278,108.09
7550424,1262488,84.59
7550424,1262595,4.32
7550424,1262608,95.39
7550424,1262634,16.86
7550424,1262779,0.01
7550424,1263119,7.99
7550424,1263251,145.72
7550424,1263291,112.42
7550424,1263688,197
7550424,1263760,140.47
7550424,1263792,34.02
7550424,1263989,120.25
7550424,1264088,22
7550424,1264274,93.84
7550424,1264275,47.19
7550424,1264280,7.01
7550424,1264327,0.01
7550424,1264332,47.82
7550424,1264495,48.4
7550424,1264496,0.01
7550424,1264497,64.16
7550424,1264547,2.86
7550424,1264710,65.18
7550424,1264711,65.18
7550424,1264870,7.02
7550424,1264896,4.77
7550424,1264898,2.57
7550424,1264923,113.89
7550424,1264983,86.52
7550424,1265019,3.59
7550424,1265102,65.18
7550424,1265103,65.18
7550424,1265154,105.74
7550424,1265155,95.79
7550424,1265156,190.43
7550424,1265157,36.4
7550424,1265159,39.8
7550424,1265161,49.09
7550424,1265174,54.79
7550424,1265883,91.23
7550424,1265895,60.88
7550424,1266067,51.11
7550424,1266178,18.62
7550424,1266436,111.96
7550424,1266445,81.03
7550424,1266473,58.53
7550424,1266684,125.12
7550424,1266746,100.69
7550424,1266796,21.71
7550424,1266890,35.33
7550424,1267120,38.66
7550424,1267147,32.56
7550424,1267241,84.44
7550424,1267422,37.36
7550424,1267604,101.47
7550424,1267759,6.3
7550424,1267912,1.16
7550424,1268045,183.83
7550424,1268074,79.41
7550424,1268100,74.94
7550424,1268101,74.94
7550424,1268104,65.55
7550424,1268105,66.74
7550424,1268108,78.21
7550424,1268109,58.77
7550424,1268153,32.56
7550424,1268534,67.86
7550424,1268683,8.42
7550424,1268887,86.98
7550424,1268908,91.67
7550424,1269153,117.27
7550424,1269192,111.96
7550424,1269193,43.65
7550424,1269194,88.25
7550424,1269196,77.45
7550424,1269197,143.88
7550424,1269198,172.28
7550424,1269199,86.98
7550424,1269200,151.04
7550424,1269201,130.76
7550424,1269203,67.32
7550424,1269204,145.39
7550424,1269205,94.29
7550424,1269207,74.81
7550424,1269209,73.19
7550424,1269211,72.46
7550424,1269212,132.69
7550424,1269213,89.89
7550424,1269214,81.69
7550424,1269215,135.56
7550424,1269216,115.75
7550424,1269218,114.74
7550424,1269219,47.51
7550424,1269220,124.86
7550424,1269221,108.12
7550424,1269222,38.82
7550424,1269223,65.33
7550424,1269224,72.4
7550424,1269225,73.76
7550424,1269299,96.6
7550424,1269717,36.92
7550424,1269721,47.74
7550424,1269885,49.7
7550424,1269914,156.83
7550424,1269954,2.54
7550424,1270104,66.45
7550424,1270123,56.05
7550424,1270124,77.69
7550424,1270125,83.11
7550424,1270214,84.71
7550424,1270215,106.49
7550424,1270218,0.01
7550424,1270265,95.55
7550424,1270347,28.55
7550424,1270409,37.05
7550424,1270468,1.88
7550424,1270535,41.68
7550424,1270641,32.25
7550424,1270679,79.99
7550424,1270687,30.25
7550424,1270836,48.19
7550424,1270841,147.83
7550424,1270890,10.32
7550424,1271123,61.67
7550424,1271131,0.01
7550424,1271178,43.82
7550424,1271202,82.47
7550424,1271210,29.13
7550424,1271530,83.73
7550424,1271639,99.08
7550424,1271718,23.13
7550424,1271936,44.04
7550424,1272033,156.51
7550424,1272058,35.58
7550424,1272120,7.22
7550424,1272123,81.03
7550424,1272417,57.2
7550424,1272466,151.08
7550424,1272467,137.59
7550424,1272468,164.03
7550424,1272554,42.81
7550424,1272555,49.7
7550424,1272556,49.7
7550424,1272557,76.3
7550424,1272558,72.46
7550424,1272559,58.84
7550424,1272560,58.84
7550424,1272561,58.84
7550424,1272562,63.23
7550424,1272648,53.96
7550424,1272716,0.01
7550424,1272717,0.01
7550424,1272719,65.94
7550424,1272720,60.53
7550424,1272767,49.31
7550424,1272808,86.06
7550424,1272964,75.68
7550424,1273073,86.06
7550424,1273107,44
7550424,1273152,4.59
7550424,1273233,24.32
7550424,1273290,4.09
7550424,1273291,10.73
7550424,1273292,10.73
7550424,1273294,8.17
7550424,1273303,2.82
7550424,1273341,130.94
7550424,1273401,11.51
7550424,1273551,141.79
7550424,1273567,71.73
7550424,1273568,81.8
7550424,1273627,6.38
7550424,1273698,72.29
7550424,1273837,0.01
7550424,1273898,21.49
7550424,1273899,20.28
7550424,1273900,20.83
7550424,1273901,20.56
7550424,1273902,18.12
7550424,1273903,28.57
7550424,1274253,14.39
7550424,1274397,213.61
7550424,1274543,47.62
7550424,1274554,16.61
7550424,1274612,157.02
7550424,1274617,83.07
7550424,1274737,13.09
7550424,1274793,63.3
7550424,1274910,39.59
7550424,1275017,54.48
7550424,1275078,83.24
7550424,1275080,64.21
7550424,1275279,66.98
7550424,1275322,90.47
7550424,1275399,67.54
7550424,1275404,9.33
7550424,1275628,80.28
7550424,1275630,192.91
7550424,1275884,141.53
7550424,1275887,74.25
7550424,1276002,116.31
7550424,1276142,66.45
7550424,1276298,44.04
7550424,1276351,35.33
7550424,1276352,35.33
7550424,1276353,35.33
7550424,1276394,91.89
7550424,1276515,3.61
7550424,1276516,0.68
7550424,1276727,72.15
7550424,1276728,106.54
7550424,1276729,103.35
7550424,1277667,7.66
7550424,1277916,21.01
7550424,1277982,2.06
7550424,1278121,67.09
7550424,1278369,276.13
7550424,1278471,46.54
7550424,1279016,64.85
7550424,1279017,60.52
7550424,1279208,33.52
7550424,1279660,321.51
7550424,1279735,7.43
7550424,1279751,204.64
7550424,1279823,3.11
7550424,1279851,49.99
7550424,1280070,8.58
7550424,1280075,67.32
7550424,1280427,53.37
7550424,1280516,177.27
7550424,1280517,84.63
7550424,1281211,224.93
7550424,1281392,30.14
7550424,1281417,25.06
7550424,1282187,99.2
7550424,1282284,88.36
7550424,1282406,270.09
7550424,1282757,59.96
7550424,1282809,8.02
7550424,1282899,49.71
7550424,1283015,42.84
7550424,1283378,11.44
7550424,1283429,64.38
7550424,1283498,19.22
7550424,1283715,74.91
7550424,1283813,32.25
7550424,1283828,274.67
7550424,1283830,25.42
7550424,1284060,43.22
7550424,1284062,58.57
7550424,1284096,44.04
7550424,1284238,55.8
7550424,1284398,66.22
7550424,1284496,47.28
7550424,1284961,55.7
7550424,1284962,56.67
7550424,1285114,51.37
7550424,1285115,56.91
7550424,1285119,38.06
7550424,1285144,97.81
7550424,1285162,56.56
7550424,1285498,174.25
7550424,1285777,148.84
7550424,1285799,144.74
7550424,1285805,71.52
7550424,1285817,35.04
7550424,1285924,42.6
7550424,1286252,83.64
7550424,1286516,0.01
7550424,1286823,10.07
7550424,1287136,61.13
7550424,1287162,159.65
7550424,1287317,87.79
7550424,1287319,47.24
7550424,1287640,235.24
7550424,1287642,131.32
7550424,1287733,56.77
7550424,1287734,59.73
7550424,1287769,11.44
7550424,1287771,43.19
7550424,1287822,118.65
7550424,1287936,52.36
7550424,1288212,103.56
7550424,1288293,22.58
7550424,1288383,0.01
7550424,1288521,101.29
7550424,1288788,66.56
7550424,1288790,93.18
7550424,1289079,37.82
7550424,1289282,112.01
7550424,1289460,0.01
7550424,1289461,0.01
7550424,1289462,0.01
7550424,1289469,123.54
7550424,1289550,88.29
7550424,1289750,19.36
7550424,1289919,195.87
7550424,1290066,59.33
7550424,1290099,24.3
7550424,1290292,54.33
7550424,1290431,189.21
7550424,1290440,79.81
7550424,1290561,49.61
7550424,1290577,17
7550424,1290842,32.32
7550424,1290849,26.96
7550424,1291282,131.8
7550424,1291285,156.83
7550424,1291446,336.27
7550424,1291450,20.81
7550424,1291517,93
7550424,1291742,118.25
7550424,1291846,96.81
7550424,1291847,123.43
7550424,1292084,52.52
7550424,1292324,17.98
7550424,1292370,33.85
7550424,1292416,9.87
7550424,1292417,5.16
7550424,1292473,4.63
7550424,1292541,72.67
7550424,1292626,125.12
7550424,1292689,0.01
7550424,1292867,36.53
7550424,1293052,66.45
7550424,1293233,95.48
7550424,1293284,90.82
7550424,1293300,50.33
7550424,1293398,714.29
7550424,1293424,88.92
7550424,1293493,10.66
7550424,1293549,148.84
7550424,1293793,36.53
7550424,1293796,36.53
7550424,1293816,46.08
7550424,1293850,155.63
7550424,1293876,34.44
7550424,1293937,234.17
7550424,1294287,83.71
7550424,1294461,25.56
7550424,1294591,73.47
7550424,1294639,110.32
7550424,1294643,25.75
7550424,1295031,42.1
7550424,1295034,42.1
7550424,1295063,7.43
7550424,1295135,6.55
7550424,1295183,75.07
7550424,1295354,195.87
7550424,1295418,33.64
7550424,1295617,36.99
7550424,1295812,39.57
7550424,1295814,44.04
7550424,1295986,19.11
7550424,1295991,24.94
7550424,1296036,54.79
7550424,1296119,57
7550424,1296122,60.4
7550424,1296323,122.56
7550424,1296374,19.4
7550424,1296384,78.81
7550424,1296486,109.04
7550424,1296497,70.43
7550424,1296717,76.28
7550424,1296805,47.06
7550424,1297457,69.99
7550424,1297512,50.97
7550424,1297609,0.01
7550424,1297656,31.35
7550424,1297870,15.88
7550424,1297871,15.88
7550424,1297966,177.86
7550424,1298066,4.22
7550424,1298068,3.85
7550424,1298319,53.39
7550424,1298368,296.85
7550424,1298369,302.57
7550424,1298389,29.99
7550424,1299143,409.04
7550424,1299438,36.53
7550424,1299496,70.05
7550424,1299508,504.13
7550424,1299518,2260.38
7550424,1299535,247.37
7550424,1299562,813.09
7550424,1299635,47.17
7550424,1299641,52.85
7550424,1299734,72.9
7550424,1300064,76.96
7550424,1300245,50.19
7550424,1300258,55.02
7550424,1300350,6.38
7550424,1300598,92.22
7550424,1300648,15.88
7550424,1300706,79.72
7550424,1300789,54.49
7550424,1300991,131.56
7550424,1301058,126.25
7550424,1301159,73.62
7550424,1301209,0.01
7550424,1301405,87.13
7550424,1301459,3.47
7550424,1302074,54.39
7550424,1302158,61.53
7550424,1302160,35.38
7550424,1302197,148.09
7550424,1302323,88.77
7550424,1302342,15.49
7550424,1302573,97.45
7550424,1302724,0.01
7550424,1302728,0.01
7550424,1303246,42.1
7550424,1303337,84.6
7550424,1303378,426.9
7550424,1303449,103.91
7550424,1303473,119.16
7550424,1303622,53.03
7550424,1303623,63.09
7550424,1303626,3.28
7550424,1303628,87.53
7550424,1304226,177.27
7550424,1304573,130.24
7550424,1304593,5.17
7550424,1304968,64.78
7550424,1304972,51.49
7550424,1305085,183.23
7550424,1305384,72.01
7550424,1305414,50.19
7550424,1305575,67.86
7550424,1305585,26.66
7550424,1305589,17.3
7550424,1305596,64.78
7550424,1305826,64.78
7550424,1305829,48
7550424,1305833,16.86
7550424,1306001,64.78
7550424,1306059,30.72
7550424,1306070,23.27
7550424,1306140,43.94
7550424,1306207,43.94
7550424,1306324,79.81
7550424,1306326,79.81
7550424,1306429,67.92
7550424,1306499,35.67
7550424,1306506,50.9
7550424,1306511,27.24
7550424,1306513,32.62
7550424,1306568,110.7
7550424,1306705,74.91
7550424,1306743,33.04
7550424,1306745,26.99
7550424,1306748,30.02
7550424,1306751,33.82
7550424,1306752,23
7550424,1306761,26.26
7550424,1306762,24.65
7550424,1306769,69.35
7550424,1306770,46.35
7550424,1307122,59.43
7550424,1307164,5.72
7550424,1307351,39.73
7550424,1307465,324.08
7550424,1307466,4.91
7550424,1307761,91.96
7550424,1307871,128.8
7550424,1307873,135.34
7550424,1307874,128.8
7550424,1307901,207.65
7550424,1308153,135.7
7550424,1308161,85.86
7550424,1308166,50.7
7550424,1308190,84.6
7550424,1308260,44.56
7550424,1308417,79.21
7550424,1308534,7.91
7550424,1308598,37.76
7550424,1308696,160.17
7550424,1309125,51.49
7550424,1309271,79.81
7550424,1309356,60.11
7550424,1309682,56.78
7550424,1309683,56.78
7550424,1309684,76.96
7550424,1309689,85.97
7550424,1309691,85.97
7550424,1309937,64.78
7550424,1310099,98.02
7550424,1310229,77.1
7550424,1310543,62.54
7550424,1310911,6.14
7550424,1311048,76.82
7550424,1311053,98.31
7550424,1311054,98.02
7550424,1311055,98.02
7550424,1311056,98.02
7550424,1311057,56.78
7550424,1311058,56.78
7550424,1311184,16.92
7550424,1311424,21.91
7550424,1311518,7.84
7550424,1311680,50.28
7550424,1311918,39.49
7550424,1311963,5.8
7550424,1312070,0.01
7550424,1312213,32.79
7550424,1312326,6.64
7550424,1312386,66.45
7550424,1312600,206.01
7550424,1312651,192.91
7550424,1312872,61.4
7550424,1312874,57.76
7550424,1312914,65.1
7550424,1313350,5.63
7550424,1313390,52.31
7550424,1313393,72.03
7550424,1313398,5.59
7550424,1313606,1.52
7550424,1313976,39.21
7550424,1314009,76.95
7550424,1314062,32.79
7550424,1314063,32.79
7550424,1314260,77.92
7550424,1314370,1.61
7550424,1314390,3.79
7550424,1314434,185.29
7550424,1314682,42.78
7550424,1314729,7.26
7550424,1314802,63.49
7550424,1314816,7.15
7550424,1314936,42.84
7550424,1315044,23.05
7550424,1315216,54.12
7550424,1315235,125.63
7550424,1315240,52.29
7550424,1315302,68.04
7550424,1315625,14.19
7550424,1315660,21.79
7550424,1315822,50.58
7550424,1315850,2260.38
7550424,1315858,86.73
7550424,1315979,36.18
7550424,1316049,6.63
7550424,1316141,138.35
7550424,1316429,2.55
7550424,1316617,697.37
7550424,1316816,9.21
7550424,1316838,14.74
7550424,1316873,58.17
7550424,1316982,4.61
7550424,1317040,20.91
7550424,1317123,34.75
7550424,1317124,34.75
7550424,1317125,34.75
7550424,1317126,34.75
7550424,1317127,34.75
7550424,1317128,34.75
7550424,1317129,34.75
7550424,1317165,39.21
7550424,1317221,8.6
7550424,1317277,2.81
7550424,1317280,2.32
7550424,1317298,77.54
7550424,1317308,118.93
7550424,1317433,34.81
7550424,1317643,42.18
7550424,1317668,207.68
7550424,1317670,167.91
7550424,1317706,17.68
7550424,1317783,250.43
7550424,1317881,5.48
7550424,1317892,7.99
7550424,1317902,7.6
7550424,1317904,10
7550424,1317909,64.75
7550424,1317973,132.94
7550424,1318128,80.56
7550424,1318132,50.76
7550424,1318220,239.14
7550424,1318235,58.84
7550424,1318435,45.5
7550424,1318544,138.97
7550424,1318794,83.62
7550424,1319149,91.92
7550424,1319289,99.07
7550424,1319344,22
7550424,1319741,1.61
7550424,1319816,56.51
7550424,1319847,111.96
7550424,1319849,60.42
7550424,1319850,81.96
7550424,1320462,39.73
7550424,1320672,30.59
7550424,1320798,32.56
7550424,1320881,113.52
7550424,1321151,43.79
7550424,1321164,91.27
7550424,1321284,181.81
7550424,1321430,54.84
7550424,1321431,57.89
7550424,1321510,108.73
7550424,1321737,91.24
7550424,1321751,124.81
7550424,1321783,167.34
7550424,1321982,43.56
7550424,1322125,76.6
7550424,1322193,47.56
7550424,1322398,120.53
7550424,1322431,29.05
7550424,1322444,50.76
7550424,1322472,53.45
7550424,1322491,101.65
7550424,1322503,106.9
7550424,1322601,110.95
7550424,1322674,3.24
7550424,1322689,102.63
7550424,1322848,15.43
7550424,1322981,108.33
7550424,1323187,58.13
7550424,1323414,36.13
7550424,1323854,72.79
7550424,1323881,74.58
7550424,1323990,172.86
7550424,1324436,80.97
7550424,1324473,187.55
7550424,1324639,65.13
7550424,1324712,129.3
7550424,1324918,60.61
7550424,1325297,85.74
7550424,1325466,128.8
7550424,1326034,144.43
7550424,1326036,20.02
7550424,1326051,119.78
7550424,1326053,85.06
7550424,1326073,97.76
7550424,1326074,91.51
7550424,1326382,87.6
7550424,1326447,50.76
7550424,1326609,44.23
7550424,1326643,36.36
7550424,1326651,136.67
7550424,1326697,5.98
7550424,1326970,101.29
7550424,1326981,13.66
7550424,1326983,125.97
7550424,1327331,79.81
7550424,1327431,84.8
7550424,1327432,56.27
7550424,1327503,186.98
7550424,1328062,70.43
7550424,1328085,67.35
7550424,1328088,67.35
7550424,1328351,57.79
7550424,1328577,71.44
7550424,1328694,5.98
7550424,1328839,68.1
7550424,1328961,91.13
7550424,1328963,44.25
7550424,1329031,56.2
7550424,1329062,95.71
7550424,1329139,94.75
7550424,1329152,30.07
7550424,1329713,0.01
7550424,1329723,60.4
7550424,1329760,45.17
7550424,1330008,6.6
7550424,1330012,85.74
7550424,1330435,163.22
7550424,1330488,72.03
7550424,1330533,50.34
7550424,1330770,55.91
7550424,1331007,74.58
7550424,1331071,85.47
7550424,1331159,31.96
7550424,1331416,56.2
7550424,1331418,7.99
7550424,1331539,60.61
7550424,1331701,113.11
7550424,1331708,0.01
7550424,1331813,50.72
7550424,1331998,21.93
7550424,1332302,21.95
7550424,1332369,6.3
7550424,1332409,60.87
7550424,1332574,20.47
7550424,1332626,159.71
7550424,1332717,95.96
7550424,1333675,134.48
7550424,1333996,92.06
7550424,1334142,31.46
7550424,1334209,4.99
7550424,1334499,108.62
7550424,1334919,40.67
7550424,1335006,118.42
7550424,1335401,33.33
7550424,1335423,137.29
7550424,1335430,88.66
7550424,1335643,255.42
7550424,1335678,181.12
7550424,1335778,63.77
7550424,1335914,68.93
7550424,1335984,110.34
7550424,1335990,43.9
7550424,1335996,61.15
7550424,1335999,93.36
7550424,1336001,103.4
7550424,1336011,128.39
7550424,1336083,102.3
7550424,1336148,65.44
7550424,1336150,30.08
7550424,1336346,18.94
7550424,1336403,116.9
7550424,1336432,12.86
7550424,1336462,245.31
7550424,1336579,322.62
7550424,1336756,29.41
7550424,1337056,48.69
7550424,1337172,66.11
7550424,1337247,10.5
7550424,1337298,53.45
7550424,1337301,59.48
7550424,1337572,207.65
7550424,1337648,321.46
7550424,1337799,8.53
7550424,1337912,6.87
7550424,1337994,22.58
7550424,1338141,46.83
7550424,1338442,107.76
7550424,1338524,24.63
7550424,1339202,131.56
7550424,1339241,54.79
7550424,1339375,131.56
7550424,1339493,54.29
7550424,1339499,84.33
7550424,1339559,31.16
7550424,1339730,50.22
7550424,1339912,116.51
7550424,1340331,53.4
7550424,1340469,73.55
7550424,1340498,41.05
7550424,1340708,49.49
7550424,1340709,37.67
7550424,1340827,110.45
7550424,1340835,3.23
7550424,1340967,79.99
7550424,1341001,101.03
7550424,1341103,117.04
7550424,1341308,105.27
7550424,1341414,68.93
7550424,1341446,60.87
7550424,1341567,82.01
7550424,1341624,63.58
7550424,1341878,35.46
7550424,1341886,122.98
7550424,1341973,17.3
7550424,1342153,67.71
7550424,1342373,125.12
7550424,1342389,1.56
7550424,1342651,32.52
7550424,1342789,8.65
7550424,1342825,62.85
7550424,1342847,32.18
7550424,1343148,82.75
7550424,1343208,68.93
7550424,1343211,125.67
7550424,1343212,138.35
7550424,1343214,129.32
7550424,1343215,118.13
7550424,1343216,213.66
7550424,1343421,5
7550424,1343502,18.59
7550424,1343525,151.61
7550424,1343574,83.63
7550424,1343669,41.07
7550424,1343703,6.64
7550424,1344069,5.84
7550424,1344184,85.68
7550424,1344251,43.06
7550424,1344275,203.44
7550424,1344290,132.8
7550424,1344444,30.78
7550424,1344474,13.32
7550424,1344491,32.96
7550424,1344556,84.6
7550424,1344855,61.84
7550424,1344920,47.74
7550424,1345102,118.89
7550424,1345141,67.86
7550424,1345301,48.02
7550424,1345463,11.94
7550424,1345673,99.54
7550424,1345720,14.19
7550424,1345844,61.91
7550424,1345935,28.1
7550424,1346116,77.48
7550424,1346577,25.02
7550424,1346592,63.05
7550424,1346743,14.39
7550424,1346744,16.58
7550424,1346786,68.37
7550424,1347126,84.34
7550424,1347137,49.77
7550424,1347174,82.9
7550424,1347296,14.15
7550424,1347653,48.2
7550424,1348099,83.48
7550424,1348317,10.39
7550424,1350383,65.45
7550424,1350384,67.27
7550424,1350485,28.12
7550424,1350833,70.59
7550424,1350838,116.16
7550424,1350905,41.75
7550424,1350934,118.65
7550424,1351148,51.18
7550424,1351149,58.08
7550424,1351221,160.97
7550424,1351644,97.1
7550424,1351713,116.16
7550424,1351714,104.04
7550424,1351715,104.04
7550424,1351716,91.91
7550424,1351717,97.1
7550424,1351718,97.1
7550424,1351833,54.22
7550424,1352297,81.17
7550424,1352377,106.61
7550424,1352528,119.44
7550424,1352531,3.98
7550424,1352821,17.12
7550424,1353025,111.3
7550424,1353027,94.91
7550424,1353281,57.1
7550424,1353550,70.95
7550424,1353568,110.93
7550424,1353569,149.04
7550424,1353586,54.22
7550424,1353604,97.35
7550424,1353620,120.14
7550424,1353712,3.97
7550424,1353854,36.57
7550424,1353855,28.53
7550424,1353858,32.39
7550424,1354253,69.73
7550424,1354478,58.23
7550424,1354519,81.02
7550424,1354572,70.59
7550424,1354749,111.41
7550424,1354829,46.84
7550424,1354936,125.46
7550424,1355111,45.63
7550424,1355215,131.09
7550424,1355345,50.32
7550424,1355346,50.32
7550424,1355347,50.32
7550424,1355348,50.32
7550424,1355419,81.17
7550424,1355447,5.09
7550424,1355841,31.96
7550424,1356234,75.38
7550424,1356392,55.57
7550424,1356393,58.15
7550424,1356428,50.22
7550424,1356429,127.9
7550424,1356666,2.93
7550424,1356856,65.82
7550424,1357596,121.87
7550424,1357650,70.95
7550424,1358086,115.25
7550424,1358163,346.71
7550424,1358274,52.36
7550424,1358427,76.93
7550424,1358486,30.94
7550424,1358716,194.02
7550424,1358802,66.37
7550424,1358820,21.04
7550424,1359055,65.19
7550424,1359185,13.19
7550424,1359399,65.45
7550424,1359400,22.79
7550424,1359592,50.32
7550424,1359703,87.54
7550424,1359708,86.68
7550424,1359833,190.41
7550424,1360138,0.01
7550424,1360238,8.16
7550424,1360313,50.22
7550424,1360341,62.13
7550424,1360461,66.18
7550424,1360626,96.51
7550424,1360862,65.89
7550424,1360911,104.3
7550424,1361010,55.76
7550424,1361241,110.93
7550424,1361243,59.89
7550424,1361447,51.86
7550424,1361460,61.86
7550424,1361576,34.27
7550424,1361585,45.02
7550424,1361851,1.02
7550424,1361921,6.34
7550424,1362093,55
7550424,1362094,53.67
7550424,1362095,57.93
7550424,1362121,76.28
7550424,1362197,114.03
7550424,1362342,46.43
7550424,1362344,92.56
7550424,1362391,123.06
7550424,1362434,61.62
7550424,1362516,32.42
7550424,1362667,26.86
7550424,1362690,29.9
7550424,1362699,119.93
7550424,1362710,98.66
7550424,1362712,106.59
7550424,1362713,139.62
7550424,1362837,65.82
7550424,1362838,60.7
7550424,1362896,42.12
7550424,1362993,95.94
7550424,1363025,16.46
7550424,1363026,21.85
7550424,1363035,16.82
7550424,1363348,115.25
7550424,1363632,10.95
7550424,1363694,41.05
7550424,1363817,84.33
7550424,1363838,13.36
7550424,1363854,117.8
7550424,1363857,37.67
7550424,1363885,68.49
7550424,1364033,50.47
7550424,1364321,28.12
7550424,1364483,51.86
7550424,1364952,34.26
7550424,1364971,6.72
7550424,1364984,43.14
7550424,1365051,34.27
7550424,1365293,61.62
7550424,1365538,22.79
7550424,1365671,14.93
7550424,1365734,92.2
7550424,1365938,57.81
7550424,1365977,127.9
7550424,1366409,72.61
7550424,1366511,87.68
7550424,1367055,136.32
7550424,1367171,19.58
7550424,1367176,88.51
7550424,1367358,73.21
7550424,1367545,8.26
7550424,1367749,37.68
7550424,1367994,17.09
7550424,1368095,105.29
7550424,1368607,12.02
7550424,1368666,48.73
7550424,1368720,50.32
7550424,1368824,48.55
7550424,1368889,50.32
7550424,1368890,50.32
7550424,1369497,43.71
7550424,1369655,62.37
7550424,1370067,37.79
7550424,1370162,2.38
7550424,1370167,10.32
7550424,1370352,4.05
7550424,1370376,114.58
7550424,1370434,44.69
7550424,1370444,36.96
7550424,1370531,55.63
7550424,1370602,46.26
7550424,1370890,58.52
7550424,1370929,196.3
7550424,1370944,45.73
7550424,1370986,64.09
7550424,1371260,65.84
7550424,1371567,118.57
7550424,1371714,174.25
7550424,1371939,53.47
7550424,1372694,57.93
7550424,1372742,108.9
7550424,1372855,6.34
7550424,1373244,43.93
7550424,1373342,108.9
7550424,1373362,95.05
7550424,1373420,56.34
7550424,1373424,16.46
7550424,1373426,16.46
7550424,1373512,0.01
7550424,1373557,13.76
7550424,1373646,58.17
7550424,1373659,2.08
7550424,1373787,6.72
7550424,1374091,51.73
7550424,1374256,14.52
7550424,1374439,74.53
7550424,1374463,60.49
7550424,1374924,23.02
7550424,1374953,71.8
7550424,1375056,10.65
7550424,1375060,44.57
7550424,1375239,60.3
7550424,1375250,166.59
7550424,1375261,6.96
7550424,1375464,12.02
7550424,1375549,33.85
7550424,1375824,166.59
7550424,1375825,60.3
7550424,1375826,60.3
7550424,1375903,54.95
7550424,1375996,124.13
7550424,1376000,6.72
7550424,1376052,980.18
7550424,1376056,125.75
7550424,1376058,45.11
7550424,1376060,45.11
7550424,1376061,45.11
7550424,1376062,45.11
7550424,1376064,45.11
7550424,1376065,45.11
7550424,1376067,142.45
7550424,1376069,142.45
7550424,1376070,142.45
7550424,1376071,142.45
7550424,1376073,142.45
7550424,1376074,142.45
7550424,1376076,153.05
7550424,1376078,153.05
7550424,1376079,153.05
7550424,1376080,153.05
7550424,1376081,153.05
7550424,1376082,153.05
7550424,1376083,153.05
7550424,1376159,41.75
7550424,1376161,41.75
7550424,1376162,41.75
7550424,1376163,41.75
7550424,1376164,41.75
7550424,1376165,41.75
7550424,1376218,79.08
7550424,1376261,60.09
7550424,1376285,10.39
7550424,1376615,43.14
7550424,1376920,47.05
7550424,1377035,92.38
7550424,1377036,67.08
7550424,1377037,46.82
7550424,1377045,55.53
7550424,1377048,34.85
7550424,1377050,124.97
7550424,1377053,349.48
7550424,1377138,35.61
7550424,1377380,0.01
7550424,1377548,19.58
7550424,1377577,15.26
7550424,1377694,73.19
7550424,1377880,62.02
7550424,1377908,88.72
7550424,1378036,89.1
7550424,1378134,14.59
7550424,1378180,8.16
7550424,1378249,76.19
7550424,1378262,7.78
7550424,1378590,71.24
7550424,1378712,167.28
7550424,1378773,86.82
7550424,1379011,11.28
7550424,1379027,50.96
7550424,1379233,49.88
7550424,1379322,121.49
7550424,1379368,52.93
7550424,1379557,0.01
7550424,1379585,5.28
7550424,1379846,57.81
7550424,1380145,57.5
7550424,1380212,55.53
7550424,1380415,32.01
7550424,1380629,8.22
7550424,1381085,56.77
7550424,1381209,63.55
7550424,1381298,55.53
7550424,1381430,49.48
7550424,1381798,69.83
7550424,1381885,67.04
7550424,1382111,11.8
7550424,1382112,54.31
7550424,1382149,49.37
7550424,1382210,10.15
7550424,1382240,0.01
7550424,1382252,102.85
7550424,1382256,32.13
7550424,1382257,59.4
7550424,1382375,7.53
7550424,1383017,1143.5
7550424,1383070,48.97
7550424,1383328,130.04
7550424,1383531,35.38
7550424,1383533,53.03
7550424,1383594,55.53
7550424,1383596,58.47
7550424,1383607,72.57
7550424,1383716,0.01
7550424,1383740,76.76
7550424,1383782,51.73
7550424,1383883,8.16
7550424,1384044,13.73
7550424,1384203,87.45
7550424,1384309,10.39
7550424,1384362,50.62
7550424,1384446,3.15
7550424,1384611,73.19
7550424,1384666,39.7
7550424,1384867,58.57
7550424,1385195,123.28
7550424,1385196,123.28
7550424,1385731,30.72
7550424,1386002,92.54
7550424,1386107,22.79
7550424,1386604,31.45
7550424,1386775,47
7550424,1386959,66.18
7550424,1387004,14.87
7550424,1387181,0.01
7550424,1388032,45.54
7550424,1388033,49.7
7550424,1388034,56.69
7550424,1388997,24.4
7550424,1389249,20.1
7550424,1389701,16.02
7550424,1389703,70.85
7550424,1389712,53.67
7550424,1390071,73.68
7550424,1390118,60.49
7550424,1390468,42.78
7550424,1391385,27.8
7550424,1391548,41.23
7550424,1392649,56.49
7550424,1392868,7.32
7550424,1392869,17.5
7550424,1392871,6.45
7550424,1394709,43.5
7550424,1394710,43.5
7550424,1394711,43.5
7550424,1394991,39.35
7550424,1395195,50.7
7550424,1395819,74.87
7550424,1396091,116.17
7550424,1396095,34.27
7550424,1396748,87.08
7550424,1396926,59.66
7550424,1396965,68.76
7550424,1396995,123.91
7550424,1397269,67.71
7550424,1397280,69.05
7550424,1397281,61.04
7550424,1397379,34.26
7550424,1397492,66.45
7550424,1397493,53.78
7550424,1397576,33.33
7550424,1397591,142.86
7550424,1398321,88.03
7550424,1398322,88.03
7550424,1398323,88.03
7550424,1398324,88.03
7550424,1398354,86.06
7550424,1398527,74.91
7550424,1398849,58.96
7550424,1398967,79.58
7550424,1399556,97.35
7550424,1399557,97.35
7550424,1399860,106.61
7550424,1399861,155.59
7550424,1000146,22.35
7550424,1000149,33.25
7550424,1000150,31.44
7550424,1000151,35.92
7550424,1000152,42.75
7550424,1000153,38.67
7550424,1000154,40.26
7550424,1000155,30.28
7550424,1000156,29.38
7550424,1000157,37.74
7550424,1000158,49.75
7550424,1001729,34.1
7550424,1001730,45.02
7550424,1001756,34.1
7550424,1001786,44.5
7550424,1001813,46.75
7550424,1001814,39.46
7550424,1002012,27.47
7550424,1002017,40.48
7550424,1002019,40.26
7550424,1002499,21.04
7550424,1002513,28.79
7550424,1003172,52.93
7550424,1003277,51.74
7550424,1003756,144.5
7550424,1003782,183.98
7550424,1004122,82.73
7550424,1004123,108.36
7550424,1004319,97.88
7550424,1004362,64.38
7550424,1005211,87.91
7550424,1005906,202.75
7550424,1006265,112.65
7550424,1006320,41.65
7550424,1006350,42.97
7550424,1006763,174.27
7550424,1006764,174.27
7550424,1007263,120.36
7550424,1007352,25.86
7550424,1007758,45.98
7550424,1007770,45.98
7550424,1007771,45.98
7550424,1007774,45.98
7550424,1007776,0.01
7550424,1008800,47.8
7550424,1008801,47.8
7550424,1008802,47.8
7550424,1009196,71.69
7550424,1009454,71.69
7550424,1009910,60.64
7550424,1010000,187.09
7550424,1010946,157.31
7550424,1010953,100.2
7550424,1010981,133.96
7550424,1011020,146.97
7550424,1011078,52.52
7550424,1011079,55.85
7550424,1011177,52.52
7550424,1011928,116.05
7550424,1011979,116.05
7550424,1013073,75.45
7550424,1013090,94.57
7550424,1013133,129.14
7550424,1013159,144.45
7550424,1013160,181.1
7550424,1013165,144.95
7550424,1013174,85.6
7550424,1013183,96.32
7550424,1013191,96.32
7550424,1013211,96.32
7550424,1013372,119.97
7550424,1013514,60.51
7550424,1013530,106.15
7550424,1013546,98.67
7550424,1013558,59.9
7550424,1013573,89.39
7550424,1013576,84.96
7550424,1013588,60.18
7550424,1013626,79.59
7550424,1013628,82.59
7550424,1013629,88.64
7550424,1013630,81.33
7550424,1013632,86.89
7550424,1013645,139.16
7550424,1013651,60.23
7550424,1013653,81.95
7550424,1013656,76.82
7550424,1013659,91.59
7550424,1013661,110.76
7550424,1013678,82.98
7550424,1013688,88.01
7550424,1013690,61.5
7550424,1013691,71.94
7550424,1013696,146.6
7550424,1013699,113.68
7550424,1013700,61.22
7550424,1013715,189.4
7550424,1013744,92.8
7550424,1013745,84.67
7550424,1013746,59.06
7550424,1013747,95.17
7550424,1013748,150.61
7550424,1013749,109.84
7550424,1013751,81.2
7550424,1013752,94.57
7550424,1013753,114.43
7550424,1013754,60
7550424,1013755,75.3
7550424,1013871,53.61
7550424,1013915,89.72
7550424,1013921,101.68
7550424,1013928,124.82
7550424,1013931,132.72
7550424,1013976,68.41
7550424,1013977,62.19
7550424,1013996,60.94
7550424,1014014,80.83
7550424,1014018,93.26
7550424,1014049,113.53
7550424,1014075,105.73
7550424,1014134,154.89
7550424,1014266,90.47
7550424,1014268,90.47
7550424,1014271,86.16
7550424,1014272,112.24
7550424,1014273,112.24
7550424,1014278,90.47
7550424,1014280,90.47
7550424,1014282,86.16
7550424,1014285,90.47
7550424,1014287,87.88
7550424,1014289,26.68
7550424,1014294,35.26
7550424,1014297,206.25
7550424,1014300,81.61
7550424,1014305,63.69
7550424,1014306,60.8
7550424,1014307,90.47
7550424,1014308,161.66
7550424,1014309,188.34
7550424,1014311,89.26
7550424,1014312,89.61
7550424,1014319,179.37
7550424,1014320,90.47
7550424,1014327,85.45
7550424,1014329,73.21
7550424,1014335,85.45
7550424,1014337,85.45
7550424,1014348,88.13
7550424,1014360,130.27
7550424,1014375,77.23
7550424,1014405,42.28
7550424,1014407,36.61
7550424,1014447,38.67
7550424,1014478,204.28
7550424,1014479,49.86
7550424,1014480,43.22
7550424,1014481,39.3
7550424,1014482,38.65
7550424,1014484,25.59
7550424,1014490,42.31
7550424,1014491,40.34
7550424,1014495,28.66
7550424,1014498,33.37
7550424,1014499,48.57
7550424,1014500,38.99
7550424,1014501,37.88
7550424,1014502,39.87
7550424,1014505,73.42
7550424,1014506,38.66
7550424,1014507,86.16
7550424,1014514,199.86
7550424,1014520,216.03
7550424,1014525,188.34
7550424,1014527,188.34
7550424,1014531,165.37
7550424,1014533,165.37
7550424,1014537,161.66
7550424,1014545,90.9
7550424,1014546,117.22
7550424,1014547,121.48
7550424,1014548,120.85
7550424,1014549,84.76
7550424,1014550,87.7
7550424,1014551,85.14
7550424,1014552,93
7550424,1014553,95.66
7550424,1014554,97.22
7550424,1014555,100.8
7550424,1014556,99.29
7550424,1014557,110.87
7550424,1014558,101.56
7550424,1014559,106.46
7550424,1014560,113.51
7550424,1014561,110.86
7550424,1014563,59.17
7550424,1014566,63.97
7550424,1014595,54.88
7550424,1014603,54.88
7550424,1014632,96.32
7550424,1014696,82.06
7550424,1014772,198.9
7550424,1014773,167.99
7550424,1014774,94.01
7550424,1014777,73.45
7550424,1014782,139.06
7550424,1014784,88.48
7550424,1014785,97.46
7550424,1014786,92.58
7550424,1014790,104.41
7550424,1014799,119.12
7550424,1014800,73.11
7550424,1014810,109.57
7550424,1014858,69.15
7550424,1014859,40.1
7550424,1014879,83.97
7550424,1014883,29.51
7550424,1014884,649.03
7550424,1014989,60.23
7550424,1014990,93.58
7550424,1015017,61.88
7550424,1015031,87.5
7550424,1015048,120.72
7550424,1015057,100.38
7550424,1015203,31.09
7550424,1016370,87.05
7550424,1016691,35.89
7550424,1016729,71.77
7550424,1016749,35.89
7550424,1016802,50.84
7550424,1016927,81.88
7550424,1016950,118.15
7550424,1017048,96.25
7550424,1017068,86.1
7550424,1017159,118.83
7550424,1017172,121.14
7550424,1017212,103.37
7550424,1017220,129.55
7550424,1017273,62.24
7550424,1017313,94.11
7550424,1017314,67.05
7550424,1017324,43.07
7550424,1017331,62.24
7550424,1017339,66.82
7550424,1017392,96.25
7550424,1017395,103.48
7550424,1017398,55.57
7550424,1017428,36.24
7550424,1017429,28.35
7550424,1017430,57.82
7550424,1017431,44.22
7550424,1017436,54.99
7550424,1017452,101.9
7550424,1017485,68.29
7550424,1017486,71.29
7550424,1017487,71.29
7550424,1017488,108.38
7550424,1017489,124.86
7550424,1017490,124.86
7550424,1017491,115.56
7550424,1017492,119.49
7550424,1017493,119.46
7550424,1017494,133.21
7550424,1017495,137.77
7550424,1017496,137.77
7550424,1017497,72.71
7550424,1017498,74.99
7550424,1017499,74.99
7550424,1017500,74.99
7550424,1017504,77.62
7550424,1017505,79.27
7550424,1017508,79.27
7550424,1017510,83.42
7550424,1017514,62.36
7550424,1017517,65.3
7550424,1017520,103.43
7550424,1017521,117.61
7550424,1017522,110.17
7550424,1017523,115.94
7550424,1017525,123.08
7550424,1017526,130.73
7550424,1017557,62.24
7550424,1017581,77.24
7550424,1017587,132.66
7550424,1017588,75.81
7550424,1017590,112.16
7550424,1017591,83.42
7550424,1017592,81.88
7550424,1017593,118.15
7550424,1017594,121.14
7550424,1017595,143.28
7550424,1017602,92.9
7550424,1017608,154.89
7550424,1017661,174.73
7550424,1017662,142.73
7550424,1017663,142.73
7550424,1017664,139.86
7550424,1017665,139.86
7550424,1017666,93.44
7550424,1017667,93.44
7550424,1017668,174.73
7550424,1017695,130.24
7550424,1017773,107.71
7550424,1017783,146.86
7550424,1017802,37.22
7550424,1017841,63.71
7550424,1017853,146.86
7550424,1017874,57.9
7550424,1017889,79.19
7550424,1017890,39.92
7550424,1017901,113.53
7550424,1017903,121.92
7550424,1017908,85.17
7550424,1017909,85.17
7550424,1017910,141
7550424,1017911,141
7550424,1017912,141
7550424,1017913,49.41
7550424,1017914,49.41
7550424,1017915,49.41
7550424,1017917,78.12
7550424,1017925,48.92
7550424,1017926,51.77
7550424,1017927,153.57
7550424,1017928,105.68
7550424,1017929,91.27
7550424,1017930,109.84
7550424,1017931,109.84
7550424,1017932,85.17
7550424,1017939,78.12
7550424,1017940,78.12
7550424,1017942,91.12
7550424,1017943,91.12
7550424,1017944,91.12
7550424,1017946,129.34
7550424,1017947,129.34
7550424,1017948,129.34
7550424,1017950,92.91
7550424,1017951,92.91
7550424,1017952,92.91
7550424,1017954,72.61
7550424,1017955,72.61
7550424,1017956,72.61
7550424,1017965,57.56
7550424,1017972,95.72
7550424,1018008,143.28
7550424,1018015,46.99
7550424,1018017,70.75
7550424,1018035,110.3
7550424,1018036,120.22
7550424,1018037,39.92
7550424,1018038,63.71
7550424,1018039,79.19
7550424,1018040,143.88
7550424,1018041,143.88
7550424,1018042,146.86
7550424,1018044,143.88
7550424,1018047,57.56
7550424,1018048,57.56
7550424,1018049,95.72
7550424,1018051,95.72
7550424,1018052,120.82
7550424,1018054,120.82
7550424,1018055,120.82
7550424,1019112,76.42
7550424,1019122,66.49
7550424,1019264,53.11
7550424,1019266,49.78
7550424,1019269,42.17
7550424,1019275,118.77
7550424,1019290,104.65
7550424,1019354,40.44
7550424,1019385,48.21
7550424,1019386,64.01
7550424,1019387,64.01
7550424,1019388,40.44
7550424,1019398,39.22
7550424,1019405,87.21
7550424,1019423,102.41
7550424,1019438,67.78
7550424,1019444,108.81
7550424,1019461,29.38
7550424,1019463,50.41
7550424,1019464,25.61
7550424,1019525,25.27
7550424,1019581,34.22
7550424,1019590,46.72
7550424,1019771,74.57
7550424,1019772,130.61
7550424,1019773,124.95
7550424,1019774,144.07
7550424,1020096,53.53
7550424,1020098,85.19
7550424,1020825,63.24
7550424,1020856,63.24
7550424,1020935,105.98
7550424,1020937,95.11
7550424,1020978,64.44
7550424,1020992,101.9
7550424,1021002,94.9
7550424,1021009,85.19
7550424,1021058,37.88
7550424,1021069,40.48
7550424,1021070,37.88
7550424,1021071,42.05
7550424,1021072,25.71
7550424,1021073,34.19
7550424,1021074,32.91
7550424,1021075,28.86
7550424,1021167,31.64
7550424,1021211,45.74
7550424,1021244,94.3
7550424,1021245,99.98
7550424,1021301,63.82
7550424,1021323,122.01
7550424,1021358,94.9
7550424,1021365,94.9
7550424,1021434,94.9
7550424,1021435,95.11
7550424,1021525,50.62
7550424,1021550,87.13
7550424,1021586,89.9
7550424,1021598,87.13
7550424,1021600,87.13
7550424,1021605,105.98
7550424,1021634,28.07
7550424,1021639,45.74
7550424,1021660,109.33
7550424,1021661,199.91
7550424,1021673,62.24
7550424,1021705,56.89
7550424,1021707,73.14
7550424,1021721,34.56
7550424,1021722,53.44
7550424,1021805,49.61
7550424,1021819,50.62
7550424,1021821,101.9
7550424,1021831,72.57
7550424,1021915,34.56
7550424,1021916,56.89
7550424,1022014,87.13
7550424,1022041,87.13
7550424,1022056,95.11
7550424,1022101,87.13
7550424,1022221,41.23
7550424,1022223,63.34
7550424,1022240,32.91
7550424,1022302,30.66
7550424,1022303,52.85
7550424,1022304,63
7550424,1022309,85.47
7550424,1022310,98.49
7550424,1022321,73.14
7550424,1022349,77.37
7550424,1022400,77.37
7550424,1023173,78.06
7550424,1027663,33.99
7550424,1027699,41
7550424,1027746,63.14
7550424,1027757,120.03
7550424,1027758,26.62
7550424,1027763,98.87
7550424,1027764,22.37
7550424,1027769,58.19
7550424,1027776,20.61
7550424,1027789,91.4
7550424,1027820,60.82
7550424,1027863,57.53
7550424,1027873,46.27
7550424,1027875,56.73
7550424,1027892,28.4
7550424,1027908,42.79
7550424,1027910,32.85
7550424,1027915,29.5
7550424,1027930,115.36
7550424,1027971,58.19
7550424,1027978,32.48
7550424,1027980,48.28
7550424,1028007,49.59
7550424,1028130,133.76
7550424,1028134,67.84
7550424,1028140,91.91
7550424,1028141,144.46
7550424,1028142,39.79
7550424,1028143,100.52
7550424,1028149,44.76
7550424,1028168,66.98
7550424,1028184,100.62
7550424,1028215,46.78
7550424,1028226,7.2
7550424,1028276,17.06
7550424,1028277,32.19
7550424,1028281,26.3
7550424,1028285,33.29
7550424,1028286,45.89
7550424,1028287,35.11
7550424,1028288,38.94
7550424,1028289,39.92
7550424,1028299,26.3
7550424,1028300,58.19
7550424,1028301,50.99
7550424,1028315,31.87
7550424,1028375,46.78
7550424,1028480,45.04
7550424,1028543,21
7550424,1028597,37.94
7550424,1028621,61.41
7550424,1028792,63.54
7550424,1028838,89.32
7550424,1028915,43.7
7550424,1028936,13.31
7550424,1030119,71.32
7550424,1030366,88.05
7550424,1030379,177.74
7550424,1030397,92.67
7550424,1030406,92.67
7550424,1030474,92.67
7550424,1030793,45.56
7550424,1030794,45.56
7550424,1030917,45.56
7550424,1031194,68.61
7550424,1031195,68.61
7550424,1031196,68.61
7550424,1031256,51.91
7550424,1031257,51.91
7550424,1031266,51.56
7550424,1031281,72.79
7550424,1031341,36
7550424,1031342,36
7550424,1031343,36
7550424,1031458,120.9
7550424,1031483,155.92
7550424,1031491,47.98
7550424,1031687,65.78
7550424,1031688,65.7
7550424,1031689,65.79
7550424,1033097,54.21
7550424,1033136,61.29
7550424,1033181,62.56
7550424,1033191,63.17
7550424,1033386,83.86
7550424,1033709,18.94
7550424,1034304,14.88
7550424,1040522,93.36
7550424,1040666,82.23
7550424,1040670,75.63
7550424,1040687,74.12
7550424,1040689,85.49
7550424,1040691,90.94
7550424,1040757,43.5
7550424,1040811,161.91
7550424,1040859,61.65
7550424,1041024,64.5
7550424,1041027,82.29
7550424,1041119,96.02
7550424,1041138,74.72
7550424,1041229,17.58
7550424,1041505,30.29
7550424,1041592,43.31
7550424,1042869,51.49
7550424,1042870,30.98
7550424,1042871,33.01
7550424,1042872,28.4
7550424,1042873,39.82
7550424,1042874,30.42
7550424,1042875,44.74
7550424,1042876,32.35
7550424,1042877,35.41
7550424,1042878,51.89
7550424,1042879,37.83
7550424,1044086,33.42
7550424,1044088,58.77
7550424,1044089,28.23
7550424,1044090,44.71
7550424,1044091,55.92
7550424,1044092,37.89
7550424,1044093,52.75
7550424,1044094,10.7
7550424,1044096,7.08
7550424,1044097,11.86
7550424,1044099,30.26
7550424,1044100,24.01
7550424,1044102,36.5
7550424,1044103,20.33
7550424,1044105,20.66
7550424,1044106,25.48
7550424,1044107,14.25
7550424,1044109,17.39
7550424,1044110,27.83
7550424,1044111,18.15
7550424,1044112,20.43
7550424,1044114,28.74
7550424,1044115,22.93
7550424,1044116,28.23
7550424,1044117,44.71
7550424,1044119,37.97
7550424,1044120,23.89
7550424,1044121,26.79
7550424,1044122,34.04
7550424,1044124,29.48
7550424,1044133,20.39
7550424,1044150,45.29
7550424,1044151,37.13
7550424,1044152,39.15
7550424,1044153,32.96
7550424,1044154,35.42
7550424,1044554,33.87
7550424,1044559,12.31
7550424,1044565,17.3
7550424,1044608,18.51
7550424,1044639,22.21
7550424,1044697,44.23
7550424,1044698,21.56
7550424,1044699,16.11
7550424,1044700,21.47
7550424,1044701,20.73
7550424,1044705,31.38
7550424,1044706,27.02
7550424,1044717,26.37
7550424,1044738,13.96
7550424,1044739,19.16
7550424,1044740,35.15
7550424,1044750,35.35
7550424,1044751,36.55
7550424,1044752,24.99
7550424,1044755,32.85
7550424,1044757,17.74
7550424,1044771,58.75
7550424,1044804,20.26
7550424,1044805,24.15
7550424,1044806,33.96
7550424,1044807,19.89
7550424,1044808,25.45
7550424,1044809,21.75
7550424,1044810,42.1
7550424,1044824,64.4
7550424,1044828,25.45
7550424,1044850,28.41
7550424,1044887,37.48
7550424,1044889,62.93
7550424,1044966,15.65
7550424,1044967,19.34
7550424,1044968,16.57
7550424,1045850,19.53
7550424,1047257,31.92
7550424,1050790,14.41
7550424,1050791,14.41
7550424,1050792,20.96
7550424,1050793,20.96
7550424,1050796,27.37
7550424,1050800,18.71
7550424,1050804,25.86
7550424,1050805,25.05
7550424,1050806,25.05
7550424,1050807,15.47
7550424,1050808,15.48
7550424,1050809,18.79
7550424,1050810,18.79
7550424,1050811,24.71
7550424,1050812,24.71
7550424,1050813,24.71
7550424,1050814,27.87
7550424,1050824,21.42
7550424,1050825,23.13
7550424,1050826,37.51
7550424,1050827,41.26
7550424,1050828,41.26
7550424,1050829,29.87
7550424,1050830,29.79
7550424,1050832,23.61
7550424,1050833,23.61
7550424,1050834,23.61
7550424,1050835,43.56
7550424,1050836,43.56
7550424,1050837,32.03
7550424,1050838,32.03
7550424,1050839,32.03
7550424,1050840,25.06
7550424,1050841,25.06
7550424,1050842,21
7550424,1050843,21
7550424,1050846,26.72
7550424,1050848,20.86
7550424,1050849,20.86
7550424,1050850,20.86
7550424,1050851,24.12
7550424,1050852,20.02
7550424,1050853,20.02
7550424,1050854,29.43
7550424,1050855,22.92
7550424,1050856,22.92
7550424,1050857,22.92
7550424,1050858,27.42
7550424,1050859,34.06
7550424,1050860,34.06
7550424,1051609,39.35
7550424,1051710,20.61
7550424,1051731,54.1
7550424,1052334,48.44
7550424,1053050,46.26
7550424,1053370,13.75
7550424,1053376,13.24
7550424,1053381,10.01
7550424,1053391,12.25
7550424,1053396,11.48
7550424,1053405,11.1
7550424,1053407,11.1
7550424,1054399,65.22
7550424,1054462,28.68
7550424,1054712,60.02
7550424,1054717,39.52
7550424,1054756,28.4
7550424,1054757,46.96
7550424,1054761,51.05
7550424,1054769,61.27
7550424,1054770,22.97
7550424,1054771,54.89
7550424,1054772,54.73
7550424,1054773,38.8
7550424,1054774,60.02
7550424,1054775,57.6
7550424,1054778,24.53
7550424,1054779,49.02
7550424,1054780,23.42
7550424,1054781,46.87
7550424,1054785,59.5
7550424,1054787,56.43
7550424,1054788,34.19
7550424,1054789,62.99
7550424,1054791,16.47
7550424,1054799,44.07
7550424,1054815,39.7
7550424,1054819,54.61
7550424,1054821,27.47
7550424,1054883,23.49
7550424,1054886,28.4
7550424,1054927,15.19
7550424,1054948,29.08
7550424,1054985,28.4
7550424,1054991,44.07
7550424,1055031,48.09
7550424,1055036,27.82
7550424,1055044,39.57
7550424,1055323,39.65
7550424,1055501,43.06
7550424,1055502,60.52
7550424,1055508,61.84
7550424,1055516,39.41
7550424,1055517,47.18
7550424,1055527,52.69
7550424,1055542,55.4
7550424,1055667,37.67
7550424,1055681,28.53
7550424,1055684,41.03
7550424,1055687,49.12
7550424,1055691,30.19
7550424,1055713,17.79
7550424,1055714,18.27
7550424,1055715,38.95
7550424,1055716,26.4
7550424,1055717,30.65
7550424,1055718,29.53
7550424,1055719,33.64
7550424,1055720,42.17
7550424,1055721,40.55
7550424,1055722,46.33
7550424,1055723,58.05
7550424,1055724,30.66
7550424,1055725,34.73
7550424,1055726,46.88
7550424,1055727,26.04
7550424,1055728,29.26
7550424,1055729,35.01
7550424,1055730,32.49
7550424,1055731,38.25
7550424,1055732,27.61
7550424,1055733,19.79
7550424,1055734,20.45
7550424,1055735,46.37
7550424,1055736,34.73
7550424,1055737,32.87
7550424,1055738,33.97
7550424,1055739,19.51
7550424,1055740,23.4
7550424,1055741,24.18
7550424,1055742,33.22
7550424,1055743,41.37
7550424,1055744,36.28
7550424,1055745,31.28
7550424,1055746,36.9
7550424,1055747,33.59
7550424,1055748,43.04
7550424,1055749,40.76
7550424,1055750,34.43
7550424,1055751,24.75
7550424,1055752,44.71
7550424,1055753,31.5
7550424,1055754,35.79
7550424,1055755,44.89
7550424,1055756,46.69
7550424,1055757,44.89
7550424,1055758,27.83
7550424,1055759,28.91
7550424,1055760,32.99
7550424,1055761,45.23
7550424,1055762,39.27
7550424,1055763,53.68
7550424,1055764,65.72
7550424,1055765,28.26
7550424,1055766,27.58
7550424,1055767,47.19
7550424,1055768,48.82
7550424,1055769,33.5
7550424,1055770,34.62
7550424,1055771,31.47
7550424,1055772,36.9
7550424,1055773,30.97
7550424,1055774,44.64
7550424,1055775,39.46
7550424,1055776,23.73
7550424,1055777,24.67
7550424,1055778,45.51
7550424,1055779,42.18
7550424,1055781,60.78
7550424,1055782,26.69
7550424,1055783,58.45
7550424,1055789,39.04
7550424,1055792,36.63
7550424,1055800,65.22
7550424,1055898,42.41
7550424,1055900,19.45
7550424,1055904,27.63
7550424,1056008,27.52
7550424,1056019,37.83
7550424,1056025,11.83
7550424,1056046,34.62
7550424,1056273,54.65
7550424,1056340,41.37
7550424,1056355,25.56
7550424,1056362,42.27
7550424,1056363,42.28
7550424,1056413,40.3
7550424,1056434,24.3
7550424,1056445,50.93
7550424,1056448,47.51
7550424,1056449,63.18
7550424,1056450,42.92
7550424,1056458,36.45
7550424,1056459,29.6
7550424,1056460,26.92
7550424,1056461,32.78
7550424,1056462,19.65
7550424,1056463,23.17
7550424,1056464,30.26
7550424,1056465,36.96
7550424,1056466,48.23
7550424,1056467,26.92
7550424,1056468,33
7550424,1056469,39.04
7550424,1056470,22.97
7550424,1056471,27.98
7550424,1056472,33.19
7550424,1056473,43.21
7550424,1056474,24.65
7550424,1056475,30.06
7550424,1056476,35.49
7550424,1056477,46.54
7550424,1056889,28.18
7550424,1056937,47.8
7550424,1056948,41.62
7550424,1056998,33.28
7550424,1057032,44.22
7550424,1057033,27.24
7550424,1057034,39.2
7550424,1057036,35.61
7550424,1057037,32.18
7550424,1057038,35.87
7550424,1057039,30.53
7550424,1057040,31.28
7550424,1057041,35.46
7550424,1057042,51.21
7550424,1057043,39.01
7550424,1057044,31.64
7550424,1057045,41.02
7550424,1057046,36.47
7550424,1057047,54.02
7550424,1057048,38.52
7550424,1057049,40.8
7550424,1057134,39.46
7550424,1057142,32.09
7550424,1057152,37.76
7550424,1057181,27.47
7550424,1057195,37.76
7550424,1057214,26.44
7550424,1057226,35.53
7550424,1057290,37.73
7550424,1057295,35.42
7550424,1057332,37.94
7550424,1057360,34.34
7550424,1057444,34.77
7550424,1057448,37.94
7550424,1057487,23.66
7550424,1057492,37.51
7550424,1057495,43.65
7550424,1057497,33.25
7550424,1057508,40.11
7550424,1057510,31.49
7550424,1057512,43.65
7550424,1057514,43.65
7550424,1057516,28.32
7550424,1057521,45.02
7550424,1057523,33.98
7550424,1057525,43.01
7550424,1057527,37.46
7550424,1057528,41.51
7550424,1057531,39.95
7550424,1057536,44.5
7550424,1057537,30.68
7550424,1057539,46.15
7550424,1057545,30.19
7550424,1057555,42.75
7550424,1057577,32.26
7550424,1057581,37.46
7550424,1057584,39.95
7550424,1057586,45.02
7550424,1057587,43.01
7550424,1057588,42.16
7550424,1057590,42.75
7550424,1057592,51.07
7550424,1057613,39.9
7550424,1057626,29.77
7550424,1057665,21.04
7550424,1058070,19.22
7550424,1058088,14.16
7550424,1058090,19
7550424,1058091,16.06
7550424,1058092,15.61
7550424,1058094,18.51
7550424,1058097,17.46
7550424,1058231,37.51
7550424,1058233,28.79
7550424,1058280,38.72
7550424,1058385,26.79
7550424,1062685,19.13
7550424,1063484,18.37
7550424,1063599,16.34
7550424,1063600,16.34
7550424,1063601,16.34
7550424,1063602,16.34
7550424,1063603,16.34
7550424,1063604,16.34
7550424,1063605,16.34
7550424,1064986,87.07
7550424,1064992,128.21
7550424,1065001,128.21
7550424,1072773,75.24
7550424,1076728,63.76
7550424,1088601,75.98
7550424,1109876,34.42
7550424,1109877,58.45
7550424,1109878,59.21
7550424,1109984,80.93
7550424,1111314,16.84
7550424,1111317,16.84
7550424,1111319,16.84
7550424,1111320,16.84
7550424,1111321,16.84
7550424,1111322,16.84
7550424,1111323,16.84
7550424,1115134,93.84
7550424,1115354,75.24
7550424,1115470,126.36
7550424,1115474,39.93
7550424,1115475,41.02
7550424,1115479,119.5
7550424,1115484,38.12
7550424,1115486,41.54
7550424,1115492,49.61
7550424,1115989,36.34
7550424,1116039,47.65
7550424,1116040,47.65
7550424,1116060,67.08
7550424,1116061,48.69
7550424,1116067,66.82
7550424,1116127,2589.14
7550424,1116181,27.32
7550424,1116183,27.32
7550424,1116184,42.57
7550424,1116449,67.91
7550424,1116451,67.91
7550424,1116452,67.91
7550424,1116454,67.91
7550424,1116456,54.33
7550424,1116460,54.33
7550424,1116462,55.57
7550424,1116465,55.57
7550424,1116467,55.57
7550424,1116492,49.4
7550424,1116494,49.4
7550424,1116554,43.02
7550424,1116572,51.3
7550424,1116579,61.22
7550424,1116581,43.21
7550424,1116583,43.21
7550424,1116585,43.21
7550424,1116587,43.21
7550424,1116672,37.04
7550424,1116674,37.04
7550424,1116676,37.04
7550424,1116684,14.85
7550424,1116702,84.46
7550424,1116704,84.46
7550424,1116706,84.46
7550424,1116736,9.91
7550424,1116759,84.66
7550424,1116763,43.03
7550424,1116767,87.45
7550424,1116772,173.96
7550424,1116774,89.18
7550424,1116775,15.13
7550424,1116780,81.9
7550424,1117344,18.53
7550424,1117346,18.53
7550424,1117349,18.53
7550424,1117360,23.15
7550424,1117362,23.15
7550424,1117364,23.15
7550424,1117369,12.02
7550424,1117370,12.02
7550424,1117371,12.02
7550424,1117372,12.02
7550424,1117392,140.77
7550424,1117394,140.77
7550424,1117396,140.77
7550424,1117422,24.99
7550424,1117424,24.6
7550424,1117426,24.6
7550424,1117428,24.6
7550424,1117484,85.14
7550424,1117485,85.14
7550424,1117492,64.21
7550424,1117497,88.91
7550424,1117519,113.82
7550424,1117522,113.82
7550424,1117530,76.56
7550424,1117722,28.97
7550424,1117725,48.13
7550424,1117727,90.58
7550424,1117744,40.16
7550424,1117746,45.8
7550424,1117750,164.71
7550424,1117755,173.96
7550424,1117840,276.51
7550424,1117844,310.03
7550424,1117851,143.74
7550424,1117852,143.74
7550424,1117855,143.74
7550424,1117862,153.23
7550424,1117872,422.92
7550424,1117876,255.59
7550424,1117877,9.49
7550424,1117878,9.49
7550424,1117928,342.36
7550424,1118167,49.4
7550424,1118168,49.4
7550424,1118172,10.03
7550424,1118252,6.98
7550424,1118437,92.27
7550424,1118449,35.33
7550424,1118450,22.87
7550424,1118480,10.03
7550424,1118484,10.03
7550424,1118487,70.45
7550424,1118500,44.73
7550424,1118514,65.33
7550424,1118552,41.68
7550424,1118562,29.93
7550424,1118567,39.59
7550424,1118568,184.37
7550424,1118589,37.04
7550424,1118606,38.57
7550424,1118641,19.76
7550424,1118667,19.76
7550424,1118668,19.76
7550424,1118670,19.76
7550424,1118671,41.98
7550424,1118672,41.98
7550424,1118673,41.98
7550424,1118674,41.98
7550424,1118681,18.53
7550424,1118778,54.33
7550424,1118966,55.57
7550424,1119126,54.33
7550424,1119398,56.83
7550424,1119440,80.05
7550424,1119607,36.4
7550424,1119648,310.03
7550424,1119813,36.73
7550424,1120651,88.05
7550424,1120753,45.69
7550424,1120770,45.69
7550424,1120772,44.45
7550424,1120824,45.69
7550424,1120832,44.45
7550424,1120834,45.69
7550424,1120843,44.45
7550424,1121282,24.6
7550424,1122074,87.73
7550424,1122263,23.46
7550424,1122264,18.53
7550424,1122272,18.53
7550424,1122990,70.16
7550424,1123281,46.38
7550424,1123794,92.98
7550424,1123966,113.14
7550424,1123978,40.21
7550424,1123988,159.77
7550424,1123989,111.87
7550424,1123994,97.56
7550424,1124020,70
7550424,1124257,144.29
7550424,1124258,81
7550424,1124259,87.82
7550424,1124260,146.91
7550424,1124279,87.82
7550424,1124280,62.62
7550424,1124281,62.16
7550424,1124282,76.22
7550424,1124283,86.3
7550424,1124286,69.23
7550424,1124287,34.19
7550424,1124300,76.67
7550424,1124350,30.14
7550424,1124352,90.47
7550424,1124353,90.47
7550424,1124408,71.24
7550424,1124409,72.34
7550424,1124410,62.56
7550424,1124411,127.97
7550424,1124412,137.18
7550424,1124449,51.77
7550424,1124458,43.58
7550424,1124459,48.4
7550424,1124465,128.89
7550424,1124481,87.15
7550424,1124493,47.39
7550424,1124494,47.39
7550424,1124495,62.4
7550424,1124496,62.4
7550424,1124497,87.21
7550424,1124498,87.21
7550424,1124499,101.59
7550424,1124500,101.59
7550424,1124885,39.99
7550424,1124977,56.45
7550424,1125080,38.3
7550424,1125088,65.53
7550424,1125102,84.42
7550424,1125103,91.25
7550424,1125106,54.56
7550424,1125137,40.27
7550424,1125185,67.89
7550424,1125231,31.32
7550424,1125232,31.32
7550424,1125233,31.32
7550424,1125234,31.32
7550424,1125235,57.04
7550424,1125327,57.04
7550424,1125328,45.64
7550424,1125329,45.64
7550424,1125347,56.12
7550424,1125348,56.64
7550424,1125370,72.18
7550424,1125411,108
7550424,1126848,40.3
7550424,1137674,83.71
7550424,1138036,54.18
7550424,1138037,42.57
7550424,1138056,27.32
7550424,1138057,27.32
7550424,1138063,36.34
7550424,1138064,48.69
7550424,1138065,57.83
7550424,1138066,67.08
7550424,1138067,85.19
7550424,1138068,68.07
7550424,1138069,89.44
7550424,1138090,54.18
7550424,1138233,61.29
7550424,1138259,108.79
7550424,1138343,54.18
7550424,1138346,90.33
7550424,1138347,66.4
7550424,1138349,57.06
7550424,1138350,43.1
7550424,1138351,93.92
7550424,1138361,93.92
7550424,1138514,52.88
7550424,1138575,48.69
7550424,1138576,67.08
7550424,1138611,54.18
7550424,1138723,63.6
7550424,1138808,61.29
7550424,1139393,72.99
7550424,1139602,0.01
7550424,1139603,0.01
7550424,1139633,96.84
7550424,1141001,127.1
7550424,1141003,94.57
7550424,1141514,170.76
7550424,1141583,20.68
7550424,1141584,26.4
7550424,1141585,39.57
7550424,1141587,37.42
7550424,1142028,28
7550424,1142029,39.57
7550424,1142030,31.79
7550424,1142532,26.71
7550424,1142749,27.81
7550424,1143434,124.02
7550424,1143435,52.12
7550424,1143437,92.56
7550424,1143439,104.18
7550424,1143441,101.47
7550424,1143443,63.82
7550424,1143444,70.46
7550424,1143445,77.03
7550424,1143447,57.7
7550424,1143450,55.57
7550424,1143451,81.32
7550424,1143452,76.99
7550424,1143453,77.51
7550424,1143454,37.07
7550424,1144008,22.87
7550424,1144009,40.33
7550424,1144010,37.42
7550424,1144011,26.71
7550424,1144013,28.74
7550424,1144535,36.85
7550424,1144538,27.38
7550424,1144539,27.41
7550424,1144541,37.9
7550424,1144544,37.9
7550424,1144609,81.97
7550424,1144618,68.13
7550424,1144665,29.97
7550424,1144676,55.57
7550424,1144679,104.18
7550424,1144801,26.72
7550424,1145026,29.36
7550424,1145162,55.05
7550424,1145218,32.44
7550424,1145245,43.79
7550424,1145516,77.37
7550424,1145578,40.33
7550424,1145754,38.76
7550424,1145755,43.41
7550424,1145826,21.73
7550424,1145879,36.38
7550424,1145880,29.16
7550424,1145881,37.68
7550424,1145882,54.7
7550424,1145883,54.68
7550424,1145884,27.41
7550424,1145885,26.07
7550424,1145886,34.78
7550424,1145887,41.55
7550424,1145888,41.54
7550424,1145889,58.47
7550424,1145890,36.52
7550424,1145891,48.69
7550424,1145892,40.24
7550424,1145893,48.69
7550424,1146173,37.71
7550424,1146227,36.41
7550424,1146228,24.34
7550424,1146258,39.79
7550424,1146399,138.63
7550424,1146527,30.48
7550424,1146528,22.87
7550424,1146530,28.39
7550424,1146554,41.01
7550424,1146814,34.12
7550424,1146815,43.52
7550424,1146868,39.22
7550424,1146894,33.64
7550424,1146936,90.47
7550424,1147045,30.48
7550424,1147266,94.9
7550424,1147281,44.06
7550424,1147748,32.52
7550424,1147749,30.49
7550424,1147909,35.66
7550424,1148274,45.72
7550424,1148298,27.45
7550424,1148300,24.14
7550424,1148325,36.85
7550424,1148457,35.7
7550424,1148462,35.7
7550424,1148464,35.7
7550424,1148466,35.7
7550424,1148627,1827.58
7550424,1148699,43.56
7550424,1148837,30.22
7550424,1148838,42.96
7550424,1148861,43.83
7550424,1148931,35.61
7550424,1149040,38.86
7550424,1149141,58.04
7550424,1149144,58.04
7550424,1149259,31.17
7550424,1149260,34.52
7550424,1149817,20.68
7550424,1149949,79.5
7550424,1149965,38.99
7550424,1149966,39.87
7550424,1150034,34.19
7550424,1150088,100.63
7550424,1150101,58.04
7550424,1150104,58.04
7550424,1150137,57.82
7550424,1150781,54.49
7550424,1150827,40.67
7550424,1150863,135.13
7550424,1151067,83.67
7550424,1151595,83.93
7550424,1151602,83.93
7550424,1151806,44.45
7550424,1152599,46.43
7550424,1152649,70.75
7550424,1153160,77.31
7550424,1153506,41.69
7550424,1153567,34.56
7550424,1153569,37.71
7550424,1153576,57.15
7550424,1153589,55.54
7550424,1153591,42.58
7550424,1153592,27.75
7550424,1153593,15.56
7550424,1153594,23.83
7550424,1153596,35.99
7550424,1153599,25.86
7550424,1153601,35.93
7550424,1153786,191.93
7550424,1153917,187.57
7550424,1154002,36.62
7550424,1154003,28.95
7550424,1154376,25.46
7550424,1154500,33.66
7550424,1154622,40.79
7550424,1154791,101.47
7550424,1154829,43.79
7550424,1155025,23.46
7550424,1155028,83.67
7550424,1155233,37.04
7550424,1155334,37.04
7550424,1155337,37.04
7550424,1155471,44.58
7550424,1155482,30.74
7550424,1155588,46.77
7550424,1155916,29.53
7550424,1155921,41.71
7550424,1156343,18.15
7550424,1156519,33.89
7550424,1156608,69.23
7550424,1157302,44.22
7550424,1157499,64.11
7550424,1157652,48.53
7550424,1157675,63.6
7550424,1157676,121.36
7550424,1157677,50.19
7550424,1157678,76.16
7550424,1157679,97.52
7550424,1157681,63.6
7550424,1157682,63.6
7550424,1157825,77.03
7550424,1157916,0.01
7550424,1157917,0.01
7550424,1157918,0.01
7550424,1157938,96.25
7550424,1158405,170.87
7550424,1158577,90.33
7550424,1158579,32.91
7550424,1158580,34.12
7550424,1158581,46.47
7550424,1159489,88.13
7550424,1159490,88.13
7550424,1159497,164.21
7550424,1159546,69.87
7550424,1159713,30.22
7550424,1159771,66.49
7550424,1159772,26.44
7550424,1159773,51.49
7550424,1160167,24.25
7550424,1160488,86.58
7550424,1160786,31.7
7550424,1160900,13.29
7550424,1161019,116.88
7550424,1161078,104.18
7550424,1161105,83.5
7550424,1161167,310.03
7550424,1161216,111.39
7550424,1161286,37.03
7550424,1161473,89.9
7550424,1161686,76.42
7550424,1161694,70.75
7550424,1161739,43.08
7550424,1161742,98.8
7550424,1161753,106.13
7550424,1161754,59.9
7550424,1162040,28.53
7550424,1162122,88.06
7550424,1162274,28.33
7550424,1163251,188.34
7550424,1163959,116.88
7550424,1164097,47.74
7550424,1164254,64.44
7550424,1164975,60.87
7550424,1165558,4.26
7550424,1165559,4.26
7550424,1165562,4.26
7550424,1165563,4.26
7550424,1165565,4.26
7550424,1166228,47.1
7550424,1166307,55.05
7550424,1166701,50.19
7550424,1166796,75.98
7550424,1166932,122.46
7550424,1166997,55.06
7550424,1167012,34.19
7550424,1167022,113.53
7550424,1167023,113.53
7550424,1167031,42.95
7550424,1167472,50.01
7550424,1167495,36.65
7550424,1167496,38.9
7550424,1167498,45.62
7550424,1167499,30.35
7550424,1167500,26.86
7550424,1167502,29.43
7550424,1167503,36.52
7550424,1167504,33.18
7550424,1167600,35.09
7550424,1167631,33.88
7550424,1167652,120.1
7550424,1167692,78.1
7550424,1167803,71.24
7550424,1168353,24.03
7550424,1168356,29.26
7550424,1168358,27.01
7550424,1168398,124.35
7550424,1168399,137.96
7550424,1168400,130.11
7550424,1168401,164.38
7550424,1168434,46.27
7550424,1168626,54.1
7550424,1169276,44.97
7550424,1169300,60.87
7550424,1169501,44.97
7550424,1170057,0.01
7550424,1170135,0.01
7550424,1170138,0.01
7550424,1170140,0.01
7550424,1170222,90.5
7550424,1170223,885.28
7550424,1170224,88.13
7550424,1170937,31.4
7550424,1171022,60.87
7550424,1171056,46.69
7550424,1171134,90.47
7550424,1171137,90.47
7550424,1171532,54.88
7550424,1172562,88.13
7550424,1172563,88.13
7550424,1172589,885.28
7550424,1172590,188.34
7550424,1172712,56.74
7550424,1172976,115.12
7550424,1173054,144.46
7550424,1173055,59.48
7550424,1173667,84.17
7550424,1173668,70.15
7550424,1173867,38.86
7550424,1173900,12.78
7550424,1173921,4.26
7550424,1173922,4.26
7550424,1174097,92.56
7550424,1174338,43.52
7550424,1174990,55.05
7550424,1175469,206.25
7550424,1175528,69.12
7550424,1176105,88.89
7550424,1176311,52.88
7550424,1176417,0.01
7550424,1176418,0.01
7550424,1176419,0.01
7550424,1176564,72.34
7550424,1176637,59.45
7550424,1176737,54.29
7550424,1177043,148.78
7550424,1177496,46.53
7550424,1177593,34.85
7550424,1179486,144.5
7550424,1179488,74.77
7550424,1179520,130.94
7550424,1179522,125.32
7550424,1179592,95.78
7550424,1179816,67.28
7550424,1179894,76.67
7550424,1179897,139.49
7550424,1180019,161.66
7550424,1180053,37.22
7550424,1181303,65.33
7550424,1181655,153.84
7550424,1182585,92.22
7550424,1183302,65.89
7550424,1184107,101.03
7550424,1184108,87.78
7550424,1185225,96.88
7550424,1185626,55.57
7550424,1186280,48.69
7550424,1187906,165.37
7550424,1187945,55.57
7550424,1187948,55.57
7550424,1190466,44.62
7550424,1191205,55.57
7550424,1192303,33.94
7550424,1194482,39.69
7550424,1194772,206.25
7550424,1195758,160.56
7550424,1195759,148.47
7550424,1195760,144.49
7550424,1196018,254.38
7550424,1197190,169.08
7550424,1197275,35.13
7550424,1198280,54.49
7550424,1198397,41.14
7550424,1198550,29.37
7550424,1199064,41.05
7550424,1199199,63.82
7550424,1200035,80.01
7550424,1200126,113.74
7550424,1200263,27.11
7550424,1200913,30.14
7550424,1200915,30.14
7550424,1201148,110.98
7550424,1201149,57.1
7550424,1201253,46.99
7550424,1201699,33.89
7550424,1201700,23.46
7550424,1201704,148.18
7550424,1201707,148.18
7550424,1201711,148.18
7550424,1201713,148.18
7550424,1201801,31.79
7550424,1202007,35.66
7550424,1202220,167.28
7550424,1202528,105.34
7550424,1203241,27.11
7550424,1203335,151.44
7550424,1203410,88.13
7550424,1203639,27.05
7550424,1203640,33.88
7550424,1203740,24.2
7550424,1203917,94.34
7550424,1204127,114.35
7550424,1204128,114.35
7550424,1204277,128.89
7550424,1204302,120.94
7550424,1204303,69.88
7550424,1204304,120.94
7550424,1204319,48.56
7550424,1204353,104.66
7550424,1204669,77.14
7550424,1205177,81
7550424,1205701,39.38
7550424,1205706,40.71
7550424,1205707,65.31
7550424,1206060,44.97
7550424,1206248,20.17
7550424,1206251,34.5
7550424,1206252,27.22
7550424,1206253,38.6
7550424,1206256,32.96
7550424,1206282,143.28
7550424,1206471,27.84
7550424,1206472,48.49
7550424,1206473,61.03
7550424,1206773,41.54
7550424,1207213,78.06
7550424,1207274,188.34
7550424,1207426,177.74
7550424,1207513,41.17
7550424,1207674,124.29
7550424,1207825,46.99
7550424,1207959,88.13
7550424,1208111,75.63
7550424,1208152,885.28
7550424,1208153,109.38
7550424,1208205,44.94
7550424,1208214,88.13
7550424,1208232,88.13
7550424,1208319,88.13
7550424,1208320,84.77
7550424,1208966,151.64
7550424,1209101,34.06
7550424,1209150,80.96
7550424,1209170,43.79
7550424,1209373,87.44
7550424,1209375,54.18
7550424,1209412,94.36
7550424,1209434,71.19
7550424,1209436,61.5
7550424,1209475,104.41
7550424,1209882,44.94
7550424,1210275,35.25
7550424,1210380,76.22
7550424,1210658,120.94
7550424,1210787,90.47
7550424,1210798,217.82
7550424,1210843,54.18
7550424,1210864,188.34
7550424,1210881,33.6
7550424,1210883,37.11
7550424,1210884,37.11
7550424,1211066,104
7550424,1211498,92.56
7550424,1211696,64
7550424,1211746,165.37
7550424,1211962,88.13
7550424,1212429,84.09
7550424,1212430,56.9
7550424,1212649,72.9
7550424,1213226,164.71
7550424,1213228,73.78
7550424,1213231,76.22
7550424,1213232,69.23
7550424,1213233,73.78
7550424,1213236,44.81
7550424,1213239,51.74
7550424,1213274,88.13
7550424,1213414,74.18
7550424,1213588,128.89
7550424,1213599,93.67
7550424,1213606,18.37
7550424,1213906,54.18
7550424,1213912,117.85
7550424,1214061,46.78
7550424,1214081,7.95
7550424,1214174,93.49
7550424,1214792,33.94
7550424,1214840,38.52
7550424,1215024,63.24
7550424,1215141,66.4
7550424,1215420,143.6
7550424,1215570,149.27
7550424,1215571,147.43
7550424,1215655,33.94
7550424,1216006,137.77
7550424,1216008,80.22
7550424,1216168,34.31
7550424,1216479,51.37
7550424,1216480,51.37
7550424,1216485,34.67
7550424,1216486,51.37
7550424,1216487,62.8
7550424,1216489,23.84
7550424,1217489,169.28
7550424,1217586,92.67
7550424,1217596,65.51
7550424,1217701,155.81
7550424,1217803,185.01
7550424,1218489,62.49
7550424,1218512,32.59
7550424,1218513,32.59
7550424,1218565,42.47
7550424,1218714,66.4
7550424,1218731,94.36
7550424,1218732,44.81
7550424,1218747,25.55
7550424,1218840,144.29
7550424,1218940,188.34
7550424,1219529,40.71
7550424,1220435,188.34
7550424,1220487,54.88
7550424,1221263,127.97
7550424,1221831,80.9
7550424,1222321,97.03
7550424,1222417,71.24
7550424,1222422,73.78
7550424,1222475,62.62
7550424,1222871,77.31
7550424,1222873,42.57
7550424,1222874,27.32
7550424,1222969,54.18
7550424,1222972,164.38
7550424,1222976,56.8
7550424,1222978,28.12
7550424,1223033,152.73
7550424,1223388,165.37
7550424,1223545,53.26
7550424,1223575,97.55
7550424,1223701,94.36
7550424,1224499,70.45
7550424,1225490,89.62
7550424,1225660,34.06
7550424,1225744,19.93
7550424,1225766,121.36
7550424,1225799,25.65
7550424,1225805,117.85
7550424,1226650,69.35
7550424,1226984,61.16
7550424,1226986,40.71
7550424,1227046,78.78
7550424,1227048,94.3
7550424,1227974,69.5
7550424,1227975,69.5
7550424,1228061,51.74
7550424,1228067,24.63
7550424,1228071,24.63
7550424,1228375,87.82
7550424,1228519,44.81
7550424,1228562,101.9
7550424,1228596,62.6
7550424,1229225,48.89
7550424,1229746,30.14
7550424,1230032,62.56
7550424,1230454,131.09
7550424,1230455,160.71
7550424,1230456,160.71
7550424,1230457,160.71
7550424,1230458,127.31
7550424,1230459,139.81
7550424,1230460,131.5
7550424,1230468,71.27
7550424,1230469,75.8
7550424,1230470,75.8
7550424,1230479,103.08
7550424,1230480,103.08
7550424,1230481,103.08
7550424,1230482,180.83
7550424,1230483,180.83
7550424,1230484,128.31
7550424,1230493,162.65
7550424,1230508,89.26
7550424,1231152,66.17
7550424,1231750,72.34
7550424,1232173,29.12
7550424,1232174,50.47
7550424,1232175,41.69
7550424,1233074,31.7
7550424,1233550,48.92
7550424,1234239,101.47
7550424,1234600,96.88
7550424,1234670,313.1
7550424,1235220,60.29
7550424,1235763,112.54
7550424,1235772,47.51
7550424,1235773,61.87
7550424,1236147,157.49
7550424,1236227,35.67
7550424,1236228,22.51
7550424,1236236,36.3
7550424,1236237,30.83
7550424,1236382,180.12
7550424,1236576,106.37
7550424,1237092,6470.62
7550424,1237128,110.49
7550424,1237470,65.31
7550424,1237634,43.65
7550424,1237651,118.67
7550424,1237652,51.74
7550424,1237978,96.93
7550424,1238009,45.98
7550424,1238011,34
7550424,1238031,84.46
7550424,1238460,36.57
7550424,1238846,31.79
7550424,1239180,77.31
7550424,1239599,101.9
7550424,1239722,39.38
7550424,1240245,69.5
7550424,1240404,88.13
7550424,1240804,105.85
7550424,1241068,43.21
7550424,1241096,158
7550424,1241501,194.54
7550424,1241546,60.29
7550424,1242381,31.77
7550424,1242444,187.31
7550424,1242512,27.14
7550424,1242513,41.68
7550424,1242514,25.23
7550424,1242878,35.88
7550424,1243097,84.49
7550424,1244101,45.43
7550424,1244476,47.39
7550424,1244734,217.82
7550424,1244956,25.06
7550424,1245287,146.42
7550424,1246164,64.33
7550424,1246430,87.38
7550424,1246442,93.88
7550424,1246477,41.26
7550424,1246702,72.99
7550424,1246902,70.49
7550424,1246903,68.56
7550424,1247099,146.02
7550424,1247438,72.06
7550424,1247528,72.99
7550424,1247693,101.36
7550424,1247754,41.11
7550424,1247794,38.86
7550424,1248123,35.42
7550424,1248275,90.14
7550424,1248464,37.04
7550424,1248578,17.79
7550424,1248947,56.9
7550424,1249034,39.81
7550424,1249194,71.27
7550424,1250604,20.81
7550424,1250606,43.21
7550424,1250617,116.63
7550424,1250618,73.82
7550424,1250759,8.33
7550424,1250760,8.33
7550424,1250771,32.82
7550424,1250785,8.33
7550424,1250786,8.33
7550424,1250788,8.33
7550424,1250789,8.33
7550424,1250790,8.33
7550424,1251165,99.85
7550424,1251239,70
7550424,1251366,41.03
7550424,1251465,43.21
7550424,1251911,254.38
7550424,1252168,50.9
7550424,1252313,93.88
7550424,1253212,43.7
7550424,1254399,74.08
7550424,1254418,129.34
7550424,1254565,65.31
7550424,1255440,39.76
7550424,1256158,48.55
7550424,1256270,74.08
7550424,1256292,31.51
7550424,1256649,121.65
7550424,1257318,44.34
7550424,1257319,26.44
7550424,1257320,51.72
7550424,1257321,30.72
7550424,1257883,30.53
7550424,1257885,19.34
7550424,1258057,44.86
7550424,1258059,44.86
7550424,1258060,44.86
7550424,1258062,44.86
7550424,1258063,44.86
7550424,1258064,44.86
7550424,1258065,44.86
7550424,1258396,126.43
7550424,1258500,55.94
7550424,1258953,38.55
7550424,1259049,36.27
7550424,1259070,46.53
7550424,1259589,155.81
7550424,1259750,86.26
7550424,1260270,46.31
7550424,1260271,22.4
7550424,1260438,88.05
7550424,1260495,98.09
7550424,1260957,123.14
7550424,1261005,64.21
7550424,1261006,64.21
7550424,1261170,34.06
7550424,1261280,38.24
7550424,1261546,110
7550424,1262233,24.11
7550424,1262631,96.22
7550424,1262726,43.2
7550424,1262744,102.37
7550424,1262789,170.09
7550424,1262850,84.17
7550424,1263072,39.62
7550424,1263182,118.11
7550424,1263565,56.9
7550424,1263724,125.37
7550424,1264463,37.39
7550424,1264557,64.21
7550424,1264558,64.21
7550424,1264559,43.21
7550424,1265105,74.08
7550424,1265106,74.08
7550424,1265230,94.34
7550424,1265568,52.64
7550424,1265723,111.46
7550424,1265857,159.32
7550424,1266438,131.96
7550424,1266590,78.22
7550424,1266800,113.63
7550424,1266824,35.96
7550424,1266887,56.8
7550424,1266972,42.9
7550424,1266999,76.16
7550424,1267036,144.45
7550424,1267083,74.08
7550424,1267085,74.08
7550424,1267086,74.08
7550424,1267233,58.04
7550424,1267234,58.04
7550424,1267235,58.04
7550424,1267397,36.27
7550424,1267538,118.07
7550424,1267869,5.53
7550424,1268401,55.31
7550424,1268668,90.29
7550424,1268840,42.35
7550424,1269598,115.12
7550424,1269623,32.59
7550424,1270502,36.36
7550424,1270503,40.66
7550424,1270504,28.74
7550424,1270505,44.23
7550424,1270518,43.42
7550424,1270650,28
7550424,1270884,82.09
7550424,1270992,62.24
7550424,1270993,55.13
7550424,1270994,72.51
7550424,1271552,50.58
7550424,1271869,116.88
7550424,1272066,97.52
7550424,1272313,41.05
7550424,1272322,127.97
7550424,1272328,58.04
7550424,1272426,57.24
7550424,1273503,85.81
7550424,1273657,7864.44
7550424,1274083,313.1
7550424,1274084,313.1
7550424,1274570,203.7
7550424,1274602,52.88
7550424,1275135,30.62
7550424,1275588,80.27
7550424,1276574,21.93
7550424,1277046,94.34
7550424,1277047,39.62
7550424,1277531,21.09
7550424,1277908,91.81
7550424,1277925,47.86
7550424,1277975,21.09
7550424,1278034,49.4
7550424,1278035,49.4
7550424,1278036,49.4
7550424,1278038,49.4
7550424,1279770,38.52
7550424,1280569,73.72
7550424,1280649,185.08
7550424,1281878,86.76
7550424,1282326,13.29
7550424,1282373,74.08
7550424,1282518,60.18
7550424,1282519,60.51
7550424,1282791,5.28
7550424,1282792,5.28
7550424,1282793,5.28
7550424,1282795,5.28
7550424,1282797,5.28
7550424,1282798,5.28
7550424,1282799,5.28
7550424,1283406,66.17
7550424,1283763,50.38
7550424,1283918,33.1
7550424,1284173,62.09
7550424,1284276,30.14
7550424,1284299,5.53
7550424,1284301,5.53
7550424,1284685,59.92
7550424,1284708,80.27
7550424,1284709,80.27
7550424,1284710,80.27
7550424,1284830,27.71
7550424,1284967,98.05
7550424,1285050,28.3
7550424,1285416,33.37
7550424,1285666,37.51
7550424,1286060,71.54
7550424,1286299,69.91
7550424,1286343,91.65
7550424,1287358,41.66
7550424,1289465,132.18
7550424,1289722,49.12
7550424,1291374,57.94
7550424,1291833,92.9
7550424,1291870,93.78
7550424,1293231,98.05
7550424,1293392,31.11
7550424,1293443,60.09
7550424,1293614,106.03
7550424,1293786,106.03
7550424,1294743,98.05
7550424,1294747,76.64
7550424,1295316,64.96
7550424,1295711,66.07
7550424,1295728,164.17
7550424,1295995,21.09
7550424,1296078,44.47
7550424,1296764,97.16
7550424,1297191,40.43
7550424,1297779,92.15
7550424,1298396,8967.48
7550424,1298397,1193.42
7550424,1298398,313.1
7550424,1300183,123.67
7550424,1300563,59.27
7550424,1302851,23.96
7550424,1303379,106.03
7550424,1303598,188.34
7550424,1303599,88.13
7550424,1303600,88.13
7550424,1303601,88.13
7550424,1303603,53.81
7550424,1303604,33.37
7550424,1303605,54.77
7550424,1303606,1193.42
7550424,1303607,1193.42
7550424,1303608,1193.42
7550424,1303609,1193.42
7550424,1303610,1193.42
7550424,1303611,77.17
7550424,1304261,121.36
7550424,1304262,76.16
7550424,1304769,103.52
7550424,1304771,101.61
7550424,1305109,58.7
7550424,1305283,97.52
7550424,1305284,50.19
7550424,1305478,76.64
7550424,1305586,176.65
7550424,1306221,97.16
7550424,1307090,49.48
7550424,1307768,5.53
7550424,1307770,5.53
7550424,1307771,5.53
7550424,1307772,5.53
7550424,1308349,8519.1
7550424,1308756,79.42
7550424,1308793,885.28
7550424,1309242,76.64
7550424,1310733,54.18
7550424,1310920,79.84
7550424,1311077,92.03
7550424,1311230,54.19
7550424,1311657,75.24
7550424,1312339,1447.22
7550424,1312398,255.59
7550424,1312484,100.11
7550424,1312859,885.28
7550424,1312889,100.37
7550424,1312907,198.17
7550424,1313404,50.82
7550424,1313710,43.14
7550424,1313822,145.94
7550424,1314050,29.51
7550424,1315118,38.3
7550424,1315195,81.02
7550424,1315201,65.04
7550424,1315462,95.33
7550424,1315621,100.11
7550424,1315929,48.4
7550424,1315930,48.4
7550424,1316338,67.54
7550424,1316349,55.57
7550424,1316475,72.61
7550424,1316705,885.28
7550424,1316802,64.18
7550424,1316813,125.32
7550424,1316966,55.57
7550424,1317004,55.57
7550424,1317064,44.06
7550424,1317066,60.58
7550424,1317071,73.22
7550424,1317115,89.97
7550424,1317715,110.41
7550424,1318183,94.76
7550424,1318187,44.06
7550424,1318188,64.18
7550424,1318190,60.58
7550424,1318262,21.09
7550424,1318526,64.96
7550424,1318527,99.4
7550424,1318924,50
7550424,1319202,18.03
7550424,1319203,22.97
7550424,1319290,164.17
7550424,1319527,85.19
7550424,1321297,70.46
7550424,1321301,128.37
7550424,1321736,83.67
7550424,1322439,153.96
7550424,1322478,47.19
7550424,1322479,47.19
7550424,1322480,47.19
7550424,1322481,0.01
7550424,1322885,43.21
7550424,1322998,90.44
7550424,1323204,211.37
7550424,1323544,46.06
7550424,1323589,0.01
7550424,1323865,36.77
7550424,1325013,55.57
7550424,1325136,71.73
7550424,1325809,81.61
7550424,1325967,93.56
7550424,1326474,60.54
7550424,1326475,64.53
7550424,1326508,122.09
7550424,1326509,130.32
7550424,1326895,65.1
7550424,1327615,28.24
7550424,1327758,35.04
7550424,1327760,35.84
7550424,1328040,43.21
7550424,1328041,43.21
7550424,1328221,211.4
7550424,1328358,3156.62
7550424,1329403,44.92
7550424,1329606,47.19
7550424,1329804,55.57
7550424,1329805,55.57
7550424,1329997,144.46
7550424,1330414,64.38
7550424,1331061,44.58
7550424,1331142,50
7550424,1331143,43.21
7550424,1331772,74.77
7550424,1331923,55.57
7550424,1332474,21.89
7550424,1332666,34.17
7550424,1334162,199.86
7550424,1335191,50.16
7550424,1335438,83.93
7550424,1335751,78.32
7550424,1336998,66.17
7550424,1336999,66.17
7550424,1337598,67.54
7550424,1337958,146.42
7550424,1338157,247.33
7550424,1338814,95.56
7550424,1339013,55.57
7550424,1339014,58.99
7550424,1339957,40.83
7550424,1340645,85.36
7550424,1340686,137.96
7550424,1341097,165.37
7550424,1341637,41.98
7550424,1341810,114.03
7550424,1341828,313.1
7550424,1342434,71.02
7550424,1342643,93.12
7550424,1343566,54.3
7550424,1343567,54.3
7550424,1343590,49
7550424,1344642,139.86
7550424,1344643,131.19
7550424,1344647,142.25
7550424,1345104,54.3
7550424,1345230,92.27
7550424,1345232,92.27
7550424,1345233,92.27
7550424,1345526,139.39
7550424,1345827,137.96
7550424,1346259,142.25
7550424,1346584,55.57
7550424,1346614,93.12
7550424,1347038,139.39
7550424,1347277,153.38
7550424,1348430,106.43
7550424,1348613,65.59
7550424,1349181,88.28
7550424,1349182,41.75
7550424,1349805,42.18
7550424,1349806,43.45
7550424,1350013,39.58
7550424,1350990,45.69
7550424,1350991,45.69
7550424,1350992,45.69
7550424,1352979,71.42
7550424,1353324,66.07
7550424,1353361,38.32
7550424,1353363,36.33
7550424,1355311,35.63
7550424,1355832,101.41
7550424,1355834,101.41
7550424,1355835,101.41
7550424,1357110,43.75
7550424,1357416,59.6
7550424,1358158,32.31
7550424,1358777,104.7
7550424,1358931,1689.88
7550424,1359759,50.19
7550424,1360710,216.03
7550424,1360841,77.23
7550424,1362404,107.9
7550424,1363023,110.98
7550424,1363077,73.61
7550424,1363264,79.77
7550424,1363466,45.69
7550424,1364120,7664.46
7550424,1364129,148.76
7550424,1364609,96.32
7550424,1364989,45.69
7550424,1365000,45.69
7550424,1365325,95.56
7550424,1366293,45.69
7550424,1366307,132.61
7550424,1367894,7708.42
7550424,1367948,52.2
7550424,1368872,2389.34
7550424,1368884,81.61
7550424,1372631,86.76
7550424,1372731,70.46
7550424,1373138,86.81
7550424,1373919,22.75
7550424,1375113,114.23
7550424,1375760,169.08
7550424,1376714,5161
7550424,1377072,36.61
7550424,1377134,51.85
7550424,1378217,11672.5
7550424,1378603,80.37
7550424,1378841,45.69
7550424,1378898,297.48
7550424,1379526,47.01
7550424,1379753,58.53
7550424,1379897,55.3
7550424,1380095,111.03
7550424,1380483,101.24
7550424,1380943,199.86
7550424,1381315,187.75
7550424,1381354,101.59
7550424,1381437,80.31
7550424,1381543,109.55
7550424,1381544,103.63
7550424,1384300,72.61
7550424,1386917,56.8
7550424,1386918,56.8
7550424,1387996,52.75
7550424,1387997,52.75
7550424,1387999,61.11
7550424,1389264,57.02
7550424,1391318,146.02
7550424,1391795,132.99
7550424,1393375,169.08
7550424,1393766,24.02
7550424,1396701,143.74
7550424,1396710,109.34
7550424,1003658,8.01
7550424,1004324,79.06
7550424,1004974,90.35
7550424,1004975,85.99
7550424,1004976,84.95
7550424,1005610,46.44
7550424,1005929,70.66
7550424,1006100,61.4
7550424,1006101,67.57
7550424,1006102,72.13
7550424,1006386,133.6
7550424,1006481,91.47
7550424,1006799,88.54
7550424,1007097,134.2
7550424,1007935,91.12
7550424,1007936,52.77
7550424,1008089,77.14
7550424,1008384,106.57
7550424,1008409,104.86
7550424,1008700,92.68
7550424,1008995,98.14
7550424,1009188,133.6
7550424,1009590,169.8
7550424,1011197,110.4
7550424,1011338,85.15
7550424,1011340,66.85
7550424,1011608,134.87
7550424,1011610,175.37
7550424,1012967,77.82
7550424,1012968,68.55
7550424,1012969,40.95
7550424,1013002,75.62
7550424,1013003,72
7550424,1013413,295.64
7550424,1013730,78.64
7550424,1014986,130.82
7550424,1014987,84.1
7550424,1014988,177.32
7550424,1014997,95.34
7550424,1015016,82.77
7550424,1015060,83.06
7550424,1015235,63.89
7550424,1015258,25.59
7550424,1015264,67.43
7550424,1015767,45.95
7550424,1015789,64.3
7550424,1015790,34.96
7550424,1015805,91.33
7550424,1015806,45.57
7550424,1015810,58.96
7550424,1015814,41.31
7550424,1015815,26.92
7550424,1015816,49.61
7550424,1015878,44.83
7550424,1015894,58.74
7550424,1015896,61.65
7550424,1015897,40.61
7550424,1015902,27.63
7550424,1015999,56.67
7550424,1016007,25.48
7550424,1016056,67.35
7550424,1016068,55.69
7550424,1016075,51.65
7550424,1016081,48.55
7550424,1016082,48.46
7550424,1016090,30.37
7550424,1016091,44.3
7550424,1016093,34.15
7550424,1016103,42.51
7550424,1016145,36.18
7550424,1016177,23.09
7550424,1016212,29.65
7550424,1016213,100.55
7550424,1016214,37.78
7550424,1016215,25.99
7550424,1016221,42.29
7550424,1016223,44.05
7550424,1016225,34.89
7550424,1016226,51.74
7550424,1016227,43.39
7550424,1016228,60.59
7550424,1016232,45.12
7550424,1016273,84.21
7550424,1016291,27.24
7550424,1016300,31.26
7550424,1016398,77.12
7550424,1016513,66.87
7550424,1016520,114.62
7550424,1016521,71.77
7550424,1016535,70.84
7550424,1016599,26.78
7550424,1016608,89.72
7550424,1017226,72.42
7550424,1017252,72.42
7550424,1017259,60.94
7550424,1017290,41.32
7550424,1017295,57.13
7550424,1017296,59.91
7550424,1017297,58.99
7550424,1017325,54.83
7550424,1017327,63.36
7550424,1017336,75.72
7550424,1017338,27.7
7550424,1017361,62.51
7550424,1017380,44.87
7550424,1017386,34.8
7550424,1017387,105.04
7550424,1017388,27.02
7550424,1017390,117.27
7550424,1017408,27.88
7550424,1017417,64.49
7550424,1017422,69.07
7550424,1017478,78.49
7550424,1017479,55.7
7550424,1017480,56.33
7550424,1017481,54.09
7550424,1017518,31.49
7550424,1017519,31.5
7550424,1017524,42.68
7550424,1017578,56.92
7550424,1017596,56.33
7550424,1017613,59.75
7550424,1017631,77.41
7550424,1017632,36.18
7550424,1017643,49.8
7550424,1017670,72.42
7550424,1017671,75.52
7550424,1017672,49.21
7550424,1017673,72.42
7550424,1017674,49.83
7550424,1017693,61.15
7550424,1017737,100.77
7550424,1017775,53.24
7550424,1017800,75.52
7550424,1017804,90.02
7550424,1017805,42.23
7550424,1017811,52.63
7550424,1017819,29.01
7550424,1017828,34.79
7550424,1017843,40.02
7550424,1017844,52.55
7550424,1017845,70.06
7550424,1017848,80
7550424,1017849,84.21
7550424,1017850,91.33
7550424,1017851,80.6
7550424,1017872,45.34
7550424,1017973,61.67
7550424,1017983,17.44
7550424,1018659,83.06
7550424,1018991,48.54
7550424,1019260,42.86
7550424,1019573,108.59
7550424,1019575,105.36
7550424,1019576,122.49
7550424,1019795,63.77
7550424,1019806,75.11
7550424,1019846,103.98
7550424,1019848,64.8
7550424,1019849,64.23
7550424,1019850,75.67
7550424,1019857,94.7
7550424,1019866,102.17
7550424,1019873,111.39
7550424,1020409,80.74
7550424,1020800,99.26
7550424,1020801,98.07
7550424,1021951,51.9
7550424,1022006,66.94
7550424,1022120,47.5
7550424,1022124,61.7
7550424,1022140,55.62
7550424,1022143,57.17
7550424,1022155,115.35
7550424,1022164,76.55
7550424,1022248,44.93
7550424,1022352,47.76
7550424,1022353,48.66
7550424,1022363,48.8
7550424,1022366,66.65
7550424,1022376,37.99
7550424,1022377,55.91
7550424,1022384,72.38
7550424,1022391,63.11
7550424,1027066,41.65
7550424,1028749,25.92
7550424,1028826,44.91
7550424,1028834,22.21
7550424,1028858,47.92
7550424,1030517,30.42
7550424,1030616,19.42
7550424,1030617,35.4
7550424,1030991,19.43
7550424,1030992,21.33
7550424,1030993,21.32
7550424,1031010,43.59
7550424,1031011,43.03
7550424,1031012,34.32
7550424,1031052,37.22
7550424,1031075,22.46
7550424,1031191,18.64
7550424,1031215,23.13
7550424,1032171,24.24
7550424,1033716,228.67
7550424,1036160,15.91
7550424,1036298,27.29
7550424,1036299,29.83
7550424,1036660,98.71
7550424,1049290,30.29
7550424,1049300,42.54
7550424,1049347,59.19
7550424,1049348,83.69
7550424,1049357,63.71
7550424,1049375,28.95
7550424,1049379,39.43
7550424,1049406,88.37
7550424,1049407,31.06
7550424,1049408,69.96
7550424,1049422,73.93
7550424,1049443,40.22
7550424,1049449,28.84
7550424,1049464,40.9
7550424,1049466,73.22
7550424,1049467,86.46
7550424,1049468,26.25
7550424,1049469,44.35
7550424,1049480,67.55
7550424,1049482,108.42
7550424,1049483,137.5
7550424,1049511,96.83
7550424,1049513,26.71
7550424,1049514,36.93
7550424,1049527,71.23
7550424,1049655,26.54
7550424,1049656,34.85
7550424,1049657,57.72
7550424,1049658,64.62
7550424,1049660,47.57
7550424,1049661,66.64
7550424,1049664,79.42
7550424,1049666,42.74
7550424,1049667,43.49
7550424,1049670,69.96
7550424,1049671,88.37
7550424,1051923,77.51
7550424,1064881,53.24
7550424,1064908,37.44
7550424,1064937,47.28
7550424,1075937,104.75
7550424,1083224,88.26
7550424,1083225,87.44
7550424,1083226,88.41
7550424,1115240,48.84
7550424,1115855,24.42
7550424,1115864,19.74
7550424,1115879,32.75
7550424,1116016,15.14
7550424,1116416,16.7
7550424,1123549,25.01
7550424,1124196,30.71
7550424,1124197,30.71
7550424,1124198,35.55
7550424,1124225,17.35
7550424,1124307,19.53
7550424,1125498,26.02
7550424,1136987,108.58
7550424,1137174,132.06
7550424,1138776,44.92
7550424,1138799,48.38
7550424,1138800,46.98
7550424,1140442,139.52
7550424,1141207,45.75
7550424,1141214,39.7
7550424,1141993,194.1
7550424,1142725,45.61
7550424,1143216,61.28
7550424,1144590,60.42
7550424,1145514,48.74
7550424,1146784,59.27
7550424,1146806,138.5
7550424,1150414,39.96
7550424,1150772,26.26
7550424,1151121,65.94
7550424,1151214,14.04
7550424,1152004,96.83
7550424,1152951,40.02
7550424,1153930,48.26
7550424,1154097,100.85
7550424,1154124,13.14
7550424,1154827,12.38
7550424,1155503,76.33
7550424,1155816,154.74
7550424,1155894,17.89
7550424,1156670,102.24
7550424,1156815,63.6
7550424,1157057,53.43
7550424,1157658,50.19
7550424,1157659,68.7
7550424,1157977,28.92
7550424,1159455,30.02
7550424,1160467,59.92
7550424,1160468,80.68
7550424,1161075,49.55
7550424,1161869,27.26
7550424,1162749,11.75
7550424,1163482,101.56
7550424,1163918,104.87
7550424,1164426,96.12
7550424,1164593,77.02
7550424,1164594,76.08
7550424,1165148,107.09
7550424,1165332,31.12
7550424,1165568,41.85
7550424,1165667,88.7
7550424,1165768,43.99
7550424,1166884,26.27
7550424,1166941,64.66
7550424,1166942,78.97
7550424,1167332,16.68
7550424,1167691,84.11
7550424,1168727,14.44
7550424,1169586,54.5
7550424,1170295,39.84
7550424,1170441,141.11
7550424,1170442,238.41
7550424,1170443,155.5
7550424,1170636,71.38
7550424,1170680,74.08
7550424,1170952,70.54
7550424,1171583,73.38
7550424,1172517,91.31
7550424,1172650,90.6
7550424,1172858,155.09
7550424,1172925,15.38
7550424,1173353,76.62
7550424,1173474,24.32
7550424,1174160,104.3
7550424,1174161,123.88
7550424,1174264,56.54
7550424,1174265,56.1
7550424,1174266,55.37
7550424,1175059,141.82
7550424,1175277,82.29
7550424,1175298,137.92
7550424,1175702,136.29
7550424,1175738,196.51
7550424,1175813,87.33
7550424,1176294,206.16
7550424,1176968,69.77
7550424,1177425,102.24
7550424,1179030,55.93
7550424,1179034,75.53
7550424,1179607,78.89
7550424,1180411,52.81
7550424,1180415,101.55
7550424,1180546,41.17
7550424,1180799,88.92
7550424,1180806,70.66
7550424,1181275,114
7550424,1181376,78.27
7550424,1181377,63.7
7550424,1184960,94.46
7550424,1185475,127.67
7550424,1185476,102.25
7550424,1185477,114.35
7550424,1185497,60.54
7550424,1188254,210.17
7550424,1188601,89.09
7550424,1190529,69.33
7550424,1191088,54.21
7550424,1192237,14.23
7550424,1192363,95.88
7550424,1194602,10.1
7550424,1195666,30.48
7550424,1197789,94.44
7550424,1197817,81.75
7550424,1199078,8.87
7550424,1199094,122.7
7550424,1199096,87.19
7550424,1199097,87.19
7550424,1199098,102.06
7550424,1199100,102.06
7550424,1199102,94.99
7550424,1199104,115.56
7550424,1199105,109.51
7550424,1199106,89.5
7550424,1199107,86.52
7550424,1200246,104
7550424,1200545,109.91
7550424,1203825,69.8
7550424,1204116,65.44
7550424,1204330,43.6
7550424,1204723,52.31
7550424,1204724,52.29
7550424,1204725,62.54
7550424,1204726,70.33
7550424,1204727,78.75
7550424,1204730,29.07
7550424,1204732,30.36
7550424,1204735,30.36
7550424,1204740,33.66
7550424,1204741,57.53
7550424,1204742,59.75
7550424,1204743,59.75
7550424,1204744,71.17
7550424,1204745,73.76
7550424,1204746,73.76
7550424,1204747,106.45
7550424,1204764,64.89
7550424,1205857,199.53
7550424,1206986,34.32
7550424,1208281,56.74
7550424,1208291,45.66
7550424,1208572,64.33
7550424,1208751,71.34
7550424,1208799,101.5
7550424,1208800,77.72
7550424,1209204,119.47
7550424,1209205,139.28
7550424,1209207,161.75
7550424,1209439,105.62
7550424,1209802,102.35
7550424,1209803,125.69
7550424,1209820,70.23
7550424,1210027,95.49
7550424,1210832,92.56
7550424,1211189,78.37
7550424,1211200,77.66
7550424,1212063,112.87
7550424,1213819,67.77
7550424,1213998,112.1
7550424,1214102,99.88
7550424,1214126,224.47
7550424,1214561,97.88
7550424,1215162,62.03
7550424,1215200,118.11
7550424,1215385,98.56
7550424,1215430,116.38
7550424,1215431,166.22
7550424,1215680,53.28
7550424,1216041,113.22
7550424,1216101,98.9
7550424,1216102,101.29
7550424,1216518,106.27
7550424,1216580,62.45
7550424,1216805,38.07
7550424,1217330,67.16
7550424,1217603,128.88
7550424,1217879,118.74
7550424,1217947,155.5
7550424,1217948,105.69
7550424,1218707,120.44
7550424,1218771,160.41
7550424,1218783,51.45
7550424,1218843,70.95
7550424,1218909,62.27
7550424,1218918,49.88
7550424,1218939,33.28
7550424,1218989,62.32
7550424,1218997,53.38
7550424,1219028,143.12
7550424,1219029,80.25
7550424,1219117,141.46
7550424,1219584,70.88
7550424,1219683,152.04
7550424,1219684,128.11
7550424,1219689,308.58
7550424,1220337,111.14
7550424,1220338,63.43
7550424,1220395,119.99
7550424,1221039,68.85
7550424,1221329,80.63
7550424,1222059,105.28
7550424,1222341,101.99
7550424,1222384,115.67
7550424,1222385,126.66
7550424,1222731,101.02
7550424,1222981,62.11
7550424,1223821,90.95
7550424,1223917,106.72
7550424,1224182,74.12
7550424,1226207,140.59
7550424,1226208,66.57
7550424,1226250,102.7
7550424,1226251,125.16
7550424,1226252,194.28
7550424,1226253,86.67
7550424,1226279,125.4
7550424,1226281,107.09
7550424,1226282,96.54
7550424,1226545,82.35
7550424,1226724,114.35
7550424,1226840,162.56
7550424,1226969,58.76
7550424,1227107,127.67
7550424,1227412,34.32
7550424,1227765,70.27
7550424,1227953,92.48
7550424,1228613,126.19
7550424,1229021,94.35
7550424,1229023,70.92
7550424,1229024,41.28
7550424,1229026,50.75
7550424,1229272,56.04
7550424,1229275,54.12
7550424,1229279,84.74
7550424,1229280,68.79
7550424,1229282,117.79
7550424,1229356,75.89
7550424,1229427,148.27
7550424,1229992,114.94
7550424,1230046,259.2
7550424,1230613,250.3
7550424,1231293,69.23
7550424,1231531,57.15
7550424,1232559,57.67
7550424,1232560,57.67
7550424,1232561,57.41
7550424,1234505,67.78
7550424,1234560,46.94
7550424,1234681,76.08
7550424,1235054,132.97
7550424,1235055,151.08
7550424,1235056,112.9
7550424,1235057,106.76
7550424,1235274,117.79
7550424,1235874,117.95
7550424,1236009,30.7
7550424,1236259,99.4
7550424,1236336,142.15
7550424,1236584,35.26
7550424,1236974,35.93
7550424,1236975,114.68
7550424,1236976,15.13
7550424,1236991,15.32
7550424,1236992,85.4
7550424,1236993,23.94
7550424,1236994,32.15
7550424,1236996,19.47
7550424,1236997,20.6
7550424,1237054,69.67
7550424,1237252,82.13
7550424,1237466,90.39
7550424,1237924,153.08
7550424,1238003,114.5
7550424,1238317,125.83
7550424,1238593,72.81
7550424,1238834,124.94
7550424,1239253,88.39
7550424,1239550,52.16
7550424,1239957,61.18
7550424,1240024,63.57
7550424,1241138,56.2
7550424,1241347,85.92
7550424,1241952,89.97
7550424,1241953,151.12
7550424,1242013,78.33
7550424,1242387,149.62
7550424,1242414,50.12
7550424,1242554,35.31
7550424,1243059,109.07
7550424,1243218,78.79
7550424,1243378,68.01
7550424,1243379,69.74
7550424,1243463,97.45
7550424,1245225,94.46
7550424,1245273,87.56
7550424,1245290,92.69
7550424,1245335,30.24
7550424,1245866,113.39
7550424,1245934,12.42
7550424,1246218,112.67
7550424,1246219,71.99
7550424,1246220,104.07
7550424,1246916,100.23
7550424,1246976,57.99
7550424,1247012,53.1
7550424,1247100,126.07
7550424,1247581,234.05
7550424,1248222,87.65
7550424,1248237,103.73
7550424,1248725,61.39
7550424,1248784,44.88
7550424,1248785,114.35
7550424,1248786,77.72
7550424,1248787,75.47
7550424,1249941,64.93
7550424,1250014,39.58
7550424,1250795,39.56
7550424,1251304,100.15
7550424,1251306,101.85
7550424,1251337,190.05
7550424,1252277,292.88
7550424,1252830,112.56
7550424,1252860,26.79
7550424,1253103,116.97
7550424,1253201,86.1
7550424,1253237,94.44
7550424,1253238,90.81
7550424,1253240,84.14
7550424,1253243,441.08
7550424,1253244,534.01
7550424,1253246,344.64
7550424,1253247,344.64
7550424,1253249,210.55
7550424,1253250,631.62
7550424,1253252,277
7550424,1253253,233.48
7550424,1253254,551.65
7550424,1253256,110.74
7550424,1253257,160.24
7550424,1253258,154.41
7550424,1253260,151.49
7550424,1253261,228.19
7550424,1253262,315.23
7550424,1253561,110.85
7550424,1253685,123.54
7550424,1253740,105.68
7550424,1254440,85.36
7550424,1254569,56.14
7550424,1255008,160.41
7550424,1255009,148.48
7550424,1255010,127.56
7550424,1255301,77
7550424,1255303,39.07
7550424,1255304,48.39
7550424,1255305,95.15
7550424,1255306,55.76
7550424,1255307,61.59
7550424,1255308,64.57
7550424,1255309,77.64
7550424,1255310,90.16
7550424,1255355,78.18
7550424,1255429,89.16
7550424,1255459,124.7
7550424,1255474,171.34
7550424,1255475,158.04
7550424,1255504,150.39
7550424,1255831,23.75
7550424,1256386,81.37
7550424,1256511,63.63
7550424,1257356,31
7550424,1257358,41.88
7550424,1257893,100.11
7550424,1257918,99.63
7550424,1259322,111.4
7550424,1259432,30.2
7550424,1259885,44.94
7550424,1259947,108.87
7550424,1259948,125.97
7550424,1260860,109.59
7550424,1260976,59.44
7550424,1261096,74.22
7550424,1261517,153.55
7550424,1261659,196.54
7550424,1261896,88.79
7550424,1261983,64.01
7550424,1261991,89.77
7550424,1262063,166.88
7550424,1262064,243.33
7550424,1262263,103.25
7550424,1262468,153.23
7550424,1262534,69.77
7550424,1262635,29.71
7550424,1262721,82.19
7550424,1262722,73.96
7550424,1262751,139.32
7550424,1262845,75.8
7550424,1263062,79.6
7550424,1263063,115.67
7550424,1263359,137.37
7550424,1263749,52.03
7550424,1263957,62.76
7550424,1264532,36.62
7550424,1264812,84.3
7550424,1264813,85.35
7550424,1264816,93.2
7550424,1265285,67.05
7550424,1265445,93.21
7550424,1265503,109.8
7550424,1266250,30.71
7550424,1266318,124.94
7550424,1266728,182.98
7550424,1266788,51.9
7550424,1267158,43.52
7550424,1267552,142.5
7550424,1267787,71.54
7550424,1267791,64.43
7550424,1268013,94.87
7550424,1268191,10.87
7550424,1268221,186.82
7550424,1268222,65.93
7550424,1268223,85.98
7550424,1268224,137.19
7550424,1268225,133.98
7550424,1268226,45.69
7550424,1268415,141.32
7550424,1268416,144.93
7550424,1268417,164.26
7550424,1268451,40.95
7550424,1268672,81.69
7550424,1269023,86.52
7550424,1270118,17.01
7550424,1271127,81.08
7550424,1271593,51.32
7550424,1271594,52.3
7550424,1271595,52.78
7550424,1271624,46.6
7550424,1271628,45.28
7550424,1271635,52.53
7550424,1271637,69.8
7550424,1272027,75.2
7550424,1272295,59.97
7550424,1272298,42.5
7550424,1273246,157.78
7550424,1273733,44.63
7550424,1273774,108.76
7550424,1273939,93.71
7550424,1274007,119.18
7550424,1274036,77.81
7550424,1274301,91.48
7550424,1274302,91.48
7550424,1274875,88.54
7550424,1275808,78.62
7550424,1276216,71.38
7550424,1276419,205.72
7550424,1276448,94.02
7550424,1276580,96.55
7550424,1277267,55.39
7550424,1277912,86.38
7550424,1278452,59.32
7550424,1278533,56.73
7550424,1278534,78.45
7550424,1278535,46.3
7550424,1278536,79.77
7550424,1278704,96.52
7550424,1278905,52.72
7550424,1279200,124.94
7550424,1279297,136.39
7550424,1279298,127.42
7550424,1279594,105.82
7550424,1279601,28.21
7550424,1279604,22.3
7550424,1279609,76.74
7550424,1279852,84.6
7550424,1279853,81.79
7550424,1279856,90.54
7550424,1279859,91.01
7550424,1279860,153.04
7550424,1279863,185.45
7550424,1279864,98.33
7550424,1279865,84.03
7550424,1279867,130.03
7550424,1279868,78.11
7550424,1279869,81.72
7550424,1279870,122.83
7550424,1280170,141.63
7550424,1280172,93.47
7550424,1280558,83.69
7550424,1280843,86.53
7550424,1280844,162.23
7550424,1281068,66.91
7550424,1281082,65.96
7550424,1281087,51.65
7550424,1281088,63.59
7550424,1281156,39.8
7550424,1281157,68.75
7550424,1281158,39.8
7550424,1281160,46.15
7550424,1281161,84.33
7550424,1281162,22.46
7550424,1281163,47.7
7550424,1281164,37.2
7550424,1281169,76.87
7550424,1281170,68.73
7550424,1281174,56.63
7550424,1281175,78.04
7550424,1281176,81.39
7550424,1281729,124.37
7550424,1281825,81.97
7550424,1281917,63.08
7550424,1282172,104.96
7550424,1282220,90.81
7550424,1282347,80.16
7550424,1282474,78.46
7550424,1282495,55
7550424,1282676,47.65
7550424,1282763,64.22
7550424,1282802,129.05
7550424,1283132,63.11
7550424,1283642,149.76
7550424,1283808,85.19
7550424,1283855,79.89
7550424,1284024,55
7550424,1284179,56.58
7550424,1285078,53.9
7550424,1285295,56.77
7550424,1285396,99.22
7550424,1285810,19.57
7550424,1286453,90.35
7550424,1287553,69.52
7550424,1287854,40.28
7550424,1288217,81.17
7550424,1288258,94.98
7550424,1288259,64.37
7550424,1288295,61.81
7550424,1289110,78.73
7550424,1290043,91.98
7550424,1290289,209.75
7550424,1290291,101.81
7550424,1290395,38.29
7550424,1290549,321.15
7550424,1290581,67.77
7550424,1291293,85.83
7550424,1291294,80.7
7550424,1291296,107.09
7550424,1291316,459.91
7550424,1291559,91.48
7550424,1292094,70.13
7550424,1292224,52.46
7550424,1293049,58
7550424,1293568,125.38
7550424,1293671,27.58
7550424,1293919,86.98
7550424,1294147,73.76
7550424,1294280,53.38
7550424,1294557,41.14
7550424,1294644,46.17
7550424,1294735,106.62
7550424,1294994,85.84
7550424,1295552,64.92
7550424,1295732,95.23
7550424,1295765,234.07
7550424,1295853,28.98
7550424,1295856,103.35
7550424,1296009,100.9
7550424,1296048,26.79
7550424,1296114,35.3
7550424,1296434,178.47
7550424,1296445,50.98
7550424,1296451,122.06
7550424,1296452,107.78
7550424,1296505,204.87
7550424,1296507,76.26
7550424,1296627,17.79
7550424,1297710,98.8
7550424,1297738,33.98
7550424,1298098,80.08
7550424,1298122,151.54
7550424,1298123,37.6
7550424,1298300,260.66
7550424,1299380,34.66
7550424,1300010,166.97
7550424,1300060,124.94
7550424,1300908,134.88
7550424,1300909,56.62
7550424,1300913,9.63
7550424,1300917,60.26
7550424,1300919,46.15
7550424,1301171,87.25
7550424,1302264,89.92
7550424,1302554,176.07
7550424,1302888,122.29
7550424,1303068,176.42
7550424,1303200,103.15
7550424,1303297,209.37
7550424,1303763,149.75
7550424,1304938,117.98
7550424,1304939,148.61
7550424,1304970,71.53
7550424,1305045,177.32
7550424,1305404,54.32
7550424,1305405,28.89
7550424,1305442,95.23
7550424,1306345,46.63
7550424,1306346,98.7
7550424,1306935,391.77
7550424,1307430,109.18
7550424,1307479,83.47
7550424,1307492,88.37
7550424,1308300,105.42
7550424,1308315,53.56
7550424,1308399,41.51
7550424,1308605,147.18
7550424,1308606,87.45
7550424,1309258,403.27
7550424,1310547,9.12
7550424,1311620,86.84
7550424,1311644,270.12
7550424,1311945,53.4
7550424,1312446,80.7
7550424,1312448,81.69
7550424,1312449,85.83
7550424,1312450,80.14
7550424,1312460,71.47
7550424,1312712,98.83
7550424,1312804,67.09
7550424,1313129,196.51
7550424,1313493,73.4
7550424,1313554,119.05
7550424,1313562,90.09
7550424,1314075,70.79
7550424,1314076,99.77
7550424,1315309,125
7550424,1315393,11.44
7550424,1315566,48.57
7550424,1315750,87.22
7550424,1315751,46.66
7550424,1317922,133.26
7550424,1317924,262.3
7550424,1317926,149.97
7550424,1318067,164.08
7550424,1319710,122.09
7550424,1319882,12.13
7550424,1320042,72.52
7550424,1320043,70.61
7550424,1320044,102.47
7550424,1320046,76.68
7550424,1320740,69.04
7550424,1320741,28.8
7550424,1320796,87.33
7550424,1320800,213.62
7550424,1321060,68.54
7550424,1321372,124.94
7550424,1322340,8.11
7550424,1322378,236.05
7550424,1322379,125.8
7550424,1322791,120.07
7550424,1322886,43.27
7550424,1323524,74.61
7550424,1323656,39.72
7550424,1323657,66.91
7550424,1324006,44.27
7550424,1324008,55.73
7550424,1324510,65.71
7550424,1324620,141.64
7550424,1324782,70.06
7550424,1325103,65.67
7550424,1325184,74.15
7550424,1325395,77.64
7550424,1325396,86.04
7550424,1325423,90.55
7550424,1325454,92.57
7550424,1325546,65.89
7550424,1325822,100.31
7550424,1325887,66.56
7550424,1326082,72.3
7550424,1326130,113.43
7550424,1326148,46.93
7550424,1326180,94.87
7550424,1326181,59.79
7550424,1326250,116.38
7550424,1326334,73.16
7550424,1326586,105.93
7550424,1326746,40.88
7550424,1326860,52.42
7550424,1327193,68.99
7550424,1327329,83.48
7550424,1328236,122.24
7550424,1328569,32.21
7550424,1328858,161.22
7550424,1328859,106.3
7550424,1329105,94.01
7550424,1329198,112.35
7550424,1329199,86.4
7550424,1329849,40.82
7550424,1330030,106.65
7550424,1330161,184.65
7550424,1330425,45.57
7550424,1330578,121.16
7550424,1330856,90.58
7550424,1330863,126.25
7550424,1330973,123.45
7550424,1331175,86.45
7550424,1331568,98.62
7550424,1331569,124.04
7550424,1331570,181.18
7550424,1331571,184.54
7550424,1331572,159.01
7550424,1331706,104.08
7550424,1331723,72.64
7550424,1332022,110.36
7550424,1332076,148.68
7550424,1332077,112.31
7550424,1332078,92.21
7550424,1332079,97.95
7550424,1332080,108.55
7550424,1332081,112.43
7550424,1332082,124.66
7550424,1332083,165.99
7550424,1332335,109.21
7550424,1333987,108.52
7550424,1334003,244.37
7550424,1335126,42.35
7550424,1335306,80.87
7550424,1335307,94.53
7550424,1337101,102.17
7550424,1337458,3.22
7550424,1337763,110.63
7550424,1338066,117.63
7550424,1338337,66.56
7550424,1338585,64.5
7550424,1338620,52
7550424,1338683,114.94
7550424,1338703,110.36
7550424,1338922,125.49
7550424,1339267,77.93
7550424,1339268,119.07
7550424,1339269,60.78
7550424,1339270,54.7
7550424,1339274,50.41
7550424,1339275,73.6
7550424,1339276,70.08
7550424,1339283,75.18
7550424,1339424,99.99
7550424,1339467,50.18
7550424,1339468,58.5
7550424,1339686,102.75
7550424,1340625,111.46
7550424,1340824,169.8
7550424,1341141,71.09
7550424,1341249,102.51
7550424,1341270,72.13
7550424,1341333,155.49
7550424,1341521,88.82
7550424,1341522,78.4
7550424,1341938,198.59
7550424,1341971,108.17
7550424,1341980,137.7
7550424,1342177,49.13
7550424,1342426,70
7550424,1342497,99.88
7550424,1342846,21.53
7550424,1344109,54.73
7550424,1344170,84.71
7550424,1344503,100.17
7550424,1344712,202.3
7550424,1344797,21.5
7550424,1344901,167.27
7550424,1345023,112.1
7550424,1345024,108.17
7550424,1345027,111.21
7550424,1345213,87.84
7550424,1345562,84.71
7550424,1345987,70.68
7550424,1346402,45.56
7550424,1346407,53.28
7550424,1346408,67
7550424,1346409,59.29
7550424,1346410,48.69
7550424,1346554,131.76
7550424,1347127,72.45
7550424,1347472,123.9
7550424,1348571,68.72
7550424,1348660,34.71
7550424,1349119,94.07
7550424,1349142,121.02
7550424,1349260,133.24
7550424,1349261,132.74
7550424,1349324,5.05
7550424,1349740,9.73
7550424,1351624,80.29
7550424,1352840,132.82
7550424,1352904,61.51
7550424,1352970,52.52
7550424,1353058,52.54
7550424,1354341,113.85
7550424,1354349,59.43
7550424,1354356,116.3
7550424,1354406,62.02
7550424,1354421,102.97
7550424,1354460,42.78
7550424,1354462,114.92
7550424,1354630,127.82
7550424,1355192,67.04
7550424,1356190,39.79
7550424,1356191,45.06
7550424,1356193,37.36
7550424,1356248,94.04
7550424,1356262,94.82
7550424,1356327,77.74
7550424,1356458,140.38
7550424,1356526,64.72
7550424,1356574,129.43
7550424,1356578,159.32
7550424,1356865,87.35
7550424,1357178,80.69
7550424,1357179,66.16
7550424,1357385,67.84
7550424,1357386,66.87
7550424,1357388,91.53
7550424,1357389,105.61
7550424,1357395,64.43
7550424,1357397,78.46
7550424,1357419,99.08
7550424,1357424,69.67
7550424,1358070,80.93
7550424,1358071,61.57
7550424,1358072,66.17
7550424,1359164,84.14
7550424,1359165,84.14
7550424,1359265,87.78
7550424,1359536,90.6
7550424,1359568,69.65
7550424,1359679,100.84
7550424,1359870,151.53
7550424,1360228,75.5
7550424,1360382,128.67
7550424,1360426,91.22
7550424,1360427,53.12
7550424,1360428,108.05
7550424,1360429,94.73
7550424,1360440,124.04
7550424,1360441,78.64
7550424,1360442,93.7
7550424,1360706,124.94
7550424,1360957,136.37
7550424,1361102,87.04
7550424,1361830,95.26
7550424,1362063,45.78
7550424,1362148,64.51
7550424,1362191,10.13
7550424,1362978,72.59
7550424,1363280,68.72
7550424,1363331,102.3
7550424,1363585,44.33
7550424,1363852,79.04
7550424,1363990,60.93
7550424,1364040,107.82
7550424,1364057,74.36
7550424,1364768,58.39
7550424,1364833,110.01
7550424,1365312,76.61
7550424,1365313,235.47
7550424,1365314,183.64
7550424,1366229,96.19
7550424,1366416,25.28
7550424,1366439,58.86
7550424,1367623,83.42
7550424,1367635,24.32
7550424,1368308,91.24
7550424,1368644,125.2
7550424,1368660,58.87
7550424,1368661,84.36
7550424,1369273,59.29
7550424,1369274,61.75
7550424,1369468,103.21
7550424,1369590,82.98
7550424,1369591,82.98
7550424,1369592,20.32
7550424,1369595,21.67
7550424,1369596,23.69
7550424,1369597,13.92
7550424,1369599,13.92
7550424,1370071,55.74
7550424,1370280,48.89
7550424,1370408,42.92
7550424,1370595,65.28
7550424,1370710,101.85
7550424,1371241,106.2
7550424,1371437,72.59
7550424,1371956,72.59
7550424,1372380,149.06
7550424,1372760,108.46
7550424,1372857,249.99
7550424,1373009,39.76
7550424,1373020,71
7550424,1373205,58.41
7550424,1373329,29.43
7550424,1373390,73.74
7550424,1374199,54.45
7550424,1374507,291.8
7550424,1374565,103.34
7550424,1374566,55.59
7550424,1374567,224.21
7550424,1374737,295.72
7550424,1374739,295.72
7550424,1374792,43.26
7550424,1374854,28.62
7550424,1374998,120.33
7550424,1375061,70.71
7550424,1375062,86.63
7550424,1375765,90.15
7550424,1375772,252.89
7550424,1375774,328.17
7550424,1375775,137.71
7550424,1375795,146.24
7550424,1376641,26.96
7550424,1376642,26.96
7550424,1376989,93.44
7550424,1377008,75.38
7550424,1377366,115.53
7550424,1377384,185.71
7550424,1377385,182.37
7550424,1377386,100.93
7550424,1377387,116.5
7550424,1377391,73.27
7550424,1377393,147.34
7550424,1377395,166.72
7550424,1377396,90.16
7550424,1378884,57.48
7550424,1378991,60.63
7550424,1379053,111.46
7550424,1379406,25.86
7550424,1379700,101.3
7550424,1380409,124.25
7550424,1380430,94.73
7550424,1380431,115.99
7550424,1380432,130.45
7550424,1380433,78.2
7550424,1380434,73.4
7550424,1380435,81.91
7550424,1380436,95.72
7550424,1380437,108.93
7550424,1380438,108.68
7550424,1380439,79.56
7550424,1380440,90.37
7550424,1382575,152.47
7550424,1383106,139.65
7550424,1383258,136.26
7550424,1383429,82.29
7550424,1383458,132.18
7550424,1383581,61.24
7550424,1383715,86.8
7550424,1384017,77.11
7550424,1384030,29.45
7550424,1384116,41.37
7550424,1384477,126.44
7550424,1384624,115.2
7550424,1384662,102.71
7550424,1384809,110.36
7550424,1384927,101.95
7550424,1385522,104.87
7550424,1386321,77.12
7550424,1386621,48.94
7550424,1386948,83.91
7550424,1387124,81.17
7550424,1387285,68.81
7550424,1387414,84.74
7550424,1387415,86.72
7550424,1388314,84.33
7550424,1388315,101.22
7550424,1388316,91.21
7550424,1388317,104.93
7550424,1388318,90.65
7550424,1388319,84.33
7550424,1388320,93.83
7550424,1388321,101.76
7550424,1388366,69.05
7550424,1388491,179.13
7550424,1388492,66.97
7550424,1388494,90.15
7550424,1388497,121.36
7550424,1388500,269.84
7550424,1388501,98.3
7550424,1388502,91.57
7550424,1388503,85.66
7550424,1388506,120.34
7550424,1388507,120.34
7550424,1388508,69.69
7550424,1388509,80.3
7550424,1388510,76.02
7550424,1388511,85.12
7550424,1388512,81.78
7550424,1388513,87.35
7550424,1388514,171.71
7550424,1388515,178.31
7550424,1388516,124.45
7550424,1388517,121.86
7550424,1388518,141.84
7550424,1388520,105.86
7550424,1388523,165.61
7550424,1388524,189.49
7550424,1388525,126.62
7550424,1388528,134.76
7550424,1388530,85.14
7550424,1388531,105.91
7550424,1388533,76.6
7550424,1388534,107.01
7550424,1388536,97.16
7550424,1388537,104.55
7550424,1388542,51.43
7550424,1388543,59.11
7550424,1388548,84.65
7550424,1388553,156.53
7550424,1388555,119.07
7550424,1389666,39.33
7550424,1389850,75.9
7550424,1390282,43.98
7550424,1390283,55.92
7550424,1390284,71.23
7550424,1390965,102.17
7550424,1391169,145.68
7550424,1391611,58.86
7550424,1393128,63.88
7550424,1393149,101.45
7550424,1394266,123.5
7550424,1394715,111.85
7550424,1394844,75.61
7550424,1394883,202.43
7550424,1395078,76.87
7550424,1395079,83.92
7550424,1395080,57.35
7550424,1395081,82.31
7550424,1395231,61.28
7550424,1395312,85.98
7550424,1395349,110.49
7550424,1395440,71.13
7550424,1396099,81.96
7550424,1396550,64.51
7550424,1397154,41.75
7550424,1397442,72.88
7550424,1397507,74.93
7550424,1397623,166.73
7550424,1397624,147.44
7550424,1398328,165.47
7550424,1398512,56.86
7550424,1398837,73.71
7550424,1398838,33.74
7550424,1399724,198.01
7550424,1399818,149.62
7550424,1400094,156.66
7550424,1400432,67.75
7550424,1400433,86.38
7550424,1401042,95.25
7550424,1401255,68.54
7550424,1391470,149.36
7550424,1391471,161.62
7550424,1391472,130.91
7550424,1391474,55.98
7550424,1391475,60.89
7550424,1391476,85.36
7550424,1391479,87.36
7550424,1391481,87.36
7550424,1391483,87.36
7550424,1391484,81.09
7550424,1391485,71.84
7550424,1391487,73.85
7550424,1391488,65.99
7550424,1391489,75.05
7550424,1391490,84.16
7550424,1391491,52.39
7550424,1391493,83.38
7550424,1391494,87.8
7550424,1391513,206.95
7550424,1391514,164.56
