Contract ID,SAP Code,Sell Price
Avendra_0400424,1000004,1.2
Avendra_0400424,1000014,55.99
Avendra_0400424,1000414,78.67
Avendra_0400424,1000415,69.04
Avendra_0400424,1000417,66.47
Avendra_0400424,1000419,34.72
Avendra_0400424,1000420,30.5
Avendra_0400424,1000423,26.92
Avendra_0400424,1000424,26.52
Avendra_0400424,1000425,40.21
Avendra_0400424,1000428,51.68
Avendra_0400424,1000433,62.87
Avendra_0400424,1000437,41.99
Avendra_0400424,1000441,44.45
Avendra_0400424,1000443,44.57
Avendra_0400424,1000444,54.38
Avendra_0400424,1000446,37
Avendra_0400424,1000447,40.88
Avendra_0400424,1000464,35.77
Avendra_0400424,1000465,25.38
Avendra_0400424,1000466,47.56
Avendra_0400424,1000467,37.44
Avendra_0400424,1000468,70.38
Avendra_0400424,1000471,38.35
Avendra_0400424,1000473,31.54
Avendra_0400424,1000474,40.03
Avendra_0400424,1000486,44.59
Avendra_0400424,1000487,50.69
Avendra_0400424,1000489,49.64
Avendra_0400424,1000491,33.5
Avendra_0400424,1000565,55.72
Avendra_0400424,1001234,29.28
Avendra_0400424,1001409,41.89
Avendra_0400424,1001670,47.02
Avendra_0400424,1001771,20.36
Avendra_0400424,1001888,23.64
Avendra_0400424,1001889,32.24
Avendra_0400424,1001907,30.38
Avendra_0400424,1001908,37.76
Avendra_0400424,1001919,42.95
Avendra_0400424,1001934,51.29
Avendra_0400424,1002010,27.38
Avendra_0400424,1002011,18.95
Avendra_0400424,1002014,22.54
Avendra_0400424,1002020,27.38
Avendra_0400424,1002021,33.53
Avendra_0400424,1002022,25.8
Avendra_0400424,1003040,37.93
Avendra_0400424,1003041,40.02
Avendra_0400424,1003063,17.56
Avendra_0400424,1003083,32.42
Avendra_0400424,1003095,33.29
Avendra_0400424,1003100,53.83
Avendra_0400424,1003102,25.96
Avendra_0400424,1003137,32.42
Avendra_0400424,1003204,39.26
Avendra_0400424,1003205,34.43
Avendra_0400424,1003227,32.14
Avendra_0400424,1003228,27.53
Avendra_0400424,1003387,16.37
Avendra_0400424,1003454,34.91
Avendra_0400424,1003483,28.27
Avendra_0400424,1003520,27.13
Avendra_0400424,1003772,55.96
Avendra_0400424,1004301,53.8
Avendra_0400424,1004351,116.16
Avendra_0400424,1004352,134.44
Avendra_0400424,1004353,127.5
Avendra_0400424,1004674,58.06
Avendra_0400424,1006516,68.86
Avendra_0400424,1007452,29.81
Avendra_0400424,1007862,49.34
Avendra_0400424,1008159,53.65
Avendra_0400424,1008185,30.42
Avendra_0400424,1008383,68.96
Avendra_0400424,1009459,45.86
Avendra_0400424,1009933,77.43
Avendra_0400424,1010233,163.98
Avendra_0400424,1010479,182.16
Avendra_0400424,1010959,66.8
Avendra_0400424,1011022,46.71
Avendra_0400424,1011385,31.08
Avendra_0400424,1012199,155.79
Avendra_0400424,1012434,69.85
Avendra_0400424,1012451,86.06
Avendra_0400424,1012644,59.44
Avendra_0400424,1012840,56.11
Avendra_0400424,1012869,61.99
Avendra_0400424,1013325,72.86
Avendra_0400424,1013331,48.05
Avendra_0400424,1013433,71.66
Avendra_0400424,1014184,47.8
Avendra_0400424,1014199,95.84
Avendra_0400424,1014200,39.11
Avendra_0400424,1014698,47.8
Avendra_0400424,1014923,62.6
Avendra_0400424,1014925,32.69
Avendra_0400424,1014927,73.24
Avendra_0400424,1015090,61.84
Avendra_0400424,1015091,62.45
Avendra_0400424,1015093,90.65
Avendra_0400424,1015105,30.99
Avendra_0400424,1015118,39.64
Avendra_0400424,1015121,87.34
Avendra_0400424,1015269,132.99
Avendra_0400424,1015270,150.16
Avendra_0400424,1015400,66.78
Avendra_0400424,1015417,50.54
Avendra_0400424,1016019,156.66
Avendra_0400424,1016165,119.08
Avendra_0400424,1016292,70.19
Avendra_0400424,1016293,63.1
Avendra_0400424,1016299,63.1
Avendra_0400424,1016304,38.46
Avendra_0400424,1016305,44.38
Avendra_0400424,1016306,49.11
Avendra_0400424,1016326,59.63
Avendra_0400424,1016327,74.6
Avendra_0400424,1016334,93.7
Avendra_0400424,1016340,145.56
Avendra_0400424,1016345,321.98
Avendra_0400424,1016377,111.35
Avendra_0400424,1016378,148.19
Avendra_0400424,1016379,218.4
Avendra_0400424,1016386,151.9
Avendra_0400424,1016399,47.39
Avendra_0400424,1016400,87.71
Avendra_0400424,1016439,95.49
Avendra_0400424,1016441,91.98
Avendra_0400424,1016442,100.43
Avendra_0400424,1016457,77.41
Avendra_0400424,1016458,84.79
Avendra_0400424,1016475,50.36
Avendra_0400424,1016477,187.23
Avendra_0400424,1016478,68.93
Avendra_0400424,1016480,89.03
Avendra_0400424,1016481,119.2
Avendra_0400424,1016489,112.8
Avendra_0400424,1016500,100.43
Avendra_0400424,1016508,42.86
Avendra_0400424,1016511,103.01
Avendra_0400424,1016517,49.68
Avendra_0400424,1016528,50.03
Avendra_0400424,1016533,213.06
Avendra_0400424,1016534,32.84
Avendra_0400424,1016537,44.85
Avendra_0400424,1016576,54.25
Avendra_0400424,1016620,59.45
Avendra_0400424,1016622,67.28
Avendra_0400424,1016880,39.05
Avendra_0400424,1016908,64.45
Avendra_0400424,1018020,49.46
Avendra_0400424,1018086,24.51
Avendra_0400424,1018101,28.49
Avendra_0400424,1018135,56.58
Avendra_0400424,1018202,82.88
Avendra_0400424,1018221,34.91
Avendra_0400424,1018250,43.46
Avendra_0400424,1018280,70.09
Avendra_0400424,1018324,94.48
Avendra_0400424,1018325,37.25
Avendra_0400424,1018344,34.81
Avendra_0400424,1018410,28.29
Avendra_0400424,1018437,25.93
Avendra_0400424,1018678,47.63
Avendra_0400424,1018684,50.98
Avendra_0400424,1018732,24.7
Avendra_0400424,1018742,24.26
Avendra_0400424,1018810,79.83
Avendra_0400424,1018811,91.43
Avendra_0400424,1018813,68.23
Avendra_0400424,1018828,85.79
Avendra_0400424,1018834,41.31
Avendra_0400424,1018850,49.61
Avendra_0400424,1018873,40.6
Avendra_0400424,1018894,44.59
Avendra_0400424,1019006,82.03
Avendra_0400424,1019008,46.4
Avendra_0400424,1019015,46.61
Avendra_0400424,1019021,48.45
Avendra_0400424,1019069,75.96
Avendra_0400424,1019077,69.88
Avendra_0400424,1019265,84.94
Avendra_0400424,1019411,169.91
Avendra_0400424,1019601,55.04
Avendra_0400424,1019801,46.96
Avendra_0400424,1019807,46.96
Avendra_0400424,1019811,68.59
Avendra_0400424,1019823,39.09
Avendra_0400424,1019858,92.65
Avendra_0400424,1019937,23.09
Avendra_0400424,1019939,29.54
Avendra_0400424,1019940,29.54
Avendra_0400424,1019946,22.43
Avendra_0400424,1020044,160.34
Avendra_0400424,1020047,79.41
Avendra_0400424,1020127,38.5
Avendra_0400424,1020136,52.03
Avendra_0400424,1020138,42.56
Avendra_0400424,1020150,77.5
Avendra_0400424,1020161,95.81
Avendra_0400424,1020165,50.66
Avendra_0400424,1020167,22.71
Avendra_0400424,1020375,64.55
Avendra_0400424,1020377,54.53
Avendra_0400424,1020380,58.34
Avendra_0400424,1020382,65.14
Avendra_0400424,1020384,46.99
Avendra_0400424,1020389,51.39
Avendra_0400424,1020397,77.9
Avendra_0400424,1020726,29.28
Avendra_0400424,1020727,29.28
Avendra_0400424,1020728,30.18
Avendra_0400424,1020729,30.18
Avendra_0400424,1020749,34.09
Avendra_0400424,1020761,53.39
Avendra_0400424,1020763,37.93
Avendra_0400424,1020770,30.18
Avendra_0400424,1020772,37.63
Avendra_0400424,1020773,37.63
Avendra_0400424,1020774,25.94
Avendra_0400424,1020775,25.94
Avendra_0400424,1020776,97.68
Avendra_0400424,1020777,44.55
Avendra_0400424,1020803,21.26
Avendra_0400424,1020804,21.31
Avendra_0400424,1020805,21.56
Avendra_0400424,1020806,21.3
Avendra_0400424,1020832,49.53
Avendra_0400424,1020837,58.6
Avendra_0400424,1021250,39.4
Avendra_0400424,1021275,58.06
Avendra_0400424,1021300,86.1
Avendra_0400424,1021313,96.2
Avendra_0400424,1021325,71.45
Avendra_0400424,1021339,186.89
Avendra_0400424,1021864,52.56
Avendra_0400424,1022271,28.13
Avendra_0400424,1022297,23.88
Avendra_0400424,1022298,30.13
Avendra_0400424,1022320,34.19
Avendra_0400424,1022326,110.29
Avendra_0400424,1022358,18.38
Avendra_0400424,1022380,113.39
Avendra_0400424,1022389,38.03
Avendra_0400424,1022419,17.13
Avendra_0400424,1022786,60.03
Avendra_0400424,1022833,17.46
Avendra_0400424,1023117,50.6
Avendra_0400424,1023179,54.4
Avendra_0400424,1023210,47.79
Avendra_0400424,1023211,62.26
Avendra_0400424,1023213,35.43
Avendra_0400424,1023247,35.7
Avendra_0400424,1023248,46.39
Avendra_0400424,1023366,44.98
Avendra_0400424,1023524,32.35
Avendra_0400424,1023543,25.48
Avendra_0400424,1023545,25.48
Avendra_0400424,1023674,24
Avendra_0400424,1023694,26.5
Avendra_0400424,1023698,29.66
Avendra_0400424,1023753,31.51
Avendra_0400424,1023872,43.33
Avendra_0400424,1023896,48.84
Avendra_0400424,1023914,41.71
Avendra_0400424,1023915,36.07
Avendra_0400424,1023935,52.26
Avendra_0400424,1024044,24.46
Avendra_0400424,1024046,1.2
Avendra_0400424,1024213,63.58
Avendra_0400424,1024269,31.67
Avendra_0400424,1024270,43.21
Avendra_0400424,1024282,52.51
Avendra_0400424,1024308,44.96
Avendra_0400424,1024373,51.56
Avendra_0400424,1024378,35.74
Avendra_0400424,1024412,58.24
Avendra_0400424,1024419,31.08
Avendra_0400424,1024424,29.09
Avendra_0400424,1024571,26.15
Avendra_0400424,1024594,35.42
Avendra_0400424,1024606,34.5
Avendra_0400424,1024767,11.94
Avendra_0400424,1024808,48.98
Avendra_0400424,1024935,3.84
Avendra_0400424,1024936,3.84
Avendra_0400424,1024967,106.18
Avendra_0400424,1025113,56.45
Avendra_0400424,1025123,38.76
Avendra_0400424,1025197,23.18
Avendra_0400424,1025235,24.05
Avendra_0400424,1025276,33.88
Avendra_0400424,1025315,37.07
Avendra_0400424,1025616,52.9
Avendra_0400424,1025686,32.77
Avendra_0400424,1025729,19.78
Avendra_0400424,1025736,34.12
Avendra_0400424,1025742,36.91
Avendra_0400424,1025747,25.12
Avendra_0400424,1025815,49.72
Avendra_0400424,1026062,35.81
Avendra_0400424,1026063,54.41
Avendra_0400424,1026188,19.31
Avendra_0400424,1026190,34.42
Avendra_0400424,1026239,39.77
Avendra_0400424,1027768,38.28
Avendra_0400424,1027780,35.04
Avendra_0400424,1028021,40.69
Avendra_0400424,1028034,22.85
Avendra_0400424,1028396,41.5
Avendra_0400424,1028472,54.6
Avendra_0400424,1028885,64.8
Avendra_0400424,1030603,56.79
Avendra_0400424,1030604,55.4
Avendra_0400424,1030655,56.11
Avendra_0400424,1031141,25.48
Avendra_0400424,1031142,16.65
Avendra_0400424,1031426,19.41
Avendra_0400424,1031435,19.04
Avendra_0400424,1033154,18.91
Avendra_0400424,1039712,76.31
Avendra_0400424,1040015,74.88
Avendra_0400424,1040059,54.75
Avendra_0400424,1040060,74.94
Avendra_0400424,1040061,47.19
Avendra_0400424,1040069,69.63
Avendra_0400424,1040074,64.94
Avendra_0400424,1040078,62.5
Avendra_0400424,1040079,69.63
Avendra_0400424,1040092,67.5
Avendra_0400424,1040203,57.38
Avendra_0400424,1040247,15.75
Avendra_0400424,1040253,34.5
Avendra_0400424,1040254,34.5
Avendra_0400424,1040255,34.5
Avendra_0400424,1040460,55.94
Avendra_0400424,1040587,251.21
Avendra_0400424,1040588,251.21
Avendra_0400424,1040589,251.21
Avendra_0400424,1041019,125.81
Avendra_0400424,1041076,103.13
Avendra_0400424,1041236,42.71
Avendra_0400424,1041279,30.5
Avendra_0400424,1041321,70.38
Avendra_0400424,1042657,17.89
Avendra_0400424,1042666,57.81
Avendra_0400424,1042673,71.88
Avendra_0400424,1042753,5.92
Avendra_0400424,1042831,67
Avendra_0400424,1042842,72.63
Avendra_0400424,1043125,125.38
Avendra_0400424,1043133,122.56
Avendra_0400424,1043152,90.88
Avendra_0400424,1043171,29.44
Avendra_0400424,1043196,65.06
Avendra_0400424,1043269,94.5
Avendra_0400424,1043316,76.5
Avendra_0400424,1043330,86.69
Avendra_0400424,1043338,41.5
Avendra_0400424,1043401,33.25
Avendra_0400424,1043403,63.44
Avendra_0400424,1043442,154.25
Avendra_0400424,1043461,31.5
Avendra_0400424,1043465,149.94
Avendra_0400424,1043467,35.06
Avendra_0400424,1043619,54.69
Avendra_0400424,1043661,16.5
Avendra_0400424,1043662,19.38
Avendra_0400424,1043663,20.75
Avendra_0400424,1043981,15.24
Avendra_0400424,1043985,24.04
Avendra_0400424,1043986,31.69
Avendra_0400424,1043989,24.33
Avendra_0400424,1043990,24.88
Avendra_0400424,1044047,31.36
Avendra_0400424,1044050,26.35
Avendra_0400424,1044051,20.41
Avendra_0400424,1044054,28.1
Avendra_0400424,1044058,37.23
Avendra_0400424,1044059,37.71
Avendra_0400424,1044060,30.76
Avendra_0400424,1044064,11.56
Avendra_0400424,1044068,26.78
Avendra_0400424,1044069,35.14
Avendra_0400424,1044070,21.14
Avendra_0400424,1044073,25.53
Avendra_0400424,1044074,33.69
Avendra_0400424,1044075,22.15
Avendra_0400424,1044076,26.23
Avendra_0400424,1044084,21.68
Avendra_0400424,1044455,104.13
Avendra_0400424,1044457,35.5
Avendra_0400424,1044475,35.5
Avendra_0400424,1044485,22.75
Avendra_0400424,1044532,34.88
Avendra_0400424,1044605,24.75
Avendra_0400424,1044623,14.41
Avendra_0400424,1044630,8.94
Avendra_0400424,1044646,22.08
Avendra_0400424,1044658,28.74
Avendra_0400424,1044665,28.74
Avendra_0400424,1044676,20.49
Avendra_0400424,1044792,19.22
Avendra_0400424,1044835,16.26
Avendra_0400424,1044891,36.75
Avendra_0400424,1044894,45.94
Avendra_0400424,1044930,75.67
Avendra_0400424,1044932,16.38
Avendra_0400424,1044984,19.26
Avendra_0400424,1045602,34.44
Avendra_0400424,1045818,23.33
Avendra_0400424,1045908,40.19
Avendra_0400424,1045910,34.88
Avendra_0400424,1045997,23.81
Avendra_0400424,1045998,34.44
Avendra_0400424,1046037,24.46
Avendra_0400424,1046088,48.75
Avendra_0400424,1046130,31.03
Avendra_0400424,1046165,52.13
Avendra_0400424,1046206,31.03
Avendra_0400424,1046263,50.25
Avendra_0400424,1046265,32.69
Avendra_0400424,1046291,151.63
Avendra_0400424,1046314,31.4
Avendra_0400424,1046319,20.23
Avendra_0400424,1046660,15.49
Avendra_0400424,1046669,15.11
Avendra_0400424,1046949,41.94
Avendra_0400424,1047706,23.2
Avendra_0400424,1047756,81.56
Avendra_0400424,1048140,19.39
Avendra_0400424,1048608,61.38
Avendra_0400424,1048618,31.78
Avendra_0400424,1048626,37.39
Avendra_0400424,1048682,28.44
Avendra_0400424,1048693,39.25
Avendra_0400424,1048707,56.91
Avendra_0400424,1048717,75.34
Avendra_0400424,1048760,106.69
Avendra_0400424,1048857,59.5
Avendra_0400424,1048895,69.78
Avendra_0400424,1048942,82.49
Avendra_0400424,1049039,51.88
Avendra_0400424,1049042,71.88
Avendra_0400424,1049044,71.88
Avendra_0400424,1049063,39.88
Avendra_0400424,1049065,141.55
Avendra_0400424,1049070,218.91
Avendra_0400424,1049075,71.88
Avendra_0400424,1049079,163.01
Avendra_0400424,1049086,71.88
Avendra_0400424,1049124,75.95
Avendra_0400424,1049202,179.89
Avendra_0400424,1049327,140.01
Avendra_0400424,1049328,44.54
Avendra_0400424,1049329,68.99
Avendra_0400424,1049710,96.33
Avendra_0400424,1049712,96.33
Avendra_0400424,1049714,90.51
Avendra_0400424,1050356,220.9
Avendra_0400424,1050905,21.79
Avendra_0400424,1050997,24.77
Avendra_0400424,1051016,19.79
Avendra_0400424,1051018,20.38
Avendra_0400424,1051020,20.38
Avendra_0400424,1051024,21.48
Avendra_0400424,1051052,17.7
Avendra_0400424,1051055,25.96
Avendra_0400424,1051072,23.57
Avendra_0400424,1051074,16.2
Avendra_0400424,1051103,20.36
Avendra_0400424,1051105,41.39
Avendra_0400424,1051109,20.17
Avendra_0400424,1051119,26.08
Avendra_0400424,1051124,24.4
Avendra_0400424,1051126,46.4
Avendra_0400424,1051157,34.52
Avendra_0400424,1051165,37.92
Avendra_0400424,1051166,37.92
Avendra_0400424,1051169,26.14
Avendra_0400424,1051222,24.98
Avendra_0400424,1051231,43.2
Avendra_0400424,1051298,51.07
Avendra_0400424,1051300,31.73
Avendra_0400424,1051301,33.29
Avendra_0400424,1051303,31.18
Avendra_0400424,1051304,49.14
Avendra_0400424,1051305,29.52
Avendra_0400424,1051308,44.34
Avendra_0400424,1051368,35.86
Avendra_0400424,1051393,25.26
Avendra_0400424,1051399,34.79
Avendra_0400424,1051432,42.44
Avendra_0400424,1051453,27.38
Avendra_0400424,1051763,37.92
Avendra_0400424,1051764,50.18
Avendra_0400424,1051814,24.02
Avendra_0400424,1051886,32.99
Avendra_0400424,1052011,35.05
Avendra_0400424,1052464,28.48
Avendra_0400424,1052465,28.48
Avendra_0400424,1052467,20.36
Avendra_0400424,1052468,34.52
Avendra_0400424,1052910,41.39
Avendra_0400424,1052950,24.4
Avendra_0400424,1053013,52
Avendra_0400424,1053076,19.86
Avendra_0400424,1053178,28.94
Avendra_0400424,1053325,37.61
Avendra_0400424,1053435,21.23
Avendra_0400424,1053447,12.72
Avendra_0400424,1053471,24.96
Avendra_0400424,1053472,12.08
Avendra_0400424,1053481,35.05
Avendra_0400424,1053490,18.84
Avendra_0400424,1053502,24.02
Avendra_0400424,1053506,34.2
Avendra_0400424,1053508,17.16
Avendra_0400424,1053512,24.77
Avendra_0400424,1053515,24.77
Avendra_0400424,1053521,12.97
Avendra_0400424,1053528,16.44
Avendra_0400424,1053533,35.15
Avendra_0400424,1053538,20.38
Avendra_0400424,1053547,24.02
Avendra_0400424,1053552,19.79
Avendra_0400424,1053559,50.62
Avendra_0400424,1053563,18.91
Avendra_0400424,1053582,17.7
Avendra_0400424,1053602,21.32
Avendra_0400424,1053605,35.87
Avendra_0400424,1053616,44.47
Avendra_0400424,1053619,44.47
Avendra_0400424,1053622,48.44
Avendra_0400424,1053661,30.35
Avendra_0400424,1053675,31.55
Avendra_0400424,1053693,16.81
Avendra_0400424,1053714,20.36
Avendra_0400424,1053720,16.82
Avendra_0400424,1053730,31.57
Avendra_0400424,1053773,19.61
Avendra_0400424,1053780,27.48
Avendra_0400424,1053811,36.58
Avendra_0400424,1053841,55.69
Avendra_0400424,1053857,38.7
Avendra_0400424,1053863,20.17
Avendra_0400424,1053866,24.4
Avendra_0400424,1053868,30.19
Avendra_0400424,1053869,30.19
Avendra_0400424,1054067,23.03
Avendra_0400424,1054132,34.32
Avendra_0400424,1054133,47.42
Avendra_0400424,1054134,33.42
Avendra_0400424,1054135,20.36
Avendra_0400424,1054145,35.87
Avendra_0400424,1054350,30.58
Avendra_0400424,1054380,26.39
Avendra_0400424,1054503,42.84
Avendra_0400424,1054747,46.97
Avendra_0400424,1054839,50.41
Avendra_0400424,1054854,66.2
Avendra_0400424,1054859,49.38
Avendra_0400424,1054866,30.28
Avendra_0400424,1054882,46.97
Avendra_0400424,1054884,46.97
Avendra_0400424,1054894,46.97
Avendra_0400424,1054958,67.32
Avendra_0400424,1055000,36.58
Avendra_0400424,1055161,36.85
Avendra_0400424,1055241,29.17
Avendra_0400424,1055264,51.26
Avendra_0400424,1055486,40.27
Avendra_0400424,1055706,41.22
Avendra_0400424,1055707,34.43
Avendra_0400424,1056041,37.87
Avendra_0400424,1056175,22.88
Avendra_0400424,1056480,37.5
Avendra_0400424,1056484,40.02
Avendra_0400424,1057146,26.58
Avendra_0400424,1057204,21.64
Avendra_0400424,1057220,43.49
Avendra_0400424,1057238,20.7
Avendra_0400424,1057249,25.8
Avendra_0400424,1057259,35.88
Avendra_0400424,1057302,31.3
Avendra_0400424,1057313,36.84
Avendra_0400424,1057315,37.16
Avendra_0400424,1057339,33.43
Avendra_0400424,1057343,40.37
Avendra_0400424,1057359,32.42
Avendra_0400424,1057361,31.09
Avendra_0400424,1057432,25.8
Avendra_0400424,1057474,27.24
Avendra_0400424,1057484,23.64
Avendra_0400424,1057494,34.79
Avendra_0400424,1057498,27.13
Avendra_0400424,1057501,32.8
Avendra_0400424,1057504,43.49
Avendra_0400424,1057507,21.64
Avendra_0400424,1057509,35.46
Avendra_0400424,1057513,35.86
Avendra_0400424,1057519,40.37
Avendra_0400424,1057520,27.4
Avendra_0400424,1057529,21.3
Avendra_0400424,1057538,27.53
Avendra_0400424,1057540,33.65
Avendra_0400424,1057541,36.19
Avendra_0400424,1057543,29.2
Avendra_0400424,1057551,42.46
Avendra_0400424,1057554,31.3
Avendra_0400424,1057557,36.84
Avendra_0400424,1057558,37.16
Avendra_0400424,1057570,38.3
Avendra_0400424,1057674,23.64
Avendra_0400424,1057814,36.04
Avendra_0400424,1057815,36.04
Avendra_0400424,1057833,37.16
Avendra_0400424,1057879,35.15
Avendra_0400424,1057893,31.09
Avendra_0400424,1065007,52.71
Avendra_0400424,1066476,52.81
Avendra_0400424,1069420,44.61
Avendra_0400424,1091277,42.55
Avendra_0400424,1092251,24.2
Avendra_0400424,1093520,1.2
Avendra_0400424,1093601,83.15
Avendra_0400424,1117086,48.45
Avendra_0400424,1117277,33.86
Avendra_0400424,1117906,22.56
Avendra_0400424,1117908,48.45
Avendra_0400424,1117909,23.79
Avendra_0400424,1117915,22.56
Avendra_0400424,1118018,23.79
Avendra_0400424,1118027,23.79
Avendra_0400424,1118028,23.79
Avendra_0400424,1118046,32.64
Avendra_0400424,1118059,32.88
Avendra_0400424,1118061,32.88
Avendra_0400424,1118063,32.88
Avendra_0400424,1118068,38.38
Avendra_0400424,1118069,38.38
Avendra_0400424,1118071,38.38
Avendra_0400424,1118072,25.24
Avendra_0400424,1118073,25.24
Avendra_0400424,1118094,33.86
Avendra_0400424,1118117,45.15
Avendra_0400424,1118123,33.86
Avendra_0400424,1118128,50.78
Avendra_0400424,1118149,38.64
Avendra_0400424,1118157,38.64
Avendra_0400424,1118159,38.64
Avendra_0400424,1118161,38.64
Avendra_0400424,1118195,38.38
Avendra_0400424,1118236,33.86
Avendra_0400424,1118275,89.54
Avendra_0400424,1118295,20.44
Avendra_0400424,1118301,33.86
Avendra_0400424,1118303,45.15
Avendra_0400424,1118307,89.54
Avendra_0400424,1118309,56.36
Avendra_0400424,1118312,23.4
Avendra_0400424,1118313,22.81
Avendra_0400424,1118314,21.23
Avendra_0400424,1118315,31.59
Avendra_0400424,1118316,19.05
Avendra_0400424,1118318,22.13
Avendra_0400424,1118320,25.03
Avendra_0400424,1118321,30.21
Avendra_0400424,1118325,24.75
Avendra_0400424,1118341,17.8
Avendra_0400424,1118347,45.15
Avendra_0400424,1118627,79.59
Avendra_0400424,1118630,79.59
Avendra_0400424,1119375,23.99
Avendra_0400424,1119377,23.99
Avendra_0400424,1119379,23.99
Avendra_0400424,1119389,19.86
Avendra_0400424,1119391,22.56
Avendra_0400424,1119879,25.24
Avendra_0400424,1119880,25.24
Avendra_0400424,1119881,25.24
Avendra_0400424,1119882,25.24
Avendra_0400424,1119901,33.96
Avendra_0400424,1121451,33.86
Avendra_0400424,1122417,86.8
Avendra_0400424,1122884,56.58
Avendra_0400424,1137787,31.03
Avendra_0400424,1139734,39.64
Avendra_0400424,1140478,78.61
Avendra_0400424,1140551,80.35
Avendra_0400424,1141008,95.15
Avendra_0400424,1141243,39.26
Avendra_0400424,1141508,35.94
Avendra_0400424,1141518,30.25
Avendra_0400424,1141579,49.14
Avendra_0400424,1141664,30.6
Avendra_0400424,1141725,48.45
Avendra_0400424,1142023,165
Avendra_0400424,1142436,45.15
Avendra_0400424,1142710,82.69
Avendra_0400424,1142717,30.43
Avendra_0400424,1143297,69.18
Avendra_0400424,1143877,43.7
Avendra_0400424,1143878,41.56
Avendra_0400424,1143982,66.19
Avendra_0400424,1144140,66.86
Avendra_0400424,1144365,48.44
Avendra_0400424,1144442,31.69
Avendra_0400424,1144527,37.95
Avendra_0400424,1144578,65.89
Avendra_0400424,1144579,79.71
Avendra_0400424,1144580,73.45
Avendra_0400424,1144582,60.36
Avendra_0400424,1144668,21.64
Avendra_0400424,1144788,92.79
Avendra_0400424,1145210,134.31
Avendra_0400424,1145934,60.1
Avendra_0400424,1146069,41.09
Avendra_0400424,1146600,33.95
Avendra_0400424,1146601,33.96
Avendra_0400424,1146602,33.96
Avendra_0400424,1146739,50.03
Avendra_0400424,1146803,56.58
Avendra_0400424,1147105,36.85
Avendra_0400424,1147385,55.31
Avendra_0400424,1147458,79.4
Avendra_0400424,1147463,43.53
Avendra_0400424,1147600,37.61
Avendra_0400424,1147781,81.31
Avendra_0400424,1147977,58.38
Avendra_0400424,1148416,83.44
Avendra_0400424,1148911,60.95
Avendra_0400424,1148965,55.95
Avendra_0400424,1149682,82.78
Avendra_0400424,1150163,60.85
Avendra_0400424,1150518,31.08
Avendra_0400424,1151421,72.88
Avendra_0400424,1151995,50.45
Avendra_0400424,1152478,69.74
Avendra_0400424,1152692,14.39
Avendra_0400424,1153483,90.56
Avendra_0400424,1153751,113.18
Avendra_0400424,1153828,49.46
Avendra_0400424,1153935,133.38
Avendra_0400424,1154150,37.23
Avendra_0400424,1154192,134.29
Avendra_0400424,1154193,77.06
Avendra_0400424,1154197,221.09
Avendra_0400424,1154198,424.88
Avendra_0400424,1154199,116.74
Avendra_0400424,1154201,73.33
Avendra_0400424,1154211,110.75
Avendra_0400424,1154214,62.89
Avendra_0400424,1154215,46.21
Avendra_0400424,1154216,108.59
Avendra_0400424,1154217,166.03
Avendra_0400424,1154221,63.89
Avendra_0400424,1154224,89.54
Avendra_0400424,1154225,62.93
Avendra_0400424,1154226,37.21
Avendra_0400424,1154227,72.63
Avendra_0400424,1154229,45.38
Avendra_0400424,1154230,54.83
Avendra_0400424,1154232,69.96
Avendra_0400424,1154233,89.68
Avendra_0400424,1154234,37.61
Avendra_0400424,1154236,59.51
Avendra_0400424,1154237,65.29
Avendra_0400424,1154239,112.79
Avendra_0400424,1154240,114.95
Avendra_0400424,1154244,47.56
Avendra_0400424,1154245,78.24
Avendra_0400424,1154246,89.09
Avendra_0400424,1154247,68.23
Avendra_0400424,1154248,48.9
Avendra_0400424,1154249,92.65
Avendra_0400424,1154250,82.03
Avendra_0400424,1154251,57.01
Avendra_0400424,1154252,110.29
Avendra_0400424,1154303,37.74
Avendra_0400424,1155037,45.38
Avendra_0400424,1155288,38
Avendra_0400424,1155472,74.94
Avendra_0400424,1156304,40.7
Avendra_0400424,1156891,63.9
Avendra_0400424,1157171,76.18
Avendra_0400424,1157863,48.45
Avendra_0400424,1157865,45.15
Avendra_0400424,1157897,37.9
Avendra_0400424,1157956,60.4
Avendra_0400424,1158111,37.5
Avendra_0400424,1158584,38.58
Avendra_0400424,1158823,39.94
Avendra_0400424,1158895,52.64
Avendra_0400424,1159332,72.9
Avendra_0400424,1159561,59.4
Avendra_0400424,1159814,92.01
Avendra_0400424,1160566,22.4
Avendra_0400424,1160961,108.8
Avendra_0400424,1162426,16.95
Avendra_0400424,1162773,71.42
Avendra_0400424,1162916,22.38
Avendra_0400424,1163046,229.34
Avendra_0400424,1163089,76.55
Avendra_0400424,1163132,61.57
Avendra_0400424,1163326,45.64
Avendra_0400424,1163722,41.72
Avendra_0400424,1163723,45.66
Avendra_0400424,1163807,40.46
Avendra_0400424,1163808,53.59
Avendra_0400424,1163812,77.76
Avendra_0400424,1163814,56.98
Avendra_0400424,1164154,61.57
Avendra_0400424,1164878,17.93
Avendra_0400424,1165060,38.28
Avendra_0400424,1165285,29.8
Avendra_0400424,1165311,27.77
Avendra_0400424,1165545,3.6
Avendra_0400424,1166182,78.51
Avendra_0400424,1166396,85.53
Avendra_0400424,1166998,48.85
Avendra_0400424,1168283,64.54
Avendra_0400424,1168284,71.42
Avendra_0400424,1168450,30.38
Avendra_0400424,1168501,56.48
Avendra_0400424,1168847,26.87
Avendra_0400424,1168872,33.86
Avendra_0400424,1169263,26.94
Avendra_0400424,1169868,25.04
Avendra_0400424,1170754,49.08
Avendra_0400424,1170874,31.03
Avendra_0400424,1170876,31.03
Avendra_0400424,1170879,31.03
Avendra_0400424,1170881,31.03
Avendra_0400424,1170885,89.61
Avendra_0400424,1170906,45.6
Avendra_0400424,1171004,30.89
Avendra_0400424,1172018,63.53
Avendra_0400424,1172431,82.99
Avendra_0400424,1172608,45.71
Avendra_0400424,1173036,48.76
Avendra_0400424,1173467,75.2
Avendra_0400424,1173943,24.91
Avendra_0400424,1174772,36.19
Avendra_0400424,1174847,35.1
Avendra_0400424,1175285,32.46
Avendra_0400424,1175789,77.25
Avendra_0400424,1175944,34.51
Avendra_0400424,1176734,25.04
Avendra_0400424,1176807,51.21
Avendra_0400424,1177122,53.51
Avendra_0400424,1177883,110.64
Avendra_0400424,1179791,32.3
Avendra_0400424,1179793,80.86
Avendra_0400424,1179796,75.59
Avendra_0400424,1179797,30.48
Avendra_0400424,1179798,38.35
Avendra_0400424,1179801,43.56
Avendra_0400424,1179802,43.56
Avendra_0400424,1179803,43.56
Avendra_0400424,1179955,32.13
Avendra_0400424,1180506,46.21
Avendra_0400424,1181619,42.14
Avendra_0400424,1183699,87.34
Avendra_0400424,1184823,4.29
Avendra_0400424,1184824,131.69
Avendra_0400424,1184888,51.16
Avendra_0400424,1185347,34.27
Avendra_0400424,1189235,23.99
Avendra_0400424,1189236,23.99
Avendra_0400424,1189296,48.06
Avendra_0400424,1189297,20.58
Avendra_0400424,1189299,35.16
Avendra_0400424,1189318,43.4
Avendra_0400424,1189395,38.35
Avendra_0400424,1189396,38.35
Avendra_0400424,1189400,89.86
Avendra_0400424,1189409,22.33
Avendra_0400424,1191234,106.34
Avendra_0400424,1191379,38.29
Avendra_0400424,1191417,55.44
Avendra_0400424,1192169,57.08
Avendra_0400424,1192176,64.76
Avendra_0400424,1194621,97.44
Avendra_0400424,1194894,42.08
Avendra_0400424,1196645,11.59
Avendra_0400424,1196682,77.01
Avendra_0400424,1197124,18.84
Avendra_0400424,1197418,96.51
Avendra_0400424,1197579,69.96
Avendra_0400424,1197722,51.02
Avendra_0400424,1198621,80.74
Avendra_0400424,1198780,27.6
Avendra_0400424,1198984,89.24
Avendra_0400424,1199773,55.14
Avendra_0400424,1199808,23.99
Avendra_0400424,1199980,25.54
Avendra_0400424,1200254,16.53
Avendra_0400424,1200588,120.95
Avendra_0400424,1201457,19.48
Avendra_0400424,1201481,29.99
Avendra_0400424,1203282,8.4
Avendra_0400424,1203407,45.6
Avendra_0400424,1203458,71.13
Avendra_0400424,1203597,27.24
Avendra_0400424,1204149,8.4
Avendra_0400424,1204262,67.15
Avendra_0400424,1204263,85.83
Avendra_0400424,1205162,33.58
Avendra_0400424,1205967,20.2
Avendra_0400424,1205968,6
Avendra_0400424,1206520,5
Avendra_0400424,1206676,106.21
Avendra_0400424,1206810,75.6
Avendra_0400424,1206948,27.56
Avendra_0400424,1206971,59.95
Avendra_0400424,1206972,87.38
Avendra_0400424,1207028,111.59
Avendra_0400424,1207099,46.43
Avendra_0400424,1207103,45.94
Avendra_0400424,1207146,60.1
Avendra_0400424,1207193,57.61
Avendra_0400424,1207206,75.66
Avendra_0400424,1207250,163.4
Avendra_0400424,1207251,131.85
Avendra_0400424,1207252,181.75
Avendra_0400424,1207271,94.31
Avendra_0400424,1207272,79.08
Avendra_0400424,1207273,57.99
Avendra_0400424,1207276,61.33
Avendra_0400424,1207345,22.68
Avendra_0400424,1207372,151.94
Avendra_0400424,1207381,45.34
Avendra_0400424,1207451,94.33
Avendra_0400424,1207453,50.6
Avendra_0400424,1207582,84.1
Avendra_0400424,1207663,81.08
Avendra_0400424,1207669,48.25
Avendra_0400424,1207788,16.1
Avendra_0400424,1207797,62.85
Avendra_0400424,1207828,47.7
Avendra_0400424,1208137,30.25
Avendra_0400424,1208160,135.88
Avendra_0400424,1208168,79.45
Avendra_0400424,1208299,86.16
Avendra_0400424,1208300,75.18
Avendra_0400424,1208352,54.24
Avendra_0400424,1208459,106.28
Avendra_0400424,1208550,72.18
Avendra_0400424,1208579,62.83
Avendra_0400424,1208614,32.44
Avendra_0400424,1208691,95.69
Avendra_0400424,1208828,47.2
Avendra_0400424,1208956,62.65
Avendra_0400424,1208996,94.09
Avendra_0400424,1209044,41.74
Avendra_0400424,1209100,3.75
Avendra_0400424,1209363,30.18
Avendra_0400424,1209415,80.31
Avendra_0400424,1209417,72.06
Avendra_0400424,1209453,125.11
Avendra_0400424,1209454,58.38
Avendra_0400424,1209455,100.58
Avendra_0400424,1210469,6
Avendra_0400424,1210511,124.8
Avendra_0400424,1210640,70.36
Avendra_0400424,1210641,98.94
Avendra_0400424,1210659,81.73
Avendra_0400424,1210803,63.45
Avendra_0400424,1210830,27.35
Avendra_0400424,1210838,47.04
Avendra_0400424,1210871,94.89
Avendra_0400424,1211196,70.13
Avendra_0400424,1211281,30.12
Avendra_0400424,1211737,107.34
Avendra_0400424,1211738,126.59
Avendra_0400424,1211893,31.75
Avendra_0400424,1211894,31.75
Avendra_0400424,1211903,42.06
Avendra_0400424,1213356,142.75
Avendra_0400424,1213847,95.16
Avendra_0400424,1213896,27.56
Avendra_0400424,1213898,27.56
Avendra_0400424,1214123,195.86
Avendra_0400424,1214239,69.64
Avendra_0400424,1214477,29.99
Avendra_0400424,1214966,153.85
Avendra_0400424,1215580,69.88
Avendra_0400424,1215656,44.44
Avendra_0400424,1216231,33.78
Avendra_0400424,1216442,1.94
Avendra_0400424,1216609,26.65
Avendra_0400424,1216610,31.21
Avendra_0400424,1216614,29.92
Avendra_0400424,1216618,27.2
Avendra_0400424,1216620,23.15
Avendra_0400424,1216807,120.13
Avendra_0400424,1216824,5
Avendra_0400424,1218555,81.73
Avendra_0400424,1220368,112.96
Avendra_0400424,1220552,47.13
Avendra_0400424,1220796,70.29
Avendra_0400424,1220871,62.92
Avendra_0400424,1221316,56.44
Avendra_0400424,1222153,32.4
Avendra_0400424,1222301,65.89
Avendra_0400424,1222477,8.28
Avendra_0400424,1222635,33.16
Avendra_0400424,1223350,94.39
Avendra_0400424,1225450,120.95
Avendra_0400424,1225646,70.61
Avendra_0400424,1227049,60.64
Avendra_0400424,1227782,29.34
Avendra_0400424,1227784,39.68
Avendra_0400424,1227838,67.59
Avendra_0400424,1227859,71.46
Avendra_0400424,1227992,101.76
Avendra_0400424,1228700,72.54
Avendra_0400424,1228974,59.34
Avendra_0400424,1229006,58.63
Avendra_0400424,1229043,40.98
Avendra_0400424,1229163,66.76
Avendra_0400424,1229354,6
Avendra_0400424,1229683,32.4
Avendra_0400424,1229763,33.65
Avendra_0400424,1230370,35.05
Avendra_0400424,1230373,28.72
Avendra_0400424,1230383,33.43
Avendra_0400424,1230839,98.34
Avendra_0400424,1230962,34.59
Avendra_0400424,1230970,49.71
Avendra_0400424,1231225,43.35
Avendra_0400424,1231257,43.63
Avendra_0400424,1231364,56.62
Avendra_0400424,1231399,33.18
Avendra_0400424,1231701,62.81
Avendra_0400424,1231737,32.3
Avendra_0400424,1232131,25.94
Avendra_0400424,1232142,50.38
Avendra_0400424,1232451,30.18
Avendra_0400424,1232554,95.15
Avendra_0400424,1232692,16.44
Avendra_0400424,1232896,43.35
Avendra_0400424,1233026,94.56
Avendra_0400424,1233153,91.69
Avendra_0400424,1233272,29.33
Avendra_0400424,1233322,17.27
Avendra_0400424,1233395,83.18
Avendra_0400424,1233405,40.54
Avendra_0400424,1233955,60.81
Avendra_0400424,1233956,16.44
Avendra_0400424,1233982,94.63
Avendra_0400424,1234251,24.96
Avendra_0400424,1234326,31.51
Avendra_0400424,1234349,12.65
Avendra_0400424,1234353,12.1
Avendra_0400424,1234356,35.05
Avendra_0400424,1234357,24.77
Avendra_0400424,1234358,17.16
Avendra_0400424,1234361,25.19
Avendra_0400424,1234368,25.96
Avendra_0400424,1234370,19.57
Avendra_0400424,1234377,31.18
Avendra_0400424,1234381,38.7
Avendra_0400424,1234386,31.55
Avendra_0400424,1234777,26.39
Avendra_0400424,1234865,68.53
Avendra_0400424,1235121,64.55
Avendra_0400424,1235861,53.48
Avendra_0400424,1235886,57.23
Avendra_0400424,1236833,29.4
Avendra_0400424,1236838,20.38
Avendra_0400424,1236840,23.84
Avendra_0400424,1236842,19.57
Avendra_0400424,1237249,68.11
Avendra_0400424,1237811,107.85
Avendra_0400424,1238016,33.6
Avendra_0400424,1238044,1.94
Avendra_0400424,1238079,43.61
Avendra_0400424,1238210,50.98
Avendra_0400424,1238613,47.42
Avendra_0400424,1238797,68.05
Avendra_0400424,1239734,92.55
Avendra_0400424,1239758,27.58
Avendra_0400424,1240070,68.79
Avendra_0400424,1240267,27.48
Avendra_0400424,1240480,57.73
Avendra_0400424,1240934,27.43
Avendra_0400424,1240935,27.88
Avendra_0400424,1241177,100.3
Avendra_0400424,1241241,49.53
Avendra_0400424,1241454,24.4
Avendra_0400424,1241495,47.11
Avendra_0400424,1241496,50.41
Avendra_0400424,1241532,54.19
Avendra_0400424,1241747,30.35
Avendra_0400424,1242388,81.88
Avendra_0400424,1242655,133.21
Avendra_0400424,1242669,1.94
Avendra_0400424,1242676,38.93
Avendra_0400424,1243113,61.26
Avendra_0400424,1243222,23.85
Avendra_0400424,1243660,89.68
Avendra_0400424,1244146,25.19
Avendra_0400424,1244261,43.56
Avendra_0400424,1244262,43.56
Avendra_0400424,1244263,43.56
Avendra_0400424,1244264,43.56
Avendra_0400424,1245105,35.28
Avendra_0400424,1245456,34.08
Avendra_0400424,1246152,56.66
Avendra_0400424,1247712,59.94
Avendra_0400424,1247743,92.03
Avendra_0400424,1247881,103.8
Avendra_0400424,1247930,92.55
Avendra_0400424,1248955,119.73
Avendra_0400424,1249629,68.09
Avendra_0400424,1249975,26.16
Avendra_0400424,1250603,138.96
Avendra_0400424,1250758,117.28
Avendra_0400424,1251299,60.8
Avendra_0400424,1251331,158.9
Avendra_0400424,1251343,57.97
Avendra_0400424,1251625,67.93
Avendra_0400424,1252348,64.54
Avendra_0400424,1254516,75.55
Avendra_0400424,1254935,39.54
Avendra_0400424,1254936,32.35
Avendra_0400424,1254953,34.86
Avendra_0400424,1254967,45.35
Avendra_0400424,1254977,39.54
Avendra_0400424,1255081,127.7
Avendra_0400424,1256082,92.55
Avendra_0400424,1256900,61.51
Avendra_0400424,1257268,35.08
Avendra_0400424,1258414,1.2
Avendra_0400424,1259426,67.64
Avendra_0400424,1259828,38.35
Avendra_0400424,1260345,53.89
Avendra_0400424,1261370,94.48
Avendra_0400424,1261377,56.16
Avendra_0400424,1261823,122.09
Avendra_0400424,1263291,80.19
Avendra_0400424,1264274,93.04
Avendra_0400424,1264327,4.2
Avendra_0400424,1264710,45.28
Avendra_0400424,1264711,45.28
Avendra_0400424,1265102,45.28
Avendra_0400424,1265103,45.28
Avendra_0400424,1265155,85.79
Avendra_0400424,1265161,47.79
Avendra_0400424,1265883,133.79
Avendra_0400424,1266436,109.84
Avendra_0400424,1266746,96.13
Avendra_0400424,1266890,33.13
Avendra_0400424,1267147,23.85
Avendra_0400424,1267241,51.54
Avendra_0400424,1267886,94.8
Avendra_0400424,1268045,94.65
Avendra_0400424,1268153,23.85
Avendra_0400424,1268728,59.66
Avendra_0400424,1268887,73.24
Avendra_0400424,1268908,67.84
Avendra_0400424,1269199,95.54
Avendra_0400424,1269200,124.11
Avendra_0400424,1269201,107.68
Avendra_0400424,1269203,63.49
Avendra_0400424,1269204,110.14
Avendra_0400424,1269205,62.13
Avendra_0400424,1269207,78.25
Avendra_0400424,1269209,74.5
Avendra_0400424,1269211,76.56
Avendra_0400424,1269216,76.44
Avendra_0400424,1269721,59.11
Avendra_0400424,1269885,37.9
Avendra_0400424,1270687,41.21
Avendra_0400424,1271131,18
Avendra_0400424,1271669,30.28
Avendra_0400424,1272033,190.23
Avendra_0400424,1272239,31.28
Avendra_0400424,1272554,33.86
Avendra_0400424,1272555,37.9
Avendra_0400424,1272556,37.9
Avendra_0400424,1272557,53.06
Avendra_0400424,1272558,45.75
Avendra_0400424,1272559,43.56
Avendra_0400424,1272560,43.56
Avendra_0400424,1272561,43.56
Avendra_0400424,1272562,47.11
Avendra_0400424,1272716,11.22
Avendra_0400424,1272719,53.81
Avendra_0400424,1272720,55.32
Avendra_0400424,1272808,38.03
Avendra_0400424,1272964,38.81
Avendra_0400424,1273073,38.03
Avendra_0400424,1273341,99.1
Avendra_0400424,1273837,18
Avendra_0400424,1273898,22.04
Avendra_0400424,1273900,22.44
Avendra_0400424,1273901,22.54
Avendra_0400424,1275279,64.95
Avendra_0400424,1275630,80.86
Avendra_0400424,1275887,50.24
Avendra_0400424,1276351,34.69
Avendra_0400424,1276352,34.69
Avendra_0400424,1276353,34.69
Avendra_0400424,1279130,25.73
Avendra_0400424,1279851,40.78
Avendra_0400424,1280517,63.89
Avendra_0400424,1283015,58.14
Avendra_0400424,1283715,31.24
Avendra_0400424,1284062,54.14
Avendra_0400424,1285114,56.24
Avendra_0400424,1285161,48.59
Avendra_0400424,1285924,38.94
Avendra_0400424,1287822,97.43
Avendra_0400424,1289079,34.85
Avendra_0400424,1289469,89.08
Avendra_0400424,1290099,28.05
Avendra_0400424,1291517,60.98
Avendra_0400424,1292867,31.18
Avendra_0400424,1293424,82.26
Avendra_0400424,1293793,30.01
Avendra_0400424,1293962,37.42
Avendra_0400424,1293971,47.44
Avendra_0400424,1295829,34.22
Avendra_0400424,1296497,81.05
Avendra_0400424,1296805,47.56
Avendra_0400424,1297870,25.46
Avendra_0400424,1300342,53.69
Avendra_0400424,1300648,13.7
Avendra_0400424,1302076,36.17
Avendra_0400424,1302323,61.36
Avendra_0400424,1302724,6
Avendra_0400424,1302728,6
Avendra_0400424,1303473,194.73
Avendra_0400424,1303502,61.75
Avendra_0400424,1303622,64.36
Avendra_0400424,1303623,66.19
Avendra_0400424,1304579,45.17
Avendra_0400424,1305085,59.44
Avendra_0400424,1305414,50.34
Avendra_0400424,1305851,70.08
Avendra_0400424,1306704,45.78
Avendra_0400424,1306705,31.24
Avendra_0400424,1306770,50.42
Avendra_0400424,1308417,66.49
Avendra_0400424,1308651,50.14
Avendra_0400424,1309222,30.35
Avendra_0400424,1309238,39.67
Avendra_0400424,1312651,80.86
Avendra_0400424,1312706,52.69
Avendra_0400424,1312914,41.25
Avendra_0400424,1313390,49.28
Avendra_0400424,1313393,72.99
Avendra_0400424,1314063,36.9
Avendra_0400424,1315822,53.72
Avendra_0400424,1316344,37.92
Avendra_0400424,1316418,27.68
Avendra_0400424,1316720,24.66
Avendra_0400424,1317123,25.86
Avendra_0400424,1317124,25.86
Avendra_0400424,1317125,25.86
Avendra_0400424,1317126,25.86
Avendra_0400424,1317127,25.86
Avendra_0400424,1317128,25.86
Avendra_0400424,1317129,25.86
Avendra_0400424,1317668,125.24
Avendra_0400424,1317674,144.43
Avendra_0400424,1318235,43.56
Avendra_0400424,1320798,23.85
Avendra_0400424,1322431,31.28
Avendra_0400424,1324436,85.86
Avendra_0400424,1324639,58.52
Avendra_0400424,1325275,70.89
Avendra_0400424,1326051,69.95
Avendra_0400424,1327504,6
Avendra_0400424,1328351,47.56
Avendra_0400424,1328961,126.91
Avendra_0400424,1330407,36.7
Avendra_0400424,1331998,33.2
Avendra_0400424,1333996,67.15
Avendra_0400424,1335401,20.29
Avendra_0400424,1335990,54.99
Avendra_0400424,1335999,77.33
Avendra_0400424,1336008,35.98
Avendra_0400424,1336011,88.96
Avendra_0400424,1338442,77.5
Avendra_0400424,1338612,75.4
Avendra_0400424,1338753,71.26
Avendra_0400424,1339559,73.58
Avendra_0400424,1339730,40.18
Avendra_0400424,1340469,79.11
Avendra_0400424,1342651,31.15
Avendra_0400424,1342847,29.89
Avendra_0400424,1343574,92.33
Avendra_0400424,1345844,51.35
Avendra_0400424,1346076,115.06
Avendra_0400424,1346577,21.8
Avendra_0400424,1346743,13.81
Avendra_0400424,1346744,19.69
Avendra_0400424,1346786,125.26
Avendra_0400424,1348433,30.35
Avendra_0400424,1348480,12.08
Avendra_0400424,1348519,23.47
Avendra_0400424,1348528,17.27
Avendra_0400424,1349106,49.39
Avendra_0400424,1350384,64.56
Avendra_0400424,1350485,23.99
Avendra_0400424,1350838,108.8
Avendra_0400424,1350905,45.71
Avendra_0400424,1351149,56.19
Avendra_0400424,1351221,119.13
Avendra_0400424,1351644,57.21
Avendra_0400424,1351713,108.8
Avendra_0400424,1351714,82.81
Avendra_0400424,1351715,96.51
Avendra_0400424,1351716,85.14
Avendra_0400424,1351717,90.81
Avendra_0400424,1351718,89.89
Avendra_0400424,1351771,33.24
Avendra_0400424,1351833,46.36
Avendra_0400424,1351881,54.1
Avendra_0400424,1353025,115.01
Avendra_0400424,1353027,133.73
Avendra_0400424,1353568,64.78
Avendra_0400424,1353569,85.25
Avendra_0400424,1353586,46.36
Avendra_0400424,1353620,93.94
Avendra_0400424,1353855,26.89
Avendra_0400424,1353858,27.23
Avendra_0400424,1354572,41.8
Avendra_0400424,1354829,45.86
Avendra_0400424,1355111,54.91
Avendra_0400424,1355345,34.88
Avendra_0400424,1355346,34.88
Avendra_0400424,1355347,34.88
Avendra_0400424,1355348,34.88
Avendra_0400424,1355419,70.64
Avendra_0400424,1356037,31.78
Avendra_0400424,1356428,40.18
Avendra_0400424,1356429,79.98
Avendra_0400424,1357407,41.26
Avendra_0400424,1358086,74.71
Avendra_0400424,1358163,254.43
Avendra_0400424,1358274,45.44
Avendra_0400424,1358716,140.45
Avendra_0400424,1359055,51.91
Avendra_0400424,1359399,43.56
Avendra_0400424,1359703,69.58
Avendra_0400424,1359708,64.99
Avendra_0400424,1360461,49.46
Avendra_0400424,1361241,59.33
Avendra_0400424,1362197,85.3
Avendra_0400424,1362391,95.08
Avendra_0400424,1362434,51.25
Avendra_0400424,1362896,31.78
Avendra_0400424,1362993,89.23
Avendra_0400424,1363348,68.73
Avendra_0400424,1363817,78.35
Avendra_0400424,1363857,28.03
Avendra_0400424,1364033,43.51
Avendra_0400424,1364321,23.99
Avendra_0400424,1364984,34.21
Avendra_0400424,1365293,50.54
Avendra_0400424,1365977,83.26
Avendra_0400424,1366511,92.57
Avendra_0400424,1367358,129.89
Avendra_0400424,1367565,39.44
Avendra_0400424,1367604,69.33
Avendra_0400424,1368448,41.78
Avendra_0400424,1368824,56.13
Avendra_0400424,1370434,47.83
Avendra_0400424,1370602,42.29
Avendra_0400424,1371939,40.84
Avendra_0400424,1372131,35.28
Avendra_0400424,1372602,45.78
Avendra_0400424,1372684,46.54
Avendra_0400424,1373342,101.11
Avendra_0400424,1373512,21.64
Avendra_0400424,1373646,37.03
Avendra_0400424,1374953,108.13
Avendra_0400424,1375805,55.68
Avendra_0400424,1375903,54.36
Avendra_0400424,1376218,70.29
Avendra_0400424,1376615,34.21
Avendra_0400424,1377573,36.48
Avendra_0400424,1377912,22.38
Avendra_0400424,1379368,56.14
Avendra_0400424,1383335,35.28
Avendra_0400424,1383720,64.7
Avendra_0400424,1383782,62.83
Avendra_0400424,1384203,52.64
Avendra_0400424,1384362,37.01
Avendra_0400424,1386959,53.56
Avendra_0400424,1390118,52.98
Avendra_0400424,1391385,27.14
Avendra_0400424,1393465,39.19
Avendra_0400424,1396095,33.08
Avendra_0400424,1396926,53.96
Avendra_0400424,1397269,67.88
Avendra_0400424,1397280,80.75
Avendra_0400424,1397281,68.58
Avendra_0400424,1397379,31.93
Avendra_0400424,1397492,105.25
Avendra_0400424,1397493,106.11
Avendra_0400424,1397567,52.68
Avendra_0400424,1397568,45.88
Avendra_0400424,1399556,27.45
Avendra_0400424,1399557,28.31
Avendra_0400424,1399860,117.6
Avendra_0400424,1399861,159.31
Avendra_0400424,1399862,135.43
Avendra_0400424,1003743,131.49
Avendra_0400424,1004122,83.21
Avendra_0400424,1004458,100.03
Avendra_0400424,1005370,75.09
Avendra_0400424,1005756,66.64
Avendra_0400424,1005905,144.55
Avendra_0400424,1005906,153.61
Avendra_0400424,1006763,137.56
Avendra_0400424,1008310,231.7
Avendra_0400424,1008311,130.28
Avendra_0400424,1008667,206.83
Avendra_0400424,1010760,56.73
Avendra_0400424,1010934,72.96
Avendra_0400424,1011010,98.99
Avendra_0400424,1011090,59.73
Avendra_0400424,1011114,97.56
Avendra_0400424,1011163,97.56
Avendra_0400424,1011164,98.99
Avendra_0400424,1011324,115.66
Avendra_0400424,1011325,130.05
Avendra_0400424,1011378,81.49
Avendra_0400424,1011380,98.08
Avendra_0400424,1011404,79.15
Avendra_0400424,1011565,60.54
Avendra_0400424,1011566,60.54
Avendra_0400424,1011570,130.05
Avendra_0400424,1011586,79.14
Avendra_0400424,1011617,91.14
Avendra_0400424,1012086,63.1
Avendra_0400424,1013095,57.61
Avendra_0400424,1013146,89.63
Avendra_0400424,1013159,121.61
Avendra_0400424,1013160,128.01
Avendra_0400424,1013165,115.2
Avendra_0400424,1013174,113.96
Avendra_0400424,1013183,89.61
Avendra_0400424,1013191,89.61
Avendra_0400424,1013211,89.61
Avendra_0400424,1013223,102.44
Avendra_0400424,1013252,122.93
Avendra_0400424,1013276,57.61
Avendra_0400424,1013340,64.03
Avendra_0400424,1013372,108.81
Avendra_0400424,1013915,118.36
Avendra_0400424,1013916,97.89
Avendra_0400424,1013919,100.41
Avendra_0400424,1013921,112.15
Avendra_0400424,1013928,102.4
Avendra_0400424,1013930,99.66
Avendra_0400424,1013931,117.78
Avendra_0400424,1013933,113.39
Avendra_0400424,1013941,99.66
Avendra_0400424,1013977,100.41
Avendra_0400424,1014014,112.95
Avendra_0400424,1014018,113.68
Avendra_0400424,1014075,125.5
Avendra_0400424,1014154,190.06
Avendra_0400424,1014155,193.39
Avendra_0400424,1014188,241.19
Avendra_0400424,1014595,61.45
Avendra_0400424,1014603,61.45
Avendra_0400424,1014625,75.3
Avendra_0400424,1014626,69.04
Avendra_0400424,1014629,81.58
Avendra_0400424,1014632,89.61
Avendra_0400424,1014663,69.04
Avendra_0400424,1014705,81.58
Avendra_0400424,1014724,35.86
Avendra_0400424,1014727,81.58
Avendra_0400424,1014898,89.63
Avendra_0400424,1014936,60.18
Avendra_0400424,1014958,105.7
Avendra_0400424,1014965,44.83
Avendra_0400424,1014966,44.83
Avendra_0400424,1014981,116.94
Avendra_0400424,1014983,138.36
Avendra_0400424,1014989,51.21
Avendra_0400424,1014990,76.81
Avendra_0400424,1014991,102.4
Avendra_0400424,1014999,48.66
Avendra_0400424,1015017,51.21
Avendra_0400424,1015019,51.64
Avendra_0400424,1015031,57.6
Avendra_0400424,1015041,51.64
Avendra_0400424,1015050,102.44
Avendra_0400424,1015071,96.04
Avendra_0400424,1015077,96.04
Avendra_0400424,1015096,102.44
Avendra_0400424,1015134,89.63
Avendra_0400424,1015186,35.14
Avendra_0400424,1015203,37.65
Avendra_0400424,1015207,56.48
Avendra_0400424,1015225,51.23
Avendra_0400424,1015661,59.08
Avendra_0400424,1015830,62.75
Avendra_0400424,1016370,119.23
Avendra_0400424,1016371,94.13
Avendra_0400424,1016372,144.34
Avendra_0400424,1016373,96.64
Avendra_0400424,1016375,114.21
Avendra_0400424,1016691,34.89
Avendra_0400424,1016697,32.39
Avendra_0400424,1016709,43.61
Avendra_0400424,1016714,43.61
Avendra_0400424,1016727,112.95
Avendra_0400424,1016729,61.05
Avendra_0400424,1016749,29.9
Avendra_0400424,1016752,38.64
Avendra_0400424,1016756,49.85
Avendra_0400424,1016759,22.43
Avendra_0400424,1016761,44.83
Avendra_0400424,1016771,109.65
Avendra_0400424,1016802,61.05
Avendra_0400424,1019460,50.2
Avendra_0400424,1019637,59.6
Avendra_0400424,1019644,67.83
Avendra_0400424,1023044,49.71
Avendra_0400424,1030734,36.35
Avendra_0400424,1031216,69.09
Avendra_0400424,1031264,87.04
Avendra_0400424,1031458,71.88
Avendra_0400424,1031597,71.88
Avendra_0400424,1032607,69.09
Avendra_0400424,1032799,74.53
Avendra_0400424,1032946,82.15
Avendra_0400424,1032947,82.15
Avendra_0400424,1032948,82.15
Avendra_0400424,1033086,80.08
Avendra_0400424,1137040,68.18
Avendra_0400424,1137674,105.9
Avendra_0400424,1137675,79.08
Avendra_0400424,1150416,89.11
Avendra_0400424,1150691,88.9
Avendra_0400424,1156733,77.83
Avendra_0400424,1156782,130.43
Avendra_0400424,1156799,88.01
Avendra_0400424,1157506,72.96
Avendra_0400424,1159160,78.96
Avendra_0400424,1161020,107.63
Avendra_0400424,1163026,98.99
Avendra_0400424,1167692,89.61
Avendra_0400424,1168626,81.58
Avendra_0400424,1169999,90.01
Avendra_0400424,1171161,76.79
Avendra_0400424,1171532,61.45
Avendra_0400424,1173022,75.3
Avendra_0400424,1173023,62.75
Avendra_0400424,1173844,95.95
Avendra_0400424,1177104,68.18
Avendra_0400424,1180532,132.78
Avendra_0400424,1180550,90.75
Avendra_0400424,1180662,81.99
Avendra_0400424,1188345,79.7
Avendra_0400424,1194137,82.15
Avendra_0400424,1196642,119.98
Avendra_0400424,1198707,93.61
Avendra_0400424,1201029,56.13
Avendra_0400424,1201306,63.79
Avendra_0400424,1202028,100.41
Avendra_0400424,1204302,128.01
Avendra_0400424,1204303,76.81
Avendra_0400424,1204304,128.01
Avendra_0400424,1204864,105.9
Avendra_0400424,1205256,150.01
Avendra_0400424,1206605,76.73
Avendra_0400424,1207835,131.49
Avendra_0400424,1207836,107.46
Avendra_0400424,1207838,228.75
Avendra_0400424,1207839,131.94
Avendra_0400424,1207840,187.51
Avendra_0400424,1207841,132.94
Avendra_0400424,1207842,138.34
Avendra_0400424,1207868,63.1
Avendra_0400424,1210609,148.48
Avendra_0400424,1210658,128.01
Avendra_0400424,1211769,112.26
Avendra_0400424,1213404,115.46
Avendra_0400424,1220487,61.45
Avendra_0400424,1222321,106.68
Avendra_0400424,1224570,155.38
Avendra_0400424,1229685,304.25
Avendra_0400424,1229857,100.86
Avendra_0400424,1229858,123.06
Avendra_0400424,1230424,123.44
Avendra_0400424,1230779,75.73
Avendra_0400424,1232430,92.58
Avendra_0400424,1233166,173.88
Avendra_0400424,1233713,115.73
Avendra_0400424,1235170,254.58
Avendra_0400424,1235785,81.39
Avendra_0400424,1235870,105.03
Avendra_0400424,1236517,102.56
Avendra_0400424,1236521,115.66
Avendra_0400424,1237422,173.45
Avendra_0400424,1238015,172.9
Avendra_0400424,1238594,62.75
Avendra_0400424,1238908,150.79
Avendra_0400424,1238909,92.2
Avendra_0400424,1239378,131.08
Avendra_0400424,1239866,118.36
Avendra_0400424,1240473,229.55
Avendra_0400424,1240474,159.23
Avendra_0400424,1241066,237.5
Avendra_0400424,1242561,312.65
Avendra_0400424,1242563,213.8
Avendra_0400424,1242566,102.23
Avendra_0400424,1243477,119.98
Avendra_0400424,1244251,222.3
Avendra_0400424,1244313,145.26
Avendra_0400424,1245196,70.89
Avendra_0400424,1246186,124.03
Avendra_0400424,1246532,77.83
Avendra_0400424,1246905,62.35
Avendra_0400424,1248563,147.55
Avendra_0400424,1249868,124.44
Avendra_0400424,1249869,184.84
Avendra_0400424,1249870,135.63
Avendra_0400424,1249871,83.33
Avendra_0400424,1250326,58.98
Avendra_0400424,1250912,115.39
Avendra_0400424,1250913,101.8
Avendra_0400424,1251099,59.08
Avendra_0400424,1251365,56.9
Avendra_0400424,1252677,127.45
Avendra_0400424,1252679,147.7
Avendra_0400424,1253073,170.69
Avendra_0400424,1254089,98.53
Avendra_0400424,1254090,89.79
Avendra_0400424,1254132,176.54
Avendra_0400424,1254634,137.58
Avendra_0400424,1255912,112.5
Avendra_0400424,1257208,85.45
Avendra_0400424,1258132,114.83
Avendra_0400424,1258531,172.69
Avendra_0400424,1258534,192.7
Avendra_0400424,1259062,63.94
Avendra_0400424,1259758,105.63
Avendra_0400424,1259811,72.96
Avendra_0400424,1261696,201.28
Avendra_0400424,1261698,129.1
Avendra_0400424,1263325,71.63
Avendra_0400424,1264599,83.44
Avendra_0400424,1264614,93.51
Avendra_0400424,1264615,83.44
Avendra_0400424,1265077,87.08
Avendra_0400424,1266834,106.6
Avendra_0400424,1268076,144.16
Avendra_0400424,1269320,88.66
Avendra_0400424,1275960,81.58
Avendra_0400424,1276333,69.75
Avendra_0400424,1276461,128.01
Avendra_0400424,1276986,204.61
Avendra_0400424,1277540,113.61
Avendra_0400424,1280382,151
Avendra_0400424,1280406,106.68
Avendra_0400424,1280425,90.29
Avendra_0400424,1280943,116.44
Avendra_0400424,1281578,189.8
Avendra_0400424,1282283,131.74
Avendra_0400424,1282346,70.89
Avendra_0400424,1283044,48.66
Avendra_0400424,1283147,44.83
Avendra_0400424,1283236,148.75
Avendra_0400424,1283856,167.71
Avendra_0400424,1283857,141.19
Avendra_0400424,1284083,84.56
Avendra_0400424,1284867,95.18
Avendra_0400424,1285092,126.36
Avendra_0400424,1285672,91.96
Avendra_0400424,1285852,182.83
Avendra_0400424,1286140,328.64
Avendra_0400424,1286209,56.73
Avendra_0400424,1286487,184.84
Avendra_0400424,1287363,78.96
Avendra_0400424,1287973,97.8
Avendra_0400424,1287991,41.95
Avendra_0400424,1290175,138.88
Avendra_0400424,1290282,135.63
Avendra_0400424,1294925,244.51
Avendra_0400424,1294926,91.59
Avendra_0400424,1294930,100.3
Avendra_0400424,1294964,73.55
Avendra_0400424,1295522,50.25
Avendra_0400424,1295822,179.41
Avendra_0400424,1295823,124.59
Avendra_0400424,1295824,99.66
Avendra_0400424,1295826,93.45
Avendra_0400424,1296940,105.13
Avendra_0400424,1297191,56.73
Avendra_0400424,1297192,69.09
Avendra_0400424,1298221,177.58
Avendra_0400424,1299133,174.15
Avendra_0400424,1300671,113.21
Avendra_0400424,1300675,128.94
Avendra_0400424,1300676,158.51
Avendra_0400424,1300677,119.28
Avendra_0400424,1300678,210.4
Avendra_0400424,1303996,62.75
Avendra_0400424,1311477,152.13
Avendra_0400424,1311583,73.81
Avendra_0400424,1311944,133.56
Avendra_0400424,1312996,112.48
Avendra_0400424,1314412,81.69
Avendra_0400424,1315462,85.7
Avendra_0400424,1316142,76.26
Avendra_0400424,1316144,116.18
Avendra_0400424,1316145,107.91
Avendra_0400424,1316167,154.5
Avendra_0400424,1318741,69.04
Avendra_0400424,1321696,101.75
Avendra_0400424,1322583,250.73
Avendra_0400424,1323358,138.05
Avendra_0400424,1323401,72.03
Avendra_0400424,1323566,113.68
Avendra_0400424,1325386,89.05
Avendra_0400424,1326042,81.58
Avendra_0400424,1326917,52.44
Avendra_0400424,1326918,43.15
Avendra_0400424,1326919,52.51
Avendra_0400424,1326948,33.24
Avendra_0400424,1327512,157.5
Avendra_0400424,1328094,186.36
Avendra_0400424,1329227,136.2
Avendra_0400424,1329523,122.23
Avendra_0400424,1330414,47.5
Avendra_0400424,1331919,59.25
Avendra_0400424,1331921,64.01
Avendra_0400424,1332216,59.25
Avendra_0400424,1332828,94.78
Avendra_0400424,1333656,150.01
Avendra_0400424,1333657,172.69
Avendra_0400424,1334512,93.59
Avendra_0400424,1334513,140.46
Avendra_0400424,1335057,113.68
Avendra_0400424,1335521,103.09
Avendra_0400424,1335957,69.04
Avendra_0400424,1338067,47.28
Avendra_0400424,1338643,192.7
Avendra_0400424,1340530,79.15
Avendra_0400424,1342982,128.04
Avendra_0400424,1342988,194.59
Avendra_0400424,1342989,91.31
Avendra_0400424,1343433,76.79
Avendra_0400424,1343566,37.5
Avendra_0400424,1343567,37.5
Avendra_0400424,1343587,60.58
Avendra_0400424,1343792,154.85
Avendra_0400424,1344740,123.73
Avendra_0400424,1345104,37.5
Avendra_0400424,1345792,66.64
Avendra_0400424,1345800,125.5
Avendra_0400424,1345860,92.58
Avendra_0400424,1345861,107.46
Avendra_0400424,1346022,54.51
Avendra_0400424,1346049,15.63
Avendra_0400424,1346050,15.63
Avendra_0400424,1346051,15.63
Avendra_0400424,1346052,15.63
Avendra_0400424,1346270,157.64
Avendra_0400424,1348471,50.71
Avendra_0400424,1351916,93.4
Avendra_0400424,1352381,68.18
Avendra_0400424,1352823,49.85
Avendra_0400424,1353368,45.95
Avendra_0400424,1354720,60.26
Avendra_0400424,1355685,45.18
Avendra_0400424,1356071,123.76
Avendra_0400424,1356400,153.89
Avendra_0400424,1357525,106.1
Avendra_0400424,1359673,76.03
Avendra_0400424,1360715,70.84
Avendra_0400424,1360971,93.45
Avendra_0400424,1361290,72.36
Avendra_0400424,1362185,156.09
Avendra_0400424,1362553,188.89
Avendra_0400424,1362658,59.93
Avendra_0400424,1362659,57.96
Avendra_0400424,1362947,75.18
Avendra_0400424,1362951,153.84
Avendra_0400424,1363007,80.73
Avendra_0400424,1363286,97.24
Avendra_0400424,1363607,93.45
Avendra_0400424,1364205,98.3
Avendra_0400424,1365555,187.74
Avendra_0400424,1365781,206.14
Avendra_0400424,1365783,101.89
Avendra_0400424,1366091,116.89
Avendra_0400424,1366369,119.93
Avendra_0400424,1368011,169.78
Avendra_0400424,1368043,180.28
Avendra_0400424,1368046,105.35
Avendra_0400424,1369304,109.04
Avendra_0400424,1369360,120.91
Avendra_0400424,1369829,119.9
Avendra_0400424,1370449,141.2
Avendra_0400424,1371599,66.31
Avendra_0400424,1371842,155.38
Avendra_0400424,1371897,92.9
Avendra_0400424,1372243,133.91
Avendra_0400424,1372479,72.36
Avendra_0400424,1372692,100.86
Avendra_0400424,1372988,160.81
Avendra_0400424,1373344,217.66
Avendra_0400424,1374019,118.44
Avendra_0400424,1374202,134.78
Avendra_0400424,1374643,69.09
Avendra_0400424,1374644,118.44
Avendra_0400424,1375164,172.95
Avendra_0400424,1376362,102.56
Avendra_0400424,1376585,89.15
Avendra_0400424,1376769,104.71
Avendra_0400424,1376925,52.15
Avendra_0400424,1377181,277.68
Avendra_0400424,1377581,89.69
Avendra_0400424,1378352,46.33
Avendra_0400424,1378399,86.5
Avendra_0400424,1378512,23.6
Avendra_0400424,1378603,68.99
Avendra_0400424,1378920,110.63
Avendra_0400424,1378921,80.1
Avendra_0400424,1378922,152.48
Avendra_0400424,1378923,216.9
Avendra_0400424,1379643,55.14
Avendra_0400424,1380365,79.85
Avendra_0400424,1380366,80.65
Avendra_0400424,1380442,273.55
Avendra_0400424,1380541,20.48
Avendra_0400424,1380542,20.48
Avendra_0400424,1383333,108.8
Avendra_0400424,1384079,97.56
Avendra_0400424,1384370,127.45
Avendra_0400424,1384791,143.13
Avendra_0400424,1385470,117.49
Avendra_0400424,1385811,127.91
Avendra_0400424,1385908,85.45
Avendra_0400424,1385928,119.28
Avendra_0400424,1386355,118.36
Avendra_0400424,1386640,89.15
Avendra_0400424,1386641,84.48
Avendra_0400424,1386844,112.5
Avendra_0400424,1386947,137.58
Avendra_0400424,1387011,150.79
Avendra_0400424,1387206,719.28
Avendra_0400424,1387207,719.28
Avendra_0400424,1387208,719.28
Avendra_0400424,1387209,167.3
Avendra_0400424,1387542,131.74
Avendra_0400424,1387543,100.86
Avendra_0400424,1387544,115.73
Avendra_0400424,1387555,129.24
Avendra_0400424,1387562,59.6
Avendra_0400424,1387630,110.91
Avendra_0400424,1387861,89.15
Avendra_0400424,1387897,136.2
Avendra_0400424,1387996,48.06
Avendra_0400424,1387997,48.06
Avendra_0400424,1387999,46.24
Avendra_0400424,1388425,102.01
Avendra_0400424,1389632,123.44
Avendra_0400424,1391889,132.78
Avendra_0400424,1392197,112.48
Avendra_0400424,1392311,67.39
Avendra_0400424,1392550,129.69
Avendra_0400424,1392589,75.73
Avendra_0400424,1392834,137.03
Avendra_0400424,1392852,165.98
Avendra_0400424,1392856,154.5
Avendra_0400424,1393123,148.48
Avendra_0400424,1393266,76.73
Avendra_0400424,1393267,102.01
Avendra_0400424,1393486,118.44
Avendra_0400424,1393893,148.75
Avendra_0400424,1394201,93.59
Avendra_0400424,1394716,123.7
Avendra_0400424,1394908,167.65
Avendra_0400424,1394910,145.63
Avendra_0400424,1395386,59.71
Avendra_0400424,1395753,147.55
Avendra_0400424,1395940,92.2
Avendra_0400424,1396507,82.28
Avendra_0400424,1396714,80.65
Avendra_0400424,1396939,74.26
Avendra_0400424,1396956,130.98
Avendra_0400424,1397173,133.56
Avendra_0400424,1398399,101.75
Avendra_0400424,1398924,77.7
Avendra_0400424,1399725,98.71
Avendra_0400424,1400300,104.71
Avendra_0400424,1400405,123.06
Avendra_0400424,1400828,104.41
Avendra_0400424,1400829,96.74
Avendra_0400424,1400830,111.73
Avendra_0400424,1401290,103.8
Avendra_0400424,1401308,74.26
Avendra_0400424,1401746,94.78
Avendra_0400424,1401951,36.34
Avendra_0400424,1402744,93.15
Avendra_0400424,1403412,130.28
Avendra_0400424,1403561,108.8
Avendra_0400424,1403588,141.91
Avendra_0400424,1403823,113.21
Avendra_0400424,1003680,116.58
Avendra_0400424,1003983,32.95
Avendra_0400424,1005963,182.99
Avendra_0400424,1006200,182.99
Avendra_0400424,1007011,182.99
Avendra_0400424,1008130,182.99
Avendra_0400424,1008449,704.13
Avendra_0400424,1008450,439.53
Avendra_0400424,1008453,151.67
Avendra_0400424,1008455,125.35
Avendra_0400424,1008457,131.3
Avendra_0400424,1008459,106.03
Avendra_0400424,1008460,68.9
Avendra_0400424,1008466,244.25
Avendra_0400424,1008467,244.25
Avendra_0400424,1008468,244.25
Avendra_0400424,1008469,318.04
Avendra_0400424,1008470,244.25
Avendra_0400424,1008479,87.55
Avendra_0400424,1085974,68.9
Avendra_0400424,1086647,141.65
Avendra_0400424,1088504,285.9
Avendra_0400424,1089702,155.71
Avendra_0400424,1093734,112.35
Avendra_0400424,1093753,74.16
Avendra_0400424,1093754,77.49
Avendra_0400424,1093755,128.68
Avendra_0400424,1093756,66.25
Avendra_0400424,1093760,110.23
Avendra_0400424,1093764,80.75
Avendra_0400424,1093765,243.31
Avendra_0400424,1093768,128.53
Avendra_0400424,1093773,188.91
Avendra_0400424,1093776,103.9
Avendra_0400424,1093819,85.47
Avendra_0400424,1093823,66.36
Avendra_0400424,1093824,49.17
Avendra_0400424,1093827,69.13
Avendra_0400424,1093829,47.8
Avendra_0400424,1093830,69.72
Avendra_0400424,1093831,50.96
Avendra_0400424,1093833,91.65
Avendra_0400424,1093834,57.15
Avendra_0400424,1093836,64.54
Avendra_0400424,1093846,76.81
Avendra_0400424,1093847,90.34
Avendra_0400424,1093851,88.21
Avendra_0400424,1093852,51.34
Avendra_0400424,1093855,132.65
Avendra_0400424,1093860,118.5
Avendra_0400424,1093863,45.38
Avendra_0400424,1093866,85.91
Avendra_0400424,1093872,70.1
Avendra_0400424,1093875,102.72
Avendra_0400424,1093876,81.7
Avendra_0400424,1093893,173.08
Avendra_0400424,1093894,194.98
Avendra_0400424,1093895,176.61
Avendra_0400424,1093897,370.72
Avendra_0400424,1093898,98.45
Avendra_0400424,1093899,177.54
Avendra_0400424,1093902,110.05
Avendra_0400424,1093904,82.45
Avendra_0400424,1093911,62.85
Avendra_0400424,1093912,70.98
Avendra_0400424,1093913,308.19
Avendra_0400424,1093914,78.75
Avendra_0400424,1093918,117.13
Avendra_0400424,1093919,99.43
Avendra_0400424,1093920,61.82
Avendra_0400424,1093922,34.05
Avendra_0400424,1093925,212.58
Avendra_0400424,1093926,174.11
Avendra_0400424,1093927,147.57
Avendra_0400424,1093930,204.35
Avendra_0400424,1093936,126.14
Avendra_0400424,1093939,42.08
Avendra_0400424,1093942,84.84
Avendra_0400424,1093945,97.95
Avendra_0400424,1093952,434.31
Avendra_0400424,1093967,108.83
Avendra_0400424,1093973,77.49
Avendra_0400424,1093979,140.45
Avendra_0400424,1094002,208.85
Avendra_0400424,1094024,70.32
Avendra_0400424,1094027,122.95
Avendra_0400424,1094276,152.27
Avendra_0400424,1094331,33.3
Avendra_0400424,1094337,33.16
Avendra_0400424,1094396,47.65
Avendra_0400424,1094429,102.42
Avendra_0400424,1094436,77.41
Avendra_0400424,1094492,44.63
Avendra_0400424,1094494,44.63
Avendra_0400424,1094495,43.29
Avendra_0400424,1094505,144.32
Avendra_0400424,1094511,99.36
Avendra_0400424,1094526,304.11
Avendra_0400424,1094601,126.14
Avendra_0400424,1094605,132.22
Avendra_0400424,1094607,193.21
Avendra_0400424,1094608,119.34
Avendra_0400424,1094615,101.24
Avendra_0400424,1094617,62.95
Avendra_0400424,1094620,94.11
Avendra_0400424,1094622,169.26
Avendra_0400424,1094623,310.31
Avendra_0400424,1094624,192.59
Avendra_0400424,1094626,130.17
Avendra_0400424,1094630,96.6
Avendra_0400424,1094635,224.27
Avendra_0400424,1094637,121.66
Avendra_0400424,1094638,112.82
Avendra_0400424,1094641,113.97
Avendra_0400424,1094645,65.73
Avendra_0400424,1094651,123.18
Avendra_0400424,1094653,140.1
Avendra_0400424,1094657,61.73
Avendra_0400424,1094659,92.58
Avendra_0400424,1094661,318.51
Avendra_0400424,1094663,76.81
Avendra_0400424,1094668,69.51
Avendra_0400424,1094709,65.7
Avendra_0400424,1094711,48.85
Avendra_0400424,1094714,187.75
Avendra_0400424,1094726,266.86
Avendra_0400424,1094727,200.44
Avendra_0400424,1094735,28.9
Avendra_0400424,1094738,178.6
Avendra_0400424,1094768,424.6
Avendra_0400424,1094779,141.65
Avendra_0400424,1094782,113.11
Avendra_0400424,1094788,308.57
Avendra_0400424,1094792,72.9
Avendra_0400424,1094796,227.78
Avendra_0400424,1094797,130.31
Avendra_0400424,1094807,167.99
Avendra_0400424,1094808,110.19
Avendra_0400424,1094809,113.31
Avendra_0400424,1094812,93.05
Avendra_0400424,1094821,196.32
Avendra_0400424,1094825,105.34
Avendra_0400424,1094830,92.69
Avendra_0400424,1094840,47.7
Avendra_0400424,1094923,70.43
Avendra_0400424,1094927,72.98
Avendra_0400424,1094931,48.25
Avendra_0400424,1094932,141.65
Avendra_0400424,1094938,97.25
Avendra_0400424,1094945,227.41
Avendra_0400424,1094946,110.5
Avendra_0400424,1094947,145.95
Avendra_0400424,1094955,182.27
Avendra_0400424,1094959,125.35
Avendra_0400424,1094962,90.11
Avendra_0400424,1094970,43.78
Avendra_0400424,1094973,108.47
Avendra_0400424,1094976,283.33
Avendra_0400424,1094984,283.33
Avendra_0400424,1094996,58.82
Avendra_0400424,1095002,101.64
Avendra_0400424,1095004,317.56
Avendra_0400424,1095005,283.33
Avendra_0400424,1095016,132.74
Avendra_0400424,1095018,101.74
Avendra_0400424,1095019,65.23
Avendra_0400424,1095026,85.13
Avendra_0400424,1095035,86.15
Avendra_0400424,1095060,272.5
Avendra_0400424,1095061,116.21
Avendra_0400424,1095077,90.14
Avendra_0400424,1095090,134.68
Avendra_0400424,1095092,132.74
Avendra_0400424,1095095,65.33
Avendra_0400424,1095102,129.54
Avendra_0400424,1095104,57.06
Avendra_0400424,1095106,92.62
Avendra_0400424,1095115,81.98
Avendra_0400424,1095118,126.31
Avendra_0400424,1095123,111.04
Avendra_0400424,1095131,85.82
Avendra_0400424,1095136,179.57
Avendra_0400424,1095143,130.17
Avendra_0400424,1095145,182.27
Avendra_0400424,1095146,89.77
Avendra_0400424,1095149,613.57
Avendra_0400424,1095150,1416.28
Avendra_0400424,1095154,75.48
Avendra_0400424,1095155,92.11
Avendra_0400424,1095156,61.55
Avendra_0400424,1095166,284.73
Avendra_0400424,1095169,138.26
Avendra_0400424,1095171,189.06
Avendra_0400424,1095178,74.21
Avendra_0400424,1095180,363.39
Avendra_0400424,1095187,924.47
Avendra_0400424,1095189,28.27
Avendra_0400424,1095190,30.22
Avendra_0400424,1095198,82.32
Avendra_0400424,1095209,129.62
Avendra_0400424,1095227,153.31
Avendra_0400424,1095228,300.45
Avendra_0400424,1095231,179.35
Avendra_0400424,1095232,63.3
Avendra_0400424,1095236,146.98
Avendra_0400424,1095237,146.98
Avendra_0400424,1095238,179.35
Avendra_0400424,1095245,177.95
Avendra_0400424,1098043,121.67
Avendra_0400424,1098508,112.4
Avendra_0400424,1099509,85.02
Avendra_0400424,1099753,105.34
Avendra_0400424,1099803,92.54
Avendra_0400424,1099945,85.15
Avendra_0400424,1100058,90.37
Avendra_0400424,1100425,448.73
Avendra_0400424,1100431,144.84
Avendra_0400424,1100467,106.03
Avendra_0400424,1100796,200.43
Avendra_0400424,1141291,61.55
Avendra_0400424,1141672,210.6
Avendra_0400424,1142120,146.98
Avendra_0400424,1143459,138.34
Avendra_0400424,1143463,121.51
Avendra_0400424,1143464,103.43
Avendra_0400424,1147786,344.7
Avendra_0400424,1149667,262.56
Avendra_0400424,1149781,179.74
Avendra_0400424,1149784,468.74
Avendra_0400424,1152153,139.93
Avendra_0400424,1153231,211.25
Avendra_0400424,1154496,136.87
Avendra_0400424,1154781,127.98
Avendra_0400424,1156402,421.58
Avendra_0400424,1156784,2157.71
Avendra_0400424,1156801,424.32
Avendra_0400424,1156942,79.74
Avendra_0400424,1157649,153.48
Avendra_0400424,1161298,101.09
Avendra_0400424,1161390,48.92
Avendra_0400424,1164197,85.15
Avendra_0400424,1165523,97.84
Avendra_0400424,1168777,236.14
Avendra_0400424,1172534,111.59
Avendra_0400424,1172847,179.35
Avendra_0400424,1174818,318.51
Avendra_0400424,1175849,108.15
Avendra_0400424,1176118,140.1
Avendra_0400424,1176883,35.6
Avendra_0400424,1179902,182.99
Avendra_0400424,1180370,122.31
Avendra_0400424,1184844,149.21
Avendra_0400424,1185635,107.94
Avendra_0400424,1186232,152.83
Avendra_0400424,1187969,119.05
Avendra_0400424,1196644,840.41
Avendra_0400424,1200647,207.38
Avendra_0400424,1200648,88.64
Avendra_0400424,1200651,98.58
Avendra_0400424,1200682,84.82
Avendra_0400424,1202937,105.58
Avendra_0400424,1203595,111.24
Avendra_0400424,1203945,64.78
Avendra_0400424,1205930,113.03
Avendra_0400424,1206239,118.38
Avendra_0400424,1206928,143.77
Avendra_0400424,1208348,69.94
Avendra_0400424,1210412,61.1
Avendra_0400424,1211138,150.78
Avendra_0400424,1211370,298.35
Avendra_0400424,1211405,60.42
Avendra_0400424,1211525,107.63
Avendra_0400424,1213217,89.53
Avendra_0400424,1214535,184.06
Avendra_0400424,1214546,967.15
Avendra_0400424,1214547,626.56
Avendra_0400424,1214549,1705.15
Avendra_0400424,1214550,613.57
Avendra_0400424,1214551,1040.24
Avendra_0400424,1214552,2427.95
Avendra_0400424,1215133,63.04
Avendra_0400424,1215442,99.29
Avendra_0400424,1215444,89.2
Avendra_0400424,1217517,111.87
Avendra_0400424,1217520,111.51
Avendra_0400424,1217616,364.95
Avendra_0400424,1217617,364.95
Avendra_0400424,1221076,111.59
Avendra_0400424,1223221,105.21
Avendra_0400424,1223222,65.56
Avendra_0400424,1223476,149.18
Avendra_0400424,1225755,67.54
Avendra_0400424,1227199,91.15
Avendra_0400424,1228035,102.16
Avendra_0400424,1229455,56.53
Avendra_0400424,1229713,74.33
Avendra_0400424,1229716,42.7
Avendra_0400424,1230009,646.38
Avendra_0400424,1230584,145.56
Avendra_0400424,1231221,2427.95
Avendra_0400424,1231835,35.75
Avendra_0400424,1231909,143.86
Avendra_0400424,1233495,380.73
Avendra_0400424,1233637,32.54
Avendra_0400424,1233638,32.54
Avendra_0400424,1233641,56.53
Avendra_0400424,1233642,35.75
Avendra_0400424,1233645,37.56
Avendra_0400424,1233647,75.73
Avendra_0400424,1233649,71.54
Avendra_0400424,1233650,83.48
Avendra_0400424,1233651,83.48
Avendra_0400424,1233654,50.16
Avendra_0400424,1233655,50.16
Avendra_0400424,1233657,55.66
Avendra_0400424,1233658,55.66
Avendra_0400424,1233659,77.52
Avendra_0400424,1233660,77.52
Avendra_0400424,1233662,79.88
Avendra_0400424,1233663,79.88
Avendra_0400424,1237894,57.2
Avendra_0400424,1239736,607.33
Avendra_0400424,1239832,171.39
Avendra_0400424,1239840,318.85
Avendra_0400424,1239842,61.52
Avendra_0400424,1239850,953.98
Avendra_0400424,1239851,212.06
Avendra_0400424,1240268,1201.87
Avendra_0400424,1240378,79.06
Avendra_0400424,1240523,116.21
Avendra_0400424,1243650,179.35
Avendra_0400424,1243651,179.35
Avendra_0400424,1247639,72.83
Avendra_0400424,1248771,1003.65
Avendra_0400424,1249018,414.72
Avendra_0400424,1250292,739.89
Avendra_0400424,1250926,146.98
Avendra_0400424,1252220,83.55
Avendra_0400424,1255758,75.73
Avendra_0400424,1256770,134.8
Avendra_0400424,1256789,97.67
Avendra_0400424,1256871,146.98
Avendra_0400424,1256881,210.6
Avendra_0400424,1258408,159.87
Avendra_0400424,1258485,800.13
Avendra_0400424,1258726,87.88
Avendra_0400424,1259330,105.21
Avendra_0400424,1259385,67.54
Avendra_0400424,1259386,67.54
Avendra_0400424,1260914,115.75
Avendra_0400424,1261639,74.33
Avendra_0400424,1261786,86.97
Avendra_0400424,1262030,123.53
Avendra_0400424,1262058,81.31
Avendra_0400424,1262288,175.34
Avendra_0400424,1262494,170.69
Avendra_0400424,1264471,593.5
Avendra_0400424,1264476,232.78
Avendra_0400424,1264477,105.21
Avendra_0400424,1264481,57.48
Avendra_0400424,1266953,1643.79
Avendra_0400424,1271115,77.78
Avendra_0400424,1271139,171.8
Avendra_0400424,1271141,489.53
Avendra_0400424,1276336,133.75
Avendra_0400424,1277656,78.39
Avendra_0400424,1277824,64.83
Avendra_0400424,1282086,321.2
Avendra_0400424,1282100,75.73
Avendra_0400424,1283093,58.2
Avendra_0400424,1283858,106.93
Avendra_0400424,1283859,134.09
Avendra_0400424,1284073,56.74
Avendra_0400424,1284690,1705.15
Avendra_0400424,1285244,324.34
Avendra_0400424,1289556,418.81
Avendra_0400424,1289557,140.1
Avendra_0400424,1289558,743.33
Avendra_0400424,1289559,366.69
Avendra_0400424,1289560,514.01
Avendra_0400424,1291341,470.93
Avendra_0400424,1291379,182.27
Avendra_0400424,1291380,182.27
Avendra_0400424,1291382,158.47
Avendra_0400424,1294313,1034.21
Avendra_0400424,1294781,613.57
Avendra_0400424,1296294,499.44
Avendra_0400424,1296684,1352.31
Avendra_0400424,1297564,1790.39
Avendra_0400424,1298501,161.96
Avendra_0400424,1299318,144.16
Avendra_0400424,1302362,2792.13
Avendra_0400424,1302555,75.73
Avendra_0400424,1302561,112.82
Avendra_0400424,1302923,1648.48
Avendra_0400424,1304259,35.75
Avendra_0400424,1304484,137.49
Avendra_0400424,1304712,110.5
Avendra_0400424,1308289,62.82
Avendra_0400424,1309245,77.78
Avendra_0400424,1309249,35.75
Avendra_0400424,1309250,61.52
Avendra_0400424,1309718,85.02
Avendra_0400424,1311004,116.21
Avendra_0400424,1312205,119.05
Avendra_0400424,1312206,149.3
Avendra_0400424,1312207,272.5
Avendra_0400424,1312768,210.6
Avendra_0400424,1314481,89.28
Avendra_0400424,1316154,593.5
Avendra_0400424,1320646,123.98
Avendra_0400424,1324306,226.03
Avendra_0400424,1324312,107.46
Avendra_0400424,1324486,91.28
Avendra_0400424,1327410,156.57
Avendra_0400424,1327947,79.04
Avendra_0400424,1328727,176.6
Avendra_0400424,1329857,116.93
Avendra_0400424,1330002,110.19
Avendra_0400424,1330004,113.31
Avendra_0400424,1331457,59.76
Avendra_0400424,1333886,206.99
Avendra_0400424,1336972,159.75
Avendra_0400424,1337843,455.7
Avendra_0400424,1339007,120.31
Avendra_0400424,1342063,152.83
Avendra_0400424,1342205,193.93
Avendra_0400424,1346198,71.32
Avendra_0400424,1346199,152.83
Avendra_0400424,1346200,152.83
Avendra_0400424,1346465,212.06
Avendra_0400424,1347225,113.14
Avendra_0400424,1347667,61.27
Avendra_0400424,1348627,16.79
Avendra_0400424,1354108,78.36
Avendra_0400424,1355334,107.94
Avendra_0400424,1360558,46.18
Avendra_0400424,1362135,152.83
Avendra_0400424,1364698,26.71
Avendra_0400424,1383614,32.95
Avendra_0400424,1388586,63.38
Avendra_0400424,1003680,86.97
Avendra_0400424,1003983,27.33
Avendra_0400424,1005963,130.95
Avendra_0400424,1006200,130.95
Avendra_0400424,1007011,130.95
Avendra_0400424,1008130,130.95
Avendra_0400424,1008449,503.9
Avendra_0400424,1008450,358.4
Avendra_0400424,1008453,93.85
Avendra_0400424,1008455,89.75
Avendra_0400424,1008457,79.3
Avendra_0400424,1008459,75.88
Avendra_0400424,1008460,49.3
Avendra_0400424,1008466,167.62
Avendra_0400424,1008467,167.62
Avendra_0400424,1008468,167.62
Avendra_0400424,1008469,236.44
Avendra_0400424,1008470,167.62
Avendra_0400424,1008479,62.62
Avendra_0400424,1085974,49.3
Avendra_0400424,1086647,101.39
Avendra_0400424,1088504,204.61
Avendra_0400424,1089702,111.41
Avendra_0400424,1091678,104.52
Avendra_0400424,1093734,80.39
Avendra_0400424,1093753,53.05
Avendra_0400424,1093754,55.45
Avendra_0400424,1093755,92.09
Avendra_0400424,1093756,47.43
Avendra_0400424,1093760,78.87
Avendra_0400424,1093765,174.13
Avendra_0400424,1093768,91.97
Avendra_0400424,1093773,135.21
Avendra_0400424,1093776,74.41
Avendra_0400424,1093819,61.17
Avendra_0400424,1093823,47.52
Avendra_0400424,1093824,35.21
Avendra_0400424,1093827,49.44
Avendra_0400424,1093829,34.23
Avendra_0400424,1093830,49.88
Avendra_0400424,1093831,38.61
Avendra_0400424,1093833,65.57
Avendra_0400424,1093834,40.91
Avendra_0400424,1093836,46.21
Avendra_0400424,1093846,54.99
Avendra_0400424,1093847,64.67
Avendra_0400424,1093851,63.15
Avendra_0400424,1093852,36.75
Avendra_0400424,1093855,94.93
Avendra_0400424,1093860,84.82
Avendra_0400424,1093863,32.5
Avendra_0400424,1093866,61.49
Avendra_0400424,1093872,50.21
Avendra_0400424,1093875,73.51
Avendra_0400424,1093876,58.45
Avendra_0400424,1093893,123.85
Avendra_0400424,1093894,139.51
Avendra_0400424,1093895,126.42
Avendra_0400424,1093897,265.32
Avendra_0400424,1093898,70.44
Avendra_0400424,1093899,127.07
Avendra_0400424,1093902,78.76
Avendra_0400424,1093904,59.02
Avendra_0400424,1093911,44.98
Avendra_0400424,1093912,49.57
Avendra_0400424,1093913,220.59
Avendra_0400424,1093918,83.83
Avendra_0400424,1093919,71.17
Avendra_0400424,1093920,44.24
Avendra_0400424,1093922,24.31
Avendra_0400424,1093925,152.1
Avendra_0400424,1093926,124.6
Avendra_0400424,1093927,105.6
Avendra_0400424,1093930,146.25
Avendra_0400424,1093936,90.26
Avendra_0400424,1093939,30.09
Avendra_0400424,1093942,60.73
Avendra_0400424,1093945,70.09
Avendra_0400424,1093952,310.81
Avendra_0400424,1093967,77.9
Avendra_0400424,1093973,55.45
Avendra_0400424,1093979,100.5
Avendra_0400424,1094002,149.47
Avendra_0400424,1094024,50.31
Avendra_0400424,1094027,87.99
Avendra_0400424,1094276,100.96
Avendra_0400424,1094331,22.92
Avendra_0400424,1094339,23.71
Avendra_0400424,1094396,34.03
Avendra_0400424,1094436,55.41
Avendra_0400424,1094437,47.79
Avendra_0400424,1094492,31.97
Avendra_0400424,1094494,31.97
Avendra_0400424,1094495,30.97
Avendra_0400424,1094505,103.28
Avendra_0400424,1094511,71.16
Avendra_0400424,1094526,217.68
Avendra_0400424,1094601,90.26
Avendra_0400424,1094605,94.62
Avendra_0400424,1094608,85.4
Avendra_0400424,1094615,72.44
Avendra_0400424,1094617,47.65
Avendra_0400424,1094620,67.31
Avendra_0400424,1094622,116.67
Avendra_0400424,1094623,222.08
Avendra_0400424,1094624,137.83
Avendra_0400424,1094630,69.12
Avendra_0400424,1094635,160.47
Avendra_0400424,1094637,87.07
Avendra_0400424,1094638,80.75
Avendra_0400424,1094641,70.95
Avendra_0400424,1094645,47.05
Avendra_0400424,1094651,88.17
Avendra_0400424,1094653,100.26
Avendra_0400424,1094657,44.19
Avendra_0400424,1094659,66.27
Avendra_0400424,1094661,227.95
Avendra_0400424,1094663,54.99
Avendra_0400424,1094668,49.75
Avendra_0400424,1094709,47.3
Avendra_0400424,1094711,35.62
Avendra_0400424,1094714,134.35
Avendra_0400424,1094726,122.5
Avendra_0400424,1094727,143.43
Avendra_0400424,1094735,20.68
Avendra_0400424,1094738,127.82
Avendra_0400424,1094768,264.24
Avendra_0400424,1094779,101.39
Avendra_0400424,1094782,80.94
Avendra_0400424,1094788,220.82
Avendra_0400424,1094792,52.2
Avendra_0400424,1094796,163.02
Avendra_0400424,1094797,93.22
Avendra_0400424,1094807,120.23
Avendra_0400424,1094808,78.85
Avendra_0400424,1094809,81.08
Avendra_0400424,1094812,64.07
Avendra_0400424,1094821,36.02
Avendra_0400424,1094825,75.43
Avendra_0400424,1094830,67.62
Avendra_0400424,1094840,34.12
Avendra_0400424,1094923,50.41
Avendra_0400424,1094927,52.24
Avendra_0400424,1094931,34.73
Avendra_0400424,1094932,101.39
Avendra_0400424,1094938,69.58
Avendra_0400424,1094945,162.76
Avendra_0400424,1094946,79.07
Avendra_0400424,1094947,104.44
Avendra_0400424,1094955,130.43
Avendra_0400424,1094959,89.75
Avendra_0400424,1094962,64.45
Avendra_0400424,1094970,31.32
Avendra_0400424,1094973,77.63
Avendra_0400424,1094976,202.76
Avendra_0400424,1094984,202.76
Avendra_0400424,1094996,42.35
Avendra_0400424,1095002,72.74
Avendra_0400424,1095004,197.25
Avendra_0400424,1095005,202.76
Avendra_0400424,1095016,94.98
Avendra_0400424,1095018,72.84
Avendra_0400424,1095019,46.71
Avendra_0400424,1095026,62.1
Avendra_0400424,1095035,61.67
Avendra_0400424,1095060,195.03
Avendra_0400424,1095061,83.16
Avendra_0400424,1095070,40.18
Avendra_0400424,1095077,64.5
Avendra_0400424,1095092,94.98
Avendra_0400424,1095095,46.75
Avendra_0400424,1095102,92.73
Avendra_0400424,1095104,40.86
Avendra_0400424,1095106,66.3
Avendra_0400424,1095107,48.92
Avendra_0400424,1095115,58.66
Avendra_0400424,1095118,90.23
Avendra_0400424,1095123,79.48
Avendra_0400424,1095131,61.41
Avendra_0400424,1095136,128.51
Avendra_0400424,1095143,93.16
Avendra_0400424,1095145,130.43
Avendra_0400424,1095146,64.25
Avendra_0400424,1095149,439.09
Avendra_0400424,1095154,53.99
Avendra_0400424,1095155,64.13
Avendra_0400424,1095156,44.31
Avendra_0400424,1095166,203.77
Avendra_0400424,1095169,98.95
Avendra_0400424,1095171,135.29
Avendra_0400424,1095178,53.09
Avendra_0400424,1095180,260.05
Avendra_0400424,1095187,661.58
Avendra_0400424,1095189,20.24
Avendra_0400424,1095190,21.61
Avendra_0400424,1095198,58.89
Avendra_0400424,1095209,92.77
Avendra_0400424,1095227,109.67
Avendra_0400424,1095228,215.01
Avendra_0400424,1095231,128.38
Avendra_0400424,1095232,45.3
Avendra_0400424,1095236,107.2
Avendra_0400424,1095237,107.2
Avendra_0400424,1095238,128.38
Avendra_0400424,1095245,127.33
Avendra_0400424,1098043,87.08
Avendra_0400424,1098508,80.45
Avendra_0400424,1099509,60.86
Avendra_0400424,1099753,75.43
Avendra_0400424,1099803,66.22
Avendra_0400424,1099945,60.95
Avendra_0400424,1100058,64.7
Avendra_0400424,1100425,321.13
Avendra_0400424,1100431,103.68
Avendra_0400424,1100467,75.88
Avendra_0400424,1100796,143.43
Avendra_0400424,1141291,44.31
Avendra_0400424,1141672,153.65
Avendra_0400424,1142120,107.2
Avendra_0400424,1143459,99.02
Avendra_0400424,1143463,86.97
Avendra_0400424,1143464,74.04
Avendra_0400424,1147786,246.68
Avendra_0400424,1149667,187.87
Avendra_0400424,1149781,128.61
Avendra_0400424,1149784,335.46
Avendra_0400424,1152153,100.16
Avendra_0400424,1153231,151.16
Avendra_0400424,1154496,97.95
Avendra_0400424,1154781,91.6
Avendra_0400424,1156402,301.68
Avendra_0400424,1156784,1544.16
Avendra_0400424,1156801,303.67
Avendra_0400424,1156942,57.06
Avendra_0400424,1157649,109.84
Avendra_0400424,1161298,72.36
Avendra_0400424,1161390,46.59
Avendra_0400424,1164197,60.95
Avendra_0400424,1168777,157.21
Avendra_0400424,1172534,79.86
Avendra_0400424,1172847,128.38
Avendra_0400424,1174818,227.95
Avendra_0400424,1175849,77.35
Avendra_0400424,1176118,100.26
Avendra_0400424,1176883,25.43
Avendra_0400424,1179902,130.95
Avendra_0400424,1180370,118.8
Avendra_0400424,1184844,110.88
Avendra_0400424,1185635,104.84
Avendra_0400424,1186232,109.37
Avendra_0400424,1196644,601.43
Avendra_0400424,1200647,155.43
Avendra_0400424,1200648,66.43
Avendra_0400424,1200651,73.88
Avendra_0400424,1202937,75.55
Avendra_0400424,1203595,80.64
Avendra_0400424,1203945,46.45
Avendra_0400424,1205930,80.9
Avendra_0400424,1206239,84.72
Avendra_0400424,1206928,102.88
Avendra_0400424,1208348,62.33
Avendra_0400424,1210412,43.73
Avendra_0400424,1211370,223.6
Avendra_0400424,1211405,43.24
Avendra_0400424,1211525,77.04
Avendra_0400424,1211675,143.32
Avendra_0400424,1213217,64.08
Avendra_0400424,1214535,131.71
Avendra_0400424,1214547,448.39
Avendra_0400424,1214549,1141.37
Avendra_0400424,1214550,439.09
Avendra_0400424,1214551,744.44
Avendra_0400424,1214552,1737.57
Avendra_0400424,1215133,45.11
Avendra_0400424,1215442,71.08
Avendra_0400424,1215444,63.82
Avendra_0400424,1217517,80.08
Avendra_0400424,1217520,79.79
Avendra_0400424,1217616,261.19
Avendra_0400424,1217617,261.19
Avendra_0400424,1221076,79.86
Avendra_0400424,1223221,75.3
Avendra_0400424,1223222,46.92
Avendra_0400424,1223476,111.81
Avendra_0400424,1225755,48.33
Avendra_0400424,1227199,65.26
Avendra_0400424,1228035,73.13
Avendra_0400424,1229455,40.46
Avendra_0400424,1229713,53.19
Avendra_0400424,1229716,30.56
Avendra_0400424,1230009,462.6
Avendra_0400424,1230584,104.19
Avendra_0400424,1231221,1737.57
Avendra_0400424,1231835,25.62
Avendra_0400424,1233495,272.44
Avendra_0400424,1233637,23.3
Avendra_0400424,1233638,23.3
Avendra_0400424,1233641,40.46
Avendra_0400424,1233642,25.62
Avendra_0400424,1233645,26.88
Avendra_0400424,1233647,54.19
Avendra_0400424,1233649,51.18
Avendra_0400424,1233650,59.75
Avendra_0400424,1233651,59.75
Avendra_0400424,1233654,35.91
Avendra_0400424,1233655,35.91
Avendra_0400424,1233657,39.81
Avendra_0400424,1233658,39.81
Avendra_0400424,1233659,55.47
Avendra_0400424,1233660,55.47
Avendra_0400424,1233662,57.16
Avendra_0400424,1233663,57.16
Avendra_0400424,1239736,434.63
Avendra_0400424,1239832,122.62
Avendra_0400424,1239840,228.18
Avendra_0400424,1239842,44.01
Avendra_0400424,1239850,592.56
Avendra_0400424,1239851,151.77
Avendra_0400424,1240268,860.13
Avendra_0400424,1240378,56.58
Avendra_0400424,1240523,83.16
Avendra_0400424,1243650,128.38
Avendra_0400424,1243651,128.38
Avendra_0400424,1247639,52.13
Avendra_0400424,1248771,718.26
Avendra_0400424,1249018,296.81
Avendra_0400424,1250292,529.47
Avendra_0400424,1250926,107.2
Avendra_0400424,1252220,59.79
Avendra_0400424,1256686,54.19
Avendra_0400424,1256770,96.44
Avendra_0400424,1256789,69.91
Avendra_0400424,1256871,107.2
Avendra_0400424,1256881,153.65
Avendra_0400424,1258408,114.43
Avendra_0400424,1258485,572.58
Avendra_0400424,1258726,62.91
Avendra_0400424,1259330,75.3
Avendra_0400424,1259385,48.33
Avendra_0400424,1259386,48.33
Avendra_0400424,1260914,82.8
Avendra_0400424,1261639,53.19
Avendra_0400424,1261786,61.87
Avendra_0400424,1262030,88.41
Avendra_0400424,1262058,58.08
Avendra_0400424,1262288,125.48
Avendra_0400424,1262494,122.15
Avendra_0400424,1264477,75.3
Avendra_0400424,1264481,41.13
Avendra_0400424,1271138,71.19
Avendra_0400424,1271139,114.99
Avendra_0400424,1271141,327.68
Avendra_0400424,1276336,95.72
Avendra_0400424,1277656,56.11
Avendra_0400424,1277824,46.41
Avendra_0400424,1282086,229.88
Avendra_0400424,1282100,54.19
Avendra_0400424,1283093,41.66
Avendra_0400424,1283859,97.84
Avendra_0400424,1284073,40.57
Avendra_0400424,1284690,1141.37
Avendra_0400424,1285244,232.11
Avendra_0400424,1289556,299.68
Avendra_0400424,1289557,100.26
Avendra_0400424,1289558,531.99
Avendra_0400424,1289559,262.41
Avendra_0400424,1289560,344.04
Avendra_0400424,1291341,337.01
Avendra_0400424,1291379,130.43
Avendra_0400424,1291380,130.43
Avendra_0400424,1291382,113.39
Avendra_0400424,1292233,34.86
Avendra_0400424,1294781,439.09
Avendra_0400424,1296294,357.43
Avendra_0400424,1296684,967.77
Avendra_0400424,1297564,1198.45
Avendra_0400424,1298501,126.2
Avendra_0400424,1299318,103.17
Avendra_0400424,1302362,1998.18
Avendra_0400424,1302555,54.19
Avendra_0400424,1302561,80.75
Avendra_0400424,1302923,1179.7
Avendra_0400424,1303162,43.38
Avendra_0400424,1304259,25.62
Avendra_0400424,1304712,79.07
Avendra_0400424,1308289,44.95
Avendra_0400424,1309245,55.66
Avendra_0400424,1309249,25.62
Avendra_0400424,1309250,44.01
Avendra_0400424,1309718,60.86
Avendra_0400424,1311004,83.16
Avendra_0400424,1312205,115.51
Avendra_0400424,1312206,144.88
Avendra_0400424,1312207,195.03
Avendra_0400424,1312768,153.65
Avendra_0400424,1314481,86.63
Avendra_0400424,1316154,424.73
Avendra_0400424,1317655,424.73
Avendra_0400424,1320646,120.31
Avendra_0400424,1324306,165.54
Avendra_0400424,1324312,78.71
Avendra_0400424,1324486,66.87
Avendra_0400424,1327410,116.19
Avendra_0400424,1327947,56.56
Avendra_0400424,1328727,113.2
Avendra_0400424,1329857,83.71
Avendra_0400424,1330002,78.85
Avendra_0400424,1330004,81.08
Avendra_0400424,1331457,44.31
Avendra_0400424,1332696,70.02
Avendra_0400424,1333886,148.13
Avendra_0400424,1336972,114.33
Avendra_0400424,1337843,335.21
Avendra_0400424,1339007,77.02
Avendra_0400424,1342063,109.37
Avendra_0400424,1342205,138.79
Avendra_0400424,1346198,51.03
Avendra_0400424,1346199,109.37
Avendra_0400424,1346200,109.37
Avendra_0400424,1346465,151.77
Avendra_0400424,1347667,59.53
Avendra_0400424,1348627,16.31
Avendra_0400424,1354108,56.12
Avendra_0400424,1355334,104.84
Avendra_0400424,1360558,34.56
Avendra_0400424,1362135,109.37
Avendra_0400424,1364698,22.16
Avendra_0400424,1383614,27.33
Avendra_0400424,1386562,58.8
Avendra_0400424,1386728,70.72
Avendra_0400424,1388586,45.35
Avendra_0400424,1390774,41.26
Avendra_0400424,1391868,59.79
Avendra_0400424,1393389,240.51
Avendra_0400424,1395117,114.99
Avendra_0400424,1003680,130.09
Avendra_0400424,1003983,33.93
Avendra_0400424,1005963,156.98
Avendra_0400424,1006200,156.98
Avendra_0400424,1007011,156.98
Avendra_0400424,1008130,156.98
Avendra_0400424,1008449,604.05
Avendra_0400424,1008450,478.14
Avendra_0400424,1008453,164.99
Avendra_0400424,1008455,113.08
Avendra_0400424,1008457,142.84
Avendra_0400424,1008459,119.9
Avendra_0400424,1008460,62.12
Avendra_0400424,1008466,272.61
Avendra_0400424,1008467,272.61
Avendra_0400424,1008468,272.61
Avendra_0400424,1008469,354.97
Avendra_0400424,1008470,272.61
Avendra_0400424,1008479,75.07
Avendra_0400424,1085974,59.11
Avendra_0400424,1086647,121.53
Avendra_0400424,1088504,245.27
Avendra_0400424,1089702,133.53
Avendra_0400424,1091678,125.26
Avendra_0400424,1093734,96.37
Avendra_0400424,1093753,63.6
Avendra_0400424,1093754,66.48
Avendra_0400424,1093755,110.38
Avendra_0400424,1093756,56.86
Avendra_0400424,1093760,94.55
Avendra_0400424,1093765,208.74
Avendra_0400424,1093768,110.25
Avendra_0400424,1093773,162.06
Avendra_0400424,1093776,89.18
Avendra_0400424,1093819,73.32
Avendra_0400424,1093823,56.93
Avendra_0400424,1093824,42.2
Avendra_0400424,1093827,59.27
Avendra_0400424,1093829,41.03
Avendra_0400424,1093830,59.8
Avendra_0400424,1093831,46.29
Avendra_0400424,1093833,78.6
Avendra_0400424,1093834,49.04
Avendra_0400424,1093836,55.39
Avendra_0400424,1093846,65.92
Avendra_0400424,1093847,77.53
Avendra_0400424,1093851,75.69
Avendra_0400424,1093852,44.05
Avendra_0400424,1093855,113.79
Avendra_0400424,1093860,101.67
Avendra_0400424,1093863,38.93
Avendra_0400424,1093866,73.72
Avendra_0400424,1093872,60.18
Avendra_0400424,1093875,88.12
Avendra_0400424,1093876,70.09
Avendra_0400424,1093893,148.46
Avendra_0400424,1093894,167.23
Avendra_0400424,1093895,151.54
Avendra_0400424,1093897,318.03
Avendra_0400424,1093898,84.43
Avendra_0400424,1093899,152.31
Avendra_0400424,1093902,94.4
Avendra_0400424,1093904,70.74
Avendra_0400424,1093911,53.91
Avendra_0400424,1093912,60.91
Avendra_0400424,1093913,264.43
Avendra_0400424,1093918,100.48
Avendra_0400424,1093919,85.31
Avendra_0400424,1093920,53.03
Avendra_0400424,1093922,29.13
Avendra_0400424,1093925,182.32
Avendra_0400424,1093926,149.35
Avendra_0400424,1093927,126.58
Avendra_0400424,1093930,175.31
Avendra_0400424,1093936,108.2
Avendra_0400424,1093939,36.06
Avendra_0400424,1093942,72.8
Avendra_0400424,1093945,84.02
Avendra_0400424,1093952,372.57
Avendra_0400424,1093967,93.37
Avendra_0400424,1093973,66.48
Avendra_0400424,1093979,120.48
Avendra_0400424,1094002,179.16
Avendra_0400424,1094024,60.31
Avendra_0400424,1094027,105.46
Avendra_0400424,1094276,121.02
Avendra_0400424,1094331,27.48
Avendra_0400424,1094337,28.42
Avendra_0400424,1094396,40.79
Avendra_0400424,1094436,66.4
Avendra_0400424,1094437,57.3
Avendra_0400424,1094492,38.3
Avendra_0400424,1094494,38.3
Avendra_0400424,1094495,37.12
Avendra_0400424,1094505,123.8
Avendra_0400424,1094511,85.29
Avendra_0400424,1094526,260.94
Avendra_0400424,1094601,108.2
Avendra_0400424,1094605,113.42
Avendra_0400424,1094608,102.38
Avendra_0400424,1094615,86.83
Avendra_0400424,1094617,57.12
Avendra_0400424,1094620,80.71
Avendra_0400424,1094622,139.86
Avendra_0400424,1094623,266.21
Avendra_0400424,1094624,165.2
Avendra_0400424,1094630,82.84
Avendra_0400424,1094635,192.37
Avendra_0400424,1094637,104.36
Avendra_0400424,1094638,96.81
Avendra_0400424,1094641,85.05
Avendra_0400424,1094645,56.4
Avendra_0400424,1094651,105.7
Avendra_0400424,1094653,120.17
Avendra_0400424,1094657,52.97
Avendra_0400424,1094659,79.43
Avendra_0400424,1094661,273.24
Avendra_0400424,1094663,65.92
Avendra_0400424,1094668,59.64
Avendra_0400424,1094709,56.69
Avendra_0400424,1094711,42.7
Avendra_0400424,1094714,161.07
Avendra_0400424,1094726,146.83
Avendra_0400424,1094727,171.95
Avendra_0400424,1094735,24.82
Avendra_0400424,1094738,153.24
Avendra_0400424,1094768,316.76
Avendra_0400424,1094779,121.53
Avendra_0400424,1094782,97.03
Avendra_0400424,1094788,264.7
Avendra_0400424,1094792,62.56
Avendra_0400424,1094796,195.41
Avendra_0400424,1094797,111.76
Avendra_0400424,1094807,144.12
Avendra_0400424,1094808,94.53
Avendra_0400424,1094809,97.2
Avendra_0400424,1094812,76.8
Avendra_0400424,1094821,43.18
Avendra_0400424,1094825,90.4
Avendra_0400424,1094830,81.05
Avendra_0400424,1094840,40.91
Avendra_0400424,1094923,60.42
Avendra_0400424,1094927,62.6
Avendra_0400424,1094931,41.64
Avendra_0400424,1094932,121.53
Avendra_0400424,1094938,83.41
Avendra_0400424,1094945,195.09
Avendra_0400424,1094946,94.79
Avendra_0400424,1094947,125.2
Avendra_0400424,1094955,156.33
Avendra_0400424,1094959,107.59
Avendra_0400424,1094962,77.28
Avendra_0400424,1094970,37.54
Avendra_0400424,1094973,93.05
Avendra_0400424,1094976,243.06
Avendra_0400424,1094984,243.06
Avendra_0400424,1094996,50.75
Avendra_0400424,1095002,87.21
Avendra_0400424,1095004,236.46
Avendra_0400424,1095005,243.06
Avendra_0400424,1095016,113.85
Avendra_0400424,1095018,87.3
Avendra_0400424,1095019,55.99
Avendra_0400424,1095026,74.43
Avendra_0400424,1095035,73.92
Avendra_0400424,1095060,233.78
Avendra_0400424,1095061,99.67
Avendra_0400424,1095070,48.15
Avendra_0400424,1095077,77.32
Avendra_0400424,1095092,113.85
Avendra_0400424,1095095,56.03
Avendra_0400424,1095102,111.17
Avendra_0400424,1095104,48.96
Avendra_0400424,1095106,79.46
Avendra_0400424,1095107,58.66
Avendra_0400424,1095115,70.31
Avendra_0400424,1095118,108.16
Avendra_0400424,1095123,95.25
Avendra_0400424,1095131,73.61
Avendra_0400424,1095136,154.06
Avendra_0400424,1095143,111.67
Avendra_0400424,1095145,156.33
Avendra_0400424,1095146,77.02
Avendra_0400424,1095149,526.36
Avendra_0400424,1095154,64.72
Avendra_0400424,1095155,76.84
Avendra_0400424,1095156,53.12
Avendra_0400424,1095166,244.28
Avendra_0400424,1095169,118.62
Avendra_0400424,1095171,162.17
Avendra_0400424,1095178,63.65
Avendra_0400424,1095180,311.71
Avendra_0400424,1095187,793.03
Avendra_0400424,1095189,24.26
Avendra_0400424,1095190,25.92
Avendra_0400424,1095198,70.59
Avendra_0400424,1095209,111.22
Avendra_0400424,1095227,131.47
Avendra_0400424,1095228,257.74
Avendra_0400424,1095231,153.87
Avendra_0400424,1095232,54.31
Avendra_0400424,1095236,128.51
Avendra_0400424,1095237,128.51
Avendra_0400424,1095238,153.87
Avendra_0400424,1095245,152.66
Avendra_0400424,1098043,104.37
Avendra_0400424,1098508,96.43
Avendra_0400424,1099509,72.95
Avendra_0400424,1099753,90.4
Avendra_0400424,1099803,79.38
Avendra_0400424,1099945,73.06
Avendra_0400424,1100058,77.54
Avendra_0400424,1100425,384.94
Avendra_0400424,1100431,124.28
Avendra_0400424,1100467,90.95
Avendra_0400424,1100796,171.95
Avendra_0400424,1141291,53.12
Avendra_0400424,1141672,184.18
Avendra_0400424,1142120,128.51
Avendra_0400424,1143459,118.68
Avendra_0400424,1143463,104.25
Avendra_0400424,1143464,88.73
Avendra_0400424,1147786,295.74
Avendra_0400424,1149667,225.21
Avendra_0400424,1149781,154.16
Avendra_0400424,1149784,402.11
Avendra_0400424,1152153,120.05
Avendra_0400424,1153231,181.21
Avendra_0400424,1154496,117.42
Avendra_0400424,1154781,109.79
Avendra_0400424,1156402,361.63
Avendra_0400424,1156784,1850.99
Avendra_0400424,1156801,364.03
Avendra_0400424,1156942,68.42
Avendra_0400424,1157649,131.67
Avendra_0400424,1161298,86.73
Avendra_0400424,1164197,73.06
Avendra_0400424,1168777,188.45
Avendra_0400424,1172534,95.75
Avendra_0400424,1172847,153.87
Avendra_0400424,1174818,273.24
Avendra_0400424,1175849,92.74
Avendra_0400424,1176118,120.17
Avendra_0400424,1176883,30.49
Avendra_0400424,1179902,156.98
Avendra_0400424,1180370,136.52
Avendra_0400424,1184844,153.08
Avendra_0400424,1185635,117.24
Avendra_0400424,1186232,131.09
Avendra_0400424,1187969,102.13
Avendra_0400424,1196644,720.94
Avendra_0400424,1200647,186.3
Avendra_0400424,1200648,79.63
Avendra_0400424,1200651,88.55
Avendra_0400424,1202937,90.56
Avendra_0400424,1203595,96.65
Avendra_0400424,1203945,55.69
Avendra_0400424,1205930,96.97
Avendra_0400424,1206239,101.54
Avendra_0400424,1206928,123.33
Avendra_0400424,1208348,74.73
Avendra_0400424,1210412,52.4
Avendra_0400424,1211370,268.03
Avendra_0400424,1211405,51.83
Avendra_0400424,1211525,92.34
Avendra_0400424,1211675,171.81
Avendra_0400424,1213217,76.81
Avendra_0400424,1214535,157.88
Avendra_0400424,1214546,829.69
Avendra_0400424,1214547,537.49
Avendra_0400424,1214549,1368.17
Avendra_0400424,1214550,526.36
Avendra_0400424,1214551,892.36
Avendra_0400424,1214552,2082.84
Avendra_0400424,1215133,54.07
Avendra_0400424,1215442,85.18
Avendra_0400424,1215444,76.5
Avendra_0400424,1217517,95.99
Avendra_0400424,1217520,95.64
Avendra_0400424,1217616,313.09
Avendra_0400424,1217617,313.09
Avendra_0400424,1221076,95.75
Avendra_0400424,1223221,90.23
Avendra_0400424,1223222,56.26
Avendra_0400424,1223476,134.01
Avendra_0400424,1225755,57.93
Avendra_0400424,1227199,78.22
Avendra_0400424,1228035,87.65
Avendra_0400424,1229455,48.49
Avendra_0400424,1229713,63.76
Avendra_0400424,1229716,36.65
Avendra_0400424,1230009,554.52
Avendra_0400424,1230584,124.9
Avendra_0400424,1231221,2082.84
Avendra_0400424,1231835,30.71
Avendra_0400424,1233495,326.57
Avendra_0400424,1233637,27.94
Avendra_0400424,1233638,27.94
Avendra_0400424,1233641,48.49
Avendra_0400424,1233642,30.71
Avendra_0400424,1233645,32.22
Avendra_0400424,1233647,64.97
Avendra_0400424,1233649,61.36
Avendra_0400424,1233650,71.62
Avendra_0400424,1233651,71.62
Avendra_0400424,1233654,43.03
Avendra_0400424,1233655,43.03
Avendra_0400424,1233657,47.73
Avendra_0400424,1233658,47.73
Avendra_0400424,1233659,66.51
Avendra_0400424,1233660,66.51
Avendra_0400424,1233662,68.52
Avendra_0400424,1233663,68.52
Avendra_0400424,1239736,520.99
Avendra_0400424,1239832,146.99
Avendra_0400424,1239840,273.53
Avendra_0400424,1239842,52.75
Avendra_0400424,1239850,710.31
Avendra_0400424,1239851,181.94
Avendra_0400424,1240268,1031.02
Avendra_0400424,1240378,67.82
Avendra_0400424,1240523,99.67
Avendra_0400424,1243650,153.87
Avendra_0400424,1243651,153.87
Avendra_0400424,1247639,62.5
Avendra_0400424,1248771,860.99
Avendra_0400424,1249018,355.79
Avendra_0400424,1250292,634.69
Avendra_0400424,1250926,128.51
Avendra_0400424,1252220,71.67
Avendra_0400424,1255758,64.97
Avendra_0400424,1256770,115.6
Avendra_0400424,1256789,83.81
Avendra_0400424,1256871,128.51
Avendra_0400424,1256881,184.18
Avendra_0400424,1258408,137.15
Avendra_0400424,1258485,686.36
Avendra_0400424,1258726,75.4
Avendra_0400424,1259330,90.23
Avendra_0400424,1259385,57.93
Avendra_0400424,1259386,57.93
Avendra_0400424,1260914,99.26
Avendra_0400424,1261639,63.76
Avendra_0400424,1261786,74.17
Avendra_0400424,1262030,105.99
Avendra_0400424,1262058,69.6
Avendra_0400424,1262288,150.41
Avendra_0400424,1262494,146.42
Avendra_0400424,1264471,509.12
Avendra_0400424,1264477,90.23
Avendra_0400424,1264481,49.31
Avendra_0400424,1271138,85.34
Avendra_0400424,1271139,137.84
Avendra_0400424,1271141,392.8
Avendra_0400424,1276336,114.76
Avendra_0400424,1277656,67.27
Avendra_0400424,1277824,55.65
Avendra_0400424,1282086,275.57
Avendra_0400424,1282100,64.97
Avendra_0400424,1283093,49.94
Avendra_0400424,1283859,117.27
Avendra_0400424,1284073,48.66
Avendra_0400424,1284690,1368.17
Avendra_0400424,1285244,278.25
Avendra_0400424,1289556,359.22
Avendra_0400424,1289557,120.17
Avendra_0400424,1289558,637.71
Avendra_0400424,1289559,314.54
Avendra_0400424,1289560,412.43
Avendra_0400424,1291341,403.99
Avendra_0400424,1291379,156.33
Avendra_0400424,1291380,156.33
Avendra_0400424,1291382,135.92
Avendra_0400424,1292233,41.78
Avendra_0400424,1294781,526.36
Avendra_0400424,1296294,428.45
Avendra_0400424,1296684,1160.08
Avendra_0400424,1297564,1436.61
Avendra_0400424,1298501,151.29
Avendra_0400424,1299318,123.66
Avendra_0400424,1302362,2395.26
Avendra_0400424,1302555,64.97
Avendra_0400424,1302561,96.81
Avendra_0400424,1302923,1414.12
Avendra_0400424,1304259,30.71
Avendra_0400424,1304712,94.79
Avendra_0400424,1308289,53.88
Avendra_0400424,1309245,66.72
Avendra_0400424,1309249,30.71
Avendra_0400424,1309250,52.75
Avendra_0400424,1309718,76.68
Avendra_0400424,1311004,104.8
Avendra_0400424,1312205,129.49
Avendra_0400424,1312206,162.42
Avendra_0400424,1312207,245.72
Avendra_0400424,1312768,184.18
Avendra_0400424,1314481,97.11
Avendra_0400424,1316154,509.12
Avendra_0400424,1320646,134.87
Avendra_0400424,1324306,198.43
Avendra_0400424,1324312,94.36
Avendra_0400424,1324486,82.01
Avendra_0400424,1327410,139.27
Avendra_0400424,1327947,67.79
Avendra_0400424,1328727,135.68
Avendra_0400424,1329857,105.46
Avendra_0400424,1330002,99.36
Avendra_0400424,1330004,102.16
Avendra_0400424,1331457,53.12
Avendra_0400424,1333886,177.58
Avendra_0400424,1336972,137.05
Avendra_0400424,1337843,401.83
Avendra_0400424,1339007,92.32
Avendra_0400424,1342063,131.09
Avendra_0400424,1342205,166.36
Avendra_0400424,1346198,61.16
Avendra_0400424,1346199,131.09
Avendra_0400424,1346200,131.09
Avendra_0400424,1346465,235.95
Avendra_0400424,1347667,66.57
Avendra_0400424,1348627,18.23
Avendra_0400424,1354108,68.95
Avendra_0400424,1355334,117.24
Avendra_0400424,1360558,47.51
Avendra_0400424,1362135,131.09
Avendra_0400424,1364698,27.51
Avendra_0400424,1383614,33.93
Avendra_0400424,1388586,54.37
Avendra_0400424,1003680,125.89
Avendra_0400424,1003983,31.27
Avendra_0400424,1005963,150.47
Avendra_0400424,1006200,150.47
Avendra_0400424,1007011,150.47
Avendra_0400424,1008130,150.47
Avendra_0400424,1008449,578.95
Avendra_0400424,1008450,462.65
Avendra_0400424,1008453,159.65
Avendra_0400424,1008455,106.25
Avendra_0400424,1008457,138.22
Avendra_0400424,1008459,89.82
Avendra_0400424,1008460,58.37
Avendra_0400424,1008466,263.79
Avendra_0400424,1008467,263.79
Avendra_0400424,1008468,263.79
Avendra_0400424,1008469,343.48
Avendra_0400424,1008470,263.79
Avendra_0400424,1008479,71.95
Avendra_0400424,1085974,56.65
Avendra_0400424,1086647,116.49
Avendra_0400424,1088504,235.1
Avendra_0400424,1089702,128.01
Avendra_0400424,1091678,120.07
Avendra_0400424,1093734,92.38
Avendra_0400424,1093753,60.95
Avendra_0400424,1093754,63.71
Avendra_0400424,1093755,105.8
Avendra_0400424,1093756,54.49
Avendra_0400424,1093760,90.61
Avendra_0400424,1093765,200.06
Avendra_0400424,1093768,105.68
Avendra_0400424,1093773,155.34
Avendra_0400424,1093776,85.47
Avendra_0400424,1093819,70.27
Avendra_0400424,1093823,54.59
Avendra_0400424,1093824,40.46
Avendra_0400424,1093827,56.82
Avendra_0400424,1093829,39.32
Avendra_0400424,1093830,57.35
Avendra_0400424,1093831,44.36
Avendra_0400424,1093833,75.34
Avendra_0400424,1093834,47
Avendra_0400424,1093836,53.09
Avendra_0400424,1093846,63.18
Avendra_0400424,1093847,74.3
Avendra_0400424,1093851,72.55
Avendra_0400424,1093852,42.22
Avendra_0400424,1093855,109.07
Avendra_0400424,1093860,97.44
Avendra_0400424,1093863,37.3
Avendra_0400424,1093866,70.65
Avendra_0400424,1093872,57.68
Avendra_0400424,1093875,84.46
Avendra_0400424,1093876,67.17
Avendra_0400424,1093893,142.29
Avendra_0400424,1093894,160.29
Avendra_0400424,1093895,145.25
Avendra_0400424,1093897,304.83
Avendra_0400424,1093898,80.9
Avendra_0400424,1093899,145.99
Avendra_0400424,1093902,90.48
Avendra_0400424,1093904,67.8
Avendra_0400424,1093911,51.67
Avendra_0400424,1093912,58.38
Avendra_0400424,1093913,253.46
Avendra_0400424,1093918,96.3
Avendra_0400424,1093919,81.76
Avendra_0400424,1093920,50.82
Avendra_0400424,1093922,27.93
Avendra_0400424,1093925,174.75
Avendra_0400424,1093926,143.15
Avendra_0400424,1093927,121.31
Avendra_0400424,1093930,168.04
Avendra_0400424,1093936,103.7
Avendra_0400424,1093939,34.56
Avendra_0400424,1093942,69.77
Avendra_0400424,1093945,80.55
Avendra_0400424,1093952,357.1
Avendra_0400424,1093967,89.5
Avendra_0400424,1093973,63.71
Avendra_0400424,1093979,115.47
Avendra_0400424,1094002,171.72
Avendra_0400424,1094024,57.81
Avendra_0400424,1094027,101.08
Avendra_0400424,1094276,116.01
Avendra_0400424,1094331,26.33
Avendra_0400424,1094337,27.24
Avendra_0400424,1094396,39.09
Avendra_0400424,1094436,63.64
Avendra_0400424,1094437,54.91
Avendra_0400424,1094492,36.69
Avendra_0400424,1094494,36.69
Avendra_0400424,1094495,35.6
Avendra_0400424,1094505,118.65
Avendra_0400424,1094511,81.75
Avendra_0400424,1094526,250.11
Avendra_0400424,1094601,103.7
Avendra_0400424,1094605,108.71
Avendra_0400424,1094608,98.11
Avendra_0400424,1094615,83.22
Avendra_0400424,1094617,54.75
Avendra_0400424,1094620,77.36
Avendra_0400424,1094622,134.05
Avendra_0400424,1094623,255.14
Avendra_0400424,1094624,158.35
Avendra_0400424,1094630,79.43
Avendra_0400424,1094635,184.38
Avendra_0400424,1094637,100.02
Avendra_0400424,1094638,92.8
Avendra_0400424,1094641,81.52
Avendra_0400424,1094645,54.06
Avendra_0400424,1094651,101.31
Avendra_0400424,1094653,115.18
Avendra_0400424,1094657,50.78
Avendra_0400424,1094659,76.15
Avendra_0400424,1094661,261.9
Avendra_0400424,1094663,63.18
Avendra_0400424,1094668,57.16
Avendra_0400424,1094709,54.34
Avendra_0400424,1094711,40.93
Avendra_0400424,1094714,154.35
Avendra_0400424,1094726,140.73
Avendra_0400424,1094727,164.81
Avendra_0400424,1094735,23.78
Avendra_0400424,1094738,146.86
Avendra_0400424,1094768,303.58
Avendra_0400424,1094779,116.49
Avendra_0400424,1094782,93
Avendra_0400424,1094788,253.71
Avendra_0400424,1094792,59.96
Avendra_0400424,1094796,187.29
Avendra_0400424,1094797,107.11
Avendra_0400424,1094807,138.13
Avendra_0400424,1094808,90.59
Avendra_0400424,1094809,93.17
Avendra_0400424,1094812,73.61
Avendra_0400424,1094821,41.4
Avendra_0400424,1094825,86.65
Avendra_0400424,1094830,77.69
Avendra_0400424,1094840,39.21
Avendra_0400424,1094923,57.93
Avendra_0400424,1094927,60.02
Avendra_0400424,1094931,39.9
Avendra_0400424,1094932,116.49
Avendra_0400424,1094938,79.95
Avendra_0400424,1094945,187
Avendra_0400424,1094946,90.85
Avendra_0400424,1094947,120.01
Avendra_0400424,1094955,149.85
Avendra_0400424,1094959,103.12
Avendra_0400424,1094962,74.06
Avendra_0400424,1094970,35.98
Avendra_0400424,1094973,89.18
Avendra_0400424,1094976,232.96
Avendra_0400424,1094984,232.96
Avendra_0400424,1094996,48.65
Avendra_0400424,1095002,83.59
Avendra_0400424,1095004,226.65
Avendra_0400424,1095005,232.96
Avendra_0400424,1095016,109.12
Avendra_0400424,1095018,83.67
Avendra_0400424,1095019,53.67
Avendra_0400424,1095026,71.35
Avendra_0400424,1095035,70.85
Avendra_0400424,1095060,224.06
Avendra_0400424,1095061,95.53
Avendra_0400424,1095070,46.15
Avendra_0400424,1095077,74.11
Avendra_0400424,1095092,109.12
Avendra_0400424,1095095,53.7
Avendra_0400424,1095102,106.56
Avendra_0400424,1095104,46.95
Avendra_0400424,1095106,76.17
Avendra_0400424,1095107,56.22
Avendra_0400424,1095115,67.39
Avendra_0400424,1095118,103.67
Avendra_0400424,1095123,91.29
Avendra_0400424,1095131,70.58
Avendra_0400424,1095136,147.66
Avendra_0400424,1095143,107.03
Avendra_0400424,1095145,149.85
Avendra_0400424,1095146,73.8
Avendra_0400424,1095149,504.49
Avendra_0400424,1095154,62.03
Avendra_0400424,1095155,73.67
Avendra_0400424,1095156,50.9
Avendra_0400424,1095166,234.13
Avendra_0400424,1095169,113.7
Avendra_0400424,1095171,155.45
Avendra_0400424,1095178,61.02
Avendra_0400424,1095180,298.77
Avendra_0400424,1095187,760.11
Avendra_0400424,1095189,23.26
Avendra_0400424,1095190,24.85
Avendra_0400424,1095198,67.66
Avendra_0400424,1095209,106.6
Avendra_0400424,1095227,126
Avendra_0400424,1095228,247.04
Avendra_0400424,1095231,147.48
Avendra_0400424,1095232,52.04
Avendra_0400424,1095236,123.18
Avendra_0400424,1095237,123.18
Avendra_0400424,1095238,147.48
Avendra_0400424,1095245,146.3
Avendra_0400424,1098043,100.03
Avendra_0400424,1098508,92.42
Avendra_0400424,1099509,69.94
Avendra_0400424,1099753,86.65
Avendra_0400424,1099803,76.08
Avendra_0400424,1099945,70.02
Avendra_0400424,1100058,74.31
Avendra_0400424,1100425,368.96
Avendra_0400424,1100431,119.11
Avendra_0400424,1100467,87.18
Avendra_0400424,1100796,164.81
Avendra_0400424,1141291,50.9
Avendra_0400424,1141672,176.54
Avendra_0400424,1142120,123.18
Avendra_0400424,1143459,113.76
Avendra_0400424,1143463,99.91
Avendra_0400424,1143464,85.05
Avendra_0400424,1147786,283.45
Avendra_0400424,1149667,215.85
Avendra_0400424,1149781,147.77
Avendra_0400424,1149784,385.43
Avendra_0400424,1152153,115.08
Avendra_0400424,1153231,173.69
Avendra_0400424,1154496,112.54
Avendra_0400424,1154781,105.22
Avendra_0400424,1156402,346.61
Avendra_0400424,1156784,1774.13
Avendra_0400424,1156801,348.91
Avendra_0400424,1156942,65.57
Avendra_0400424,1157649,126.21
Avendra_0400424,1161298,83.15
Avendra_0400424,1164197,70.02
Avendra_0400424,1168777,180.61
Avendra_0400424,1172534,91.77
Avendra_0400424,1172847,147.48
Avendra_0400424,1174818,261.9
Avendra_0400424,1175849,88.88
Avendra_0400424,1176118,115.18
Avendra_0400424,1176883,29.22
Avendra_0400424,1179902,150.47
Avendra_0400424,1184844,148.12
Avendra_0400424,1185635,113.99
Avendra_0400424,1186232,125.66
Avendra_0400424,1187969,97.87
Avendra_0400424,1196644,691
Avendra_0400424,1200647,178.55
Avendra_0400424,1200648,76.31
Avendra_0400424,1200651,84.88
Avendra_0400424,1202937,86.81
Avendra_0400424,1203595,92.64
Avendra_0400424,1203945,53.39
Avendra_0400424,1205930,92.95
Avendra_0400424,1206239,97.33
Avendra_0400424,1206928,118.21
Avendra_0400424,1208348,71.62
Avendra_0400424,1210412,50.24
Avendra_0400424,1211370,256.91
Avendra_0400424,1211405,49.68
Avendra_0400424,1211525,88.49
Avendra_0400424,1211675,164.67
Avendra_0400424,1213217,73.62
Avendra_0400424,1214535,151.33
Avendra_0400424,1214546,795.22
Avendra_0400424,1214547,515.18
Avendra_0400424,1214549,1311.35
Avendra_0400424,1214550,504.49
Avendra_0400424,1214551,855.31
Avendra_0400424,1214552,1996.36
Avendra_0400424,1215133,51.83
Avendra_0400424,1215442,81.65
Avendra_0400424,1215444,73.32
Avendra_0400424,1217517,91.99
Avendra_0400424,1217520,91.67
Avendra_0400424,1217616,300.08
Avendra_0400424,1217617,300.08
Avendra_0400424,1221076,91.77
Avendra_0400424,1223221,86.49
Avendra_0400424,1223222,53.9
Avendra_0400424,1223476,128.46
Avendra_0400424,1225755,55.53
Avendra_0400424,1227199,74.98
Avendra_0400424,1228035,84.01
Avendra_0400424,1229455,46.48
Avendra_0400424,1229713,61.1
Avendra_0400424,1229716,35.13
Avendra_0400424,1230009,531.5
Avendra_0400424,1230584,119.7
Avendra_0400424,1231221,1996.36
Avendra_0400424,1231835,29.42
Avendra_0400424,1233495,313.01
Avendra_0400424,1233637,26.78
Avendra_0400424,1233638,26.78
Avendra_0400424,1233641,46.48
Avendra_0400424,1233642,29.42
Avendra_0400424,1233645,30.89
Avendra_0400424,1233647,62.27
Avendra_0400424,1233649,58.8
Avendra_0400424,1233650,68.64
Avendra_0400424,1233651,68.64
Avendra_0400424,1233654,41.25
Avendra_0400424,1233655,41.25
Avendra_0400424,1233657,45.76
Avendra_0400424,1233658,45.76
Avendra_0400424,1233659,63.74
Avendra_0400424,1233660,63.74
Avendra_0400424,1233662,65.68
Avendra_0400424,1233663,65.68
Avendra_0400424,1239736,499.36
Avendra_0400424,1239832,140.9
Avendra_0400424,1239840,262.15
Avendra_0400424,1239842,50.58
Avendra_0400424,1239850,680.8
Avendra_0400424,1239851,174.39
Avendra_0400424,1240268,988.22
Avendra_0400424,1240378,65.01
Avendra_0400424,1240523,95.53
Avendra_0400424,1243650,147.48
Avendra_0400424,1243651,147.48
Avendra_0400424,1247639,59.88
Avendra_0400424,1248771,825.22
Avendra_0400424,1249018,341.02
Avendra_0400424,1250292,608.33
Avendra_0400424,1250926,123.18
Avendra_0400424,1252220,68.69
Avendra_0400424,1255758,62.27
Avendra_0400424,1256770,110.81
Avendra_0400424,1256789,80.32
Avendra_0400424,1256871,123.18
Avendra_0400424,1256881,176.54
Avendra_0400424,1258408,131.46
Avendra_0400424,1258485,657.86
Avendra_0400424,1258726,72.28
Avendra_0400424,1259330,86.49
Avendra_0400424,1259385,55.53
Avendra_0400424,1259386,55.53
Avendra_0400424,1260914,95.15
Avendra_0400424,1261639,61.1
Avendra_0400424,1261786,71.09
Avendra_0400424,1262030,101.58
Avendra_0400424,1262058,66.73
Avendra_0400424,1262288,144.16
Avendra_0400424,1262494,140.33
Avendra_0400424,1264471,487.99
Avendra_0400424,1264477,86.49
Avendra_0400424,1264481,47.27
Avendra_0400424,1271138,81.78
Avendra_0400424,1271139,132.11
Avendra_0400424,1271141,376.47
Avendra_0400424,1276336,109.98
Avendra_0400424,1277656,64.48
Avendra_0400424,1277824,53.35
Avendra_0400424,1282086,264.11
Avendra_0400424,1282100,62.27
Avendra_0400424,1283093,47.87
Avendra_0400424,1283841,105.18
Avendra_0400424,1283859,112.41
Avendra_0400424,1284073,46.62
Avendra_0400424,1284690,1311.35
Avendra_0400424,1285244,266.68
Avendra_0400424,1289556,344.33
Avendra_0400424,1289557,115.18
Avendra_0400424,1289558,611.22
Avendra_0400424,1289559,301.49
Avendra_0400424,1289560,395.3
Avendra_0400424,1291341,387.2
Avendra_0400424,1291379,149.85
Avendra_0400424,1291380,149.85
Avendra_0400424,1291382,130.27
Avendra_0400424,1292233,40.04
Avendra_0400424,1294781,504.49
Avendra_0400424,1296294,410.65
Avendra_0400424,1296684,1111.89
Avendra_0400424,1297564,1376.94
Avendra_0400424,1298501,145.01
Avendra_0400424,1299318,118.51
Avendra_0400424,1302362,2295.8
Avendra_0400424,1302555,62.27
Avendra_0400424,1302561,92.8
Avendra_0400424,1302923,1355.39
Avendra_0400424,1304259,29.42
Avendra_0400424,1304712,90.85
Avendra_0400424,1308289,51.65
Avendra_0400424,1309245,63.96
Avendra_0400424,1309249,29.42
Avendra_0400424,1309250,50.58
Avendra_0400424,1309718,72.04
Avendra_0400424,1311004,98.46
Avendra_0400424,1312205,125.3
Avendra_0400424,1312206,157.16
Avendra_0400424,1312207,230.89
Avendra_0400424,1312768,176.54
Avendra_0400424,1314481,93.97
Avendra_0400424,1316154,487.99
Avendra_0400424,1320646,130.5
Avendra_0400424,1324306,190.21
Avendra_0400424,1324312,90.43
Avendra_0400424,1324486,78.62
Avendra_0400424,1327410,133.51
Avendra_0400424,1327947,64.99
Avendra_0400424,1328727,130.05
Avendra_0400424,1329857,99.1
Avendra_0400424,1330002,93.35
Avendra_0400424,1330004,95.99
Avendra_0400424,1331457,50.9
Avendra_0400424,1333886,170.21
Avendra_0400424,1336972,131.35
Avendra_0400424,1337843,385.13
Avendra_0400424,1339007,88.47
Avendra_0400424,1342063,125.66
Avendra_0400424,1342205,159.45
Avendra_0400424,1346198,58.63
Avendra_0400424,1346199,125.66
Avendra_0400424,1346200,125.66
Avendra_0400424,1346465,179.69
Avendra_0400424,1347667,64.72
Avendra_0400424,1348627,17.74
Avendra_0400424,1354108,66.1
Avendra_0400424,1355334,113.99
Avendra_0400424,1360558,45.98
Avendra_0400424,1362135,125.66
Avendra_0400424,1364698,25.36
Avendra_0400424,1383614,31.27
Avendra_0400424,1388586,52.1
Avendra_0400424,1003680,116.58
Avendra_0400424,1003983,32.95
Avendra_0400424,1005963,182.99
Avendra_0400424,1006200,182.99
Avendra_0400424,1007011,182.99
Avendra_0400424,1008130,182.99
Avendra_0400424,1008449,704.13
Avendra_0400424,1008450,439.53
Avendra_0400424,1008453,151.67
Avendra_0400424,1008455,125.35
Avendra_0400424,1008457,131.3
Avendra_0400424,1008459,106.03
Avendra_0400424,1008460,68.9
Avendra_0400424,1008466,244.25
Avendra_0400424,1008467,244.25
Avendra_0400424,1008468,244.25
Avendra_0400424,1008469,318.04
Avendra_0400424,1008470,244.25
Avendra_0400424,1008479,87.55
Avendra_0400424,1085974,68.9
Avendra_0400424,1086647,141.65
Avendra_0400424,1088504,285.9
Avendra_0400424,1089702,155.71
Avendra_0400424,1093734,112.35
Avendra_0400424,1093753,74.16
Avendra_0400424,1093754,77.49
Avendra_0400424,1093755,128.68
Avendra_0400424,1093756,66.25
Avendra_0400424,1093760,110.23
Avendra_0400424,1093764,80.75
Avendra_0400424,1093765,243.31
Avendra_0400424,1093768,128.53
Avendra_0400424,1093773,188.91
Avendra_0400424,1093776,103.9
Avendra_0400424,1093819,85.47
Avendra_0400424,1093823,66.36
Avendra_0400424,1093824,49.17
Avendra_0400424,1093827,69.13
Avendra_0400424,1093829,47.8
Avendra_0400424,1093830,69.72
Avendra_0400424,1093831,50.96
Avendra_0400424,1093833,91.65
Avendra_0400424,1093834,57.15
Avendra_0400424,1093836,64.54
Avendra_0400424,1093846,76.81
Avendra_0400424,1093847,90.34
Avendra_0400424,1093851,88.21
Avendra_0400424,1093852,51.34
Avendra_0400424,1093855,132.65
Avendra_0400424,1093860,118.5
Avendra_0400424,1093863,45.38
Avendra_0400424,1093866,85.91
Avendra_0400424,1093872,70.1
Avendra_0400424,1093875,102.72
Avendra_0400424,1093876,81.7
Avendra_0400424,1093893,173.08
Avendra_0400424,1093894,194.98
Avendra_0400424,1093895,176.61
Avendra_0400424,1093897,370.72
Avendra_0400424,1093898,98.45
Avendra_0400424,1093899,177.54
Avendra_0400424,1093902,110.05
Avendra_0400424,1093904,82.45
Avendra_0400424,1093911,62.85
Avendra_0400424,1093912,70.98
Avendra_0400424,1093913,308.19
Avendra_0400424,1093914,78.75
Avendra_0400424,1093918,117.13
Avendra_0400424,1093919,99.43
Avendra_0400424,1093920,61.82
Avendra_0400424,1093922,34.05
Avendra_0400424,1093925,212.58
Avendra_0400424,1093926,174.11
Avendra_0400424,1093927,147.57
Avendra_0400424,1093930,204.35
Avendra_0400424,1093936,126.14
Avendra_0400424,1093939,42.08
Avendra_0400424,1093942,84.84
Avendra_0400424,1093945,97.95
Avendra_0400424,1093952,434.31
Avendra_0400424,1093967,108.83
Avendra_0400424,1093973,77.49
Avendra_0400424,1093979,140.45
Avendra_0400424,1094002,208.85
Avendra_0400424,1094024,70.32
Avendra_0400424,1094027,122.95
Avendra_0400424,1094276,152.27
Avendra_0400424,1094331,33.3
Avendra_0400424,1094337,33.16
Avendra_0400424,1094396,47.65
Avendra_0400424,1094429,102.42
Avendra_0400424,1094436,77.41
Avendra_0400424,1094492,44.63
Avendra_0400424,1094494,44.63
Avendra_0400424,1094495,43.29
Avendra_0400424,1094505,144.32
Avendra_0400424,1094511,99.36
Avendra_0400424,1094526,304.11
Avendra_0400424,1094601,126.14
Avendra_0400424,1094605,132.22
Avendra_0400424,1094607,193.21
Avendra_0400424,1094608,119.34
Avendra_0400424,1094615,101.24
Avendra_0400424,1094617,62.95
Avendra_0400424,1094620,94.11
Avendra_0400424,1094622,169.26
Avendra_0400424,1094623,310.31
Avendra_0400424,1094624,192.59
Avendra_0400424,1094626,130.17
Avendra_0400424,1094630,96.6
Avendra_0400424,1094635,224.27
Avendra_0400424,1094637,121.66
Avendra_0400424,1094638,112.82
Avendra_0400424,1094641,113.97
Avendra_0400424,1094645,65.73
Avendra_0400424,1094651,123.18
Avendra_0400424,1094653,140.1
Avendra_0400424,1094657,61.73
Avendra_0400424,1094659,92.58
Avendra_0400424,1094661,318.51
Avendra_0400424,1094663,76.81
Avendra_0400424,1094668,69.51
Avendra_0400424,1094709,65.7
Avendra_0400424,1094711,48.85
Avendra_0400424,1094714,187.75
Avendra_0400424,1094726,266.86
Avendra_0400424,1094727,200.44
Avendra_0400424,1094735,28.9
Avendra_0400424,1094738,178.6
Avendra_0400424,1094768,424.6
Avendra_0400424,1094779,141.65
Avendra_0400424,1094782,113.11
Avendra_0400424,1094788,308.57
Avendra_0400424,1094792,72.9
Avendra_0400424,1094796,227.78
Avendra_0400424,1094797,130.31
Avendra_0400424,1094807,167.99
Avendra_0400424,1094808,110.19
Avendra_0400424,1094809,113.31
Avendra_0400424,1094812,93.05
Avendra_0400424,1094821,196.32
Avendra_0400424,1094825,105.34
Avendra_0400424,1094830,92.69
Avendra_0400424,1094840,47.7
Avendra_0400424,1094923,70.43
Avendra_0400424,1094927,72.98
Avendra_0400424,1094931,48.25
Avendra_0400424,1094932,141.65
Avendra_0400424,1094938,97.25
Avendra_0400424,1094945,227.41
Avendra_0400424,1094946,110.5
Avendra_0400424,1094947,145.95
Avendra_0400424,1094955,182.27
Avendra_0400424,1094959,125.35
Avendra_0400424,1094962,90.11
Avendra_0400424,1094970,43.78
Avendra_0400424,1094973,108.47
Avendra_0400424,1094976,283.33
Avendra_0400424,1094984,283.33
Avendra_0400424,1094996,58.82
Avendra_0400424,1095002,101.64
Avendra_0400424,1095004,317.56
Avendra_0400424,1095005,283.33
Avendra_0400424,1095016,132.74
Avendra_0400424,1095018,101.74
Avendra_0400424,1095019,65.23
Avendra_0400424,1095026,85.13
Avendra_0400424,1095035,86.15
Avendra_0400424,1095060,272.5
Avendra_0400424,1095061,116.21
Avendra_0400424,1095077,90.14
Avendra_0400424,1095090,134.68
Avendra_0400424,1095092,132.74
Avendra_0400424,1095095,65.33
Avendra_0400424,1095102,129.54
Avendra_0400424,1095104,57.06
Avendra_0400424,1095106,92.62
Avendra_0400424,1095115,81.98
Avendra_0400424,1095118,126.31
Avendra_0400424,1095123,111.04
Avendra_0400424,1095131,85.82
Avendra_0400424,1095136,179.57
Avendra_0400424,1095143,130.17
Avendra_0400424,1095145,182.27
Avendra_0400424,1095146,89.77
Avendra_0400424,1095149,613.57
Avendra_0400424,1095150,1416.28
Avendra_0400424,1095154,75.48
Avendra_0400424,1095155,92.11
Avendra_0400424,1095156,61.55
Avendra_0400424,1095166,284.73
Avendra_0400424,1095169,138.26
Avendra_0400424,1095171,189.06
Avendra_0400424,1095178,74.21
Avendra_0400424,1095180,363.39
Avendra_0400424,1095187,924.47
Avendra_0400424,1095189,28.27
Avendra_0400424,1095190,30.22
Avendra_0400424,1095198,82.32
Avendra_0400424,1095209,129.62
Avendra_0400424,1095227,153.31
Avendra_0400424,1095228,300.45
Avendra_0400424,1095231,179.35
Avendra_0400424,1095232,63.3
Avendra_0400424,1095236,146.98
Avendra_0400424,1095237,146.98
Avendra_0400424,1095238,179.35
Avendra_0400424,1095245,177.95
Avendra_0400424,1098043,121.67
Avendra_0400424,1098508,112.4
Avendra_0400424,1099509,85.02
Avendra_0400424,1099753,105.34
Avendra_0400424,1099803,92.54
Avendra_0400424,1099945,85.15
Avendra_0400424,1100058,90.37
Avendra_0400424,1100425,448.73
Avendra_0400424,1100431,144.84
Avendra_0400424,1100467,106.03
Avendra_0400424,1100796,200.43
Avendra_0400424,1141291,61.55
Avendra_0400424,1141672,210.6
Avendra_0400424,1142120,146.98
Avendra_0400424,1143459,138.34
Avendra_0400424,1143463,121.51
Avendra_0400424,1143464,103.43
Avendra_0400424,1147786,344.7
Avendra_0400424,1149667,262.56
Avendra_0400424,1149781,179.74
Avendra_0400424,1149784,468.74
Avendra_0400424,1152153,139.93
Avendra_0400424,1153231,211.25
Avendra_0400424,1154496,136.87
Avendra_0400424,1154781,127.98
Avendra_0400424,1156402,421.58
Avendra_0400424,1156784,2157.71
Avendra_0400424,1156801,424.32
Avendra_0400424,1156942,79.74
Avendra_0400424,1157649,153.48
Avendra_0400424,1161298,101.09
Avendra_0400424,1161390,48.92
Avendra_0400424,1164197,85.15
Avendra_0400424,1165523,97.84
Avendra_0400424,1168777,236.14
Avendra_0400424,1172534,111.59
Avendra_0400424,1172847,179.35
Avendra_0400424,1174818,318.51
Avendra_0400424,1175849,108.15
Avendra_0400424,1176118,140.1
Avendra_0400424,1176883,35.6
Avendra_0400424,1179902,182.99
Avendra_0400424,1180370,122.31
Avendra_0400424,1184844,149.21
Avendra_0400424,1185635,107.94
Avendra_0400424,1186232,152.83
Avendra_0400424,1187969,119.05
Avendra_0400424,1196644,840.41
Avendra_0400424,1200647,207.38
Avendra_0400424,1200648,88.64
Avendra_0400424,1200651,98.58
Avendra_0400424,1200682,84.82
Avendra_0400424,1202937,105.58
Avendra_0400424,1203595,111.24
Avendra_0400424,1203945,64.78
Avendra_0400424,1205930,113.03
Avendra_0400424,1206239,118.38
Avendra_0400424,1206928,143.77
Avendra_0400424,1208348,69.94
Avendra_0400424,1210412,61.1
Avendra_0400424,1211138,150.78
Avendra_0400424,1211370,298.35
Avendra_0400424,1211405,60.42
Avendra_0400424,1211525,107.63
Avendra_0400424,1213217,89.53
Avendra_0400424,1214535,184.06
Avendra_0400424,1214546,967.15
Avendra_0400424,1214547,626.56
Avendra_0400424,1214549,1705.15
Avendra_0400424,1214550,613.57
Avendra_0400424,1214551,1040.24
Avendra_0400424,1214552,2427.95
Avendra_0400424,1215133,63.04
Avendra_0400424,1215442,99.29
Avendra_0400424,1215444,89.2
Avendra_0400424,1217517,111.87
Avendra_0400424,1217520,111.51
Avendra_0400424,1217616,364.95
Avendra_0400424,1217617,364.95
Avendra_0400424,1221076,111.59
Avendra_0400424,1223221,105.21
Avendra_0400424,1223222,65.56
Avendra_0400424,1223476,149.18
Avendra_0400424,1225755,67.54
Avendra_0400424,1227199,91.15
Avendra_0400424,1228035,102.16
Avendra_0400424,1229455,56.53
Avendra_0400424,1229713,74.33
Avendra_0400424,1229716,42.7
Avendra_0400424,1230009,646.38
Avendra_0400424,1230584,145.56
Avendra_0400424,1231221,2427.95
Avendra_0400424,1231835,35.75
Avendra_0400424,1231909,143.86
Avendra_0400424,1233495,380.73
Avendra_0400424,1233637,32.54
Avendra_0400424,1233638,32.54
Avendra_0400424,1233641,56.53
Avendra_0400424,1233642,35.75
Avendra_0400424,1233645,37.56
Avendra_0400424,1233647,75.73
Avendra_0400424,1233649,71.54
Avendra_0400424,1233650,83.48
Avendra_0400424,1233651,83.48
Avendra_0400424,1233654,50.16
Avendra_0400424,1233655,50.16
Avendra_0400424,1233657,55.66
Avendra_0400424,1233658,55.66
Avendra_0400424,1233659,77.52
Avendra_0400424,1233660,77.52
Avendra_0400424,1233662,79.88
Avendra_0400424,1233663,79.88
Avendra_0400424,1237894,57.2
Avendra_0400424,1239736,607.33
Avendra_0400424,1239832,171.39
Avendra_0400424,1239840,318.85
Avendra_0400424,1239842,61.52
Avendra_0400424,1239850,953.98
Avendra_0400424,1239851,212.06
Avendra_0400424,1240268,1201.87
Avendra_0400424,1240378,79.06
Avendra_0400424,1240523,116.21
Avendra_0400424,1243650,179.35
Avendra_0400424,1243651,179.35
Avendra_0400424,1247639,72.83
Avendra_0400424,1248771,1003.65
Avendra_0400424,1249018,414.72
Avendra_0400424,1250292,739.89
Avendra_0400424,1250926,146.98
Avendra_0400424,1252220,83.55
Avendra_0400424,1255758,75.73
Avendra_0400424,1256770,134.8
Avendra_0400424,1256789,97.67
Avendra_0400424,1256871,146.98
Avendra_0400424,1256881,210.6
Avendra_0400424,1258408,159.87
Avendra_0400424,1258485,800.13
Avendra_0400424,1258726,87.88
Avendra_0400424,1259330,105.21
Avendra_0400424,1259385,67.54
Avendra_0400424,1259386,67.54
Avendra_0400424,1260914,115.75
Avendra_0400424,1261639,74.33
Avendra_0400424,1261786,86.97
Avendra_0400424,1262030,123.53
Avendra_0400424,1262058,81.31
Avendra_0400424,1262288,175.34
Avendra_0400424,1262494,170.69
Avendra_0400424,1264471,593.5
Avendra_0400424,1264476,232.78
Avendra_0400424,1264477,105.21
Avendra_0400424,1264481,57.48
Avendra_0400424,1266953,1643.79
Avendra_0400424,1271115,77.78
Avendra_0400424,1271139,171.8
Avendra_0400424,1271141,489.53
Avendra_0400424,1276336,133.75
Avendra_0400424,1277656,78.39
Avendra_0400424,1277824,64.83
Avendra_0400424,1282086,321.2
Avendra_0400424,1282100,75.73
Avendra_0400424,1283093,58.2
Avendra_0400424,1283858,106.93
Avendra_0400424,1283859,134.09
Avendra_0400424,1284073,56.74
Avendra_0400424,1284690,1705.15
Avendra_0400424,1285244,324.34
Avendra_0400424,1289556,418.81
Avendra_0400424,1289557,140.1
Avendra_0400424,1289558,743.33
Avendra_0400424,1289559,366.69
Avendra_0400424,1289560,514.01
Avendra_0400424,1291341,470.93
Avendra_0400424,1291379,182.27
Avendra_0400424,1291380,182.27
Avendra_0400424,1291382,158.47
Avendra_0400424,1294313,1034.21
Avendra_0400424,1294781,613.57
Avendra_0400424,1296294,499.44
Avendra_0400424,1296684,1352.31
Avendra_0400424,1297564,1790.39
Avendra_0400424,1298501,161.96
Avendra_0400424,1299318,144.16
Avendra_0400424,1302362,2792.13
Avendra_0400424,1302555,75.73
Avendra_0400424,1302561,112.82
Avendra_0400424,1302923,1648.48
Avendra_0400424,1304259,35.75
Avendra_0400424,1304484,137.49
Avendra_0400424,1304712,110.5
Avendra_0400424,1308289,62.82
Avendra_0400424,1309245,77.78
Avendra_0400424,1309249,35.75
Avendra_0400424,1309250,61.52
Avendra_0400424,1309718,85.02
Avendra_0400424,1311004,116.21
Avendra_0400424,1312205,119.05
Avendra_0400424,1312206,149.3
Avendra_0400424,1312207,272.5
Avendra_0400424,1312768,210.6
Avendra_0400424,1314481,89.28
Avendra_0400424,1316154,593.5
Avendra_0400424,1320646,123.98
Avendra_0400424,1324306,226.03
Avendra_0400424,1324312,107.46
Avendra_0400424,1324486,91.28
Avendra_0400424,1327410,156.57
Avendra_0400424,1327947,79.04
Avendra_0400424,1328727,176.6
Avendra_0400424,1329857,116.93
Avendra_0400424,1330002,110.19
Avendra_0400424,1330004,113.31
Avendra_0400424,1331457,59.76
Avendra_0400424,1333886,206.99
Avendra_0400424,1336972,159.75
Avendra_0400424,1337843,455.7
Avendra_0400424,1339007,120.31
Avendra_0400424,1342063,152.83
Avendra_0400424,1342205,193.93
Avendra_0400424,1346198,71.32
Avendra_0400424,1346199,152.83
Avendra_0400424,1346200,152.83
Avendra_0400424,1346465,212.06
Avendra_0400424,1347225,113.14
Avendra_0400424,1347667,61.27
Avendra_0400424,1348627,16.79
Avendra_0400424,1354108,78.36
Avendra_0400424,1355334,107.94
Avendra_0400424,1360558,46.18
Avendra_0400424,1362135,152.83
Avendra_0400424,1364698,26.71
Avendra_0400424,1383614,32.95
Avendra_0400424,1388586,63.38
Avendra_0400424,1003680,116.58
Avendra_0400424,1003983,32.95
Avendra_0400424,1005963,182.99
Avendra_0400424,1006200,182.99
Avendra_0400424,1007011,182.99
Avendra_0400424,1008130,182.99
Avendra_0400424,1008449,704.13
Avendra_0400424,1008450,439.53
Avendra_0400424,1008453,151.67
Avendra_0400424,1008455,125.35
Avendra_0400424,1008457,131.3
Avendra_0400424,1008459,106.03
Avendra_0400424,1008460,68.9
Avendra_0400424,1008466,244.25
Avendra_0400424,1008467,244.25
Avendra_0400424,1008468,244.25
Avendra_0400424,1008469,318.04
Avendra_0400424,1008470,244.25
Avendra_0400424,1008479,87.55
Avendra_0400424,1085974,68.9
Avendra_0400424,1086647,141.65
Avendra_0400424,1088504,285.9
Avendra_0400424,1089702,155.71
Avendra_0400424,1093734,112.35
Avendra_0400424,1093753,74.16
Avendra_0400424,1093754,77.49
Avendra_0400424,1093755,128.68
Avendra_0400424,1093756,66.25
Avendra_0400424,1093760,110.23
Avendra_0400424,1093764,80.75
Avendra_0400424,1093765,243.31
Avendra_0400424,1093768,128.53
Avendra_0400424,1093773,188.91
Avendra_0400424,1093776,103.9
Avendra_0400424,1093819,85.47
Avendra_0400424,1093823,66.36
Avendra_0400424,1093824,49.17
Avendra_0400424,1093827,69.13
Avendra_0400424,1093829,47.8
Avendra_0400424,1093830,69.72
Avendra_0400424,1093831,50.96
Avendra_0400424,1093833,91.65
Avendra_0400424,1093834,57.15
Avendra_0400424,1093836,64.54
Avendra_0400424,1093846,76.81
Avendra_0400424,1093847,90.34
Avendra_0400424,1093851,88.21
Avendra_0400424,1093852,51.34
Avendra_0400424,1093855,132.65
Avendra_0400424,1093860,118.5
Avendra_0400424,1093863,45.38
Avendra_0400424,1093866,85.91
Avendra_0400424,1093872,70.1
Avendra_0400424,1093875,102.72
Avendra_0400424,1093876,81.7
Avendra_0400424,1093893,173.08
Avendra_0400424,1093894,194.98
Avendra_0400424,1093895,176.61
Avendra_0400424,1093897,370.72
Avendra_0400424,1093898,98.45
Avendra_0400424,1093899,177.54
Avendra_0400424,1093902,110.05
Avendra_0400424,1093904,82.45
Avendra_0400424,1093911,62.85
Avendra_0400424,1093912,70.98
Avendra_0400424,1093913,308.19
Avendra_0400424,1093914,78.75
Avendra_0400424,1093918,117.13
Avendra_0400424,1093919,99.43
Avendra_0400424,1093920,61.82
Avendra_0400424,1093922,34.05
Avendra_0400424,1093925,212.58
Avendra_0400424,1093926,174.11
Avendra_0400424,1093927,147.57
Avendra_0400424,1093930,204.35
Avendra_0400424,1093936,126.14
Avendra_0400424,1093939,42.08
Avendra_0400424,1093942,84.84
Avendra_0400424,1093945,97.95
Avendra_0400424,1093952,434.31
Avendra_0400424,1093967,108.83
Avendra_0400424,1093973,77.49
Avendra_0400424,1093979,140.45
Avendra_0400424,1094002,208.85
Avendra_0400424,1094024,70.32
Avendra_0400424,1094027,122.95
Avendra_0400424,1094276,152.27
Avendra_0400424,1094331,33.3
Avendra_0400424,1094337,33.16
Avendra_0400424,1094396,47.65
Avendra_0400424,1094429,102.42
Avendra_0400424,1094436,77.41
Avendra_0400424,1094492,44.63
Avendra_0400424,1094494,44.63
Avendra_0400424,1094495,43.29
Avendra_0400424,1094505,144.32
Avendra_0400424,1094511,99.36
Avendra_0400424,1094526,304.11
Avendra_0400424,1094601,126.14
Avendra_0400424,1094605,132.22
Avendra_0400424,1094607,193.21
Avendra_0400424,1094608,119.34
Avendra_0400424,1094615,101.24
Avendra_0400424,1094617,62.95
Avendra_0400424,1094620,94.11
Avendra_0400424,1094622,169.26
Avendra_0400424,1094623,310.31
Avendra_0400424,1094624,192.59
Avendra_0400424,1094626,130.17
Avendra_0400424,1094630,96.6
Avendra_0400424,1094635,224.27
Avendra_0400424,1094637,121.66
Avendra_0400424,1094638,112.82
Avendra_0400424,1094641,113.97
Avendra_0400424,1094645,65.73
Avendra_0400424,1094651,123.18
Avendra_0400424,1094653,140.1
Avendra_0400424,1094657,61.73
Avendra_0400424,1094659,92.58
Avendra_0400424,1094661,318.51
Avendra_0400424,1094663,76.81
Avendra_0400424,1094668,69.51
Avendra_0400424,1094709,65.7
Avendra_0400424,1094711,48.85
Avendra_0400424,1094714,187.75
Avendra_0400424,1094726,266.86
Avendra_0400424,1094727,200.44
Avendra_0400424,1094735,28.9
Avendra_0400424,1094738,178.6
Avendra_0400424,1094768,424.6
Avendra_0400424,1094779,141.65
Avendra_0400424,1094782,113.11
Avendra_0400424,1094788,308.57
Avendra_0400424,1094792,72.9
Avendra_0400424,1094796,227.78
Avendra_0400424,1094797,130.31
Avendra_0400424,1094807,167.99
Avendra_0400424,1094808,110.19
Avendra_0400424,1094809,113.31
Avendra_0400424,1094812,93.05
Avendra_0400424,1094821,196.32
Avendra_0400424,1094825,105.34
Avendra_0400424,1094830,92.69
Avendra_0400424,1094840,47.7
Avendra_0400424,1094923,70.43
Avendra_0400424,1094927,72.98
Avendra_0400424,1094931,48.25
Avendra_0400424,1094932,141.65
Avendra_0400424,1094938,97.25
Avendra_0400424,1094945,227.41
Avendra_0400424,1094946,110.5
Avendra_0400424,1094947,145.95
Avendra_0400424,1094955,182.27
Avendra_0400424,1094959,125.35
Avendra_0400424,1094962,90.11
Avendra_0400424,1094970,43.78
Avendra_0400424,1094973,108.47
Avendra_0400424,1094976,283.33
Avendra_0400424,1094984,283.33
Avendra_0400424,1094996,58.82
Avendra_0400424,1095002,101.64
Avendra_0400424,1095004,317.56
Avendra_0400424,1095005,283.33
Avendra_0400424,1095016,132.74
Avendra_0400424,1095018,101.74
Avendra_0400424,1095019,65.23
Avendra_0400424,1095026,85.13
Avendra_0400424,1095035,86.15
Avendra_0400424,1095060,272.5
Avendra_0400424,1095061,116.21
Avendra_0400424,1095077,90.14
Avendra_0400424,1095090,134.68
Avendra_0400424,1095092,132.74
Avendra_0400424,1095095,65.33
Avendra_0400424,1095102,129.54
Avendra_0400424,1095104,57.06
Avendra_0400424,1095106,92.62
Avendra_0400424,1095115,81.98
Avendra_0400424,1095118,126.31
Avendra_0400424,1095123,111.04
Avendra_0400424,1095131,85.82
Avendra_0400424,1095136,179.57
Avendra_0400424,1095143,130.17
Avendra_0400424,1095145,182.27
Avendra_0400424,1095146,89.77
Avendra_0400424,1095149,613.57
Avendra_0400424,1095150,1416.28
Avendra_0400424,1095154,75.48
Avendra_0400424,1095155,92.11
Avendra_0400424,1095156,61.55
Avendra_0400424,1095166,284.73
Avendra_0400424,1095169,138.26
Avendra_0400424,1095171,189.06
Avendra_0400424,1095178,74.21
Avendra_0400424,1095180,363.39
Avendra_0400424,1095187,924.47
Avendra_0400424,1095189,28.27
Avendra_0400424,1095190,30.22
Avendra_0400424,1095198,82.32
Avendra_0400424,1095209,129.62
Avendra_0400424,1095227,153.31
Avendra_0400424,1095228,300.45
Avendra_0400424,1095231,179.35
Avendra_0400424,1095232,63.3
Avendra_0400424,1095236,146.98
Avendra_0400424,1095237,146.98
Avendra_0400424,1095238,179.35
Avendra_0400424,1095245,177.95
Avendra_0400424,1098043,121.67
Avendra_0400424,1098508,112.4
Avendra_0400424,1099509,85.02
Avendra_0400424,1099753,105.34
Avendra_0400424,1099803,92.54
Avendra_0400424,1099945,85.15
Avendra_0400424,1100058,90.37
Avendra_0400424,1100425,448.73
Avendra_0400424,1100431,144.84
Avendra_0400424,1100467,106.03
Avendra_0400424,1100796,200.43
Avendra_0400424,1141291,61.55
Avendra_0400424,1141672,210.6
Avendra_0400424,1142120,146.98
Avendra_0400424,1143459,138.34
Avendra_0400424,1143463,121.51
Avendra_0400424,1143464,103.43
Avendra_0400424,1147786,344.7
Avendra_0400424,1149667,262.56
Avendra_0400424,1149781,179.74
Avendra_0400424,1149784,468.74
Avendra_0400424,1152153,139.93
Avendra_0400424,1153231,211.25
Avendra_0400424,1154496,136.87
Avendra_0400424,1154781,127.98
Avendra_0400424,1156402,421.58
Avendra_0400424,1156784,2157.71
Avendra_0400424,1156801,424.32
Avendra_0400424,1156942,79.74
Avendra_0400424,1157649,153.48
Avendra_0400424,1161298,101.09
Avendra_0400424,1161390,48.92
Avendra_0400424,1164197,85.15
Avendra_0400424,1165523,97.84
Avendra_0400424,1168777,236.14
Avendra_0400424,1172534,111.59
Avendra_0400424,1172847,179.35
Avendra_0400424,1174818,318.51
Avendra_0400424,1175849,108.15
Avendra_0400424,1176118,140.1
Avendra_0400424,1176883,35.6
Avendra_0400424,1179902,182.99
Avendra_0400424,1180370,122.31
Avendra_0400424,1184844,149.21
Avendra_0400424,1185635,107.94
Avendra_0400424,1186232,152.83
Avendra_0400424,1187969,119.05
Avendra_0400424,1196644,840.41
Avendra_0400424,1200647,207.38
Avendra_0400424,1200648,88.64
Avendra_0400424,1200651,98.58
Avendra_0400424,1200682,84.82
Avendra_0400424,1202937,105.58
Avendra_0400424,1203595,111.24
Avendra_0400424,1203945,64.78
Avendra_0400424,1205930,113.03
Avendra_0400424,1206239,118.38
Avendra_0400424,1206928,143.77
Avendra_0400424,1208348,69.94
Avendra_0400424,1210412,61.1
Avendra_0400424,1211138,150.78
Avendra_0400424,1211370,298.35
Avendra_0400424,1211405,60.42
Avendra_0400424,1211525,107.63
Avendra_0400424,1213217,89.53
Avendra_0400424,1214535,184.06
Avendra_0400424,1214546,967.15
Avendra_0400424,1214547,626.56
Avendra_0400424,1214549,1705.15
Avendra_0400424,1214550,613.57
Avendra_0400424,1214551,1040.24
Avendra_0400424,1214552,2427.95
Avendra_0400424,1215133,63.04
Avendra_0400424,1215442,99.29
Avendra_0400424,1215444,89.2
Avendra_0400424,1217517,111.87
Avendra_0400424,1217520,111.51
Avendra_0400424,1217616,364.95
Avendra_0400424,1217617,364.95
Avendra_0400424,1221076,111.59
Avendra_0400424,1223221,105.21
Avendra_0400424,1223222,65.56
Avendra_0400424,1223476,149.18
Avendra_0400424,1225755,67.54
Avendra_0400424,1227199,91.15
Avendra_0400424,1228035,102.16
Avendra_0400424,1229455,56.53
Avendra_0400424,1229713,74.33
Avendra_0400424,1229716,42.7
Avendra_0400424,1230009,646.38
Avendra_0400424,1230584,145.56
Avendra_0400424,1231221,2427.95
Avendra_0400424,1231835,35.75
Avendra_0400424,1231909,143.86
Avendra_0400424,1233495,380.73
Avendra_0400424,1233637,32.54
Avendra_0400424,1233638,32.54
Avendra_0400424,1233641,56.53
Avendra_0400424,1233642,35.75
Avendra_0400424,1233645,37.56
Avendra_0400424,1233647,75.73
Avendra_0400424,1233649,71.54
Avendra_0400424,1233650,83.48
Avendra_0400424,1233651,83.48
Avendra_0400424,1233654,50.16
Avendra_0400424,1233655,50.16
Avendra_0400424,1233657,55.66
Avendra_0400424,1233658,55.66
Avendra_0400424,1233659,77.52
Avendra_0400424,1233660,77.52
Avendra_0400424,1233662,79.88
Avendra_0400424,1233663,79.88
Avendra_0400424,1237894,57.2
Avendra_0400424,1239736,607.33
Avendra_0400424,1239832,171.39
Avendra_0400424,1239840,318.85
Avendra_0400424,1239842,61.52
Avendra_0400424,1239850,953.98
Avendra_0400424,1239851,212.06
Avendra_0400424,1240268,1201.87
Avendra_0400424,1240378,79.06
Avendra_0400424,1240523,116.21
Avendra_0400424,1243650,179.35
Avendra_0400424,1243651,179.35
Avendra_0400424,1247639,72.83
Avendra_0400424,1248771,1003.65
Avendra_0400424,1249018,414.72
Avendra_0400424,1250292,739.89
Avendra_0400424,1250926,146.98
Avendra_0400424,1252220,83.55
Avendra_0400424,1255758,75.73
Avendra_0400424,1256770,134.8
Avendra_0400424,1256789,97.67
Avendra_0400424,1256871,146.98
Avendra_0400424,1256881,210.6
Avendra_0400424,1258408,159.87
Avendra_0400424,1258485,800.13
Avendra_0400424,1258726,87.88
Avendra_0400424,1259330,105.21
Avendra_0400424,1259385,67.54
Avendra_0400424,1259386,67.54
Avendra_0400424,1260914,115.75
Avendra_0400424,1261639,74.33
Avendra_0400424,1261786,86.97
Avendra_0400424,1262030,123.53
Avendra_0400424,1262058,81.31
Avendra_0400424,1262288,175.34
Avendra_0400424,1262494,170.69
Avendra_0400424,1264471,593.5
Avendra_0400424,1264476,232.78
Avendra_0400424,1264477,105.21
Avendra_0400424,1264481,57.48
Avendra_0400424,1266953,1643.79
Avendra_0400424,1271115,77.78
Avendra_0400424,1271139,171.8
Avendra_0400424,1271141,489.53
Avendra_0400424,1276336,133.75
Avendra_0400424,1277656,78.39
Avendra_0400424,1277824,64.83
Avendra_0400424,1282086,321.2
Avendra_0400424,1282100,75.73
Avendra_0400424,1283093,58.2
Avendra_0400424,1283858,106.93
Avendra_0400424,1283859,134.09
Avendra_0400424,1284073,56.74
Avendra_0400424,1284690,1705.15
Avendra_0400424,1285244,324.34
Avendra_0400424,1289556,418.81
Avendra_0400424,1289557,140.1
Avendra_0400424,1289558,743.33
Avendra_0400424,1289559,366.69
Avendra_0400424,1289560,514.01
Avendra_0400424,1291341,470.93
Avendra_0400424,1291379,182.27
Avendra_0400424,1291380,182.27
Avendra_0400424,1291382,158.47
Avendra_0400424,1294313,1034.21
Avendra_0400424,1294781,613.57
Avendra_0400424,1296294,499.44
Avendra_0400424,1296684,1352.31
Avendra_0400424,1297564,1790.39
Avendra_0400424,1298501,161.96
Avendra_0400424,1299318,144.16
Avendra_0400424,1302362,2792.13
Avendra_0400424,1302555,75.73
Avendra_0400424,1302561,112.82
Avendra_0400424,1302923,1648.48
Avendra_0400424,1304259,35.75
Avendra_0400424,1304484,137.49
Avendra_0400424,1304712,110.5
Avendra_0400424,1308289,62.82
Avendra_0400424,1309245,77.78
Avendra_0400424,1309249,35.75
Avendra_0400424,1309250,61.52
Avendra_0400424,1309718,85.02
Avendra_0400424,1311004,116.21
Avendra_0400424,1312205,119.05
Avendra_0400424,1312206,149.3
Avendra_0400424,1312207,272.5
Avendra_0400424,1312768,210.6
Avendra_0400424,1314481,89.28
Avendra_0400424,1316154,593.5
Avendra_0400424,1320646,123.98
Avendra_0400424,1324306,226.03
Avendra_0400424,1324312,107.46
Avendra_0400424,1324486,91.28
Avendra_0400424,1327410,156.57
Avendra_0400424,1327947,79.04
Avendra_0400424,1328727,176.6
Avendra_0400424,1329857,116.93
Avendra_0400424,1330002,110.19
Avendra_0400424,1330004,113.31
Avendra_0400424,1331457,59.76
Avendra_0400424,1333886,206.99
Avendra_0400424,1336972,159.75
Avendra_0400424,1337843,455.7
Avendra_0400424,1339007,120.31
Avendra_0400424,1342063,152.83
Avendra_0400424,1342205,193.93
Avendra_0400424,1346198,71.32
Avendra_0400424,1346199,152.83
Avendra_0400424,1346200,152.83
Avendra_0400424,1346465,212.06
Avendra_0400424,1347225,113.14
Avendra_0400424,1347667,61.27
Avendra_0400424,1348627,16.79
Avendra_0400424,1354108,78.36
Avendra_0400424,1355334,107.94
Avendra_0400424,1360558,46.18
Avendra_0400424,1362135,152.83
Avendra_0400424,1364698,26.71
Avendra_0400424,1383614,32.95
Avendra_0400424,1388586,63.38
Avendra_0400424,1003680,83.55
Avendra_0400424,1003983,26.26
Avendra_0400424,1005963,125.8
Avendra_0400424,1006200,125.8
Avendra_0400424,1007011,125.8
Avendra_0400424,1008130,125.8
Avendra_0400424,1008449,484.05
Avendra_0400424,1008450,344.29
Avendra_0400424,1008453,90.15
Avendra_0400424,1008455,86.21
Avendra_0400424,1008457,76.17
Avendra_0400424,1008459,72.89
Avendra_0400424,1008460,47.36
Avendra_0400424,1008466,161.02
Avendra_0400424,1008467,161.02
Avendra_0400424,1008468,161.02
Avendra_0400424,1008469,227.13
Avendra_0400424,1008470,161.02
Avendra_0400424,1008479,60.16
Avendra_0400424,1085974,47.36
Avendra_0400424,1086647,97.39
Avendra_0400424,1088504,196.55
Avendra_0400424,1089702,107.02
Avendra_0400424,1093734,77.22
Avendra_0400424,1093753,50.96
Avendra_0400424,1093754,53.26
Avendra_0400424,1093755,88.46
Avendra_0400424,1093756,45.56
Avendra_0400424,1093760,75.76
Avendra_0400424,1093765,167.27
Avendra_0400424,1093768,88.35
Avendra_0400424,1093773,129.88
Avendra_0400424,1093776,71.48
Avendra_0400424,1093819,58.76
Avendra_0400424,1093823,45.65
Avendra_0400424,1093824,33.83
Avendra_0400424,1093827,47.5
Avendra_0400424,1093829,32.88
Avendra_0400424,1093830,47.92
Avendra_0400424,1093831,37.09
Avendra_0400424,1093833,62.99
Avendra_0400424,1093834,39.3
Avendra_0400424,1093836,44.39
Avendra_0400424,1093846,52.82
Avendra_0400424,1093847,62.13
Avendra_0400424,1093851,60.66
Avendra_0400424,1093852,35.3
Avendra_0400424,1093855,91.2
Avendra_0400424,1093860,81.48
Avendra_0400424,1093863,31.22
Avendra_0400424,1093866,59.07
Avendra_0400424,1093872,48.23
Avendra_0400424,1093875,70.62
Avendra_0400424,1093876,56.15
Avendra_0400424,1093893,118.97
Avendra_0400424,1093894,134.01
Avendra_0400424,1093895,121.44
Avendra_0400424,1093897,254.87
Avendra_0400424,1093898,67.66
Avendra_0400424,1093899,122.07
Avendra_0400424,1093902,75.66
Avendra_0400424,1093904,56.69
Avendra_0400424,1093911,43.21
Avendra_0400424,1093912,47.62
Avendra_0400424,1093913,211.91
Avendra_0400424,1093918,80.53
Avendra_0400424,1093919,68.36
Avendra_0400424,1093920,42.49
Avendra_0400424,1093922,23.36
Avendra_0400424,1093925,146.11
Avendra_0400424,1093926,119.69
Avendra_0400424,1093927,101.45
Avendra_0400424,1093930,140.49
Avendra_0400424,1093936,86.7
Avendra_0400424,1093939,28.9
Avendra_0400424,1093942,58.34
Avendra_0400424,1093945,67.33
Avendra_0400424,1093952,298.57
Avendra_0400424,1093967,74.83
Avendra_0400424,1093973,53.26
Avendra_0400424,1093979,96.54
Avendra_0400424,1094002,143.58
Avendra_0400424,1094024,48.33
Avendra_0400424,1094027,84.52
Avendra_0400424,1094276,96.99
Avendra_0400424,1094331,22.02
Avendra_0400424,1094337,22.78
Avendra_0400424,1094396,32.69
Avendra_0400424,1094436,53.22
Avendra_0400424,1094492,30.7
Avendra_0400424,1094494,30.7
Avendra_0400424,1094495,29.75
Avendra_0400424,1094505,99.21
Avendra_0400424,1094511,68.35
Avendra_0400424,1094526,209.11
Avendra_0400424,1094601,86.7
Avendra_0400424,1094605,90.89
Avendra_0400424,1094608,82.03
Avendra_0400424,1094615,69.59
Avendra_0400424,1094617,45.77
Avendra_0400424,1094620,64.66
Avendra_0400424,1094622,112.08
Avendra_0400424,1094623,213.33
Avendra_0400424,1094624,132.4
Avendra_0400424,1094630,66.4
Avendra_0400424,1094635,154.15
Avendra_0400424,1094637,83.64
Avendra_0400424,1094638,77.57
Avendra_0400424,1094641,68.15
Avendra_0400424,1094645,45.2
Avendra_0400424,1094651,84.7
Avendra_0400424,1094653,96.31
Avendra_0400424,1094657,42.46
Avendra_0400424,1094659,63.66
Avendra_0400424,1094661,218.98
Avendra_0400424,1094663,52.82
Avendra_0400424,1094668,47.79
Avendra_0400424,1094709,45.44
Avendra_0400424,1094711,34.21
Avendra_0400424,1094714,129.06
Avendra_0400424,1094726,117.68
Avendra_0400424,1094727,137.78
Avendra_0400424,1094735,19.87
Avendra_0400424,1094738,122.79
Avendra_0400424,1094768,253.83
Avendra_0400424,1094779,97.39
Avendra_0400424,1094782,77.75
Avendra_0400424,1094788,212.12
Avendra_0400424,1094792,50.14
Avendra_0400424,1094796,156.6
Avendra_0400424,1094797,89.55
Avendra_0400424,1094807,115.49
Avendra_0400424,1094808,75.74
Avendra_0400424,1094809,77.88
Avendra_0400424,1094812,61.54
Avendra_0400424,1094821,34.61
Avendra_0400424,1094825,72.46
Avendra_0400424,1094830,64.96
Avendra_0400424,1094840,32.78
Avendra_0400424,1094923,48.43
Avendra_0400424,1094927,50.18
Avendra_0400424,1094931,33.36
Avendra_0400424,1094932,97.39
Avendra_0400424,1094938,66.84
Avendra_0400424,1094945,156.35
Avendra_0400424,1094946,75.95
Avendra_0400424,1094947,100.33
Avendra_0400424,1094955,125.29
Avendra_0400424,1094959,86.21
Avendra_0400424,1094962,61.92
Avendra_0400424,1094970,30.09
Avendra_0400424,1094973,74.58
Avendra_0400424,1094976,194.77
Avendra_0400424,1094984,194.77
Avendra_0400424,1094996,40.68
Avendra_0400424,1095002,69.88
Avendra_0400424,1095004,189.49
Avendra_0400424,1095005,194.77
Avendra_0400424,1095016,91.24
Avendra_0400424,1095018,69.97
Avendra_0400424,1095019,44.87
Avendra_0400424,1095026,59.66
Avendra_0400424,1095035,59.24
Avendra_0400424,1095060,187.35
Avendra_0400424,1095061,79.88
Avendra_0400424,1095077,61.96
Avendra_0400424,1095092,91.24
Avendra_0400424,1095095,44.9
Avendra_0400424,1095102,89.08
Avendra_0400424,1095104,39.25
Avendra_0400424,1095106,63.68
Avendra_0400424,1095115,56.35
Avendra_0400424,1095118,86.67
Avendra_0400424,1095123,76.35
Avendra_0400424,1095131,58.99
Avendra_0400424,1095136,123.45
Avendra_0400424,1095143,89.48
Avendra_0400424,1095145,125.29
Avendra_0400424,1095146,61.72
Avendra_0400424,1095149,421.79
Avendra_0400424,1095154,51.86
Avendra_0400424,1095155,61.6
Avendra_0400424,1095156,42.56
Avendra_0400424,1095166,195.75
Avendra_0400424,1095169,95.05
Avendra_0400424,1095171,129.97
Avendra_0400424,1095178,51.01
Avendra_0400424,1095180,249.81
Avendra_0400424,1095187,635.53
Avendra_0400424,1095189,19.45
Avendra_0400424,1095190,20.76
Avendra_0400424,1095198,56.57
Avendra_0400424,1095209,89.12
Avendra_0400424,1095227,105.36
Avendra_0400424,1095228,206.53
Avendra_0400424,1095231,123.32
Avendra_0400424,1095232,43.51
Avendra_0400424,1095236,102.98
Avendra_0400424,1095237,102.98
Avendra_0400424,1095238,123.32
Avendra_0400424,1095245,122.32
Avendra_0400424,1098043,83.65
Avendra_0400424,1098508,77.28
Avendra_0400424,1099509,58.46
Avendra_0400424,1099753,72.46
Avendra_0400424,1099803,63.62
Avendra_0400424,1099945,58.55
Avendra_0400424,1100058,62.15
Avendra_0400424,1100425,308.48
Avendra_0400424,1100431,99.6
Avendra_0400424,1100467,72.89
Avendra_0400424,1100796,137.78
Avendra_0400424,1141291,42.56
Avendra_0400424,1141672,147.6
Avendra_0400424,1142120,102.98
Avendra_0400424,1143459,95.13
Avendra_0400424,1143463,83.55
Avendra_0400424,1143464,71.12
Avendra_0400424,1147786,236.96
Avendra_0400424,1149667,180.47
Avendra_0400424,1149781,123.54
Avendra_0400424,1149784,322.26
Avendra_0400424,1152153,96.22
Avendra_0400424,1153231,145.2
Avendra_0400424,1154496,94.09
Avendra_0400424,1154781,87.99
Avendra_0400424,1156402,289.8
Avendra_0400424,1156784,1483.35
Avendra_0400424,1156801,291.71
Avendra_0400424,1156942,54.81
Avendra_0400424,1157649,105.51
Avendra_0400424,1161298,69.51
Avendra_0400424,1161390,44.76
Avendra_0400424,1164197,58.55
Avendra_0400424,1168777,151.02
Avendra_0400424,1172534,76.71
Avendra_0400424,1172847,123.32
Avendra_0400424,1174818,218.98
Avendra_0400424,1175849,74.31
Avendra_0400424,1176118,96.31
Avendra_0400424,1176883,24.43
Avendra_0400424,1179902,125.8
Avendra_0400424,1180370,114.12
Avendra_0400424,1184844,106.51
Avendra_0400424,1185635,100.72
Avendra_0400424,1186232,105.06
Avendra_0400424,1196644,577.75
Avendra_0400424,1200647,149.31
Avendra_0400424,1200648,63.82
Avendra_0400424,1200651,70.97
Avendra_0400424,1202937,72.58
Avendra_0400424,1203595,77.47
Avendra_0400424,1203945,44.62
Avendra_0400424,1205930,77.72
Avendra_0400424,1206239,81.38
Avendra_0400424,1206928,98.84
Avendra_0400424,1208348,59.88
Avendra_0400424,1210412,42.01
Avendra_0400424,1211370,214.8
Avendra_0400424,1211405,41.54
Avendra_0400424,1211525,74.01
Avendra_0400424,1213217,61.55
Avendra_0400424,1214535,126.53
Avendra_0400424,1214547,430.73
Avendra_0400424,1214549,1096.42
Avendra_0400424,1214550,421.79
Avendra_0400424,1214551,715.12
Avendra_0400424,1214552,1669.15
Avendra_0400424,1215133,43.34
Avendra_0400424,1215442,68.28
Avendra_0400424,1215444,61.3
Avendra_0400424,1217517,76.93
Avendra_0400424,1217520,76.65
Avendra_0400424,1217616,250.9
Avendra_0400424,1217617,250.9
Avendra_0400424,1221076,76.71
Avendra_0400424,1223221,72.33
Avendra_0400424,1223222,45.07
Avendra_0400424,1223476,107.41
Avendra_0400424,1225755,46.42
Avendra_0400424,1227199,62.69
Avendra_0400424,1228035,70.24
Avendra_0400424,1229455,38.86
Avendra_0400424,1229713,51.09
Avendra_0400424,1229716,29.36
Avendra_0400424,1230009,444.39
Avendra_0400424,1230584,100.09
Avendra_0400424,1231221,1669.15
Avendra_0400424,1231835,24.61
Avendra_0400424,1233495,261.71
Avendra_0400424,1233637,22.38
Avendra_0400424,1233638,22.38
Avendra_0400424,1233641,38.86
Avendra_0400424,1233642,24.61
Avendra_0400424,1233645,25.82
Avendra_0400424,1233647,52.06
Avendra_0400424,1233649,49.17
Avendra_0400424,1233650,57.39
Avendra_0400424,1233651,57.39
Avendra_0400424,1233654,34.5
Avendra_0400424,1233655,34.5
Avendra_0400424,1233657,38.25
Avendra_0400424,1233658,38.25
Avendra_0400424,1233659,53.28
Avendra_0400424,1233660,53.28
Avendra_0400424,1233662,54.91
Avendra_0400424,1233663,54.91
Avendra_0400424,1239736,417.52
Avendra_0400424,1239832,117.79
Avendra_0400424,1239840,219.2
Avendra_0400424,1239842,42.27
Avendra_0400424,1239850,569.22
Avendra_0400424,1239851,145.8
Avendra_0400424,1240268,826.25
Avendra_0400424,1240378,54.35
Avendra_0400424,1240523,79.88
Avendra_0400424,1243650,123.32
Avendra_0400424,1243651,123.32
Avendra_0400424,1247639,50.08
Avendra_0400424,1248771,689.97
Avendra_0400424,1249018,285.13
Avendra_0400424,1250292,508.62
Avendra_0400424,1250926,102.98
Avendra_0400424,1252220,57.43
Avendra_0400424,1255758,52.06
Avendra_0400424,1256770,92.64
Avendra_0400424,1256789,67.16
Avendra_0400424,1256871,102.98
Avendra_0400424,1256881,147.6
Avendra_0400424,1258408,109.92
Avendra_0400424,1258485,550.04
Avendra_0400424,1258726,60.43
Avendra_0400424,1259330,72.33
Avendra_0400424,1259385,46.42
Avendra_0400424,1259386,46.42
Avendra_0400424,1260914,79.55
Avendra_0400424,1261639,51.09
Avendra_0400424,1261786,59.44
Avendra_0400424,1262030,84.93
Avendra_0400424,1262058,55.79
Avendra_0400424,1262288,120.54
Avendra_0400424,1262494,117.34
Avendra_0400424,1264471,408
Avendra_0400424,1264477,72.33
Avendra_0400424,1264481,39.51
Avendra_0400424,1271139,110.46
Avendra_0400424,1271141,314.77
Avendra_0400424,1276336,91.95
Avendra_0400424,1277656,53.9
Avendra_0400424,1277824,44.58
Avendra_0400424,1282086,220.83
Avendra_0400424,1282100,52.06
Avendra_0400424,1283093,40.02
Avendra_0400424,1283859,93.99
Avendra_0400424,1284073,38.98
Avendra_0400424,1284690,1096.42
Avendra_0400424,1285244,222.97
Avendra_0400424,1289556,287.88
Avendra_0400424,1289557,96.31
Avendra_0400424,1289558,511.04
Avendra_0400424,1289559,252.07
Avendra_0400424,1289560,330.49
Avendra_0400424,1291341,323.74
Avendra_0400424,1291379,125.29
Avendra_0400424,1291380,125.29
Avendra_0400424,1291382,108.92
Avendra_0400424,1294781,421.79
Avendra_0400424,1296294,343.36
Avendra_0400424,1296684,929.66
Avendra_0400424,1297564,1151.26
Avendra_0400424,1298501,121.23
Avendra_0400424,1299318,99.11
Avendra_0400424,1302362,1919.5
Avendra_0400424,1302555,52.06
Avendra_0400424,1302561,77.57
Avendra_0400424,1302923,1133.24
Avendra_0400424,1304259,24.61
Avendra_0400424,1304712,75.95
Avendra_0400424,1308289,43.18
Avendra_0400424,1309245,53.46
Avendra_0400424,1309249,24.61
Avendra_0400424,1309250,42.27
Avendra_0400424,1309718,58.46
Avendra_0400424,1311004,79.88
Avendra_0400424,1312205,110.96
Avendra_0400424,1312206,139.17
Avendra_0400424,1312207,187.35
Avendra_0400424,1312768,147.6
Avendra_0400424,1314481,83.21
Avendra_0400424,1316154,408
Avendra_0400424,1320646,115.58
Avendra_0400424,1324306,159.02
Avendra_0400424,1324312,75.62
Avendra_0400424,1324486,64.24
Avendra_0400424,1327410,111.62
Avendra_0400424,1327947,54.33
Avendra_0400424,1328727,108.74
Avendra_0400424,1329857,80.41
Avendra_0400424,1330002,75.74
Avendra_0400424,1330004,77.88
Avendra_0400424,1331457,42.56
Avendra_0400424,1333886,142.3
Avendra_0400424,1336972,109.83
Avendra_0400424,1337843,322.01
Avendra_0400424,1339007,73.99
Avendra_0400424,1342063,105.06
Avendra_0400424,1342205,133.33
Avendra_0400424,1346198,49.02
Avendra_0400424,1346199,105.06
Avendra_0400424,1346200,105.06
Avendra_0400424,1346465,145.8
Avendra_0400424,1347667,57.18
Avendra_0400424,1348627,15.66
Avendra_0400424,1354108,53.91
Avendra_0400424,1355334,100.72
Avendra_0400424,1360558,33.2
Avendra_0400424,1362135,105.06
Avendra_0400424,1364698,21.3
Avendra_0400424,1383614,26.26
Avendra_0400424,1388586,43.57
Avendra_0400424,1388515,150.03
