Contract ID,SAP Code,Sell Price
7880424,1000067,45.28
7880424,1000068,50.2
7880424,1000069,74.54
7880424,1000072,24.32
7880424,1000082,44.46
7880424,1000088,38.2
7880424,1000162,20.42
7880424,1000348,37.56
7880424,1000349,55.52
7880424,1000355,31.92
7880424,1000367,101.74
7880424,1000384,108.16
7880424,1000386,43.77
7880424,1000393,68.17
7880424,1000394,130.55
7880424,1000398,70.87
7880424,1000401,70.27
7880424,1000402,58.44
7880424,1000513,49.91
7880424,1000514,58.6
7880424,1000521,19.29
7880424,1000523,56.66
7880424,1000527,20.98
7880424,1000530,50.37
7880424,1000532,43.17
7880424,1000535,32.43
7880424,1000536,40.02
7880424,1000537,23.52
7880424,1000538,25.51
7880424,1000539,19.32
7880424,1000540,20.15
7880424,1000541,22.2
7880424,1000542,20.98
7880424,1000544,21.98
7880424,1000545,27.88
7880424,1000547,25.94
7880424,1000548,31.31
7880424,1000549,28.6
7880424,1000550,47.37
7880424,1000551,36.13
7880424,1000555,47.31
7880424,1000557,19.04
7880424,1000637,42.68
7880424,1000641,74.18
7880424,1000654,13.63
7880424,1000655,66.57
7880424,1000659,40.89
7880424,1000667,55.75
7880424,1000678,83.61
7880424,1000679,21.77
7880424,1000680,24.6
7880424,1000681,26.8
7880424,1000685,21.97
7880424,1000688,11.39
7880424,1000689,15.18
7880424,1000693,11.39
7880424,1000694,12.9
7880424,1000695,15.18
7880424,1000697,19.96
7880424,1000698,21.77
7880424,1000699,11.39
7880424,1000700,15.18
7880424,1000704,11.39
7880424,1000705,12.9
7880424,1000707,21.77
7880424,1000708,24.6
7880424,1000709,36.55
7880424,1000710,99.14
7880424,1000711,21.77
7880424,1000712,39.46
7880424,1000715,28.21
7880424,1000717,21.77
7880424,1000718,34.45
7880424,1000719,48.42
7880424,1000720,48.42
7880424,1000721,48.42
7880424,1000723,11.57
7880424,1000864,24.47
7880424,1000867,38.19
7880424,1000996,51.21
7880424,1001327,47.52
7880424,1001329,26.5
7880424,1001330,44.34
7880424,1001331,48
7880424,1001338,43.06
7880424,1001345,7.48
7880424,1001619,23.33
7880424,1001710,19.96
7880424,1001711,19.96
7880424,1001712,21.77
7880424,1001716,16.77
7880424,1001717,16.77
7880424,1001718,21.77
7880424,1001725,41.8
7880424,1001740,27.85
7880424,1001745,51.03
7880424,1001746,24.96
7880424,1001771,17.42
7880424,1001775,24.94
7880424,1001826,16.77
7880424,1001828,32.2
7880424,1001868,46.9
7880424,1001932,42.39
7880424,1001985,40.7
7880424,1002002,23.54
7880424,1002008,30.59
7880424,1002010,27.98
7880424,1002011,16.15
7880424,1002014,20.99
7880424,1002020,24
7880424,1002021,28.36
7880424,1002022,22.41
7880424,1002479,12.9
7880424,1002500,28.43
7880424,1002505,24.13
7880424,1002506,20.6
7880424,1002509,17.94
7880424,1003040,29.59
7880424,1003041,35.01
7880424,1003049,92.18
7880424,1003059,25.32
7880424,1003063,15.16
7880424,1003083,26.71
7880424,1003095,29.28
7880424,1003100,46.84
7880424,1003101,16.85
7880424,1003102,22.02
7880424,1003117,31.51
7880424,1003126,29.08
7880424,1003137,27.51
7880424,1003204,39.03
7880424,1003205,29.08
7880424,1003227,25.92
7880424,1003229,33.51
7880424,1003281,59.74
7880424,1003282,88.19
7880424,1003308,67.07
7880424,1003309,76.1
7880424,1003378,52.88
7880424,1003383,34.98
7880424,1003387,14.1
7880424,1003454,30.25
7880424,1003477,21.8
7880424,1003483,24.08
7880424,1003520,23.54
7880424,1003568,32.42
7880424,1003606,85.39
7880424,1003607,113.95
7880424,1003945,317.11
7880424,1005144,40.25
7880424,1006274,48.88
7880424,1006275,96.43
7880424,1006498,34.41
7880424,1006516,70.39
7880424,1007764,23.68
7880424,1009846,111.56
7880424,1009847,161.2
7880424,1009848,124.57
7880424,1009849,168.53
7880424,1009850,200.01
7880424,1009888,89.18
7880424,1011198,53.06
7880424,1011980,50.05
7880424,1011993,115.7
7880424,1011994,101.91
7880424,1012037,72.35
7880424,1012046,156.16
7880424,1012047,108.38
7880424,1012048,124.42
7880424,1012049,102.04
7880424,1012050,72.15
7880424,1012053,146.79
7880424,1012055,163.27
7880424,1012064,164.57
7880424,1012065,212.46
7880424,1012068,124.63
7880424,1012076,87.04
7880424,1012110,164.27
7880424,1012143,68.02
7880424,1012144,78.52
7880424,1012173,76.52
7880424,1012174,62.28
7880424,1012214,48.01
7880424,1012287,60.03
7880424,1012607,27.9
7880424,1012637,27.54
7880424,1012639,38.03
7880424,1012728,41.12
7880424,1012735,62.49
7880424,1012762,63.54
7880424,1012768,101.81
7880424,1012770,88.12
7880424,1012771,68.56
7880424,1012775,62.08
7880424,1012779,65.99
7880424,1012780,35.09
7880424,1012786,44.8
7880424,1012787,60.54
7880424,1012791,62.54
7880424,1012797,82.9
7880424,1012798,85.76
7880424,1012799,88.96
7880424,1012801,116.75
7880424,1012820,104.34
7880424,1012825,88.65
7880424,1012826,83.49
7880424,1012883,83.11
7880424,1012889,174.62
7880424,1012894,72.77
7880424,1012898,139.64
7880424,1012901,86.85
7880424,1012902,67.54
7880424,1016440,63.42
7880424,1016863,56.35
7880424,1016867,61.53
7880424,1016886,46
7880424,1016899,71.88
7880424,1016909,62.1
7880424,1016986,46.82
7880424,1016988,63.83
7880424,1017026,58.65
7880424,1017132,74.75
7880424,1017180,64.4
7880424,1017190,48.88
7880424,1017194,59.23
7880424,1017246,69
7880424,1017274,61.53
7880424,1018988,48.88
7880424,1018989,60.61
7880424,1019456,218.13
7880424,1019713,90.16
7880424,1019759,77.77
7880424,1019782,82.13
7880424,1019783,63.88
7880424,1019785,91.99
7880424,1019802,91.99
7880424,1020574,144.36
7880424,1020709,48.88
7880424,1020797,103.28
7880424,1020823,73.23
7880424,1020844,91.23
7880424,1021203,61.94
7880424,1021214,81.06
7880424,1021252,96.22
7880424,1021281,96.69
7880424,1021284,67.59
7880424,1021288,109.34
7880424,1021307,60.85
7880424,1021430,115.98
7880424,1021431,114.24
7880424,1021584,68.07
7880424,1021588,65.03
7880424,1021717,45.32
7880424,1021718,54.23
7880424,1021815,55.35
7880424,1021818,54.52
7880424,1021820,42.87
7880424,1021822,108.64
7880424,1021998,71.32
7880424,1022271,29.38
7880424,1022297,30.76
7880424,1022298,34.16
7880424,1022320,35.36
7880424,1022358,38.18
7880424,1022419,20.76
7880424,1022420,49.11
7880424,1022569,42.11
7880424,1022770,55.03
7880424,1022909,41.03
7880424,1023077,16.73
7880424,1023310,46.9
7880424,1023350,40.41
7880424,1023508,50.28
7880424,1023773,16.23
7880424,1023833,20.98
7880424,1023906,18.77
7880424,1023924,29.42
7880424,1023976,17.25
7880424,1024011,16.1
7880424,1024012,31.63
7880424,1024014,8.63
7880424,1024018,23
7880424,1024027,23
7880424,1024029,17.25
7880424,1024038,17.25
7880424,1024278,39.31
7880424,1024280,24.01
7880424,1024294,26.28
7880424,1024302,29.73
7880424,1024360,50.82
7880424,1024362,40.7
7880424,1024369,27.66
7880424,1024372,281.75
7880424,1024444,33.8
7880424,1024452,287.5
7880424,1024464,57.86
7880424,1024879,49.44
7880424,1024880,44.83
7880424,1024956,39.79
7880424,1025119,36
7880424,1025128,31.31
7880424,1025131,49.36
7880424,1025298,21.37
7880424,1025299,36.42
7880424,1025360,39.19
7880424,1025624,23
7880424,1025627,11.5
7880424,1025628,34.5
7880424,1025652,1.44
7880424,1025653,1.44
7880424,1025661,1.44
7880424,1025680,27.6
7880424,1025696,23
7880424,1025713,47.6
7880424,1025750,37.28
7880424,1026001,46.9
7880424,1026002,37.38
7880424,1026078,32.67
7880424,1026099,11.5
7880424,1026102,11.5
7880424,1026121,39.32
7880424,1026144,41.52
7880424,1026186,21.39
7880424,1026248,11.5
7880424,1026253,31.63
7880424,1026902,25.07
7880424,1026981,7.48
7880424,1026988,16.61
7880424,1027321,55.55
7880424,1027348,7.48
7880424,1027353,23
7880424,1027701,41.95
7880424,1027740,45.51
7880424,1027772,54.1
7880424,1027778,53.11
7880424,1027839,38
7880424,1027864,38.74
7880424,1027987,74.47
7880424,1027991,79.99
7880424,1028014,38
7880424,1028026,49.66
7880424,1028061,55.06
7880424,1028187,25.73
7880424,1028188,33.2
7880424,1028192,47.58
7880424,1028193,190.15
7880424,1028214,59.4
7880424,1028268,51.85
7880424,1028351,20.7
7880424,1028613,98.62
7880424,1028697,54.12
7880424,1028705,49.89
7880424,1028721,35.71
7880424,1028759,70.89
7880424,1028822,71.32
7880424,1028925,58.86
7880424,1028960,38.74
7880424,1028961,11.21
7880424,1033558,18.96
7880424,1033563,36.23
7880424,1033564,25.82
7880424,1033992,48.67
7880424,1033993,17
7880424,1034024,25.12
7880424,1034050,25.58
7880424,1034055,24.32
7880424,1034084,24.97
7880424,1034116,53.92
7880424,1039770,73.7
7880424,1039772,90.36
7880424,1039788,127.82
7880424,1039798,115
7880424,1039800,124.14
7880424,1039802,124.2
7880424,1039804,130.87
7880424,1039830,134.4
7880424,1039839,84.24
7880424,1039871,210.68
7880424,1039879,45.08
7880424,1039901,113.85
7880424,1039909,98.53
7880424,1039926,114.43
7880424,1040015,109.65
7880424,1040059,67.05
7880424,1040060,135.7
7880424,1040061,64.75
7880424,1040069,135.18
7880424,1040078,85.45
7880424,1040079,96.31
7880424,1040092,113.39
7880424,1040203,78.14
7880424,1040241,112.99
7880424,1040247,27.83
7880424,1040248,138.86
7880424,1040253,55.55
7880424,1040254,55.55
7880424,1040255,55.55
7880424,1040264,129.38
7880424,1040294,127.65
7880424,1040295,123.26
7880424,1040343,98.33
7880424,1040370,124.32
7880424,1040465,60.66
7880424,1040469,88.84
7880424,1040486,93.9
7880424,1040798,79.87
7880424,1040888,128
7880424,1040895,134.26
7880424,1040972,151.63
7880424,1041019,135.24
7880424,1041076,208.9
7880424,1041077,113.91
7880424,1041078,135.93
7880424,1041079,74.69
7880424,1041080,146.63
7880424,1041179,49.68
7880424,1041215,166.23
7880424,1041231,67.97
7880424,1041319,57.5
7880424,1041321,120.18
7880424,1041508,12.48
7880424,1042666,76.42
7880424,1042673,126.27
7880424,1042675,126.27
7880424,1042710,43.64
7880424,1042753,4.7
7880424,1042785,47.9
7880424,1042821,17.73
7880424,1042834,166.41
7880424,1042842,122.59
7880424,1043125,209.47
7880424,1043133,229.85
7880424,1043152,171.93
7880424,1043154,177.39
7880424,1043156,102.01
7880424,1043158,143.29
7880424,1043196,92.52
7880424,1043226,163.82
7880424,1043261,151.57
7880424,1043308,82.46
7880424,1043312,153.53
7880424,1043332,68.66
7880424,1043363,95.11
7880424,1043367,95.11
7880424,1043399,59.26
7880424,1043401,54.63
7880424,1043403,106.89
7880424,1043461,48.01
7880424,1043465,209.99
7880424,1043467,72.57
7880424,1043496,42.55
7880424,1043512,80.62
7880424,1043582,77.86
7880424,1043636,14.16
7880424,1043637,18.18
7880424,1043661,32.14
7880424,1043663,35.42
7880424,1044455,141.34
7880424,1044457,49.74
7880424,1044470,184.06
7880424,1044475,56.12
7880424,1044485,44.45
7880424,1044532,57.33
7880424,1044590,22.2
7880424,1044593,155.6
7880424,1044605,39.1
7880424,1044630,6.96
7880424,1044646,18.94
7880424,1044653,12.29
7880424,1044655,41.15
7880424,1044656,31.48
7880424,1044658,24.64
7880424,1044660,32.92
7880424,1044665,23.55
7880424,1044666,57.16
7880424,1044672,32.73
7880424,1044835,16.76
7880424,1044837,57.33
7880424,1044891,81.54
7880424,1044894,99.65
7880424,1044897,69.58
7880424,1044903,102.81
7880424,1044932,20.06
7880424,1044987,66.36
7880424,1045602,51.12
7880424,1045757,16
7880424,1045781,39.27
7880424,1045861,56.49
7880424,1045908,63.37
7880424,1045909,137.48
7880424,1045910,66.36
7880424,1045997,41
7880424,1045998,56.24
7880424,1046088,68.31
7880424,1046156,79.81
7880424,1046158,66.24
7880424,1046165,74.18
7880424,1046179,129.32
7880424,1046264,196.65
7880424,1046265,52.79
7880424,1046274,82
7880424,1046275,91.48
7880424,1046276,86.71
7880424,1046285,69.4
7880424,1046287,83.2
7880424,1046288,89.13
7880424,1046289,89.13
7880424,1046670,57.62
7880424,1046882,125.75
7880424,1048608,85.04
7880424,1048616,103.5
7880424,1048857,121.79
7880424,1049039,89.93
7880424,1049040,95.11
7880424,1049042,103.5
7880424,1049044,103.5
7880424,1049046,52.1
7880424,1049063,67.85
7880424,1049075,126.27
7880424,1049076,95.11
7880424,1049086,126.27
7880424,1050878,16.73
7880424,1050905,21.62
7880424,1050906,36.21
7880424,1050917,17.42
7880424,1050957,13.93
7880424,1050983,35.06
7880424,1050997,24.35
7880424,1051018,21.44
7880424,1051020,18.48
7880424,1051024,20.99
7880424,1051033,14.25
7880424,1051036,31.31
7880424,1051037,20.53
7880424,1051048,27.83
7880424,1051052,15.3
7880424,1051055,22.02
7880424,1051062,35.26
7880424,1051064,37.35
7880424,1051072,21.63
7880424,1051074,14.1
7880424,1051091,51.04
7880424,1051101,25.91
7880424,1051103,17.97
7880424,1051105,34.81
7880424,1051119,22.1
7880424,1051124,24.18
7880424,1051137,23.84
7880424,1051157,29.82
7880424,1051158,20.04
7880424,1051165,31.95
7880424,1051169,20.19
7880424,1051171,19.14
7880424,1051174,38.41
7880424,1051207,16.94
7880424,1051214,29.2
7880424,1051217,31.46
7880424,1051218,29.2
7880424,1051219,27.36
7880424,1051222,21.31
7880424,1051231,30.87
7880424,1051297,30.25
7880424,1051298,45.75
7880424,1051300,28.82
7880424,1051301,30.14
7880424,1051303,27.99
7880424,1051304,42.84
7880424,1051319,24.18
7880424,1051344,43.15
7880424,1051368,30.76
7880424,1051377,24.04
7880424,1051379,40.55
7880424,1051432,42.02
7880424,1051433,31.5
7880424,1051589,29.14
7880424,1051594,32.1
7880424,1051595,29.2
7880424,1051596,29.42
7880424,1051700,30.26
7880424,1051763,31.97
7880424,1051764,55.8
7880424,1051814,20.53
7880424,1051820,18.31
7880424,1051834,29.54
7880424,1051886,27.99
7880424,1051986,29.08
7880424,1052011,29.64
7880424,1052085,30.42
7880424,1052464,24.46
7880424,1052465,24.46
7880424,1052467,17.97
7880424,1052468,29.82
7880424,1052469,20.52
7880424,1052910,34.81
7880424,1052911,37.23
7880424,1052916,38.11
7880424,1052950,20.86
7880424,1052954,29.08
7880424,1053011,42.71
7880424,1053012,45.39
7880424,1053013,45.39
7880424,1053071,39.36
7880424,1053076,18.33
7880424,1053082,19.16
7880424,1053098,21.53
7880424,1053178,25.42
7880424,1053249,39.77
7880424,1053252,46.98
7880424,1053292,28.06
7880424,1053299,42.19
7880424,1053325,37.05
7880424,1053435,18.16
7880424,1053447,11.12
7880424,1053449,45.74
7880424,1053459,18.68
7880424,1053462,45.52
7880424,1053464,50.98
7880424,1053467,31.59
7880424,1053471,21.34
7880424,1053472,10.6
7880424,1053481,29.64
7880424,1053484,14.13
7880424,1053490,16.69
7880424,1053498,33.44
7880424,1053502,20.53
7880424,1053506,29.64
7880424,1053508,14.88
7880424,1053512,21.18
7880424,1053515,21.18
7880424,1053521,11.39
7880424,1053528,14.25
7880424,1053533,30.5
7880424,1053538,18.48
7880424,1053543,36.34
7880424,1053547,20.53
7880424,1053550,31.31
7880424,1053552,17.04
7880424,1053559,42.4
7880424,1053563,18.85
7880424,1053568,16.89
7880424,1053579,29.53
7880424,1053582,15.3
7880424,1053594,18.31
7880424,1053602,18.31
7880424,1053605,35.01
7880424,1053612,31.54
7880424,1053616,37.35
7880424,1053619,37.35
7880424,1053621,41.38
7880424,1053622,41.38
7880424,1053630,24.01
7880424,1053661,25.61
7880424,1053675,26.71
7880424,1053688,34.01
7880424,1053693,14.57
7880424,1053698,16.94
7880424,1053714,17.42
7880424,1053720,14.57
7880424,1053730,26.71
7880424,1053731,26.71
7880424,1053738,19.14
7880424,1053750,23.38
7880424,1053769,30.07
7880424,1053780,23.38
7880424,1053794,19.14
7880424,1053795,28.06
7880424,1053811,30.81
7880424,1053833,25.61
7880424,1053839,15.95
7880424,1053841,46.6
7880424,1053848,24.18
7880424,1053857,32.58
7880424,1053863,17.38
7880424,1053866,20.86
7880424,1053868,25.61
7880424,1053869,25.61
7880424,1053896,21.01
7880424,1053899,29.64
7880424,1053900,28.27
7880424,1053942,28.36
7880424,1053972,19.84
7880424,1053992,37.23
7880424,1053994,30.2
7880424,1054031,28.16
7880424,1054039,20.19
7880424,1054067,20.52
7880424,1054132,29.08
7880424,1054134,29.01
7880424,1054135,17.42
7880424,1054136,23.38
7880424,1054145,35.01
7880424,1054171,38.76
7880424,1054182,24.05
7880424,1054185,91.13
7880424,1054311,127.37
7880424,1054329,37.17
7880424,1054337,23.05
7880424,1054350,27.37
7880424,1054362,32.51
7880424,1054382,30.26
7880424,1054537,73.49
7880424,1054636,43.22
7880424,1054646,56.28
7880424,1054656,30.65
7880424,1054723,31.88
7880424,1054747,39.45
7880424,1054811,44.03
7880424,1054823,58.7
7880424,1054830,38.92
7880424,1054833,50.8
7880424,1054839,42.12
7880424,1054854,55.04
7880424,1054859,41.26
7880424,1054862,29.42
7880424,1054866,25.36
7880424,1054869,42.41
7880424,1054874,20.06
7880424,1054876,19.94
7880424,1054882,39.45
7880424,1054884,39.45
7880424,1054891,45.52
7880424,1054894,39.45
7880424,1054901,31
7880424,1054902,31.87
7880424,1054903,56.28
7880424,1054909,56.28
7880424,1054916,33.52
7880424,1054919,50.38
7880424,1054921,50.59
7880424,1054931,42.41
7880424,1054932,42.41
7880424,1054951,42.41
7880424,1054956,54.33
7880424,1054958,56.28
7880424,1054965,40.64
7880424,1054967,39.07
7880424,1054972,16.7
7880424,1054978,39.45
7880424,1054980,26.62
7880424,1054981,35.57
7880424,1054999,30.13
7880424,1055000,31.87
7880424,1055008,30.33
7880424,1055024,20.11
7880424,1055089,31.65
7880424,1055161,33.1
7880424,1055190,19.22
7880424,1055264,50.47
7880424,1055268,21.18
7880424,1055607,31.75
7880424,1055706,34.47
7880424,1055707,29.08
7880424,1056041,34.06
7880424,1056094,40.87
7880424,1056098,39.32
7880424,1056108,19.71
7880424,1056122,25.89
7880424,1056124,11.93
7880424,1056125,27.28
7880424,1056129,26.42
7880424,1056132,12.12
7880424,1056140,20.5
7880424,1056175,20.01
7880424,1056176,31.81
7880424,1056185,35.51
7880424,1056199,39.07
7880424,1056208,23.33
7880424,1056443,43.31
7880424,1056484,36.06
7880424,1057146,27.22
7880424,1057176,22.43
7880424,1057186,25.04
7880424,1057204,18.79
7880424,1057220,37.62
7880424,1057229,25.13
7880424,1057249,22.41
7880424,1057256,23.76
7880424,1057259,35.29
7880424,1057270,19.69
7880424,1057302,26.57
7880424,1057313,32.26
7880424,1057315,36.57
7880424,1057324,24.08
7880424,1057327,22.06
7880424,1057329,25.92
7880424,1057339,28.36
7880424,1057341,32.02
7880424,1057343,33.97
7880424,1057347,30.76
7880424,1057350,20.62
7880424,1057359,27.51
7880424,1057361,26.42
7880424,1057370,29.14
7880424,1057432,25.67
7880424,1057442,25.92
7880424,1057467,21.24
7880424,1057474,27.6
7880424,1057484,19.91
7880424,1057486,20.99
7880424,1057491,27.32
7880424,1057494,33.51
7880424,1057498,23.54
7880424,1057501,27.32
7880424,1057504,37.62
7880424,1057507,18.79
7880424,1057509,30.53
7880424,1057511,25.13
7880424,1057513,35.29
7880424,1057515,22.62
7880424,1057519,33.97
7880424,1057520,22.06
7880424,1057529,19.5
7880424,1057538,27.26
7880424,1057541,35.66
7880424,1057543,28.92
7880424,1057547,35.09
7880424,1057551,36.32
7880424,1057554,26.57
7880424,1057557,32.26
7880424,1057558,31.37
7880424,1057568,20.62
7880424,1057570,29.14
7880424,1057611,33.05
7880424,1057622,32.19
7880424,1057664,16.43
7880424,1057674,24.18
7880424,1057697,28.16
7880424,1057815,28.21
7880424,1057833,31.42
7880424,1057847,30.53
7880424,1057861,32.02
7880424,1057879,30.5
7880424,1057893,26.42
7880424,1057896,27.99
7880424,1058056,33.35
7880424,1060570,258.75
7880424,1063474,43.71
7880424,1066564,42.88
7880424,1066620,17.09
7880424,1068623,16.03
7880424,1068626,18.8
7880424,1068631,10.11
7880424,1068639,14.06
7880424,1068674,17.99
7880424,1068719,24.6
7880424,1068726,65.72
7880424,1068727,67.61
7880424,1068732,27.32
7880424,1068735,51.5
7880424,1068752,31.05
7880424,1068758,36.55
7880424,1068783,16.03
7880424,1068786,18.8
7880424,1068793,10.11
7880424,1068801,14.06
7880424,1068803,15.18
7880424,1068808,16.77
7880424,1068813,17.99
7880424,1068818,19.96
7880424,1068847,105.43
7880424,1068848,48.05
7880424,1068850,48.07
7880424,1068852,48.05
7880424,1068853,54.98
7880424,1068854,48.05
7880424,1068855,57.72
7880424,1068861,124.35
7880424,1068863,47.06
7880424,1068864,46.3
7880424,1068867,86.74
7880424,1068869,60.67
7880424,1068878,44.56
7880424,1068883,73.52
7880424,1068887,48.33
7880424,1068888,56.93
7880424,1068889,85.85
7880424,1068904,16.03
7880424,1068907,18.8
7880424,1068908,44.14
7880424,1068910,10.11
7880424,1068911,10.11
7880424,1068916,11.39
7880424,1068920,12.9
7880424,1068922,73.35
7880424,1068924,81.16
7880424,1068925,14.06
7880424,1068930,14.06
7880424,1068931,16.57
7880424,1068942,43.61
7880424,1068944,15.18
7880424,1068953,16.77
7880424,1068955,17.99
7880424,1068956,17.99
7880424,1068958,19.96
7880424,1068961,21.77
7880424,1068964,24.6
7880424,1068965,24.6
7880424,1068966,27.32
7880424,1068968,27.32
7880424,1068971,31.05
7880424,1068980,36.55
7880424,1068994,16.03
7880424,1068995,18.8
7880424,1068996,10.11
7880424,1069000,12.9
7880424,1069001,14.06
7880424,1069004,17.99
7880424,1069006,24.6
7880424,1069007,27.32
7880424,1069008,31.05
7880424,1069009,36.55
7880424,1069018,18.64
7880424,1069021,16.77
7880424,1069022,19.25
7880424,1069023,20.46
7880424,1069025,19.96
7880424,1069027,22.83
7880424,1069030,24.6
7880424,1069036,39.46
7880424,1069041,55.49
7880424,1069050,19.25
7880424,1069054,22.83
7880424,1069056,24.94
7880424,1069058,28.21
7880424,1069062,39.46
7880424,1069064,55.49
7880424,1069071,16.77
7880424,1069072,16.77
7880424,1069073,20.46
7880424,1069076,19.96
7880424,1069077,19.96
7880424,1069080,24.6
7880424,1069084,34.45
7880424,1069091,52.79
7880424,1069095,20.06
7880424,1069096,19.25
7880424,1069097,23.85
7880424,1069098,22.83
7880424,1069100,24.94
7880424,1069101,28.21
7880424,1069106,55.49
7880424,1069116,13.12
7880424,1069118,13.26
7880424,1069119,14.86
7880424,1069121,17.28
7880424,1069122,18.63
7880424,1069124,19.46
7880424,1069125,22.07
7880424,1069126,24.47
7880424,1069128,25.1
7880424,1069130,28.46
7880424,1069148,14.05
7880424,1069149,16.51
7880424,1069151,19.25
7880424,1069153,24.7
7880424,1069155,27.03
7880424,1069156,29.23
7880424,1069159,34.81
7880424,1069163,47.01
7880424,1069164,52.38
7880424,1069166,59.62
7880424,1069167,66.1
7880424,1069264,183.17
7880424,1069353,222.17
7880424,1069359,175.88
7880424,1069371,220.44
7880424,1069373,132.37
7880424,1069397,57.41
7880424,1069403,51.98
7880424,1069409,63.12
7880424,1069413,68.75
7880424,1069419,74.92
7880424,1069553,46.4
7880424,1069554,55.49
7880424,1069678,38.7
7880424,1069727,10.76
7880424,1069737,47.41
7880424,1069799,80.75
7880424,1069806,26.8
7880424,1069810,65.22
7880424,1069813,26.8
7880424,1069818,6.7
7880424,1069857,43.69
7880424,1069865,26.37
7880424,1069874,27.85
7880424,1069913,18.47
7880424,1069931,24.67
7880424,1069932,9.29
7880424,1069989,53.61
7880424,1070005,19.26
7880424,1070108,43.07
7880424,1070149,42.02
7880424,1070151,38.1
7880424,1070163,90.51
7880424,1070206,117
7880424,1070306,27.4
7880424,1070311,49.39
7880424,1070321,120.03
7880424,1070338,12.02
7880424,1070354,74.04
7880424,1070358,20.03
7880424,1070363,99.26
7880424,1070374,10.44
7880424,1070418,9.02
7880424,1070469,45.85
7880424,1070479,83.55
7880424,1070545,27.62
7880424,1070644,36.04
7880424,1071948,65.15
7880424,1072022,7.91
7880424,1075827,577.86
7880424,1075837,106.95
7880424,1075839,184.52
7880424,1075840,20.59
7880424,1075861,36.34
7880424,1075885,92.2
7880424,1075911,8.64
7880424,1075956,36.41
7880424,1075957,243.24
7880424,1075961,325.57
7880424,1075966,9.67
7880424,1076004,243.24
7880424,1076030,115.38
7880424,1076051,91.82
7880424,1076058,151.7
7880424,1076070,220.95
7880424,1076086,243.24
7880424,1076092,243.24
7880424,1076271,18.34
7880424,1076481,79.76
7880424,1079935,100.19
7880424,1079936,77.75
7880424,1080235,209.3
7880424,1082678,23.64
7880424,1083171,2.3
7880424,1083189,46.74
7880424,1083201,16.1
7880424,1083203,47.98
7880424,1083222,23.23
7880424,1083380,22.75
7880424,1083457,96.7
7880424,1083899,54.8
7880424,1083987,87.75
7880424,1084300,48.12
7880424,1084669,73.88
7880424,1084764,39.56
7880424,1084957,34.82
7880424,1085124,39.26
7880424,1085320,64.61
7880424,1085453,49.47
7880424,1085585,40.16
7880424,1085799,63.89
7880424,1085931,21.8
7880424,1086119,42.67
7880424,1086408,22.74
7880424,1086622,94.02
7880424,1087159,30.81
7880424,1087533,41.17
7880424,1087534,41.17
7880424,1087745,31.76
7880424,1088354,90.69
7880424,1088962,46.6
7880424,1089065,40.08
7880424,1089257,47.87
7880424,1089580,69.41
7880424,1089588,70.15
7880424,1089618,68.15
7880424,1089649,50.57
7880424,1089661,344.54
7880424,1089868,76.74
7880424,1090289,80.65
7880424,1090320,81.52
7880424,1090694,123.48
7880424,1090697,157.55
7880424,1090709,114.05
7880424,1090716,92.14
7880424,1090722,301.98
7880424,1090723,123.57
7880424,1090725,94.28
7880424,1090729,92.14
7880424,1090732,321.4
7880424,1090734,58.6
7880424,1090737,78.26
7880424,1090739,78.26
7880424,1090742,78.26
7880424,1090744,321.4
7880424,1090747,338.25
7880424,1090749,130.01
7880424,1090751,123.76
7880424,1090752,78.26
7880424,1090758,314.97
7880424,1090760,250.15
7880424,1090762,314.97
7880424,1090765,157.55
7880424,1090767,161.44
7880424,1090769,94.27
7880424,1090770,114.05
7880424,1090772,107.18
7880424,1090775,138.55
7880424,1090777,308.14
7880424,1090779,94.28
7880424,1090789,92.14
7880424,1090798,6.76
7880424,1090799,138.55
7880424,1090813,338.24
7880424,1090817,314.82
7880424,1090819,345.16
7880424,1090821,265.14
7880424,1090823,58.6
7880424,1090831,244.54
7880424,1090834,130.01
7880424,1090837,138.55
7880424,1090839,71.76
7880424,1090841,71.76
7880424,1090844,138.55
7880424,1090845,107.18
7880424,1090847,107.18
7880424,1090849,161.44
7880424,1090851,161.44
7880424,1090853,139.2
7880424,1090854,50.86
7880424,1090856,139.2
7880424,1090858,187.89
7880424,1090862,80.43
7880424,1090925,0.01
7880424,1090928,0.01
7880424,1092901,53.36
7880424,1093425,51.98
7880424,1096341,18.95
7880424,1096343,30.23
7880424,1096344,16.73
7880424,1096652,33.95
7880424,1096821,31.5
7880424,1097259,25.68
7880424,1098104,308.14
7880424,1098142,42.95
7880424,1100849,41.26
7880424,1100850,41.16
7880424,1101487,34.33
7880424,1101973,81.78
7880424,1101980,53.37
7880424,1102178,69.29
7880424,1103721,35.64
7880424,1103723,150.59
7880424,1103724,43.57
7880424,1103726,58.09
7880424,1103728,58.1
7880424,1103729,58.09
7880424,1103730,87.12
7880424,1103731,167.51
7880424,1103732,251.3
7880424,1103733,335.09
7880424,1103735,670.06
7880424,1103762,194.84
7880424,1103764,75.04
7880424,1103766,75.03
7880424,1103767,112.54
7880424,1103768,216.4
7880424,1103769,324.67
7880424,1103770,432.92
7880424,1103772,75.04
7880424,1103773,75.03
7880424,1103774,112.54
7880424,1103776,168.43
7880424,1103778,64.71
7880424,1103780,64.79
7880424,1103782,64.76
7880424,1103784,97.13
7880424,1103785,186.78
7880424,1103786,280.22
7880424,1103787,373.57
7880424,1103788,560.54
7880424,1103789,747.3
7880424,1103792,64.71
7880424,1103794,64.79
7880424,1103796,64.76
7880424,1103797,97.13
7880424,1103798,186.78
7880424,1103799,280.22
7880424,1103800,560.54
7880424,1103802,60.97
7880424,1103804,61.01
7880424,1103806,61.01
7880424,1103807,91.49
7880424,1103808,175.96
7880424,1103810,60.97
7880424,1103812,61.01
7880424,1103814,175.96
7880424,1103815,189.13
7880424,1103823,373.57
7880424,1103824,10.33
7880424,1103834,58.09
7880424,1103871,58.1
7880424,1103873,58.09
7880424,1114871,22.95
7880424,1115217,83.34
7880424,1117995,271.6
7880424,1118440,58.17
7880424,1118454,52.9
7880424,1118486,16.77
7880424,1118489,15.72
7880424,1118493,16.02
7880424,1118529,30.89
7880424,1118543,60.56
7880424,1118583,271.6
7880424,1118586,271.6
7880424,1120991,302.3
7880424,1121969,302.3
7880424,1123812,52.66
7880424,1127583,43.61
7880424,1127584,41.04
7880424,1140397,69.86
7880424,1140411,69
7880424,1140550,8.63
7880424,1141222,85.45
7880424,1141243,34.42
7880424,1142103,82.44
7880424,1142588,32.57
7880424,1143981,55.78
7880424,1144172,63.89
7880424,1144173,78.15
7880424,1144185,45.26
7880424,1144186,24.01
7880424,1144192,51.75
7880424,1144193,20.7
7880424,1144668,21.49
7880424,1144766,40.18
7880424,1144775,21.18
7880424,1144927,1024.82
7880424,1145606,45.26
7880424,1145607,49.68
7880424,1146570,17.14
7880424,1146858,73.12
7880424,1146996,147.66
7880424,1147086,51.52
7880424,1147138,190.5
7880424,1148195,40.57
7880424,1148199,67.03
7880424,1148363,63.55
7880424,1149195,189.78
7880424,1151088,146.54
7880424,1151544,22.41
7880424,1151723,85.61
7880424,1152194,42.9
7880424,1152270,29.84
7880424,1152616,109.31
7880424,1153935,102.93
7880424,1155472,130.81
7880424,1155473,88.26
7880424,1155618,16.57
7880424,1156051,23
7880424,1156704,37.72
7880424,1156866,42.69
7880424,1156867,43.01
7880424,1157014,76.91
7880424,1157329,89.93
7880424,1157330,111.06
7880424,1157604,27.59
7880424,1158111,62.96
7880424,1159120,65.96
7880424,1159561,72.93
7880424,1159668,12.67
7880424,1160450,161.44
7880424,1160566,19.4
7880424,1161328,36.74
7880424,1161547,263.28
7880424,1162091,51.28
7880424,1162916,33.29
7880424,1163010,21.52
7880424,1163034,23.62
7880424,1163070,44.4
7880424,1164971,18.64
7880424,1165025,42.23
7880424,1165100,46.09
7880424,1165103,34.02
7880424,1165105,32.09
7880424,1165107,51.06
7880424,1165109,46.97
7880424,1165920,46.81
7880424,1166285,5.75
7880424,1166391,46.63
7880424,1167626,59.47
7880424,1168320,97.23
7880424,1168728,76.79
7880424,1169808,104.19
7880424,1170565,41.84
7880424,1170907,50.86
7880424,1171876,41.23
7880424,1172179,26.06
7880424,1172662,51.35
7880424,1173059,60.84
7880424,1173167,82.17
7880424,1173878,52.11
7880424,1173902,77.17
7880424,1174817,17.25
7880424,1175918,0.01
7880424,1176641,39.42
7880424,1176897,41.79
7880424,1177243,32.58
7880424,1177391,56.7
7880424,1177458,21.42
7880424,1177674,334.54
7880424,1177681,112.82
7880424,1179680,27.68
7880424,1179923,46.2
7880424,1179924,38.67
7880424,1180514,92.75
7880424,1181008,63.2
7880424,1181050,81.48
7880424,1181856,64.23
7880424,1181959,31.63
7880424,1185647,124.14
7880424,1185826,124.43
7880424,1185991,17.25
7880424,1186067,56.88
7880424,1186139,61.36
7880424,1186221,49.02
7880424,1187381,73.97
7880424,1188603,29.73
7880424,1189424,26.85
7880424,1189425,26.85
7880424,1189427,35.86
7880424,1189439,20.01
7880424,1189475,53.71
7880424,1189542,114.1
7880424,1191144,13.8
7880424,1191249,56.8
7880424,1191321,34.73
7880424,1191324,312.05
7880424,1192353,270.35
7880424,1196912,58.03
7880424,1199119,631.76
7880424,1199869,31.8
7880424,1200088,46.29
7880424,1200301,23.84
7880424,1200835,21.14
7880424,1201410,48.2
7880424,1201434,18.42
7880424,1201852,52.95
7880424,1201853,62.07
7880424,1202532,93.09
7880424,1202742,68.78
7880424,1203427,30.06
7880424,1203699,23.17
7880424,1204907,64.55
7880424,1205269,23
7880424,1205882,140.51
7880424,1205922,22.85
7880424,1206016,76.36
7880424,1206354,27.31
7880424,1206683,13.74
7880424,1206955,59.17
7880424,1206958,29.74
7880424,1207158,35.57
7880424,1207375,29.47
7880424,1207580,63.35
7880424,1207658,24.77
7880424,1207845,41
7880424,1207908,57.93
7880424,1208094,47.61
7880424,1208326,137.48
7880424,1208344,41.98
7880424,1208640,75.61
7880424,1208889,83.87
7880424,1209415,96.83
7880424,1209417,112.82
7880424,1210515,39.45
7880424,1210614,17.35
7880424,1210628,43.08
7880424,1210751,78.75
7880424,1211196,91.6
7880424,1212595,38.58
7880424,1214127,33.72
7880424,1214129,53.45
7880424,1214130,43.09
7880424,1214864,37.18
7880424,1215475,141.86
7880424,1215527,42
7880424,1215656,84.3
7880424,1215688,59.62
7880424,1216261,217.96
7880424,1216371,34.6
7880424,1216614,30.02
7880424,1217030,51.77
7880424,1218438,25.85
7880424,1218938,104.65
7880424,1219586,61.43
7880424,1220663,30.69
7880424,1220844,69.61
7880424,1221085,163.7
7880424,1221782,40.91
7880424,1222201,217.96
7880424,1222217,31.03
7880424,1223667,40.68
7880424,1225710,113.51
7880424,1226683,97.41
7880424,1226687,75.18
7880424,1226689,98.65
7880424,1226694,92.82
7880424,1226696,99.25
7880424,1226699,69.41
7880424,1226700,74.78
7880424,1226837,86.22
7880424,1227948,9.2
7880424,1228636,72.24
7880424,1228763,104.19
7880424,1229187,27.59
7880424,1229222,141.8
7880424,1229432,77.65
7880424,1229574,27.29
7880424,1230068,34.5
7880424,1230230,9.2
7880424,1230356,59.06
7880424,1230360,31.75
7880424,1230370,29.64
7880424,1230377,16.94
7880424,1230378,42.15
7880424,1230596,45.05
7880424,1230834,28.16
7880424,1231086,60.01
7880424,1232142,114.08
7880424,1232578,29.64
7880424,1232692,14.25
7880424,1233322,14.89
7880424,1233366,16.69
7880424,1233671,18.68
7880424,1233763,107.18
7880424,1233956,14.25
7880424,1234251,21.34
7880424,1234346,34.01
7880424,1234349,11.12
7880424,1234353,10.6
7880424,1234356,29.64
7880424,1234357,21.18
7880424,1234358,14.88
7880424,1234368,22.02
7880424,1234369,13.62
7880424,1234370,16.89
7880424,1234371,29.53
7880424,1234372,33.9
7880424,1234375,30.81
7880424,1234381,32.58
7880424,1234384,42.19
7880424,1234386,26.71
7880424,1234387,28.06
7880424,1234398,28.85
7880424,1234777,23.36
7880424,1235233,17.42
7880424,1235542,15.72
7880424,1235875,79.24
7880424,1236245,28.19
7880424,1236799,0.01
7880424,1236838,18.48
7880424,1236840,20.3
7880424,1237264,23.08
7880424,1237277,83.12
7880424,1238072,299.83
7880424,1238572,96.61
7880424,1238579,299.83
7880424,1238776,76.67
7880424,1238778,73.21
7880424,1239380,49.6
7880424,1239384,38.82
7880424,1239407,40.6
7880424,1239411,60.06
7880424,1239412,61.35
7880424,1239422,107.73
7880424,1239427,32.1
7880424,1239429,31.18
7880424,1239432,53.92
7880424,1239448,69.24
7880424,1239449,75.76
7880424,1239450,47.39
7880424,1239452,80.63
7880424,1239453,21.15
7880424,1239454,48.59
7880424,1239455,47.56
7880424,1239459,46.18
7880424,1239461,61.01
7880424,1239465,63.55
7880424,1239466,111.79
7880424,1239468,75.76
7880424,1239907,20.1
7880424,1240665,51
7880424,1241192,43.08
7880424,1241326,434.64
7880424,1241430,101.19
7880424,1241473,21.26
7880424,1241766,79.93
7880424,1242080,23.33
7880424,1242388,111.09
7880424,1242676,33.58
7880424,1242789,18.52
7880424,1242790,69.97
7880424,1242792,79.67
7880424,1242795,39.48
7880424,1242802,124.9
7880424,1242831,67.92
7880424,1242834,27.12
7880424,1242845,61.21
7880424,1242848,104.2
7880424,1242858,104.19
7880424,1242886,52.24
7880424,1242891,51.21
7880424,1242902,39.69
7880424,1242906,42.75
7880424,1242917,86.23
7880424,1242921,49.98
7880424,1242923,79.56
7880424,1242925,48.79
7880424,1242926,99.03
7880424,1242929,107.73
7880424,1242931,209.67
7880424,1242933,59.54
7880424,1242937,43.33
7880424,1242938,58.94
7880424,1242945,51.53
7880424,1242947,75.06
7880424,1242949,57.96
7880424,1242951,66.31
7880424,1242957,56.07
7880424,1242975,93.69
7880424,1242976,93.31
7880424,1242979,54.72
7880424,1242991,46.12
7880424,1242993,116.17
7880424,1243005,35.82
7880424,1243277,56.18
7880424,1243409,64.42
7880424,1243422,27.45
7880424,1243570,67.85
7880424,1244146,48.65
7880424,1244450,64.06
7880424,1244557,57.97
7880424,1245162,64.06
7880424,1245445,27.82
7880424,1245447,46
7880424,1245449,18.56
7880424,1245455,30.99
7880424,1245456,25.65
7880424,1245461,14.38
7880424,1245469,26.69
7880424,1245515,45.71
7880424,1245521,47.06
7880424,1245523,28.44
7880424,1245534,30.61
7880424,1245535,30.61
7880424,1245654,7.46
7880424,1246429,50.34
7880424,1247062,67.06
7880424,1247115,34.09
7880424,1247116,51.97
7880424,1247117,52.39
7880424,1247187,36.85
7880424,1247712,109.77
7880424,1247850,85.68
7880424,1247854,106.87
7880424,1248799,65.6
7880424,1248805,67.21
7880424,1248824,45.06
7880424,1250499,53.48
7880424,1250683,157.62
7880424,1251096,69.58
7880424,1252554,40.26
7880424,1252556,46.26
7880424,1253854,91.25
7880424,1254023,20.55
7880424,1254025,20.96
7880424,1254028,18.22
7880424,1254034,20.5
7880424,1254035,18.22
7880424,1254238,81.86
7880424,1254403,41.98
7880424,1254520,17.25
7880424,1254786,31.74
7880424,1254791,59.35
7880424,1254794,61.94
7880424,1255237,89.96
7880424,1255338,375.98
7880424,1255453,69.1
7880424,1255566,31.74
7880424,1255648,41.65
7880424,1256425,113.8
7880424,1256447,53.37
7880424,1256755,74.08
7880424,1256988,21.7
7880424,1256991,128.01
7880424,1256995,78.74
7880424,1256996,65.53
7880424,1257003,188.5
7880424,1257005,59.35
7880424,1257011,197.82
7880424,1257012,254.37
7880424,1257019,84.01
7880424,1257021,240.03
7880424,1257437,54.48
7880424,1257764,37.55
7880424,1257854,0.01
7880424,1257858,166.76
7880424,1257861,61.53
7880424,1257862,20.27
7880424,1258016,0.01
7880424,1258125,0.01
7880424,1258961,0.01
7880424,1259057,109.3
7880424,1259061,100.61
7880424,1259381,131.72
7880424,1259428,67.45
7880424,1259442,47.08
7880424,1259737,89
7880424,1259996,62.33
7880424,1260002,53.05
7880424,1260103,62.68
7880424,1261002,24
7880424,1262201,308.14
7880424,1262420,36.12
7880424,1262831,214.15
7880424,1262832,110.54
7880424,1262906,39.57
7880424,1263114,62.84
7880424,1263291,148.35
7880424,1263579,49.82
7880424,1263654,187.54
7880424,1264344,52.5
7880424,1264371,55.35
7880424,1264419,31.74
7880424,1265076,0.01
7880424,1265127,133.75
7880424,1265847,37.63
7880424,1265848,48.61
7880424,1265849,94.1
7880424,1265850,60.21
7880424,1266188,49.82
7880424,1266581,53.81
7880424,1266979,85.03
7880424,1267034,67.45
7880424,1267097,54.29
7880424,1267120,38.24
7880424,1267905,36.03
7880424,1268154,26.97
7880424,1268400,35.11
7880424,1268573,31.92
7880424,1269328,96.04
7880424,1269362,59.72
7880424,1269788,29.33
7880424,1269883,8.83
7880424,1270249,309.24
7880424,1270836,52.46
7880424,1271088,17.25
7880424,1271095,64.4
7880424,1271100,49.82
7880424,1271233,49.82
7880424,1272466,162.21
7880424,1272467,152.38
7880424,1273090,155.61
7880424,1274142,54.48
7880424,1274143,54.48
7880424,1274543,46.75
7880424,1274628,54.48
7880424,1274807,47.45
7880424,1275077,57.87
7880424,1276698,44.14
7880424,1276699,42.06
7880424,1278711,111.67
7880424,1278814,36.44
7880424,1278966,56.7
7880424,1279208,28.8
7880424,1279600,98.74
7880424,1281579,22.95
7880424,1282407,23.99
7880424,1282408,23.99
7880424,1282410,23.99
7880424,1282412,23.99
7880424,1282413,17.33
7880424,1282414,17.33
7880424,1282418,17.33
7880424,1282419,34.17
7880424,1282420,17.33
7880424,1282421,34.17
7880424,1282422,34.17
7880424,1282425,34.17
7880424,1282435,61.43
7880424,1282436,34.5
7880424,1282437,63.94
7880424,1282757,61.95
7880424,1283206,64
7880424,1283207,43.59
7880424,1283209,43.59
7880424,1283261,51.91
7880424,1283336,0.01
7880424,1283337,0.01
7880424,1283338,0.01
7880424,1283339,0.01
7880424,1283341,51.23
7880424,1283342,0.01
7880424,1283343,55.43
7880424,1283344,49.16
7880424,1283345,43.07
7880424,1283346,47.09
7880424,1283347,38.58
7880424,1283348,38.58
7880424,1283349,60.84
7880424,1283350,49.16
7880424,1283361,0.01
7880424,1283528,112.68
7880424,1283970,120.95
7880424,1284287,42.61
7880424,1285440,86.25
7880424,1285486,20.02
7880424,1285786,34.5
7880424,1285798,34.5
7880424,1286676,32.2
7880424,1287543,100.51
7880424,1288099,94.88
7880424,1288109,20.24
7880424,1288751,196.27
7880424,1288939,92.37
7880424,1289113,80.96
7880424,1289114,58.19
7880424,1289446,121.82
7880424,1289748,37.12
7880424,1289825,67.99
7880424,1289826,67.99
7880424,1290424,131.62
7880424,1290472,26.69
7880424,1290669,112.39
7880424,1291628,17.27
7880424,1291639,165.66
7880424,1291672,174.63
7880424,1291687,288.58
7880424,1292084,49.78
7880424,1292326,146.18
7880424,1292368,356.19
7880424,1292450,646.4
7880424,1292454,646.4
7880424,1292455,646.4
7880424,1293917,34.12
7880424,1294567,11.5
7880424,1294945,0.01
7880424,1294947,123.76
7880424,1294948,0.01
7880424,1294950,71.76
7880424,1294951,94.28
7880424,1294952,71.76
7880424,1294953,104.19
7880424,1294957,80.43
7880424,1295045,11.5
7880424,1295046,17.25
7880424,1295333,48.47
7880424,1295338,48.47
7880424,1295627,56.22
7880424,1295723,271.6
7880424,1295849,30.27
7880424,1295897,11.5
7880424,1295898,11.5
7880424,1296024,17.25
7880424,1296025,17.25
7880424,1296026,11.5
7880424,1296028,11.5
7880424,1296219,646.4
7880424,1296220,646.4
7880424,1296221,646.4
7880424,1296337,26.4
7880424,1296607,35.01
7880424,1297552,11.5
7880424,1297553,34.5
7880424,1297555,34.5
7880424,1297558,34.5
7880424,1298195,31.5
7880424,1298982,26.53
7880424,1298993,52
7880424,1299481,0.59
7880424,1299486,92.14
7880424,1299497,56.41
7880424,1301042,211.4
7880424,1302076,35.93
7880424,1302320,11.5
7880424,1302778,34.5
7880424,1302876,20.21
7880424,1303348,106.35
7880424,1304700,140.13
7880424,1304766,79.06
7880424,1304972,57.39
7880424,1305791,53.99
7880424,1305792,35.34
7880424,1305841,76.07
7880424,1306728,35.08
7880424,1306743,30.42
7880424,1307395,11.5
7880424,1307399,102.01
7880424,1308055,101.43
7880424,1308096,6434.27
7880424,1308098,6434.27
7880424,1308100,6434.27
7880424,1308189,31.51
7880424,1308379,305.49
7880424,1308598,34.04
7880424,1311894,90.28
7880424,1312488,26367.49
7880424,1312914,59.23
7880424,1313047,4.03
7880424,1313584,95.68
7880424,1313709,40.63
7880424,1313975,51.93
7880424,1314012,66.46
7880424,1314265,44.22
7880424,1314682,37.49
7880424,1314996,61.13
7880424,1314997,79.64
7880424,1315260,87.49
7880424,1315261,45.92
7880424,1315612,37.81
7880424,1315683,74.24
7880424,1315693,77.13
7880424,1316652,86.25
7880424,1316654,51.75
7880424,1316655,40.07
7880424,1316656,45.93
7880424,1316657,36
7880424,1316830,43.55
7880424,1317100,79.86
7880424,1317418,52.2
7880424,1317439,27.83
7880424,1318279,56.81
7880424,1318931,73.12
7880424,1318940,120.64
7880424,1318942,147.72
7880424,1318944,86.27
7880424,1319274,120.51
7880424,1319847,86.81
7880424,1319850,78.95
7880424,1320131,77.22
7880424,1320672,37.32
7880424,1320719,51.61
7880424,1320737,44.18
7880424,1321430,52.46
7880424,1322337,36.48
7880424,1323191,1167.04
7880424,1323254,30.77
7880424,1323805,71.08
7880424,1323824,28.26
7880424,1323825,26.6
7880424,1323826,29.05
7880424,1323827,48.79
7880424,1323829,26.68
7880424,1324398,73.84
7880424,1324436,90.25
7880424,1324447,52.37
7880424,1324722,34.91
7880424,1325383,48.98
7880424,1325710,45
7880424,1326208,30.76
7880424,1326260,75.35
7880424,1326447,49.52
7880424,1326620,34.5
7880424,1326652,28.75
7880424,1326657,34.5
7880424,1326658,34.5
7880424,1326970,67.82
7880424,1327892,26.98
7880424,1328724,36.63
7880424,1329062,81.4
7880424,1329166,31.46
7880424,1329250,28.24
7880424,1329980,30.71
7880424,1329984,28.93
7880424,1330524,236.87
7880424,1330763,245.73
7880424,1330836,54.42
7880424,1330842,299
7880424,1331090,71.44
7880424,1331620,81.48
7880424,1331647,146.26
7880424,1332409,48.6
7880424,1333810,136.03
7880424,1334128,298.09
7880424,1334914,226.49
7880424,1335375,251.53
7880424,1335618,182.36
7880424,1335894,190.41
7880424,1336834,23.48
7880424,1337949,4023.85
7880424,1338895,111.58
7880424,1339097,141.91
7880424,1339559,83.12
7880424,1339760,137.14
7880424,1339814,58.09
7880424,1339866,157.15
7880424,1340185,190.41
7880424,1340940,52.11
7880424,1341446,48.19
7880424,1342153,48.88
7880424,1342613,98.92
7880424,1342614,159.55
7880424,1342615,68.38
7880424,1343275,28.07
7880424,1343464,281.75
7880424,1344899,0.01
7880424,1345301,50.01
7880424,1346032,34.98
7880424,1346592,57.49
7880424,1347405,105.39
7880424,1348404,33.03
7880424,1348487,22.78
7880424,1348489,25.65
7880424,1348500,25.65
7880424,1348505,22.08
7880424,1348506,22.08
7880424,1348511,22.08
7880424,1348514,23.68
7880424,1348515,23.68
7880424,1348517,30.04
7880424,1348518,30.04
7880424,1348526,26.46
7880424,1348527,34.41
7880424,1348876,32.22
7880424,1351809,38.2
7880424,1354529,190.41
7880424,1356057,48.2
7880424,1356712,87.76
7880424,1356751,53.82
7880424,1356831,70.45
7880424,1357590,85.11
7880424,1357591,93.61
7880424,1357850,143.69
7880424,1358308,476.66
7880424,1358427,60.88
7880424,1360313,63.08
7880424,1360316,97.64
7880424,1361281,144.33
7880424,1362093,40.92
7880424,1362094,38.72
7880424,1362095,43.5
7880424,1363439,49.27
7880424,1363819,85.11
7880424,1363826,392.53
7880424,1363890,85.11
7880424,1363922,631.76
7880424,1363943,278.45
7880424,1364450,52.43
7880424,1364804,80.41
7880424,1365743,72.54
7880424,1366422,85.11
7880424,1366423,23.47
7880424,1366425,10.3
7880424,1366426,23.83
7880424,1366709,631.76
7880424,1367619,50.23
7880424,1369982,121.33
7880424,1370142,67.05
7880424,1370434,50.27
7880424,1371260,61.79
7880424,1372694,44.86
7880424,1373296,107.58
7880424,1373337,70.21
7880424,1374463,53.82
7880424,1379368,60.88
7880424,1380907,143.64
7880424,1382257,64.53
7880424,1383531,45.26
7880424,1385417,63.49
7880424,1386527,34.28
7880424,1390118,51.53
7880424,1392649,46.81
7880424,1393299,72.34
7880424,1393340,65.55
7880424,1393949,51.87
7880424,1394485,79.06
7880424,1394488,48.88
7880424,1394489,77.22
7880424,1394504,66.18
7880424,1394674,57.9
7880424,1403978,45.77
7880424,1000565,35.22
7880424,1000567,33.9
7880424,1000573,19.76
7880424,1001430,31.59
7880424,1002100,19.72
7880424,1003599,23.69
7880424,1003636,35.77
7880424,1008896,0.01
7880424,1024274,33.75
7880424,1028396,25.31
7880424,1028397,30.67
7880424,1028600,22.83
7880424,1028688,28.49
7880424,1028755,36.58
7880424,1028830,34.6
7880424,1028831,53.31
7880424,1028885,52.8
7880424,1028902,28.64
7880424,1074794,14.38
7880424,1091133,37
7880424,1091153,81.91
7880424,1091159,17.69
7880424,1091160,17.69
7880424,1091188,33.9
7880424,1091253,39.5
7880424,1091613,20
7880424,1091639,37.31
7880424,1091749,41.15
7880424,1091750,36.7
7880424,1091774,18.93
7880424,1091775,25.01
7880424,1091776,49.38
7880424,1091777,44.03
7880424,1091778,58.57
7880424,1091779,45.24
7880424,1091780,49.75
7880424,1091838,30.99
7880424,1092116,17.24
7880424,1092117,17.24
7880424,1092124,19.72
7880424,1092153,20.64
7880424,1092251,20.34
7880424,1092335,28.21
7880424,1092372,70.52
7880424,1092489,19.46
7880424,1092491,19.46
7880424,1092494,25.78
7880424,1092505,25.78
7880424,1092615,30.65
7880424,1092739,26.29
7880424,1092740,25.31
7880424,1092750,26.82
7880424,1092752,25.78
7880424,1092755,24.44
7880424,1092757,23.55
7880424,1092759,30.65
7880424,1092761,35.25
7880424,1092763,36.82
7880424,1092916,15.72
7880424,1093209,59.92
7880424,1093210,84.07
7880424,1093226,51.68
7880424,1093227,23.38
7880424,1093245,46.86
7880424,1093246,36.19
7880424,1093258,11.67
7880424,1093381,34.76
7880424,1093552,25.29
7880424,1093601,31.59
7880424,1093613,35.22
7880424,1093636,35.6
7880424,1093638,41.48
7880424,1093639,21
7880424,1093640,26.55
7880424,1093641,36.2
7880424,1093645,26.2
7880424,1093646,44.97
7880424,1093648,27.37
7880424,1093649,41.54
7880424,1093650,30.73
7880424,1093651,45.22
7880424,1093654,54.57
7880424,1093655,63.87
7880424,1093656,41.22
7880424,1093658,30.97
7880424,1101528,53.36
7880424,1140369,23.59
7880424,1140390,25.94
7880424,1140391,50.04
7880424,1157242,75.5
7880424,1157954,38.55
7880424,1157956,45.06
7880424,1158315,34.37
7880424,1158339,61.18
7880424,1158821,22.55
7880424,1158824,28.09
7880424,1158826,26.37
7880424,1159565,41.46
7880424,1159681,22.48
7880424,1159696,55.3
7880424,1160099,59.95
7880424,1160719,36.64
7880424,1161054,27.3
7880424,1162053,56.55
7880424,1162168,22.44
7880424,1162524,59.88
7880424,1162555,42.83
7880424,1162632,31.52
7880424,1162633,68.03
7880424,1163132,37
7880424,1163313,35.22
7880424,1163412,45.82
7880424,1163423,53.54
7880424,1163596,33.88
7880424,1163721,20.09
7880424,1164152,19.33
7880424,1164154,35.58
7880424,1164155,42.35
7880424,1164162,44.03
7880424,1165060,22.48
7880424,1165064,23.38
7880424,1166677,25.23
7880424,1166746,36.94
7880424,1166756,46.36
7880424,1172337,48.16
7880424,1178908,79.84
7880424,1179759,51.12
7880424,1180925,72.17
7880424,1181282,20
7880424,1182848,20
7880424,1185209,0.01
7880424,1185250,0.01
7880424,1185416,43.09
7880424,1186223,0.01
7880424,1186243,42.38
7880424,1187983,80.5
7880424,1188169,14.38
7880424,1188172,47.16
7880424,1188175,28.91
7880424,1190678,0.01
7880424,1197375,51.67
7880424,1197478,0.01
7880424,1198616,26.42
7880424,1198988,132.25
7880424,1199053,61.18
7880424,1199245,80.5
7880424,1208297,167.79
7880424,1215970,28.98
7880424,1218300,47.04
7880424,1219371,44.07
7880424,1220224,57.43
7880424,1220629,32.91
7880424,1224245,45.36
7880424,1245983,68.9
7880424,1246322,84.35
7880424,1246323,31.59
7880424,1248863,23.38
7880424,1249989,22.48
7880424,1250929,27.04
7880424,1251135,27.3
7880424,1254497,33.7
7880424,1255771,22.44
7880424,1256032,38.1
7880424,1257108,27.86
7880424,1259764,281.51
7880424,1261744,24.98
7880424,1265502,45.24
7880424,1266071,291.97
7880424,1266074,291.97
7880424,1268053,58.57
7880424,1276788,28.01
7880424,1278820,36.65
7880424,1278826,24.17
7880424,1278827,23.38
7880424,1278845,27.43
7880424,1278847,31.79
7880424,1278851,230.23
7880424,1288367,23.39
7880424,1298174,0.01
7880424,1300336,0.01
7880424,1300339,20.34
7880424,1300340,0.01
7880424,1300342,41.03
7880424,1301524,0.01
7880424,1303497,29.8
7880424,1303502,44.91
7880424,1303504,14.38
7880424,1303505,0.01
7880424,1304577,0.01
7880424,1304578,48.58
7880424,1304579,29.8
7880424,1305724,35.71
7880424,1305851,47.16
7880424,1306332,34.04
7880424,1306704,33.26
7880424,1308144,0.01
7880424,1308147,0.01
7880424,1309238,27.23
7880424,1309566,105.97
7880424,1309567,52.99
7880424,1310321,32.37
7880424,1310740,44.38
7880424,1311255,43.09
7880424,1311347,29.8
7880424,1311584,30.14
7880424,1312305,22.26
7880424,1312553,110.54
7880424,1313376,30.48
7880424,1313585,0.01
7880424,1313586,0.01
7880424,1313696,105.97
7880424,1313964,105.97
7880424,1314224,25.19
7880424,1314523,105.97
7880424,1314568,105.97
7880424,1314569,105.97
7880424,1314803,52.99
7880424,1315369,22.79
7880424,1315516,34.99
7880424,1315548,27.23
7880424,1315724,38.34
7880424,1316323,37.02
7880424,1317192,0.01
7880424,1318063,29.8
7880424,1318525,106.63
7880424,1318640,36.94
7880424,1318796,33.75
7880424,1318831,0.01
7880424,1319174,28.58
7880424,1325522,32.64
7880424,1326418,24.98
7880424,1326719,25.73
7880424,1327259,12.26
7880424,1327260,0.01
7880424,1327261,0.01
7880424,1328715,14.38
7880424,1330747,339.25
7880424,1332354,27.38
7880424,1335412,0.01
7880424,1338192,48.99
7880424,1338612,57.06
7880424,1339571,25.21
7880424,1345189,0.01
7880424,1347045,20
7880424,1348483,31.59
7880424,1350988,80.5
7880424,1351807,80.5
7880424,1352162,14.38
7880424,1352462,80.5
7880424,1352745,14.38
7880424,1354457,281.51
7880424,1356671,14.38
7880424,1359401,0.01
7880424,1361037,0.01
7880424,1364518,112.63
7880424,1372413,88.61
7880424,1376033,0.01
7880424,1377141,24.05
7880424,1382461,14.38
7880424,1394865,44.91
7880424,1394866,32.37
7880424,1394867,0.01
7880424,1394868,0.01
7880424,1396905,47.16
7880424,1396908,0.01
7880424,1397064,0.01
7880424,1397695,23
7880424,1399124,80.5
7880424,1399294,23
7880424,1399429,80.5
7880424,1399430,32.37
7880424,1000565,35.22
7880424,1000567,33.9
7880424,1000573,19.76
7880424,1001430,31.59
7880424,1002100,19.72
7880424,1003599,23.69
7880424,1003636,35.77
7880424,1008896,0.01
7880424,1024274,33.75
7880424,1028396,25.31
7880424,1028397,30.67
7880424,1028600,22.83
7880424,1028688,28.49
7880424,1028755,36.58
7880424,1028830,34.6
7880424,1028831,53.31
7880424,1028885,52.8
7880424,1028902,28.64
7880424,1074794,14.38
7880424,1091133,37
7880424,1091153,81.91
7880424,1091159,17.69
7880424,1091160,17.69
7880424,1091188,33.9
7880424,1091253,39.5
7880424,1091613,20
7880424,1091639,37.31
7880424,1091749,41.15
7880424,1091750,36.7
7880424,1091774,18.93
7880424,1091775,25.01
7880424,1091776,49.38
7880424,1091777,44.03
7880424,1091778,58.57
7880424,1091779,45.24
7880424,1091780,49.75
7880424,1091838,30.99
7880424,1092116,17.24
7880424,1092117,17.24
7880424,1092124,19.72
7880424,1092153,20.64
7880424,1092251,20.34
7880424,1092335,28.21
7880424,1092372,70.52
7880424,1092489,19.46
7880424,1092491,19.46
7880424,1092494,25.78
7880424,1092505,25.78
7880424,1092615,30.65
7880424,1092739,26.29
7880424,1092740,25.31
7880424,1092750,26.82
7880424,1092752,25.78
7880424,1092755,24.44
7880424,1092757,23.55
7880424,1092759,30.65
7880424,1092761,35.25
7880424,1092763,36.82
7880424,1092916,15.72
7880424,1093209,59.92
7880424,1093210,84.07
7880424,1093226,51.68
7880424,1093227,23.38
7880424,1093245,46.86
7880424,1093246,36.19
7880424,1093258,11.67
7880424,1093381,34.76
7880424,1093552,25.29
7880424,1093601,31.59
7880424,1093613,35.22
7880424,1093636,35.6
7880424,1093638,41.48
7880424,1093639,21
7880424,1093640,26.55
7880424,1093641,36.2
7880424,1093645,26.2
7880424,1093646,44.97
7880424,1093648,27.37
7880424,1093649,41.54
7880424,1093650,30.73
7880424,1093651,45.22
7880424,1093654,54.57
7880424,1093655,63.87
7880424,1093656,41.22
7880424,1093658,30.97
7880424,1101528,53.36
7880424,1140369,23.59
7880424,1140390,25.94
7880424,1140391,50.04
7880424,1157242,75.5
7880424,1157954,38.55
7880424,1157956,45.06
7880424,1158315,34.37
7880424,1158339,61.18
7880424,1158821,22.55
7880424,1158824,28.09
7880424,1158826,26.37
7880424,1159565,41.46
7880424,1159681,22.48
7880424,1159696,55.3
7880424,1160099,59.95
7880424,1160719,36.64
7880424,1161054,27.3
7880424,1162053,56.55
7880424,1162168,22.44
7880424,1162524,59.88
7880424,1162555,42.83
7880424,1162632,31.52
7880424,1162633,68.03
7880424,1163132,37
7880424,1163313,35.22
7880424,1163412,45.82
7880424,1163423,53.54
7880424,1163596,33.88
7880424,1163721,20.09
7880424,1164152,19.33
7880424,1164154,35.58
7880424,1164155,42.35
7880424,1164162,44.03
7880424,1165060,22.48
7880424,1165064,23.38
7880424,1166677,25.23
7880424,1166746,36.94
7880424,1166756,46.36
7880424,1172337,48.16
7880424,1178908,79.84
7880424,1179759,51.12
7880424,1180925,72.17
7880424,1181282,20
7880424,1182848,20
7880424,1185209,0.01
7880424,1185250,0.01
7880424,1185416,43.09
7880424,1186223,0.01
7880424,1186243,42.38
7880424,1187983,80.5
7880424,1188169,14.38
7880424,1188172,47.16
7880424,1188175,28.91
7880424,1190678,0.01
7880424,1197375,51.67
7880424,1197478,0.01
7880424,1198616,26.42
7880424,1198988,132.25
7880424,1199053,61.18
7880424,1199245,80.5
7880424,1208297,167.79
7880424,1215970,28.98
7880424,1218300,47.04
7880424,1219371,44.07
7880424,1220224,57.43
7880424,1220629,32.91
7880424,1224245,45.36
7880424,1245983,68.9
7880424,1246322,84.35
7880424,1246323,31.59
7880424,1248863,23.38
7880424,1249989,22.48
7880424,1250929,27.04
7880424,1251135,27.3
7880424,1254497,33.7
7880424,1255771,22.44
7880424,1256032,38.1
7880424,1257108,27.86
7880424,1259764,281.51
7880424,1261744,24.98
7880424,1265502,45.24
7880424,1266071,291.97
7880424,1266074,291.97
7880424,1268053,58.57
7880424,1276788,28.01
7880424,1278820,36.65
7880424,1278826,24.17
7880424,1278827,23.38
7880424,1278845,27.43
7880424,1278847,31.79
7880424,1278851,230.23
7880424,1288367,23.39
7880424,1298174,0.01
7880424,1300336,0.01
7880424,1300339,20.34
7880424,1300340,0.01
7880424,1300342,41.03
7880424,1301524,0.01
7880424,1303497,29.8
7880424,1303502,44.91
7880424,1303504,14.38
7880424,1303505,0.01
7880424,1304577,0.01
7880424,1304578,48.58
7880424,1304579,29.8
7880424,1305724,35.71
7880424,1305851,47.16
7880424,1306332,34.04
7880424,1306704,33.26
7880424,1308144,0.01
7880424,1308147,0.01
7880424,1309238,27.23
7880424,1309566,105.97
7880424,1309567,52.99
7880424,1310321,32.37
7880424,1310740,44.38
7880424,1311255,43.09
7880424,1311347,29.8
7880424,1311584,30.14
7880424,1312305,22.26
7880424,1312553,110.54
7880424,1313376,30.48
7880424,1313585,0.01
7880424,1313586,0.01
7880424,1313696,105.97
7880424,1313964,105.97
7880424,1314224,25.19
7880424,1314523,105.97
7880424,1314568,105.97
7880424,1314569,105.97
7880424,1314803,52.99
7880424,1315369,22.79
7880424,1315516,34.99
7880424,1315548,27.23
7880424,1315724,38.34
7880424,1316323,37.02
7880424,1317192,0.01
7880424,1318063,29.8
7880424,1318525,106.63
7880424,1318640,36.94
7880424,1318796,33.75
7880424,1318831,0.01
7880424,1319174,28.58
7880424,1325522,32.64
7880424,1326418,24.98
7880424,1326719,25.73
7880424,1327259,12.26
7880424,1327260,0.01
7880424,1327261,0.01
7880424,1328715,14.38
7880424,1330747,339.25
7880424,1332354,27.38
7880424,1335412,0.01
7880424,1338192,48.99
7880424,1338612,57.06
7880424,1339571,25.21
7880424,1345189,0.01
7880424,1347045,20
7880424,1348483,31.59
7880424,1350988,80.5
7880424,1351807,80.5
7880424,1352162,14.38
7880424,1352462,80.5
7880424,1352745,14.38
7880424,1354457,281.51
7880424,1356671,14.38
7880424,1359401,0.01
7880424,1361037,0.01
7880424,1364518,112.63
7880424,1372413,88.61
7880424,1376033,0.01
7880424,1377141,24.05
7880424,1382461,14.38
7880424,1394865,44.91
7880424,1394866,32.37
7880424,1394867,0.01
7880424,1394868,0.01
7880424,1396905,47.16
7880424,1396908,0.01
7880424,1397064,0.01
7880424,1397695,23
7880424,1399124,80.5
7880424,1399294,23
7880424,1399429,80.5
7880424,1399430,32.37
7880424,1000565,35.22
7880424,1000567,33.9
7880424,1000573,19.76
7880424,1001430,31.59
7880424,1002100,19.72
7880424,1003599,23.69
7880424,1003636,35.77
7880424,1008896,0.01
7880424,1024274,33.75
7880424,1028396,25.31
7880424,1028397,30.67
7880424,1028600,22.83
7880424,1028688,28.49
7880424,1028755,36.58
7880424,1028830,34.6
7880424,1028831,53.31
7880424,1028885,52.8
7880424,1028902,28.64
7880424,1074794,14.38
7880424,1091133,37
7880424,1091153,81.91
7880424,1091159,17.69
7880424,1091160,17.69
7880424,1091188,33.9
7880424,1091253,39.5
7880424,1091613,20
7880424,1091639,37.31
7880424,1091749,41.15
7880424,1091750,36.7
7880424,1091774,18.93
7880424,1091775,25.01
7880424,1091776,49.38
7880424,1091777,44.03
7880424,1091778,58.57
7880424,1091779,45.24
7880424,1091780,49.75
7880424,1091838,30.99
7880424,1092116,17.24
7880424,1092117,17.24
7880424,1092124,19.72
7880424,1092153,20.64
7880424,1092251,20.34
7880424,1092335,28.21
7880424,1092372,70.52
7880424,1092489,19.46
7880424,1092491,19.46
7880424,1092494,25.78
7880424,1092505,25.78
7880424,1092615,30.65
7880424,1092739,26.29
7880424,1092740,25.31
7880424,1092750,26.82
7880424,1092752,25.78
7880424,1092755,24.44
7880424,1092757,23.55
7880424,1092759,30.65
7880424,1092761,35.25
7880424,1092763,36.82
7880424,1092916,15.72
7880424,1093209,59.92
7880424,1093210,84.07
7880424,1093226,51.68
7880424,1093227,23.38
7880424,1093245,46.86
7880424,1093246,36.19
7880424,1093258,11.67
7880424,1093381,34.76
7880424,1093552,25.29
7880424,1093601,31.59
7880424,1093613,35.22
7880424,1093636,35.6
7880424,1093638,41.48
7880424,1093639,21
7880424,1093640,26.55
7880424,1093641,36.2
7880424,1093645,26.2
7880424,1093646,44.97
7880424,1093648,27.37
7880424,1093649,41.54
7880424,1093650,30.73
7880424,1093651,45.22
7880424,1093654,54.57
7880424,1093655,63.87
7880424,1093656,41.22
7880424,1093658,30.97
7880424,1101528,53.36
7880424,1140369,23.59
7880424,1140390,25.94
7880424,1140391,50.04
7880424,1157242,75.5
7880424,1157954,38.55
7880424,1157956,45.06
7880424,1158315,34.37
7880424,1158339,61.18
7880424,1158821,22.55
7880424,1158824,28.09
7880424,1158826,26.37
7880424,1159565,41.46
7880424,1159681,22.48
7880424,1159696,55.3
7880424,1160099,59.95
7880424,1160719,36.64
7880424,1161054,27.3
7880424,1162053,56.55
7880424,1162168,22.44
7880424,1162524,59.88
7880424,1162555,42.83
7880424,1162632,31.52
7880424,1162633,68.03
7880424,1163132,37
7880424,1163313,35.22
7880424,1163412,45.82
7880424,1163423,53.54
7880424,1163596,33.88
7880424,1163721,20.09
7880424,1164152,19.33
7880424,1164154,35.58
7880424,1164155,42.35
7880424,1164162,44.03
7880424,1165060,22.48
7880424,1165064,23.38
7880424,1166677,25.23
7880424,1166746,36.94
7880424,1166756,46.36
7880424,1172337,48.16
7880424,1178908,79.84
7880424,1179759,51.12
7880424,1180925,72.17
7880424,1181282,20
7880424,1182848,20
7880424,1185209,0.01
7880424,1185250,0.01
7880424,1185416,43.09
7880424,1186223,0.01
7880424,1186243,42.38
7880424,1187983,80.5
7880424,1188169,14.38
7880424,1188172,47.16
7880424,1188175,28.91
7880424,1190678,0.01
7880424,1197375,51.67
7880424,1197478,0.01
7880424,1198616,26.42
7880424,1198988,132.25
7880424,1199053,61.18
7880424,1199245,80.5
7880424,1208297,167.79
7880424,1215970,28.98
7880424,1218300,47.04
7880424,1219371,44.07
7880424,1220224,57.43
7880424,1220629,32.91
7880424,1224245,45.36
7880424,1245983,68.9
7880424,1246322,84.35
7880424,1246323,31.59
7880424,1248863,23.38
7880424,1249989,22.48
7880424,1250929,27.04
7880424,1251135,27.3
7880424,1254497,33.7
7880424,1255771,22.44
7880424,1256032,38.1
7880424,1257108,27.86
7880424,1259764,281.51
7880424,1261744,24.98
7880424,1265502,45.24
7880424,1266071,291.97
7880424,1266074,291.97
7880424,1268053,58.57
7880424,1276788,28.01
7880424,1278820,36.65
7880424,1278826,24.17
7880424,1278827,23.38
7880424,1278845,27.43
7880424,1278847,31.79
7880424,1278851,230.23
7880424,1288367,23.39
7880424,1298174,0.01
7880424,1300336,0.01
7880424,1300339,20.34
7880424,1300340,0.01
7880424,1300342,41.03
7880424,1301524,0.01
7880424,1303497,29.8
7880424,1303502,44.91
7880424,1303504,14.38
7880424,1303505,0.01
7880424,1304577,0.01
7880424,1304578,48.58
7880424,1304579,29.8
7880424,1305724,35.71
7880424,1305851,47.16
7880424,1306332,34.04
7880424,1306704,33.26
7880424,1308144,0.01
7880424,1308147,0.01
7880424,1309238,27.23
7880424,1309566,105.97
7880424,1309567,52.99
7880424,1310321,32.37
7880424,1310740,44.38
7880424,1311255,43.09
7880424,1311347,29.8
7880424,1311584,30.14
7880424,1312305,22.26
7880424,1312553,110.54
7880424,1313376,30.48
7880424,1313585,0.01
7880424,1313586,0.01
7880424,1313696,105.97
7880424,1313964,105.97
7880424,1314224,25.19
7880424,1314523,105.97
7880424,1314568,105.97
7880424,1314569,105.97
7880424,1314803,52.99
7880424,1315369,22.79
7880424,1315516,34.99
7880424,1315548,27.23
7880424,1315724,38.34
7880424,1316323,37.02
7880424,1317192,0.01
7880424,1318063,29.8
7880424,1318525,106.63
7880424,1318640,36.94
7880424,1318796,33.75
7880424,1318831,0.01
7880424,1319174,28.58
7880424,1325522,32.64
7880424,1326418,24.98
7880424,1326719,25.73
7880424,1327259,12.26
7880424,1327260,0.01
7880424,1327261,0.01
7880424,1328715,14.38
7880424,1330747,339.25
7880424,1332354,27.38
7880424,1335412,0.01
7880424,1338192,48.99
7880424,1338612,57.06
7880424,1339571,25.21
7880424,1345189,0.01
7880424,1347045,20
7880424,1348483,31.59
7880424,1350988,80.5
7880424,1351807,80.5
7880424,1352162,14.38
7880424,1352462,80.5
7880424,1352745,14.38
7880424,1354457,281.51
7880424,1356671,14.38
7880424,1359401,0.01
7880424,1361037,0.01
7880424,1364518,112.63
7880424,1372413,88.61
7880424,1376033,0.01
7880424,1377141,24.05
7880424,1382461,14.38
7880424,1394865,44.91
7880424,1394866,32.37
7880424,1394867,0.01
7880424,1394868,0.01
7880424,1396905,47.16
7880424,1396908,0.01
7880424,1397064,0.01
7880424,1397695,23
7880424,1399124,80.5
7880424,1399294,23
7880424,1399429,80.5
7880424,1399430,32.37
7880424,1000565,35.22
7880424,1000567,33.9
7880424,1000573,19.76
7880424,1001430,31.59
7880424,1002100,19.72
7880424,1003599,23.69
7880424,1003636,35.77
7880424,1008896,0.01
7880424,1024274,33.75
7880424,1028396,25.31
7880424,1028397,30.67
7880424,1028600,22.83
7880424,1028688,28.49
7880424,1028755,36.58
7880424,1028830,34.6
7880424,1028831,53.31
7880424,1028885,52.8
7880424,1028902,28.64
7880424,1074794,14.38
7880424,1091133,37
7880424,1091153,81.91
7880424,1091159,17.69
7880424,1091160,17.69
7880424,1091188,33.9
7880424,1091253,39.5
7880424,1091613,20
7880424,1091639,37.31
7880424,1091749,41.15
7880424,1091750,36.7
7880424,1091774,18.93
7880424,1091775,25.01
7880424,1091776,49.38
7880424,1091777,44.03
7880424,1091778,58.57
7880424,1091779,45.24
7880424,1091780,49.75
7880424,1091838,30.99
7880424,1092116,17.24
7880424,1092117,17.24
7880424,1092124,19.72
7880424,1092153,20.64
7880424,1092251,20.34
7880424,1092335,28.21
7880424,1092372,70.52
7880424,1092489,19.46
7880424,1092491,19.46
7880424,1092494,25.78
7880424,1092505,25.78
7880424,1092615,30.65
7880424,1092739,26.29
7880424,1092740,25.31
7880424,1092750,26.82
7880424,1092752,25.78
7880424,1092755,24.44
7880424,1092757,23.55
7880424,1092759,30.65
7880424,1092761,35.25
7880424,1092763,36.82
7880424,1092916,15.72
7880424,1093209,59.92
7880424,1093210,84.07
7880424,1093226,51.68
7880424,1093227,23.38
7880424,1093245,46.86
7880424,1093246,36.19
7880424,1093258,11.67
7880424,1093381,34.76
7880424,1093552,25.29
7880424,1093601,31.59
7880424,1093613,35.22
7880424,1093636,35.6
7880424,1093638,41.48
7880424,1093639,21
7880424,1093640,26.55
7880424,1093641,36.2
7880424,1093645,26.2
7880424,1093646,44.97
7880424,1093648,27.37
7880424,1093649,41.54
7880424,1093650,30.73
7880424,1093651,45.22
7880424,1093654,54.57
7880424,1093655,63.87
7880424,1093656,41.22
7880424,1093658,30.97
7880424,1101528,53.36
7880424,1140369,23.59
7880424,1140390,25.94
7880424,1140391,50.04
7880424,1157242,75.5
7880424,1157954,38.55
7880424,1157956,45.06
7880424,1158315,34.37
7880424,1158339,61.18
7880424,1158821,22.55
7880424,1158824,28.09
7880424,1158826,26.37
7880424,1159565,41.46
7880424,1159681,22.48
7880424,1159696,55.3
7880424,1160099,59.95
7880424,1160719,36.64
7880424,1161054,27.3
7880424,1162053,56.55
7880424,1162168,22.44
7880424,1162524,59.88
7880424,1162555,42.83
7880424,1162632,31.52
7880424,1162633,68.03
7880424,1163132,37
7880424,1163313,35.22
7880424,1163412,45.82
7880424,1163423,53.54
7880424,1163596,33.88
7880424,1163721,20.09
7880424,1164152,19.33
7880424,1164154,35.58
7880424,1164155,42.35
7880424,1164162,44.03
7880424,1165060,22.48
7880424,1165064,23.38
7880424,1166677,25.23
7880424,1166746,36.94
7880424,1166756,46.36
7880424,1172337,48.16
7880424,1178908,79.84
7880424,1179759,51.12
7880424,1180925,72.17
7880424,1181282,20
7880424,1182848,20
7880424,1185209,0.01
7880424,1185250,0.01
7880424,1185416,43.09
7880424,1186223,0.01
7880424,1186243,42.38
7880424,1187983,80.5
7880424,1188169,14.38
7880424,1188172,47.16
7880424,1188175,28.91
7880424,1190678,0.01
7880424,1197375,51.67
7880424,1197478,0.01
7880424,1198616,26.42
7880424,1198988,132.25
7880424,1199053,61.18
7880424,1199245,80.5
7880424,1208297,167.79
7880424,1215970,28.98
7880424,1218300,47.04
7880424,1219371,44.07
7880424,1220224,57.43
7880424,1220629,32.91
7880424,1224245,45.36
7880424,1245983,68.9
7880424,1246322,84.35
7880424,1246323,31.59
7880424,1248863,23.38
7880424,1249989,22.48
7880424,1250929,27.04
7880424,1251135,27.3
7880424,1254497,33.7
7880424,1255771,22.44
7880424,1256032,38.1
7880424,1257108,27.86
7880424,1259764,281.51
7880424,1261744,24.98
7880424,1265502,45.24
7880424,1266071,291.97
7880424,1266074,291.97
7880424,1268053,58.57
7880424,1276788,28.01
7880424,1278820,36.65
7880424,1278826,24.17
7880424,1278827,23.38
7880424,1278845,27.43
7880424,1278847,31.79
7880424,1278851,230.23
7880424,1288367,23.39
7880424,1298174,0.01
7880424,1300336,0.01
7880424,1300339,20.34
7880424,1300340,0.01
7880424,1300342,41.03
7880424,1301524,0.01
7880424,1303497,29.8
7880424,1303502,44.91
7880424,1303504,14.38
7880424,1303505,0.01
7880424,1304577,0.01
7880424,1304578,48.58
7880424,1304579,29.8
7880424,1305724,35.71
7880424,1305851,47.16
7880424,1306332,34.04
7880424,1306704,33.26
7880424,1308144,0.01
7880424,1308147,0.01
7880424,1309238,27.23
7880424,1309566,105.97
7880424,1309567,52.99
7880424,1310321,32.37
7880424,1310740,44.38
7880424,1311255,43.09
7880424,1311347,29.8
7880424,1311584,30.14
7880424,1312305,22.26
7880424,1312553,110.54
7880424,1313376,30.48
7880424,1313585,0.01
7880424,1313586,0.01
7880424,1313696,105.97
7880424,1313964,105.97
7880424,1314224,25.19
7880424,1314523,105.97
7880424,1314568,105.97
7880424,1314569,105.97
7880424,1314803,52.99
7880424,1315369,22.79
7880424,1315516,34.99
7880424,1315548,27.23
7880424,1315724,38.34
7880424,1316323,37.02
7880424,1317192,0.01
7880424,1318063,29.8
7880424,1318525,106.63
7880424,1318640,36.94
7880424,1318796,33.75
7880424,1318831,0.01
7880424,1319174,28.58
7880424,1325522,32.64
7880424,1326418,24.98
7880424,1326719,25.73
7880424,1327259,12.26
7880424,1327260,0.01
7880424,1327261,0.01
7880424,1328715,14.38
7880424,1330747,339.25
7880424,1332354,27.38
7880424,1335412,0.01
7880424,1338192,48.99
7880424,1338612,57.06
7880424,1339571,25.21
7880424,1345189,0.01
7880424,1347045,20
7880424,1348483,31.59
7880424,1350988,80.5
7880424,1351807,80.5
7880424,1352162,14.38
7880424,1352462,80.5
7880424,1352745,14.38
7880424,1354457,281.51
7880424,1356671,14.38
7880424,1359401,0.01
7880424,1361037,0.01
7880424,1364518,112.63
7880424,1372413,88.61
7880424,1376033,0.01
7880424,1377141,24.05
7880424,1382461,14.38
7880424,1394865,44.91
7880424,1394866,32.37
7880424,1394867,0.01
7880424,1394868,0.01
7880424,1396905,47.16
7880424,1396908,0.01
7880424,1397064,0.01
7880424,1397695,23
7880424,1399124,80.5
7880424,1399294,23
7880424,1399429,80.5
7880424,1399430,32.37
7880424,1000565,35.22
7880424,1000567,33.9
7880424,1000573,19.76
7880424,1001430,31.59
7880424,1002100,19.72
7880424,1003599,23.69
7880424,1003636,35.77
7880424,1008896,0.01
7880424,1024274,33.75
7880424,1028396,25.31
7880424,1028397,30.67
7880424,1028600,22.83
7880424,1028688,28.49
7880424,1028755,36.58
7880424,1028830,34.6
7880424,1028831,53.31
7880424,1028885,52.8
7880424,1028902,28.64
7880424,1074794,14.38
7880424,1091133,37
7880424,1091153,81.91
7880424,1091159,17.69
7880424,1091160,17.69
7880424,1091188,33.9
7880424,1091253,39.5
7880424,1091613,20
7880424,1091639,37.31
7880424,1091749,41.15
7880424,1091750,36.7
7880424,1091774,18.93
7880424,1091775,25.01
7880424,1091776,49.38
7880424,1091777,44.03
7880424,1091778,58.57
7880424,1091779,45.24
7880424,1091780,49.75
7880424,1091838,30.99
7880424,1092116,17.24
7880424,1092117,17.24
7880424,1092124,19.72
7880424,1092153,20.64
7880424,1092251,20.34
7880424,1092335,28.21
7880424,1092372,70.52
7880424,1092489,19.46
7880424,1092491,19.46
7880424,1092494,25.78
7880424,1092505,25.78
7880424,1092615,30.65
7880424,1092739,26.29
7880424,1092740,25.31
7880424,1092750,26.82
7880424,1092752,25.78
7880424,1092755,24.44
7880424,1092757,23.55
7880424,1092759,30.65
7880424,1092761,35.25
7880424,1092763,36.82
7880424,1092916,15.72
7880424,1093209,59.92
7880424,1093210,84.07
7880424,1093226,51.68
7880424,1093227,23.38
7880424,1093245,46.86
7880424,1093246,36.19
7880424,1093258,11.67
7880424,1093381,34.76
7880424,1093552,25.29
7880424,1093601,31.59
7880424,1093613,35.22
7880424,1093636,35.6
7880424,1093638,41.48
7880424,1093639,21
7880424,1093640,26.55
7880424,1093641,36.2
7880424,1093645,26.2
7880424,1093646,44.97
7880424,1093648,27.37
7880424,1093649,41.54
7880424,1093650,30.73
7880424,1093651,45.22
7880424,1093654,54.57
7880424,1093655,63.87
7880424,1093656,41.22
7880424,1093658,30.97
7880424,1101528,53.36
7880424,1140369,23.59
7880424,1140390,25.94
7880424,1140391,50.04
7880424,1157242,75.5
7880424,1157954,38.55
7880424,1157956,45.06
7880424,1158315,34.37
7880424,1158339,61.18
7880424,1158821,22.55
7880424,1158824,28.09
7880424,1158826,26.37
7880424,1159565,41.46
7880424,1159681,22.48
7880424,1159696,55.3
7880424,1160099,59.95
7880424,1160719,36.64
7880424,1161054,27.3
7880424,1162053,56.55
7880424,1162168,22.44
7880424,1162524,59.88
7880424,1162555,42.83
7880424,1162632,31.52
7880424,1162633,68.03
7880424,1163132,37
7880424,1163313,35.22
7880424,1163412,45.82
7880424,1163423,53.54
7880424,1163596,33.88
7880424,1163721,20.09
7880424,1164152,19.33
7880424,1164154,35.58
7880424,1164155,42.35
7880424,1164162,44.03
7880424,1165060,22.48
7880424,1165064,23.38
7880424,1166677,25.23
7880424,1166746,36.94
7880424,1166756,46.36
7880424,1172337,48.16
7880424,1178908,79.84
7880424,1179759,51.12
7880424,1180925,72.17
7880424,1181282,20
7880424,1182848,20
7880424,1185209,0.01
7880424,1185250,0.01
7880424,1185416,43.09
7880424,1186223,0.01
7880424,1186243,42.38
7880424,1187983,80.5
7880424,1188169,14.38
7880424,1188172,47.16
7880424,1188175,28.91
7880424,1190678,0.01
7880424,1197375,51.67
7880424,1197478,0.01
7880424,1198616,26.42
7880424,1198988,132.25
7880424,1199053,61.18
7880424,1199245,80.5
7880424,1208297,167.79
7880424,1215970,28.98
7880424,1218300,47.04
7880424,1219371,44.07
7880424,1220224,57.43
7880424,1220629,32.91
7880424,1224245,45.36
7880424,1245983,68.9
7880424,1246322,84.35
7880424,1246323,31.59
7880424,1248863,23.38
7880424,1249989,22.48
7880424,1250929,27.04
7880424,1251135,27.3
7880424,1254497,33.7
7880424,1255771,22.44
7880424,1256032,38.1
7880424,1257108,27.86
7880424,1259764,281.51
7880424,1261744,24.98
7880424,1265502,45.24
7880424,1266071,291.97
7880424,1266074,291.97
7880424,1268053,58.57
7880424,1276788,28.01
7880424,1278820,36.65
7880424,1278826,24.17
7880424,1278827,23.38
7880424,1278845,27.43
7880424,1278847,31.79
7880424,1278851,230.23
7880424,1288367,23.39
7880424,1298174,0.01
7880424,1300336,0.01
7880424,1300339,20.34
7880424,1300340,0.01
7880424,1300342,41.03
7880424,1301524,0.01
7880424,1303497,29.8
7880424,1303502,44.91
7880424,1303504,14.38
7880424,1303505,0.01
7880424,1304577,0.01
7880424,1304578,48.58
7880424,1304579,29.8
7880424,1305724,35.71
7880424,1305851,47.16
7880424,1306332,34.04
7880424,1306704,33.26
7880424,1308144,0.01
7880424,1308147,0.01
7880424,1309238,27.23
7880424,1309566,105.97
7880424,1309567,52.99
7880424,1310321,32.37
7880424,1310740,44.38
7880424,1311255,43.09
7880424,1311347,29.8
7880424,1311584,30.14
7880424,1312305,22.26
7880424,1312553,110.54
7880424,1313376,30.48
7880424,1313585,0.01
7880424,1313586,0.01
7880424,1313696,105.97
7880424,1313964,105.97
7880424,1314224,25.19
7880424,1314523,105.97
7880424,1314568,105.97
7880424,1314569,105.97
7880424,1314803,52.99
7880424,1315369,22.79
7880424,1315516,34.99
7880424,1315548,27.23
7880424,1315724,38.34
7880424,1316323,37.02
7880424,1317192,0.01
7880424,1318063,29.8
7880424,1318525,106.63
7880424,1318640,36.94
7880424,1318796,33.75
7880424,1318831,0.01
7880424,1319174,28.58
7880424,1325522,32.64
7880424,1326418,24.98
7880424,1326719,25.73
7880424,1327259,12.26
7880424,1327260,0.01
7880424,1327261,0.01
7880424,1328715,14.38
7880424,1330747,339.25
7880424,1332354,27.38
7880424,1335412,0.01
7880424,1338192,48.99
7880424,1338612,57.06
7880424,1339571,25.21
7880424,1345189,0.01
7880424,1347045,20
7880424,1348483,31.59
7880424,1350988,80.5
7880424,1351807,80.5
7880424,1352162,14.38
7880424,1352462,80.5
7880424,1352745,14.38
7880424,1354457,281.51
7880424,1356671,14.38
7880424,1359401,0.01
7880424,1361037,0.01
7880424,1364518,112.63
7880424,1372413,88.61
7880424,1376033,0.01
7880424,1377141,24.05
7880424,1382461,14.38
7880424,1394865,44.91
7880424,1394866,32.37
7880424,1394867,0.01
7880424,1394868,0.01
7880424,1396905,47.16
7880424,1396908,0.01
7880424,1397064,0.01
7880424,1397695,23
7880424,1399124,80.5
7880424,1399294,23
7880424,1399429,80.5
7880424,1399430,32.37
7880424,1000565,33.29
7880424,1000567,32.04
7880424,1000573,18.68
7880424,1001430,29.85
7880424,1002100,18.64
7880424,1003599,22.98
7880424,1003636,34.7
7880424,1008896,0.01
7880424,1024274,32.74
7880424,1028396,23.92
7880424,1028397,29.77
7880424,1028600,21.57
7880424,1028688,26.92
7880424,1028755,34.57
7880424,1028830,32.71
7880424,1028831,50.38
7880424,1028885,49.89
7880424,1028902,27.06
7880424,1074794,14.38
7880424,1091133,34.96
7880424,1091153,77.41
7880424,1091159,16.71
7880424,1091160,16.72
7880424,1091188,32.04
7880424,1091253,37.33
7880424,1091613,18.91
7880424,1091639,35.26
7880424,1091749,38.89
7880424,1091750,34.68
7880424,1091774,17.88
7880424,1091775,23.64
7880424,1091776,46.67
7880424,1091777,41.62
7880424,1091778,55.35
7880424,1091779,42.76
7880424,1091780,47.01
7880424,1091838,29.29
7880424,1092116,16.3
7880424,1092117,16.3
7880424,1092124,18.64
7880424,1092153,19.5
7880424,1092251,19.73
7880424,1092335,26.66
7880424,1092372,66.64
7880424,1092489,18.39
7880424,1092491,18.39
7880424,1092494,24.37
7880424,1092505,24.37
7880424,1092615,28.96
7880424,1092739,24.85
7880424,1092740,23.92
7880424,1092750,25.35
7880424,1092752,24.37
7880424,1092755,23.09
7880424,1092757,22.25
7880424,1092759,28.96
7880424,1092761,33.32
7880424,1092763,34.8
7880424,1092916,14.86
7880424,1093209,56.63
7880424,1093210,81.47
7880424,1093226,48.84
7880424,1093227,22.09
7880424,1093245,44.29
7880424,1093246,34.2
7880424,1093258,11.03
7880424,1093381,32.86
7880424,1093552,23.91
7880424,1093601,29.85
7880424,1093613,33.29
7880424,1093636,33.65
7880424,1093638,39.2
7880424,1093639,19.85
7880424,1093640,25.09
7880424,1093641,34.21
7880424,1093645,24.76
7880424,1093646,42.5
7880424,1093648,25.86
7880424,1093649,39.26
7880424,1093650,29.05
7880424,1093651,42.73
7880424,1093654,51.57
7880424,1093655,60.35
7880424,1093656,38.95
7880424,1093658,29.27
7880424,1101528,50.43
7880424,1140369,22.29
7880424,1140390,24.52
7880424,1140391,50.04
7880424,1157242,74.38
7880424,1157954,36.43
7880424,1157956,42.58
7880424,1158315,32.49
7880424,1158339,61.18
7880424,1158821,21.32
7880424,1158824,26.55
7880424,1158826,24.92
7880424,1159565,39.17
7880424,1159681,21.25
7880424,1159696,52.27
7880424,1160099,56.66
7880424,1160719,34.63
7880424,1161054,25.79
7880424,1162053,56.55
7880424,1162168,21.21
7880424,1162524,56.29
7880424,1162555,40.48
7880424,1162632,29.79
7880424,1162633,64.3
7880424,1163132,34.96
7880424,1163313,33.29
7880424,1163412,43.3
7880424,1163423,50.61
7880424,1163596,32.02
7880424,1163721,18.99
7880424,1164152,18.26
7880424,1164154,33.63
7880424,1164155,40.02
7880424,1164162,41.62
7880424,1165060,21.25
7880424,1165064,22.09
7880424,1166677,23.85
7880424,1166746,35.88
7880424,1166756,43.82
7880424,1172337,48.16
7880424,1178908,75.06
7880424,1179759,49.59
7880424,1180925,70.01
7880424,1181282,20
7880424,1182848,20
7880424,1185209,0.01
7880424,1185250,0.01
7880424,1185416,41.8
7880424,1186223,0.01
7880424,1186243,41.11
7880424,1187983,80.5
7880424,1188169,14.38
7880424,1188172,45.75
7880424,1188175,29.8
7880424,1190678,0.01
7880424,1197375,48.84
7880424,1197478,0.01
7880424,1198616,27.23
7880424,1198988,132.25
7880424,1199053,61.18
7880424,1199245,80.5
7880424,1208297,158.56
7880424,1215970,27.38
7880424,1218300,44.45
7880424,1219371,41.64
7880424,1220224,56.26
7880424,1220629,31.11
7880424,1224245,42.86
7880424,1245983,65.11
7880424,1246322,79.72
7880424,1246323,29.85
7880424,1248863,22.09
7880424,1249989,21.25
7880424,1250929,25.55
7880424,1251135,25.79
7880424,1254497,31.84
7880424,1255771,21.21
7880424,1256032,36.01
7880424,1257108,26.34
7880424,1259764,266.04
7880424,1261744,23.61
7880424,1265502,42.76
7880424,1266071,275.93
7880424,1266074,275.93
7880424,1268053,55.35
7880424,1276788,26.47
7880424,1278820,34.64
7880424,1278826,22.84
7880424,1278827,22.09
7880424,1278845,25.92
7880424,1278847,30.04
7880424,1278851,217.58
7880424,1288367,22.1
7880424,1298174,0.01
7880424,1300336,0.01
7880424,1300339,19.73
7880424,1300340,0.01
7880424,1300342,39.8
7880424,1301524,0.01
7880424,1303497,28.91
7880424,1303502,43.55
7880424,1303504,14.38
7880424,1303505,0.01
7880424,1304577,0.01
7880424,1304578,47.12
7880424,1304579,28.91
7880424,1305724,34.64
7880424,1305851,45.75
7880424,1306332,33.01
7880424,1306704,32.26
7880424,1308144,0.01
7880424,1308147,0.01
7880424,1309238,26.42
7880424,1309566,105.97
7880424,1309567,52.99
7880424,1310321,31.4
7880424,1310740,43.06
7880424,1311255,41.8
7880424,1311347,28.91
7880424,1311584,28.49
7880424,1312305,21.6
7880424,1312553,90.85
7880424,1313376,29.56
7880424,1313585,0.01
7880424,1313586,0.01
7880424,1313696,105.97
7880424,1313964,105.97
7880424,1314224,23.81
7880424,1314523,105.97
7880424,1314568,105.97
7880424,1314569,105.97
7880424,1314803,52.99
7880424,1315369,22.1
7880424,1315516,33.95
7880424,1315548,26.42
7880424,1315724,37.19
7880424,1316323,35.91
7880424,1317192,0.01
7880424,1318063,28.91
7880424,1318525,106.1
7880424,1318640,35.83
7880424,1318796,32.74
7880424,1318831,0.01
7880424,1319174,27
7880424,1325522,31.65
7880424,1326418,23.61
7880424,1326719,24.31
7880424,1327259,11.59
7880424,1327260,0.01
7880424,1327261,0.01
7880424,1328715,14.38
7880424,1330747,339.25
7880424,1332354,26.55
7880424,1335412,0.01
7880424,1338192,47.52
7880424,1338612,57.06
7880424,1339571,24.83
7880424,1345189,0.01
7880424,1347045,18.91
7880424,1348483,29.85
7880424,1350988,80.5
7880424,1351807,80.5
7880424,1352162,14.38
7880424,1352462,80.5
7880424,1352745,14.38
7880424,1354457,266.04
7880424,1356671,14.38
7880424,1359401,0.01
7880424,1361037,0.01
7880424,1364518,97.15
7880424,1372413,85.95
7880424,1376033,0.01
7880424,1377141,22.72
7880424,1382461,14.38
7880424,1394865,43.55
7880424,1394866,31.4
7880424,1394867,0.01
7880424,1394868,0.01
7880424,1396905,45.75
7880424,1396908,0.01
7880424,1397064,0.01
7880424,1397695,23
7880424,1399124,80.5
7880424,1399294,23
7880424,1399429,80.5
7880424,1399430,31.4
7880424,1001234,29.06
7880424,1001255,26.43
7880424,1003275,42.96
7880424,1003592,65.84
7880424,1003772,62.56
7880424,1003979,110.18
7880424,1004054,110.18
7880424,1004089,34.58
7880424,1004122,55.09
7880424,1004332,22.51
7880424,1004334,100.14
7880424,1004336,57.59
7880424,1004351,99.15
7880424,1004352,138.78
7880424,1004353,119.19
7880424,1004354,52.88
7880424,1004458,112.54
7880424,1004612,94.29
7880424,1004703,14.89
7880424,1004778,49.05
7880424,1005000,276.39
7880424,1005147,93.82
7880424,1005210,50.12
7880424,1005211,65.16
7880424,1005432,66.64
7880424,1005434,81.47
7880424,1005435,61.94
7880424,1005437,77.52
7880424,1005438,74.18
7880424,1005439,76.71
7880424,1005440,79.76
7880424,1005441,96.47
7880424,1005442,80.82
7880424,1005490,134.19
7880424,1005775,82.4
7880424,1005905,103.36
7880424,1005906,130.31
7880424,1006100,41.55
7880424,1006101,41.55
7880424,1006102,41.55
7880424,1006246,89.08
7880424,1006262,55.99
7880424,1006265,106.69
7880424,1006386,126.02
7880424,1006433,14.15
7880424,1007151,50.31
7880424,1007263,72.17
7880424,1007699,67.49
7880424,1007758,34.47
7880424,1007770,34.47
7880424,1007771,34.47
7880424,1007774,34.47
7880424,1007776,28.75
7880424,1007935,118.97
7880424,1007936,49.3
7880424,1008120,40.89
7880424,1008383,69.63
7880424,1008402,56.06
7880424,1008667,64.61
7880424,1008694,114.36
7880424,1008788,39.24
7880424,1008800,38.95
7880424,1008801,38.95
7880424,1008802,38.95
7880424,1008958,24.15
7880424,1009139,52.35
7880424,1009459,49.39
7880424,1009910,42.38
7880424,1009933,88.61
7880424,1010040,66.83
7880424,1010061,83.39
7880424,1010199,130.3
7880424,1010290,101.79
7880424,1010291,70.97
7880424,1010604,99.33
7880424,1010605,104.27
7880424,1010608,47.32
7880424,1010666,106.15
7880424,1010671,144.33
7880424,1010673,201.6
7880424,1010698,53.59
7880424,1010708,48.22
7880424,1010709,45.82
7880424,1010718,32.51
7880424,1010722,144.33
7880424,1010760,28.74
7880424,1010764,34.67
7880424,1010889,54.17
7880424,1010890,81.59
7880424,1010934,59.82
7880424,1010946,157.9
7880424,1010949,51.6
7880424,1010953,94.1
7880424,1010981,112.63
7880424,1010985,76.54
7880424,1010991,66.09
7880424,1011010,101.69
7880424,1011020,127.54
7880424,1011072,100.22
7880424,1011073,134.03
7880424,1011074,147.21
7880424,1011078,46.52
7880424,1011079,52.49
7880424,1011080,58.96
7880424,1011082,62.88
7880424,1011086,57.12
7880424,1011114,89.15
7880424,1011118,104.27
7880424,1011157,54.17
7880424,1011161,80.01
7880424,1011162,68.61
7880424,1011163,89.15
7880424,1011164,101.69
7880424,1011177,52.11
7880424,1011178,30.5
7880424,1011197,105.64
7880424,1011204,93.24
7880424,1011206,31.18
7880424,1011227,26.88
7880424,1011251,52.99
7880424,1011262,25.82
7880424,1011282,107.15
7880424,1011287,34.67
7880424,1011324,106.4
7880424,1011325,129.26
7880424,1011338,81.36
7880424,1011340,72.57
7880424,1011378,70.74
7880424,1011404,65.14
7880424,1011467,124.34
7880424,1011515,38.09
7880424,1011516,52.99
7880424,1011565,67.93
7880424,1011569,124.34
7880424,1011570,129.26
7880424,1011586,65.14
7880424,1011600,82.67
7880424,1011617,89.55
7880424,1011619,124
7880424,1011748,138.74
7880424,1011750,69.75
7880424,1011751,243.34
7880424,1011752,88.21
7880424,1011753,81.66
7880424,1011755,111.9
7880424,1011757,111.9
7880424,1011759,101.05
7880424,1011762,106.74
7880424,1011764,130.07
7880424,1011766,147.67
7880424,1011767,131.96
7880424,1011769,65.92
7880424,1011771,70.45
7880424,1011772,115.44
7880424,1011773,78.57
7880424,1011928,105.2
7880424,1011956,59.11
7880424,1011979,105.2
7880424,1012039,76.41
7880424,1012040,86.39
7880424,1012041,104.57
7880424,1012043,85.01
7880424,1012080,65.03
7880424,1012082,60.19
7880424,1012114,97.52
7880424,1012116,62.77
7880424,1012158,81.31
7880424,1012165,54.84
7880424,1012177,89.18
7880424,1012181,67.02
7880424,1012183,104.48
7880424,1012185,98.42
7880424,1012187,57.89
7880424,1012238,84.7
7880424,1012253,54.29
7880424,1012316,86.23
7880424,1012342,78.35
7880424,1012343,53.67
7880424,1012351,70.31
7880424,1012353,70.66
7880424,1012362,76.25
7880424,1012426,68.62
7880424,1012434,74.55
7880424,1012447,90.15
7880424,1012451,102.13
7880424,1012644,143.78
7880424,1012810,75.22
7880424,1012869,70.69
7880424,1012967,112.16
7880424,1012968,95.57
7880424,1012969,56.49
7880424,1012986,98.05
7880424,1012987,75.47
7880424,1012991,119.91
7880424,1013002,83.1
7880424,1013037,89.96
7880424,1013087,115.81
7880424,1013090,84.54
7880424,1013095,47.87
7880424,1013133,106.89
7880424,1013146,57.47
7880424,1013159,103.36
7880424,1013160,122.16
7880424,1013165,95.17
7880424,1013174,67.31
7880424,1013183,57.58
7880424,1013191,57.4
7880424,1013211,57.91
7880424,1013212,91.21
7880424,1013216,83.27
7880424,1013223,89.09
7880424,1013251,86.8
7880424,1013252,97.31
7880424,1013273,77.99
7880424,1013276,45.1
7880424,1013306,97.21
7880424,1013307,70.9
7880424,1013324,47.56
7880424,1013325,128.14
7880424,1013327,45.22
7880424,1013330,74.47
7880424,1013331,63.76
7880424,1013340,57.22
7880424,1013372,73.62
7880424,1013514,44.52
7880424,1013532,91.25
7880424,1013542,108.24
7880424,1013546,73.77
7880424,1013550,59.46
7880424,1013558,41.26
7880424,1013576,62.62
7880424,1013588,45.3
7880424,1013591,105.31
7880424,1013593,189.76
7880424,1013607,44.56
7880424,1013610,46.58
7880424,1013626,64.04
7880424,1013627,55.64
7880424,1013629,68.83
7880424,1013630,62
7880424,1013634,48.3
7880424,1013645,157.9
7880424,1013650,171.93
7880424,1013651,50.67
7880424,1013653,68.95
7880424,1013656,64.63
7880424,1013659,72.67
7880424,1013661,84.16
7880424,1013665,60.87
7880424,1013678,80.7
7880424,1013690,51.74
7880424,1013691,60.52
7880424,1013696,114.56
7880424,1013698,72.67
7880424,1013699,95.65
7880424,1013700,51.5
7880424,1013709,90.91
7880424,1013715,145.52
7880424,1013716,79.12
7880424,1013726,83.54
7880424,1013730,74.43
7880424,1013744,68.64
7880424,1013745,71.24
7880424,1013746,50.49
7880424,1013747,80.07
7880424,1013748,126.72
7880424,1013749,92.41
7880424,1013751,55.19
7880424,1013752,79.58
7880424,1013753,96.27
7880424,1013754,50.49
7880424,1013755,64.37
7880424,1013871,48.74
7880424,1013915,56.61
7880424,1013916,57.25
7880424,1013917,80.41
7880424,1013919,51.87
7880424,1013921,71.73
7880424,1013928,85.13
7880424,1013930,39.77
7880424,1013931,81.77
7880424,1013933,39.72
7880424,1013941,43.84
7880424,1013976,63.07
7880424,1013977,64.79
7880424,1013984,145.14
7880424,1013986,76.52
7880424,1013987,72.76
7880424,1013996,45.34
7880424,1014014,68.71
7880424,1014018,80.02
7880424,1014049,95.52
7880424,1014075,91.34
7880424,1014134,130.33
7880424,1014149,59.55
7880424,1014184,47.68
7880424,1014200,45.92
7880424,1014595,44.1
7880424,1014597,46.07
7880424,1014602,90.01
7880424,1014603,44
7880424,1014610,54.2
7880424,1014623,57.6
7880424,1014625,73.04
7880424,1014626,28.77
7880424,1014629,44.63
7880424,1014632,58.09
7880424,1014663,28.74
7880424,1014665,56.24
7880424,1014696,56.17
7880424,1014698,74.95
7880424,1014705,43.87
7880424,1014707,62.2
7880424,1014724,29.8
7880424,1014727,42.5
7880424,1014735,30.44
7880424,1014898,76.39
7880424,1014936,33.79
7880424,1014959,109.37
7880424,1014965,38.53
7880424,1014966,28.85
7880424,1014989,34.96
7880424,1014990,56.26
7880424,1014991,60.4
7880424,1014999,36.74
7880424,1015010,150.44
7880424,1015017,37.1
7880424,1015019,36.62
7880424,1015031,51.83
7880424,1015041,37.23
7880424,1015050,65.19
7880424,1015071,58.62
7880424,1015077,57.98
7880424,1015093,60.17
7880424,1015096,64.46
7880424,1015102,49
7880424,1015105,29.74
7880424,1015118,43
7880424,1015121,59.17
7880424,1015134,76.3
7880424,1015186,22.29
7880424,1015203,27.8
7880424,1015207,39.76
7880424,1015225,36.75
7880424,1015232,66.14
7880424,1015234,40.57
7880424,1015264,71.48
7880424,1015270,108.04
7880424,1015335,41.29
7880424,1015400,47.02
7880424,1015417,39.93
7880424,1015440,80.05
7880424,1015441,143.3
7880424,1015576,55.15
7880424,1015621,58.49
7880424,1015661,58.49
7880424,1015717,53.62
7880424,1015755,72.34
7880424,1015805,76.22
7880424,1015806,38.38
7880424,1015810,68.85
7880424,1015816,41.6
7880424,1015878,43.88
7880424,1015894,66.13
7880424,1015897,40.35
7880424,1015937,73.07
7880424,1015946,53.16
7880424,1015947,66.75
7880424,1015999,52.33
7880424,1016007,23.16
7880424,1016019,118.82
7880424,1016031,39.07
7880424,1016037,40.91
7880424,1016038,76.37
7880424,1016041,37.89
7880424,1016056,63.04
7880424,1016068,52.28
7880424,1016075,42.8
7880424,1016079,44.4
7880424,1016081,43.19
7880424,1016082,43.16
7880424,1016086,48.58
7880424,1016090,24.7
7880424,1016091,37.55
7880424,1016093,30.46
7880424,1016103,28.21
7880424,1016142,62.58
7880424,1016145,35.57
7880424,1016165,66.34
7880424,1016177,21.59
7880424,1016205,77.1
7880424,1016210,66.88
7880424,1016212,27.39
7880424,1016213,49.19
7880424,1016214,28.52
7880424,1016225,27.68
7880424,1016226,63.77
7880424,1016227,44.45
7880424,1016228,56.89
7880424,1016273,70.25
7880424,1016291,20.88
7880424,1016292,65.15
7880424,1016293,66.72
7880424,1016299,66.72
7880424,1016300,26.14
7880424,1016304,52.22
7880424,1016305,52.74
7880424,1016306,45.82
7880424,1016326,50.97
7880424,1016327,53.15
7880424,1016334,52.62
7880424,1016340,52.3
7880424,1016345,121.13
7880424,1016370,58.1
7880424,1016371,74.93
7880424,1016372,99.37
7880424,1016373,60.26
7880424,1016374,58.95
7880424,1016375,71.66
7880424,1016377,117.83
7880424,1016379,65.67
7880424,1016386,115.74
7880424,1016398,54.14
7880424,1016399,26.05
7880424,1016400,68.51
7880424,1016421,48.37
7880424,1016432,72.39
7880424,1016438,80.26
7880424,1016439,86.74
7880424,1016441,86.62
7880424,1016442,59.44
7880424,1016443,69.99
7880424,1016457,41.23
7880424,1016458,74.95
7880424,1016475,58.95
7880424,1016477,124.29
7880424,1016478,64.5
7880424,1016480,43.25
7880424,1016481,62.1
7880424,1016483,59.78
7880424,1016489,69.81
7880424,1016508,48.61
7880424,1016511,50.3
7880424,1016513,58.16
7880424,1016517,52.45
7880424,1016528,35.8
7880424,1016533,116.3
7880424,1016534,25.08
7880424,1016535,54.91
7880424,1016537,34.47
7880424,1016538,56.13
7880424,1016599,27.43
7880424,1016608,104.77
7880424,1016691,22.3
7880424,1016697,28.69
7880424,1016709,26.28
7880424,1016714,32.21
7880424,1016716,50.76
7880424,1016724,54.71
7880424,1016727,66.02
7880424,1016729,42.48
7880424,1016749,22.17
7880424,1016752,25.43
7880424,1016756,39.41
7880424,1016759,15.95
7880424,1016761,35.24
7880424,1016771,46.75
7880424,1016802,47.47
7880424,1016927,58.63
7880424,1016950,90.26
7880424,1016952,37.19
7880424,1016990,102.19
7880424,1017048,68.39
7880424,1017049,42.57
7880424,1017050,76.07
7880424,1017068,65.72
7880424,1017159,86.3
7880424,1017172,86.37
7880424,1017212,112.38
7880424,1017220,93.84
7880424,1017226,53.95
7880424,1017252,52.5
7880424,1017259,57.05
7880424,1017273,52.35
7880424,1017290,38.03
7880424,1017295,56.87
7880424,1017296,56.86
7880424,1017297,56.87
7880424,1017302,55.42
7880424,1017313,89.34
7880424,1017314,47.48
7880424,1017318,53.5
7880424,1017324,28.66
7880424,1017325,52.38
7880424,1017327,56.86
7880424,1017331,52.35
7880424,1017332,19.95
7880424,1017336,65.41
7880424,1017338,26.04
7880424,1017355,76.07
7880424,1017361,58.55
7880424,1017380,43.88
7880424,1017386,29.18
7880424,1017388,21.59
7880424,1017392,68.41
7880424,1017395,53.87
7880424,1017398,46.76
7880424,1017401,68.41
7880424,1017408,28.27
7880424,1017414,65.72
7880424,1017417,92.22
7880424,1017422,64.69
7880424,1017428,24.71
7880424,1017429,17.97
7880424,1017430,39.63
7880424,1017431,31.87
7880424,1017434,24.71
7880424,1017452,85.74
7880424,1017478,73.85
7880424,1017479,52.28
7880424,1017480,50.04
7880424,1017481,42.69
7880424,1017485,53.94
7880424,1017486,56.26
7880424,1017487,56.26
7880424,1017488,84.03
7880424,1017489,86.86
7880424,1017490,86.85
7880424,1017491,100.46
7880424,1017492,103.82
7880424,1017493,103.82
7880424,1017494,102.44
7880424,1017495,99.26
7880424,1017496,99.26
7880424,1017497,49.92
7880424,1017498,52.58
7880424,1017499,51.88
7880424,1017500,52.56
7880424,1017504,62.07
7880424,1017508,61.74
7880424,1017511,48.04
7880424,1017514,49.55
7880424,1017517,51.75
7880424,1017518,25.24
7880424,1017519,25.27
7880424,1017520,78.35
7880424,1017522,93.47
7880424,1017523,96.49
7880424,1017524,38.03
7880424,1017525,72.23
7880424,1017556,28.66
7880424,1017560,53.51
7880424,1017561,53.5
7880424,1017563,47.31
7880424,1017578,53.02
7880424,1017592,58.63
7880424,1017593,90.24
7880424,1017594,86.37
7880424,1017595,102.26
7880424,1017596,50.04
7880424,1017613,53.02
7880424,1017632,42.32
7880424,1017643,44.38
7880424,1017670,48.61
7880424,1017671,105.73
7880424,1017672,43.93
7880424,1017673,47.18
7880424,1017675,39.64
7880424,1017676,29.96
7880424,1017693,72.71
7880424,1017695,104.34
7880424,1017737,49.93
7880424,1017768,75.6
7880424,1017769,82.89
7880424,1017773,90.63
7880424,1017775,47.13
7880424,1017783,123.56
7880424,1017802,41.14
7880424,1017804,56.53
7880424,1017805,41.91
7880424,1017811,37.52
7880424,1017841,57.44
7880424,1017843,40.17
7880424,1017844,53.59
7880424,1017845,69.81
7880424,1017848,86.3
7880424,1017849,77.46
7880424,1017850,81.71
7880424,1017851,108.16
7880424,1017872,42.32
7880424,1017874,48.73
7880424,1017888,24.66
7880424,1017889,71.39
7880424,1017890,36
7880424,1017901,95.53
7880424,1017909,71.67
7880424,1017910,118.65
7880424,1017911,118.65
7880424,1017912,118.65
7880424,1017913,42.21
7880424,1017914,42.21
7880424,1017915,42.21
7880424,1017917,65.75
7880424,1017926,43.56
7880424,1017928,88.92
7880424,1017929,76.79
7880424,1017931,92.41
7880424,1017939,65.75
7880424,1017940,65.75
7880424,1017942,76.66
7880424,1017943,76.66
7880424,1017944,76.66
7880424,1017947,108.82
7880424,1017948,108.82
7880424,1017951,78.18
7880424,1017955,61.09
7880424,1017956,61.09
7880424,1017965,48.43
7880424,1017983,17.49
7880424,1018015,39.53
7880424,1018019,48.58
7880424,1018020,35.79
7880424,1018042,123.56
7880424,1018047,48.43
7880424,1018048,48.43
7880424,1018324,77.21
7880424,1018325,30.43
7880424,1018659,104.56
7880424,1018732,24.69
7880424,1018742,26.01
7880424,1018810,38.36
7880424,1018813,27.75
7880424,1018834,24.73
7880424,1018850,39.45
7880424,1018873,32.52
7880424,1018894,33.8
7880424,1018991,37.65
7880424,1019008,33.29
7880424,1019069,34.91
7880424,1019070,34.91
7880424,1019077,41.16
7880424,1019098,86.8
7880424,1019112,69.99
7880424,1019122,48.97
7880424,1019133,69.54
7880424,1019260,34.44
7880424,1019264,44.69
7880424,1019265,29.69
7880424,1019269,31.75
7880424,1019290,94.35
7880424,1019291,64.48
7880424,1019323,61.71
7880424,1019324,41.42
7880424,1019385,30.06
7880424,1019386,57.7
7880424,1019387,57.7
7880424,1019390,69.15
7880424,1019394,80.75
7880424,1019405,78.61
7880424,1019411,66.87
7880424,1019423,92.32
7880424,1019438,61.1
7880424,1019444,98.1
7880424,1019460,27.05
7880424,1019461,24.73
7880424,1019463,41.88
7880424,1019464,23.09
7880424,1019495,38.09
7880424,1019525,21.26
7880424,1019579,15.65
7880424,1019581,24.6
7880424,1019582,32.48
7880424,1019589,15.65
7880424,1019601,48.99
7880424,1019732,70.05
7880424,1019738,95.23
7880424,1019808,87.83
7880424,1019813,67.02
7880424,1019848,69.17
7880424,1019849,49.67
7880424,1019850,53.8
7880424,1019857,60.1
7880424,1019858,44.7
7880424,1019866,89.6
7880424,1020044,73.43
7880424,1020047,71.48
7880424,1020096,45.05
7880424,1020098,71.69
7880424,1020135,53.96
7880424,1020136,45.24
7880424,1020150,69.17
7880424,1020158,42.17
7880424,1020161,83.58
7880424,1020334,37.1
7880424,1020335,39.48
7880424,1020336,48.35
7880424,1020347,55.38
7880424,1020350,139.64
7880424,1020356,82.48
7880424,1020374,107.26
7880424,1020375,56.95
7880424,1020377,46.68
7880424,1020380,46.09
7880424,1020382,60.57
7880424,1020384,42.58
7880424,1020389,41.31
7880424,1020395,75.34
7880424,1020397,117.74
7880424,1020409,78.69
7880424,1020412,36.29
7880424,1020415,35.64
7880424,1020417,29.8
7880424,1020427,65.25
7880424,1020718,57.99
7880424,1020726,22.18
7880424,1020727,22.79
7880424,1020728,25.91
7880424,1020729,25.91
7880424,1020730,27.22
7880424,1020731,27.15
7880424,1020739,62.73
7880424,1020749,34.2
7880424,1020761,35.1
7880424,1020762,35.54
7880424,1020763,41.07
7880424,1020764,50.65
7880424,1020769,33.05
7880424,1020770,57.68
7880424,1020772,27.23
7880424,1020773,27.61
7880424,1020774,29.56
7880424,1020775,28.77
7880424,1020776,61.96
7880424,1020777,61.96
7880424,1020803,19.92
7880424,1020804,19.95
7880424,1020805,20.85
7880424,1020806,21.01
7880424,1020811,31
7880424,1020837,45.34
7880424,1020856,61.96
7880424,1020860,68.08
7880424,1020862,70.15
7880424,1020935,89.17
7880424,1020937,80.02
7880424,1020956,110.49
7880424,1020957,81.59
7880424,1020978,54.22
7880424,1020992,85.74
7880424,1021009,71.69
7880424,1021058,23.72
7880424,1021069,28.41
7880424,1021070,25.46
7880424,1021071,27.13
7880424,1021072,15.88
7880424,1021073,22.02
7880424,1021074,21.61
7880424,1021075,19.94
7880424,1021119,123.08
7880424,1021150,78
7880424,1021167,20.54
7880424,1021211,29.88
7880424,1021219,30.9
7880424,1021244,69.52
7880424,1021245,75.16
7880424,1021250,34.63
7880424,1021275,35.08
7880424,1021283,22.2
7880424,1021300,47.83
7880424,1021301,50.83
7880424,1021305,46.1
7880424,1021313,70.43
7880424,1021324,92.13
7880424,1021325,52.89
7880424,1021349,43.03
7880424,1021350,43.22
7880424,1021358,79.86
7880424,1021360,43.03
7880424,1021365,79.86
7880424,1021376,70.64
7880424,1021384,82.25
7880424,1021406,43.29
7880424,1021434,79.86
7880424,1021435,80.02
7880424,1021438,44.16
7880424,1021447,25.09
7880424,1021448,47.63
7880424,1021457,34.34
7880424,1021459,35.58
7880424,1021466,48.59
7880424,1021468,48.59
7880424,1021496,59.25
7880424,1021502,32.48
7880424,1021512,37.16
7880424,1021525,42.58
7880424,1021536,54.77
7880424,1021544,37.87
7880424,1021550,73.3
7880424,1021598,73.3
7880424,1021600,73.3
7880424,1021604,65.42
7880424,1021605,89.17
7880424,1021606,25.59
7880424,1021634,20.26
7880424,1021639,30.33
7880424,1021655,69.59
7880424,1021660,60.51
7880424,1021661,95.82
7880424,1021671,60.69
7880424,1021673,46.75
7880424,1021689,30.5
7880424,1021694,42.3
7880424,1021705,47.87
7880424,1021707,61.54
7880424,1021721,29.07
7880424,1021805,44.72
7880424,1021819,42.58
7880424,1021821,85.74
7880424,1021831,54.05
7880424,1021864,44.3
7880424,1021867,76.83
7880424,1021915,29.07
7880424,1021925,54.06
7880424,1021951,63.16
7880424,1021959,52.51
7880424,1021996,69.17
7880424,1022006,63.94
7880424,1022014,73.3
7880424,1022022,37.31
7880424,1022056,80.02
7880424,1022120,29.49
7880424,1022140,29.67
7880424,1022143,61.77
7880424,1022155,61.88
7880424,1022164,39.51
7880424,1022221,34.68
7880424,1022223,53.29
7880424,1022240,22.09
7880424,1022249,57.81
7880424,1022302,19.37
7880424,1022303,34.43
7880424,1022304,41.72
7880424,1022347,57.99
7880424,1022348,28.46
7880424,1022349,69.12
7880424,1022352,37.49
7880424,1022353,49.54
7880424,1022363,45.91
7880424,1022366,69.61
7880424,1022375,83.55
7880424,1022376,34.64
7880424,1022377,49.84
7880424,1022380,38.81
7880424,1022384,49.96
7880424,1022389,25.99
7880424,1022391,53.26
7880424,1022400,69.12
7880424,1022431,79.25
7880424,1022433,79.25
7880424,1022434,79.25
7880424,1022439,79.25
7880424,1022441,79.25
7880424,1022443,79.25
7880424,1022444,79.25
7880424,1022447,79.25
7880424,1022449,79.25
7880424,1022450,79.25
7880424,1022452,79.25
7880424,1022454,79.25
7880424,1022455,79.25
7880424,1022456,36.42
7880424,1022467,36.42
7880424,1022473,35.73
7880424,1022478,36.42
7880424,1022481,36.42
7880424,1022485,92.66
7880424,1022498,72.32
7880424,1022500,73.3
7880424,1022501,92.46
7880424,1022514,127.6
7880424,1022545,46.14
7880424,1022554,92.66
7880424,1022625,25.48
7880424,1022695,104.93
7880424,1022715,62.99
7880424,1022732,123.18
7880424,1022733,72.57
7880424,1022734,123.18
7880424,1022759,73.92
7880424,1022784,109.45
7880424,1022814,69.83
7880424,1022816,87.68
7880424,1022838,40.81
7880424,1022840,68.6
7880424,1022884,24.73
7880424,1022885,73.8
7880424,1022891,36.42
7880424,1022904,36.42
7880424,1022982,53.87
7880424,1022996,79.25
7880424,1023032,23.93
7880424,1023033,164.55
7880424,1023034,64.54
7880424,1023036,58.04
7880424,1023039,51.05
7880424,1023040,51.05
7880424,1023041,69.02
7880424,1023043,51.05
7880424,1023044,51.05
7880424,1023052,169.73
7880424,1023059,82.29
7880424,1023065,113.91
7880424,1023070,51.05
7880424,1023083,123.18
7880424,1023085,35.37
7880424,1023107,69.02
7880424,1023113,63.78
7880424,1023118,111
7880424,1023169,58.04
7880424,1023172,86.32
7880424,1023232,134.29
7880424,1023298,137.91
7880424,1023301,85.1
7880424,1023331,98.96
7880424,1023718,248.06
7880424,1023746,128.49
7880424,1023913,60.11
7880424,1023933,68.09
7880424,1023940,66.94
7880424,1027640,68.08
7880424,1028816,78.92
7880424,1028986,39.5
7880424,1028991,23.93
7880424,1028996,17.4
7880424,1028999,27.82
7880424,1029007,19.73
7880424,1029015,125.24
7880424,1029016,85.4
7880424,1029020,47.27
7880424,1029032,77.1
7880424,1029033,85.4
7880424,1029042,17.4
7880424,1029044,12.98
7880424,1029046,100.2
7880424,1029047,115.25
7880424,1029062,85.4
7880424,1029063,15.47
7880424,1029064,85.4
7880424,1029067,17.4
7880424,1029068,85.4
7880424,1029069,85.4
7880424,1029077,85.4
7880424,1029079,85.4
7880424,1029094,85.4
7880424,1029107,124.32
7880424,1029110,85.4
7880424,1029111,85.4
7880424,1029117,77.1
7880424,1029120,85.4
7880424,1029128,124.32
7880424,1029129,124.32
7880424,1029135,85.4
7880424,1029136,85.4
7880424,1029141,85.4
7880424,1029142,85.4
7880424,1029144,85.4
7880424,1029146,85.4
7880424,1029147,85.4
7880424,1029161,150.34
7880424,1029168,85.4
7880424,1029172,85.4
7880424,1029179,89.83
7880424,1029180,127.43
7880424,1029187,23.93
7880424,1029189,23.03
7880424,1029190,113.47
7880424,1029205,23.93
7880424,1029206,39.5
7880424,1029207,39.5
7880424,1029208,163.56
7880424,1029270,42.37
7880424,1029272,99.73
7880424,1029275,140.84
7880424,1029278,120.39
7880424,1029279,120.39
7880424,1029281,23.03
7880424,1029282,20.68
7880424,1029283,23.93
7880424,1029284,55.15
7880424,1029304,39.5
7880424,1029307,130.65
7880424,1029308,132.86
7880424,1029319,61.07
7880424,1029353,64.63
7880424,1029355,23.93
7880424,1029356,38.81
7880424,1029360,17.4
7880424,1029475,14.44
7880424,1029476,30.28
7880424,1029480,257.47
7880424,1029490,122.33
7880424,1029504,125.12
7880424,1029510,202.01
7880424,1029528,55.2
7880424,1029542,99.15
7880424,1029572,105.46
7880424,1029604,126.5
7880424,1029613,21.41
7880424,1029615,78.12
7880424,1029634,77.73
7880424,1029692,146.18
7880424,1029694,29.91
7880424,1029695,59.54
7880424,1029700,41.37
7880424,1029701,70.28
7880424,1029704,45.3
7880424,1029705,12.82
7880424,1029725,83.33
7880424,1029735,83.33
7880424,1029738,69.74
7880424,1029769,52.1
7880424,1029779,67.23
7880424,1029796,83.33
7880424,1029831,73.35
7880424,1029842,55.09
7880424,1029844,55.09
7880424,1029848,55.09
7880424,1029863,55.09
7880424,1029864,55.09
7880424,1029866,55.09
7880424,1029867,53.27
7880424,1029871,41.99
7880424,1029874,32.91
7880424,1029876,28.5
7880424,1029877,41.69
7880424,1029878,32.82
7880424,1029896,60.11
7880424,1029897,66.34
7880424,1029916,142.98
7880424,1029919,69.62
7880424,1029920,68.63
7880424,1029922,68.63
7880424,1029923,87.39
7880424,1029924,136.59
7880424,1029946,69.03
7880424,1029947,74.32
7880424,1029955,41.99
7880424,1029956,41.99
7880424,1029957,41.99
7880424,1029964,74.32
7880424,1029965,74.32
7880424,1029966,74.32
7880424,1029968,74.32
7880424,1029969,74.32
7880424,1029994,55.09
7880424,1029995,55.09
7880424,1030007,74.32
7880424,1030039,103.65
7880424,1030040,103.65
7880424,1030041,101.56
7880424,1030100,74.32
7880424,1030101,74.32
7880424,1030108,142.06
7880424,1030109,41.99
7880424,1030110,41.99
7880424,1030111,41.99
7880424,1030146,84.59
7880424,1030178,42.41
7880424,1030188,67.14
7880424,1030221,89.48
7880424,1030223,40.49
7880424,1030226,41.99
7880424,1030229,41.99
7880424,1030231,41.99
7880424,1030232,41.99
7880424,1030250,89.48
7880424,1030294,79.66
7880424,1030358,37.31
7880424,1030416,170.06
7880424,1030517,35.24
7880424,1030603,42.49
7880424,1030604,40.3
7880424,1030613,38
7880424,1030655,41.46
7880424,1030680,66.01
7880424,1030759,38.99
7880424,1030761,39.1
7880424,1030793,37.16
7880424,1030794,37.16
7880424,1030917,37.16
7880424,1030974,29.19
7880424,1030992,21.63
7880424,1030993,19.77
7880424,1031075,21.69
7880424,1031194,59.73
7880424,1031195,59.71
7880424,1031196,59.72
7880424,1031255,47.04
7880424,1031256,47.04
7880424,1031257,47.04
7880424,1031265,31.91
7880424,1031266,32.12
7880424,1031281,59.08
7880424,1031286,13.8
7880424,1031287,13.8
7880424,1031288,13.56
7880424,1031289,13.86
7880424,1031294,13.83
7880424,1031305,25.77
7880424,1031316,24.08
7880424,1031318,23.81
7880424,1031319,25.1
7880424,1031321,24.08
7880424,1031321,26.11
7880424,1031322,23.81
7880424,1031323,24.56
7880424,1031324,24.9
7880424,1031341,33.82
7880424,1031342,34.1
7880424,1031343,32.43
7880424,1031344,34.59
7880424,1031346,34.2
7880424,1031347,34.1
7880424,1031348,32.43
7880424,1031351,34.2
7880424,1031352,33.94
7880424,1031353,32.36
7880424,1031361,24.83
7880424,1031383,25.46
7880424,1031390,23.62
7880424,1031424,25.39
7880424,1031488,39.46
7880424,1031491,42.27
7880424,1031611,42.16
7880424,1031686,58.56
7880424,1031687,61.1
7880424,1031688,60.79
7880424,1031689,61.42
7880424,1032171,23.77
7880424,1032227,26.66
7880424,1032247,22.83
7880424,1032256,31.91
7880424,1032261,26.82
7880424,1032263,26.65
7880424,1032301,27.13
7880424,1032302,26.83
7880424,1032641,91.77
7880424,1032777,93.67
7880424,1032814,58.24
7880424,1032950,92.67
7880424,1033097,43.64
7880424,1033136,58.17
7880424,1033163,33.86
7880424,1033164,33.87
7880424,1033173,33.83
7880424,1033181,52.64
7880424,1033191,56.71
7880424,1033361,64.64
7880424,1033367,17.14
7880424,1033369,65.25
7880424,1033373,17.01
7880424,1033375,20.98
7880424,1033384,14.35
7880424,1033386,58.48
7880424,1033388,20.3
7880424,1033393,97.32
7880424,1033420,22.59
7880424,1033426,21.06
7880424,1033433,20.3
7880424,1033435,25.69
7880424,1040276,52.18
7880424,1040277,42.6
7880424,1040458,52
7880424,1040522,64.4
7880424,1040557,107.55
7880424,1040582,87.26
7880424,1040587,108.41
7880424,1040588,108.92
7880424,1040666,64.46
7880424,1040670,52.29
7880424,1040687,55.57
7880424,1040689,60.7
7880424,1040691,75.83
7880424,1040704,92.49
7880424,1040757,32.2
7880424,1040811,128.46
7880424,1040859,48.59
7880424,1040944,44.42
7880424,1040951,37
7880424,1040953,59.85
7880424,1041024,39.57
7880424,1041091,97.61
7880424,1041119,72.9
7880424,1041138,49.34
7880424,1044445,132.49
7880424,1044722,33.06
7880424,1044723,33.27
7880424,1044724,26.14
7880424,1044726,39.34
7880424,1044847,31.31
7880424,1044849,30.72
7880424,1044877,40.41
7880424,1044878,44.07
7880424,1047706,31.15
7880424,1047729,15.99
7880424,1047730,23.38
7880424,1047970,17.79
7880424,1047971,24.84
7880424,1047975,19.69
7880424,1047978,28.26
7880424,1048086,14.75
7880424,1048095,18.54
7880424,1048102,24.86
7880424,1048111,17.23
7880424,1048115,29.24
7880424,1048140,20.17
7880424,1048151,19.41
7880424,1048166,21.44
7880424,1048169,25.36
7880424,1048183,31.35
7880424,1048221,30.2
7880424,1048233,84.27
7880424,1048523,31.96
7880424,1048613,66.63
7880424,1048618,25.66
7880424,1048626,42.62
7880424,1048636,82.52
7880424,1048647,44.7
7880424,1048682,24.48
7880424,1048693,32.65
7880424,1048707,46.09
7880424,1048717,62.28
7880424,1048760,96.06
7880424,1048895,56.55
7880424,1048934,97.45
7880424,1048942,86.37
7880424,1049016,39.49
7880424,1049018,81.32
7880424,1049065,62.1
7880424,1049070,104.85
7880424,1049100,57.78
7880424,1049101,28.22
7880424,1049102,55.12
7880424,1049103,39.12
7880424,1049119,38.43
7880424,1049124,78.8
7880424,1049132,60
7880424,1049136,115.03
7880424,1049139,89
7880424,1049191,64.88
7880424,1049192,56.01
7880424,1049194,59.63
7880424,1049197,130.13
7880424,1049201,93.16
7880424,1049202,120.32
7880424,1049237,104.45
7880424,1049290,24.68
7880424,1049300,39.95
7880424,1049327,69.02
7880424,1049328,28.11
7880424,1049329,37.34
7880424,1049356,94.06
7880424,1049370,79.75
7880424,1049375,32.3
7880424,1049378,50.44
7880424,1049406,136.37
7880424,1049407,39.95
7880424,1049408,96.84
7880424,1049417,69.13
7880424,1049423,58.59
7880424,1049430,39.24
7880424,1049443,32.53
7880424,1049449,23.16
7880424,1049452,107.42
7880424,1049464,42.35
7880424,1049466,71.08
7880424,1049467,87.49
7880424,1049483,194.52
7880424,1049511,100
7880424,1049513,27.68
7880424,1049525,23.62
7880424,1049527,59.41
7880424,1049528,45.99
7880424,1049655,21.39
7880424,1049656,35.51
7880424,1049657,59.77
7880424,1049658,65.69
7880424,1049660,54.25
7880424,1049661,65.69
7880424,1049666,36.95
7880424,1049667,46.25
7880424,1049670,54.33
7880424,1049671,73.34
7880424,1049691,137.57
7880424,1049710,59.92
7880424,1049712,48.88
7880424,1049714,45.66
7880424,1049806,37.19
7880424,1049808,53.08
7880424,1049809,42.39
7880424,1049810,33.78
7880424,1049823,63.95
7880424,1049826,54.75
7880424,1049828,112.77
7880424,1050044,89.19
7880424,1050045,55.95
7880424,1050048,30.62
7880424,1050094,139.25
7880424,1050120,76.44
7880424,1050122,125.42
7880424,1050244,36.86
7880424,1050323,42.72
7880424,1050324,87.18
7880424,1050343,39.71
7880424,1050345,40.92
7880424,1050347,49.27
7880424,1050355,51.24
7880424,1050356,161.24
7880424,1050357,46.05
7880424,1050366,45.16
7880424,1050368,42.88
7880424,1050487,68.17
7880424,1050496,73.2
7880424,1050497,91.23
7880424,1064907,75.04
7880424,1064908,47.46
7880424,1065007,37.03
7880424,1066473,26.5
7880424,1066475,15.05
7880424,1066476,26.91
7880424,1066477,29.38
7880424,1066481,33.55
7880424,1066483,20.13
7880424,1066485,32.6
7880424,1066486,35.94
7880424,1066528,75.96
7880424,1066540,88.34
7880424,1069420,41.66
7880424,1069426,55.34
7880424,1072157,66.01
7880424,1115214,92.66
7880424,1115215,92.66
7880424,1115354,54.66
7880424,1115877,64.11
7880424,1115989,28.28
7880424,1116039,30.73
7880424,1116040,30.73
7880424,1116041,42.42
7880424,1116055,30.73
7880424,1116060,56.43
7880424,1116061,40.97
7880424,1116067,56.22
7880424,1116150,45.76
7880424,1116156,56.5
7880424,1116181,31.5
7880424,1116183,31.5
7880424,1116184,35.82
7880424,1122417,61.65
7880424,1122464,14.15
7880424,1123109,92.18
7880424,1123490,102.96
7880424,1123542,64.58
7880424,1124030,29.16
7880424,1124031,29.18
7880424,1124111,57.48
7880424,1124196,30.38
7880424,1124197,30.61
7880424,1124198,34.18
7880424,1124225,17.02
7880424,1124244,114.63
7880424,1124257,121.41
7880424,1124259,73.9
7880424,1124260,123.61
7880424,1124279,73.9
7880424,1124282,64.14
7880424,1124283,72.62
7880424,1124286,58.25
7880424,1124287,30.05
7880424,1124350,25.36
7880424,1124408,59.93
7880424,1124409,60.87
7880424,1124410,52.64
7880424,1124411,107.66
7880424,1124449,43.56
7880424,1124465,115.13
7880424,1124481,73.34
7880424,1124493,39.87
7880424,1124495,52.51
7880424,1124497,73.39
7880424,1124499,85.48
7880424,1124955,45.76
7880424,1125059,104.98
7880424,1125102,70.41
7880424,1125103,75.18
7880424,1125231,25.25
7880424,1125232,25.25
7880424,1125233,59.59
7880424,1125234,25.25
7880424,1125235,38.39
7880424,1125327,38.4
7880424,1125328,29.52
7880424,1125329,29.52
7880424,1125331,64.06
7880424,1136652,113.38
7880424,1136987,122.95
7880424,1137040,83.87
7880424,1137174,126.34
7880424,1137674,51.8
7880424,1137675,42.5
7880424,1138037,35.82
7880424,1138056,31.5
7880424,1138057,31.5
7880424,1138063,28.28
7880424,1138065,48.66
7880424,1138068,57.28
7880424,1138069,75.24
7880424,1138090,45.57
7880424,1138233,51.58
7880424,1138346,75.99
7880424,1138347,55.87
7880424,1138349,48.01
7880424,1138575,40.97
7880424,1138576,56.43
7880424,1138723,53.51
7880424,1138776,55.22
7880424,1138799,55.21
7880424,1138800,54.81
7880424,1138808,51.58
7880424,1139602,0.01
7880424,1139603,0.01
7880424,1139633,81.48
7880424,1139664,59.47
7880424,1139734,31.91
7880424,1140417,80.82
7880424,1140442,141.43
7880424,1141003,83.8
7880424,1141066,67.26
7880424,1141508,43.52
7880424,1141518,40.62
7880424,1141573,24.85
7880424,1141843,142.09
7880424,1142023,107.82
7880424,1142024,96.78
7880424,1142519,46.89
7880424,1143216,55.2
7880424,1143254,76.8
7880424,1143297,38.55
7880424,1143365,82.2
7880424,1143434,104.36
7880424,1143435,43.85
7880424,1143437,77.88
7880424,1143439,87.65
7880424,1143441,85.38
7880424,1143444,59.29
7880424,1143445,64.81
7880424,1143447,48.54
7880424,1143450,46.76
7880424,1143451,68.44
7880424,1143452,64.78
7880424,1143454,31.19
7880424,1143859,143.07
7880424,1143862,46.89
7880424,1143871,88.4
7880424,1143970,88.83
7880424,1143972,54.13
7880424,1143973,97.26
7880424,1144369,70.74
7880424,1144436,117.05
7880424,1144442,26.84
7880424,1144476,37.54
7880424,1144527,49.21
7880424,1144578,99.57
7880424,1144582,54.63
7880424,1144590,47.41
7880424,1144676,46.76
7880424,1144679,87.65
7880424,1144730,59.04
7880424,1144769,45.41
7880424,1145162,46.31
7880424,1145193,38.5
7880424,1145470,65.26
7880424,1145513,48.98
7880424,1145514,55.28
7880424,1145516,69.12
7880424,1145560,24.92
7880424,1145809,36.06
7880424,1146069,36.27
7880424,1146427,103.65
7880424,1146442,61.79
7880424,1146741,38.63
7880424,1146784,58.65
7880424,1146805,69.37
7880424,1146868,35.35
7880424,1147247,75.16
7880424,1147385,49.67
7880424,1147600,53.8
7880424,1147670,38.44
7880424,1147777,25.38
7880424,1147901,25.46
7880424,1148253,42.41
7880424,1148300,22.62
7880424,1148457,27.34
7880424,1148462,27.34
7880424,1148464,27.34
7880424,1148466,27.34
7880424,1148552,80.75
7880424,1149040,32.71
7880424,1149106,71.51
7880424,1149107,76.15
7880424,1149311,112.06
7880424,1149336,40.54
7880424,1149689,54.71
7880424,1149857,66.88
7880424,1150034,30.05
7880424,1150163,68.71
7880424,1150201,102.33
7880424,1150202,17.95
7880424,1150208,87.81
7880424,1150416,59.72
7880424,1150772,44.49
7880424,1150781,49.13
7880424,1150842,42
7880424,1151067,97.81
7880424,1151324,22.6
7880424,1151420,103.94
7880424,1151421,55.97
7880424,1151995,50.67
7880424,1152004,100
7880424,1152150,55.71
7880424,1152255,89.67
7880424,1152478,43.29
7880424,1152600,49.78
7880424,1152649,59.54
7880424,1152657,76.15
7880424,1152658,93.9
7880424,1152951,40.17
7880424,1153142,62.54
7880424,1153160,65.06
7880424,1153239,115.48
7880424,1153751,129.01
7880424,1153828,35.08
7880424,1153916,45.38
7880424,1154150,30.6
7880424,1154193,62.45
7880424,1154211,59.1
7880424,1154214,50.8
7880424,1154215,36.9
7880424,1154216,123.91
7880424,1154217,123.53
7880424,1154221,100.2
7880424,1154224,112.22
7880424,1154227,73.58
7880424,1154229,48.19
7880424,1154230,57.72
7880424,1154232,78.32
7880424,1154233,201.37
7880424,1154234,45.03
7880424,1154245,107.92
7880424,1154246,99.88
7880424,1154250,36.94
7880424,1154791,85.38
7880424,1154885,70.12
7880424,1154948,42.99
7880424,1155037,97.73
7880424,1155244,77.99
7880424,1155466,178.91
7880424,1155469,58.65
7880424,1155482,29.01
7880424,1155553,99.36
7880424,1155562,41.57
7880424,1155623,97.62
7880424,1156343,29.1
7880424,1156608,58.25
7880424,1156733,115.49
7880424,1156782,121.16
7880424,1157015,68.09
7880424,1157057,43.09
7880424,1157134,60.46
7880424,1157171,42.56
7880424,1157428,68.61
7880424,1157499,36.33
7880424,1157504,98.52
7880424,1157506,59.82
7880424,1157659,66.04
7880424,1157665,50.73
7880424,1157675,43.95
7880424,1157676,102.11
7880424,1157677,42.24
7880424,1157678,64.08
7880424,1157679,82.06
7880424,1157681,43.95
7880424,1157682,43.95
7880424,1157825,64.81
7880424,1157916,5.75
7880424,1157917,5.75
7880424,1157918,5.75
7880424,1158210,103.65
7880424,1158405,106.64
7880424,1158411,31.92
7880424,1158504,140.08
7880424,1158577,69.56
7880424,1158579,20.36
7880424,1158580,22.53
7880424,1158581,30.49
7880424,1158895,71.06
7880424,1159160,96.45
7880424,1159169,76.57
7880424,1159497,104.18
7880424,1159541,99.2
7880424,1159769,59.2
7880424,1159771,51.47
7880424,1159771,48.97
7880424,1159772,17.01
7880424,1159773,23.86
7880424,1159814,58.22
7880424,1160158,83.39
7880424,1160159,86.95
7880424,1160247,66.4
7880424,1160427,253.75
7880424,1160428,264.07
7880424,1160429,238.23
7880424,1160430,264.07
7880424,1160468,105.21
7880424,1160488,70
7880424,1160499,31.76
7880424,1160500,106.05
7880424,1160674,68.56
7880424,1160931,41.04
7880424,1160961,39.28
7880424,1160963,59.37
7880424,1161019,98.34
7880424,1161042,43.57
7880424,1161068,56.01
7880424,1161075,31.03
7880424,1161078,87.65
7880424,1161105,65.44
7880424,1161173,70.36
7880424,1161216,82.42
7880424,1161572,55.29
7880424,1161686,75.41
7880424,1161694,59.54
7880424,1161739,29.7
7880424,1161742,62.53
7880424,1161753,72.91
7880424,1161754,56.56
7880424,1161755,45.29
7880424,1161759,48.24
7880424,1161761,31.83
7880424,1161763,49.94
7880424,1161764,81.26
7880424,1161766,90.87
7880424,1161767,74.9
7880424,1162122,74.09
7880424,1163026,101.69
7880424,1163046,70.08
7880424,1163086,129.19
7880424,1163089,38.58
7880424,1163109,76.84
7880424,1163482,64.72
7880424,1163601,119.46
7880424,1163918,93.37
7880424,1163919,57.27
7880424,1163959,98.34
7880424,1164097,38.95
7880424,1164645,228.87
7880424,1164975,48.74
7880424,1165227,64.19
7880424,1165568,48.7
7880424,1165747,42.41
7880424,1165768,45.17
7880424,1165787,83.24
7880424,1166143,36.42
7880424,1166182,79.87
7880424,1166307,46.31
7880424,1166330,96.4
7880424,1166514,46.89
7880424,1166586,84.57
7880424,1166607,128.4
7880424,1166608,117.37
7880424,1166701,42.24
7880424,1166820,62.22
7880424,1166941,56.51
7880424,1167012,30.05
7880424,1167022,95.52
7880424,1167023,95.52
7880424,1167028,92.37
7880424,1167034,107.51
7880424,1167041,41.86
7880424,1167050,78.17
7880424,1167059,22.6
7880424,1167060,22.31
7880424,1167061,74.74
7880424,1167062,72.6
7880424,1167160,196.5
7880424,1167199,60.05
7880424,1167335,157.45
7880424,1167366,86.55
7880424,1167472,42.08
7880424,1167481,73.8
7880424,1167664,63.8
7880424,1167692,50.54
7880424,1167802,24.73
7880424,1167816,36.42
7880424,1167837,134.45
7880424,1167898,43.26
7880424,1167998,106.52
7880424,1168025,56.41
7880424,1168398,112.1
7880424,1168399,116.08
7880424,1168433,116.9
7880424,1168626,44.08
7880424,1168647,61.79
7880424,1168648,79.56
7880424,1168669,36.42
7880424,1168670,36.42
7880424,1168707,36.42
7880424,1168765,79.25
7880424,1168789,73.59
7880424,1168793,76.44
7880424,1168795,103.12
7880424,1169154,36.42
7880424,1169155,36.42
7880424,1169156,36.42
7880424,1169157,36.42
7880424,1169158,36.42
7880424,1169160,36.42
7880424,1169161,36.42
7880424,1169162,36.42
7880424,1169164,36.42
7880424,1169165,36.42
7880424,1169166,36.42
7880424,1169167,36.42
7880424,1169169,45.15
7880424,1169170,45.15
7880424,1169182,79.25
7880424,1169185,79.25
7880424,1169186,79.25
7880424,1169190,90.33
7880424,1169191,98.64
7880424,1169192,81.14
7880424,1169209,133.7
7880424,1169210,108.18
7880424,1169231,86.23
7880424,1169276,37.85
7880424,1169300,48.74
7880424,1169501,37.85
7880424,1169524,105.64
7880424,1169805,70.12
7880424,1169999,111.9
7880424,1170000,116.85
7880424,1170057,0.01
7880424,1170135,0.01
7880424,1170138,0.01
7880424,1170140,0.01
7880424,1170150,42.85
7880424,1170221,71.84
7880424,1170295,40.86
7880424,1170670,90.54
7880424,1170754,49.77
7880424,1170811,103.45
7880424,1170885,62.23
7880424,1170926,21.91
7880424,1170952,47.75
7880424,1171022,48.74
7880424,1171103,57.82
7880424,1171105,63.43
7880424,1171161,84.7
7880424,1171532,41.3
7880424,1172431,63.37
7880424,1172456,31.91
7880424,1173022,68.23
7880424,1173023,38.74
7880424,1173027,41.61
7880424,1173459,77.14
7880424,1173467,32.9
7880424,1173844,91.55
7880424,1173867,32.71
7880424,1174097,77.88
7880424,1174618,93.53
7880424,1174944,70.74
7880424,1174990,46.31
7880424,1175277,54.95
7880424,1175338,98.96
7880424,1175499,59.77
7880424,1175535,73.55
7880424,1175680,85.69
7880424,1175724,116.39
7880424,1175789,71.46
7880424,1175949,17.97
7880424,1176411,80.25
7880424,1176417,5.75
7880424,1176418,5.75
7880424,1176419,5.75
7880424,1176729,86.11
7880424,1176807,72.04
7880424,1176968,53.03
7880424,1177035,36.96
7880424,1177104,76.54
7880424,1177404,38.3
7880424,1177746,57.71
7880424,1177883,78.23
7880424,1179034,83.06
7880424,1179832,63.85
7880424,1179955,26.93
7880424,1179956,35.33
7880424,1179969,71.43
7880424,1180053,41.14
7880424,1180084,82.51
7880424,1180299,114.91
7880424,1180411,68.95
7880424,1180415,112.4
7880424,1180506,35.82
7880424,1180546,34.58
7880424,1180799,101.69
7880424,1180806,59.19
7880424,1180814,78.37
7880424,1181153,44.64
7880424,1181377,63.94
7880424,1181662,54.57
7880424,1182245,76.15
7880424,1183371,110.14
7880424,1183739,45.11
7880424,1183751,44.06
7880424,1183752,45.28
7880424,1184037,103.47
7880424,1184107,45.67
7880424,1184108,45.69
7880424,1184793,100.88
7880424,1184960,76.48
7880424,1184964,101.82
7880424,1185188,43.39
7880424,1185497,61
7880424,1185724,170.35
7880424,1187124,29.05
7880424,1188346,125.56
7880424,1188537,100.81
7880424,1188601,79.94
7880424,1190529,72.23
7880424,1191088,45.08
7880424,1191203,125.43
7880424,1192303,28.57
7880424,1194150,69.6
7880424,1194196,39.76
7880424,1194381,44.23
7880424,1194992,107.71
7880424,1196362,59.25
7880424,1196365,14.15
7880424,1196682,69.82
7880424,1197418,71.45
7880424,1197579,65.62
7880424,1197817,83.81
7880424,1198247,46.39
7880424,1198621,101.42
7880424,1198862,28.26
7880424,1198984,81.27
7880424,1199772,92.15
7880424,1199773,47.45
7880424,1199787,112.06
7880424,1199789,191.53
7880424,1199800,103.45
7880424,1199980,21.36
7880424,1200126,56.83
7880424,1200142,126.72
7880424,1200263,22.82
7880424,1200299,72.19
7880424,1200418,53.87
7880424,1200588,89.77
7880424,1200846,118.86
7880424,1200913,25.36
7880424,1200915,25.36
7880424,1201029,53.56
7880424,1201046,72.57
7880424,1201253,39.53
7880424,1201306,67.93
7880424,1201481,24.9
7880424,1201620,67.15
7880424,1201797,90.15
7880424,1201845,68.09
7880424,1202028,77.41
7880424,1202528,88.63
7880424,1202853,96.7
7880424,1202913,43.26
7880424,1203241,22.82
7880424,1203405,88.4
7880424,1203597,33.33
7880424,1203639,22.14
7880424,1203640,25.94
7880424,1203719,159.85
7880424,1203825,92.08
7880424,1203917,79.37
7880424,1204262,71.21
7880424,1204263,78.76
7880424,1204277,115.13
7880424,1204281,64.12
7880424,1204302,71.55
7880424,1204303,41.16
7880424,1204304,71.55
7880424,1204319,40.86
7880424,1204669,64.92
7880424,1204723,54.04
7880424,1204724,53.95
7880424,1204725,66.21
7880424,1204726,74.41
7880424,1204730,29.72
7880424,1204732,31.08
7880424,1204734,57.55
7880424,1204735,31.08
7880424,1204740,34.85
7880424,1204741,59.02
7880424,1204742,61.7
7880424,1204743,61.7
7880424,1204744,73.15
7880424,1204745,76.46
7880424,1204746,76.46
7880424,1204747,49.54
7880424,1204764,56.97
7880424,1204864,48.78
7880424,1205117,29.68
7880424,1205162,44.93
7880424,1205367,46.89
7880424,1205706,34.26
7880424,1206060,37.85
7880424,1206120,79.73
7880424,1206282,120.55
7880424,1206311,69.03
7880424,1206355,70.73
7880424,1206471,25.09
7880424,1206472,43.7
7880424,1206473,55.06
7880424,1206676,71.32
7880424,1206810,77.73
7880424,1206881,75.64
7880424,1206969,109.24
7880424,1206971,42.19
7880424,1206972,46.03
7880424,1207013,163.51
7880424,1207014,205.01
7880424,1207028,89.4
7880424,1207040,68.22
7880424,1207083,95.4
7880424,1207126,27.47
7880424,1207160,127.62
7880424,1207191,70.73
7880424,1207193,89.99
7880424,1207206,65.91
7880424,1207250,88.65
7880424,1207251,113.18
7880424,1207252,102.88
7880424,1207271,52.93
7880424,1207272,47.97
7880424,1207273,48.78
7880424,1207348,46.46
7880424,1207372,78.76
7880424,1207381,56.73
7880424,1207444,52.69
7880424,1207449,53.67
7880424,1207451,57.5
7880424,1207453,59.34
7880424,1207487,35.01
7880424,1207489,41.46
7880424,1207490,40.3
7880424,1207582,66.9
7880424,1207607,126.11
7880424,1207663,80.89
7880424,1207669,40.65
7880424,1207791,76.99
7880424,1207797,59.73
7880424,1207825,39.53
7880424,1207828,54.64
7880424,1207866,93.53
7880424,1207868,60.19
7880424,1207961,70.66
7880424,1207963,40.25
7880424,1208105,67.51
7880424,1208137,45.17
7880424,1208160,110.4
7880424,1208168,71.38
7880424,1208205,37.81
7880424,1208237,77.06
7880424,1208248,60.34
7880424,1208281,75.77
7880424,1208300,58.58
7880424,1208301,48.42
7880424,1208456,96.31
7880424,1208459,57.5
7880424,1208550,94.6
7880424,1208572,64.46
7880424,1208579,70.76
7880424,1208614,77.41
7880424,1208617,234.91
7880424,1208691,105.92
7880424,1208828,55.22
7880424,1208832,107.54
7880424,1208886,41.34
7880424,1208897,76.48
7880424,1208956,41.89
7880424,1208966,143.98
7880424,1208994,72.02
7880424,1208996,66.78
7880424,1209101,29.73
7880424,1209150,68.13
7880424,1209363,33.05
7880424,1209373,73.58
7880424,1209375,45.57
7880424,1209412,79.4
7880424,1209434,59.9
7880424,1209436,51.74
7880424,1209453,126.55
7880424,1209638,104.12
7880424,1209882,37.81
7880424,1210511,62.23
7880424,1210575,99.94
7880424,1210640,114.79
7880424,1210641,37.97
7880424,1210658,71.55
7880424,1210659,41.53
7880424,1210820,60.41
7880424,1210830,35.87
7880424,1210832,79.94
7880424,1210833,12.35
7880424,1210838,36.34
7880424,1210843,28.29
7880424,1210871,66.14
7880424,1210998,54.38
7880424,1211180,53.11
7880424,1211200,55.1
7880424,1211379,90.15
7880424,1211498,77.88
7880424,1211651,42.81
7880424,1211696,53.85
7880424,1211769,99.31
7880424,1211823,160.51
7880424,1211927,219.56
7880424,1212082,79.95
7880424,1212429,70.76
7880424,1212430,47.87
7880424,1213226,148.48
7880424,1213228,62.07
7880424,1213239,43.54
7880424,1213347,45.82
7880424,1213404,39.63
7880424,1213414,70.4
7880424,1213488,80.67
7880424,1213755,62.33
7880424,1213847,71.32
7880424,1213906,45.57
7880424,1214048,35.96
7880424,1214123,81.75
7880424,1214239,87.56
7880424,1214250,243.34
7880424,1214255,220.1
7880424,1214477,36.25
7880424,1214749,76.92
7880424,1214792,28.57
7880424,1214966,82.46
7880424,1215001,30.43
7880424,1215002,34.13
7880424,1215141,55.87
7880424,1215531,24.81
7880424,1215570,125.58
7880424,1215571,124.04
7880424,1215580,44.06
7880424,1215655,28.57
7880424,1215681,73.67
7880424,1215978,57.93
7880424,1216120,105.02
7880424,1216330,74.85
7880424,1216479,46.25
7880424,1216480,46.25
7880424,1216485,32.2
7880424,1216486,46.25
7880424,1216487,48.59
7880424,1216488,21.09
7880424,1216489,17.23
7880424,1216591,87.48
7880424,1216627,23.48
7880424,1216807,93.31
7880424,1216873,110.34
7880424,1217489,142.43
7880424,1217573,66.14
7880424,1217701,153.28
7880424,1217711,52.22
7880424,1218038,75.52
7880424,1218114,54.43
7880424,1218145,73.67
7880424,1218198,109.45
7880424,1218262,71.19
7880424,1218269,45.53
7880424,1218489,52.58
7880424,1218555,51.5
7880424,1218565,35.74
7880424,1218714,55.87
7880424,1218731,79.4
7880424,1218860,65.17
7880424,1218896,52.51
7880424,1219028,56.6
7880424,1219029,45.92
7880424,1219128,220.1
7880424,1219214,37.87
7880424,1219505,66.13
7880424,1219529,34.26
7880424,1219736,131.23
7880424,1219743,78.64
7880424,1220221,12.35
7880424,1220487,41.4
7880424,1220552,59.74
7880424,1220796,67.54
7880424,1220987,63.64
7880424,1221039,80.57
7880424,1221223,61.79
7880424,1221316,66.08
7880424,1221329,56.53
7880424,1221831,47.09
7880424,1222223,50.84
7880424,1222321,75.41
7880424,1222384,109.07
7880424,1222385,113.44
7880424,1222475,52.69
7880424,1222492,50.91
7880424,1222635,40.61
7880424,1222871,65.06
7880424,1222873,35.82
7880424,1222874,31.5
7880424,1222916,58.24
7880424,1222918,57.97
7880424,1222969,28.29
7880424,1222972,108.82
7880424,1222976,47.79
7880424,1222978,23.66
7880424,1223033,105.04
7880424,1223083,86.99
7880424,1223150,62.97
7880424,1223291,134.5
7880424,1223342,56.1
7880424,1223350,66.3
7880424,1223384,100.56
7880424,1223390,72.28
7880424,1223506,71.69
7880424,1223564,59.93
7880424,1223575,82.08
7880424,1223661,61.33
7880424,1224222,47.56
7880424,1224450,58.86
7880424,1225248,98.57
7880424,1225450,89.95
7880424,1225646,51.37
7880424,1225744,16.77
7880424,1225766,102.11
7880424,1226068,52.01
7880424,1226191,152.55
7880424,1226250,94.51
7880424,1226251,117
7880424,1226252,175.34
7880424,1226253,129.93
7880424,1226545,96.59
7880424,1226969,78.27
7880424,1226986,34.26
7880424,1226989,109.65
7880424,1227049,59.31
7880424,1227430,68.62
7880424,1227765,55.53
7880424,1227784,33.73
7880424,1227973,58.5
7880424,1227975,58.48
7880424,1228061,43.54
7880424,1228062,43.54
7880424,1228201,45.67
7880424,1228375,73.9
7880424,1228379,168.95
7880424,1228519,37.7
7880424,1228596,52.68
7880424,1228884,12.35
7880424,1228982,66.25
7880424,1229021,81.09
7880424,1229023,64.1
7880424,1229024,58.93
7880424,1229026,69.17
7880424,1229034,44.29
7880424,1229073,85.43
7880424,1229225,41.15
7880424,1229272,69.93
7880424,1229275,73.46
7880424,1229279,77.2
7880424,1229280,65.23
7880424,1229282,101.58
7880424,1229519,89.48
7880424,1229746,25.36
7880424,1229969,30.99
7880424,1229982,109.16
7880424,1230272,106.52
7880424,1230458,134.08
7880424,1230481,105.03
7880424,1230754,159.85
7880424,1230839,99.48
7880424,1231037,159.85
7880424,1231119,80.1
7880424,1231152,55.67
7880424,1231153,68.36
7880424,1231329,43.45
7880424,1231363,67.32
7880424,1231531,56.89
7880424,1231659,90.3
7880424,1231750,60.87
7880424,1231804,98.13
7880424,1231899,94.08
7880424,1231902,11.44
7880424,1232016,49.98
7880424,1232554,72.17
7880424,1233153,138.55
7880424,1233550,41.17
7880424,1233805,117.05
7880424,1233833,66.88
7880424,1233900,243.34
7880424,1234239,85.38
7880424,1234560,54.75
7880424,1234881,46.79
7880424,1234884,111.9
7880424,1234965,90.03
7880424,1235018,33.9
7880424,1235054,153.76
7880424,1235055,136.92
7880424,1235056,102.88
7880424,1235057,182.82
7880424,1235220,66.08
7880424,1235265,67.07
7880424,1235274,107.4
7880424,1236009,28.9
7880424,1236283,30.04
7880424,1236384,73.51
7880424,1236432,71.78
7880424,1236974,31.56
7880424,1236975,101.17
7880424,1236976,14.23
7880424,1236991,19.68
7880424,1236992,118.21
7880424,1236993,29.85
7880424,1236994,37.42
7880424,1236996,18.29
7880424,1236997,26.17
7880424,1237128,92.97
7880424,1237249,55.55
7880424,1237281,45.94
7880424,1237284,76.23
7880424,1237652,43.54
7880424,1237864,35.01
7880424,1237865,60.97
7880424,1237868,159.85
7880424,1237954,49.13
7880424,1238011,27.42
7880424,1238016,42.18
7880424,1238426,74.27
7880424,1238460,32.97
7880424,1238593,68.26
7880424,1238594,45.02
7880424,1238624,18.76
7880424,1238821,112.06
7880424,1238858,86.68
7880424,1239180,65.06
7880424,1239550,41.89
7880424,1239697,40.73
7880424,1239734,72
7880424,1239820,84.67
7880424,1239870,17.4
7880424,1239957,84.61
7880424,1240070,55.81
7880424,1240471,43.31
7880424,1240480,51.19
7880424,1240934,33.81
7880424,1240935,36.4
7880424,1240937,34.89
7880424,1241028,63.24
7880424,1241174,112.18
7880424,1241177,40.89
7880424,1241480,76.84
7880424,1241497,22.84
7880424,1241499,50.91
7880424,1241532,45.86
7880424,1241546,67.98
7880424,1241733,48.7
7880424,1241801,61.79
7880424,1241802,62.54
7880424,1241937,80.87
7880424,1241938,67.93
7880424,1241952,81.62
7880424,1241953,133.52
7880424,1241984,77.29
7880424,1242272,73.39
7880424,1242344,17.18
7880424,1242387,140.47
7880424,1242400,43.8
7880424,1242432,85.65
7880424,1242554,32.46
7880424,1243097,71.09
7880424,1243113,57.86
7880424,1243129,64.76
7880424,1243294,68.03
7880424,1243660,101.56
7880424,1243704,34.01
7880424,1243969,111.37
7880424,1244225,104.12
7880424,1244303,59.85
7880424,1244725,51.18
7880424,1244800,27.91
7880424,1244908,84.59
7880424,1245039,56.51
7880424,1245154,45.75
7880424,1245196,72.06
7880424,1245347,93.93
7880424,1245429,94.29
7880424,1245567,28.65
7880424,1245827,53.29
7880424,1245866,62.26
7880424,1245923,51.21
7880424,1245926,37.18
7880424,1245927,42.16
7880424,1245929,37.51
7880424,1245930,37
7880424,1246152,60.27
7880424,1246164,54.12
7880424,1246222,35.48
7880424,1246402,47.56
7880424,1246532,115.49
7880424,1246702,65.35
7880424,1246903,61.81
7880424,1247012,68.8
7880424,1247196,83.47
7880424,1247427,86.17
7880424,1247512,26.22
7880424,1247528,65.35
7880424,1247566,35.34
7880424,1247743,68.6
7880424,1247754,34.58
7880424,1247794,32.71
7880424,1247930,100.96
7880424,1248237,116.41
7880424,1248262,73.35
7880424,1248275,66.19
7880424,1248364,80.67
7880424,1248453,76.2
7880424,1248580,56.93
7880424,1248955,98.95
7880424,1249141,38.15
7880424,1249194,56.26
7880424,1249547,69.76
7880424,1250326,58.49
7880424,1250429,28.16
7880424,1250758,71.32
7880424,1250798,46.14
7880424,1251099,58.49
7880424,1251267,95.99
7880424,1251288,101.56
7880424,1251611,65.87
7880424,1251613,73.35
7880424,1251614,92.68
7880424,1251615,70.73
7880424,1251616,70.73
7880424,1251617,70.73
7880424,1251625,67.34
7880424,1251851,65.87
7880424,1252235,65.87
7880424,1252237,92.68
7880424,1252293,48.88
7880424,1252745,80.67
7880424,1253227,48.88
7880424,1253228,38.34
7880424,1253732,33.59
7880424,1253749,71.94
7880424,1253873,61.24
7880424,1253876,90.15
7880424,1254089,112.54
7880424,1254090,89.55
7880424,1254565,54.96
7880424,1254708,56.27
7880424,1254813,111.15
7880424,1254928,95.6
7880424,1255301,60.48
7880424,1255303,30.49
7880424,1255304,37.96
7880424,1255305,123.9
7880424,1255306,52.57
7880424,1255308,89.08
7880424,1255309,73.32
7880424,1255310,132.7
7880424,1255504,141.16
7880424,1256082,106.58
7880424,1256096,65.87
7880424,1256364,75.85
7880424,1256386,64.54
7880424,1256511,64.26
7880424,1256837,64.12
7880424,1257025,93.76
7880424,1257046,122.85
7880424,1257139,58.63
7880424,1257256,156.55
7880424,1257268,28.6
7880424,1257356,38.73
7880424,1257358,53.9
7880424,1258149,103.41
7880424,1258438,74.57
7880424,1259235,42.06
7880424,1259338,83.97
7880424,1259353,122.74
7880424,1259811,74.69
7880424,1259885,38.56
7880424,1259929,61.01
7880424,1260001,52.97
7880424,1260659,79.99
7880424,1260860,94.47
7880424,1260976,57.91
7880424,1261122,80.01
7880424,1261124,83.97
7880424,1261280,34.5
7880424,1261377,69.28
7880424,1261823,84.62
7880424,1261840,99.33
7880424,1261893,71.66
7880424,1261931,71.66
7880424,1261934,73.76
7880424,1261970,80.95
7880424,1261991,108.3
7880424,1262263,89.37
7880424,1262418,54.43
7880424,1262488,71.94
7880424,1262490,116.39
7880424,1262534,59.49
7880424,1262608,95.47
7880424,1262631,78.46
7880424,1262789,71.79
7880424,1263072,33.34
7880424,1263080,86.76
7880424,1263222,109.57
7880424,1263352,70.28
7880424,1263371,85.4
7880424,1263473,54.43
7880424,1264001,38.46
7880424,1264107,79.99
7880424,1264343,37.52
7880424,1264347,43.16
7880424,1264349,45.91
7880424,1264362,64.47
7880424,1264363,42.15
7880424,1264370,40.35
7880424,1264463,33.79
7880424,1264532,35.43
7880424,1264923,89.04
7880424,1265154,47.92
7880424,1265155,47.43
7880424,1265161,30.84
7880424,1265273,108.25
7880424,1265314,93.12
7880424,1265568,47.45
7880424,1265816,74.06
7880424,1265857,134.06
7880424,1265883,65.79
7880424,1265884,74.5
7880424,1266250,30.3
7880424,1266445,82.17
7880424,1266684,110.23
7880424,1266735,42.8
7880424,1266746,62.25
7880424,1266887,47.79
7880424,1267215,65.87
7880424,1267241,53.42
7880424,1267787,60.44
7880424,1267791,60.55
7880424,1267886,62.7
7880424,1268100,62.18
7880424,1268101,62.18
7880424,1268104,54.43
7880424,1268105,54.43
7880424,1268108,40.49
7880424,1268109,54.43
7880424,1268173,57.47
7880424,1268246,73.99
7880424,1268451,45.79
7880424,1268609,54.84
7880424,1268670,49.85
7880424,1268728,36.98
7880424,1268826,66.34
7880424,1268829,67.53
7880424,1269244,34.59
7880424,1269299,92.31
7880424,1269530,106.18
7880424,1269834,45.29
7880424,1270102,65.87
7880424,1270104,51.96
7880424,1270265,93.6
7880424,1270518,38.24
7880424,1270535,31.91
7880424,1270679,82.17
7880424,1270841,55.05
7880424,1271110,77.76
7880424,1271123,40.26
7880424,1271202,85.7
7880424,1271530,49.48
7880424,1271593,56.89
7880424,1271594,56.6
7880424,1271595,57.03
7880424,1271635,84.72
7880424,1271637,83.8
7880424,1271869,98.34
7880424,1272033,115.71
7880424,1272066,82.06
7880424,1272123,82.17
7880424,1272124,85.65
7880424,1272295,51.5
7880424,1272298,41.23
7880424,1272426,44.97
7880424,1272429,33.61
7880424,1272431,33.61
7880424,1272432,33.61
7880424,1272454,94.35
7880424,1272461,59.58
7880424,1272522,102.63
7880424,1272808,58.11
7880424,1272964,37.89
7880424,1273073,67.08
7880424,1273089,94.35
7880424,1273093,94.35
7880424,1273216,53.39
7880424,1273218,57.26
7880424,1273246,97.75
7880424,1273341,68.98
7880424,1273440,61.02
7880424,1273503,84.93
7880424,1273524,65.87
7880424,1273698,70.73
7880424,1273928,49.42
7880424,1274276,83.15
7880424,1274793,26.09
7880424,1274969,69.78
7880424,1275628,72.38
7880424,1275887,60.64
7880424,1275960,41.91
7880424,1276421,26.83
7880424,1276448,108.91
7880424,1276461,67.11
7880424,1276580,101.52
7880424,1277046,79.37
7880424,1277908,77.26
7880424,1278471,35.28
7880424,1278533,51.32
7880424,1278534,71.15
7880424,1278535,40.53
7880424,1278536,72.45
7880424,1278704,153.95
7880424,1279594,151.65
7880424,1279601,34.09
7880424,1279604,21.6
7880424,1280406,91.4
7880424,1280408,82.35
7880424,1280409,44.64
7880424,1280517,26.42
7880424,1280569,59.87
7880424,1280843,93.53
7880424,1280844,152.12
7880424,1281082,112.4
7880424,1281087,62.62
7880424,1281161,70.83
7880424,1281163,45.85
7880424,1281164,35.72
7880424,1281174,66.4
7880424,1281597,85.65
7880424,1282187,87.48
7880424,1282346,72.06
7880424,1282347,66.64
7880424,1282371,70.73
7880424,1282495,53.96
7880424,1282802,120.83
7880424,1282899,47.56
7880424,1282906,156.55
7880424,1283001,75.37
7880424,1283015,38.93
7880424,1283044,37.39
7880424,1283429,40.49
7880424,1283511,49.76
7880424,1283642,140.75
7880424,1283715,58.16
7880424,1283776,22.7
7880424,1283808,76.8
7880424,1283831,79.99
7880424,1283981,82.35
7880424,1284024,45.75
7880424,1284173,52.23
7880424,1284179,47.12
7880424,1284238,48.44
7880424,1284276,25.36
7880424,1284496,47.56
7880424,1284685,50.43
7880424,1285020,31.35
7880424,1285021,31.35
7880424,1285022,31.35
7880424,1285282,78.1
7880424,1285805,69.51
7880424,1286209,28.74
7880424,1287162,64.19
7880424,1287305,121.82
7880424,1287319,21.3
7880424,1287508,122.88
7880424,1287528,20.75
7880424,1287642,95.75
7880424,1287822,109.53
7880424,1288217,71.82
7880424,1289080,54.43
7880424,1289268,35.85
7880424,1289469,88.57
7880424,1289722,37.25
7880424,1290043,92.37
7880424,1290395,50.8
7880424,1290544,42.39
7880424,1290561,48.61
7880424,1290842,33.4
7880424,1290852,45.97
7880424,1291081,43.03
7880424,1291374,35.63
7880424,1291396,76.04
7880424,1291397,78.1
7880424,1291517,62.58
7880424,1291742,46.41
7880424,1292094,96.97
7880424,1292626,103.65
7880424,1292867,23.92
7880424,1293052,40.49
7880424,1293300,36.75
7880424,1293424,66.92
7880424,1293443,54.18
7880424,1293642,72.81
7880424,1293793,24
7880424,1293796,23.78
7880424,1293850,153.13
7880424,1294015,90.48
7880424,1294087,67.56
7880424,1294229,82.35
7880424,1294287,76.15
7880424,1294557,38.7
7880424,1294639,64.84
7880424,1294644,39.01
7880424,1294735,61.26
7880424,1294853,59.4
7880424,1295801,86.01
7880424,1295822,50.57
7880424,1295823,54.91
7880424,1295824,58.71
7880424,1295826,40.39
7880424,1295991,22.06
7880424,1296009,98.53
7880424,1296036,40.49
7880424,1296078,37.42
7880424,1296384,65.87
7880424,1296486,26.99
7880424,1296497,50.37
7880424,1296717,76.15
7880424,1296750,90.51
7880424,1297191,30.06
7880424,1297618,87.58
7880424,1297779,92.35
7880424,1297870,13.8
7880424,1297871,13.02
7880424,1298122,119.22
7880424,1298194,44.29
7880424,1298216,78.25
7880424,1299438,23.91
7880424,1300183,104.05
7880424,1300393,54.22
7880424,1300648,12.9
7880424,1300908,111.44
7880424,1300909,53.35
7880424,1300913,10.6
7880424,1300917,66.03
7880424,1301058,155.69
7880424,1302573,89.08
7880424,1302888,112.79
7880424,1303202,160.51
7880424,1303246,37.2
7880424,1303268,79.25
7880424,1303449,90.61
7880424,1303473,82.79
7880424,1303628,91.06
7880424,1303996,37.26
7880424,1304110,40.48
7880424,1304573,111.83
7880424,1304853,71.17
7880424,1305085,83.5
7880424,1305283,82.06
7880424,1305284,42.24
7880424,1305384,53.18
7880424,1305404,68.69
7880424,1305405,41.04
7880424,1305596,53.18
7880424,1305805,152.4
7880424,1305826,53.18
7880424,1305991,50.72
7880424,1306001,53.18
7880424,1306162,53.18
7880424,1306346,92.67
7880424,1306705,60.03
7880424,1307122,55.99
7880424,1307761,89.08
7880424,1307901,47.56
7880424,1308153,122.67
7880424,1308161,84.24
7880424,1308186,74
7880424,1308190,74.74
7880424,1308225,54.36
7880424,1308592,36.16
7880424,1308855,112.06
7880424,1309848,76.15
7880424,1309937,53.18
7880424,1310288,156.55
7880424,1310705,53.18
7880424,1310968,54.81
7880424,1311077,92.35
7880424,1311945,59.65
7880424,1312213,34.14
7880424,1312386,49.48
7880424,1312600,230.95
7880424,1312786,53.18
7880424,1312872,53.18
7880424,1312889,84.44
7880424,1312939,105.25
7880424,1313710,25.65
7880424,1314062,37.13
7880424,1314063,34.28
7880424,1314565,53.95
7880424,1315043,71.76
7880424,1315195,48.84
7880424,1315201,57.89
7880424,1315291,34.49
7880424,1315302,76.15
7880424,1315529,66.26
7880424,1315710,95.61
7880424,1315858,64.55
7880424,1315929,30
7880424,1315930,27.26
7880424,1315984,41.16
7880424,1316141,133.57
7880424,1316338,56.83
7880424,1316475,60.43
7880424,1316651,146.76
7880424,1316802,54
7880424,1317668,107.72
7880424,1317670,101.58
7880424,1317674,136.79
7880424,1318183,85.43
7880424,1318187,37.08
7880424,1318188,48.22
7880424,1318526,54.66
7880424,1318527,83.64
7880424,1318538,28.65
7880424,1318741,36.6
7880424,1318924,57.35
7880424,1319522,112.19
7880424,1319523,122.82
7880424,1319524,134.35
7880424,1319525,150.35
7880424,1320740,75.11
7880424,1320796,76.8
7880424,1320881,55.05
7880424,1320991,102.27
7880424,1321142,98.89
7880424,1321143,37.24
7880424,1321164,88.4
7880424,1321297,52.93
7880424,1321510,72.53
7880424,1321896,73.34
7880424,1322478,37.51
7880424,1322479,37.51
7880424,1322480,37.51
7880424,1322481,17.25
7880424,1322791,101.76
7880424,1322801,39.01
7880424,1322886,36.09
7880424,1322958,74.3
7880424,1323335,201.6
7880424,1323341,60.44
7880424,1323348,100.92
7880424,1323358,114.47
7880424,1323566,80.05
7880424,1323589,46
7880424,1323656,33.17
7880424,1323657,55.87
7880424,1323990,166.99
7880424,1324264,199.93
7880424,1324265,78.37
7880424,1324473,179.76
7880424,1324510,54.87
7880424,1324522,201.6
7880424,1324672,58.1
7880424,1324782,58.51
7880424,1325136,60.35
7880424,1325184,165.61
7880424,1325396,78
7880424,1325423,78.87
7880424,1325546,49.53
7880424,1325577,92.22
7880424,1326034,161.9
7880424,1326042,44.91
7880424,1326082,37.74
7880424,1326382,61.01
7880424,1326746,34.18
7880424,1326915,58.1
7880424,1326918,56.93
7880424,1326923,27.04
7880424,1326925,31.76
7880424,1326927,60.48
7880424,1326929,35.79
7880424,1326933,71.62
7880424,1326934,69.15
7880424,1326935,38
7880424,1326939,45.33
7880424,1326941,63.7
7880424,1326942,107.77
7880424,1326943,104.57
7880424,1326944,76.99
7880424,1326948,21
7880424,1326949,41.99
7880424,1326950,41.99
7880424,1326952,35.79
7880424,1326953,40.39
7880424,1326955,40.33
7880424,1327121,56.93
7880424,1327193,86.09
7880424,1328040,51.59
7880424,1328041,51.6
7880424,1328062,54.87
7880424,1328067,134.5
7880424,1328240,65.33
7880424,1328242,51.69
7880424,1328675,70.64
7880424,1328961,79.38
7880424,1328963,38.19
7880424,1329139,108.46
7880424,1329212,83.24
7880424,1329257,110.18
7880424,1329403,43.47
7880424,1329606,37.51
7880424,1329662,51.69
7880424,1329849,34.13
7880424,1330428,54.34
7880424,1330856,91.02
7880424,1330876,33.71
7880424,1330973,126.65
7880424,1331071,90.86
7880424,1331465,58.24
7880424,1331497,123.1
7880424,1331701,52.74
7880424,1331772,91.57
7880424,1331996,85.64
7880424,1331998,17.39
7880424,1332022,85.61
7880424,1332228,158.34
7880424,1332474,18.42
7880424,1332626,72.02
7880424,1332637,92.79
7880424,1332717,72.76
7880424,1332962,53.3
7880424,1333996,64.94
7880424,1334164,78.28
7880424,1334166,85.11
7880424,1334636,56.9
7880424,1335527,119.96
7880424,1335914,67.85
7880424,1335957,34.86
7880424,1335990,45.22
7880424,1335995,103.75
7880424,1335996,50.84
7880424,1335997,46.4
7880424,1335999,77.59
7880424,1336001,93.33
7880424,1336011,83.62
7880424,1336588,74.6
7880424,1337056,47.79
7880424,1337598,56.83
7880424,1337682,61.09
7880424,1337683,56.79
7880424,1337746,39.76
7880424,1337747,40.53
7880424,1337994,19.93
7880424,1338066,126.98
7880424,1338067,59.77
7880424,1338258,137.74
7880424,1338442,91.92
7880424,1338620,40.41
7880424,1338683,124.96
7880424,1339467,42.09
7880424,1339468,36.19
7880424,1339499,80.1
7880424,1339957,30.91
7880424,1340498,31.89
7880424,1340530,65.14
7880424,1340621,119.35
7880424,1340686,116.08
7880424,1340712,70.68
7880424,1340740,60.52
7880424,1341513,55.17
7880424,1342335,24
7880424,1342336,22.49
7880424,1342337,23.91
7880424,1342373,105.25
7880424,1342846,20.9
7880424,1342934,106.18
7880424,1343208,72.02
7880424,1343211,119.35
7880424,1343212,133.57
7880424,1343214,141
7880424,1343215,128.85
7880424,1343216,206.43
7880424,1343433,84.7
7880424,1343515,86.95
7880424,1343516,70.12
7880424,1343518,81.71
7880424,1343519,106.05
7880424,1343566,53.07
7880424,1343567,55.37
7880424,1344109,70.2
7880424,1344740,124
7880424,1344797,20.88
7880424,1345066,59.33
7880424,1345102,116.9
7880424,1345104,55.48
7880424,1345141,58.88
7880424,1345213,84.7
7880424,1345230,77.97
7880424,1345232,77.97
7880424,1345459,117.19
7880424,1345625,63.31
7880424,1345673,97.93
7880424,1345687,27.59
7880424,1345800,91.37
7880424,1345825,112.06
7880424,1345935,20.63
7880424,1346076,121.1
7880424,1346259,107.44
7880424,1346554,77.6
7880424,1346915,86.95
7880424,1348183,27.6
7880424,1348430,78.48
7880424,1348607,110.18
7880424,1348608,79.99
7880424,1348609,79.99
7880424,1348660,50.46
7880424,1349142,96.05
7880424,1349181,83.89
7880424,1349182,39.68
7880424,1349260,77.6
7880424,1349261,77.6
7880424,1350383,58.43
7880424,1350384,62.03
7880424,1350833,47.31
7880424,1350838,81.5
7880424,1351221,110.35
7880424,1351525,95.75
7880424,1351644,66.1
7880424,1351712,86.57
7880424,1351713,81.36
7880424,1351714,71.52
7880424,1351715,72.31
7880424,1351716,63.48
7880424,1351717,68.61
7880424,1351718,65.84
7880424,1351832,107.64
7880424,1351833,37.19
7880424,1352823,26.88
7880424,1352970,50.84
7880424,1352979,49.9
7880424,1353025,99.79
7880424,1353027,89.36
7880424,1353058,50.88
7880424,1353550,62.84
7880424,1353586,38.26
7880424,1353620,79.71
7880424,1354406,54.71
7880424,1354519,73.28
7880424,1354522,67.33
7880424,1354625,152.03
7880424,1354630,231.43
7880424,1354749,109.64
7880424,1354829,28.11
7880424,1355215,89.41
7880424,1355362,95.53
7880424,1355623,69.2
7880424,1355832,89.48
7880424,1355834,89.48
7880424,1355835,89.48
7880424,1356190,50.8
7880424,1356191,46.28
7880424,1356193,40.42
7880424,1356248,60.23
7880424,1356392,54.59
7880424,1356393,51.53
7880424,1356526,62.82
7880424,1356856,66.02
7880424,1356998,70.68
7880424,1357178,105.21
7880424,1357179,79.99
7880424,1357358,98.54
7880424,1357385,71.75
7880424,1357386,58.36
7880424,1357388,94.94
7880424,1357389,126.03
7880424,1357397,65.7
7880424,1357416,56.64
7880424,1357424,58.36
7880424,1357634,88.67
7880424,1357650,62.48
7880424,1358070,73.13
7880424,1358071,69.2
7880424,1358163,237.41
7880424,1358274,34.63
7880424,1358716,140.02
7880424,1358762,44.64
7880424,1359055,32.19
7880424,1359578,98.58
7880424,1359605,43.37
7880424,1359636,179.64
7880424,1359703,87.42
7880424,1359708,59.79
7880424,1359759,42.24
7880424,1359833,183.93
7880424,1359954,72.7
7880424,1360341,56.24
7880424,1360461,45.29
7880424,1360971,43.73
7880424,1361403,73.89
7880424,1361704,40.81
7880424,1362063,44.55
7880424,1362121,76.15
7880424,1362123,54.54
7880424,1362148,79.58
7880424,1362197,43.63
7880424,1362342,43.67
7880424,1362344,82.17
7880424,1362391,87.17
7880424,1362434,43.67
7880424,1362516,30.65
7880424,1362837,64.73
7880424,1362838,57.56
7880424,1363077,61.95
7880424,1363521,79.15
7880424,1363607,44.01
7880424,1363817,82.8
7880424,1363857,27.85
7880424,1363885,45.41
7880424,1364033,32.75
7880424,1364146,65.08
7880424,1364768,44.82
7880424,1364833,105.28
7880424,1365293,43.82
7880424,1365325,80.41
7880424,1365671,17.49
7880424,1366156,66
7880424,1366229,85.56
7880424,1366439,59.41
7880424,1367358,43.62
7880424,1367623,76.52
7880424,1367635,20.62
7880424,1368308,78.81
7880424,1368660,68.8
7880424,1368661,108.58
7880424,1368675,56.48
7880424,1368676,55.48
7880424,1368677,45.82
7880424,1369273,75.08
7880424,1369274,84.64
7880424,1369305,93.07
7880424,1370067,36.39
7880424,1370280,47.01
7880424,1370408,52.56
7880424,1370444,28.2
7880424,1370595,61.94
7880424,1370710,110.12
7880424,1370929,73.8
7880424,1371241,128.78
7880424,1371242,88.71
7880424,1371567,101.27
7880424,1371939,51
7880424,1372571,47.96
7880424,1372731,59.29
7880424,1372742,102.44
7880424,1373009,55.44
7880424,1373020,69.76
7880424,1373329,52.85
7880424,1373362,64.61
7880424,1373390,75.16
7880424,1373646,45.91
7880424,1374501,95.75
7880424,1374953,103.27
7880424,1374998,148.74
7880424,1375061,60.78
7880424,1375062,85.99
7880424,1375549,29.89
7880424,1376174,68.09
7880424,1376184,134.19
7880424,1376642,23.74
7880424,1376925,64.65
7880424,1377008,66.68
7880424,1377052,58.78
7880424,1377055,82.17
7880424,1377151,313.78
7880424,1377366,128.69
7880424,1377384,214.58
7880424,1377386,88.38
7880424,1377387,101.98
7880424,1377391,59.36
7880424,1377393,126.86
7880424,1377395,160.01
7880424,1377396,71.86
7880424,1377553,55.41
7880424,1377554,55.41
7880424,1377577,14.15
7880424,1377725,44.53
7880424,1377839,57.81
7880424,1377856,57.97
7880424,1378036,74.81
7880424,1378512,22.48
7880424,1378773,70.48
7880424,1378867,76.15
7880424,1378884,46.62
7880424,1378991,60.52
7880424,1379017,56.56
7880424,1379027,47.59
7880424,1379406,30.51
7880424,1379700,146.41
7880424,1379738,70.12
7880424,1379897,46.53
7880424,1379910,92.18
7880424,1379911,91.7
7880424,1380462,69.28
7880424,1380987,55.41
7880424,1380988,76.21
7880424,1381437,67.57
7880424,1381543,111.91
7880424,1383429,54.95
7880424,1383458,128.97
7880424,1383516,115.52
7880424,1383581,71.56
7880424,1383696,43.67
7880424,1383720,58.51
7880424,1383740,62.53
7880424,1384017,41.98
7880424,1384030,31.25
7880424,1384079,89.15
7880424,1384116,52.83
7880424,1384203,69.72
7880424,1384436,134.57
7880424,1384662,90.44
7880424,1384809,97.37
7880424,1384927,70.91
7880424,1385522,92.67
7880424,1385670,86.56
7880424,1386321,68.06
7880424,1386621,49.67
7880424,1386948,109.41
7880424,1386959,45.69
7880424,1387124,73.96
7880424,1387285,83.19
7880424,1387414,74.73
7880424,1387996,54.33
7880424,1387997,54.23
7880424,1387999,67.82
7880424,1388366,93.86
7880424,1388768,44.14
7880424,1388966,52.58
7880424,1389666,44.98
7880424,1389761,79.5
7880424,1390282,46.17
7880424,1390283,51.28
7880424,1390284,61.35
7880424,1390359,81.6
7880424,1390965,94.97
7880424,1391548,36.42
7880424,1393128,55.32
7880424,1393149,70.85
7880424,1394132,98.58
7880424,1395316,134.5
7880424,1396550,54.48
7880424,1396995,99.37
7880424,1397577,44.15
7880424,1398770,123.08
7880424,1398837,82.92
7880424,1398838,32.45
7880424,1399401,57.47
7880424,1400450,31.18
7880424,1401047,47.83
7880424,1401650,84.62
7880424,1402886,160.51
7880424,1403569,73.89
7880424,1403825,39.48
7880424,1403826,43.03
7880424,1403870,63.78
7880424,1403871,111.25
7880424,1403877,35.82
7880424,1403878,23.67
7880424,1404128,129.26
7880424,1404330,39.48
7880424,1404851,125.65
7880424,1404999,114.91
7880424,1405240,23.26
7880424,1406389,124.34
7880424,1406405,86.99
7880424,1406456,106.4
7880424,1406559,160.51
7880424,1406861,34.34
7880424,1408585,101.79
7880424,1409729,95.4
7880424,1409990,82.67
7880424,1004324,64.01
7880424,1004325,72.34
7880424,1004974,74.36
7880424,1004975,71.45
7880424,1008384,121.22
7880424,1008995,85.89
7880424,1009590,158.48
7880424,1011023,54.88
7880424,1011590,62.86
7880424,1011608,116.23
7880424,1011610,155.1
7880424,1013003,72.84
7880424,1014986,97.57
7880424,1014987,61.39
7880424,1014988,148.97
7880424,1014997,68.92
7880424,1015016,91.54
7880424,1015060,61.84
7880424,1016612,43.33
7880424,1018075,31.29
7880424,1018079,47.25
7880424,1018081,47.84
7880424,1018087,26.9
7880424,1018097,31.41
7880424,1018099,31.36
7880424,1018104,31.36
7880424,1018105,31.41
7880424,1018119,39.64
7880424,1018146,70.68
7880424,1018147,67.21
7880424,1018151,70.68
7880424,1018162,45.61
7880424,1018163,41.65
7880424,1018173,58.21
7880424,1018177,60.75
7880424,1018194,32.25
7880424,1018195,32.19
7880424,1018201,41.42
7880424,1018217,32.19
7880424,1018226,39.1
7880424,1018238,39.1
7880424,1018253,26.55
7880424,1018259,76.33
7880424,1018264,52.08
7880424,1018266,60.85
7880424,1018275,60.75
7880424,1018278,60.21
7880424,1018306,24.25
7880424,1018307,19.12
7880424,1018310,23.38
7880424,1018311,50.24
7880424,1018329,35.58
7880424,1018332,49.14
7880424,1018338,31.64
7880424,1018341,31.64
7880424,1018346,31.27
7880424,1018352,42.75
7880424,1018353,42.75
7880424,1018363,34.17
7880424,1018376,23.64
7880424,1018377,19.08
7880424,1018379,19.06
7880424,1018382,18.7
7880424,1018386,18.69
7880424,1018390,18.7
7880424,1018392,26.88
7880424,1018398,19.12
7880424,1018399,23.64
7880424,1018403,21.77
7880424,1018407,27.53
7880424,1018408,27.53
7880424,1018418,28.12
7880424,1018424,27.7
7880424,1018430,51
7880424,1018431,34.33
7880424,1018439,34.2
7880424,1018440,30.31
7880424,1018443,36.79
7880424,1018445,35.28
7880424,1018464,26.39
7880424,1018473,20.79
7880424,1018474,35.68
7880424,1018490,71.73
7880424,1018679,52.28
7880424,1018680,52.28
7880424,1018683,56.52
7880424,1018691,66
7880424,1018694,75.89
7880424,1019573,102.81
7880424,1019575,86.57
7880424,1019576,109.58
7880424,1019806,61.39
7880424,1020800,66.78
7880424,1020801,73.29
7880424,1027066,30.65
7880424,1028304,51.29
7880424,1031492,45.36
7880424,1031493,45.36
7880424,1032801,55.36
7880424,1033716,181.57
7880424,1033983,60.77
7880424,1083224,82.97
7880424,1083225,82.97
7880424,1083226,82.97
7880424,1141993,169.94
7880424,1146806,107.58
7880424,1154097,85.15
7880424,1155503,53.22
7880424,1155816,114.52
7880424,1158727,155.1
7880424,1164426,90.51
7880424,1164593,53.22
7880424,1164594,53.22
7880424,1165148,107.12
7880424,1165667,67.17
7880424,1166965,35.6
7880424,1167691,62.78
7880424,1170441,134.5
7880424,1170442,276.52
7880424,1170443,138.35
7880424,1170636,55.71
7880424,1171184,86.47
7880424,1171583,54.89
7880424,1172517,83.95
7880424,1172650,86.12
7880424,1172858,137.68
7880424,1173353,85.97
7880424,1174160,85.15
7880424,1174161,116.22
7880424,1174264,45.43
7880424,1174265,45.43
7880424,1174266,45.43
7880424,1175059,141.76
7880424,1175298,128.57
7880424,1175702,87.78
7880424,1175738,167.49
7880424,1175813,71.22
7880424,1176294,175.51
7880424,1177425,75.05
7880424,1177430,94.7
7880424,1181275,134.87
7880424,1185176,86.76
7880424,1185475,107.12
7880424,1185476,101.87
7880424,1185477,94.76
7880424,1187434,49.71
7880424,1193975,45.06
7880424,1199094,100.72
7880424,1199096,75.7
7880424,1199097,75.56
7880424,1199098,86.12
7880424,1199100,90.51
7880424,1199102,83.95
7880424,1199104,94.63
7880424,1199105,103.83
7880424,1199106,72.84
7880424,1199107,61.39
7880424,1200246,100.72
7880424,1200545,82.79
7880424,1205857,175.47
7880424,1208751,53.22
7880424,1208799,90.93
7880424,1208800,70.67
7880424,1209204,93.66
7880424,1209205,108.94
7880424,1209207,129.74
7880424,1209439,78.89
7880424,1209802,95.66
7880424,1209803,120.5
7880424,1209820,53.99
7880424,1210027,75.39
7880424,1211189,75.56
7880424,1211900,26.82
7880424,1213998,134.6
7880424,1214126,189.3
7880424,1214561,94.63
7880424,1215162,61.49
7880424,1215200,94.76
7880424,1215385,79.49
7880424,1215430,120.32
7880424,1216041,99.56
7880424,1216101,98.13
7880424,1216102,118.01
7880424,1216518,77.98
7880424,1217603,123.54
7880424,1217879,84.35
7880424,1217947,134.19
7880424,1217948,108.73
7880424,1218707,107.13
7880424,1218771,124.2
7880424,1219683,141.9
7880424,1219684,107.23
7880424,1219689,314.79
7880424,1220337,93.32
7880424,1220338,49.7
7880424,1220395,111.61
7880424,1222059,73.54
7880424,1222341,101.82
7880424,1222731,79.09
7880424,1223821,69.86
7880424,1223917,117.45
7880424,1224182,62
7880424,1226207,143.98
7880424,1226208,53.99
7880424,1226279,107.46
7880424,1226281,125.96
7880424,1226282,82.66
7880424,1226724,102.25
7880424,1226840,155.41
7880424,1227107,159.8
7880424,1227953,81.51
7880424,1228613,118.78
7880424,1229356,56.8
7880424,1229427,128.57
7880424,1229992,99.04
7880424,1230046,198.44
7880424,1231756,45.36
7880424,1232559,48.62
7880424,1232560,48.62
7880424,1232561,48.62
7880424,1234681,53.22
7880424,1235874,90.01
7880424,1236259,75.46
7880424,1236336,116.9
7880424,1237054,53.99
7880424,1237466,73.46
7880424,1237924,120.46
7880424,1238003,101.73
7880424,1239252,124.33
7880424,1239253,93.14
7880424,1240024,45.8
7880424,1241347,69.08
7880424,1241534,51.96
7880424,1242013,66.38
7880424,1243059,124.57
7880424,1243218,66.38
7880424,1243378,64.62
7880424,1243379,66.29
7880424,1245225,71.44
7880424,1245273,61.02
7880424,1246218,91.38
7880424,1246219,73
7880424,1246220,73.82
7880424,1246916,79.15
7880424,1246976,45.85
7880424,1247100,126.7
7880424,1247581,190.36
7880424,1248222,78.68
7880424,1248784,50.12
7880424,1248785,143.49
7880424,1248786,74.27
7880424,1248787,51.29
7880424,1249941,55.29
7880424,1251304,117.47
7880424,1251306,77.71
7880424,1251337,153.57
7880424,1253103,109.03
7880424,1253201,70.63
7880424,1253561,86.43
7880424,1253685,104.48
7880424,1253740,82.92
7880424,1254440,81.7
7880424,1254569,40.41
7880424,1255008,161.2
7880424,1255009,120.44
7880424,1255010,127.8
7880424,1255011,88.98
7880424,1255355,75.7
7880424,1255459,98.53
7880424,1255474,166.92
7880424,1255815,40.55
7880424,1257893,87.92
7880424,1259322,80.64
7880424,1259947,122.6
7880424,1259948,103.35
7880424,1261096,55.9
7880424,1261517,128.17
7880424,1261659,200.55
7880424,1261896,73.09
7880424,1262063,149.48
7880424,1262064,220.62
7880424,1262468,125.91
7880424,1262721,64.3
7880424,1262722,57.87
7880424,1262751,150.37
7880424,1262890,60.7
7880424,1262891,60.7
7880424,1262892,60.7
7880424,1263062,83.82
7880424,1263063,83.87
7880424,1263359,117.4
7880424,1263957,59.58
7880424,1264812,73.76
7880424,1264813,73.76
7880424,1265285,49.38
7880424,1265503,112.96
7880424,1266728,143.07
7880424,1267552,129.86
7880424,1268013,80.94
7880424,1268221,157.83
7880424,1268222,42.42
7880424,1268223,91.92
7880424,1268224,120.43
7880424,1268226,32.64
7880424,1268415,136.02
7880424,1268416,183.34
7880424,1268417,135.53
7880424,1269023,107.74
7880424,1269557,34.3
7880424,1271127,61.54
7880424,1273939,74.62
7880424,1274007,114.87
7880424,1274036,66.62
7880424,1274875,64.04
7880424,1276951,28.58
7880424,1278452,45.49
7880424,1279297,176.21
7880424,1279298,79.87
7880424,1279609,83.95
7880424,1279852,70.04
7880424,1279853,50.9
7880424,1279856,77.27
7880424,1279860,118.89
7880424,1279863,128.71
7880424,1279865,80.64
7880424,1279867,105.71
7880424,1279868,70.74
7880424,1279869,80.57
7880424,1279870,87.06
7880424,1281729,96.43
7880424,1282172,122.12
7880424,1282676,32.23
7880424,1283132,48.25
7880424,1283855,63.07
7880424,1285295,40.41
7880424,1287553,55.26
7880424,1288295,91.46
7880424,1290289,196.26
7880424,1290291,71.96
7880424,1290329,44.78
7880424,1291296,86.58
7880424,1292397,61.84
7880424,1293049,69.06
7880424,1293568,127.06
7880424,1294107,55.27
7880424,1295445,42.24
7880424,1296227,44.02
7880424,1296434,150.97
7880424,1296445,45.99
7880424,1296451,85.55
7880424,1296479,67.45
7880424,1296505,186.91
7880424,1296507,57.12
7880424,1298300,231.32
7880424,1299670,82.75
7880424,1300010,157.81
7880424,1301171,71.88
7880424,1302554,161.48
7880424,1303200,85.46
7880424,1304938,83.81
7880424,1304939,105.16
7880424,1305045,148.96
7880424,1307479,81.32
7880424,1309572,44.94
7880424,1309573,61.84
7880424,1309575,44.78
7880424,1309576,37.46
7880424,1309577,55.27
7880424,1309578,67.23
7880424,1309580,53.94
7880424,1309583,65.84
7880424,1309586,73.42
7880424,1309589,51.82
7880424,1311644,263.06
7880424,1312446,69
7880424,1312448,65.03
7880424,1312449,65.03
7880424,1312450,63.76
7880424,1312460,91.05
7880424,1312712,105.81
7880424,1312804,53.23
7880424,1313554,103.83
7880424,1313562,79.34
7880424,1314075,59.82
7880424,1315309,89.57
7880424,1319710,99.79
7880424,1320044,83.25
7880424,1320046,62.77
7880424,1321060,56.67
7880424,1322378,169.88
7880424,1322379,93.62
7880424,1323524,55.56
7880424,1324620,130.57
7880424,1325454,120.92
7880424,1325738,26.44
7880424,1325822,83.23
7880424,1326250,89.54
7880424,1326334,91.59
7880424,1327329,68.47
7880424,1328236,120.5
7880424,1329105,66.63
7880424,1329199,80.04
7880424,1330030,88.81
7880424,1330161,181.82
7880424,1331175,70.48
7880424,1331568,149.74
7880424,1331569,232.25
7880424,1331570,156.99
7880424,1331571,204.94
7880424,1331572,172.64
7880424,1331723,57.03
7880424,1332076,124.51
7880424,1332077,95.38
7880424,1332078,88.69
7880424,1332079,88.69
7880424,1332081,111.19
7880424,1332082,106.57
7880424,1332083,137.57
7880424,1332335,82.56
7880424,1334003,209.4
7880424,1335307,71.88
7880424,1337566,44
7880424,1337763,113.59
7880424,1338585,51.47
7880424,1338922,106.59
7880424,1339267,67.24
7880424,1339269,49.04
7880424,1339270,44.13
7880424,1339271,51.43
7880424,1339274,40.85
7880424,1339275,63.5
7880424,1339276,52.34
7880424,1339283,53.22
7880424,1339686,65.1
7880424,1341521,72.39
7880424,1341938,178.62
7880424,1341980,136.22
7880424,1344170,82.06
7880424,1345023,80.65
7880424,1345024,80.65
7880424,1345027,80.65
7880424,1345562,92.48
7880424,1347127,57.44
7880424,1347472,121.77
7880424,1347981,82.73
7880424,1351624,62.17
7880424,1352840,98.9
7880424,1352841,88.91
7880424,1352904,39.39
7880424,1352906,50.23
7880424,1352912,114.13
7880424,1354356,130.36
7880424,1356574,100.76
7880424,1357419,97.28
7880424,1360382,107.93
7880424,1360429,83.62
7880424,1360440,115.14
7880424,1371643,37.86
7880424,1376887,39.93
7880424,1378619,81.32
7880424,1380409,109.68
7880424,1380431,95.24
7880424,1380433,59.82
7880424,1380434,64.62
7880424,1380435,66.29
7880424,1380436,87.38
7880424,1380437,100.46
7880424,1380438,99.2
7880424,1380439,66.71
7880424,1380440,75.74
7880424,1383258,126.57
7880424,1383715,81.72
7880424,1384330,80.64
7880424,1384624,86.43
7880424,1384847,80.64
7880424,1385173,83.95
7880424,1385175,80.16
7880424,1386549,107.23
7880424,1386561,144.33
7880424,1387100,66.75
7880424,1388321,97.18
7880424,1388492,53.74
7880424,1388505,107.39
7880424,1388506,107.39
7880424,1388507,107.39
7880424,1388508,67.6
7880424,1388509,71.4
7880424,1388510,72.71
7880424,1388511,75.68
7880424,1388513,77.67
7880424,1388514,152.7
7880424,1388515,171.75
7880424,1388516,107.33
7880424,1388517,111.06
7880424,1388518,128.43
7880424,1388519,72.34
7880424,1388523,152.38
7880424,1388526,141.9
7880424,1388528,118.78
7880424,1388531,99.71
7880424,1388536,91.47
7880424,1388541,114.01
7880424,1388548,70.74
7880424,1388549,80.57
7880424,1388550,95.6
7880424,1388553,141.76
7880424,1388555,101.82
7880424,1390471,133.72
7880424,1391169,149.05
7880424,1395078,68.36
7880424,1395079,74.61
7880424,1395080,55.78
7880424,1395081,80.67
