Contract ID,SAP Code,Sell Price
700_Metz EVS,1000007,24.62
700_Metz EVS,1000008,55.4
700_Metz EVS,1000009,19.55
700_Metz EVS,1000010,67.42
700_Metz EVS,1000013,28.27
700_Metz EVS,1000046,26.47
700_Metz EVS,1000048,28
700_Metz EVS,1000067,56.01
700_Metz EVS,1000068,53.92
700_Metz EVS,1000069,80.48
700_Metz EVS,1000070,0.01
700_Metz EVS,1000072,28.19
700_Metz EVS,1000082,44.54
700_Metz EVS,1000088,43.85
700_Metz EVS,1000122,69.9
700_Metz EVS,1000161,45.51
700_Metz EVS,1000161,45.51
700_Metz EVS,1000162,28.07
700_Metz EVS,1000162,28.07
700_Metz EVS,1000171,38.3
700_Metz EVS,1000174,33.58
700_Metz EVS,1000231,935.16
700_Metz EVS,1000340,0.01
700_Metz EVS,1000348,41.79
700_Metz EVS,1000349,61.78
700_Metz EVS,1000355,35.74
700_Metz EVS,1000356,30.94
700_Metz EVS,1000364,23.99
700_Metz EVS,1000366,68.92
700_Metz EVS,1000367,110.53
700_Metz EVS,1000368,100.23
700_Metz EVS,1000371,64.3
700_Metz EVS,1000374,0.01
700_Metz EVS,1000378,155.34
700_Metz EVS,1000384,128.29
700_Metz EVS,1000385,73.67
700_Metz EVS,1000386,51.14
700_Metz EVS,1000393,86.65
700_Metz EVS,1000394,167.49
700_Metz EVS,1000395,73.24
700_Metz EVS,1000398,91.02
700_Metz EVS,1000399,64.4
700_Metz EVS,1000400,79.78
700_Metz EVS,1000401,87.96
700_Metz EVS,1000402,72.83
700_Metz EVS,1000403,76.29
700_Metz EVS,1000404,148.36
700_Metz EVS,1000414,87.64
700_Metz EVS,1000415,80.63
700_Metz EVS,1000417,72.05
700_Metz EVS,1000419,42.57
700_Metz EVS,1000420,35.46
700_Metz EVS,1000421,40.78
700_Metz EVS,1000423,31.51
700_Metz EVS,1000424,31.58
700_Metz EVS,1000425,44.02
700_Metz EVS,1000427,51.74
700_Metz EVS,1000428,53.09
700_Metz EVS,1000432,49.53
700_Metz EVS,1000433,64.18
700_Metz EVS,1000434,70.23
700_Metz EVS,1000435,55.67
700_Metz EVS,1000436,42.01
700_Metz EVS,1000437,40.62
700_Metz EVS,1000438,90.26
700_Metz EVS,1000439,50.13
700_Metz EVS,1000440,62.8
700_Metz EVS,1000441,55.07
700_Metz EVS,1000443,46.86
700_Metz EVS,1000444,57.53
700_Metz EVS,1000445,64.95
700_Metz EVS,1000446,43.79
700_Metz EVS,1000447,46.31
700_Metz EVS,1000463,40.85
700_Metz EVS,1000464,49.79
700_Metz EVS,1000465,28.92
700_Metz EVS,1000466,56.33
700_Metz EVS,1000467,44.08
700_Metz EVS,1000468,70.21
700_Metz EVS,1000469,84.21
700_Metz EVS,1000470,27.46
700_Metz EVS,1000471,47.31
700_Metz EVS,1000472,81.02
700_Metz EVS,1000473,33.13
700_Metz EVS,1000474,47.79
700_Metz EVS,1000475,59.23
700_Metz EVS,1000477,60.27
700_Metz EVS,1000486,35.73
700_Metz EVS,1000487,38.9
700_Metz EVS,1000489,35.07
700_Metz EVS,1000490,31.04
700_Metz EVS,1000491,25.16
700_Metz EVS,1000513,65.25
700_Metz EVS,1000514,77.11
700_Metz EVS,1000515,71.81
700_Metz EVS,1000521,21.51
700_Metz EVS,1000523,56.96
700_Metz EVS,1000524,28
700_Metz EVS,1000527,28.97
700_Metz EVS,1000527,28.97
700_Metz EVS,1000530,70.37
700_Metz EVS,1000530,70.37
700_Metz EVS,1000532,54.28
700_Metz EVS,1000532,54.28
700_Metz EVS,1000535,42.02
700_Metz EVS,1000535,42.02
700_Metz EVS,1000536,52.71
700_Metz EVS,1000536,52.71
700_Metz EVS,1000537,29.87
700_Metz EVS,1000537,29.87
700_Metz EVS,1000538,36.9
700_Metz EVS,1000538,36.9
700_Metz EVS,1000539,23.68
700_Metz EVS,1000539,23.68
700_Metz EVS,1000540,26.27
700_Metz EVS,1000540,26.27
700_Metz EVS,1000541,29.98
700_Metz EVS,1000541,29.98
700_Metz EVS,1000542,29.76
700_Metz EVS,1000542,29.76
700_Metz EVS,1000544,28.8
700_Metz EVS,1000544,28.8
700_Metz EVS,1000545,37.97
700_Metz EVS,1000545,37.97
700_Metz EVS,1000547,31.89
700_Metz EVS,1000547,31.89
700_Metz EVS,1000548,44.33
700_Metz EVS,1000548,44.33
700_Metz EVS,1000549,40.22
700_Metz EVS,1000549,40.22
700_Metz EVS,1000550,65.7
700_Metz EVS,1000550,65.7
700_Metz EVS,1000551,59.85
700_Metz EVS,1000551,59.85
700_Metz EVS,1000555,69.23
700_Metz EVS,1000555,69.23
700_Metz EVS,1000557,27.45
700_Metz EVS,1000557,27.45
700_Metz EVS,1000565,51.17
700_Metz EVS,1000566,243
700_Metz EVS,1000573,31.89
700_Metz EVS,1000630,50.62
700_Metz EVS,1000637,59.67
700_Metz EVS,1000641,85.84
700_Metz EVS,1000651,89.36
700_Metz EVS,1000652,103.86
700_Metz EVS,1000654,15.1
700_Metz EVS,1000655,69.97
700_Metz EVS,1000658,95.38
700_Metz EVS,1000659,40.54
700_Metz EVS,1000664,109.91
700_Metz EVS,1000667,75.19
700_Metz EVS,1000670,51.97
700_Metz EVS,1000678,85.53
700_Metz EVS,1000679,22.28
700_Metz EVS,1000680,25.16
700_Metz EVS,1000681,27.4
700_Metz EVS,1000685,22.46
700_Metz EVS,1000693,11.66
700_Metz EVS,1000694,13.21
700_Metz EVS,1000695,15.53
700_Metz EVS,1000697,20.42
700_Metz EVS,1000698,22.28
700_Metz EVS,1000699,11.66
700_Metz EVS,1000700,15.53
700_Metz EVS,1000704,11.66
700_Metz EVS,1000705,13.21
700_Metz EVS,1000707,22.28
700_Metz EVS,1000708,25.16
700_Metz EVS,1000709,37.4
700_Metz EVS,1000710,101.42
700_Metz EVS,1000712,40.39
700_Metz EVS,1000715,28.85
700_Metz EVS,1000717,22.28
700_Metz EVS,1000718,35.25
700_Metz EVS,1000720,49.52
700_Metz EVS,1000721,49.52
700_Metz EVS,1000800,70.95
700_Metz EVS,1000864,33.75
700_Metz EVS,1000864,33.75
700_Metz EVS,1000867,39.07
700_Metz EVS,1000996,52.39
700_Metz EVS,1001329,32.63
700_Metz EVS,1001329,32.63
700_Metz EVS,1001330,57.94
700_Metz EVS,1001330,57.94
700_Metz EVS,1001331,72.73
700_Metz EVS,1001331,72.73
700_Metz EVS,1001332,45.56
700_Metz EVS,1001338,56.14
700_Metz EVS,1001338,56.14
700_Metz EVS,1001345,7.48
700_Metz EVS,1001345,7.48
700_Metz EVS,1001347,57.4
700_Metz EVS,1001348,56.96
700_Metz EVS,1001349,51.6
700_Metz EVS,1001430,45.81
700_Metz EVS,1001440,58.04
700_Metz EVS,1001477,44.9
700_Metz EVS,1001619,30.32
700_Metz EVS,1001619,30.32
700_Metz EVS,1001670,59.74
700_Metz EVS,1001688,16.88
700_Metz EVS,1001688,16.88
700_Metz EVS,1001711,20.42
700_Metz EVS,1001717,17.16
700_Metz EVS,1001718,22.28
700_Metz EVS,1001725,42.79
700_Metz EVS,1001740,27.47
700_Metz EVS,1001745,63.23
700_Metz EVS,1001745,63.23
700_Metz EVS,1001746,24.61
700_Metz EVS,1001775,25.52
700_Metz EVS,1001826,17.16
700_Metz EVS,1001828,32.94
700_Metz EVS,1001864,73.14
700_Metz EVS,1001865,18.06
700_Metz EVS,1001868,60.86
700_Metz EVS,1001868,60.86
700_Metz EVS,1001919,47.8
700_Metz EVS,1001932,59.34
700_Metz EVS,1001932,59.34
700_Metz EVS,1001934,54.93
700_Metz EVS,1001967,39.1
700_Metz EVS,1001973,50.6
700_Metz EVS,1001980,15.07
700_Metz EVS,1001985,81.31
700_Metz EVS,1001985,81.31
700_Metz EVS,1002100,30.93
700_Metz EVS,1002500,38.25
700_Metz EVS,1002500,38.25
700_Metz EVS,1002503,59.33
700_Metz EVS,1002504,81.08
700_Metz EVS,1002505,31.84
700_Metz EVS,1002505,31.84
700_Metz EVS,1002506,28.69
700_Metz EVS,1002506,28.69
700_Metz EVS,1002509,25.43
700_Metz EVS,1002509,25.43
700_Metz EVS,1003048,15.87
700_Metz EVS,1003049,94.31
700_Metz EVS,1003059,28.19
700_Metz EVS,1003243,100.1
700_Metz EVS,1003280,35.33
700_Metz EVS,1003281,76.69
700_Metz EVS,1003282,113.34
700_Metz EVS,1003304,16.79
700_Metz EVS,1003350,48.32
700_Metz EVS,1003351,48.32
700_Metz EVS,1003352,47.78
700_Metz EVS,1003353,48.32
700_Metz EVS,1003354,54.02
700_Metz EVS,1003355,60.49
700_Metz EVS,1003356,59.78
700_Metz EVS,1003477,28.01
700_Metz EVS,1003477,28.01
700_Metz EVS,1003562,98.21
700_Metz EVS,1003568,41.04
700_Metz EVS,1003601,38.17
700_Metz EVS,1003636,44.92
700_Metz EVS,1004072,17
700_Metz EVS,1004607,7858.66
700_Metz EVS,1005144,39.38
700_Metz EVS,1005144,39.38
700_Metz EVS,1006033,18.52
700_Metz EVS,1006216,69.35
700_Metz EVS,1006340,247.91
700_Metz EVS,1007120,28.75
700_Metz EVS,1007123,70.54
700_Metz EVS,1007125,32.66
700_Metz EVS,1007127,41.81
700_Metz EVS,1007129,54.41
700_Metz EVS,1007159,64.68
700_Metz EVS,1007439,18.75
700_Metz EVS,1007626,178.16
700_Metz EVS,1007846,71.76
700_Metz EVS,1008211,5576.73
700_Metz EVS,1008289,23.58
700_Metz EVS,1009847,159.02
700_Metz EVS,1009848,122.89
700_Metz EVS,1009849,166.24
700_Metz EVS,1013524,9.2
700_Metz EVS,1023011,82.56
700_Metz EVS,1023027,73.76
700_Metz EVS,1023395,71.74
700_Metz EVS,1023404,51.58
700_Metz EVS,1023417,67.5
700_Metz EVS,1023445,75.4
700_Metz EVS,1023698,28.43
700_Metz EVS,1023753,35.99
700_Metz EVS,1023773,22.16
700_Metz EVS,1023773,22.16
700_Metz EVS,1023833,24.13
700_Metz EVS,1023833,24.13
700_Metz EVS,1023906,25.48
700_Metz EVS,1023906,25.48
700_Metz EVS,1023914,50.86
700_Metz EVS,1023915,40.91
700_Metz EVS,1023924,37.41
700_Metz EVS,1023924,37.41
700_Metz EVS,1023928,27.52
700_Metz EVS,1023972,27.12
700_Metz EVS,1023976,16.88
700_Metz EVS,1023976,16.88
700_Metz EVS,1024011,15.75
700_Metz EVS,1024011,15.75
700_Metz EVS,1024012,30.94
700_Metz EVS,1024012,30.94
700_Metz EVS,1024014,8.44
700_Metz EVS,1024014,8.44
700_Metz EVS,1024018,22.5
700_Metz EVS,1024018,22.5
700_Metz EVS,1024027,22.5
700_Metz EVS,1024027,22.5
700_Metz EVS,1024029,16.88
700_Metz EVS,1024029,16.88
700_Metz EVS,1024038,16.88
700_Metz EVS,1024038,16.88
700_Metz EVS,1024274,42.36
700_Metz EVS,1024278,55.8
700_Metz EVS,1024278,55.8
700_Metz EVS,1024280,34.03
700_Metz EVS,1024280,34.03
700_Metz EVS,1024282,55.41
700_Metz EVS,1024294,38.93
700_Metz EVS,1024294,38.93
700_Metz EVS,1024299,65.23
700_Metz EVS,1024301,39.76
700_Metz EVS,1024302,42.19
700_Metz EVS,1024302,42.19
700_Metz EVS,1024360,70.82
700_Metz EVS,1024360,70.82
700_Metz EVS,1024362,52.59
700_Metz EVS,1024362,52.59
700_Metz EVS,1024369,38.59
700_Metz EVS,1024369,38.59
700_Metz EVS,1024372,275.63
700_Metz EVS,1024372,275.63
700_Metz EVS,1024444,48.88
700_Metz EVS,1024444,48.88
700_Metz EVS,1024452,287.5
700_Metz EVS,1024452,287.5
700_Metz EVS,1024464,65.42
700_Metz EVS,1024464,65.42
700_Metz EVS,1024728,45
700_Metz EVS,1024728,45
700_Metz EVS,1024768,13.5
700_Metz EVS,1024768,13.5
700_Metz EVS,1024879,66.99
700_Metz EVS,1024879,66.99
700_Metz EVS,1024880,57.66
700_Metz EVS,1024880,57.66
700_Metz EVS,1024956,54.17
700_Metz EVS,1024956,54.17
700_Metz EVS,1024991,39.39
700_Metz EVS,1025113,65.05
700_Metz EVS,1025119,48.43
700_Metz EVS,1025119,48.43
700_Metz EVS,1025123,48.71
700_Metz EVS,1025128,47.53
700_Metz EVS,1025128,47.53
700_Metz EVS,1025129,39.59
700_Metz EVS,1025131,76.56
700_Metz EVS,1025131,76.56
700_Metz EVS,1025276,36.64
700_Metz EVS,1025298,29.87
700_Metz EVS,1025298,29.87
700_Metz EVS,1025299,64.35
700_Metz EVS,1025299,64.35
700_Metz EVS,1025315,42.85
700_Metz EVS,1025339,19.99
700_Metz EVS,1025360,57.54
700_Metz EVS,1025360,57.54
700_Metz EVS,1025624,22.5
700_Metz EVS,1025624,22.5
700_Metz EVS,1025627,11.25
700_Metz EVS,1025627,11.25
700_Metz EVS,1025628,33.75
700_Metz EVS,1025628,33.75
700_Metz EVS,1025640,11.25
700_Metz EVS,1025640,11.25
700_Metz EVS,1025652,1.41
700_Metz EVS,1025652,1.41
700_Metz EVS,1025653,1.41
700_Metz EVS,1025653,1.41
700_Metz EVS,1025661,1.41
700_Metz EVS,1025661,1.41
700_Metz EVS,1025680,27
700_Metz EVS,1025680,27
700_Metz EVS,1025693,22.85
700_Metz EVS,1025696,22.5
700_Metz EVS,1025696,22.5
700_Metz EVS,1025713,53.21
700_Metz EVS,1025713,53.21
700_Metz EVS,1025748,22.51
700_Metz EVS,1025750,51.13
700_Metz EVS,1025750,51.13
700_Metz EVS,1025755,36.48
700_Metz EVS,1025873,24.37
700_Metz EVS,1025929,38.98
700_Metz EVS,1025929,38.98
700_Metz EVS,1025969,9.84
700_Metz EVS,1025969,9.84
700_Metz EVS,1026001,60.53
700_Metz EVS,1026001,60.53
700_Metz EVS,1026002,47.59
700_Metz EVS,1026002,47.59
700_Metz EVS,1026062,45.62
700_Metz EVS,1026063,64.79
700_Metz EVS,1026078,50.06
700_Metz EVS,1026078,50.06
700_Metz EVS,1026099,11.25
700_Metz EVS,1026099,11.25
700_Metz EVS,1026102,11.25
700_Metz EVS,1026102,11.25
700_Metz EVS,1026121,51.3
700_Metz EVS,1026121,51.3
700_Metz EVS,1026144,57.26
700_Metz EVS,1026144,57.26
700_Metz EVS,1026181,25.91
700_Metz EVS,1026186,28.41
700_Metz EVS,1026186,28.41
700_Metz EVS,1026239,45.91
700_Metz EVS,1026247,11.25
700_Metz EVS,1026247,11.25
700_Metz EVS,1026248,11.25
700_Metz EVS,1026248,11.25
700_Metz EVS,1026253,30.94
700_Metz EVS,1026253,30.94
700_Metz EVS,1026255,14.63
700_Metz EVS,1026255,14.63
700_Metz EVS,1026298,35.65
700_Metz EVS,1026299,58.65
700_Metz EVS,1026306,37.26
700_Metz EVS,1026310,66.7
700_Metz EVS,1026376,38.64
700_Metz EVS,1026804,262.2
700_Metz EVS,1026807,38.3
700_Metz EVS,1026840,38.3
700_Metz EVS,1026927,70.15
700_Metz EVS,1026956,28.06
700_Metz EVS,1026964,41.4
700_Metz EVS,1026967,12.19
700_Metz EVS,1026981,7.48
700_Metz EVS,1026981,7.48
700_Metz EVS,1026988,28.46
700_Metz EVS,1026988,28.46
700_Metz EVS,1026992,15.53
700_Metz EVS,1026995,27.49
700_Metz EVS,1027047,50.7
700_Metz EVS,1027063,87.57
700_Metz EVS,1027063,87.57
700_Metz EVS,1027068,75.94
700_Metz EVS,1027241,8.63
700_Metz EVS,1027241,8.63
700_Metz EVS,1027280,24.15
700_Metz EVS,1027285,8.05
700_Metz EVS,1027290,34.16
700_Metz EVS,1027303,45.77
700_Metz EVS,1027312,26.11
700_Metz EVS,1027332,28.52
700_Metz EVS,1027333,29.56
700_Metz EVS,1027334,48.3
700_Metz EVS,1027335,15.41
700_Metz EVS,1027341,237.71
700_Metz EVS,1027348,7.48
700_Metz EVS,1027348,7.48
700_Metz EVS,1027353,23
700_Metz EVS,1027353,23
700_Metz EVS,1027371,40.25
700_Metz EVS,1027542,26.2
700_Metz EVS,1027623,67.56
700_Metz EVS,1027624,132.04
700_Metz EVS,1027626,85.06
700_Metz EVS,1027631,36.1
700_Metz EVS,1027658,85.41
700_Metz EVS,1027668,44.52
700_Metz EVS,1027669,55.62
700_Metz EVS,1027674,90.69
700_Metz EVS,1027675,49.32
700_Metz EVS,1027685,72.05
700_Metz EVS,1027688,50.87
700_Metz EVS,1027691,55.02
700_Metz EVS,1027692,55.4
700_Metz EVS,1027694,89.7
700_Metz EVS,1027696,37.16
700_Metz EVS,1027701,55.69
700_Metz EVS,1027701,55.69
700_Metz EVS,1027718,46.59
700_Metz EVS,1027732,47.01
700_Metz EVS,1027738,45.06
700_Metz EVS,1027738,45.06
700_Metz EVS,1027740,69.58
700_Metz EVS,1027740,69.58
700_Metz EVS,1027744,99.14
700_Metz EVS,1027749,119.84
700_Metz EVS,1027750,106.67
700_Metz EVS,1027768,38.24
700_Metz EVS,1027772,65.84
700_Metz EVS,1027772,65.84
700_Metz EVS,1027773,57.99
700_Metz EVS,1027773,57.99
700_Metz EVS,1027778,73.13
700_Metz EVS,1027778,73.13
700_Metz EVS,1027784,56.93
700_Metz EVS,1027786,47.37
700_Metz EVS,1027790,48.72
700_Metz EVS,1027792,145.42
700_Metz EVS,1027798,72.71
700_Metz EVS,1027800,73.74
700_Metz EVS,1027805,62.72
700_Metz EVS,1027806,42.8
700_Metz EVS,1027807,126.1
700_Metz EVS,1027810,89.71
700_Metz EVS,1027816,60.23
700_Metz EVS,1027818,67.69
700_Metz EVS,1027830,93.38
700_Metz EVS,1027832,64.7
700_Metz EVS,1027838,129.17
700_Metz EVS,1027841,91.82
700_Metz EVS,1027843,65.87
700_Metz EVS,1027859,83.19
700_Metz EVS,1027866,32.3
700_Metz EVS,1027884,70.79
700_Metz EVS,1027886,39.83
700_Metz EVS,1027916,61.66
700_Metz EVS,1027934,72.99
700_Metz EVS,1027950,128
700_Metz EVS,1027968,50.63
700_Metz EVS,1027987,98.78
700_Metz EVS,1027987,98.78
700_Metz EVS,1027988,65.14
700_Metz EVS,1027989,60.55
700_Metz EVS,1027990,45.99
700_Metz EVS,1027991,108.56
700_Metz EVS,1027991,111.09
700_Metz EVS,1028024,75.27
700_Metz EVS,1028025,76.3
700_Metz EVS,1028026,66.15
700_Metz EVS,1028026,66.15
700_Metz EVS,1028034,21.68
700_Metz EVS,1028035,72.54
700_Metz EVS,1028036,89.33
700_Metz EVS,1028038,168.99
700_Metz EVS,1028039,29.35
700_Metz EVS,1028057,94.38
700_Metz EVS,1028059,54.19
700_Metz EVS,1028061,58.65
700_Metz EVS,1028073,141.11
700_Metz EVS,1028112,70.5
700_Metz EVS,1028113,57.22
700_Metz EVS,1028114,74.72
700_Metz EVS,1028159,51.76
700_Metz EVS,1028187,28.69
700_Metz EVS,1028188,37.03
700_Metz EVS,1028193,194.56
700_Metz EVS,1028214,73.58
700_Metz EVS,1028214,73.58
700_Metz EVS,1028268,69.64
700_Metz EVS,1028268,69.64
700_Metz EVS,1028319,57.15
700_Metz EVS,1028332,151.13
700_Metz EVS,1028351,19.13
700_Metz EVS,1028351,19.13
700_Metz EVS,1028353,73.13
700_Metz EVS,1028353,73.13
700_Metz EVS,1028393,108.59
700_Metz EVS,1028396,42.23
700_Metz EVS,1028397,46.24
700_Metz EVS,1028417,46.52
700_Metz EVS,1028417,46.52
700_Metz EVS,1028472,56.23
700_Metz EVS,1028495,46.01
700_Metz EVS,1028495,46.01
700_Metz EVS,1028496,37.41
700_Metz EVS,1028496,37.41
700_Metz EVS,1028500,72.73
700_Metz EVS,1028500,72.73
700_Metz EVS,1028575,50.51
700_Metz EVS,1028589,35.37
700_Metz EVS,1028599,113.51
700_Metz EVS,1028599,113.51
700_Metz EVS,1028600,66.61
700_Metz EVS,1028613,107.82
700_Metz EVS,1028669,50.13
700_Metz EVS,1028688,48.67
700_Metz EVS,1028697,59.25
700_Metz EVS,1028705,54.6
700_Metz EVS,1028712,63
700_Metz EVS,1028736,26.1
700_Metz EVS,1028736,26.1
700_Metz EVS,1028755,62.52
700_Metz EVS,1028759,88.14
700_Metz EVS,1028759,88.14
700_Metz EVS,1028768,13.5
700_Metz EVS,1028768,13.5
700_Metz EVS,1028817,24.66
700_Metz EVS,1028822,87.92
700_Metz EVS,1028822,87.92
700_Metz EVS,1028831,85.59
700_Metz EVS,1028885,95.19
700_Metz EVS,1028902,53.1
700_Metz EVS,1028925,62.72
700_Metz EVS,1028960,50.85
700_Metz EVS,1028960,50.85
700_Metz EVS,1028961,10.97
700_Metz EVS,1028961,10.97
700_Metz EVS,1056946,86.25
700_Metz EVS,1058800,23.81
700_Metz EVS,1060570,258.75
700_Metz EVS,1060570,258.75
700_Metz EVS,1066620,17.48
700_Metz EVS,1067315,205.22
700_Metz EVS,1068623,16.39
700_Metz EVS,1068626,19.23
700_Metz EVS,1068631,10.34
700_Metz EVS,1068639,14.39
700_Metz EVS,1068674,18.42
700_Metz EVS,1068719,25.16
700_Metz EVS,1068726,67.25
700_Metz EVS,1068727,69.2
700_Metz EVS,1068732,27.98
700_Metz EVS,1068752,31.79
700_Metz EVS,1068758,37.4
700_Metz EVS,1068783,16.39
700_Metz EVS,1068786,19.23
700_Metz EVS,1068793,10.34
700_Metz EVS,1068801,14.39
700_Metz EVS,1068803,15.53
700_Metz EVS,1068808,17.16
700_Metz EVS,1068813,18.42
700_Metz EVS,1068818,20.42
700_Metz EVS,1068847,107.86
700_Metz EVS,1068848,49.15
700_Metz EVS,1068849,56.24
700_Metz EVS,1068850,49.15
700_Metz EVS,1068852,49.15
700_Metz EVS,1068853,56.24
700_Metz EVS,1068854,49.15
700_Metz EVS,1068855,59.04
700_Metz EVS,1068871,71.83
700_Metz EVS,1068885,44.61
700_Metz EVS,1068910,10.34
700_Metz EVS,1068916,11.66
700_Metz EVS,1068920,13.21
700_Metz EVS,1068922,75.05
700_Metz EVS,1068930,14.39
700_Metz EVS,1068931,16.96
700_Metz EVS,1068944,15.53
700_Metz EVS,1068953,17.16
700_Metz EVS,1068956,18.42
700_Metz EVS,1068958,20.42
700_Metz EVS,1068961,22.28
700_Metz EVS,1068965,25.16
700_Metz EVS,1068968,27.98
700_Metz EVS,1068994,16.39
700_Metz EVS,1068995,19.23
700_Metz EVS,1068996,10.34
700_Metz EVS,1069000,13.21
700_Metz EVS,1069001,14.39
700_Metz EVS,1069006,25.16
700_Metz EVS,1069007,27.98
700_Metz EVS,1069008,31.79
700_Metz EVS,1069009,37.4
700_Metz EVS,1069018,19.07
700_Metz EVS,1069021,17.16
700_Metz EVS,1069022,19.71
700_Metz EVS,1069023,19.95
700_Metz EVS,1069025,20.42
700_Metz EVS,1069027,23.36
700_Metz EVS,1069030,25.16
700_Metz EVS,1069036,40.39
700_Metz EVS,1069041,56.74
700_Metz EVS,1069050,19.71
700_Metz EVS,1069052,22.82
700_Metz EVS,1069054,23.36
700_Metz EVS,1069056,25.52
700_Metz EVS,1069058,28.85
700_Metz EVS,1069062,40.39
700_Metz EVS,1069064,56.74
700_Metz EVS,1069071,17.16
700_Metz EVS,1069073,19.95
700_Metz EVS,1069076,20.42
700_Metz EVS,1069095,20.54
700_Metz EVS,1069096,19.71
700_Metz EVS,1069097,22.82
700_Metz EVS,1069098,23.36
700_Metz EVS,1069100,25.52
700_Metz EVS,1069101,28.85
700_Metz EVS,1069106,56.74
700_Metz EVS,1069116,13.4
700_Metz EVS,1069118,13.56
700_Metz EVS,1069119,15.18
700_Metz EVS,1069121,17.66
700_Metz EVS,1069122,19.06
700_Metz EVS,1069124,19.9
700_Metz EVS,1069125,22.59
700_Metz EVS,1069126,25.05
700_Metz EVS,1069128,25.69
700_Metz EVS,1069130,29.11
700_Metz EVS,1069148,14.38
700_Metz EVS,1069149,16.88
700_Metz EVS,1069151,19.71
700_Metz EVS,1069153,25.27
700_Metz EVS,1069155,27.66
700_Metz EVS,1069156,29.95
700_Metz EVS,1069159,35.6
700_Metz EVS,1069163,48.12
700_Metz EVS,1069164,53.59
700_Metz EVS,1069166,61.01
700_Metz EVS,1069167,67.62
700_Metz EVS,1069261,144.56
700_Metz EVS,1069264,180.68
700_Metz EVS,1069353,227.31
700_Metz EVS,1069358,166.77
700_Metz EVS,1069359,179.94
700_Metz EVS,1069371,225.55
700_Metz EVS,1069373,135.42
700_Metz EVS,1069375,156.61
700_Metz EVS,1069397,58.74
700_Metz EVS,1069403,53.21
700_Metz EVS,1069409,64.6
700_Metz EVS,1069413,70.32
700_Metz EVS,1069419,76.66
700_Metz EVS,1069553,47.48
700_Metz EVS,1069554,56.74
700_Metz EVS,1069555,2574.14
700_Metz EVS,1069678,38.18
700_Metz EVS,1069711,45.6
700_Metz EVS,1069727,11.66
700_Metz EVS,1069737,48.74
700_Metz EVS,1069754,45.33
700_Metz EVS,1069799,82.62
700_Metz EVS,1069806,27.4
700_Metz EVS,1069813,27.4
700_Metz EVS,1069865,26.01
700_Metz EVS,1069874,28.07
700_Metz EVS,1069932,9.17
700_Metz EVS,1069989,54.05
700_Metz EVS,1070149,42.34
700_Metz EVS,1070151,37.58
700_Metz EVS,1070306,27.62
700_Metz EVS,1070311,50.53
700_Metz EVS,1070338,11.85
700_Metz EVS,1070374,11.22
700_Metz EVS,1070391,91.11
700_Metz EVS,1070431,19.09
700_Metz EVS,1070509,12.82
700_Metz EVS,1070536,581.57
700_Metz EVS,1070545,27.84
700_Metz EVS,1070555,20.41
700_Metz EVS,1070644,36.16
700_Metz EVS,1072022,8.03
700_Metz EVS,1073432,55.34
700_Metz EVS,1075715,50.58
700_Metz EVS,1075827,610.36
700_Metz EVS,1075837,107.33
700_Metz EVS,1075839,196.97
700_Metz EVS,1075840,21.06
700_Metz EVS,1075853,44.03
700_Metz EVS,1075860,18.76
700_Metz EVS,1075861,37.19
700_Metz EVS,1075885,94.35
700_Metz EVS,1075911,8.03
700_Metz EVS,1075956,37.24
700_Metz EVS,1075957,274.33
700_Metz EVS,1076004,221.77
700_Metz EVS,1076051,102.4
700_Metz EVS,1076058,155.23
700_Metz EVS,1076070,221.77
700_Metz EVS,1076086,244.15
700_Metz EVS,1076092,244.15
700_Metz EVS,1076139,38.57
700_Metz EVS,1076265,49.34
700_Metz EVS,1076362,94.39
700_Metz EVS,1076481,83.78
700_Metz EVS,1079528,238.25
700_Metz EVS,1079811,40.09
700_Metz EVS,1079817,40.01
700_Metz EVS,1079822,48.98
700_Metz EVS,1079847,16.37
700_Metz EVS,1079935,100.56
700_Metz EVS,1079936,78.06
700_Metz EVS,1080070,14.7
700_Metz EVS,1080071,15.6
700_Metz EVS,1080556,0.01
700_Metz EVS,1080642,156.77
700_Metz EVS,1080651,0.01
700_Metz EVS,1080661,156.77
700_Metz EVS,1080664,156.77
700_Metz EVS,1081027,8.77
700_Metz EVS,1081028,21.06
700_Metz EVS,1081137,0.01
700_Metz EVS,1081579,7.88
700_Metz EVS,1081589,18.03
700_Metz EVS,1082425,0.01
700_Metz EVS,1082426,0.01
700_Metz EVS,1082678,26.47
700_Metz EVS,1082904,0.01
700_Metz EVS,1083216,28
700_Metz EVS,1083219,28
700_Metz EVS,1083221,26.47
700_Metz EVS,1083222,27.24
700_Metz EVS,1083235,28
700_Metz EVS,1083282,28.83
700_Metz EVS,1083380,27.24
700_Metz EVS,1083457,97.06
700_Metz EVS,1083871,30.11
700_Metz EVS,1083899,56.07
700_Metz EVS,1084536,48.88
700_Metz EVS,1084669,83.4
700_Metz EVS,1084764,48.48
700_Metz EVS,1084957,36
700_Metz EVS,1085118,80.39
700_Metz EVS,1085124,48.31
700_Metz EVS,1085320,78.38
700_Metz EVS,1085511,32.96
700_Metz EVS,1085670,93.61
700_Metz EVS,1085710,41.4
700_Metz EVS,1085711,129.31
700_Metz EVS,1085799,62.45
700_Metz EVS,1085873,80.55
700_Metz EVS,1085875,67.86
700_Metz EVS,1085888,83.54
700_Metz EVS,1085931,26.09
700_Metz EVS,1086166,94.43
700_Metz EVS,1086232,91.22
700_Metz EVS,1086253,71.9
700_Metz EVS,1086392,27.88
700_Metz EVS,1086408,23.38
700_Metz EVS,1086430,63.39
700_Metz EVS,1086449,55.96
700_Metz EVS,1086532,66.38
700_Metz EVS,1086622,110.42
700_Metz EVS,1087091,36.71
700_Metz EVS,1087135,43.33
700_Metz EVS,1087136,100.63
700_Metz EVS,1087469,39.79
700_Metz EVS,1087533,46.93
700_Metz EVS,1087670,79.7
700_Metz EVS,1087723,24.77
700_Metz EVS,1087745,31.31
700_Metz EVS,1087847,65.48
700_Metz EVS,1087851,127.33
700_Metz EVS,1088104,49.96
700_Metz EVS,1088354,118.96
700_Metz EVS,1088361,49.27
700_Metz EVS,1088529,63.2
700_Metz EVS,1088962,53.14
700_Metz EVS,1089065,49.3
700_Metz EVS,1089164,1432.2
700_Metz EVS,1089257,53.05
700_Metz EVS,1089297,73.97
700_Metz EVS,1089464,72.22
700_Metz EVS,1089465,73.46
700_Metz EVS,1089485,110.92
700_Metz EVS,1089486,91.82
700_Metz EVS,1089580,70.47
700_Metz EVS,1089588,72.09
700_Metz EVS,1089618,91.25
700_Metz EVS,1089619,85.54
700_Metz EVS,1089621,60.08
700_Metz EVS,1089638,342.03
700_Metz EVS,1089645,155.51
700_Metz EVS,1089649,51.32
700_Metz EVS,1089661,294.19
700_Metz EVS,1089868,100.06
700_Metz EVS,1089877,114.54
700_Metz EVS,1089882,83.73
700_Metz EVS,1089887,240.15
700_Metz EVS,1089889,83.75
700_Metz EVS,1089895,71.19
700_Metz EVS,1090068,54.3
700_Metz EVS,1090099,62.95
700_Metz EVS,1090276,46.06
700_Metz EVS,1090289,92.79
700_Metz EVS,1090320,78.03
700_Metz EVS,1090323,0.01
700_Metz EVS,1090457,87.66
700_Metz EVS,1090487,34.73
700_Metz EVS,1090694,147.98
700_Metz EVS,1090697,185.04
700_Metz EVS,1090709,136.67
700_Metz EVS,1090716,110.42
700_Metz EVS,1090725,110.73
700_Metz EVS,1090729,110.42
700_Metz EVS,1090734,68.83
700_Metz EVS,1090737,91.91
700_Metz EVS,1090739,91.91
700_Metz EVS,1090742,91.91
700_Metz EVS,1090747,405.36
700_Metz EVS,1090751,145.37
700_Metz EVS,1090752,91.91
700_Metz EVS,1090758,307.07
700_Metz EVS,1090760,299.78
700_Metz EVS,1090762,307.07
700_Metz EVS,1090767,189.61
700_Metz EVS,1090769,110.73
700_Metz EVS,1090770,136.67
700_Metz EVS,1090779,110.73
700_Metz EVS,1090789,110.42
700_Metz EVS,1090813,405.36
700_Metz EVS,1090814,6.15
700_Metz EVS,1090817,370.6
700_Metz EVS,1090819,405.36
700_Metz EVS,1090821,299.78
700_Metz EVS,1090823,68.83
700_Metz EVS,1090834,152.69
700_Metz EVS,1090837,166.04
700_Metz EVS,1090839,84.28
700_Metz EVS,1090841,84.28
700_Metz EVS,1090845,125.89
700_Metz EVS,1090847,125.89
700_Metz EVS,1090849,189.61
700_Metz EVS,1090851,189.61
700_Metz EVS,1090854,59.74
700_Metz EVS,1090856,163.47
700_Metz EVS,1090862,94.45
700_Metz EVS,1090925,0.01
700_Metz EVS,1090928,0.01
700_Metz EVS,1091160,26.74
700_Metz EVS,1091188,49.24
700_Metz EVS,1091306,56.52
700_Metz EVS,1091403,66.15
700_Metz EVS,1091407,43.81
700_Metz EVS,1091431,41.7
700_Metz EVS,1091439,27.96
700_Metz EVS,1091440,33.11
700_Metz EVS,1091490,41.12
700_Metz EVS,1091522,243
700_Metz EVS,1091563,0.01
700_Metz EVS,1091624,35.7
700_Metz EVS,1091639,45.64
700_Metz EVS,1091775,35.27
700_Metz EVS,1091780,60.86
700_Metz EVS,1091784,66.15
700_Metz EVS,1092117,27.81
700_Metz EVS,1092124,30.03
700_Metz EVS,1092133,28.42
700_Metz EVS,1092152,49.24
700_Metz EVS,1092234,59.12
700_Metz EVS,1092251,24.78
700_Metz EVS,1092372,88.83
700_Metz EVS,1092489,29.42
700_Metz EVS,1092739,33.89
700_Metz EVS,1092740,32.61
700_Metz EVS,1092901,32.2
700_Metz EVS,1093097,7.19
700_Metz EVS,1093107,7.19
700_Metz EVS,1093196,36.48
700_Metz EVS,1093210,73.49
700_Metz EVS,1093227,32.96
700_Metz EVS,1093535,26.29
700_Metz EVS,1093552,38.5
700_Metz EVS,1093601,45.81
700_Metz EVS,1093613,53.73
700_Metz EVS,1093619,66.15
700_Metz EVS,1093620,243
700_Metz EVS,1093640,41.61
700_Metz EVS,1093645,32.77
700_Metz EVS,1093648,34.25
700_Metz EVS,1093649,49.37
700_Metz EVS,1093650,48.17
700_Metz EVS,1093651,68.82
700_Metz EVS,1093654,73.41
700_Metz EVS,1093658,47.12
700_Metz EVS,1093685,57.96
700_Metz EVS,1093687,52.99
700_Metz EVS,1093688,49.96
700_Metz EVS,1095435,10.81
700_Metz EVS,1095467,129.38
700_Metz EVS,1095601,52.82
700_Metz EVS,1095928,127.65
700_Metz EVS,1096015,10.81
700_Metz EVS,1096017,10.81
700_Metz EVS,1096019,10.81
700_Metz EVS,1096076,16.79
700_Metz EVS,1096078,16.79
700_Metz EVS,1096080,16.79
700_Metz EVS,1096088,14.38
700_Metz EVS,1096091,83.72
700_Metz EVS,1096109,18.06
700_Metz EVS,1096118,142.37
700_Metz EVS,1096250,33.58
700_Metz EVS,1096343,37.2
700_Metz EVS,1096344,20.79
700_Metz EVS,1096422,33.58
700_Metz EVS,1096423,33.58
700_Metz EVS,1096447,33.58
700_Metz EVS,1096453,33.58
700_Metz EVS,1096455,33.58
700_Metz EVS,1096524,11.73
700_Metz EVS,1096821,31.08
700_Metz EVS,1096858,76.73
700_Metz EVS,1096859,37.26
700_Metz EVS,1096861,32.09
700_Metz EVS,1096870,47.84
700_Metz EVS,1096872,50.82
700_Metz EVS,1097185,23.94
700_Metz EVS,1097193,117.76
700_Metz EVS,1097208,57.85
700_Metz EVS,1097259,27.76
700_Metz EVS,1097273,76.14
700_Metz EVS,1097431,23
700_Metz EVS,1097478,64.45
700_Metz EVS,1097488,36.25
700_Metz EVS,1097652,32.57
700_Metz EVS,1098142,46.6
700_Metz EVS,1098195,83.72
700_Metz EVS,1098214,14.38
700_Metz EVS,1098331,36.39
700_Metz EVS,1098569,41.83
700_Metz EVS,1098679,53.34
700_Metz EVS,1098798,102.12
700_Metz EVS,1098864,47.06
700_Metz EVS,1099230,44.9
700_Metz EVS,1099383,152.32
700_Metz EVS,1099842,52.82
700_Metz EVS,1099884,37.88
700_Metz EVS,1100252,112.96
700_Metz EVS,1100254,620.74
700_Metz EVS,1100255,78.68
700_Metz EVS,1100849,45.8
700_Metz EVS,1100850,44.82
700_Metz EVS,1101280,167.44
700_Metz EVS,1101487,39.16
700_Metz EVS,1101973,93.25
700_Metz EVS,1101980,60.85
700_Metz EVS,1102178,79.02
700_Metz EVS,1103721,36.21
700_Metz EVS,1103723,154.23
700_Metz EVS,1103724,44.51
700_Metz EVS,1103726,59.31
700_Metz EVS,1103728,59.31
700_Metz EVS,1103762,199.35
700_Metz EVS,1103764,76.79
700_Metz EVS,1103766,76.77
700_Metz EVS,1103768,221.4
700_Metz EVS,1103770,442.93
700_Metz EVS,1103773,76.77
700_Metz EVS,1103776,172.32
700_Metz EVS,1103778,66.21
700_Metz EVS,1103780,66.29
700_Metz EVS,1103782,66.26
700_Metz EVS,1103785,191.11
700_Metz EVS,1103787,382.21
700_Metz EVS,1103788,573.51
700_Metz EVS,1103792,66.21
700_Metz EVS,1103794,66.29
700_Metz EVS,1103800,573.51
700_Metz EVS,1103802,62.38
700_Metz EVS,1103804,62.43
700_Metz EVS,1103806,62.42
700_Metz EVS,1103808,180.04
700_Metz EVS,1103810,62.38
700_Metz EVS,1103812,62.43
700_Metz EVS,1103823,382.21
700_Metz EVS,1103834,59.41
700_Metz EVS,1103871,59.43
700_Metz EVS,1114871,22.66
700_Metz EVS,1115309,38.99
700_Metz EVS,1125986,318.29
700_Metz EVS,1125988,463.15
700_Metz EVS,1126399,272.61
700_Metz EVS,1126499,0.01
700_Metz EVS,1126664,490.98
700_Metz EVS,1126781,14495.61
700_Metz EVS,1127029,1243.15
700_Metz EVS,1127569,1437.17
700_Metz EVS,1127583,44.61
700_Metz EVS,1127584,41.93
700_Metz EVS,1127914,571.62
700_Metz EVS,1127987,386.79
700_Metz EVS,1128111,463.15
700_Metz EVS,1128355,635.85
700_Metz EVS,1128738,1864.39
700_Metz EVS,1128812,2252.44
700_Metz EVS,1129222,16274.28
700_Metz EVS,1130862,12423.59
700_Metz EVS,1130871,4187.38
700_Metz EVS,1131690,16039.75
700_Metz EVS,1132065,1281.69
700_Metz EVS,1132222,1553.45
700_Metz EVS,1134846,113.05
700_Metz EVS,1135666,2715.38
700_Metz EVS,1140369,35.66
700_Metz EVS,1140390,39.23
700_Metz EVS,1140391,75.77
700_Metz EVS,1140448,6.9
700_Metz EVS,1140538,29.2
700_Metz EVS,1141664,31.42
700_Metz EVS,1141665,30.97
700_Metz EVS,1141680,101.02
700_Metz EVS,1142103,105.78
700_Metz EVS,1142112,34.47
700_Metz EVS,1142143,101.12
700_Metz EVS,1142463,9889.22
700_Metz EVS,1142588,36.16
700_Metz EVS,1142717,34.47
700_Metz EVS,1143338,194.65
700_Metz EVS,1143339,171.12
700_Metz EVS,1144088,33.58
700_Metz EVS,1144131,163.44
700_Metz EVS,1144137,31.51
700_Metz EVS,1144140,65.14
700_Metz EVS,1144142,43.16
700_Metz EVS,1144143,89.34
700_Metz EVS,1144145,65.62
700_Metz EVS,1144172,62.45
700_Metz EVS,1144173,76.31
700_Metz EVS,1144185,72
700_Metz EVS,1144185,72
700_Metz EVS,1144186,35.16
700_Metz EVS,1144186,35.16
700_Metz EVS,1144192,50.63
700_Metz EVS,1144192,50.63
700_Metz EVS,1144193,20.25
700_Metz EVS,1144193,20.25
700_Metz EVS,1144927,1056.17
700_Metz EVS,1144959,55.37
700_Metz EVS,1145087,75.98
700_Metz EVS,1145129,80.91
700_Metz EVS,1145606,57.32
700_Metz EVS,1145606,57.32
700_Metz EVS,1145607,67.11
700_Metz EVS,1145607,67.11
700_Metz EVS,1145711,15.99
700_Metz EVS,1146624,105.59
700_Metz EVS,1146625,184.28
700_Metz EVS,1146628,58.57
700_Metz EVS,1146629,125.48
700_Metz EVS,1146630,117.06
700_Metz EVS,1146631,146.17
700_Metz EVS,1146636,287.04
700_Metz EVS,1146637,963.32
700_Metz EVS,1146638,642.67
700_Metz EVS,1146639,2294.89
700_Metz EVS,1146640,301.61
700_Metz EVS,1146642,586.37
700_Metz EVS,1146644,59.11
700_Metz EVS,1146645,176.99
700_Metz EVS,1146647,624.46
700_Metz EVS,1146648,314.21
700_Metz EVS,1146652,404
700_Metz EVS,1146653,1364.66
700_Metz EVS,1146654,319.54
700_Metz EVS,1146657,336.89
700_Metz EVS,1146658,1092.67
700_Metz EVS,1146662,105.87
700_Metz EVS,1147086,58.55
700_Metz EVS,1147387,33.58
700_Metz EVS,1148195,61.65
700_Metz EVS,1148195,61.65
700_Metz EVS,1148199,74.07
700_Metz EVS,1148332,59
700_Metz EVS,1148363,75.9
700_Metz EVS,1148408,33.58
700_Metz EVS,1148571,15.99
700_Metz EVS,1149064,33.58
700_Metz EVS,1150431,17.02
700_Metz EVS,1150441,93.27
700_Metz EVS,1151723,90.44
700_Metz EVS,1152187,63.02
700_Metz EVS,1152270,39.88
700_Metz EVS,1152270,39.88
700_Metz EVS,1152428,50.07
700_Metz EVS,1152563,571.62
700_Metz EVS,1152616,112.61
700_Metz EVS,1152683,16795.19
700_Metz EVS,1155243,19265.82
700_Metz EVS,1155613,59.25
700_Metz EVS,1155887,71.3
700_Metz EVS,1156050,22.5
700_Metz EVS,1156050,22.5
700_Metz EVS,1156051,22.5
700_Metz EVS,1156051,22.5
700_Metz EVS,1157306,18.86
700_Metz EVS,1157307,18.86
700_Metz EVS,1157604,30.77
700_Metz EVS,1157604,30.77
700_Metz EVS,1157956,63.61
700_Metz EVS,1158315,39.68
700_Metz EVS,1158498,97.58
700_Metz EVS,1158498,97.58
700_Metz EVS,1158821,31.84
700_Metz EVS,1158824,39.67
700_Metz EVS,1158826,38.33
700_Metz EVS,1158829,66.15
700_Metz EVS,1158832,66.15
700_Metz EVS,1158884,41.9
700_Metz EVS,1159120,66.52
700_Metz EVS,1159303,18405.9
700_Metz EVS,1159565,63.88
700_Metz EVS,1159681,36.88
700_Metz EVS,1159696,79.54
700_Metz EVS,1159954,50.03
700_Metz EVS,1160099,82.68
700_Metz EVS,1160450,189.61
700_Metz EVS,1160601,66.15
700_Metz EVS,1160719,51.73
700_Metz EVS,1161054,38.53
700_Metz EVS,1161455,111.9
700_Metz EVS,1161814,173.4
700_Metz EVS,1162069,18844.76
700_Metz EVS,1162091,54.12
700_Metz EVS,1162168,31.67
700_Metz EVS,1162424,66.15
700_Metz EVS,1162555,60.46
700_Metz EVS,1162567,413.08
700_Metz EVS,1162632,39.65
700_Metz EVS,1162635,66.15
700_Metz EVS,1162773,78.64
700_Metz EVS,1163010,23.2
700_Metz EVS,1163070,47.77
700_Metz EVS,1163131,81
700_Metz EVS,1163132,53.73
700_Metz EVS,1163313,51.17
700_Metz EVS,1163419,66.15
700_Metz EVS,1163421,66.15
700_Metz EVS,1163596,49.21
700_Metz EVS,1163721,24.63
700_Metz EVS,1163726,81
700_Metz EVS,1164152,23.68
700_Metz EVS,1164154,51.67
700_Metz EVS,1164159,81
700_Metz EVS,1165025,44.19
700_Metz EVS,1165060,31.7
700_Metz EVS,1165064,32.96
700_Metz EVS,1165082,386.79
700_Metz EVS,1165086,472.42
700_Metz EVS,1165100,48.25
700_Metz EVS,1165101,3776.54
700_Metz EVS,1165103,38.5
700_Metz EVS,1165105,36.57
700_Metz EVS,1165107,57.91
700_Metz EVS,1165109,53.27
700_Metz EVS,1165126,81
700_Metz EVS,1165675,36.98
700_Metz EVS,1166285,5.63
700_Metz EVS,1166285,5.63
700_Metz EVS,1166360,60.38
700_Metz EVS,1166361,56.55
700_Metz EVS,1166362,48.48
700_Metz EVS,1166391,47.31
700_Metz EVS,1166499,81
700_Metz EVS,1166677,38.15
700_Metz EVS,1166746,44.31
700_Metz EVS,1167261,7.36
700_Metz EVS,1167626,68.38
700_Metz EVS,1167818,66.15
700_Metz EVS,1167844,78.64
700_Metz EVS,1167999,68.37
700_Metz EVS,1168282,68.37
700_Metz EVS,1168283,67.7
700_Metz EVS,1168284,77.86
700_Metz EVS,1168328,81
700_Metz EVS,1168411,81
700_Metz EVS,1169319,18.86
700_Metz EVS,1169658,53.02
700_Metz EVS,1169808,108.36
700_Metz EVS,1170313,41.88
700_Metz EVS,1170414,20.36
700_Metz EVS,1170504,9019.51
700_Metz EVS,1170506,14724.72
700_Metz EVS,1170507,18730.21
700_Metz EVS,1170521,114.2
700_Metz EVS,1170522,114.2
700_Metz EVS,1170523,18.86
700_Metz EVS,1170534,28.44
700_Metz EVS,1170565,51.24
700_Metz EVS,1170565,51.24
700_Metz EVS,1170921,21.75
700_Metz EVS,1171876,42.4
700_Metz EVS,1172179,26.8
700_Metz EVS,1172540,44.92
700_Metz EVS,1173059,69.38
700_Metz EVS,1173064,54.97
700_Metz EVS,1173105,21986.46
700_Metz EVS,1173167,53.07
700_Metz EVS,1173254,18.42
700_Metz EVS,1173675,10100.8
700_Metz EVS,1173878,72.98
700_Metz EVS,1174817,16.88
700_Metz EVS,1174817,16.88
700_Metz EVS,1174859,15.99
700_Metz EVS,1175752,4.14
700_Metz EVS,1175798,18.86
700_Metz EVS,1177074,20.36
700_Metz EVS,1177359,1569.39
700_Metz EVS,1177458,26.65
700_Metz EVS,1177766,17113.18
700_Metz EVS,1178709,247.25
700_Metz EVS,1178923,161
700_Metz EVS,1179358,41.4
700_Metz EVS,1179359,27.5
700_Metz EVS,1179680,42.06
700_Metz EVS,1179683,99.08
700_Metz EVS,1179759,64.19
700_Metz EVS,1179878,5429.67
700_Metz EVS,1180075,46
700_Metz EVS,1180086,45.86
700_Metz EVS,1180925,92.24
700_Metz EVS,1181008,79.73
700_Metz EVS,1181672,8468.42
700_Metz EVS,1181959,30.94
700_Metz EVS,1181959,30.94
700_Metz EVS,1182014,6278.18
700_Metz EVS,1182214,201.32
700_Metz EVS,1182385,612.38
700_Metz EVS,1183282,86.14
700_Metz EVS,1183713,267.38
700_Metz EVS,1184647,18
700_Metz EVS,1184648,37.15
700_Metz EVS,1184697,7130.93
700_Metz EVS,1185209,0.01
700_Metz EVS,1185250,0.01
700_Metz EVS,1185268,8007.89
700_Metz EVS,1185375,288.71
700_Metz EVS,1185416,55.68
700_Metz EVS,1185647,115
700_Metz EVS,1186067,71.75
700_Metz EVS,1186190,9019.51
700_Metz EVS,1186221,63.88
700_Metz EVS,1186221,63.88
700_Metz EVS,1186223,0.01
700_Metz EVS,1186243,51.63
700_Metz EVS,1187381,80.87
700_Metz EVS,1187817,28.64
700_Metz EVS,1187983,78.75
700_Metz EVS,1188169,14.06
700_Metz EVS,1188172,60.93
700_Metz EVS,1188175,37.37
700_Metz EVS,1188181,62.22
700_Metz EVS,1188975,42.67
700_Metz EVS,1189024,80.97
700_Metz EVS,1189025,127.79
700_Metz EVS,1189377,66
700_Metz EVS,1189542,117.43
700_Metz EVS,1189617,9359.3
700_Metz EVS,1190111,157.56
700_Metz EVS,1190415,13393.88
700_Metz EVS,1190678,0.01
700_Metz EVS,1191144,13.5
700_Metz EVS,1191144,13.5
700_Metz EVS,1191249,71.55
700_Metz EVS,1191249,71.55
700_Metz EVS,1191253,117.92
700_Metz EVS,1191324,388.38
700_Metz EVS,1191795,46.23
700_Metz EVS,1192226,68.59
700_Metz EVS,1192246,22.69
700_Metz EVS,1194084,40.41
700_Metz EVS,1194120,6852.29
700_Metz EVS,1194140,40.95
700_Metz EVS,1197375,61.16
700_Metz EVS,1197478,0.01
700_Metz EVS,1198213,310.5
700_Metz EVS,1198357,2396.17
700_Metz EVS,1198401,28
700_Metz EVS,1198616,34.16
700_Metz EVS,1198622,6163.37
700_Metz EVS,1198988,129.38
700_Metz EVS,1199021,34.96
700_Metz EVS,1199119,807.23
700_Metz EVS,1199245,78.75
700_Metz EVS,1199869,35.94
700_Metz EVS,1200301,24.52
700_Metz EVS,1200665,44.39
700_Metz EVS,1200730,79.33
700_Metz EVS,1200920,38.59
700_Metz EVS,1201345,49.42
700_Metz EVS,1201410,61.31
700_Metz EVS,1201434,20.29
700_Metz EVS,1201659,137.72
700_Metz EVS,1202755,99.08
700_Metz EVS,1203479,1427.52
700_Metz EVS,1203485,1525.46
700_Metz EVS,1203514,50.89
700_Metz EVS,1203515,47.84
700_Metz EVS,1203517,59.2
700_Metz EVS,1203521,51.42
700_Metz EVS,1203522,47.52
700_Metz EVS,1203523,51.42
700_Metz EVS,1203524,51.42
700_Metz EVS,1203692,46.81
700_Metz EVS,1203896,11.25
700_Metz EVS,1203896,11.25
700_Metz EVS,1205269,22.5
700_Metz EVS,1205269,22.5
700_Metz EVS,1205958,34.65
700_Metz EVS,1206097,5061.24
700_Metz EVS,1206582,20.24
700_Metz EVS,1206631,15.99
700_Metz EVS,1207375,30.3
700_Metz EVS,1207845,41.93
700_Metz EVS,1207908,59.59
700_Metz EVS,1208297,223.83
700_Metz EVS,1208357,33.86
700_Metz EVS,1210375,72.89
700_Metz EVS,1210682,61.97
700_Metz EVS,1211078,463.15
700_Metz EVS,1211868,59.01
700_Metz EVS,1211953,37.35
700_Metz EVS,1212029,67.05
700_Metz EVS,1212595,48.16
700_Metz EVS,1213158,5613.1
700_Metz EVS,1213305,42.29
700_Metz EVS,1214864,43.93
700_Metz EVS,1214864,43.93
700_Metz EVS,1215311,12.85
700_Metz EVS,1215313,60.23
700_Metz EVS,1215314,77.07
700_Metz EVS,1215315,33.68
700_Metz EVS,1215317,36.47
700_Metz EVS,1215321,88.81
700_Metz EVS,1215324,76.6
700_Metz EVS,1215328,35.12
700_Metz EVS,1215345,35.67
700_Metz EVS,1215348,218.7
700_Metz EVS,1215359,35.12
700_Metz EVS,1215373,35.12
700_Metz EVS,1215376,35.12
700_Metz EVS,1215475,179.94
700_Metz EVS,1215475,179.94
700_Metz EVS,1215970,40.87
700_Metz EVS,1216261,224.31
700_Metz EVS,1216325,48.93
700_Metz EVS,1216371,35.6
700_Metz EVS,1216387,21.97
700_Metz EVS,1216539,43.47
700_Metz EVS,1216827,75.26
700_Metz EVS,1217462,8397.98
700_Metz EVS,1218026,15.99
700_Metz EVS,1218300,56.94
700_Metz EVS,1218438,32.91
700_Metz EVS,1218438,32.91
700_Metz EVS,1218606,101.88
700_Metz EVS,1218759,21.97
700_Metz EVS,1219371,56.95
700_Metz EVS,1220629,46.46
700_Metz EVS,1220663,37.52
700_Metz EVS,1220663,37.52
700_Metz EVS,1220669,24.24
700_Metz EVS,1220669,24.24
700_Metz EVS,1220752,56.91
700_Metz EVS,1220844,72.17
700_Metz EVS,1220844,72.17
700_Metz EVS,1221585,9345.36
700_Metz EVS,1222380,20.24
700_Metz EVS,1222756,3680.41
700_Metz EVS,1223059,1061.17
700_Metz EVS,1223396,8.17
700_Metz EVS,1224174,21273.6
700_Metz EVS,1224245,61.37
700_Metz EVS,1225334,386.79
700_Metz EVS,1225488,15.99
700_Metz EVS,1225754,15.99
700_Metz EVS,1226588,12178.22
700_Metz EVS,1226837,98.12
700_Metz EVS,1227030,122.02
700_Metz EVS,1227658,26.45
700_Metz EVS,1227948,9
700_Metz EVS,1227948,9
700_Metz EVS,1228017,99.5
700_Metz EVS,1228020,73.69
700_Metz EVS,1228763,108.36
700_Metz EVS,1229262,6993.93
700_Metz EVS,1229417,14035.84
700_Metz EVS,1229432,102.43
700_Metz EVS,1229432,102.43
700_Metz EVS,1230062,17.37
700_Metz EVS,1230068,33.75
700_Metz EVS,1230068,33.75
700_Metz EVS,1230230,9
700_Metz EVS,1230230,9
700_Metz EVS,1230729,62.51
700_Metz EVS,1231182,72.5
700_Metz EVS,1231442,14495.61
700_Metz EVS,1232368,33.58
700_Metz EVS,1233763,125.89
700_Metz EVS,1234050,45.36
700_Metz EVS,1234906,8558.98
700_Metz EVS,1235205,66.93
700_Metz EVS,1235287,45
700_Metz EVS,1235287,45
700_Metz EVS,1236156,26.45
700_Metz EVS,1236587,147.45
700_Metz EVS,1236633,46.35
700_Metz EVS,1236799,0.01
700_Metz EVS,1237277,97.62
700_Metz EVS,1238253,49.57
700_Metz EVS,1238441,635.85
700_Metz EVS,1238606,68.59
700_Metz EVS,1238953,17.37
700_Metz EVS,1238954,17.37
700_Metz EVS,1238955,17.37
700_Metz EVS,1239380,64.14
700_Metz EVS,1239382,70.47
700_Metz EVS,1239384,44.84
700_Metz EVS,1239386,61.62
700_Metz EVS,1239389,35.94
700_Metz EVS,1239393,34.96
700_Metz EVS,1239394,516.33
700_Metz EVS,1239395,44.49
700_Metz EVS,1239397,510.14
700_Metz EVS,1239398,58.71
700_Metz EVS,1239401,420.51
700_Metz EVS,1239402,25.3
700_Metz EVS,1239404,70.82
700_Metz EVS,1239407,47.35
700_Metz EVS,1239409,35.82
700_Metz EVS,1239411,68.38
700_Metz EVS,1239412,71.83
700_Metz EVS,1239414,107.85
700_Metz EVS,1239415,101.35
700_Metz EVS,1239416,69.25
700_Metz EVS,1239418,69.32
700_Metz EVS,1239420,96.74
700_Metz EVS,1239422,126.07
700_Metz EVS,1239424,52.26
700_Metz EVS,1239425,115.23
700_Metz EVS,1239427,35.66
700_Metz EVS,1239429,34.87
700_Metz EVS,1239431,84.03
700_Metz EVS,1239432,57.05
700_Metz EVS,1239434,64.17
700_Metz EVS,1239436,64.17
700_Metz EVS,1239443,95.19
700_Metz EVS,1239446,58.54
700_Metz EVS,1239448,84.01
700_Metz EVS,1239449,91.92
700_Metz EVS,1239450,58.88
700_Metz EVS,1239452,88.45
700_Metz EVS,1239453,24.91
700_Metz EVS,1239454,61.67
700_Metz EVS,1239455,56.43
700_Metz EVS,1239458,51.66
700_Metz EVS,1239459,50.32
700_Metz EVS,1239463,63.97
700_Metz EVS,1239465,75.67
700_Metz EVS,1239466,134.17
700_Metz EVS,1239467,115.4
700_Metz EVS,1239468,90.79
700_Metz EVS,1239470,58.17
700_Metz EVS,1239471,69.03
700_Metz EVS,1239907,20.7
700_Metz EVS,1240254,269.04
700_Metz EVS,1240439,39.26
700_Metz EVS,1242426,73.92
700_Metz EVS,1242673,50.19
700_Metz EVS,1242789,21.29
700_Metz EVS,1242790,82.92
700_Metz EVS,1242792,94.82
700_Metz EVS,1242801,101.38
700_Metz EVS,1242809,41.17
700_Metz EVS,1242810,31.44
700_Metz EVS,1242811,48.1
700_Metz EVS,1242812,45.91
700_Metz EVS,1242829,75.9
700_Metz EVS,1242834,31.52
700_Metz EVS,1242838,57.21
700_Metz EVS,1242841,115.38
700_Metz EVS,1242845,68.74
700_Metz EVS,1242848,127.31
700_Metz EVS,1242852,54.18
700_Metz EVS,1242855,42.77
700_Metz EVS,1242863,60.89
700_Metz EVS,1242867,115.75
700_Metz EVS,1242868,414.81
700_Metz EVS,1242886,59.32
700_Metz EVS,1242888,40.63
700_Metz EVS,1242891,57.79
700_Metz EVS,1242893,172.93
700_Metz EVS,1242902,50.03
700_Metz EVS,1242904,59.24
700_Metz EVS,1242906,52.34
700_Metz EVS,1242909,105.93
700_Metz EVS,1242911,60.58
700_Metz EVS,1242913,35.14
700_Metz EVS,1242914,45.52
700_Metz EVS,1242917,98.3
700_Metz EVS,1242919,64.85
700_Metz EVS,1242921,58.02
700_Metz EVS,1242923,91.86
700_Metz EVS,1242925,55.71
700_Metz EVS,1242926,114.87
700_Metz EVS,1242929,124.95
700_Metz EVS,1242931,188.86
700_Metz EVS,1242933,63.01
700_Metz EVS,1242934,142.85
700_Metz EVS,1242936,85.63
700_Metz EVS,1242937,44.36
700_Metz EVS,1242938,61.71
700_Metz EVS,1242939,58.11
700_Metz EVS,1242941,80.8
700_Metz EVS,1242942,57.56
700_Metz EVS,1242945,62.42
700_Metz EVS,1242947,91.05
700_Metz EVS,1242949,64.78
700_Metz EVS,1242951,80.36
700_Metz EVS,1242954,85.8
700_Metz EVS,1242961,211.24
700_Metz EVS,1242962,295.57
700_Metz EVS,1242966,62.49
700_Metz EVS,1242969,73.69
700_Metz EVS,1242972,73.45
700_Metz EVS,1242973,54.3
700_Metz EVS,1242975,109.3
700_Metz EVS,1242976,119.93
700_Metz EVS,1242979,69.06
700_Metz EVS,1242982,118.08
700_Metz EVS,1242991,70.35
700_Metz EVS,1242993,135.44
700_Metz EVS,1243005,43.07
700_Metz EVS,1243230,50.01
700_Metz EVS,1243277,74.07
700_Metz EVS,1243309,73.45
700_Metz EVS,1243317,98.38
700_Metz EVS,1243352,807.94
700_Metz EVS,1243356,114.23
700_Metz EVS,1243357,128.13
700_Metz EVS,1243361,295.14
700_Metz EVS,1243409,73.91
700_Metz EVS,1243416,111.26
700_Metz EVS,1243419,98.52
700_Metz EVS,1243422,33.65
700_Metz EVS,1243444,1083.79
700_Metz EVS,1243549,69.87
700_Metz EVS,1243570,91.64
700_Metz EVS,1243571,168.75
700_Metz EVS,1245638,27.93
700_Metz EVS,1245969,17.37
700_Metz EVS,1246666,31.73
700_Metz EVS,1247062,82.1
700_Metz EVS,1247063,49.32
700_Metz EVS,1247064,39.45
700_Metz EVS,1247065,105.77
700_Metz EVS,1247115,38.84
700_Metz EVS,1247116,59.25
700_Metz EVS,1247117,58.41
700_Metz EVS,1247119,47.47
700_Metz EVS,1247120,29.62
700_Metz EVS,1247173,356.82
700_Metz EVS,1247187,41.1
700_Metz EVS,1247332,40.17
700_Metz EVS,1248824,54.72
700_Metz EVS,1250497,45.74
700_Metz EVS,1250577,16.68
700_Metz EVS,1250683,160.75
700_Metz EVS,1251873,26.45
700_Metz EVS,1252624,52.1
700_Metz EVS,1253854,100.82
700_Metz EVS,1254023,27.39
700_Metz EVS,1254023,27.39
700_Metz EVS,1254025,27.39
700_Metz EVS,1254025,27.39
700_Metz EVS,1254028,27.39
700_Metz EVS,1254028,27.39
700_Metz EVS,1254034,27.39
700_Metz EVS,1254034,27.39
700_Metz EVS,1254035,27.39
700_Metz EVS,1254035,27.39
700_Metz EVS,1254237,51.55
700_Metz EVS,1254238,105.14
700_Metz EVS,1254467,13233.98
700_Metz EVS,1254468,15993.31
700_Metz EVS,1254497,44.94
700_Metz EVS,1254520,16.88
700_Metz EVS,1254520,16.88
700_Metz EVS,1254645,17.37
700_Metz EVS,1254688,35.96
700_Metz EVS,1254739,10353.13
700_Metz EVS,1255237,109.18
700_Metz EVS,1255258,463.15
700_Metz EVS,1255453,88.99
700_Metz EVS,1255648,49.5
700_Metz EVS,1255785,27.82
700_Metz EVS,1255796,61.54
700_Metz EVS,1255878,18.86
700_Metz EVS,1256425,140.24
700_Metz EVS,1256426,57.6
700_Metz EVS,1256755,85.46
700_Metz EVS,1256756,80.62
700_Metz EVS,1256988,25.5
700_Metz EVS,1256991,131.73
700_Metz EVS,1256995,94.36
700_Metz EVS,1256996,68.15
700_Metz EVS,1257003,221.41
700_Metz EVS,1257005,71.12
700_Metz EVS,1257012,248
700_Metz EVS,1257019,82.86
700_Metz EVS,1257021,236.73
700_Metz EVS,1257108,39.31
700_Metz EVS,1257262,34.96
700_Metz EVS,1257437,60.77
700_Metz EVS,1257683,108.79
700_Metz EVS,1257854,0.01
700_Metz EVS,1257858,199.85
700_Metz EVS,1257861,72.27
700_Metz EVS,1257862,27.39
700_Metz EVS,1257862,27.39
700_Metz EVS,1257881,352.43
700_Metz EVS,1257884,117.48
700_Metz EVS,1257887,225.06
700_Metz EVS,1258125,0.01
700_Metz EVS,1258169,49.6
700_Metz EVS,1258324,29.21
700_Metz EVS,1258581,76.1
700_Metz EVS,1258688,48.51
700_Metz EVS,1258961,0.01
700_Metz EVS,1259057,114.91
700_Metz EVS,1259061,118.19
700_Metz EVS,1259381,144.21
700_Metz EVS,1259442,57.89
700_Metz EVS,1259543,37.21
700_Metz EVS,1259764,305.65
700_Metz EVS,1259934,3606.7
700_Metz EVS,1259975,26.74
700_Metz EVS,1259996,74.88
700_Metz EVS,1260055,106.15
700_Metz EVS,1260341,30.59
700_Metz EVS,1260344,58.6
700_Metz EVS,1260345,60.94
700_Metz EVS,1260798,49.57
700_Metz EVS,1260799,49.57
700_Metz EVS,1261002,23.68
700_Metz EVS,1261093,53.95
700_Metz EVS,1261271,66.15
700_Metz EVS,1262410,125.95
700_Metz EVS,1262566,8743.2
700_Metz EVS,1262567,8283.43
700_Metz EVS,1262700,29.12
700_Metz EVS,1262706,210.6
700_Metz EVS,1262831,247.07
700_Metz EVS,1262832,129.84
700_Metz EVS,1262878,34.5
700_Metz EVS,1262878,34.5
700_Metz EVS,1263114,73.82
700_Metz EVS,1263213,0.01
700_Metz EVS,1263214,0.01
700_Metz EVS,1263579,69.12
700_Metz EVS,1263579,69.12
700_Metz EVS,1263589,69.31
700_Metz EVS,1263654,233.47
700_Metz EVS,1263834,15.99
700_Metz EVS,1264135,22.84
700_Metz EVS,1264371,55.6
700_Metz EVS,1264486,61.54
700_Metz EVS,1264698,208.55
700_Metz EVS,1264699,108.47
700_Metz EVS,1264728,8007.89
700_Metz EVS,1264882,53.82
700_Metz EVS,1265067,13.57
700_Metz EVS,1265076,0.01
700_Metz EVS,1265089,41.79
700_Metz EVS,1265089,53.89
700_Metz EVS,1265658,49.57
700_Metz EVS,1265711,41.06
700_Metz EVS,1265847,37.73
700_Metz EVS,1265850,60.39
700_Metz EVS,1265904,66.15
700_Metz EVS,1266071,317.01
700_Metz EVS,1266074,317.01
700_Metz EVS,1266119,13840.8
700_Metz EVS,1266179,156.32
700_Metz EVS,1266188,69.12
700_Metz EVS,1266188,69.12
700_Metz EVS,1266508,535.93
700_Metz EVS,1266581,58.57
700_Metz EVS,1266912,567.48
700_Metz EVS,1266977,97.6
700_Metz EVS,1266979,94.82
700_Metz EVS,1267121,15.99
700_Metz EVS,1267465,85.49
700_Metz EVS,1267504,98.97
700_Metz EVS,1268196,9019.51
700_Metz EVS,1268228,26.46
700_Metz EVS,1268573,47.7
700_Metz EVS,1268573,47.7
700_Metz EVS,1268811,15.53
700_Metz EVS,1268820,157.21
700_Metz EVS,1268842,56.24
700_Metz EVS,1269328,115.09
700_Metz EVS,1269352,23.15
700_Metz EVS,1269666,26.45
700_Metz EVS,1269788,29.46
700_Metz EVS,1269883,8.69
700_Metz EVS,1270549,68.79
700_Metz EVS,1270823,18.56
700_Metz EVS,1271088,16.88
700_Metz EVS,1271088,16.88
700_Metz EVS,1271095,78.03
700_Metz EVS,1271095,78.03
700_Metz EVS,1271100,69.12
700_Metz EVS,1271100,69.12
700_Metz EVS,1271233,69.12
700_Metz EVS,1271233,69.12
700_Metz EVS,1271485,60.26
700_Metz EVS,1271560,71.62
700_Metz EVS,1271561,42.62
700_Metz EVS,1271714,1231.44
700_Metz EVS,1271981,23.12
700_Metz EVS,1272237,14.49
700_Metz EVS,1272424,5.06
700_Metz EVS,1272424,5.06
700_Metz EVS,1272473,4200.44
700_Metz EVS,1272660,1329.75
700_Metz EVS,1273036,64.63
700_Metz EVS,1273106,43.93
700_Metz EVS,1273421,586.63
700_Metz EVS,1273422,547.08
700_Metz EVS,1273423,586.63
700_Metz EVS,1273507,45.43
700_Metz EVS,1273563,49.57
700_Metz EVS,1273564,49.57
700_Metz EVS,1274090,50.07
700_Metz EVS,1274138,0.01
700_Metz EVS,1274142,59.42
700_Metz EVS,1274143,59.42
700_Metz EVS,1274628,63.16
700_Metz EVS,1274670,33.58
700_Metz EVS,1274742,3521.06
700_Metz EVS,1274804,26.6
700_Metz EVS,1274807,68.46
700_Metz EVS,1274807,68.46
700_Metz EVS,1274921,46.46
700_Metz EVS,1274947,52.79
700_Metz EVS,1275397,15.99
700_Metz EVS,1275874,109.78
700_Metz EVS,1275875,24.29
700_Metz EVS,1275876,31.28
700_Metz EVS,1275877,30.45
700_Metz EVS,1276123,8559.75
700_Metz EVS,1276222,23.66
700_Metz EVS,1276268,21.82
700_Metz EVS,1276386,9564.41
700_Metz EVS,1276389,24.36
700_Metz EVS,1276788,39.51
700_Metz EVS,1277358,2842.4
700_Metz EVS,1277496,78.8
700_Metz EVS,1278071,3351.94
700_Metz EVS,1278239,103.82
700_Metz EVS,1278240,159.53
700_Metz EVS,1278242,192.37
700_Metz EVS,1278424,134.04
700_Metz EVS,1278425,122.96
700_Metz EVS,1278448,154.24
700_Metz EVS,1278450,106.12
700_Metz EVS,1278826,32.24
700_Metz EVS,1278831,58.65
700_Metz EVS,1278845,40.76
700_Metz EVS,1278847,44.85
700_Metz EVS,1278851,269.78
700_Metz EVS,1279123,1133.14
700_Metz EVS,1279600,96.46
700_Metz EVS,1279764,44.07
700_Metz EVS,1279819,2588.35
700_Metz EVS,1280212,54.49
700_Metz EVS,1281205,93.15
700_Metz EVS,1281357,208.38
700_Metz EVS,1281579,24.44
700_Metz EVS,1282019,23.28
700_Metz EVS,1282362,10833.39
700_Metz EVS,1282407,35.71
700_Metz EVS,1282407,35.71
700_Metz EVS,1282408,35.71
700_Metz EVS,1282408,35.71
700_Metz EVS,1282410,35.71
700_Metz EVS,1282410,35.71
700_Metz EVS,1282412,35.71
700_Metz EVS,1282412,35.71
700_Metz EVS,1282413,29.96
700_Metz EVS,1282413,29.96
700_Metz EVS,1282414,29.96
700_Metz EVS,1282414,29.96
700_Metz EVS,1282418,29.96
700_Metz EVS,1282418,29.96
700_Metz EVS,1282419,49.97
700_Metz EVS,1282419,49.97
700_Metz EVS,1282420,29.96
700_Metz EVS,1282420,29.96
700_Metz EVS,1282421,49.97
700_Metz EVS,1282421,49.97
700_Metz EVS,1282422,49.97
700_Metz EVS,1282422,49.97
700_Metz EVS,1282425,49.97
700_Metz EVS,1282425,49.97
700_Metz EVS,1282435,76.5
700_Metz EVS,1282435,77.74
700_Metz EVS,1282436,33.75
700_Metz EVS,1282436,33.75
700_Metz EVS,1282437,82.52
700_Metz EVS,1282437,80.27
700_Metz EVS,1282897,32.73
700_Metz EVS,1283206,45.2
700_Metz EVS,1283207,26.97
700_Metz EVS,1283209,26.97
700_Metz EVS,1283261,56.76
700_Metz EVS,1283281,288.49
700_Metz EVS,1283283,102.48
700_Metz EVS,1283284,91.1
700_Metz EVS,1283324,21.05
700_Metz EVS,1283336,0.01
700_Metz EVS,1283337,0.01
700_Metz EVS,1283338,0.01
700_Metz EVS,1283339,0.01
700_Metz EVS,1283341,31.74
700_Metz EVS,1283342,0.01
700_Metz EVS,1283343,34.9
700_Metz EVS,1283344,31.34
700_Metz EVS,1283345,29.21
700_Metz EVS,1283346,32.78
700_Metz EVS,1283347,27.66
700_Metz EVS,1283348,27.66
700_Metz EVS,1283349,44.74
700_Metz EVS,1283350,33.93
700_Metz EVS,1283361,0.01
700_Metz EVS,1283387,68.05
700_Metz EVS,1283512,72.34
700_Metz EVS,1283518,12.77
700_Metz EVS,1283528,127.39
700_Metz EVS,1284263,1231.44
700_Metz EVS,1284402,28
700_Metz EVS,1284444,21.05
700_Metz EVS,1284807,52.27
700_Metz EVS,1284955,138.16
700_Metz EVS,1284956,27.27
700_Metz EVS,1285440,84.38
700_Metz EVS,1285440,84.38
700_Metz EVS,1285442,8098.44
700_Metz EVS,1285486,21.47
700_Metz EVS,1285786,33.75
700_Metz EVS,1285786,33.75
700_Metz EVS,1285798,33.75
700_Metz EVS,1285798,33.75
700_Metz EVS,1286105,932.72
700_Metz EVS,1286106,849.22
700_Metz EVS,1286341,58.47
700_Metz EVS,1286356,16.79
700_Metz EVS,1287515,99.73
700_Metz EVS,1287516,127.47
700_Metz EVS,1287543,123.23
700_Metz EVS,1287578,322
700_Metz EVS,1288099,112.01
700_Metz EVS,1288109,26.43
700_Metz EVS,1288178,7730.79
700_Metz EVS,1288499,0.01
700_Metz EVS,1288599,91.43
700_Metz EVS,1288683,15.59
700_Metz EVS,1288723,16.15
700_Metz EVS,1288820,136.83
700_Metz EVS,1288939,110.7
700_Metz EVS,1289113,93.69
700_Metz EVS,1289114,67.34
700_Metz EVS,1289433,50.6
700_Metz EVS,1289434,36.57
700_Metz EVS,1289748,41.38
700_Metz EVS,1289816,1103.28
700_Metz EVS,1289825,67.99
700_Metz EVS,1289826,67.99
700_Metz EVS,1290075,8745.51
700_Metz EVS,1290123,140.42
700_Metz EVS,1290424,156.94
700_Metz EVS,1290569,67.3
700_Metz EVS,1290669,118.96
700_Metz EVS,1290954,0.01
700_Metz EVS,1291521,66.93
700_Metz EVS,1291524,54.97
700_Metz EVS,1291525,54.97
700_Metz EVS,1291628,22.14
700_Metz EVS,1291804,322
700_Metz EVS,1291805,529
700_Metz EVS,1291808,582.71
700_Metz EVS,1291953,78.82
700_Metz EVS,1292259,74.32
700_Metz EVS,1292326,152.03
700_Metz EVS,1292579,55.8
700_Metz EVS,1292629,2485.33
700_Metz EVS,1293689,33.58
700_Metz EVS,1294567,0.01
700_Metz EVS,1294593,2206.55
700_Metz EVS,1294689,28.28
700_Metz EVS,1294694,25.45
700_Metz EVS,1294706,31.3
700_Metz EVS,1294945,0.01
700_Metz EVS,1294950,84.28
700_Metz EVS,1294952,84.28
700_Metz EVS,1294957,94.45
700_Metz EVS,1294961,72.75
700_Metz EVS,1295045,11.25
700_Metz EVS,1295045,11.25
700_Metz EVS,1295109,48.99
700_Metz EVS,1295333,37.72
700_Metz EVS,1295338,37.72
700_Metz EVS,1295397,71.38
700_Metz EVS,1295446,40.19
700_Metz EVS,1295481,20.13
700_Metz EVS,1295689,16.56
700_Metz EVS,1295897,11.25
700_Metz EVS,1295897,11.25
700_Metz EVS,1295898,11.25
700_Metz EVS,1295898,11.25
700_Metz EVS,1296024,16.88
700_Metz EVS,1296024,16.88
700_Metz EVS,1296025,16.88
700_Metz EVS,1296025,16.88
700_Metz EVS,1296026,11.25
700_Metz EVS,1296026,11.25
700_Metz EVS,1296028,11.25
700_Metz EVS,1296028,11.25
700_Metz EVS,1296038,28.34
700_Metz EVS,1296042,9047.37
700_Metz EVS,1296218,21.91
700_Metz EVS,1296219,530.79
700_Metz EVS,1296220,530.79
700_Metz EVS,1296221,530.79
700_Metz EVS,1296501,77.05
700_Metz EVS,1296960,15.99
700_Metz EVS,1296963,26.02
700_Metz EVS,1297092,13809.72
700_Metz EVS,1297109,3398.66
700_Metz EVS,1297552,11.25
700_Metz EVS,1297552,11.25
700_Metz EVS,1297553,33.75
700_Metz EVS,1297553,33.75
700_Metz EVS,1297554,29.9
700_Metz EVS,1297555,33.75
700_Metz EVS,1297555,33.75
700_Metz EVS,1297558,33.75
700_Metz EVS,1297558,33.75
700_Metz EVS,1298174,0.01
700_Metz EVS,1298516,45.08
700_Metz EVS,1298914,50.96
700_Metz EVS,1298993,48.32
700_Metz EVS,1298999,76.08
700_Metz EVS,1299000,220.36
700_Metz EVS,1299001,148.1
700_Metz EVS,1299003,38.34
700_Metz EVS,1299007,65.98
700_Metz EVS,1299008,138.28
700_Metz EVS,1299010,197.89
700_Metz EVS,1299012,48.44
700_Metz EVS,1299014,1186.37
700_Metz EVS,1299015,234.68
700_Metz EVS,1299022,34.71
700_Metz EVS,1299023,39.17
700_Metz EVS,1299026,60.66
700_Metz EVS,1299027,71.53
700_Metz EVS,1299028,47.77
700_Metz EVS,1299029,37.71
700_Metz EVS,1299032,57.64
700_Metz EVS,1299033,37.41
700_Metz EVS,1299034,51.57
700_Metz EVS,1299035,36.75
700_Metz EVS,1299043,40.61
700_Metz EVS,1299044,42.04
700_Metz EVS,1299045,35.8
700_Metz EVS,1299046,36.66
700_Metz EVS,1299048,63.62
700_Metz EVS,1299082,27.24
700_Metz EVS,1299083,21.49
700_Metz EVS,1299085,26.74
700_Metz EVS,1299086,1560.62
700_Metz EVS,1299099,1546.47
700_Metz EVS,1299100,1362.82
700_Metz EVS,1299214,46.13
700_Metz EVS,1299215,83.26
700_Metz EVS,1299216,213.1
700_Metz EVS,1299217,66.49
700_Metz EVS,1299218,219.28
700_Metz EVS,1299219,141.58
700_Metz EVS,1299220,141.84
700_Metz EVS,1299475,51.62
700_Metz EVS,1299481,0.63
700_Metz EVS,1300336,0.01
700_Metz EVS,1300339,24.78
700_Metz EVS,1300340,0.01
700_Metz EVS,1300342,53.02
700_Metz EVS,1301072,111.76
700_Metz EVS,1301484,14.38
700_Metz EVS,1301484,14.38
700_Metz EVS,1301524,14.06
700_Metz EVS,1302320,11.5
700_Metz EVS,1302320,11.5
700_Metz EVS,1302778,33.75
700_Metz EVS,1302778,33.75
700_Metz EVS,1302876,22.71
700_Metz EVS,1302905,18.52
700_Metz EVS,1302906,18.52
700_Metz EVS,1302907,18.52
700_Metz EVS,1302908,18.52
700_Metz EVS,1302909,18.52
700_Metz EVS,1302910,18.52
700_Metz EVS,1302912,18.52
700_Metz EVS,1302913,18.52
700_Metz EVS,1302914,18.52
700_Metz EVS,1303227,35.88
700_Metz EVS,1303348,123.07
700_Metz EVS,1303497,37.37
700_Metz EVS,1303502,58.03
700_Metz EVS,1303504,14.06
700_Metz EVS,1303505,14.06
700_Metz EVS,1304577,14.06
700_Metz EVS,1304578,62.76
700_Metz EVS,1304579,37.37
700_Metz EVS,1304608,180.04
700_Metz EVS,1305049,2545.54
700_Metz EVS,1305237,49.57
700_Metz EVS,1305386,1612.81
700_Metz EVS,1305591,7860.05
700_Metz EVS,1305724,44.81
700_Metz EVS,1305851,60.93
700_Metz EVS,1306531,15.99
700_Metz EVS,1306652,22.69
700_Metz EVS,1306704,41.77
700_Metz EVS,1307048,58.11
700_Metz EVS,1307236,65.77
700_Metz EVS,1307382,26.32
700_Metz EVS,1307395,11.5
700_Metz EVS,1307395,11.5
700_Metz EVS,1307399,86.02
700_Metz EVS,1307452,34.5
700_Metz EVS,1307881,44.81
700_Metz EVS,1308047,128.87
700_Metz EVS,1308144,0.01
700_Metz EVS,1308147,0.01
700_Metz EVS,1308148,0.01
700_Metz EVS,1308379,353.51
700_Metz EVS,1308380,54.29
700_Metz EVS,1309238,34.16
700_Metz EVS,1309566,129.38
700_Metz EVS,1309567,62.2
700_Metz EVS,1310321,40.6
700_Metz EVS,1311255,55.68
700_Metz EVS,1311336,29.75
700_Metz EVS,1311347,37.37
700_Metz EVS,1311584,40.87
700_Metz EVS,1311894,75.9
700_Metz EVS,1312241,5109.22
700_Metz EVS,1312305,27.79
700_Metz EVS,1312488,31614.85
700_Metz EVS,1312553,119.05
700_Metz EVS,1312912,86.94
700_Metz EVS,1313376,33.22
700_Metz EVS,1313585,0.01
700_Metz EVS,1313586,0.01
700_Metz EVS,1313696,129.38
700_Metz EVS,1313709,39.99
700_Metz EVS,1313975,51.11
700_Metz EVS,1314012,65.41
700_Metz EVS,1314224,35.53
700_Metz EVS,1314265,33.93
700_Metz EVS,1314302,107.02
700_Metz EVS,1314458,49.57
700_Metz EVS,1314523,129.38
700_Metz EVS,1314568,129.38
700_Metz EVS,1314907,8190.54
700_Metz EVS,1314996,60.17
700_Metz EVS,1314997,78.38
700_Metz EVS,1315030,2412.59
700_Metz EVS,1315200,31.74
700_Metz EVS,1315260,86.1
700_Metz EVS,1315261,45.18
700_Metz EVS,1315369,29.14
700_Metz EVS,1315471,13.8
700_Metz EVS,1315471,13.8
700_Metz EVS,1315516,43.95
700_Metz EVS,1315683,73.07
700_Metz EVS,1315693,75.91
700_Metz EVS,1315809,18.86
700_Metz EVS,1315878,208.75
700_Metz EVS,1316323,46.49
700_Metz EVS,1316418,29.17
700_Metz EVS,1316652,73.13
700_Metz EVS,1316652,73.13
700_Metz EVS,1316653,106.88
700_Metz EVS,1316653,106.88
700_Metz EVS,1316654,45
700_Metz EVS,1316654,45
700_Metz EVS,1316655,55.69
700_Metz EVS,1316655,55.69
700_Metz EVS,1316656,64.01
700_Metz EVS,1316656,64.01
700_Metz EVS,1316657,49.67
700_Metz EVS,1316657,49.67
700_Metz EVS,1316830,42.85
700_Metz EVS,1317100,78.59
700_Metz EVS,1317192,14.06
700_Metz EVS,1317418,51.37
700_Metz EVS,1317439,27.38
700_Metz EVS,1317963,34.39
700_Metz EVS,1318279,55.9
700_Metz EVS,1318320,70.61
700_Metz EVS,1318525,113.69
700_Metz EVS,1318597,100.97
700_Metz EVS,1318640,46.35
700_Metz EVS,1318736,85.3
700_Metz EVS,1318831,0.01
700_Metz EVS,1318931,71.97
700_Metz EVS,1318940,118.71
700_Metz EVS,1318942,145.37
700_Metz EVS,1318944,84.92
700_Metz EVS,1319274,118.59
700_Metz EVS,1319939,84.07
700_Metz EVS,1320132,49.57
700_Metz EVS,1320218,2485.33
700_Metz EVS,1320719,50.78
700_Metz EVS,1320737,43.48
700_Metz EVS,1320795,521.33
700_Metz EVS,1321363,10100.8
700_Metz EVS,1322337,35.89
700_Metz EVS,1322687,7.36
700_Metz EVS,1323805,69.95
700_Metz EVS,1323824,27.81
700_Metz EVS,1323825,26.17
700_Metz EVS,1323826,28.58
700_Metz EVS,1323827,48.02
700_Metz EVS,1323829,26.25
700_Metz EVS,1324398,72.68
700_Metz EVS,1325381,80.48
700_Metz EVS,1325383,55.72
700_Metz EVS,1325385,63.86
700_Metz EVS,1325470,125.01
700_Metz EVS,1325522,40.95
700_Metz EVS,1325545,335.08
700_Metz EVS,1325701,63.25
700_Metz EVS,1325743,42.55
700_Metz EVS,1325980,89.46
700_Metz EVS,1326153,103.87
700_Metz EVS,1326290,4856.12
700_Metz EVS,1326619,84.38
700_Metz EVS,1326619,84.38
700_Metz EVS,1326620,33.75
700_Metz EVS,1326620,33.75
700_Metz EVS,1326652,28.13
700_Metz EVS,1326652,28.13
700_Metz EVS,1326657,33.75
700_Metz EVS,1326657,33.75
700_Metz EVS,1326658,33.75
700_Metz EVS,1326658,33.75
700_Metz EVS,1326710,54.15
700_Metz EVS,1326739,502.64
700_Metz EVS,1326792,63.25
700_Metz EVS,1327125,8835.3
700_Metz EVS,1327259,61.37
700_Metz EVS,1327260,0.01
700_Metz EVS,1327646,41
700_Metz EVS,1327821,26.45
700_Metz EVS,1327822,43.93
700_Metz EVS,1327892,29.46
700_Metz EVS,1328715,14.06
700_Metz EVS,1328724,36.05
700_Metz EVS,1328848,1769.09
700_Metz EVS,1328888,52.58
700_Metz EVS,1328904,2588.35
700_Metz EVS,1329166,34.43
700_Metz EVS,1329603,6518.56
700_Metz EVS,1329608,16.88
700_Metz EVS,1329608,16.88
700_Metz EVS,1329810,6165.75
700_Metz EVS,1329980,33.53
700_Metz EVS,1329984,31.67
700_Metz EVS,1330155,9021.84
700_Metz EVS,1330187,75.04
700_Metz EVS,1330264,42.12
700_Metz EVS,1330319,0.01
700_Metz EVS,1330368,21.15
700_Metz EVS,1330369,30.43
700_Metz EVS,1330407,36.95
700_Metz EVS,1330408,234.51
700_Metz EVS,1330610,54.74
700_Metz EVS,1330670,100.48
700_Metz EVS,1330741,331.88
700_Metz EVS,1330744,331.88
700_Metz EVS,1330746,335.19
700_Metz EVS,1330747,335.19
700_Metz EVS,1330836,63.17
700_Metz EVS,1330836,63.17
700_Metz EVS,1330842,281.25
700_Metz EVS,1330842,281.25
700_Metz EVS,1330957,60.95
700_Metz EVS,1330958,47.84
700_Metz EVS,1331072,13.8
700_Metz EVS,1331072,13.8
700_Metz EVS,1331090,84.78
700_Metz EVS,1332354,29.85
700_Metz EVS,1332548,12316.01
700_Metz EVS,1332865,29.39
700_Metz EVS,1333051,187.91
700_Metz EVS,1333701,69.29
700_Metz EVS,1333791,50.6
700_Metz EVS,1333904,210.61
700_Metz EVS,1333905,108.74
700_Metz EVS,1333964,136.41
700_Metz EVS,1333965,531.62
700_Metz EVS,1334119,7351.82
700_Metz EVS,1334124,6995.05
700_Metz EVS,1334128,294.06
700_Metz EVS,1334195,5245.45
700_Metz EVS,1334222,127.1
700_Metz EVS,1334818,5913.42
700_Metz EVS,1334914,223.42
700_Metz EVS,1335375,248.09
700_Metz EVS,1335412,0.01
700_Metz EVS,1335482,19.67
700_Metz EVS,1335618,248.64
700_Metz EVS,1335694,30.88
700_Metz EVS,1336276,7025.38
700_Metz EVS,1336655,19.55
700_Metz EVS,1336834,29.54
700_Metz EVS,1337102,50.42
700_Metz EVS,1337374,54.09
700_Metz EVS,1337562,835.66
700_Metz EVS,1337945,22.91
700_Metz EVS,1337946,22.01
700_Metz EVS,1338717,8743.2
700_Metz EVS,1338753,76.33
700_Metz EVS,1338950,33.76
700_Metz EVS,1339097,163.09
700_Metz EVS,1339413,1999.3
700_Metz EVS,1339613,21.51
700_Metz EVS,1339814,59.41
700_Metz EVS,1340185,194.61
700_Metz EVS,1340511,82.69
700_Metz EVS,1340516,14377.97
700_Metz EVS,1340519,558.5
700_Metz EVS,1341463,67.28
700_Metz EVS,1341520,99.37
700_Metz EVS,1342074,132.39
700_Metz EVS,1342109,23.18
700_Metz EVS,1342110,138.76
700_Metz EVS,1342589,3393.33
700_Metz EVS,1342595,168.75
700_Metz EVS,1342613,110.08
700_Metz EVS,1342614,202.52
700_Metz EVS,1342615,76.18
700_Metz EVS,1342677,441.09
700_Metz EVS,1343275,29.79
700_Metz EVS,1343464,275.63
700_Metz EVS,1343464,275.63
700_Metz EVS,1344579,28
700_Metz EVS,1344899,0.01
700_Metz EVS,1345189,0.01
700_Metz EVS,1345806,22.91
700_Metz EVS,1346689,16105.55
700_Metz EVS,1347131,11.62
700_Metz EVS,1347654,48.45
700_Metz EVS,1347984,23.75
700_Metz EVS,1348404,187.93
700_Metz EVS,1348483,40.97
700_Metz EVS,1350294,73.6
700_Metz EVS,1350826,43.15
700_Metz EVS,1350883,44.87
700_Metz EVS,1350988,78.75
700_Metz EVS,1351807,78.75
700_Metz EVS,1351881,50.54
700_Metz EVS,1351889,45.62
700_Metz EVS,1352462,78.75
700_Metz EVS,1352611,12197
700_Metz EVS,1352745,14.06
700_Metz EVS,1352836,12381.8
700_Metz EVS,1352838,5061.24
700_Metz EVS,1353126,7178.92
700_Metz EVS,1353523,35.37
700_Metz EVS,1353951,16.88
700_Metz EVS,1353951,16.88
700_Metz EVS,1354457,305.65
700_Metz EVS,1355396,25.3
700_Metz EVS,1355911,41.4
700_Metz EVS,1356021,102.81
700_Metz EVS,1356022,28
700_Metz EVS,1356057,48.2
700_Metz EVS,1356346,322.81
700_Metz EVS,1356461,66.83
700_Metz EVS,1356461,66.83
700_Metz EVS,1356503,103.1
700_Metz EVS,1356747,2163.74
700_Metz EVS,1356751,53.82
700_Metz EVS,1356831,73.11
700_Metz EVS,1357407,39.68
700_Metz EVS,1357584,784.22
700_Metz EVS,1357585,54.45
700_Metz EVS,1357586,105.63
700_Metz EVS,1357587,105.63
700_Metz EVS,1357590,105.63
700_Metz EVS,1357717,46
700_Metz EVS,1358069,78.73
700_Metz EVS,1358264,104.32
700_Metz EVS,1358265,104.32
700_Metz EVS,1358303,1378.46
700_Metz EVS,1358304,105.63
700_Metz EVS,1358305,105.63
700_Metz EVS,1358306,105.63
700_Metz EVS,1358308,591.66
700_Metz EVS,1359401,0.01
700_Metz EVS,1359476,73.42
700_Metz EVS,1359485,127.22
700_Metz EVS,1359775,63.8
700_Metz EVS,1359834,78.62
700_Metz EVS,1359873,103.78
700_Metz EVS,1360030,20207.79
700_Metz EVS,1361037,0.01
700_Metz EVS,1361487,51.88
700_Metz EVS,1361593,383.93
700_Metz EVS,1361870,38.31
700_Metz EVS,1362338,78.2
700_Metz EVS,1362519,18.86
700_Metz EVS,1362558,78.73
700_Metz EVS,1363819,99.29
700_Metz EVS,1363890,99.29
700_Metz EVS,1363922,784.22
700_Metz EVS,1363943,298.6
700_Metz EVS,1364294,91.14
700_Metz EVS,1364365,33.35
700_Metz EVS,1364542,412.85
700_Metz EVS,1364592,186.16
700_Metz EVS,1364804,78.61
700_Metz EVS,1365095,63.8
700_Metz EVS,1365936,51.98
700_Metz EVS,1365960,30489.17
700_Metz EVS,1366197,158.47
700_Metz EVS,1366422,99.29
700_Metz EVS,1366423,29.15
700_Metz EVS,1366425,12.78
700_Metz EVS,1366607,28
700_Metz EVS,1366639,59
700_Metz EVS,1366709,784.22
700_Metz EVS,1366740,105.63
700_Metz EVS,1366835,84.63
700_Metz EVS,1367571,70.85
700_Metz EVS,1367769,48.82
700_Metz EVS,1368198,48.82
700_Metz EVS,1368199,51.89
700_Metz EVS,1368230,84.63
700_Metz EVS,1368231,54.19
700_Metz EVS,1368232,70.85
700_Metz EVS,1368346,31.63
700_Metz EVS,1368665,7454.46
700_Metz EVS,1368980,36.13
700_Metz EVS,1368981,42.29
700_Metz EVS,1368982,62.05
700_Metz EVS,1368983,153.05
700_Metz EVS,1368984,62.05
700_Metz EVS,1368985,153.05
700_Metz EVS,1368986,52.21
700_Metz EVS,1369493,54.19
700_Metz EVS,1369763,218.62
700_Metz EVS,1370142,77.58
700_Metz EVS,1371094,429.53
700_Metz EVS,1371184,50.36
700_Metz EVS,1371273,299
700_Metz EVS,1371342,31.3
700_Metz EVS,1371344,30.02
700_Metz EVS,1371827,42.29
700_Metz EVS,1372225,34.21
700_Metz EVS,1372359,78.73
700_Metz EVS,1372360,83.02
700_Metz EVS,1372413,94.48
700_Metz EVS,1372689,101.46
700_Metz EVS,1372726,50.36
700_Metz EVS,1373056,87.95
700_Metz EVS,1373855,86.86
700_Metz EVS,1373856,104.32
700_Metz EVS,1374255,108.01
700_Metz EVS,1374327,84.63
700_Metz EVS,1374942,218.76
700_Metz EVS,1375927,12770.23
700_Metz EVS,1376124,90.94
700_Metz EVS,1376215,17486.37
700_Metz EVS,1376433,19786.73
700_Metz EVS,1377141,28.46
700_Metz EVS,1377574,39.94
700_Metz EVS,1378159,51.94
700_Metz EVS,1378160,49.47
700_Metz EVS,1378161,60.03
700_Metz EVS,1378162,29.31
700_Metz EVS,1378163,52.29
700_Metz EVS,1378164,61.99
700_Metz EVS,1378167,32.52
700_Metz EVS,1378169,46.71
700_Metz EVS,1378172,8.82
700_Metz EVS,1378174,0.01
700_Metz EVS,1378176,0.01
700_Metz EVS,1378527,44.49
700_Metz EVS,1378652,61.5
700_Metz EVS,1379477,10193.68
700_Metz EVS,1380190,95.08
700_Metz EVS,1388139,30.59
700_Metz EVS,1388150,82.61
700_Metz EVS,1390481,0.01
700_Metz EVS,1394865,58.03
700_Metz EVS,1394866,40.6
700_Metz EVS,1394867,0.01
700_Metz EVS,1394868,0.01
700_Metz EVS,1396905,60.93
700_Metz EVS,1396908,0.01
700_Metz EVS,1397064,0.01
700_Metz EVS,1397695,22.5
700_Metz EVS,1399124,78.75
700_Metz EVS,1399294,22.5
700_Metz EVS,1399429,78.75
700_Metz EVS,1399430,40.6
700_Metz EVS,1401671,46.71
700_Metz EVS,1000146,15.66
700_Metz EVS,1000149,22.52
700_Metz EVS,1000150,21.26
700_Metz EVS,1000151,24.73
700_Metz EVS,1000152,29.45
700_Metz EVS,1000153,26.61
700_Metz EVS,1000154,27.73
700_Metz EVS,1000155,21.26
700_Metz EVS,1000156,20.34
700_Metz EVS,1000157,25.99
700_Metz EVS,1001326,45.24
700_Metz EVS,1001729,23.46
700_Metz EVS,1001730,31.03
700_Metz EVS,1001756,23.46
700_Metz EVS,1001771,18.07
700_Metz EVS,1001786,30.71
700_Metz EVS,1001813,32.29
700_Metz EVS,1001814,27.17
700_Metz EVS,1001888,21.09
700_Metz EVS,1001889,26.58
700_Metz EVS,1001908,32.1
700_Metz EVS,1002002,23.97
700_Metz EVS,1002008,31.75
700_Metz EVS,1002010,24.95
700_Metz EVS,1002011,16.89
700_Metz EVS,1002012,19.78
700_Metz EVS,1002014,21.86
700_Metz EVS,1002017,27.88
700_Metz EVS,1002019,27.73
700_Metz EVS,1002020,24.95
700_Metz EVS,1002021,29.49
700_Metz EVS,1002022,22.84
700_Metz EVS,1002025,28.92
700_Metz EVS,1002026,20.82
700_Metz EVS,1002027,24.32
700_Metz EVS,1002028,29.22
700_Metz EVS,1002030,23.22
700_Metz EVS,1002031,27.29
700_Metz EVS,1002499,14.74
700_Metz EVS,1002513,20.3
700_Metz EVS,1003040,33.21
700_Metz EVS,1003041,34.49
700_Metz EVS,1003063,15.91
700_Metz EVS,1003083,28.51
700_Metz EVS,1003095,28.82
700_Metz EVS,1003100,46.15
700_Metz EVS,1003101,16.07
700_Metz EVS,1003102,22.83
700_Metz EVS,1003117,31.03
700_Metz EVS,1003126,30.06
700_Metz EVS,1003137,28.51
700_Metz EVS,1003172,35.91
700_Metz EVS,1003204,38.43
700_Metz EVS,1003205,30.06
700_Metz EVS,1003219,22.84
700_Metz EVS,1003227,26.89
700_Metz EVS,1003228,24.3
700_Metz EVS,1003229,34.18
700_Metz EVS,1003233,30.86
700_Metz EVS,1003277,35.12
700_Metz EVS,1003299,51.05
700_Metz EVS,1003387,14.25
700_Metz EVS,1003454,29.93
700_Metz EVS,1003478,15.17
700_Metz EVS,1003483,24.95
700_Metz EVS,1003502,18.98
700_Metz EVS,1003515,27.06
700_Metz EVS,1003520,23.97
700_Metz EVS,1003564,23.16
700_Metz EVS,1003565,26.24
700_Metz EVS,1003566,28.94
700_Metz EVS,1005664,96.62
700_Metz EVS,1005665,117.43
700_Metz EVS,1005666,87.42
700_Metz EVS,1005667,106.63
700_Metz EVS,1005710,12.38
700_Metz EVS,1006063,49.98
700_Metz EVS,1006254,62.13
700_Metz EVS,1006255,68.07
700_Metz EVS,1006320,37.32
700_Metz EVS,1006467,45.16
700_Metz EVS,1006498,35.48
700_Metz EVS,1006700,27.96
700_Metz EVS,1006713,44.37
700_Metz EVS,1007028,18.98
700_Metz EVS,1007352,17.99
700_Metz EVS,1007358,87.98
700_Metz EVS,1007538,50.69
700_Metz EVS,1007637,69.49
700_Metz EVS,1007735,48.93
700_Metz EVS,1007764,24.47
700_Metz EVS,1008116,41.8
700_Metz EVS,1008159,43.34
700_Metz EVS,1008372,6.89
700_Metz EVS,1008776,37.25
700_Metz EVS,1008831,36.93
700_Metz EVS,1009221,36.34
700_Metz EVS,1009567,53.89
700_Metz EVS,1009710,15.18
700_Metz EVS,1009721,19.64
700_Metz EVS,1009724,24.01
700_Metz EVS,1009958,45.16
700_Metz EVS,1009959,46.45
700_Metz EVS,1022786,47.4
700_Metz EVS,1022833,17.4
700_Metz EVS,1022939,44.49
700_Metz EVS,1023117,45.55
700_Metz EVS,1023179,50.64
700_Metz EVS,1023210,47.24
700_Metz EVS,1023211,59.05
700_Metz EVS,1023213,34.12
700_Metz EVS,1023247,32.38
700_Metz EVS,1023248,43.11
700_Metz EVS,1023249,46.5
700_Metz EVS,1023348,53.97
700_Metz EVS,1023354,46.46
700_Metz EVS,1023422,38.1
700_Metz EVS,1023431,37.24
700_Metz EVS,1023439,37.44
700_Metz EVS,1023451,39.45
700_Metz EVS,1023646,20.73
700_Metz EVS,1023674,19.24
700_Metz EVS,1023694,26.84
700_Metz EVS,1023872,35.92
700_Metz EVS,1023935,39.48
700_Metz EVS,1024044,22.93
700_Metz EVS,1024138,38.8
700_Metz EVS,1024213,46.51
700_Metz EVS,1024263,38.03
700_Metz EVS,1024269,25.81
700_Metz EVS,1024270,36.83
700_Metz EVS,1024356,37.91
700_Metz EVS,1024363,35.66
700_Metz EVS,1024373,47.13
700_Metz EVS,1024378,33.5
700_Metz EVS,1024412,54.6
700_Metz EVS,1024419,24.36
700_Metz EVS,1024424,25.63
700_Metz EVS,1024425,22.75
700_Metz EVS,1024440,43.1
700_Metz EVS,1024575,36.77
700_Metz EVS,1024579,30.8
700_Metz EVS,1024606,30.34
700_Metz EVS,1024808,40.29
700_Metz EVS,1024896,25.43
700_Metz EVS,1024935,12.04
700_Metz EVS,1024936,12.04
700_Metz EVS,1024938,18.06
700_Metz EVS,1024940,9.03
700_Metz EVS,1024967,99.54
700_Metz EVS,1025049,58.5
700_Metz EVS,1025051,32.74
700_Metz EVS,1025057,49.39
700_Metz EVS,1025197,21.96
700_Metz EVS,1025235,22.13
700_Metz EVS,1025322,32.74
700_Metz EVS,1025416,40.91
700_Metz EVS,1025683,19.83
700_Metz EVS,1025686,29.93
700_Metz EVS,1025733,33.83
700_Metz EVS,1025734,42.93
700_Metz EVS,1025746,34.73
700_Metz EVS,1025790,42.37
700_Metz EVS,1025798,18.54
700_Metz EVS,1025815,39.61
700_Metz EVS,1025945,50.48
700_Metz EVS,1025946,47.45
700_Metz EVS,1026166,9.03
700_Metz EVS,1026167,9.03
700_Metz EVS,1026168,8.43
700_Metz EVS,1026188,19.22
700_Metz EVS,1026190,30.44
700_Metz EVS,1026192,36.78
700_Metz EVS,1026229,55.46
700_Metz EVS,1026231,68.4
700_Metz EVS,1026249,8.43
700_Metz EVS,1026994,54.68
700_Metz EVS,1027780,33.91
700_Metz EVS,1027939,26.47
700_Metz EVS,1027963,45.29
700_Metz EVS,1028021,41.88
700_Metz EVS,1028106,55.04
700_Metz EVS,1028374,33.58
700_Metz EVS,1028459,41.02
700_Metz EVS,1028897,34.58
700_Metz EVS,1041508,13.04
700_Metz EVS,1041654,5.29
700_Metz EVS,1041655,7.26
700_Metz EVS,1041657,18.99
700_Metz EVS,1041658,15.42
700_Metz EVS,1041659,9.89
700_Metz EVS,1041665,23.7
700_Metz EVS,1041666,15.45
700_Metz EVS,1041667,11.25
700_Metz EVS,1041668,55.68
700_Metz EVS,1041669,18.78
700_Metz EVS,1042753,5.23
700_Metz EVS,1042821,20.71
700_Metz EVS,1043422,15.5
700_Metz EVS,1043636,15.89
700_Metz EVS,1043637,20.43
700_Metz EVS,1044150,31.32
700_Metz EVS,1044151,25.62
700_Metz EVS,1044152,27.09
700_Metz EVS,1044153,22.84
700_Metz EVS,1044154,24.47
700_Metz EVS,1044623,12.7
700_Metz EVS,1044628,17.98
700_Metz EVS,1044630,7.88
700_Metz EVS,1044646,20.81
700_Metz EVS,1044647,27.6
700_Metz EVS,1044655,45.32
700_Metz EVS,1044656,36.2
700_Metz EVS,1044658,27.09
700_Metz EVS,1044660,36.2
700_Metz EVS,1044665,27.09
700_Metz EVS,1044666,63.03
700_Metz EVS,1044672,37.72
700_Metz EVS,1044742,20.43
700_Metz EVS,1044835,19.58
700_Metz EVS,1044930,71.38
700_Metz EVS,1044932,14.02
700_Metz EVS,1044984,16.17
700_Metz EVS,1045529,23.56
700_Metz EVS,1045757,17.67
700_Metz EVS,1045773,21.79
700_Metz EVS,1045778,32.91
700_Metz EVS,1045781,45.32
700_Metz EVS,1045939,26.24
700_Metz EVS,1046053,32.12
700_Metz EVS,1046669,13.62
700_Metz EVS,1046670,63.54
700_Metz EVS,1046752,38.75
700_Metz EVS,1050790,9.98
700_Metz EVS,1050791,9.98
700_Metz EVS,1050792,14.5
700_Metz EVS,1050793,14.5
700_Metz EVS,1050804,18.54
700_Metz EVS,1050805,17.34
700_Metz EVS,1050806,17.34
700_Metz EVS,1050807,10.76
700_Metz EVS,1050808,10.76
700_Metz EVS,1050809,13.07
700_Metz EVS,1050810,13.07
700_Metz EVS,1050811,17.18
700_Metz EVS,1050812,17.18
700_Metz EVS,1050813,17.18
700_Metz EVS,1050814,19.45
700_Metz EVS,1050826,26.25
700_Metz EVS,1050827,29.16
700_Metz EVS,1050828,29.16
700_Metz EVS,1050829,21.11
700_Metz EVS,1050830,21.06
700_Metz EVS,1050832,16.53
700_Metz EVS,1050833,16.53
700_Metz EVS,1050834,16.53
700_Metz EVS,1050835,30.78
700_Metz EVS,1050836,30.78
700_Metz EVS,1050837,22.51
700_Metz EVS,1050838,22.51
700_Metz EVS,1050839,22.51
700_Metz EVS,1050840,17.49
700_Metz EVS,1050841,17.49
700_Metz EVS,1050842,14.85
700_Metz EVS,1050843,14.85
700_Metz EVS,1050846,18.8
700_Metz EVS,1050848,14.66
700_Metz EVS,1050849,14.66
700_Metz EVS,1050850,14.66
700_Metz EVS,1050852,14.14
700_Metz EVS,1050853,14.14
700_Metz EVS,1050854,20.58
700_Metz EVS,1050855,16.11
700_Metz EVS,1050856,16.11
700_Metz EVS,1050857,16.11
700_Metz EVS,1050858,19.27
700_Metz EVS,1050859,23.82
700_Metz EVS,1050860,23.82
700_Metz EVS,1050878,15.78
700_Metz EVS,1050893,28.58
700_Metz EVS,1050899,26.25
700_Metz EVS,1050905,19.22
700_Metz EVS,1050906,37.45
700_Metz EVS,1050917,18.07
700_Metz EVS,1050957,13.25
700_Metz EVS,1050970,27.43
700_Metz EVS,1050988,27.89
700_Metz EVS,1051002,40.62
700_Metz EVS,1051016,17.57
700_Metz EVS,1051018,19.06
700_Metz EVS,1051020,19.06
700_Metz EVS,1051024,18.93
700_Metz EVS,1051033,14.74
700_Metz EVS,1051036,32.36
700_Metz EVS,1051037,21.18
700_Metz EVS,1051048,26.45
700_Metz EVS,1051050,30.06
700_Metz EVS,1051052,15.81
700_Metz EVS,1051055,22.83
700_Metz EVS,1051058,17.42
700_Metz EVS,1051064,38.6
700_Metz EVS,1051072,20.53
700_Metz EVS,1051074,14.25
700_Metz EVS,1051101,26.11
700_Metz EVS,1051103,18.07
700_Metz EVS,1051105,35.97
700_Metz EVS,1051109,17.9
700_Metz EVS,1051112,31.21
700_Metz EVS,1051119,22.83
700_Metz EVS,1051124,21.52
700_Metz EVS,1051137,21.18
700_Metz EVS,1051157,30.06
700_Metz EVS,1051158,20.7
700_Metz EVS,1051165,33.02
700_Metz EVS,1051166,33.02
700_Metz EVS,1051169,20.86
700_Metz EVS,1051171,19.71
700_Metz EVS,1051174,39.59
700_Metz EVS,1051207,17.57
700_Metz EVS,1051210,27.6
700_Metz EVS,1051213,32.52
700_Metz EVS,1051215,32.52
700_Metz EVS,1051217,32.52
700_Metz EVS,1051219,26.11
700_Metz EVS,1051222,22.01
700_Metz EVS,1051239,26.51
700_Metz EVS,1051240,37.55
700_Metz EVS,1051272,31.5
700_Metz EVS,1051300,27.56
700_Metz EVS,1051301,28.82
700_Metz EVS,1051303,26.78
700_Metz EVS,1051304,42.21
700_Metz EVS,1051310,70.13
700_Metz EVS,1051317,14.58
700_Metz EVS,1051319,21.17
700_Metz EVS,1051341,8.65
700_Metz EVS,1051344,38.4
700_Metz EVS,1051350,8.33
700_Metz EVS,1051368,31.43
700_Metz EVS,1051393,22.35
700_Metz EVS,1051399,30.78
700_Metz EVS,1051432,37.42
700_Metz EVS,1051453,24.95
700_Metz EVS,1051459,23.82
700_Metz EVS,1051589,30.3
700_Metz EVS,1051606,25.65
700_Metz EVS,1051607,22.07
700_Metz EVS,1051700,26.93
700_Metz EVS,1051731,32.91
700_Metz EVS,1051763,33.02
700_Metz EVS,1051764,43.53
700_Metz EVS,1051814,21.18
700_Metz EVS,1051820,18.89
700_Metz EVS,1051834,31.21
700_Metz EVS,1051886,29
700_Metz EVS,1051981,23.3
700_Metz EVS,1051986,30.06
700_Metz EVS,1052011,30.63
700_Metz EVS,1052085,27.06
700_Metz EVS,1052086,36.32
700_Metz EVS,1052124,32.29
700_Metz EVS,1052126,22.23
700_Metz EVS,1052127,25.38
700_Metz EVS,1052128,21.18
700_Metz EVS,1052207,27.63
700_Metz EVS,1052242,22.2
700_Metz EVS,1052334,30.47
700_Metz EVS,1052464,24.64
700_Metz EVS,1052465,24.64
700_Metz EVS,1052467,18.07
700_Metz EVS,1052468,30.06
700_Metz EVS,1052469,20.7
700_Metz EVS,1052872,41.14
700_Metz EVS,1052875,25.13
700_Metz EVS,1052880,44.07
700_Metz EVS,1052884,19.85
700_Metz EVS,1052910,35.97
700_Metz EVS,1052911,35.11
700_Metz EVS,1052916,39.42
700_Metz EVS,1052932,18.38
700_Metz EVS,1052933,25.67
700_Metz EVS,1052934,25.13
700_Metz EVS,1052935,26.73
700_Metz EVS,1052936,19.55
700_Metz EVS,1052950,21.52
700_Metz EVS,1052962,17.04
700_Metz EVS,1053011,36.46
700_Metz EVS,1053012,45.34
700_Metz EVS,1053013,45.34
700_Metz EVS,1053036,37.55
700_Metz EVS,1053052,18.78
700_Metz EVS,1053071,34.99
700_Metz EVS,1053076,17.48
700_Metz EVS,1053098,21.52
700_Metz EVS,1053167,45.5
700_Metz EVS,1053178,25.04
700_Metz EVS,1053233,31.21
700_Metz EVS,1053249,37.96
700_Metz EVS,1053292,24.96
700_Metz EVS,1053297,50.1
700_Metz EVS,1053299,37.61
700_Metz EVS,1053325,33.02
700_Metz EVS,1053353,21.35
700_Metz EVS,1053355,31.21
700_Metz EVS,1053435,18.72
700_Metz EVS,1053447,11.57
700_Metz EVS,1053449,41.14
700_Metz EVS,1053459,16.82
700_Metz EVS,1053462,45.34
700_Metz EVS,1053464,45.34
700_Metz EVS,1053467,28.41
700_Metz EVS,1053471,22.03
700_Metz EVS,1053472,11.05
700_Metz EVS,1053481,30.63
700_Metz EVS,1053484,12.87
700_Metz EVS,1053490,17.21
700_Metz EVS,1053498,34.59
700_Metz EVS,1053502,21.18
700_Metz EVS,1053506,30.63
700_Metz EVS,1053508,15.37
700_Metz EVS,1053512,21.86
700_Metz EVS,1053515,21.86
700_Metz EVS,1053521,11.78
700_Metz EVS,1053528,14.74
700_Metz EVS,1053533,31.59
700_Metz EVS,1053538,19.06
700_Metz EVS,1053542,15.87
700_Metz EVS,1053543,32.36
700_Metz EVS,1053547,21.18
700_Metz EVS,1053550,32.36
700_Metz EVS,1053552,17.57
700_Metz EVS,1053559,43.9
700_Metz EVS,1053563,16.75
700_Metz EVS,1053568,17.42
700_Metz EVS,1053582,15.81
700_Metz EVS,1053594,18.89
700_Metz EVS,1053602,18.89
700_Metz EVS,1053605,31.21
700_Metz EVS,1053608,20.58
700_Metz EVS,1053612,28.09
700_Metz EVS,1053613,52.56
700_Metz EVS,1053615,13.98
700_Metz EVS,1053616,38.6
700_Metz EVS,1053617,15.87
700_Metz EVS,1053619,38.6
700_Metz EVS,1053621,42.21
700_Metz EVS,1053622,42.21
700_Metz EVS,1053623,25.65
700_Metz EVS,1053628,22.65
700_Metz EVS,1053629,15.14
700_Metz EVS,1053630,21.35
700_Metz EVS,1053633,21.35
700_Metz EVS,1053643,18.52
700_Metz EVS,1053661,26.45
700_Metz EVS,1053675,27.6
700_Metz EVS,1053688,35.15
700_Metz EVS,1053693,15.06
700_Metz EVS,1053698,17.57
700_Metz EVS,1053714,18.07
700_Metz EVS,1053720,15.06
700_Metz EVS,1053730,27.6
700_Metz EVS,1053731,27.6
700_Metz EVS,1053738,19.71
700_Metz EVS,1053750,24.14
700_Metz EVS,1053769,28.58
700_Metz EVS,1053773,15.44
700_Metz EVS,1053780,24.14
700_Metz EVS,1053794,19.71
700_Metz EVS,1053795,24.96
700_Metz EVS,1053811,31.86
700_Metz EVS,1053833,26.45
700_Metz EVS,1053839,16.43
700_Metz EVS,1053841,48.13
700_Metz EVS,1053848,21.52
700_Metz EVS,1053857,33.67
700_Metz EVS,1053863,17.9
700_Metz EVS,1053866,21.52
700_Metz EVS,1053868,26.45
700_Metz EVS,1053869,26.45
700_Metz EVS,1053875,31.21
700_Metz EVS,1053882,22.65
700_Metz EVS,1053895,16.59
700_Metz EVS,1053896,20.21
700_Metz EVS,1053899,30.63
700_Metz EVS,1053902,20.82
700_Metz EVS,1053925,25.35
700_Metz EVS,1053941,25.23
700_Metz EVS,1053942,29.49
700_Metz EVS,1053952,21.34
700_Metz EVS,1053955,26.11
700_Metz EVS,1053964,23.52
700_Metz EVS,1053965,29.54
700_Metz EVS,1053972,19.06
700_Metz EVS,1053982,43.36
700_Metz EVS,1053992,36.46
700_Metz EVS,1053994,29.89
700_Metz EVS,1054007,22.79
700_Metz EVS,1054031,28.83
700_Metz EVS,1054039,24.01
700_Metz EVS,1054048,105.2
700_Metz EVS,1054049,90.38
700_Metz EVS,1054067,20.16
700_Metz EVS,1054071,23.16
700_Metz EVS,1054081,26.01
700_Metz EVS,1054132,30.06
700_Metz EVS,1054134,27.6
700_Metz EVS,1054135,18.07
700_Metz EVS,1054136,24.14
700_Metz EVS,1054137,32.2
700_Metz EVS,1054145,31.21
700_Metz EVS,1054171,40.07
700_Metz EVS,1054182,22.83
700_Metz EVS,1054184,80.01
700_Metz EVS,1054185,91.86
700_Metz EVS,1054209,19.85
700_Metz EVS,1054254,18.07
700_Metz EVS,1054311,128.41
700_Metz EVS,1054329,38.43
700_Metz EVS,1054337,23.82
700_Metz EVS,1054349,36.7
700_Metz EVS,1054350,26.93
700_Metz EVS,1054362,30.63
700_Metz EVS,1054377,21.6
700_Metz EVS,1054380,23
700_Metz EVS,1054382,26.93
700_Metz EVS,1054384,16.97
700_Metz EVS,1054399,38.45
700_Metz EVS,1054403,25.36
700_Metz EVS,1054467,42.21
700_Metz EVS,1054503,37.61
700_Metz EVS,1054532,24.86
700_Metz EVS,1054533,23.27
700_Metz EVS,1054537,74.08
700_Metz EVS,1054540,24.86
700_Metz EVS,1054561,34.17
700_Metz EVS,1054636,45.29
700_Metz EVS,1054646,59.03
700_Metz EVS,1054656,26.45
700_Metz EVS,1054658,88.27
700_Metz EVS,1054674,67.05
700_Metz EVS,1054684,103.67
700_Metz EVS,1054693,35.27
700_Metz EVS,1054740,33.6
700_Metz EVS,1054747,36.46
700_Metz EVS,1054756,20.53
700_Metz EVS,1054757,32.85
700_Metz EVS,1054799,31.94
700_Metz EVS,1054811,46.04
700_Metz EVS,1054815,30.62
700_Metz EVS,1054819,42.21
700_Metz EVS,1054821,20.71
700_Metz EVS,1054823,61.45
700_Metz EVS,1054830,37.87
700_Metz EVS,1054833,53.28
700_Metz EVS,1054834,29.31
700_Metz EVS,1054839,44.18
700_Metz EVS,1054854,57.74
700_Metz EVS,1054859,43.26
700_Metz EVS,1054862,30.81
700_Metz EVS,1054866,23.49
700_Metz EVS,1054868,34.72
700_Metz EVS,1054869,44.37
700_Metz EVS,1054874,20.89
700_Metz EVS,1054876,20.72
700_Metz EVS,1054882,41.21
700_Metz EVS,1054884,41.21
700_Metz EVS,1054886,20.53
700_Metz EVS,1054891,47.71
700_Metz EVS,1054894,41.21
700_Metz EVS,1054901,33.98
700_Metz EVS,1054902,31.59
700_Metz EVS,1054903,59.03
700_Metz EVS,1054909,59.03
700_Metz EVS,1054916,34.83
700_Metz EVS,1054919,51.05
700_Metz EVS,1054921,51.23
700_Metz EVS,1054930,46.78
700_Metz EVS,1054931,44.37
700_Metz EVS,1054932,44.37
700_Metz EVS,1054947,19.97
700_Metz EVS,1054948,21.06
700_Metz EVS,1054956,50.86
700_Metz EVS,1054958,59.03
700_Metz EVS,1054965,36.46
700_Metz EVS,1054967,33.21
700_Metz EVS,1054978,41.21
700_Metz EVS,1054979,39.43
700_Metz EVS,1054980,26.4
700_Metz EVS,1054981,37.04
700_Metz EVS,1054985,20.53
700_Metz EVS,1054991,31.94
700_Metz EVS,1054995,40.33
700_Metz EVS,1054999,31.25
700_Metz EVS,1055000,31.59
700_Metz EVS,1055008,31.75
700_Metz EVS,1055024,19.92
700_Metz EVS,1055031,35.1
700_Metz EVS,1055035,32.58
700_Metz EVS,1055036,19.22
700_Metz EVS,1055048,37.78
700_Metz EVS,1055050,35.8
700_Metz EVS,1055089,28.2
700_Metz EVS,1055161,31.66
700_Metz EVS,1055190,17.21
700_Metz EVS,1055226,27.2
700_Metz EVS,1055241,25.36
700_Metz EVS,1055264,45
700_Metz EVS,1055268,21.86
700_Metz EVS,1055329,18.82
700_Metz EVS,1055335,21.93
700_Metz EVS,1055395,20.43
700_Metz EVS,1055404,22.2
700_Metz EVS,1055416,10.58
700_Metz EVS,1055423,23.82
700_Metz EVS,1055430,22.05
700_Metz EVS,1055449,32.49
700_Metz EVS,1055460,36.16
700_Metz EVS,1055462,41.75
700_Metz EVS,1055463,29.85
700_Metz EVS,1055501,25.98
700_Metz EVS,1055502,36.35
700_Metz EVS,1055508,39.04
700_Metz EVS,1055516,23.66
700_Metz EVS,1055517,28.28
700_Metz EVS,1055527,32.65
700_Metz EVS,1055542,34.45
700_Metz EVS,1055619,13.98
700_Metz EVS,1055636,14.4
700_Metz EVS,1055669,30.27
700_Metz EVS,1055681,19.69
700_Metz EVS,1055684,28.41
700_Metz EVS,1055687,34
700_Metz EVS,1055691,20.79
700_Metz EVS,1055706,35.64
700_Metz EVS,1055707,30.06
700_Metz EVS,1055713,12.78
700_Metz EVS,1055714,12.87
700_Metz EVS,1055716,18.62
700_Metz EVS,1055724,21.45
700_Metz EVS,1055725,24.48
700_Metz EVS,1055731,24.66
700_Metz EVS,1055732,18.99
700_Metz EVS,1055733,13.62
700_Metz EVS,1055734,14.13
700_Metz EVS,1055735,31.93
700_Metz EVS,1055736,23.92
700_Metz EVS,1055737,22.62
700_Metz EVS,1055738,23.46
700_Metz EVS,1055739,13.46
700_Metz EVS,1055740,16.11
700_Metz EVS,1055741,16.71
700_Metz EVS,1055742,22.86
700_Metz EVS,1055743,28.52
700_Metz EVS,1055745,21.53
700_Metz EVS,1055746,25.4
700_Metz EVS,1055748,29.81
700_Metz EVS,1055749,28.06
700_Metz EVS,1055750,23.79
700_Metz EVS,1055753,21.74
700_Metz EVS,1055754,24.66
700_Metz EVS,1055755,30.88
700_Metz EVS,1055756,32.29
700_Metz EVS,1055757,30.88
700_Metz EVS,1055758,19.25
700_Metz EVS,1055759,19.89
700_Metz EVS,1055760,22.71
700_Metz EVS,1055761,31.14
700_Metz EVS,1055762,27.17
700_Metz EVS,1055763,36.97
700_Metz EVS,1055764,45.48
700_Metz EVS,1055765,19.46
700_Metz EVS,1055766,19.09
700_Metz EVS,1055767,32.49
700_Metz EVS,1055768,33.69
700_Metz EVS,1055769,23.09
700_Metz EVS,1055770,23.94
700_Metz EVS,1055771,21.69
700_Metz EVS,1055772,25.4
700_Metz EVS,1055773,22.67
700_Metz EVS,1055774,30.75
700_Metz EVS,1055775,27.17
700_Metz EVS,1055776,16.34
700_Metz EVS,1055777,17.08
700_Metz EVS,1055778,31.34
700_Metz EVS,1055779,29.14
700_Metz EVS,1055782,18.47
700_Metz EVS,1055783,40.25
700_Metz EVS,1055800,40.21
700_Metz EVS,1056008,17.7
700_Metz EVS,1056011,14.27
700_Metz EVS,1056019,23.96
700_Metz EVS,1056041,29.4
700_Metz EVS,1056108,20.61
700_Metz EVS,1056110,47.52
700_Metz EVS,1056116,39.72
700_Metz EVS,1056124,10.32
700_Metz EVS,1056163,20.39
700_Metz EVS,1056165,23.28
700_Metz EVS,1056175,19.77
700_Metz EVS,1056176,27.06
700_Metz EVS,1056184,33.21
700_Metz EVS,1056185,31.6
700_Metz EVS,1056199,34.83
700_Metz EVS,1056207,25.21
700_Metz EVS,1056208,19.77
700_Metz EVS,1056211,29.63
700_Metz EVS,1056220,32.87
700_Metz EVS,1056221,35.3
700_Metz EVS,1056222,28.52
700_Metz EVS,1056223,37.98
700_Metz EVS,1056224,37.98
700_Metz EVS,1056225,37.98
700_Metz EVS,1056226,28.99
700_Metz EVS,1056288,30.06
700_Metz EVS,1056309,33.21
700_Metz EVS,1056413,25.91
700_Metz EVS,1056434,17.2
700_Metz EVS,1056443,41.42
700_Metz EVS,1056445,35.4
700_Metz EVS,1056448,32.51
700_Metz EVS,1056449,43.5
700_Metz EVS,1056450,29.54
700_Metz EVS,1056458,25.81
700_Metz EVS,1056459,20.95
700_Metz EVS,1056460,18.72
700_Metz EVS,1056461,22.79
700_Metz EVS,1056462,13.65
700_Metz EVS,1056463,16.12
700_Metz EVS,1056464,21.05
700_Metz EVS,1056465,25.7
700_Metz EVS,1056466,33.54
700_Metz EVS,1056467,18.72
700_Metz EVS,1056468,22.93
700_Metz EVS,1056469,27.15
700_Metz EVS,1056470,15.96
700_Metz EVS,1056471,19.44
700_Metz EVS,1056472,23.07
700_Metz EVS,1056473,30.05
700_Metz EVS,1056474,17.12
700_Metz EVS,1056475,20.89
700_Metz EVS,1056476,24.67
700_Metz EVS,1056477,32.37
700_Metz EVS,1056480,32.45
700_Metz EVS,1056484,34.49
700_Metz EVS,1056487,23.34
700_Metz EVS,1056498,18.56
700_Metz EVS,1056499,26.58
700_Metz EVS,1056513,23.16
700_Metz EVS,1056514,15.18
700_Metz EVS,1056515,15.81
700_Metz EVS,1056517,16.17
700_Metz EVS,1056530,20.5
700_Metz EVS,1056631,20.82
700_Metz EVS,1056632,18.46
700_Metz EVS,1056684,20.88
700_Metz EVS,1056704,31.11
700_Metz EVS,1056705,28.92
700_Metz EVS,1056869,25.05
700_Metz EVS,1056887,24.75
700_Metz EVS,1056889,19.71
700_Metz EVS,1056909,14.41
700_Metz EVS,1056957,27.28
700_Metz EVS,1056998,23.01
700_Metz EVS,1057016,43.37
700_Metz EVS,1057021,18.46
700_Metz EVS,1057032,30.54
700_Metz EVS,1057034,27.48
700_Metz EVS,1057040,21.26
700_Metz EVS,1057041,24.1
700_Metz EVS,1057042,35.29
700_Metz EVS,1057043,27.56
700_Metz EVS,1057044,22.37
700_Metz EVS,1057045,28.82
700_Metz EVS,1057046,25.2
700_Metz EVS,1057047,37.33
700_Metz EVS,1057048,26.61
700_Metz EVS,1057049,28.82
700_Metz EVS,1057134,27.74
700_Metz EVS,1057142,22.46
700_Metz EVS,1057145,20.5
700_Metz EVS,1057146,23.58
700_Metz EVS,1057152,27.33
700_Metz EVS,1057159,25.35
700_Metz EVS,1057176,20.72
700_Metz EVS,1057181,19.78
700_Metz EVS,1057184,17.42
700_Metz EVS,1057194,28.92
700_Metz EVS,1057195,27.33
700_Metz EVS,1057204,19.11
700_Metz EVS,1057214,17.94
700_Metz EVS,1057220,38.4
700_Metz EVS,1057226,24.1
700_Metz EVS,1057229,25.59
700_Metz EVS,1057234,15.81
700_Metz EVS,1057241,23.92
700_Metz EVS,1057249,22.84
700_Metz EVS,1057256,24.3
700_Metz EVS,1057259,31.43
700_Metz EVS,1057270,19.44
700_Metz EVS,1057287,31.26
700_Metz EVS,1057290,26.11
700_Metz EVS,1057293,25.35
700_Metz EVS,1057295,24.41
700_Metz EVS,1057302,27.54
700_Metz EVS,1057310,31.59
700_Metz EVS,1057313,33.54
700_Metz EVS,1057324,24.95
700_Metz EVS,1057327,22.84
700_Metz EVS,1057328,23.12
700_Metz EVS,1057329,26.89
700_Metz EVS,1057332,26.16
700_Metz EVS,1057333,33.54
700_Metz EVS,1057334,30.41
700_Metz EVS,1057339,29.49
700_Metz EVS,1057341,33.21
700_Metz EVS,1057343,35.31
700_Metz EVS,1057347,27.38
700_Metz EVS,1057359,28.51
700_Metz EVS,1057360,23.63
700_Metz EVS,1057361,27.38
700_Metz EVS,1057363,26.25
700_Metz EVS,1057370,30.3
700_Metz EVS,1057411,28.16
700_Metz EVS,1057432,22.84
700_Metz EVS,1057442,26.89
700_Metz EVS,1057461,30.41
700_Metz EVS,1057467,22.03
700_Metz EVS,1057474,24.27
700_Metz EVS,1057478,15.18
700_Metz EVS,1057483,24.95
700_Metz EVS,1057484,21.17
700_Metz EVS,1057486,21.86
700_Metz EVS,1057487,16.57
700_Metz EVS,1057488,17.73
700_Metz EVS,1057491,29.09
700_Metz EVS,1057492,25.52
700_Metz EVS,1057494,34.18
700_Metz EVS,1057495,29.61
700_Metz EVS,1057497,22.52
700_Metz EVS,1057498,23.97
700_Metz EVS,1057501,29.09
700_Metz EVS,1057504,38.4
700_Metz EVS,1057507,19.11
700_Metz EVS,1057508,27.25
700_Metz EVS,1057509,31.11
700_Metz EVS,1057511,25.59
700_Metz EVS,1057512,29.61
700_Metz EVS,1057513,31.43
700_Metz EVS,1057514,29.61
700_Metz EVS,1057515,24.3
700_Metz EVS,1057516,19.52
700_Metz EVS,1057519,35.31
700_Metz EVS,1057520,22.84
700_Metz EVS,1057521,31.03
700_Metz EVS,1057525,29.61
700_Metz EVS,1057527,25.82
700_Metz EVS,1057528,28.67
700_Metz EVS,1057529,19.92
700_Metz EVS,1057531,27.56
700_Metz EVS,1057533,30.3
700_Metz EVS,1057535,30.62
700_Metz EVS,1057536,30.71
700_Metz EVS,1057537,21.09
700_Metz EVS,1057538,24.3
700_Metz EVS,1057539,31.82
700_Metz EVS,1057540,29.81
700_Metz EVS,1057541,31.75
700_Metz EVS,1057543,25.76
700_Metz EVS,1057545,20.66
700_Metz EVS,1057546,20.73
700_Metz EVS,1057551,37.1
700_Metz EVS,1057554,27.54
700_Metz EVS,1057555,29.45
700_Metz EVS,1057557,33.54
700_Metz EVS,1057558,32.56
700_Metz EVS,1057567,28.04
700_Metz EVS,1057568,21.39
700_Metz EVS,1057570,30.3
700_Metz EVS,1057577,22.22
700_Metz EVS,1057581,25.82
700_Metz EVS,1057584,27.56
700_Metz EVS,1057586,31.03
700_Metz EVS,1057587,29.61
700_Metz EVS,1057588,29.14
700_Metz EVS,1057590,29.45
700_Metz EVS,1057591,30.41
700_Metz EVS,1057592,35.27
700_Metz EVS,1057613,27.56
700_Metz EVS,1057626,20.17
700_Metz EVS,1057648,28.04
700_Metz EVS,1057659,23.16
700_Metz EVS,1057661,30.12
700_Metz EVS,1057662,20.82
700_Metz EVS,1057664,15.91
700_Metz EVS,1057665,14.74
700_Metz EVS,1057667,15.17
700_Metz EVS,1057671,20.5
700_Metz EVS,1057672,20.5
700_Metz EVS,1057674,21.17
700_Metz EVS,1057675,28.16
700_Metz EVS,1057677,20.82
700_Metz EVS,1057684,28.16
700_Metz EVS,1057685,28.16
700_Metz EVS,1057688,16.17
700_Metz EVS,1057690,19.95
700_Metz EVS,1057694,23.41
700_Metz EVS,1057695,23.34
700_Metz EVS,1057697,28.83
700_Metz EVS,1057700,30.36
700_Metz EVS,1057701,30.58
700_Metz EVS,1057704,30.12
700_Metz EVS,1057708,36.93
700_Metz EVS,1057709,36.93
700_Metz EVS,1057715,25.4
700_Metz EVS,1057716,25.22
700_Metz EVS,1057719,20.82
700_Metz EVS,1057721,29.17
700_Metz EVS,1057729,34.45
700_Metz EVS,1057730,34.45
700_Metz EVS,1057737,21.22
700_Metz EVS,1057738,20.88
700_Metz EVS,1057740,20.88
700_Metz EVS,1057743,22.55
700_Metz EVS,1057751,25.27
700_Metz EVS,1057753,27.28
700_Metz EVS,1057755,29.08
700_Metz EVS,1057762,20.85
700_Metz EVS,1057775,27.43
700_Metz EVS,1057776,28.47
700_Metz EVS,1057780,28.47
700_Metz EVS,1057787,20.53
700_Metz EVS,1057797,23.94
700_Metz EVS,1057801,22.01
700_Metz EVS,1057803,25.65
700_Metz EVS,1057809,25.65
700_Metz EVS,1057810,25.65
700_Metz EVS,1057814,31.59
700_Metz EVS,1057815,31.59
700_Metz EVS,1057817,31.3
700_Metz EVS,1057825,33.47
700_Metz EVS,1057831,30.12
700_Metz EVS,1057832,30.12
700_Metz EVS,1057833,32.56
700_Metz EVS,1057840,19.31
700_Metz EVS,1057847,31.11
700_Metz EVS,1057849,23.24
700_Metz EVS,1057852,23.34
700_Metz EVS,1057854,26.99
700_Metz EVS,1057855,27.11
700_Metz EVS,1057858,30.42
700_Metz EVS,1057859,30.42
700_Metz EVS,1057861,33.21
700_Metz EVS,1057864,32.81
700_Metz EVS,1057879,31.59
700_Metz EVS,1057883,29.46
700_Metz EVS,1057891,25.35
700_Metz EVS,1057892,25.35
700_Metz EVS,1057893,27.38
700_Metz EVS,1057896,29
700_Metz EVS,1057899,19.91
700_Metz EVS,1057907,23.25
700_Metz EVS,1057913,31.43
700_Metz EVS,1057916,26.66
700_Metz EVS,1057919,27.88
700_Metz EVS,1057923,36.39
700_Metz EVS,1058056,28.83
700_Metz EVS,1058150,20.88
700_Metz EVS,1058194,19.64
700_Metz EVS,1058210,19.09
700_Metz EVS,1058224,22.22
700_Metz EVS,1058231,25.52
700_Metz EVS,1058233,20.3
700_Metz EVS,1058289,28.04
700_Metz EVS,1058309,20.27
700_Metz EVS,1058334,15.18
700_Metz EVS,1058337,20.88
700_Metz EVS,1058338,23.27
700_Metz EVS,1058339,20.72
700_Metz EVS,1058344,19.24
700_Metz EVS,1058345,19.83
700_Metz EVS,1058346,26.25
700_Metz EVS,1058376,24.91
700_Metz EVS,1063474,50.38
700_Metz EVS,1066572,18.23
700_Metz EVS,1066573,19.69
700_Metz EVS,1066574,18.23
700_Metz EVS,1066579,8.33
700_Metz EVS,1066581,44.14
700_Metz EVS,1066582,18.23
700_Metz EVS,1066585,25.23
700_Metz EVS,1066588,9.28
700_Metz EVS,1066596,10.14
700_Metz EVS,1066605,11.66
700_Metz EVS,1066611,12.72
700_Metz EVS,1066619,13.82
700_Metz EVS,1066622,14.87
700_Metz EVS,1066623,10.34
700_Metz EVS,1066627,16.68
700_Metz EVS,1066628,17.86
700_Metz EVS,1066630,19.31
700_Metz EVS,1066632,22.53
700_Metz EVS,1066633,13.82
700_Metz EVS,1066636,9.28
700_Metz EVS,1066638,10.14
700_Metz EVS,1066640,11.66
700_Metz EVS,1066644,14.87
700_Metz EVS,1066645,17.86
700_Metz EVS,1066646,19.31
700_Metz EVS,1066648,22.53
700_Metz EVS,1066649,43.25
700_Metz EVS,1066650,9.28
700_Metz EVS,1066652,14.87
700_Metz EVS,1066653,17.86
700_Metz EVS,1066655,19.31
700_Metz EVS,1066656,8.33
700_Metz EVS,1066657,10.14
700_Metz EVS,1066659,11.66
700_Metz EVS,1066662,14.87
700_Metz EVS,1066663,16.68
700_Metz EVS,1066664,19.31
700_Metz EVS,1066690,10.14
700_Metz EVS,1066691,11.66
700_Metz EVS,1066695,12.72
700_Metz EVS,1066696,13.82
700_Metz EVS,1066697,14.87
700_Metz EVS,1066699,16.68
700_Metz EVS,1066701,17.86
700_Metz EVS,1066703,19.31
700_Metz EVS,1066708,13.82
700_Metz EVS,1066714,44.14
700_Metz EVS,1066723,18.23
700_Metz EVS,1066724,44.14
700_Metz EVS,1066838,26.69
700_Metz EVS,1066893,19.69
700_Metz EVS,1067003,9.28
700_Metz EVS,1067005,84.38
700_Metz EVS,1067019,19.69
700_Metz EVS,1067022,18.23
700_Metz EVS,1067037,15.17
700_Metz EVS,1067038,19.69
700_Metz EVS,1067043,15.17
700_Metz EVS,1069506,44.14
700_Metz EVS,1069514,19.69
700_Metz EVS,1069520,84.38
700_Metz EVS,1069521,84.38
700_Metz EVS,1069522,19.31
700_Metz EVS,1069542,32.17
700_Metz EVS,1069544,10.34
700_Metz EVS,1070286,12.96
700_Metz EVS,1070399,20.03
700_Metz EVS,1070416,14.95
700_Metz EVS,1070508,14.95
700_Metz EVS,1070527,23.01
700_Metz EVS,1083986,310.83
700_Metz EVS,1084256,38.73
700_Metz EVS,1084257,43.54
700_Metz EVS,1084262,385.38
700_Metz EVS,1084272,41.22
700_Metz EVS,1084302,38
700_Metz EVS,1084303,42.89
700_Metz EVS,1084304,370.96
700_Metz EVS,1084305,128.42
700_Metz EVS,1084312,68.5
700_Metz EVS,1084316,43.86
700_Metz EVS,1084317,54.36
700_Metz EVS,1084320,55.9
700_Metz EVS,1084325,130.41
700_Metz EVS,1084338,81.02
700_Metz EVS,1084359,34.39
700_Metz EVS,1084377,43.86
700_Metz EVS,1084378,38.73
700_Metz EVS,1084380,385.38
700_Metz EVS,1084394,597.65
700_Metz EVS,1084477,829.95
700_Metz EVS,1084496,54.19
700_Metz EVS,1084524,472.57
700_Metz EVS,1084533,53.26
700_Metz EVS,1084575,1921.72
700_Metz EVS,1084668,74.63
700_Metz EVS,1084688,82.89
700_Metz EVS,1084699,44.29
700_Metz EVS,1084700,56.04
700_Metz EVS,1084702,58.22
700_Metz EVS,1084727,30.51
700_Metz EVS,1084742,35.75
700_Metz EVS,1084743,44.41
700_Metz EVS,1084745,441.01
700_Metz EVS,1084747,41.33
700_Metz EVS,1084749,38.97
700_Metz EVS,1084750,47.6
700_Metz EVS,1084751,446.17
700_Metz EVS,1084773,56.13
700_Metz EVS,1084790,48.04
700_Metz EVS,1085000,191.32
700_Metz EVS,1085094,32.03
700_Metz EVS,1085095,52.36
700_Metz EVS,1085103,31.18
700_Metz EVS,1085227,118.01
700_Metz EVS,1085255,67.89
700_Metz EVS,1085326,46.88
700_Metz EVS,1085423,309.69
700_Metz EVS,1085424,49.88
700_Metz EVS,1085491,57.06
700_Metz EVS,1085492,474
700_Metz EVS,1085516,41.02
700_Metz EVS,1085517,101.57
700_Metz EVS,1085521,39.66
700_Metz EVS,1085522,46.86
700_Metz EVS,1085523,139.94
700_Metz EVS,1085525,411.13
700_Metz EVS,1085530,72.12
700_Metz EVS,1085531,87.88
700_Metz EVS,1085532,906.28
700_Metz EVS,1085534,106.19
700_Metz EVS,1085535,130.11
700_Metz EVS,1085536,1354.21
700_Metz EVS,1085537,91.34
700_Metz EVS,1085550,55.16
700_Metz EVS,1085574,501.8
700_Metz EVS,1085575,175.38
700_Metz EVS,1085582,51.62
700_Metz EVS,1085583,607.92
700_Metz EVS,1085586,63.99
700_Metz EVS,1085614,170.88
700_Metz EVS,1085661,72.32
700_Metz EVS,1085663,32.72
700_Metz EVS,1085666,63.71
700_Metz EVS,1085684,52.77
700_Metz EVS,1085729,50.28
700_Metz EVS,1085730,58.54
700_Metz EVS,1085732,48.85
700_Metz EVS,1085733,57.93
700_Metz EVS,1085734,485.32
700_Metz EVS,1085798,82.04
700_Metz EVS,1085831,496.8
700_Metz EVS,1085832,289.97
700_Metz EVS,1085833,153.14
700_Metz EVS,1085834,51.14
700_Metz EVS,1085835,42.65
700_Metz EVS,1085844,256.56
700_Metz EVS,1086073,95.49
700_Metz EVS,1086165,130.12
700_Metz EVS,1086271,39.62
700_Metz EVS,1086300,144.75
700_Metz EVS,1086301,111.96
700_Metz EVS,1086306,35.44
700_Metz EVS,1086323,89.41
700_Metz EVS,1086396,56.07
700_Metz EVS,1086397,96.26
700_Metz EVS,1086416,44.66
700_Metz EVS,1086418,60.85
700_Metz EVS,1086454,114.92
700_Metz EVS,1086455,1179.52
700_Metz EVS,1086457,50.83
700_Metz EVS,1086458,509.5
700_Metz EVS,1086589,29.25
700_Metz EVS,1086648,58.37
700_Metz EVS,1086742,2547.5
700_Metz EVS,1086803,2336.01
700_Metz EVS,1086863,46.19
700_Metz EVS,1086880,254.05
700_Metz EVS,1086938,2493.89
700_Metz EVS,1086963,575.81
700_Metz EVS,1087161,503.76
700_Metz EVS,1087162,299.21
700_Metz EVS,1087163,157.74
700_Metz EVS,1087164,52.67
700_Metz EVS,1087165,40.9
700_Metz EVS,1087166,516.5
700_Metz EVS,1087167,315.5
700_Metz EVS,1087168,162.05
700_Metz EVS,1087169,54.09
700_Metz EVS,1087170,331.04
700_Metz EVS,1087171,169.46
700_Metz EVS,1087191,85.45
700_Metz EVS,1087192,99.15
700_Metz EVS,1087195,735.71
700_Metz EVS,1087196,225.69
700_Metz EVS,1087197,75.41
700_Metz EVS,1087218,157.65
700_Metz EVS,1087233,622.36
700_Metz EVS,1087241,133.13
700_Metz EVS,1087242,233.75
700_Metz EVS,1087244,43.39
700_Metz EVS,1087246,129.83
700_Metz EVS,1087251,416.29
700_Metz EVS,1087254,64.81
700_Metz EVS,1087255,827.41
700_Metz EVS,1087261,286.96
700_Metz EVS,1087287,40.63
700_Metz EVS,1087351,404.95
700_Metz EVS,1087393,374.05
700_Metz EVS,1087416,51.85
700_Metz EVS,1087417,78.63
700_Metz EVS,1087418,43.94
700_Metz EVS,1087419,38.09
700_Metz EVS,1087420,49.63
700_Metz EVS,1087439,43.01
700_Metz EVS,1087450,64.47
700_Metz EVS,1087473,40.23
700_Metz EVS,1087478,48.77
700_Metz EVS,1087479,56.67
700_Metz EVS,1087480,548.18
700_Metz EVS,1087489,79
700_Metz EVS,1087502,361.65
700_Metz EVS,1087505,44.55
700_Metz EVS,1087514,35.88
700_Metz EVS,1087524,66.15
700_Metz EVS,1087529,663.4
700_Metz EVS,1087539,39.73
700_Metz EVS,1087540,137.43
700_Metz EVS,1087542,39.73
700_Metz EVS,1087543,49.18
700_Metz EVS,1087545,91.13
700_Metz EVS,1087547,413.2
700_Metz EVS,1087548,46.08
700_Metz EVS,1087557,40.38
700_Metz EVS,1087558,45.17
700_Metz EVS,1087566,31.09
700_Metz EVS,1087567,37.37
700_Metz EVS,1087568,347.26
700_Metz EVS,1087594,29.84
700_Metz EVS,1087595,36.08
700_Metz EVS,1087661,757.36
700_Metz EVS,1087681,40.47
700_Metz EVS,1087706,42.13
700_Metz EVS,1087727,54.72
700_Metz EVS,1087728,56.52
700_Metz EVS,1087729,471.38
700_Metz EVS,1087733,36.18
700_Metz EVS,1087735,2498.72
700_Metz EVS,1087736,72.96
700_Metz EVS,1087737,714.08
700_Metz EVS,1087738,51.9
700_Metz EVS,1087739,504.89
700_Metz EVS,1087785,33.43
700_Metz EVS,1087786,39.99
700_Metz EVS,1087789,337.98
700_Metz EVS,1087790,424.53
700_Metz EVS,1087791,285.43
700_Metz EVS,1087794,46.08
700_Metz EVS,1087796,41.35
700_Metz EVS,1087797,46.48
700_Metz EVS,1087798,39.04
700_Metz EVS,1087904,1859.9
700_Metz EVS,1087938,451.03
700_Metz EVS,1087954,82.82
700_Metz EVS,1087963,31.7
700_Metz EVS,1088068,40.24
700_Metz EVS,1088070,47.03
700_Metz EVS,1088072,415.25
700_Metz EVS,1088074,57.26
700_Metz EVS,1088130,306.72
700_Metz EVS,1088132,41.67
700_Metz EVS,1088154,59.66
700_Metz EVS,1088166,35.92
700_Metz EVS,1088193,48.4
700_Metz EVS,1088275,175.55
700_Metz EVS,1088276,73.34
700_Metz EVS,1088384,2386.44
700_Metz EVS,1088446,45.3
700_Metz EVS,1088511,52.03
700_Metz EVS,1088514,41.87
700_Metz EVS,1088516,494.59
700_Metz EVS,1088557,2850.62
700_Metz EVS,1088666,196.06
700_Metz EVS,1088678,47.44
700_Metz EVS,1088875,38.07
700_Metz EVS,1088918,922.86
700_Metz EVS,1088919,532.69
700_Metz EVS,1088920,276.41
700_Metz EVS,1088930,64.8
700_Metz EVS,1088944,43.39
700_Metz EVS,1088946,49.33
700_Metz EVS,1088947,57.71
700_Metz EVS,1088948,92.94
700_Metz EVS,1088949,76.49
700_Metz EVS,1088964,78.01
700_Metz EVS,1088976,46.75
700_Metz EVS,1088979,52.45
700_Metz EVS,1088981,556.46
700_Metz EVS,1089010,584.21
700_Metz EVS,1089012,62.28
700_Metz EVS,1089013,76.55
700_Metz EVS,1089014,721.3
700_Metz EVS,1089129,56.94
700_Metz EVS,1089130,67.29
700_Metz EVS,1089131,673.09
700_Metz EVS,1089162,54.68
700_Metz EVS,1089163,67.88
700_Metz EVS,1089347,48.32
700_Metz EVS,1089606,834.64
700_Metz EVS,1089711,73.24
700_Metz EVS,1089712,90.62
700_Metz EVS,1089792,955.75
700_Metz EVS,1089795,93.86
700_Metz EVS,1089804,538.7
700_Metz EVS,1089806,281.3
700_Metz EVS,1089817,77.03
700_Metz EVS,1089839,65.2
700_Metz EVS,1089841,54.19
700_Metz EVS,1089843,262.77
700_Metz EVS,1089845,71.06
700_Metz EVS,1089846,87.77
700_Metz EVS,1089850,870.7
700_Metz EVS,1089932,77.1
700_Metz EVS,1089933,85.45
700_Metz EVS,1089948,60.07
700_Metz EVS,1089949,77.07
700_Metz EVS,1089973,69.23
700_Metz EVS,1089974,83.66
700_Metz EVS,1089975,250.65
700_Metz EVS,1089976,489.53
700_Metz EVS,1089977,830.53
700_Metz EVS,1089981,55.01
700_Metz EVS,1089982,65.85
700_Metz EVS,1089984,73.06
700_Metz EVS,1089988,84.41
700_Metz EVS,1089992,67.78
700_Metz EVS,1089993,78.6
700_Metz EVS,1089994,252.64
700_Metz EVS,1089995,155.59
700_Metz EVS,1089997,625.45
700_Metz EVS,1090001,77.57
700_Metz EVS,1090005,65.54
700_Metz EVS,1090006,75.92
700_Metz EVS,1090007,721.79
700_Metz EVS,1090010,227.23
700_Metz EVS,1090013,110.07
700_Metz EVS,1090033,73.94
700_Metz EVS,1090034,82.89
700_Metz EVS,1090035,879.99
700_Metz EVS,1090042,52.11
700_Metz EVS,1090043,60.64
700_Metz EVS,1090044,616.2
700_Metz EVS,1090045,956.5
700_Metz EVS,1090046,519.33
700_Metz EVS,1090050,86.25
700_Metz EVS,1090051,72.07
700_Metz EVS,1090064,65.04
700_Metz EVS,1090080,660.48
700_Metz EVS,1090086,58.17
700_Metz EVS,1090087,69.69
700_Metz EVS,1090090,68.94
700_Metz EVS,1090098,44.49
700_Metz EVS,1090116,139.04
700_Metz EVS,1090117,171.15
700_Metz EVS,1090127,36.19
700_Metz EVS,1090142,61.98
700_Metz EVS,1090144,408.61
700_Metz EVS,1090149,111.82
700_Metz EVS,1090151,1380.23
700_Metz EVS,1090155,138.98
700_Metz EVS,1090158,35.5
700_Metz EVS,1090160,41.14
700_Metz EVS,1090161,245.07
700_Metz EVS,1090165,109.87
700_Metz EVS,1090175,29.77
700_Metz EVS,1090176,34.73
700_Metz EVS,1090177,128.08
700_Metz EVS,1090179,331.79
700_Metz EVS,1090190,82.78
700_Metz EVS,1090198,872.76
700_Metz EVS,1090201,71.25
700_Metz EVS,1090216,26.68
700_Metz EVS,1090262,213
700_Metz EVS,1090291,39.28
700_Metz EVS,1090307,28.41
700_Metz EVS,1090308,33.82
700_Metz EVS,1091401,44.3
700_Metz EVS,1091892,42.34
700_Metz EVS,1091895,49.57
700_Metz EVS,1092068,64.15
700_Metz EVS,1092129,54.03
700_Metz EVS,1092186,405.97
700_Metz EVS,1092241,54.78
700_Metz EVS,1092242,50.5
700_Metz EVS,1093261,68.57
700_Metz EVS,1095612,389.5
700_Metz EVS,1095987,61.02
700_Metz EVS,1096421,57.11
700_Metz EVS,1096542,32.8
700_Metz EVS,1096614,119.6
700_Metz EVS,1096642,255.73
700_Metz EVS,1096643,142.76
700_Metz EVS,1096660,26.26
700_Metz EVS,1096665,29.19
700_Metz EVS,1096674,375.08
700_Metz EVS,1096676,47.77
700_Metz EVS,1096677,29.25
700_Metz EVS,1096678,39.1
700_Metz EVS,1096685,38.44
700_Metz EVS,1096693,87.59
700_Metz EVS,1096719,35.86
700_Metz EVS,1096730,136.24
700_Metz EVS,1096735,195.59
700_Metz EVS,1096740,43.4
700_Metz EVS,1096765,52.32
700_Metz EVS,1096768,769.71
700_Metz EVS,1096769,82.06
700_Metz EVS,1096771,40.47
700_Metz EVS,1096776,48.16
700_Metz EVS,1096778,56.4
700_Metz EVS,1096791,61.54
700_Metz EVS,1096793,44.3
700_Metz EVS,1096850,35.77
700_Metz EVS,1096876,44.51
700_Metz EVS,1096965,97.8
700_Metz EVS,1096979,37.61
700_Metz EVS,1096980,44.81
700_Metz EVS,1096981,367.87
700_Metz EVS,1096992,35.08
700_Metz EVS,1097107,94.22
700_Metz EVS,1097110,83.7
700_Metz EVS,1097111,89.92
700_Metz EVS,1097112,975.79
700_Metz EVS,1097117,83.7
700_Metz EVS,1097118,89.92
700_Metz EVS,1097119,975.79
700_Metz EVS,1097123,84.55
700_Metz EVS,1097127,95.34
700_Metz EVS,1097143,106.2
700_Metz EVS,1097144,1120.05
700_Metz EVS,1097306,31.98
700_Metz EVS,1097315,191.66
700_Metz EVS,1097320,40.61
700_Metz EVS,1097321,476.04
700_Metz EVS,1097346,171.97
700_Metz EVS,1097377,33.74
700_Metz EVS,1097379,38.44
700_Metz EVS,1097381,38.64
700_Metz EVS,1097383,54.51
700_Metz EVS,1097385,42.25
700_Metz EVS,1097387,40.62
700_Metz EVS,1097389,45.39
700_Metz EVS,1097391,35.77
700_Metz EVS,1097394,37.65
700_Metz EVS,1097396,33.06
700_Metz EVS,1097398,31.02
700_Metz EVS,1097399,33.27
700_Metz EVS,1097402,31.26
700_Metz EVS,1097404,35.75
700_Metz EVS,1097406,53.31
700_Metz EVS,1097408,35.08
700_Metz EVS,1097409,145.21
700_Metz EVS,1097411,30.34
700_Metz EVS,1097413,30.34
700_Metz EVS,1097416,35.5
700_Metz EVS,1097417,25.65
700_Metz EVS,1097420,38.9
700_Metz EVS,1097459,331.04
700_Metz EVS,1097512,49.88
700_Metz EVS,1097753,36.54
700_Metz EVS,1098001,41.36
700_Metz EVS,1098035,245.62
700_Metz EVS,1098205,37.01
700_Metz EVS,1098254,187.57
700_Metz EVS,1098269,313.61
700_Metz EVS,1098444,48.63
700_Metz EVS,1098446,55.09
700_Metz EVS,1098516,51.42
700_Metz EVS,1098517,61.36
700_Metz EVS,1098521,335.53
700_Metz EVS,1098714,164.68
700_Metz EVS,1098834,40.24
700_Metz EVS,1099613,37.78
700_Metz EVS,1099856,447.79
700_Metz EVS,1099881,78.4
700_Metz EVS,1099949,44.48
700_Metz EVS,1099957,65.9
700_Metz EVS,1099965,37.73
700_Metz EVS,1099971,107.21
700_Metz EVS,1099982,133.17
700_Metz EVS,1100023,89.75
700_Metz EVS,1100024,59.97
700_Metz EVS,1100032,682.69
700_Metz EVS,1100053,624.37
700_Metz EVS,1100054,942.09
700_Metz EVS,1100055,1145.19
700_Metz EVS,1100061,285.74
700_Metz EVS,1100074,75.95
700_Metz EVS,1100086,95.42
700_Metz EVS,1100105,98.05
700_Metz EVS,1100130,227.59
700_Metz EVS,1100163,45.97
700_Metz EVS,1100182,54.41
700_Metz EVS,1100192,72.76
700_Metz EVS,1100206,36.72
700_Metz EVS,1100236,54.2
700_Metz EVS,1100259,53.13
700_Metz EVS,1100260,41.94
700_Metz EVS,1100311,117.55
700_Metz EVS,1100388,78.4
700_Metz EVS,1100405,49.16
700_Metz EVS,1100406,70.13
700_Metz EVS,1100432,196.06
700_Metz EVS,1100443,53.38
700_Metz EVS,1100447,268.99
700_Metz EVS,1100462,61.39
700_Metz EVS,1100463,87.59
700_Metz EVS,1100464,72.39
700_Metz EVS,1100494,107.21
700_Metz EVS,1100499,73.57
700_Metz EVS,1100523,320.27
700_Metz EVS,1100527,72.31
700_Metz EVS,1100528,156.19
700_Metz EVS,1100533,48.84
700_Metz EVS,1100917,50.86
700_Metz EVS,1101534,63.35
700_Metz EVS,1101622,53.27
700_Metz EVS,1101795,45.87
700_Metz EVS,1101797,50.15
700_Metz EVS,1101891,51.05
700_Metz EVS,1101928,44.51
700_Metz EVS,1101959,47.89
700_Metz EVS,1101962,56.86
700_Metz EVS,1102060,46.55
700_Metz EVS,1102063,76.46
700_Metz EVS,1102072,44.65
700_Metz EVS,1102106,41.8
700_Metz EVS,1102112,65.66
700_Metz EVS,1102146,64.08
700_Metz EVS,1102186,61.99
700_Metz EVS,1102187,68.36
700_Metz EVS,1102215,58.39
700_Metz EVS,1102250,58.04
700_Metz EVS,1102284,45.87
700_Metz EVS,1102286,48.11
700_Metz EVS,1102321,70.57
700_Metz EVS,1102323,60.19
700_Metz EVS,1108163,216.66
700_Metz EVS,1137889,10.14
700_Metz EVS,1140394,53.87
700_Metz EVS,1140478,65.78
700_Metz EVS,1141021,58.5
700_Metz EVS,1141243,33.86
700_Metz EVS,1141283,779.35
700_Metz EVS,1141579,42.21
700_Metz EVS,1141583,14.34
700_Metz EVS,1141584,17.74
700_Metz EVS,1141585,26.83
700_Metz EVS,1141587,25.39
700_Metz EVS,1142028,19
700_Metz EVS,1142029,26.83
700_Metz EVS,1142030,21.57
700_Metz EVS,1142393,524.41
700_Metz EVS,1142394,514.37
700_Metz EVS,1142395,388.55
700_Metz EVS,1142396,772.99
700_Metz EVS,1142402,436.89
700_Metz EVS,1142532,18.51
700_Metz EVS,1142749,18.7
700_Metz EVS,1143877,34.19
700_Metz EVS,1143878,32.27
700_Metz EVS,1143880,46.44
700_Metz EVS,1143939,610
700_Metz EVS,1143940,137.66
700_Metz EVS,1144008,15.59
700_Metz EVS,1144009,28.18
700_Metz EVS,1144010,25.39
700_Metz EVS,1144011,18.51
700_Metz EVS,1144036,16.84
700_Metz EVS,1144365,39.15
700_Metz EVS,1144453,11.9
700_Metz EVS,1144535,25.75
700_Metz EVS,1144538,19.06
700_Metz EVS,1144539,19.06
700_Metz EVS,1144541,26.51
700_Metz EVS,1144544,26.51
700_Metz EVS,1144665,20.42
700_Metz EVS,1144766,38.43
700_Metz EVS,1144775,21.86
700_Metz EVS,1144801,18.8
700_Metz EVS,1145026,20.42
700_Metz EVS,1145150,239.42
700_Metz EVS,1145218,20.89
700_Metz EVS,1145245,30.78
700_Metz EVS,1145319,128.42
700_Metz EVS,1145578,28.18
700_Metz EVS,1145750,12.72
700_Metz EVS,1145754,19.87
700_Metz EVS,1145755,32.78
700_Metz EVS,1145823,60.19
700_Metz EVS,1145826,15.12
700_Metz EVS,1145879,25.57
700_Metz EVS,1145880,20.87
700_Metz EVS,1145881,28.2
700_Metz EVS,1145882,39.31
700_Metz EVS,1145883,38.43
700_Metz EVS,1145884,19.14
700_Metz EVS,1145885,18.28
700_Metz EVS,1145886,24.44
700_Metz EVS,1145887,29.71
700_Metz EVS,1145888,31.29
700_Metz EVS,1145889,41.86
700_Metz EVS,1145890,26.15
700_Metz EVS,1145891,34.85
700_Metz EVS,1145893,34.85
700_Metz EVS,1146173,26.25
700_Metz EVS,1146227,18.87
700_Metz EVS,1146228,17.44
700_Metz EVS,1146258,28.43
700_Metz EVS,1146527,20.73
700_Metz EVS,1146528,15.59
700_Metz EVS,1146530,19.74
700_Metz EVS,1146554,23.9
700_Metz EVS,1146814,23.16
700_Metz EVS,1146815,29.23
700_Metz EVS,1146894,24.31
700_Metz EVS,1146963,23.81
700_Metz EVS,1147045,20.73
700_Metz EVS,1147097,49.39
700_Metz EVS,1147105,31.66
700_Metz EVS,1147281,26.87
700_Metz EVS,1147391,14.87
700_Metz EVS,1147431,142.59
700_Metz EVS,1147463,36.44
700_Metz EVS,1147515,62.1
700_Metz EVS,1147748,23.15
700_Metz EVS,1147749,21.72
700_Metz EVS,1147909,25.75
700_Metz EVS,1147977,47.44
700_Metz EVS,1148068,15.44
700_Metz EVS,1148274,32.72
700_Metz EVS,1148325,25.75
700_Metz EVS,1148498,33.41
700_Metz EVS,1148549,23.53
700_Metz EVS,1148624,178.24
700_Metz EVS,1148662,34.55
700_Metz EVS,1148699,30.43
700_Metz EVS,1148837,20.58
700_Metz EVS,1148838,31.04
700_Metz EVS,1148931,31.91
700_Metz EVS,1148951,13.82
700_Metz EVS,1149153,28.96
700_Metz EVS,1149155,50.76
700_Metz EVS,1149162,22.38
700_Metz EVS,1149163,33.19
700_Metz EVS,1149165,25.05
700_Metz EVS,1149166,16.82
700_Metz EVS,1149167,12.63
700_Metz EVS,1149259,20.94
700_Metz EVS,1149260,24.72
700_Metz EVS,1149817,14.34
700_Metz EVS,1149868,19.69
700_Metz EVS,1149869,44.14
700_Metz EVS,1150432,21.93
700_Metz EVS,1150615,297.15
700_Metz EVS,1150928,26.7
700_Metz EVS,1151121,63.53
700_Metz EVS,1151184,19.31
700_Metz EVS,1151563,95.53
700_Metz EVS,1151881,14.64
700_Metz EVS,1152093,65.9
700_Metz EVS,1152425,63.71
700_Metz EVS,1152599,32.14
700_Metz EVS,1153173,19.69
700_Metz EVS,1153208,21.93
700_Metz EVS,1153380,37.45
700_Metz EVS,1153506,28.99
700_Metz EVS,1153567,23.63
700_Metz EVS,1153569,26.25
700_Metz EVS,1153576,39.35
700_Metz EVS,1153589,38.66
700_Metz EVS,1153591,30
700_Metz EVS,1153592,19.71
700_Metz EVS,1153593,11.19
700_Metz EVS,1153594,14.75
700_Metz EVS,1153596,28.52
700_Metz EVS,1153599,17.99
700_Metz EVS,1153601,25
700_Metz EVS,1153795,34.55
700_Metz EVS,1154002,24.59
700_Metz EVS,1154003,19.64
700_Metz EVS,1154243,29.16
700_Metz EVS,1154303,32.76
700_Metz EVS,1154337,2735.73
700_Metz EVS,1154376,17.1
700_Metz EVS,1154500,22.84
700_Metz EVS,1154622,29.8
700_Metz EVS,1154829,30.78
700_Metz EVS,1155025,15.76
700_Metz EVS,1155052,24.89
700_Metz EVS,1155054,6.62
700_Metz EVS,1155055,6.62
700_Metz EVS,1155264,11.99
700_Metz EVS,1155265,16.65
700_Metz EVS,1155267,24.91
700_Metz EVS,1155268,16.65
700_Metz EVS,1155269,17.07
700_Metz EVS,1155270,19.38
700_Metz EVS,1155271,20.28
700_Metz EVS,1155272,20.88
700_Metz EVS,1155273,27.74
700_Metz EVS,1155274,22.96
700_Metz EVS,1155275,24.45
700_Metz EVS,1155276,22.96
700_Metz EVS,1155277,25.05
700_Metz EVS,1155278,26.7
700_Metz EVS,1155288,32.65
700_Metz EVS,1155459,7.91
700_Metz EVS,1155588,33.96
700_Metz EVS,1155847,70.5
700_Metz EVS,1155916,21.31
700_Metz EVS,1155921,29.16
700_Metz EVS,1156108,19.75
700_Metz EVS,1156519,23
700_Metz EVS,1156704,37.17
700_Metz EVS,1156866,44.07
700_Metz EVS,1156867,38.27
700_Metz EVS,1156891,58.14
700_Metz EVS,1157308,411.13
700_Metz EVS,1157320,73.24
700_Metz EVS,1157510,127.01
700_Metz EVS,1157652,34.19
700_Metz EVS,1157661,152.27
700_Metz EVS,1158847,1013.47
700_Metz EVS,1158850,469.54
700_Metz EVS,1159070,319.66
700_Metz EVS,1159297,18.24
700_Metz EVS,1159479,19.69
700_Metz EVS,1159629,27.59
700_Metz EVS,1159713,21.3
700_Metz EVS,1159924,13.82
700_Metz EVS,1160260,15.17
700_Metz EVS,1160555,81.44
700_Metz EVS,1160566,19.77
700_Metz EVS,1160786,23.91
700_Metz EVS,1160813,1295.62
700_Metz EVS,1161008,28.16
700_Metz EVS,1161172,24.03
700_Metz EVS,1161286,25.77
700_Metz EVS,1162040,20.63
700_Metz EVS,1162274,20
700_Metz EVS,1162503,55.96
700_Metz EVS,1162536,103.49
700_Metz EVS,1162586,41.24
700_Metz EVS,1162587,48.42
700_Metz EVS,1162588,36.03
700_Metz EVS,1162589,29.79
700_Metz EVS,1162592,64.09
700_Metz EVS,1162593,48.47
700_Metz EVS,1162594,67.89
700_Metz EVS,1162595,28.91
700_Metz EVS,1162661,44.61
700_Metz EVS,1162662,46.74
700_Metz EVS,1162663,55.15
700_Metz EVS,1162664,61.65
700_Metz EVS,1162665,67.82
700_Metz EVS,1162666,72.27
700_Metz EVS,1162705,36.16
700_Metz EVS,1162706,39.41
700_Metz EVS,1162707,45.7
700_Metz EVS,1162708,50.58
700_Metz EVS,1162709,56.41
700_Metz EVS,1162710,59.54
700_Metz EVS,1162722,32.78
700_Metz EVS,1162723,35.22
700_Metz EVS,1162724,40.62
700_Metz EVS,1162725,45.38
700_Metz EVS,1162726,48.67
700_Metz EVS,1162728,52.42
700_Metz EVS,1162729,31.38
700_Metz EVS,1162731,32.48
700_Metz EVS,1162732,37.16
700_Metz EVS,1162733,41.14
700_Metz EVS,1162734,45.51
700_Metz EVS,1162735,48.96
700_Metz EVS,1162736,28.78
700_Metz EVS,1162737,31.41
700_Metz EVS,1162738,36.41
700_Metz EVS,1162739,41.45
700_Metz EVS,1162740,44.95
700_Metz EVS,1162741,49.73
700_Metz EVS,1162765,51.92
700_Metz EVS,1163034,26.33
700_Metz EVS,1163163,48.6
700_Metz EVS,1163326,42.78
700_Metz EVS,1163378,49.12
700_Metz EVS,1163933,19.69
700_Metz EVS,1164189,168.59
700_Metz EVS,1164303,104.72
700_Metz EVS,1164516,26.46
700_Metz EVS,1164545,21.94
700_Metz EVS,1164550,856.59
700_Metz EVS,1164693,41.06
700_Metz EVS,1164764,44.14
700_Metz EVS,1164854,62.1
700_Metz EVS,1164860,15.17
700_Metz EVS,1164878,16.07
700_Metz EVS,1164900,30.62
700_Metz EVS,1165204,15.46
700_Metz EVS,1165285,27.93
700_Metz EVS,1165292,35.96
700_Metz EVS,1165311,27.56
700_Metz EVS,1165545,9.27
700_Metz EVS,1165920,44.07
700_Metz EVS,1165988,128.14
700_Metz EVS,1166213,30.63
700_Metz EVS,1166223,56.37
700_Metz EVS,1166269,1050.56
700_Metz EVS,1166511,22.98
700_Metz EVS,1166754,18.55
700_Metz EVS,1166998,42.46
700_Metz EVS,1167031,30
700_Metz EVS,1167495,29.81
700_Metz EVS,1167496,15.29
700_Metz EVS,1167498,30.89
700_Metz EVS,1167499,21.23
700_Metz EVS,1167500,18.8
700_Metz EVS,1167502,20.58
700_Metz EVS,1167503,26.15
700_Metz EVS,1167504,23.58
700_Metz EVS,1167591,27.09
700_Metz EVS,1167789,84.81
700_Metz EVS,1167854,41
700_Metz EVS,1167857,104.3
700_Metz EVS,1167858,99.59
700_Metz EVS,1167913,16.17
700_Metz EVS,1167914,14.27
700_Metz EVS,1167916,17.21
700_Metz EVS,1167918,15
700_Metz EVS,1168228,33.08
700_Metz EVS,1168353,16.14
700_Metz EVS,1168356,20.62
700_Metz EVS,1168358,18.54
700_Metz EVS,1168394,56.37
700_Metz EVS,1168450,31.15
700_Metz EVS,1168810,74.04
700_Metz EVS,1168847,23.97
700_Metz EVS,1169392,91.41
700_Metz EVS,1169627,20.58
700_Metz EVS,1169698,20.16
700_Metz EVS,1170147,19.11
700_Metz EVS,1170324,12.5
700_Metz EVS,1170325,31.79
700_Metz EVS,1170383,201.53
700_Metz EVS,1170636,67.26
700_Metz EVS,1170680,69.15
700_Metz EVS,1171004,26.62
700_Metz EVS,1171279,26.01
700_Metz EVS,1171453,118.22
700_Metz EVS,1171454,24.2
700_Metz EVS,1171456,37.24
700_Metz EVS,1171457,24.2
700_Metz EVS,1171458,37.24
700_Metz EVS,1171459,24.2
700_Metz EVS,1171460,37.24
700_Metz EVS,1171461,24.2
700_Metz EVS,1171583,69.33
700_Metz EVS,1171661,19.69
700_Metz EVS,1171923,39.69
700_Metz EVS,1172233,7.88
700_Metz EVS,1172332,25.46
700_Metz EVS,1172430,21.29
700_Metz EVS,1173016,23.3
700_Metz EVS,1173019,578.41
700_Metz EVS,1173139,33.22
700_Metz EVS,1173226,40.33
700_Metz EVS,1173381,32.97
700_Metz EVS,1173533,30.38
700_Metz EVS,1173544,43.99
700_Metz EVS,1173558,49.39
700_Metz EVS,1173577,34.31
700_Metz EVS,1173578,45.45
700_Metz EVS,1173648,26.46
700_Metz EVS,1174416,40.87
700_Metz EVS,1174648,103.09
700_Metz EVS,1174772,31.19
700_Metz EVS,1174960,56.37
700_Metz EVS,1175079,262.11
700_Metz EVS,1175116,61.85
700_Metz EVS,1175297,9.46
700_Metz EVS,1175331,801.33
700_Metz EVS,1175525,9.27
700_Metz EVS,1175658,21.29
700_Metz EVS,1175730,29.19
700_Metz EVS,1175810,16.17
700_Metz EVS,1175857,32.25
700_Metz EVS,1175858,44.76
700_Metz EVS,1175859,32.25
700_Metz EVS,1175976,28.04
700_Metz EVS,1176464,352.37
700_Metz EVS,1176637,41.14
700_Metz EVS,1176715,49.31
700_Metz EVS,1176737,38.15
700_Metz EVS,1176834,30.05
700_Metz EVS,1176879,39.38
700_Metz EVS,1176967,86.83
700_Metz EVS,1177110,22.96
700_Metz EVS,1177122,49.08
700_Metz EVS,1177124,31.07
700_Metz EVS,1177337,64.9
700_Metz EVS,1177425,95.08
700_Metz EVS,1177496,32.73
700_Metz EVS,1177517,31.84
700_Metz EVS,1177575,87.98
700_Metz EVS,1177590,38.99
700_Metz EVS,1177593,31.22
700_Metz EVS,1177778,26.51
700_Metz EVS,1179434,351.36
700_Metz EVS,1179504,62.24
700_Metz EVS,1179506,87.67
700_Metz EVS,1179507,102.96
700_Metz EVS,1180456,17.46
700_Metz EVS,1180617,18.24
700_Metz EVS,1181600,13.38
700_Metz EVS,1181634,10.73
700_Metz EVS,1181726,46.71
700_Metz EVS,1182005,10.58
700_Metz EVS,1182094,36.47
700_Metz EVS,1182586,26.81
700_Metz EVS,1182776,161.55
700_Metz EVS,1182788,41.85
700_Metz EVS,1182794,68.4
700_Metz EVS,1183578,38.81
700_Metz EVS,1183611,113.74
700_Metz EVS,1183615,43.99
700_Metz EVS,1183639,35.78
700_Metz EVS,1183640,40.95
700_Metz EVS,1183646,42.41
700_Metz EVS,1183649,28.13
700_Metz EVS,1183651,36.34
700_Metz EVS,1183654,39.38
700_Metz EVS,1183671,28.8
700_Metz EVS,1183677,32.18
700_Metz EVS,1183678,75.26
700_Metz EVS,1183860,42.66
700_Metz EVS,1184823,1.58
700_Metz EVS,1185319,687.09
700_Metz EVS,1185465,39.9
700_Metz EVS,1185714,96.35
700_Metz EVS,1185841,138.67
700_Metz EVS,1185922,66.02
700_Metz EVS,1186408,18.35
700_Metz EVS,1187207,28.96
700_Metz EVS,1187751,27.64
700_Metz EVS,1187752,23.81
700_Metz EVS,1187903,74.81
700_Metz EVS,1188342,38.58
700_Metz EVS,1188344,28.77
700_Metz EVS,1189242,25.28
700_Metz EVS,1189246,28.33
700_Metz EVS,1189316,67.31
700_Metz EVS,1189318,41.82
700_Metz EVS,1189424,26.45
700_Metz EVS,1189425,26.45
700_Metz EVS,1189427,35.31
700_Metz EVS,1190466,39.93
700_Metz EVS,1191332,30.42
700_Metz EVS,1191348,84.38
700_Metz EVS,1194894,40.8
700_Metz EVS,1197124,17.21
700_Metz EVS,1197275,24.3
700_Metz EVS,1197722,48.29
700_Metz EVS,1197896,20.5
700_Metz EVS,1198215,43.77
700_Metz EVS,1198471,86.51
700_Metz EVS,1198780,25.81
700_Metz EVS,1198822,148.79
700_Metz EVS,1199064,28.59
700_Metz EVS,1199162,5.16
700_Metz EVS,1199247,68.79
700_Metz EVS,1199675,31.61
700_Metz EVS,1199700,20.72
700_Metz EVS,1199881,14.98
700_Metz EVS,1200088,39.41
700_Metz EVS,1200300,306.92
700_Metz EVS,1200342,24.3
700_Metz EVS,1200835,20.16
700_Metz EVS,1201275,26.44
700_Metz EVS,1201498,216.68
700_Metz EVS,1201699,23
700_Metz EVS,1201700,15.76
700_Metz EVS,1201801,21.57
700_Metz EVS,1201808,11.88
700_Metz EVS,1201998,35.38
700_Metz EVS,1202007,24.68
700_Metz EVS,1202259,22.2
700_Metz EVS,1202757,84.74
700_Metz EVS,1203184,682.13
700_Metz EVS,1203187,33.41
700_Metz EVS,1203192,32.12
700_Metz EVS,1203260,72.32
700_Metz EVS,1203282,12.38
700_Metz EVS,1203427,28.71
700_Metz EVS,1203928,682.69
700_Metz EVS,1203929,730.41
700_Metz EVS,1203930,693.94
700_Metz EVS,1203931,1821.11
700_Metz EVS,1204149,12.38
700_Metz EVS,1204330,41.61
700_Metz EVS,1204394,21.16
700_Metz EVS,1204798,18.23
700_Metz EVS,1205594,432.2
700_Metz EVS,1205741,42.71
700_Metz EVS,1205922,19.97
700_Metz EVS,1205967,18.93
700_Metz EVS,1205968,7.22
700_Metz EVS,1206368,17.86
700_Metz EVS,1206369,18.23
700_Metz EVS,1206520,6.14
700_Metz EVS,1206805,139.91
700_Metz EVS,1207913,12.79
700_Metz EVS,1207914,26.1
700_Metz EVS,1208291,41.13
700_Metz EVS,1208675,18.46
700_Metz EVS,1208965,18.06
700_Metz EVS,1209026,21.17
700_Metz EVS,1209100,6.14
700_Metz EVS,1209170,28.16
700_Metz EVS,1209197,13.52
700_Metz EVS,1209201,19.69
700_Metz EVS,1210027,91.91
700_Metz EVS,1210370,147.24
700_Metz EVS,1210373,259.1
700_Metz EVS,1210469,7.22
700_Metz EVS,1210544,92.59
700_Metz EVS,1210790,65.47
700_Metz EVS,1210800,64.43
700_Metz EVS,1210881,23.49
700_Metz EVS,1210883,26.09
700_Metz EVS,1210884,26.09
700_Metz EVS,1210951,25.28
700_Metz EVS,1211281,26.15
700_Metz EVS,1211585,17.36
700_Metz EVS,1211903,37.32
700_Metz EVS,1212328,31.21
700_Metz EVS,1213324,218.29
700_Metz EVS,1213365,10.34
700_Metz EVS,1213370,44.14
700_Metz EVS,1213371,27.63
700_Metz EVS,1213374,47.87
700_Metz EVS,1213376,6.62
700_Metz EVS,1213650,136.16
700_Metz EVS,1213834,216.6
700_Metz EVS,1214840,26.99
700_Metz EVS,1215101,15.17
700_Metz EVS,1215225,28.62
700_Metz EVS,1215432,476.59
700_Metz EVS,1215922,486.16
700_Metz EVS,1215923,309.13
700_Metz EVS,1216531,1106.47
700_Metz EVS,1216609,23.82
700_Metz EVS,1216610,27.87
700_Metz EVS,1216612,22.68
700_Metz EVS,1216614,26.73
700_Metz EVS,1216617,27.06
700_Metz EVS,1216619,18.15
700_Metz EVS,1216722,5.63
700_Metz EVS,1216824,7.4
700_Metz EVS,1217461,389.5
700_Metz EVS,1217583,17.04
700_Metz EVS,1217596,37.71
700_Metz EVS,1217640,21.29
700_Metz EVS,1217690,13.54
700_Metz EVS,1217774,36.93
700_Metz EVS,1218384,67.78
700_Metz EVS,1218583,12.49
700_Metz EVS,1218584,8.33
700_Metz EVS,1218799,8.33
700_Metz EVS,1220871,58.98
700_Metz EVS,1221173,36.93
700_Metz EVS,1221225,44.14
700_Metz EVS,1221229,7.97
700_Metz EVS,1221230,7.97
700_Metz EVS,1221231,7.97
700_Metz EVS,1221232,7.97
700_Metz EVS,1221233,7.97
700_Metz EVS,1221255,47.42
700_Metz EVS,1221823,29.49
700_Metz EVS,1221981,22.84
700_Metz EVS,1222153,30.38
700_Metz EVS,1223143,11
700_Metz EVS,1223545,37.87
700_Metz EVS,1223568,18.5
700_Metz EVS,1225182,77.34
700_Metz EVS,1225183,52.12
700_Metz EVS,1225185,39.22
700_Metz EVS,1225187,47.54
700_Metz EVS,1225306,81.32
700_Metz EVS,1225307,65.63
700_Metz EVS,1225412,92.59
700_Metz EVS,1225413,92.59
700_Metz EVS,1225414,137.1
700_Metz EVS,1225629,10.89
700_Metz EVS,1225660,23.82
700_Metz EVS,1225748,94.44
700_Metz EVS,1225758,78.22
700_Metz EVS,1226217,4.5
700_Metz EVS,1226775,11.66
700_Metz EVS,1226776,13.82
700_Metz EVS,1226872,32.97
700_Metz EVS,1226878,44.14
700_Metz EVS,1226984,35.98
700_Metz EVS,1227280,10.29
700_Metz EVS,1227281,15.29
700_Metz EVS,1227282,13.23
700_Metz EVS,1227297,18.38
700_Metz EVS,1227299,15.44
700_Metz EVS,1227301,18.08
700_Metz EVS,1227302,15.87
700_Metz EVS,1227303,17.04
700_Metz EVS,1227304,23.27
700_Metz EVS,1227305,26.99
700_Metz EVS,1227306,15.15
700_Metz EVS,1227307,29.37
700_Metz EVS,1227308,14.5
700_Metz EVS,1227309,31.16
700_Metz EVS,1227310,21.65
700_Metz EVS,1227316,34.95
700_Metz EVS,1227317,31.93
700_Metz EVS,1227318,25.61
700_Metz EVS,1227319,21
700_Metz EVS,1227320,22.31
700_Metz EVS,1227321,22.31
700_Metz EVS,1227322,23.3
700_Metz EVS,1227323,27.61
700_Metz EVS,1227324,22.14
700_Metz EVS,1228104,79.42
700_Metz EVS,1228840,71.76
700_Metz EVS,1228841,71.76
700_Metz EVS,1229028,18.23
700_Metz EVS,1229187,27.6
700_Metz EVS,1229356,70.07
700_Metz EVS,1229597,33.54
700_Metz EVS,1229647,36.93
700_Metz EVS,1229648,36.93
700_Metz EVS,1229683,30.38
700_Metz EVS,1229704,64.31
700_Metz EVS,1229929,25.66
700_Metz EVS,1230286,64.27
700_Metz EVS,1230356,52.56
700_Metz EVS,1230370,30.63
700_Metz EVS,1230371,40.07
700_Metz EVS,1230373,25.47
700_Metz EVS,1230377,17.57
700_Metz EVS,1230383,29.49
700_Metz EVS,1230806,22.97
700_Metz EVS,1230979,84.34
700_Metz EVS,1231364,45.96
700_Metz EVS,1232173,21.15
700_Metz EVS,1232174,34.93
700_Metz EVS,1232175,28.99
700_Metz EVS,1232373,55.96
700_Metz EVS,1232578,30.63
700_Metz EVS,1232692,14.74
700_Metz EVS,1233063,33.95
700_Metz EVS,1233186,56.99
700_Metz EVS,1233187,17.48
700_Metz EVS,1233188,17.48
700_Metz EVS,1233322,15.44
700_Metz EVS,1233366,17.21
700_Metz EVS,1233671,16.82
700_Metz EVS,1233842,7.31
700_Metz EVS,1233843,7.31
700_Metz EVS,1233844,7.31
700_Metz EVS,1233956,14.74
700_Metz EVS,1234251,22.03
700_Metz EVS,1234330,63.09
700_Metz EVS,1234345,21.35
700_Metz EVS,1234346,35.15
700_Metz EVS,1234348,47.14
700_Metz EVS,1234349,11.57
700_Metz EVS,1234352,15.78
700_Metz EVS,1234353,11.05
700_Metz EVS,1234356,30.63
700_Metz EVS,1234357,21.86
700_Metz EVS,1234358,15.37
700_Metz EVS,1234361,21.86
700_Metz EVS,1234364,11.78
700_Metz EVS,1234365,29.4
700_Metz EVS,1234368,22.83
700_Metz EVS,1234370,17.42
700_Metz EVS,1234371,26.28
700_Metz EVS,1234372,34.99
700_Metz EVS,1234375,31.86
700_Metz EVS,1234376,24.96
700_Metz EVS,1234379,35.97
700_Metz EVS,1234381,33.67
700_Metz EVS,1234382,26.45
700_Metz EVS,1234386,27.6
700_Metz EVS,1234387,24.96
700_Metz EVS,1234391,21.18
700_Metz EVS,1234450,41.21
700_Metz EVS,1234777,23
700_Metz EVS,1235233,18.07
700_Metz EVS,1235382,32.97
700_Metz EVS,1235542,16.31
700_Metz EVS,1235567,18.08
700_Metz EVS,1235660,15.17
700_Metz EVS,1235772,34.66
700_Metz EVS,1235782,137.1
700_Metz EVS,1235788,155.39
700_Metz EVS,1236248,28.51
700_Metz EVS,1236405,95.42
700_Metz EVS,1236409,2444.1
700_Metz EVS,1236833,26.34
700_Metz EVS,1236838,19.06
700_Metz EVS,1236840,21.03
700_Metz EVS,1236842,17.42
700_Metz EVS,1236843,18.89
700_Metz EVS,1237048,66.48
700_Metz EVS,1237914,23.75
700_Metz EVS,1238079,37.9
700_Metz EVS,1238175,23.08
700_Metz EVS,1238314,29.04
700_Metz EVS,1238765,60.96
700_Metz EVS,1238767,69.67
700_Metz EVS,1238768,81.01
700_Metz EVS,1238771,90.92
700_Metz EVS,1238776,75
700_Metz EVS,1238778,71.62
700_Metz EVS,1238785,127.19
700_Metz EVS,1238846,21.57
700_Metz EVS,1239083,17.08
700_Metz EVS,1239084,32.06
700_Metz EVS,1239085,23.95
700_Metz EVS,1239086,22.37
700_Metz EVS,1239087,25.25
700_Metz EVS,1239088,25.25
700_Metz EVS,1239089,27.78
700_Metz EVS,1239090,26.83
700_Metz EVS,1239091,26.83
700_Metz EVS,1239092,19.76
700_Metz EVS,1239093,16.7
700_Metz EVS,1239094,15.44
700_Metz EVS,1239095,16.55
700_Metz EVS,1239096,16.55
700_Metz EVS,1239097,20.64
700_Metz EVS,1239098,23.79
700_Metz EVS,1239099,14.66
700_Metz EVS,1239100,10.22
700_Metz EVS,1239101,14.72
700_Metz EVS,1239102,9.78
700_Metz EVS,1239103,19.37
700_Metz EVS,1239104,11.72
700_Metz EVS,1239105,19.37
700_Metz EVS,1239106,13.51
700_Metz EVS,1239107,27.03
700_Metz EVS,1239108,13.51
700_Metz EVS,1239109,12.17
700_Metz EVS,1239110,17.58
700_Metz EVS,1239111,10.36
700_Metz EVS,1239112,17.58
700_Metz EVS,1239113,14.57
700_Metz EVS,1239114,21.03
700_Metz EVS,1239115,12.31
700_Metz EVS,1239116,21.03
700_Metz EVS,1239117,23.73
700_Metz EVS,1239118,12.17
700_Metz EVS,1239119,23.13
700_Metz EVS,1239120,16.22
700_Metz EVS,1239121,17.58
700_Metz EVS,1239122,24.03
700_Metz EVS,1239123,16.67
700_Metz EVS,1239124,14.28
700_Metz EVS,1239125,19.52
700_Metz EVS,1239126,26.57
700_Metz EVS,1239127,20.42
700_Metz EVS,1239128,21.2
700_Metz EVS,1239129,10.51
700_Metz EVS,1239130,14.72
700_Metz EVS,1239131,29.31
700_Metz EVS,1239132,19.98
700_Metz EVS,1239133,15.47
700_Metz EVS,1239134,30.94
700_Metz EVS,1239135,21.03
700_Metz EVS,1239136,28.82
700_Metz EVS,1239137,19.98
700_Metz EVS,1239138,18.69
700_Metz EVS,1239139,24.99
700_Metz EVS,1239140,17.04
700_Metz EVS,1239141,18.52
700_Metz EVS,1239142,22.2
700_Metz EVS,1239143,32.49
700_Metz EVS,1239144,36.02
700_Metz EVS,1239145,18.52
700_Metz EVS,1239146,19.55
700_Metz EVS,1239147,10
700_Metz EVS,1239148,14.4
700_Metz EVS,1239149,18.97
700_Metz EVS,1239150,9.56
700_Metz EVS,1239151,18.97
700_Metz EVS,1239152,26.46
700_Metz EVS,1239153,13.23
700_Metz EVS,1239154,11.9
700_Metz EVS,1239155,17.21
700_Metz EVS,1239156,10.15
700_Metz EVS,1239157,17.21
700_Metz EVS,1239158,14.27
700_Metz EVS,1239159,20.58
700_Metz EVS,1239160,12.06
700_Metz EVS,1239161,20.58
700_Metz EVS,1239162,17.64
700_Metz EVS,1239163,23.22
700_Metz EVS,1239164,10.15
700_Metz EVS,1239165,22.65
700_Metz EVS,1239166,15.87
700_Metz EVS,1239167,17.21
700_Metz EVS,1239168,13.98
700_Metz EVS,1239169,19.11
700_Metz EVS,1239170,15.87
700_Metz EVS,1239171,19.99
700_Metz EVS,1239172,10.29
700_Metz EVS,1239173,14.4
700_Metz EVS,1239174,19.55
700_Metz EVS,1239175,15.14
700_Metz EVS,1239176,20.58
700_Metz EVS,1239239,28.68
700_Metz EVS,1239732,69.92
700_Metz EVS,1240516,18.06
700_Metz EVS,1240686,30.38
700_Metz EVS,1240963,37.58
700_Metz EVS,1241468,20.88
700_Metz EVS,1241469,52.44
700_Metz EVS,1241470,13.71
700_Metz EVS,1241471,23.32
700_Metz EVS,1241473,18.89
700_Metz EVS,1241489,32.37
700_Metz EVS,1241500,13.49
700_Metz EVS,1241674,14.72
700_Metz EVS,1242080,19.77
700_Metz EVS,1242143,30.58
700_Metz EVS,1242381,20.12
700_Metz EVS,1242669,1.74
700_Metz EVS,1242837,43.25
700_Metz EVS,1242840,11.66
700_Metz EVS,1242842,43.25
700_Metz EVS,1243815,41.32
700_Metz EVS,1244458,38.17
700_Metz EVS,1244557,49.84
700_Metz EVS,1244956,17.49
700_Metz EVS,1245105,37.36
700_Metz EVS,1245346,570.84
700_Metz EVS,1245456,26.45
700_Metz EVS,1245461,19.58
700_Metz EVS,1245654,10.17
700_Metz EVS,1246132,44.44
700_Metz EVS,1246155,41.56
700_Metz EVS,1246238,43.31
700_Metz EVS,1246477,28.59
700_Metz EVS,1246632,518.04
700_Metz EVS,1247623,34.99
700_Metz EVS,1247900,43.7
700_Metz EVS,1247957,37.91
700_Metz EVS,1247998,36.75
700_Metz EVS,1248123,23.79
700_Metz EVS,1248224,3.38
700_Metz EVS,1248556,96.97
700_Metz EVS,1249536,165.67
700_Metz EVS,1249580,73.8
700_Metz EVS,1249822,324.61
700_Metz EVS,1250734,18.08
700_Metz EVS,1250883,80.47
700_Metz EVS,1251265,242.8
700_Metz EVS,1251319,250.65
700_Metz EVS,1251343,50.39
700_Metz EVS,1251344,6.02
700_Metz EVS,1251366,28.41
700_Metz EVS,1252099,198.72
700_Metz EVS,1252592,29.6
700_Metz EVS,1252932,73.46
700_Metz EVS,1253816,49.07
700_Metz EVS,1253905,20.03
700_Metz EVS,1253906,16.99
700_Metz EVS,1253907,16.99
700_Metz EVS,1253908,16.68
700_Metz EVS,1253909,16.99
700_Metz EVS,1253910,16.68
700_Metz EVS,1253911,18.23
700_Metz EVS,1253912,19.69
700_Metz EVS,1253913,23.23
700_Metz EVS,1253915,18.23
700_Metz EVS,1253917,14.1
700_Metz EVS,1253918,17.86
700_Metz EVS,1253919,11.88
700_Metz EVS,1253920,14.1
700_Metz EVS,1253921,20.56
700_Metz EVS,1253922,11.88
700_Metz EVS,1253923,12.72
700_Metz EVS,1253924,12.96
700_Metz EVS,1253925,12.96
700_Metz EVS,1253926,24.35
700_Metz EVS,1253928,11.66
700_Metz EVS,1254516,65.68
700_Metz EVS,1254822,43.99
700_Metz EVS,1254933,53.09
700_Metz EVS,1254934,35.49
700_Metz EVS,1254940,31.08
700_Metz EVS,1254948,45.53
700_Metz EVS,1254951,35.65
700_Metz EVS,1254953,31.15
700_Metz EVS,1254957,84.88
700_Metz EVS,1254967,39.42
700_Metz EVS,1254968,45.44
700_Metz EVS,1254970,46.59
700_Metz EVS,1254974,33.86
700_Metz EVS,1254975,27.29
700_Metz EVS,1254977,33.92
700_Metz EVS,1254981,25.66
700_Metz EVS,1254992,33.48
700_Metz EVS,1255217,71.21
700_Metz EVS,1255246,44.01
700_Metz EVS,1255254,17.86
700_Metz EVS,1255402,8.8
700_Metz EVS,1255440,26.99
700_Metz EVS,1255596,42.19
700_Metz EVS,1255725,72.42
700_Metz EVS,1255967,23.56
700_Metz EVS,1256038,31.05
700_Metz EVS,1256158,33.41
700_Metz EVS,1256292,21.43
700_Metz EVS,1256568,10.5
700_Metz EVS,1256753,84.38
700_Metz EVS,1256904,54.17
700_Metz EVS,1256907,54.17
700_Metz EVS,1257318,30.89
700_Metz EVS,1257319,17.96
700_Metz EVS,1257320,35.13
700_Metz EVS,1257321,21.7
700_Metz EVS,1258148,15.14
700_Metz EVS,1258414,1.13
700_Metz EVS,1258492,76.29
700_Metz EVS,1258596,558.47
700_Metz EVS,1258605,325.54
700_Metz EVS,1258608,128.14
700_Metz EVS,1258620,180.2
700_Metz EVS,1258625,114.65
700_Metz EVS,1258939,400.78
700_Metz EVS,1258996,22.97
700_Metz EVS,1259070,32.73
700_Metz EVS,1259433,22.84
700_Metz EVS,1259440,45.06
700_Metz EVS,1260270,31.97
700_Metz EVS,1260271,15.66
700_Metz EVS,1260326,139.87
700_Metz EVS,1260436,169.02
700_Metz EVS,1260769,16.99
700_Metz EVS,1260770,28.33
700_Metz EVS,1261081,392.15
700_Metz EVS,1261096,72.16
700_Metz EVS,1261170,23.82
700_Metz EVS,1261864,1013.47
700_Metz EVS,1261865,549.06
700_Metz EVS,1261870,549.06
700_Metz EVS,1262420,34.16
700_Metz EVS,1262422,20.21
700_Metz EVS,1262424,32.6
700_Metz EVS,1262425,23.06
700_Metz EVS,1262721,79.58
700_Metz EVS,1262722,71.62
700_Metz EVS,1263338,263.24
700_Metz EVS,1263351,221.71
700_Metz EVS,1263491,75.57
700_Metz EVS,1263545,24.2
700_Metz EVS,1263750,28.8
700_Metz EVS,1263869,25.95
700_Metz EVS,1263960,50.9
700_Metz EVS,1264274,87.22
700_Metz EVS,1264275,54.17
700_Metz EVS,1264327,8.43
700_Metz EVS,1264332,42.77
700_Metz EVS,1264496,2.43
700_Metz EVS,1264498,75.29
700_Metz EVS,1266178,18.93
700_Metz EVS,1266420,44.14
700_Metz EVS,1266925,28.13
700_Metz EVS,1267422,33.08
700_Metz EVS,1268002,85.59
700_Metz EVS,1268118,32.96
700_Metz EVS,1268401,39.58
700_Metz EVS,1268512,214.34
700_Metz EVS,1269128,505.52
700_Metz EVS,1269589,16.68
700_Metz EVS,1269590,26.63
700_Metz EVS,1269830,32.17
700_Metz EVS,1269831,32.97
700_Metz EVS,1270129,57.89
700_Metz EVS,1270152,477.09
700_Metz EVS,1270216,6.89
700_Metz EVS,1270218,6.89
700_Metz EVS,1270219,6.89
700_Metz EVS,1270227,100.74
700_Metz EVS,1270650,19
700_Metz EVS,1270687,60.19
700_Metz EVS,1270996,43.53
700_Metz EVS,1271131,30.09
700_Metz EVS,1271767,38.48
700_Metz EVS,1272148,142.83
700_Metz EVS,1272313,28.59
700_Metz EVS,1272346,63.49
700_Metz EVS,1272716,30.09
700_Metz EVS,1272717,30.09
700_Metz EVS,1272719,43.13
700_Metz EVS,1272720,45.43
700_Metz EVS,1272721,3.71
700_Metz EVS,1272722,3.71
700_Metz EVS,1272729,14.63
700_Metz EVS,1272730,7.29
700_Metz EVS,1272767,40.66
700_Metz EVS,1273154,87
700_Metz EVS,1273278,164.66
700_Metz EVS,1273504,528.99
700_Metz EVS,1273661,549.06
700_Metz EVS,1273662,549.06
700_Metz EVS,1273837,30.09
700_Metz EVS,1273895,23.65
700_Metz EVS,1273896,27.45
700_Metz EVS,1274941,22.53
700_Metz EVS,1274996,35.4
700_Metz EVS,1275414,64.46
700_Metz EVS,1275416,48.38
700_Metz EVS,1275546,50.85
700_Metz EVS,1276953,57.6
700_Metz EVS,1277118,4.97
700_Metz EVS,1277783,28.15
700_Metz EVS,1277863,25.2
700_Metz EVS,1278564,48.49
700_Metz EVS,1279032,19.69
700_Metz EVS,1279377,15.17
700_Metz EVS,1279378,12.72
700_Metz EVS,1279770,24.81
700_Metz EVS,1279795,16.31
700_Metz EVS,1280014,95.74
700_Metz EVS,1280662,32.12
700_Metz EVS,1282769,21.86
700_Metz EVS,1283424,56.2
700_Metz EVS,1283855,77.68
700_Metz EVS,1283918,29.82
700_Metz EVS,1284020,12.63
700_Metz EVS,1284426,16.67
700_Metz EVS,1284484,113.83
700_Metz EVS,1284547,98.95
700_Metz EVS,1284548,32.89
700_Metz EVS,1284961,47.15
700_Metz EVS,1285014,66.24
700_Metz EVS,1285050,19.55
700_Metz EVS,1285114,43.27
700_Metz EVS,1285115,44.08
700_Metz EVS,1285119,29.72
700_Metz EVS,1285121,459.43
700_Metz EVS,1285584,39.79
700_Metz EVS,1285585,39.79
700_Metz EVS,1285587,41.83
700_Metz EVS,1285666,26.25
700_Metz EVS,1285879,143.89
700_Metz EVS,1286516,5.63
700_Metz EVS,1287358,37.32
700_Metz EVS,1287553,66.3
700_Metz EVS,1288284,241.68
700_Metz EVS,1288383,3.38
700_Metz EVS,1288788,60.19
700_Metz EVS,1288790,106.88
700_Metz EVS,1289119,63.77
700_Metz EVS,1289219,489.62
700_Metz EVS,1289600,16.91
700_Metz EVS,1290066,48.25
700_Metz EVS,1290962,14.85
700_Metz EVS,1291195,51.37
700_Metz EVS,1291756,48.33
700_Metz EVS,1291842,19.57
700_Metz EVS,1291846,135
700_Metz EVS,1292605,11.5
700_Metz EVS,1292689,5.63
700_Metz EVS,1293392,27.11
700_Metz EVS,1293533,30.27
700_Metz EVS,1293581,46.69
700_Metz EVS,1293731,12.72
700_Metz EVS,1293762,77.79
700_Metz EVS,1293769,22.53
700_Metz EVS,1293770,22.53
700_Metz EVS,1294711,86.98
700_Metz EVS,1294712,80.31
700_Metz EVS,1294713,81.66
700_Metz EVS,1294714,98.81
700_Metz EVS,1294715,88.88
700_Metz EVS,1295205,14.1
700_Metz EVS,1296016,159.68
700_Metz EVS,1296017,154.2
700_Metz EVS,1296018,103.25
700_Metz EVS,1296019,108.49
700_Metz EVS,1296020,103.25
700_Metz EVS,1296021,103.25
700_Metz EVS,1296022,100.31
700_Metz EVS,1296023,133.33
700_Metz EVS,1296396,20.09
700_Metz EVS,1296593,55.04
700_Metz EVS,1297490,44.01
700_Metz EVS,1297609,40.42
700_Metz EVS,1297614,162.43
700_Metz EVS,1298911,476.18
700_Metz EVS,1298944,10.34
700_Metz EVS,1299635,39.87
700_Metz EVS,1300245,41.92
700_Metz EVS,1300247,42.3
700_Metz EVS,1300895,563.64
700_Metz EVS,1300904,18.23
700_Metz EVS,1300906,19.38
700_Metz EVS,1300910,14.95
700_Metz EVS,1300912,69.76
700_Metz EVS,1300914,13.49
700_Metz EVS,1301189,35.72
700_Metz EVS,1301209,5.63
700_Metz EVS,1301400,30.09
700_Metz EVS,1301401,30.97
700_Metz EVS,1301624,9.64
700_Metz EVS,1301625,51.37
700_Metz EVS,1301626,21.94
700_Metz EVS,1301627,29.62
700_Metz EVS,1301628,27.34
700_Metz EVS,1301629,22.97
700_Metz EVS,1301630,15.17
700_Metz EVS,1301631,14.1
700_Metz EVS,1301632,12.96
700_Metz EVS,1301633,11.88
700_Metz EVS,1301634,9.64
700_Metz EVS,1301635,51.37
700_Metz EVS,1301636,21.94
700_Metz EVS,1301637,32.97
700_Metz EVS,1301638,29.62
700_Metz EVS,1301639,27.34
700_Metz EVS,1301640,22.97
700_Metz EVS,1301641,16.99
700_Metz EVS,1301642,14.1
700_Metz EVS,1301643,12.96
700_Metz EVS,1301644,11.88
700_Metz EVS,1301645,10.34
700_Metz EVS,1301646,9.64
700_Metz EVS,1301647,21.94
700_Metz EVS,1301648,32.97
700_Metz EVS,1301649,29.62
700_Metz EVS,1301650,27.34
700_Metz EVS,1301651,22.97
700_Metz EVS,1301652,9.64
700_Metz EVS,1301653,51.37
700_Metz EVS,1301654,21.94
700_Metz EVS,1301655,32.97
700_Metz EVS,1301656,29.62
700_Metz EVS,1301657,27.34
700_Metz EVS,1301658,22.97
700_Metz EVS,1301659,16.99
700_Metz EVS,1301660,15.17
700_Metz EVS,1301661,14.1
700_Metz EVS,1301662,12.96
700_Metz EVS,1301663,11.88
700_Metz EVS,1301664,9.64
700_Metz EVS,1301665,51.37
700_Metz EVS,1301666,21.94
700_Metz EVS,1301667,32.97
700_Metz EVS,1301668,29.62
700_Metz EVS,1301669,27.34
700_Metz EVS,1301670,16.99
700_Metz EVS,1301671,14.1
700_Metz EVS,1301672,12.96
700_Metz EVS,1301673,11.88
700_Metz EVS,1301674,10.34
700_Metz EVS,1301675,9.64
700_Metz EVS,1301677,32.17
700_Metz EVS,1301678,29.04
700_Metz EVS,1301679,70.31
700_Metz EVS,1301680,37.15
700_Metz EVS,1301681,32.68
700_Metz EVS,1301682,63.61
700_Metz EVS,1301683,32.98
700_Metz EVS,1301684,33.76
700_Metz EVS,1301685,160.76
700_Metz EVS,1301686,131.17
700_Metz EVS,1301687,28.15
700_Metz EVS,1301688,160.76
700_Metz EVS,1301689,131.17
700_Metz EVS,1301690,160.76
700_Metz EVS,1301691,131.17
700_Metz EVS,1301692,173.63
700_Metz EVS,1301693,146.61
700_Metz EVS,1301694,106.74
700_Metz EVS,1301697,22.53
700_Metz EVS,1301698,162
700_Metz EVS,1301699,145.71
700_Metz EVS,1301700,62.36
700_Metz EVS,1301701,222.21
700_Metz EVS,1301702,107.13
700_Metz EVS,1301703,37.24
700_Metz EVS,1301704,32.25
700_Metz EVS,1301705,17.48
700_Metz EVS,1301706,32.25
700_Metz EVS,1301707,16.68
700_Metz EVS,1301708,17.48
700_Metz EVS,1301709,37.24
700_Metz EVS,1301710,32.25
700_Metz EVS,1301711,17.48
700_Metz EVS,1301712,56.8
700_Metz EVS,1301716,12.72
700_Metz EVS,1301717,38.51
700_Metz EVS,1301719,23.75
700_Metz EVS,1301720,21.33
700_Metz EVS,1301721,19.38
700_Metz EVS,1301722,42.3
700_Metz EVS,1301723,14.02
700_Metz EVS,1301724,8.13
700_Metz EVS,1301725,192.25
700_Metz EVS,1301726,159.09
700_Metz EVS,1301727,10.14
700_Metz EVS,1301728,179.33
700_Metz EVS,1301729,151.43
700_Metz EVS,1301730,131.5
700_Metz EVS,1301731,115.56
700_Metz EVS,1301732,111.58
700_Metz EVS,1301733,131.09
700_Metz EVS,1301734,113.8
700_Metz EVS,1301735,50.82
700_Metz EVS,1301736,29.36
700_Metz EVS,1301737,268.65
700_Metz EVS,1301738,9.28
700_Metz EVS,1301739,142.37
700_Metz EVS,1301740,137.1
700_Metz EVS,1301741,110.73
700_Metz EVS,1301742,89.63
700_Metz EVS,1301743,79.11
700_Metz EVS,1301744,77.03
700_Metz EVS,1301745,68.55
700_Metz EVS,1301746,47.45
700_Metz EVS,1301747,8.33
700_Metz EVS,1301748,45.4
700_Metz EVS,1301749,41.16
700_Metz EVS,1301750,36.89
700_Metz EVS,1301751,34.85
700_Metz EVS,1301752,142.37
700_Metz EVS,1301753,137.1
700_Metz EVS,1301754,110.73
700_Metz EVS,1301755,89.63
700_Metz EVS,1301756,79.11
700_Metz EVS,1301757,77.03
700_Metz EVS,1301758,7.97
700_Metz EVS,1301759,68.55
700_Metz EVS,1301760,66.48
700_Metz EVS,1301761,64.31
700_Metz EVS,1301762,55.96
700_Metz EVS,1301763,47.45
700_Metz EVS,1301764,45.4
700_Metz EVS,1301765,41.16
700_Metz EVS,1301766,36.89
700_Metz EVS,1301767,34.85
700_Metz EVS,1301768,142.37
700_Metz EVS,1301769,7.91
700_Metz EVS,1301770,110.73
700_Metz EVS,1301771,89.63
700_Metz EVS,1301772,79.11
700_Metz EVS,1301773,77.03
700_Metz EVS,1301774,71.76
700_Metz EVS,1301775,68.55
700_Metz EVS,1301776,66.48
700_Metz EVS,1301777,64.31
700_Metz EVS,1301778,47.45
700_Metz EVS,1301779,45.4
700_Metz EVS,1301780,50.59
700_Metz EVS,1301781,41.16
700_Metz EVS,1301782,36.89
700_Metz EVS,1301783,34.85
700_Metz EVS,1301784,158.18
700_Metz EVS,1301785,151.88
700_Metz EVS,1301786,126.56
700_Metz EVS,1301787,103.41
700_Metz EVS,1301788,90.68
700_Metz EVS,1301789,88.62
700_Metz EVS,1301790,82.29
700_Metz EVS,1301791,21.52
700_Metz EVS,1301792,79.11
700_Metz EVS,1301793,76.52
700_Metz EVS,1301794,73.83
700_Metz EVS,1301795,64.31
700_Metz EVS,1301796,58.01
700_Metz EVS,1301797,52.2
700_Metz EVS,1301798,47.45
700_Metz EVS,1301799,42.18
700_Metz EVS,1301800,40.12
700_Metz EVS,1301801,89.63
700_Metz EVS,1301802,29.04
700_Metz EVS,1301803,71.76
700_Metz EVS,1301804,68.55
700_Metz EVS,1301805,79.11
700_Metz EVS,1301806,77.03
700_Metz EVS,1301807,71.76
700_Metz EVS,1301808,68.55
700_Metz EVS,1301809,66.48
700_Metz EVS,1301810,64.31
700_Metz EVS,1301811,55.96
700_Metz EVS,1301812,18.23
700_Metz EVS,1301813,7.91
700_Metz EVS,1301814,15.17
700_Metz EVS,1301815,14.1
700_Metz EVS,1301816,12.96
700_Metz EVS,1301817,11.88
700_Metz EVS,1301818,10.34
700_Metz EVS,1301824,41.47
700_Metz EVS,1301828,30.76
700_Metz EVS,1301829,18.24
700_Metz EVS,1301830,16.96
700_Metz EVS,1301831,15.79
700_Metz EVS,1301832,13.88
700_Metz EVS,1301833,10.34
700_Metz EVS,1301836,37.28
700_Metz EVS,1301843,60.17
700_Metz EVS,1301844,58.71
700_Metz EVS,1301845,45.56
700_Metz EVS,1301846,32.52
700_Metz EVS,1301847,42.63
700_Metz EVS,1301848,13.49
700_Metz EVS,1301849,13.49
700_Metz EVS,1301850,51.74
700_Metz EVS,1301851,25.73
700_Metz EVS,1301853,38.27
700_Metz EVS,1301854,34.39
700_Metz EVS,1301855,30.88
700_Metz EVS,1301856,26.92
700_Metz EVS,1301857,29.07
700_Metz EVS,1301858,21.38
700_Metz EVS,1301859,19.93
700_Metz EVS,1301868,21.6
700_Metz EVS,1301879,16.58
700_Metz EVS,1301887,29.04
700_Metz EVS,1301888,28.15
700_Metz EVS,1301890,15.19
700_Metz EVS,1301895,74.57
700_Metz EVS,1301896,62.04
700_Metz EVS,1301901,13.41
700_Metz EVS,1301912,12.32
700_Metz EVS,1301914,51.37
700_Metz EVS,1301915,21.94
700_Metz EVS,1301916,29.62
700_Metz EVS,1301917,16.99
700_Metz EVS,1301918,14.1
700_Metz EVS,1301919,12.96
700_Metz EVS,1301920,11.88
700_Metz EVS,1301921,10.34
700_Metz EVS,1301922,9.64
700_Metz EVS,1301923,32.17
700_Metz EVS,1301924,51.37
700_Metz EVS,1301925,21.94
700_Metz EVS,1301927,32.97
700_Metz EVS,1301928,29.62
700_Metz EVS,1301929,27.34
700_Metz EVS,1301930,22.97
700_Metz EVS,1301931,18.23
700_Metz EVS,1301932,16.99
700_Metz EVS,1301933,15.17
700_Metz EVS,1301934,29.04
700_Metz EVS,1301935,14.1
700_Metz EVS,1301936,12.96
700_Metz EVS,1301937,11.88
700_Metz EVS,1301938,10.34
700_Metz EVS,1301939,9.64
700_Metz EVS,1301940,51.37
700_Metz EVS,1301941,44.14
700_Metz EVS,1301942,21.94
700_Metz EVS,1301944,29.62
700_Metz EVS,1301945,28.15
700_Metz EVS,1301946,27.34
700_Metz EVS,1301947,22.97
700_Metz EVS,1301948,16.99
700_Metz EVS,1301949,12.96
700_Metz EVS,1301950,11.88
700_Metz EVS,1301951,10.34
700_Metz EVS,1301952,9.64
700_Metz EVS,1301953,51.37
700_Metz EVS,1301954,44.14
700_Metz EVS,1301955,21.94
700_Metz EVS,1301956,8.33
700_Metz EVS,1301958,32.97
700_Metz EVS,1301959,27.34
700_Metz EVS,1301960,22.97
700_Metz EVS,1301961,19.69
700_Metz EVS,1301962,18.23
700_Metz EVS,1301963,16.99
700_Metz EVS,1301964,15.17
700_Metz EVS,1301965,14.1
700_Metz EVS,1301966,12.96
700_Metz EVS,1301967,32.17
700_Metz EVS,1301968,9.64
700_Metz EVS,1301969,101.68
700_Metz EVS,1301970,52.83
700_Metz EVS,1301971,51.37
700_Metz EVS,1301972,21.94
700_Metz EVS,1301974,32.97
700_Metz EVS,1301975,29.62
700_Metz EVS,1301976,27.34
700_Metz EVS,1301977,22.97
700_Metz EVS,1301978,29.04
700_Metz EVS,1301979,16.99
700_Metz EVS,1301980,15.17
700_Metz EVS,1301981,14.1
700_Metz EVS,1301982,12.96
700_Metz EVS,1301983,11.88
700_Metz EVS,1301984,10.34
700_Metz EVS,1301985,9.64
700_Metz EVS,1301986,44.14
700_Metz EVS,1301988,28.15
700_Metz EVS,1301989,32.97
700_Metz EVS,1301990,29.62
700_Metz EVS,1301991,27.34
700_Metz EVS,1301992,22.97
700_Metz EVS,1301993,9.64
700_Metz EVS,1301994,8.49
700_Metz EVS,1301995,51.37
700_Metz EVS,1301996,29.62
700_Metz EVS,1301997,27.34
700_Metz EVS,1301998,16.99
700_Metz EVS,1301999,9.28
700_Metz EVS,1302000,14.1
700_Metz EVS,1302001,12.96
700_Metz EVS,1302002,10.34
700_Metz EVS,1302003,9.64
700_Metz EVS,1302004,44.14
700_Metz EVS,1302006,32.97
700_Metz EVS,1302007,29.62
700_Metz EVS,1302008,27.34
700_Metz EVS,1302009,22.97
700_Metz EVS,1302010,32.17
700_Metz EVS,1302011,19.69
700_Metz EVS,1302012,18.23
700_Metz EVS,1302013,16.99
700_Metz EVS,1302014,15.17
700_Metz EVS,1302015,14.1
700_Metz EVS,1302016,11.88
700_Metz EVS,1302017,10.34
700_Metz EVS,1302018,9.64
700_Metz EVS,1302019,8.49
700_Metz EVS,1302020,51.37
700_Metz EVS,1302021,29.04
700_Metz EVS,1302022,21.94
700_Metz EVS,1302023,32.97
700_Metz EVS,1302024,29.62
700_Metz EVS,1302025,27.34
700_Metz EVS,1302026,22.97
700_Metz EVS,1302027,16.99
700_Metz EVS,1302028,15.17
700_Metz EVS,1302029,14.1
700_Metz EVS,1302030,12.96
700_Metz EVS,1302031,11.88
700_Metz EVS,1302032,28.15
700_Metz EVS,1302033,16.68
700_Metz EVS,1302034,14.87
700_Metz EVS,1302035,10.14
700_Metz EVS,1302036,9.28
700_Metz EVS,1302037,8.33
700_Metz EVS,1302038,7.97
700_Metz EVS,1302039,32.17
700_Metz EVS,1302040,28.15
700_Metz EVS,1302041,22.53
700_Metz EVS,1302043,18.23
700_Metz EVS,1302044,52.14
700_Metz EVS,1302045,18.04
700_Metz EVS,1302046,32.25
700_Metz EVS,1302047,189.73
700_Metz EVS,1302244,38.16
700_Metz EVS,1302282,12.38
700_Metz EVS,1302385,39.38
700_Metz EVS,1302606,27.73
700_Metz EVS,1302724,5.63
700_Metz EVS,1302728,5.63
700_Metz EVS,1302823,905.28
700_Metz EVS,1302825,1016.14
700_Metz EVS,1302845,75.3
700_Metz EVS,1303126,63.67
700_Metz EVS,1304054,285.74
700_Metz EVS,1304432,1029.24
700_Metz EVS,1305414,41.92
700_Metz EVS,1305845,37.98
700_Metz EVS,1305957,27.06
700_Metz EVS,1306360,30.92
700_Metz EVS,1306503,57.58
700_Metz EVS,1306506,43.7
700_Metz EVS,1306511,26.27
700_Metz EVS,1306605,45.45
700_Metz EVS,1306740,34.12
700_Metz EVS,1306769,61.2
700_Metz EVS,1306774,56.04
700_Metz EVS,1307429,380.73
700_Metz EVS,1307837,23.06
700_Metz EVS,1308165,14.02
700_Metz EVS,1308167,13.53
700_Metz EVS,1308535,21.76
700_Metz EVS,1308620,1813.71
700_Metz EVS,1310709,1725.92
700_Metz EVS,1311525,12.43
700_Metz EVS,1311627,43.74
700_Metz EVS,1311705,42.35
700_Metz EVS,1312070,8.43
700_Metz EVS,1312328,1064.16
700_Metz EVS,1312329,1064.16
700_Metz EVS,1312590,82.22
700_Metz EVS,1313003,50.67
700_Metz EVS,1313004,65.81
700_Metz EVS,1313165,266.18
700_Metz EVS,1313166,295.46
700_Metz EVS,1313167,308.56
700_Metz EVS,1313168,308.56
700_Metz EVS,1313169,308.56
700_Metz EVS,1313324,12.38
700_Metz EVS,1313390,47.88
700_Metz EVS,1313393,63.8
700_Metz EVS,1313795,53.7
700_Metz EVS,1313968,322.58
700_Metz EVS,1314182,66.6
700_Metz EVS,1314356,1064.16
700_Metz EVS,1315400,211.19
700_Metz EVS,1315406,22.71
700_Metz EVS,1315423,199.46
700_Metz EVS,1315822,45.15
700_Metz EVS,1316137,12.38
700_Metz EVS,1316344,33.02
700_Metz EVS,1316720,21.86
700_Metz EVS,1317768,806.63
700_Metz EVS,1317770,57.91
700_Metz EVS,1317839,540.87
700_Metz EVS,1318960,434.47
700_Metz EVS,1319468,48.49
700_Metz EVS,1319487,37.91
700_Metz EVS,1319818,821.22
700_Metz EVS,1320587,64.79
700_Metz EVS,1320670,111.57
700_Metz EVS,1320723,34.99
700_Metz EVS,1320939,15.89
700_Metz EVS,1321077,31.47
700_Metz EVS,1321741,63.82
700_Metz EVS,1322517,861.18
700_Metz EVS,1323062,21.17
700_Metz EVS,1324389,211.19
700_Metz EVS,1324639,57.56
700_Metz EVS,1324718,40.28
700_Metz EVS,1324855,40.95
700_Metz EVS,1325217,30.09
700_Metz EVS,1325243,75.67
700_Metz EVS,1327329,80.4
700_Metz EVS,1327411,257.4
700_Metz EVS,1327505,199.46
700_Metz EVS,1327615,19.74
700_Metz EVS,1328422,416.17
700_Metz EVS,1328923,130.73
700_Metz EVS,1328942,22.71
700_Metz EVS,1329037,142.11
700_Metz EVS,1329349,53.16
700_Metz EVS,1329713,18.06
700_Metz EVS,1329723,48.51
700_Metz EVS,1330316,320.27
700_Metz EVS,1330318,48.63
700_Metz EVS,1331159,27.54
700_Metz EVS,1331708,18.06
700_Metz EVS,1332452,44.8
700_Metz EVS,1332453,50.69
700_Metz EVS,1332459,41.91
700_Metz EVS,1332460,156.14
700_Metz EVS,1332666,30.63
700_Metz EVS,1333641,216.66
700_Metz EVS,1334187,63.99
700_Metz EVS,1334188,20.72
700_Metz EVS,1334203,20.28
700_Metz EVS,1334206,27.8
700_Metz EVS,1334207,15.77
700_Metz EVS,1334791,142.49
700_Metz EVS,1335721,823.22
700_Metz EVS,1338490,49.8
700_Metz EVS,1338619,34.2
700_Metz EVS,1339267,75.05
700_Metz EVS,1339269,58.85
700_Metz EVS,1339270,52.96
700_Metz EVS,1339274,48.55
700_Metz EVS,1339275,70.87
700_Metz EVS,1339276,67.87
700_Metz EVS,1339283,59.56
700_Metz EVS,1339371,41.72
700_Metz EVS,1339686,79.57
700_Metz EVS,1340795,45.63
700_Metz EVS,1342398,384.32
700_Metz EVS,1342521,40.91
700_Metz EVS,1342651,22.56
700_Metz EVS,1342661,248.16
700_Metz EVS,1342847,23.23
700_Metz EVS,1343378,29.7
700_Metz EVS,1343426,23.97
700_Metz EVS,1343574,80.74
700_Metz EVS,1343590,44.19
700_Metz EVS,1343922,48.49
700_Metz EVS,1344920,40.8
700_Metz EVS,1345595,72.68
700_Metz EVS,1345844,53.33
700_Metz EVS,1345914,38.4
700_Metz EVS,1346577,20.12
700_Metz EVS,1346805,272.56
700_Metz EVS,1347137,40.96
700_Metz EVS,1347627,46.02
700_Metz EVS,1347629,121.95
700_Metz EVS,1347630,37.3
700_Metz EVS,1348343,138.82
700_Metz EVS,1348433,26.45
700_Metz EVS,1348480,11.05
700_Metz EVS,1348482,25.44
700_Metz EVS,1348487,23.49
700_Metz EVS,1348489,26.45
700_Metz EVS,1348500,26.45
700_Metz EVS,1348501,21.68
700_Metz EVS,1348502,43.71
700_Metz EVS,1348504,27.7
700_Metz EVS,1348505,22.83
700_Metz EVS,1348506,22.83
700_Metz EVS,1348511,22.83
700_Metz EVS,1348512,40.95
700_Metz EVS,1348513,18.89
700_Metz EVS,1348514,24.47
700_Metz EVS,1348515,24.47
700_Metz EVS,1348516,23.49
700_Metz EVS,1348517,31.04
700_Metz EVS,1348518,31.04
700_Metz EVS,1348519,19.22
700_Metz EVS,1348521,27.54
700_Metz EVS,1348522,19.06
700_Metz EVS,1348523,62.61
700_Metz EVS,1348524,54.15
700_Metz EVS,1348526,23.65
700_Metz EVS,1348527,35.48
700_Metz EVS,1348528,15.44
700_Metz EVS,1348901,219.64
700_Metz EVS,1349048,72.83
700_Metz EVS,1350013,22.49
700_Metz EVS,1350315,531.88
700_Metz EVS,1350366,118.57
700_Metz EVS,1350788,27.81
700_Metz EVS,1352175,365.62
700_Metz EVS,1352289,74.81
700_Metz EVS,1352356,14.95
700_Metz EVS,1352495,38.34
700_Metz EVS,1352829,72.16
700_Metz EVS,1352840,121.99
700_Metz EVS,1352841,93.86
700_Metz EVS,1352904,50.46
700_Metz EVS,1352906,53.03
700_Metz EVS,1352907,97.52
700_Metz EVS,1352908,56.07
700_Metz EVS,1353096,521.57
700_Metz EVS,1353200,16.65
700_Metz EVS,1353618,101.57
700_Metz EVS,1353631,1292.94
700_Metz EVS,1353854,34.66
700_Metz EVS,1353855,25.7
700_Metz EVS,1353858,24.05
700_Metz EVS,1354301,319.18
700_Metz EVS,1354381,95.15
700_Metz EVS,1355111,38.36
700_Metz EVS,1355311,31.92
700_Metz EVS,1355357,88.22
700_Metz EVS,1355841,29.6
700_Metz EVS,1355991,63.9
700_Metz EVS,1357516,1236.16
700_Metz EVS,1357670,119.74
700_Metz EVS,1358486,26.61
700_Metz EVS,1358820,19.18
700_Metz EVS,1359130,35.52
700_Metz EVS,1359207,38.53
700_Metz EVS,1359461,80.71
700_Metz EVS,1359462,109.14
700_Metz EVS,1360124,74
700_Metz EVS,1360138,2.41
700_Metz EVS,1360140,90.28
700_Metz EVS,1360237,83.82
700_Metz EVS,1361827,33.41
700_Metz EVS,1361897,135
700_Metz EVS,1362237,377.12
700_Metz EVS,1362262,49.38
700_Metz EVS,1362851,174.38
700_Metz EVS,1363011,24.45
700_Metz EVS,1363315,27.93
700_Metz EVS,1363472,801.39
700_Metz EVS,1363728,26.46
700_Metz EVS,1364072,21.65
700_Metz EVS,1364220,60.43
700_Metz EVS,1364408,30.17
700_Metz EVS,1364473,107.62
700_Metz EVS,1364752,25.81
700_Metz EVS,1365140,21
700_Metz EVS,1366219,157.5
700_Metz EVS,1366511,64.68
700_Metz EVS,1366755,25.11
700_Metz EVS,1366925,13.98
700_Metz EVS,1366927,16.91
700_Metz EVS,1366928,22.05
700_Metz EVS,1366929,16.17
700_Metz EVS,1366940,23.82
700_Metz EVS,1367489,16.79
700_Metz EVS,1367537,16.9
700_Metz EVS,1367565,38.78
700_Metz EVS,1367605,37.15
700_Metz EVS,1367751,13.23
700_Metz EVS,1367752,19.85
700_Metz EVS,1367753,11.62
700_Metz EVS,1367754,23.67
700_Metz EVS,1367755,19.85
700_Metz EVS,1367756,15
700_Metz EVS,1367757,22.65
700_Metz EVS,1367859,32.09
700_Metz EVS,1368139,24.86
700_Metz EVS,1368205,84.24
700_Metz EVS,1368341,49.02
700_Metz EVS,1368990,15.44
700_Metz EVS,1369006,31.26
700_Metz EVS,1369007,26.07
700_Metz EVS,1369008,28.59
700_Metz EVS,1369485,52.42
700_Metz EVS,1369497,40.87
700_Metz EVS,1370093,28.43
700_Metz EVS,1370952,26.03
700_Metz EVS,1371093,55.33
700_Metz EVS,1371191,27.78
700_Metz EVS,1371480,12.22
700_Metz EVS,1371643,48
700_Metz EVS,1372222,28.13
700_Metz EVS,1372759,24.29
700_Metz EVS,1373512,15.81
700_Metz EVS,1373570,84.53
700_Metz EVS,1373785,21.23
700_Metz EVS,1373881,17.35
700_Metz EVS,1373996,135.18
700_Metz EVS,1374219,171.56
700_Metz EVS,1374256,30.09
700_Metz EVS,1375056,10.1
700_Metz EVS,1375350,5.63
700_Metz EVS,1375430,523.45
700_Metz EVS,1375495,1049.75
700_Metz EVS,1375903,54.26
700_Metz EVS,1375984,6.38
700_Metz EVS,1376001,16.22
700_Metz EVS,1376265,242.82
700_Metz EVS,1376267,171.97
700_Metz EVS,1376291,213.41
700_Metz EVS,1376321,110.77
700_Metz EVS,1376374,52.55
700_Metz EVS,1377380,7.29
700_Metz EVS,1377792,38.97
700_Metz EVS,1378407,28.99
700_Metz EVS,1378524,17.64
700_Metz EVS,1378525,18.52
700_Metz EVS,1379557,3.38
700_Metz EVS,1379846,54.24
700_Metz EVS,1379939,79.14
700_Metz EVS,1380415,28.15
700_Metz EVS,1381363,71.3
700_Metz EVS,1382240,3.38
700_Metz EVS,1382370,21.15
700_Metz EVS,1382485,16.99
700_Metz EVS,1383070,48.06
700_Metz EVS,1383335,33.08
700_Metz EVS,1383411,19.41
700_Metz EVS,1383716,3.38
700_Metz EVS,1384178,12.06
700_Metz EVS,1385059,37.78
700_Metz EVS,1387004,19.26
700_Metz EVS,1387181,2.43
700_Metz EVS,1387959,13.23
700_Metz EVS,1388032,37.9
700_Metz EVS,1388033,41.4
700_Metz EVS,1388034,47.71
700_Metz EVS,1388940,28.43
700_Metz EVS,1389185,36.89
700_Metz EVS,1389731,23
700_Metz EVS,1393447,50.39
700_Metz EVS,1393451,14.95
700_Metz EVS,1394120,19.09
700_Metz EVS,1394712,43.82
700_Metz EVS,1394858,5.63
700_Metz EVS,1394958,43.77
700_Metz EVS,1396247,53.27
700_Metz EVS,1396248,34.61
700_Metz EVS,1396261,47.25
700_Metz EVS,1396898,51.9
700_Metz EVS,1397166,17.92
700_Metz EVS,1397332,3.57
700_Metz EVS,1397981,37.32
700_Metz EVS,1399873,39.22
700_Metz EVS,1400427,9.56
700_Metz EVS,1403473,21.77
700_Metz EVS,1404154,18.3
700_Metz EVS,1404155,20.26
700_Metz EVS,1003872,86.8
700_Metz EVS,1005960,94.54
700_Metz EVS,1005961,89.79
700_Metz EVS,1006327,12.64
700_Metz EVS,1006699,56.56
700_Metz EVS,1007642,10.24
700_Metz EVS,1007879,14.59
700_Metz EVS,1007903,70.15
700_Metz EVS,1007907,21.51
700_Metz EVS,1008623,47.16
700_Metz EVS,1008939,107.2
700_Metz EVS,1009817,37.05
700_Metz EVS,1095009,121.87
700_Metz EVS,1144358,43.71
700_Metz EVS,1153390,35.29
700_Metz EVS,1156058,766.21
700_Metz EVS,1182553,131.38
700_Metz EVS,1185240,57.11
700_Metz EVS,1185241,34.29
700_Metz EVS,1185242,57.11
700_Metz EVS,1185243,55.97
700_Metz EVS,1185244,64.85
700_Metz EVS,1188488,43.99
700_Metz EVS,1190546,43.69
700_Metz EVS,1191736,55.2
700_Metz EVS,1194044,54.29
700_Metz EVS,1194329,51.84
700_Metz EVS,1194382,41.93
700_Metz EVS,1291376,121.6
700_Metz EVS,1291544,90.77
700_Metz EVS,1292981,51.23
700_Metz EVS,1293899,69.91
700_Metz EVS,1295957,80.4
700_Metz EVS,1296343,34.22
700_Metz EVS,1296355,111.48
700_Metz EVS,1298305,82.35
700_Metz EVS,1300427,64.48
700_Metz EVS,1310629,73.55
700_Metz EVS,1317363,51.88
700_Metz EVS,1320214,41.66
700_Metz EVS,1321042,104.86
700_Metz EVS,1322282,170.26
700_Metz EVS,1324422,20.13
700_Metz EVS,1328635,79.41
700_Metz EVS,1330797,48.65
700_Metz EVS,1332341,146.27
700_Metz EVS,1335825,89.45
700_Metz EVS,1335852,45.28
700_Metz EVS,1336634,1492.44
700_Metz EVS,1336636,37.81
700_Metz EVS,1340416,22.68
700_Metz EVS,1340745,22.69
700_Metz EVS,1341613,717.39
700_Metz EVS,1343850,22.54
700_Metz EVS,1346164,35.88
700_Metz EVS,1346222,173.25
700_Metz EVS,1351492,33.82
700_Metz EVS,1359156,37.54
700_Metz EVS,1359157,56.15
700_Metz EVS,1360097,86.41
700_Metz EVS,1360915,65.14
700_Metz EVS,1367566,33.99
700_Metz EVS,1369645,64.38
700_Metz EVS,1372833,20.5
700_Metz EVS,1376749,121.7
700_Metz EVS,1379290,66.31
700_Metz EVS,1385110,40.81
700_Metz EVS,1389778,69.83
700_Metz EVS,1395383,45.66
700_Metz EVS,1395384,54.72
