Contract ID,SAP Code,Sell Price
527_Navigator,1000014,70
527_Navigator,1000161,44.4
527_Navigator,1000162,32.51
527_Navigator,1000168,33.84
527_Navigator,1000523,74.04
527_Navigator,1000527,30.92
527_Navigator,1000530,71.02
527_Navigator,1000532,59.44
527_Navigator,1000535,47.56
527_Navigator,1000536,54.23
527_Navigator,1000537,35.67
527_Navigator,1000538,37.9
527_Navigator,1000539,31.49
527_Navigator,1000540,33.04
527_Navigator,1000541,38.87
527_Navigator,1000542,33.29
527_Navigator,1000544,34.42
527_Navigator,1000545,42.54
527_Navigator,1000547,37.48
527_Navigator,1000548,47.67
527_Navigator,1000549,41.7
527_Navigator,1000550,59.89
527_Navigator,1000551,69.96
527_Navigator,1000557,29.74
527_Navigator,1000565,51.5
527_Navigator,1000566,365.85
527_Navigator,1000573,31.16
527_Navigator,1000864,39.93
527_Navigator,1000868,43.19
527_Navigator,1001234,28.74
527_Navigator,1001327,47.25
527_Navigator,1001329,36.65
527_Navigator,1001330,63.26
527_Navigator,1001331,75
527_Navigator,1001338,64.45
527_Navigator,1001430,41.66
527_Navigator,1001619,37.46
527_Navigator,1001672,27.63
527_Navigator,1001771,21.06
527_Navigator,1001868,66.87
527_Navigator,1002002,28.26
527_Navigator,1002008,37.36
527_Navigator,1002011,19.98
527_Navigator,1002014,25.9
527_Navigator,1002021,34.54
527_Navigator,1002022,26.87
527_Navigator,1002100,31.16
527_Navigator,1002500,42.19
527_Navigator,1002505,31.88
527_Navigator,1002506,31.79
527_Navigator,1002509,27.58
527_Navigator,1003040,39.02
527_Navigator,1003041,30.13
527_Navigator,1003063,18.74
527_Navigator,1003083,33.52
527_Navigator,1003095,25.21
527_Navigator,1003100,40.37
527_Navigator,1003102,26.81
527_Navigator,1003117,27.12
527_Navigator,1003137,33.52
527_Navigator,1003205,35.14
527_Navigator,1003227,31.58
527_Navigator,1003228,28.46
527_Navigator,1003229,40.19
527_Navigator,1003281,105
527_Navigator,1003299,54.76
527_Navigator,1003454,26.18
527_Navigator,1003477,34.07
527_Navigator,1003483,29.31
527_Navigator,1003520,28.26
527_Navigator,1003568,59.18
527_Navigator,1003636,45.05
527_Navigator,1003772,61.95
527_Navigator,1004089,35.8
527_Navigator,1004351,102.46
527_Navigator,1004352,146.31
527_Navigator,1004353,125.68
527_Navigator,1004354,54.74
527_Navigator,1004703,15.42
527_Navigator,1004709,110.27
527_Navigator,1005144,32.02
527_Navigator,1005664,113.34
527_Navigator,1005665,137.75
527_Navigator,1005666,102.54
527_Navigator,1005667,125.08
527_Navigator,1006254,66.33
527_Navigator,1006255,72.67
527_Navigator,1007151,52.08
527_Navigator,1007637,74.18
527_Navigator,1007699,69.87
527_Navigator,1007862,55.77
527_Navigator,1008116,44.63
527_Navigator,1008120,42.33
527_Navigator,1008383,72.08
527_Navigator,1008402,58.04
527_Navigator,1008788,40.62
527_Navigator,1009139,54.19
527_Navigator,1009459,51.13
527_Navigator,1009738,129.7
527_Navigator,1009933,91.73
527_Navigator,1010075,133.33
527_Navigator,1010113,192.51
527_Navigator,1010114,100.69
527_Navigator,1010214,215.1
527_Navigator,1010231,168.82
527_Navigator,1010234,230.32
527_Navigator,1010236,156.76
527_Navigator,1010238,184.15
527_Navigator,1010287,169.07
527_Navigator,1010455,157.07
527_Navigator,1010465,125.25
527_Navigator,1010469,129.13
527_Navigator,1010479,98.64
527_Navigator,1010505,69.73
527_Navigator,1010511,74.71
527_Navigator,1010516,88.89
527_Navigator,1010526,98.99
527_Navigator,1010528,90.58
527_Navigator,1010530,34.73
527_Navigator,1010541,76.64
527_Navigator,1010558,114.15
527_Navigator,1010559,142.05
527_Navigator,1010649,112.98
527_Navigator,1010665,47.26
527_Navigator,1010725,126.99
527_Navigator,1010727,140.55
527_Navigator,1010728,143.11
527_Navigator,1010729,117.55
527_Navigator,1010812,32.42
527_Navigator,1010816,53.43
527_Navigator,1010823,48.77
527_Navigator,1010831,44.12
527_Navigator,1010837,45.31
527_Navigator,1010873,336.7
527_Navigator,1010888,51.08
527_Navigator,1010904,82.45
527_Navigator,1010948,81.7
527_Navigator,1010959,67.9
527_Navigator,1010960,93.7
527_Navigator,1010964,86.43
527_Navigator,1010986,100.95
527_Navigator,1010995,60.19
527_Navigator,1010997,56.57
527_Navigator,1010999,102.61
527_Navigator,1011002,82.1
527_Navigator,1011003,92.04
527_Navigator,1011007,111.25
527_Navigator,1011012,84.98
527_Navigator,1011018,111.12
527_Navigator,1011022,56.5
527_Navigator,1011029,85.27
527_Navigator,1011049,91.37
527_Navigator,1011050,85.69
527_Navigator,1011051,94.06
527_Navigator,1011052,85.71
527_Navigator,1011107,91.67
527_Navigator,1011127,75.43
527_Navigator,1011184,40.5
527_Navigator,1011385,41.37
527_Navigator,1011386,40.54
527_Navigator,1011387,35.29
527_Navigator,1011388,35.31
527_Navigator,1011443,89.32
527_Navigator,1011445,77.77
527_Navigator,1011447,92.3
527_Navigator,1011448,97.74
527_Navigator,1011449,101.67
527_Navigator,1011450,125.24
527_Navigator,1011451,90.4
527_Navigator,1011464,96.37
527_Navigator,1011478,106.3
527_Navigator,1011521,143.4
527_Navigator,1011523,133.04
527_Navigator,1011524,137.08
527_Navigator,1011526,187.68
527_Navigator,1011527,131.64
527_Navigator,1011538,82.62
527_Navigator,1011559,30.81
527_Navigator,1011564,102.99
527_Navigator,1011567,50.92
527_Navigator,1011575,91.25
527_Navigator,1011581,29.87
527_Navigator,1011584,34.48
527_Navigator,1011635,138.85
527_Navigator,1011636,157.67
527_Navigator,1011650,45.52
527_Navigator,1011673,46.37
527_Navigator,1011684,52.54
527_Navigator,1011696,123.94
527_Navigator,1011698,61.7
527_Navigator,1011704,51.61
527_Navigator,1011705,55.38
527_Navigator,1011710,73.18
527_Navigator,1011723,92.2
527_Navigator,1011731,101.92
527_Navigator,1011742,119.39
527_Navigator,1011866,72.14
527_Navigator,1011867,93.44
527_Navigator,1011873,148.3
527_Navigator,1011896,219.46
527_Navigator,1011955,102.81
527_Navigator,1011959,111.93
527_Navigator,1011960,111.93
527_Navigator,1011987,148.69
527_Navigator,1012005,141.85
527_Navigator,1012022,144.21
527_Navigator,1012036,44.17
527_Navigator,1012062,79.14
527_Navigator,1012073,66.01
527_Navigator,1012142,99.69
527_Navigator,1012182,68.79
527_Navigator,1012188,84.02
527_Navigator,1012189,100.63
527_Navigator,1012199,127.36
527_Navigator,1012203,63.4
527_Navigator,1012208,91.19
527_Navigator,1012212,91.26
527_Navigator,1012268,90.63
527_Navigator,1012274,63.38
527_Navigator,1012276,147.96
527_Navigator,1012277,79.14
527_Navigator,1012283,99.69
527_Navigator,1012285,34.87
527_Navigator,1012288,111.1
527_Navigator,1012293,71.5
527_Navigator,1012310,91.98
527_Navigator,1012325,86.55
527_Navigator,1012326,63.37
527_Navigator,1012337,71.38
527_Navigator,1012364,50.62
527_Navigator,1012390,57.17
527_Navigator,1012434,77.18
527_Navigator,1012451,106.62
527_Navigator,1012644,148.85
527_Navigator,1012747,54.94
527_Navigator,1012750,57.81
527_Navigator,1012837,39.92
527_Navigator,1012838,57.81
527_Navigator,1012839,77.75
527_Navigator,1012869,73.56
527_Navigator,1012978,55.56
527_Navigator,1012992,88.12
527_Navigator,1012993,56.69
527_Navigator,1012996,38.23
527_Navigator,1013010,68.55
527_Navigator,1013026,67.79
527_Navigator,1013040,74.43
527_Navigator,1013045,172.39
527_Navigator,1013050,84.3
527_Navigator,1013068,73.49
527_Navigator,1013108,63.17
527_Navigator,1013115,87.89
527_Navigator,1013168,86.63
527_Navigator,1013172,74.61
527_Navigator,1013215,64.52
527_Navigator,1013224,96.87
527_Navigator,1013228,131.64
527_Navigator,1013230,118.61
527_Navigator,1013269,125.71
527_Navigator,1013285,54.69
527_Navigator,1013290,62.82
527_Navigator,1013300,69.2
527_Navigator,1013306,100.63
527_Navigator,1013307,77.02
527_Navigator,1013319,130.49
527_Navigator,1013325,132.65
527_Navigator,1013327,46.81
527_Navigator,1013330,77.1
527_Navigator,1013331,65.86
527_Navigator,1013338,74.75
527_Navigator,1013358,116.01
527_Navigator,1013389,131.25
527_Navigator,1013946,99.49
527_Navigator,1013947,61.01
527_Navigator,1013974,70.12
527_Navigator,1013993,70.33
527_Navigator,1013997,131.8
527_Navigator,1013999,62.85
527_Navigator,1014001,73.17
527_Navigator,1014004,33.2
527_Navigator,1014008,79.19
527_Navigator,1014009,40.54
527_Navigator,1014010,34.89
527_Navigator,1014011,52.52
527_Navigator,1014012,111.23
527_Navigator,1014061,91.74
527_Navigator,1014089,111.25
527_Navigator,1014095,102.71
527_Navigator,1014125,75.58
527_Navigator,1014149,61.64
527_Navigator,1014158,46.3
527_Navigator,1014159,43.23
527_Navigator,1014169,107.23
527_Navigator,1014184,47.38
527_Navigator,1014200,50.54
527_Navigator,1014202,68.62
527_Navigator,1014593,38.86
527_Navigator,1014620,99.19
527_Navigator,1014657,46.39
527_Navigator,1014666,36.25
527_Navigator,1014698,77.85
527_Navigator,1014706,169.13
527_Navigator,1014708,67.9
527_Navigator,1014709,47.6
527_Navigator,1014716,76.14
527_Navigator,1014732,34.05
527_Navigator,1014743,39.67
527_Navigator,1014754,31.01
527_Navigator,1014899,70.86
527_Navigator,1014900,46.42
527_Navigator,1014908,30.65
527_Navigator,1014918,44.21
527_Navigator,1014921,43.46
527_Navigator,1014922,48.86
527_Navigator,1014923,66.1
527_Navigator,1014925,50.99
527_Navigator,1014926,77.75
527_Navigator,1014927,78.49
527_Navigator,1014929,60.15
527_Navigator,1014930,61.11
527_Navigator,1015027,86.65
527_Navigator,1015093,62.55
527_Navigator,1015102,37.11
527_Navigator,1015105,31.95
527_Navigator,1015118,46.99
527_Navigator,1015121,79.02
527_Navigator,1015236,67.98
527_Navigator,1015270,146.73
527_Navigator,1015336,59.55
527_Navigator,1015349,66.88
527_Navigator,1015354,88.75
527_Navigator,1015368,54.48
527_Navigator,1015400,48.68
527_Navigator,1015417,41.33
527_Navigator,1015441,41.55
527_Navigator,1015522,79.62
527_Navigator,1015576,57.1
527_Navigator,1015717,55.79
527_Navigator,1015755,74.88
527_Navigator,1015833,40.02
527_Navigator,1015937,72.36
527_Navigator,1016019,125.13
527_Navigator,1016031,39.11
527_Navigator,1016037,40.61
527_Navigator,1016038,79.06
527_Navigator,1016041,36.98
527_Navigator,1016079,45.51
527_Navigator,1016086,50.42
527_Navigator,1016110,66.23
527_Navigator,1016142,64.79
527_Navigator,1016165,69.27
527_Navigator,1016205,79.81
527_Navigator,1016265,55.62
527_Navigator,1016292,71.64
527_Navigator,1016293,91.11
527_Navigator,1016299,91.18
527_Navigator,1016304,82.33
527_Navigator,1016305,82.73
527_Navigator,1016306,50.92
527_Navigator,1016326,48.11
527_Navigator,1016327,68.64
527_Navigator,1016334,50.76
527_Navigator,1016340,69.14
527_Navigator,1016345,164.17
527_Navigator,1016377,123.49
527_Navigator,1016379,67.98
527_Navigator,1016386,122.06
527_Navigator,1016397,54.43
527_Navigator,1016399,26.04
527_Navigator,1016400,71.17
527_Navigator,1016432,157.52
527_Navigator,1016438,82.54
527_Navigator,1016439,91.37
527_Navigator,1016441,90.9
527_Navigator,1016442,61.54
527_Navigator,1016443,73.05
527_Navigator,1016457,42.68
527_Navigator,1016458,78.31
527_Navigator,1016475,61.75
527_Navigator,1016477,129.65
527_Navigator,1016478,65.5
527_Navigator,1016480,44.65
527_Navigator,1016481,63.85
527_Navigator,1016483,62.01
527_Navigator,1016489,72.07
527_Navigator,1016508,50.32
527_Navigator,1016511,50.83
527_Navigator,1016517,54.79
527_Navigator,1016528,33.94
527_Navigator,1016533,122.57
527_Navigator,1016534,25.96
527_Navigator,1016537,32.58
527_Navigator,1016561,37.39
527_Navigator,1016576,56.32
527_Navigator,1016581,64.79
527_Navigator,1016583,39.64
527_Navigator,1016586,62.2
527_Navigator,1016589,76.13
527_Navigator,1016590,42.82
527_Navigator,1016592,60.07
527_Navigator,1016593,75.86
527_Navigator,1016596,65.04
527_Navigator,1016597,65.04
527_Navigator,1016598,65.49
527_Navigator,1016601,85.9
527_Navigator,1016603,97.65
527_Navigator,1016605,40.17
527_Navigator,1016606,45.67
527_Navigator,1016613,33.64
527_Navigator,1016614,40.42
527_Navigator,1016615,49.37
527_Navigator,1016616,71.63
527_Navigator,1016618,83.46
527_Navigator,1016619,48.31
527_Navigator,1016620,59.02
527_Navigator,1016622,68.36
527_Navigator,1016626,74.15
527_Navigator,1016628,70.31
527_Navigator,1016634,102.83
527_Navigator,1016636,44.35
527_Navigator,1016637,59.94
527_Navigator,1016638,68.96
527_Navigator,1016639,87.74
527_Navigator,1016640,83.71
527_Navigator,1016642,66.14
527_Navigator,1016643,75.26
527_Navigator,1016644,56.08
527_Navigator,1016645,59.44
527_Navigator,1016646,52.15
527_Navigator,1016657,59.6
527_Navigator,1016658,70.05
527_Navigator,1016659,69.93
527_Navigator,1016660,63.33
527_Navigator,1016661,66.86
527_Navigator,1016662,42.11
527_Navigator,1016663,45.3
527_Navigator,1016664,38.83
527_Navigator,1016665,40.2
527_Navigator,1016667,74.43
527_Navigator,1016669,33.2
527_Navigator,1016746,52.68
527_Navigator,1016747,61.5
527_Navigator,1016748,63.94
527_Navigator,1016750,92.25
527_Navigator,1016754,45.32
527_Navigator,1016765,86.37
527_Navigator,1016772,54.79
527_Navigator,1016855,41.33
527_Navigator,1016873,45
527_Navigator,1016880,44.93
527_Navigator,1016898,65.6
527_Navigator,1016908,65.25
527_Navigator,1016993,40.29
527_Navigator,1017025,46.87
527_Navigator,1017457,42.43
527_Navigator,1017458,49.85
527_Navigator,1017459,39.77
527_Navigator,1017461,47.11
527_Navigator,1018019,49.9
527_Navigator,1018020,36.75
527_Navigator,1018058,50.07
527_Navigator,1018069,69.25
527_Navigator,1018073,29.25
527_Navigator,1018086,27.44
527_Navigator,1018101,31.7
527_Navigator,1018103,65.92
527_Navigator,1018106,48.27
527_Navigator,1018108,54.75
527_Navigator,1018115,37.3
527_Navigator,1018125,50.58
527_Navigator,1018128,47.42
527_Navigator,1018131,66.86
527_Navigator,1018133,48.73
527_Navigator,1018135,44.06
527_Navigator,1018148,65.61
527_Navigator,1018149,57.95
527_Navigator,1018150,42.42
527_Navigator,1018164,74.9
527_Navigator,1018175,57.98
527_Navigator,1018180,57.56
527_Navigator,1018190,83.14
527_Navigator,1018192,88.07
527_Navigator,1018202,97.95
527_Navigator,1018204,61.86
527_Navigator,1018208,54.99
527_Navigator,1018209,76.92
527_Navigator,1018211,73.67
527_Navigator,1018220,53.02
527_Navigator,1018221,33.04
527_Navigator,1018222,40.74
527_Navigator,1018225,52.24
527_Navigator,1018232,75.07
527_Navigator,1018239,45.49
527_Navigator,1018240,59
527_Navigator,1018246,70.86
527_Navigator,1018250,40.95
527_Navigator,1018265,58.29
527_Navigator,1018272,65.21
527_Navigator,1018273,75.11
527_Navigator,1018292,54.88
527_Navigator,1018319,39.82
527_Navigator,1018320,39.64
527_Navigator,1018324,81.1
527_Navigator,1018325,30.89
527_Navigator,1018326,26.73
527_Navigator,1018327,26.86
527_Navigator,1018331,36.96
527_Navigator,1018336,39.76
527_Navigator,1018342,48.07
527_Navigator,1018344,37.15
527_Navigator,1018345,29.24
527_Navigator,1018351,33.05
527_Navigator,1018355,36.36
527_Navigator,1018359,58.27
527_Navigator,1018364,68.93
527_Navigator,1018365,38.85
527_Navigator,1018378,15.18
527_Navigator,1018384,38.36
527_Navigator,1018388,15.94
527_Navigator,1018391,16.63
527_Navigator,1018396,23.93
527_Navigator,1018397,24.61
527_Navigator,1018400,26.23
527_Navigator,1018401,29.56
527_Navigator,1018402,22.26
527_Navigator,1018405,18.71
527_Navigator,1018406,21.17
527_Navigator,1018409,39.01
527_Navigator,1018410,22.35
527_Navigator,1018413,26.29
527_Navigator,1018421,21.17
527_Navigator,1018422,22.13
527_Navigator,1018425,27.27
527_Navigator,1018426,41.37
527_Navigator,1018428,25.63
527_Navigator,1018429,23.7
527_Navigator,1018434,26.23
527_Navigator,1018435,27.06
527_Navigator,1018436,24.05
527_Navigator,1018437,22.86
527_Navigator,1018438,31.15
527_Navigator,1018441,40.55
527_Navigator,1018444,29.74
527_Navigator,1018447,30.86
527_Navigator,1018448,31.86
527_Navigator,1018450,64.37
527_Navigator,1018452,61.37
527_Navigator,1018453,25.92
527_Navigator,1018454,73.93
527_Navigator,1018458,42.02
527_Navigator,1018460,26.85
527_Navigator,1018462,21.1
527_Navigator,1018466,38.73
527_Navigator,1018468,43.96
527_Navigator,1018475,45.98
527_Navigator,1018483,113.14
527_Navigator,1018485,132.77
527_Navigator,1018486,79.4
527_Navigator,1018494,29.11
527_Navigator,1018497,36.31
527_Navigator,1018501,96.92
527_Navigator,1018532,115.25
527_Navigator,1018538,83.39
527_Navigator,1018558,98.8
527_Navigator,1018569,65.81
527_Navigator,1018580,80.51
527_Navigator,1018584,91.11
527_Navigator,1018585,93.27
527_Navigator,1018590,115.25
527_Navigator,1018591,126.3
527_Navigator,1018592,82.1
527_Navigator,1018593,82.54
527_Navigator,1018594,104.2
527_Navigator,1018619,50.18
527_Navigator,1018621,75.13
527_Navigator,1018627,80.51
527_Navigator,1018637,104.2
527_Navigator,1018678,54.92
527_Navigator,1018682,38.49
527_Navigator,1018684,50.9
527_Navigator,1018686,46.74
527_Navigator,1018689,49.75
527_Navigator,1018693,57.98
527_Navigator,1018700,54.68
527_Navigator,1018704,31.36
527_Navigator,1018732,25.32
527_Navigator,1018734,31.06
527_Navigator,1018741,31.06
527_Navigator,1018742,25.7
527_Navigator,1018759,48.05
527_Navigator,1018768,48.23
527_Navigator,1018789,21.52
527_Navigator,1018806,24.35
527_Navigator,1018810,38.9
527_Navigator,1018813,32.14
527_Navigator,1018821,37.05
527_Navigator,1018834,24.9
527_Navigator,1018843,34.8
527_Navigator,1018850,40.08
527_Navigator,1018873,32.46
527_Navigator,1018885,37.12
527_Navigator,1018893,37.64
527_Navigator,1018894,37.36
527_Navigator,1018899,37.57
527_Navigator,1018900,39.56
527_Navigator,1018901,39.45
527_Navigator,1018905,49.93
527_Navigator,1018914,52.08
527_Navigator,1018918,29.17
527_Navigator,1018923,30.07
527_Navigator,1018939,37.51
527_Navigator,1019008,33.32
527_Navigator,1019019,39.62
527_Navigator,1019030,24.82
527_Navigator,1019036,44.9
527_Navigator,1019040,33.21
527_Navigator,1019069,36.81
527_Navigator,1019070,36.81
527_Navigator,1019077,43.3
527_Navigator,1019228,72.64
527_Navigator,1019243,77.05
527_Navigator,1019244,75.07
527_Navigator,1019248,89.25
527_Navigator,1019253,104.46
527_Navigator,1019265,31.3
527_Navigator,1019291,67.55
527_Navigator,1019292,58.61
527_Navigator,1019376,59.89
527_Navigator,1019377,65.82
527_Navigator,1019411,76.54
527_Navigator,1019437,55.05
527_Navigator,1019601,51.42
527_Navigator,1019762,228.32
527_Navigator,1019763,155.36
527_Navigator,1019764,181.62
527_Navigator,1019858,46.27
527_Navigator,1019886,35.5
527_Navigator,1019888,30.19
527_Navigator,1019933,32.79
527_Navigator,1019937,28.19
527_Navigator,1019939,34.94
527_Navigator,1019940,34.61
527_Navigator,1019946,28.21
527_Navigator,1019970,60.77
527_Navigator,1020044,73.75
527_Navigator,1020047,71.19
527_Navigator,1020094,68.88
527_Navigator,1020107,89.7
527_Navigator,1020114,104.64
527_Navigator,1020117,93.86
527_Navigator,1020135,55.86
527_Navigator,1020136,43.62
527_Navigator,1020150,66.31
527_Navigator,1020158,42.85
527_Navigator,1020161,82.56
527_Navigator,1020162,36.37
527_Navigator,1020164,42.2
527_Navigator,1020165,41.96
527_Navigator,1020166,26.24
527_Navigator,1020167,29.81
527_Navigator,1020217,88.39
527_Navigator,1020218,88.82
527_Navigator,1020277,35.94
527_Navigator,1020327,51.85
527_Navigator,1020350,144.56
527_Navigator,1020374,111.24
527_Navigator,1020375,56.11
527_Navigator,1020377,45.89
527_Navigator,1020380,45.44
527_Navigator,1020382,59.79
527_Navigator,1020384,40.06
527_Navigator,1020389,41.69
527_Navigator,1020395,77.99
527_Navigator,1020397,122.35
527_Navigator,1020415,36.89
527_Navigator,1020417,30.85
527_Navigator,1020419,36.13
527_Navigator,1020427,64.98
527_Navigator,1020442,82.07
527_Navigator,1020472,87.73
527_Navigator,1020526,33.71
527_Navigator,1020718,60.04
527_Navigator,1020726,23.6
527_Navigator,1020727,23.6
527_Navigator,1020728,25.57
527_Navigator,1020729,25.57
527_Navigator,1020730,28.18
527_Navigator,1020731,28.18
527_Navigator,1020749,37
527_Navigator,1020761,35.98
527_Navigator,1020762,52.52
527_Navigator,1020763,42.7
527_Navigator,1020764,53.43
527_Navigator,1020769,34.15
527_Navigator,1020770,63.96
527_Navigator,1020772,24.32
527_Navigator,1020773,24.32
527_Navigator,1020774,26.48
527_Navigator,1020775,26.48
527_Navigator,1020776,64.14
527_Navigator,1020777,64.14
527_Navigator,1020803,20.9
527_Navigator,1020804,21.04
527_Navigator,1020805,21.76
527_Navigator,1020806,21.92
527_Navigator,1020811,32.1
527_Navigator,1020821,34
527_Navigator,1020833,34.48
527_Navigator,1020837,45.13
527_Navigator,1020838,31.95
527_Navigator,1020860,70.48
527_Navigator,1020956,114.38
527_Navigator,1020957,84.46
527_Navigator,1021104,32.83
527_Navigator,1021150,80.71
527_Navigator,1021250,35.49
527_Navigator,1021275,35.3
527_Navigator,1021283,22.98
527_Navigator,1021300,47.58
527_Navigator,1021305,47.7
527_Navigator,1021313,73.07
527_Navigator,1021325,55.26
527_Navigator,1021438,45.71
527_Navigator,1021447,25.98
527_Navigator,1021448,49.31
527_Navigator,1021457,35.55
527_Navigator,1021459,36.83
527_Navigator,1021466,50.3
527_Navigator,1021468,50.3
527_Navigator,1021496,59.04
527_Navigator,1021502,33.62
527_Navigator,1021512,38.46
527_Navigator,1021536,56.7
527_Navigator,1021544,39.2
527_Navigator,1021671,62.82
527_Navigator,1021689,31.57
527_Navigator,1021694,43.79
527_Navigator,1021864,43.67
527_Navigator,1021867,74.89
527_Navigator,1021959,54.36
527_Navigator,1021996,71.61
527_Navigator,1022022,38.62
527_Navigator,1022347,60.04
527_Navigator,1022375,87.25
527_Navigator,1022380,40.18
527_Navigator,1022389,26.9
527_Navigator,1022569,55.82
527_Navigator,1022714,80.64
527_Navigator,1022770,66.88
527_Navigator,1022785,77.48
527_Navigator,1022909,50.54
527_Navigator,1023015,54.4
527_Navigator,1023055,108.96
527_Navigator,1023077,24.73
527_Navigator,1023310,60.38
527_Navigator,1023350,51.05
527_Navigator,1023507,66.89
527_Navigator,1023508,61.39
527_Navigator,1023541,10.45
527_Navigator,1023563,16.94
527_Navigator,1023773,27.12
527_Navigator,1023833,23.99
527_Navigator,1023906,29.99
527_Navigator,1023924,39.29
527_Navigator,1023976,17.06
527_Navigator,1024012,22.88
527_Navigator,1024014,27.54
527_Navigator,1024018,13.48
527_Navigator,1024027,20.45
527_Navigator,1024029,16.12
527_Navigator,1024038,16.42
527_Navigator,1024068,82.75
527_Navigator,1024221,55.15
527_Navigator,1024264,60.63
527_Navigator,1024278,55.71
527_Navigator,1024280,38.24
527_Navigator,1024294,37.44
527_Navigator,1024302,46.7
527_Navigator,1024360,69.88
527_Navigator,1024362,66.9
527_Navigator,1024369,44.74
527_Navigator,1024444,53.19
527_Navigator,1024464,73
527_Navigator,1024685,13
527_Navigator,1024728,40.29
527_Navigator,1024739,15.1
527_Navigator,1024768,11.64
527_Navigator,1024879,70.67
527_Navigator,1024880,63.12
527_Navigator,1024956,57.07
527_Navigator,1025119,47.19
527_Navigator,1025128,56.92
527_Navigator,1025298,33.73
527_Navigator,1025299,57.3
527_Navigator,1025360,56.48
527_Navigator,1025628,40.33
527_Navigator,1025652,2.87
527_Navigator,1025661,1.87
527_Navigator,1025713,49.67
527_Navigator,1025750,56.3
527_Navigator,1026001,60.87
527_Navigator,1026002,46.87
527_Navigator,1026078,46.05
527_Navigator,1026099,10.86
527_Navigator,1026100,9.18
527_Navigator,1026102,13.54
527_Navigator,1026121,52.04
527_Navigator,1026144,56.12
527_Navigator,1026145,54.2
527_Navigator,1026146,58.01
527_Navigator,1026248,13.29
527_Navigator,1027701,55.36
527_Navigator,1027706,45.73
527_Navigator,1027754,40.64
527_Navigator,1027839,52.96
527_Navigator,1027864,50.12
527_Navigator,1027865,51.13
527_Navigator,1027869,53.35
527_Navigator,1027987,87.55
527_Navigator,1028014,56.07
527_Navigator,1028165,33.88
527_Navigator,1028194,61.14
527_Navigator,1028214,72.39
527_Navigator,1028332,162.33
527_Navigator,1028379,52.2
527_Navigator,1028396,45.37
527_Navigator,1028397,50.05
527_Navigator,1028417,48.68
527_Navigator,1028688,52.28
527_Navigator,1028721,48.36
527_Navigator,1028759,94.14
527_Navigator,1028831,91.93
527_Navigator,1028960,51.8
527_Navigator,1028961,3.33
527_Navigator,1030603,42.63
527_Navigator,1030604,40.5
527_Navigator,1030655,41.67
527_Navigator,1030680,68.33
527_Navigator,1030896,38.75
527_Navigator,1030970,26.52
527_Navigator,1031141,22.38
527_Navigator,1031142,21.61
527_Navigator,1031143,22.25
527_Navigator,1031426,17.27
527_Navigator,1031427,15.42
527_Navigator,1031428,15.26
527_Navigator,1031435,19.06
527_Navigator,1031436,18.23
527_Navigator,1031437,16.75
527_Navigator,1031438,19.77
527_Navigator,1031499,53.86
527_Navigator,1031500,54.64
527_Navigator,1031501,48.96
527_Navigator,1031503,53.77
527_Navigator,1031504,54.39
527_Navigator,1031505,46.52
527_Navigator,1031507,52.69
527_Navigator,1031508,54.13
527_Navigator,1031509,49.77
527_Navigator,1031510,50.12
527_Navigator,1031511,52.87
527_Navigator,1031512,53.89
527_Navigator,1031513,48.96
527_Navigator,1031514,50.89
527_Navigator,1031539,68.21
527_Navigator,1031547,72.36
527_Navigator,1031549,72.63
527_Navigator,1031551,68.83
527_Navigator,1031553,69.61
527_Navigator,1031567,58.87
527_Navigator,1032206,126.8
527_Navigator,1032751,31.3
527_Navigator,1032752,24.68
527_Navigator,1032753,26.42
527_Navigator,1032754,30.99
527_Navigator,1032755,28.21
527_Navigator,1032761,24.27
527_Navigator,1032762,51.56
527_Navigator,1032763,20.85
527_Navigator,1032764,60.98
527_Navigator,1032769,54.65
527_Navigator,1033146,36.85
527_Navigator,1033154,22.35
527_Navigator,1040557,148
527_Navigator,1040587,112.75
527_Navigator,1040588,112.75
527_Navigator,1041240,67.88
527_Navigator,1042719,10.44
527_Navigator,1042720,11.9
527_Navigator,1042721,23.05
527_Navigator,1042722,28.69
527_Navigator,1042723,30.27
527_Navigator,1042726,57.31
527_Navigator,1042727,77.57
527_Navigator,1042729,100.5
527_Navigator,1042730,62.26
527_Navigator,1042753,6.67
527_Navigator,1042758,20.79
527_Navigator,1042759,22.36
527_Navigator,1043033,9.29
527_Navigator,1043085,69.08
527_Navigator,1043227,21.77
527_Navigator,1043478,31.37
527_Navigator,1043604,46.26
527_Navigator,1043744,59.33
527_Navigator,1043799,134.42
527_Navigator,1043863,5.8
527_Navigator,1043870,8.57
527_Navigator,1043872,8.17
527_Navigator,1043879,11.19
527_Navigator,1043914,46.32
527_Navigator,1043935,20.4
527_Navigator,1043942,42.58
527_Navigator,1043969,93.79
527_Navigator,1044445,141.73
527_Navigator,1044666,79.56
527_Navigator,1044694,130.86
527_Navigator,1044722,34.2
527_Navigator,1044723,33.83
527_Navigator,1044724,26.27
527_Navigator,1044726,40.73
527_Navigator,1044835,17.77
527_Navigator,1044840,106.9
527_Navigator,1044847,31.76
527_Navigator,1044849,31.8
527_Navigator,1044856,103.05
527_Navigator,1044868,27.05
527_Navigator,1044877,41.83
527_Navigator,1044878,45.62
527_Navigator,1044880,15.05
527_Navigator,1044956,59.06
527_Navigator,1047706,62.74
527_Navigator,1047729,16.55
527_Navigator,1047730,33.13
527_Navigator,1047970,18.24
527_Navigator,1047971,25.48
527_Navigator,1047975,20.38
527_Navigator,1047978,29.25
527_Navigator,1048086,15.29
527_Navigator,1048095,19.19
527_Navigator,1048102,25.74
527_Navigator,1048111,15.56
527_Navigator,1048115,30.19
527_Navigator,1048140,21.18
527_Navigator,1048151,20.1
527_Navigator,1048166,22.69
527_Navigator,1048169,25.82
527_Navigator,1048183,33.21
527_Navigator,1048221,31.94
527_Navigator,1048233,87.24
527_Navigator,1048523,33.08
527_Navigator,1048613,72.92
527_Navigator,1048618,38.24
527_Navigator,1048626,44.12
527_Navigator,1048636,85.43
527_Navigator,1048647,46.43
527_Navigator,1048682,28.44
527_Navigator,1048693,34.9
527_Navigator,1048707,47.86
527_Navigator,1048717,76.01
527_Navigator,1048760,100.23
527_Navigator,1048895,60.64
527_Navigator,1048934,100.88
527_Navigator,1048942,90.99
527_Navigator,1049016,40.62
527_Navigator,1049018,92.99
527_Navigator,1049065,63.06
527_Navigator,1049070,210.17
527_Navigator,1049100,59.81
527_Navigator,1049101,29.21
527_Navigator,1049102,57.06
527_Navigator,1049103,40.5
527_Navigator,1049119,39.13
527_Navigator,1049124,82.87
527_Navigator,1049132,61.9
527_Navigator,1049136,119.08
527_Navigator,1049139,91.61
527_Navigator,1049191,67.17
527_Navigator,1049192,57.98
527_Navigator,1049194,60.95
527_Navigator,1049197,136.46
527_Navigator,1049201,137.56
527_Navigator,1049202,125.63
527_Navigator,1049204,44.04
527_Navigator,1049237,109.67
527_Navigator,1049327,72.44
527_Navigator,1049328,26.9
527_Navigator,1049329,38.04
527_Navigator,1049356,97.37
527_Navigator,1049370,84.1
527_Navigator,1049378,52.01
527_Navigator,1049417,71.56
527_Navigator,1049423,61.07
527_Navigator,1049430,40.13
527_Navigator,1049525,27.07
527_Navigator,1049528,47.61
527_Navigator,1049691,145.2
527_Navigator,1049710,61.26
527_Navigator,1049712,50.31
527_Navigator,1049714,47.98
527_Navigator,1049808,54.95
527_Navigator,1049809,43.88
527_Navigator,1049810,34.44
527_Navigator,1049823,66.2
527_Navigator,1049826,56.68
527_Navigator,1049828,116.74
527_Navigator,1050044,92.33
527_Navigator,1050045,57.92
527_Navigator,1050048,31.7
527_Navigator,1050094,144.15
527_Navigator,1050120,79.13
527_Navigator,1050122,129.83
527_Navigator,1050244,38.05
527_Navigator,1050323,43.95
527_Navigator,1050324,90.25
527_Navigator,1050343,42.75
527_Navigator,1050345,49.36
527_Navigator,1050347,54.67
527_Navigator,1050355,53.05
527_Navigator,1050356,166.92
527_Navigator,1050357,47.67
527_Navigator,1050366,46.62
527_Navigator,1050368,43.69
527_Navigator,1050487,71.39
527_Navigator,1050496,76
527_Navigator,1050497,93.94
527_Navigator,1050906,43.75
527_Navigator,1050997,25.36
527_Navigator,1051018,22.29
527_Navigator,1051020,22.29
527_Navigator,1051033,17.21
527_Navigator,1051109,21.02
527_Navigator,1051137,24.77
527_Navigator,1051139,32.26
527_Navigator,1051297,26.18
527_Navigator,1051303,23.31
527_Navigator,1051368,36.98
527_Navigator,1051820,22.17
527_Navigator,1051834,36.51
527_Navigator,1051986,35.14
527_Navigator,1052011,35.7
527_Navigator,1052085,31.77
527_Navigator,1052465,28.85
527_Navigator,1052468,35.14
527_Navigator,1052872,51.7
527_Navigator,1052910,42.02
527_Navigator,1052911,44.51
527_Navigator,1052916,45.69
527_Navigator,1052950,25.21
527_Navigator,1053012,56.71
527_Navigator,1053071,40.95
527_Navigator,1053233,36.49
527_Navigator,1053249,33.04
527_Navigator,1053299,44.02
527_Navigator,1053447,14.44
527_Navigator,1053459,19.58
527_Navigator,1053467,32.9
527_Navigator,1053471,25.63
527_Navigator,1053472,12.81
527_Navigator,1053481,35.73
527_Navigator,1053498,40.25
527_Navigator,1053502,24.82
527_Navigator,1053506,35.64
527_Navigator,1053508,17.96
527_Navigator,1053512,25.36
527_Navigator,1053515,25.37
527_Navigator,1053521,13.77
527_Navigator,1053528,17.21
527_Navigator,1053533,37.05
527_Navigator,1053538,22.29
527_Navigator,1053543,37.86
527_Navigator,1053547,24.82
527_Navigator,1053550,37.86
527_Navigator,1053568,20.44
527_Navigator,1053582,18.55
527_Navigator,1053594,22.17
527_Navigator,1053602,22.15
527_Navigator,1053605,36.49
527_Navigator,1053616,45.07
527_Navigator,1053619,45.07
527_Navigator,1053621,49.11
527_Navigator,1053622,49.07
527_Navigator,1053630,24.85
527_Navigator,1053633,25
527_Navigator,1053659,35.39
527_Navigator,1053661,30.99
527_Navigator,1053675,32.29
527_Navigator,1053688,40.89
527_Navigator,1053698,20.46
527_Navigator,1053714,21.05
527_Navigator,1053720,17.6
527_Navigator,1053731,32.29
527_Navigator,1053750,28.26
527_Navigator,1053773,18
527_Navigator,1053780,28.26
527_Navigator,1053794,23.07
527_Navigator,1053795,29.23
527_Navigator,1053811,37.23
527_Navigator,1053833,30.95
527_Navigator,1053839,19.14
527_Navigator,1053848,25.2
527_Navigator,1053857,39.35
527_Navigator,1053863,21.01
527_Navigator,1053866,25.2
527_Navigator,1053868,30.95
527_Navigator,1053869,30.95
527_Navigator,1053930,34.99
527_Navigator,1053955,30.58
527_Navigator,1053992,45.82
527_Navigator,1054031,33.96
527_Navigator,1054067,17.67
527_Navigator,1054071,27.11
527_Navigator,1054135,21.05
527_Navigator,1054380,20.1
527_Navigator,1054486,37.63
527_Navigator,1054823,73.88
527_Navigator,1054830,49.08
527_Navigator,1054833,63.96
527_Navigator,1054839,53.04
527_Navigator,1054854,69.27
527_Navigator,1054859,49.18
527_Navigator,1054862,35.1
527_Navigator,1054866,30.36
527_Navigator,1054869,50.62
527_Navigator,1054882,47.07
527_Navigator,1054884,47.07
527_Navigator,1054891,54.21
527_Navigator,1054894,47.07
527_Navigator,1054903,67.05
527_Navigator,1054909,67.01
527_Navigator,1054919,61.29
527_Navigator,1054921,61.68
527_Navigator,1054931,50.62
527_Navigator,1054932,50.62
527_Navigator,1054967,41.63
527_Navigator,1055264,52.68
527_Navigator,1055268,25.37
527_Navigator,1055707,35.14
527_Navigator,1056309,41.63
527_Navigator,1056443,36.24
527_Navigator,1056484,30.18
527_Navigator,1057155,36.71
527_Navigator,1057204,22.56
527_Navigator,1057220,45.06
527_Navigator,1057249,26.86
527_Navigator,1057256,28.6
527_Navigator,1057259,36.98
527_Navigator,1057287,36.79
527_Navigator,1057302,32.38
527_Navigator,1057313,39.2
527_Navigator,1057324,29.31
527_Navigator,1057327,26.87
527_Navigator,1057329,31.58
527_Navigator,1057339,34.54
527_Navigator,1057341,39.02
527_Navigator,1057343,41.37
527_Navigator,1057350,25.11
527_Navigator,1057361,32.07
527_Navigator,1057370,35.49
527_Navigator,1057474,28.77
527_Navigator,1057484,25.25
527_Navigator,1057486,25.9
527_Navigator,1057488,20.88
527_Navigator,1057491,34.69
527_Navigator,1057494,40.19
527_Navigator,1057501,34.69
527_Navigator,1057504,45.06
527_Navigator,1057507,22.56
527_Navigator,1057509,36.64
527_Navigator,1057515,28.6
527_Navigator,1057519,41.37
527_Navigator,1057520,26.86
527_Navigator,1057535,35.89
527_Navigator,1057538,28.45
527_Navigator,1057540,35.07
527_Navigator,1057541,37.36
527_Navigator,1057543,30.31
527_Navigator,1057551,43.62
527_Navigator,1057554,32.35
527_Navigator,1057557,39.23
527_Navigator,1057558,38.24
527_Navigator,1057568,25.11
527_Navigator,1057570,35.49
527_Navigator,1057664,18.74
527_Navigator,1057674,25.25
527_Navigator,1057815,37.07
527_Navigator,1057833,38.24
527_Navigator,1057861,39.02
527_Navigator,1057893,32.07
527_Navigator,1058181,7.14
527_Navigator,1065007,38.48
527_Navigator,1066473,24.33
527_Navigator,1066475,15.58
527_Navigator,1066476,27.86
527_Navigator,1066477,27.86
527_Navigator,1066481,34.73
527_Navigator,1066483,20.83
527_Navigator,1066485,33.75
527_Navigator,1066486,33.75
527_Navigator,1066528,78.2
527_Navigator,1066540,91.45
527_Navigator,1069420,43.13
527_Navigator,1072157,68.33
527_Navigator,1083201,20.17
527_Navigator,1083203,57.44
527_Navigator,1083986,333.43
527_Navigator,1084257,46.71
527_Navigator,1084262,413.4
527_Navigator,1084272,46.98
527_Navigator,1084300,51.02
527_Navigator,1084302,40.77
527_Navigator,1084303,46.01
527_Navigator,1084304,397.93
527_Navigator,1084305,137.76
527_Navigator,1084312,78.07
527_Navigator,1084316,47.04
527_Navigator,1084317,58.31
527_Navigator,1084320,59.97
527_Navigator,1084325,139.89
527_Navigator,1084338,86.91
527_Navigator,1084359,40.57
527_Navigator,1084377,47.04
527_Navigator,1084378,41.54
527_Navigator,1084380,413.4
527_Navigator,1084394,641.1
527_Navigator,1084395,41.54
527_Navigator,1084400,42.22
527_Navigator,1084477,890.3
527_Navigator,1084496,58.12
527_Navigator,1084533,62.49
527_Navigator,1084575,2061.44
527_Navigator,1084668,80.06
527_Navigator,1084688,94.47
527_Navigator,1084699,50.47
527_Navigator,1084700,60.12
527_Navigator,1084702,62.46
527_Navigator,1084727,32.73
527_Navigator,1084742,38.36
527_Navigator,1084743,47.64
527_Navigator,1084745,473.08
527_Navigator,1084747,47.1
527_Navigator,1084749,41.8
527_Navigator,1084750,51.06
527_Navigator,1084751,478.61
527_Navigator,1084773,60.2
527_Navigator,1084790,51.54
527_Navigator,1085000,205.24
527_Navigator,1085094,36.51
527_Navigator,1085095,56.16
527_Navigator,1085103,35.54
527_Navigator,1085227,134.5
527_Navigator,1085255,72.83
527_Navigator,1085326,55.01
527_Navigator,1085423,332.19
527_Navigator,1085424,53.5
527_Navigator,1085468,38.34
527_Navigator,1085491,61.21
527_Navigator,1085492,508.46
527_Navigator,1085516,46.75
527_Navigator,1085517,115.77
527_Navigator,1085521,42.55
527_Navigator,1085522,50.27
527_Navigator,1085523,150.11
527_Navigator,1085525,441.03
527_Navigator,1085530,66.55
527_Navigator,1085531,81.16
527_Navigator,1085532,835.62
527_Navigator,1085534,99.68
527_Navigator,1085535,122.1
527_Navigator,1085536,1272.22
527_Navigator,1085537,97.98
527_Navigator,1085550,59.17
527_Navigator,1085574,538.29
527_Navigator,1085575,188.13
527_Navigator,1085582,55.38
527_Navigator,1085583,652.13
527_Navigator,1085586,68.64
527_Navigator,1085614,183.3
527_Navigator,1085661,77.59
527_Navigator,1085663,35.1
527_Navigator,1085666,68.34
527_Navigator,1085684,56.61
527_Navigator,1085729,53.94
527_Navigator,1085730,62.79
527_Navigator,1085732,54.82
527_Navigator,1085733,62.5
527_Navigator,1085734,520.6
527_Navigator,1085798,88.02
527_Navigator,1085831,532.93
527_Navigator,1085832,311.06
527_Navigator,1085833,164.26
527_Navigator,1085834,54.85
527_Navigator,1085835,45.75
527_Navigator,1085844,275.22
527_Navigator,1086073,108.83
527_Navigator,1086165,139.58
527_Navigator,1086271,42.5
527_Navigator,1086300,155.28
527_Navigator,1086301,120.1
527_Navigator,1086306,38.02
527_Navigator,1086323,101.91
527_Navigator,1086396,60.15
527_Navigator,1086397,109.72
527_Navigator,1086416,50.91
527_Navigator,1086418,69.35
527_Navigator,1086454,123.27
527_Navigator,1086455,1265.29
527_Navigator,1086457,54.52
527_Navigator,1086458,546.54
527_Navigator,1086589,33.34
527_Navigator,1086648,62.6
527_Navigator,1086742,2732.71
527_Navigator,1086803,2505.86
527_Navigator,1086863,49.56
527_Navigator,1086880,272.53
527_Navigator,1086938,2675.21
527_Navigator,1086963,617.68
527_Navigator,1087161,540.39
527_Navigator,1087162,320.97
527_Navigator,1087163,169.21
527_Navigator,1087164,56.5
527_Navigator,1087165,46.62
527_Navigator,1087166,554.05
527_Navigator,1087167,338.43
527_Navigator,1087168,173.84
527_Navigator,1087169,58.02
527_Navigator,1087170,355.1
527_Navigator,1087171,181.78
527_Navigator,1087191,91.65
527_Navigator,1087192,106.36
527_Navigator,1087195,789.19
527_Navigator,1087196,242.1
527_Navigator,1087197,80.89
527_Navigator,1087218,179.68
527_Navigator,1087233,667.6
527_Navigator,1087241,142.81
527_Navigator,1087242,250.74
527_Navigator,1087244,46.55
527_Navigator,1087246,139.26
527_Navigator,1087247,1295.03
527_Navigator,1087251,446.55
527_Navigator,1087254,69.53
527_Navigator,1087255,887.58
527_Navigator,1087261,307.82
527_Navigator,1087287,43.58
527_Navigator,1087351,434.39
527_Navigator,1087393,401.24
527_Navigator,1087416,55.62
527_Navigator,1087417,84.35
527_Navigator,1087418,47.14
527_Navigator,1087419,43.42
527_Navigator,1087420,56.55
527_Navigator,1087439,46.14
527_Navigator,1087450,73.48
527_Navigator,1087473,43.16
527_Navigator,1087478,52.32
527_Navigator,1087479,60.79
527_Navigator,1087480,588.04
527_Navigator,1087489,84.74
527_Navigator,1087502,387.93
527_Navigator,1087505,47.78
527_Navigator,1087512,109.7
527_Navigator,1087518,129.79
527_Navigator,1087519,152.69
527_Navigator,1087520,1552.69
527_Navigator,1087524,70.95
527_Navigator,1087529,711.63
527_Navigator,1087539,42.62
527_Navigator,1087540,147.42
527_Navigator,1087542,42.62
527_Navigator,1087543,52.76
527_Navigator,1087545,103.86
527_Navigator,1087547,443.24
527_Navigator,1087548,49.43
527_Navigator,1087557,43.32
527_Navigator,1087558,48.45
527_Navigator,1087566,33.35
527_Navigator,1087567,40.09
527_Navigator,1087568,372.52
527_Navigator,1087594,32.02
527_Navigator,1087595,38.71
527_Navigator,1087661,812.42
527_Navigator,1087681,43.42
527_Navigator,1087706,45.19
527_Navigator,1087727,58.71
527_Navigator,1087728,60.64
527_Navigator,1087729,505.65
527_Navigator,1087733,41.24
527_Navigator,1087735,2680.39
527_Navigator,1087736,78.27
527_Navigator,1087737,766.01
527_Navigator,1087738,55.68
527_Navigator,1087739,541.59
527_Navigator,1087785,35.86
527_Navigator,1087786,42.9
527_Navigator,1087789,362.55
527_Navigator,1087790,455.4
527_Navigator,1087791,306.17
527_Navigator,1087794,49.43
527_Navigator,1087796,44.35
527_Navigator,1087797,49.86
527_Navigator,1087798,41.88
527_Navigator,1087904,1995.13
527_Navigator,1087938,483.82
527_Navigator,1087954,88.85
527_Navigator,1087963,34.01
527_Navigator,1088068,43.17
527_Navigator,1088070,50.44
527_Navigator,1088072,445.45
527_Navigator,1088074,61.43
527_Navigator,1088130,329.02
527_Navigator,1088132,44.7
527_Navigator,1088154,63.99
527_Navigator,1088166,38.53
527_Navigator,1088193,51.93
527_Navigator,1088275,205.93
527_Navigator,1088276,86.02
527_Navigator,1088384,2559.95
527_Navigator,1088446,48.6
527_Navigator,1088511,73.24
527_Navigator,1088514,44.92
527_Navigator,1088516,530.55
527_Navigator,1088557,3057.88
527_Navigator,1088666,229.99
527_Navigator,1088678,50.9
527_Navigator,1088875,40.84
527_Navigator,1088918,994.69
527_Navigator,1088919,574.16
527_Navigator,1088920,297.92
527_Navigator,1088930,69.85
527_Navigator,1088944,46.76
527_Navigator,1088946,53.16
527_Navigator,1088947,62.21
527_Navigator,1088948,100.18
527_Navigator,1088949,82.44
527_Navigator,1088964,84.07
527_Navigator,1088976,50.39
527_Navigator,1088979,60.07
527_Navigator,1088981,599.78
527_Navigator,1089010,629.68
527_Navigator,1089012,67.13
527_Navigator,1089013,82.5
527_Navigator,1089014,777.44
527_Navigator,1089129,61.37
527_Navigator,1089130,72.52
527_Navigator,1089131,725.48
527_Navigator,1089162,62.62
527_Navigator,1089163,77.75
527_Navigator,1089347,55.07
527_Navigator,1089606,899.61
527_Navigator,1089711,83.89
527_Navigator,1089712,103.78
527_Navigator,1089792,1030.14
527_Navigator,1089795,101.17
527_Navigator,1089804,580.64
527_Navigator,1089806,303.2
527_Navigator,1089817,83.03
527_Navigator,1089839,70.27
527_Navigator,1089841,58.4
527_Navigator,1089843,283.22
527_Navigator,1089845,76.6
527_Navigator,1089846,94.61
527_Navigator,1089850,938.47
527_Navigator,1089932,83.1
527_Navigator,1089933,92.1
527_Navigator,1089948,68.79
527_Navigator,1089949,83.07
527_Navigator,1089973,74.62
527_Navigator,1089974,90.17
527_Navigator,1089975,270.16
527_Navigator,1089976,527.63
527_Navigator,1089977,895.19
527_Navigator,1089981,59.29
527_Navigator,1089982,70.97
527_Navigator,1089984,78.75
527_Navigator,1089988,90.98
527_Navigator,1089992,73.05
527_Navigator,1089993,84.71
527_Navigator,1089994,272.3
527_Navigator,1089995,167.7
527_Navigator,1089997,674.13
527_Navigator,1090001,83.61
527_Navigator,1090005,70.63
527_Navigator,1090006,81.83
527_Navigator,1090007,777.98
527_Navigator,1090010,244.92
527_Navigator,1090013,118.63
527_Navigator,1090033,79.7
527_Navigator,1090034,94.93
527_Navigator,1090035,948.48
527_Navigator,1090042,59.67
527_Navigator,1090043,69.44
527_Navigator,1090044,664.16
527_Navigator,1090045,1030.96
527_Navigator,1090046,559.76
527_Navigator,1090050,98.77
527_Navigator,1090051,82.53
527_Navigator,1090064,70.11
527_Navigator,1090080,711.9
527_Navigator,1090086,62.69
527_Navigator,1090087,75.11
527_Navigator,1090090,74.3
527_Navigator,1090098,47.96
527_Navigator,1090104,267.66
527_Navigator,1090127,39.01
527_Navigator,1090132,1422.35
527_Navigator,1090142,66.81
527_Navigator,1090144,440.41
527_Navigator,1090149,104.58
527_Navigator,1090151,1290.54
527_Navigator,1090155,130.15
527_Navigator,1090158,38.08
527_Navigator,1090160,44.13
527_Navigator,1090161,262.88
527_Navigator,1090165,117.86
527_Navigator,1090168,31.62
527_Navigator,1090175,33.92
527_Navigator,1090176,39.58
527_Navigator,1090177,138.05
527_Navigator,1090179,355.92
527_Navigator,1090190,94.79
527_Navigator,1090198,940.7
527_Navigator,1090201,76.79
527_Navigator,1090203,148.44
527_Navigator,1090216,28.63
527_Navigator,1090230,95.49
527_Navigator,1090262,228.48
527_Navigator,1090291,42.34
527_Navigator,1090307,30.47
527_Navigator,1090308,36.28
527_Navigator,1090487,41.06
527_Navigator,1091099,57.85
527_Navigator,1091100,58.14
527_Navigator,1091160,31.67
527_Navigator,1091188,53.15
527_Navigator,1091238,45.18
527_Navigator,1091246,12.2
527_Navigator,1091401,45.73
527_Navigator,1091403,87.51
527_Navigator,1091522,365.85
527_Navigator,1091709,62.29
527_Navigator,1091775,38.38
527_Navigator,1091784,87.51
527_Navigator,1091892,43.7
527_Navigator,1091895,51.16
527_Navigator,1091974,93.72
527_Navigator,1092068,66.22
527_Navigator,1092116,36.62
527_Navigator,1092117,36.62
527_Navigator,1092124,38.91
527_Navigator,1092129,55.78
527_Navigator,1092152,56.16
527_Navigator,1092186,419.05
527_Navigator,1092241,56.55
527_Navigator,1092242,52.12
527_Navigator,1092251,24.88
527_Navigator,1092489,34.85
527_Navigator,1092610,43.7
527_Navigator,1092613,476.49
527_Navigator,1092739,36.12
527_Navigator,1092740,36.12
527_Navigator,1092755,36.12
527_Navigator,1092786,48.05
527_Navigator,1092901,58.43
527_Navigator,1092911,107.66
527_Navigator,1093210,95.87
527_Navigator,1093227,34.17
527_Navigator,1093261,70.78
527_Navigator,1093425,57.44
527_Navigator,1093552,52.56
527_Navigator,1093579,86.05
527_Navigator,1093601,41.66
527_Navigator,1093613,54.07
527_Navigator,1093622,62.29
527_Navigator,1093640,55.21
527_Navigator,1093645,39.59
527_Navigator,1093648,39.59
527_Navigator,1093649,54.83
527_Navigator,1093650,57.61
527_Navigator,1093651,78.2
527_Navigator,1093654,71.29
527_Navigator,1093658,63.26
527_Navigator,1095612,417.83
527_Navigator,1095987,65.46
527_Navigator,1096421,61.25
527_Navigator,1096542,35.19
527_Navigator,1096614,136.32
527_Navigator,1096642,274.32
527_Navigator,1096643,153.14
527_Navigator,1096660,29.94
527_Navigator,1096665,33.28
527_Navigator,1096674,402.35
527_Navigator,1096676,51.24
527_Navigator,1096677,31.38
527_Navigator,1096678,41.94
527_Navigator,1096685,41.24
527_Navigator,1096693,99.84
527_Navigator,1096719,40.87
527_Navigator,1096730,146.16
527_Navigator,1096735,209.81
527_Navigator,1096740,46.56
527_Navigator,1096765,56.12
527_Navigator,1096766,334.61
527_Navigator,1096768,825.67
527_Navigator,1096769,88.03
527_Navigator,1096771,43.42
527_Navigator,1096776,51.67
527_Navigator,1096778,60.5
527_Navigator,1096791,66.01
527_Navigator,1096793,47.52
527_Navigator,1096850,40.77
527_Navigator,1096874,370.3
527_Navigator,1096876,47.74
527_Navigator,1096965,104.92
527_Navigator,1096979,40.34
527_Navigator,1096980,48.06
527_Navigator,1096981,394.61
527_Navigator,1096992,37.63
527_Navigator,1097107,101.06
527_Navigator,1097110,89.79
527_Navigator,1097111,96.47
527_Navigator,1097112,1046.74
527_Navigator,1097117,89.79
527_Navigator,1097118,96.47
527_Navigator,1097119,1046.74
527_Navigator,1097123,90.71
527_Navigator,1097127,102.27
527_Navigator,1097143,113.92
527_Navigator,1097144,1201.49
527_Navigator,1097259,38.35
527_Navigator,1097306,34.31
527_Navigator,1097315,205.6
527_Navigator,1097320,43.56
527_Navigator,1097321,510.66
527_Navigator,1097346,184.47
527_Navigator,1097377,36.19
527_Navigator,1097379,41.24
527_Navigator,1097381,41.46
527_Navigator,1097383,58.47
527_Navigator,1097385,45.32
527_Navigator,1097387,46.3
527_Navigator,1097389,48.68
527_Navigator,1097391,40.77
527_Navigator,1097394,42.91
527_Navigator,1097396,35.46
527_Navigator,1097398,33.28
527_Navigator,1097399,35.7
527_Navigator,1097402,33.53
527_Navigator,1097404,38.36
527_Navigator,1097406,57.18
527_Navigator,1097408,37.63
527_Navigator,1097409,155.77
527_Navigator,1097411,32.54
527_Navigator,1097413,32.54
527_Navigator,1097416,38.08
527_Navigator,1097417,27.51
527_Navigator,1097420,41.73
527_Navigator,1097459,355.1
527_Navigator,1097512,53.5
527_Navigator,1097753,39.2
527_Navigator,1098001,44.36
527_Navigator,1098035,263.48
527_Navigator,1098205,39.71
527_Navigator,1098254,201.21
527_Navigator,1098269,336.41
527_Navigator,1098444,52.16
527_Navigator,1098446,59.1
527_Navigator,1098516,55.16
527_Navigator,1098517,65.82
527_Navigator,1098521,359.93
527_Navigator,1098714,176.66
527_Navigator,1098834,43.17
527_Navigator,1099613,40.52
527_Navigator,1099856,600.29
527_Navigator,1099881,91.94
527_Navigator,1099949,59.62
527_Navigator,1099957,77.3
527_Navigator,1099965,44.25
527_Navigator,1099971,125.76
527_Navigator,1099982,178.53
527_Navigator,1100023,105.27
527_Navigator,1100024,70.34
527_Navigator,1100032,800.8
527_Navigator,1100053,732.39
527_Navigator,1100054,1105.09
527_Navigator,1100055,1343.32
527_Navigator,1100061,335.18
527_Navigator,1100074,89.1
527_Navigator,1100086,111.92
527_Navigator,1100105,115
527_Navigator,1100130,266.96
527_Navigator,1100163,53.93
527_Navigator,1100182,63.82
527_Navigator,1100192,85.35
527_Navigator,1100206,49.24
527_Navigator,1100236,63.59
527_Navigator,1100259,62.31
527_Navigator,1100260,49.2
527_Navigator,1100311,137.91
527_Navigator,1100371,129.02
527_Navigator,1100388,91.94
527_Navigator,1100404,110.92
527_Navigator,1100405,69.2
527_Navigator,1100406,98.71
527_Navigator,1100432,229.99
527_Navigator,1100442,138.55
527_Navigator,1100443,56.71
527_Navigator,1100447,315.53
527_Navigator,1100453,138.55
527_Navigator,1100454,132.14
527_Navigator,1100456,110.92
527_Navigator,1100460,133.39
527_Navigator,1100462,86.41
527_Navigator,1100463,123.29
527_Navigator,1100464,76.92
527_Navigator,1100494,125.76
527_Navigator,1100499,86.31
527_Navigator,1100523,375.66
527_Navigator,1100527,84.82
527_Navigator,1100528,183.22
527_Navigator,1100533,57.29
527_Navigator,1100556,77.26
527_Navigator,1100917,54.56
527_Navigator,1101534,67.96
527_Navigator,1101622,60.71
527_Navigator,1101795,49.21
527_Navigator,1101797,53.79
527_Navigator,1101891,54.76
527_Navigator,1101928,47.74
527_Navigator,1101959,51.38
527_Navigator,1101962,61
527_Navigator,1102060,49.94
527_Navigator,1102063,82.02
527_Navigator,1102072,50.9
527_Navigator,1102106,44.84
527_Navigator,1102112,70.44
527_Navigator,1102146,68.73
527_Navigator,1102186,70.65
527_Navigator,1102187,73.32
527_Navigator,1102215,66.55
527_Navigator,1102250,66.15
527_Navigator,1102284,49.21
527_Navigator,1102286,51.61
527_Navigator,1102321,75.7
527_Navigator,1102323,64.57
527_Navigator,1108163,232.41
527_Navigator,1122417,63.82
527_Navigator,1136519,103.04
527_Navigator,1139734,30.04
527_Navigator,1140369,42.24
527_Navigator,1140390,46.46
527_Navigator,1140391,76.99
527_Navigator,1140394,55.3
527_Navigator,1141066,69.63
527_Navigator,1141283,840.01
527_Navigator,1141508,44.38
527_Navigator,1141518,42.26
527_Navigator,1141573,24.11
527_Navigator,1142023,111.62
527_Navigator,1142024,100.19
527_Navigator,1142393,484.12
527_Navigator,1142394,528.01
527_Navigator,1142395,364.73
527_Navigator,1142396,725.89
527_Navigator,1142402,466.41
527_Navigator,1142452,91.97
527_Navigator,1143254,81.39
527_Navigator,1143297,38.86
527_Navigator,1143939,657.48
527_Navigator,1143940,161.48
527_Navigator,1143970,92.61
527_Navigator,1143972,55.49
527_Navigator,1143973,100.68
527_Navigator,1144102,47.15
527_Navigator,1144185,70.69
527_Navigator,1144186,39.13
527_Navigator,1144369,73.61
527_Navigator,1144442,28.05
527_Navigator,1144476,38.86
527_Navigator,1144527,50.94
527_Navigator,1144578,102.98
527_Navigator,1144582,56.6
527_Navigator,1144730,61.37
527_Navigator,1144761,92.93
527_Navigator,1144769,47.01
527_Navigator,1145150,256.82
527_Navigator,1145193,36.45
527_Navigator,1145319,137.76
527_Navigator,1145521,57.62
527_Navigator,1145602,62.82
527_Navigator,1145606,61.71
527_Navigator,1145607,67.54
527_Navigator,1145809,37.33
527_Navigator,1146069,35.76
527_Navigator,1146297,89.82
527_Navigator,1146298,54.05
527_Navigator,1146370,64.69
527_Navigator,1146471,36.14
527_Navigator,1146741,39.99
527_Navigator,1146805,71.81
527_Navigator,1147385,54.58
527_Navigator,1147431,167.25
527_Navigator,1147600,56.23
527_Navigator,1147670,38.8
527_Navigator,1147777,26.27
527_Navigator,1147901,26.36
527_Navigator,1148135,56.12
527_Navigator,1148195,62.93
527_Navigator,1148198,192.3
527_Navigator,1148302,718.62
527_Navigator,1148624,209.07
527_Navigator,1149026,45.75
527_Navigator,1149027,45.75
527_Navigator,1149264,89.92
527_Navigator,1149689,56.63
527_Navigator,1150163,70.31
527_Navigator,1150202,18.58
527_Navigator,1150208,90.9
527_Navigator,1150589,77.61
527_Navigator,1150615,333.63
527_Navigator,1150842,42.71
527_Navigator,1150850,31.31
527_Navigator,1150858,33.57
527_Navigator,1150859,30.76
527_Navigator,1150864,54.82
527_Navigator,1151313,30.98
527_Navigator,1151324,20.68
527_Navigator,1151371,81.64
527_Navigator,1151379,41.98
527_Navigator,1151421,58.98
527_Navigator,1151563,112.06
527_Navigator,1151689,52.9
527_Navigator,1151692,58.8
527_Navigator,1151694,64.68
527_Navigator,1151995,49.27
527_Navigator,1152093,77.3
527_Navigator,1152150,57.67
527_Navigator,1152170,46.1
527_Navigator,1152171,51.6
527_Navigator,1152172,48.85
527_Navigator,1152173,61.9
527_Navigator,1152248,90.13
527_Navigator,1152255,92.36
527_Navigator,1152270,36.14
527_Navigator,1152379,67.26
527_Navigator,1152380,53.68
527_Navigator,1152425,68.34
527_Navigator,1152478,42.92
527_Navigator,1152650,113.14
527_Navigator,1152704,44.87
527_Navigator,1153026,73.38
527_Navigator,1153343,48.75
527_Navigator,1153346,72.85
527_Navigator,1153482,215.67
527_Navigator,1153555,120
527_Navigator,1153751,134.57
527_Navigator,1153828,35.88
527_Navigator,1154150,31.05
527_Navigator,1154193,64.42
527_Navigator,1154211,61.18
527_Navigator,1154214,49.9
527_Navigator,1154215,35.76
527_Navigator,1154216,129.65
527_Navigator,1154217,129.65
527_Navigator,1154221,106.55
527_Navigator,1154224,116.49
527_Navigator,1154227,74.62
527_Navigator,1154229,101.01
527_Navigator,1154230,73.24
527_Navigator,1154232,82.1
527_Navigator,1154233,212.82
527_Navigator,1154234,46.9
527_Navigator,1154245,111.71
527_Navigator,1154246,123.64
527_Navigator,1154250,39.14
527_Navigator,1154303,28.64
527_Navigator,1154337,2934.64
527_Navigator,1154934,40.64
527_Navigator,1154948,44.5
527_Navigator,1155037,101.17
527_Navigator,1155117,102.96
527_Navigator,1155244,87.29
527_Navigator,1155259,60.05
527_Navigator,1155520,49.38
527_Navigator,1155549,784.37
527_Navigator,1155562,44.88
527_Navigator,1155651,47.14
527_Navigator,1156014,40.67
527_Navigator,1156051,12.81
527_Navigator,1156305,38.11
527_Navigator,1156306,36.57
527_Navigator,1156505,68.82
527_Navigator,1156578,41.63
527_Navigator,1156623,51.37
527_Navigator,1156626,51.37
527_Navigator,1156866,51.26
527_Navigator,1157171,44.02
527_Navigator,1157308,441.03
527_Navigator,1157510,142.6
527_Navigator,1157604,32.98
527_Navigator,1157661,163.35
527_Navigator,1157665,52.51
527_Navigator,1157956,62.22
527_Navigator,1158315,47.04
527_Navigator,1158411,33.05
527_Navigator,1158821,32.11
527_Navigator,1158824,30.96
527_Navigator,1158826,37.52
527_Navigator,1158829,87.51
527_Navigator,1158832,87.51
527_Navigator,1158847,1188.81
527_Navigator,1158850,550.78
527_Navigator,1158895,74.6
527_Navigator,1159120,90.15
527_Navigator,1159361,31.18
527_Navigator,1159396,54.08
527_Navigator,1159403,48.43
527_Navigator,1159414,33.43
527_Navigator,1159415,30.89
527_Navigator,1159416,30.61
527_Navigator,1159565,64.01
527_Navigator,1159681,46.01
527_Navigator,1159696,77.24
527_Navigator,1159814,65.44
527_Navigator,1160281,67.61
527_Navigator,1160282,52.73
527_Navigator,1160434,57.5
527_Navigator,1160555,95.54
527_Navigator,1160601,87.51
527_Navigator,1160608,48.33
527_Navigator,1160674,70.98
527_Navigator,1160719,50.6
527_Navigator,1160813,1455.66
527_Navigator,1160861,77.74
527_Navigator,1160931,41.69
527_Navigator,1160961,40.67
527_Navigator,1161042,45.11
527_Navigator,1161054,36.59
527_Navigator,1161068,57.98
527_Navigator,1161540,60.02
527_Navigator,1161546,55.99
527_Navigator,1161572,57.81
527_Navigator,1161802,74.12
527_Navigator,1161803,57.17
527_Navigator,1162073,68.81
527_Navigator,1162168,30.06
527_Navigator,1162396,58.24
527_Navigator,1162424,87.51
527_Navigator,1162555,59.13
527_Navigator,1162632,52.56
527_Navigator,1162635,87.51
527_Navigator,1162765,59.17
527_Navigator,1163046,72.55
527_Navigator,1163070,60.79
527_Navigator,1163089,39.19
527_Navigator,1163131,121.95
527_Navigator,1163132,54.07
527_Navigator,1163313,51.5
527_Navigator,1163419,87.51
527_Navigator,1163421,87.51
527_Navigator,1163596,49.52
527_Navigator,1163721,26.56
527_Navigator,1163726,121.95
527_Navigator,1163807,41.13
527_Navigator,1163808,48.05
527_Navigator,1163810,50.51
527_Navigator,1163812,54.38
527_Navigator,1163813,55.7
527_Navigator,1163814,73.27
527_Navigator,1164102,215.93
527_Navigator,1164152,25.55
527_Navigator,1164154,52.01
527_Navigator,1164189,175.26
527_Navigator,1164303,117.57
527_Navigator,1164490,71.65
527_Navigator,1164550,1004.79
527_Navigator,1165060,32.87
527_Navigator,1165064,34.17
527_Navigator,1165126,121.95
527_Navigator,1165311,24.12
527_Navigator,1165469,64.24
527_Navigator,1165478,132.77
527_Navigator,1165501,66.07
527_Navigator,1165504,27.23
527_Navigator,1165522,62.39
527_Navigator,1165524,65.81
527_Navigator,1165673,32.25
527_Navigator,1165681,27.96
527_Navigator,1165730,106.8
527_Navigator,1165920,51.26
527_Navigator,1165988,137.46
527_Navigator,1166182,82.68
527_Navigator,1166223,60.47
527_Navigator,1166269,1132.34
527_Navigator,1166394,108.21
527_Navigator,1166395,82.7
527_Navigator,1166677,47.4
527_Navigator,1166820,71.3
527_Navigator,1167201,105.82
527_Navigator,1167789,95.22
527_Navigator,1167818,87.51
527_Navigator,1167857,117.1
527_Navigator,1167858,111.82
527_Navigator,1168025,58.39
527_Navigator,1168328,121.95
527_Navigator,1168394,60.47
527_Navigator,1168411,121.95
527_Navigator,1169052,46.61
527_Navigator,1169055,42.74
527_Navigator,1169059,71.61
527_Navigator,1169261,28.5
527_Navigator,1169262,29.86
527_Navigator,1169264,36.52
527_Navigator,1169265,50.1
527_Navigator,1169266,47.56
527_Navigator,1169392,107.23
527_Navigator,1169651,35.83
527_Navigator,1169824,67.73
527_Navigator,1169860,30.64
527_Navigator,1169868,30.44
527_Navigator,1169869,31.12
527_Navigator,1169870,35.11
527_Navigator,1169871,32.95
527_Navigator,1169872,42.31
527_Navigator,1170292,42.56
527_Navigator,1170383,217.21
527_Navigator,1170384,53.26
527_Navigator,1170388,18.4
527_Navigator,1170389,18.99
527_Navigator,1170538,72.82
527_Navigator,1170539,81.19
527_Navigator,1170565,50.73
527_Navigator,1170687,37.76
527_Navigator,1170742,39.23
527_Navigator,1170754,51.52
527_Navigator,1170885,63.42
527_Navigator,1170887,50.43
527_Navigator,1171052,25.65
527_Navigator,1171365,18.24
527_Navigator,1171821,94.58
527_Navigator,1172201,33.49
527_Navigator,1172202,33.89
527_Navigator,1172697,27.27
527_Navigator,1172905,63.39
527_Navigator,1173019,620.46
527_Navigator,1173459,79.86
527_Navigator,1173467,34.06
527_Navigator,1173522,40.39
527_Navigator,1173683,32.13
527_Navigator,1173943,29.6
527_Navigator,1174416,57.52
527_Navigator,1174648,105.82
527_Navigator,1174753,50.48
527_Navigator,1174817,16.42
527_Navigator,1174960,60.47
527_Navigator,1175079,307.47
527_Navigator,1175285,36.01
527_Navigator,1175286,51.14
527_Navigator,1175287,80.48
527_Navigator,1175331,939.99
527_Navigator,1175535,74.6
527_Navigator,1175680,88.3
527_Navigator,1175778,37.3
527_Navigator,1175789,74.05
527_Navigator,1175949,17.76
527_Navigator,1176121,118.61
527_Navigator,1176135,42.74
527_Navigator,1176136,47.56
527_Navigator,1176464,413.33
527_Navigator,1176729,89.14
527_Navigator,1176734,30.87
527_Navigator,1176807,75.55
527_Navigator,1176967,93.15
527_Navigator,1177035,38.26
527_Navigator,1177105,54.56
527_Navigator,1177337,66.3
527_Navigator,1177392,79.36
527_Navigator,1177528,69.33
527_Navigator,1177746,59.74
527_Navigator,1177883,80.99
527_Navigator,1179434,412.16
527_Navigator,1179504,66.66
527_Navigator,1179506,93.89
527_Navigator,1179507,110.27
527_Navigator,1179759,64.38
527_Navigator,1179955,26.32
527_Navigator,1179956,34.69
527_Navigator,1180084,85.42
527_Navigator,1180506,35.8
527_Navigator,1180814,80.5
527_Navigator,1180925,93.71
527_Navigator,1181009,66.01
527_Navigator,1181619,41.81
527_Navigator,1181959,28.14
527_Navigator,1183739,62.5
527_Navigator,1183751,62.3
527_Navigator,1183752,62.17
527_Navigator,1183805,115.14
527_Navigator,1183806,115.14
527_Navigator,1183808,121.21
527_Navigator,1183820,112.54
527_Navigator,1184843,66.87
527_Navigator,1185188,52.73
527_Navigator,1185319,771.95
527_Navigator,1185416,54.63
527_Navigator,1185724,170.85
527_Navigator,1186172,96.85
527_Navigator,1186243,51.83
527_Navigator,1187983,85.37
527_Navigator,1188172,59.8
527_Navigator,1188175,37.74
527_Navigator,1190465,86.69
527_Navigator,1191144,12.62
527_Navigator,1191249,75.85
527_Navigator,1191280,121.21
527_Navigator,1191348,90.08
527_Navigator,1192323,51
527_Navigator,1192324,50.61
527_Navigator,1192325,56.42
527_Navigator,1192326,56.48
527_Navigator,1192327,115.14
527_Navigator,1192328,121.21
527_Navigator,1192331,25.15
527_Navigator,1192338,53.99
527_Navigator,1194010,135.85
527_Navigator,1194140,41.59
527_Navigator,1194196,41.15
527_Navigator,1194381,62.1
527_Navigator,1194621,147.35
527_Navigator,1197375,63.23
527_Navigator,1197418,74.52
527_Navigator,1197579,67.93
527_Navigator,1198616,34.5
527_Navigator,1198621,104.99
527_Navigator,1198822,158.84
527_Navigator,1198862,29.25
527_Navigator,1198984,84.9
527_Navigator,1198988,140.24
527_Navigator,1199245,85.37
527_Navigator,1199773,47.19
527_Navigator,1199980,22.11
527_Navigator,1200088,51.95
527_Navigator,1200300,344.6
527_Navigator,1200588,95.32
527_Navigator,1200639,62.32
527_Navigator,1200835,17.68
527_Navigator,1201046,75.12
527_Navigator,1201481,25.77
527_Navigator,1201498,254.17
527_Navigator,1202625,52.37
527_Navigator,1202626,51.42
527_Navigator,1202644,106.8
527_Navigator,1202757,86.98
527_Navigator,1203044,80.83
527_Navigator,1203184,731.72
527_Navigator,1203260,77.59
527_Navigator,1203333,33.89
527_Navigator,1203407,34.31
527_Navigator,1203427,37.9
527_Navigator,1203456,87.51
527_Navigator,1203458,87.21
527_Navigator,1203597,35.33
527_Navigator,1203886,38.58
527_Navigator,1203897,46.63
527_Navigator,1203928,800.8
527_Navigator,1203929,856.77
527_Navigator,1203930,814.01
527_Navigator,1203931,1893.24
527_Navigator,1204007,38.58
527_Navigator,1204036,31.15
527_Navigator,1204261,96.42
527_Navigator,1204262,74.15
527_Navigator,1204263,82.12
527_Navigator,1204320,54.6
527_Navigator,1204825,105.78
527_Navigator,1204909,32.15
527_Navigator,1205162,47.35
527_Navigator,1205269,33.46
527_Navigator,1205594,463.63
527_Navigator,1206116,44.77
527_Navigator,1206120,97.19
527_Navigator,1206169,45.19
527_Navigator,1206170,41.12
527_Navigator,1206567,121.12
527_Navigator,1206676,73.83
527_Navigator,1206707,40.3
527_Navigator,1206708,30.43
527_Navigator,1206805,150.08
527_Navigator,1206810,80.46
527_Navigator,1206971,44.4
527_Navigator,1206972,50.51
527_Navigator,1207028,92.55
527_Navigator,1207040,63.43
527_Navigator,1207041,33.95
527_Navigator,1207126,28.44
527_Navigator,1207160,132.11
527_Navigator,1207193,93.65
527_Navigator,1207206,66.33
527_Navigator,1207250,92.75
527_Navigator,1207251,117.98
527_Navigator,1207252,159.39
527_Navigator,1207271,42.44
527_Navigator,1207272,49.43
527_Navigator,1207273,48.62
527_Navigator,1207304,26.96
527_Navigator,1207348,54.1
527_Navigator,1207372,81.54
527_Navigator,1207381,56.9
527_Navigator,1207444,54.7
527_Navigator,1207449,61.29
527_Navigator,1207451,59.52
527_Navigator,1207487,36.73
527_Navigator,1207489,41.67
527_Navigator,1207490,40.5
527_Navigator,1207582,65.76
527_Navigator,1207663,83.95
527_Navigator,1207669,40.95
527_Navigator,1207791,79.71
527_Navigator,1207797,61.83
527_Navigator,1207961,72.57
527_Navigator,1207962,82.81
527_Navigator,1207963,42.02
527_Navigator,1208137,46.82
527_Navigator,1208160,123.44
527_Navigator,1208168,73.89
527_Navigator,1208237,79.77
527_Navigator,1208301,50.12
527_Navigator,1208459,59.52
527_Navigator,1208550,97.93
527_Navigator,1208579,73.25
527_Navigator,1208614,77.37
527_Navigator,1208635,36.07
527_Navigator,1208636,31.52
527_Navigator,1208691,107.13
527_Navigator,1208828,55.02
527_Navigator,1208832,111.32
527_Navigator,1208886,42.8
527_Navigator,1208956,44.71
527_Navigator,1208994,74.56
527_Navigator,1208996,69.13
527_Navigator,1209363,34.69
527_Navigator,1209453,134.26
527_Navigator,1209955,93.24
527_Navigator,1210370,146.04
527_Navigator,1210373,277.94
527_Navigator,1210511,65.96
527_Navigator,1210599,56.21
527_Navigator,1210600,39.38
527_Navigator,1210640,121.14
527_Navigator,1210641,39.31
527_Navigator,1210659,68.33
527_Navigator,1210820,62.54
527_Navigator,1210829,83.65
527_Navigator,1210830,36.61
527_Navigator,1210833,11.18
527_Navigator,1210838,41.62
527_Navigator,1210871,68.46
527_Navigator,1210998,56.58
527_Navigator,1211180,38.87
527_Navigator,1211249,57.26
527_Navigator,1211300,51.93
527_Navigator,1211440,69.05
527_Navigator,1211968,58.98
527_Navigator,1212288,38.58
527_Navigator,1213185,45.19
527_Navigator,1213324,256.05
527_Navigator,1213488,80.26
527_Navigator,1213507,55.57
527_Navigator,1213650,141.54
527_Navigator,1213847,73.83
527_Navigator,1214048,37.23
527_Navigator,1214123,84.63
527_Navigator,1214477,41.54
527_Navigator,1214651,49.27
527_Navigator,1214823,44.33
527_Navigator,1214966,85.9
527_Navigator,1215001,31.5
527_Navigator,1215002,33.83
527_Navigator,1215109,97.9
527_Navigator,1215432,511.25
527_Navigator,1215475,180.8
527_Navigator,1215580,45.61
527_Navigator,1215604,37.29
527_Navigator,1215734,113.62
527_Navigator,1215922,521.51
527_Navigator,1215923,331.61
527_Navigator,1215970,42.35
527_Navigator,1215978,59.71
527_Navigator,1216231,36.11
527_Navigator,1216531,1242.29
527_Navigator,1216627,23.69
527_Navigator,1216807,96.6
527_Navigator,1216873,114.23
527_Navigator,1217304,32.99
527_Navigator,1217461,417.83
527_Navigator,1217573,68.46
527_Navigator,1217711,54.06
527_Navigator,1217933,165.68
527_Navigator,1218038,77.94
527_Navigator,1218269,47.13
527_Navigator,1218384,72.7
527_Navigator,1218438,37.68
527_Navigator,1218555,53.31
527_Navigator,1218725,40.92
527_Navigator,1218835,76.44
527_Navigator,1218860,68.6
527_Navigator,1219371,54.33
527_Navigator,1219586,76.4
527_Navigator,1219736,135.85
527_Navigator,1219743,81.4
527_Navigator,1220221,11.18
527_Navigator,1220629,45.44
527_Navigator,1220796,74.17
527_Navigator,1221316,66.25
527_Navigator,1222329,105.66
527_Navigator,1222635,41.54
527_Navigator,1223350,69.42
527_Navigator,1223384,104.1
527_Navigator,1223564,62.04
527_Navigator,1225182,77.97
527_Navigator,1225183,52.53
527_Navigator,1225185,40.26
527_Navigator,1225187,48.8
527_Navigator,1225306,110.58
527_Navigator,1225307,89.25
527_Navigator,1225450,93.12
527_Navigator,1225646,53.18
527_Navigator,1225748,95.2
527_Navigator,1225758,80.29
527_Navigator,1226068,54.14
527_Navigator,1227049,59.76
527_Navigator,1227654,87
527_Navigator,1227784,34.87
527_Navigator,1227911,84.71
527_Navigator,1228104,89.18
527_Navigator,1228201,47.27
527_Navigator,1228436,65.44
527_Navigator,1228884,11.18
527_Navigator,1228982,67.69
527_Navigator,1229187,32.29
527_Navigator,1230286,72.14
527_Navigator,1230353,29.24
527_Navigator,1230370,35.7
527_Navigator,1230377,20.46
527_Navigator,1230839,100.52
527_Navigator,1231329,44.98
527_Navigator,1232016,51.62
527_Navigator,1232532,50.54
527_Navigator,1232554,75.67
527_Navigator,1232578,35.64
527_Navigator,1232692,17.21
527_Navigator,1233016,35.14
527_Navigator,1233153,143.43
527_Navigator,1233322,18
527_Navigator,1233396,45.31
527_Navigator,1233397,45.15
527_Navigator,1233398,37.88
527_Navigator,1233399,47.37
527_Navigator,1233400,65.12
527_Navigator,1233403,52.08
527_Navigator,1233404,67.17
527_Navigator,1233407,61.44
527_Navigator,1233408,122.38
527_Navigator,1233671,19.58
527_Navigator,1233823,86.11
527_Navigator,1234113,29.3
527_Navigator,1234116,30.04
527_Navigator,1234125,33.76
527_Navigator,1234251,25.63
527_Navigator,1234345,24.85
527_Navigator,1234346,40.89
527_Navigator,1234347,35.92
527_Navigator,1234349,14.44
527_Navigator,1234353,12.81
527_Navigator,1234357,25.54
527_Navigator,1234358,17.96
527_Navigator,1234364,13.77
527_Navigator,1234368,26.81
527_Navigator,1234369,16.44
527_Navigator,1234370,20.44
527_Navigator,1234371,30.83
527_Navigator,1234372,41.05
527_Navigator,1234375,37.23
527_Navigator,1234376,29.23
527_Navigator,1234381,39.35
527_Navigator,1234382,30.94
527_Navigator,1234384,43.98
527_Navigator,1234386,32.29
527_Navigator,1234387,29.2
527_Navigator,1234450,42.3
527_Navigator,1235018,34.8
527_Navigator,1235265,69.43
527_Navigator,1235287,47.01
527_Navigator,1235611,99.83
527_Navigator,1235664,330.43
527_Navigator,1235788,166.68
527_Navigator,1236025,32.54
527_Navigator,1236150,50.38
527_Navigator,1236151,33.9
527_Navigator,1236245,30.5
527_Navigator,1236283,30.12
527_Navigator,1236351,55.23
527_Navigator,1236384,76.1
527_Navigator,1236405,111.92
527_Navigator,1236409,2621.8
527_Navigator,1236432,75.71
527_Navigator,1237249,52.25
527_Navigator,1237255,48.75
527_Navigator,1237281,47.56
527_Navigator,1237300,91.25
527_Navigator,1237420,45.19
527_Navigator,1237939,68.21
527_Navigator,1237954,48.51
527_Navigator,1238016,43.31
527_Navigator,1238409,46.32
527_Navigator,1238619,172.79
527_Navigator,1239237,34.93
527_Navigator,1239380,76.85
527_Navigator,1239415,110.88
527_Navigator,1239431,96.6
527_Navigator,1239458,65.83
527_Navigator,1239697,42.17
527_Navigator,1239734,74.54
527_Navigator,1239945,131.09
527_Navigator,1240070,57.99
527_Navigator,1240471,44.1
527_Navigator,1240480,50.14
527_Navigator,1240934,35.61
527_Navigator,1240935,38.68
527_Navigator,1240937,35.44
527_Navigator,1240963,37.88
527_Navigator,1241028,64.39
527_Navigator,1241083,104.55
527_Navigator,1241177,42.33
527_Navigator,1241532,60.25
527_Navigator,1241620,69.37
527_Navigator,1241733,54.85
527_Navigator,1241984,80.01
527_Navigator,1242741,784.37
527_Navigator,1242798,68.43
527_Navigator,1242848,147.94
527_Navigator,1242934,182.07
527_Navigator,1243005,54.48
527_Navigator,1243086,57.4
527_Navigator,1243113,58.38
527_Navigator,1243129,67.04
527_Navigator,1243294,96.7
527_Navigator,1243660,105.82
527_Navigator,1243704,34.89
527_Navigator,1243825,69.37
527_Navigator,1243969,115.29
527_Navigator,1244725,67.93
527_Navigator,1244778,67.94
527_Navigator,1244800,28.89
527_Navigator,1245039,58.5
527_Navigator,1245218,29.1
527_Navigator,1245220,22.87
527_Navigator,1245221,27.62
527_Navigator,1245232,74.29
527_Navigator,1245316,76.77
527_Navigator,1245317,75.48
527_Navigator,1245346,612.34
527_Navigator,1246152,62.39
527_Navigator,1246632,607.67
527_Navigator,1247062,89.23
527_Navigator,1247063,65.96
527_Navigator,1247187,57
527_Navigator,1247509,44.32
527_Navigator,1247565,45.76
527_Navigator,1247743,71.88
527_Navigator,1247762,28.06
527_Navigator,1247763,40.51
527_Navigator,1247900,44.86
527_Navigator,1247930,104.51
527_Navigator,1248032,62.63
527_Navigator,1248076,26.35
527_Navigator,1248321,45.89
527_Navigator,1248409,39.47
527_Navigator,1248454,42.16
527_Navigator,1248480,53.96
527_Navigator,1248764,98.14
527_Navigator,1248837,67.63
527_Navigator,1248955,99.01
527_Navigator,1249975,32.18
527_Navigator,1250758,73.83
527_Navigator,1250883,86.33
527_Navigator,1251265,260.46
527_Navigator,1251319,268.88
527_Navigator,1251625,69.71
527_Navigator,1251971,89.58
527_Navigator,1252099,203.99
527_Navigator,1252554,48.85
527_Navigator,1252556,51.94
527_Navigator,1252932,75.4
527_Navigator,1253475,75.94
527_Navigator,1253560,70.37
527_Navigator,1253809,58.79
527_Navigator,1253814,58.24
527_Navigator,1253854,139.65
527_Navigator,1254039,76.39
527_Navigator,1254800,65.86
527_Navigator,1255178,44.3
527_Navigator,1255210,36.31
527_Navigator,1255566,33.66
527_Navigator,1255725,77.69
527_Navigator,1256082,108.13
527_Navigator,1256321,77.27
527_Navigator,1256364,78.79
527_Navigator,1257108,40.73
527_Navigator,1257268,29.56
527_Navigator,1257437,88.73
527_Navigator,1257704,85.58
527_Navigator,1258149,107.05
527_Navigator,1258258,109.24
527_Navigator,1258438,79.12
527_Navigator,1258492,81.83
527_Navigator,1258571,113.54
527_Navigator,1258596,599.08
527_Navigator,1258605,349.21
527_Navigator,1258606,71.55
527_Navigator,1258608,137.46
527_Navigator,1258625,122.98
527_Navigator,1258664,70.49
527_Navigator,1258939,431.98
527_Navigator,1259067,76.32
527_Navigator,1259381,160.1
527_Navigator,1259440,46.25
527_Navigator,1259543,51.85
527_Navigator,1259588,74.25
527_Navigator,1259893,81.24
527_Navigator,1259905,49.63
527_Navigator,1260001,54.83
527_Navigator,1260436,181.31
527_Navigator,1261093,65.44
527_Navigator,1261377,71.71
527_Navigator,1261823,87.3
527_Navigator,1261864,1188.81
527_Navigator,1261865,563.62
527_Navigator,1262803,62.02
527_Navigator,1263277,59.76
527_Navigator,1263338,242.67
527_Navigator,1263351,248.93
527_Navigator,1263579,74.24
527_Navigator,1263580,41.15
527_Navigator,1263760,85.7
527_Navigator,1263960,52.25
527_Navigator,1264923,92.18
527_Navigator,1265154,49.61
527_Navigator,1265155,49.1
527_Navigator,1265161,31.88
527_Navigator,1265883,103.82
527_Navigator,1265884,79.01
527_Navigator,1266180,125.73
527_Navigator,1266735,44.31
527_Navigator,1266746,64.44
527_Navigator,1267241,55.3
527_Navigator,1267886,65.05
527_Navigator,1268512,222.85
527_Navigator,1268564,66.29
527_Navigator,1268573,46.54
527_Navigator,1268663,64.86
527_Navigator,1268728,38.29
527_Navigator,1269128,525.46
527_Navigator,1269196,92.4
527_Navigator,1269214,66.31
527_Navigator,1269220,94.64
527_Navigator,1269222,40.96
527_Navigator,1269362,80.4
527_Navigator,1269720,83.35
527_Navigator,1269788,40.02
527_Navigator,1269834,46.88
527_Navigator,1270152,511.78
527_Navigator,1270324,26.79
527_Navigator,1270409,35.67
527_Navigator,1270436,43.85
527_Navigator,1270535,33.04
527_Navigator,1270841,56.99
527_Navigator,1270996,44.68
527_Navigator,1271100,74.24
527_Navigator,1271123,42.05
527_Navigator,1271233,67.94
527_Navigator,1271718,26.92
527_Navigator,1272033,128.02
527_Navigator,1272148,146.62
527_Navigator,1272346,86.35
527_Navigator,1272417,77.27
527_Navigator,1272522,106.24
527_Navigator,1272808,60.15
527_Navigator,1272964,38.62
527_Navigator,1273073,70.32
527_Navigator,1273154,89.31
527_Navigator,1273278,169.02
527_Navigator,1273341,71.4
527_Navigator,1273440,63.17
527_Navigator,1273504,570.18
527_Navigator,1273661,563.62
527_Navigator,1273899,17.67
527_Navigator,1273902,17.75
527_Navigator,1274628,73.41
527_Navigator,1274793,54.21
527_Navigator,1274807,71.12
527_Navigator,1275399,79.05
527_Navigator,1275546,69.16
527_Navigator,1275887,62.77
527_Navigator,1276002,95.33
527_Navigator,1276698,60.76
527_Navigator,1276699,60.08
527_Navigator,1276727,89.61
527_Navigator,1276728,102.33
527_Navigator,1276729,100.74
527_Navigator,1276788,40.96
527_Navigator,1276953,61.79
527_Navigator,1277697,36.33
527_Navigator,1278471,35.69
527_Navigator,1278847,43.89
527_Navigator,1278851,289.76
527_Navigator,1279016,54.83
527_Navigator,1279017,54.83
527_Navigator,1279128,37.23
527_Navigator,1279600,123.15
527_Navigator,1279764,49.28
527_Navigator,1280517,27.35
527_Navigator,1282408,35.35
527_Navigator,1282414,29.67
527_Navigator,1282418,29.67
527_Navigator,1282419,49.51
527_Navigator,1282421,49.51
527_Navigator,1282422,49.51
527_Navigator,1282425,49.51
527_Navigator,1282435,73.18
527_Navigator,1282436,39.76
527_Navigator,1282437,76.51
527_Navigator,1282537,54.74
527_Navigator,1283001,78.02
527_Navigator,1283015,37.37
527_Navigator,1283206,66.77
527_Navigator,1283207,46.77
527_Navigator,1283209,46.77
527_Navigator,1283336,6.79
527_Navigator,1283337,27.28
527_Navigator,1283338,27.28
527_Navigator,1283339,27.28
527_Navigator,1283341,55.12
527_Navigator,1283342,6.79
527_Navigator,1283343,61.59
527_Navigator,1283344,49.94
527_Navigator,1283345,48.9
527_Navigator,1283346,51.77
527_Navigator,1283347,43.17
527_Navigator,1283348,43.17
527_Navigator,1283349,64.45
527_Navigator,1283350,56.04
527_Navigator,1283715,60.8
527_Navigator,1283776,23.5
527_Navigator,1284061,167.12
527_Navigator,1285014,77.7
527_Navigator,1285121,538.93
527_Navigator,1285161,45.64
527_Navigator,1285162,51.45
527_Navigator,1285440,120.21
527_Navigator,1285584,40.84
527_Navigator,1285585,40.84
527_Navigator,1285587,42.94
527_Navigator,1285786,33.18
527_Navigator,1285798,33.18
527_Navigator,1286621,50.22
527_Navigator,1287162,66.12
527_Navigator,1287305,126.11
527_Navigator,1287317,87.8
527_Navigator,1287319,22.05
527_Navigator,1287508,127.2
527_Navigator,1287528,21.48
527_Navigator,1287642,99.12
527_Navigator,1287822,115.2
527_Navigator,1288177,135.85
527_Navigator,1288284,259.26
527_Navigator,1288521,98.75
527_Navigator,1289119,65.46
527_Navigator,1289219,525.22
527_Navigator,1289387,75.43
527_Navigator,1289469,91.33
527_Navigator,1289825,77.27
527_Navigator,1289826,77.27
527_Navigator,1290569,87.67
527_Navigator,1290577,15.95
527_Navigator,1290849,32.15
527_Navigator,1291081,44.55
527_Navigator,1291517,64.79
527_Navigator,1291742,48.35
527_Navigator,1291756,51.84
527_Navigator,1292867,24.76
527_Navigator,1293300,38.05
527_Navigator,1293424,65.36
527_Navigator,1293581,47.93
527_Navigator,1293793,24.85
527_Navigator,1293796,24.62
527_Navigator,1294639,67.12
527_Navigator,1294711,107.55
527_Navigator,1294712,99.3
527_Navigator,1294713,100.97
527_Navigator,1294714,122.17
527_Navigator,1294715,109.9
527_Navigator,1295045,14
527_Navigator,1295046,21.11
527_Navigator,1295333,51.95
527_Navigator,1295338,51.95
527_Navigator,1295898,15.76
527_Navigator,1295991,20.68
527_Navigator,1296016,197.43
527_Navigator,1296017,190.66
527_Navigator,1296018,127.66
527_Navigator,1296019,134.14
527_Navigator,1296020,127.66
527_Navigator,1296021,127.66
527_Navigator,1296022,124.03
527_Navigator,1296023,164.85
527_Navigator,1296026,17.27
527_Navigator,1296028,13.2
527_Navigator,1296119,51.3
527_Navigator,1296122,53.79
527_Navigator,1296486,27.94
527_Navigator,1296497,52.14
527_Navigator,1296593,56.5
527_Navigator,1297553,39.57
527_Navigator,1297555,39.57
527_Navigator,1297558,39.57
527_Navigator,1297614,174.24
527_Navigator,1297870,14.29
527_Navigator,1297871,13.48
527_Navigator,1299029,46.15
527_Navigator,1299438,24.75
527_Navigator,1300064,66.54
527_Navigator,1300073,67.74
527_Navigator,1300339,24.88
527_Navigator,1300342,52.04
527_Navigator,1300648,13.36
527_Navigator,1300895,604.62
527_Navigator,1301484,11.44
527_Navigator,1302076,38.88
527_Navigator,1302320,8.63
527_Navigator,1302778,33.13
527_Navigator,1302823,1119.32
527_Navigator,1302825,1256.4
527_Navigator,1302845,80.77
527_Navigator,1303126,65.35
527_Navigator,1303473,82.32
527_Navigator,1303497,37.74
527_Navigator,1303502,56.95
527_Navigator,1303622,60.64
527_Navigator,1303623,64.25
527_Navigator,1304054,335.18
527_Navigator,1304432,1272.59
527_Navigator,1304578,71.54
527_Navigator,1304579,37.74
527_Navigator,1305085,86.86
527_Navigator,1305300,58.02
527_Navigator,1305724,45.51
527_Navigator,1305851,59.8
527_Navigator,1305991,52.5
527_Navigator,1306704,41.89
527_Navigator,1306705,62.14
527_Navigator,1307236,78.29
527_Navigator,1307429,427.47
527_Navigator,1307634,78.07
527_Navigator,1307881,45.51
527_Navigator,1308620,2127.52
527_Navigator,1309238,34.5
527_Navigator,1309356,53.56
527_Navigator,1309566,140.24
527_Navigator,1309567,56.2
527_Navigator,1310321,41
527_Navigator,1310709,1851.41
527_Navigator,1311255,54.63
527_Navigator,1311336,29.84
527_Navigator,1311584,42.35
527_Navigator,1312213,35.69
527_Navigator,1312305,27.22
527_Navigator,1312328,1315.77
527_Navigator,1312329,1315.77
527_Navigator,1312553,121.72
527_Navigator,1312590,101.66
527_Navigator,1313003,52.02
527_Navigator,1313047,1.19
527_Navigator,1313165,329.11
527_Navigator,1313166,365.32
527_Navigator,1313167,381.51
527_Navigator,1313168,381.51
527_Navigator,1313169,381.51
527_Navigator,1313376,36.27
527_Navigator,1313696,140.24
527_Navigator,1313795,57.62
527_Navigator,1313968,346.03
527_Navigator,1314062,38.37
527_Navigator,1314063,35.44
527_Navigator,1314182,82.35
527_Navigator,1314224,36.28
527_Navigator,1314265,50.43
527_Navigator,1314356,1315.77
527_Navigator,1314523,140.24
527_Navigator,1314565,56.08
527_Navigator,1314568,140.24
527_Navigator,1314954,60.48
527_Navigator,1315081,6.52
527_Navigator,1315235,139.04
527_Navigator,1315369,29.6
527_Navigator,1315400,216.79
527_Navigator,1315423,204.75
527_Navigator,1315516,44.07
527_Navigator,1315529,68.6
527_Navigator,1315858,66.73
527_Navigator,1316323,46.62
527_Navigator,1316653,173.61
527_Navigator,1316655,62.93
527_Navigator,1316656,75.01
527_Navigator,1316657,59.02
527_Navigator,1317643,35.56
527_Navigator,1317668,111.51
527_Navigator,1317670,105.15
527_Navigator,1317674,141.61
527_Navigator,1317768,997.35
527_Navigator,1317770,61.82
527_Navigator,1317839,580.2
527_Navigator,1318640,47.07
527_Navigator,1318960,466.06
527_Navigator,1319818,880.93
527_Navigator,1320587,63.99
527_Navigator,1320670,119.68
527_Navigator,1320747,18.54
527_Navigator,1320881,56.99
527_Navigator,1321510,72.21
527_Navigator,1321741,63.04
527_Navigator,1321786,137.77
527_Navigator,1322125,74.39
527_Navigator,1322517,884.01
527_Navigator,1322601,80.55
527_Navigator,1322689,100.11
527_Navigator,1324051,6.69
527_Navigator,1324389,216.79
527_Navigator,1324447,55.54
527_Navigator,1325522,41.59
527_Navigator,1326382,62.85
527_Navigator,1326620,33.18
527_Navigator,1326652,39.8
527_Navigator,1326657,33.13
527_Navigator,1326658,33.13
527_Navigator,1327411,264.22
527_Navigator,1327505,204.75
527_Navigator,1328062,52.71
527_Navigator,1328351,60.12
527_Navigator,1328422,427.21
527_Navigator,1328839,101
527_Navigator,1328923,139.57
527_Navigator,1328961,81.79
527_Navigator,1328963,40.68
527_Navigator,1329037,152.44
527_Navigator,1329139,112.27
527_Navigator,1329166,73.46
527_Navigator,1329760,51.2
527_Navigator,1329980,61.76
527_Navigator,1329984,58.17
527_Navigator,1330316,375.66
527_Navigator,1330836,64.57
527_Navigator,1330876,34.89
527_Navigator,1331497,127.43
527_Navigator,1331998,16.45
527_Navigator,1332001,94.73
527_Navigator,1332354,32.57
527_Navigator,1332452,47.83
527_Navigator,1332453,54.11
527_Navigator,1332459,44.74
527_Navigator,1332460,166.69
527_Navigator,1332626,74.56
527_Navigator,1332717,74.1
527_Navigator,1333641,232.41
527_Navigator,1333996,68.32
527_Navigator,1334187,68.64
527_Navigator,1334791,152.12
527_Navigator,1335721,1017.86
527_Navigator,1335778,58.08
527_Navigator,1335990,46.81
527_Navigator,1335995,107.4
527_Navigator,1335996,52.63
527_Navigator,1335997,48.04
527_Navigator,1335999,80.32
527_Navigator,1336001,96.62
527_Navigator,1336011,87.57
527_Navigator,1336834,38.32
527_Navigator,1337298,48.6
527_Navigator,1337301,62.14
527_Navigator,1337994,20.17
527_Navigator,1338141,38.17
527_Navigator,1338442,95.15
527_Navigator,1338490,53.16
527_Navigator,1338612,81.28
527_Navigator,1338753,62.13
527_Navigator,1338990,50.21
527_Navigator,1338991,49.08
527_Navigator,1338992,62.58
527_Navigator,1338994,71.68
527_Navigator,1338995,64.3
527_Navigator,1339730,48.73
527_Navigator,1340498,33.01
527_Navigator,1340940,54.8
527_Navigator,1340967,79.19
527_Navigator,1341001,84.89
527_Navigator,1341308,104.12
527_Navigator,1342335,19.1
527_Navigator,1342337,18.99
527_Navigator,1342397,95.49
527_Navigator,1342398,414.23
527_Navigator,1342661,266.2
527_Navigator,1343148,121.11
527_Navigator,1343669,35.58
527_Navigator,1344855,55.82
527_Navigator,1345141,60.95
527_Navigator,1345687,26.45
527_Navigator,1345935,20.39
527_Navigator,1346076,125.36
527_Navigator,1346786,79.75
527_Navigator,1346805,281.35
527_Navigator,1347045,29.78
527_Navigator,1347174,121.79
527_Navigator,1347627,47.24
527_Navigator,1347629,137.57
527_Navigator,1347630,38.28
527_Navigator,1347984,32.71
527_Navigator,1348343,148.92
527_Navigator,1348483,42.35
527_Navigator,1348901,287.77
527_Navigator,1350315,657.64
527_Navigator,1350366,121.72
527_Navigator,1350383,59.26
527_Navigator,1350384,64.75
527_Navigator,1350833,48.98
527_Navigator,1350838,84.9
527_Navigator,1350988,85.37
527_Navigator,1351644,68.92
527_Navigator,1351712,89.62
527_Navigator,1351713,84.9
527_Navigator,1351714,74.54
527_Navigator,1351715,74.54
527_Navigator,1351716,65.1
527_Navigator,1351717,71.35
527_Navigator,1351718,67.89
527_Navigator,1351807,85.37
527_Navigator,1351833,38.88
527_Navigator,1352175,412.43
527_Navigator,1352462,85.37
527_Navigator,1353025,103.3
527_Navigator,1353027,92.5
527_Navigator,1353096,556.81
527_Navigator,1353550,65.06
527_Navigator,1353568,109.9
527_Navigator,1353569,147.35
527_Navigator,1353586,39.49
527_Navigator,1353604,53.2
527_Navigator,1353618,114.58
527_Navigator,1353620,78.88
527_Navigator,1353631,1386.95
527_Navigator,1354301,370.77
527_Navigator,1354381,90.77
527_Navigator,1354829,22.27
527_Navigator,1355215,92.21
527_Navigator,1356392,54.98
527_Navigator,1356393,54.11
527_Navigator,1356428,46.79
527_Navigator,1356429,142.74
527_Navigator,1356856,67.14
527_Navigator,1357516,1450.08
527_Navigator,1357650,65.06
527_Navigator,1357670,128.44
527_Navigator,1358086,121.27
527_Navigator,1358274,35.4
527_Navigator,1358716,147.44
527_Navigator,1359055,33.32
527_Navigator,1359605,44.26
527_Navigator,1359636,185.96
527_Navigator,1359703,90.5
527_Navigator,1360461,45.18
527_Navigator,1360626,79.31
527_Navigator,1361241,109.9
527_Navigator,1361333,154.74
527_Navigator,1361585,82.85
527_Navigator,1362197,45.17
527_Navigator,1362237,404.54
527_Navigator,1362434,42.67
527_Navigator,1362837,65.85
527_Navigator,1362838,59.68
527_Navigator,1363348,121.27
527_Navigator,1363472,990.87
527_Navigator,1363817,85.71
527_Navigator,1363857,26.25
527_Navigator,1363885,47.01
527_Navigator,1364033,34.07
527_Navigator,1364220,63.47
527_Navigator,1364473,115.45
527_Navigator,1364952,49.32
527_Navigator,1365293,42.67
527_Navigator,1365671,19.33
527_Navigator,1365977,142.74
527_Navigator,1366198,51.67
527_Navigator,1367358,45.23
527_Navigator,1368205,89.94
527_Navigator,1369485,55.05
527_Navigator,1370444,27.89
527_Navigator,1370602,53.24
527_Navigator,1370929,72.17
527_Navigator,1371019,42.52
527_Navigator,1371939,52.8
527_Navigator,1372413,95.71
527_Navigator,1373362,65.62
527_Navigator,1373646,47.52
527_Navigator,1373996,145.01
527_Navigator,1374219,184.03
527_Navigator,1374953,64.93
527_Navigator,1375430,561.51
527_Navigator,1375495,1178.61
527_Navigator,1376265,260.47
527_Navigator,1376267,184.47
527_Navigator,1376291,228.93
527_Navigator,1376321,118.82
527_Navigator,1376374,61.64
527_Navigator,1377141,31.24
527_Navigator,1377142,64.24
527_Navigator,1377143,61.09
527_Navigator,1378036,77.01
527_Navigator,1379017,58.55
527_Navigator,1379027,49.26
527_Navigator,1379335,289.39
527_Navigator,1379744,45.77
527_Navigator,1382550,666.18
527_Navigator,1383393,44.35
527_Navigator,1383640,40.48
527_Navigator,1383720,63.29
527_Navigator,1383740,65.68
527_Navigator,1383782,53.69
527_Navigator,1384203,72.14
527_Navigator,1384867,97.61
527_Navigator,1384903,64.1
527_Navigator,1385386,36.11
527_Navigator,1385671,36.11
527_Navigator,1386484,61.57
527_Navigator,1386959,45.18
527_Navigator,1388372,53.02
527_Navigator,1388768,45.69
527_Navigator,1389128,47.87
527_Navigator,1389493,59.76
527_Navigator,1390347,95.68
527_Navigator,1390359,84.48
527_Navigator,1393069,64.18
527_Navigator,1393749,506.93
527_Navigator,1393807,389.1
527_Navigator,1396995,123.18
527_Navigator,1397577,45.7
527_Navigator,1000149,26.82
527_Navigator,1000150,25.35
527_Navigator,1000152,33.38
527_Navigator,1000153,30.15
527_Navigator,1000154,31.43
527_Navigator,1000156,22.96
527_Navigator,1000157,27.64
527_Navigator,1001729,26.61
527_Navigator,1001730,35.17
527_Navigator,1001756,26.61
527_Navigator,1001786,34.8
527_Navigator,1001814,28.93
527_Navigator,1002012,24.4
527_Navigator,1002017,31.58
527_Navigator,1002019,31.43
527_Navigator,1002499,18.19
527_Navigator,1002513,25.02
527_Navigator,1003172,42.77
527_Navigator,1003277,41.85
527_Navigator,1003979,114.06
527_Navigator,1004054,114.06
527_Navigator,1004122,57.02
527_Navigator,1004778,50.77
527_Navigator,1005147,97.12
527_Navigator,1005210,51.88
527_Navigator,1005211,67.45
527_Navigator,1005490,138.92
527_Navigator,1005905,107
527_Navigator,1005906,134.89
527_Navigator,1006265,110.44
527_Navigator,1006320,44.93
527_Navigator,1007758,34.75
527_Navigator,1007770,34.75
527_Navigator,1007771,34.75
527_Navigator,1007774,34.75
527_Navigator,1008667,66.88
527_Navigator,1008694,118.38
527_Navigator,1008800,41.82
527_Navigator,1008801,41.82
527_Navigator,1008802,41.82
527_Navigator,1010199,134.88
527_Navigator,1010698,55.48
527_Navigator,1010708,49.92
527_Navigator,1010709,47.43
527_Navigator,1010718,33.65
527_Navigator,1010760,29.75
527_Navigator,1010890,84.46
527_Navigator,1010946,134.19
527_Navigator,1010953,74.51
527_Navigator,1010981,96.52
527_Navigator,1010991,65.57
527_Navigator,1011020,110.92
527_Navigator,1011072,80.71
527_Navigator,1011073,96.52
527_Navigator,1011074,110.92
527_Navigator,1011078,48.15
527_Navigator,1011079,37.15
527_Navigator,1011086,47.54
527_Navigator,1011177,42.74
527_Navigator,1011204,96.52
527_Navigator,1011282,110.92
527_Navigator,1011397,94.82
527_Navigator,1011469,96.2
527_Navigator,1011928,86.5
527_Navigator,1011979,83.71
527_Navigator,1012343,55.56
527_Navigator,1012421,18.19
527_Navigator,1012986,101.5
527_Navigator,1012987,78.13
527_Navigator,1012991,124.13
527_Navigator,1013037,93.13
527_Navigator,1013087,119.88
527_Navigator,1013090,87.51
527_Navigator,1013095,49.56
527_Navigator,1013133,110.65
527_Navigator,1013146,59.49
527_Navigator,1013159,107
527_Navigator,1013160,126.46
527_Navigator,1013165,98.52
527_Navigator,1013174,69.68
527_Navigator,1013183,59.61
527_Navigator,1013191,59.42
527_Navigator,1013211,59.95
527_Navigator,1013212,94.42
527_Navigator,1013216,86.2
527_Navigator,1013223,92.23
527_Navigator,1013251,89.86
527_Navigator,1013252,100.74
527_Navigator,1013273,80.74
527_Navigator,1013276,46.69
527_Navigator,1013324,49.24
527_Navigator,1013340,59.24
527_Navigator,1013372,76.21
527_Navigator,1013514,46.08
527_Navigator,1013532,94.46
527_Navigator,1013542,112.05
527_Navigator,1013546,76.37
527_Navigator,1013550,61.55
527_Navigator,1013558,42.71
527_Navigator,1013576,64.82
527_Navigator,1013588,46.89
527_Navigator,1013591,109.01
527_Navigator,1013593,196.44
527_Navigator,1013607,46.13
527_Navigator,1013610,48.21
527_Navigator,1013626,66.3
527_Navigator,1013627,57.6
527_Navigator,1013629,71.25
527_Navigator,1013630,64.18
527_Navigator,1013634,50
527_Navigator,1013645,163.45
527_Navigator,1013650,177.98
527_Navigator,1013659,75.23
527_Navigator,1013661,87.12
527_Navigator,1013665,63.01
527_Navigator,1013678,83.54
527_Navigator,1013696,118.6
527_Navigator,1013698,75.23
527_Navigator,1013709,94.11
527_Navigator,1013715,150.64
527_Navigator,1013716,81.9
527_Navigator,1013915,58.61
527_Navigator,1013916,59.26
527_Navigator,1013917,83.24
527_Navigator,1013919,53.69
527_Navigator,1013921,74.25
527_Navigator,1013928,88.13
527_Navigator,1013930,41.17
527_Navigator,1013931,84.64
527_Navigator,1013933,41.12
527_Navigator,1013941,45.38
527_Navigator,1013976,65.29
527_Navigator,1013977,67.07
527_Navigator,1013984,150.25
527_Navigator,1013986,79.21
527_Navigator,1013987,75.32
527_Navigator,1013996,46.94
527_Navigator,1014014,71.13
527_Navigator,1014018,82.83
527_Navigator,1014075,94.56
527_Navigator,1014595,45.65
527_Navigator,1014597,47.69
527_Navigator,1014602,93.18
527_Navigator,1014603,45.55
527_Navigator,1014610,56.11
527_Navigator,1014623,59.63
527_Navigator,1014625,75.61
527_Navigator,1014626,29.79
527_Navigator,1014629,46.2
527_Navigator,1014632,60.13
527_Navigator,1014663,29.75
527_Navigator,1014665,58.21
527_Navigator,1014696,58.14
527_Navigator,1014705,45.42
527_Navigator,1014707,64.39
527_Navigator,1014724,30.85
527_Navigator,1014727,44
527_Navigator,1014735,31.51
527_Navigator,1014898,79.08
527_Navigator,1014936,34.98
527_Navigator,1014959,113.21
527_Navigator,1014965,39.88
527_Navigator,1014966,29.87
527_Navigator,1014989,36.19
527_Navigator,1014990,58.24
527_Navigator,1014991,62.52
527_Navigator,1014999,38.04
527_Navigator,1015010,155.74
527_Navigator,1015017,38.4
527_Navigator,1015019,37.9
527_Navigator,1015031,53.65
527_Navigator,1015041,38.54
527_Navigator,1015050,67.49
527_Navigator,1015071,60.68
527_Navigator,1015077,60.02
527_Navigator,1015096,66.73
527_Navigator,1015134,78.99
527_Navigator,1015186,23.07
527_Navigator,1015203,28.77
527_Navigator,1015207,41.15
527_Navigator,1015225,38.05
527_Navigator,1015234,42
527_Navigator,1015335,42.74
527_Navigator,1015440,82.87
527_Navigator,1016370,60.14
527_Navigator,1016371,77.57
527_Navigator,1016372,102.87
527_Navigator,1016373,62.38
527_Navigator,1016374,61.02
527_Navigator,1016375,74.18
527_Navigator,1016691,23.08
527_Navigator,1016697,29.7
527_Navigator,1016709,27.2
527_Navigator,1016714,33.35
527_Navigator,1016716,52.55
527_Navigator,1016724,56.63
527_Navigator,1016727,68.35
527_Navigator,1016729,43.98
527_Navigator,1016749,22.95
527_Navigator,1016752,26.32
527_Navigator,1016756,40.8
527_Navigator,1016759,16.51
527_Navigator,1016761,36.48
527_Navigator,1016771,48.39
527_Navigator,1016802,49.14
527_Navigator,1016927,60.69
527_Navigator,1016950,93.44
527_Navigator,1016952,38.5
527_Navigator,1016990,105.79
527_Navigator,1017048,70.8
527_Navigator,1017049,44.07
527_Navigator,1017050,78.75
527_Navigator,1017068,68.04
527_Navigator,1017159,89.33
527_Navigator,1017172,89.4
527_Navigator,1017212,116.33
527_Navigator,1017220,97.14
527_Navigator,1017302,57.37
527_Navigator,1017313,92.49
527_Navigator,1017314,49.15
527_Navigator,1017318,55.38
527_Navigator,1017324,29.67
527_Navigator,1017332,20.65
527_Navigator,1017355,78.75
527_Navigator,1017392,70.82
527_Navigator,1017395,55.76
527_Navigator,1017401,70.82
527_Navigator,1017414,68.04
527_Navigator,1017428,25.58
527_Navigator,1017429,18.61
527_Navigator,1017430,41.02
527_Navigator,1017431,32.99
527_Navigator,1017434,25.58
527_Navigator,1017485,55.83
527_Navigator,1017486,58.24
527_Navigator,1017487,58.24
527_Navigator,1017488,86.99
527_Navigator,1017489,89.92
527_Navigator,1017490,89.9
527_Navigator,1017491,104
527_Navigator,1017492,107.48
527_Navigator,1017493,107.48
527_Navigator,1017494,106.05
527_Navigator,1017495,102.75
527_Navigator,1017496,102.75
527_Navigator,1017497,51.68
527_Navigator,1017498,54.43
527_Navigator,1017499,53.7
527_Navigator,1017500,54.4
527_Navigator,1017504,64.25
527_Navigator,1017508,63.92
527_Navigator,1017511,49.73
527_Navigator,1017514,51.3
527_Navigator,1017517,53.57
527_Navigator,1017520,81.11
527_Navigator,1017522,96.76
527_Navigator,1017523,99.88
527_Navigator,1017525,74.77
527_Navigator,1017556,29.67
527_Navigator,1017560,55.39
527_Navigator,1017561,55.38
527_Navigator,1017563,48.98
527_Navigator,1017592,60.69
527_Navigator,1017593,93.42
527_Navigator,1017594,89.4
527_Navigator,1017595,105.86
527_Navigator,1017675,41.04
527_Navigator,1017676,31.01
527_Navigator,1017695,108.01
527_Navigator,1017888,25.52
527_Navigator,1018173,60.26
527_Navigator,1019098,89.86
527_Navigator,1019112,72.45
527_Navigator,1019122,50.9
527_Navigator,1019133,71.99
527_Navigator,1019323,63.88
527_Navigator,1019324,42.88
527_Navigator,1019394,83.6
527_Navigator,1019460,28
527_Navigator,1019579,16.2
527_Navigator,1019581,25.46
527_Navigator,1019582,33.62
527_Navigator,1019589,16.2
527_Navigator,1021058,24.56
527_Navigator,1021069,29.4
527_Navigator,1021070,26.36
527_Navigator,1021071,28.08
527_Navigator,1021072,16.44
527_Navigator,1021073,22.8
527_Navigator,1021074,22.37
527_Navigator,1021075,20.64
527_Navigator,1021167,21.26
527_Navigator,1021211,30.93
527_Navigator,1021219,31.99
527_Navigator,1021244,71.96
527_Navigator,1021245,77.81
527_Navigator,1021301,52.62
527_Navigator,1021324,95.37
527_Navigator,1021349,44.55
527_Navigator,1021350,44.74
527_Navigator,1021360,44.55
527_Navigator,1021376,73.13
527_Navigator,1021384,85.14
527_Navigator,1021406,44.81
527_Navigator,1021604,67.73
527_Navigator,1021606,26.49
527_Navigator,1021634,20.98
527_Navigator,1021639,31.39
527_Navigator,1021655,72.04
527_Navigator,1021660,62.64
527_Navigator,1021661,99.19
527_Navigator,1021831,55.95
527_Navigator,1021925,55.96
527_Navigator,1022240,22.87
527_Navigator,1022302,20.05
527_Navigator,1022303,35.64
527_Navigator,1022304,43.19
527_Navigator,1022348,29.46
527_Navigator,1030613,39.33
527_Navigator,1030759,40.36
527_Navigator,1030761,40.48
527_Navigator,1030793,39.51
527_Navigator,1030794,39.51
527_Navigator,1030917,39.51
527_Navigator,1030974,30.21
527_Navigator,1031194,61.83
527_Navigator,1031195,61.81
527_Navigator,1031196,61.82
527_Navigator,1031255,48.69
527_Navigator,1031256,48.69
527_Navigator,1031257,48.69
527_Navigator,1031265,33.04
527_Navigator,1031266,33.25
527_Navigator,1031281,61.15
527_Navigator,1031286,14.29
527_Navigator,1031287,14.29
527_Navigator,1031305,26.68
527_Navigator,1031316,24.93
527_Navigator,1031318,24.64
527_Navigator,1031319,25.99
527_Navigator,1031321,24.93
527_Navigator,1031322,24.64
527_Navigator,1031323,25.43
527_Navigator,1031324,25.77
527_Navigator,1031343,33.57
527_Navigator,1031344,35.81
527_Navigator,1031348,33.57
527_Navigator,1031353,33.5
527_Navigator,1031361,25.7
527_Navigator,1031383,26.36
527_Navigator,1031390,24.45
527_Navigator,1031424,26.29
527_Navigator,1031488,46.67
527_Navigator,1031491,46.88
527_Navigator,1031611,46.88
527_Navigator,1031686,60.62
527_Navigator,1031687,63.25
527_Navigator,1031688,62.93
527_Navigator,1031689,63.58
527_Navigator,1032227,27.6
527_Navigator,1032247,23.63
527_Navigator,1032256,33.04
527_Navigator,1032261,27.76
527_Navigator,1032263,27.58
527_Navigator,1032301,28.08
527_Navigator,1032302,27.77
527_Navigator,1032814,60.29
527_Navigator,1033097,45.18
527_Navigator,1033136,60.21
527_Navigator,1033191,58.7
527_Navigator,1033359,67.58
527_Navigator,1033361,66.92
527_Navigator,1033369,67.55
527_Navigator,1033375,21.71
527_Navigator,1033384,14.86
527_Navigator,1033386,60.54
527_Navigator,1033388,21.01
527_Navigator,1033393,100.75
527_Navigator,1033424,21.8
527_Navigator,1033426,21.8
527_Navigator,1033433,21.01
527_Navigator,1033435,26.6
527_Navigator,1040458,53.83
527_Navigator,1040522,66.67
527_Navigator,1040582,90.33
527_Navigator,1040666,66.73
527_Navigator,1040670,54.13
527_Navigator,1040687,57.52
527_Navigator,1040689,62.83
527_Navigator,1040691,78.5
527_Navigator,1040704,95.75
527_Navigator,1040757,33.33
527_Navigator,1040811,132.98
527_Navigator,1040859,50.3
527_Navigator,1040944,45.99
527_Navigator,1040951,38.3
527_Navigator,1040953,61.95
527_Navigator,1041024,40.96
527_Navigator,1041091,101.05
527_Navigator,1041119,75.46
527_Navigator,1041138,51.07
527_Navigator,1044150,43.21
527_Navigator,1049806,38.5
527_Navigator,1050790,12.13
527_Navigator,1050805,19.94
527_Navigator,1050806,19.94
527_Navigator,1050813,19.75
527_Navigator,1050814,23.61
527_Navigator,1050826,30.77
527_Navigator,1050836,35.06
527_Navigator,1050837,25.57
527_Navigator,1050839,25.6
527_Navigator,1050841,19.89
527_Navigator,1050842,16.93
527_Navigator,1050846,21.36
527_Navigator,1050849,16.67
527_Navigator,1050850,16.68
527_Navigator,1050858,22.99
527_Navigator,1054399,40.95
527_Navigator,1054712,52.39
527_Navigator,1054756,26.05
527_Navigator,1054757,40.48
527_Navigator,1054769,70.04
527_Navigator,1054770,20.8
527_Navigator,1054771,52.77
527_Navigator,1054772,52.52
527_Navigator,1054774,51.86
527_Navigator,1054775,60.83
527_Navigator,1054815,41.19
527_Navigator,1054819,58.05
527_Navigator,1054948,25.11
527_Navigator,1054985,25.51
527_Navigator,1054991,36.85
527_Navigator,1055031,40.48
527_Navigator,1055036,26.05
527_Navigator,1055044,44.44
527_Navigator,1055516,28.13
527_Navigator,1055542,42.42
527_Navigator,1055681,22.35
527_Navigator,1055684,32.04
527_Navigator,1055687,38.37
527_Navigator,1055713,15.62
527_Navigator,1055716,22.99
527_Navigator,1055724,26.24
527_Navigator,1055731,33.76
527_Navigator,1055732,20.77
527_Navigator,1055733,14.88
527_Navigator,1055734,16.02
527_Navigator,1055737,24.74
527_Navigator,1055738,26.6
527_Navigator,1055742,25.55
527_Navigator,1055749,39.15
527_Navigator,1055756,36.4
527_Navigator,1055757,32.87
527_Navigator,1055762,30.64
527_Navigator,1055763,39.37
527_Navigator,1055764,51.33
527_Navigator,1055765,22.01
527_Navigator,1055767,33.83
527_Navigator,1055768,37.46
527_Navigator,1055771,23.07
527_Navigator,1055773,25.57
527_Navigator,1055775,28.93
527_Navigator,1055776,17.39
527_Navigator,1055777,19.26
527_Navigator,1055778,33.35
527_Navigator,1055783,42.85
527_Navigator,1056008,21.63
527_Navigator,1056019,29.3
527_Navigator,1056413,29.14
527_Navigator,1056448,34.63
527_Navigator,1056468,26.14
527_Navigator,1056477,34
527_Navigator,1056889,24.82
527_Navigator,1057040,27.43
527_Navigator,1057045,32.68
527_Navigator,1057048,30.15
527_Navigator,1057142,27.74
527_Navigator,1057152,33.75
527_Navigator,1057181,24.4
527_Navigator,1057195,33.74
527_Navigator,1057214,21.4
527_Navigator,1057290,32.89
527_Navigator,1057332,29.63
527_Navigator,1057360,26.79
527_Navigator,1057487,20.48
527_Navigator,1057497,26.83
527_Navigator,1057508,32.46
527_Navigator,1057512,35.26
527_Navigator,1057514,35.26
527_Navigator,1057516,22.13
527_Navigator,1057521,35.17
527_Navigator,1057525,33.58
527_Navigator,1057527,29.29
527_Navigator,1057531,31.27
527_Navigator,1057536,34.8
527_Navigator,1057537,23.93
527_Navigator,1057539,36.07
527_Navigator,1057545,23.56
527_Navigator,1057555,33.38
527_Navigator,1057577,25.17
527_Navigator,1057581,29.29
527_Navigator,1057587,33.57
527_Navigator,1057665,18.19
527_Navigator,1115877,66.37
527_Navigator,1116039,31.81
527_Navigator,1116040,31.81
527_Navigator,1116041,43.92
527_Navigator,1116055,31.81
527_Navigator,1116150,47.37
527_Navigator,1116156,58.49
527_Navigator,1124030,30.19
527_Navigator,1124031,30.2
527_Navigator,1124111,59.5
527_Navigator,1124955,47.37
527_Navigator,1125059,108.68
527_Navigator,1125102,72.89
527_Navigator,1125103,77.82
527_Navigator,1125231,26.14
527_Navigator,1125232,26.14
527_Navigator,1125233,61.69
527_Navigator,1125234,26.14
527_Navigator,1125235,39.74
527_Navigator,1125327,39.75
527_Navigator,1125328,30.56
527_Navigator,1125329,30.56
527_Navigator,1125331,66.31
527_Navigator,1137674,53.62
527_Navigator,1139664,61.56
527_Navigator,1141003,86.75
527_Navigator,1141584,20.82
527_Navigator,1142029,30
527_Navigator,1142749,21.8
527_Navigator,1144010,28.39
527_Navigator,1144538,24
527_Navigator,1144539,24
527_Navigator,1144541,33.39
527_Navigator,1144544,33.39
527_Navigator,1144665,24.92
527_Navigator,1145026,23.48
527_Navigator,1145218,25.92
527_Navigator,1145245,36.07
527_Navigator,1145754,22.54
527_Navigator,1145826,17.4
527_Navigator,1145880,22.26
527_Navigator,1145882,54.26
527_Navigator,1145885,20.2
527_Navigator,1145888,33.39
527_Navigator,1145889,44.67
527_Navigator,1145890,27.88
527_Navigator,1145891,37.19
527_Navigator,1146227,20.13
527_Navigator,1146258,30.33
527_Navigator,1146527,23.83
527_Navigator,1146530,24.85
527_Navigator,1146554,27.08
527_Navigator,1146894,29.73
527_Navigator,1147045,23.83
527_Navigator,1147247,77.81
527_Navigator,1147281,35.18
527_Navigator,1147749,23.17
527_Navigator,1148274,34.9
527_Navigator,1148699,33.68
527_Navigator,1148837,26.25
527_Navigator,1149106,74.02
527_Navigator,1149336,41.96
527_Navigator,1150416,61.82
527_Navigator,1150827,42.81
527_Navigator,1153567,27.04
527_Navigator,1153569,30.27
527_Navigator,1153591,37.08
527_Navigator,1153593,15.46
527_Navigator,1153594,16.12
527_Navigator,1153601,28.74
527_Navigator,1154500,25.54
527_Navigator,1154622,36.86
527_Navigator,1154829,36.07
527_Navigator,1155025,18.54
527_Navigator,1155482,24.3
527_Navigator,1155553,102.86
527_Navigator,1155588,41.56
527_Navigator,1155916,26.02
527_Navigator,1156343,30.12
527_Navigator,1156519,25.7
527_Navigator,1157499,37.61
527_Navigator,1158405,110.39
527_Navigator,1158577,72.01
527_Navigator,1158579,21.07
527_Navigator,1158580,23.32
527_Navigator,1158581,31.56
527_Navigator,1159497,107.85
527_Navigator,1159713,26.25
527_Navigator,1159771,53.29
527_Navigator,1159772,17.61
527_Navigator,1159773,24.7
527_Navigator,1160488,72.46
527_Navigator,1160786,27.49
527_Navigator,1161105,67.74
527_Navigator,1161173,72.83
527_Navigator,1161216,85.32
527_Navigator,1161686,71.12
527_Navigator,1161739,30.75
527_Navigator,1161742,64.73
527_Navigator,1161753,75.48
527_Navigator,1161754,55.4
527_Navigator,1161759,49.94
527_Navigator,1162040,25.58
527_Navigator,1163905,50.9
527_Navigator,1164097,41.82
527_Navigator,1166330,99.8
527_Navigator,1167495,34.27
527_Navigator,1167498,34.83
527_Navigator,1167500,21.36
527_Navigator,1167503,27.89
527_Navigator,1167504,25.14
527_Navigator,1167692,52.32
527_Navigator,1168356,23.63
527_Navigator,1168358,22.24
527_Navigator,1168626,45.63
527_Navigator,1170150,44.36
527_Navigator,1170221,74.37
527_Navigator,1170670,93.73
527_Navigator,1170926,22.68
527_Navigator,1171532,42.75
527_Navigator,1173022,70.63
527_Navigator,1173023,40.11
527_Navigator,1173027,43.07
527_Navigator,1176637,46.4
527_Navigator,1177496,37.2
527_Navigator,1177593,37.58
527_Navigator,1177778,32.05
527_Navigator,1179832,66.1
527_Navigator,1181153,46.21
527_Navigator,1181662,56.49
527_Navigator,1184793,104.43
527_Navigator,1187124,30.07
527_Navigator,1190466,47.76
527_Navigator,1194992,111.5
527_Navigator,1197275,28.04
527_Navigator,1199772,95.39
527_Navigator,1201620,63.63
527_Navigator,1201699,25.73
527_Navigator,1202007,27.85
527_Navigator,1202028,80.13
527_Navigator,1203639,22.92
527_Navigator,1203640,26.86
527_Navigator,1204302,74.07
527_Navigator,1204303,42.61
527_Navigator,1204304,74.07
527_Navigator,1204864,50.5
527_Navigator,1205117,30.73
527_Navigator,1207866,96.82
527_Navigator,1208105,69.88
527_Navigator,1208966,149.05
527_Navigator,1209101,30.77
527_Navigator,1210658,74.07
527_Navigator,1210883,29.67
527_Navigator,1210884,29.64
527_Navigator,1211651,44.32
527_Navigator,1211769,102.81
527_Navigator,1213404,41.02
527_Navigator,1213755,64.52
527_Navigator,1214840,30.14
527_Navigator,1215531,25.68
527_Navigator,1216479,37.02
527_Navigator,1216480,37.02
527_Navigator,1216485,33.33
527_Navigator,1216486,37.02
527_Navigator,1216487,50.3
527_Navigator,1216488,21.83
527_Navigator,1216489,17.83
527_Navigator,1217701,158.68
527_Navigator,1219214,39.2
527_Navigator,1220487,42.86
527_Navigator,1222321,78.06
527_Navigator,1222916,60.29
527_Navigator,1222918,60.01
527_Navigator,1223033,108.74
527_Navigator,1223545,40.4
527_Navigator,1225660,27.06
527_Navigator,1229073,88.44
527_Navigator,1230458,138.8
527_Navigator,1230481,108.73
527_Navigator,1231804,101.58
527_Navigator,1232173,25.82
527_Navigator,1232175,33.45
527_Navigator,1235220,68.4
527_Navigator,1238009,40.15
527_Navigator,1238011,28.38
527_Navigator,1238594,46.61
527_Navigator,1241546,70.37
527_Navigator,1242381,27.08
527_Navigator,1244303,61.95
527_Navigator,1245926,43.38
527_Navigator,1245927,43.64
527_Navigator,1245929,43.29
527_Navigator,1245930,43.25
527_Navigator,1246702,67.65
527_Navigator,1247196,86.4
527_Navigator,1247528,67.65
527_Navigator,1247566,36.58
527_Navigator,1248275,68.52
527_Navigator,1249194,58.24
527_Navigator,1249547,72.21
527_Navigator,1250429,29.15
527_Navigator,1255440,30.15
527_Navigator,1256158,35.57
527_Navigator,1256292,25.51
527_Navigator,1257318,41.01
527_Navigator,1257320,41.99
527_Navigator,1257321,24.68
527_Navigator,1259235,43.54
527_Navigator,1260659,82.81
527_Navigator,1261280,35.71
527_Navigator,1263080,89.81
527_Navigator,1264107,82.81
527_Navigator,1264343,38.85
527_Navigator,1264347,44.68
527_Navigator,1264349,47.52
527_Navigator,1264362,66.74
527_Navigator,1264363,43.63
527_Navigator,1264370,41.77
527_Navigator,1265314,96.39
527_Navigator,1268437,82.6
527_Navigator,1268826,68.68
527_Navigator,1268829,69.9
527_Navigator,1269244,35.81
527_Navigator,1270013,63.08
527_Navigator,1270518,39.58
527_Navigator,1272426,46.55
527_Navigator,1273928,51.15
527_Navigator,1275960,43.38
527_Navigator,1276461,69.48
527_Navigator,1280406,94.62
527_Navigator,1280409,46.21
527_Navigator,1283044,38.7
527_Navigator,1283831,82.81
527_Navigator,1283918,42.64
527_Navigator,1285666,30.76
527_Navigator,1286209,29.75
527_Navigator,1287358,53.31
527_Navigator,1289722,38.56
527_Navigator,1291374,36.88
527_Navigator,1294015,93.67
527_Navigator,1295822,52.35
527_Navigator,1295823,56.85
527_Navigator,1295824,60.77
527_Navigator,1295826,41.81
527_Navigator,1297191,31.12
527_Navigator,1297779,68.88
527_Navigator,1300393,56.13
527_Navigator,1303996,38.57
527_Navigator,1310968,56.74
527_Navigator,1311077,68.88
527_Navigator,1315195,50.56
527_Navigator,1315201,59.93
527_Navigator,1315291,35.7
527_Navigator,1316475,62.56
527_Navigator,1316651,151.93
527_Navigator,1318741,37.89
527_Navigator,1318924,59.37
527_Navigator,1322478,39.39
527_Navigator,1322479,39.4
527_Navigator,1322480,39.4
527_Navigator,1323358,118.5
527_Navigator,1323566,82.87
527_Navigator,1325577,95.46
527_Navigator,1326042,46.49
527_Navigator,1327615,24.85
527_Navigator,1328040,53.4
527_Navigator,1328041,53.42
527_Navigator,1328240,67.63
527_Navigator,1328242,53.51
527_Navigator,1328973,12941.87
527_Navigator,1329257,114.06
527_Navigator,1329606,39.42
527_Navigator,1329662,53.51
527_Navigator,1331772,94.8
527_Navigator,1332666,36.35
527_Navigator,1332962,55.18
527_Navigator,1335957,36.08
527_Navigator,1337682,63.24
527_Navigator,1337683,58.79
527_Navigator,1340712,73.17
527_Navigator,1341513,57.11
527_Navigator,1343566,54.94
527_Navigator,1343567,57.32
527_Navigator,1343590,52.61
527_Navigator,1345066,61.42
527_Navigator,1345104,57.43
527_Navigator,1345230,80.71
527_Navigator,1345232,80.71
527_Navigator,1345800,94.58
527_Navigator,1346259,111.23
527_Navigator,1348183,28.57
527_Navigator,1348430,81.24
527_Navigator,1348607,114.06
527_Navigator,1348608,82.81
527_Navigator,1348609,82.81
527_Navigator,1349181,91.4
527_Navigator,1349182,42.02
527_Navigator,1352823,27.82
527_Navigator,1354522,69.7
527_Navigator,1354625,157.38
527_Navigator,1355311,38.42
527_Navigator,1355832,88.96
527_Navigator,1355834,88.96
527_Navigator,1355835,88.96
527_Navigator,1356998,73.17
527_Navigator,1357416,60.21
527_Navigator,1359578,102.05
527_Navigator,1360971,45.27
527_Navigator,1362123,56.46
527_Navigator,1363607,45.56
527_Navigator,1366156,68.32
527_Navigator,1367605,44.42
527_Navigator,1367859,38.69
527_Navigator,1368675,58.46
527_Navigator,1368676,57.43
527_Navigator,1368677,47.43
527_Navigator,1372571,49.64
527_Navigator,1376184,138.92
527_Navigator,1379910,95.43
527_Navigator,1379911,94.93
527_Navigator,1381543,115.85
527_Navigator,1383516,119.58
527_Navigator,1387996,56.24
527_Navigator,1387997,56.14
527_Navigator,1387999,70.2
527_Navigator,1389761,82.3
527_Navigator,1394132,102.05
527_Navigator,1397981,44.93
527_Navigator,1401047,49.51
527_Navigator,1403486,2830.3
527_Navigator,1404851,130.07
