Contract ID,SAP Code,Sell Price
7400724,1000004,17.63
7400724,1000005,12.74
7400724,1000006,28.87
7400724,1000007,27.28
7400724,1000009,22.25
7400724,1000010,72.44
7400724,1000013,43.63
7400724,1000144,21.09
7400724,1000162,33.19
7400724,1000166,41.52
7400724,1000167,50.74
7400724,1000168,47.98
7400724,1000169,28.38
7400724,1000179,4.04
7400724,1000181,15.69
7400724,1000183,7.92
7400724,1000185,36.86
7400724,1000186,33.7
7400724,1000187,24.42
7400724,1000188,7.57
7400724,1000191,5.35
7400724,1000192,12.14
7400724,1000193,17.16
7400724,1000204,4.18
7400724,1000205,6.57
7400724,1000206,21.09
7400724,1000210,6.72
7400724,1000211,108.56
7400724,1000215,20.89
7400724,1000216,49.3
7400724,1000218,71.1
7400724,1000221,43.95
7400724,1000222,404.06
7400724,1000223,557.76
7400724,1000225,275.66
7400724,1000227,144.17
7400724,1000414,93.98
7400724,1000415,86.86
7400724,1000417,79.47
7400724,1000419,46.94
7400724,1000420,40.15
7400724,1000421,44.69
7400724,1000423,34.85
7400724,1000424,35.44
7400724,1000425,50.17
7400724,1000427,56.96
7400724,1000428,59.34
7400724,1000432,50.45
7400724,1000433,79.59
7400724,1000434,74.57
7400724,1000435,64.1
7400724,1000436,48.69
7400724,1000437,46.39
7400724,1000438,109.99
7400724,1000439,60.35
7400724,1000440,71.25
7400724,1000441,61.26
7400724,1000443,52.99
7400724,1000444,69.81
7400724,1000445,71.09
7400724,1000446,45.86
7400724,1000447,51.25
7400724,1000449,1.18
7400724,1000451,1.18
7400724,1000457,23.5
7400724,1000458,23.5
7400724,1000463,49.07
7400724,1000464,52.15
7400724,1000465,31.94
7400724,1000466,60.97
7400724,1000467,47.96
7400724,1000468,78.84
7400724,1000469,92.13
7400724,1000470,34.27
7400724,1000471,55.07
7400724,1000472,86.08
7400724,1000473,38
7400724,1000474,55.27
7400724,1000475,67.83
7400724,1000477,69.28
7400724,1000486,47.94
7400724,1000487,52.93
7400724,1000489,51.56
7400724,1000490,28.01
7400724,1000491,34.56
7400724,1000496,1.18
7400724,1000497,1.18
7400724,1000527,34.08
7400724,1000530,81.08
7400724,1000532,73.56
7400724,1000535,56.05
7400724,1000536,62.57
7400724,1000537,36.72
7400724,1000539,30.14
7400724,1000540,32.67
7400724,1000541,37.07
7400724,1000542,37.13
7400724,1000544,33.02
7400724,1000545,40.36
7400724,1000547,37.6
7400724,1000548,55.7
7400724,1000549,37.13
7400724,1000550,69.85
7400724,1000551,70.85
7400724,1000555,81.08
7400724,1000562,36.13
7400724,1000563,29.6
7400724,1000565,50.56
7400724,1000566,253.8
7400724,1000567,43.29
7400724,1000568,27.06
7400724,1000570,135.6
7400724,1000573,28.66
7400724,1000578,152.66
7400724,1000584,8.39
7400724,1000585,73.88
7400724,1000591,8.06
7400724,1000593,10.88
7400724,1000597,25.93
7400724,1000600,7.18
7400724,1000606,23.19
7400724,1000619,13.2
7400724,1000723,13.79
7400724,1000799,70.5
7400724,1000800,79.29
7400724,1000864,38.89
7400724,1001327,54.4
7400724,1001329,41.54
7400724,1001330,76.26
7400724,1001331,86.77
7400724,1001332,47.38
7400724,1001338,66.8
7400724,1001344,9.34
7400724,1001348,64.24
7400724,1001349,58.44
7400724,1001409,42.77
7400724,1001420,30.93
7400724,1001430,47.02
7400724,1001436,10.22
7400724,1001438,39.8
7400724,1001439,41.54
7400724,1001477,44.65
7400724,1001619,36.66
7400724,1001667,11.75
7400724,1001670,65.21
7400724,1001672,34.38
7400724,1001675,13.23
7400724,1001676,4.15
7400724,1001677,4.82
7400724,1001680,7.81
7400724,1001681,8.17
7400724,1001736,4.88
7400724,1001740,26.77
7400724,1001746,25.2
7400724,1001771,23.65
7400724,1001781,9.04
7400724,1001806,84.34
7400724,1001808,122.25
7400724,1001845,42.92
7400724,1001846,10.69
7400724,1001854,5.52
7400724,1001856,20.55
7400724,1001868,75.73
7400724,1001919,50.45
7400724,1001932,48.7
7400724,1001934,63.11
7400724,1002002,31.22
7400724,1002008,41.24
7400724,1002011,22.11
7400724,1002014,28.71
7400724,1002020,32.36
7400724,1002022,29.7
7400724,1002037,6.12
7400724,1002039,9.82
7400724,1002042,14.35
7400724,1002048,12.1
7400724,1002059,112.71
7400724,1002075,5.32
7400724,1002079,11.23
7400724,1002100,32.11
7400724,1002104,31.18
7400724,1002105,51.47
7400724,1002110,39.76
7400724,1002484,77.33
7400724,1002500,39.77
7400724,1002501,27.47
7400724,1002503,67.95
7400724,1002504,89.29
7400724,1002505,35.31
7400724,1002506,35.19
7400724,1002511,12.33
7400724,1003040,43.15
7400724,1003041,40.5
7400724,1003055,4.36
7400724,1003063,20.77
7400724,1003064,14.25
7400724,1003083,37.08
7400724,1003095,33.86
7400724,1003100,55.19
7400724,1003101,18.95
7400724,1003117,36.46
7400724,1003147,20.73
7400724,1003185,6.71
7400724,1003189,15.57
7400724,1003225,7.01
7400724,1003227,34.91
7400724,1003228,31.5
7400724,1003229,44.45
7400724,1003240,10.69
7400724,1003267,22.91
7400724,1003272,24.78
7400724,1003350,51.45
7400724,1003351,51.45
7400724,1003352,54.79
7400724,1003353,54.79
7400724,1003356,65.22
7400724,1003357,30.83
7400724,1003382,253.8
7400724,1003384,46.81
7400724,1003385,0.01
7400724,1003391,7.95
7400724,1003396,11.4
7400724,1003454,35.17
7400724,1003477,34.02
7400724,1003518,18.57
7400724,1004120,25.63
7400724,1004121,20.06
7400724,1004301,44.4
7400724,1005198,26.16
7400724,1006516,57.45
7400724,1007123,78.17
7400724,1007428,35.31
7400724,1008342,43.96
7400724,1008385,64.88
7400724,1008896,0.01
7400724,1009161,71.57
7400724,1009569,50.47
7400724,1012225,10.9
7400724,1012677,69.7
7400724,1012678,52.16
7400724,1012679,80.76
7400724,1012780,55.67
7400724,1015494,3.18
7400724,1015519,48.84
7400724,1015520,46.89
7400724,1015524,58.62
7400724,1015525,49.7
7400724,1015526,49.7
7400724,1015578,11.84
7400724,1015809,26.94
7400724,1015812,32.67
7400724,1016260,8.47
7400724,1016261,12.13
7400724,1016342,43.08
7400724,1016359,49.41
7400724,1016440,41.37
7400724,1016488,38.41
7400724,1016490,47.16
7400724,1016494,46.95
7400724,1016507,101.2
7400724,1016544,58.22
7400724,1016796,43.66
7400724,1017660,54.33
7400724,1018026,30.1
7400724,1019445,41.24
7400724,1019489,60.3
7400724,1019490,28.07
7400724,1019491,22.2
7400724,1019492,30.75
7400724,1020436,47.59
7400724,1020437,36.67
7400724,1020557,39.82
7400724,1020575,49.47
7400724,1020709,69.67
7400724,1020844,61.34
7400724,1020867,46.95
7400724,1020868,54.65
7400724,1022569,61.45
7400724,1022714,88.3
7400724,1022770,70.68
7400724,1022785,81.9
7400724,1022909,55.7
7400724,1023015,66.27
7400724,1023023,130.78
7400724,1023027,86.84
7400724,1023055,115.15
7400724,1023077,27.5
7400724,1023310,68.62
7400724,1023350,53.46
7400724,1023401,69.45
7400724,1023404,59
7400724,1023445,75.48
7400724,1023507,71.15
7400724,1023508,65.86
7400724,1023560,14.22
7400724,1023564,15.98
7400724,1023567,14.81
7400724,1023673,11.75
7400724,1023698,31.63
7400724,1023753,40.15
7400724,1023773,27.91
7400724,1023833,28.2
7400724,1023896,56.6
7400724,1023906,34.08
7400724,1023914,56.75
7400724,1023915,45.17
7400724,1023972,30.29
7400724,1024054,14.22
7400724,1024055,20.86
7400724,1024056,14.98
7400724,1024057,18.51
7400724,1024059,11.75
7400724,1024064,14.04
7400724,1024065,24.85
7400724,1024068,100.17
7400724,1024221,64.04
7400724,1024264,70.62
7400724,1024278,56.87
7400724,1024280,42.59
7400724,1024282,88.63
7400724,1024294,38.6
7400724,1024299,64.26
7400724,1024300,43.5
7400724,1024301,43.31
7400724,1024302,53.76
7400724,1024360,86.13
7400724,1024362,67.8
7400724,1024369,52.46
7400724,1024444,61.51
7400724,1024464,74.32
7400724,1024728,35.13
7400724,1024734,17.63
7400724,1024767,10.05
7400724,1024879,81.66
7400724,1024880,72.79
7400724,1024956,68.68
7400724,1024991,45.94
7400724,1025113,71.97
7400724,1025123,54.79
7400724,1025128,62.1
7400724,1025129,42.55
7400724,1025276,41.29
7400724,1025299,68.09
7400724,1025315,46.65
7400724,1025330,1.18
7400724,1025485,13.45
7400724,1025584,1.18
7400724,1025585,1.18
7400724,1025641,36.72
7400724,1025695,29.38
7400724,1025741,1.18
7400724,1025755,38.65
7400724,1026001,70.44
7400724,1026002,52.82
7400724,1026062,50.43
7400724,1026063,71.83
7400724,1026078,63.57
7400724,1026121,59.22
7400724,1026144,62.22
7400724,1026146,67.86
7400724,1026181,30.74
7400724,1026239,51.39
7400724,1026248,11.75
7400724,1026252,1.18
7400724,1026253,23.5
7400724,1026545,35.52
7400724,1026976,42.03
7400724,1026983,5.58
7400724,1026988,31.26
7400724,1027117,22.24
7400724,1027232,1.18
7400724,1027245,4.76
7400724,1027281,16.74
7400724,1027371,43.66
7400724,1027542,25.25
7400724,1027626,77.34
7400724,1027668,45.03
7400724,1027685,72.17
7400724,1027691,59.63
7400724,1027694,85.76
7400724,1027696,40.29
7400724,1027701,65.86
7400724,1027718,47.09
7400724,1027732,50.22
7400724,1027738,48.59
7400724,1027740,78.08
7400724,1027754,47.24
7400724,1027768,43.13
7400724,1027783,34.76
7400724,1027784,66.21
7400724,1027786,54.29
7400724,1027790,54.53
7400724,1027798,78.36
7400724,1027800,90.58
7400724,1027810,109.64
7400724,1027826,62.87
7400724,1027838,116.54
7400724,1027839,57.99
7400724,1027852,78.48
7400724,1027864,57.99
7400724,1027865,59.98
7400724,1027869,63.33
7400724,1027987,102.64
7400724,1027990,63.65
7400724,1028014,59.98
7400724,1028023,69.8
7400724,1028033,60.2
7400724,1028034,24.63
7400724,1028057,108.49
7400724,1028085,2.35
7400724,1028086,2.62
7400724,1028087,2.69
7400724,1028159,45.1
7400724,1028165,33.78
7400724,1028166,35.52
7400724,1028319,68.23
7400724,1028372,100.58
7400724,1028379,59.98
7400724,1028396,37.09
7400724,1028397,38.76
7400724,1028417,53.29
7400724,1028472,65
7400724,1028476,2.44
7400724,1028575,52.73
7400724,1028669,51.29
7400724,1028688,44.83
7400724,1028712,68.71
7400724,1028721,55.23
7400724,1028755,53.52
7400724,1028759,111.1
7400724,1028831,74.68
7400724,1028833,3.31
7400724,1028885,80.38
7400724,1029026,104.65
7400724,1029487,90.1
7400724,1029512,117.12
7400724,1029553,134.02
7400724,1029562,190.57
7400724,1029652,115.17
7400724,1029653,168.32
7400724,1029880,14.28
7400724,1030048,24.57
7400724,1030137,24.57
7400724,1030151,24.57
7400724,1030270,24.57
7400724,1031598,49.9
7400724,1033558,44.14
7400724,1033564,55.08
7400724,1033565,54.17
7400724,1033581,141.46
7400724,1033636,145.11
7400724,1033637,80.62
7400724,1033638,99.09
7400724,1033911,27.57
7400724,1033932,72.93
7400724,1033933,72.93
7400724,1033934,72.93
7400724,1033971,19.33
7400724,1033992,58.56
7400724,1033993,15.15
7400724,1034002,21.62
7400724,1034024,26.59
7400724,1034040,78.26
7400724,1034046,73.71
7400724,1034050,34.02
7400724,1034055,26.43
7400724,1034058,71.32
7400724,1034073,21.84
7400724,1034076,18.75
7400724,1034084,28.89
7400724,1034089,56.85
7400724,1034104,71.36
7400724,1034105,57.5
7400724,1034115,43.08
7400724,1034116,75.06
7400724,1034120,77.74
7400724,1034145,63.14
7400724,1034155,92.45
7400724,1034212,84.45
7400724,1034310,53.03
7400724,1034408,89.1
7400724,1034479,72.93
7400724,1034480,72.93
7400724,1034495,115.54
7400724,1034513,110.27
7400724,1040120,73.63
7400724,1040717,26.74
7400724,1041236,33.96
7400724,1041279,72.36
7400724,1041280,38.86
7400724,1041281,32.77
7400724,1041288,15.52
7400724,1042657,16.39
7400724,1042753,8
7400724,1042821,32.72
7400724,1043636,24.03
7400724,1043637,30.89
7400724,1043981,24.63
7400724,1043983,23.9
7400724,1043985,22.98
7400724,1043986,22.56
7400724,1043989,34.57
7400724,1043990,29.21
7400724,1044047,38.34
7400724,1044050,29.21
7400724,1044051,29.21
7400724,1044053,31.57
7400724,1044054,38.42
7400724,1044056,26.74
7400724,1044058,13.23
7400724,1044059,37.13
7400724,1044060,37.94
7400724,1044064,18.54
7400724,1044068,23.97
7400724,1044069,33.57
7400724,1044070,18.51
7400724,1044073,27.41
7400724,1044074,39.2
7400724,1044075,18.64
7400724,1044076,24.73
7400724,1044080,21.66
7400724,1044084,25.59
7400724,1044590,37.02
7400724,1044623,19.09
7400724,1044630,11.84
7400724,1044646,31.62
7400724,1044647,41.9
7400724,1044653,19.79
7400724,1044655,68.63
7400724,1044656,54.9
7400724,1044658,41.15
7400724,1044660,54.9
7400724,1044665,41.15
7400724,1044666,95.32
7400724,1044672,57.18
7400724,1044676,27.42
7400724,1044742,30.89
7400724,1044835,28.07
7400724,1044930,108.22
7400724,1044932,33.28
7400724,1045693,20.17
7400724,1045781,68.63
7400724,1045818,28.99
7400724,1046037,23.59
7400724,1046130,37.61
7400724,1046206,37.61
7400724,1046314,19.36
7400724,1046319,24.17
7400724,1046478,29.27
7400724,1046660,23.61
7400724,1046949,62.35
7400724,1047684,10.74
7400724,1047697,16.26
7400724,1047702,9.62
7400724,1047710,20.16
7400724,1047713,12.04
7400724,1047716,14.03
7400724,1047720,15.6
7400724,1047789,31.78
7400724,1047872,13.18
7400724,1047873,26.63
7400724,1047875,19.79
7400724,1047911,39.88
7400724,1047929,44.18
7400724,1047946,19.21
7400724,1048094,19.79
7400724,1048097,13.18
7400724,1048100,20.94
7400724,1048105,3.58
7400724,1048107,3.29
7400724,1048108,19.79
7400724,1048110,26.74
7400724,1048114,28.2
7400724,1048119,19.41
7400724,1048141,13.82
7400724,1048144,3.88
7400724,1048157,13.18
7400724,1048160,19.79
7400724,1048164,21.29
7400724,1048174,15.11
7400724,1048181,29.69
7400724,1048214,12.8
7400724,1048215,18.79
7400724,1048216,19.79
7400724,1048217,25.2
7400724,1048219,26.74
7400724,1048227,41.5
7400724,1048232,57.39
7400724,1048238,85.06
7400724,1048243,117.62
7400724,1048260,43.01
7400724,1048531,69.37
7400724,1048534,82.06
7400724,1048543,88.83
7400724,1048862,48.5
7400724,1048864,70.03
7400724,1048868,26.57
7400724,1051020,25.07
7400724,1051165,43.36
7400724,1051171,25.96
7400724,1051300,32.38
7400724,1051304,49.54
7400724,1052910,47.22
7400724,1052916,52.58
7400724,1053178,29.29
7400724,1053435,24.66
7400724,1053512,29.23
7400724,1053528,19.32
7400724,1053543,42.48
7400724,1053547,27.87
7400724,1053594,24.86
7400724,1053602,24.86
7400724,1053619,50.64
7400724,1053661,34.73
7400724,1053730,36.26
7400724,1053731,36.26
7400724,1053750,31.75
7400724,1053794,25.96
7400724,1053811,41.85
7400724,1053848,28.32
7400724,1053857,44.2
7400724,1053863,23.59
7400724,1053866,28.32
7400724,1053868,34.73
7400724,1053869,34.73
7400724,1053899,40.91
7400724,1054067,23.74
7400724,1054132,39.48
7400724,1054133,53.66
7400724,1054135,23.65
7400724,1054136,31.75
7400724,1054137,42.29
7400724,1054833,72.94
7400724,1054839,60.55
7400724,1054854,79.01
7400724,1054866,34.55
7400724,1054868,45.11
7400724,1054869,57.8
7400724,1054884,53.71
7400724,1054909,76.6
7400724,1054916,48.56
7400724,1054921,69.89
7400724,1055161,37.18
7400724,1057204,24.91
7400724,1057220,49.88
7400724,1057229,33.36
7400724,1057256,31.5
7400724,1057287,40.57
7400724,1057302,35.78
7400724,1057310,41
7400724,1057313,43.46
7400724,1057327,29.74
7400724,1057329,34.91
7400724,1057343,45.8
7400724,1057350,27.77
7400724,1057370,39.29
7400724,1057474,31.89
7400724,1057484,27.98
7400724,1057486,28.71
7400724,1057488,23.42
7400724,1057494,44.45
7400724,1057501,38.45
7400724,1057515,31.5
7400724,1057535,39.73
7400724,1057557,43.46
7400724,1057558,42.3
7400724,1057570,39.29
7400724,1057815,41
7400724,1058513,115.34
7400724,1058821,153.34
7400724,1058824,199.14
7400724,1058825,199.14
7400724,1058893,93.94
7400724,1058905,12.04
7400724,1058917,27.62
7400724,1058960,43.64
7400724,1058961,135.85
7400724,1058966,19.74
7400724,1058969,29.38
7400724,1058973,20.83
7400724,1058975,40.03
7400724,1058996,63.4
7400724,1059003,518.89
7400724,1059004,305.29
7400724,1059035,137.42
7400724,1059047,436.78
7400724,1059074,498.42
7400724,1059120,42.38
7400724,1059123,30.96
7400724,1059129,32.03
7400724,1059131,58.1
7400724,1059134,128.18
7400724,1059145,138.14
7400724,1059159,18.95
7400724,1059162,28.51
7400724,1059163,28.51
7400724,1059183,42.09
7400724,1059195,5.58
7400724,1059215,365.58
7400724,1059238,35.06
7400724,1059262,49.98
7400724,1059264,83.41
7400724,1059294,70.17
7400724,1059299,130.9
7400724,1059310,119.98
7400724,1059320,88.76
7400724,1059395,149.25
7400724,1059425,161.55
7400724,1059455,203.98
7400724,1059471,147.1
7400724,1059478,155.92
7400724,1059515,7.11
7400724,1059516,7.11
7400724,1059521,8.39
7400724,1059523,14.46
7400724,1059530,57.23
7400724,1059601,311.61
7400724,1059609,645
7400724,1059730,409.58
7400724,1060109,106.88
7400724,1060116,456.44
7400724,1060123,36.64
7400724,1060127,40.28
7400724,1060140,29.96
7400724,1060151,16.29
7400724,1060154,29.43
7400724,1060156,35.58
7400724,1060157,36.64
7400724,1060162,38.02
7400724,1060167,171.17
7400724,1060181,38.11
7400724,1060210,7.11
7400724,1060234,5.68
7400724,1060241,118.05
7400724,1060247,8.98
7400724,1060252,37.44
7400724,1060257,22.43
7400724,1060264,101.58
7400724,1060279,52.75
7400724,1060291,128.18
7400724,1060373,7.65
7400724,1060406,392.65
7400724,1060442,383.25
7400724,1060516,459.99
7400724,1060671,67.86
7400724,1060681,38.73
7400724,1060686,47.31
7400724,1063474,76.27
7400724,1066564,52.92
7400724,1069414,28.67
7400724,1069656,33.89
7400724,1069675,52.69
7400724,1069678,38.08
7400724,1069688,35.78
7400724,1069708,58.87
7400724,1069727,12.18
7400724,1069737,49.77
7400724,1069755,16.88
7400724,1069782,18.25
7400724,1069793,31.77
7400724,1069803,9.99
7400724,1069810,81
7400724,1069821,10.05
7400724,1069856,5.12
7400724,1069857,48.95
7400724,1069865,24.71
7400724,1069873,19.58
7400724,1069874,26.24
7400724,1069906,54.25
7400724,1069907,85.67
7400724,1069913,10.36
7400724,1069931,26.45
7400724,1069932,11.06
7400724,1070005,16.34
7400724,1070025,25.27
7400724,1070031,6.24
7400724,1070039,8.58
7400724,1070053,7.72
7400724,1070055,7.07
7400724,1070056,13.97
7400724,1070058,36.26
7400724,1070069,52.1
7400724,1070072,27.86
7400724,1070079,65.11
7400724,1070149,48.32
7400724,1070151,43.76
7400724,1070163,100.2
7400724,1070170,34.49
7400724,1070172,44.17
7400724,1070175,71.15
7400724,1070186,20.55
7400724,1070206,133.57
7400724,1070252,6.87
7400724,1070320,36.24
7400724,1070338,14.32
7400724,1070354,85.07
7400724,1070374,21.6
7400724,1070418,27.03
7400724,1070469,48.55
7400724,1070479,92.71
7400724,1070505,66.16
7400724,1070539,26.19
7400724,1071090,56.07
7400724,1071120,8.07
7400724,1071134,11.46
7400724,1072011,226.21
7400724,1072148,8.14
7400724,1072181,14.99
7400724,1072212,12.67
7400724,1072249,14.35
7400724,1072444,14.99
7400724,1072491,7.72
7400724,1072497,7.19
7400724,1072503,9.67
7400724,1072505,9.24
7400724,1072512,6.78
7400724,1072520,7.72
7400724,1072525,9.67
7400724,1072529,9.72
7400724,1072531,8.51
7400724,1072553,8.13
7400724,1072557,8.13
7400724,1072559,9.19
7400724,1072561,9.19
7400724,1072563,9.19
7400724,1072576,8.13
7400724,1072580,8.13
7400724,1072582,9.29
7400724,1072584,9.29
7400724,1072585,9.19
7400724,1072595,6.56
7400724,1072622,6.07
7400724,1072667,5.77
7400724,1072669,7.57
7400724,1072672,3.92
7400724,1072704,5.06
7400724,1072712,5.09
7400724,1072719,5.7
7400724,1072738,4.96
7400724,1072742,6.26
7400724,1072750,7.05
7400724,1072890,6.62
7400724,1072941,7.97
7400724,1072960,6.66
7400724,1072965,6.71
7400724,1072990,17.48
7400724,1073058,4.39
7400724,1073113,7.05
7400724,1073115,8.5
7400724,1073160,5.53
7400724,1073197,9.04
7400724,1073226,6.23
7400724,1073232,5.88
7400724,1073234,8.06
7400724,1073240,8.24
7400724,1073244,9.94
7400724,1073364,9.65
7400724,1073388,7.5
7400724,1073458,6.27
7400724,1073523,11.14
7400724,1073556,6.7
7400724,1073571,13.75
7400724,1073579,23.16
7400724,1073583,22.2
7400724,1073665,10.33
7400724,1073673,7.83
7400724,1073679,11.28
7400724,1073692,7.88
7400724,1073695,7.83
7400724,1073697,7.68
7400724,1073702,10.63
7400724,1073704,10.63
7400724,1073707,10.63
7400724,1073711,10.63
7400724,1073713,12.87
7400724,1073716,12.87
7400724,1073718,14.22
7400724,1073721,13.23
7400724,1073723,8.34
7400724,1073781,12.36
7400724,1073799,5.44
7400724,1073820,12.15
7400724,1073822,3.42
7400724,1073825,5.44
7400724,1073826,4.17
7400724,1073838,4.3
7400724,1073841,5.37
7400724,1073859,6.59
7400724,1073866,8.23
7400724,1073868,9.33
7400724,1073872,7.29
7400724,1073875,7.29
7400724,1073877,4.48
7400724,1073885,4.56
7400724,1074369,16
7400724,1074478,18.89
7400724,1074480,14.41
7400724,1074488,12.1
7400724,1074513,19.2
7400724,1074735,16.43
7400724,1074744,47
7400724,1074748,83.91
7400724,1074753,63.6
7400724,1074757,101.33
7400724,1074760,174.39
7400724,1074761,76.2
7400724,1074766,91.92
7400724,1075009,54.52
7400724,1075067,10.63
7400724,1075070,14.11
7400724,1075144,9.01
7400724,1075149,11.39
7400724,1075153,16.05
7400724,1075162,28.58
7400724,1075168,8.05
7400724,1075200,9.01
7400724,1075233,9.28
7400724,1075234,11.37
7400724,1075274,19.85
7400724,1075275,13.34
7400724,1075277,13.25
7400724,1075281,7.45
7400724,1075289,9.83
7400724,1075291,7.29
7400724,1075301,5.71
7400724,1075312,14.45
7400724,1075326,29.82
7400724,1075335,19.81
7400724,1075337,22.48
7400724,1075349,30.06
7400724,1075355,11.69
7400724,1075366,4.92
7400724,1075368,2.81
7400724,1075607,44.65
7400724,1075715,56.12
7400724,1075780,12.46
7400724,1075899,32.01
7400724,1075931,30.02
7400724,1076003,9.11
7400724,1076035,12.07
7400724,1076057,18.79
7400724,1076123,6.35
7400724,1076139,43.25
7400724,1076186,18.96
7400724,1076206,9.48
7400724,1076265,52.52
7400724,1076281,17.03
7400724,1076290,9.91
7400724,1076386,8.35
7400724,1076388,7.61
7400724,1076390,26.59
7400724,1076402,7.33
7400724,1076562,40.87
7400724,1076651,52.45
7400724,1076710,51.96
7400724,1076813,7.64
7400724,1076817,6.99
7400724,1077330,10.75
7400724,1077337,7.05
7400724,1077339,8.87
7400724,1077351,19.38
7400724,1077697,4.69
7400724,1077886,40.29
7400724,1078107,5.03
7400724,1078159,10.52
7400724,1078189,1.87
7400724,1078277,1.79
7400724,1078365,2.57
7400724,1078583,3.74
7400724,1078584,167.75
7400724,1078588,16.58
7400724,1078599,22.18
7400724,1078600,6.83
7400724,1078608,16.91
7400724,1079315,822.5
7400724,1079340,37.55
7400724,1079487,71.83
7400724,1079549,82.43
7400724,1079560,31.7
7400724,1079595,508.2
7400724,1079828,14.76
7400724,1079878,1099.48
7400724,1079960,57.01
7400724,1079965,66.29
7400724,1080070,18.32
7400724,1080078,68.71
7400724,1080194,19.31
7400724,1080196,12.46
7400724,1080200,7.1
7400724,1080253,12.95
7400724,1080292,352.5
7400724,1080502,35.64
7400724,1080506,20.89
7400724,1080508,291.93
7400724,1080593,261.45
7400724,1080641,644.84
7400724,1080678,241.19
7400724,1080679,271.72
7400724,1080700,148.92
7400724,1080713,11.52
7400724,1080729,1001.44
7400724,1080774,478.46
7400724,1080779,523.05
7400724,1080813,186.41
7400724,1080819,144.38
7400724,1080835,389.42
7400724,1080903,14.26
7400724,1080993,170.12
7400724,1081097,598.51
7400724,1081109,20.33
7400724,1081689,6.72
7400724,1081690,9.14
7400724,1081692,14.26
7400724,1081703,17.45
7400724,1081751,15.45
7400724,1081755,27.97
7400724,1081772,15.28
7400724,1081775,678.56
7400724,1082026,466.09
7400724,1082028,301
7400724,1082076,235.24
7400724,1082104,33.41
7400724,1082138,110.09
7400724,1082141,146.88
7400724,1082145,31.9
7400724,1082149,351.37
7400724,1082206,11.03
7400724,1082334,52.8
7400724,1082374,11.86
7400724,1082386,180.34
7400724,1082469,27.91
7400724,1082471,4.16
7400724,1082488,31.85
7400724,1082489,2.28
7400724,1082496,238.45
7400724,1082497,260.34
7400724,1082500,804.92
7400724,1082503,1635.34
7400724,1082504,541.93
7400724,1082508,197.74
7400724,1082516,125.81
7400724,1082518,602.81
7400724,1082520,1610.85
7400724,1082597,647.01
7400724,1082634,57.28
7400724,1082661,613.86
7400724,1082704,63.19
7400724,1082718,50.8
7400724,1082747,611.86
7400724,1082748,112.4
7400724,1082762,158.58
7400724,1082771,546.38
7400724,1082778,143.78
7400724,1082782,156.75
7400724,1082783,170.74
7400724,1082787,71.73
7400724,1082791,383.99
7400724,1082795,9.62
7400724,1082807,515.7
7400724,1082808,519.16
7400724,1082900,255.53
7400724,1082936,23.62
7400724,1082937,83.04
7400724,1082940,26.67
7400724,1082941,31.4
7400724,1082983,12.94
7400724,1082987,47
7400724,1082988,8.14
7400724,1083000,16.45
7400724,1083026,33.3
7400724,1083028,35.59
7400724,1083050,1005.85
7400724,1083094,29.94
7400724,1083096,208.8
7400724,1083137,270.32
7400724,1083141,19.67
7400724,1083165,27.87
7400724,1083189,62.16
7400724,1083201,17.63
7400724,1083203,57.93
7400724,1083346,511.2
7400724,1083388,12.29
7400724,1083392,11.81
7400724,1083408,31.9
7400724,1083422,490.92
7400724,1083469,58.08
7400724,1083665,36.81
7400724,1087442,64.86
7400724,1087745,39.97
7400724,1088841,95.54
7400724,1090276,49.56
7400724,1091084,36.13
7400724,1091156,35.14
7400724,1091157,35.14
7400724,1091159,28.31
7400724,1091160,33.48
7400724,1091188,52.12
7400724,1091209,37.24
7400724,1091210,49.96
7400724,1091236,253.8
7400724,1091238,50.85
7400724,1091246,0.01
7400724,1091253,49.22
7400724,1091276,31.76
7400724,1091277,38.72
7400724,1091278,61.93
7400724,1091283,29.73
7400724,1091362,15.57
7400724,1091403,70.5
7400724,1091407,51.95
7400724,1091431,58.24
7400724,1091439,37
7400724,1091440,39.94
7400724,1091490,49.95
7400724,1091522,253.8
7400724,1091552,34.94
7400724,1091577,35.74
7400724,1091597,0.01
7400724,1091604,36.86
7400724,1091613,28.72
7400724,1091624,42.37
7400724,1091662,32.9
7400724,1091715,33.15
7400724,1091741,9.4
7400724,1091774,30.29
7400724,1091776,64.58
7400724,1091784,70.5
7400724,1091871,37.65
7400724,1091914,66.69
7400724,1091992,40.74
7400724,1091993,39.29
7400724,1092005,48.22
7400724,1092019,48.25
7400724,1092037,50.9
7400724,1092087,30.1
7400724,1092100,72.38
7400724,1092116,29.01
7400724,1092117,41.98
7400724,1092151,27.11
7400724,1092152,56.92
7400724,1092251,24.75
7400724,1092253,31.51
7400724,1092320,53.46
7400724,1092335,60.92
7400724,1092347,52.79
7400724,1092392,135.6
7400724,1092437,94
7400724,1092485,42.05
7400724,1092489,36.6
7400724,1092491,31.14
7400724,1092494,30.71
7400724,1092505,29.3
7400724,1092526,0.01
7400724,1092615,35.72
7400724,1092666,37.06
7400724,1092700,94
7400724,1092707,31.08
7400724,1092739,41.85
7400724,1092740,37.11
7400724,1092750,33.14
7400724,1092752,32.11
7400724,1092755,34.31
7400724,1092757,29.07
7400724,1092759,39.12
7400724,1092761,43.12
7400724,1092763,49.59
7400724,1092769,42.04
7400724,1092783,46.62
7400724,1092784,20.42
7400724,1092828,22.99
7400724,1092892,19.08
7400724,1092901,57.75
7400724,1093209,71.82
7400724,1093210,91.42
7400724,1093226,67.6
7400724,1093227,35.09
7400724,1093246,47.33
7400724,1093258,27.08
7400724,1093292,19.08
7400724,1093295,0
7400724,1093295,18.73
7400724,1093298,9.4
7400724,1093302,70.5
7400724,1093385,61.61
7400724,1093425,59.87
7400724,1093467,36.13
7400724,1093552,41.6
7400724,1093601,47.02
7400724,1093613,55.34
7400724,1093637,32.32
7400724,1093638,54.24
7400724,1093639,30.16
7400724,1093640,45.23
7400724,1093641,54.54
7400724,1093645,40.49
7400724,1093648,38.33
7400724,1093653,39.27
7400724,1093654,107.04
7400724,1093655,79.36
7400724,1093656,60.76
7400724,1093658,56.99
7400724,1093659,77.17
7400724,1093704,28.2
7400724,1095862,144.65
7400724,1095870,135.04
7400724,1096274,6.15
7400724,1096821,39.61
7400724,1097457,9.44
7400724,1097493,30.44
7400724,1097804,6.09
7400724,1097899,12.35
7400724,1099680,11.02
7400724,1101528,77.13
7400724,1101783,5.93
7400724,1102178,99.32
7400724,1114871,16.13
7400724,1115097,2.2
7400724,1115113,4.95
7400724,1115217,100.96
7400724,1115287,4.01
7400724,1115309,43.71
7400724,1115322,94.67
7400724,1115364,14.03
7400724,1115382,11.35
7400724,1115383,6.78
7400724,1115450,48.42
7400724,1115514,4.91
7400724,1115531,34.05
7400724,1115533,15.03
7400724,1115534,20.43
7400724,1115547,11.68
7400724,1115608,8.24
7400724,1115613,5.69
7400724,1115621,12.28
7400724,1115636,5.04
7400724,1115670,113.86
7400724,1115682,4.7
7400724,1115703,37.48
7400724,1115712,58.28
7400724,1115713,15.8
7400724,1115732,26.67
7400724,1115756,13.5
7400724,1115761,244.38
7400724,1115798,28.32
7400724,1115802,9.02
7400724,1115803,392.93
7400724,1115807,15.64
7400724,1115893,109.7
7400724,1115894,109.67
7400724,1115895,109.7
7400724,1115896,109.7
7400724,1115898,109.7
7400724,1115927,6.86
7400724,1115971,20.05
7400724,1116111,46.69
7400724,1116260,42.35
7400724,1116266,108.26
7400724,1116364,109.7
7400724,1116374,18.52
7400724,1117049,11.05
7400724,1117086,66.53
7400724,1117277,42.05
7400724,1117906,27.21
7400724,1117907,27.21
7400724,1117909,27.54
7400724,1117915,27.21
7400724,1117995,264.15
7400724,1118018,27.54
7400724,1118027,27.54
7400724,1118028,27.54
7400724,1118033,38.19
7400724,1118047,38.19
7400724,1118059,39.96
7400724,1118061,39.96
7400724,1118063,39.96
7400724,1118068,59.22
7400724,1118069,59.22
7400724,1118071,59.22
7400724,1118072,30.37
7400724,1118073,30.37
7400724,1118074,30.37
7400724,1118094,41.98
7400724,1118117,65.91
7400724,1118123,42.05
7400724,1118128,72.74
7400724,1118149,56.45
7400724,1118157,56.45
7400724,1118159,56.45
7400724,1118161,56.45
7400724,1118195,59.22
7400724,1118235,40.91
7400724,1118236,42.05
7400724,1118237,40.91
7400724,1118275,107.55
7400724,1118295,30.4
7400724,1118301,42.05
7400724,1118303,65.91
7400724,1118307,107.55
7400724,1118309,83.67
7400724,1118312,28.79
7400724,1118313,18.05
7400724,1118314,28.79
7400724,1118315,28.79
7400724,1118316,18.05
7400724,1118317,36.08
7400724,1118320,31.76
7400724,1118321,22.78
7400724,1118325,25.92
7400724,1118341,13.43
7400724,1118347,65.91
7400724,1118446,203.47
7400724,1118477,180.68
7400724,1118486,19.7
7400724,1118489,18.58
7400724,1118491,12.35
7400724,1118493,18.79
7400724,1118519,88.17
7400724,1118529,59.98
7400724,1118531,23.19
7400724,1118543,78.92
7400724,1118565,64.04
7400724,1118581,382.46
7400724,1118583,264.15
7400724,1118586,264.15
7400724,1118630,88.97
7400724,1118751,24.63
7400724,1119375,30
7400724,1119377,30
7400724,1119379,30
7400724,1119389,18.05
7400724,1119391,27.21
7400724,1119711,70.03
7400724,1119879,27.88
7400724,1119880,27.88
7400724,1119881,27.88
7400724,1119882,27.88
7400724,1119901,45.78
7400724,1120571,177.73
7400724,1120991,279.84
7400724,1121304,70.03
7400724,1121451,41.98
7400724,1121955,192.18
7400724,1121969,279.84
7400724,1122081,82.94
7400724,1122131,78.92
7400724,1122448,41.52
7400724,1122449,40.91
7400724,1122450,41.52
7400724,1122451,41.52
7400724,1122842,11.81
7400724,1123134,24.3
7400724,1123135,113.49
7400724,1123351,7.23
7400724,1123352,5.21
7400724,1123482,13.05
7400724,1123560,138.4
7400724,1123725,3.55
7400724,1123726,2.67
7400724,1123728,3.35
7400724,1123815,15.25
7400724,1123822,25.43
7400724,1124024,7.32
7400724,1124139,7.38
7400724,1124185,27.69
7400724,1124190,33.26
7400724,1124237,98.36
7400724,1124263,12.95
7400724,1124277,33.03
7400724,1124299,140.51
7400724,1124347,55.86
7400724,1124379,10.36
7400724,1124407,240.17
7400724,1124722,5.18
7400724,1124725,10.77
7400724,1124857,29.33
7400724,1124901,19.33
7400724,1124902,15.73
7400724,1125095,215.47
7400724,1125120,6.36
7400724,1125187,51.22
7400724,1127362,27.6
7400724,1127368,6.24
7400724,1137787,37.61
7400724,1138097,5.71
7400724,1138241,4.66
7400724,1138358,49.47
7400724,1138448,85.78
7400724,1138588,68.83
7400724,1138617,4.18
7400724,1138664,3.48
7400724,1138774,8.26
7400724,1138873,82.76
7400724,1139491,13.84
7400724,1139492,8.93
7400724,1139598,23.31
7400724,1139655,46.37
7400724,1140003,193.76
7400724,1140365,54.81
7400724,1140369,43.85
7400724,1140390,48.01
7400724,1140391,71.25
7400724,1140393,60.09
7400724,1141450,405.38
7400724,1141664,31.09
7400724,1141665,36.28
7400724,1141725,66.53
7400724,1142359,2.54
7400724,1142372,31.55
7400724,1142717,42.61
7400724,1143269,47.82
7400724,1143993,91.32
7400724,1144066,2.26
7400724,1144071,6.57
7400724,1144079,6.74
7400724,1144093,44.09
7400724,1144100,22.09
7400724,1144105,58.5
7400724,1144140,75.16
7400724,1144142,48.99
7400724,1144396,110.43
7400724,1145606,72.85
7400724,1145607,79.84
7400724,1145855,67.59
7400724,1146600,45.78
7400724,1146601,45.78
7400724,1146602,45.78
7400724,1146715,429.9
7400724,1147209,81.99
7400724,1147458,89.95
7400724,1147808,116.33
7400724,1147929,7.3
7400724,1148195,72.03
7400724,1148572,68.76
7400724,1148589,36.95
7400724,1148590,38.26
7400724,1148608,730.92
7400724,1148941,724.65
7400724,1150566,70.37
7400724,1151325,156.75
7400724,1151468,3.27
7400724,1151690,17.6
7400724,1152194,46.87
7400724,1152965,50.97
7400724,1154521,4.84
7400724,1154549,33.19
7400724,1154918,793.05
7400724,1156213,11.84
7400724,1156508,55.74
7400724,1156728,44.26
7400724,1157082,90.63
7400724,1157090,10.34
7400724,1157604,36.78
7400724,1157744,38.82
7400724,1157859,66.53
7400724,1157863,66.53
7400724,1157865,65.91
7400724,1157886,40.91
7400724,1157895,41.52
7400724,1157897,48.81
7400724,1157956,66.39
7400724,1157961,43.55
7400724,1157963,41.62
7400724,1158315,45.34
7400724,1158323,15.75
7400724,1158339,59.41
7400724,1158362,50.68
7400724,1158583,41.62
7400724,1158817,37.46
7400724,1158820,35.33
7400724,1158821,36.23
7400724,1158823,45.54
7400724,1158824,34.09
7400724,1158825,43.01
7400724,1158832,70.5
7400724,1158963,67.59
7400724,1159332,58.88
7400724,1159561,47.16
7400724,1159565,59.08
7400724,1159616,38.08
7400724,1159681,56.85
7400724,1159696,78.29
7400724,1159758,7.32
7400724,1159935,101.76
7400724,1159938,101.76
7400724,1159954,50.62
7400724,1160566,25.63
7400724,1160601,70.5
7400724,1160668,0.01
7400724,1160719,53.85
7400724,1161054,40.1
7400724,1161255,42.35
7400724,1161546,55.34
7400724,1161728,67.59
7400724,1162008,29.38
7400724,1162191,78.92
7400724,1162424,70.5
7400724,1162426,19.7
7400724,1162524,60.98
7400724,1162555,63.22
7400724,1162632,43.19
7400724,1162670,43.02
7400724,1162671,47.92
7400724,1162672,36.53
7400724,1162773,83.31
7400724,1163131,84.6
7400724,1163132,53.94
7400724,1163313,51.63
7400724,1163361,22.51
7400724,1163596,53.29
7400724,1163721,27.84
7400724,1163722,41.04
7400724,1163723,44.9
7400724,1163726,84.6
7400724,1163728,23.5
7400724,1164082,356.78
7400724,1164093,37.91
7400724,1164154,55.84
7400724,1164159,84.6
7400724,1164162,57.6
7400724,1165019,33.62
7400724,1165060,36.15
7400724,1165062,32.34
7400724,1165064,35.76
7400724,1165126,84.6
7400724,1165311,30.23
7400724,1166362,54.05
7400724,1166674,44.66
7400724,1166677,46.68
7400724,1166708,56.2
7400724,1166746,51.9
7400724,1167169,32.31
7400724,1167237,87.15
7400724,1167807,62.02
7400724,1167844,83.31
7400724,1167999,73.99
7400724,1168082,1.18
7400724,1168083,1.18
7400724,1168277,87.15
7400724,1168282,74.75
7400724,1168283,73.99
7400724,1168284,83.31
7400724,1168306,1.18
7400724,1168307,1.18
7400724,1168308,3.53
7400724,1168309,3.53
7400724,1168315,1.18
7400724,1168317,3.53
7400724,1168328,84.6
7400724,1168847,31.06
7400724,1168872,41.98
7400724,1169068,58.63
7400724,1169278,62.4
7400724,1170146,313.31
7400724,1170313,50.9
7400724,1170689,47.82
7400724,1170874,37.61
7400724,1170876,37.61
7400724,1170879,37.61
7400724,1170881,37.61
7400724,1171004,31.29
7400724,1171109,57.45
7400724,1171575,1092.26
7400724,1172337,47.28
7400724,1172608,41.58
7400724,1172662,40.5
7400724,1172751,7.17
7400724,1173218,50.78
7400724,1174803,55.85
7400724,1175870,25.15
7400724,1176109,67.59
7400724,1176665,67.59
7400724,1177025,23.68
7400724,1177075,238.69
7400724,1177180,39.14
7400724,1177267,8.97
7400724,1178908,81.31
7400724,1179791,24.97
7400724,1179793,43.71
7400724,1179796,111.75
7400724,1179797,31.28
7400724,1179798,57.16
7400724,1179801,64.39
7400724,1179802,64.39
7400724,1179803,64.39
7400724,1179923,39.15
7400724,1179924,34.24
7400724,1180022,14.25
7400724,1180925,88.08
7400724,1181282,40.35
7400724,1181527,65.72
7400724,1181528,65.72
7400724,1181784,65.72
7400724,1181785,65.72
7400724,1181959,24.56
7400724,1182095,36.93
7400724,1182848,40.35
7400724,1183545,3.83
7400724,1183558,58.75
7400724,1183743,16.34
7400724,1185209,0.01
7400724,1185289,802.38
7400724,1186197,39.81
7400724,1186221,67.03
7400724,1187983,82.25
7400724,1189235,28.01
7400724,1189236,28.01
7400724,1189237,42.85
7400724,1189238,28.27
7400724,1189292,182.35
7400724,1189293,182.35
7400724,1189294,182.35
7400724,1189296,24.32
7400724,1189297,24.93
7400724,1189298,47.93
7400724,1189299,62.08
7400724,1189347,23.38
7400724,1189395,57.16
7400724,1189396,57.16
7400724,1189400,83.74
7400724,1189401,76.22
7400724,1189404,55.85
7400724,1189407,45.74
7400724,1189409,27.05
7400724,1189410,23.21
7400724,1189524,77.81
7400724,1190404,75.54
7400724,1191144,17.39
7400724,1191234,91.38
7400724,1191321,37.19
7400724,1192176,57.83
7400724,1194284,24.57
7400724,1194285,24.57
7400724,1196303,3.25
7400724,1196305,11.52
7400724,1196306,9.15
7400724,1196308,6.94
7400724,1196310,16.04
7400724,1196645,15.93
7400724,1196681,70.59
7400724,1196861,32.9
7400724,1198459,54.81
7400724,1199053,59.41
7400724,1199902,84.44
7400724,1200254,19.25
7400724,1200920,51.56
7400724,1201457,25.4
7400724,1201880,30.01
7400724,1202535,30.27
7400724,1202840,19
7400724,1203109,47.82
7400724,1203515,52.26
7400724,1203840,42.08
7400724,1204907,57.01
7400724,1205045,192.96
7400724,1205269,29.38
7400724,1206562,3.4
7400724,1206914,56.24
7400724,1206948,38.72
7400724,1206955,36.73
7400724,1206958,26.1
7400724,1207158,34.55
7400724,1207345,21.71
7400724,1207577,39.64
7400724,1207580,53.18
7400724,1207788,14.06
7400724,1208297,218.89
7400724,1208532,15.58
7400724,1208628,24.95
7400724,1208629,5.76
7400724,1208631,4.86
7400724,1208888,35.72
7400724,1208889,64.04
7400724,1209001,36.5
7400724,1209279,53.04
7400724,1209850,19.09
7400724,1210614,51.47
7400724,1210751,46.95
7400724,1210752,47.16
7400724,1210784,38.29
7400724,1211736,272.17
7400724,1211843,52.7
7400724,1211844,52.11
7400724,1211868,58.48
7400724,1211893,33.01
7400724,1211894,33.01
7400724,1213073,11.55
7400724,1213550,6.22
7400724,1213896,38.72
7400724,1213898,38.72
7400724,1214864,48.47
7400724,1214914,30.15
7400724,1215970,43.89
7400724,1216042,34.53
7400724,1216181,70.01
7400724,1216439,90.63
7400724,1217519,43.29
7400724,1217646,80.05
7400724,1217656,24.68
7400724,1218041,45.18
7400724,1218300,51.63
7400724,1218438,42.77
7400724,1218751,95.54
7400724,1218900,68.62
7400724,1218901,65.58
7400724,1219058,32.54
7400724,1219063,15.03
7400724,1219310,172.37
7400724,1219371,51.76
7400724,1219380,10.77
7400724,1219586,80.72
7400724,1219701,15.57
7400724,1220183,214.79
7400724,1220185,86.35
7400724,1220629,49.14
7400724,1220650,33.7
7400724,1220680,6.31
7400724,1220873,36.1
7400724,1221297,0.71
7400724,1221372,211.5
7400724,1222106,11.64
7400724,1222446,73.73
7400724,1222477,9.56
7400724,1222848,20.79
7400724,1223397,331.26
7400724,1224114,21.64
7400724,1224187,4.75
7400724,1224245,63.32
7400724,1224251,49.77
7400724,1224887,455.31
7400724,1225140,124.89
7400724,1225342,54.87
7400724,1225536,55.85
7400724,1226166,27.62
7400724,1226741,81.99
7400724,1226742,88.77
7400724,1228229,9.01
7400724,1228285,205.79
7400724,1229291,6.82
7400724,1229302,17.1
7400724,1229447,0.68
7400724,1229749,24.55
7400724,1229961,807.38
7400724,1230016,273.92
7400724,1230377,22.99
7400724,1230643,10.4
7400724,1230686,90.64
7400724,1230870,8.1
7400724,1231086,53.46
7400724,1231135,22.64
7400724,1231257,39.43
7400724,1231505,102
7400724,1231737,24.97
7400724,1231739,55.62
7400724,1232235,55.62
7400724,1232558,64.14
7400724,1232578,40.91
7400724,1232611,79.01
7400724,1232616,67.81
7400724,1232692,19.32
7400724,1232896,58.71
7400724,1233322,20.21
7400724,1233605,55.62
7400724,1233671,22.42
7400724,1233999,22.02
7400724,1234008,9.48
7400724,1234050,49.07
7400724,1234080,9.42
7400724,1234251,29.48
7400724,1234346,46.14
7400724,1234347,40.56
7400724,1234349,15.37
7400724,1234353,14.65
7400724,1234364,15.46
7400724,1234368,29.89
7400724,1234370,22.95
7400724,1234375,41.85
7400724,1234376,32.83
7400724,1234381,44.2
7400724,1234382,34.73
7400724,1234386,36.26
7400724,1234629,71.63
7400724,1235845,524.48
7400724,1235875,99.89
7400724,1236032,196.33
7400724,1236429,0.58
7400724,1236468,51.85
7400724,1236633,39.89
7400724,1237068,328.26
7400724,1237269,75.56
7400724,1238250,28.26
7400724,1238301,5.33
7400724,1238572,111.12
7400724,1239689,71.83
7400724,1239758,38.72
7400724,1240173,112.96
7400724,1240741,29.49
7400724,1241021,0.68
7400724,1241325,11.52
7400724,1241495,61.39
7400724,1241496,61.39
7400724,1241544,481.64
7400724,1242142,238.96
7400724,1242273,86.93
7400724,1243222,31.97
7400724,1243823,71.57
7400724,1244261,58.46
7400724,1244262,58.46
7400724,1244263,58.46
7400724,1244264,58.46
7400724,1246065,30.98
7400724,1246322,100.65
7400724,1246323,37.71
7400724,1246354,54.07
7400724,1246429,76.38
7400724,1246724,93.92
7400724,1246774,0.71
7400724,1247146,91.92
7400724,1247338,48.4
7400724,1247487,9.64
7400724,1247488,10.14
7400724,1247489,9.33
7400724,1247490,10.14
7400724,1247491,9.33
7400724,1247492,10.87
7400724,1247493,12.34
7400724,1247494,11.29
7400724,1247495,12.34
7400724,1247496,11.29
7400724,1247689,56.22
7400724,1247801,0.56
7400724,1247802,0.53
7400724,1247803,0.54
7400724,1247805,0.56
7400724,1247812,16.86
7400724,1248205,23.36
7400724,1248489,80.05
7400724,1248799,52.64
7400724,1248830,11.71
7400724,1248863,30.57
7400724,1248936,67.26
7400724,1249028,115.48
7400724,1249918,8.46
7400724,1250056,44.12
7400724,1250059,34.13
7400724,1250329,3.71
7400724,1250565,18.79
7400724,1250630,46.05
7400724,1250868,36.04
7400724,1251096,81.31
7400724,1251097,71.78
7400724,1251135,34.44
7400724,1251168,453.89
7400724,1251169,341.93
7400724,1251244,78.65
7400724,1251251,52.16
7400724,1251450,5.45
7400724,1251693,45.39
7400724,1252417,3.25
7400724,1252554,55.46
7400724,1252556,63.57
7400724,1252820,35.25
7400724,1253398,86.33
7400724,1253404,69.25
7400724,1253405,81.09
7400724,1253406,69.25
7400724,1253408,55.21
7400724,1253409,69.25
7400724,1253411,151.55
7400724,1253421,80.73
7400724,1253422,80.73
7400724,1253423,80.73
7400724,1253426,109.86
7400724,1253430,80.73
7400724,1253431,97.84
7400724,1253436,92.28
7400724,1253437,92.26
7400724,1253439,92.26
7400724,1253440,73.58
7400724,1253444,73.58
7400724,1253497,131.53
7400724,1253499,131.53
7400724,1253500,131.53
7400724,1253502,131.53
7400724,1253503,131.53
7400724,1253506,267.97
7400724,1253523,294.4
7400724,1253529,296.57
7400724,1253532,159.8
7400724,1253742,4.91
7400724,1254403,64.38
7400724,1254520,14.69
7400724,1254782,35.18
7400724,1254783,38.65
7400724,1254784,40.47
7400724,1254785,35.06
7400724,1254786,36.53
7400724,1254789,36.53
7400724,1254791,34.04
7400724,1254794,35.25
7400724,1254795,38.66
7400724,1254796,38.66
7400724,1256288,109.7
7400724,1256664,6.12
7400724,1257387,15.35
7400724,1257697,62.58
7400724,1257705,28.76
7400724,1258686,38.03
7400724,1259084,201.5
7400724,1259368,64.27
7400724,1259428,71.64
7400724,1259431,94.11
7400724,1259434,128.3
7400724,1259828,57.16
7400724,1260002,92.54
7400724,1260026,60.43
7400724,1260345,61.37
7400724,1260587,66.92
7400724,1260895,81.96
7400724,1260922,50.84
7400724,1261271,70.5
7400724,1261610,12.8
7400724,1262803,70.21
7400724,1262906,49.96
7400724,1263277,69.85
7400724,1263579,77.37
7400724,1264388,42.61
7400724,1264710,64.12
7400724,1264711,64.12
7400724,1264778,18.01
7400724,1265102,64.12
7400724,1265103,64.12
7400724,1266188,77.37
7400724,1266890,34.77
7400724,1267034,71.64
7400724,1267056,2094.98
7400724,1267147,31.97
7400724,1267905,33.86
7400724,1268153,31.97
7400724,1268232,0.01
7400724,1268573,48.53
7400724,1269362,87.89
7400724,1269883,16.04
7400724,1269885,48.81
7400724,1270735,76.06
7400724,1270836,41.89
7400724,1271096,62.63
7400724,1271720,89.19
7400724,1271981,26.66
7400724,1272321,5.04
7400724,1272554,42.05
7400724,1272555,48.81
7400724,1272556,48.81
7400724,1272557,76.22
7400724,1272558,71.29
7400724,1272559,57.89
7400724,1272560,57.89
7400724,1272561,57.89
7400724,1272562,61.39
7400724,1273475,51.1
7400724,1274253,14.06
7400724,1274296,7.92
7400724,1274563,133.59
7400724,1274784,592.54
7400724,1274807,82.37
7400724,1274863,2.94
7400724,1274882,70.74
7400724,1274947,56.96
7400724,1274950,1.18
7400724,1274951,1.18
7400724,1275017,47.29
7400724,1275211,76.06
7400724,1275443,50.7
7400724,1275630,187.32
7400724,1275755,29.49
7400724,1276351,34.77
7400724,1276352,34.77
7400724,1276353,34.77
7400724,1276698,61.98
7400724,1276699,59.46
7400724,1276730,169.06
7400724,1276772,61.79
7400724,1276788,42.38
7400724,1277038,53.4
7400724,1278189,65.52
7400724,1279130,26.33
7400724,1279834,33.7
7400724,1281153,71.13
7400724,1281996,27.15
7400724,1282408,37.78
7400724,1282410,37.78
7400724,1282418,33.02
7400724,1282419,54.99
7400724,1282435,80.02
7400724,1282437,84.07
7400724,1282757,53.46
7400724,1283206,64.33
7400724,1283207,46.06
7400724,1283209,46.06
7400724,1283336,17.63
7400724,1283337,23.5
7400724,1283338,23.5
7400724,1283339,23.5
7400724,1283342,5.88
7400724,1283346,49.88
7400724,1283347,41.6
7400724,1283348,41.6
7400724,1283349,62.1
7400724,1283350,53.99
7400724,1283361,23.5
7400724,1283690,83.67
7400724,1283885,11.75
7400724,1284052,51.45
7400724,1284287,76.72
7400724,1284872,0.47
7400724,1285124,77.08
7400724,1285614,92.75
7400724,1285615,92.75
7400724,1285684,48.42
7400724,1285752,7.51
7400724,1285786,35.25
7400724,1285788,4.7
7400724,1285798,35.25
7400724,1287672,20.33
7400724,1287733,48.52
7400724,1287734,51.04
7400724,1288911,9.78
7400724,1289079,37.67
7400724,1289084,34.06
7400724,1289087,37.32
7400724,1289561,7.16
7400724,1289750,18.8
7400724,1291060,65.52
7400724,1291687,279.84
7400724,1292541,62.1
7400724,1293201,30.94
7400724,1293684,65.29
7400724,1293685,75.2
7400724,1293816,44.74
7400724,1293876,29.43
7400724,1294567,47
7400724,1294810,80.7
7400724,1295045,12.34
7400724,1295046,18.68
7400724,1295338,50.06
7400724,1295617,31.61
7400724,1295627,90.36
7400724,1295723,264.15
7400724,1295897,12.34
7400724,1295898,13.92
7400724,1296026,15.22
7400724,1296085,53.4
7400724,1296805,46.87
7400724,1297512,42.43
7400724,1297553,35.25
7400724,1297555,35.25
7400724,1297558,35.25
7400724,1297559,35.25
7400724,1298173,22.37
7400724,1298174,0.01
7400724,1298456,11.75
7400724,1298516,49.47
7400724,1300024,1.18
7400724,1300336,0.01
7400724,1300340,0.01
7400724,1300342,51.07
7400724,1300684,1.18
7400724,1300789,46.57
7400724,1301484,9.64
7400724,1301523,56.73
7400724,1301524,0.01
7400724,1302320,7.29
7400724,1302323,87.77
7400724,1302777,35.25
7400724,1302778,35.25
7400724,1302852,1.18
7400724,1303497,41.92
7400724,1303502,58.47
7400724,1303504,0.01
7400724,1303505,0.01
7400724,1303921,38.35
7400724,1304269,39.72
7400724,1304577,0.01
7400724,1304579,41.92
7400724,1305771,61.12
7400724,1305772,71.46
7400724,1305773,91.36
7400724,1305774,67.56
7400724,1305775,91.36
7400724,1305776,47.65
7400724,1305777,57.5
7400724,1305781,46.82
7400724,1305782,99.89
7400724,1305786,139.58
7400724,1305787,111.12
7400724,1305789,92.33
7400724,1305790,45.12
7400724,1305792,62.46
7400724,1305793,65.47
7400724,1305794,81.31
7400724,1305795,128.3
7400724,1305796,107.72
7400724,1305797,50.71
7400724,1305799,119.63
7400724,1305829,41.02
7400724,1305851,64.98
7400724,1306704,40.66
7400724,1306706,74.51
7400724,1306708,11.14
7400724,1306713,11.14
7400724,1306763,0.47
7400724,1306764,0.47
7400724,1307048,67.08
7400724,1307510,38.85
7400724,1307751,0.31
7400724,1307881,46.99
7400724,1308127,37.34
7400724,1308128,24.75
7400724,1308129,24.06
7400724,1308134,46.4
7400724,1308140,42.98
7400724,1308144,0.01
7400724,1308147,0.01
7400724,1308166,49.23
7400724,1309238,36.38
7400724,1309415,347.44
7400724,1309566,81.08
7400724,1309569,82.96
7400724,1310321,45.77
7400724,1310964,49.93
7400724,1311013,54.23
7400724,1311091,124.07
7400724,1311332,39.25
7400724,1311336,27.07
7400724,1311338,48.57
7400724,1311339,34.43
7400724,1311340,34.15
7400724,1311343,37.58
7400724,1311345,42.56
7400724,1311346,59.64
7400724,1311347,39.87
7400724,1311349,33.5
7400724,1311760,1.18
7400724,1311918,38.34
7400724,1312305,26.44
7400724,1312553,129.47
7400724,1312587,119.13
7400724,1312651,187.32
7400724,1313047,1.18
7400724,1313376,42.56
7400724,1313585,0.01
7400724,1313586,0.01
7400724,1313696,81.08
7400724,1313976,38.07
7400724,1314009,65.74
7400724,1314093,167.75
7400724,1314260,75.66
7400724,1314523,81.08
7400724,1314570,61.23
7400724,1314936,41.6
7400724,1314954,60.4
7400724,1314999,269.2
7400724,1315081,6.05
7400724,1315369,34.49
7400724,1315548,32.41
7400724,1315888,58.75
7400724,1316652,94
7400724,1316653,152.75
7400724,1316654,52.88
7400724,1316655,64.8
7400724,1316656,74.55
7400724,1316657,60.16
7400724,1317123,33.98
7400724,1317124,33.98
7400724,1317125,33.98
7400724,1317126,33.98
7400724,1317127,33.98
7400724,1317128,33.98
7400724,1317129,33.98
7400724,1317143,11.48
7400724,1317463,95.59
7400724,1317719,3.13
7400724,1318225,269.2
7400724,1318235,57.89
7400724,1318496,26.73
7400724,1318572,3.81
7400724,1319388,0.35
7400724,1319816,54.87
7400724,1319842,182.02
7400724,1319873,286.5
7400724,1320774,5.62
7400724,1320798,31.97
7400724,1321151,42.52
7400724,1321430,37.09
7400724,1321757,7.54
7400724,1322193,46.18
7400724,1322412,3.53
7400724,1322413,3.53
7400724,1323721,10.73
7400724,1323822,9.31
7400724,1324051,6.05
7400724,1324313,42.99
7400724,1324436,69.2
7400724,1324890,29.83
7400724,1325078,34.64
7400724,1325710,62.99
7400724,1325758,9.46
7400724,1325794,44.89
7400724,1325982,17.63
7400724,1326370,19.07
7400724,1326371,54.57
7400724,1326372,112.35
7400724,1326373,81.89
7400724,1326447,43.38
7400724,1326621,9.46
7400724,1326623,11.75
7400724,1326643,35.31
7400724,1326656,105.75
7400724,1326811,11.75
7400724,1326812,8.23
7400724,1326814,17.63
7400724,1327133,28.69
7400724,1327135,1.01
7400724,1328194,0.01
7400724,1328329,1.12
7400724,1329742,100.11
7400724,1329972,1.18
7400724,1330187,69.62
7400724,1330198,1.18
7400724,1330368,24.44
7400724,1330369,35.56
7400724,1330530,109.7
7400724,1330754,381.88
7400724,1330756,381.88
7400724,1330836,85.07
7400724,1331813,37.09
7400724,1332354,38.5
7400724,1332361,61.92
7400724,1332578,79.98
7400724,1332865,30.74
7400724,1333086,10.45
7400724,1333624,43.31
7400724,1334040,730.92
7400724,1334934,100.11
7400724,1335006,98.81
7400724,1335401,32.95
7400724,1336150,26.63
7400724,1336310,21.15
7400724,1336653,39.02
7400724,1337175,101.23
7400724,1337364,116.33
7400724,1337945,24.18
7400724,1337946,21.78
7400724,1338130,8.61
7400724,1338524,23.91
7400724,1338612,66.51
7400724,1338753,66.19
7400724,1338894,9.51
7400724,1338950,35.63
7400724,1339030,37.27
7400724,1339559,58.75
7400724,1340368,44.84
7400724,1340708,42.3
7400724,1340709,32.2
7400724,1340803,19.85
7400724,1340940,60.63
7400724,1341624,54.33
7400724,1342825,53.71
7400724,1343377,356.39
7400724,1344184,68.02
7400724,1344507,69.38
7400724,1344534,45.86
7400724,1345301,41.03
7400724,1346592,55.28
7400724,1346743,14.06
7400724,1346744,16.39
7400724,1347045,30.8
7400724,1347371,36.21
7400724,1347984,31.49
7400724,1348099,81.06
7400724,1348483,38.58
7400724,1350485,28.01
7400724,1350905,41.58
7400724,1352377,91.11
7400724,1352587,16.92
7400724,1352874,44.84
7400724,1353281,55.82
7400724,1353305,13.67
7400724,1355345,49.42
7400724,1355346,49.42
7400724,1355347,49.42
7400724,1355348,49.42
7400724,1355665,4.7
7400724,1356558,43.1
7400724,1357447,162.31
7400724,1358953,14.1
7400724,1359399,64.39
7400724,1359592,49.42
7400724,1360468,60.85
7400724,1360690,31.16
7400724,1360837,43.64
7400724,1361243,49.61
7400724,1361460,52.86
7400724,1361903,36.53
7400724,1362568,184.53
7400724,1362690,29.03
7400724,1362896,41.36
7400724,1363026,21.22
7400724,1363893,347.71
7400724,1363894,347.84
7400724,1363895,347.84
7400724,1363994,26.52
7400724,1364321,28.01
7400724,1364792,40.49
7400724,1364984,42.37
7400724,1365938,56.13
7400724,1366403,286.5
7400724,1367619,50.54
7400724,1367749,36.59
7400724,1367994,16.59
7400724,1368543,180.48
7400724,1368720,49.42
7400724,1368882,303.67
7400724,1368889,49.42
7400724,1368890,49.42
7400724,1370199,20.74
7400724,1370400,126.79
7400724,1370434,38.19
7400724,1370906,5.88
7400724,1370907,5.88
7400724,1371260,56.27
7400724,1371717,4.66
7400724,1372272,1.18
7400724,1372684,38.58
7400724,1372764,149.04
7400724,1374091,44.22
7400724,1374463,51.7
7400724,1374527,667.39
7400724,1374687,303.67
7400724,1374924,22.35
7400724,1376615,42.37
7400724,1377036,57.33
7400724,1377142,57.8
7400724,1378029,136.36
7400724,1378030,136.36
7400724,1379368,38.9
7400724,1379853,13.38
7400724,1379902,5.24
7400724,1380904,303.67
7400724,1381085,48.52
7400724,1381798,59.68
7400724,1381885,57.29
7400724,1382257,44.51
7400724,1383328,126.27
7400724,1383336,1503.06
7400724,1383531,30.24
7400724,1383533,45.31
7400724,1384798,468.95
7400724,1384810,38.6
7400724,1384824,2627.38
7400724,1384891,136.88
7400724,1385076,141.14
7400724,1385417,41.94
7400724,1385672,1148
7400724,1385673,984.18
7400724,1386260,2336.01
7400724,1386452,1175
7400724,1386454,1377.81
7400724,1386456,327.48
7400724,1389260,110.86
7400724,1389261,110.86
7400724,1389703,60.55
7400724,1389865,130.2
7400724,1390071,64.73
7400724,1390118,37.49
7400724,1391163,47.82
7400724,1392649,48.43
7400724,1394709,42.24
7400724,1394710,42.24
7400724,1394711,42.24
7400724,1394904,52.11
7400724,1395195,38.9
7400724,1396118,110.86
7400724,1396748,74.41
7400724,1396835,10.22
7400724,1396965,32.9
7400724,1397175,26.74
7400724,1397568,32.79
7400724,1398213,33.06
7400724,1398215,74.81
7400724,1398849,50.38
7400724,1398967,77.27
7400724,1403010,15.1
7400724,1000014,74.62
7400724,1000149,31.45
7400724,1000151,33.95
7400724,1000154,38.06
7400724,1000156,27.75
7400724,1000868,38
7400724,1001234,33.82
7400724,1001326,54.61
7400724,1001756,32.24
7400724,1001803,71.21
7400724,1001804,2.29
7400724,1001813,44.19
7400724,1001814,37.25
7400724,1001888,24.84
7400724,1001889,31.64
7400724,1001908,37.47
7400724,1002012,25.98
7400724,1002017,38.26
7400724,1002019,38.06
7400724,1002053,71.4
7400724,1002063,4.43
7400724,1002065,86.29
7400724,1002080,3.55
7400724,1002499,19.92
7400724,1003235,4.25
7400724,1003277,48.94
7400724,1003300,5.06
7400724,1003401,3.68
7400724,1003438,4.57
7400724,1003486,4.66
7400724,1003508,59.5
7400724,1003510,81.22
7400724,1003517,2.29
7400724,1003741,116.36
7400724,1003772,82.09
7400724,1004134,38.63
7400724,1004250,98.65
7400724,1004311,7.23
7400724,1004312,100.67
7400724,1004313,17.17
7400724,1004314,77.32
7400724,1004315,20.06
7400724,1004316,1.52
7400724,1004351,133.49
7400724,1004352,173.07
7400724,1004353,147.35
7400724,1004456,89.89
7400724,1004702,4.15
7400724,1004703,15.45
7400724,1005029,75.93
7400724,1005242,94.33
7400724,1005613,140.44
7400724,1005710,0.01
7400724,1006063,59.26
7400724,1006233,4.9
7400724,1006467,57.09
7400724,1006713,52.91
7400724,1007151,103.32
7400724,1007352,24.45
7400724,1007461,47.38
7400724,1007538,62.03
7400724,1007699,63.27
7400724,1007862,59.9
7400724,1007863,69.1
7400724,1008129,43.36
7400724,1008159,53.13
7400724,1008382,2.67
7400724,1008383,99.5
7400724,1008402,77.22
7400724,1008655,38.7
7400724,1008823,0.82
7400724,1009139,94.49
7400724,1009459,63.5
7400724,1009556,14.99
7400724,1009933,144.94
7400724,1009958,57.09
7400724,1009959,62.03
7400724,1010004,168.44
7400724,1010075,74.62
7400724,1010179,92.38
7400724,1010214,221.83
7400724,1010225,144.42
7400724,1010227,85.61
7400724,1010231,170.82
7400724,1010233,189.6
7400724,1010234,227.17
7400724,1010238,177.84
7400724,1010257,100.86
7400724,1010287,171.08
7400724,1010342,96.82
7400724,1010455,159.62
7400724,1010465,143.88
7400724,1010479,130.48
7400724,1010505,66.22
7400724,1010506,64.71
7400724,1010511,77.96
7400724,1010516,86.83
7400724,1010526,97.06
7400724,1010528,86.95
7400724,1010533,106.28
7400724,1010541,90.18
7400724,1010544,136.12
7400724,1010547,127.46
7400724,1010557,127.25
7400724,1010574,125.49
7400724,1010630,83.57
7400724,1010633,71.63
7400724,1010638,78.27
7400724,1010642,105.12
7400724,1010649,109.09
7400724,1010654,125.58
7400724,1010684,127.12
7400724,1010689,91.17
7400724,1010725,136.82
7400724,1010728,168.14
7400724,1010777,64.34
7400724,1010785,70.59
7400724,1010791,57.08
7400724,1010794,72.97
7400724,1010814,36.48
7400724,1010816,43.24
7400724,1010824,94.38
7400724,1010831,51.88
7400724,1010837,43.23
7400724,1010838,53.36
7400724,1010873,351.74
7400724,1010885,81.47
7400724,1010888,51.78
7400724,1010893,48
7400724,1010894,56.95
7400724,1010902,65.96
7400724,1010904,86.97
7400724,1010932,71.03
7400724,1010933,61.38
7400724,1010948,78.11
7400724,1010951,72.12
7400724,1010959,77.79
7400724,1010960,89.41
7400724,1010964,89.32
7400724,1010986,79.28
7400724,1010995,61.97
7400724,1010996,57.95
7400724,1010997,57.68
7400724,1010998,90.64
7400724,1010999,103.04
7400724,1011000,71.29
7400724,1011002,67.02
7400724,1011003,95.94
7400724,1011007,88.98
7400724,1011012,85.22
7400724,1011018,88.98
7400724,1011022,59.94
7400724,1011029,64.66
7400724,1011050,80.33
7400724,1011052,64.66
7400724,1011107,107.77
7400724,1011184,46.94
7400724,1011385,30.16
7400724,1011388,56.86
7400724,1011444,66.21
7400724,1011446,71.29
7400724,1011447,87.85
7400724,1011448,94.67
7400724,1011449,96.21
7400724,1011464,95.14
7400724,1011519,71.52
7400724,1011520,92.59
7400724,1011521,103.11
7400724,1011522,81.72
7400724,1011523,100.05
7400724,1011524,140.93
7400724,1011526,150.28
7400724,1011527,102.97
7400724,1011535,90.17
7400724,1011536,48.4
7400724,1011537,69.28
7400724,1011538,87.13
7400724,1011559,38.12
7400724,1011567,63.27
7400724,1011573,114
7400724,1011581,26.68
7400724,1011584,30.82
7400724,1011592,72.12
7400724,1011635,109.25
7400724,1011636,125.94
7400724,1011650,54.17
7400724,1011673,54.29
7400724,1011684,54.58
7400724,1011696,142.23
7400724,1011697,142.7
7400724,1011698,70.68
7400724,1011704,60.4
7400724,1011705,68.62
7400724,1011710,80.96
7400724,1011723,102.87
7400724,1011731,113.15
7400724,1011742,132.36
7400724,1011866,66.12
7400724,1011873,108.61
7400724,1011874,108.61
7400724,1011889,85.01
7400724,1011955,75.71
7400724,1011959,87.95
7400724,1011960,88.29
7400724,1011986,130.27
7400724,1011987,128.47
7400724,1012005,130.45
7400724,1012006,110.71
7400724,1012034,140.14
7400724,1012036,47.82
7400724,1012062,83.54
7400724,1012071,75.95
7400724,1012142,102.82
7400724,1012182,81.15
7400724,1012189,89.21
7400724,1012200,107.24
7400724,1012203,54.65
7400724,1012206,199.19
7400724,1012211,149.04
7400724,1012212,113.69
7400724,1012266,200.84
7400724,1012268,106.4
7400724,1012269,121.88
7400724,1012270,104.74
7400724,1012272,56.41
7400724,1012274,65.48
7400724,1012276,137.7
7400724,1012277,85.55
7400724,1012293,62.67
7400724,1012325,98.85
7400724,1012326,72.12
7400724,1012337,79.54
7400724,1012434,128.44
7400724,1012451,128.87
7400724,1012538,37.14
7400724,1012644,249.82
7400724,1012743,37.86
7400724,1012840,66.12
7400724,1012850,57.93
7400724,1012869,110.96
7400724,1012978,64.73
7400724,1012992,100.44
7400724,1012993,64.45
7400724,1012996,46.38
7400724,1013010,70.74
7400724,1013026,46.87
7400724,1013040,49.78
7400724,1013045,147.35
7400724,1013050,87.6
7400724,1013068,51.94
7400724,1013115,119.32
7400724,1013210,2.35
7400724,1013245,206.66
7400724,1013290,84.46
7400724,1013306,100.85
7400724,1013307,64.91
7400724,1013325,79.84
7400724,1013326,122.42
7400724,1013327,39.79
7400724,1013329,68.86
7400724,1013331,63.77
7400724,1013368,162.56
7400724,1013433,71.83
7400724,1013476,100.91
7400724,1013478,1.63
7400724,1013501,44.34
7400724,1013503,47.56
7400724,1013505,55.48
7400724,1013594,82.91
7400724,1013647,1.19
7400724,1013702,2
7400724,1013854,1.4
7400724,1013855,1.54
7400724,1013946,78.49
7400724,1013997,151.46
7400724,1014011,61.71
7400724,1014149,61.05
7400724,1014184,62.22
7400724,1014199,99.29
7400724,1014200,66.25
7400724,1014593,46.24
7400724,1014698,104.76
7400724,1014706,94.74
7400724,1014708,69.69
7400724,1014712,39.4
7400724,1014716,52.49
7400724,1014899,105.49
7400724,1014900,56.46
7400724,1014908,28
7400724,1014917,50.94
7400724,1014918,65.07
7400724,1014922,50.68
7400724,1014923,68.74
7400724,1014925,32.08
7400724,1014926,55.99
7400724,1014927,58.52
7400724,1014929,54.85
7400724,1014930,52.93
7400724,1014940,114.77
7400724,1015027,78.76
7400724,1015033,127.37
7400724,1015072,104.9
7400724,1015089,68.24
7400724,1015090,67.63
7400724,1015091,78.08
7400724,1015102,39.21
7400724,1015105,34.42
7400724,1015110,59.49
7400724,1015118,50.36
7400724,1015121,79.01
7400724,1015236,73.2
7400724,1015270,128.46
7400724,1015272,115.15
7400724,1015340,81.5
7400724,1015341,71.43
7400724,1015349,90.04
7400724,1015354,104.9
7400724,1015368,51.03
7400724,1015400,93.07
7400724,1015576,92.65
7400724,1015666,298.83
7400724,1015717,66.51
7400724,1015913,34.53
7400724,1015914,28.87
7400724,1015937,95.48
7400724,1015949,93.75
7400724,1015950,63.16
7400724,1015955,60.98
7400724,1016019,178.41
7400724,1016021,216.89
7400724,1016031,68.74
7400724,1016037,88.71
7400724,1016039,310.69
7400724,1016041,71.93
7400724,1016061,216.16
7400724,1016079,71.23
7400724,1016092,93.33
7400724,1016110,62.66
7400724,1016236,153.96
7400724,1016246,245.72
7400724,1016265,51.68
7400724,1016292,69.49
7400724,1016293,73.44
7400724,1016304,60.99
7400724,1016305,60.99
7400724,1016306,51.92
7400724,1016326,54.46
7400724,1016334,69.94
7400724,1016340,101.31
7400724,1016345,220.49
7400724,1016377,144.62
7400724,1016378,156.98
7400724,1016379,246.2
7400724,1016386,189.57
7400724,1016399,31.03
7400724,1016400,102.37
7400724,1016432,84.66
7400724,1016438,110.67
7400724,1016439,110.67
7400724,1016441,110.67
7400724,1016442,92.66
7400724,1016443,118.15
7400724,1016447,109.02
7400724,1016448,106.81
7400724,1016456,90.56
7400724,1016457,63.52
7400724,1016458,120.03
7400724,1016475,104.23
7400724,1016477,158.24
7400724,1016478,102.01
7400724,1016480,90.95
7400724,1016481,92.71
7400724,1016483,90.04
7400724,1016489,78.61
7400724,1016500,96.3
7400724,1016502,73.44
7400724,1016506,135.13
7400724,1016508,86.84
7400724,1016517,59.57
7400724,1016528,46.4
7400724,1016533,281.46
7400724,1016537,55.79
7400724,1016557,59.71
7400724,1016561,39.77
7400724,1016567,45.25
7400724,1016576,65.48
7400724,1016581,63.16
7400724,1016583,42.04
7400724,1016591,70.57
7400724,1016596,62.06
7400724,1016597,70.36
7400724,1016598,62.16
7400724,1016601,72.22
7400724,1016603,82.23
7400724,1016605,46.92
7400724,1016606,53.03
7400724,1016613,34.98
7400724,1016614,71.77
7400724,1016615,54.54
7400724,1016616,81.96
7400724,1016617,83.77
7400724,1016618,67.2
7400724,1016620,63.52
7400724,1016621,76.85
7400724,1016622,73.7
7400724,1016624,108.22
7400724,1016626,79.67
7400724,1016627,87.78
7400724,1016628,81.39
7400724,1016638,72.06
7400724,1016639,87
7400724,1016657,62.18
7400724,1016658,91.17
7400724,1016663,48.28
7400724,1016664,50.53
7400724,1016667,91.29
7400724,1016669,33.44
7400724,1016746,75.28
7400724,1016748,65.05
7400724,1016750,93.25
7400724,1016754,50
7400724,1016772,52.09
7400724,1016850,4.57
7400724,1016855,50.35
7400724,1016873,52.49
7400724,1016880,52.5
7400724,1016898,76.27
7400724,1016908,75.91
7400724,1017025,54.38
7400724,1017461,51.95
7400724,1017718,118.63
7400724,1017876,6.39
7400724,1017884,67.05
7400724,1018019,122.16
7400724,1018020,94.06
7400724,1018058,69.52
7400724,1018069,75.78
7400724,1018073,25.49
7400724,1018086,31.11
7400724,1018092,73.6
7400724,1018093,87.35
7400724,1018101,25.19
7400724,1018106,51.23
7400724,1018108,57.9
7400724,1018109,56.07
7400724,1018111,72.86
7400724,1018115,29.97
7400724,1018120,96.47
7400724,1018124,70.31
7400724,1018125,51.12
7400724,1018126,30.67
7400724,1018128,42.44
7400724,1018130,66.18
7400724,1018132,61.53
7400724,1018133,50.87
7400724,1018134,80.11
7400724,1018135,53.37
7400724,1018149,59.15
7400724,1018150,33.73
7400724,1018155,70.64
7400724,1018164,75.18
7400724,1018167,45.27
7400724,1018174,35.8
7400724,1018175,58.48
7400724,1018180,44.69
7400724,1018181,85.96
7400724,1018192,96.75
7400724,1018202,98.36
7400724,1018204,48.84
7400724,1018208,55.97
7400724,1018209,80.46
7400724,1018210,75.87
7400724,1018213,85.53
7400724,1018220,59.7
7400724,1018221,29.52
7400724,1018222,49.93
7400724,1018232,53.24
7400724,1018233,82.9
7400724,1018239,42.44
7400724,1018240,59.87
7400724,1018245,87.34
7400724,1018246,55.91
7400724,1018248,50.09
7400724,1018250,36.92
7400724,1018251,56.93
7400724,1018265,45
7400724,1018271,63.76
7400724,1018272,49.87
7400724,1018273,76.41
7400724,1018274,87.94
7400724,1018277,50.34
7400724,1018280,56.39
7400724,1018285,55.14
7400724,1018288,57.22
7400724,1018290,59.8
7400724,1018292,76.21
7400724,1018319,31.81
7400724,1018320,39.94
7400724,1018324,95.42
7400724,1018326,26.66
7400724,1018327,26.11
7400724,1018331,39.21
7400724,1018336,39.83
7400724,1018343,89.69
7400724,1018344,36.78
7400724,1018345,27.28
7400724,1018349,55.26
7400724,1018350,65.62
7400724,1018351,31.67
7400724,1018355,31.35
7400724,1018359,62.42
7400724,1018364,67.53
7400724,1018365,39.46
7400724,1018378,14.1
7400724,1018384,37.05
7400724,1018388,16.97
7400724,1018391,17.32
7400724,1018396,23.43
7400724,1018397,24.17
7400724,1018400,25.6
7400724,1018401,29.08
7400724,1018402,21.82
7400724,1018405,19.63
7400724,1018406,19.55
7400724,1018409,38.23
7400724,1018410,23.5
7400724,1018413,26.84
7400724,1018421,21.89
7400724,1018422,22.08
7400724,1018425,28.82
7400724,1018426,40.55
7400724,1018428,25.07
7400724,1018429,24.83
7400724,1018434,24.02
7400724,1018435,24.12
7400724,1018436,22.11
7400724,1018437,20.25
7400724,1018438,30.04
7400724,1018441,40.26
7400724,1018444,29.49
7400724,1018447,28.94
7400724,1018448,32.41
7400724,1018449,12.13
7400724,1018450,65.54
7400724,1018452,60.48
7400724,1018453,26.43
7400724,1018454,72.32
7400724,1018458,32.44
7400724,1018460,25.5
7400724,1018462,19.68
7400724,1018466,39.41
7400724,1018468,47.39
7400724,1018471,74.51
7400724,1018475,41.34
7400724,1018483,107.82
7400724,1018485,127.02
7400724,1018486,76.81
7400724,1018494,28.39
7400724,1018497,35.63
7400724,1018501,91.52
7400724,1018521,34.37
7400724,1018528,47.42
7400724,1018532,102.7
7400724,1018538,96.34
7400724,1018541,105.16
7400724,1018549,74.92
7400724,1018557,99.08
7400724,1018558,100.92
7400724,1018569,72.66
7400724,1018571,84.35
7400724,1018580,86.28
7400724,1018584,106.97
7400724,1018585,107.61
7400724,1018590,103.65
7400724,1018591,134.75
7400724,1018592,95.57
7400724,1018593,94.52
7400724,1018594,99.45
7400724,1018619,56.96
7400724,1018621,87.7
7400724,1018627,85.33
7400724,1018637,98.1
7400724,1018644,111.21
7400724,1018650,60.57
7400724,1018678,54.16
7400724,1018682,38.28
7400724,1018684,50.38
7400724,1018686,46.55
7400724,1018689,41.81
7400724,1018693,48.47
7400724,1018700,62.06
7400724,1018712,72.26
7400724,1018732,27.42
7400724,1018734,35.27
7400724,1018742,29.41
7400724,1018768,54.92
7400724,1018789,23.79
7400724,1018806,27.18
7400724,1018810,66.82
7400724,1018811,58.5
7400724,1018813,33.77
7400724,1018821,41.72
7400724,1018828,85.89
7400724,1018834,29.41
7400724,1018850,82.91
7400724,1018873,45.71
7400724,1018885,42.32
7400724,1018894,38.35
7400724,1018899,42.45
7400724,1018900,45.07
7400724,1018901,40.37
7400724,1018914,59.33
7400724,1018923,35.44
7400724,1018928,60.41
7400724,1019006,60.75
7400724,1019008,45.71
7400724,1019015,48.82
7400724,1019021,48.82
7400724,1019030,27.52
7400724,1019034,38.68
7400724,1019068,55.45
7400724,1019069,55.45
7400724,1019071,55.45
7400724,1019077,57.46
7400724,1019228,126.97
7400724,1019248,99.88
7400724,1019265,72.83
7400724,1019291,154.82
7400724,1019375,112.08
7400724,1019376,54.87
7400724,1019377,61.69
7400724,1019411,145.55
7400724,1019601,69.67
7400724,1019762,225.04
7400724,1019763,149.82
7400724,1019764,173.25
7400724,1019765,47.78
7400724,1019766,66.92
7400724,1019769,65.74
7400724,1019801,45.64
7400724,1019807,45.64
7400724,1019811,59.27
7400724,1019823,40.09
7400724,1019858,69.34
7400724,1019886,27.99
7400724,1019888,25.67
7400724,1019895,226.23
7400724,1019933,28.41
7400724,1019937,23.49
7400724,1019939,29.16
7400724,1019940,29.15
7400724,1019946,23.49
7400724,1019970,64.73
7400724,1019979,78.78
7400724,1020044,134.24
7400724,1020047,106.97
7400724,1020107,84.47
7400724,1020113,85.69
7400724,1020114,102.4
7400724,1020117,94.4
7400724,1020121,126.86
7400724,1020124,76.57
7400724,1020125,79.61
7400724,1020126,83.31
7400724,1020127,73.61
7400724,1020128,80.3
7400724,1020135,106.82
7400724,1020136,80.3
7400724,1020138,83.06
7400724,1020147,111.86
7400724,1020150,121.51
7400724,1020153,103.2
7400724,1020158,49.39
7400724,1020161,149.41
7400724,1020162,36.97
7400724,1020164,41.07
7400724,1020165,41.07
7400724,1020166,21.81
7400724,1020167,24.17
7400724,1020217,95.57
7400724,1020218,96.9
7400724,1020277,36.32
7400724,1020319,91.74
7400724,1020327,58.43
7400724,1020360,187.78
7400724,1020361,374.86
7400724,1020362,259.99
7400724,1020375,102.77
7400724,1020376,102.77
7400724,1020377,52.88
7400724,1020380,75.72
7400724,1020382,93.96
7400724,1020384,73.61
7400724,1020389,76.57
7400724,1020395,118.51
7400724,1020415,70.61
7400724,1020417,52.08
7400724,1020419,36.47
7400724,1020427,111.65
7400724,1020442,88.64
7400724,1020472,67.28
7400724,1020597,72.26
7400724,1020718,114.68
7400724,1020726,30.21
7400724,1020727,30.21
7400724,1020728,27.44
7400724,1020729,27.44
7400724,1020730,29.29
7400724,1020731,29.29
7400724,1020742,103.36
7400724,1020749,36.65
7400724,1020761,42.84
7400724,1020762,36.65
7400724,1020763,52.03
7400724,1020764,94
7400724,1020770,65.67
7400724,1020772,29.29
7400724,1020773,29.29
7400724,1020774,27.44
7400724,1020775,27.44
7400724,1020776,74.21
7400724,1020777,74.21
7400724,1020803,20.84
7400724,1020804,20.84
7400724,1020805,22.24
7400724,1020806,22.24
7400724,1020811,56.36
7400724,1020821,28.45
7400724,1020833,43.63
7400724,1020836,25.26
7400724,1020837,97.8
7400724,1020854,39.81
7400724,1020860,112.78
7400724,1020865,56.08
7400724,1020866,124.86
7400724,1020944,80.51
7400724,1020956,149.91
7400724,1020979,3.14
7400724,1021004,4.15
7400724,1021017,393
7400724,1021085,33.3
7400724,1021104,27.85
7400724,1021107,132.12
7400724,1021150,102.75
7400724,1021225,133.53
7400724,1021250,52.95
7400724,1021262,146.98
7400724,1021275,46.86
7400724,1021279,60.07
7400724,1021283,57.85
7400724,1021297,56.4
7400724,1021298,2.47
7400724,1021300,62.46
7400724,1021303,3.14
7400724,1021304,3.14
7400724,1021305,62.32
7400724,1021313,86.52
7400724,1021314,4.15
7400724,1021317,47.38
7400724,1021318,4.15
7400724,1021319,16.09
7400724,1021321,3.14
7400724,1021322,47.38
7400724,1021325,68.76
7400724,1021339,149.34
7400724,1021348,188.78
7400724,1021352,313.62
7400724,1021388,35.11
7400724,1021429,80.12
7400724,1021457,51.12
7400724,1021459,51.94
7400724,1021466,69.81
7400724,1021496,89.75
7400724,1021512,46.54
7400724,1021522,350.07
7400724,1021526,56
7400724,1021531,301.7
7400724,1021724,4.15
7400724,1021769,129.64
7400724,1021864,64.9
7400724,1021867,135.97
7400724,1021888,159.75
7400724,1021959,48.92
7400724,1021996,186.5
7400724,1022022,73.9
7400724,1022116,223.06
7400724,1022135,62.23
7400724,1022148,5.68
7400724,1022235,35.11
7400724,1022236,80.17
7400724,1022271,26.83
7400724,1022297,28.18
7400724,1022298,30.9
7400724,1022320,32.43
7400724,1022326,79.88
7400724,1022357,4.15
7400724,1022358,24.48
7400724,1022375,151.21
7400724,1022389,45.54
7400724,1022419,20.8
7400724,1022428,55
7400724,1022429,16.63
7400724,1022786,54.97
7400724,1022833,22.6
7400724,1022939,53.67
7400724,1023043,60.54
7400724,1023117,53.26
7400724,1023179,61.72
7400724,1023210,59.62
7400724,1023211,74.17
7400724,1023213,36.39
7400724,1023247,43.37
7400724,1023248,56.09
7400724,1023249,62.7
7400724,1023348,52.49
7400724,1023354,52.12
7400724,1023355,37.17
7400724,1023358,30.41
7400724,1023366,42.28
7400724,1023422,41.57
7400724,1023431,39.64
7400724,1023439,42.55
7400724,1023451,40.95
7400724,1023523,30.41
7400724,1023645,28.35
7400724,1023646,26
7400724,1023674,23.82
7400724,1023872,49.24
7400724,1023935,55.2
7400724,1023941,31.64
7400724,1023969,28.49
7400724,1024138,46.81
7400724,1024213,58.68
7400724,1024263,43.84
7400724,1024269,31.37
7400724,1024270,46.21
7400724,1024373,55.48
7400724,1024419,30.55
7400724,1024424,29.47
7400724,1024425,27.86
7400724,1024575,44.02
7400724,1024579,38.22
7400724,1024606,35.94
7400724,1024808,52.43
7400724,1024896,30.74
7400724,1024936,0.01
7400724,1024938,17.63
7400724,1024940,17.63
7400724,1024967,103.96
7400724,1025056,60.01
7400724,1025197,25.59
7400724,1025235,33.84
7400724,1025416,58.32
7400724,1025686,36.79
7400724,1025733,43.23
7400724,1025734,47.88
7400724,1025737,47.88
7400724,1025742,41.4
7400724,1025746,40.47
7400724,1025790,49.55
7400724,1025798,19.36
7400724,1025815,48.86
7400724,1025945,59.24
7400724,1025946,56.79
7400724,1025970,55.2
7400724,1026168,11.75
7400724,1026190,44.29
7400724,1026192,41.4
7400724,1026994,76.65
7400724,1027321,34.6
7400724,1027780,44.17
7400724,1027939,32.97
7400724,1028021,49.49
7400724,1028106,65.73
7400724,1028374,43.77
7400724,1029129,164.74
7400724,1030603,40.62
7400724,1030604,40.62
7400724,1030655,40.62
7400724,1030896,61.16
7400724,1030970,29.43
7400724,1031141,26.52
7400724,1031142,23.75
7400724,1031143,24.43
7400724,1031426,17.33
7400724,1031435,21.8
7400724,1031436,21.74
7400724,1031437,20.21
7400724,1031438,21.51
7400724,1031499,63.98
7400724,1031500,59.24
7400724,1031501,48.55
7400724,1031503,62.84
7400724,1031504,59
7400724,1031505,47.87
7400724,1031507,61.89
7400724,1031508,63.52
7400724,1031511,61.96
7400724,1031547,68.33
7400724,1031549,69.44
7400724,1031551,67.14
7400724,1032751,34.71
7400724,1032752,26.19
7400724,1032754,32.01
7400724,1032755,31.28
7400724,1032763,29.55
7400724,1033154,25.83
7400724,1033518,85.63
7400724,1033709,53.67
7400724,1034304,40.21
7400724,1034383,21.2
7400724,1034388,41.3
7400724,1034389,52.38
7400724,1039770,58.1
7400724,1039772,63.98
7400724,1039773,70.56
7400724,1039865,115.86
7400724,1039867,123.02
7400724,1039892,91.59
7400724,1039894,115.62
7400724,1039899,77.37
7400724,1039901,86.89
7400724,1039903,103.11
7400724,1039909,61.69
7400724,1040059,57.46
7400724,1040060,102.52
7400724,1040061,54.52
7400724,1040069,98.76
7400724,1040078,80.08
7400724,1040079,87.3
7400724,1040080,51.64
7400724,1040092,90.48
7400724,1040102,32.08
7400724,1040183,87.54
7400724,1040203,68.09
7400724,1040241,106.46
7400724,1040248,126.55
7400724,1040252,45.18
7400724,1040253,35.02
7400724,1040254,45.24
7400724,1040255,37.25
7400724,1040454,95.35
7400724,1040460,56.17
7400724,1040465,54.05
7400724,1040469,48.29
7400724,1040495,149.93
7400724,1040535,126.31
7400724,1040537,96.7
7400724,1040798,70.74
7400724,1041076,169.73
7400724,1041192,63.59
7400724,1041215,155.22
7400724,1041231,68.74
7400724,1041319,83.25
7400724,1041559,8.15
7400724,1042102,22.8
7400724,1042106,23.14
7400724,1042108,21.22
7400724,1042109,63.16
7400724,1042666,106.22
7400724,1042673,167.03
7400724,1042675,167.03
7400724,1042710,38.72
7400724,1042719,7.87
7400724,1042720,8.65
7400724,1042721,18.1
7400724,1042723,24.37
7400724,1042724,28.89
7400724,1042726,51.97
7400724,1042728,64.35
7400724,1042729,76.56
7400724,1042734,17.43
7400724,1042752,9.62
7400724,1042758,16.93
7400724,1042759,16.73
7400724,1042785,55.34
7400724,1042815,28.21
7400724,1042818,23.63
7400724,1042842,84.37
7400724,1043125,180.3
7400724,1043133,183.48
7400724,1043171,32.61
7400724,1043174,77.84
7400724,1043269,104.99
7400724,1043308,92.59
7400724,1043312,120.56
7400724,1043316,157.51
7400724,1043332,60.34
7400724,1043363,164.27
7400724,1043367,164.27
7400724,1043399,79.84
7400724,1043401,82.66
7400724,1043403,127.14
7400724,1043454,180.3
7400724,1043461,55.58
7400724,1043467,47
7400724,1043508,53.87
7400724,1043510,57.49
7400724,1043553,24.21
7400724,1043594,22.84
7400724,1043612,28.49
7400724,1043618,29.38
7400724,1043661,22.62
7400724,1043753,61.92
7400724,1043913,16.27
7400724,1043916,53.29
7400724,1043957,75.62
7400724,1043969,69.89
7400724,1043970,112.82
7400724,1044086,31.9
7400724,1044088,56.26
7400724,1044089,26.79
7400724,1044090,42.41
7400724,1044091,53.03
7400724,1044092,35.96
7400724,1044093,50.04
7400724,1044094,10.21
7400724,1044096,6.77
7400724,1044097,11.33
7400724,1044099,28.91
7400724,1044100,22.94
7400724,1044102,34.63
7400724,1044103,19.38
7400724,1044105,19.6
7400724,1044106,24.18
7400724,1044107,13.59
7400724,1044109,16.57
7400724,1044110,26.5
7400724,1044111,17.23
7400724,1044112,19.45
7400724,1044114,27.27
7400724,1044115,21.75
7400724,1044117,42.41
7400724,1044119,36.04
7400724,1044120,22.78
7400724,1044121,25.46
7400724,1044122,32.81
7400724,1044124,28.38
7400724,1044126,0.01
7400724,1044133,19.46
7400724,1044150,42.85
7400724,1044151,35.12
7400724,1044152,37.04
7400724,1044153,31.18
7400724,1044154,33.51
7400724,1044246,65.29
7400724,1044247,49.6
7400724,1044399,20.39
7400724,1044402,14.49
7400724,1044420,16.52
7400724,1044422,8.35
7400724,1044455,104.87
7400724,1044457,44.74
7400724,1044470,136.12
7400724,1044475,39.83
7400724,1044481,40.31
7400724,1044498,18.24
7400724,1044532,83.25
7400724,1044593,155.22
7400724,1044605,29.2
7400724,1044722,42.55
7400724,1044723,55.89
7400724,1044724,41.03
7400724,1044757,16.91
7400724,1044837,83.25
7400724,1044840,86.21
7400724,1044847,40.37
7400724,1044855,84.32
7400724,1044856,78.16
7400724,1044877,56.53
7400724,1044878,54.46
7400724,1044880,11.52
7400724,1044894,62.1
7400724,1044903,89.71
7400724,1044920,22.03
7400724,1044956,44.9
7400724,1045031,97.77
7400724,1045602,39.83
7400724,1045616,16.87
7400724,1045861,44.94
7400724,1045908,42.3
7400724,1045909,146.23
7400724,1045997,28.67
7400724,1045998,41.89
7400724,1045999,56.17
7400724,1046088,62.33
7400724,1046156,85.95
7400724,1046158,64.1
7400724,1046165,71.91
7400724,1046179,117.79
7400724,1046265,39.77
7400724,1046268,48.76
7400724,1046269,70.38
7400724,1046270,78.26
7400724,1046274,75.91
7400724,1046291,234.41
7400724,1047463,10.9
7400724,1047505,96.94
7400724,1047560,21.27
7400724,1047706,36.23
7400724,1047715,124.64
7400724,1047729,16.31
7400724,1047730,27.73
7400724,1047975,32.39
7400724,1047978,34.9
7400724,1048111,22.27
7400724,1048115,40.02
7400724,1048140,30.35
7400724,1048169,33.59
7400724,1048857,111.07
7400724,1049016,43.11
7400724,1049039,107.69
7400724,1049040,164.27
7400724,1049042,132.54
7400724,1049046,68.97
7400724,1049063,60.98
7400724,1049075,142.35
7400724,1049086,142.35
7400724,1049101,30.94
7400724,1049103,54.77
7400724,1049132,50.16
7400724,1049139,104.38
7400724,1049191,79.18
7400724,1049192,65.71
7400724,1049194,94.25
7400724,1049197,158.01
7400724,1049198,241.26
7400724,1049201,109.02
7400724,1049204,46.85
7400724,1049316,64.92
7400724,1049327,115.29
7400724,1049328,38.2
7400724,1049329,59.13
7400724,1049356,122.12
7400724,1049358,113.07
7400724,1049370,91.91
7400724,1049378,65
7400724,1049397,85.08
7400724,1049404,65.29
7400724,1049410,48.57
7400724,1049417,145.55
7400724,1049423,103.72
7400724,1049430,72.83
7400724,1049523,156.12
7400724,1049525,26.24
7400724,1049592,108.53
7400724,1049710,79.25
7400724,1049712,82.43
7400724,1049714,74.51
7400724,1049808,59.78
7400724,1049809,29.21
7400724,1050044,198.07
7400724,1050045,77.63
7400724,1050048,57.03
7400724,1050094,205.3
7400724,1050244,42.25
7400724,1050323,47.33
7400724,1050343,44.51
7400724,1050345,44.45
7400724,1050347,54.59
7400724,1050366,49.48
7400724,1050368,94.55
7400724,1050487,78.26
7400724,1050496,83.57
7400724,1050497,106.71
7400724,1050790,13.65
7400724,1050791,13.65
7400724,1050792,19.86
7400724,1050793,19.86
7400724,1050796,25.94
7400724,1050800,17.72
7400724,1050804,24.49
7400724,1050805,23.7
7400724,1050806,23.7
7400724,1050807,14.63
7400724,1050808,14.64
7400724,1050809,17.78
7400724,1050810,17.78
7400724,1050811,23.37
7400724,1050812,23.37
7400724,1050814,26.38
7400724,1050824,20.22
7400724,1050825,21.89
7400724,1050826,35.47
7400724,1050828,39.01
7400724,1050829,28.24
7400724,1050830,28.16
7400724,1050832,22.33
7400724,1050833,22.33
7400724,1050834,22.33
7400724,1050837,30.28
7400724,1050839,30.28
7400724,1050843,19.85
7400724,1050846,25.26
7400724,1050848,19.73
7400724,1050851,22.81
7400724,1050853,18.92
7400724,1050855,21.67
7400724,1050856,21.67
7400724,1050858,25.92
7400724,1050859,32.22
7400724,1050860,32.22
7400724,1051710,19.47
7400724,1051731,52.48
7400724,1052334,46.98
7400724,1053050,43.66
7400724,1053370,13.02
7400724,1053376,12.55
7400724,1053381,9.47
7400724,1053385,0.01
7400724,1053391,11.59
7400724,1053396,10.86
7400724,1053405,10.49
7400724,1053407,10.49
7400724,1054462,27.18
7400724,1054643,20.84
7400724,1054665,29.26
7400724,1054712,56.91
7400724,1054717,37.38
7400724,1054756,26.88
7400724,1054760,0.01
7400724,1054761,49.51
7400724,1054768,0.01
7400724,1054769,58.08
7400724,1054770,21.77
7400724,1054771,52.04
7400724,1054772,51.89
7400724,1054773,36.78
7400724,1054774,56.91
7400724,1054775,54.61
7400724,1054778,23.23
7400724,1054779,46.41
7400724,1054780,22.17
7400724,1054781,44.37
7400724,1054785,56.28
7400724,1054787,53.38
7400724,1054788,32.34
7400724,1054789,59.58
7400724,1054791,15.57
7400724,1054799,41.72
7400724,1054805,0.01
7400724,1054815,37.59
7400724,1054819,51.7
7400724,1054821,25.98
7400724,1054860,0.01
7400724,1054883,22.27
7400724,1054886,26.88
7400724,1054926,0.01
7400724,1054927,14.39
7400724,1054948,27.53
7400724,1054985,26.88
7400724,1054991,41.72
7400724,1055002,20.81
7400724,1055011,0.01
7400724,1055036,26.32
7400724,1055044,37.52
7400724,1055323,37.48
7400724,1055501,41.01
7400724,1055502,57.65
7400724,1055508,59.98
7400724,1055516,37.54
7400724,1055517,44.96
7400724,1055527,50.2
7400724,1055542,52.77
7400724,1055667,35.63
7400724,1055681,26.98
7400724,1055684,38.78
7400724,1055687,46.4
7400724,1055691,28.49
7400724,1055713,16.83
7400724,1055714,17.3
7400724,1055715,36.84
7400724,1055716,24.98
7400724,1055717,28.98
7400724,1055718,27.92
7400724,1055719,31.81
7400724,1055720,39.88
7400724,1055721,38.34
7400724,1055723,54.88
7400724,1055724,29.02
7400724,1055725,32.86
7400724,1055726,44.36
7400724,1055727,24.62
7400724,1055728,27.69
7400724,1055729,33.1
7400724,1055730,30.73
7400724,1055731,36.17
7400724,1055733,18.68
7400724,1055734,19.33
7400724,1055735,43.76
7400724,1055736,32.78
7400724,1055737,31.04
7400724,1055738,32.11
7400724,1055739,18.45
7400724,1055740,22.1
7400724,1055742,31.35
7400724,1055743,39.05
7400724,1055744,34.29
7400724,1055745,29.53
7400724,1055746,34.82
7400724,1055747,31.71
7400724,1055748,40.67
7400724,1055749,38.46
7400724,1055750,32.54
7400724,1055751,23.37
7400724,1055752,42.28
7400724,1055753,29.77
7400724,1055754,33.78
7400724,1055756,44.11
7400724,1055758,26.3
7400724,1055759,27.28
7400724,1055760,31.13
7400724,1055761,42.72
7400724,1055764,62.09
7400724,1055765,26.66
7400724,1055766,26.06
7400724,1055767,44.57
7400724,1055768,46.14
7400724,1055769,31.63
7400724,1055770,32.72
7400724,1055772,34.82
7400724,1055773,29.21
7400724,1055774,42.14
7400724,1055775,37.25
7400724,1055776,22.4
7400724,1055778,42.95
7400724,1055779,39.88
7400724,1055780,0.01
7400724,1055781,57.45
7400724,1055789,36.94
7400724,1055792,34.64
7400724,1055898,40.09
7400724,1055904,26.07
7400724,1056008,26.07
7400724,1056019,35.86
7400724,1056025,11.19
7400724,1056046,32.78
7400724,1056273,51.77
7400724,1056340,39.16
7400724,1056355,24.23
7400724,1056362,40.08
7400724,1056363,40.09
7400724,1056413,38.19
7400724,1056434,22.95
7400724,1056445,48.02
7400724,1056449,59.62
7400724,1056450,40.5
7400724,1056458,34.43
7400724,1056459,27.95
7400724,1056460,25.38
7400724,1056461,30.9
7400724,1056462,18.53
7400724,1056463,21.84
7400724,1056464,28.54
7400724,1056465,34.84
7400724,1056466,45.47
7400724,1056467,25.38
7400724,1056468,31.11
7400724,1056469,36.81
7400724,1056470,21.66
7400724,1056471,26.38
7400724,1056472,31.29
7400724,1056473,40.75
7400724,1056475,28.34
7400724,1056476,33.46
7400724,1056889,26.66
7400724,1056937,45.18
7400724,1056948,39.34
7400724,1056998,31.45
7400724,1057032,41.79
7400724,1057033,25.78
7400724,1057034,37.09
7400724,1057035,0.01
7400724,1057036,33.71
7400724,1057037,30.43
7400724,1057038,33.95
7400724,1057039,28.87
7400724,1057040,29.57
7400724,1057041,33.52
7400724,1057043,36.85
7400724,1057044,29.89
7400724,1057045,38.76
7400724,1057046,34.47
7400724,1057047,51.05
7400724,1057048,36.41
7400724,1057049,38.55
7400724,1057134,37.27
7400724,1057152,35.71
7400724,1057181,25.98
7400724,1057214,25
7400724,1057226,33.59
7400724,1057290,35.7
7400724,1057295,33.48
7400724,1057448,35.86
7400724,1057487,22.38
7400724,1057492,35.47
7400724,1057495,41.28
7400724,1057497,31.45
7400724,1057508,37.93
7400724,1057510,29.77
7400724,1057512,41.28
7400724,1057514,41.28
7400724,1057516,26.77
7400724,1057521,42.55
7400724,1057523,32.12
7400724,1057525,40.66
7400724,1057527,35.41
7400724,1057531,37.75
7400724,1057536,42.05
7400724,1057537,29
7400724,1057539,43.63
7400724,1057577,30.5
7400724,1057581,35.41
7400724,1057584,37.76
7400724,1057586,42.55
7400724,1057588,39.86
7400724,1057592,48.27
7400724,1057613,37.71
7400724,1057626,28.15
7400724,1057665,19.92
7400724,1058070,18.18
7400724,1058086,0.01
7400724,1058090,17.95
7400724,1058091,15.18
7400724,1058092,14.76
7400724,1058094,17.51
7400724,1058096,15.12
7400724,1058097,16.5
7400724,1058231,35.47
7400724,1058233,27.24
7400724,1058280,36.6
7400724,1058385,25.33
7400724,1058404,131.74
7400724,1058411,41.74
7400724,1060149,154.04
7400724,1060150,64.13
7400724,1060178,42.76
7400724,1060185,28.28
7400724,1060187,55.73
7400724,1060204,154.04
7400724,1060205,55.77
7400724,1060224,41.74
7400724,1060250,65.6
7400724,1060308,154.04
7400724,1060385,131.74
7400724,1060386,41.74
7400724,1060440,97.08
7400724,1060441,35.81
7400724,1060456,131.74
7400724,1060474,41.74
7400724,1060532,48.07
7400724,1065007,60.42
7400724,1066455,32.05
7400724,1066461,32.05
7400724,1066466,19.23
7400724,1066471,44.83
7400724,1066473,46.6
7400724,1066475,29.93
7400724,1066476,53.9
7400724,1066477,53.9
7400724,1066479,66.55
7400724,1066481,66.55
7400724,1066483,40.78
7400724,1066485,65.06
7400724,1066486,65.06
7400724,1066488,84.81
7400724,1066489,89.5
7400724,1066494,96.01
7400724,1066503,92.3
7400724,1067028,6.22
7400724,1069420,63.22
7400724,1069948,25.6
7400724,1069982,6.2
7400724,1069998,12.55
7400724,1070192,17.55
7400724,1070429,38.78
7400724,1070503,72.12
7400724,1070661,16.54
7400724,1070742,7.76
7400724,1071051,15.13
7400724,1071055,6.37
7400724,1071057,4.88
7400724,1072000,159.89
7400724,1072157,69.48
7400724,1072282,15.13
7400724,1072370,8.44
7400724,1072371,62.32
7400724,1072372,10.02
7400724,1072410,3.03
7400724,1072417,15.13
7400724,1072604,56.68
7400724,1072799,7.86
7400724,1072976,20.33
7400724,1072982,6.97
7400724,1073004,7.33
7400724,1073067,15.13
7400724,1073187,52.73
7400724,1073190,7.86
7400724,1073194,87.7
7400724,1073359,12.1
7400724,1073587,7.16
7400724,1073634,5.68
7400724,1073779,8.95
7400724,1073922,15.13
7400724,1074175,109.13
7400724,1074181,13.27
7400724,1074190,3.1
7400724,1074198,27.08
7400724,1074234,49.07
7400724,1074240,86.86
7400724,1074246,24.11
7400724,1074250,8.97
7400724,1074252,2.06
7400724,1074257,283.69
7400724,1074258,67.17
7400724,1074260,88.96
7400724,1074264,519.12
7400724,1074265,66.82
7400724,1074279,4.68
7400724,1074288,18.15
7400724,1074289,10.15
7400724,1074290,11.16
7400724,1074302,14.99
7400724,1074303,4.95
7400724,1074331,5.86
7400724,1074337,10.74
7400724,1074378,12.29
7400724,1074381,13.27
7400724,1074384,133.53
7400724,1074385,13.27
7400724,1074408,164.69
7400724,1074495,12.16
7400724,1074511,73.46
7400724,1074536,15.85
7400724,1074548,50.9
7400724,1074549,6.5
7400724,1074574,136.21
7400724,1074587,13.27
7400724,1074619,13.27
7400724,1074989,79.11
7400724,1075224,12.04
7400724,1075551,6.13
7400724,1075725,1.14
7400724,1075856,60.49
7400724,1076119,51.89
7400724,1076192,19.43
7400724,1076193,253.66
7400724,1076204,8.4
7400724,1076284,15.04
7400724,1076303,7.94
7400724,1076310,10.83
7400724,1076359,6.3
7400724,1076503,191.48
7400724,1076508,18.68
7400724,1076509,28.26
7400724,1076510,187.67
7400724,1076516,18.37
7400724,1076526,12.2
7400724,1076527,116.82
7400724,1076530,91.23
7400724,1076534,26.48
7400724,1076537,88.55
7400724,1076553,10.18
7400724,1076566,61.9
7400724,1076575,191.48
7400724,1076584,120.27
7400724,1076585,128.45
7400724,1076641,19.35
7400724,1076671,210.23
7400724,1076673,11.89
7400724,1076676,221.65
7400724,1076677,63.73
7400724,1076680,127.39
7400724,1076684,7.3
7400724,1076686,191.2
7400724,1076692,5.53
7400724,1076694,64.16
7400724,1076703,30.74
7400724,1076709,15.1
7400724,1076724,8.38
7400724,1076725,48.65
7400724,1076731,20.39
7400724,1076823,9.2
7400724,1076846,4.49
7400724,1076865,181.89
7400724,1076883,214.18
7400724,1076884,41.63
7400724,1076896,9.88
7400724,1076897,123.52
7400724,1076906,13.91
7400724,1076912,19.46
7400724,1076917,6.07
7400724,1076922,18.4
7400724,1076927,18.25
7400724,1076973,13.42
7400724,1076985,32.54
7400724,1076986,325.85
7400724,1076987,401.99
7400724,1076988,318.94
7400724,1076993,50.5
7400724,1077011,5.19
7400724,1077033,162.57
7400724,1077035,23.64
7400724,1077036,190.14
7400724,1077042,14.05
7400724,1077050,18.67
7400724,1077068,180.48
7400724,1077074,250.7
7400724,1077076,9.8
7400724,1077079,201.21
7400724,1077198,207.2
7400724,1077245,148.33
7400724,1077250,83.47
7400724,1077252,28.94
7400724,1077254,152.42
7400724,1077256,152.42
7400724,1077259,120.84
7400724,1077266,7.31
7400724,1077267,12.82
7400724,1077271,9.46
7400724,1077286,18.2
7400724,1077288,184.29
7400724,1077291,37.08
7400724,1077296,96.73
7400724,1077298,196.41
7400724,1077301,151.15
7400724,1077302,18.71
7400724,1077303,138.67
7400724,1077349,9.8
7400724,1077389,21.35
7400724,1077391,18.64
7400724,1077393,32.54
7400724,1077394,13.05
7400724,1077420,159.05
7400724,1077448,162.01
7400724,1077465,208.4
7400724,1077481,62.04
7400724,1077485,102.23
7400724,1077489,134.8
7400724,1077491,183.72
7400724,1077493,115.34
7400724,1077496,115.34
7400724,1077499,115.34
7400724,1077531,18.4
7400724,1077553,256.83
7400724,1077696,50.9
7400724,1077713,7.11
7400724,1077731,15.46
7400724,1077734,71.06
7400724,1077745,134.23
7400724,1077746,156.65
7400724,1077754,28.06
7400724,1077755,3.37
7400724,1077760,6.49
7400724,1077771,78.11
7400724,1077772,218.55
7400724,1077774,14.71
7400724,1077775,15.31
7400724,1077778,5.21
7400724,1077783,12.74
7400724,1077797,65
7400724,1077809,20.63
7400724,1077820,61.9
7400724,1077823,103.35
7400724,1077829,105.33
7400724,1077834,119.29
7400724,1077843,105.33
7400724,1077856,21.61
7400724,1077861,154.82
7400724,1077865,87.14
7400724,1077870,41.6
7400724,1077871,37.37
7400724,1077872,10.86
7400724,1077873,29.42
7400724,1077878,64.44
7400724,1077880,64.16
7400724,1077881,64.16
7400724,1077905,9.95
7400724,1077909,105.33
7400724,1077939,38.78
7400724,1077952,218.55
7400724,1077957,99.69
7400724,1077977,208.4
7400724,1077986,64.16
7400724,1078011,218.55
7400724,1078013,47.38
7400724,1078039,167.65
7400724,1078073,46.92
7400724,1078118,3.5
7400724,1078120,4.19
7400724,1078126,22.48
7400724,1078128,9.36
7400724,1078161,6.54
7400724,1078162,10.55
7400724,1078163,7.67
7400724,1078164,37.08
7400724,1078169,2.49
7400724,1078172,83.33
7400724,1078181,22.71
7400724,1078182,150.17
7400724,1078183,68.95
7400724,1078185,68.95
7400724,1078193,244.92
7400724,1078206,5.8
7400724,1078209,8.71
7400724,1078212,157.78
7400724,1078214,115.34
7400724,1078220,115.34
7400724,1078224,184.29
7400724,1078226,6.9
7400724,1078229,9.17
7400724,1078239,17.72
7400724,1078260,183.16
7400724,1078263,106.46
7400724,1078274,70.22
7400724,1078276,115.34
7400724,1078278,77.83
7400724,1078280,84.32
7400724,1078296,1.46
7400724,1078297,5.44
7400724,1078311,8.97
7400724,1078316,6.83
7400724,1078341,6.45
7400724,1078342,71.06
7400724,1078344,2.29
7400724,1078349,276.5
7400724,1078366,12.41
7400724,1078367,7.44
7400724,1078370,1.3
7400724,1078371,14.31
7400724,1078372,64.44
7400724,1078394,6.37
7400724,1078401,39.9
7400724,1078433,13.68
7400724,1078439,2.93
7400724,1078593,12.1
7400724,1078596,24.84
7400724,1078641,386.76
7400724,1078664,17.35
7400724,1078673,34.83
7400724,1078674,61.9
7400724,1078683,87.14
7400724,1078692,73.88
7400724,1078707,5.12
7400724,1078715,107.87
7400724,1078747,63.87
7400724,1078748,6.67
7400724,1078749,7.12
7400724,1078752,42.62
7400724,1078753,30.44
7400724,1078755,238.71
7400724,1078757,23.04
7400724,1078759,108.99
7400724,1078760,21.15
7400724,1078761,57.81
7400724,1078762,151.43
7400724,1078763,5.41
7400724,1078769,126.9
7400724,1078772,83.75
7400724,1078773,11.88
7400724,1078776,20.52
7400724,1078777,61.9
7400724,1078778,61.9
7400724,1078782,105.33
7400724,1078786,21.66
7400724,1078791,24.19
7400724,1078800,24.19
7400724,1078808,122.04
7400724,1078813,23.59
7400724,1078814,115.9
7400724,1078817,23.64
7400724,1078827,106.46
7400724,1078829,106.46
7400724,1078833,238.71
7400724,1078834,238.71
7400724,1078835,238.71
7400724,1078840,282.71
7400724,1078844,282.71
7400724,1078851,183.16
7400724,1078860,106.6
7400724,1078862,99.69
7400724,1078866,83.19
7400724,1078868,83.19
7400724,1078872,92.07
7400724,1078873,16.83
7400724,1078876,135.78
7400724,1078879,191.48
7400724,1078882,65.57
7400724,1078910,6.65
7400724,1078951,87.14
7400724,1078971,6.83
7400724,1078987,23.97
7400724,1078989,76.85
7400724,1078991,124.5
7400724,1078993,97.85
7400724,1078996,66.69
7400724,1078997,10.8
7400724,1078999,26.11
7400724,1079005,289.19
7400724,1079008,13.37
7400724,1079010,16.22
7400724,1079013,15.89
7400724,1079014,131.98
7400724,1079030,6.66
7400724,1079038,114.63
7400724,1079043,43.57
7400724,1079044,6.65
7400724,1079046,63.87
7400724,1079047,57.95
7400724,1079049,3.81
7400724,1079051,9.72
7400724,1079052,78.68
7400724,1079053,102.65
7400724,1079054,102.65
7400724,1079057,177.66
7400724,1079059,358
7400724,1079065,7.65
7400724,1079071,11.82
7400724,1079072,18.27
7400724,1079073,197.96
7400724,1079075,38.07
7400724,1079079,78.68
7400724,1079135,192.47
7400724,1079172,4.96
7400724,1079192,5.18
7400724,1079193,18.95
7400724,1079212,13.89
7400724,1079213,8.45
7400724,1079220,64.44
7400724,1079225,3.56
7400724,1079226,68.81
7400724,1079233,32.29
7400724,1079237,3.44
7400724,1079242,35.78
7400724,1079243,35.78
7400724,1079257,30.74
7400724,1079258,27.94
7400724,1079259,12.97
7400724,1079260,11.43
7400724,1079286,3.6
7400724,1079287,28.61
7400724,1079291,107.87
7400724,1079292,40.61
7400724,1079294,79.38
7400724,1079351,7.56
7400724,1079494,251.97
7400724,1079610,21.36
7400724,1079826,23.77
7400724,1079881,13.09
7400724,1079909,3.8
7400724,1080069,18.86
7400724,1080121,27.94
7400724,1080374,20.39
7400724,1080496,12.31
7400724,1080511,31.22
7400724,1080541,91.79
7400724,1080559,14.06
7400724,1080566,14.04
7400724,1080610,22.67
7400724,1080628,17.23
7400724,1080893,179.28
7400724,1080911,13.43
7400724,1080964,17.17
7400724,1081008,17.17
7400724,1081035,21.36
7400724,1081403,5.53
7400724,1081404,16.58
7400724,1081412,158.06
7400724,1081413,14.19
7400724,1081417,75.15
7400724,1081421,12.17
7400724,1081428,19.19
7400724,1081433,8.57
7400724,1081480,26.17
7400724,1081491,73.67
7400724,1081677,354.62
7400724,1081719,12.31
7400724,1081908,5.28
7400724,1081939,25.81
7400724,1082087,5.1
7400724,1082236,25.34
7400724,1082446,10.86
7400724,1082468,81.5
7400724,1082571,10.7
7400724,1082618,133.53
7400724,1082777,21.36
7400724,1083079,33.98
7400724,1083885,30.5
7400724,1088601,63.45
7400724,1115238,16.72
7400724,1115267,185.13
7400724,1115271,16.23
7400724,1115276,16.23
7400724,1115277,98.56
7400724,1115292,4.89
7400724,1115295,9.42
7400724,1115306,1.56
7400724,1115332,11.16
7400724,1115361,7.8
7400724,1115362,3.56
7400724,1115369,60.35
7400724,1115397,200.08
7400724,1115398,14.73
7400724,1115416,3.72
7400724,1115420,150.83
7400724,1115442,13.72
7400724,1115444,53.18
7400724,1115445,15.04
7400724,1115465,23.75
7400724,1115482,2.1
7400724,1115485,2.02
7400724,1115487,4.21
7400724,1115509,0.9
7400724,1115524,37
7400724,1115541,177.38
7400724,1115571,7.9
7400724,1115577,1.45
7400724,1115578,61.97
7400724,1115579,117.74
7400724,1115601,29.61
7400724,1115628,106.31
7400724,1115630,38.07
7400724,1115689,45.08
7400724,1115726,23.79
7400724,1115729,47.93
7400724,1115786,16.23
7400724,1115787,14.82
7400724,1115790,2.49
7400724,1115792,35.99
7400724,1115793,37.35
7400724,1115824,52.53
7400724,1115845,123.23
7400724,1115891,56.4
7400724,1115892,4.15
7400724,1115897,167.37
7400724,1115901,124.41
7400724,1115951,8.97
7400724,1115952,102.51
7400724,1115953,9.61
7400724,1115985,60.77
7400724,1115988,2.86
7400724,1115990,0.65
7400724,1116004,68.24
7400724,1116013,17.35
7400724,1116019,287.08
7400724,1116030,0.78
7400724,1116056,0.98
7400724,1116062,2.49
7400724,1116065,3.68
7400724,1116069,7.88
7400724,1116071,2.49
7400724,1116094,45.18
7400724,1116124,1057.45
7400724,1116177,11.88
7400724,1116182,12.4
7400724,1116206,39.77
7400724,1116207,25.46
7400724,1116209,14.21
7400724,1116211,28.12
7400724,1116212,2.49
7400724,1116213,1.52
7400724,1116220,28.67
7400724,1116234,1.99
7400724,1116236,2.36
7400724,1116283,45.13
7400724,1116306,19.66
7400724,1116317,30.21
7400724,1116382,1.27
7400724,1116422,8.21
7400724,1116424,5.16
7400724,1116430,21.36
7400724,1116432,20.93
7400724,1116433,11.53
7400724,1116434,93.48
7400724,1116438,146.08
7400724,1116444,115.2
7400724,1116554,42.89
7400724,1116572,53.11
7400724,1116579,63.45
7400724,1116780,73.44
7400724,1117840,282
7400724,1117844,316.08
7400724,1117851,146.88
7400724,1117852,146.88
7400724,1117855,146.88
7400724,1117862,156.28
7400724,1117872,431.23
7400724,1117876,197.4
7400724,1117877,10.58
7400724,1117878,10.58
7400724,1117928,265.55
7400724,1118079,304.5
7400724,1118172,11.16
7400724,1118252,6.78
7400724,1118437,68.15
7400724,1118449,39.89
7400724,1118450,21.15
7400724,1118484,11.16
7400724,1118487,87.24
7400724,1118500,47
7400724,1118514,77.55
7400724,1118552,44.65
7400724,1118562,29.96
7400724,1118567,36.43
7400724,1118568,179.02
7400724,1118606,35.25
7400724,1119607,28.2
7400724,1119648,316.08
7400724,1119813,37.6
7400724,1122074,61.1
7400724,1122417,63.57
7400724,1122884,82.13
7400724,1122990,89.08
7400724,1123776,83.04
7400724,1123948,35.57
7400724,1123981,70.01
7400724,1124000,106.03
7400724,1124001,106.03
7400724,1124022,24.69
7400724,1124057,68.24
7400724,1124058,77.55
7400724,1124061,0.99
7400724,1124065,46.05
7400724,1124071,257.33
7400724,1124112,127.1
7400724,1124154,102.93
7400724,1124179,102.93
7400724,1124182,61.85
7400724,1124191,2.6
7400724,1124205,8.18
7400724,1124216,6.39
7400724,1124219,106.03
7400724,1124231,7.05
7400724,1124242,2837.63
7400724,1124251,13.81
7400724,1124261,6.33
7400724,1124266,240.26
7400724,1124273,64.21
7400724,1124292,41
7400724,1124310,0.76
7400724,1124338,7.48
7400724,1124371,12.56
7400724,1124404,40.75
7400724,1124418,16.63
7400724,1124421,61.7
7400724,1124470,12.27
7400724,1124471,16.2
7400724,1124472,9.72
7400724,1124479,53.3
7400724,1124522,151.93
7400724,1124531,22.37
7400724,1124534,1.59
7400724,1124535,27.04
7400724,1124536,26.11
7400724,1124567,8.39
7400724,1124569,4.1
7400724,1124571,1.59
7400724,1124641,111.95
7400724,1124666,9.47
7400724,1124732,9.35
7400724,1124733,115.53
7400724,1124775,156.79
7400724,1124820,1004.55
7400724,1124821,77.19
7400724,1124838,189.65
7400724,1124839,136.42
7400724,1124841,197.89
7400724,1124842,22.61
7400724,1124843,30.64
7400724,1124844,218.06
7400724,1124859,16.64
7400724,1124878,19.11
7400724,1124899,26.8
7400724,1124905,7.92
7400724,1124924,10.12
7400724,1124934,339.67
7400724,1125013,8.97
7400724,1125014,8.73
7400724,1125022,31.31
7400724,1125060,106.03
7400724,1125076,31.02
7400724,1125150,3.72
7400724,1125161,700.35
7400724,1125162,185.7
7400724,1125172,3.98
7400724,1125200,26.84
7400724,1125201,16.6
7400724,1125211,1.21
7400724,1125269,22.7
7400724,1125270,23.75
7400724,1125315,9.13
7400724,1125321,18.2
7400724,1125334,4.01
7400724,1125451,1.05
7400724,1125462,71.63
7400724,1125480,8.11
7400724,1126848,36.43
7400724,1127941,118.72
7400724,1130632,162.01
7400724,1132120,90.24
7400724,1132559,48.72
7400724,1136491,124.04
7400724,1136519,74.58
7400724,1138048,162.78
7400724,1138054,2.1
7400724,1138055,2.1
7400724,1138073,11.54
7400724,1138075,200.89
7400724,1138080,9.94
7400724,1138098,1.67
7400724,1138102,12.02
7400724,1138103,4.3
7400724,1138104,6.59
7400724,1138105,1.88
7400724,1138116,41
7400724,1138135,16.23
7400724,1138136,16.23
7400724,1138138,16.23
7400724,1138139,82.49
7400724,1138142,14.95
7400724,1138145,9.11
7400724,1138154,18.15
7400724,1138158,1.56
7400724,1138219,16.23
7400724,1138238,183.04
7400724,1138239,24.39
7400724,1138262,912.45
7400724,1138288,141.99
7400724,1138297,8.54
7400724,1138299,19.82
7400724,1138300,25.15
7400724,1138301,3.37
7400724,1138302,5.51
7400724,1138305,11.82
7400724,1138306,8.64
7400724,1138307,1
7400724,1138308,0.72
7400724,1138364,1.16
7400724,1138365,20.22
7400724,1138366,39.56
7400724,1138367,7.36
7400724,1138369,14.44
7400724,1138371,16.23
7400724,1138386,51.39
7400724,1138389,108.15
7400724,1138391,113.51
7400724,1138421,49.93
7400724,1138424,267.41
7400724,1138447,29.72
7400724,1138470,10.88
7400724,1138471,17.81
7400724,1138485,50.67
7400724,1138497,1.55
7400724,1138498,27
7400724,1138503,50.67
7400724,1138529,16.23
7400724,1138544,11.13
7400724,1138626,18.79
7400724,1138644,113.41
7400724,1138672,1.14
7400724,1138681,13.15
7400724,1138683,7.25
7400724,1138687,7.81
7400724,1138689,7.81
7400724,1138706,8.35
7400724,1138803,121.4
7400724,1138818,1.14
7400724,1138854,45.07
7400724,1138946,1.83
7400724,1138987,26.67
7400724,1139029,185.87
7400724,1139030,92.47
7400724,1139032,106.03
7400724,1139037,470.54
7400724,1139038,159.1
7400724,1139039,102.65
7400724,1139040,6.33
7400724,1139041,3.15
7400724,1139092,102.65
7400724,1139107,7.57
7400724,1139204,4.99
7400724,1139219,159.75
7400724,1139220,4.15
7400724,1139392,6.33
7400724,1139399,30.93
7400724,1139444,6.06
7400724,1139446,24.39
7400724,1139473,60.35
7400724,1139488,29.54
7400724,1139500,20.57
7400724,1139515,294.64
7400724,1139518,29.36
7400724,1139534,9.35
7400724,1139574,10.85
7400724,1139626,109.13
7400724,1139627,106.6
7400724,1139629,5.68
7400724,1139671,132.12
7400724,1139713,25.59
7400724,1139734,44.98
7400724,1139746,37.82
7400724,1139747,2.1
7400724,1139921,11.62
7400724,1139922,38.97
7400724,1139926,2.56
7400724,1140001,2.49
7400724,1140079,2.15
7400724,1140478,81.39
7400724,1140551,43.92
7400724,1141022,55.06
7400724,1141030,33.03
7400724,1141087,15.58
7400724,1141208,92.99
7400724,1141222,100.35
7400724,1141378,47.43
7400724,1141508,44.85
7400724,1141518,60.14
7400724,1141573,30.26
7400724,1141583,19.59
7400724,1141584,24.98
7400724,1141585,37.44
7400724,1141587,35.39
7400724,1141630,208.4
7400724,1141846,271.43
7400724,1141875,54.14
7400724,1141891,9.52
7400724,1141893,15.58
7400724,1141934,2.02
7400724,1141944,81.13
7400724,1142025,130.57
7400724,1142028,26.48
7400724,1142029,37.44
7400724,1142030,30.07
7400724,1142084,21.36
7400724,1142318,19.95
7400724,1142508,0.01
7400724,1142532,25.3
7400724,1143254,97.92
7400724,1143297,65.32
7400724,1143749,50.62
7400724,1143751,10.88
7400724,1143752,92.47
7400724,1143758,6.85
7400724,1143763,6.38
7400724,1143764,124.64
7400724,1143765,5.66
7400724,1143766,34.33
7400724,1143769,7.8
7400724,1143770,2.39
7400724,1143772,111.16
7400724,1143774,137.01
7400724,1143877,44.61
7400724,1143878,43.62
7400724,1143880,57.29
7400724,1143949,36.73
7400724,1143972,60.21
7400724,1143981,55.64
7400724,1143982,123.73
7400724,1144008,21.64
7400724,1144009,38.14
7400724,1144010,35.39
7400724,1144011,25.3
7400724,1144013,27.2
7400724,1144365,49.48
7400724,1144442,32.41
7400724,1144476,67.8
7400724,1144527,49.95
7400724,1144535,34.84
7400724,1144539,25.97
7400724,1144578,127.73
7400724,1144579,141.43
7400724,1144580,124.39
7400724,1144582,84.12
7400724,1144648,72.34
7400724,1144730,125.78
7400724,1144761,93.22
7400724,1144769,47.42
7400724,1144788,132.15
7400724,1144801,25.26
7400724,1145193,41.68
7400724,1145210,143.1
7400724,1145218,30.79
7400724,1145245,41.41
7400724,1145301,16.37
7400724,1145305,466.33
7400724,1145386,126.5
7400724,1145537,96.04
7400724,1145565,3.34
7400724,1145578,38.14
7400724,1145584,86.72
7400724,1145754,36.97
7400724,1145755,41.04
7400724,1145823,68.4
7400724,1145826,20.56
7400724,1145879,34.27
7400724,1145880,27.46
7400724,1145881,35.52
7400724,1145882,51.61
7400724,1145883,51.51
7400724,1145884,25.83
7400724,1145886,32.77
7400724,1145887,39.13
7400724,1145889,55.05
7400724,1145890,34.39
7400724,1145892,37.84
7400724,1145893,45.85
7400724,1145923,100.53
7400724,1145934,126.34
7400724,1146028,12.55
7400724,1146069,40.55
7400724,1146173,35.66
7400724,1146218,51.68
7400724,1146227,34.58
7400724,1146228,22.91
7400724,1146258,37.47
7400724,1146265,102.25
7400724,1146383,52.86
7400724,1146384,70.41
7400724,1146456,3.5
7400724,1146471,38.73
7400724,1146511,16.44
7400724,1146527,28.85
7400724,1146739,43.78
7400724,1146741,55.57
7400724,1146743,53.49
7400724,1146798,107.98
7400724,1146803,75.58
7400724,1146814,32.29
7400724,1146815,41.18
7400724,1146894,31.81
7400724,1147088,109.03
7400724,1147281,41.81
7400724,1147371,142.41
7400724,1147385,58.59
7400724,1147449,131.74
7400724,1147450,41.74
7400724,1147463,46.15
7400724,1147600,69.11
7400724,1147670,68.48
7400724,1147740,13.76
7400724,1147749,28.72
7400724,1147838,19.31
7400724,1147901,88.28
7400724,1147909,33.69
7400724,1147977,65.98
7400724,1147984,27.87
7400724,1148135,52.72
7400724,1148198,190.3
7400724,1148274,43.05
7400724,1148325,34.84
7400724,1148416,93.51
7400724,1148439,79.52
7400724,1148604,82.51
7400724,1148611,17.91
7400724,1148648,9.35
7400724,1148649,6.36
7400724,1148667,22.14
7400724,1148694,53.2
7400724,1148699,41.04
7400724,1148837,28.6
7400724,1148841,130.67
7400724,1148911,39.88
7400724,1148965,63.69
7400724,1149026,46.11
7400724,1149027,49.6
7400724,1149179,56.4
7400724,1149259,29.49
7400724,1149260,32.5
7400724,1149264,99.28
7400724,1149347,188.52
7400724,1149727,451.65
7400724,1149728,1.52
7400724,1149788,15.58
7400724,1149817,19.59
7400724,1149828,397.17
7400724,1149902,2.56
7400724,1149949,75.34
7400724,1150024,264.16
7400724,1150050,1.55
7400724,1150125,21.96
7400724,1150163,67.8
7400724,1150167,116.69
7400724,1150202,66.65
7400724,1150208,142.42
7400724,1150489,71.63
7400724,1150518,30.16
7400724,1150635,6.19
7400724,1150663,21.77
7400724,1150712,85.59
7400724,1150713,131.79
7400724,1150721,9.47
7400724,1150746,69.58
7400724,1150785,115.62
7400724,1150827,38.55
7400724,1150842,60.99
7400724,1150850,36.28
7400724,1150859,35.21
7400724,1150864,53.82
7400724,1150866,36.47
7400724,1151313,33.32
7400724,1151324,22.82
7400724,1151371,83.26
7400724,1151379,36.72
7400724,1151408,115.55
7400724,1151410,137.26
7400724,1151421,73.23
7400724,1151689,55.72
7400724,1151692,64.18
7400724,1151694,57.73
7400724,1151829,271
7400724,1151881,14.96
7400724,1151944,154.7
7400724,1151967,28.91
7400724,1151995,65.42
7400724,1152171,55.8
7400724,1152172,56.96
7400724,1152173,66.34
7400724,1152248,112.05
7400724,1152295,688.22
7400724,1152296,18.4
7400724,1152379,75.25
7400724,1152380,46.57
7400724,1152472,29.63
7400724,1152478,70.96
7400724,1152595,81.64
7400724,1152599,43.87
7400724,1152650,105.59
7400724,1152704,48.09
7400724,1152843,81.04
7400724,1153077,41
7400724,1153249,112.68
7400724,1153343,47.12
7400724,1153346,80.1
7400724,1153482,198.01
7400724,1153483,93.96
7400724,1153506,39.42
7400724,1153555,129.73
7400724,1153569,35.66
7400724,1153576,53.94
7400724,1153589,52.48
7400724,1153591,40.29
7400724,1153592,26.13
7400724,1153593,14.69
7400724,1153594,22.57
7400724,1153596,33.8
7400724,1153598,208.4
7400724,1153599,24.45
7400724,1153601,33.93
7400724,1153603,2.56
7400724,1153717,45.65
7400724,1153721,11.47
7400724,1153788,55.77
7400724,1153828,88.27
7400724,1153834,387.75
7400724,1153935,119.32
7400724,1154002,34.65
7400724,1154003,27.39
7400724,1154094,9.33
7400724,1154150,36.04
7400724,1154153,18.78
7400724,1154154,18.78
7400724,1154155,25.22
7400724,1154156,12.36
7400724,1154157,73.81
7400724,1154192,153.04
7400724,1154193,134.54
7400724,1154197,196.57
7400724,1154198,349.92
7400724,1154199,96.19
7400724,1154201,136.57
7400724,1154211,92.59
7400724,1154214,65.42
7400724,1154215,40.55
7400724,1154216,158.24
7400724,1154217,158.24
7400724,1154221,125.1
7400724,1154222,116.89
7400724,1154224,165.05
7400724,1154225,84.96
7400724,1154226,98.78
7400724,1154227,92.99
7400724,1154229,69.4
7400724,1154230,78.02
7400724,1154232,109.72
7400724,1154233,294.6
7400724,1154234,69.11
7400724,1154236,79.57
7400724,1154237,83.07
7400724,1154239,124.47
7400724,1154244,87.33
7400724,1154245,120.77
7400724,1154246,132.54
7400724,1154247,53.54
7400724,1154248,48.05
7400724,1154249,69.34
7400724,1154250,60.75
7400724,1154251,55.05
7400724,1154252,79.88
7400724,1154376,24.1
7400724,1154500,31.85
7400724,1154622,38.56
7400724,1154796,150.08
7400724,1154829,41.41
7400724,1154934,35.59
7400724,1154948,45.27
7400724,1154964,9.11
7400724,1154969,41.82
7400724,1154997,935.25
7400724,1155037,60.05
7400724,1155058,4.34
7400724,1155075,108.61
7400724,1155084,176.91
7400724,1155117,110.25
7400724,1155244,90.1
7400724,1155288,40.08
7400724,1155472,123.73
7400724,1155473,85.19
7400724,1155485,163
7400724,1155500,36.24
7400724,1155520,86.27
7400724,1155545,17.17
7400724,1155562,45.24
7400724,1155588,44.22
7400724,1155637,136.91
7400724,1155651,36.6
7400724,1155921,39.44
7400724,1156014,46.01
7400724,1156110,12.01
7400724,1156304,39.6
7400724,1156505,73.07
7400724,1156527,10.49
7400724,1156578,41.7
7400724,1156610,12.28
7400724,1156612,18.19
7400724,1156623,59.82
7400724,1156625,47.93
7400724,1156626,49.02
7400724,1156857,3.14
7400724,1156891,68.77
7400724,1157171,70.18
7400724,1157293,63.74
7400724,1157403,39.49
7400724,1157405,61.41
7400724,1157407,17.91
7400724,1157409,24.39
7400724,1157652,45.92
7400724,1157673,21.36
7400724,1158081,111.1
7400724,1158086,109.45
7400724,1158111,55.05
7400724,1158241,113.65
7400724,1158246,90.98
7400724,1158449,73.27
7400724,1158863,13.04
7400724,1158895,79.98
7400724,1159066,85.45
7400724,1159075,3.54
7400724,1159082,7.47
7400724,1159297,0.01
7400724,1159396,47.73
7400724,1159401,70.42
7400724,1159454,5.19
7400724,1159628,1.55
7400724,1159713,28.6
7400724,1159814,123.7
7400724,1159841,2.01
7400724,1159956,64.43
7400724,1160127,43.43
7400724,1160282,48.67
7400724,1160608,39.88
7400724,1160674,84.96
7400724,1160786,29.88
7400724,1160847,51.39
7400724,1161068,104.76
7400724,1161167,316.08
7400724,1161286,34.98
7400724,1161434,112.66
7400724,1161441,71.06
7400724,1161442,71.06
7400724,1161470,71.63
7400724,1161554,35.97
7400724,1161571,122.27
7400724,1161572,64.16
7400724,1161706,114.4
7400724,1161802,66.58
7400724,1161803,66.76
7400724,1161994,70.91
7400724,1162040,26.98
7400724,1162073,82.76
7400724,1162129,9.69
7400724,1162145,62.84
7400724,1162166,57.95
7400724,1162237,25.85
7400724,1162274,26.77
7400724,1162396,69.24
7400724,1162588,43.43
7400724,1162592,85.03
7400724,1162595,32.5
7400724,1162796,1.56
7400724,1162907,8.52
7400724,1162916,50
7400724,1162933,57.19
7400724,1162947,11.67
7400724,1163046,188.93
7400724,1163089,43.84
7400724,1163395,67.01
7400724,1163583,3.14
7400724,1163807,46.45
7400724,1163808,52.96
7400724,1163810,56.15
7400724,1163812,60.65
7400724,1163813,43.09
7400724,1163863,112.24
7400724,1164006,41.03
7400724,1164102,222.43
7400724,1164269,45.74
7400724,1164490,63.96
7400724,1164522,170.76
7400724,1164524,2.94
7400724,1164525,16.96
7400724,1164526,238.87
7400724,1164532,35.81
7400724,1164534,190.63
7400724,1164536,71.89
7400724,1164539,99.57
7400724,1164543,249.45
7400724,1164544,215.65
7400724,1164693,47.73
7400724,1164900,34.35
7400724,1164922,13.27
7400724,1164923,11.7
7400724,1164926,97.08
7400724,1164928,105.47
7400724,1164930,88.97
7400724,1164931,196.7
7400724,1164932,166.8
7400724,1164990,4.57
7400724,1165285,29.18
7400724,1165306,34.4
7400724,1165469,57.86
7400724,1165478,124.03
7400724,1165501,72.65
7400724,1165504,20.77
7400724,1165522,67.47
7400724,1165524,72.51
7400724,1165545,0.01
7400724,1165598,1.19
7400724,1165673,37.02
7400724,1165681,31.5
7400724,1165730,119.2
7400724,1165961,17.72
7400724,1165965,5.28
7400724,1166182,109.25
7400724,1166233,72.33
7400724,1166358,7.76
7400724,1166394,76.34
7400724,1166396,77.06
7400724,1166397,84.59
7400724,1166398,103.53
7400724,1166401,114.89
7400724,1166443,0.94
7400724,1166444,6.83
7400724,1166464,0.99
7400724,1166549,15.51
7400724,1166550,1.59
7400724,1166598,108.56
7400724,1166644,8.13
7400724,1166765,10.83
7400724,1166786,46.91
7400724,1166796,63.45
7400724,1166820,73.12
7400724,1166998,56.82
7400724,1167031,40.47
7400724,1167065,102.87
7400724,1167067,282.62
7400724,1167168,1.05
7400724,1167201,101.59
7400724,1167228,4.22
7400724,1167303,11.33
7400724,1167430,154.04
7400724,1167493,108.85
7400724,1167495,34.46
7400724,1167496,37.21
7400724,1167498,43.13
7400724,1167499,28.71
7400724,1167500,25.4
7400724,1167502,27.84
7400724,1167503,34.39
7400724,1167504,31.26
7400724,1167600,29.38
7400724,1167733,10.22
7400724,1167766,201.77
7400724,1167854,51.25
7400724,1168115,120.06
7400724,1168223,55.65
7400724,1168353,22.75
7400724,1168356,27.69
7400724,1168358,25.54
7400724,1168450,38.32
7400724,1168501,51.27
7400724,1168670,39.35
7400724,1168799,115.53
7400724,1169052,52.02
7400724,1169055,48.45
7400724,1169059,118.66
7400724,1169158,39.35
7400724,1169261,32.29
7400724,1169262,33.92
7400724,1169263,29.23
7400724,1169264,36.9
7400724,1169265,57.09
7400724,1169266,54.4
7400724,1169651,41
7400724,1169824,58.67
7400724,1169835,111.04
7400724,1169860,25.19
7400724,1169868,25.6
7400724,1169869,32.25
7400724,1169870,39.57
7400724,1169871,37.89
7400724,1169872,47.13
7400724,1170066,213.39
7400724,1170162,12.38
7400724,1170292,45.74
7400724,1170293,97.62
7400724,1170378,148.39
7400724,1170384,54.53
7400724,1170538,61.17
7400724,1170539,67.45
7400724,1170687,42.23
7400724,1170698,33.56
7400724,1170742,44.85
7400724,1170754,65.73
7400724,1170776,341.22
7400724,1170827,8.28
7400724,1170851,15.43
7400724,1170852,16.63
7400724,1170885,83.52
7400724,1170887,57.54
7400724,1170937,49.63
7400724,1170994,5.51
7400724,1171025,287.08
7400724,1171130,73.63
7400724,1171585,60.17
7400724,1171821,70.19
7400724,1172018,75.56
7400724,1172188,10.88
7400724,1172197,35.31
7400724,1172198,38.01
7400724,1172200,46.61
7400724,1172201,38.03
7400724,1172202,28.36
7400724,1172233,47
7400724,1172241,41.97
7400724,1172407,1.55
7400724,1172431,94.07
7400724,1172628,4.32
7400724,1172697,20.77
7400724,1172752,22.98
7400724,1172801,22.13
7400724,1172884,115.77
7400724,1172976,64.63
7400724,1173036,48.96
7400724,1173194,134.19
7400724,1173226,47.99
7400724,1173268,50.2
7400724,1173430,2.56
7400724,1173459,130
7400724,1173467,91.32
7400724,1173683,35.12
7400724,1173902,70.97
7400724,1173943,23.95
7400724,1174006,9.22
7400724,1174014,4.15
7400724,1174338,58.75
7400724,1174659,12.31
7400724,1174753,57.54
7400724,1174847,81.36
7400724,1175151,182.95
7400724,1175179,151.86
7400724,1175285,38.97
7400724,1175286,56.56
7400724,1175287,85.93
7400724,1175378,5.69
7400724,1175419,49.14
7400724,1175525,0.01
7400724,1175535,77.79
7400724,1175680,163.25
7400724,1175778,35.31
7400724,1175789,107.59
7400724,1175924,28.76
7400724,1175949,23.24
7400724,1176135,48.5
7400724,1176136,68.62
7400724,1176524,68.55
7400724,1176637,56.18
7400724,1176734,22.6
7400724,1176737,51.15
7400724,1176807,90.93
7400724,1176858,17.17
7400724,1176871,78.11
7400724,1176872,78.11
7400724,1177035,50.82
7400724,1177105,60.18
7400724,1177122,57.11
7400724,1177124,34.58
7400724,1177264,3.3
7400724,1177354,112.66
7400724,1177392,87.74
7400724,1177528,65.35
7400724,1177596,26
7400724,1177752,135.32
7400724,1178770,145.04
7400724,1179147,164.69
7400724,1179444,25.76
7400724,1179704,44.61
7400724,1179805,64.12
7400724,1179955,29.93
7400724,1179956,49.36
7400724,1180084,128.56
7400724,1180514,63.57
7400724,1180617,0.01
7400724,1180814,117.15
7400724,1180816,80.29
7400724,1181009,59.14
7400724,1181139,82.97
7400724,1181141,43.84
7400724,1181143,43.84
7400724,1181144,37.86
7400724,1181146,37.86
7400724,1181279,58.86
7400724,1181303,77.55
7400724,1181600,0.01
7400724,1181619,49.07
7400724,1181726,59.75
7400724,1182094,35.25
7400724,1183302,99.78
7400724,1183567,2.96
7400724,1183569,4.32
7400724,1183699,61.35
7400724,1183739,48.76
7400724,1183751,50.72
7400724,1183752,50.72
7400724,1183805,87.6
7400724,1183806,88.97
7400724,1183808,93.04
7400724,1183820,94.85
7400724,1183860,50.15
7400724,1183956,4.88
7400724,1184012,14.06
7400724,1184020,82.09
7400724,1184680,94.53
7400724,1184781,128.1
7400724,1184784,5.5
7400724,1184823,0.01
7400724,1184824,152.93
7400724,1184843,59.51
7400724,1184871,7.93
7400724,1184888,48.57
7400724,1184890,2.74
7400724,1184891,4.59
7400724,1184983,9.62
7400724,1185119,4.32
7400724,1185188,49.39
7400724,1185225,68.15
7400724,1185284,16.37
7400724,1185465,47.13
7400724,1185724,197.54
7400724,1185826,108.1
7400724,1185856,39.62
7400724,1185922,88.38
7400724,1186172,96.34
7400724,1186280,49.35
7400724,1188342,45.58
7400724,1188344,33.7
7400724,1188573,61.24
7400724,1189015,58.09
7400724,1189120,1.16
7400724,1189318,55.7
7400724,1190465,87.28
7400724,1191280,93.04
7400724,1191282,35.04
7400724,1191379,35.31
7400724,1191410,52.97
7400724,1191417,48.32
7400724,1192169,67.97
7400724,1192320,41.34
7400724,1192322,39.6
7400724,1192323,43.97
7400724,1192324,43.7
7400724,1192325,48.12
7400724,1192326,48.08
7400724,1192327,88.97
7400724,1192328,94.01
7400724,1192329,46.69
7400724,1192337,28.6
7400724,1192338,42.04
7400724,1194000,24.69
7400724,1194004,21.27
7400724,1194170,43.43
7400724,1194196,52.86
7400724,1194381,48.76
7400724,1194482,39.95
7400724,1194621,132.75
7400724,1194894,47.99
7400724,1196221,194.16
7400724,1196222,145.51
7400724,1196324,146.08
7400724,1196325,2.13
7400724,1196326,1.46
7400724,1196327,2.02
7400724,1196328,3.3
7400724,1196332,3.07
7400724,1196333,161.48
7400724,1196334,161.48
7400724,1196335,73.91
7400724,1196336,54.04
7400724,1196337,21.36
7400724,1196338,8.13
7400724,1196627,95.75
7400724,1196682,94.38
7400724,1196797,71.63
7400724,1196801,4.15
7400724,1196807,5.98
7400724,1196808,7.45
7400724,1196810,13.82
7400724,1196814,3.37
7400724,1196815,2.56
7400724,1196821,2.26
7400724,1196903,3.71
7400724,1196904,27.71
7400724,1196907,5.02
7400724,1196908,2.77
7400724,1196911,6.33
7400724,1197004,73.6
7400724,1197144,69.28
7400724,1197275,33.23
7400724,1197418,101.24
7400724,1197722,58.21
7400724,1197812,17.32
7400724,1197909,120.9
7400724,1198396,145.09
7400724,1198397,39.95
7400724,1198550,27.85
7400724,1198621,107.32
7400724,1198898,37.81
7400724,1198965,77.27
7400724,1198974,22.98
7400724,1198984,113.04
7400724,1199064,38.89
7400724,1199162,17.63
7400724,1199280,85.43
7400724,1199773,64.25
7400724,1199980,31.17
7400724,1200518,93.46
7400724,1200542,341.08
7400724,1200588,109.19
7400724,1200619,88.55
7400724,1200639,72.65
7400724,1200750,1.34
7400724,1201101,4.95
7400724,1201106,76.85
7400724,1201107,29.21
7400724,1201168,55.77
7400724,1201481,35.66
7400724,1201614,76.85
7400724,1201682,23.63
7400724,1201699,32.07
7400724,1201700,22.21
7400724,1201717,288.76
7400724,1202007,33.69
7400724,1202532,83.72
7400724,1202622,6.89
7400724,1202644,103.51
7400724,1202671,7.85
7400724,1202687,66.35
7400724,1202711,54.76
7400724,1202729,4.63
7400724,1202744,12.51
7400724,1202838,87.73
7400724,1202839,90.35
7400724,1203044,84.17
7400724,1203171,58.48
7400724,1203282,0.01
7400724,1203333,29.34
7400724,1203456,88.32
7400724,1203458,97.04
7400724,1203597,38.35
7400724,1203897,41.7
7400724,1204036,25.83
7400724,1204149,0.01
7400724,1204262,102.91
7400724,1204263,102.91
7400724,1204320,39.41
7400724,1204762,103.02
7400724,1204909,26.65
7400724,1204939,45.74
7400724,1205048,9.71
7400724,1205082,24.69
7400724,1205162,56.04
7400724,1205530,212.49
7400724,1205708,102.87
7400724,1205709,229.62
7400724,1205710,705.68
7400724,1205851,167.65
7400724,1205967,19.78
7400724,1205968,0.01
7400724,1206013,173.01
7400724,1206016,75.44
7400724,1206116,37.15
7400724,1206120,91.94
7400724,1206169,49.27
7400724,1206520,0.01
7400724,1206676,124.53
7400724,1206707,46.02
7400724,1206708,24.93
7400724,1206709,50.22
7400724,1206810,67.19
7400724,1206893,559.59
7400724,1206971,46.99
7400724,1206972,77.04
7400724,1207028,112
7400724,1207040,89.05
7400724,1207041,36.98
7400724,1207099,84.19
7400724,1207126,29.69
7400724,1207146,138.49
7400724,1207160,202.24
7400724,1207193,85
7400724,1207206,98.23
7400724,1207250,151.01
7400724,1207251,192
7400724,1207252,130.38
7400724,1207271,67.28
7400724,1207272,68.66
7400724,1207273,68.86
7400724,1207276,109.94
7400724,1207301,28.02
7400724,1207304,23.09
7400724,1207372,108.1
7400724,1207381,70.11
7400724,1207444,67.16
7400724,1207449,84.69
7400724,1207451,112.22
7400724,1207452,100.69
7400724,1207453,52.88
7400724,1207487,30
7400724,1207489,40.62
7400724,1207490,40.62
7400724,1207516,86.54
7400724,1207582,97.97
7400724,1207663,104.76
7400724,1207669,50.04
7400724,1207791,154.76
7400724,1207828,52.88
7400724,1207891,1.52
7400724,1207961,112.96
7400724,1207962,82.86
7400724,1208137,60.14
7400724,1208160,127.59
7400724,1208237,97.77
7400724,1208299,100.77
7400724,1208300,52.88
7400724,1208301,63.67
7400724,1208326,88.36
7400724,1208352,82.79
7400724,1208459,126.08
7400724,1208550,143.28
7400724,1208579,90.44
7400724,1208614,100.77
7400724,1208635,41.25
7400724,1208636,22.89
7400724,1208640,63.22
7400724,1208647,126.1
7400724,1208691,167.43
7400724,1208697,60.35
7400724,1208759,86.29
7400724,1208760,6.33
7400724,1208819,20.39
7400724,1208828,76.27
7400724,1208831,133.73
7400724,1208832,141.05
7400724,1208833,177.74
7400724,1208886,40.62
7400724,1208956,45.03
7400724,1208994,157.49
7400724,1208996,121.79
7400724,1209044,51.23
7400724,1209100,0.01
7400724,1209359,33.56
7400724,1209363,55.05
7400724,1209415,95.88
7400724,1209417,111.8
7400724,1209453,221.05
7400724,1209454,117.43
7400724,1209455,159.54
7400724,1209575,139.87
7400724,1209858,2.47
7400724,1209955,88.36
7400724,1210316,19.79
7400724,1210318,28.48
7400724,1210319,64.25
7400724,1210320,431.91
7400724,1210469,0.01
7400724,1210511,105.3
7400724,1210599,60.15
7400724,1210600,42.26
7400724,1210611,66.01
7400724,1210619,50.45
7400724,1210640,124.89
7400724,1210659,50.82
7400724,1210803,109.8
7400724,1210820,173.12
7400724,1210829,83.71
7400724,1210830,30
7400724,1210838,42.18
7400724,1210871,113.26
7400724,1210873,98.16
7400724,1210881,31.78
7400724,1210883,35.1
7400724,1210884,35.1
7400724,1211180,68.54
7400724,1211196,90.24
7400724,1211300,57.22
7400724,1211423,74.94
7400724,1211431,139.87
7400724,1211440,73.59
7400724,1211737,133.91
7400724,1211738,177.26
7400724,1211903,46.65
7400724,1211917,40.07
7400724,1211968,62.33
7400724,1212041,70.15
7400724,1213112,20.39
7400724,1213185,45.24
7400724,1213241,55.26
7400724,1213356,167.65
7400724,1213488,105.95
7400724,1213847,112.62
7400724,1213935,21.7
7400724,1214048,39.08
7400724,1214233,3.87
7400724,1214239,113.78
7400724,1214440,42.03
7400724,1214477,42.18
7400724,1214651,53.83
7400724,1214764,114.35
7400724,1214765,16.6
7400724,1214823,47.76
7400724,1214840,36.41
7400724,1214966,150.69
7400724,1215001,39.08
7400724,1215002,39.08
7400724,1215129,28.48
7400724,1215272,53.18
7400724,1215473,218.55
7400724,1215580,57.46
7400724,1215604,35.31
7400724,1215734,73.4
7400724,1215920,13.15
7400724,1215978,87.81
7400724,1216231,39.35
7400724,1216242,20.39
7400724,1216258,2.01
7400724,1216425,96.2
7400724,1216442,0.01
7400724,1216627,26.31
7400724,1216722,17.63
7400724,1216807,143.28
7400724,1216813,66.69
7400724,1216824,0.01
7400724,1216873,135.32
7400724,1216898,71.63
7400724,1216943,235.27
7400724,1216950,9.42
7400724,1217026,49.44
7400724,1217573,121.85
7400724,1217596,62.46
7400724,1217711,98.43
7400724,1217757,19.35
7400724,1217933,121.26
7400724,1218038,98.34
7400724,1218269,138.67
7400724,1218463,104.58
7400724,1218555,69.35
7400724,1218835,88.6
7400724,1218860,87.08
7400724,1218938,108.28
7400724,1219699,55.95
7400724,1219717,70.91
7400724,1219736,184.9
7400724,1219743,108.1
7400724,1220200,107.02
7400724,1220221,18.89
7400724,1220368,77.22
7400724,1220552,75.85
7400724,1220796,69.49
7400724,1220871,61.61
7400724,1220890,67.67
7400724,1221085,139.47
7400724,1221182,54.46
7400724,1221316,98.23
7400724,1221444,117.17
7400724,1221511,20.39
7400724,1221963,115.28
7400724,1222120,129.5
7400724,1222153,31.73
7400724,1222196,71.06
7400724,1222301,119.56
7400724,1222392,32
7400724,1222541,20.96
7400724,1222635,39.26
7400724,1222658,23.77
7400724,1223350,112.48
7400724,1223384,127.61
7400724,1223545,50.16
7400724,1223564,97.92
7400724,1223952,7.53
7400724,1224499,87.24
7400724,1224512,281.15
7400724,1224926,4.19
7400724,1225289,118.16
7400724,1225450,96.67
7400724,1225493,49.07
7400724,1225646,70.72
7400724,1225660,32.22
7400724,1225710,118.73
7400724,1225799,37.6
7400724,1226068,71.32
7400724,1226217,0.01
7400724,1226515,12
7400724,1226884,4.1
7400724,1226891,2.56
7400724,1226984,59.33
7400724,1227045,23.83
7400724,1227049,113.33
7400724,1227654,87.7
7400724,1227782,39.35
7400724,1227784,44.69
7400724,1227838,78.3
7400724,1227859,70.45
7400724,1227992,81.96
7400724,1228201,77.44
7400724,1228436,70.64
7400724,1228474,5.46
7400724,1228700,52.97
7400724,1228806,211.89
7400724,1228808,325.98
7400724,1228884,21.11
7400724,1228974,55.7
7400724,1229006,62.13
7400724,1229163,57.69
7400724,1229355,34.67
7400724,1229375,70.12
7400724,1229502,21.77
7400724,1229683,31.73
7400724,1229763,39.89
7400724,1229916,76.39
7400724,1230017,4.1
7400724,1230615,71.77
7400724,1230664,20.89
7400724,1230839,116.48
7400724,1230939,47.66
7400724,1230962,32.11
7400724,1230970,52.71
7400724,1231225,32.22
7400724,1231329,88.7
7400724,1231364,58.53
7400724,1231399,27.3
7400724,1231467,14.91
7400724,1231701,51.61
7400724,1231803,88.65
7400724,1231818,81.42
7400724,1231845,41.88
7400724,1232016,127.92
7400724,1232142,98.52
7400724,1232173,27.53
7400724,1232174,47.69
7400724,1232175,39.42
7400724,1232451,33.19
7400724,1232532,43.53
7400724,1232554,92.48
7400724,1232555,189.97
7400724,1232562,33.73
7400724,1232961,27.48
7400724,1232983,55
7400724,1232989,39.06
7400724,1233016,40.51
7400724,1233026,116.47
7400724,1233153,165.77
7400724,1233261,7.16
7400724,1233272,34.67
7400724,1233395,59.3
7400724,1233396,54.46
7400724,1233398,42.45
7400724,1233399,53.09
7400724,1233405,40.56
7400724,1233406,57.13
7400724,1233407,68.34
7400724,1233408,137.65
7400724,1233823,93.14
7400724,1233955,38.61
7400724,1233982,134.27
7400724,1234113,36.87
7400724,1234326,27.3
7400724,1234406,90.36
7400724,1234469,3.76
7400724,1234600,68.15
7400724,1234721,104.48
7400724,1234725,148.1
7400724,1234865,89.46
7400724,1234871,44.18
7400724,1234898,27.06
7400724,1234944,3.14
7400724,1235018,35.11
7400724,1235121,66.81
7400724,1235265,83.15
7400724,1235391,9.76
7400724,1235522,213.79
7400724,1235772,44.87
7400724,1235773,64.92
7400724,1235861,56.15
7400724,1235886,39.3
7400724,1235922,104.33
7400724,1236003,34.11
7400724,1236007,51.47
7400724,1236025,33.17
7400724,1236054,7.05
7400724,1236150,56.61
7400724,1236151,37.12
7400724,1236228,21.28
7400724,1236238,16.64
7400724,1236283,32.65
7400724,1236307,5.5
7400724,1236317,1.05
7400724,1236351,68.76
7400724,1236410,208.4
7400724,1236432,128.73
7400724,1236433,93.81
7400724,1236434,83.98
7400724,1236509,44.12
7400724,1237249,71.5
7400724,1237255,54.94
7400724,1237257,112.96
7400724,1237279,13.27
7400724,1237420,50.43
7400724,1237811,133.2
7400724,1237888,484.53
7400724,1237939,72.67
7400724,1237954,59.67
7400724,1238016,39.08
7400724,1238044,0.01
7400724,1238079,41.95
7400724,1238210,43.15
7400724,1238393,46.35
7400724,1238619,178.19
7400724,1238706,35.81
7400724,1238746,70.1
7400724,1238797,79.63
7400724,1238846,30.07
7400724,1238959,17.01
7400724,1239237,45.67
7400724,1239645,51.96
7400724,1239697,43.33
7400724,1239700,51.82
7400724,1239734,146.01
7400724,1239762,132.34
7400724,1239794,2.02
7400724,1239813,0.94
7400724,1240058,168.07
7400724,1240070,77.22
7400724,1240305,1.19
7400724,1240308,17.26
7400724,1240480,54.46
7400724,1240488,170.76
7400724,1240665,44.65
7400724,1240934,30
7400724,1240935,30
7400724,1240937,30
7400724,1241020,87.5
7400724,1241028,86.97
7400724,1241083,91.86
7400724,1241177,58.21
7400724,1241241,59.44
7400724,1241489,37.49
7400724,1241532,51.92
7400724,1241581,55.77
7400724,1241620,67.6
7400724,1241741,44.12
7400724,1241751,131.74
7400724,1241766,96.27
7400724,1241799,154.04
7400724,1241949,5.38
7400724,1241984,113.52
7400724,1242381,30.12
7400724,1242388,99.76
7400724,1242391,78.26
7400724,1242512,25.67
7400724,1242513,39.4
7400724,1242514,23.85
7400724,1242595,67.96
7400724,1242639,58.12
7400724,1242655,105.68
7400724,1242669,0.01
7400724,1242748,297.84
7400724,1243086,45.95
7400724,1243106,107.02
7400724,1243113,74.17
7400724,1243129,96.73
7400724,1243294,75.83
7400724,1243660,124.89
7400724,1243704,35.11
7400724,1243825,81.02
7400724,1243838,56.26
7400724,1243843,321.76
7400724,1243969,108.15
7400724,1244087,20.55
7400724,1244089,1.27
7400724,1244101,43.01
7400724,1244146,40.36
7400724,1244242,91.83
7400724,1244349,137.39
7400724,1244355,114.74
7400724,1244423,14.99
7400724,1244725,54.46
7400724,1244778,75.73
7400724,1244800,36.24
7400724,1244956,23.7
7400724,1245102,55.77
7400724,1245105,43.03
7400724,1245218,50.7
7400724,1245220,23.44
7400724,1245221,37.93
7400724,1245581,63.97
7400724,1246075,7.9
7400724,1246152,78.03
7400724,1246278,96.24
7400724,1246521,119.46
7400724,1246628,71.63
7400724,1246647,10.83
7400724,1246901,97.15
7400724,1247046,72.19
7400724,1247211,218.55
7400724,1247453,91.27
7400724,1247454,102.2
7400724,1247509,44.1
7400724,1247565,63.04
7400724,1247712,90.42
7400724,1247743,90.44
7400724,1247762,28.38
7400724,1247763,55.14
7400724,1247765,42.89
7400724,1247881,77.22
7400724,1247930,146.01
7400724,1247944,254.36
7400724,1248032,71.24
7400724,1248076,27.26
7400724,1248123,33.52
7400724,1248219,135.32
7400724,1248224,0.01
7400724,1248321,47.06
7400724,1248480,60.47
7400724,1248764,110.74
7400724,1248955,131.35
7400724,1249034,30.55
7400724,1249192,14.35
7400724,1249313,109.13
7400724,1249374,22.13
7400724,1249380,51.95
7400724,1249975,35.39
7400724,1249995,198.7
7400724,1250511,78.11
7400724,1250579,0.82
7400724,1250580,12.97
7400724,1250581,1.55
7400724,1250603,153.57
7400724,1250658,53.82
7400724,1250663,1.49
7400724,1250758,125.34
7400724,1250775,244.58
7400724,1250838,2.47
7400724,1251118,39.74
7400724,1251299,38.61
7400724,1251343,61.92
7400724,1251366,38.78
7400724,1251625,81.84
7400724,1251971,96.56
7400724,1252038,71.4
7400724,1252050,7.05
7400724,1252140,9.36
7400724,1252348,66.9
7400724,1252669,63.97
7400724,1252697,65.89
7400724,1252710,2.39
7400724,1252711,1.69
7400724,1253242,7.05
7400724,1253248,7.05
7400724,1253304,5.5
7400724,1253326,236.74
7400724,1253475,90.3
7400724,1253560,77.41
7400724,1253814,80.15
7400724,1253904,71.63
7400724,1253931,8.98
7400724,1254081,11.87
7400724,1254516,85.02
7400724,1254797,77.5
7400724,1254800,75.59
7400724,1254856,91.13
7400724,1254859,139.87
7400724,1254861,2.55
7400724,1254866,5.46
7400724,1254867,244.78
7400724,1254933,64.43
7400724,1254951,43.85
7400724,1254953,36.15
7400724,1254967,45.55
7400724,1254968,53.97
7400724,1254970,54.12
7400724,1254989,44.74
7400724,1254992,39.46
7400724,1255081,152.14
7400724,1255178,38.99
7400724,1255210,39.05
7400724,1255356,4.63
7400724,1255440,37.62
7400724,1256082,167.43
7400724,1256156,912.45
7400724,1256292,29.8
7400724,1256321,39.97
7400724,1256364,97.2
7400724,1256529,2.47
7400724,1256896,41.13
7400724,1256898,41.13
7400724,1256900,57.02
7400724,1256904,47
7400724,1256907,47
7400724,1257268,37.45
7400724,1257318,41.95
7400724,1257319,25
7400724,1257320,48.9
7400724,1257321,29.05
7400724,1257704,69.47
7400724,1257863,910.91
7400724,1258149,123.95
7400724,1258296,72.83
7400724,1258414,0.01
7400724,1258438,117.44
7400724,1258449,47.24
7400724,1258488,20.3
7400724,1258825,326.52
7400724,1258898,10.85
7400724,1259116,141.56
7400724,1259157,60.3
7400724,1259274,5.28
7400724,1259426,142.3
7400724,1259588,76.34
7400724,1259802,226
7400724,1259987,75.78
7400724,1260001,154.68
7400724,1260270,43.78
7400724,1260271,21.19
7400724,1260910,16.05
7400724,1260923,4.44
7400724,1260925,6.05
7400724,1261081,181.54
7400724,1261170,32.22
7400724,1261370,84.24
7400724,1261377,86.93
7400724,1261522,1.05
7400724,1261823,113.67
7400724,1261888,178.22
7400724,1261979,97.85
7400724,1262233,22.84
7400724,1262278,105.23
7400724,1262588,183.72
7400724,1262595,4.19
7400724,1262634,16.37
7400724,1262726,41.42
7400724,1262991,223.7
7400724,1262992,194
7400724,1263119,7.76
7400724,1263291,109.16
7400724,1263508,67.26
7400724,1263688,191.29
7400724,1263760,136.39
7400724,1263791,37.88
7400724,1263792,33.03
7400724,1264088,21.36
7400724,1264274,91.1
7400724,1264275,35.25
7400724,1264280,6.8
7400724,1264327,0.01
7400724,1264547,2.77
7400724,1264758,55.13
7400724,1264870,6.82
7400724,1264896,4.63
7400724,1264898,2.49
7400724,1264923,110.83
7400724,1264983,64.64
7400724,1265019,3.49
7400724,1265154,96.7
7400724,1265155,87.61
7400724,1265156,174.18
7400724,1265157,33.3
7400724,1265159,36.4
7400724,1265161,44.9
7400724,1265168,157.78
7400724,1265883,83.19
7400724,1265895,59.11
7400724,1266067,2.07
7400724,1266178,19.78
7400724,1266436,109.09
7400724,1266473,56.83
7400724,1266746,97.97
7400724,1266796,21.08
7400724,1266972,40.55
7400724,1267120,37.54
7400724,1267241,77.22
7400724,1267422,41.87
7400724,1267604,98.52
7400724,1267759,6.12
7400724,1267912,1.13
7400724,1268045,168.12
7400724,1268154,41.13
7400724,1268401,52.08
7400724,1268534,65.89
7400724,1268543,133.67
7400724,1268668,123.53
7400724,1268683,8.18
7400724,1268707,30.74
7400724,1268840,38.78
7400724,1268887,64.64
7400724,1268908,90.77
7400724,1269153,111.65
7400724,1269192,108.71
7400724,1269193,42.5
7400724,1269194,85.69
7400724,1269196,75.44
7400724,1269197,139.71
7400724,1269198,167.28
7400724,1269199,86.39
7400724,1269200,148.91
7400724,1269201,128.98
7400724,1269203,66.61
7400724,1269204,144
7400724,1269205,94.2
7400724,1269207,74.17
7400724,1269209,72.38
7400724,1269211,71.48
7400724,1269212,130.86
7400724,1269213,87.28
7400724,1269214,81.35
7400724,1269215,131.62
7400724,1269216,114.72
7400724,1269218,111.41
7400724,1269219,46.26
7400724,1269220,121.24
7400724,1269221,104.99
7400724,1269222,37.81
7400724,1269223,65.88
7400724,1269224,70.3
7400724,1269225,71.62
7400724,1269598,64.63
7400724,1269717,35.85
7400724,1269720,136.77
7400724,1269721,46.48
7400724,1269954,2.47
7400724,1270139,67.68
7400724,1270344,88.55
7400724,1270347,27.72
7400724,1270409,35.98
7400724,1270468,1.82
7400724,1270535,39.42
7400724,1270641,31.31
7400724,1270687,41.13
7400724,1270692,171.17
7400724,1270841,135.2
7400724,1270890,10.02
7400724,1270934,152.99
7400724,1270948,47.54
7400724,1271123,56.22
7400724,1271131,0.01
7400724,1271178,40.09
7400724,1271210,28.28
7400724,1271589,19.74
7400724,1271639,76.96
7400724,1271718,23.09
7400724,1271936,42.76
7400724,1272033,143.15
7400724,1272058,2.88
7400724,1272120,7.01
7400724,1272306,91.93
7400724,1272313,38.89
7400724,1272344,5.36
7400724,1272417,39.97
7400724,1272466,146.7
7400724,1272467,133.6
7400724,1272622,223.56
7400724,1272719,59.55
7400724,1272720,56.47
7400724,1272767,50.68
7400724,1272808,78.73
7400724,1272821,166.8
7400724,1272852,88.97
7400724,1272964,69.22
7400724,1273039,264.92
7400724,1273054,259.46
7400724,1273073,78.73
7400724,1273152,4.45
7400724,1273233,23.62
7400724,1273290,3.97
7400724,1273291,10.42
7400724,1273292,10.42
7400724,1273294,7.93
7400724,1273303,2.74
7400724,1273325,77.83
7400724,1273341,119.4
7400724,1273401,11.17
7400724,1273403,174.49
7400724,1273627,6.19
7400724,1273745,32.99
7400724,1273837,0.01
7400724,1273898,21.42
7400724,1273899,20.3
7400724,1273900,20.79
7400724,1273901,20.49
7400724,1273902,18.26
7400724,1273903,28.33
7400724,1274379,109.56
7400724,1274397,207.15
7400724,1274520,57.92
7400724,1274543,46.24
7400724,1274554,16.13
7400724,1274612,143.19
7400724,1274617,75.75
7400724,1274737,12.71
7400724,1274793,61.59
7400724,1274910,38.45
7400724,1275279,65.24
7400724,1275299,98.14
7400724,1275322,7.32
7400724,1275367,100.82
7400724,1275368,162.22
7400724,1275399,65.75
7400724,1275400,52.73
7400724,1275402,163.98
7400724,1275403,96.49
7400724,1275404,9.06
7400724,1275580,49.98
7400724,1275884,34.36
7400724,1275887,67.9
7400724,1276002,112.94
7400724,1276021,335.16
7400724,1276298,42.76
7400724,1276394,89.23
7400724,1276515,3.5
7400724,1276516,0.66
7400724,1276727,70.24
7400724,1276728,104.02
7400724,1276729,100.92
7400724,1277667,7.44
7400724,1277916,20.4
7400724,1277982,2
7400724,1277983,91.93
7400724,1278121,5.43
7400724,1278369,268.12
7400724,1278471,42.56
7400724,1279016,64.05
7400724,1279017,59.89
7400724,1279283,141.56
7400724,1279660,312.19
7400724,1279735,7.21
7400724,1279751,198.7
7400724,1279752,168.18
7400724,1279753,145.51
7400724,1279770,36.54
7400724,1279823,3.02
7400724,1279851,48.68
7400724,1279962,38.63
7400724,1279963,141.56
7400724,1280058,106.6
7400724,1280059,106.6
7400724,1280062,78.26
7400724,1280063,97.71
7400724,1280064,101.66
7400724,1280065,97.71
7400724,1280066,56.12
7400724,1280067,66.76
7400724,1280070,8.33
7400724,1280075,65.37
7400724,1280427,51.82
7400724,1280517,77.4
7400724,1280702,252.34
7400724,1281211,218.41
7400724,1281246,207.69
7400724,1281390,326.63
7400724,1281392,29.27
7400724,1281417,24.33
7400724,1281532,104.2
7400724,1282284,85.38
7400724,1282406,5.46
7400724,1282809,7.79
7400724,1282832,53.42
7400724,1283003,182.45
7400724,1283015,41.68
7400724,1283028,223.16
7400724,1283378,11.1
7400724,1283498,18.66
7400724,1283715,68.51
7400724,1283813,31.31
7400724,1283828,88.9
7400724,1283830,24.69
7400724,1284060,41.97
7400724,1284062,56.87
7400724,1284096,42.76
7400724,1284398,1.34
7400724,1284414,74.5
7400724,1284775,97.08
7400724,1284776,35.81
7400724,1284961,56.72
7400724,1284993,174.7
7400724,1285050,26.79
7400724,1285114,52.86
7400724,1285115,55.13
7400724,1285119,38.01
7400724,1285144,94.98
7400724,1285162,55.11
7400724,1285498,3.53
7400724,1285512,67.4
7400724,1285666,35.47
7400724,1285777,12.04
7400724,1285817,34.03
7400724,1285924,42.25
7400724,1286252,1.69
7400724,1286516,0.01
7400724,1286823,9.78
7400724,1287136,59.56
7400724,1287162,145.57
7400724,1287317,84.89
7400724,1287319,43.22
7400724,1287636,154.04
7400724,1287640,4.76
7400724,1287642,120.1
7400724,1287769,11.1
7400724,1287771,41.94
7400724,1287822,108.51
7400724,1287936,50.84
7400724,1288095,263.32
7400724,1288212,100.56
7400724,1288293,20.66
7400724,1288383,0.01
7400724,1288521,98.02
7400724,1288686,43.85
7400724,1288788,35.25
7400724,1288790,58.75
7400724,1289088,56.26
7400724,1289469,113
7400724,1289550,1.79
7400724,1289919,190.19
7400724,1290066,58.32
7400724,1290099,23.68
7400724,1290172,103.21
7400724,1290292,52.76
7400724,1290431,15.31
7400724,1290464,104.76
7400724,1290577,16.57
7400724,1290849,27.13
7400724,1291249,51.91
7400724,1291250,154.7
7400724,1291282,63.99
7400724,1291285,2.12
7400724,1291446,326.52
7400724,1291450,20.21
7400724,1291453,101.17
7400724,1291517,84.8
7400724,1291742,107.82
7400724,1291846,88.13
7400724,1291853,142.69
7400724,1291854,35.86
7400724,1292324,17.46
7400724,1292416,9.59
7400724,1292417,5.01
7400724,1292473,4.5
7400724,1292474,49.98
7400724,1292525,186.38
7400724,1292689,11.75
7400724,1292700,64.16
7400724,1292867,35.57
7400724,1293233,92.71
7400724,1293284,83.05
7400724,1293300,45.13
7400724,1293398,693.57
7400724,1293424,86.54
7400724,1293493,10.35
7400724,1293549,12.04
7400724,1293551,96.82
7400724,1293736,154.7
7400724,1293738,51.91
7400724,1293754,35.11
7400724,1293793,35.57
7400724,1293796,35.57
7400724,1293936,215.87
7400724,1293937,214.17
7400724,1294461,4.14
7400724,1294466,44.42
7400724,1294639,100.91
7400724,1294643,25
7400724,1295063,7.21
7400724,1295135,6.36
7400724,1295183,6.07
7400724,1295354,190.19
7400724,1295418,32.67
7400724,1295707,152.7
7400724,1295812,6.4
7400724,1295814,42.76
7400724,1295986,18.55
7400724,1295991,22.82
7400724,1296079,108.99
7400724,1296119,55.53
7400724,1296122,58.83
7400724,1296124,169.74
7400724,1296323,2.48
7400724,1296374,18.84
7400724,1296486,99.73
7400724,1296497,68.54
7400724,1297333,109.13
7400724,1297370,93.39
7400724,1297432,13.96
7400724,1297457,5.66
7400724,1297489,146.36
7400724,1297870,15.45
7400724,1297871,15.45
7400724,1298066,4.1
7400724,1298068,3.74
7400724,1298096,143.54
7400724,1298319,12.96
7400724,1298368,288.24
7400724,1298369,293.8
7400724,1298389,29.12
7400724,1299143,397.17
7400724,1299438,35.57
7400724,1299496,68.02
7400724,1299508,489.51
7400724,1299518,2194.82
7400724,1299535,40.03
7400724,1299562,789.51
7400724,1299635,48.93
7400724,1299734,17.7
7400724,1300064,74.95
7400724,1300350,6.19
7400724,1300409,122.81
7400724,1300598,89.55
7400724,1300648,15.45
7400724,1300706,2.15
7400724,1300903,42.3
7400724,1300991,1.77
7400724,1301148,50.2
7400724,1301150,50.2
7400724,1301159,5.96
7400724,1301209,0.01
7400724,1301400,0.01
7400724,1301405,7.05
7400724,1301407,36.87
7400724,1301459,3.37
7400724,1302160,34.36
7400724,1302204,32.57
7400724,1302282,0.01
7400724,1302342,15.04
7400724,1302385,48.93
7400724,1302724,5.88
7400724,1302728,5.88
7400724,1303378,414.52
7400724,1303387,60.4
7400724,1303473,115.95
7400724,1303622,51.86
7400724,1303623,62.62
7400724,1303626,3.18
7400724,1304593,5.02
7400724,1304972,50
7400724,1305085,167.58
7400724,1305108,218.55
7400724,1305575,65.89
7400724,1305589,16.8
7400724,1305810,207.69
7400724,1305833,16.37
7400724,1305989,196.27
7400724,1306059,29.83
7400724,1306070,22.6
7400724,1306360,36.27
7400724,1306429,65.95
7400724,1306506,57.03
7400724,1306511,29.62
7400724,1306568,101.25
7400724,1306705,68.51
7400724,1306769,69.04
7400724,1307037,154.7
7400724,1307164,5.56
7400724,1307465,314.68
7400724,1307466,4.77
7400724,1307871,10.42
7400724,1307873,2.74
7400724,1307874,10.42
7400724,1307902,157.78
7400724,1308195,208.4
7400724,1308260,43.26
7400724,1308417,56.49
7400724,1308534,7.68
7400724,1308598,36.66
7400724,1308696,12.96
7400724,1308785,181.04
7400724,1309125,50
7400724,1309356,58.55
7400724,1309682,4.59
7400724,1309683,4.59
7400724,1309684,6.23
7400724,1309689,6.96
7400724,1309691,6.96
7400724,1310099,7.93
7400724,1310229,74.5
7400724,1310543,60.72
7400724,1310911,5.96
7400724,1311048,6.22
7400724,1311053,7.95
7400724,1311054,7.93
7400724,1311055,7.93
7400724,1311056,7.93
7400724,1311057,4.59
7400724,1311058,4.59
7400724,1311184,8.21
7400724,1311185,43.57
7400724,1311424,21.28
7400724,1311518,7.61
7400724,1311680,48.82
7400724,1311963,5.63
7400724,1312213,30
7400724,1312326,6.45
7400724,1312398,197.4
7400724,1312734,157.78
7400724,1312874,56.08
7400724,1312914,63.22
7400724,1313324,0.01
7400724,1313350,5.46
7400724,1313390,60.12
7400724,1313393,82.91
7400724,1313398,5.43
7400724,1313407,109.98
7400724,1313605,50.48
7400724,1313606,1.48
7400724,1314062,30
7400724,1314063,30
7400724,1314341,15.37
7400724,1314352,19.88
7400724,1314353,206.35
7400724,1314354,19.04
7400724,1314370,1.56
7400724,1314390,3.68
7400724,1314392,54.71
7400724,1314434,14.99
7400724,1314584,85.02
7400724,1314682,41.54
7400724,1314729,7.05
7400724,1314765,79.52
7400724,1314802,58.08
7400724,1314816,6.94
7400724,1315044,22.38
7400724,1315235,123.06
7400724,1315240,47.82
7400724,1315625,13.78
7400724,1315660,21.16
7400724,1315708,58.49
7400724,1315735,130.99
7400724,1315822,51.69
7400724,1315833,154.04
7400724,1315835,236.74
7400724,1315850,2194.82
7400724,1315858,79.32
7400724,1316048,48.53
7400724,1316049,6.44
7400724,1316050,80.23
7400724,1316051,117.31
7400724,1316137,0.01
7400724,1316410,112.8
7400724,1316429,2.48
7400724,1316617,677.14
7400724,1316816,8.94
7400724,1316838,14.31
7400724,1316982,4.48
7400724,1317040,1.69
7400724,1317131,88.41
7400724,1317221,8.35
7400724,1317266,374.71
7400724,1317277,2.73
7400724,1317280,2.26
7400724,1317298,3.14
7400724,1317308,19.25
7400724,1317318,20.59
7400724,1317382,131.69
7400724,1317433,33.8
7400724,1317643,36.82
7400724,1317668,189.94
7400724,1317670,153.57
7400724,1317706,17.17
7400724,1317783,229.03
7400724,1317878,33.56
7400724,1317881,5.32
7400724,1317892,7.76
7400724,1317902,7.38
7400724,1317904,9.71
7400724,1317909,62.87
7400724,1317973,21.51
7400724,1317977,107.65
7400724,1318434,64.87
7400724,1318435,44.18
7400724,1318544,11.24
7400724,1319149,7.44
7400724,1319344,21.36
7400724,1319741,1.56
7400724,1320537,55.66
7400724,1320672,29.7
7400724,1320881,103.81
7400724,1321284,7.36
7400724,1321386,67.68
7400724,1321510,105.81
7400724,1321751,20.2
7400724,1321783,153.06
7400724,1321982,42.3
7400724,1322125,75.48
7400724,1322398,4.88
7400724,1322405,782.14
7400724,1322431,29.13
7400724,1322489,93.91
7400724,1322491,4.11
7400724,1322503,103.8
7400724,1322601,109.26
7400724,1322674,3.15
7400724,1322689,99.65
7400724,1322715,35.11
7400724,1322844,255.39
7400724,1322848,14.98
7400724,1322981,4.38
7400724,1323414,35.09
7400724,1323633,116.25
7400724,1323854,70.68
7400724,1323879,56.29
7400724,1324012,181.61
7400724,1324336,157.25
7400724,1324631,78.11
7400724,1324639,74.33
7400724,1324712,125.55
7400724,1324876,43.57
7400724,1324918,58.86
7400724,1324995,41.1
7400724,1325217,0.01
7400724,1325466,10.42
7400724,1326036,19.43
7400724,1326051,109.56
7400724,1326053,77.8
7400724,1326073,94.62
7400724,1326074,88.85
7400724,1326382,80.12
7400724,1326609,42.95
7400724,1326679,92.92
7400724,1326697,5.8
7400724,1326981,13.27
7400724,1326983,20.39
7400724,1327217,5.6
7400724,1327224,117.45
7400724,1327431,13.72
7400724,1327432,9.11
7400724,1327503,181.96
7400724,1327615,26.75
7400724,1328058,236.76
7400724,1328062,68.54
7400724,1328085,65.4
7400724,1328088,65.4
7400724,1328110,50.75
7400724,1328117,74.41
7400724,1328134,112.17
7400724,1328351,56.29
7400724,1328577,1.45
7400724,1328694,5.8
7400724,1328839,65.65
7400724,1328961,83.34
7400724,1328963,42.11
7400724,1329031,54.57
7400724,1329139,86.67
7400724,1329142,88.55
7400724,1329450,150.02
7400724,1329588,158.48
7400724,1329713,0.01
7400724,1329760,44.91
7400724,1330008,6.4
7400724,1330435,3.3
7400724,1330488,1.46
7400724,1330770,54.29
7400724,1331304,19.88
7400724,1331416,54.57
7400724,1331418,7.76
7400724,1331539,58.86
7400724,1331701,103.45
7400724,1331708,0.01
7400724,1331998,21.34
7400724,1332369,6.12
7400724,1332370,56.68
7400724,1332574,19.88
7400724,1332626,146.08
7400724,1332717,93.39
7400724,1333070,43.99
7400724,1333071,53.3
7400724,1333072,43.99
7400724,1333073,53.3
7400724,1333331,107.02
7400724,1333996,84.19
7400724,1334142,30.55
7400724,1334209,4.84
7400724,1334499,2.2
7400724,1334919,39.49
7400724,1335423,133.3
7400724,1335430,86.09
7400724,1335547,71.4
7400724,1335643,248.01
7400724,1335778,62.13
7400724,1335984,100.92
7400724,1335990,40.16
7400724,1335996,59.49
7400724,1335999,85.38
7400724,1336001,94.58
7400724,1336011,117.43
7400724,1336083,98.74
7400724,1336232,131.74
7400724,1336346,18.39
7400724,1336376,116.82
7400724,1336377,90.8
7400724,1336378,204.73
7400724,1336403,9.46
7400724,1336432,12.49
7400724,1336462,238.2
7400724,1336579,313.27
7400724,1336756,4.76
7400724,1337247,10.2
7400724,1337298,52.08
7400724,1337301,57.93
7400724,1337448,102.85
7400724,1337470,89.68
7400724,1337511,259.46
7400724,1337648,312.14
7400724,1337799,8.28
7400724,1337912,6.67
7400724,1337994,20.66
7400724,1338141,34.29
7400724,1338442,98.56
7400724,1339202,1.77
7400724,1339375,1.77
7400724,1339730,49
7400724,1339912,28.28
7400724,1340469,72.86
7400724,1340498,39.08
7400724,1340713,135.14
7400724,1340827,107.24
7400724,1340835,3.14
7400724,1340858,97.01
7400724,1340967,63.86
7400724,1341001,97.83
7400724,1341103,113.65
7400724,1341308,102.21
7400724,1341567,75
7400724,1341878,34.43
7400724,1341886,119.42
7400724,1341973,16.8
7400724,1342153,65.74
7400724,1342389,1.52
7400724,1342517,125.21
7400724,1342651,34.43
7400724,1342789,8.4
7400724,1342847,32.37
7400724,1343148,79.69
7400724,1343421,4.85
7400724,1343487,119.15
7400724,1343489,90.66
7400724,1343499,86.22
7400724,1343502,18.05
7400724,1343525,147.54
7400724,1343574,98.81
7400724,1343669,40.62
7400724,1343703,6.45
7400724,1343704,133.67
7400724,1344069,5.68
7400724,1344275,32.92
7400724,1344290,21.49
7400724,1344474,12.94
7400724,1344491,32.01
7400724,1344855,60.24
7400724,1344920,46.58
7400724,1345141,61.89
7400724,1345463,11.6
7400724,1345720,13.78
7400724,1345844,65.1
7400724,1345935,25.7
7400724,1346577,27.53
7400724,1346786,67.74
7400724,1347126,81.9
7400724,1347174,79.85
7400724,1347296,13.74
7400724,1347653,44.1
7400724,1347690,136.07
7400724,1348317,10.09
7400724,1349048,76.08
7400724,1350013,37.68
7400724,1350285,191.48
7400724,1350383,63.7
7400724,1350384,65.47
7400724,1350833,64.54
7400724,1350838,113.04
7400724,1351148,49.69
7400724,1351149,56.59
7400724,1351221,147.23
7400724,1351644,94.49
7400724,1351713,113.04
7400724,1351714,101.24
7400724,1351715,101.24
7400724,1351716,89.44
7400724,1351717,94.49
7400724,1351718,94.49
7400724,1351833,52.77
7400724,1352297,78.82
7400724,1352528,115.97
7400724,1352531,3.87
7400724,1352821,16.63
7400724,1352884,109.13
7400724,1353025,101.48
7400724,1353027,86.54
7400724,1353550,69.03
7400724,1353568,84.33
7400724,1353569,132.39
7400724,1353586,52.77
7400724,1353604,94.53
7400724,1353620,109.87
7400724,1353712,3.85
7400724,1353854,37.87
7400724,1353855,30.29
7400724,1353858,32.54
7400724,1354478,4.71
7400724,1354572,69.36
7400724,1354829,44.59
7400724,1354936,2.54
7400724,1355111,45.41
7400724,1355215,119.89
7400724,1355419,79.98
7400724,1355447,4.95
7400724,1355841,31.65
7400724,1356392,54.07
7400724,1356393,56.59
7400724,1356428,49
7400724,1356429,111.91
7400724,1356666,2.84
7400724,1356856,64.05
7400724,1357596,117.82
7400724,1357610,132.54
7400724,1357650,69.03
7400724,1358086,93.54
7400724,1358163,317.09
7400724,1358274,50.95
7400724,1358486,32.03
7400724,1358716,177.44
7400724,1358802,64.45
7400724,1359055,59.61
7400724,1359185,12.81
7400724,1359400,22.13
7400724,1359703,79.83
7400724,1359708,79.29
7400724,1360138,0.01
7400724,1360140,70.5
7400724,1360238,7.92
7400724,1360313,48.76
7400724,1360461,60.54
7400724,1360626,93.53
7400724,1360911,95.09
7400724,1361010,2.26
7400724,1361241,80.46
7400724,1361447,50.36
7400724,1361576,33.28
7400724,1361585,43.71
7400724,1361851,0.99
7400724,1361897,105.75
7400724,1361921,6.16
7400724,1362197,104.28
7400724,1362391,112.54
7400724,1362434,56.35
7400724,1362667,6.52
7400724,1362837,64.05
7400724,1362838,59.07
7400724,1362993,94.65
7400724,1363025,15.98
7400724,1363035,16.33
7400724,1363348,89.5
7400724,1363632,10.63
7400724,1363694,39.08
7400724,1363817,76.9
7400724,1363838,12.97
7400724,1363857,34.44
7400724,1363885,62.64
7400724,1364033,49.12
7400724,1364483,50.36
7400724,1364952,33.26
7400724,1364971,6.52
7400724,1365051,33.28
7400724,1365293,56.35
7400724,1365538,22.13
7400724,1365671,14.51
7400724,1365977,109.3
7400724,1366219,141
7400724,1366365,922.4
7400724,1366409,2.94
7400724,1366511,75.02
7400724,1367055,124.68
7400724,1367171,19.01
7400724,1367358,66.96
7400724,1367545,8.03
7400724,1367565,58.2
7400724,1368268,60.91
7400724,1368607,11.67
7400724,1368666,47.42
7400724,1368824,48.03
7400724,1369497,43.45
7400724,1369655,10.09
7400724,1370162,2.31
7400724,1370167,10.02
7400724,1370352,3.94
7400724,1370444,33.79
7400724,1370531,52.09
7400724,1370602,42.04
7400724,1370890,56.93
7400724,1370929,179.55
7400724,1370944,43.55
7400724,1370986,62.23
7400724,1371381,133.53
7400724,1371714,3.53
7400724,1371939,50.54
7400724,1372855,6.16
7400724,1373244,7.11
7400724,1373342,99.29
7400724,1373362,86.94
7400724,1373420,9.12
7400724,1373424,15.98
7400724,1373426,15.98
7400724,1373512,0.01
7400724,1373557,13.36
7400724,1373646,53.03
7400724,1373659,2.02
7400724,1373787,6.52
7400724,1374256,29.38
7400724,1374439,71.79
7400724,1374953,79.11
7400724,1375239,19.52
7400724,1375250,53.92
7400724,1375261,6.76
7400724,1375350,5.88
7400724,1375464,11.67
7400724,1375824,53.92
7400724,1375825,19.52
7400724,1375826,19.52
7400724,1375903,58.8
7400724,1375996,119.9
7400724,1376000,6.52
7400724,1376052,79.31
7400724,1376056,10.18
7400724,1376058,10.95
7400724,1376060,10.95
7400724,1376061,10.95
7400724,1376062,10.95
7400724,1376064,10.95
7400724,1376065,10.95
7400724,1376067,34.58
7400724,1376069,34.58
7400724,1376070,34.58
7400724,1376071,34.58
7400724,1376073,34.58
7400724,1376074,34.58
7400724,1376076,24.77
7400724,1376078,24.77
7400724,1376079,24.77
7400724,1376080,24.77
7400724,1376081,24.77
7400724,1376082,24.77
7400724,1376083,24.77
7400724,1376153,131.74
7400724,1376159,6.76
7400724,1376161,6.76
7400724,1376162,6.76
7400724,1376163,6.76
7400724,1376164,6.76
7400724,1376165,6.76
7400724,1376218,76.33
7400724,1376261,54.97
7400724,1376285,10.09
7400724,1376920,0.95
7400724,1377035,89.08
7400724,1377045,53.92
7400724,1377048,33.84
7400724,1377138,34.58
7400724,1377380,29.38
7400724,1377548,19.01
7400724,1377694,0.99
7400724,1378036,81.5
7400724,1378134,14.17
7400724,1378180,7.92
7400724,1378249,73.98
7400724,1378262,7.56
7400724,1378590,69.17
7400724,1378712,81.22
7400724,1379011,10.95
7400724,1379027,48.26
7400724,1379526,113.55
7400724,1379557,0.01
7400724,1379585,5.12
7400724,1379753,61.28
7400724,1380145,1.16
7400724,1380212,53.92
7400724,1380629,7.98
7400724,1381209,44.92
7400724,1381298,53.92
7400724,1382111,11.46
7400724,1382112,2.2
7400724,1382149,1
7400724,1382210,9.86
7400724,1382240,0.01
7400724,1382252,99.86
7400724,1382256,31.2
7400724,1382370,20.86
7400724,1382375,7.31
7400724,1383017,1110.33
7400724,1383594,53.92
7400724,1383596,56.78
7400724,1383607,66.38
7400724,1383716,0.01
7400724,1383740,70.18
7400724,1383782,50.91
7400724,1383883,7.92
7400724,1384044,13.34
7400724,1384203,79.09
7400724,1384300,149.12
7400724,1384309,10.09
7400724,1384362,50.27
7400724,1384446,3.06
7400724,1384611,0.99
7400724,1384666,39.23
7400724,1384867,56.87
7400724,1385195,9.98
7400724,1385196,9.98
7400724,1385731,29.83
7400724,1386107,22.13
7400724,1386604,30.54
7400724,1386775,45.64
7400724,1386959,60.54
7400724,1387004,18.07
7400724,1388032,40.73
7400724,1388034,53.97
7400724,1388997,23.69
7400724,1389249,19.52
7400724,1389701,15.56
7400724,1390468,41.54
7400724,1391385,27.88
7400724,1391795,132.19
7400724,1392868,7.11
7400724,1392869,16.99
7400724,1392871,6.26
7400724,1393447,61.92
7400724,1393766,28.2
7400724,1394120,22.34
7400724,1394712,45.77
7400724,1395819,69.92
7400724,1396095,33.28
7400724,1396247,67.55
7400724,1396701,146.88
7400724,1396898,59.67
7400724,1396926,57.93
7400724,1396995,113.33
7400724,1397269,65.74
7400724,1397280,67.05
7400724,1397281,59.27
7400724,1397332,3.53
7400724,1397379,33.26
7400724,1397492,65.87
7400724,1397493,53.24
7400724,1397591,130.66
7400724,1398020,91.58
7400724,1398354,77.84
7400724,1398527,67.75
7400724,1399556,26.2
7400724,1399557,26.2
7400724,1399860,100.84
7400724,1399861,136.91
7400724,1399862,120.25
7400724,1399873,39.95
7400724,1401579,123.52
7400724,1402015,123.52
7400724,1403062,73.45
7400724,1403920,127.44
7400724,1406243,65.84
7400724,1406669,73.45
7400724,1004122,85.09
7400724,1005210,88.42
7400724,1005211,116.38
7400724,1005610,43.77
7400724,1005906,208.53
7400724,1005929,68.66
7400724,1006100,59.42
7400724,1006101,65.39
7400724,1006102,69.81
7400724,1006386,126.56
7400724,1006481,88.82
7400724,1007758,42.24
7400724,1007770,42.24
7400724,1007771,42.24
7400724,1007774,43.48
7400724,1007776,0.01
7400724,1007935,92.77
7400724,1007936,53.36
7400724,1008800,43.71
7400724,1008801,43.71
7400724,1008802,43.71
7400724,1009188,126.56
7400724,1010946,160.68
7400724,1010953,92.47
7400724,1010981,124.02
7400724,1010991,62.63
7400724,1011020,140.24
7400724,1011055,84.07
7400724,1011056,94.06
7400724,1011073,124.02
7400724,1011074,140.24
7400724,1011079,43.77
7400724,1011086,55.7
7400724,1011177,52.99
7400724,1011197,107.02
7400724,1011204,124.02
7400724,1011282,140.24
7400724,1011338,82.4
7400724,1011340,64.78
7400724,1011928,108.28
7400724,1011979,108.28
7400724,1012343,115.8
7400724,1012359,81.84
7400724,1012967,79.14
7400724,1012968,69.69
7400724,1012969,41.42
7400724,1013002,71.26
7400724,1013159,148.57
7400724,1013160,186.26
7400724,1013165,149.07
7400724,1013174,88.04
7400724,1013183,99.06
7400724,1013191,99.06
7400724,1013211,99.06
7400724,1013372,123.39
7400724,1013532,137.35
7400724,1013576,101.67
7400724,1013588,63.85
7400724,1013610,63.85
7400724,1013634,63.85
7400724,1013651,53.38
7400724,1013656,65.19
7400724,1013661,115.3
7400724,1013684,71.7
7400724,1013691,46.19
7400724,1013730,75.25
7400724,1013871,50.55
7400724,1013915,95.6
7400724,1013921,108.35
7400724,1013928,128.38
7400724,1013931,136.5
7400724,1013976,68.43
7400724,1013977,62.22
7400724,1014014,80.86
7400724,1014018,93.31
7400724,1014075,105.77
7400724,1014595,56.44
7400724,1014603,56.44
7400724,1014632,99.06
7400724,1014989,61.95
7400724,1014990,96.24
7400724,1015017,63.65
7400724,1015031,89.99
7400724,1015048,124.16
7400724,1015057,103.24
7400724,1015203,31.1
7400724,1015235,66.83
7400724,1015258,26.63
7400724,1015264,67.34
7400724,1015767,44.61
7400724,1015789,66.83
7400724,1015790,33.95
7400724,1015805,75.38
7400724,1015806,37.87
7400724,1015810,59.93
7400724,1015814,42.99
7400724,1015815,27.94
7400724,1015816,41.11
7400724,1015878,42.82
7400724,1015894,59.73
7400724,1015896,59.87
7400724,1015897,41.17
7400724,1015902,26.83
7400724,1015999,53.63
7400724,1016007,23.96
7400724,1016056,63.57
7400724,1016068,52.76
7400724,1016075,48.57
7400724,1016081,45.75
7400724,1016082,45.73
7400724,1016090,28.66
7400724,1016091,41.69
7400724,1016093,32.08
7400724,1016103,40.22
7400724,1016145,34.23
7400724,1016177,21.75
7400724,1016212,28.26
7400724,1016213,97.75
7400724,1016214,35.93
7400724,1016215,24.85
7400724,1016223,42.02
7400724,1016225,34
7400724,1016226,49.19
7400724,1016227,41.56
7400724,1016228,57.67
7400724,1016232,43.25
7400724,1016273,69.5
7400724,1016291,26.04
7400724,1016300,25.8
7400724,1016370,87.09
7400724,1016398,74.87
7400724,1016513,63.43
7400724,1016520,115.78
7400724,1016521,71.87
7400724,1016535,67.88
7400724,1016599,26.11
7400724,1016608,91.12
7400724,1016691,38.25
7400724,1016729,76.48
7400724,1016749,38.25
7400724,1016802,54.17
7400724,1016927,82.57
7400724,1017159,127.02
7400724,1017172,121.62
7400724,1017220,127.02
7400724,1017226,68.69
7400724,1017252,68.69
7400724,1017259,57.53
7400724,1017290,39.47
7400724,1017295,54.33
7400724,1017296,57.07
7400724,1017297,56.14
7400724,1017325,52.26
7400724,1017327,60.42
7400724,1017336,71.7
7400724,1017338,26.28
7400724,1017361,59.03
7400724,1017380,42.83
7400724,1017386,33.16
7400724,1017387,99.83
7400724,1017388,25.56
7400724,1017390,111.39
7400724,1017400,35.2
7400724,1017408,26.57
7400724,1017417,61.01
7400724,1017422,65.24
7400724,1017472,68.13
7400724,1017478,74.55
7400724,1017479,52.75
7400724,1017480,52.99
7400724,1017481,50.98
7400724,1017485,70.44
7400724,1017486,70.44
7400724,1017487,70.44
7400724,1017491,149.65
7400724,1017493,149.65
7400724,1017494,143.93
7400724,1017508,75.49
7400724,1017514,65.86
7400724,1017518,30.1
7400724,1017519,30.12
7400724,1017524,40.77
7400724,1017578,53.37
7400724,1017591,94.73
7400724,1017592,82.57
7400724,1017596,52.99
7400724,1017613,56.12
7400724,1017631,72.98
7400724,1017632,33.76
7400724,1017643,47.02
7400724,1017661,142.69
7400724,1017662,128.85
7400724,1017664,127.89
7400724,1017666,86.75
7400724,1017670,68.69
7400724,1017671,71.56
7400724,1017672,46.58
7400724,1017673,68.69
7400724,1017674,47.29
7400724,1017683,39.56
7400724,1017693,62.16
7400724,1017737,97.87
7400724,1017768,58.61
7400724,1017769,68.96
7400724,1017773,73.78
7400724,1017775,50.35
7400724,1017800,71.56
7400724,1017804,87.55
7400724,1017805,40.19
7400724,1017811,49.78
7400724,1017841,37.44
7400724,1017843,38.9
7400724,1017844,51.17
7400724,1017845,68.29
7400724,1017848,81.3
7400724,1017849,85.59
7400724,1017850,92.84
7400724,1017851,76.32
7400724,1017872,42.62
7400724,1017874,38.21
7400724,1017889,68.93
7400724,1017890,24.28
7400724,1017901,61.22
7400724,1017909,43.33
7400724,1017914,31.57
7400724,1017943,75.46
7400724,1017973,60.16
7400724,1017983,16.96
7400724,1018659,80.45
7400724,1018991,47.08
7400724,1019112,76.32
7400724,1019122,53.7
7400724,1019260,40.97
7400724,1019266,39.23
7400724,1019463,49.34
7400724,1019464,22.29
7400724,1019795,61.97
7400724,1019846,100.97
7400724,1019848,61.3
7400724,1019849,62.3
7400724,1019850,72.3
7400724,1019857,92.04
7400724,1019866,99.33
7400724,1019873,108.16
7400724,1020096,36.62
7400724,1020409,77.94
7400724,1020856,36.41
7400724,1021009,55.19
7400724,1021058,33.37
7400724,1021070,38.01
7400724,1021071,42.07
7400724,1021072,23.97
7400724,1021073,32.78
7400724,1021074,31.73
7400724,1021075,30.14
7400724,1021167,31.73
7400724,1021211,46.24
7400724,1021634,28.85
7400724,1021639,42.77
7400724,1021660,96.12
7400724,1021661,148.81
7400724,1021805,49.34
7400724,1021878,60.16
7400724,1021951,50.1
7400724,1022006,64.53
7400724,1022120,46.19
7400724,1022124,59.6
7400724,1022140,54.07
7400724,1022143,55.85
7400724,1022155,112.18
7400724,1022164,74.39
7400724,1022240,31.14
7400724,1022248,46.49
7400724,1022352,46.4
7400724,1022353,47.47
7400724,1022363,46.35
7400724,1022366,63.25
7400724,1022376,36.11
7400724,1022377,52.84
7400724,1022384,68.73
7400724,1022391,61.26
7400724,1027066,40.44
7400724,1027663,33.01
7400724,1027699,39.81
7400724,1027746,61.31
7400724,1027757,116.55
7400724,1027758,25.85
7400724,1027763,96
7400724,1027764,21.73
7400724,1027769,56.51
7400724,1027776,20.01
7400724,1027789,88.75
7400724,1027820,59.06
7400724,1027863,55.86
7400724,1027873,44.93
7400724,1027875,55.08
7400724,1027892,27.58
7400724,1027908,41.55
7400724,1027910,31.9
7400724,1027915,28.65
7400724,1027930,112.01
7400724,1027971,56.51
7400724,1027978,31.54
7400724,1027980,46.88
7400724,1028007,48.15
7400724,1028130,129.88
7400724,1028134,65.87
7400724,1028140,89.24
7400724,1028141,140.27
7400724,1028142,38.63
7400724,1028143,97.61
7400724,1028149,43.46
7400724,1028168,65.04
7400724,1028184,97.7
7400724,1028215,45.43
7400724,1028226,6.99
7400724,1028276,16.57
7400724,1028277,31.26
7400724,1028281,25.53
7400724,1028285,32.32
7400724,1028286,44.56
7400724,1028287,34.09
7400724,1028288,37.81
7400724,1028289,38.76
7400724,1028299,25.53
7400724,1028300,56.51
7400724,1028301,49.51
7400724,1028315,30.95
7400724,1028375,45.43
7400724,1028480,43.73
7400724,1028543,20.39
7400724,1028597,36.84
7400724,1028621,59.63
7400724,1028749,25.17
7400724,1028792,61.7
7400724,1028826,43.6
7400724,1028834,21.56
7400724,1028838,86.73
7400724,1028858,46.53
7400724,1028915,42.43
7400724,1028936,12.93
7400724,1030517,29.57
7400724,1030616,18.92
7400724,1030617,34.38
7400724,1030793,41.13
7400724,1030794,41.13
7400724,1030917,41.13
7400724,1030991,18.93
7400724,1030992,20.76
7400724,1030993,20.75
7400724,1031075,22.13
7400724,1031256,44
7400724,1031266,41.98
7400724,1031288,17.27
7400724,1031316,27.61
7400724,1031318,27.61
7400724,1031321,27.61
7400724,1031322,27.61
7400724,1031323,27.61
7400724,1031324,27.61
7400724,1031342,34.9
7400724,1031343,34.9
7400724,1031347,34.9
7400724,1031348,33.84
7400724,1031351,34.9
7400724,1031352,34.9
7400724,1031353,34.9
7400724,1031383,24.21
7400724,1031390,20.74
7400724,1031458,93.57
7400724,1031687,58.37
7400724,1031688,58.37
7400724,1031689,58.37
7400724,1032171,23.52
7400724,1032263,25.85
7400724,1033136,50.7
7400724,1033191,61.34
7400724,1033373,21.56
7400724,1033375,27.44
7400724,1033386,78.08
7400724,1033388,25.67
7400724,1033393,125.49
7400724,1033426,27.03
7400724,1033435,32.84
7400724,1036660,95.72
7400724,1040522,81.72
7400724,1040666,80.72
7400724,1040687,71.5
7400724,1040689,81.25
7400724,1040691,99.41
7400724,1040757,44
7400724,1040809,136.42
7400724,1040811,157.1
7400724,1040859,66.04
7400724,1040944,61.63
7400724,1040951,42.18
7400724,1040956,76.55
7400724,1041024,53.52
7400724,1041091,129.9
7400724,1041119,93.18
7400724,1041138,55.64
7400724,1041156,57.63
7400724,1041229,17.07
7400724,1041505,29.41
7400724,1041592,42.05
7400724,1042869,50
7400724,1042870,30.08
7400724,1042871,32.05
7400724,1042872,27.58
7400724,1042873,38.67
7400724,1042874,29.54
7400724,1042875,43.44
7400724,1042876,31.41
7400724,1042877,34.38
7400724,1042878,50.38
7400724,1042879,36.73
7400724,1044554,32.89
7400724,1044559,11.95
7400724,1044565,16.8
7400724,1044608,17.98
7400724,1044639,21.56
7400724,1044697,42.95
7400724,1044698,20.94
7400724,1044699,15.64
7400724,1044700,20.84
7400724,1044701,20.13
7400724,1044705,30.47
7400724,1044706,26.24
7400724,1044717,25.6
7400724,1044738,13.56
7400724,1044739,18.6
7400724,1044740,34.13
7400724,1044750,34.32
7400724,1044751,35.49
7400724,1044752,24.26
7400724,1044755,31.9
7400724,1044771,57.05
7400724,1044804,19.67
7400724,1044805,23.45
7400724,1044806,32.97
7400724,1044807,19.32
7400724,1044808,24.71
7400724,1044809,21.11
7400724,1044810,40.88
7400724,1044824,62.53
7400724,1044828,24.71
7400724,1044850,27.59
7400724,1044887,36.39
7400724,1044889,61.1
7400724,1044966,15.19
7400724,1044967,18.78
7400724,1044968,16.09
7400724,1045850,18.96
7400724,1047257,31
7400724,1049290,28.6
7400724,1049300,40.34
7400724,1049347,56.25
7400724,1049348,81.26
7400724,1049357,60.44
7400724,1049375,27.54
7400724,1049379,38.28
7400724,1049406,83.84
7400724,1049407,29.23
7400724,1049408,66.45
7400724,1049422,71.19
7400724,1049443,38.15
7400724,1049449,27.2
7400724,1049464,39.94
7400724,1049466,71.43
7400724,1049467,84.38
7400724,1049468,25.49
7400724,1049469,43.06
7400724,1049480,65.33
7400724,1049482,104.87
7400724,1049483,132.99
7400724,1049511,94.41
7400724,1049513,26.09
7400724,1049514,36.05
7400724,1049527,67.22
7400724,1049655,25.26
7400724,1049656,33.25
7400724,1049657,54.83
7400724,1049658,61.12
7400724,1049660,45.01
7400724,1049661,63.07
7400724,1049664,75.45
7400724,1049666,40.74
7400724,1049667,41.47
7400724,1049670,66.45
7400724,1049671,83.84
7400724,1064881,51.56
7400724,1064908,36.31
7400724,1064937,45.79
7400724,1116040,43.96
7400724,1116055,43.96
7400724,1116060,45.75
7400724,1116061,32.27
7400724,1116067,61.62
7400724,1116449,65.94
7400724,1116451,65.94
7400724,1116452,65.94
7400724,1116454,65.94
7400724,1116456,52.76
7400724,1116460,52.76
7400724,1116462,53.96
7400724,1116465,53.96
7400724,1116467,53.96
7400724,1116492,47.96
7400724,1116494,47.96
7400724,1116581,41.96
7400724,1116583,41.96
7400724,1116585,41.96
7400724,1116587,41.96
7400724,1116672,35.97
7400724,1116674,35.97
7400724,1116676,35.97
7400724,1116684,14.42
7400724,1116702,82.02
7400724,1116704,82.02
7400724,1116706,82.02
7400724,1116736,9.62
7400724,1116759,82.2
7400724,1116763,41.78
7400724,1116767,84.92
7400724,1116772,168.92
7400724,1116774,86.6
7400724,1116775,14.69
7400724,1117344,17.99
7400724,1117346,17.99
7400724,1117349,17.99
7400724,1117360,22.48
7400724,1117362,22.48
7400724,1117364,22.48
7400724,1117369,11.67
7400724,1117370,11.67
7400724,1117371,11.67
7400724,1117372,11.67
7400724,1117392,136.69
7400724,1117394,136.69
7400724,1117396,136.69
7400724,1117422,24.26
7400724,1117424,23.89
7400724,1117426,23.89
7400724,1117428,23.89
7400724,1117484,82.67
7400724,1117485,82.67
7400724,1117492,62.35
7400724,1117497,86.33
7400724,1117519,110.52
7400724,1117522,110.52
7400724,1117530,74.34
7400724,1117722,28.13
7400724,1117725,46.73
7400724,1117727,87.95
7400724,1117744,39
7400724,1117746,44.47
7400724,1117750,159.93
7400724,1117755,168.92
7400724,1118167,47.96
7400724,1118168,47.96
7400724,1118589,35.97
7400724,1118641,19.19
7400724,1118667,19.19
7400724,1118668,19.19
7400724,1118670,19.19
7400724,1118671,40.76
7400724,1118672,40.76
7400724,1118673,40.76
7400724,1118674,40.76
7400724,1118681,17.99
7400724,1118778,52.76
7400724,1118966,53.96
7400724,1119126,52.76
7400724,1119398,55.18
7400724,1119440,77.73
7400724,1120753,44.37
7400724,1120770,44.37
7400724,1120772,43.16
7400724,1120824,44.37
7400724,1120832,43.16
7400724,1120834,44.37
7400724,1120843,43.16
7400724,1122263,22.78
7400724,1122264,17.99
7400724,1122272,17.99
7400724,1123549,24.29
7400724,1124196,29.83
7400724,1124197,29.83
7400724,1124198,34.79
7400724,1124225,16.84
7400724,1124282,39.56
7400724,1124307,18.95
7400724,1124350,24.87
7400724,1124413,24.87
7400724,1124449,34.26
7400724,1124885,40.17
7400724,1136987,105.27
7400724,1137174,127.85
7400724,1137674,89.21
7400724,1138037,17.06
7400724,1138069,64.81
7400724,1138233,42.56
7400724,1138575,32.27
7400724,1138576,45.75
7400724,1138776,43.76
7400724,1138799,47.11
7400724,1138800,45.68
7400724,1139602,0.01
7400724,1139603,0.01
7400724,1140442,131.93
7400724,1141843,124.9
7400724,1142725,44.29
7400724,1143216,59.43
7400724,1143437,52.02
7400724,1143439,68.13
7400724,1143441,70.04
7400724,1143450,35.2
7400724,1144590,57.69
7400724,1144676,35.2
7400724,1144679,68.13
7400724,1145514,47.46
7400724,1146784,57.59
7400724,1148457,32.61
7400724,1148462,32.61
7400724,1148466,32.61
7400724,1149336,33.25
7400724,1150034,23.99
7400724,1150414,38.8
7400724,1150772,25.51
7400724,1151067,51.14
7400724,1151121,64.03
7400724,1151806,43.16
7400724,1152004,94.41
7400724,1152649,41.77
7400724,1152951,38.9
7400724,1153930,49
7400724,1154791,70.04
7400724,1155233,35.97
7400724,1155334,35.97
7400724,1155337,35.97
7400724,1155471,43.29
7400724,1155482,28.49
7400724,1156670,99.28
7400724,1156815,61.82
7400724,1157057,51.79
7400724,1157658,47.9
7400724,1157659,65.47
7400724,1157675,60.65
7400724,1157677,29.19
7400724,1157682,60.65
7400724,1157916,0.01
7400724,1157917,0.01
7400724,1157918,0.01
7400724,1158405,174.9
7400724,1158577,86.66
7400724,1158579,28.85
7400724,1158580,35.19
7400724,1158581,48.65
7400724,1159771,53.58
7400724,1159773,46.71
7400724,1160167,23.55
7400724,1160467,57.99
7400724,1160468,78.08
7400724,1160488,76.55
7400724,1161075,47.42
7400724,1161078,68.13
7400724,1161686,75.2
7400724,1161739,41.54
7400724,1161741,33.84
7400724,1163482,75.02
7400724,1163918,101.87
7400724,1164097,44.65
7400724,1164975,51.9
7400724,1165568,42.42
7400724,1165768,41.7
7400724,1166307,30.36
7400724,1166701,29.19
7400724,1166941,65.49
7400724,1166942,81.29
7400724,1167472,35.63
7400724,1167692,80.32
7400724,1168626,54.12
7400724,1169300,48.82
7400724,1169586,52.65
7400724,1170057,0.01
7400724,1170135,0.01
7400724,1170138,0.01
7400724,1170140,0.01
7400724,1170295,38.81
7400724,1170636,69.31
7400724,1170680,71.93
7400724,1170952,70.34
7400724,1171056,45.33
7400724,1171532,56.44
7400724,1171583,71.25
7400724,1172712,55.1
7400724,1173055,57.75
7400724,1173078,98.58
7400724,1174097,52.01
7400724,1175277,79.95
7400724,1176417,0.01
7400724,1176418,0.01
7400724,1176419,0.01
7400724,1176968,66.68
7400724,1177425,99.28
7400724,1179030,55.44
7400724,1179034,74.46
7400724,1179607,78.43
7400724,1180411,53.39
7400724,1180415,103.27
7400724,1180546,34.12
7400724,1180799,90.42
7400724,1180806,68.66
7400724,1181376,75.8
7400724,1181377,61.42
7400724,1184960,75.87
7400724,1185497,58.79
7400724,1185626,53.96
7400724,1188254,204.07
7400724,1188601,85.81
7400724,1190529,68.17
7400724,1191088,44.74
7400724,1192363,91.31
7400724,1197789,91.7
7400724,1197817,85.05
7400724,1200263,22.82
7400724,1201704,143.88
7400724,1201707,143.88
7400724,1201711,143.88
7400724,1201713,143.88
7400724,1202528,76.13
7400724,1203241,22.82
7400724,1203639,31.84
7400724,1203640,34.02
7400724,1203825,67.9
7400724,1203917,57.61
7400724,1204302,124.39
7400724,1204303,71.87
7400724,1204304,124.39
7400724,1204330,42.34
7400724,1204723,51.09
7400724,1204724,51.07
7400724,1204725,61.12
7400724,1204726,68.74
7400724,1204727,76.97
7400724,1204730,28.33
7400724,1204732,29.57
7400724,1204735,29.57
7400724,1204740,32.83
7400724,1204741,56.11
7400724,1204742,58.26
7400724,1204743,58.26
7400724,1204744,69.43
7400724,1204745,71.95
7400724,1204746,71.95
7400724,1204747,103.41
7400724,1204764,62.92
7400724,1205525,39.77
7400724,1205704,51.29
7400724,1206282,96.95
7400724,1206471,18.1
7400724,1206473,50.6
7400724,1206986,33.32
7400724,1208291,44.33
7400724,1208572,62.32
7400724,1209436,53.5
7400724,1210027,92.72
7400724,1210658,124.39
7400724,1210832,89.28
7400724,1211200,73.94
7400724,1211651,45.12
7400724,1212063,107.72
7400724,1213414,71.97
7400724,1214102,96.98
7400724,1215141,17.12
7400724,1215531,27.61
7400724,1216479,46
7400724,1216480,46
7400724,1216486,45.24
7400724,1216488,30.2
7400724,1216489,27.55
7400724,1217489,118.29
7400724,1218512,31.64
7400724,1218513,31.64
7400724,1219028,136.42
7400724,1219029,76.22
7400724,1219584,69.61
7400724,1220487,56.44
7400724,1221039,65.28
7400724,1221329,78.47
7400724,1221831,75.99
7400724,1222321,97.07
7400724,1222384,110.19
7400724,1222385,120.36
7400724,1222916,59.46
7400724,1222918,49
7400724,1222981,63.86
7400724,1223033,157.07
7400724,1225490,87.02
7400724,1225744,15.47
7400724,1225766,82.1
7400724,1226250,99.75
7400724,1226251,121.55
7400724,1226252,188.68
7400724,1226253,87.13
7400724,1226545,79.81
7400724,1226969,57
7400724,1227412,33.32
7400724,1227765,67.06
7400724,1228071,19.09
7400724,1229021,91.58
7400724,1229023,68.82
7400724,1229024,41.52
7400724,1229026,51.29
7400724,1229272,56.94
7400724,1229275,54.6
7400724,1229279,82.25
7400724,1229280,66.8
7400724,1229282,114.48
7400724,1229356,73.68
7400724,1231293,67.03
7400724,1231531,54.36
7400724,1233776,53.47
7400724,1234505,64.46
7400724,1234560,46.99
7400724,1235054,125.87
7400724,1235055,143.02
7400724,1235056,106.41
7400724,1235057,101.53
7400724,1235274,114.52
7400724,1236009,29.81
7400724,1236584,34.12
7400724,1236974,34.87
7400724,1236975,111.31
7400724,1236976,14.69
7400724,1236991,14.53
7400724,1236992,86.84
7400724,1236993,22.56
7400724,1236994,30.34
7400724,1236996,18.91
7400724,1236997,19.49
7400724,1238009,45.06
7400724,1238011,30.67
7400724,1238031,82.02
7400724,1238593,68.84
7400724,1238834,121.32
7400724,1239550,49.81
7400724,1239722,30.53
7400724,1239957,62.2
7400724,1241068,41.96
7400724,1241138,54.57
7400724,1241929,35.2
7400724,1241952,87.51
7400724,1241953,146.79
7400724,1242387,141.74
7400724,1242414,48.67
7400724,1242554,34.3
7400724,1244583,106.98
7400724,1245866,108.43
7400724,1245927,38.72
7400724,1247012,51.38
7400724,1248237,100.29
7400724,1248464,35.97
7400724,1248725,58.13
7400724,1250014,38.36
7400724,1250604,20.21
7400724,1250606,41.96
7400724,1250795,38.33
7400724,1251465,41.96
7400724,1252277,284.39
7400724,1252830,106.17
7400724,1253212,42.43
7400724,1253237,91.7
7400724,1253238,88.17
7400724,1253240,81.7
7400724,1253243,428.29
7400724,1253244,518.52
7400724,1253246,334.64
7400724,1253247,334.64
7400724,1253249,204.44
7400724,1253250,613.3
7400724,1253252,268.97
7400724,1253253,226.7
7400724,1253254,535.65
7400724,1253256,107.52
7400724,1253257,155.59
7400724,1253258,149.93
7400724,1253260,147.1
7400724,1253261,221.57
7400724,1253262,306.09
7400724,1254399,71.93
7400724,1255301,74.71
7400724,1255303,37.93
7400724,1255304,46.96
7400724,1255305,95.33
7400724,1255306,53.11
7400724,1255307,59.81
7400724,1255308,65.39
7400724,1255309,74.15
7400724,1255310,85.8
7400724,1255429,84.68
7400724,1255504,142.43
7400724,1256270,71.93
7400724,1256386,77.44
7400724,1256511,61.45
7400724,1257356,29.45
7400724,1257358,40.07
7400724,1257883,29.65
7400724,1257885,18.78
7400724,1257918,97.28
7400724,1258953,37.44
7400724,1259885,43.59
7400724,1260860,106.34
7400724,1260976,57.63
7400724,1261005,62.35
7400724,1261006,62.35
7400724,1261096,72.06
7400724,1261983,62.16
7400724,1261991,85.33
7400724,1262263,100.38
7400724,1262534,66.68
7400724,1262635,28.35
7400724,1262721,79.81
7400724,1262722,71.82
7400724,1262845,71.1
7400724,1263749,50.45
7400724,1264363,38.66
7400724,1264532,36.25
7400724,1264557,62.35
7400724,1264558,62.35
7400724,1264559,41.96
7400724,1265105,71.93
7400724,1265106,71.93
7400724,1265445,88.77
7400724,1265657,50.04
7400724,1266250,29.81
7400724,1266318,121.32
7400724,1266788,53.32
7400724,1267036,148.57
7400724,1267083,71.93
7400724,1267085,71.93
7400724,1267086,71.93
7400724,1267158,45.06
7400724,1267233,56.35
7400724,1267234,56.35
7400724,1267235,56.35
7400724,1267787,68.31
7400724,1267791,61.23
7400724,1268451,39
7400724,1269244,34.9
7400724,1269623,31.64
7400724,1270118,16.52
7400724,1271593,49.93
7400724,1271594,50.83
7400724,1271595,51.37
7400724,1271624,43.85
7400724,1271628,42.46
7400724,1271635,49.37
7400724,1271637,65.8
7400724,1272027,71.57
7400724,1272295,58.17
7400724,1272298,42.24
7400724,1272328,56.35
7400724,1272426,55.52
7400724,1273246,151.23
7400724,1273733,43.33
7400724,1273928,44.42
7400724,1274301,88.83
7400724,1274302,88.83
7400724,1275588,77.94
7400724,1275808,74.78
7400724,1276216,69.31
7400724,1276419,199.75
7400724,1276448,89.64
7400724,1276574,21.29
7400724,1276580,91.85
7400724,1277267,51.57
7400724,1277531,20.48
7400724,1277975,20.48
7400724,1278034,47.96
7400724,1278035,47.96
7400724,1278036,47.96
7400724,1278038,47.96
7400724,1278533,54.98
7400724,1278534,76.03
7400724,1278535,44.9
7400724,1278536,77.3
7400724,1278704,91.25
7400724,1278905,49.4
7400724,1279200,121.32
7400724,1279594,102.32
7400724,1279601,27.78
7400724,1279604,22.11
7400724,1280843,81.94
7400724,1280844,153.44
7400724,1281068,63.58
7400724,1281082,68.63
7400724,1281087,49.07
7400724,1281088,60.3
7400724,1281156,38.02
7400724,1281157,65.51
7400724,1281158,38.02
7400724,1281160,43.25
7400724,1281161,81.87
7400724,1281162,22.13
7400724,1281163,46.73
7400724,1281164,36.34
7400724,1281169,72.96
7400724,1281170,65.49
7400724,1281174,53.39
7400724,1281175,75.85
7400724,1281176,79.1
7400724,1281825,79.32
7400724,1282220,88.17
7400724,1282347,75.38
7400724,1282373,71.93
7400724,1282474,74.27
7400724,1282495,56.36
7400724,1282802,121.82
7400724,1283642,142.07
7400724,1283808,87.49
7400724,1283855,77.57
7400724,1284024,45.39
7400724,1284179,46.71
7400724,1284708,77.94
7400724,1284709,77.94
7400724,1284710,77.94
7400724,1285396,95.2
7400724,1286060,69.47
7400724,1286453,87.21
7400724,1287553,67.5
7400724,1287854,39.13
7400724,1288217,78.83
7400724,1288258,90.2
7400724,1288259,60.89
7400724,1290043,88.79
7400724,1290395,37.06
7400724,1291559,88.83
7400724,1292094,66.49
7400724,1292224,51.1
7400724,1294557,39.07
7400724,1294644,44.85
7400724,1294735,103.53
7400724,1295732,92.47
7400724,1295765,227.28
7400724,1295856,100.36
7400724,1295995,20.48
7400724,1296009,95.59
7400724,1297191,40.44
7400724,1297710,95.94
7400724,1297738,35.11
7400724,1298122,143.55
7400724,1298123,36.51
7400724,1299380,33.65
7400724,1300060,121.32
7400724,1300908,129.19
7400724,1300909,57.56
7400724,1300913,9.38
7400724,1300917,57.34
7400724,1300919,43.77
7400724,1302264,85.06
7400724,1302851,23.27
7400724,1302888,118.75
7400724,1303297,203.3
7400724,1303763,145.41
7400724,1305404,55.25
7400724,1305405,29.28
7400724,1305442,92.47
7400724,1306345,45.27
7400724,1306346,93.51
7400724,1307430,103.8
7400724,1307492,84.06
7400724,1308300,102.37
7400724,1308399,39.79
7400724,1308605,139.07
7400724,1308606,82.65
7400724,1311620,83.97
7400724,1311945,51.5
7400724,1313493,71.28
7400724,1313710,41.83
7400724,1315195,60.75
7400724,1315201,76.49
7400724,1315566,46.39
7400724,1315750,86.55
7400724,1315751,49.16
7400724,1315930,45.18
7400724,1316349,53.96
7400724,1316475,74.97
7400724,1316966,53.96
7400724,1317004,53.96
7400724,1317922,129.39
7400724,1317924,254.69
7400724,1317926,145.62
7400724,1318067,159.32
7400724,1318262,20.48
7400724,1319202,17.51
7400724,1319203,22.3
7400724,1319527,78.9
7400724,1320042,70.42
7400724,1320043,73.65
7400724,1320740,65.46
7400724,1320741,28.02
7400724,1320796,89.56
7400724,1321372,121.32
7400724,1322478,48.12
7400724,1322479,45.77
7400724,1322480,45.77
7400724,1322481,17.63
7400724,1322791,116.7
7400724,1322886,35.72
7400724,1323589,0.01
7400724,1323656,32.78
7400724,1323657,55.23
7400724,1324006,45.04
7400724,1324008,59.08
7400724,1324510,54.24
7400724,1324782,57.83
7400724,1325013,53.96
7400724,1325184,70.3
7400724,1325395,73.87
7400724,1325396,81.82
7400724,1325423,88.03
7400724,1325546,61.92
7400724,1326082,68.67
7400724,1326130,110.14
7400724,1326148,43.99
7400724,1326180,90.46
7400724,1326181,56.78
7400724,1326586,102.86
7400724,1326746,33.73
7400724,1326860,54.45
7400724,1327193,65.38
7400724,1327329,81.06
7400724,1328569,31.06
7400724,1328858,153.68
7400724,1328859,101.32
7400724,1329606,45.77
7400724,1329804,53.96
7400724,1329805,53.96
7400724,1329849,33.69
7400724,1330425,44.25
7400724,1330578,117.64
7400724,1330856,92.71
7400724,1330973,119.52
7400724,1331061,43.29
7400724,1331923,53.96
7400724,1332022,107.14
7400724,1335751,76.05
7400724,1338066,111.44
7400724,1338620,49.31
7400724,1338683,108.93
7400724,1338703,107.16
7400724,1339013,53.96
7400724,1339267,75.67
7400724,1339268,115.62
7400724,1339269,59.02
7400724,1339270,53.11
7400724,1339274,48.95
7400724,1339275,71.46
7400724,1339276,68.04
7400724,1339283,73
7400724,1339424,95.21
7400724,1339467,48.7
7400724,1339468,57.89
7400724,1339686,99.77
7400724,1340625,108.23
7400724,1341270,68.58
7400724,1342177,46
7400724,1342426,67.97
7400724,1342434,68.96
7400724,1342497,96.98
7400724,1342846,21.42
7400724,1343566,44.31
7400724,1343567,44.31
7400724,1344109,55.62
7400724,1344503,96.55
7400724,1344712,196.44
7400724,1344797,21.42
7400724,1345104,44.31
7400724,1345213,83.08
7400724,1345987,68.63
7400724,1346554,127.51
7400724,1346584,53.96
7400724,1348571,66.73
7400724,1348613,74.5
7400724,1348660,35.19
7400724,1349119,91.34
7400724,1349142,117.51
7400724,1349260,128.93
7400724,1349261,128.44
7400724,1352840,128.97
7400724,1352904,59.73
7400724,1352970,50.6
7400724,1353058,50.62
7400724,1354406,60.41
7400724,1354460,40.31
7400724,1354630,121.68
7400724,1355832,97
7400724,1355834,97
7400724,1355835,97
7400724,1356190,38.61
7400724,1356191,43.77
7400724,1356193,36.33
7400724,1356248,95.36
7400724,1356262,92.07
7400724,1356327,75.48
7400724,1356458,136.31
7400724,1356526,62.43
7400724,1356865,84.81
7400724,1357178,78.35
7400724,1357179,64.17
7400724,1357385,66.81
7400724,1357386,63.22
7400724,1357388,94.27
7400724,1357389,107.29
7400724,1357395,61.57
7400724,1357397,76.22
7400724,1357424,67.68
7400724,1358070,78.6
7400724,1358071,58.17
7400724,1358072,62.62
7400724,1359164,81.7
7400724,1359165,81.7
7400724,1359265,82.76
7400724,1359536,87.35
7400724,1359568,67.63
7400724,1359679,97.91
7400724,1359870,147.13
7400724,1360228,71.55
7400724,1360706,121.32
7400724,1361102,82.79
7400724,1361830,92.5
7400724,1362063,44.22
7400724,1362148,60.95
7400724,1362978,70.49
7400724,1363280,66.73
7400724,1363331,99.33
7400724,1363585,43.73
7400724,1363990,58.53
7400724,1364040,104.69
7400724,1364057,72.2
7400724,1364768,56.87
7400724,1364833,106.64
7400724,1364989,44.37
7400724,1365000,44.37
7400724,1365312,74.39
7400724,1365313,228.64
7400724,1365314,178.32
7400724,1366229,94.83
7400724,1366416,24.39
7400724,1366439,61.32
7400724,1367623,80.72
7400724,1367635,23.59
7400724,1368308,88.65
7400724,1368660,57.21
7400724,1368661,81.78
7400724,1369273,59.54
7400724,1369274,62.52
7400724,1369468,100.22
7400724,1370071,54.12
7400724,1370280,46.88
7400724,1370408,43.4
7400724,1370595,63.47
7400724,1370710,98.16
7400724,1371241,101.39
7400724,1371437,70.49
7400724,1371956,70.49
7400724,1372760,105.32
7400724,1372857,242.74
7400724,1373009,40.03
7400724,1373020,70.81
7400724,1373205,56.72
7400724,1373329,29.18
7400724,1373390,74.24
7400724,1374199,52.88
7400724,1374507,283.34
7400724,1374565,100.35
7400724,1374566,53.98
7400724,1374567,217.7
7400724,1374854,27.79
7400724,1374998,118.12
7400724,1375061,67.64
7400724,1375062,86.7
7400724,1375772,245.55
7400724,1375774,318.65
7400724,1375775,133.72
7400724,1375795,142
7400724,1376641,26.67
7400724,1376642,26.7
7400724,1376989,90.73
7400724,1377008,70.75
7400724,1377366,111.85
7400724,1377384,176.81
7400724,1377385,174.9
7400724,1377386,97.47
7400724,1377387,105.4
7400724,1377391,70.28
7400724,1377393,142.22
7400724,1377395,160.93
7400724,1377396,86.2
7400724,1378841,44.37
7400724,1378884,57.53
7400724,1378991,58.9
7400724,1379053,108.23
7400724,1379406,25.52
7400724,1379700,99.26
7400724,1382575,148.05
7400724,1383429,79.95
7400724,1383458,128.22
7400724,1383581,59.51
7400724,1384017,75.05
7400724,1384030,29.6
7400724,1384116,40.17
7400724,1384477,122.78
7400724,1384662,99.78
7400724,1384809,107.14
7400724,1384927,75.09
7400724,1385522,101.87
7400724,1386321,74.87
7400724,1386621,48.92
7400724,1386948,81.46
7400724,1387124,78.83
7400724,1387285,66.74
7400724,1387414,82.25
7400724,1387415,83.72
7400724,1388366,65.05
7400724,1389666,38.19
7400724,1389850,73.7
7400724,1390282,41.69
7400724,1390283,52.85
7400724,1390284,67.22
7400724,1390965,99.33
7400724,1391611,61.32
7400724,1393128,63.34
7400724,1393149,75
7400724,1394266,119.92
7400724,1394715,108.58
7400724,1394844,73.32
7400724,1394883,196.55
7400724,1395197,27.27
7400724,1395231,59.5
7400724,1395312,81.1
7400724,1395349,104.69
7400724,1395440,72
7400724,1396099,79.3
7400724,1396550,62.63
7400724,1397154,40.68
7400724,1397442,70.77
7400724,1397507,75.99
7400724,1398328,160.67
7400724,1398512,55.21
7400724,1398837,71.15
7400724,1398838,32.41
7400724,1399724,192.27
7400724,1400094,152.12
7400724,1400432,65.14
7400724,1400433,83.87
7400724,1401042,92.41
7400724,1401255,66.55
7400724,1401650,72.24
7400724,1402016,26.57
7400724,1402465,84.58
7400724,1403011,96.09
7400724,1403251,52.29
7400724,1403252,52.29
7400724,1403253,52.29
7400724,1403570,75.89
7400724,1403571,131.98
7400724,1403669,63.4
7400724,1403740,48.5
7400724,1403825,39.86
7400724,1403826,43.44
7400724,1403827,72.99
7400724,1403828,47.49
7400724,1403872,64.51
7400724,1403873,72.05
7400724,1403874,42.16
7400724,1403875,99.84
7400724,1403877,36.21
7400724,1403878,21.73
7400724,1403890,63.32
7400724,1404330,39.86
7400724,1404765,75.09
7400724,1406252,40.5
7400724,1004324,76.76
7400724,1004974,87.73
7400724,1004975,83.5
7400724,1004976,82.49
7400724,1007097,130.31
7400724,1008384,103.48
7400724,1008409,101.81
7400724,1008700,89.99
7400724,1008995,95.29
7400724,1009590,164.88
7400724,1011608,130.95
7400724,1011610,170.28
7400724,1013003,69.91
7400724,1013413,287.06
7400724,1014986,127.03
7400724,1014987,81.66
7400724,1014988,172.17
7400724,1014997,92.58
7400724,1015016,80.37
7400724,1015060,80.65
7400724,1016221,41.07
7400724,1017819,28.16
7400724,1017828,33.78
7400724,1019573,105.44
7400724,1019575,102.31
7400724,1019576,118.93
7400724,1019806,72.93
7400724,1020800,96.39
7400724,1020801,95.22
7400724,1031010,42.32
7400724,1031011,41.78
7400724,1031012,33.32
7400724,1031052,36.14
7400724,1031191,18.1
7400724,1031215,22.45
7400724,1033716,222.04
7400724,1036160,15.45
7400724,1036298,26.5
7400724,1036299,28.96
7400724,1075937,101.71
7400724,1083224,85.7
7400724,1083225,84.91
7400724,1083226,85.85
7400724,1141207,44.43
7400724,1141214,38.55
7400724,1141993,188.47
7400724,1146806,134.48
7400724,1154097,97.92
7400724,1154827,12.02
7400724,1155503,74.12
7400724,1155816,150.25
7400724,1164426,93.33
7400724,1164593,74.79
7400724,1164594,73.87
7400724,1165148,103.99
7400724,1165667,86.13
7400724,1167691,81.67
7400724,1170441,137.02
7400724,1170442,231.5
7400724,1170443,150.99
7400724,1172517,88.67
7400724,1172650,87.97
7400724,1172858,150.59
7400724,1173353,74.4
7400724,1174160,101.27
7400724,1174161,120.28
7400724,1174264,54.9
7400724,1174265,54.47
7400724,1174266,53.77
7400724,1175059,137.71
7400724,1175298,133.91
7400724,1175702,132.34
7400724,1175738,190.81
7400724,1175813,84.8
7400724,1176294,200.18
7400724,1181275,110.7
7400724,1185475,123.96
7400724,1185476,99.29
7400724,1185477,111.04
7400724,1199094,119.15
7400724,1199096,84.66
7400724,1199097,84.66
7400724,1199098,99.1
7400724,1199100,99.1
7400724,1199102,92.24
7400724,1199104,112.21
7400724,1199105,106.34
7400724,1199106,86.9
7400724,1199107,84.01
7400724,1200246,100.98
7400724,1200545,106.73
7400724,1204116,63.54
7400724,1205857,193.75
7400724,1208751,69.27
7400724,1208799,98.56
7400724,1208800,75.47
7400724,1209204,116.01
7400724,1209205,135.24
7400724,1209207,157.06
7400724,1209439,102.55
7400724,1209802,99.38
7400724,1209803,122.05
7400724,1209820,68.2
7400724,1211189,76.09
7400724,1213998,108.85
7400724,1214126,217.96
7400724,1214561,95.05
7400724,1215162,60.23
7400724,1215200,114.68
7400724,1215385,95.7
7400724,1215430,113
7400724,1215431,161.4
7400724,1216041,109.93
7400724,1216101,96.03
7400724,1216102,98.35
7400724,1216518,103.19
7400724,1217330,65.21
7400724,1217603,125.14
7400724,1217879,115.29
7400724,1217947,150.99
7400724,1217948,102.62
7400724,1218707,116.95
7400724,1218771,155.76
7400724,1218783,49.96
7400724,1219683,147.63
7400724,1219684,124.4
7400724,1219689,299.63
7400724,1220337,107.91
7400724,1220338,61.59
7400724,1220395,116.51
7400724,1222059,102.23
7400724,1222341,99.03
7400724,1222731,98.09
7400724,1223821,88.31
7400724,1223917,103.62
7400724,1224182,71.97
7400724,1226207,136.51
7400724,1226208,64.64
7400724,1226279,121.77
7400724,1226281,103.99
7400724,1226282,93.74
7400724,1226724,111.04
7400724,1226840,157.85
7400724,1227107,123.96
7400724,1227953,89.79
7400724,1228613,122.53
7400724,1229427,143.97
7400724,1229992,111.6
7400724,1230046,251.69
7400724,1230613,243.04
7400724,1232559,56
7400724,1232560,56
7400724,1232561,55.74
7400724,1234681,73.87
7400724,1235874,114.53
7400724,1236259,96.51
7400724,1236336,138.03
7400724,1237054,67.64
7400724,1237466,87.77
7400724,1237924,148.64
7400724,1238003,111.18
7400724,1238317,122.18
7400724,1239253,85.82
7400724,1240024,61.72
7400724,1241347,83.43
7400724,1242013,76.06
7400724,1243059,105.9
7400724,1243218,76.5
7400724,1243378,66.04
7400724,1243379,67.72
7400724,1243463,94.62
7400724,1245225,91.72
7400724,1245273,85.02
7400724,1246218,109.4
7400724,1246219,69.9
7400724,1246220,101.05
7400724,1246916,97.33
7400724,1246976,56.31
7400724,1247100,122.41
7400724,1247581,227.26
7400724,1248222,85.11
7400724,1248784,43.58
7400724,1248785,111.04
7400724,1248786,75.47
7400724,1248787,73.28
7400724,1249941,63.05
7400724,1251304,97.24
7400724,1251306,98.9
7400724,1251337,184.53
7400724,1253201,83.6
7400724,1253561,107.63
7400724,1253685,119.96
7400724,1253740,102.61
7400724,1254440,82.88
7400724,1254569,54.51
7400724,1255008,155.76
7400724,1255009,144.17
7400724,1255010,123.86
7400724,1255355,75.92
7400724,1255459,121.08
7400724,1255474,166.37
7400724,1255475,153.46
7400724,1257893,97.21
7400724,1259322,108.17
7400724,1259947,105.71
7400724,1259948,122.32
7400724,1261517,149.1
7400724,1261659,190.84
7400724,1261896,86.21
7400724,1262063,162.04
7400724,1262064,236.27
7400724,1262468,148.79
7400724,1262751,135.28
7400724,1263062,77.29
7400724,1263063,112.32
7400724,1263359,133.39
7400724,1263957,60.94
7400724,1264812,81.85
7400724,1264813,82.87
7400724,1264816,90.5
7400724,1265285,65.11
7400724,1265503,106.62
7400724,1266728,177.67
7400724,1267552,138.37
7400724,1268013,92.12
7400724,1268221,181.4
7400724,1268222,64.01
7400724,1268223,83.48
7400724,1268224,133.21
7400724,1268225,130.1
7400724,1268226,44.37
7400724,1268415,137.22
7400724,1268416,140.73
7400724,1268417,159.49
7400724,1268672,79.32
7400724,1269023,84.01
7400724,1271127,78.73
7400724,1273774,105.61
7400724,1273939,90.99
7400724,1274007,115.73
7400724,1274036,75.55
7400724,1274875,85.97
7400724,1277912,83.87
7400724,1278452,57.6
7400724,1279297,132.43
7400724,1279298,123.73
7400724,1279609,74.52
7400724,1279852,82.14
7400724,1279853,79.42
7400724,1279856,87.91
7400724,1279859,88.37
7400724,1279860,148.6
7400724,1279863,180.07
7400724,1279864,95.48
7400724,1279865,81.59
7400724,1279867,126.25
7400724,1279868,75.85
7400724,1279869,79.35
7400724,1279870,119.26
7400724,1280172,90.76
7400724,1280558,81.26
7400724,1281729,120.77
7400724,1281917,61.25
7400724,1282172,101.92
7400724,1282676,46.27
7400724,1282763,62.36
7400724,1283132,61.28
7400724,1285295,55.12
7400724,1288295,60.02
7400724,1290289,203.66
7400724,1290291,98.85
7400724,1291293,83.34
7400724,1291294,78.36
7400724,1291296,103.99
7400724,1291316,446.57
7400724,1293049,56.32
7400724,1293568,121.74
7400724,1293919,84.46
7400724,1296434,173.29
7400724,1296445,49.5
7400724,1296451,118.52
7400724,1296452,104.66
7400724,1296505,198.93
7400724,1296507,74.05
7400724,1298098,77.76
7400724,1298300,253.1
7400724,1300010,162.13
7400724,1301171,84.72
7400724,1302554,170.96
7400724,1303200,100.16
7400724,1304938,114.56
7400724,1304939,144.3
7400724,1305045,172.17
7400724,1307479,81.05
7400724,1309258,391.57
7400724,1311644,262.28
7400724,1312446,78.36
7400724,1312448,79.32
7400724,1312449,83.34
7400724,1312450,77.82
7400724,1312460,69.4
7400724,1312712,95.96
7400724,1312804,65.14
7400724,1313129,190.81
7400724,1313554,115.6
7400724,1313562,87.48
7400724,1314075,68.74
7400724,1314076,96.88
7400724,1315309,121.38
7400724,1319710,118.55
7400724,1320044,99.5
7400724,1320046,74.46
7400724,1320800,207.42
7400724,1321060,66.55
7400724,1322378,229.21
7400724,1322379,122.15
7400724,1323524,72.45
7400724,1324620,137.53
7400724,1325103,63.77
7400724,1325454,89.89
7400724,1325822,97.4
7400724,1326250,113
7400724,1326334,71.04
7400724,1328236,118.7
7400724,1329105,91.29
7400724,1329198,109.09
7400724,1329199,83.9
7400724,1330030,103.55
7400724,1330161,179.29
7400724,1330863,122.59
7400724,1331175,83.94
7400724,1331568,95.76
7400724,1331569,120.44
7400724,1331570,175.92
7400724,1331571,179.19
7400724,1331572,154.4
7400724,1331706,101.06
7400724,1331723,70.54
7400724,1332076,144.37
7400724,1332077,109.05
7400724,1332078,89.54
7400724,1332079,95.1
7400724,1332080,105.4
7400724,1332081,109.17
7400724,1332082,121.05
7400724,1332083,161.17
7400724,1332335,106.04
7400724,1333987,105.37
7400724,1334003,237.28
7400724,1335306,78.53
7400724,1335307,91.79
7400724,1337101,99.21
7400724,1337763,107.42
7400724,1338585,62.63
7400724,1338922,121.85
7400724,1340824,164.88
7400724,1341249,99.53
7400724,1341333,150.98
7400724,1341521,86.25
7400724,1341522,76.13
7400724,1341938,192.83
7400724,1341971,105.03
7400724,1341980,133.7
7400724,1344170,82.25
7400724,1344901,162.42
7400724,1345023,108.85
7400724,1345024,105.03
7400724,1345027,107.98
7400724,1345562,82.25
7400724,1347127,70.35
7400724,1347472,120.31
7400724,1351624,77.96
7400724,1354356,112.93
7400724,1354421,99.98
7400724,1354462,111.59
7400724,1355192,65.1
7400724,1356574,125.68
7400724,1356578,154.7
7400724,1357419,96.21
7400724,1360382,124.94
7400724,1360426,88.57
7400724,1360427,51.58
7400724,1360428,104.92
7400724,1360429,91.98
7400724,1360440,120.44
7400724,1360441,76.36
7400724,1360442,90.98
7400724,1360957,132.41
7400724,1363852,76.75
7400724,1368644,121.57
7400724,1372380,144.74
7400724,1375765,87.54
7400724,1380409,120.65
7400724,1380430,91.98
7400724,1380431,112.62
7400724,1380432,126.67
7400724,1380433,75.93
7400724,1380434,71.28
7400724,1380435,79.54
7400724,1380436,92.94
7400724,1380437,105.77
7400724,1380438,105.53
7400724,1380439,77.26
7400724,1380440,87.75
7400724,1383106,135.6
7400724,1383258,132.31
7400724,1383715,84.28
7400724,1384624,111.86
7400724,1388314,81.89
7400724,1388315,98.29
7400724,1388316,88.56
7400724,1388317,101.88
7400724,1388318,88.02
7400724,1388319,81.89
7400724,1388320,91.11
7400724,1388321,98.81
7400724,1388491,173.94
7400724,1388492,65.02
7400724,1388494,87.54
7400724,1388497,117.84
7400724,1388500,262.01
7400724,1388501,95.45
7400724,1388502,88.91
7400724,1388503,83.18
7400724,1388506,116.85
7400724,1388507,116.85
7400724,1388508,67.67
7400724,1388509,77.97
7400724,1388510,73.81
7400724,1388511,82.65
7400724,1388512,79.41
7400724,1388513,84.81
7400724,1388514,166.73
7400724,1388515,173.14
7400724,1388516,120.84
7400724,1388517,118.32
7400724,1388518,137.72
7400724,1388520,102.79
7400724,1388523,160.81
7400724,1388524,183.99
7400724,1388525,122.95
7400724,1388528,130.85
7400724,1388530,82.67
7400724,1388531,102.84
7400724,1388533,74.38
7400724,1388534,103.91
7400724,1388536,94.34
7400724,1388537,101.52
7400724,1388542,49.94
7400724,1388543,57.4
7400724,1388548,82.19
7400724,1388553,151.99
7400724,1388555,115.62
7400724,1391169,141.46
7400724,1395078,74.64
7400724,1395079,81.49
7400724,1395080,55.68
7400724,1395081,79.92
7400724,1397623,161.89
7400724,1397624,143.16
7400724,1399818,145.28
