Contract ID,SAP Code,Sell Price
671_Caretech,1000007,22.31
671_Caretech,1000008,50.59
671_Caretech,1000010,55.3
671_Caretech,1000046,25
671_Caretech,1000048,25.51
671_Caretech,1000067,49.16
671_Caretech,1000068,51.21
671_Caretech,1000069,76.41
671_Caretech,1000070,0.01
671_Caretech,1000072,26.77
671_Caretech,1000082,42.29
671_Caretech,1000088,41.64
671_Caretech,1000122,65.05
671_Caretech,1000161,45.68
671_Caretech,1000161,45.68
671_Caretech,1000162,28.66
671_Caretech,1000162,28.66
671_Caretech,1000231,883.03
671_Caretech,1000340,0.01
671_Caretech,1000348,38.91
671_Caretech,1000349,57.52
671_Caretech,1000355,33.26
671_Caretech,1000356,28.79
671_Caretech,1000364,22.45
671_Caretech,1000366,64.15
671_Caretech,1000367,104.96
671_Caretech,1000368,95.2
671_Caretech,1000371,61.05
671_Caretech,1000374,0.01
671_Caretech,1000378,144.58
671_Caretech,1000384,119.41
671_Caretech,1000385,69.96
671_Caretech,1000386,46.16
671_Caretech,1000393,82.31
671_Caretech,1000394,159.06
671_Caretech,1000395,69.54
671_Caretech,1000398,86.46
671_Caretech,1000399,61.16
671_Caretech,1000400,75.74
671_Caretech,1000401,83.55
671_Caretech,1000402,69.16
671_Caretech,1000403,70.9
671_Caretech,1000404,140.89
671_Caretech,1000414,68.51
671_Caretech,1000415,63.03
671_Caretech,1000417,63.59
671_Caretech,1000419,34.97
671_Caretech,1000420,30.8
671_Caretech,1000421,36.81
671_Caretech,1000423,26.34
671_Caretech,1000424,26.86
671_Caretech,1000425,38.63
671_Caretech,1000427,44.71
671_Caretech,1000428,48.1
671_Caretech,1000432,39.35
671_Caretech,1000433,55.38
671_Caretech,1000434,55.71
671_Caretech,1000435,48.06
671_Caretech,1000436,36.03
671_Caretech,1000437,37.29
671_Caretech,1000438,85.02
671_Caretech,1000439,44.58
671_Caretech,1000440,57.53
671_Caretech,1000441,48.5
671_Caretech,1000443,40.67
671_Caretech,1000444,54.11
671_Caretech,1000445,55.51
671_Caretech,1000446,35.66
671_Caretech,1000447,36.39
671_Caretech,1000463,36.33
671_Caretech,1000464,38.49
671_Caretech,1000465,25.63
671_Caretech,1000466,48.54
671_Caretech,1000467,38.04
671_Caretech,1000468,61.44
671_Caretech,1000469,67.6
671_Caretech,1000470,25.67
671_Caretech,1000471,41.83
671_Caretech,1000472,68.73
671_Caretech,1000473,31.14
671_Caretech,1000474,42.59
671_Caretech,1000475,54.41
671_Caretech,1000477,55.49
671_Caretech,1000513,61.95
671_Caretech,1000514,72.14
671_Caretech,1000515,68.2
671_Caretech,1000521,20.44
671_Caretech,1000523,54.1
671_Caretech,1000524,25.51
671_Caretech,1000527,29.74
671_Caretech,1000527,29.74
671_Caretech,1000530,73.32
671_Caretech,1000530,73.32
671_Caretech,1000532,54.85
671_Caretech,1000532,54.85
671_Caretech,1000535,43.82
671_Caretech,1000535,43.82
671_Caretech,1000536,52.94
671_Caretech,1000536,52.94
671_Caretech,1000537,31.41
671_Caretech,1000537,31.41
671_Caretech,1000538,36.87
671_Caretech,1000538,36.87
671_Caretech,1000539,24.46
671_Caretech,1000539,24.46
671_Caretech,1000540,26.92
671_Caretech,1000540,26.92
671_Caretech,1000541,30.69
671_Caretech,1000541,30.69
671_Caretech,1000542,29.74
671_Caretech,1000542,29.74
671_Caretech,1000544,29.26
671_Caretech,1000544,29.26
671_Caretech,1000545,37.95
671_Caretech,1000545,37.95
671_Caretech,1000547,33.63
671_Caretech,1000547,33.63
671_Caretech,1000548,45.02
671_Caretech,1000548,45.02
671_Caretech,1000549,40.59
671_Caretech,1000549,40.59
671_Caretech,1000550,66.18
671_Caretech,1000550,66.18
671_Caretech,1000551,61.09
671_Caretech,1000551,61.09
671_Caretech,1000555,69.48
671_Caretech,1000555,69.48
671_Caretech,1000557,28.66
671_Caretech,1000557,28.66
671_Caretech,1000565,49.28
671_Caretech,1000566,258.98
671_Caretech,1000573,29.77
671_Caretech,1000630,47.11
671_Caretech,1000637,50.32
671_Caretech,1000641,79.99
671_Caretech,1000651,83.16
671_Caretech,1000652,96.64
671_Caretech,1000654,14.36
671_Caretech,1000655,64.1
671_Caretech,1000658,91.89
671_Caretech,1000659,38.5
671_Caretech,1000664,103.8
671_Caretech,1000667,70.33
671_Caretech,1000670,50.08
671_Caretech,1000864,34.11
671_Caretech,1000864,34.11
671_Caretech,1001329,33.63
671_Caretech,1001329,33.63
671_Caretech,1001330,59.53
671_Caretech,1001330,59.53
671_Caretech,1001331,74.58
671_Caretech,1001331,74.58
671_Caretech,1001332,35.63
671_Caretech,1001338,58.69
671_Caretech,1001338,58.69
671_Caretech,1001345,7.79
671_Caretech,1001345,7.79
671_Caretech,1001347,52.52
671_Caretech,1001348,47.24
671_Caretech,1001349,48.19
671_Caretech,1001430,42.77
671_Caretech,1001440,53.16
671_Caretech,1001477,46.43
671_Caretech,1001619,30.81
671_Caretech,1001619,30.81
671_Caretech,1001670,51.6
671_Caretech,1001688,17.99
671_Caretech,1001688,17.99
671_Caretech,1001745,63.61
671_Caretech,1001745,63.61
671_Caretech,1001771,19.26
671_Caretech,1001868,62.17
671_Caretech,1001868,62.17
671_Caretech,1001919,37.95
671_Caretech,1001932,62.05
671_Caretech,1001932,62.05
671_Caretech,1001934,51.63
671_Caretech,1001985,80.15
671_Caretech,1001985,80.15
671_Caretech,1002002,25.55
671_Caretech,1002008,33.84
671_Caretech,1002010,26.59
671_Caretech,1002011,18
671_Caretech,1002014,23.3
671_Caretech,1002020,26.59
671_Caretech,1002021,31.43
671_Caretech,1002022,24.34
671_Caretech,1002025,27.82
671_Caretech,1002100,28.86
671_Caretech,1002500,40.65
671_Caretech,1002500,40.65
671_Caretech,1002503,55.71
671_Caretech,1002504,68.92
671_Caretech,1002505,31.23
671_Caretech,1002505,31.23
671_Caretech,1002506,29.74
671_Caretech,1002506,29.74
671_Caretech,1002509,26.14
671_Caretech,1002509,26.14
671_Caretech,1003040,35.39
671_Caretech,1003041,36.76
671_Caretech,1003059,26.77
671_Caretech,1003063,16.95
671_Caretech,1003083,30.38
671_Caretech,1003095,30.72
671_Caretech,1003100,49.18
671_Caretech,1003101,17.12
671_Caretech,1003102,24.33
671_Caretech,1003117,33.07
671_Caretech,1003126,32.04
671_Caretech,1003137,30.38
671_Caretech,1003204,40.96
671_Caretech,1003205,32.04
671_Caretech,1003219,24.34
671_Caretech,1003227,28.66
671_Caretech,1003228,25.9
671_Caretech,1003229,36.43
671_Caretech,1003243,95.07
671_Caretech,1003280,35.97
671_Caretech,1003281,72.85
671_Caretech,1003282,105.49
671_Caretech,1003299,51.05
671_Caretech,1003350,44.34
671_Caretech,1003351,44.34
671_Caretech,1003352,43.85
671_Caretech,1003353,44.34
671_Caretech,1003355,55.48
671_Caretech,1003356,53.16
671_Caretech,1003387,15.19
671_Caretech,1003454,31.89
671_Caretech,1003477,28.78
671_Caretech,1003477,28.78
671_Caretech,1003483,26.59
671_Caretech,1003520,25.55
671_Caretech,1003562,89.97
671_Caretech,1003568,38.4
671_Caretech,1003601,35.8
671_Caretech,1003636,42.82
671_Caretech,1004072,17.55
671_Caretech,1005144,41.97
671_Caretech,1005144,41.97
671_Caretech,1005664,96.62
671_Caretech,1005665,117.43
671_Caretech,1005666,87.42
671_Caretech,1005667,106.63
671_Caretech,1006254,62.13
671_Caretech,1006255,68.07
671_Caretech,1006340,247.44
671_Caretech,1006498,37.82
671_Caretech,1007120,28.51
671_Caretech,1007123,71.22
671_Caretech,1007125,32.29
671_Caretech,1007127,43.16
671_Caretech,1007129,54.94
671_Caretech,1007159,66.71
671_Caretech,1007626,183.88
671_Caretech,1007637,69.49
671_Caretech,1007764,26.08
671_Caretech,1008116,41.8
671_Caretech,1009710,15.17
671_Caretech,1009721,19.66
671_Caretech,1009724,23.08
671_Caretech,1023011,75.45
671_Caretech,1023027,69.7
671_Caretech,1023395,67.19
671_Caretech,1023401,58.54
671_Caretech,1023404,48.13
671_Caretech,1023417,63.82
671_Caretech,1023445,70.96
671_Caretech,1023698,26.71
671_Caretech,1023753,30.91
671_Caretech,1023773,22.66
671_Caretech,1023773,22.66
671_Caretech,1023833,25.6
671_Caretech,1023833,25.6
671_Caretech,1023896,52.91
671_Caretech,1023906,26.02
671_Caretech,1023906,26.02
671_Caretech,1023914,43.72
671_Caretech,1023915,36.29
671_Caretech,1023924,38.31
671_Caretech,1023924,38.31
671_Caretech,1023972,24.99
671_Caretech,1023976,17.99
671_Caretech,1023976,17.99
671_Caretech,1024011,16.79
671_Caretech,1024011,16.79
671_Caretech,1024012,32.97
671_Caretech,1024012,32.97
671_Caretech,1024014,8.99
671_Caretech,1024014,8.99
671_Caretech,1024018,23.98
671_Caretech,1024018,23.98
671_Caretech,1024027,23.98
671_Caretech,1024027,23.98
671_Caretech,1024029,17.99
671_Caretech,1024029,17.99
671_Caretech,1024038,17.99
671_Caretech,1024038,17.99
671_Caretech,1024274,40.21
671_Caretech,1024278,57.43
671_Caretech,1024278,57.43
671_Caretech,1024280,34.83
671_Caretech,1024280,34.83
671_Caretech,1024282,47.92
671_Caretech,1024294,39.81
671_Caretech,1024294,39.81
671_Caretech,1024299,59.73
671_Caretech,1024301,37.28
671_Caretech,1024302,43.34
671_Caretech,1024302,43.34
671_Caretech,1024360,73.26
671_Caretech,1024360,73.26
671_Caretech,1024362,55.51
671_Caretech,1024362,55.51
671_Caretech,1024369,39.09
671_Caretech,1024369,39.09
671_Caretech,1024372,293.76
671_Caretech,1024372,293.76
671_Caretech,1024444,50.06
671_Caretech,1024444,50.06
671_Caretech,1024452,299.75
671_Caretech,1024452,299.75
671_Caretech,1024464,68.64
671_Caretech,1024464,68.64
671_Caretech,1024546,67.9
671_Caretech,1024728,47.96
671_Caretech,1024728,47.96
671_Caretech,1024768,14.39
671_Caretech,1024768,14.39
671_Caretech,1024879,68.88
671_Caretech,1024879,68.88
671_Caretech,1024880,59.17
671_Caretech,1024880,59.17
671_Caretech,1024956,55.21
671_Caretech,1024956,55.21
671_Caretech,1024991,34.88
671_Caretech,1025113,57.82
671_Caretech,1025119,50.12
671_Caretech,1025119,50.12
671_Caretech,1025123,39.99
671_Caretech,1025128,48.44
671_Caretech,1025128,48.44
671_Caretech,1025129,34.24
671_Caretech,1025131,79.25
671_Caretech,1025131,79.25
671_Caretech,1025276,32.56
671_Caretech,1025298,31.35
671_Caretech,1025298,31.35
671_Caretech,1025299,66.6
671_Caretech,1025299,66.6
671_Caretech,1025315,36.8
671_Caretech,1025339,18.85
671_Caretech,1025360,58.03
671_Caretech,1025360,58.03
671_Caretech,1025624,23.98
671_Caretech,1025624,23.98
671_Caretech,1025627,11.99
671_Caretech,1025627,11.99
671_Caretech,1025628,35.97
671_Caretech,1025628,35.97
671_Caretech,1025640,11.99
671_Caretech,1025640,11.99
671_Caretech,1025652,1.5
671_Caretech,1025652,1.5
671_Caretech,1025653,1.5
671_Caretech,1025653,1.5
671_Caretech,1025661,1.5
671_Caretech,1025661,1.5
671_Caretech,1025680,28.78
671_Caretech,1025680,28.78
671_Caretech,1025693,21.45
671_Caretech,1025696,23.98
671_Caretech,1025696,23.98
671_Caretech,1025713,55.45
671_Caretech,1025713,55.45
671_Caretech,1025750,53.12
671_Caretech,1025750,53.12
671_Caretech,1025755,29.95
671_Caretech,1025929,41.43
671_Caretech,1025929,41.43
671_Caretech,1025969,10.49
671_Caretech,1025969,10.49
671_Caretech,1026001,60.01
671_Caretech,1026001,60.01
671_Caretech,1026002,47.9
671_Caretech,1026002,47.9
671_Caretech,1026062,40.68
671_Caretech,1026063,58.12
671_Caretech,1026078,48.56
671_Caretech,1026078,48.56
671_Caretech,1026099,11.99
671_Caretech,1026099,11.99
671_Caretech,1026102,11.99
671_Caretech,1026102,11.99
671_Caretech,1026121,47.84
671_Caretech,1026121,47.84
671_Caretech,1026144,60.91
671_Caretech,1026144,60.91
671_Caretech,1026181,24.42
671_Caretech,1026186,29.98
671_Caretech,1026186,29.98
671_Caretech,1026239,42.6
671_Caretech,1026247,11.99
671_Caretech,1026247,11.99
671_Caretech,1026248,11.99
671_Caretech,1026248,11.99
671_Caretech,1026253,32.97
671_Caretech,1026253,32.97
671_Caretech,1026255,15.59
671_Caretech,1026255,15.59
671_Caretech,1026981,7.79
671_Caretech,1026981,7.79
671_Caretech,1026988,28.42
671_Caretech,1026988,28.42
671_Caretech,1027063,90.76
671_Caretech,1027063,90.76
671_Caretech,1027068,63.55
671_Caretech,1027241,8.99
671_Caretech,1027241,8.99
671_Caretech,1027348,7.79
671_Caretech,1027348,7.79
671_Caretech,1027353,23.98
671_Caretech,1027353,23.98
671_Caretech,1027542,24.18
671_Caretech,1027623,62.77
671_Caretech,1027624,108.44
671_Caretech,1027626,72.17
671_Caretech,1027631,32.8
671_Caretech,1027658,72.98
671_Caretech,1027669,52.02
671_Caretech,1027674,85.37
671_Caretech,1027685,60.65
671_Caretech,1027688,40.37
671_Caretech,1027691,49.88
671_Caretech,1027692,49.29
671_Caretech,1027694,76.63
671_Caretech,1027701,57.37
671_Caretech,1027701,57.37
671_Caretech,1027718,43.68
671_Caretech,1027732,37.56
671_Caretech,1027738,46.28
671_Caretech,1027738,46.28
671_Caretech,1027740,72
671_Caretech,1027740,72
671_Caretech,1027744,90.26
671_Caretech,1027749,112.73
671_Caretech,1027750,108.01
671_Caretech,1027768,34.17
671_Caretech,1027772,66.72
671_Caretech,1027772,66.72
671_Caretech,1027773,58.33
671_Caretech,1027773,58.33
671_Caretech,1027778,77.28
671_Caretech,1027778,77.28
671_Caretech,1027783,28.57
671_Caretech,1027784,50.63
671_Caretech,1027786,44.42
671_Caretech,1027790,43.02
671_Caretech,1027792,130.03
671_Caretech,1027798,61.41
671_Caretech,1027800,58.49
671_Caretech,1027805,56.05
671_Caretech,1027807,108.98
671_Caretech,1027810,84.41
671_Caretech,1027816,50.32
671_Caretech,1027818,62.94
671_Caretech,1027830,85.24
671_Caretech,1027832,59.52
671_Caretech,1027838,122.08
671_Caretech,1027841,86.57
671_Caretech,1027843,50.32
671_Caretech,1027859,72.88
671_Caretech,1027884,58.07
671_Caretech,1027886,36.33
671_Caretech,1027916,57.76
671_Caretech,1027934,72.73
671_Caretech,1027987,102.27
671_Caretech,1027987,102.27
671_Caretech,1027988,59.29
671_Caretech,1027989,55.68
671_Caretech,1027990,37.56
671_Caretech,1027991,115.1
671_Caretech,1027991,115.1
671_Caretech,1028023,57.2
671_Caretech,1028024,68.79
671_Caretech,1028025,65.33
671_Caretech,1028026,69.72
671_Caretech,1028026,69.72
671_Caretech,1028033,39.81
671_Caretech,1028034,20.35
671_Caretech,1028035,67.66
671_Caretech,1028036,81.83
671_Caretech,1028038,152.61
671_Caretech,1028039,25.37
671_Caretech,1028041,64.47
671_Caretech,1028057,83.68
671_Caretech,1028059,50.59
671_Caretech,1028061,53.67
671_Caretech,1028112,64.9
671_Caretech,1028113,53.2
671_Caretech,1028114,65.75
671_Caretech,1028159,43.22
671_Caretech,1028214,74.58
671_Caretech,1028214,74.58
671_Caretech,1028268,72.72
671_Caretech,1028268,72.72
671_Caretech,1028319,51.86
671_Caretech,1028332,156.29
671_Caretech,1028351,20.38
671_Caretech,1028351,20.38
671_Caretech,1028353,77.94
671_Caretech,1028353,77.94
671_Caretech,1028393,101.1
671_Caretech,1028396,43.68
671_Caretech,1028397,47.82
671_Caretech,1028417,49.34
671_Caretech,1028417,49.34
671_Caretech,1028472,52.54
671_Caretech,1028495,47.72
671_Caretech,1028495,47.72
671_Caretech,1028496,37.65
671_Caretech,1028496,37.65
671_Caretech,1028500,74.46
671_Caretech,1028500,74.46
671_Caretech,1028575,42.54
671_Caretech,1028589,31.31
671_Caretech,1028599,114.14
671_Caretech,1028599,114.14
671_Caretech,1028600,68.88
671_Caretech,1028613,98.61
671_Caretech,1028669,44.58
671_Caretech,1028688,50.33
671_Caretech,1028697,54.15
671_Caretech,1028705,49.9
671_Caretech,1028712,58.99
671_Caretech,1028736,27.58
671_Caretech,1028736,27.58
671_Caretech,1028755,64.65
671_Caretech,1028759,91.96
671_Caretech,1028759,91.96
671_Caretech,1028768,14.39
671_Caretech,1028768,14.39
671_Caretech,1028817,24.02
671_Caretech,1028822,85.67
671_Caretech,1028822,85.67
671_Caretech,1028831,88.52
671_Caretech,1028885,98.43
671_Caretech,1028902,54.9
671_Caretech,1028925,56.83
671_Caretech,1028960,52.64
671_Caretech,1028960,52.64
671_Caretech,1028961,11.69
671_Caretech,1028961,11.69
671_Caretech,1041508,13.9
671_Caretech,1042753,5.58
671_Caretech,1042821,22.07
671_Caretech,1043636,16.93
671_Caretech,1043637,21.77
671_Caretech,1044623,13.54
671_Caretech,1044628,19.16
671_Caretech,1044630,8.39
671_Caretech,1044646,22.18
671_Caretech,1044647,29.41
671_Caretech,1044655,48.3
671_Caretech,1044656,38.58
671_Caretech,1044658,28.87
671_Caretech,1044660,38.58
671_Caretech,1044665,28.87
671_Caretech,1044666,67.18
671_Caretech,1044672,40.2
671_Caretech,1044742,21.77
671_Caretech,1044835,20.86
671_Caretech,1044930,76.08
671_Caretech,1044932,14.94
671_Caretech,1044984,17.23
671_Caretech,1045757,18.84
671_Caretech,1045773,23.22
671_Caretech,1045778,35.07
671_Caretech,1045781,48.3
671_Caretech,1046669,14.52
671_Caretech,1046670,67.72
671_Caretech,1050878,16.82
671_Caretech,1050893,30.45
671_Caretech,1050899,25.24
671_Caretech,1050905,20.48
671_Caretech,1050906,39.91
671_Caretech,1050917,19.26
671_Caretech,1050957,14.12
671_Caretech,1050970,26.39
671_Caretech,1050988,29.72
671_Caretech,1051002,43.3
671_Caretech,1051016,18.73
671_Caretech,1051018,20.31
671_Caretech,1051020,20.31
671_Caretech,1051024,20.18
671_Caretech,1051033,15.71
671_Caretech,1051036,34.48
671_Caretech,1051037,22.58
671_Caretech,1051048,28.19
671_Caretech,1051050,32.04
671_Caretech,1051052,16.85
671_Caretech,1051055,24.33
671_Caretech,1051058,18.56
671_Caretech,1051064,41.14
671_Caretech,1051072,21.88
671_Caretech,1051074,15.19
671_Caretech,1051101,27.83
671_Caretech,1051103,19.26
671_Caretech,1051105,38.33
671_Caretech,1051109,19.08
671_Caretech,1051112,33.26
671_Caretech,1051119,24.33
671_Caretech,1051124,22.94
671_Caretech,1051137,22.58
671_Caretech,1051157,32.04
671_Caretech,1051158,22.06
671_Caretech,1051165,35.19
671_Caretech,1051166,35.19
671_Caretech,1051169,22.23
671_Caretech,1051171,21.01
671_Caretech,1051174,42.19
671_Caretech,1051207,18.73
671_Caretech,1051210,29.41
671_Caretech,1051213,34.66
671_Caretech,1051215,34.66
671_Caretech,1051217,34.66
671_Caretech,1051219,27.83
671_Caretech,1051222,23.45
671_Caretech,1051239,28.25
671_Caretech,1051240,40.02
671_Caretech,1051272,33.57
671_Caretech,1051300,29.38
671_Caretech,1051301,30.72
671_Caretech,1051303,28.54
671_Caretech,1051304,44.99
671_Caretech,1051310,74.75
671_Caretech,1051317,15.54
671_Caretech,1051319,22.57
671_Caretech,1051341,9.22
671_Caretech,1051344,40.92
671_Caretech,1051350,8.87
671_Caretech,1051368,33.5
671_Caretech,1051393,23.82
671_Caretech,1051399,32.8
671_Caretech,1051432,39.88
671_Caretech,1051453,26.59
671_Caretech,1051459,25.38
671_Caretech,1051589,32.29
671_Caretech,1051700,28.7
671_Caretech,1051763,35.19
671_Caretech,1051764,46.39
671_Caretech,1051814,22.58
671_Caretech,1051820,20.13
671_Caretech,1051834,33.26
671_Caretech,1051886,30.91
671_Caretech,1051986,32.04
671_Caretech,1052011,32.65
671_Caretech,1052085,28.84
671_Caretech,1052086,38.7
671_Caretech,1052464,26.26
671_Caretech,1052465,26.26
671_Caretech,1052467,19.26
671_Caretech,1052468,32.04
671_Caretech,1052469,22.06
671_Caretech,1052872,43.85
671_Caretech,1052875,26.79
671_Caretech,1052880,46.96
671_Caretech,1052910,38.33
671_Caretech,1052911,37.42
671_Caretech,1052916,42.01
671_Caretech,1052950,22.94
671_Caretech,1053011,38.86
671_Caretech,1053012,48.32
671_Caretech,1053013,48.32
671_Caretech,1053036,40.02
671_Caretech,1053071,37.29
671_Caretech,1053076,18.63
671_Caretech,1053098,22.94
671_Caretech,1053167,48.49
671_Caretech,1053178,26.69
671_Caretech,1053233,33.26
671_Caretech,1053249,40.45
671_Caretech,1053292,26.61
671_Caretech,1053297,53.39
671_Caretech,1053299,40.08
671_Caretech,1053325,35.19
671_Caretech,1053355,33.26
671_Caretech,1053435,19.95
671_Caretech,1053447,12.33
671_Caretech,1053449,43.85
671_Caretech,1053459,17.93
671_Caretech,1053462,48.32
671_Caretech,1053464,48.32
671_Caretech,1053467,30.27
671_Caretech,1053471,23.48
671_Caretech,1053472,11.77
671_Caretech,1053481,32.65
671_Caretech,1053484,13.72
671_Caretech,1053490,18.34
671_Caretech,1053498,36.87
671_Caretech,1053502,22.58
671_Caretech,1053506,32.65
671_Caretech,1053508,16.38
671_Caretech,1053512,23.3
671_Caretech,1053515,23.3
671_Caretech,1053521,12.55
671_Caretech,1053528,15.71
671_Caretech,1053533,33.67
671_Caretech,1053538,20.31
671_Caretech,1053542,15.28
671_Caretech,1053543,34.48
671_Caretech,1053547,22.58
671_Caretech,1053550,34.48
671_Caretech,1053552,18.73
671_Caretech,1053559,46.78
671_Caretech,1053563,17.85
671_Caretech,1053568,18.56
671_Caretech,1053582,16.85
671_Caretech,1053594,20.13
671_Caretech,1053602,20.13
671_Caretech,1053605,33.26
671_Caretech,1053608,19.8
671_Caretech,1053612,29.94
671_Caretech,1053613,56.02
671_Caretech,1053615,13.43
671_Caretech,1053616,41.14
671_Caretech,1053617,15.25
671_Caretech,1053619,41.14
671_Caretech,1053621,44.99
671_Caretech,1053622,44.99
671_Caretech,1053623,24.66
671_Caretech,1053628,21.75
671_Caretech,1053629,14.57
671_Caretech,1053630,22.76
671_Caretech,1053633,22.76
671_Caretech,1053643,17.81
671_Caretech,1053661,28.19
671_Caretech,1053675,29.41
671_Caretech,1053688,37.46
671_Caretech,1053693,16.05
671_Caretech,1053698,18.73
671_Caretech,1053714,19.26
671_Caretech,1053720,16.05
671_Caretech,1053730,29.41
671_Caretech,1053731,29.41
671_Caretech,1053738,21.01
671_Caretech,1053750,25.73
671_Caretech,1053769,30.45
671_Caretech,1053773,16.45
671_Caretech,1053780,25.73
671_Caretech,1053794,21.01
671_Caretech,1053795,26.61
671_Caretech,1053811,33.96
671_Caretech,1053833,28.19
671_Caretech,1053839,17.51
671_Caretech,1053841,51.29
671_Caretech,1053848,22.94
671_Caretech,1053857,35.89
671_Caretech,1053863,19.08
671_Caretech,1053866,22.94
671_Caretech,1053868,28.19
671_Caretech,1053869,28.19
671_Caretech,1053875,33.26
671_Caretech,1053882,21.75
671_Caretech,1053895,17.69
671_Caretech,1053896,21.53
671_Caretech,1053899,32.65
671_Caretech,1053902,20.84
671_Caretech,1053925,24.36
671_Caretech,1053942,31.43
671_Caretech,1053955,27.83
671_Caretech,1053964,22.6
671_Caretech,1053965,29.52
671_Caretech,1053972,20.31
671_Caretech,1053982,46.21
671_Caretech,1053992,38.86
671_Caretech,1053994,31.86
671_Caretech,1054031,30.73
671_Caretech,1054039,25.59
671_Caretech,1054048,112.12
671_Caretech,1054049,96.33
671_Caretech,1054067,21.49
671_Caretech,1054071,24.69
671_Caretech,1054081,25.99
671_Caretech,1054132,32.04
671_Caretech,1054134,29.41
671_Caretech,1054135,19.26
671_Caretech,1054136,25.73
671_Caretech,1054137,34.32
671_Caretech,1054145,33.26
671_Caretech,1054171,42.71
671_Caretech,1054182,24.33
671_Caretech,1054184,85.27
671_Caretech,1054185,97.9
671_Caretech,1054209,19.08
671_Caretech,1054254,19.26
671_Caretech,1054311,136.85
671_Caretech,1054329,40.96
671_Caretech,1054337,25.38
671_Caretech,1054349,39.11
671_Caretech,1054350,28.7
671_Caretech,1054362,32.65
671_Caretech,1054377,20.75
671_Caretech,1054380,24.51
671_Caretech,1054382,28.7
671_Caretech,1054384,18.08
671_Caretech,1054403,27.03
671_Caretech,1054467,44.99
671_Caretech,1054503,40.08
671_Caretech,1054533,22.36
671_Caretech,1054537,78.95
671_Caretech,1054561,36.41
671_Caretech,1054636,48.27
671_Caretech,1054646,62.91
671_Caretech,1054656,28.19
671_Caretech,1054658,37.38
671_Caretech,1054674,29.62
671_Caretech,1054684,48.37
671_Caretech,1054693,37.59
671_Caretech,1054747,38.86
671_Caretech,1054811,49.06
671_Caretech,1054823,65.49
671_Caretech,1054830,40.36
671_Caretech,1054833,56.78
671_Caretech,1054839,47.08
671_Caretech,1054854,61.53
671_Caretech,1054859,46.1
671_Caretech,1054862,32.84
671_Caretech,1054866,25.04
671_Caretech,1054868,37
671_Caretech,1054869,47.29
671_Caretech,1054874,22.27
671_Caretech,1054876,22.09
671_Caretech,1054882,43.92
671_Caretech,1054884,43.92
671_Caretech,1054891,50.85
671_Caretech,1054894,43.92
671_Caretech,1054901,36.21
671_Caretech,1054902,33.67
671_Caretech,1054903,62.91
671_Caretech,1054909,62.91
671_Caretech,1054916,37.12
671_Caretech,1054919,54.41
671_Caretech,1054921,54.6
671_Caretech,1054930,49.85
671_Caretech,1054931,47.29
671_Caretech,1054932,47.29
671_Caretech,1054956,54.21
671_Caretech,1054958,62.91
671_Caretech,1054965,38.86
671_Caretech,1054967,35.39
671_Caretech,1054978,43.92
671_Caretech,1054980,28.14
671_Caretech,1054981,39.47
671_Caretech,1054999,33.31
671_Caretech,1055000,33.67
671_Caretech,1055008,33.84
671_Caretech,1055024,21.23
671_Caretech,1055089,30.06
671_Caretech,1055161,33.74
671_Caretech,1055190,18.34
671_Caretech,1055241,27.03
671_Caretech,1055264,47.96
671_Caretech,1055268,23.3
671_Caretech,1055404,21.37
671_Caretech,1055416,10.19
671_Caretech,1055423,22.9
671_Caretech,1055430,21.19
671_Caretech,1055619,13.44
671_Caretech,1055636,13.85
671_Caretech,1055706,37.98
671_Caretech,1055707,32.04
671_Caretech,1056041,31.33
671_Caretech,1056108,21.97
671_Caretech,1056110,50.65
671_Caretech,1056116,42.34
671_Caretech,1056124,10.99
671_Caretech,1056163,21.73
671_Caretech,1056165,24.81
671_Caretech,1056175,21.07
671_Caretech,1056176,28.84
671_Caretech,1056184,35.39
671_Caretech,1056185,33.68
671_Caretech,1056199,37.12
671_Caretech,1056208,21.07
671_Caretech,1056288,32.04
671_Caretech,1056309,35.39
671_Caretech,1056443,44.15
671_Caretech,1056480,34.58
671_Caretech,1056484,36.76
671_Caretech,1056487,23.34
671_Caretech,1056513,23.16
671_Caretech,1056514,15.17
671_Caretech,1056515,15.19
671_Caretech,1056517,16.16
671_Caretech,1056530,20.5
671_Caretech,1056631,20.84
671_Caretech,1056632,16.89
671_Caretech,1056684,20.07
671_Caretech,1056704,33.15
671_Caretech,1056705,27.82
671_Caretech,1056957,26.27
671_Caretech,1057021,18.49
671_Caretech,1057145,20.5
671_Caretech,1057146,25.13
671_Caretech,1057159,24.36
671_Caretech,1057176,22.09
671_Caretech,1057194,27.82
671_Caretech,1057204,20.37
671_Caretech,1057220,40.92
671_Caretech,1057229,27.28
671_Caretech,1057234,15.19
671_Caretech,1057249,24.34
671_Caretech,1057256,25.9
671_Caretech,1057259,33.5
671_Caretech,1057270,20.72
671_Caretech,1057287,33.32
671_Caretech,1057293,24.36
671_Caretech,1057302,29.35
671_Caretech,1057310,33.67
671_Caretech,1057313,35.74
671_Caretech,1057324,26.59
671_Caretech,1057327,24.34
671_Caretech,1057328,22.27
671_Caretech,1057329,28.66
671_Caretech,1057333,35.74
671_Caretech,1057334,29.24
671_Caretech,1057339,31.43
671_Caretech,1057341,35.39
671_Caretech,1057343,37.64
671_Caretech,1057347,29.18
671_Caretech,1057359,30.38
671_Caretech,1057361,29.18
671_Caretech,1057363,25.24
671_Caretech,1057370,32.29
671_Caretech,1057411,28.16
671_Caretech,1057432,24.34
671_Caretech,1057442,28.66
671_Caretech,1057461,29.24
671_Caretech,1057467,23.48
671_Caretech,1057474,25.86
671_Caretech,1057478,15.17
671_Caretech,1057483,26.59
671_Caretech,1057484,22.57
671_Caretech,1057486,23.3
671_Caretech,1057488,18.9
671_Caretech,1057491,31.01
671_Caretech,1057494,36.43
671_Caretech,1057498,25.55
671_Caretech,1057501,31.01
671_Caretech,1057504,40.92
671_Caretech,1057507,20.37
671_Caretech,1057509,33.15
671_Caretech,1057511,27.28
671_Caretech,1057513,33.5
671_Caretech,1057515,25.9
671_Caretech,1057519,37.64
671_Caretech,1057520,24.34
671_Caretech,1057529,21.23
671_Caretech,1057533,32.29
671_Caretech,1057535,32.64
671_Caretech,1057538,25.9
671_Caretech,1057540,31.77
671_Caretech,1057541,33.84
671_Caretech,1057543,27.46
671_Caretech,1057546,22.1
671_Caretech,1057551,39.54
671_Caretech,1057554,29.35
671_Caretech,1057557,35.74
671_Caretech,1057558,34.7
671_Caretech,1057567,25.62
671_Caretech,1057568,22.79
671_Caretech,1057570,32.29
671_Caretech,1057591,29.24
671_Caretech,1057648,25.62
671_Caretech,1057659,23.16
671_Caretech,1057661,28.96
671_Caretech,1057662,20.84
671_Caretech,1057664,16.95
671_Caretech,1057674,22.57
671_Caretech,1057675,28.16
671_Caretech,1057688,16.16
671_Caretech,1057697,30.73
671_Caretech,1057704,28.96
671_Caretech,1057716,24.27
671_Caretech,1057719,20.84
671_Caretech,1057740,20.07
671_Caretech,1057753,26.27
671_Caretech,1057775,26.39
671_Caretech,1057776,27.39
671_Caretech,1057803,24.66
671_Caretech,1057814,33.67
671_Caretech,1057815,33.67
671_Caretech,1057833,34.7
671_Caretech,1057847,33.15
671_Caretech,1057852,21.32
671_Caretech,1057861,35.39
671_Caretech,1057879,33.67
671_Caretech,1057893,29.18
671_Caretech,1057896,30.91
671_Caretech,1057913,33.5
671_Caretech,1058056,30.73
671_Caretech,1058194,17.97
671_Caretech,1058289,28.04
671_Caretech,1058334,15.17
671_Caretech,1058337,20.07
671_Caretech,1058338,22.36
671_Caretech,1058339,19.95
671_Caretech,1058344,18.5
671_Caretech,1058345,19.08
671_Caretech,1058346,25.24
671_Caretech,1060570,269.78
671_Caretech,1060570,269.78
671_Caretech,1063474,53.69
671_Caretech,1067315,215.47
671_Caretech,1069711,43.92
671_Caretech,1069754,43.69
671_Caretech,1073432,56.98
671_Caretech,1075715,52.23
671_Caretech,1076139,38.31
671_Caretech,1076265,48.99
671_Caretech,1079811,38.07
671_Caretech,1079817,37.98
671_Caretech,1079822,47.19
671_Caretech,1079847,16.93
671_Caretech,1080070,15.67
671_Caretech,1080071,16.63
671_Caretech,1080556,0.01
671_Caretech,1080642,148.03
671_Caretech,1080651,0.01
671_Caretech,1080661,148.03
671_Caretech,1080664,148.03
671_Caretech,1081027,8.29
671_Caretech,1081028,19.98
671_Caretech,1081137,0.01
671_Caretech,1081579,7.43
671_Caretech,1081589,17.12
671_Caretech,1082678,25
671_Caretech,1082904,0.01
671_Caretech,1083201,16.79
671_Caretech,1083201,16.79
671_Caretech,1083216,25.51
671_Caretech,1083219,25.51
671_Caretech,1083221,25
671_Caretech,1083222,25.36
671_Caretech,1083235,25.51
671_Caretech,1083282,25.89
671_Caretech,1083380,25.36
671_Caretech,1083871,28
671_Caretech,1083986,310.83
671_Caretech,1084256,38.73
671_Caretech,1084257,43.54
671_Caretech,1084262,385.38
671_Caretech,1084272,41.22
671_Caretech,1084302,38
671_Caretech,1084303,42.89
671_Caretech,1084304,370.96
671_Caretech,1084305,128.42
671_Caretech,1084312,68.5
671_Caretech,1084316,43.86
671_Caretech,1084317,54.36
671_Caretech,1084320,55.9
671_Caretech,1084325,130.41
671_Caretech,1084338,81.02
671_Caretech,1084359,34.39
671_Caretech,1084377,43.86
671_Caretech,1084378,38.73
671_Caretech,1084380,385.38
671_Caretech,1084394,597.65
671_Caretech,1084477,829.95
671_Caretech,1084496,54.19
671_Caretech,1084524,472.57
671_Caretech,1084533,53.26
671_Caretech,1084536,47.08
671_Caretech,1084575,1921.72
671_Caretech,1084668,74.63
671_Caretech,1084669,86.95
671_Caretech,1084688,82.89
671_Caretech,1084699,44.29
671_Caretech,1084700,56.04
671_Caretech,1084702,58.22
671_Caretech,1084727,30.51
671_Caretech,1084742,35.75
671_Caretech,1084743,44.41
671_Caretech,1084745,441.01
671_Caretech,1084747,41.33
671_Caretech,1084749,38.97
671_Caretech,1084750,47.6
671_Caretech,1084751,446.17
671_Caretech,1084764,50.55
671_Caretech,1084773,56.13
671_Caretech,1084790,48.04
671_Caretech,1084957,37.53
671_Caretech,1085000,191.32
671_Caretech,1085094,32.03
671_Caretech,1085095,52.36
671_Caretech,1085103,31.18
671_Caretech,1085118,82.91
671_Caretech,1085124,50.37
671_Caretech,1085227,118.01
671_Caretech,1085255,67.89
671_Caretech,1085320,72.95
671_Caretech,1085326,46.88
671_Caretech,1085423,309.69
671_Caretech,1085424,49.88
671_Caretech,1085491,57.06
671_Caretech,1085492,474
671_Caretech,1085511,31.76
671_Caretech,1085516,41.02
671_Caretech,1085517,101.57
671_Caretech,1085521,39.66
671_Caretech,1085522,46.86
671_Caretech,1085523,139.94
671_Caretech,1085525,411.13
671_Caretech,1085530,72.12
671_Caretech,1085531,87.88
671_Caretech,1085532,906.28
671_Caretech,1085534,106.19
671_Caretech,1085535,130.11
671_Caretech,1085536,1354.21
671_Caretech,1085537,91.34
671_Caretech,1085550,55.16
671_Caretech,1085574,501.8
671_Caretech,1085575,175.38
671_Caretech,1085582,51.62
671_Caretech,1085583,607.92
671_Caretech,1085586,63.99
671_Caretech,1085614,170.88
671_Caretech,1085661,72.32
671_Caretech,1085663,32.72
671_Caretech,1085666,63.71
671_Caretech,1085670,94.53
671_Caretech,1085684,52.77
671_Caretech,1085710,43.16
671_Caretech,1085711,133.38
671_Caretech,1085729,50.28
671_Caretech,1085730,58.54
671_Caretech,1085732,48.85
671_Caretech,1085733,57.93
671_Caretech,1085734,485.32
671_Caretech,1085798,82.04
671_Caretech,1085799,65.11
671_Caretech,1085831,496.8
671_Caretech,1085832,289.97
671_Caretech,1085833,153.14
671_Caretech,1085834,51.14
671_Caretech,1085835,42.65
671_Caretech,1085844,256.56
671_Caretech,1085873,81.29
671_Caretech,1085875,70
671_Caretech,1085888,81
671_Caretech,1086073,95.49
671_Caretech,1086165,130.12
671_Caretech,1086166,89.66
671_Caretech,1086232,95.1
671_Caretech,1086253,71.94
671_Caretech,1086271,39.62
671_Caretech,1086300,144.75
671_Caretech,1086301,111.96
671_Caretech,1086306,35.44
671_Caretech,1086323,89.41
671_Caretech,1086392,27.98
671_Caretech,1086396,56.07
671_Caretech,1086397,96.26
671_Caretech,1086408,24.38
671_Caretech,1086416,44.66
671_Caretech,1086418,60.85
671_Caretech,1086430,65.42
671_Caretech,1086449,57.73
671_Caretech,1086454,114.92
671_Caretech,1086455,1179.52
671_Caretech,1086457,50.83
671_Caretech,1086458,509.5
671_Caretech,1086532,67.66
671_Caretech,1086589,29.25
671_Caretech,1086648,58.37
671_Caretech,1086742,2547.5
671_Caretech,1086803,2336.01
671_Caretech,1086863,46.19
671_Caretech,1086880,254.05
671_Caretech,1086938,2493.89
671_Caretech,1086963,575.81
671_Caretech,1087091,33.63
671_Caretech,1087135,45.18
671_Caretech,1087136,100.72
671_Caretech,1087161,503.76
671_Caretech,1087162,299.21
671_Caretech,1087163,157.74
671_Caretech,1087164,52.67
671_Caretech,1087165,40.9
671_Caretech,1087166,516.5
671_Caretech,1087167,315.5
671_Caretech,1087168,162.05
671_Caretech,1087169,54.09
671_Caretech,1087170,331.04
671_Caretech,1087171,169.46
671_Caretech,1087191,85.45
671_Caretech,1087192,99.15
671_Caretech,1087195,735.71
671_Caretech,1087196,225.69
671_Caretech,1087197,75.41
671_Caretech,1087218,157.65
671_Caretech,1087233,622.36
671_Caretech,1087241,133.13
671_Caretech,1087242,233.75
671_Caretech,1087244,43.39
671_Caretech,1087246,129.83
671_Caretech,1087251,416.29
671_Caretech,1087254,64.81
671_Caretech,1087255,827.41
671_Caretech,1087261,286.96
671_Caretech,1087287,40.63
671_Caretech,1087351,404.95
671_Caretech,1087393,374.05
671_Caretech,1087416,51.85
671_Caretech,1087417,78.63
671_Caretech,1087418,43.94
671_Caretech,1087419,38.09
671_Caretech,1087420,49.63
671_Caretech,1087439,43.01
671_Caretech,1087450,64.47
671_Caretech,1087469,41.01
671_Caretech,1087473,40.23
671_Caretech,1087478,48.77
671_Caretech,1087479,56.67
671_Caretech,1087480,548.18
671_Caretech,1087489,79
671_Caretech,1087502,361.65
671_Caretech,1087505,44.55
671_Caretech,1087514,35.88
671_Caretech,1087524,66.15
671_Caretech,1087529,663.4
671_Caretech,1087533,48.93
671_Caretech,1087539,39.73
671_Caretech,1087540,137.43
671_Caretech,1087542,39.73
671_Caretech,1087543,49.18
671_Caretech,1087545,91.13
671_Caretech,1087547,413.2
671_Caretech,1087548,46.08
671_Caretech,1087557,40.38
671_Caretech,1087558,45.17
671_Caretech,1087566,31.09
671_Caretech,1087567,37.37
671_Caretech,1087568,347.26
671_Caretech,1087594,29.84
671_Caretech,1087595,36.08
671_Caretech,1087661,757.36
671_Caretech,1087681,40.47
671_Caretech,1087706,42.13
671_Caretech,1087723,22.92
671_Caretech,1087727,54.72
671_Caretech,1087728,56.52
671_Caretech,1087729,471.38
671_Caretech,1087733,36.18
671_Caretech,1087735,2498.72
671_Caretech,1087736,72.96
671_Caretech,1087737,714.08
671_Caretech,1087738,51.9
671_Caretech,1087739,504.89
671_Caretech,1087745,32.65
671_Caretech,1087785,33.43
671_Caretech,1087786,39.99
671_Caretech,1087789,337.98
671_Caretech,1087790,424.53
671_Caretech,1087791,285.43
671_Caretech,1087794,46.08
671_Caretech,1087796,41.35
671_Caretech,1087797,46.48
671_Caretech,1087798,39.04
671_Caretech,1087847,64.96
671_Caretech,1087851,124.91
671_Caretech,1087904,1859.9
671_Caretech,1087938,451.03
671_Caretech,1087954,82.82
671_Caretech,1087963,31.7
671_Caretech,1088068,40.24
671_Caretech,1088070,47.03
671_Caretech,1088072,415.25
671_Caretech,1088074,57.26
671_Caretech,1088104,49.59
671_Caretech,1088130,306.72
671_Caretech,1088132,41.67
671_Caretech,1088154,59.66
671_Caretech,1088166,35.92
671_Caretech,1088193,48.4
671_Caretech,1088275,175.55
671_Caretech,1088276,73.34
671_Caretech,1088354,92.73
671_Caretech,1088361,50.79
671_Caretech,1088384,2386.44
671_Caretech,1088446,45.3
671_Caretech,1088511,52.03
671_Caretech,1088514,41.87
671_Caretech,1088516,494.59
671_Caretech,1088529,60.9
671_Caretech,1088557,2850.62
671_Caretech,1088666,196.06
671_Caretech,1088678,47.44
671_Caretech,1088875,38.07
671_Caretech,1088918,922.86
671_Caretech,1088919,532.69
671_Caretech,1088920,276.41
671_Caretech,1088930,64.8
671_Caretech,1088944,43.39
671_Caretech,1088946,49.33
671_Caretech,1088947,57.71
671_Caretech,1088948,92.94
671_Caretech,1088949,76.49
671_Caretech,1088962,55.41
671_Caretech,1088964,78.01
671_Caretech,1088976,46.75
671_Caretech,1088979,52.45
671_Caretech,1088981,556.46
671_Caretech,1089010,584.21
671_Caretech,1089012,62.28
671_Caretech,1089013,76.55
671_Caretech,1089014,721.3
671_Caretech,1089065,51.4
671_Caretech,1089129,56.94
671_Caretech,1089130,67.29
671_Caretech,1089131,673.09
671_Caretech,1089162,54.68
671_Caretech,1089163,67.88
671_Caretech,1089297,75.47
671_Caretech,1089347,48.32
671_Caretech,1089464,72.95
671_Caretech,1089465,71.56
671_Caretech,1089485,103.76
671_Caretech,1089486,85.9
671_Caretech,1089606,834.64
671_Caretech,1089618,86.66
671_Caretech,1089619,81.23
671_Caretech,1089621,57.06
671_Caretech,1089638,319.98
671_Caretech,1089645,146.84
671_Caretech,1089711,73.24
671_Caretech,1089712,90.62
671_Caretech,1089792,955.75
671_Caretech,1089795,93.86
671_Caretech,1089804,538.7
671_Caretech,1089806,281.3
671_Caretech,1089817,77.03
671_Caretech,1089839,65.2
671_Caretech,1089841,54.19
671_Caretech,1089843,262.77
671_Caretech,1089845,71.06
671_Caretech,1089846,87.77
671_Caretech,1089850,870.7
671_Caretech,1089868,96.48
671_Caretech,1089877,118.13
671_Caretech,1089882,79.51
671_Caretech,1089887,226.77
671_Caretech,1089889,79.53
671_Caretech,1089895,67.62
671_Caretech,1089932,77.1
671_Caretech,1089933,85.45
671_Caretech,1089948,60.07
671_Caretech,1089949,77.07
671_Caretech,1089973,69.23
671_Caretech,1089974,83.66
671_Caretech,1089975,250.65
671_Caretech,1089976,489.53
671_Caretech,1089977,830.53
671_Caretech,1089981,55.01
671_Caretech,1089982,65.85
671_Caretech,1089984,73.06
671_Caretech,1089988,84.41
671_Caretech,1089992,67.78
671_Caretech,1089993,78.6
671_Caretech,1089994,252.64
671_Caretech,1089995,155.59
671_Caretech,1089997,625.45
671_Caretech,1090001,77.57
671_Caretech,1090005,65.54
671_Caretech,1090006,75.92
671_Caretech,1090007,721.79
671_Caretech,1090010,227.23
671_Caretech,1090013,110.07
671_Caretech,1090033,73.94
671_Caretech,1090034,82.89
671_Caretech,1090035,879.99
671_Caretech,1090042,52.11
671_Caretech,1090043,60.64
671_Caretech,1090044,616.2
671_Caretech,1090045,956.5
671_Caretech,1090046,519.33
671_Caretech,1090050,86.25
671_Caretech,1090051,72.07
671_Caretech,1090064,65.04
671_Caretech,1090068,51.57
671_Caretech,1090080,660.48
671_Caretech,1090086,58.17
671_Caretech,1090087,69.69
671_Caretech,1090090,68.94
671_Caretech,1090098,44.49
671_Caretech,1090099,58.91
671_Caretech,1090116,139.04
671_Caretech,1090117,171.15
671_Caretech,1090127,36.19
671_Caretech,1090142,61.98
671_Caretech,1090144,408.61
671_Caretech,1090149,111.82
671_Caretech,1090151,1380.23
671_Caretech,1090155,138.98
671_Caretech,1090158,35.5
671_Caretech,1090160,41.14
671_Caretech,1090161,245.07
671_Caretech,1090165,109.87
671_Caretech,1090175,29.77
671_Caretech,1090176,34.73
671_Caretech,1090177,128.08
671_Caretech,1090179,331.79
671_Caretech,1090190,82.78
671_Caretech,1090198,872.76
671_Caretech,1090201,71.25
671_Caretech,1090216,26.68
671_Caretech,1090262,213
671_Caretech,1090276,45.72
671_Caretech,1090289,96.75
671_Caretech,1090291,39.28
671_Caretech,1090307,28.41
671_Caretech,1090308,33.82
671_Caretech,1090320,74.11
671_Caretech,1090457,84.46
671_Caretech,1090487,32.31
671_Caretech,1090697,192.92
671_Caretech,1090709,142.49
671_Caretech,1090762,320.16
671_Caretech,1090770,142.49
671_Caretech,1090814,6.41
671_Caretech,1090834,159.19
671_Caretech,1090847,131.25
671_Caretech,1090925,0.01
671_Caretech,1090928,0.01
671_Caretech,1091160,24.44
671_Caretech,1091188,48.39
671_Caretech,1091306,52.64
671_Caretech,1091401,44.3
671_Caretech,1091403,70.5
671_Caretech,1091522,258.98
671_Caretech,1091563,0.01
671_Caretech,1091639,44.39
671_Caretech,1091775,33.49
671_Caretech,1091780,59.19
671_Caretech,1091784,70.5
671_Caretech,1091892,42.34
671_Caretech,1091895,49.57
671_Caretech,1092068,64.15
671_Caretech,1092117,25.97
671_Caretech,1092124,28.03
671_Caretech,1092129,54.03
671_Caretech,1092152,45.97
671_Caretech,1092186,405.97
671_Caretech,1092241,54.78
671_Caretech,1092242,50.5
671_Caretech,1092251,24.36
671_Caretech,1092372,82.85
671_Caretech,1092489,26.88
671_Caretech,1092739,31.61
671_Caretech,1092740,30.43
671_Caretech,1093196,37.67
671_Caretech,1093210,72.28
671_Caretech,1093227,31.29
671_Caretech,1093261,68.57
671_Caretech,1093552,37
671_Caretech,1093601,42.77
671_Caretech,1093613,51.74
671_Caretech,1093619,70.5
671_Caretech,1093620,258.98
671_Caretech,1093640,38.86
671_Caretech,1093645,30.43
671_Caretech,1093648,31.79
671_Caretech,1093649,45.8
671_Caretech,1093650,44.7
671_Caretech,1093651,63.86
671_Caretech,1093654,72.46
671_Caretech,1093658,43.7
671_Caretech,1093685,59.85
671_Caretech,1093687,54.72
671_Caretech,1093688,51.51
671_Caretech,1095601,52.16
671_Caretech,1095612,389.5
671_Caretech,1095928,123.66
671_Caretech,1095987,61.02
671_Caretech,1096343,38.79
671_Caretech,1096344,21.68
671_Caretech,1096421,57.11
671_Caretech,1096542,32.8
671_Caretech,1096614,119.6
671_Caretech,1096642,255.73
671_Caretech,1096643,142.76
671_Caretech,1096660,26.26
671_Caretech,1096665,29.19
671_Caretech,1096674,375.08
671_Caretech,1096676,47.77
671_Caretech,1096677,29.25
671_Caretech,1096678,39.1
671_Caretech,1096685,38.44
671_Caretech,1096693,87.59
671_Caretech,1096719,35.86
671_Caretech,1096730,136.24
671_Caretech,1096735,195.59
671_Caretech,1096740,43.4
671_Caretech,1096765,52.32
671_Caretech,1096768,769.71
671_Caretech,1096769,82.06
671_Caretech,1096771,40.47
671_Caretech,1096776,48.16
671_Caretech,1096778,56.4
671_Caretech,1096791,61.54
671_Caretech,1096793,44.3
671_Caretech,1096821,32.41
671_Caretech,1096850,35.77
671_Caretech,1096858,79.17
671_Caretech,1096859,38.31
671_Caretech,1096861,32.91
671_Caretech,1096870,48.25
671_Caretech,1096872,50.21
671_Caretech,1096876,44.51
671_Caretech,1096965,97.8
671_Caretech,1096979,37.61
671_Caretech,1096980,44.81
671_Caretech,1096981,367.87
671_Caretech,1096992,35.08
671_Caretech,1097107,94.22
671_Caretech,1097110,83.7
671_Caretech,1097111,89.92
671_Caretech,1097112,975.79
671_Caretech,1097117,83.7
671_Caretech,1097118,89.92
671_Caretech,1097119,975.79
671_Caretech,1097123,84.55
671_Caretech,1097127,95.34
671_Caretech,1097143,106.2
671_Caretech,1097144,1120.05
671_Caretech,1097185,22.42
671_Caretech,1097193,111.85
671_Caretech,1097259,26.35
671_Caretech,1097273,71.9
671_Caretech,1097306,31.98
671_Caretech,1097315,191.66
671_Caretech,1097320,40.61
671_Caretech,1097321,476.04
671_Caretech,1097346,171.97
671_Caretech,1097377,33.74
671_Caretech,1097379,38.44
671_Caretech,1097381,38.64
671_Caretech,1097383,54.51
671_Caretech,1097385,42.25
671_Caretech,1097387,40.62
671_Caretech,1097389,45.39
671_Caretech,1097391,35.77
671_Caretech,1097394,37.65
671_Caretech,1097396,33.06
671_Caretech,1097398,31.02
671_Caretech,1097399,33.27
671_Caretech,1097402,31.26
671_Caretech,1097404,35.75
671_Caretech,1097406,53.31
671_Caretech,1097408,35.08
671_Caretech,1097409,145.21
671_Caretech,1097411,30.34
671_Caretech,1097413,30.34
671_Caretech,1097416,35.5
671_Caretech,1097417,25.65
671_Caretech,1097420,38.9
671_Caretech,1097459,331.04
671_Caretech,1097478,66.54
671_Caretech,1097488,36.74
671_Caretech,1097512,49.88
671_Caretech,1097652,32.8
671_Caretech,1097753,36.54
671_Caretech,1098001,41.36
671_Caretech,1098035,245.62
671_Caretech,1098142,44.24
671_Caretech,1098205,37.01
671_Caretech,1098254,187.57
671_Caretech,1098269,313.61
671_Caretech,1098331,37.94
671_Caretech,1098444,48.63
671_Caretech,1098446,55.09
671_Caretech,1098516,51.42
671_Caretech,1098517,61.36
671_Caretech,1098521,335.53
671_Caretech,1098569,38.88
671_Caretech,1098679,53.96
671_Caretech,1098714,164.68
671_Caretech,1098798,103.1
671_Caretech,1098834,40.24
671_Caretech,1098864,48.06
671_Caretech,1099230,46.43
671_Caretech,1099278,126.01
671_Caretech,1099383,151.99
671_Caretech,1099613,37.78
671_Caretech,1099842,52.16
671_Caretech,1099856,447.79
671_Caretech,1099881,78.4
671_Caretech,1099884,38.99
671_Caretech,1099949,44.48
671_Caretech,1099957,65.9
671_Caretech,1099965,37.73
671_Caretech,1099971,107.21
671_Caretech,1099982,133.17
671_Caretech,1100023,89.75
671_Caretech,1100024,59.97
671_Caretech,1100032,682.69
671_Caretech,1100053,624.37
671_Caretech,1100054,942.09
671_Caretech,1100055,1145.19
671_Caretech,1100061,285.74
671_Caretech,1100074,75.95
671_Caretech,1100086,95.42
671_Caretech,1100105,98.05
671_Caretech,1100130,227.59
671_Caretech,1100163,45.97
671_Caretech,1100182,54.41
671_Caretech,1100192,72.76
671_Caretech,1100206,36.72
671_Caretech,1100236,54.2
671_Caretech,1100252,112.75
671_Caretech,1100254,619.8
671_Caretech,1100255,80.07
671_Caretech,1100259,53.13
671_Caretech,1100260,41.94
671_Caretech,1100311,117.55
671_Caretech,1100388,78.4
671_Caretech,1100405,49.16
671_Caretech,1100406,70.13
671_Caretech,1100432,196.06
671_Caretech,1100443,53.38
671_Caretech,1100447,268.99
671_Caretech,1100462,61.39
671_Caretech,1100463,87.59
671_Caretech,1100464,72.39
671_Caretech,1100494,107.21
671_Caretech,1100499,73.57
671_Caretech,1100523,320.27
671_Caretech,1100527,72.31
671_Caretech,1100528,156.19
671_Caretech,1100533,48.84
671_Caretech,1100849,47.76
671_Caretech,1100917,50.86
671_Caretech,1101487,40.83
671_Caretech,1101534,63.35
671_Caretech,1101622,53.27
671_Caretech,1101795,45.87
671_Caretech,1101797,50.15
671_Caretech,1101891,51.05
671_Caretech,1101928,44.51
671_Caretech,1101959,47.89
671_Caretech,1101962,56.86
671_Caretech,1101973,97.23
671_Caretech,1101980,63.44
671_Caretech,1102060,46.55
671_Caretech,1102063,76.46
671_Caretech,1102072,44.65
671_Caretech,1102106,41.8
671_Caretech,1102112,65.66
671_Caretech,1102146,64.08
671_Caretech,1102178,82.38
671_Caretech,1102186,61.99
671_Caretech,1102187,68.36
671_Caretech,1102215,58.39
671_Caretech,1102250,58.04
671_Caretech,1102284,45.87
671_Caretech,1102286,48.11
671_Caretech,1102321,70.57
671_Caretech,1102323,60.19
671_Caretech,1108163,216.66
671_Caretech,1115309,38.49
671_Caretech,1126499,0.01
671_Caretech,1134846,107.3
671_Caretech,1140369,32.58
671_Caretech,1140390,35.84
671_Caretech,1140391,72.96
671_Caretech,1140394,53.87
671_Caretech,1140538,26.59
671_Caretech,1141243,36.09
671_Caretech,1141283,779.35
671_Caretech,1141579,44.99
671_Caretech,1141680,99.49
671_Caretech,1142103,100.46
671_Caretech,1142143,99.49
671_Caretech,1142393,524.41
671_Caretech,1142394,514.37
671_Caretech,1142395,388.55
671_Caretech,1142396,772.99
671_Caretech,1142402,436.89
671_Caretech,1142463,8881.7
671_Caretech,1142588,37.7
671_Caretech,1142717,32.42
671_Caretech,1143338,181.9
671_Caretech,1143339,159.92
671_Caretech,1143939,610
671_Caretech,1143940,137.66
671_Caretech,1144036,16.2
671_Caretech,1144131,150.45
671_Caretech,1144137,32.13
671_Caretech,1144140,56.21
671_Caretech,1144143,81.9
671_Caretech,1144145,61.72
671_Caretech,1144172,65.11
671_Caretech,1144173,79.57
671_Caretech,1144185,74.4
671_Caretech,1144185,74.4
671_Caretech,1144186,36.33
671_Caretech,1144186,36.33
671_Caretech,1144192,53.96
671_Caretech,1144192,53.96
671_Caretech,1144193,21.58
671_Caretech,1144193,21.58
671_Caretech,1144766,40.96
671_Caretech,1144775,23.3
671_Caretech,1144927,966.8
671_Caretech,1144928,70.61
671_Caretech,1144959,50.72
671_Caretech,1145087,69.89
671_Caretech,1145129,76.8
671_Caretech,1145150,239.42
671_Caretech,1145319,128.42
671_Caretech,1145606,59.17
671_Caretech,1145606,59.17
671_Caretech,1145607,70.74
671_Caretech,1145607,70.74
671_Caretech,1146624,98.68
671_Caretech,1146625,172.21
671_Caretech,1146628,54.73
671_Caretech,1146629,117.25
671_Caretech,1146630,109.4
671_Caretech,1146631,136.6
671_Caretech,1146636,268.25
671_Caretech,1146637,900.27
671_Caretech,1146638,600.63
671_Caretech,1146639,2144.71
671_Caretech,1146640,281.86
671_Caretech,1146642,548.01
671_Caretech,1146644,55.25
671_Caretech,1146645,165.39
671_Caretech,1146647,583.6
671_Caretech,1146648,293.65
671_Caretech,1146652,377.55
671_Caretech,1146653,1275.36
671_Caretech,1146654,298.63
671_Caretech,1146657,314.85
671_Caretech,1146658,1021.18
671_Caretech,1146662,98.93
671_Caretech,1147086,56.4
671_Caretech,1147105,33.74
671_Caretech,1147431,142.59
671_Caretech,1147824,41.27
671_Caretech,1148195,62.77
671_Caretech,1148195,62.77
671_Caretech,1148332,54.3
671_Caretech,1148363,70.65
671_Caretech,1148624,178.24
671_Caretech,1150615,297.15
671_Caretech,1150928,25.68
671_Caretech,1151563,95.53
671_Caretech,1151723,94.29
671_Caretech,1152093,65.9
671_Caretech,1152187,65.03
671_Caretech,1152270,39.33
671_Caretech,1152270,39.33
671_Caretech,1152425,63.71
671_Caretech,1152428,49.52
671_Caretech,1152616,103.16
671_Caretech,1153380,39.91
671_Caretech,1154303,34.91
671_Caretech,1154337,2735.73
671_Caretech,1155264,11.99
671_Caretech,1155265,16.67
671_Caretech,1155267,24.02
671_Caretech,1155268,16.67
671_Caretech,1155269,16.46
671_Caretech,1155270,18.64
671_Caretech,1155271,19.5
671_Caretech,1155272,20.07
671_Caretech,1155273,26.67
671_Caretech,1155274,22.07
671_Caretech,1155275,23.51
671_Caretech,1155276,22.07
671_Caretech,1155277,24.09
671_Caretech,1155278,25.68
671_Caretech,1155613,61.1
671_Caretech,1155847,85.61
671_Caretech,1155887,74.34
671_Caretech,1156050,23.98
671_Caretech,1156050,23.98
671_Caretech,1156051,23.98
671_Caretech,1156051,23.98
671_Caretech,1156704,39.61
671_Caretech,1156866,46.96
671_Caretech,1156867,40.79
671_Caretech,1157308,411.13
671_Caretech,1157510,127.01
671_Caretech,1157604,32.91
671_Caretech,1157604,32.91
671_Caretech,1157661,152.27
671_Caretech,1157956,60.65
671_Caretech,1158315,36.26
671_Caretech,1158498,101.2
671_Caretech,1158498,101.2
671_Caretech,1158821,30.97
671_Caretech,1158824,37.8
671_Caretech,1158826,36.2
671_Caretech,1158829,70.5
671_Caretech,1158832,70.5
671_Caretech,1158847,1013.47
671_Caretech,1158850,469.54
671_Caretech,1159070,319.66
671_Caretech,1159120,69.35
671_Caretech,1159208,48.38
671_Caretech,1159565,66.05
671_Caretech,1159681,34.69
671_Caretech,1159696,76.59
671_Caretech,1159954,51.65
671_Caretech,1160099,82.22
671_Caretech,1160555,81.44
671_Caretech,1160566,21.07
671_Caretech,1160601,70.5
671_Caretech,1160719,49.3
671_Caretech,1160813,1295.62
671_Caretech,1161008,28.16
671_Caretech,1161054,36.73
671_Caretech,1161172,23.14
671_Caretech,1161455,116.39
671_Caretech,1162091,51.39
671_Caretech,1162168,30.19
671_Caretech,1162424,70.5
671_Caretech,1162555,57.64
671_Caretech,1162567,412.25
671_Caretech,1162632,37.01
671_Caretech,1162635,70.5
671_Caretech,1162765,51.92
671_Caretech,1162773,67.77
671_Caretech,1163010,22.01
671_Caretech,1163034,28.06
671_Caretech,1163070,45.36
671_Caretech,1163131,86.33
671_Caretech,1163132,51.74
671_Caretech,1163313,49.28
671_Caretech,1163419,70.5
671_Caretech,1163421,70.5
671_Caretech,1163596,47.4
671_Caretech,1163721,24.2
671_Caretech,1163726,86.33
671_Caretech,1164152,23.27
671_Caretech,1164154,49.76
671_Caretech,1164159,86.33
671_Caretech,1164189,168.59
671_Caretech,1164303,104.72
671_Caretech,1164550,856.59
671_Caretech,1164878,17.12
671_Caretech,1165025,46.08
671_Caretech,1165060,30.09
671_Caretech,1165064,31.29
671_Caretech,1165100,50.31
671_Caretech,1165103,35.32
671_Caretech,1165105,33.52
671_Caretech,1165107,52.9
671_Caretech,1165109,48.66
671_Caretech,1165126,86.33
671_Caretech,1165204,16.47
671_Caretech,1165292,32.79
671_Caretech,1165311,29.38
671_Caretech,1165675,38.56
671_Caretech,1165920,46.96
671_Caretech,1165988,128.14
671_Caretech,1166213,32.65
671_Caretech,1166223,56.37
671_Caretech,1166269,1050.56
671_Caretech,1166285,6
671_Caretech,1166285,6
671_Caretech,1166360,59.67
671_Caretech,1166361,57.12
671_Caretech,1166362,49.02
671_Caretech,1166391,44.94
671_Caretech,1166499,86.33
671_Caretech,1166677,34.87
671_Caretech,1166746,43.2
671_Caretech,1166754,16.94
671_Caretech,1167626,63.64
671_Caretech,1167789,84.81
671_Caretech,1167818,70.5
671_Caretech,1167844,67.77
671_Caretech,1167857,104.3
671_Caretech,1167858,99.59
671_Caretech,1167913,15.54
671_Caretech,1167914,13.7
671_Caretech,1167916,16.52
671_Caretech,1167918,14.41
671_Caretech,1167999,62.12
671_Caretech,1168228,30.17
671_Caretech,1168282,62.12
671_Caretech,1168283,61.52
671_Caretech,1168284,67.08
671_Caretech,1168328,86.33
671_Caretech,1168394,56.37
671_Caretech,1168411,86.33
671_Caretech,1168847,25.55
671_Caretech,1169392,91.41
671_Caretech,1169627,19.8
671_Caretech,1169698,19.36
671_Caretech,1170147,18.36
671_Caretech,1170324,12.03
671_Caretech,1170325,29.03
671_Caretech,1170383,201.53
671_Caretech,1170534,27.4
671_Caretech,1170565,53.48
671_Caretech,1170565,53.48
671_Caretech,1170921,20.9
671_Caretech,1171004,28.37
671_Caretech,1172332,23.24
671_Caretech,1172430,19.42
671_Caretech,1172540,45.87
671_Caretech,1173016,21.26
671_Caretech,1173019,578.41
671_Caretech,1173059,72.34
671_Caretech,1173139,31.5
671_Caretech,1173648,24.16
671_Caretech,1173878,68.27
671_Caretech,1174416,40.87
671_Caretech,1174648,103.09
671_Caretech,1174772,33.24
671_Caretech,1174817,17.99
671_Caretech,1174817,17.99
671_Caretech,1174960,56.37
671_Caretech,1175079,262.11
671_Caretech,1175116,75.11
671_Caretech,1175331,801.33
671_Caretech,1175658,20.54
671_Caretech,1175730,26.65
671_Caretech,1175810,15.54
671_Caretech,1175976,26.95
671_Caretech,1176464,352.37
671_Caretech,1176715,59.87
671_Caretech,1176834,27.45
671_Caretech,1176967,86.83
671_Caretech,1177110,22.07
671_Caretech,1177337,64.9
671_Caretech,1177359,1437.22
671_Caretech,1177458,27.78
671_Caretech,1178709,272.32
671_Caretech,1178923,184.66
671_Caretech,1179358,37.58
671_Caretech,1179359,24.95
671_Caretech,1179434,351.36
671_Caretech,1179504,62.24
671_Caretech,1179506,87.67
671_Caretech,1179507,102.96
671_Caretech,1179680,33.16
671_Caretech,1179683,92.54
671_Caretech,1179759,61.2
671_Caretech,1180086,43.8
671_Caretech,1180925,88.16
671_Caretech,1181008,72.35
671_Caretech,1181959,32.97
671_Caretech,1181959,32.97
671_Caretech,1182005,10.6
671_Caretech,1182014,5779.05
671_Caretech,1182214,187.2
671_Caretech,1184647,16.83
671_Caretech,1184648,34.78
671_Caretech,1185209,0.01
671_Caretech,1185250,0.01
671_Caretech,1185319,687.09
671_Caretech,1185375,269.99
671_Caretech,1185416,53.61
671_Caretech,1185647,123.1
671_Caretech,1186067,65.11
671_Caretech,1186221,66.36
671_Caretech,1186221,66.36
671_Caretech,1186223,0.01
671_Caretech,1186243,50.74
671_Caretech,1187381,77.12
671_Caretech,1187817,26.74
671_Caretech,1187983,83.93
671_Caretech,1188169,14.99
671_Caretech,1188172,58.67
671_Caretech,1188175,35.48
671_Caretech,1189024,84.42
671_Caretech,1189025,133.23
671_Caretech,1189377,61.42
671_Caretech,1189424,28.19
671_Caretech,1189425,28.19
671_Caretech,1189427,37.64
671_Caretech,1190111,164.27
671_Caretech,1190678,0.01
671_Caretech,1191144,14.39
671_Caretech,1191144,14.39
671_Caretech,1191249,65.65
671_Caretech,1191249,65.65
671_Caretech,1191253,109.6
671_Caretech,1191324,355.78
671_Caretech,1191332,29.23
671_Caretech,1191348,84.38
671_Caretech,1192226,70.74
671_Caretech,1192246,21.22
671_Caretech,1194140,38.88
671_Caretech,1197124,18.34
671_Caretech,1197375,65.18
671_Caretech,1197478,0.01
671_Caretech,1197896,20.5
671_Caretech,1198401,25.51
671_Caretech,1198616,32.42
671_Caretech,1198822,148.79
671_Caretech,1198988,137.89
671_Caretech,1199021,33.2
671_Caretech,1199119,728.64
671_Caretech,1199245,83.93
671_Caretech,1199869,34.14
671_Caretech,1200088,42
671_Caretech,1200300,306.92
671_Caretech,1200342,23.37
671_Caretech,1200665,45.85
671_Caretech,1200730,72.66
671_Caretech,1200835,21.49
671_Caretech,1201345,46.92
671_Caretech,1201410,56.74
671_Caretech,1201434,21.15
671_Caretech,1201498,216.68
671_Caretech,1201659,139.06
671_Caretech,1201998,32.3
671_Caretech,1202755,92.54
671_Caretech,1202757,84.74
671_Caretech,1203184,682.13
671_Caretech,1203260,72.32
671_Caretech,1203427,30.6
671_Caretech,1203479,1307.29
671_Caretech,1203485,1396.99
671_Caretech,1203514,50.21
671_Caretech,1203515,48.25
671_Caretech,1203517,61.08
671_Caretech,1203521,47.08
671_Caretech,1203522,44.2
671_Caretech,1203523,47.08
671_Caretech,1203524,47.08
671_Caretech,1203692,44.21
671_Caretech,1203896,11.99
671_Caretech,1203896,11.99
671_Caretech,1203928,682.69
671_Caretech,1203929,730.41
671_Caretech,1203930,693.94
671_Caretech,1203931,1821.11
671_Caretech,1204394,19.3
671_Caretech,1205269,23.98
671_Caretech,1205269,23.98
671_Caretech,1205594,432.2
671_Caretech,1205741,42.71
671_Caretech,1205922,21.28
671_Caretech,1206805,139.91
671_Caretech,1207913,12.3
671_Caretech,1207914,25.11
671_Caretech,1208297,217.92
671_Caretech,1208357,32.62
671_Caretech,1208675,18.49
671_Caretech,1209197,13
671_Caretech,1210370,147.24
671_Caretech,1210373,259.1
671_Caretech,1211281,27.86
671_Caretech,1211868,61.52
671_Caretech,1212029,62.4
671_Caretech,1212328,28.49
671_Caretech,1212595,44.15
671_Caretech,1213305,38.74
671_Caretech,1213324,218.29
671_Caretech,1213650,136.16
671_Caretech,1213834,216.6
671_Caretech,1214864,45.38
671_Caretech,1214864,45.38
671_Caretech,1215225,26.13
671_Caretech,1215311,11.76
671_Caretech,1215313,55.17
671_Caretech,1215314,70.57
671_Caretech,1215315,30.85
671_Caretech,1215317,33.4
671_Caretech,1215321,81.33
671_Caretech,1215324,70.14
671_Caretech,1215328,32.17
671_Caretech,1215345,33.62
671_Caretech,1215348,207.58
671_Caretech,1215359,32.17
671_Caretech,1215373,32.17
671_Caretech,1215376,32.17
671_Caretech,1215432,476.59
671_Caretech,1215475,186.5
671_Caretech,1215475,186.5
671_Caretech,1215922,486.16
671_Caretech,1215923,309.13
671_Caretech,1215970,38.8
671_Caretech,1216261,233.86
671_Caretech,1216325,45.01
671_Caretech,1216371,37.12
671_Caretech,1216531,1106.47
671_Caretech,1216539,40
671_Caretech,1216609,25.38
671_Caretech,1216610,29.7
671_Caretech,1216612,24.17
671_Caretech,1216614,28.49
671_Caretech,1216617,28.84
671_Caretech,1216619,19.34
671_Caretech,1216827,74.34
671_Caretech,1217461,389.5
671_Caretech,1217583,16.39
671_Caretech,1217640,19.42
671_Caretech,1218300,60.68
671_Caretech,1218384,67.78
671_Caretech,1218438,33.75
671_Caretech,1218438,33.75
671_Caretech,1218606,93.74
671_Caretech,1219371,58.89
671_Caretech,1220629,44.29
671_Caretech,1220663,38.43
671_Caretech,1220663,38.43
671_Caretech,1220669,25.42
671_Caretech,1220669,25.42
671_Caretech,1220752,53.16
671_Caretech,1220844,76.68
671_Caretech,1220844,76.68
671_Caretech,1221823,31.43
671_Caretech,1221981,24.34
671_Caretech,1224245,57.9
671_Caretech,1225182,77.34
671_Caretech,1225183,52.12
671_Caretech,1225185,39.22
671_Caretech,1225187,47.54
671_Caretech,1225306,81.32
671_Caretech,1225307,65.63
671_Caretech,1225629,10.46
671_Caretech,1225748,94.44
671_Caretech,1225758,78.22
671_Caretech,1226837,89.89
671_Caretech,1227280,9.88
671_Caretech,1227281,14.72
671_Caretech,1227282,12.71
671_Caretech,1227297,17.67
671_Caretech,1227299,14.84
671_Caretech,1227301,17.37
671_Caretech,1227302,15.25
671_Caretech,1227303,16.39
671_Caretech,1227304,22.36
671_Caretech,1227305,25.95
671_Caretech,1227306,14.57
671_Caretech,1227307,28.25
671_Caretech,1227308,14.5
671_Caretech,1227309,31.16
671_Caretech,1227310,21.67
671_Caretech,1227316,31.91
671_Caretech,1227317,29.12
671_Caretech,1227318,23.38
671_Caretech,1227319,19.15
671_Caretech,1227320,20.36
671_Caretech,1227321,20.36
671_Caretech,1227322,21.26
671_Caretech,1227323,25.21
671_Caretech,1227324,20.2
671_Caretech,1227948,9.59
671_Caretech,1227948,9.59
671_Caretech,1228017,102.73
671_Caretech,1228020,75.97
671_Caretech,1228104,79.42
671_Caretech,1229187,29.41
671_Caretech,1229432,105.93
671_Caretech,1229432,105.93
671_Caretech,1229597,35.74
671_Caretech,1230068,35.97
671_Caretech,1230068,35.97
671_Caretech,1230230,9.59
671_Caretech,1230230,9.59
671_Caretech,1230286,64.27
671_Caretech,1230356,56.02
671_Caretech,1230370,32.65
671_Caretech,1230371,42.71
671_Caretech,1230373,27.15
671_Caretech,1230377,18.73
671_Caretech,1230383,31.43
671_Caretech,1230729,64.53
671_Caretech,1230979,102.42
671_Caretech,1232578,32.65
671_Caretech,1232692,15.71
671_Caretech,1233322,16.45
671_Caretech,1233366,18.34
671_Caretech,1233671,17.93
671_Caretech,1233956,15.71
671_Caretech,1234050,45.66
671_Caretech,1234251,23.48
671_Caretech,1234345,22.76
671_Caretech,1234346,37.46
671_Caretech,1234348,50.24
671_Caretech,1234349,12.33
671_Caretech,1234352,16.82
671_Caretech,1234353,11.77
671_Caretech,1234356,32.65
671_Caretech,1234357,23.3
671_Caretech,1234358,16.38
671_Caretech,1234361,23.3
671_Caretech,1234364,12.55
671_Caretech,1234365,31.33
671_Caretech,1234368,24.33
671_Caretech,1234370,18.56
671_Caretech,1234371,28.01
671_Caretech,1234372,37.29
671_Caretech,1234375,33.96
671_Caretech,1234376,26.61
671_Caretech,1234379,38.33
671_Caretech,1234381,35.89
671_Caretech,1234382,28.19
671_Caretech,1234386,29.41
671_Caretech,1234387,26.61
671_Caretech,1234391,22.58
671_Caretech,1234450,41.21
671_Caretech,1234777,24.51
671_Caretech,1235233,19.26
671_Caretech,1235287,47.96
671_Caretech,1235287,47.96
671_Caretech,1235542,17.39
671_Caretech,1235567,17.37
671_Caretech,1235788,155.39
671_Caretech,1236248,30.38
671_Caretech,1236405,95.42
671_Caretech,1236409,2444.1
671_Caretech,1236587,145.61
671_Caretech,1236799,0.01
671_Caretech,1236833,28.07
671_Caretech,1236838,20.31
671_Caretech,1236840,22.41
671_Caretech,1236842,18.56
671_Caretech,1236843,20.13
671_Caretech,1237277,89
671_Caretech,1237914,22.51
671_Caretech,1238606,70.74
671_Caretech,1238765,64.97
671_Caretech,1238767,74.25
671_Caretech,1238768,86.34
671_Caretech,1238771,96.9
671_Caretech,1238776,79.94
671_Caretech,1238778,76.33
671_Caretech,1238785,135.56
671_Caretech,1239083,16.61
671_Caretech,1239084,31.13
671_Caretech,1239085,23.15
671_Caretech,1239086,21.51
671_Caretech,1239087,23.32
671_Caretech,1239088,23.32
671_Caretech,1239089,26.85
671_Caretech,1239090,25.92
671_Caretech,1239091,25.92
671_Caretech,1239092,19.22
671_Caretech,1239093,16.13
671_Caretech,1239094,15.38
671_Caretech,1239095,15.99
671_Caretech,1239096,15.99
671_Caretech,1239097,19.95
671_Caretech,1239098,23
671_Caretech,1239099,14.16
671_Caretech,1239100,9.83
671_Caretech,1239101,14.17
671_Caretech,1239102,9.41
671_Caretech,1239103,18.67
671_Caretech,1239104,11.28
671_Caretech,1239105,18.67
671_Caretech,1239106,13.01
671_Caretech,1239107,26.02
671_Caretech,1239108,13.02
671_Caretech,1239109,11.73
671_Caretech,1239110,16.91
671_Caretech,1239111,9.99
671_Caretech,1239112,16.91
671_Caretech,1239113,14.04
671_Caretech,1239114,20.23
671_Caretech,1239115,11.85
671_Caretech,1239116,20.23
671_Caretech,1239117,22.84
671_Caretech,1239118,11.73
671_Caretech,1239119,22.25
671_Caretech,1239120,15.63
671_Caretech,1239121,16.91
671_Caretech,1239122,23.14
671_Caretech,1239123,16.04
671_Caretech,1239124,13.75
671_Caretech,1239125,18.79
671_Caretech,1239126,25.57
671_Caretech,1239127,19.65
671_Caretech,1239128,20.38
671_Caretech,1239129,10.12
671_Caretech,1239130,14.2
671_Caretech,1239131,28.21
671_Caretech,1239132,19.23
671_Caretech,1239133,14.9
671_Caretech,1239134,29.81
671_Caretech,1239135,20.23
671_Caretech,1239136,27.73
671_Caretech,1239137,19.23
671_Caretech,1239138,17.94
671_Caretech,1239139,24.9
671_Caretech,1239140,16.39
671_Caretech,1239141,17.79
671_Caretech,1239142,21.34
671_Caretech,1239143,31.23
671_Caretech,1239144,34.63
671_Caretech,1239145,17.79
671_Caretech,1239146,18.81
671_Caretech,1239147,9.59
671_Caretech,1239148,13.84
671_Caretech,1239149,18.24
671_Caretech,1239150,9.2
671_Caretech,1239151,18.24
671_Caretech,1239152,25.42
671_Caretech,1239153,12.71
671_Caretech,1239154,11.46
671_Caretech,1239155,16.52
671_Caretech,1239156,9.76
671_Caretech,1239157,16.52
671_Caretech,1239158,13.7
671_Caretech,1239159,19.8
671_Caretech,1239160,11.58
671_Caretech,1239161,19.8
671_Caretech,1239162,16.95
671_Caretech,1239163,22.31
671_Caretech,1239164,9.76
671_Caretech,1239165,21.75
671_Caretech,1239166,15.28
671_Caretech,1239167,16.52
671_Caretech,1239168,13.44
671_Caretech,1239169,18.36
671_Caretech,1239170,15.28
671_Caretech,1239171,19.21
671_Caretech,1239172,9.88
671_Caretech,1239173,13.85
671_Caretech,1239174,18.81
671_Caretech,1239175,14.57
671_Caretech,1239176,19.8
671_Caretech,1239239,30.56
671_Caretech,1239380,50
671_Caretech,1239382,65.37
671_Caretech,1239384,41.74
671_Caretech,1239386,57.35
671_Caretech,1239389,34.14
671_Caretech,1239393,33.2
671_Caretech,1239394,497.49
671_Caretech,1239395,42.86
671_Caretech,1239397,491.52
671_Caretech,1239398,55.43
671_Caretech,1239401,397.07
671_Caretech,1239402,24.39
671_Caretech,1239404,67.25
671_Caretech,1239407,44.95
671_Caretech,1239409,34.51
671_Caretech,1239411,63.64
671_Caretech,1239412,66.84
671_Caretech,1239414,100.37
671_Caretech,1239415,94.31
671_Caretech,1239416,65.78
671_Caretech,1239418,65.83
671_Caretech,1239420,90.02
671_Caretech,1239422,117.35
671_Caretech,1239424,49.64
671_Caretech,1239425,108.8
671_Caretech,1239427,33.86
671_Caretech,1239429,33.13
671_Caretech,1239431,78.2
671_Caretech,1239432,54.18
671_Caretech,1239434,59.72
671_Caretech,1239436,59.72
671_Caretech,1239443,88.63
671_Caretech,1239446,55.59
671_Caretech,1239448,78.19
671_Caretech,1239449,85.55
671_Caretech,1239450,54.79
671_Caretech,1239452,82.32
671_Caretech,1239453,23.66
671_Caretech,1239454,57.13
671_Caretech,1239455,52.53
671_Caretech,1239458,49.06
671_Caretech,1239459,46.83
671_Caretech,1239463,60.75
671_Caretech,1239465,71.87
671_Caretech,1239466,124.89
671_Caretech,1239467,107.41
671_Caretech,1239468,86.24
671_Caretech,1239470,54.93
671_Caretech,1239471,65.19
671_Caretech,1240439,39.67
671_Caretech,1240963,37.58
671_Caretech,1241468,20.07
671_Caretech,1241469,51.03
671_Caretech,1241470,13.25
671_Caretech,1241471,22.52
671_Caretech,1241473,20.13
671_Caretech,1242080,21.07
671_Caretech,1242426,71.28
671_Caretech,1242673,46.7
671_Caretech,1242789,20.22
671_Caretech,1242790,78.74
671_Caretech,1242792,90.04
671_Caretech,1242801,96.22
671_Caretech,1242809,39.1
671_Caretech,1242810,29.86
671_Caretech,1242811,45.69
671_Caretech,1242812,43.62
671_Caretech,1242829,72.07
671_Caretech,1242832,102.12
671_Caretech,1242834,29.95
671_Caretech,1242838,54.33
671_Caretech,1242841,107.38
671_Caretech,1242845,63.97
671_Caretech,1242848,118.49
671_Caretech,1242852,50.42
671_Caretech,1242855,40.62
671_Caretech,1242863,57.83
671_Caretech,1242867,111.53
671_Caretech,1242868,388.98
671_Caretech,1242886,56.33
671_Caretech,1242888,38.6
671_Caretech,1242891,54.89
671_Caretech,1242893,160.97
671_Caretech,1242902,46.56
671_Caretech,1242904,55.95
671_Caretech,1242906,48.7
671_Caretech,1242909,98.59
671_Caretech,1242911,56.38
671_Caretech,1242913,33.37
671_Caretech,1242914,42.37
671_Caretech,1242917,91.48
671_Caretech,1242919,60.35
671_Caretech,1242921,54.01
671_Caretech,1242923,85.49
671_Caretech,1242925,52.91
671_Caretech,1242926,106.91
671_Caretech,1242929,116.28
671_Caretech,1242931,179.33
671_Caretech,1242933,58.63
671_Caretech,1242934,134.89
671_Caretech,1242936,82.52
671_Caretech,1242937,42.12
671_Caretech,1242938,58.61
671_Caretech,1242939,54.87
671_Caretech,1242941,76.74
671_Caretech,1242942,54.35
671_Caretech,1242945,58.1
671_Caretech,1242947,84.73
671_Caretech,1242949,60.29
671_Caretech,1242951,74.81
671_Caretech,1242954,79.85
671_Caretech,1242959,64.9
671_Caretech,1242961,202.32
671_Caretech,1242962,269.32
671_Caretech,1242966,58.15
671_Caretech,1242969,68.59
671_Caretech,1242972,68.88
671_Caretech,1242973,51.57
671_Caretech,1242975,101.74
671_Caretech,1242976,103.44
671_Caretech,1242979,64.28
671_Caretech,1242982,109.9
671_Caretech,1242991,56.54
671_Caretech,1242993,129.13
671_Caretech,1243005,40.29
671_Caretech,1243230,46.7
671_Caretech,1243277,57.74
671_Caretech,1243309,68.88
671_Caretech,1243317,92.25
671_Caretech,1243352,757.62
671_Caretech,1243356,104.1
671_Caretech,1243357,120.99
671_Caretech,1243361,276.75
671_Caretech,1243409,68.04
671_Caretech,1243416,103.92
671_Caretech,1243419,89.77
671_Caretech,1243422,31.32
671_Caretech,1243444,987.54
671_Caretech,1243549,63.67
671_Caretech,1243570,85.28
671_Caretech,1243571,157.6
671_Caretech,1244557,53.12
671_Caretech,1245346,570.84
671_Caretech,1245456,28.19
671_Caretech,1245461,20.86
671_Caretech,1245638,25.72
671_Caretech,1245654,10.84
671_Caretech,1246632,518.04
671_Caretech,1246666,29.75
671_Caretech,1247062,76.4
671_Caretech,1247063,46.15
671_Caretech,1247064,38.02
671_Caretech,1247065,100.46
671_Caretech,1247115,36.13
671_Caretech,1247116,54.28
671_Caretech,1247117,55.47
671_Caretech,1247119,45.08
671_Caretech,1247120,28.55
671_Caretech,1247187,39.03
671_Caretech,1247332,38.7
671_Caretech,1247900,43.7
671_Caretech,1247998,35.31
671_Caretech,1248824,51.2
671_Caretech,1249580,73.8
671_Caretech,1249822,324.61
671_Caretech,1250497,43.44
671_Caretech,1250734,17.37
671_Caretech,1250776,59.1
671_Caretech,1250883,80.47
671_Caretech,1251265,242.8
671_Caretech,1251319,250.65
671_Caretech,1252099,198.72
671_Caretech,1252592,28.55
671_Caretech,1252932,73.46
671_Caretech,1253816,49.07
671_Caretech,1253854,92.36
671_Caretech,1254023,29.2
671_Caretech,1254023,29.2
671_Caretech,1254025,29.2
671_Caretech,1254025,29.2
671_Caretech,1254028,29.2
671_Caretech,1254028,29.2
671_Caretech,1254034,29.2
671_Caretech,1254034,29.2
671_Caretech,1254035,29.2
671_Caretech,1254035,29.2
671_Caretech,1254237,46.8
671_Caretech,1254238,97.85
671_Caretech,1254497,43.75
671_Caretech,1254520,17.99
671_Caretech,1254520,17.99
671_Caretech,1254688,34.66
671_Caretech,1255217,71.21
671_Caretech,1255237,100.02
671_Caretech,1255453,82.83
671_Caretech,1255648,46.08
671_Caretech,1255725,72.42
671_Caretech,1255785,26.09
671_Caretech,1255796,53.02
671_Caretech,1256425,127.89
671_Caretech,1256426,54.7
671_Caretech,1256755,79.52
671_Caretech,1256756,74.21
671_Caretech,1256988,26.58
671_Caretech,1256991,137.35
671_Caretech,1256995,98.38
671_Caretech,1256996,71.05
671_Caretech,1257003,230.84
671_Caretech,1257005,74.15
671_Caretech,1257012,258.56
671_Caretech,1257108,37.31
671_Caretech,1257437,55.68
671_Caretech,1257683,103.27
671_Caretech,1257854,0.01
671_Caretech,1257858,208.36
671_Caretech,1257861,75.35
671_Caretech,1257862,29.2
671_Caretech,1257862,29.2
671_Caretech,1257881,321.13
671_Caretech,1257884,107.05
671_Caretech,1257887,212.53
671_Caretech,1258125,0.01
671_Caretech,1258169,46.33
671_Caretech,1258324,28.13
671_Caretech,1258492,76.29
671_Caretech,1258581,71.35
671_Caretech,1258596,558.47
671_Caretech,1258605,325.54
671_Caretech,1258608,128.14
671_Caretech,1258620,180.2
671_Caretech,1258625,114.65
671_Caretech,1258939,400.78
671_Caretech,1259057,105.26
671_Caretech,1259061,123.22
671_Caretech,1259381,131.72
671_Caretech,1259433,24.34
671_Caretech,1259440,45.06
671_Caretech,1259442,53.03
671_Caretech,1259543,34.81
671_Caretech,1259764,325.76
671_Caretech,1259975,25.25
671_Caretech,1259996,70.07
671_Caretech,1260341,25.44
671_Caretech,1260344,59.31
671_Caretech,1260345,52.5
671_Caretech,1260436,169.02
671_Caretech,1260769,17
671_Caretech,1260770,27.24
671_Caretech,1261093,51.21
671_Caretech,1261271,70.5
671_Caretech,1261864,1013.47
671_Caretech,1261865,549.06
671_Caretech,1261870,549.06
671_Caretech,1262410,115.28
671_Caretech,1262420,36.4
671_Caretech,1262422,21.53
671_Caretech,1262424,34.75
671_Caretech,1262425,24.58
671_Caretech,1262700,26.14
671_Caretech,1262706,193.77
671_Caretech,1262831,257.59
671_Caretech,1262832,135.37
671_Caretech,1262878,35.97
671_Caretech,1262878,35.97
671_Caretech,1263114,76.96
671_Caretech,1263338,263.24
671_Caretech,1263342,249.88
671_Caretech,1263351,221.71
671_Caretech,1263491,80.54
671_Caretech,1263579,72.06
671_Caretech,1263579,72.06
671_Caretech,1263589,66.35
671_Caretech,1263654,217.31
671_Caretech,1263960,50.9
671_Caretech,1264371,57.97
671_Caretech,1264486,53.02
671_Caretech,1264698,215.33
671_Caretech,1264699,111.94
671_Caretech,1264882,55.68
671_Caretech,1265076,0.01
671_Caretech,1265089,44.42
671_Caretech,1265089,57.43
671_Caretech,1265904,70.5
671_Caretech,1266071,337.87
671_Caretech,1266074,337.87
671_Caretech,1266179,146
671_Caretech,1266180,128.13
671_Caretech,1266188,72.06
671_Caretech,1266188,72.06
671_Caretech,1266581,53.72
671_Caretech,1266912,511.58
671_Caretech,1266977,89.84
671_Caretech,1266979,88.56
671_Caretech,1267465,78.65
671_Caretech,1267504,91.11
671_Caretech,1268002,85.59
671_Caretech,1268512,214.34
671_Caretech,1268573,48.86
671_Caretech,1268573,48.86
671_Caretech,1268820,143.26
671_Caretech,1269128,505.52
671_Caretech,1269328,120
671_Caretech,1269352,22.29
671_Caretech,1269589,15.23
671_Caretech,1269590,24.29
671_Caretech,1269788,30.72
671_Caretech,1270129,57.42
671_Caretech,1270152,477.09
671_Caretech,1270549,71.72
671_Caretech,1270823,17.78
671_Caretech,1270996,43.53
671_Caretech,1271088,17.99
671_Caretech,1271088,17.99
671_Caretech,1271095,80.69
671_Caretech,1271095,80.69
671_Caretech,1271100,72.06
671_Caretech,1271100,72.06
671_Caretech,1271233,72.06
671_Caretech,1271233,72.06
671_Caretech,1271485,62.16
671_Caretech,1271560,73.98
671_Caretech,1271561,44.43
671_Caretech,1271981,20.91
671_Caretech,1272148,142.83
671_Caretech,1272237,15.11
671_Caretech,1272346,63.49
671_Caretech,1272424,5.4
671_Caretech,1272424,5.4
671_Caretech,1273106,45.8
671_Caretech,1273154,87
671_Caretech,1273278,164.66
671_Caretech,1273421,539.93
671_Caretech,1273422,503.53
671_Caretech,1273423,539.93
671_Caretech,1273504,528.99
671_Caretech,1273661,549.06
671_Caretech,1273662,549.06
671_Caretech,1273895,23.67
671_Caretech,1274090,51.7
671_Caretech,1274142,54.43
671_Caretech,1274143,54.43
671_Caretech,1274628,58.15
671_Caretech,1274804,27.52
671_Caretech,1274807,69.06
671_Caretech,1274807,69.06
671_Caretech,1274947,45.62
671_Caretech,1275546,50.85
671_Caretech,1275874,113.31
671_Caretech,1275875,25.11
671_Caretech,1275876,32.61
671_Caretech,1275877,31.46
671_Caretech,1276222,22.33
671_Caretech,1276268,20.6
671_Caretech,1276389,23.01
671_Caretech,1276788,37.52
671_Caretech,1276953,57.6
671_Caretech,1277496,81.29
671_Caretech,1278239,102.54
671_Caretech,1278240,164.67
671_Caretech,1278242,196.18
671_Caretech,1278424,136.67
671_Caretech,1278425,125.32
671_Caretech,1278448,157.2
671_Caretech,1278450,104.79
671_Caretech,1278826,31.39
671_Caretech,1278845,37.6
671_Caretech,1278847,42.77
671_Caretech,1278851,287.52
671_Caretech,1279600,100.57
671_Caretech,1279764,39.97
671_Caretech,1279795,16.26
671_Caretech,1280212,50.15
671_Caretech,1280662,34.23
671_Caretech,1281205,95.06
671_Caretech,1281579,22.48
671_Caretech,1282019,21.98
671_Caretech,1282407,37.23
671_Caretech,1282407,37.23
671_Caretech,1282408,37.23
671_Caretech,1282408,37.23
671_Caretech,1282410,37.23
671_Caretech,1282410,37.23
671_Caretech,1282412,37.23
671_Caretech,1282412,37.23
671_Caretech,1282413,31.23
671_Caretech,1282413,31.23
671_Caretech,1282414,31.23
671_Caretech,1282414,31.23
671_Caretech,1282418,31.23
671_Caretech,1282418,31.23
671_Caretech,1282419,52.1
671_Caretech,1282419,52.1
671_Caretech,1282420,31.23
671_Caretech,1282420,31.23
671_Caretech,1282421,52.1
671_Caretech,1282421,52.1
671_Caretech,1282422,52.1
671_Caretech,1282422,52.1
671_Caretech,1282425,52.1
671_Caretech,1282425,52.1
671_Caretech,1282435,81.41
671_Caretech,1282435,82.73
671_Caretech,1282436,35.97
671_Caretech,1282436,35.97
671_Caretech,1282437,87.47
671_Caretech,1282437,85.07
671_Caretech,1282769,23.3
671_Caretech,1282897,30.14
671_Caretech,1283261,52.01
671_Caretech,1283281,269.79
671_Caretech,1283283,95.75
671_Caretech,1283284,85.97
671_Caretech,1283528,117.84
671_Caretech,1284402,25.51
671_Caretech,1284807,48.84
671_Caretech,1284955,130.46
671_Caretech,1284956,24.62
671_Caretech,1285014,66.24
671_Caretech,1285121,459.43
671_Caretech,1285440,89.93
671_Caretech,1285440,89.93
671_Caretech,1285486,19.75
671_Caretech,1285584,39.79
671_Caretech,1285585,39.79
671_Caretech,1285587,41.83
671_Caretech,1285786,35.97
671_Caretech,1285786,35.97
671_Caretech,1285798,35.97
671_Caretech,1285798,35.97
671_Caretech,1286341,53.61
671_Caretech,1287515,102.87
671_Caretech,1287516,129.97
671_Caretech,1287543,110.26
671_Caretech,1288099,102.13
671_Caretech,1288109,24.56
671_Caretech,1288284,241.68
671_Caretech,1288499,0.01
671_Caretech,1288599,94.31
671_Caretech,1288683,15.32
671_Caretech,1288723,16.26
671_Caretech,1288820,124.67
671_Caretech,1289113,88.13
671_Caretech,1289114,61.56
671_Caretech,1289119,63.77
671_Caretech,1289219,489.62
671_Caretech,1289825,70.88
671_Caretech,1289826,70.88
671_Caretech,1290123,130.5
671_Caretech,1290424,143.77
671_Caretech,1290569,63.93
671_Caretech,1290954,0.01
671_Caretech,1291628,20.56
671_Caretech,1291756,48.33
671_Caretech,1291953,74.72
671_Caretech,1292259,68.39
671_Caretech,1292326,158.51
671_Caretech,1292579,53
671_Caretech,1293533,29.09
671_Caretech,1293581,46.69
671_Caretech,1294689,25.77
671_Caretech,1294694,24.04
671_Caretech,1294706,28.68
671_Caretech,1294711,86.98
671_Caretech,1294712,80.31
671_Caretech,1294713,81.66
671_Caretech,1294714,98.81
671_Caretech,1294715,88.88
671_Caretech,1294945,0.01
671_Caretech,1294961,66.96
671_Caretech,1295045,11.99
671_Caretech,1295045,11.99
671_Caretech,1295397,66.69
671_Caretech,1295446,35.6
671_Caretech,1295897,11.99
671_Caretech,1295897,11.99
671_Caretech,1295898,11.99
671_Caretech,1295898,11.99
671_Caretech,1296016,159.68
671_Caretech,1296017,154.2
671_Caretech,1296018,103.25
671_Caretech,1296019,108.49
671_Caretech,1296020,103.25
671_Caretech,1296021,103.25
671_Caretech,1296022,100.31
671_Caretech,1296023,133.33
671_Caretech,1296024,17.99
671_Caretech,1296024,17.99
671_Caretech,1296025,17.99
671_Caretech,1296025,17.99
671_Caretech,1296026,11.99
671_Caretech,1296026,11.99
671_Caretech,1296028,11.99
671_Caretech,1296028,11.99
671_Caretech,1296038,26.08
671_Caretech,1296218,20.17
671_Caretech,1296593,55.04
671_Caretech,1296960,14.51
671_Caretech,1296963,24.21
671_Caretech,1297552,11.99
671_Caretech,1297552,11.99
671_Caretech,1297553,35.97
671_Caretech,1297553,35.97
671_Caretech,1297555,35.97
671_Caretech,1297555,35.97
671_Caretech,1297558,35.97
671_Caretech,1297558,35.97
671_Caretech,1297614,162.43
671_Caretech,1298174,0.01
671_Caretech,1298516,45.56
671_Caretech,1298911,476.18
671_Caretech,1298914,47.61
671_Caretech,1298999,71.86
671_Caretech,1299000,206.64
671_Caretech,1299001,138.87
671_Caretech,1299003,36.94
671_Caretech,1299007,61.87
671_Caretech,1299008,129.65
671_Caretech,1299010,185.57
671_Caretech,1299012,45.23
671_Caretech,1299014,1081.01
671_Caretech,1299015,220.08
671_Caretech,1299022,31.94
671_Caretech,1299023,36.45
671_Caretech,1299026,56.42
671_Caretech,1299027,67.82
671_Caretech,1299028,45.29
671_Caretech,1299029,36.1
671_Caretech,1299032,54.76
671_Caretech,1299033,34.44
671_Caretech,1299034,47.96
671_Caretech,1299035,34.35
671_Caretech,1299043,37.09
671_Caretech,1299044,38.39
671_Caretech,1299045,32.7
671_Caretech,1299046,33.48
671_Caretech,1299048,60.44
671_Caretech,1299082,25.36
671_Caretech,1299083,19.4
671_Caretech,1299085,25.25
671_Caretech,1299086,1429.17
671_Caretech,1299099,1416.23
671_Caretech,1299100,1248.04
671_Caretech,1299214,46.1
671_Caretech,1299215,83.09
671_Caretech,1299216,221.68
671_Caretech,1299217,68.53
671_Caretech,1299218,218.95
671_Caretech,1299219,141.63
671_Caretech,1299220,141.51
671_Caretech,1299475,53.82
671_Caretech,1300336,0.01
671_Caretech,1300339,24.36
671_Caretech,1300340,0.01
671_Caretech,1300342,51.07
671_Caretech,1300895,563.64
671_Caretech,1301072,101.84
671_Caretech,1301484,14.99
671_Caretech,1301484,14.99
671_Caretech,1301524,14.99
671_Caretech,1302320,11.99
671_Caretech,1302320,11.99
671_Caretech,1302778,35.97
671_Caretech,1302778,35.97
671_Caretech,1302823,905.28
671_Caretech,1302825,1016.14
671_Caretech,1302845,75.3
671_Caretech,1302876,22.43
671_Caretech,1303126,63.67
671_Caretech,1303348,112.49
671_Caretech,1303497,35.48
671_Caretech,1303502,55.87
671_Caretech,1303504,14.99
671_Caretech,1303505,14.99
671_Caretech,1304054,285.74
671_Caretech,1304432,1029.24
671_Caretech,1304577,14.99
671_Caretech,1304578,60.43
671_Caretech,1304579,35.48
671_Caretech,1305724,42.54
671_Caretech,1305851,58.67
671_Caretech,1305957,28.84
671_Caretech,1306652,21.22
671_Caretech,1306704,39.81
671_Caretech,1307048,52.79
671_Caretech,1307236,51.28
671_Caretech,1307382,23.99
671_Caretech,1307395,11.99
671_Caretech,1307395,11.99
671_Caretech,1307429,380.73
671_Caretech,1307881,42.54
671_Caretech,1308047,132.01
671_Caretech,1308144,0.01
671_Caretech,1308147,0.01
671_Caretech,1308148,0.01
671_Caretech,1308379,323.14
671_Caretech,1308380,50.78
671_Caretech,1308535,21.69
671_Caretech,1308620,1813.71
671_Caretech,1309238,32.42
671_Caretech,1309566,137.89
671_Caretech,1309567,66.29
671_Caretech,1310321,38.54
671_Caretech,1310709,1725.92
671_Caretech,1311255,53.61
671_Caretech,1311336,28.36
671_Caretech,1311347,35.48
671_Caretech,1311584,38.8
671_Caretech,1312305,26.67
671_Caretech,1312328,1064.16
671_Caretech,1312329,1064.16
671_Caretech,1312488,28939.46
671_Caretech,1312553,112.79
671_Caretech,1312590,82.22
671_Caretech,1313003,50.67
671_Caretech,1313004,65.81
671_Caretech,1313165,266.18
671_Caretech,1313166,295.46
671_Caretech,1313167,308.56
671_Caretech,1313168,308.56
671_Caretech,1313169,308.56
671_Caretech,1313376,32.65
671_Caretech,1313585,0.01
671_Caretech,1313586,0.01
671_Caretech,1313696,137.89
671_Caretech,1313795,53.7
671_Caretech,1313968,322.58
671_Caretech,1314182,66.6
671_Caretech,1314224,33.73
671_Caretech,1314302,97.53
671_Caretech,1314356,1064.16
671_Caretech,1314523,137.89
671_Caretech,1314568,137.89
671_Caretech,1315200,32.73
671_Caretech,1315369,27.84
671_Caretech,1315400,211.19
671_Caretech,1315423,199.46
671_Caretech,1315471,14.39
671_Caretech,1315471,14.39
671_Caretech,1315516,41.88
671_Caretech,1315878,191.19
671_Caretech,1316323,44.32
671_Caretech,1316344,35.19
671_Caretech,1316652,77.94
671_Caretech,1316652,77.94
671_Caretech,1316653,113.91
671_Caretech,1316653,113.91
671_Caretech,1316654,47.96
671_Caretech,1316654,47.96
671_Caretech,1316655,56.47
671_Caretech,1316655,56.47
671_Caretech,1316656,64.27
671_Caretech,1316656,64.27
671_Caretech,1316657,51.86
671_Caretech,1316657,51.86
671_Caretech,1316720,23.3
671_Caretech,1317192,14.99
671_Caretech,1317768,806.63
671_Caretech,1317770,57.91
671_Caretech,1317839,540.87
671_Caretech,1318525,119.37
671_Caretech,1318640,44
671_Caretech,1318736,88.03
671_Caretech,1318831,0.01
671_Caretech,1318960,434.47
671_Caretech,1319818,821.22
671_Caretech,1320587,64.79
671_Caretech,1320670,111.57
671_Caretech,1320795,484.54
671_Caretech,1321077,32.31
671_Caretech,1321741,63.82
671_Caretech,1322517,861.18
671_Caretech,1323062,20.36
671_Caretech,1324389,211.19
671_Caretech,1325243,75.67
671_Caretech,1325381,73.73
671_Caretech,1325383,53.87
671_Caretech,1325385,59.47
671_Caretech,1325470,113.92
671_Caretech,1325522,38.88
671_Caretech,1325545,349.35
671_Caretech,1325980,84.81
671_Caretech,1326619,89.93
671_Caretech,1326619,89.93
671_Caretech,1326620,35.97
671_Caretech,1326620,35.97
671_Caretech,1326652,29.98
671_Caretech,1326652,29.98
671_Caretech,1326657,35.97
671_Caretech,1326657,35.97
671_Caretech,1326658,35.97
671_Caretech,1326658,35.97
671_Caretech,1326710,49.84
671_Caretech,1326739,512.56
671_Caretech,1327259,57.9
671_Caretech,1327260,0.01
671_Caretech,1327411,257.4
671_Caretech,1327505,199.46
671_Caretech,1327646,36.31
671_Caretech,1327892,28.13
671_Caretech,1328422,416.17
671_Caretech,1328715,14.99
671_Caretech,1328923,130.73
671_Caretech,1329037,142.11
671_Caretech,1329166,32.8
671_Caretech,1329250,30.27
671_Caretech,1329608,17.99
671_Caretech,1329608,17.99
671_Caretech,1329980,32.01
671_Caretech,1329984,30.17
671_Caretech,1330187,77.34
671_Caretech,1330264,43.63
671_Caretech,1330316,320.27
671_Caretech,1330319,0.01
671_Caretech,1330368,19.45
671_Caretech,1330369,28.58
671_Caretech,1330408,236.75
671_Caretech,1330610,50.89
671_Caretech,1330670,93.46
671_Caretech,1330741,353.71
671_Caretech,1330744,353.71
671_Caretech,1330746,357.24
671_Caretech,1330747,357.24
671_Caretech,1330836,64.69
671_Caretech,1330836,64.69
671_Caretech,1330842,299.75
671_Caretech,1330842,299.75
671_Caretech,1331072,14.39
671_Caretech,1331072,14.39
671_Caretech,1331090,77.99
671_Caretech,1332354,29.33
671_Caretech,1332452,44.8
671_Caretech,1332453,50.69
671_Caretech,1332459,41.91
671_Caretech,1332460,156.14
671_Caretech,1332865,30.65
671_Caretech,1333641,216.66
671_Caretech,1333904,214.72
671_Caretech,1333905,110.88
671_Caretech,1333964,139.08
671_Caretech,1333965,536.77
671_Caretech,1334187,63.99
671_Caretech,1334791,142.49
671_Caretech,1335412,0.01
671_Caretech,1335482,19.21
671_Caretech,1335618,259.24
671_Caretech,1335694,32.19
671_Caretech,1335721,823.22
671_Caretech,1336834,27.6
671_Caretech,1337102,52.56
671_Caretech,1337945,23.74
671_Caretech,1337946,22.95
671_Caretech,1338490,49.8
671_Caretech,1338753,74.24
671_Caretech,1338950,35.2
671_Caretech,1339097,151.81
671_Caretech,1339413,1861.72
671_Caretech,1340185,202.91
671_Caretech,1340511,75.36
671_Caretech,1340519,508.9
671_Caretech,1340795,45.63
671_Caretech,1341463,68.13
671_Caretech,1342074,129.85
671_Caretech,1342109,23.96
671_Caretech,1342110,143.16
671_Caretech,1342398,384.32
671_Caretech,1342595,157.6
671_Caretech,1342613,102.44
671_Caretech,1342614,174.89
671_Caretech,1342615,69.64
671_Caretech,1342661,248.16
671_Caretech,1342677,410.13
671_Caretech,1343275,28.27
671_Caretech,1343464,293.76
671_Caretech,1343464,293.76
671_Caretech,1344579,25.51
671_Caretech,1345189,0.01
671_Caretech,1345806,23.74
671_Caretech,1345914,40.92
671_Caretech,1346805,272.56
671_Caretech,1347627,46.02
671_Caretech,1347629,121.95
671_Caretech,1347630,37.3
671_Caretech,1347654,44.99
671_Caretech,1348343,138.82
671_Caretech,1348433,28.19
671_Caretech,1348480,11.77
671_Caretech,1348482,27.11
671_Caretech,1348483,40.27
671_Caretech,1348487,25.04
671_Caretech,1348489,28.19
671_Caretech,1348500,28.19
671_Caretech,1348501,23.1
671_Caretech,1348502,46.58
671_Caretech,1348504,29.52
671_Caretech,1348505,24.33
671_Caretech,1348506,24.33
671_Caretech,1348511,24.33
671_Caretech,1348512,43.64
671_Caretech,1348513,20.13
671_Caretech,1348514,26.08
671_Caretech,1348515,26.08
671_Caretech,1348516,25.04
671_Caretech,1348517,33.08
671_Caretech,1348518,33.08
671_Caretech,1348519,20.48
671_Caretech,1348521,29.35
671_Caretech,1348522,20.31
671_Caretech,1348523,66.72
671_Caretech,1348524,57.71
671_Caretech,1348526,25.2
671_Caretech,1348527,37.82
671_Caretech,1348528,16.45
671_Caretech,1348901,219.64
671_Caretech,1350315,531.88
671_Caretech,1350366,118.57
671_Caretech,1350826,39.53
671_Caretech,1350988,83.93
671_Caretech,1351807,83.93
671_Caretech,1351881,46.35
671_Caretech,1351889,41.2
671_Caretech,1352175,365.62
671_Caretech,1352462,83.93
671_Caretech,1352745,14.99
671_Caretech,1353096,521.57
671_Caretech,1353200,16.67
671_Caretech,1353618,101.57
671_Caretech,1353631,1292.94
671_Caretech,1353951,17.99
671_Caretech,1353951,17.99
671_Caretech,1354301,319.18
671_Caretech,1354381,95.15
671_Caretech,1354457,325.76
671_Caretech,1356022,25.51
671_Caretech,1356057,50.25
671_Caretech,1356461,69.9
671_Caretech,1356461,69.9
671_Caretech,1356503,97.9
671_Caretech,1356751,56.11
671_Caretech,1356831,67.3
671_Caretech,1357516,1236.16
671_Caretech,1357584,718.19
671_Caretech,1357585,50.62
671_Caretech,1357586,96.75
671_Caretech,1357587,96.75
671_Caretech,1357590,96.75
671_Caretech,1357670,119.74
671_Caretech,1358069,61.57
671_Caretech,1358264,81.57
671_Caretech,1358265,81.57
671_Caretech,1358303,1244.26
671_Caretech,1358304,96.75
671_Caretech,1358305,96.75
671_Caretech,1358306,96.75
671_Caretech,1358308,541.85
671_Caretech,1359130,36.47
671_Caretech,1359401,0.01
671_Caretech,1359476,57.41
671_Caretech,1359485,119.83
671_Caretech,1359775,49.89
671_Caretech,1359834,76.47
671_Caretech,1359873,81.15
671_Caretech,1361037,0.01
671_Caretech,1361487,47.76
671_Caretech,1361593,370.17
671_Caretech,1361870,36.39
671_Caretech,1362237,377.12
671_Caretech,1362558,61.57
671_Caretech,1363011,23.51
671_Caretech,1363315,28.68
671_Caretech,1363472,801.39
671_Caretech,1363819,106.87
671_Caretech,1363890,106.87
671_Caretech,1363922,718.19
671_Caretech,1363943,272.08
671_Caretech,1364220,60.43
671_Caretech,1364294,83.47
671_Caretech,1364408,30.99
671_Caretech,1364473,107.62
671_Caretech,1364592,169.63
671_Caretech,1364752,26.5
671_Caretech,1364804,81.96
671_Caretech,1365095,49.89
671_Caretech,1365936,54.19
671_Caretech,1366422,106.87
671_Caretech,1366423,26.69
671_Caretech,1366425,11.7
671_Caretech,1366607,25.51
671_Caretech,1366709,718.19
671_Caretech,1366740,96.75
671_Caretech,1366835,66.17
671_Caretech,1366925,13.43
671_Caretech,1366927,16.26
671_Caretech,1366928,21.19
671_Caretech,1366929,15.54
671_Caretech,1366940,22.9
671_Caretech,1367571,55.41
671_Caretech,1367751,12.71
671_Caretech,1367752,19.08
671_Caretech,1367753,11.17
671_Caretech,1367754,22.76
671_Caretech,1367755,19.08
671_Caretech,1367756,14.41
671_Caretech,1367757,21.75
671_Caretech,1367769,38.18
671_Caretech,1368139,23.88
671_Caretech,1368198,38.18
671_Caretech,1368199,40.57
671_Caretech,1368205,84.24
671_Caretech,1368230,66.17
671_Caretech,1368231,42.37
671_Caretech,1368232,55.41
671_Caretech,1368980,28.26
671_Caretech,1368981,33.07
671_Caretech,1368982,48.52
671_Caretech,1368983,119.68
671_Caretech,1368984,48.52
671_Caretech,1368985,119.68
671_Caretech,1368986,40.83
671_Caretech,1368990,14.84
671_Caretech,1369006,32.1
671_Caretech,1369007,26.77
671_Caretech,1369008,29.35
671_Caretech,1369485,52.42
671_Caretech,1369493,42.37
671_Caretech,1369763,202.65
671_Caretech,1370142,72.3
671_Caretech,1371184,39.38
671_Caretech,1371191,28.52
671_Caretech,1371342,32.25
671_Caretech,1371344,30.93
671_Caretech,1371827,33.07
671_Caretech,1372225,26.76
671_Caretech,1372359,61.57
671_Caretech,1372360,64.91
671_Caretech,1372413,91.9
671_Caretech,1372689,79.35
671_Caretech,1372726,39.38
671_Caretech,1372759,24.94
671_Caretech,1373056,90.84
671_Caretech,1373855,67.92
671_Caretech,1373856,81.57
671_Caretech,1373881,16.67
671_Caretech,1373996,135.18
671_Caretech,1374219,171.56
671_Caretech,1374255,84.46
671_Caretech,1374327,66.17
671_Caretech,1374942,222.67
671_Caretech,1375430,523.45
671_Caretech,1375495,1049.75
671_Caretech,1376124,93.81
671_Caretech,1376265,242.82
671_Caretech,1376267,171.97
671_Caretech,1376291,213.41
671_Caretech,1376321,110.77
671_Caretech,1376374,52.55
671_Caretech,1377141,26.85
671_Caretech,1377574,41.37
671_Caretech,1378159,51.04
671_Caretech,1378160,48.61
671_Caretech,1378161,58.99
671_Caretech,1378162,27.65
671_Caretech,1378163,48.8
671_Caretech,1378164,59.09
671_Caretech,1378167,31.05
671_Caretech,1378169,44.99
671_Caretech,1378172,8.85
671_Caretech,1378174,0.01
671_Caretech,1378176,0.01
671_Caretech,1378407,28.02
671_Caretech,1378524,16.95
671_Caretech,1378525,17.79
671_Caretech,1378527,42.84
671_Caretech,1378652,63.45
671_Caretech,1380190,98.2
671_Caretech,1382485,17
671_Caretech,1383411,18.66
671_Caretech,1384178,11.58
671_Caretech,1388139,29.23
671_Caretech,1388150,81.2
671_Caretech,1389731,23.61
671_Caretech,1390481,0.01
671_Caretech,1394865,55.87
671_Caretech,1394866,38.54
671_Caretech,1394867,0.01
671_Caretech,1394868,0.01
671_Caretech,1396905,58.67
671_Caretech,1396908,0.01
671_Caretech,1397064,0.01
671_Caretech,1397695,23.98
671_Caretech,1399124,83.93
671_Caretech,1399294,23.98
671_Caretech,1399429,83.93
671_Caretech,1399430,38.54
671_Caretech,1400427,9.2
671_Caretech,1401671,44.99
671_Caretech,1404154,18.8
671_Caretech,1404155,20.81
671_Caretech,1000146,16.69
671_Caretech,1000149,24
671_Caretech,1000150,22.66
671_Caretech,1000151,26.35
671_Caretech,1000152,31.39
671_Caretech,1000153,28.36
671_Caretech,1000154,29.56
671_Caretech,1000155,22.66
671_Caretech,1000156,21.68
671_Caretech,1000157,27.7
671_Caretech,1001326,48.21
671_Caretech,1001729,25
671_Caretech,1001730,33.07
671_Caretech,1001756,25
671_Caretech,1001786,32.73
671_Caretech,1001813,34.41
671_Caretech,1001814,28.96
671_Caretech,1001888,22.48
671_Caretech,1001889,28.33
671_Caretech,1001908,34.21
671_Caretech,1002012,21.08
671_Caretech,1002017,29.71
671_Caretech,1002019,29.56
671_Caretech,1002026,20.84
671_Caretech,1002027,23.39
671_Caretech,1002028,28.09
671_Caretech,1002030,22.34
671_Caretech,1002031,26.27
671_Caretech,1002499,15.71
671_Caretech,1002513,21.63
671_Caretech,1003172,38.27
671_Caretech,1003233,29.7
671_Caretech,1003277,37.43
671_Caretech,1003478,15.17
671_Caretech,1003502,16.86
671_Caretech,1003515,24.05
671_Caretech,1003564,22.27
671_Caretech,1003565,25.24
671_Caretech,1003566,27.82
671_Caretech,1005710,13.19
671_Caretech,1006063,53.27
671_Caretech,1006320,39.77
671_Caretech,1006467,48.13
671_Caretech,1006700,28.54
671_Caretech,1006713,47.29
671_Caretech,1007028,18.24
671_Caretech,1007352,19.17
671_Caretech,1007538,54.03
671_Caretech,1007735,52.14
671_Caretech,1008159,46.19
671_Caretech,1008372,7.18
671_Caretech,1008776,39.7
671_Caretech,1009958,48.13
671_Caretech,1009959,49.51
671_Caretech,1022786,50.51
671_Caretech,1022833,18.55
671_Caretech,1022939,47.42
671_Caretech,1023117,48.55
671_Caretech,1023179,53.97
671_Caretech,1023210,50.35
671_Caretech,1023211,62.94
671_Caretech,1023213,36.37
671_Caretech,1023247,34.51
671_Caretech,1023248,45.95
671_Caretech,1023249,49.55
671_Caretech,1023348,57.52
671_Caretech,1023354,49.52
671_Caretech,1023422,40.61
671_Caretech,1023431,39.69
671_Caretech,1023439,39.9
671_Caretech,1023451,42.05
671_Caretech,1023646,22.1
671_Caretech,1023674,20.5
671_Caretech,1023694,28.61
671_Caretech,1023872,38.28
671_Caretech,1023935,42.07
671_Caretech,1024044,24.44
671_Caretech,1024138,41.35
671_Caretech,1024213,49.57
671_Caretech,1024263,40.53
671_Caretech,1024269,27.51
671_Caretech,1024270,39.26
671_Caretech,1024373,50.23
671_Caretech,1024378,35.71
671_Caretech,1024412,58.19
671_Caretech,1024419,25.96
671_Caretech,1024424,27.31
671_Caretech,1024425,24.24
671_Caretech,1024440,45.93
671_Caretech,1024575,39.18
671_Caretech,1024579,32.83
671_Caretech,1024606,32.34
671_Caretech,1024808,42.94
671_Caretech,1024896,27.1
671_Caretech,1024935,12.83
671_Caretech,1024936,12.83
671_Caretech,1024938,19.24
671_Caretech,1024940,9.63
671_Caretech,1024967,106.09
671_Caretech,1025197,23.4
671_Caretech,1025235,23.58
671_Caretech,1025416,43.6
671_Caretech,1025683,21.14
671_Caretech,1025686,31.89
671_Caretech,1025733,36.05
671_Caretech,1025734,45.75
671_Caretech,1025746,37.01
671_Caretech,1025790,45.15
671_Caretech,1025798,19.76
671_Caretech,1025815,42.22
671_Caretech,1025945,53.8
671_Caretech,1025946,50.57
671_Caretech,1026166,9.63
671_Caretech,1026167,9.63
671_Caretech,1026168,8.98
671_Caretech,1026188,20.48
671_Caretech,1026190,32.44
671_Caretech,1026192,39.2
671_Caretech,1026249,8.98
671_Caretech,1026994,57.01
671_Caretech,1027780,36.14
671_Caretech,1027939,28.21
671_Caretech,1027963,48.27
671_Caretech,1028021,44.64
671_Caretech,1028106,58.66
671_Caretech,1028374,35.79
671_Caretech,1028897,36.86
671_Caretech,1041654,5.28
671_Caretech,1041655,7.23
671_Caretech,1041657,18.9
671_Caretech,1041658,15.35
671_Caretech,1041659,9.84
671_Caretech,1041665,23.56
671_Caretech,1041666,15.36
671_Caretech,1041667,11.22
671_Caretech,1041668,55.3
671_Caretech,1041669,18.69
671_Caretech,1043422,14.95
671_Caretech,1044150,33.38
671_Caretech,1044151,27.3
671_Caretech,1044152,28.87
671_Caretech,1044153,24.34
671_Caretech,1044154,26.08
671_Caretech,1045529,23.46
671_Caretech,1045939,26.15
671_Caretech,1046053,31.98
671_Caretech,1046752,38.58
671_Caretech,1050790,10.64
671_Caretech,1050791,10.64
671_Caretech,1050792,15.46
671_Caretech,1050793,15.46
671_Caretech,1050804,19.76
671_Caretech,1050805,18.48
671_Caretech,1050806,18.48
671_Caretech,1050807,11.46
671_Caretech,1050808,11.46
671_Caretech,1050809,13.93
671_Caretech,1050810,13.93
671_Caretech,1050811,18.31
671_Caretech,1050812,18.31
671_Caretech,1050813,18.31
671_Caretech,1050814,20.73
671_Caretech,1050826,27.97
671_Caretech,1050827,31.08
671_Caretech,1050828,31.08
671_Caretech,1050829,22.49
671_Caretech,1050830,22.45
671_Caretech,1050832,17.61
671_Caretech,1050833,17.61
671_Caretech,1050834,17.61
671_Caretech,1050835,32.8
671_Caretech,1050836,32.8
671_Caretech,1050837,23.99
671_Caretech,1050838,23.99
671_Caretech,1050839,23.99
671_Caretech,1050840,18.64
671_Caretech,1050841,18.64
671_Caretech,1050842,15.83
671_Caretech,1050843,15.83
671_Caretech,1050846,20.04
671_Caretech,1050848,15.62
671_Caretech,1050849,15.62
671_Caretech,1050850,15.62
671_Caretech,1050852,15.07
671_Caretech,1050853,15.07
671_Caretech,1050854,21.93
671_Caretech,1050855,17.17
671_Caretech,1050856,17.17
671_Caretech,1050857,17.17
671_Caretech,1050858,20.54
671_Caretech,1050859,25.38
671_Caretech,1050860,25.38
671_Caretech,1051606,24.66
671_Caretech,1051607,21.22
671_Caretech,1051731,35.07
671_Caretech,1051981,22.42
671_Caretech,1052124,31.09
671_Caretech,1052126,21.38
671_Caretech,1052127,24.44
671_Caretech,1052128,20.38
671_Caretech,1052207,26.61
671_Caretech,1052242,21.34
671_Caretech,1052334,32.47
671_Caretech,1052884,19.08
671_Caretech,1052932,17.67
671_Caretech,1052933,24.72
671_Caretech,1052934,24.18
671_Caretech,1052935,25.74
671_Caretech,1052936,18.81
671_Caretech,1052962,16.39
671_Caretech,1053052,18.08
671_Caretech,1053353,21.23
671_Caretech,1053941,25.11
671_Caretech,1053952,21.25
671_Caretech,1054007,21.91
671_Caretech,1054399,40.98
671_Caretech,1054532,23.88
671_Caretech,1054540,23.88
671_Caretech,1054740,33.54
671_Caretech,1054756,21.88
671_Caretech,1054757,35.01
671_Caretech,1054799,34.04
671_Caretech,1054815,32.64
671_Caretech,1054819,44.99
671_Caretech,1054821,22.07
671_Caretech,1054834,28.46
671_Caretech,1054886,21.88
671_Caretech,1054947,19.3
671_Caretech,1054948,22.45
671_Caretech,1054979,36.44
671_Caretech,1054985,21.88
671_Caretech,1054991,34.04
671_Caretech,1054995,39.3
671_Caretech,1055031,37.41
671_Caretech,1055035,31.47
671_Caretech,1055036,20.48
671_Caretech,1055048,36.5
671_Caretech,1055050,34.6
671_Caretech,1055226,26.15
671_Caretech,1055329,18.08
671_Caretech,1055335,21.87
671_Caretech,1055395,19.88
671_Caretech,1055449,28.9
671_Caretech,1055460,32.17
671_Caretech,1055462,40.17
671_Caretech,1055463,26.55
671_Caretech,1055501,27.68
671_Caretech,1055502,38.74
671_Caretech,1055508,41.61
671_Caretech,1055516,25.21
671_Caretech,1055517,30.14
671_Caretech,1055527,34.79
671_Caretech,1055542,36.71
671_Caretech,1055669,29.09
671_Caretech,1055681,20.98
671_Caretech,1055684,30.27
671_Caretech,1055687,36.23
671_Caretech,1055691,22.16
671_Caretech,1055713,13.62
671_Caretech,1055714,13.72
671_Caretech,1055716,19.84
671_Caretech,1055724,22.86
671_Caretech,1055725,26.09
671_Caretech,1055731,26.28
671_Caretech,1055732,20.24
671_Caretech,1055733,14.52
671_Caretech,1055734,15.06
671_Caretech,1055735,34.03
671_Caretech,1055736,25.49
671_Caretech,1055737,24.11
671_Caretech,1055738,25
671_Caretech,1055739,14.34
671_Caretech,1055740,17.17
671_Caretech,1055741,17.81
671_Caretech,1055742,24.36
671_Caretech,1055743,30.39
671_Caretech,1055745,22.95
671_Caretech,1055746,27.07
671_Caretech,1055748,31.77
671_Caretech,1055749,29.9
671_Caretech,1055750,25.36
671_Caretech,1055753,23.16
671_Caretech,1055754,26.28
671_Caretech,1055755,32.91
671_Caretech,1055756,34.41
671_Caretech,1055757,32.91
671_Caretech,1055758,20.51
671_Caretech,1055759,21.2
671_Caretech,1055760,24.21
671_Caretech,1055761,33.19
671_Caretech,1055762,28.96
671_Caretech,1055763,39.4
671_Caretech,1055764,48.48
671_Caretech,1055765,20.74
671_Caretech,1055766,20.35
671_Caretech,1055767,34.63
671_Caretech,1055768,35.91
671_Caretech,1055769,24.6
671_Caretech,1055770,25.51
671_Caretech,1055771,23.12
671_Caretech,1055772,27.07
671_Caretech,1055773,24.16
671_Caretech,1055774,32.77
671_Caretech,1055775,28.96
671_Caretech,1055776,17.41
671_Caretech,1055777,18.2
671_Caretech,1055778,33.4
671_Caretech,1055779,31.05
671_Caretech,1055782,19.69
671_Caretech,1055783,42.9
671_Caretech,1055800,42.85
671_Caretech,1056008,18.86
671_Caretech,1056011,13.7
671_Caretech,1056019,25.54
671_Caretech,1056207,24.34
671_Caretech,1056211,28.61
671_Caretech,1056220,31.98
671_Caretech,1056221,34.09
671_Caretech,1056222,27.55
671_Caretech,1056223,36.68
671_Caretech,1056224,36.68
671_Caretech,1056225,36.68
671_Caretech,1056226,28.02
671_Caretech,1056413,27.61
671_Caretech,1056434,18.33
671_Caretech,1056445,37.73
671_Caretech,1056448,34.65
671_Caretech,1056449,46.37
671_Caretech,1056450,31.49
671_Caretech,1056458,27.51
671_Caretech,1056459,22.33
671_Caretech,1056460,19.95
671_Caretech,1056461,24.29
671_Caretech,1056462,14.54
671_Caretech,1056463,17.18
671_Caretech,1056464,22.43
671_Caretech,1056465,27.39
671_Caretech,1056466,35.74
671_Caretech,1056467,19.95
671_Caretech,1056468,24.44
671_Caretech,1056469,28.93
671_Caretech,1056470,17.01
671_Caretech,1056471,20.72
671_Caretech,1056472,24.59
671_Caretech,1056473,32.03
671_Caretech,1056474,18.25
671_Caretech,1056475,22.27
671_Caretech,1056476,26.29
671_Caretech,1056477,34.5
671_Caretech,1056498,16.16
671_Caretech,1056499,23.16
671_Caretech,1056869,24.09
671_Caretech,1056887,23.8
671_Caretech,1056889,21.01
671_Caretech,1056909,13.84
671_Caretech,1056998,24.52
671_Caretech,1057016,38.57
671_Caretech,1057032,32.55
671_Caretech,1057034,29.29
671_Caretech,1057040,22.66
671_Caretech,1057041,25.68
671_Caretech,1057042,37.61
671_Caretech,1057043,29.38
671_Caretech,1057044,23.84
671_Caretech,1057045,30.72
671_Caretech,1057046,26.86
671_Caretech,1057047,39.78
671_Caretech,1057048,28.36
671_Caretech,1057049,30.72
671_Caretech,1057134,29.57
671_Caretech,1057142,23.93
671_Caretech,1057152,29.12
671_Caretech,1057181,21.08
671_Caretech,1057184,15.17
671_Caretech,1057195,29.12
671_Caretech,1057214,19.12
671_Caretech,1057226,25.68
671_Caretech,1057241,20.84
671_Caretech,1057290,27.83
671_Caretech,1057295,26.02
671_Caretech,1057332,27.88
671_Caretech,1057360,25.18
671_Caretech,1057487,17.66
671_Caretech,1057492,27.19
671_Caretech,1057495,31.56
671_Caretech,1057497,24
671_Caretech,1057508,29.04
671_Caretech,1057512,31.56
671_Caretech,1057514,31.56
671_Caretech,1057516,20.8
671_Caretech,1057521,33.07
671_Caretech,1057525,31.56
671_Caretech,1057527,27.52
671_Caretech,1057528,30.55
671_Caretech,1057531,29.38
671_Caretech,1057536,32.73
671_Caretech,1057537,22.48
671_Caretech,1057539,33.91
671_Caretech,1057545,22.01
671_Caretech,1057555,31.39
671_Caretech,1057577,23.68
671_Caretech,1057581,27.52
671_Caretech,1057584,29.38
671_Caretech,1057586,33.07
671_Caretech,1057587,31.56
671_Caretech,1057588,31.05
671_Caretech,1057590,31.39
671_Caretech,1057592,37.59
671_Caretech,1057613,29.38
671_Caretech,1057626,21.5
671_Caretech,1057665,15.71
671_Caretech,1057667,15.17
671_Caretech,1057671,20.5
671_Caretech,1057672,20.5
671_Caretech,1057677,20.84
671_Caretech,1057684,28.16
671_Caretech,1057685,28.16
671_Caretech,1057690,18.22
671_Caretech,1057694,21.41
671_Caretech,1057695,21.32
671_Caretech,1057700,27.77
671_Caretech,1057701,27.97
671_Caretech,1057708,33.78
671_Caretech,1057709,33.78
671_Caretech,1057715,24.42
671_Caretech,1057721,28.06
671_Caretech,1057729,33.12
671_Caretech,1057730,33.12
671_Caretech,1057737,20.38
671_Caretech,1057738,20.07
671_Caretech,1057743,21.68
671_Caretech,1057751,24.29
671_Caretech,1057755,27.97
671_Caretech,1057762,20.04
671_Caretech,1057780,27.39
671_Caretech,1057787,19.76
671_Caretech,1057797,23.02
671_Caretech,1057801,21.14
671_Caretech,1057809,24.66
671_Caretech,1057810,24.66
671_Caretech,1057817,30.09
671_Caretech,1057825,32.34
671_Caretech,1057831,28.96
671_Caretech,1057832,28.96
671_Caretech,1057840,18.55
671_Caretech,1057849,22.35
671_Caretech,1057854,25.95
671_Caretech,1057855,26.08
671_Caretech,1057858,29.24
671_Caretech,1057859,29.24
671_Caretech,1057864,31.53
671_Caretech,1057883,28.31
671_Caretech,1057891,24.36
671_Caretech,1057892,24.36
671_Caretech,1057899,19.14
671_Caretech,1057907,22.36
671_Caretech,1057916,25.63
671_Caretech,1057919,26.81
671_Caretech,1057923,34.99
671_Caretech,1058150,20.07
671_Caretech,1058210,18.34
671_Caretech,1058224,21.39
671_Caretech,1058231,27.19
671_Caretech,1058233,21.63
671_Caretech,1058309,19.5
671_Caretech,1058376,24.02
671_Caretech,1140478,70.11
671_Caretech,1141583,15.29
671_Caretech,1141584,18.91
671_Caretech,1141585,28.6
671_Caretech,1141587,27.06
671_Caretech,1142028,20.25
671_Caretech,1142029,28.6
671_Caretech,1142030,22.98
671_Caretech,1142532,19.72
671_Caretech,1142749,19.93
671_Caretech,1143877,36.44
671_Caretech,1143878,34.39
671_Caretech,1143880,49.49
671_Caretech,1144008,16.62
671_Caretech,1144009,30.03
671_Caretech,1144010,27.06
671_Caretech,1144011,19.72
671_Caretech,1144365,41.73
671_Caretech,1144453,11.46
671_Caretech,1144535,27.45
671_Caretech,1144538,20.31
671_Caretech,1144539,20.31
671_Caretech,1144541,28.25
671_Caretech,1144544,28.25
671_Caretech,1144665,21.76
671_Caretech,1144801,20.04
671_Caretech,1145026,21.76
671_Caretech,1145218,22.27
671_Caretech,1145245,32.8
671_Caretech,1145578,30.03
671_Caretech,1145754,21.17
671_Caretech,1145755,34.94
671_Caretech,1145823,64.15
671_Caretech,1145826,16.11
671_Caretech,1145879,27.25
671_Caretech,1145880,22.24
671_Caretech,1145881,30.06
671_Caretech,1145882,41.89
671_Caretech,1145883,40.96
671_Caretech,1145884,20.39
671_Caretech,1145885,19.48
671_Caretech,1145886,26.04
671_Caretech,1145887,31.67
671_Caretech,1145888,33.34
671_Caretech,1145889,44.61
671_Caretech,1145890,27.86
671_Caretech,1145891,37.15
671_Caretech,1145893,37.15
671_Caretech,1146173,27.97
671_Caretech,1146227,20.11
671_Caretech,1146228,18.58
671_Caretech,1146258,30.3
671_Caretech,1146527,22.1
671_Caretech,1146528,16.62
671_Caretech,1146530,21.04
671_Caretech,1146554,25.47
671_Caretech,1146814,24.69
671_Caretech,1146815,31.15
671_Caretech,1146894,25.91
671_Caretech,1146963,23.74
671_Caretech,1147045,22.1
671_Caretech,1147281,28.63
671_Caretech,1147463,38.84
671_Caretech,1147748,24.68
671_Caretech,1147749,23.15
671_Caretech,1147909,27.45
671_Caretech,1147977,50.56
671_Caretech,1148068,14.84
671_Caretech,1148274,34.87
671_Caretech,1148325,27.45
671_Caretech,1148662,33.21
671_Caretech,1148699,32.43
671_Caretech,1148837,21.93
671_Caretech,1148838,33.08
671_Caretech,1148931,34
671_Caretech,1149153,27.86
671_Caretech,1149155,48.88
671_Caretech,1149162,21.55
671_Caretech,1149163,31.95
671_Caretech,1149165,24.09
671_Caretech,1149166,16.19
671_Caretech,1149167,12.15
671_Caretech,1149259,22.31
671_Caretech,1149260,26.34
671_Caretech,1149817,15.29
671_Caretech,1150432,21.07
671_Caretech,1151881,15.26
671_Caretech,1152599,34.26
671_Caretech,1153208,21.07
671_Caretech,1153506,30.9
671_Caretech,1153567,25.18
671_Caretech,1153569,27.97
671_Caretech,1153576,41.94
671_Caretech,1153589,41.2
671_Caretech,1153591,31.98
671_Caretech,1153592,21.01
671_Caretech,1153593,11.93
671_Caretech,1153594,15.72
671_Caretech,1153596,30.39
671_Caretech,1153599,19.17
671_Caretech,1153601,26.64
671_Caretech,1153795,33.21
671_Caretech,1154002,26.21
671_Caretech,1154003,20.93
671_Caretech,1154243,28.16
671_Caretech,1154376,18.22
671_Caretech,1154500,24.34
671_Caretech,1154622,31.76
671_Caretech,1154829,32.8
671_Caretech,1155025,16.8
671_Caretech,1155288,34.79
671_Caretech,1155588,36.2
671_Caretech,1155916,22.71
671_Caretech,1155921,31.08
671_Caretech,1156519,24.51
671_Caretech,1156891,61.96
671_Caretech,1157652,36.44
671_Caretech,1159297,19.44
671_Caretech,1159629,27.7
671_Caretech,1159713,22.7
671_Caretech,1160786,25.48
671_Caretech,1161286,27.47
671_Caretech,1162040,21.99
671_Caretech,1162274,21.32
671_Caretech,1162586,43.96
671_Caretech,1162587,51.6
671_Caretech,1162588,38.4
671_Caretech,1162589,31.75
671_Caretech,1162592,68.31
671_Caretech,1162593,51.65
671_Caretech,1162594,72.36
671_Caretech,1162595,30.81
671_Caretech,1163326,45.6
671_Caretech,1164516,25.42
671_Caretech,1164693,43.76
671_Caretech,1164900,32.64
671_Caretech,1165285,29.77
671_Caretech,1165545,9.88
671_Caretech,1166511,23
671_Caretech,1166998,45.25
671_Caretech,1167031,31.98
671_Caretech,1167495,31.77
671_Caretech,1167496,16.29
671_Caretech,1167498,32.92
671_Caretech,1167499,22.63
671_Caretech,1167500,20.04
671_Caretech,1167502,21.93
671_Caretech,1167503,27.86
671_Caretech,1167504,25.13
671_Caretech,1167591,26.2
671_Caretech,1167854,42.74
671_Caretech,1168353,17.21
671_Caretech,1168356,21.98
671_Caretech,1168358,19.76
671_Caretech,1168450,33.2
671_Caretech,1171279,25
671_Caretech,1171923,35.3
671_Caretech,1172233,8.39
671_Caretech,1173226,42.98
671_Caretech,1175297,9.42
671_Caretech,1175525,9.88
671_Caretech,1176637,43.85
671_Caretech,1176737,40.66
671_Caretech,1177122,52.31
671_Caretech,1177124,33.12
671_Caretech,1177496,34.88
671_Caretech,1177590,41.56
671_Caretech,1177593,33.27
671_Caretech,1177778,28.25
671_Caretech,1180456,16.81
671_Caretech,1180617,19.44
671_Caretech,1181600,14.26
671_Caretech,1181634,10.68
671_Caretech,1181726,49.78
671_Caretech,1182094,38.87
671_Caretech,1182586,28.57
671_Caretech,1183860,45.47
671_Caretech,1184823,1.68
671_Caretech,1185465,42.53
671_Caretech,1185922,70.36
671_Caretech,1187751,29.46
671_Caretech,1187752,25.37
671_Caretech,1187903,79.73
671_Caretech,1188342,41.11
671_Caretech,1188344,30.66
671_Caretech,1189242,22.48
671_Caretech,1189246,27.24
671_Caretech,1189318,44.57
671_Caretech,1190466,42.55
671_Caretech,1194894,43.49
671_Caretech,1197275,25.9
671_Caretech,1197722,51.46
671_Caretech,1198215,46.65
671_Caretech,1198780,27.51
671_Caretech,1199064,30.47
671_Caretech,1199162,5.5
671_Caretech,1199247,73.32
671_Caretech,1199675,30.38
671_Caretech,1199700,19.93
671_Caretech,1201699,24.51
671_Caretech,1201700,16.8
671_Caretech,1201801,22.98
671_Caretech,1202007,26.31
671_Caretech,1203192,31.98
671_Caretech,1203282,13.19
671_Caretech,1204149,13.19
671_Caretech,1205967,20.18
671_Caretech,1205968,7.7
671_Caretech,1206520,6.55
671_Caretech,1208965,17.35
671_Caretech,1209026,20.36
671_Caretech,1209100,6.55
671_Caretech,1209170,30.01
671_Caretech,1210469,7.7
671_Caretech,1210881,25.04
671_Caretech,1210883,27.8
671_Caretech,1210884,27.8
671_Caretech,1210951,25.2
671_Caretech,1211585,16.67
671_Caretech,1211903,39.77
671_Caretech,1214840,28.76
671_Caretech,1216722,6
671_Caretech,1216824,7.89
671_Caretech,1217596,40.19
671_Caretech,1220871,62.86
671_Caretech,1221255,50.54
671_Caretech,1222153,32.37
671_Caretech,1223143,10.95
671_Caretech,1223545,40.36
671_Caretech,1223568,18.48
671_Caretech,1225660,25.38
671_Caretech,1226217,4.8
671_Caretech,1226984,38.34
671_Caretech,1229683,32.37
671_Caretech,1229929,25.54
671_Caretech,1231364,48.98
671_Caretech,1232173,22.54
671_Caretech,1232174,37.23
671_Caretech,1232175,30.9
671_Caretech,1233063,32.61
671_Caretech,1235772,36.94
671_Caretech,1238079,40.39
671_Caretech,1238846,22.98
671_Caretech,1240516,19.24
671_Caretech,1241489,34.5
671_Caretech,1241674,14.17
671_Caretech,1242143,32.59
671_Caretech,1242381,21.44
671_Caretech,1242669,1.86
671_Caretech,1243815,43.08
671_Caretech,1244956,18.64
671_Caretech,1245105,39.82
671_Caretech,1246155,43.33
671_Caretech,1246477,30.47
671_Caretech,1248123,25.36
671_Caretech,1248224,3.6
671_Caretech,1251343,53.7
671_Caretech,1251344,6.41
671_Caretech,1251366,30.27
671_Caretech,1254516,70
671_Caretech,1254933,56.58
671_Caretech,1254934,37.83
671_Caretech,1254940,33.13
671_Caretech,1254948,48.52
671_Caretech,1254951,38
671_Caretech,1254953,33.2
671_Caretech,1254957,90.46
671_Caretech,1254967,42.01
671_Caretech,1254968,48.43
671_Caretech,1254970,49.65
671_Caretech,1254974,36.09
671_Caretech,1254975,29.09
671_Caretech,1254977,36.15
671_Caretech,1254981,27.35
671_Caretech,1254992,35.68
671_Caretech,1255440,28.76
671_Caretech,1256158,35.61
671_Caretech,1256292,22.84
671_Caretech,1256568,10.43
671_Caretech,1256904,57.73
671_Caretech,1256907,57.73
671_Caretech,1257318,32.92
671_Caretech,1257319,19.14
671_Caretech,1257320,37.44
671_Caretech,1257321,23.13
671_Caretech,1258148,14.57
671_Caretech,1258414,1.2
671_Caretech,1259070,34.88
671_Caretech,1260270,34.08
671_Caretech,1260271,16.69
671_Caretech,1261081,408.86
671_Caretech,1261170,25.38
671_Caretech,1263869,24.94
671_Caretech,1264274,92.96
671_Caretech,1264275,57.73
671_Caretech,1264327,8.98
671_Caretech,1264332,44.59
671_Caretech,1264496,2.59
671_Caretech,1264498,78.5
671_Caretech,1266178,20.18
671_Caretech,1267422,35.25
671_Caretech,1268401,42.18
671_Caretech,1270216,7.18
671_Caretech,1270218,7.18
671_Caretech,1270219,7.18
671_Caretech,1270650,20.25
671_Caretech,1270687,64.15
671_Caretech,1271131,32.07
671_Caretech,1272313,30.47
671_Caretech,1272716,32.07
671_Caretech,1272717,32.07
671_Caretech,1272719,45.97
671_Caretech,1272720,48.42
671_Caretech,1272721,3.96
671_Caretech,1272722,3.96
671_Caretech,1272729,15.59
671_Caretech,1272730,7.77
671_Caretech,1272767,43.33
671_Caretech,1273837,32.07
671_Caretech,1277118,5.18
671_Caretech,1279770,26.44
671_Caretech,1283918,31.79
671_Caretech,1284426,16.04
671_Caretech,1284961,50.25
671_Caretech,1285050,20.84
671_Caretech,1285114,46.11
671_Caretech,1285115,46.98
671_Caretech,1285119,31.68
671_Caretech,1285666,27.97
671_Caretech,1286516,6
671_Caretech,1287358,39.77
671_Caretech,1288383,3.6
671_Caretech,1288788,64.15
671_Caretech,1288790,113.91
671_Caretech,1289600,17.63
671_Caretech,1290066,51.43
671_Caretech,1290962,14.29
671_Caretech,1291842,20.41
671_Caretech,1291846,143.88
671_Caretech,1292605,11.99
671_Caretech,1292689,6
671_Caretech,1293392,28.9
671_Caretech,1297609,43.08
671_Caretech,1299635,42.49
671_Caretech,1300245,44.67
671_Caretech,1300247,45.08
671_Caretech,1301189,38.07
671_Caretech,1301209,6
671_Caretech,1301400,32.07
671_Caretech,1301401,33.01
671_Caretech,1302244,40.67
671_Caretech,1302282,13.19
671_Caretech,1302385,41.97
671_Caretech,1302606,27.71
671_Caretech,1302724,6
671_Caretech,1302728,6
671_Caretech,1305414,44.67
671_Caretech,1305845,40.48
671_Caretech,1306360,32.95
671_Caretech,1306503,61.36
671_Caretech,1306506,46.57
671_Caretech,1306511,28
671_Caretech,1306740,36.37
671_Caretech,1306769,65.23
671_Caretech,1306774,59.72
671_Caretech,1308165,13.93
671_Caretech,1308167,14
671_Caretech,1311525,12.96
671_Caretech,1311627,46.62
671_Caretech,1311705,45.13
671_Caretech,1312070,8.98
671_Caretech,1313324,13.19
671_Caretech,1313390,51.03
671_Caretech,1313393,68
671_Caretech,1315406,22
671_Caretech,1315822,48.12
671_Caretech,1316137,13.19
671_Caretech,1320939,15.25
671_Caretech,1324639,61.34
671_Caretech,1325217,32.07
671_Caretech,1327615,21.04
671_Caretech,1328942,22.72
671_Caretech,1329713,19.24
671_Caretech,1329723,51.7
671_Caretech,1330318,51.83
671_Caretech,1331159,29.35
671_Caretech,1331708,19.24
671_Caretech,1332666,32.65
671_Caretech,1334188,19.93
671_Caretech,1334203,19.53
671_Caretech,1334206,26.74
671_Caretech,1334207,15.19
671_Caretech,1339371,44.46
671_Caretech,1342521,43.6
671_Caretech,1342651,24.04
671_Caretech,1342847,24.76
671_Caretech,1343426,25.55
671_Caretech,1343574,86.05
671_Caretech,1343590,47.1
671_Caretech,1344920,43.49
671_Caretech,1345844,56.83
671_Caretech,1346577,21.44
671_Caretech,1347137,43.66
671_Caretech,1349048,77.62
671_Caretech,1350013,23.97
671_Caretech,1352289,79.73
671_Caretech,1353854,36.94
671_Caretech,1353855,27.39
671_Caretech,1353858,25.63
671_Caretech,1355111,40.89
671_Caretech,1355311,34.02
671_Caretech,1355841,31.55
671_Caretech,1358486,28.36
671_Caretech,1358820,20.44
671_Caretech,1360138,2.57
671_Caretech,1360140,96.22
671_Caretech,1361897,143.88
671_Caretech,1363728,25.42
671_Caretech,1364072,20.89
671_Caretech,1365140,21.43
671_Caretech,1366219,167.86
671_Caretech,1366511,68.93
671_Caretech,1366755,25.62
671_Caretech,1367489,17.12
671_Caretech,1367537,17.24
671_Caretech,1367565,41.33
671_Caretech,1367605,39.59
671_Caretech,1367859,34.2
671_Caretech,1368341,51.11
671_Caretech,1369497,43.56
671_Caretech,1370093,29
671_Caretech,1370952,27.74
671_Caretech,1371093,58.97
671_Caretech,1371480,12.16
671_Caretech,1373512,16.85
671_Caretech,1373785,22.63
671_Caretech,1374256,32.07
671_Caretech,1375056,10.53
671_Caretech,1375350,6
671_Caretech,1375903,57.83
671_Caretech,1375984,6.8
671_Caretech,1376001,15.61
671_Caretech,1377380,7.77
671_Caretech,1377792,37.64
671_Caretech,1379557,3.6
671_Caretech,1379846,57.8
671_Caretech,1379939,82.52
671_Caretech,1380415,29.35
671_Caretech,1381363,74.34
671_Caretech,1382240,3.6
671_Caretech,1382370,22.05
671_Caretech,1383070,51.22
671_Caretech,1383335,35.25
671_Caretech,1383716,3.6
671_Caretech,1385059,35.05
671_Caretech,1387004,20.53
671_Caretech,1387181,2.59
671_Caretech,1387959,12.71
671_Caretech,1388032,40.39
671_Caretech,1388033,44.12
671_Caretech,1388034,50.85
671_Caretech,1388940,27.67
671_Caretech,1389185,39.32
671_Caretech,1393447,53.7
671_Caretech,1393451,14.88
671_Caretech,1394120,20.35
671_Caretech,1394712,46.7
671_Caretech,1394858,6
671_Caretech,1394958,46.65
671_Caretech,1396247,56.77
671_Caretech,1396248,36.88
671_Caretech,1396261,50.36
671_Caretech,1396898,55.31
671_Caretech,1397166,17.23
671_Caretech,1397332,3.72
671_Caretech,1397981,39.77
671_Caretech,1399873,40.89
671_Caretech,1403473,19.35
