Contract ID,SAP Code,Sell Price
7540824,1000010,71.36
7540824,1000013,42.98
7540824,1000144,20.78
7540824,1000162,35.13
7540824,1000166,40.91
7540824,1000167,49.98
7540824,1000168,47.26
7540824,1000169,27.95
7540824,1000179,3.98
7540824,1000181,15.45
7540824,1000183,7.8
7540824,1000185,36.31
7540824,1000186,33.2
7540824,1000187,24.05
7540824,1000188,7.45
7540824,1000189,23.73
7540824,1000191,5.27
7540824,1000192,11.96
7540824,1000193,16.9
7540824,1000202,10.53
7540824,1000204,4.12
7540824,1000205,6.47
7540824,1000206,20.78
7540824,1000210,6.62
7540824,1000211,106.94
7540824,1000215,20.58
7540824,1000216,48.57
7540824,1000218,70.04
7540824,1000221,43.29
7540824,1000222,398.04
7540824,1000223,549.45
7540824,1000227,142.03
7540824,1000414,92.58
7540824,1000415,85.56
7540824,1000419,46.24
7540824,1000420,39.55
7540824,1000423,34.33
7540824,1000424,34.91
7540824,1000425,49.43
7540824,1000427,56.12
7540824,1000428,58.45
7540824,1000432,49.7
7540824,1000433,78.41
7540824,1000436,47.97
7540824,1000437,45.7
7540824,1000439,59.45
7540824,1000440,70.19
7540824,1000441,60.35
7540824,1000443,52.2
7540824,1000445,70.03
7540824,1000446,45.18
7540824,1000447,50.49
7540824,1000464,51.37
7540824,1000465,31.46
7540824,1000466,60.06
7540824,1000467,47.25
7540824,1000468,77.67
7540824,1000470,33.76
7540824,1000472,84.8
7540824,1000473,37.43
7540824,1000474,54.45
7540824,1000475,66.82
7540824,1000477,68.25
7540824,1000486,47.23
7540824,1000487,52.15
7540824,1000489,50.79
7540824,1000490,27.59
7540824,1000491,34.04
7540824,1000497,1.16
7540824,1000511,48.48
7540824,1000527,31.17
7540824,1000530,73.51
7540824,1000532,57.9
7540824,1000535,46.08
7540824,1000536,57.18
7540824,1000537,33.21
7540824,1000538,38.32
7540824,1000539,28.81
7540824,1000540,29.66
7540824,1000541,31.32
7540824,1000542,33.71
7540824,1000544,34.86
7540824,1000545,40.69
7540824,1000547,34.44
7540824,1000548,47.67
7540824,1000549,38.43
7540824,1000550,67.42
7540824,1000551,67.66
7540824,1000555,72.05
7540824,1000557,32.76
7540824,1000565,49.81
7540824,1000566,250.02
7540824,1000568,26.66
7540824,1000570,133.58
7540824,1000573,28.23
7540824,1000578,150.38
7540824,1000584,8.26
7540824,1000585,72.78
7540824,1000592,189.74
7540824,1000594,141.22
7540824,1000599,82.58
7540824,1000600,7.07
7540824,1000601,92.02
7540824,1000602,109.73
7540824,1000603,44.03
7540824,1000606,22.85
7540824,1000607,215.71
7540824,1000619,13
7540824,1000723,13.59
7540824,1000799,69.45
7540824,1000800,78.11
7540824,1000864,40.85
7540824,1001216,77.37
7540824,1001327,61.87
7540824,1001329,38.43
7540824,1001330,66.42
7540824,1001331,75.82
7540824,1001332,46.67
7540824,1001338,61.96
7540824,1001344,61.35
7540824,1001345,6.13
7540824,1001348,63.28
7540824,1001349,57.57
7540824,1001396,72.85
7540824,1001409,42.13
7540824,1001430,46.32
7540824,1001436,10.07
7540824,1001438,39.2
7540824,1001439,40.92
7540824,1001450,40.28
7540824,1001465,64.45
7540824,1001477,43.99
7540824,1001619,35.13
7540824,1001670,64.24
7540824,1001672,33.87
7540824,1001675,13.03
7540824,1001676,4.09
7540824,1001677,4.75
7540824,1001680,7.7
7540824,1001681,8.04
7540824,1001736,4.8
7540824,1001740,26.37
7540824,1001745,59.9
7540824,1001746,24.83
7540824,1001771,30.04
7540824,1001781,8.9
7540824,1001806,83.09
7540824,1001808,120.43
7540824,1001846,10.53
7540824,1001854,5.44
7540824,1001856,20.24
7540824,1001868,63.56
7540824,1001877,291.13
7540824,1001878,168.49
7540824,1001932,48.94
7540824,1001934,62.17
7540824,1001964,44.54
7540824,1001985,97.06
7540824,1002002,40.61
7540824,1002008,52.79
7540824,1002010,41.45
7540824,1002011,27.86
7540824,1002014,36.2
7540824,1002020,41.45
7540824,1002021,48.96
7540824,1002022,38.65
7540824,1002039,9.68
7540824,1002042,14.13
7540824,1002048,11.92
7540824,1002059,111.03
7540824,1002075,5.24
7540824,1002079,11.07
7540824,1002100,31.63
7540824,1002104,30.72
7540824,1002480,85.42
7540824,1002484,76.18
7540824,1002500,42.45
7540824,1002501,27.06
7540824,1002503,66.94
7540824,1002504,87.96
7540824,1002505,32.77
7540824,1002506,29.97
7540824,1002509,30.96
7540824,1002511,12.14
7540824,1003040,55.26
7540824,1003041,51.28
7540824,1003055,4.29
7540824,1003063,26.17
7540824,1003064,14.04
7540824,1003083,47.45
7540824,1003095,35.67
7540824,1003100,68.55
7540824,1003102,37.94
7540824,1003126,50.14
7540824,1003137,47.45
7540824,1003147,20.42
7540824,1003189,15.34
7540824,1003204,57.13
7540824,1003205,50.14
7540824,1003225,6.91
7540824,1003227,44.75
7540824,1003229,57.86
7540824,1003240,10.53
7540824,1003267,22.57
7540824,1003272,24.41
7540824,1003357,30.37
7540824,1003382,250.02
7540824,1003384,46.11
7540824,1003391,7.84
7540824,1003396,11.23
7540824,1003454,44.49
7540824,1003477,30.86
7540824,1003483,41.45
7540824,1003518,18.29
7540824,1003520,40.61
7540824,1003976,56.43
7540824,1006498,59.25
7540824,1007123,77.01
7540824,1007428,34.78
7540824,1007764,40.87
7540824,1009161,70.5
7540824,1012677,68.66
7540824,1012678,51.38
7540824,1012679,79.55
7540824,1012780,54.84
7540824,1015494,3.14
7540824,1015508,9.35
7540824,1015578,11.67
7540824,1015809,26.54
7540824,1015812,32.18
7540824,1016261,11.95
7540824,1016488,37.84
7540824,1020709,68.63
7540824,1022569,62.39
7540824,1022714,81.49
7540824,1022785,73.5
7540824,1022909,65.17
7540824,1023011,92.5
7540824,1023015,57.01
7540824,1023023,101.86
7540824,1023055,100.07
7540824,1023077,25.58
7540824,1023310,59.78
7540824,1023350,57.18
7540824,1023404,58.12
7540824,1023507,66.27
7540824,1023508,61.75
7540824,1023698,31.16
7540824,1023753,39.55
7540824,1023773,27.87
7540824,1023833,27.33
7540824,1023896,55.76
7540824,1023906,30.51
7540824,1023914,55.91
7540824,1023915,44.49
7540824,1023924,42.56
7540824,1023972,29.84
7540824,1023976,19.16
7540824,1024012,20.08
7540824,1024014,24.65
7540824,1024018,17.88
7540824,1024027,20.08
7540824,1024038,17.07
7540824,1024068,85.54
7540824,1024278,59.28
7540824,1024280,44.04
7540824,1024294,35.03
7540824,1024302,47.34
7540824,1024360,79.51
7540824,1024362,62.02
7540824,1024369,41.02
7540824,1024372,274.33
7540824,1024444,55.8
7540824,1024452,305.35
7540824,1024464,67.14
7540824,1024546,81.71
7540824,1024739,12.04
7540824,1024879,71.26
7540824,1024880,60.04
7540824,1024956,60.16
7540824,1024991,45.26
7540824,1025113,70.9
7540824,1025119,49.66
7540824,1025123,53.97
7540824,1025128,52.09
7540824,1025131,81.72
7540824,1025276,40.67
7540824,1025298,38.78
7540824,1025299,62.97
7540824,1025315,45.95
7540824,1025330,1.16
7540824,1025360,56.9
7540824,1025624,21.12
7540824,1025628,36.4
7540824,1025652,0.58
7540824,1025653,0.58
7540824,1025661,0.58
7540824,1025680,17.36
7540824,1025713,55.26
7540824,1025741,1.16
7540824,1025755,38.07
7540824,1026001,60.53
7540824,1026002,48.82
7540824,1026062,49.68
7540824,1026063,70.76
7540824,1026078,49.43
7540824,1026099,13.72
7540824,1026102,13.72
7540824,1026121,48.12
7540824,1026144,53.38
7540824,1026181,30.28
7540824,1026239,50.63
7540824,1026248,11.92
7540824,1026252,1.16
7540824,1026255,17.94
7540824,1026545,34.99
7540824,1026976,41.4
7540824,1026988,19.91
7540824,1027063,77.44
7540824,1027117,21.91
7540824,1027348,7.81
7540824,1027353,17.36
7540824,1027701,61.23
7540824,1027718,46.39
7540824,1027732,49.47
7540824,1027738,42.31
7540824,1027754,38.89
7540824,1027768,42.49
7540824,1027772,81.14
7540824,1027783,34.24
7540824,1027798,77.19
7540824,1027810,108.01
7540824,1027839,52.55
7540824,1027864,44.16
7540824,1027865,56.6
7540824,1027869,59.32
7540824,1027987,87.22
7540824,1027991,112.28
7540824,1028014,49.43
7540824,1028026,64.53
7540824,1028033,59.3
7540824,1028034,24.26
7540824,1028061,60.91
7540824,1028085,2.32
7540824,1028086,2.58
7540824,1028087,2.65
7540824,1028089,30.97
7540824,1028095,27.78
7540824,1028165,31.25
7540824,1028166,34.99
7540824,1028174,31.81
7540824,1028214,81.26
7540824,1028268,69.33
7540824,1028372,106.49
7540824,1028379,45.26
7540824,1028396,36.54
7540824,1028397,42.41
7540824,1028417,52.55
7540824,1028472,64.03
7540824,1028475,28.89
7540824,1028476,2.41
7540824,1028495,46.65
7540824,1028496,35.82
7540824,1028500,76.97
7540824,1028599,113.55
7540824,1028613,112.6
7540824,1028669,50.52
7540824,1028688,44.16
7540824,1028697,60.03
7540824,1028705,55.31
7540824,1028712,67.69
7540824,1028721,52.67
7540824,1028736,27.9
7540824,1028755,52.72
7540824,1028759,92.66
7540824,1028799,3.26
7540824,1028822,90.63
7540824,1028831,73.57
7540824,1028833,3.26
7540824,1028885,79.18
7540824,1028925,65.14
7540824,1028960,49.25
7540824,1028961,3.47
7540824,1029026,103.09
7540824,1029487,88.76
7540824,1029512,115.38
7540824,1029553,132.02
7540824,1029562,187.73
7540824,1029652,113.46
7540824,1029653,165.81
7540824,1029880,14.06
7540824,1030048,24.2
7540824,1030137,24.2
7540824,1030151,24.2
7540824,1030270,24.2
7540824,1031598,49.16
7540824,1033558,43.49
7540824,1033564,54.26
7540824,1033565,53.36
7540824,1033581,139.35
7540824,1033636,142.95
7540824,1033637,79.42
7540824,1033638,97.61
7540824,1033911,27.15
7540824,1033932,71.85
7540824,1033933,71.85
7540824,1033934,71.85
7540824,1033971,19.04
7540824,1033992,57.69
7540824,1033993,14.92
7540824,1034002,21.3
7540824,1034024,26.19
7540824,1034040,77.09
7540824,1034046,72.61
7540824,1034050,33.51
7540824,1034055,26.03
7540824,1034058,70.26
7540824,1034073,21.52
7540824,1034076,18.47
7540824,1034084,28.46
7540824,1034089,56
7540824,1034104,70.29
7540824,1034105,56.65
7540824,1034115,42.43
7540824,1034116,73.94
7540824,1034120,76.58
7540824,1034145,62.2
7540824,1034155,91.07
7540824,1034212,83.19
7540824,1034310,52.24
7540824,1034408,87.77
7540824,1034479,71.85
7540824,1034480,71.85
7540824,1034495,113.82
7540824,1034513,108.63
7540824,1042753,8.15
7540824,1042821,30.55
7540824,1043636,24.57
7540824,1044658,40.85
7540824,1044792,27.97
7540824,1044835,30.18
7540824,1044930,81.12
7540824,1044932,32.64
7540824,1044984,37.63
7540824,1045757,27.28
7540824,1045765,55.85
7540824,1045781,68.17
7540824,1046478,28.83
7540824,1050917,30.04
7540824,1050997,36.53
7540824,1051016,29.39
7540824,1051018,31.83
7540824,1051020,31.83
7540824,1051024,31.47
7540824,1051033,24.55
7540824,1051037,35.22
7540824,1051048,44.17
7540824,1051055,37.94
7540824,1051058,29.09
7540824,1051064,64.33
7540824,1051073,58.08
7540824,1051074,24.32
7540824,1051101,44.73
7540824,1051103,30.99
7540824,1051105,59.98
7540824,1051109,29.85
7540824,1051119,38.12
7540824,1051126,68.36
7540824,1051139,46.1
7540824,1051157,51.45
7540824,1051165,55.05
7540824,1051174,66.17
7540824,1051222,36.77
7540824,1051297,44.49
7540824,1051300,40.94
7540824,1051301,35.7
7540824,1051303,39.83
7540824,1051304,62.76
7540824,1051310,74.99
7540824,1051312,49.77
7540824,1051344,63.92
7540824,1051368,52.23
7540824,1051418,30.41
7540824,1051459,39.53
7540824,1051596,47.71
7540824,1051763,55.05
7540824,1051764,72.58
7540824,1051814,35.38
7540824,1051820,31.6
7540824,1051834,52.08
7540824,1051886,48.28
7540824,1052011,51.14
7540824,1052085,45.58
7540824,1052464,42.19
7540824,1052465,42.19
7540824,1052467,30.99
7540824,1052468,51.45
7540824,1052469,34.56
7540824,1052880,73.64
7540824,1052910,59.98
7540824,1052916,65.76
7540824,1052950,35.95
7540824,1053013,63.64
7540824,1053036,62.32
7540824,1053076,25.89
7540824,1053178,37.24
7540824,1053233,52.08
7540824,1053252,69.81
7540824,1053299,65.79
7540824,1053459,28
7540824,1053464,75.53
7540824,1053471,36.81
7540824,1053481,51.14
7540824,1053490,28.79
7540824,1053502,35.38
7540824,1053506,51.14
7540824,1053508,25.7
7540824,1053512,36.53
7540824,1053515,36.53
7540824,1053521,19.65
7540824,1053528,24.55
7540824,1053533,52.55
7540824,1053538,31.83
7540824,1053547,35.38
7540824,1053550,53.97
7540824,1053552,29.39
7540824,1053568,29.09
7540824,1053582,26.4
7540824,1053594,31.6
7540824,1053602,31.6
7540824,1053605,52.08
7540824,1053613,87.72
7540824,1053616,64.33
7540824,1053619,64.33
7540824,1053621,71.36
7540824,1053622,71.36
7540824,1053688,58.66
7540824,1053693,25.11
7540824,1053698,29.22
7540824,1053714,30.04
7540824,1053720,25.11
7540824,1053730,46.05
7540824,1053731,46.05
7540824,1053738,32.94
7540824,1053750,40.29
7540824,1053773,26.92
7540824,1053780,40.29
7540824,1053794,32.94
7540824,1053841,80.18
7540824,1053848,35.95
7540824,1053857,56.16
7540824,1053863,29.96
7540824,1053866,35.95
7540824,1053868,44.17
7540824,1053869,44.17
7540824,1053896,36.29
7540824,1053899,51.14
7540824,1053955,44.67
7540824,1053972,34.22
7540824,1053992,63.23
7540824,1054048,112.47
7540824,1054049,96.62
7540824,1054067,29.99
7540824,1054071,38.49
7540824,1054132,50.14
7540824,1054134,46.05
7540824,1054135,30.04
7540824,1054136,39.09
7540824,1054137,53.7
7540824,1054184,85.54
7540824,1054185,98.19
7540824,1054254,30.2
7540824,1054311,137.27
7540824,1054350,40.04
7540824,1054362,51.14
7540824,1054537,79.2
7540824,1054561,59.83
7540824,1054646,97.29
7540824,1054656,44.11
7540824,1054747,68.12
7540824,1054811,76.07
7540824,1054823,101.42
7540824,1054833,87.8
7540824,1054839,72.78
7540824,1054854,95.15
7540824,1054859,71.31
7540824,1054862,50.86
7540824,1054866,43.83
7540824,1054868,59.29
7540824,1054869,73.34
7540824,1054874,34.67
7540824,1054876,34.57
7540824,1054882,68.12
7540824,1054884,68.12
7540824,1054894,68.12
7540824,1054901,56.3
7540824,1054902,55.03
7540824,1054903,97.29
7540824,1054909,97.29
7540824,1054916,57.92
7540824,1054919,84.13
7540824,1054921,87.53
7540824,1054931,73.34
7540824,1054932,73.34
7540824,1054958,97.29
7540824,1054967,57.92
7540824,1054978,68.12
7540824,1054980,45.98
7540824,1054999,52.03
7540824,1055000,55.03
7540824,1055008,52.39
7540824,1055024,34.67
7540824,1055135,72.2
7540824,1055161,47.06
7540824,1055190,28.8
7540824,1055241,37.67
7540824,1055268,36.53
7540824,1055607,58.37
7540824,1055707,50.14
7540824,1056041,52.42
7540824,1056124,19.23
7540824,1056175,34.57
7540824,1056185,52.77
7540824,1056423,31.62
7540824,1056480,48.23
7540824,1056484,51.28
7540824,1057146,39.61
7540824,1057204,31.9
7540824,1057220,64.9
7540824,1057249,38.65
7540824,1057256,41
7540824,1057270,34.01
7540824,1057276,54.18
7540824,1057302,45.83
7540824,1057313,55.64
7540824,1057324,41.45
7540824,1057327,38.05
7540824,1057329,44.75
7540824,1057331,48.28
7540824,1057339,48.96
7540824,1057341,55.26
7540824,1057343,58.67
7540824,1057347,45.54
7540824,1057359,47.45
7540824,1057361,45.54
7540824,1057370,50.33
7540824,1057432,38.65
7540824,1057474,40.2
7540824,1057482,48.5
7540824,1057483,41.45
7540824,1057484,35.27
7540824,1057486,36.2
7540824,1057491,48.37
7540824,1057494,57.86
7540824,1057501,48.5
7540824,1057503,31.9
7540824,1057504,64.9
7540824,1057507,31.9
7540824,1057509,52.69
7540824,1057511,42.69
7540824,1057513,52.23
7540824,1057515,40.35
7540824,1057519,58.67
7540824,1057520,38.05
7540824,1057529,33.09
7540824,1057535,50.88
7540824,1057538,40.35
7540824,1057541,52.79
7540824,1057543,42.79
7540824,1057546,34.49
7540824,1057551,62.69
7540824,1057554,45.83
7540824,1057557,55.64
7540824,1057558,54.18
7540824,1057570,50.33
7540824,1057583,39.31
7540824,1057664,26.17
7540824,1057815,52.55
7540824,1057833,54.18
7540824,1057861,55.26
7540824,1057879,52.55
7540824,1057893,45.54
7540824,1057896,48.28
7540824,1057909,38.46
7540824,1057913,54.75
7540824,1058056,47.86
7540824,1058513,113.62
7540824,1058824,196.17
7540824,1058825,196.17
7540824,1058917,27.21
7540824,1058957,199.18
7540824,1058958,72.62
7540824,1058960,42.99
7540824,1058961,133.83
7540824,1058969,28.94
7540824,1058973,20.52
7540824,1058975,39.44
7540824,1058985,46.81
7540824,1058991,163.28
7540824,1058996,62.46
7540824,1059003,511.16
7540824,1059004,300.74
7540824,1059035,135.37
7540824,1059047,430.28
7540824,1059129,31.55
7540824,1059131,57.24
7540824,1059134,126.27
7540824,1059145,136.09
7540824,1059155,112.02
7540824,1059159,18.67
7540824,1059162,28.08
7540824,1059163,28.08
7540824,1059183,41.46
7540824,1059195,5.5
7540824,1059237,138.16
7540824,1059238,34.54
7540824,1059264,82.17
7540824,1059299,128.95
7540824,1059310,118.19
7540824,1059320,87.44
7540824,1059395,147.03
7540824,1059425,159.14
7540824,1059455,200.94
7540824,1059471,144.91
7540824,1059478,153.6
7540824,1059512,84.03
7540824,1059515,7
7540824,1059516,7
7540824,1059521,8.26
7540824,1059530,56.38
7540824,1059730,403.48
7540824,1060109,105.29
7540824,1060116,449.64
7540824,1060123,36.09
7540824,1060127,39.68
7540824,1060128,64.17
7540824,1060140,29.52
7540824,1060151,16.04
7540824,1060154,29
7540824,1060156,35.05
7540824,1060157,36.09
7540824,1060162,37.46
7540824,1060170,150.15
7540824,1060181,37.54
7540824,1060210,7
7540824,1060227,115.98
7540824,1060234,5.59
7540824,1060236,118.07
7540824,1060247,8.84
7540824,1060252,36.88
7540824,1060257,22.1
7540824,1060264,100.07
7540824,1060277,85.98
7540824,1060291,126.27
7540824,1060306,144.36
7540824,1060341,144.36
7540824,1060373,7.54
7540824,1060406,386.8
7540824,1060442,377.54
7540824,1060444,149.83
7540824,1060521,84.03
7540824,1060681,38.15
7540824,1060686,46.6
7540824,1066564,52.13
7540824,1069414,28.24
7540824,1069656,33.38
7540824,1069675,51.9
7540824,1069678,37.51
7540824,1069688,35.25
7540824,1069708,57.99
7540824,1069727,12
7540824,1069737,49.03
7540824,1069748,53.62
7540824,1069755,16.63
7540824,1069782,17.98
7540824,1069793,31.3
7540824,1069803,9.84
7540824,1069810,79.8
7540824,1069821,9.9
7540824,1069855,30.28
7540824,1069856,5.05
7540824,1069857,48.22
7540824,1069865,24.34
7540824,1069873,19.28
7540824,1069874,25.85
7540824,1069906,53.44
7540824,1069907,84.39
7540824,1069913,10.21
7540824,1069931,26.06
7540824,1069932,10.89
7540824,1070005,16.1
7540824,1070025,24.9
7540824,1070031,6.15
7540824,1070039,8.45
7540824,1070053,7.6
7540824,1070055,6.97
7540824,1070056,13.76
7540824,1070058,35.72
7540824,1070069,51.32
7540824,1070072,27.44
7540824,1070079,64.14
7540824,1070149,47.6
7540824,1070151,43.11
7540824,1070163,98.71
7540824,1070170,33.97
7540824,1070172,43.51
7540824,1070175,70.09
7540824,1070186,20.24
7540824,1070206,131.58
7540824,1070320,35.7
7540824,1070338,14.11
7540824,1070354,83.8
7540824,1070374,21.27
7540824,1070418,26.62
7540824,1070469,47.83
7540824,1070479,91.33
7540824,1070539,25.8
7540824,1071090,55.24
7540824,1071119,95.42
7540824,1071120,7.95
7540824,1071134,11.29
7540824,1071138,67.71
7540824,1072011,222.84
7540824,1072148,8.02
7540824,1072181,14.77
7540824,1072212,12.48
7540824,1072249,14.13
7540824,1072265,84.8
7540824,1072444,14.77
7540824,1072529,9.57
7540824,1072530,57.44
7540824,1072553,8.01
7540824,1072557,8.01
7540824,1072559,9.05
7540824,1072561,9.05
7540824,1072563,9.05
7540824,1072576,8.01
7540824,1072580,8.01
7540824,1072582,9.16
7540824,1072583,54.93
7540824,1072584,9.16
7540824,1072585,9.05
7540824,1072595,6.46
7540824,1072622,5.98
7540824,1072667,5.68
7540824,1072669,7.45
7540824,1072719,5.61
7540824,1072738,4.88
7540824,1072741,74.03
7540824,1072742,6.17
7540824,1072750,6.95
7540824,1072857,77.51
7540824,1072890,6.52
7540824,1072941,7.85
7540824,1072944,47.09
7540824,1072960,6.56
7540824,1072963,39.66
7540824,1072965,6.61
7540824,1072990,17.22
7540824,1072997,249.33
7540824,1073115,8.37
7540824,1073123,47.64
7540824,1073160,5.45
7540824,1073388,7.38
7540824,1073457,39.38
7540824,1073458,6.18
7540824,1073523,10.97
7540824,1073571,13.54
7540824,1073579,22.81
7540824,1073583,21.87
7540824,1073673,7.71
7540824,1073695,7.71
7540824,1073696,46.25
7540824,1073701,62.85
7540824,1073702,10.48
7540824,1073704,10.48
7540824,1073705,62.85
7540824,1073707,10.48
7540824,1073710,76.05
7540824,1073711,10.48
7540824,1073713,12.67
7540824,1073715,76.05
7540824,1073716,12.67
7540824,1073718,14.01
7540824,1073719,64.31
7540824,1073721,13.03
7540824,1073799,5.36
7540824,1073820,11.97
7540824,1073822,3.37
7540824,1073825,5.36
7540824,1073826,4.11
7540824,1073838,4.24
7540824,1073841,5.29
7540824,1073859,6.49
7540824,1073866,8.1
7540824,1073867,9.19
7540824,1073868,9.19
7540824,1073871,43.06
7540824,1073872,7.18
7540824,1073874,64.31
7540824,1073875,7.18
7540824,1073878,37.09
7540824,1073885,4.49
7540824,1073886,53.89
7540824,1073944,33.2
7540824,1074369,15.77
7540824,1074474,273.77
7540824,1074476,143.07
7540824,1074477,223.35
7540824,1074478,18.61
7540824,1074480,14.19
7540824,1074488,11.92
7540824,1074761,75.06
7540824,1074766,90.55
7540824,1074966,27.36
7540824,1075005,161.12
7540824,1075009,53.71
7540824,1075070,13.9
7540824,1075115,106.54
7540824,1075144,8.88
7540824,1075149,11.22
7540824,1075153,15.81
7540824,1075166,109.73
7540824,1075168,7.93
7540824,1075201,186.13
7540824,1075233,9.14
7540824,1075234,11.2
7540824,1075235,134.46
7540824,1075236,78.34
7540824,1075274,19.55
7540824,1075275,13.14
7540824,1075277,13.06
7540824,1075281,7.34
7540824,1075289,9.69
7540824,1075291,7.18
7540824,1075301,5.63
7540824,1075312,14.24
7540824,1075313,43.06
7540824,1075335,19.52
7540824,1075337,22.14
7540824,1075342,132.86
7540824,1075343,177.65
7540824,1075349,29.61
7540824,1075366,4.85
7540824,1075368,2.77
7540824,1075556,58.2
7540824,1075596,13.18
7540824,1075715,55.28
7540824,1075855,177.44
7540824,1075899,31.53
7540824,1075920,58.13
7540824,1075922,189.18
7540824,1075923,7.07
7540824,1075931,29.57
7540824,1076139,42.61
7540824,1076186,18.68
7540824,1076206,9.34
7540824,1076211,143.48
7540824,1076219,56.05
7540824,1076238,96.54
7540824,1076265,51.74
7540824,1076290,9.76
7540824,1076386,8.23
7540824,1076388,7.5
7540824,1076389,157.17
7540824,1076390,26.19
7540824,1076402,7.22
7540824,1076710,51.18
7540824,1076857,39.73
7540824,1077257,47.78
7540824,1077258,62.92
7540824,1077260,57.64
7540824,1077331,52.43
7540824,1077337,6.95
7540824,1077339,8.74
7540824,1077351,19.09
7540824,1077354,114.52
7540824,1077363,66.39
7540824,1077697,4.62
7540824,1077886,39.69
7540824,1078158,62.16
7540824,1078159,10.36
7540824,1078189,1.84
7540824,1078277,1.76
7540824,1078293,42.23
7540824,1078310,38.82
7540824,1078315,10.07
7540824,1078365,2.53
7540824,1078462,60.42
7540824,1078517,22.09
7540824,1078588,16.33
7540824,1078599,21.85
7540824,1078600,6.73
7540824,1078608,16.66
7540824,1078646,2.53
7540824,1079315,810.25
7540824,1079560,31.23
7540824,1079595,500.63
7540824,1079680,185.57
7540824,1079751,123.48
7540824,1079828,14.54
7540824,1079878,1083.11
7540824,1079960,56.16
7540824,1079965,65.31
7540824,1080070,18.05
7540824,1080078,67.69
7540824,1080193,114.11
7540824,1080194,19.02
7540824,1080195,73.62
7540824,1080196,12.27
7540824,1080200,6.99
7540824,1080292,347.25
7540824,1080502,35.11
7540824,1080506,20.58
7540824,1080508,287.58
7540824,1080617,123.48
7540824,1080678,237.6
7540824,1080679,267.67
7540824,1080680,923.94
7540824,1080700,146.7
7540824,1080712,49.95
7540824,1080729,986.53
7540824,1080762,49.95
7540824,1080774,471.33
7540824,1080779,515.26
7540824,1080813,183.64
7540824,1080819,142.23
7540824,1080835,383.62
7540824,1080836,154.41
7540824,1081097,589.6
7540824,1081690,9.01
7540824,1081692,14.05
7540824,1081703,17.19
7540824,1081704,171.89
7540824,1081751,15.22
7540824,1081755,27.55
7540824,1081772,15.05
7540824,1081775,668.46
7540824,1081789,717.65
7540824,1081806,6.61
7540824,1082026,459.15
7540824,1082028,296.52
7540824,1082076,231.73
7540824,1082104,32.91
7540824,1082135,147.47
7540824,1082141,144.69
7540824,1082145,31.43
7540824,1082149,346.14
7540824,1082174,511.43
7540824,1082206,10.87
7540824,1082334,52.02
7540824,1082374,11.68
7540824,1082386,177.65
7540824,1082469,27.49
7540824,1082470,27.49
7540824,1082471,4.1
7540824,1082489,2.25
7540824,1082496,234.9
7540824,1082497,256.47
7540824,1082500,792.93
7540824,1082503,1610.99
7540824,1082504,533.86
7540824,1082508,194.8
7540824,1082511,508.02
7540824,1082516,123.93
7540824,1082518,593.83
7540824,1082520,1586.86
7540824,1082544,56.43
7540824,1082597,637.38
7540824,1082661,604.71
7540824,1082704,62.25
7540824,1082718,50.04
7540824,1082747,602.74
7540824,1082748,110.73
7540824,1082762,156.22
7540824,1082771,538.24
7540824,1082778,141.64
7540824,1082782,154.41
7540824,1082783,168.2
7540824,1082787,70.67
7540824,1082791,378.27
7540824,1082795,9.48
7540824,1082937,81.8
7540824,1082938,10.53
7540824,1082940,26.28
7540824,1082941,30.93
7540824,1082967,157.65
7540824,1082987,46.3
7540824,1082988,8.02
7540824,1082990,96.26
7540824,1083000,16.21
7540824,1083028,35.06
7540824,1083050,990.87
7540824,1083060,56.88
7540824,1083094,29.49
7540824,1083096,205.69
7540824,1083141,19.38
7540824,1083165,27.46
7540824,1083183,28.23
7540824,1083189,48.04
7540824,1083203,48.56
7540824,1083346,503.58
7540824,1083388,12.11
7540824,1083390,72.64
7540824,1083392,11.63
7540824,1083394,69.8
7540824,1083395,476.66
7540824,1083422,483.6
7540824,1083469,57.22
7540824,1083665,36.26
7540824,1084300,48.43
7540824,1085453,49.8
7540824,1085468,36.39
7540824,1085573,36.39
7540824,1085581,40.42
7540824,1085585,40.42
7540824,1085799,69.73
7540824,1085867,60.56
7540824,1087189,48.48
7540824,1087745,39.38
7540824,1088841,94.12
7540824,1090276,48.82
7540824,1091160,32.98
7540824,1091188,51.35
7540824,1091236,250.02
7540824,1091238,50.1
7540824,1091246,0.01
7540824,1091277,38.14
7540824,1091362,15.34
7540824,1091403,69.45
7540824,1091407,51.17
7540824,1091440,39.34
7540824,1091490,49.21
7540824,1091522,250.02
7540824,1091552,34.42
7540824,1091604,36.31
7540824,1091613,28.29
7540824,1091624,41.74
7540824,1091662,32.41
7540824,1091784,69.45
7540824,1091871,37.09
7540824,1091992,40.13
7540824,1091993,38.71
7540824,1092019,47.53
7540824,1092037,50.14
7540824,1092087,29.66
7540824,1092117,41.36
7540824,1092152,56.07
7540824,1092251,24.38
7540824,1092274,50.7
7540824,1092392,133.58
7540824,1092437,92.6
7540824,1092485,41.43
7540824,1092489,36.06
7540824,1092494,30.26
7540824,1092700,92.6
7540824,1092707,30.62
7540824,1092739,41.23
7540824,1092740,36.55
7540824,1092755,33.8
7540824,1092759,38.53
7540824,1092901,53.25
7540824,1093209,70.75
7540824,1093210,90.05
7540824,1093227,34.56
7540824,1093246,46.62
7540824,1093258,26.68
7540824,1093292,18.8
7540824,1093385,60.69
7540824,1093425,54.58
7540824,1093552,40.98
7540824,1093601,46.32
7540824,1093613,54.52
7540824,1093639,29.71
7540824,1093640,44.55
7540824,1093641,53.73
7540824,1093645,39.89
7540824,1093648,37.76
7540824,1093654,105.45
7540824,1093658,56.14
7540824,1093659,76.02
7540824,1095862,142.5
7540824,1095870,133.03
7540824,1095945,6.05
7540824,1096274,6.05
7540824,1096615,54.38
7540824,1096616,60.38
7540824,1096622,52.09
7540824,1096652,34.17
7540824,1096821,39.02
7540824,1097493,29.99
7540824,1097707,8.04
7540824,1097804,6
7540824,1097899,12.17
7540824,1099680,10.86
7540824,1101543,65.14
7540824,1101783,5.85
7540824,1101815,5.85
7540824,1102178,97.84
7540824,1114871,15.89
7540824,1115097,2.16
7540824,1115113,4.87
7540824,1115217,99.45
7540824,1115309,43.06
7540824,1115322,93.26
7540824,1115364,13.82
7540824,1115382,11.18
7540824,1115383,6.68
7540824,1115608,8.11
7540824,1115613,5.6
7540824,1115621,12.1
7540824,1115703,36.92
7540824,1115712,57.41
7540824,1115713,15.57
7540824,1115732,26.28
7540824,1115756,13.3
7540824,1115761,240.74
7540824,1115798,27.9
7540824,1115802,8.89
7540824,1115803,387.08
7540824,1115807,15.41
7540824,1115893,108.06
7540824,1115894,108.04
7540824,1115895,108.06
7540824,1115896,108.06
7540824,1115898,108.06
7540824,1115971,19.75
7540824,1116111,46
7540824,1116266,106.65
7540824,1116364,108.06
7540824,1116859,37.5
7540824,1116865,70.32
7540824,1116867,62.51
7540824,1116869,62.51
7540824,1116871,62.51
7540824,1116873,62.51
7540824,1116875,62.51
7540824,1116877,62.51
7540824,1116909,30.48
7540824,1116910,30.48
7540824,1116959,37.5
7540824,1116961,37.5
7540824,1116963,37.5
7540824,1117049,10.88
7540824,1117056,93.76
7540824,1117060,93.76
7540824,1117101,62.51
7540824,1117106,70.32
7540824,1117114,70.32
7540824,1117628,94.54
7540824,1117643,94.54
7540824,1117881,14.67
7540824,1117898,30.48
7540824,1117995,260.22
7540824,1118040,11.03
7540824,1118086,30.48
7540824,1118133,11.03
7540824,1118169,18
7540824,1118446,200.44
7540824,1118477,177.99
7540824,1118486,19.41
7540824,1118489,18.3
7540824,1118491,12.17
7540824,1118493,18.51
7540824,1118519,86.86
7540824,1118529,59.09
7540824,1118531,22.85
7540824,1118543,77.75
7540824,1118565,63.08
7540824,1118581,376.77
7540824,1118583,260.22
7540824,1118586,260.22
7540824,1118751,24.26
7540824,1118827,62.51
7540824,1119081,70.32
7540824,1119333,30.48
7540824,1119543,30.48
7540824,1119608,30.48
7540824,1119632,30.48
7540824,1119638,94.54
7540824,1119644,30.48
7540824,1119649,30.48
7540824,1119711,68.99
7540824,1119859,18
7540824,1119872,20.8
7540824,1120351,14.67
7540824,1120353,14.67
7540824,1120355,93.76
7540824,1120357,14.67
7540824,1120359,93.76
7540824,1120391,11.03
7540824,1120448,42.35
7540824,1120530,11.03
7540824,1120571,175.08
7540824,1120599,30.48
7540824,1120624,32.04
7540824,1120991,275.67
7540824,1121002,32.04
7540824,1121003,32.04
7540824,1121004,32.04
7540824,1121057,32.04
7540824,1121142,32.04
7540824,1121212,38.6
7540824,1121214,34.92
7540824,1121304,68.99
7540824,1121858,30.48
7540824,1121954,32.04
7540824,1121955,189.32
7540824,1121956,32.04
7540824,1121969,275.67
7540824,1122081,81.71
7540824,1122131,77.75
7540824,1122842,11.63
7540824,1123134,23.94
7540824,1123135,111.8
7540824,1123351,7.12
7540824,1123352,5.13
7540824,1123560,136.34
7540824,1123725,3.5
7540824,1123726,2.63
7540824,1123728,3.3
7540824,1123803,169.39
7540824,1123815,15.02
7540824,1123822,25.05
7540824,1123842,139.59
7540824,1124024,7.21
7540824,1124185,27.28
7540824,1124190,32.77
7540824,1124237,96.89
7540824,1124263,12.76
7540824,1124277,32.54
7540824,1124299,138.41
7540824,1124347,55.03
7540824,1124379,10.21
7540824,1124407,236.59
7540824,1124725,10.61
7540824,1124857,28.89
7540824,1124901,19.04
7540824,1124902,15.5
7540824,1125095,212.26
7540824,1125120,6.26
7540824,1126932,18.44
7540824,1127368,6.15
7540824,1138358,48.73
7540824,1138774,8.14
7540824,1138873,81.52
7540824,1139655,45.67
7540824,1140369,43.2
7540824,1140390,47.3
7540824,1140391,70.19
7540824,1140392,54
7540824,1140393,59.19
7540824,1141664,30.63
7540824,1141665,35.74
7540824,1142588,37.87
7540824,1143269,47.11
7540824,1143993,89.96
7540824,1144071,6.47
7540824,1144093,43.43
7540824,1144098,36.31
7540824,1144140,74.05
7540824,1144172,69.73
7540824,1144173,85.33
7540824,1144185,75.33
7540824,1144396,108.78
7540824,1144668,31.81
7540824,1144766,57.13
7540824,1145606,61.14
7540824,1145607,64.99
7540824,1145855,66.58
7540824,1146034,200.13
7540824,1147105,47.06
7540824,1147808,114.59
7540824,1148195,66.36
7540824,1148572,67.74
7540824,1148941,713.85
7540824,1151468,3.22
7540824,1151544,32.83
7540824,1151723,101.12
7540824,1152270,36.31
7540824,1152762,20.8
7540824,1152771,20.8
7540824,1152773,20.8
7540824,1152774,30.48
7540824,1152777,30.48
7540824,1154521,4.77
7540824,1154918,781.24
7540824,1155565,30.48
7540824,1156508,54.91
7540824,1156866,73.64
7540824,1157604,32.62
7540824,1157956,65.4
7540824,1157961,42.9
7540824,1157963,41
7540824,1158315,44.67
7540824,1158323,15.51
7540824,1158339,58.52
7540824,1158817,36.9
7540824,1158821,35.69
7540824,1158823,44.86
7540824,1158824,33.58
7540824,1158832,69.45
7540824,1158963,66.58
7540824,1159120,78.2
7540824,1159565,58.2
7540824,1159681,56
7540824,1159696,77.12
7540824,1159758,7.21
7540824,1159935,100.24
7540824,1159938,100.24
7540824,1159954,49.87
7540824,1160566,33.34
7540824,1160601,69.45
7540824,1160668,0.01
7540824,1160669,0.01
7540824,1160719,53.05
7540824,1161054,39.51
7540824,1161540,58.27
7540824,1161546,54.52
7540824,1161728,66.58
7540824,1162191,77.75
7540824,1162424,69.45
7540824,1162555,62.27
7540824,1162632,42.55
7540824,1162773,82.07
7540824,1162945,70.32
7540824,1162967,18.86
7540824,1163034,44.14
7540824,1163131,83.34
7540824,1163132,53.14
7540824,1163313,50.86
7540824,1163361,22.18
7540824,1163596,52.49
7540824,1163721,27.42
7540824,1163722,40.43
7540824,1163723,44.23
7540824,1163726,83.34
7540824,1163728,23.15
7540824,1164154,55
7540824,1164159,83.34
7540824,1164878,23.89
7540824,1165025,52.09
7540824,1165060,35.62
7540824,1165064,35.22
7540824,1165100,56.86
7540824,1165103,38.27
7540824,1165105,36.32
7540824,1165107,57.6
7540824,1165109,52.99
7540824,1165126,83.34
7540824,1165311,40.94
7540824,1165920,73.64
7540824,1166213,50.56
7540824,1166285,0.01
7540824,1166342,75.98
7540824,1166362,53.25
7540824,1166677,45.99
7540824,1166708,55.36
7540824,1166746,51.13
7540824,1167237,85.85
7540824,1167844,82.07
7540824,1167999,72.89
7540824,1168277,85.85
7540824,1168283,72.89
7540824,1168284,82.07
7540824,1168328,83.34
7540824,1168847,48.74
7540824,1170146,308.65
7540824,1170617,18
7540824,1170689,47.11
7540824,1170714,69.75
7540824,1171575,1075.99
7540824,1172337,46.58
7540824,1173522,68.55
7540824,1174614,93.76
7540824,1174788,70.32
7540824,1174803,55.02
7540824,1174817,17.07
7540824,1175682,133.34
7540824,1175684,133.34
7540824,1175686,133.34
7540824,1175688,0.46
7540824,1175870,24.77
7540824,1176109,66.58
7540824,1176528,193.35
7540824,1176529,200.02
7540824,1176531,193.35
7540824,1176665,66.58
7540824,1177025,23.32
7540824,1177163,93.76
7540824,1177243,48.43
7540824,1177267,8.83
7540824,1180022,14.04
7540824,1180218,18.52
7540824,1180925,86.77
7540824,1181282,39.75
7540824,1181959,23.44
7540824,1182848,39.75
7540824,1183743,16.1
7540824,1185209,0.01
7540824,1185416,52.56
7540824,1186221,66.09
7540824,1186223,0.01
7540824,1186243,48.28
7540824,1187381,81.88
7540824,1187817,28.58
7540824,1187836,112.72
7540824,1187983,81.03
7540824,1188169,0.01
7540824,1188172,64.01
7540824,1188175,42.25
7540824,1188221,40.35
7540824,1189424,46.31
7540824,1189425,46.31
7540824,1189427,61.85
7540824,1189439,34.56
7540824,1190638,89.25
7540824,1190640,69.99
7540824,1190678,0.01
7540824,1191144,13.72
7540824,1191249,78.83
7540824,1194284,24.2
7540824,1194285,24.2
7540824,1196310,15.8
7540824,1196681,69.54
7540824,1197478,0.01
7540824,1198459,54
7540824,1198616,36.83
7540824,1198988,79.87
7540824,1199053,58.52
7540824,1199174,49.92
7540824,1199245,81.03
7540824,1199902,83.18
7540824,1200088,72.34
7540824,1200170,70.32
7540824,1200835,29.99
7540824,1201434,23.61
7540824,1201880,29.56
7540824,1203109,47.11
7540824,1203392,15.24
7540824,1203407,58.25
7540824,1203427,52.65
7540824,1203515,51.49
7540824,1203840,41.45
7540824,1205045,190.08
7540824,1206724,281.61
7540824,1208094,47.92
7540824,1208297,215.63
7540824,1208532,15.35
7540824,1208958,93.76
7540824,1209031,42.35
7540824,1209032,42.35
7540824,1209034,42.35
7540824,1209279,52.25
7540824,1209792,24.27
7540824,1209850,18.81
7540824,1210515,68.12
7540824,1210614,50.7
7540824,1211843,51.91
7540824,1211844,51.34
7540824,1211868,57.61
7540824,1214864,48.33
7540824,1214914,29.7
7540824,1215475,171.14
7540824,1215688,60
7540824,1215970,43.23
7540824,1216609,39.67
7540824,1216610,46.43
7540824,1216612,37.72
7540824,1216617,45.18
7540824,1216618,40.52
7540824,1216619,30.25
7540824,1216620,34.2
7540824,1217646,78.86
7540824,1217656,24.31
7540824,1218300,50.86
7540824,1218438,34.37
7540824,1218751,94.12
7540824,1219058,32.05
7540824,1219063,14.8
7540824,1219310,169.81
7540824,1219371,50.99
7540824,1219586,79.58
7540824,1219701,15.34
7540824,1220183,211.59
7540824,1220185,85.06
7540824,1220629,48.41
7540824,1220680,6.22
7540824,1220844,79.46
7540824,1220873,35.56
7540824,1221297,0.69
7540824,1221372,208.35
7540824,1222217,46.1
7540824,1222959,92.02
7540824,1223397,326.32
7540824,1223667,66.93
7540824,1224114,21.32
7540824,1224187,4.68
7540824,1224245,62.38
7540824,1224338,93.76
7540824,1224887,448.53
7540824,1225140,123.03
7540824,1225536,55.02
7540824,1226166,27.21
7540824,1226741,80.77
7540824,1226742,87.45
7540824,1228229,8.88
7540824,1229187,46.1
7540824,1229432,99.43
7540824,1229447,0.67
7540824,1229574,47.06
7540824,1230016,269.84
7540824,1230068,23.15
7540824,1230367,39.27
7540824,1230370,51.14
7540824,1230371,70.08
7540824,1230373,42.78
7540824,1230377,29.22
7540824,1230383,51.28
7540824,1230686,89.29
7540824,1230870,7.98
7540824,1231739,54.8
7540824,1232235,54.8
7540824,1232558,63.19
7540824,1232578,46.62
7540824,1232692,24.55
7540824,1233366,28.79
7540824,1233605,54.8
7540824,1233671,28
7540824,1234008,9.34
7540824,1234050,48.34
7540824,1234079,55.7
7540824,1234251,36.81
7540824,1234348,78.5
7540824,1234349,19.19
7540824,1234352,26.4
7540824,1234356,51.14
7540824,1234357,36.53
7540824,1234358,25.7
7540824,1234361,36.62
7540824,1234368,37.94
7540824,1234370,29.09
7540824,1234375,53.15
7540824,1234379,59.98
7540824,1234381,56.16
7540824,1234391,35.38
7540824,1234629,70.56
7540824,1235233,30.04
7540824,1235875,98.4
7540824,1236032,193.41
7540824,1236245,41.69
7540824,1236248,47.57
7540824,1236817,34.92
7540824,1237068,323.37
7540824,1238023,352.93
7540824,1238572,109.46
7540824,1238765,65.8
7540824,1238767,75.14
7540824,1238768,87.39
7540824,1238771,98.06
7540824,1238776,80.9
7540824,1238778,76.57
7540824,1238785,137.15
7540824,1238864,93.76
7540824,1239196,70.32
7540824,1239689,70.76
7540824,1241021,0.67
7540824,1241454,35.95
7540824,1242080,38.37
7540824,1242142,235.4
7540824,1242273,85.63
7540824,1243823,70.5
7540824,1244557,82.68
7540824,1245137,93.76
7540824,1245248,93.76
7540824,1245445,44.8
7540824,1245449,29.32
7540824,1246065,30.52
7540824,1246429,75.24
7540824,1246724,92.52
7540824,1246774,0.69
7540824,1247146,90.55
7540824,1247689,55.39
7540824,1247850,102.61
7540824,1247854,127.5
7540824,1248489,78.86
7540824,1248805,67.64
7540824,1248936,66.26
7540824,1249028,113.76
7540824,1249918,8.33
7540824,1250329,3.66
7540824,1251096,80.1
7540824,1251097,70.71
7540824,1251168,447.13
7540824,1251169,336.83
7540824,1251244,77.48
7540824,1251251,51.38
7540824,1251450,5.37
7540824,1251693,44.71
7540824,1252554,50.18
7540824,1252556,54.17
7540824,1253398,85.04
7540824,1253404,68.22
7540824,1253405,79.88
7540824,1253406,68.22
7540824,1253409,68.22
7540824,1253411,149.29
7540824,1253421,79.53
7540824,1253422,79.53
7540824,1253423,79.53
7540824,1253426,108.23
7540824,1253430,79.53
7540824,1253436,90.91
7540824,1253437,90.89
7540824,1253439,90.89
7540824,1253497,129.57
7540824,1253499,129.57
7540824,1253500,129.57
7540824,1253502,129.57
7540824,1253503,129.57
7540824,1253506,263.98
7540824,1253523,290.01
7540824,1253529,292.15
7540824,1254403,63.42
7540824,1255566,31.95
7540824,1255785,30.94
7540824,1256288,108.06
7540824,1256664,6.03
7540824,1258664,66.9
7540824,1259084,198.5
7540824,1259368,63.32
7540824,1259381,145.98
7540824,1259428,70.57
7540824,1259431,92.7
7540824,1259433,38.08
7540824,1259434,126.39
7540824,1260002,91.16
7540824,1260026,59.53
7540824,1260345,60.46
7540824,1260587,65.92
7540824,1261271,69.45
7540824,1262425,38.9
7540824,1262803,68.52
7540824,1262906,49.22
7540824,1263129,41
7540824,1263277,60.42
7540824,1263491,80.79
7540824,1263579,71.13
7540824,1264388,41.97
7540824,1265089,40.92
7540824,1266188,71.13
7540824,1267034,70.57
7540824,1267056,2063.78
7540824,1267905,33.36
7540824,1268177,69.45
7540824,1268232,0.01
7540824,1268400,51.12
7540824,1268573,45.15
7540824,1269362,96.59
7540824,1269788,34.73
7540824,1269883,15.8
7540824,1270324,26.04
7540824,1270436,41.62
7540824,1270735,74.92
7540824,1271100,73.79
7540824,1271233,71.13
7540824,1271720,87.87
7540824,1271981,26.26
7540824,1272424,1.16
7540824,1273862,110.55
7540824,1274296,7.8
7540824,1274563,131.6
7540824,1274807,61.69
7540824,1274882,69.68
7540824,1274947,56.12
7540824,1275211,74.92
7540824,1275755,29.05
7540824,1276698,64.36
7540824,1276699,61.23
7540824,1276730,166.54
7540824,1276772,60.87
7540824,1276788,41.75
7540824,1277038,52.61
7540824,1277697,34.48
7540824,1278189,64.54
7540824,1278628,210.43
7540824,1279130,25.94
7540824,1279600,107.82
7540824,1281996,26.75
7540824,1282407,36.35
7540824,1282408,36.35
7540824,1282410,36.35
7540824,1282413,27.66
7540824,1282414,29.86
7540824,1282418,32.12
7540824,1282419,51.1
7540824,1282422,51.1
7540824,1282425,51.1
7540824,1282435,73.05
7540824,1282436,23.15
7540824,1282437,72.86
7540824,1282769,36.43
7540824,1283206,63.43
7540824,1283207,44.45
7540824,1283209,43.35
7540824,1283341,51.51
7540824,1283343,57.01
7540824,1283344,47.46
7540824,1283345,46.47
7540824,1283346,48.04
7540824,1283347,41.03
7540824,1283348,41.03
7540824,1283349,61.23
7540824,1283350,53.25
7540824,1284052,50.69
7540824,1284287,75.57
7540824,1284872,0.46
7540824,1285124,75.93
7540824,1285146,96.15
7540824,1285440,57.88
7540824,1285601,109.84
7540824,1285614,91.37
7540824,1285615,91.37
7540824,1285786,28.94
7540824,1285788,4.63
7540824,1288911,9.63
7540824,1289561,7.05
7540824,1289825,71.21
7540824,1289826,71.21
7540824,1291060,64.54
7540824,1291687,275.67
7540824,1293684,64.32
7540824,1293685,74.08
7540824,1293962,48
7540824,1293966,44.49
7540824,1293973,51.22
7540824,1294017,56.2
7540824,1294091,51.45
7540824,1294427,84.28
7540824,1294567,17.36
7540824,1295045,5.79
7540824,1295046,11.58
7540824,1295333,49.37
7540824,1295338,49.37
7540824,1295446,45.79
7540824,1295627,89.01
7540824,1295723,260.22
7540824,1295897,11.75
7540824,1295898,5.79
7540824,1296025,18.29
7540824,1296085,52.61
7540824,1297553,28.94
7540824,1297555,28.94
7540824,1297558,28.94
7540824,1298174,0.01
7540824,1298456,11.58
7540824,1298516,48.73
7540824,1300024,1.16
7540824,1300336,0.01
7540824,1300340,0.01
7540824,1300342,50.3
7540824,1300684,1.16
7540824,1301524,0.01
7540824,1302778,28.94
7540824,1302852,1.16
7540824,1303308,74.5
7540824,1303497,41.3
7540824,1303502,57.6
7540824,1303504,0.01
7540824,1303505,0.01
7540824,1304269,39.12
7540824,1304534,93.76
7540824,1304577,0.01
7540824,1304579,41.3
7540824,1305771,60.21
7540824,1305772,70.4
7540824,1305773,90
7540824,1305774,66.56
7540824,1305775,90
7540824,1305776,46.94
7540824,1305777,56.65
7540824,1305781,46.13
7540824,1305782,98.4
7540824,1305786,137.5
7540824,1305787,109.46
7540824,1305789,90.96
7540824,1305790,44.45
7540824,1305792,61.53
7540824,1305793,64.5
7540824,1305794,80.1
7540824,1305795,126.39
7540824,1305796,106.12
7540824,1305797,49.96
7540824,1305799,117.85
7540824,1305851,64.01
7540824,1306704,40.05
7540824,1306706,73.4
7540824,1306708,10.97
7540824,1306713,10.97
7540824,1306763,0.46
7540824,1306764,0.46
7540824,1307048,66.08
7540824,1307399,98.1
7540824,1307881,46.29
7540824,1308128,24.38
7540824,1308129,23.71
7540824,1308144,0.01
7540824,1308147,0.01
7540824,1308148,0.01
7540824,1309238,35.84
7540824,1309415,342.26
7540824,1309566,79.87
7540824,1309569,81.72
7540824,1310321,45.08
7540824,1310964,49.18
7540824,1311013,53.42
7540824,1311336,26.67
7540824,1311339,33.91
7540824,1311345,41.92
7540824,1311347,39.27
7540824,1311760,1.16
7540824,1312305,26.04
7540824,1312553,127.54
7540824,1312587,117.36
7540824,1313047,1.16
7540824,1313376,41.92
7540824,1313585,0.01
7540824,1313586,0.01
7540824,1313696,79.87
7540824,1314523,79.87
7540824,1314954,56.72
7540824,1314999,265.19
7540824,1315081,5.79
7540824,1315369,33.97
7540824,1315516,42.01
7540824,1316418,31.52
7540824,1316652,92.6
7540824,1316654,52.09
7540824,1316655,61.52
7540824,1316656,70.43
7540824,1316657,56.9
7540824,1317192,0.01
7540824,1317362,42.35
7540824,1317463,94.16
7540824,1318225,265.19
7540824,1318831,0.01
7540824,1319842,179.31
7540824,1319873,282.23
7540824,1322412,3.47
7540824,1322413,3.47
7540824,1323254,50.93
7540824,1323721,10.57
7540824,1323777,207.37
7540824,1323822,9.17
7540824,1324051,5.79
7540824,1324313,42.35
7540824,1324447,52.71
7540824,1324890,29.39
7540824,1325078,34.12
7540824,1325710,62.05
7540824,1325794,44.22
7540824,1326260,75.84
7540824,1326370,18.79
7540824,1326371,53.75
7540824,1326372,110.68
7540824,1326373,80.67
7540824,1326657,28.94
7540824,1326658,28.94
7540824,1327133,28.27
7540824,1327135,1
7540824,1327255,94.54
7540824,1327892,29.24
7540824,1328194,0.01
7540824,1328329,1.1
7540824,1328671,47.5
7540824,1328715,0.01
7540824,1329166,34.19
7540824,1329338,34.12
7540824,1329742,98.62
7540824,1329972,1.16
7540824,1329980,33.54
7540824,1329984,31.41
7540824,1330187,68.58
7540824,1330198,1.16
7540824,1330368,24.08
7540824,1330369,35.03
7540824,1330530,108.06
7540824,1330754,376.19
7540824,1330756,376.19
7540824,1330836,60.9
7540824,1330842,305.35
7540824,1332354,37.93
7540824,1332865,30.28
7540824,1333086,10.29
7540824,1334934,98.62
7540824,1335412,0.01
7540824,1335497,176.87
7540824,1336653,38.44
7540824,1337364,114.59
7540824,1337945,23.82
7540824,1337946,21.46
7540824,1338753,65.2
7540824,1338950,35.1
7540824,1339030,36.72
7540824,1340368,44.17
7540824,1340803,19.55
7540824,1340940,56.14
7540824,1343377,351.08
7540824,1344534,45.18
7540824,1345189,0.01
7540824,1347045,30.34
7540824,1347371,35.67
7540824,1347984,30.27
7540824,1348483,38
7540824,1348487,39.23
7540824,1348489,44.17
7540824,1348500,44.17
7540824,1348504,48.42
7540824,1348505,38.12
7540824,1348506,38.12
7540824,1348511,38.12
7540824,1348514,40.87
7540824,1348515,40.87
7540824,1348517,51.84
7540824,1348518,51.84
7540824,1348526,39.52
7540824,1348527,59.25
7540824,1348634,65.51
7540824,1350988,81.03
7540824,1352587,16.67
7540824,1352745,0.01
7540824,1352874,44.17
7540824,1356057,50.49
7540824,1356751,56.32
7540824,1357407,42.73
7540824,1357447,159.9
7540824,1358953,13.89
7540824,1359401,0.01
7540824,1360468,59.95
7540824,1360690,30.7
7540824,1361037,0.01
7540824,1361903,35.99
7540824,1362568,181.79
7540824,1363893,342.53
7540824,1363894,342.65
7540824,1363895,342.65
7540824,1363994,26.12
7540824,1364792,39.89
7540824,1364804,87.92
7540824,1366403,282.23
7540824,1368543,177.79
7540824,1368882,299.14
7540824,1370199,20.43
7540824,1370400,124.91
7540824,1371717,4.6
7540824,1372413,43.55
7540824,1372764,146.82
7540824,1374527,657.45
7540824,1374687,299.14
7540824,1377142,55
7540824,1377912,26.45
7540824,1378029,134.33
7540824,1378030,134.33
7540824,1379744,43.44
7540824,1379902,5.16
7540824,1380904,299.14
7540824,1382623,15.74
7540824,1383336,1480.67
7540824,1384798,461.97
7540824,1384824,2588.25
7540824,1384891,134.84
7540824,1384903,60.84
7540824,1385076,139.04
7540824,1385386,34.27
7540824,1385671,34.27
7540824,1386260,2301.21
7540824,1386452,1157.5
7540824,1386454,1357.28
7540824,1386456,322.61
7540824,1386458,128.26
7540824,1386459,4.63
7540824,1386460,4.63
7540824,1386461,2.32
7540824,1386462,1.74
7540824,1386463,7.28
7540824,1388150,36.11
7540824,1389493,56.72
7540824,1391163,47.11
7540824,1000014,73.51
7540824,1000868,37.43
7540824,1001234,33.31
7540824,1001255,31.14
7540824,1001326,51.66
7540824,1001804,2.26
7540824,1001888,22.34
7540824,1001889,29.35
7540824,1001903,28.76
7540824,1001907,25.6
7540824,1001908,37.04
7540824,1002063,4.36
7540824,1002080,3.5
7540824,1003235,4.19
7540824,1003300,4.99
7540824,1003383,53.38
7540824,1003401,3.62
7540824,1003486,4.6
7540824,1003517,2.26
7540824,1003592,38.26
7540824,1003741,114.63
7540824,1003772,80.86
7540824,1004120,25.25
7540824,1004121,19.76
7540824,1004250,97.18
7540824,1004301,49.7
7540824,1004311,7.12
7540824,1004313,16.91
7540824,1004315,19.76
7540824,1004316,71.67
7540824,1004334,104.71
7540824,1004336,57.46
7540824,1004351,131.5
7540824,1004352,170.49
7540824,1004353,145.15
7540824,1004456,88.55
7540824,1004465,109.55
7540824,1004702,4.09
7540824,1004703,15.22
7540824,1004807,56.64
7540824,1005000,288.88
7540824,1005029,74.8
7540824,1005198,25.77
7540824,1005661,223.72
7540824,1006233,115.84
7540824,1006246,93.21
7540824,1006516,64.3
7540824,1006708,66.21
7540824,1006712,63.99
7540824,1007151,101.78
7540824,1007699,62.33
7540824,1007862,59.01
7540824,1007863,68.07
7540824,1008159,51.82
7540824,1008342,50.5
7540824,1008372,0.01
7540824,1008382,63.06
7540824,1008383,98.02
7540824,1008385,72.62
7540824,1008402,76.07
7540824,1008655,38.13
7540824,1008823,38.89
7540824,1008958,30.47
7540824,1009139,93.09
7540824,1009453,50.39
7540824,1009459,62.55
7540824,1009556,14.77
7540824,1009569,51.71
7540824,1009933,142.78
7540824,1010004,165.93
7540824,1010075,73.51
7540824,1010179,91
7540824,1010214,218.52
7540824,1010225,142.27
7540824,1010227,84.34
7540824,1010231,168.28
7540824,1010233,186.77
7540824,1010234,223.79
7540824,1010238,175.19
7540824,1010257,99.36
7540824,1010287,168.53
7540824,1010342,95.38
7540824,1010455,157.25
7540824,1010465,141.74
7540824,1010479,128.54
7540824,1010505,65.24
7540824,1010506,63.74
7540824,1010511,76.8
7540824,1010516,85.54
7540824,1010526,95.61
7540824,1010528,85.66
7540824,1010533,104.7
7540824,1010541,88.84
7540824,1010544,134.1
7540824,1010547,125.57
7540824,1010557,125.36
7540824,1010574,123.62
7540824,1010630,82.32
7540824,1010633,70.56
7540824,1010638,77.1
7540824,1010642,103.55
7540824,1010649,107.46
7540824,1010654,123.71
7540824,1010684,125.23
7540824,1010689,89.81
7540824,1010725,134.78
7540824,1010728,165.64
7540824,1010777,63.38
7540824,1010785,69.54
7540824,1010791,56.23
7540824,1010794,71.88
7540824,1010814,35.94
7540824,1010816,42.6
7540824,1010824,92.97
7540824,1010831,51.1
7540824,1010837,42.58
7540824,1010838,52.56
7540824,1010873,346.5
7540824,1010885,80.26
7540824,1010888,51.01
7540824,1010893,47.28
7540824,1010894,56.1
7540824,1010902,64.98
7540824,1010904,85.68
7540824,1010932,69.97
7540824,1010933,60.47
7540824,1010948,76.95
7540824,1010951,71.05
7540824,1010959,76.63
7540824,1010960,88.07
7540824,1010964,87.99
7540824,1010986,78.1
7540824,1010995,61.05
7540824,1010996,57.09
7540824,1010997,56.82
7540824,1010998,89.29
7540824,1010999,101.5
7540824,1011000,70.23
7540824,1011002,66.02
7540824,1011003,94.51
7540824,1011007,87.66
7540824,1011012,83.95
7540824,1011018,87.66
7540824,1011022,59.04
7540824,1011029,63.7
7540824,1011050,79.14
7540824,1011052,63.7
7540824,1011107,106.17
7540824,1011184,46.24
7540824,1011385,29.71
7540824,1011388,56.01
7540824,1011444,65.23
7540824,1011446,70.23
7540824,1011447,86.55
7540824,1011448,93.26
7540824,1011449,94.78
7540824,1011464,93.72
7540824,1011519,70.46
7540824,1011520,91.21
7540824,1011521,101.57
7540824,1011522,80.5
7540824,1011523,98.56
7540824,1011524,138.83
7540824,1011526,148.04
7540824,1011527,101.43
7540824,1011535,88.83
7540824,1011536,47.68
7540824,1011537,68.25
7540824,1011538,85.83
7540824,1011559,37.55
7540824,1011567,62.33
7540824,1011573,112.3
7540824,1011581,26.29
7540824,1011584,30.36
7540824,1011592,71.05
7540824,1011635,107.62
7540824,1011636,124.06
7540824,1011650,53.36
7540824,1011673,53.48
7540824,1011684,53.77
7540824,1011696,140.12
7540824,1011697,140.58
7540824,1011698,69.62
7540824,1011704,59.5
7540824,1011705,67.6
7540824,1011710,79.75
7540824,1011723,101.34
7540824,1011731,111.47
7540824,1011742,130.39
7540824,1011748,130.68
7540824,1011750,70.69
7540824,1011751,70.64
7540824,1011752,86.88
7540824,1011753,67.95
7540824,1011755,80.55
7540824,1011757,81.18
7540824,1011759,93.41
7540824,1011764,126.47
7540824,1011766,143.84
7540824,1011769,63.67
7540824,1011771,70.91
7540824,1011772,129.4
7540824,1011773,61.47
7540824,1011774,125.28
7540824,1011775,160.61
7540824,1011866,65.13
7540824,1011873,106.99
7540824,1011874,106.99
7540824,1011889,83.75
7540824,1011955,74.58
7540824,1011959,86.64
7540824,1011960,86.97
7540824,1011980,56.59
7540824,1011986,128.33
7540824,1011987,126.56
7540824,1011993,125.01
7540824,1011994,128.3
7540824,1012005,128.51
7540824,1012006,109.06
7540824,1012034,138.06
7540824,1012036,47.11
7540824,1012037,91.48
7540824,1012047,136.4
7540824,1012048,156.62
7540824,1012049,128.45
7540824,1012055,152.08
7540824,1012062,82.3
7540824,1012065,199.39
7540824,1012068,148.53
7540824,1012071,74.82
7540824,1012076,98.38
7540824,1012142,101.29
7540824,1012143,85.63
7540824,1012174,75.26
7540824,1012182,79.94
7540824,1012189,87.88
7540824,1012200,105.65
7540824,1012203,53.84
7540824,1012206,196.22
7540824,1012211,146.82
7540824,1012212,112
7540824,1012266,197.85
7540824,1012268,104.81
7540824,1012269,120.07
7540824,1012270,103.18
7540824,1012272,55.57
7540824,1012274,64.51
7540824,1012276,135.65
7540824,1012277,84.28
7540824,1012287,80.63
7540824,1012293,61.74
7540824,1012325,97.38
7540824,1012326,71.05
7540824,1012337,78.35
7540824,1012434,126.53
7540824,1012451,126.95
7540824,1012538,36.59
7540824,1012607,38.86
7540824,1012617,106.42
7540824,1012637,35.08
7540824,1012639,53.72
7540824,1012644,246.1
7540824,1012743,37.29
7540824,1012762,73.89
7540824,1012768,93.85
7540824,1012770,97.77
7540824,1012771,76.12
7540824,1012775,69.11
7540824,1012779,116.77
7540824,1012787,87.58
7540824,1012798,98.83
7540824,1012799,97.79
7540824,1012801,125.37
7540824,1012810,76.59
7540824,1012820,119.79
7540824,1012825,122.59
7540824,1012826,101.17
7540824,1012829,107.97
7540824,1012840,65.13
7540824,1012850,57.06
7540824,1012869,109.3
7540824,1012883,100.54
7540824,1012886,146.19
7540824,1012889,102.32
7540824,1012894,83.44
7540824,1012898,160.39
7540824,1012901,91.88
7540824,1012902,75.13
7540824,1012978,63.77
7540824,1012992,98.94
7540824,1012993,63.49
7540824,1012996,45.69
7540824,1013010,69.68
7540824,1013026,46.17
7540824,1013040,49.04
7540824,1013045,145.15
7540824,1013050,86.29
7540824,1013068,51.16
7540824,1013115,117.54
7540824,1013210,55.56
7540824,1013245,203.58
7540824,1013290,83.2
7540824,1013306,99.35
7540824,1013307,63.94
7540824,1013325,78.65
7540824,1013326,120.6
7540824,1013327,39.19
7540824,1013329,67.83
7540824,1013331,62.82
7540824,1013368,160.14
7540824,1013433,70.76
7540824,1013476,99.41
7540824,1013478,38.61
7540824,1013501,43.68
7540824,1013503,46.86
7540824,1013505,54.66
7540824,1013647,84.17
7540824,1013702,47.23
7540824,1013854,66.12
7540824,1013855,72.78
7540824,1013946,77.32
7540824,1013997,149.2
7540824,1014011,60.79
7540824,1014149,60.14
7540824,1014184,61.29
7540824,1014199,97.81
7540824,1014200,65.26
7540824,1014593,45.55
7540824,1014698,103.2
7540824,1014706,93.33
7540824,1014708,68.65
7540824,1014712,38.81
7540824,1014716,51.71
7540824,1014899,103.92
7540824,1014900,55.62
7540824,1014908,27.58
7540824,1014917,50.18
7540824,1014918,64.1
7540824,1014922,49.92
7540824,1014923,67.71
7540824,1014925,31.6
7540824,1014926,55.15
7540824,1014927,57.64
7540824,1014929,54.03
7540824,1014930,52.15
7540824,1014940,113.06
7540824,1015027,77.59
7540824,1015033,125.47
7540824,1015072,103.34
7540824,1015090,66.63
7540824,1015091,76.92
7540824,1015102,38.63
7540824,1015105,33.9
7540824,1015110,58.6
7540824,1015118,49.61
7540824,1015121,77.83
7540824,1015236,72.11
7540824,1015270,126.55
7540824,1015272,113.44
7540824,1015340,80.28
7540824,1015341,70.36
7540824,1015349,88.7
7540824,1015353,25.47
7540824,1015354,103.34
7540824,1015368,50.27
7540824,1015400,91.69
7540824,1015470,85.47
7540824,1015519,54.68
7540824,1015520,52.48
7540824,1015521,67.66
7540824,1015524,67.41
7540824,1015525,55.63
7540824,1015526,55.63
7540824,1015576,91.27
7540824,1015666,294.38
7540824,1015717,65.51
7540824,1015755,61.07
7540824,1015829,42.13
7540824,1015859,53.05
7540824,1015862,52.97
7540824,1015913,34.02
7540824,1015914,28.44
7540824,1015937,94.06
7540824,1015949,92.36
7540824,1015950,62.22
7540824,1015955,60.07
7540824,1016019,175.75
7540824,1016021,213.66
7540824,1016031,67.71
7540824,1016037,87.39
7540824,1016039,306.07
7540824,1016041,70.86
7540824,1016061,212.95
7540824,1016079,70.17
7540824,1016092,91.94
7540824,1016110,61.73
7540824,1016236,151.67
7540824,1016246,242.06
7540824,1016265,50.91
7540824,1016292,68.45
7540824,1016293,72.34
7540824,1016304,60.09
7540824,1016305,60.09
7540824,1016306,51.15
7540824,1016326,53.65
7540824,1016334,68.89
7540824,1016340,99.8
7540824,1016342,48.27
7540824,1016345,217.2
7540824,1016359,55.31
7540824,1016377,142.47
7540824,1016378,154.64
7540824,1016379,242.53
7540824,1016386,186.75
7540824,1016399,30.57
7540824,1016400,100.84
7540824,1016432,83.4
7540824,1016438,109.02
7540824,1016439,109.02
7540824,1016440,50.86
7540824,1016441,109.02
7540824,1016442,91.28
7540824,1016443,116.39
7540824,1016447,107.39
7540824,1016448,105.22
7540824,1016456,89.21
7540824,1016457,62.57
7540824,1016458,118.24
7540824,1016460,110.75
7540824,1016475,102.68
7540824,1016477,155.88
7540824,1016478,100.49
7540824,1016480,89.59
7540824,1016481,91.33
7540824,1016483,88.7
7540824,1016489,77.44
7540824,1016490,52.78
7540824,1016494,52.56
7540824,1016500,94.87
7540824,1016502,72.34
7540824,1016506,133.11
7540824,1016507,131.26
7540824,1016508,85.55
7540824,1016517,58.69
7540824,1016528,45.71
7540824,1016533,277.27
7540824,1016537,54.96
7540824,1016557,58.82
7540824,1016561,39.18
7540824,1016567,44.58
7540824,1016576,64.51
7540824,1016581,62.22
7540824,1016583,41.42
7540824,1016591,69.52
7540824,1016596,61.14
7540824,1016597,69.31
7540824,1016598,61.23
7540824,1016601,71.14
7540824,1016603,81
7540824,1016605,46.22
7540824,1016606,52.24
7540824,1016613,34.46
7540824,1016614,70.7
7540824,1016615,53.73
7540824,1016616,80.74
7540824,1016617,82.52
7540824,1016618,66.2
7540824,1016620,62.57
7540824,1016621,75.7
7540824,1016622,72.6
7540824,1016624,106.61
7540824,1016626,78.48
7540824,1016627,86.48
7540824,1016628,80.18
7540824,1016638,70.99
7540824,1016639,85.7
7540824,1016657,61.25
7540824,1016658,89.81
7540824,1016663,47.56
7540824,1016664,49.77
7540824,1016667,89.93
7540824,1016669,32.94
7540824,1016746,74.16
7540824,1016748,64.08
7540824,1016750,91.86
7540824,1016754,49.25
7540824,1016772,51.31
7540824,1016796,48.87
7540824,1016850,54.03
7540824,1016855,49.6
7540824,1016873,51.71
7540824,1016880,51.72
7540824,1016898,75.13
7540824,1016908,74.77
7540824,1017025,53.57
7540824,1017461,51.17
7540824,1017660,60.82
7540824,1017718,116.86
7540824,1017876,151.12
7540824,1017884,66.05
7540824,1018019,120.35
7540824,1018020,92.66
7540824,1018026,33.69
7540824,1018058,68.49
7540824,1018069,74.65
7540824,1018073,25.11
7540824,1018086,30.65
7540824,1018092,72.51
7540824,1018093,86.05
7540824,1018101,24.82
7540824,1018106,50.47
7540824,1018108,57.04
7540824,1018109,55.24
7540824,1018111,71.78
7540824,1018115,29.53
7540824,1018120,95.03
7540824,1018124,69.26
7540824,1018125,50.36
7540824,1018126,30.21
7540824,1018128,41.81
7540824,1018130,65.19
7540824,1018132,60.62
7540824,1018133,50.11
7540824,1018134,78.92
7540824,1018135,52.57
7540824,1018149,58.27
7540824,1018150,33.23
7540824,1018155,69.59
7540824,1018164,74.06
7540824,1018167,44.6
7540824,1018174,35.27
7540824,1018175,57.61
7540824,1018180,44.02
7540824,1018181,84.68
7540824,1018192,95.31
7540824,1018202,96.89
7540824,1018204,48.12
7540824,1018208,55.13
7540824,1018209,79.27
7540824,1018210,74.74
7540824,1018213,84.25
7540824,1018220,58.81
7540824,1018221,29.08
7540824,1018222,49.18
7540824,1018232,52.45
7540824,1018233,81.66
7540824,1018239,41.81
7540824,1018240,58.97
7540824,1018245,86.04
7540824,1018246,55.07
7540824,1018248,49.34
7540824,1018250,36.37
7540824,1018251,56.08
7540824,1018265,44.33
7540824,1018271,62.81
7540824,1018272,49.12
7540824,1018273,75.27
7540824,1018274,86.63
7540824,1018277,49.59
7540824,1018280,55.55
7540824,1018285,54.32
7540824,1018288,56.37
7540824,1018290,58.91
7540824,1018292,75.08
7540824,1018319,31.33
7540824,1018320,39.34
7540824,1018324,94
7540824,1018326,26.26
7540824,1018327,25.72
7540824,1018331,38.63
7540824,1018336,39.24
7540824,1018343,88.35
7540824,1018344,36.23
7540824,1018345,26.88
7540824,1018349,54.44
7540824,1018350,64.65
7540824,1018351,31.19
7540824,1018355,30.88
7540824,1018359,61.49
7540824,1018364,66.52
7540824,1018365,38.87
7540824,1018369,29.05
7540824,1018378,13.89
7540824,1018384,36.5
7540824,1018388,16.71
7540824,1018391,17.06
7540824,1018396,23.08
7540824,1018397,23.81
7540824,1018400,25.22
7540824,1018401,28.65
7540824,1018402,21.49
7540824,1018405,19.34
7540824,1018406,19.26
7540824,1018409,37.67
7540824,1018410,23.15
7540824,1018413,26.44
7540824,1018421,21.56
7540824,1018422,21.75
7540824,1018425,28.39
7540824,1018426,39.95
7540824,1018428,24.7
7540824,1018429,24.46
7540824,1018434,23.66
7540824,1018435,23.76
7540824,1018436,21.78
7540824,1018437,19.94
7540824,1018438,29.6
7540824,1018441,39.66
7540824,1018444,29.05
7540824,1018447,28.51
7540824,1018448,31.92
7540824,1018449,11.95
7540824,1018450,64.57
7540824,1018452,59.58
7540824,1018453,26.03
7540824,1018454,71.24
7540824,1018458,31.96
7540824,1018460,25.12
7540824,1018462,19.39
7540824,1018466,38.82
7540824,1018468,46.68
7540824,1018471,73.4
7540824,1018475,40.72
7540824,1018483,106.21
7540824,1018485,125.13
7540824,1018486,75.67
7540824,1018494,27.97
7540824,1018497,35.1
7540824,1018501,90.16
7540824,1018521,33.86
7540824,1018528,46.72
7540824,1018532,101.17
7540824,1018538,94.9
7540824,1018541,103.6
7540824,1018549,73.8
7540824,1018557,97.6
7540824,1018558,99.42
7540824,1018569,71.58
7540824,1018571,83.1
7540824,1018580,85
7540824,1018584,105.38
7540824,1018585,106
7540824,1018590,102.1
7540824,1018591,132.74
7540824,1018592,94.15
7540824,1018593,93.11
7540824,1018594,97.97
7540824,1018619,56.12
7540824,1018621,86.4
7540824,1018627,84.06
7540824,1018637,96.64
7540824,1018644,109.56
7540824,1018650,59.67
7540824,1018678,53.35
7540824,1018682,37.71
7540824,1018684,49.63
7540824,1018686,45.86
7540824,1018689,41.18
7540824,1018693,47.75
7540824,1018700,61.14
7540824,1018712,71.19
7540824,1018732,27.02
7540824,1018734,34.75
7540824,1018742,28.97
7540824,1018768,54.1
7540824,1018789,23.44
7540824,1018806,26.77
7540824,1018810,65.83
7540824,1018811,57.63
7540824,1018813,33.27
7540824,1018821,41.1
7540824,1018828,84.61
7540824,1018834,28.97
7540824,1018850,81.67
7540824,1018873,45.03
7540824,1018885,41.69
7540824,1018894,37.78
7540824,1018899,41.82
7540824,1018900,44.4
7540824,1018901,39.77
7540824,1018914,58.44
7540824,1018923,34.91
7540824,1018928,59.51
7540824,1019006,59.84
7540824,1019008,45.03
7540824,1019015,48.09
7540824,1019021,48.09
7540824,1019030,27.11
7540824,1019034,38.1
7540824,1019068,54.62
7540824,1019069,54.62
7540824,1019071,54.62
7540824,1019077,56.6
7540824,1019228,125.08
7540824,1019248,98.39
7540824,1019261,58.89
7540824,1019265,71.74
7540824,1019291,152.51
7540824,1019375,110.41
7540824,1019376,54.06
7540824,1019377,60.77
7540824,1019411,143.38
7540824,1019445,46.16
7540824,1019455,55.65
7540824,1019456,159.69
7540824,1019489,67.49
7540824,1019490,31.41
7540824,1019491,24.85
7540824,1019492,34.41
7540824,1019601,68.63
7540824,1019713,98.16
7540824,1019762,221.68
7540824,1019763,147.59
7540824,1019764,170.67
7540824,1019765,47.06
7540824,1019766,65.92
7540824,1019769,64.76
7540824,1019782,75.67
7540824,1019783,63.92
7540824,1019785,84.2
7540824,1019801,44.96
7540824,1019802,85.22
7540824,1019807,44.96
7540824,1019811,58.38
7540824,1019823,39.49
7540824,1019858,68.3
7540824,1019886,27.57
7540824,1019888,25.29
7540824,1019895,222.87
7540824,1019933,27.99
7540824,1019937,23.14
7540824,1019939,28.73
7540824,1019940,28.72
7540824,1019946,23.14
7540824,1019970,63.77
7540824,1019979,77.61
7540824,1020044,132.24
7540824,1020047,105.38
7540824,1020107,83.21
7540824,1020113,84.42
7540824,1020114,100.88
7540824,1020117,92.99
7540824,1020121,124.98
7540824,1020124,75.43
7540824,1020125,78.42
7540824,1020126,82.07
7540824,1020127,72.52
7540824,1020128,79.1
7540824,1020135,105.23
7540824,1020136,79.1
7540824,1020138,81.82
7540824,1020147,110.19
7540824,1020150,119.7
7540824,1020153,101.66
7540824,1020158,48.65
7540824,1020161,147.19
7540824,1020162,36.41
7540824,1020164,40.45
7540824,1020165,40.45
7540824,1020166,21.48
7540824,1020167,23.81
7540824,1020187,87.88
7540824,1020195,56.46
7540824,1020217,94.15
7540824,1020218,95.46
7540824,1020246,92.69
7540824,1020277,35.78
7540824,1020319,90.38
7540824,1020327,57.56
7540824,1020360,184.98
7540824,1020361,369.28
7540824,1020362,256.12
7540824,1020374,138.24
7540824,1020375,101.23
7540824,1020376,101.23
7540824,1020377,52.09
7540824,1020380,74.59
7540824,1020382,92.57
7540824,1020384,72.52
7540824,1020389,75.43
7540824,1020395,116.75
7540824,1020397,150.59
7540824,1020415,69.55
7540824,1020417,51.3
7540824,1020419,35.93
7540824,1020427,109.99
7540824,1020436,52.64
7540824,1020437,40.86
7540824,1020442,87.32
7540824,1020469,44.12
7540824,1020472,66.28
7540824,1020557,44.56
7540824,1020575,55.36
7540824,1020597,71.19
7540824,1020713,105.73
7540824,1020718,112.97
7540824,1020726,29.76
7540824,1020727,29.76
7540824,1020728,27.03
7540824,1020729,27.03
7540824,1020730,28.86
7540824,1020731,28.86
7540824,1020742,101.83
7540824,1020749,36.1
7540824,1020761,42.2
7540824,1020762,36.1
7540824,1020763,51.25
7540824,1020764,92.6
7540824,1020770,64.69
7540824,1020772,28.86
7540824,1020773,28.86
7540824,1020774,27.03
7540824,1020775,27.03
7540824,1020776,73.11
7540824,1020777,73.11
7540824,1020803,20.53
7540824,1020804,20.53
7540824,1020805,21.91
7540824,1020806,21.91
7540824,1020811,55.53
7540824,1020821,28.02
7540824,1020823,69.44
7540824,1020833,42.98
7540824,1020836,24.89
7540824,1020837,96.34
7540824,1020844,89.15
7540824,1020854,39.22
7540824,1020860,111.1
7540824,1020865,55.25
7540824,1020866,123
7540824,1020867,51.89
7540824,1020868,61.16
7540824,1020956,147.67
7540824,1020979,74.17
7540824,1021004,49.03
7540824,1021017,387.15
7540824,1021085,32.8
7540824,1021104,27.43
7540824,1021150,101.22
7540824,1021203,63.27
7540824,1021205,89.15
7540824,1021206,84.53
7540824,1021214,85.76
7540824,1021250,52.16
7540824,1021252,107.44
7540824,1021256,85.35
7540824,1021262,144.79
7540824,1021275,46.16
7540824,1021281,102.81
7540824,1021283,56.98
7540824,1021284,74.57
7540824,1021288,115.66
7540824,1021298,58.34
7540824,1021300,61.53
7540824,1021303,74.17
7540824,1021304,74.17
7540824,1021305,61.39
7540824,1021307,67.9
7540824,1021313,85.23
7540824,1021314,49.03
7540824,1021318,49.03
7540824,1021319,190.15
7540824,1021321,74.17
7540824,1021325,67.74
7540824,1021339,147.12
7540824,1021348,185.96
7540824,1021352,308.95
7540824,1021388,34.59
7540824,1021429,78.93
7540824,1021431,130
7540824,1021457,50.36
7540824,1021459,51.16
7540824,1021466,68.77
7540824,1021496,88.41
7540824,1021512,45.85
7540824,1021522,344.85
7540824,1021526,55.17
7540824,1021531,297.21
7540824,1021584,74.06
7540824,1021587,82.98
7540824,1021588,70.67
7540824,1021717,50.78
7540824,1021718,59.52
7540824,1021724,49.03
7540824,1021769,127.71
7540824,1021815,56.2
7540824,1021818,74.73
7540824,1021820,54.69
7540824,1021822,114.11
7540824,1021864,63.93
7540824,1021867,133.95
7540824,1021959,48.19
7540824,1021996,183.72
7540824,1021997,145.63
7540824,1021998,74.94
7540824,1022022,72.8
7540824,1022116,219.74
7540824,1022135,61.3
7540824,1022148,134.18
7540824,1022235,34.59
7540824,1022236,78.98
7540824,1022297,27.76
7540824,1022298,30.44
7540824,1022320,31.95
7540824,1022326,78.69
7540824,1022357,49.03
7540824,1022358,24.11
7540824,1022375,148.96
7540824,1022389,44.86
7540824,1022419,20.49
7540824,1022420,49.51
7540824,1022428,54.18
7540824,1022429,196.54
7540824,1022431,92.03
7540824,1022433,92.03
7540824,1022434,92.03
7540824,1022439,92.03
7540824,1022440,92.03
7540824,1022441,92.03
7540824,1022443,92.03
7540824,1022444,92.03
7540824,1022447,92.03
7540824,1022449,92.03
7540824,1022450,92.03
7540824,1022452,92.03
7540824,1022454,92.03
7540824,1022455,92.03
7540824,1022473,39.44
7540824,1022484,97.87
7540824,1022485,91.29
7540824,1022498,70.54
7540824,1022500,81.55
7540824,1022501,91.38
7540824,1022504,29.25
7540824,1022514,126.02
7540824,1022545,38.07
7540824,1022554,91.29
7540824,1022625,29.25
7540824,1022695,91.76
7540824,1022715,59.37
7540824,1022732,116.92
7540824,1022733,69.9
7540824,1022734,116.92
7540824,1022740,39.63
7540824,1022759,73.5
7540824,1022769,83.77
7540824,1022784,134.5
7540824,1022786,52.72
7540824,1022814,69.32
7540824,1022816,75.61
7540824,1022833,18.01
7540824,1022838,42.05
7540824,1022840,65.26
7540824,1022982,54.85
7540824,1022996,92.03
7540824,1023033,141.49
7540824,1023034,87.3
7540824,1023035,122.6
7540824,1023036,60.36
7540824,1023038,49.3
7540824,1023039,61.9
7540824,1023040,61.9
7540824,1023041,72.7
7540824,1023043,61.9
7540824,1023044,61.9
7540824,1023051,101.06
7540824,1023052,146.71
7540824,1023059,111.06
7540824,1023065,111.19
7540824,1023070,61.9
7540824,1023083,116.92
7540824,1023085,33.06
7540824,1023107,77.78
7540824,1023113,75.14
7540824,1023117,50.36
7540824,1023118,91.29
7540824,1023155,78.27
7540824,1023166,0.01
7540824,1023169,60.36
7540824,1023172,84.27
7540824,1023174,0.01
7540824,1023179,49.77
7540824,1023198,70.18
7540824,1023210,50.74
7540824,1023211,62.48
7540824,1023213,32.56
7540824,1023232,120.29
7540824,1023247,37.79
7540824,1023248,55.75
7540824,1023249,47.08
7540824,1023298,120.29
7540824,1023301,120.58
7540824,1023331,96.67
7540824,1023348,52.4
7540824,1023354,51.22
7540824,1023355,36.63
7540824,1023358,29.98
7540824,1023365,0.01
7540824,1023366,38.16
7540824,1023407,41.03
7540824,1023422,40.87
7540824,1023431,38.95
7540824,1023439,38.56
7540824,1023451,40.69
7540824,1023462,0.01
7540824,1023467,53.62
7540824,1023494,39.08
7540824,1023523,29.98
7540824,1023543,0.01
7540824,1023545,0.01
7540824,1023589,0.01
7540824,1023590,0.01
7540824,1023645,24.83
7540824,1023646,22.91
7540824,1023656,19.16
7540824,1023666,30.37
7540824,1023667,30.37
7540824,1023674,21.22
7540824,1023718,239.79
7540824,1023729,25.4
7540824,1023746,114.06
7540824,1023787,31.75
7540824,1023862,0.01
7540824,1023871,47.35
7540824,1023872,46.38
7540824,1023913,57.09
7540824,1023935,49.49
7540824,1023940,70.47
7540824,1023969,19.04
7540824,1024044,23.61
7540824,1024115,50.92
7540824,1024138,43.52
7540824,1024213,58.18
7540824,1024263,41.03
7540824,1024269,30.63
7540824,1024270,44.39
7540824,1024373,52.34
7540824,1024412,42.04
7540824,1024419,28.96
7540824,1024424,27.19
7540824,1024425,25.95
7540824,1024571,24.15
7540824,1024575,41.8
7540824,1024579,35.89
7540824,1024589,60.12
7540824,1024594,37.28
7540824,1024606,32.51
7540824,1024808,48.8
7540824,1024896,26.08
7540824,1024935,0.01
7540824,1024936,0.01
7540824,1024938,0.01
7540824,1024940,0.01
7540824,1024967,101.74
7540824,1025019,43.15
7540824,1025025,68.36
7540824,1025056,48.44
7540824,1025197,23.62
7540824,1025199,47.28
7540824,1025235,26.53
7540824,1025243,37.48
7540824,1025416,52.45
7540824,1025423,38.72
7540824,1025424,39.04
7540824,1025657,28.76
7540824,1025686,37.14
7540824,1025729,17.68
7540824,1025732,55.91
7540824,1025733,38.67
7540824,1025734,36.06
7540824,1025735,47.36
7540824,1025736,32.66
7540824,1025737,38
7540824,1025746,37.56
7540824,1025790,44.83
7540824,1025815,44.75
7540824,1025945,57.92
7540824,1025946,55.93
7540824,1025970,44.71
7540824,1025976,41.68
7540824,1025977,57.33
7540824,1025990,53.56
7540824,1026128,57.28
7540824,1026166,0.01
7540824,1026167,0.01
7540824,1026168,0.01
7540824,1026188,19.79
7540824,1026190,35.3
7540824,1026191,53.53
7540824,1026192,45.5
7540824,1026249,0.01
7540824,1026994,68.25
7540824,1026999,7.7
7540824,1027321,34.09
7540824,1027640,70.03
7540824,1027780,38.15
7540824,1027939,30.03
7540824,1028021,44.68
7540824,1028106,55.87
7540824,1028374,41.73
7540824,1028816,78.27
7540824,1028986,58.5
7540824,1028991,43.34
7540824,1028994,83.17
7540824,1028996,17.26
7540824,1028999,42.58
7540824,1029007,18.02
7540824,1029015,127.01
7540824,1029016,88.16
7540824,1029020,52.26
7540824,1029032,78.68
7540824,1029033,88.16
7540824,1029042,17.26
7540824,1029044,16.04
7540824,1029045,134.85
7540824,1029046,120
7540824,1029047,114.79
7540824,1029062,88.16
7540824,1029063,17.26
7540824,1029064,88.16
7540824,1029067,17.26
7540824,1029068,88.16
7540824,1029069,88.16
7540824,1029077,88.16
7540824,1029079,88.16
7540824,1029085,67.57
7540824,1029086,67.57
7540824,1029094,88.16
7540824,1029107,134.85
7540824,1029110,88.16
7540824,1029111,88.16
7540824,1029117,78.68
7540824,1029120,88.17
7540824,1029122,88.16
7540824,1029128,134.85
7540824,1029129,134.85
7540824,1029135,88.16
7540824,1029136,88.16
7540824,1029141,88.16
7540824,1029142,88.16
7540824,1029144,88.16
7540824,1029146,88.16
7540824,1029147,88.16
7540824,1029161,134.85
7540824,1029168,88.16
7540824,1029170,83.17
7540824,1029172,88.16
7540824,1029174,88.16
7540824,1029179,92.32
7540824,1029180,128.6
7540824,1029189,43.34
7540824,1029190,117.42
7540824,1029205,43.34
7540824,1029206,58.79
7540824,1029207,58.79
7540824,1029208,137.5
7540824,1029223,85.57
7540824,1029224,55.18
7540824,1029248,120
7540824,1029270,44.22
7540824,1029272,102.43
7540824,1029275,175.19
7540824,1029278,137.23
7540824,1029279,137.23
7540824,1029280,54.25
7540824,1029281,43.34
7540824,1029282,31.58
7540824,1029284,48.81
7540824,1029285,65.02
7540824,1029287,147.2
7540824,1029304,58.79
7540824,1029307,137.5
7540824,1029308,129.71
7540824,1029319,60.38
7540824,1029340,119.04
7540824,1029356,61.8
7540824,1029360,17.26
7540824,1029475,12.63
7540824,1029476,26.67
7540824,1029480,271.46
7540824,1029484,94.49
7540824,1029490,127.27
7540824,1029504,193.12
7540824,1029510,199.96
7540824,1029527,66.64
7540824,1029528,50.19
7540824,1029542,81.75
7540824,1029595,20.14
7540824,1029604,137.19
7540824,1029613,18.28
7540824,1029615,98.8
7540824,1029618,306.55
7540824,1029634,86.43
7540824,1029692,154.43
7540824,1029694,30.18
7540824,1029695,56.91
7540824,1029696,52.4
7540824,1029697,47.16
7540824,1029700,33.05
7540824,1029701,64.94
7540824,1029704,39.42
7540824,1029705,11.33
7540824,1029711,83.05
7540824,1029725,88.05
7540824,1029727,83.05
7540824,1029735,88.05
7540824,1029737,88.05
7540824,1029738,63.45
7540824,1029747,74.49
7540824,1029759,65.77
7540824,1029765,65.79
7540824,1029768,65.79
7540824,1029769,51.4
7540824,1029770,65.77
7540824,1029772,65.77
7540824,1029774,65.77
7540824,1029778,69.75
7540824,1029780,90.98
7540824,1029785,65.77
7540824,1029786,86.08
7540824,1029796,83.05
7540824,1029797,65.65
7540824,1029803,65.65
7540824,1029817,65.65
7540824,1029835,48.5
7540824,1029837,51.4
7540824,1029839,48.5
7540824,1029842,51.4
7540824,1029844,51.4
7540824,1029846,48.5
7540824,1029848,48.5
7540824,1029852,48.5
7540824,1029856,48.5
7540824,1029858,51.4
7540824,1029861,48.5
7540824,1029863,51.4
7540824,1029864,51.4
7540824,1029866,51.4
7540824,1029867,57.81
7540824,1029871,42.63
7540824,1029874,33.17
7540824,1029876,29.86
7540824,1029877,41.5
7540824,1029878,34.81
7540824,1029896,57.57
7540824,1029897,63.45
7540824,1029916,142.41
7540824,1029917,131.41
7540824,1029919,63.84
7540824,1029920,62.77
7540824,1029922,62.77
7540824,1029923,83.33
7540824,1029946,71.68
7540824,1029947,77.27
7540824,1029955,42.63
7540824,1029956,42.63
7540824,1029957,42.63
7540824,1029960,77.27
7540824,1029961,77.27
7540824,1029964,77.27
7540824,1029965,77.27
7540824,1029966,77.27
7540824,1029968,77.27
7540824,1029969,77.27
7540824,1029994,51.4
7540824,1029995,51.4
7540824,1030007,77.27
7540824,1030039,119.66
7540824,1030040,119.66
7540824,1030041,113.41
7540824,1030099,77.27
7540824,1030100,77.27
7540824,1030101,77.27
7540824,1030102,77.27
7540824,1030108,142.41
7540824,1030109,42.63
7540824,1030110,42.63
7540824,1030111,42.63
7540824,1030146,83.35
7540824,1030178,42.63
7540824,1030188,62.96
7540824,1030219,48.5
7540824,1030221,86.66
7540824,1030223,51.4
7540824,1030226,42.63
7540824,1030229,42.63
7540824,1030231,42.63
7540824,1030232,42.63
7540824,1030241,81.75
7540824,1030250,86.66
7540824,1030294,77.27
7540824,1030339,83.05
7540824,1030358,31.16
7540824,1030409,42.63
7540824,1030411,42.63
7540824,1030416,167.34
7540824,1030422,86.08
7540824,1030465,152.19
7540824,1030469,83.05
7540824,1030475,91.13
7540824,1030603,40.01
7540824,1030604,40.01
7540824,1030655,40.01
7540824,1030896,60.25
7540824,1030970,29
7540824,1031141,26.12
7540824,1031142,23.39
7540824,1031143,24.06
7540824,1031426,17.07
7540824,1031435,21.47
7540824,1031436,21.41
7540824,1031437,19.91
7540824,1031438,21.19
7540824,1031499,63.03
7540824,1031500,58.36
7540824,1031501,47.83
7540824,1031503,61.9
7540824,1031504,58.12
7540824,1031505,47.16
7540824,1031507,60.97
7540824,1031508,62.57
7540824,1031511,61.03
7540824,1031547,67.31
7540824,1031549,68.41
7540824,1031551,66.14
7540824,1032641,89.67
7540824,1032751,34.19
7540824,1032752,25.8
7540824,1032754,31.53
7540824,1032755,30.81
7540824,1032763,29.11
7540824,1032777,89.67
7540824,1032950,93.34
7540824,1033154,25.44
7540824,1033518,84.36
7540824,1034383,20.88
7540824,1034388,40.69
7540824,1034389,51.6
7540824,1039867,121.19
7540824,1039892,90.23
7540824,1039894,113.9
7540824,1039899,76.22
7540824,1039901,85.6
7540824,1039903,101.57
7540824,1039909,60.77
7540824,1040059,56.6
7540824,1040060,100.99
7540824,1040061,53.71
7540824,1040069,97.29
7540824,1040078,78.88
7540824,1040079,86
7540824,1040080,50.87
7540824,1040092,89.13
7540824,1040120,72.53
7540824,1040183,86.23
7540824,1040203,67.08
7540824,1040241,104.87
7540824,1040248,124.66
7540824,1040252,44.51
7540824,1040253,34.49
7540824,1040254,44.56
7540824,1040255,36.69
7540824,1040276,52.33
7540824,1040277,42.31
7540824,1040454,93.93
7540824,1040460,55.33
7540824,1040465,53.25
7540824,1040469,47.57
7540824,1040481,69.51
7540824,1040495,147.7
7540824,1040535,124.43
7540824,1040537,95.26
7540824,1040557,115.26
7540824,1040588,115.26
7540824,1040589,115.26
7540824,1040798,69.68
7540824,1041066,120.73
7540824,1041076,167.2
7540824,1041215,152.91
7540824,1041231,67.71
7540824,1041236,33.45
7540824,1041279,71.28
7540824,1041288,15.29
7540824,1041319,82.01
7540824,1042657,16.15
7540824,1042666,104.64
7540824,1042673,164.54
7540824,1042675,164.54
7540824,1042785,54.52
7540824,1042842,83.11
7540824,1043125,177.62
7540824,1043133,180.74
7540824,1043171,32.12
7540824,1043174,76.68
7540824,1043261,170.15
7540824,1043269,103.42
7540824,1043308,91.21
7540824,1043312,118.76
7540824,1043316,155.16
7540824,1043332,59.44
7540824,1043363,161.82
7540824,1043367,161.82
7540824,1043399,78.65
7540824,1043401,81.43
7540824,1043403,125.24
7540824,1043454,177.62
7540824,1043461,54.75
7540824,1043467,46.3
7540824,1043661,22.28
7540824,1043662,38.14
7540824,1043981,24.26
7540824,1043983,23.54
7540824,1043985,22.64
7540824,1043986,22.22
7540824,1043989,34.05
7540824,1043990,28.78
7540824,1044047,37.77
7540824,1044050,28.78
7540824,1044051,28.78
7540824,1044053,31.1
7540824,1044054,37.85
7540824,1044056,26.34
7540824,1044058,13.03
7540824,1044059,36.58
7540824,1044060,37.38
7540824,1044064,18.27
7540824,1044068,23.61
7540824,1044069,33.07
7540824,1044070,18.23
7540824,1044073,27
7540824,1044074,38.61
7540824,1044075,18.36
7540824,1044076,24.37
7540824,1044080,21.33
7540824,1044084,25.21
7540824,1044445,133.46
7540824,1044455,103.31
7540824,1044457,44.08
7540824,1044470,134.1
7540824,1044475,39.24
7540824,1044532,82.01
7540824,1044593,152.91
7540824,1044605,28.76
7540824,1044676,27.02
7540824,1044722,41.91
7540824,1044723,55.06
7540824,1044724,40.42
7540824,1044837,82.01
7540824,1044847,39.77
7540824,1044877,55.69
7540824,1044878,53.65
7540824,1044894,61.17
7540824,1044903,88.38
7540824,1045602,39.24
7540824,1045693,19.87
7540824,1045818,28.56
7540824,1045861,44.27
7540824,1045908,41.67
7540824,1045997,28.24
7540824,1045998,41.26
7540824,1045999,55.33
7540824,1046037,23.24
7540824,1046088,61.41
7540824,1046130,37.05
7540824,1046156,84.67
7540824,1046158,63.14
7540824,1046165,70.84
7540824,1046179,116.04
7540824,1046206,37.05
7540824,1046265,39.18
7540824,1046268,48.04
7540824,1046269,69.33
7540824,1046270,77.09
7540824,1046274,74.77
7540824,1046291,230.92
7540824,1046314,19.08
7540824,1046319,23.81
7540824,1046660,23.25
7540824,1046949,61.42
7540824,1047505,95.49
7540824,1047684,11.9
7540824,1047695,12.06
7540824,1047697,10.96
7540824,1047702,8.76
7540824,1047706,35.69
7540824,1047713,13.16
7540824,1047716,31.17
7540824,1047729,16.07
7540824,1047730,27.32
7540824,1047749,12.73
7540824,1047781,29.86
7540824,1047789,30.8
7540824,1047908,37.53
7540824,1047910,35.12
7540824,1047911,38.41
7540824,1047970,25.34
7540824,1047971,27.13
7540824,1047975,31.91
7540824,1047978,34.38
7540824,1048086,19.58
7540824,1048094,18.46
7540824,1048097,13.15
7540824,1048102,27.04
7540824,1048108,19.61
7540824,1048111,21.93
7540824,1048114,31.57
7540824,1048115,39.42
7540824,1048119,20.33
7540824,1048140,29.9
7540824,1048141,14.04
7540824,1048148,17.07
7540824,1048151,23.64
7540824,1048166,24.02
7540824,1048169,33.09
7540824,1048183,42.97
7540824,1048214,13.18
7540824,1048215,19.99
7540824,1048216,28.5
7540824,1048221,37.12
7540824,1048227,47.79
7540824,1048228,74.94
7540824,1048232,60.93
7540824,1048233,99.82
7540824,1048238,86.44
7540824,1048523,110.93
7540824,1048531,68.56
7540824,1048532,77.96
7540824,1048533,77.8
7540824,1048534,76.48
7540824,1048548,55.03
7540824,1048550,62.15
7540824,1048552,75.09
7540824,1048554,81.68
7540824,1048557,69.81
7540824,1048613,73.1
7540824,1048618,27.83
7540824,1048626,33.58
7540824,1048682,28.34
7540824,1048693,36.73
7540824,1048707,50.81
7540824,1048717,68.44
7540824,1048760,120.65
7540824,1048857,109.42
7540824,1048895,58.59
7540824,1048942,150.65
7540824,1049016,42.47
7540824,1049018,84.97
7540824,1049039,106.08
7540824,1049040,161.82
7540824,1049042,130.57
7540824,1049046,67.95
7540824,1049063,60.07
7540824,1049065,70.36
7540824,1049075,140.23
7540824,1049079,99.33
7540824,1049086,140.23
7540824,1049101,30.48
7540824,1049103,53.95
7540824,1049124,92.7
7540824,1049132,49.41
7540824,1049139,102.82
7540824,1049191,78
7540824,1049192,64.73
7540824,1049194,92.84
7540824,1049197,155.66
7540824,1049198,237.67
7540824,1049201,107.39
7540824,1049204,46.15
7540824,1049316,63.95
7540824,1049327,113.57
7540824,1049328,37.63
7540824,1049329,58.25
7540824,1049356,120.3
7540824,1049358,111.39
7540824,1049370,90.54
7540824,1049378,64.03
7540824,1049397,83.81
7540824,1049404,64.32
7540824,1049410,47.85
7540824,1049417,143.38
7540824,1049423,102.17
7540824,1049430,71.74
7540824,1049523,153.8
7540824,1049525,25.85
7540824,1049592,106.92
7540824,1049691,179.22
7540824,1049710,78.07
7540824,1049712,81.2
7540824,1049714,73.4
7540824,1049808,58.89
7540824,1049809,28.78
7540824,1049823,68.33
7540824,1049824,46.13
7540824,1049826,94.98
7540824,1050044,195.12
7540824,1050045,76.48
7540824,1050048,56.19
7540824,1050094,202.24
7540824,1050244,41.62
7540824,1050323,46.62
7540824,1050343,43.85
7540824,1050345,43.79
7540824,1050347,53.78
7540824,1050366,48.74
7540824,1050368,93.14
7540824,1050487,77.09
7540824,1050496,82.32
7540824,1050497,105.12
7540824,1060150,63.18
7540824,1060178,42.12
7540824,1060185,27.86
7540824,1060532,47.35
7540824,1065007,59.52
7540824,1066455,31.58
7540824,1066461,31.58
7540824,1066466,18.95
7540824,1066471,44.16
7540824,1066473,45.91
7540824,1066475,29.48
7540824,1066476,53.09
7540824,1066477,53.09
7540824,1066479,65.56
7540824,1066481,65.56
7540824,1066483,40.18
7540824,1066485,64.09
7540824,1066486,64.09
7540824,1066488,83.55
7540824,1066489,88.17
7540824,1066494,94.58
7540824,1066503,90.92
7540824,1067028,6.12
7540824,1069420,62.27
7540824,1069426,51.15
7540824,1070661,16.3
7540824,1070742,7.64
7540824,1071051,14.91
7540824,1071055,6.27
7540824,1071057,4.8
7540824,1072157,68.44
7540824,1072282,14.91
7540824,1072370,8.31
7540824,1072372,9.87
7540824,1072410,2.99
7540824,1072417,14.91
7540824,1072799,7.74
7540824,1072976,20.02
7540824,1072982,6.86
7540824,1073004,7.22
7540824,1073067,14.91
7540824,1073190,7.74
7540824,1073359,11.92
7540824,1073587,7.05
7540824,1073634,5.59
7540824,1073779,105.84
7540824,1073922,14.91
7540824,1074181,13.07
7540824,1074190,3.06
7540824,1074198,26.68
7540824,1074250,105.98
7540824,1074252,2.03
7540824,1074258,66.17
7540824,1074260,87.63
7540824,1074265,65.83
7540824,1074279,4.61
7540824,1074288,17.88
7540824,1074289,10
7540824,1074290,11
7540824,1074302,14.77
7540824,1074303,4.87
7540824,1074331,5.78
7540824,1074337,10.58
7540824,1074374,101.3
7540824,1074378,12.11
7540824,1074381,156.82
7540824,1074385,13.07
7540824,1074495,11.98
7540824,1074536,15.61
7540824,1074549,6.4
7540824,1074587,13.07
7540824,1074619,13.07
7540824,1075224,11.86
7540824,1075551,6.04
7540824,1075725,1.12
7540824,1076192,19.15
7540824,1076204,8.28
7540824,1076284,14.82
7540824,1076303,7.82
7540824,1076310,10.67
7540824,1076359,74.45
7540824,1076508,18.4
7540824,1076509,27.84
7540824,1076516,18.09
7540824,1076526,12.01
7540824,1076534,26.09
7540824,1076553,10.02
7540824,1076641,19.06
7540824,1076673,11.71
7540824,1076684,7.19
7540824,1076692,5.45
7540824,1076709,178.49
7540824,1076724,8.25
7540824,1076731,120.5
7540824,1076823,9.06
7540824,1076846,4.42
7540824,1076884,246.06
7540824,1076896,9.73
7540824,1076906,13.7
7540824,1076912,19.17
7540824,1076917,5.98
7540824,1076922,18.13
7540824,1076927,17.98
7540824,1076973,13.22
7540824,1076985,32.05
7540824,1077011,5.12
7540824,1077035,23.29
7540824,1077042,13.84
7540824,1077050,18.39
7540824,1077076,9.65
7540824,1077252,28.51
7540824,1077266,7.2
7540824,1077267,12.63
7540824,1077271,9.32
7540824,1077286,17.93
7540824,1077291,36.53
7540824,1077302,18.43
7540824,1077349,9.65
7540824,1077389,21.03
7540824,1077391,18.36
7540824,1077393,32.05
7540824,1077394,12.86
7540824,1077531,18.13
7540824,1077713,7
7540824,1077731,15.23
7540824,1077755,3.32
7540824,1077760,6.39
7540824,1077774,14.49
7540824,1077775,15.08
7540824,1077778,5.13
7540824,1077783,12.55
7540824,1077809,20.33
7540824,1077856,21.29
7540824,1077872,10.7
7540824,1077873,28.98
7540824,1077905,9.8
7540824,1078073,46.22
7540824,1078118,3.45
7540824,1078120,4.13
7540824,1078126,22.14
7540824,1078128,9.23
7540824,1078161,6.45
7540824,1078162,10.39
7540824,1078163,7.56
7540824,1078169,2.45
7540824,1078181,22.37
7540824,1078206,5.72
7540824,1078209,8.58
7540824,1078226,6.79
7540824,1078229,9.03
7540824,1078296,1.44
7540824,1078297,5.36
7540824,1078311,8.83
7540824,1078316,6.73
7540824,1078341,6.35
7540824,1078344,2.26
7540824,1078366,12.22
7540824,1078367,7.33
7540824,1078370,1.28
7540824,1078371,14.1
7540824,1078394,6.27
7540824,1078433,13.47
7540824,1078439,2.88
7540824,1078593,11.92
7540824,1078596,24.47
7540824,1078664,17.1
7540824,1078707,5.05
7540824,1078748,6.57
7540824,1078749,7.01
7540824,1078752,41.98
7540824,1078753,29.99
7540824,1078757,22.7
7540824,1078760,20.84
7540824,1078763,5.32
7540824,1078773,11.7
7540824,1078776,20.21
7540824,1078786,21.33
7540824,1078791,23.83
7540824,1078800,23.83
7540824,1078813,23.24
7540824,1078817,23.29
7540824,1078873,16.58
7540824,1078910,6.55
7540824,1078971,6.73
7540824,1078987,23.61
7540824,1078997,10.64
7540824,1078999,25.72
7540824,1079008,13.17
7540824,1079010,15.97
7540824,1079013,15.65
7540824,1079030,6.56
7540824,1079044,6.55
7540824,1079049,3.75
7540824,1079051,9.57
7540824,1079065,7.54
7540824,1079071,11.64
7540824,1079072,18
7540824,1079172,4.88
7540824,1079192,5.1
7540824,1079193,18.67
7540824,1079212,13.68
7540824,1079213,8.32
7540824,1079225,3.51
7540824,1079237,3.39
7540824,1079242,35.25
7540824,1079243,35.25
7540824,1079258,27.53
7540824,1079259,12.78
7540824,1079260,11.26
7540824,1079286,3.54
7540824,1079287,28.19
7540824,1079351,74.43
7540824,1079610,21.04
7540824,1079826,23.42
7540824,1079881,12.89
7540824,1079909,3.74
7540824,1080069,18.58
7540824,1080121,27.53
7540824,1080374,20.08
7540824,1080496,12.13
7540824,1080511,30.75
7540824,1080559,13.86
7540824,1080566,13.83
7540824,1080610,22.33
7540824,1080628,16.97
7540824,1080911,13.23
7540824,1080964,16.91
7540824,1081008,16.91
7540824,1081035,21.04
7540824,1081403,5.45
7540824,1081404,16.33
7540824,1081413,13.98
7540824,1081421,11.99
7540824,1081428,18.9
7540824,1081433,8.44
7540824,1081480,25.78
7540824,1081719,12.13
7540824,1081908,5.2
7540824,1081939,25.43
7540824,1082087,5.02
7540824,1082236,24.97
7540824,1082571,10.54
7540824,1082777,21.04
7540824,1083079,33.47
7540824,1083885,30.05
7540824,1093517,0.01
7540824,1093519,0.01
7540824,1093582,7.78
7540824,1093592,87.33
7540824,1115214,91.29
7540824,1115215,91.29
7540824,1115238,16.47
7540824,1115271,15.99
7540824,1115276,15.99
7540824,1115292,4.82
7540824,1115295,9.28
7540824,1115306,1.54
7540824,1115332,11
7540824,1115361,7.69
7540824,1115362,3.51
7540824,1115398,14.52
7540824,1115416,44.03
7540824,1115442,13.52
7540824,1115444,52.39
7540824,1115445,14.82
7540824,1115465,23.39
7540824,1115482,99.45
7540824,1115485,95.56
7540824,1115487,198.9
7540824,1115509,64.17
7540824,1115524,36.45
7540824,1115571,93.34
7540824,1115577,34.17
7540824,1115630,37.5
7540824,1115689,44.41
7540824,1115726,23.44
7540824,1115729,47.21
7540824,1115786,15.99
7540824,1115787,14.6
7540824,1115790,2.45
7540824,1115792,35.45
7540824,1115793,36.8
7540824,1115892,49.03
7540824,1115951,8.83
7540824,1115953,9.47
7540824,1115988,2.81
7540824,1115990,45.84
7540824,1116013,17.1
7540824,1116030,55
7540824,1116056,46.11
7540824,1116062,2.45
7540824,1116065,173.9
7540824,1116069,7.77
7540824,1116071,2.45
7540824,1116177,11.7
7540824,1116182,12.21
7540824,1116206,39.18
7540824,1116207,150.5
7540824,1116209,83.97
7540824,1116211,27.7
7540824,1116212,2.45
7540824,1116213,1.49
7540824,1116234,46.95
7540824,1116236,2.33
7540824,1116283,177.84
7540824,1116306,19.36
7540824,1116317,29.76
7540824,1116382,1.25
7540824,1116422,8.09
7540824,1116424,5.08
7540824,1116430,21.04
7540824,1116432,20.62
7540824,1116433,11.36
7540824,1117086,65.54
7540824,1117277,41.43
7540824,1117906,26.81
7540824,1117907,26.81
7540824,1117909,27.13
7540824,1117915,26.81
7540824,1118018,27.13
7540824,1118027,27.13
7540824,1118028,27.13
7540824,1118033,37.62
7540824,1118047,37.62
7540824,1118059,39.37
7540824,1118061,39.37
7540824,1118063,39.37
7540824,1118068,58.34
7540824,1118069,58.34
7540824,1118071,58.34
7540824,1118072,29.92
7540824,1118073,29.92
7540824,1118074,29.92
7540824,1118094,41.36
7540824,1118117,64.92
7540824,1118123,41.43
7540824,1118128,71.66
7540824,1118149,55.61
7540824,1118157,55.61
7540824,1118159,55.61
7540824,1118161,55.61
7540824,1118195,58.34
7540824,1118235,40.3
7540824,1118236,41.43
7540824,1118237,40.3
7540824,1118275,105.95
7540824,1118295,29.94
7540824,1118301,41.43
7540824,1118303,64.92
7540824,1118307,105.95
7540824,1118309,82.43
7540824,1118312,28.36
7540824,1118313,17.78
7540824,1118314,28.36
7540824,1118315,28.36
7540824,1118316,17.78
7540824,1118317,35.55
7540824,1118320,31.29
7540824,1118321,22.44
7540824,1118325,25.53
7540824,1118341,13.23
7540824,1118347,64.92
7540824,1118630,87.65
7540824,1119375,29.55
7540824,1119377,29.55
7540824,1119379,29.55
7540824,1119389,17.78
7540824,1119391,26.81
7540824,1119879,27.47
7540824,1119880,27.47
7540824,1119881,27.47
7540824,1119882,27.47
7540824,1119901,45.1
7540824,1121451,41.36
7540824,1122417,62.62
7540824,1122448,40.91
7540824,1122449,40.3
7540824,1122450,40.91
7540824,1122451,40.91
7540824,1122464,13.1
7540824,1122884,80.91
7540824,1123490,81.11
7540824,1123948,35.04
7540824,1123981,68.96
7540824,1124022,24.32
7540824,1124058,76.4
7540824,1124061,70.01
7540824,1124065,45.36
7540824,1124182,60.93
7540824,1124191,2.56
7540824,1124205,8.06
7540824,1124216,151.12
7540824,1124231,6.95
7540824,1124244,110.47
7540824,1124251,163.21
7540824,1124261,299.47
7540824,1124273,63.26
7540824,1124292,161.54
7540824,1124310,36.11
7540824,1124338,7.37
7540824,1124371,12.37
7540824,1124418,196.54
7540824,1124421,121.56
7540824,1124470,12.08
7540824,1124471,15.96
7540824,1124472,9.57
7540824,1124531,22.04
7540824,1124534,75.01
7540824,1124535,26.63
7540824,1124536,25.72
7540824,1124567,8.26
7540824,1124569,193.9
7540824,1124571,75.01
7540824,1124666,111.95
7540824,1124732,9.21
7540824,1124733,113.81
7540824,1124820,989.59
7540824,1124821,76.04
7540824,1124842,22.27
7540824,1124843,30.19
7540824,1124859,16.39
7540824,1124899,26.4
7540824,1124905,7.8
7540824,1124924,9.97
7540824,1125013,8.83
7540824,1125014,8.6
7540824,1125022,30.85
7540824,1125150,3.67
7540824,1125172,3.92
7540824,1125187,50.46
7540824,1125200,26.44
7540824,1125201,16.36
7540824,1125211,85.84
7540824,1125269,22.36
7540824,1125270,23.39
7540824,1125315,8.99
7540824,1125321,17.93
7540824,1125334,3.95
7540824,1125451,74.17
7540824,1125480,7.99
7540824,1136491,122.2
7540824,1136519,73.47
7540824,1137631,26.43
7540824,1137787,37.05
7540824,1138054,2.07
7540824,1138055,2.07
7540824,1138073,11.37
7540824,1138075,197.9
7540824,1138080,9.79
7540824,1138098,1.64
7540824,1138102,11.84
7540824,1138103,4.24
7540824,1138104,6.49
7540824,1138105,1.85
7540824,1138116,40.39
7540824,1138135,15.99
7540824,1138136,15.99
7540824,1138138,15.99
7540824,1138142,176.68
7540824,1138145,107.65
7540824,1138154,17.88
7540824,1138158,1.54
7540824,1138219,15.99
7540824,1138238,180.32
7540824,1138239,24.03
7540824,1138262,898.86
7540824,1138297,8.42
7540824,1138299,19.53
7540824,1138300,24.77
7540824,1138301,3.32
7540824,1138302,5.43
7540824,1138305,11.64
7540824,1138306,8.51
7540824,1138307,23.61
7540824,1138308,16.95
7540824,1138364,82.51
7540824,1138365,19.92
7540824,1138366,38.97
7540824,1138367,7.25
7540824,1138369,14.23
7540824,1138371,15.99
7540824,1138386,50.63
7540824,1138421,49.18
7540824,1138447,29.27
7540824,1138470,10.72
7540824,1138471,17.55
7540824,1138485,49.91
7540824,1138497,36.67
7540824,1138498,26.6
7540824,1138503,49.91
7540824,1138529,15.99
7540824,1138544,10.96
7540824,1138626,74.03
7540824,1138644,111.72
7540824,1138672,1.12
7540824,1138681,12.95
7540824,1138683,85.7
7540824,1138687,7.7
7540824,1138689,7.7
7540824,1138706,8.23
7540824,1138818,13.47
7540824,1138946,43.34
7540824,1138987,26.28
7540824,1139040,299.47
7540824,1139041,148.9
7540824,1139107,7.45
7540824,1139204,59.03
7540824,1139220,49.03
7540824,1139392,299.47
7540824,1139399,30.47
7540824,1139444,5.97
7540824,1139446,24.03
7540824,1139473,59.45
7540824,1139500,20.27
7540824,1139515,290.25
7540824,1139518,28.93
7540824,1139534,9.21
7540824,1139574,10.68
7540824,1139629,134.18
7540824,1139713,151.26
7540824,1139734,44.31
7540824,1139747,99.45
7540824,1139921,11.45
7540824,1139922,38.39
7540824,1139926,2.52
7540824,1140001,2.45
7540824,1140079,2.12
7540824,1140411,40.69
7540824,1140417,161.12
7540824,1140478,76.67
7540824,1140551,43.27
7540824,1141087,15.35
7540824,1141208,91.6
7540824,1141222,98.85
7540824,1141378,46.73
7540824,1141508,44.18
7540824,1141518,59.24
7540824,1141573,29.81
7540824,1141725,65.54
7540824,1141891,9.38
7540824,1141893,15.35
7540824,1141934,1.99
7540824,1141944,79.93
7540824,1141987,83.69
7540824,1142084,21.04
7540824,1142508,0.01
7540824,1142712,0.01
7540824,1142713,0.01
7540824,1142714,0.01
7540824,1143254,96.47
7540824,1143297,64.35
7540824,1143751,10.72
7540824,1143758,6.75
7540824,1143763,150.85
7540824,1143765,133.9
7540824,1143766,33.82
7540824,1143769,46.11
7540824,1143770,28.2
7540824,1143855,82.22
7540824,1143859,148.18
7540824,1143862,42.63
7540824,1143871,86.41
7540824,1143877,39.24
7540824,1143878,38.94
7540824,1143879,48.28
7540824,1143880,51.5
7540824,1143882,50.91
7540824,1143949,36.18
7540824,1143972,59.31
7540824,1143981,54.81
7540824,1143982,121.88
7540824,1144365,46.51
7540824,1144436,111.03
7540824,1144442,31.92
7540824,1144476,66.79
7540824,1144509,133.37
7540824,1144527,49.21
7540824,1144578,125.83
7540824,1144579,139.33
7540824,1144580,122.53
7540824,1144582,82.87
7540824,1144648,71.27
7540824,1144730,123.91
7540824,1144761,91.84
7540824,1144769,46.72
7540824,1144788,130.18
7540824,1144913,140.24
7540824,1145193,41.06
7540824,1145210,140.97
7540824,1145301,16.12
7540824,1145305,459.39
7540824,1145386,124.62
7540824,1145537,94.61
7540824,1145560,24.79
7540824,1145565,39.45
7540824,1145823,56.87
7540824,1145934,124.45
7540824,1146069,39.95
7540824,1146218,50.91
7540824,1146265,100.73
7540824,1146383,52.08
7540824,1146384,69.36
7540824,1146427,119.66
7540824,1146456,3.45
7540824,1146471,38.15
7540824,1146511,16.19
7540824,1146600,45.1
7540824,1146601,45.1
7540824,1146602,45.1
7540824,1146739,43.13
7540824,1146741,54.74
7540824,1146743,52.69
7540824,1146798,106.37
7540824,1146803,74.45
7540824,1146858,74.13
7540824,1147088,107.4
7540824,1147209,91.77
7540824,1147275,55.65
7540824,1147385,57.71
7540824,1147463,44.47
7540824,1147600,68.08
7540824,1147670,67.46
7540824,1147740,13.55
7540824,1147781,114.13
7540824,1147901,86.96
7540824,1147977,58.03
7540824,1147984,27.46
7540824,1148135,51.94
7540824,1148198,187.47
7540824,1148208,87.16
7540824,1148253,42.63
7540824,1148416,92.11
7540824,1148552,190.87
7540824,1148589,41.36
7540824,1148590,44.41
7540824,1148604,81.28
7540824,1148648,9.21
7540824,1148649,6.26
7540824,1148911,39.29
7540824,1148965,62.74
7540824,1149026,45.42
7540824,1149027,48.86
7540824,1149107,74.37
7540824,1149264,97.8
7540824,1149305,86.22
7540824,1149311,125.61
7540824,1149312,76.11
7540824,1149549,176.67
7540824,1149727,444.92
7540824,1149728,1.49
7540824,1149788,15.35
7540824,1149828,391.26
7540824,1149857,65.38
7540824,1149902,60.56
7540824,1150050,1.53
7540824,1150125,21.63
7540824,1150163,66.79
7540824,1150167,114.95
7540824,1150201,97.4
7540824,1150202,65.65
7540824,1150208,140.3
7540824,1150518,29.71
7540824,1150566,78.77
7540824,1150635,6.1
7540824,1150713,129.83
7540824,1150721,9.33
7540824,1150746,68.55
7540824,1150807,94.86
7540824,1150808,77.78
7540824,1150842,60.09
7540824,1150850,35.74
7540824,1150859,34.69
7540824,1150864,53.01
7540824,1150866,35.93
7540824,1151139,158.75
7540824,1151313,32.83
7540824,1151324,22.48
7540824,1151371,82.02
7540824,1151379,36.17
7540824,1151421,72.14
7540824,1151689,54.89
7540824,1151692,63.22
7540824,1151694,56.87
7540824,1151995,64.45
7540824,1152171,54.97
7540824,1152172,56.12
7540824,1152173,65.35
7540824,1152194,52.46
7540824,1152248,110.38
7540824,1152255,100.88
7540824,1152296,18.13
7540824,1152302,57.24
7540824,1152379,74.13
7540824,1152380,45.87
7540824,1152478,69.9
7540824,1152650,104.01
7540824,1152655,154.16
7540824,1152657,74.37
7540824,1152658,90.26
7540824,1152664,147.2
7540824,1152704,47.38
7540824,1152843,79.83
7540824,1153077,161.54
7540824,1153239,112.82
7540824,1153249,111
7540824,1153343,46.42
7540824,1153346,78.91
7540824,1153482,195.06
7540824,1153483,92.57
7540824,1153555,127.8
7540824,1153603,2.52
7540824,1153717,44.97
7540824,1153751,165.64
7540824,1153828,86.95
7540824,1153935,117.54
7540824,1154020,101.83
7540824,1154094,9.19
7540824,1154150,35.5
7540824,1154153,18.5
7540824,1154154,18.5
7540824,1154155,24.84
7540824,1154156,12.18
7540824,1154192,150.76
7540824,1154193,132.53
7540824,1154197,193.64
7540824,1154198,344.7
7540824,1154199,94.75
7540824,1154201,134.54
7540824,1154211,91.21
7540824,1154214,64.45
7540824,1154215,39.95
7540824,1154216,155.88
7540824,1154217,155.88
7540824,1154221,123.24
7540824,1154222,115.15
7540824,1154224,162.59
7540824,1154225,83.7
7540824,1154226,97.31
7540824,1154227,91.6
7540824,1154229,68.36
7540824,1154230,76.86
7540824,1154232,108.09
7540824,1154233,290.21
7540824,1154234,68.08
7540824,1154236,78.39
7540824,1154237,81.84
7540824,1154239,122.61
7540824,1154244,86.03
7540824,1154245,118.97
7540824,1154246,130.57
7540824,1154247,52.75
7540824,1154248,47.33
7540824,1154249,68.3
7540824,1154250,59.84
7540824,1154251,54.23
7540824,1154252,78.69
7540824,1154796,147.85
7540824,1154934,35.06
7540824,1154948,44.6
7540824,1154964,53.82
7540824,1154969,41.2
7540824,1154997,921.32
7540824,1155037,59.16
7540824,1155047,87.29
7540824,1155058,4.27
7540824,1155075,106.99
7540824,1155117,108.61
7540824,1155244,88.76
7540824,1155288,38.15
7540824,1155323,0.01
7540824,1155472,121.88
7540824,1155473,83.92
7540824,1155520,84.98
7540824,1155545,16.91
7540824,1155562,44.56
7540824,1155651,36.06
7540824,1156014,45.33
7540824,1156110,11.83
7540824,1156304,39.01
7540824,1156505,71.98
7540824,1156527,10.34
7540824,1156578,41.08
7540824,1156610,12.1
7540824,1156623,58.93
7540824,1156625,47.21
7540824,1156626,48.29
7540824,1156857,74.17
7540824,1156891,71.46
7540824,1157015,65.69
7540824,1157171,69.14
7540824,1157293,62.79
7540824,1157329,108.69
7540824,1157403,38.9
7540824,1157673,126.26
7540824,1157744,38.24
7540824,1157859,65.54
7540824,1157863,65.54
7540824,1157865,64.92
7540824,1157886,40.3
7540824,1157895,40.91
7540824,1157897,48.08
7540824,1158081,109.44
7540824,1158086,107.82
7540824,1158111,54.23
7540824,1158210,119.66
7540824,1158241,111.95
7540824,1158246,89.63
7540824,1158449,72.18
7540824,1158715,0.01
7540824,1158863,12.85
7540824,1158895,78.79
7540824,1159075,3.48
7540824,1159082,7.36
7540824,1159169,74.86
7540824,1159297,0.01
7540824,1159332,65.91
7540824,1159335,144.05
7540824,1159356,72.6
7540824,1159396,47.02
7540824,1159401,69.37
7540824,1159454,5.12
7540824,1159561,52.78
7540824,1159628,73.34
7540824,1159779,91.4
7540824,1159814,121.86
7540824,1159841,47.5
7540824,1159956,63.47
7540824,1160247,81.92
7540824,1160282,47.94
7540824,1160427,222.51
7540824,1160428,231.65
7540824,1160429,231.65
7540824,1160430,231.65
7540824,1160608,39.29
7540824,1160674,83.7
7540824,1161068,103.2
7540824,1161554,35.43
7540824,1161571,120.45
7540824,1161572,63.2
7540824,1161706,112.69
7540824,1161713,125.61
7540824,1161802,65.58
7540824,1161803,65.77
7540824,1161931,137.11
7540824,1162073,81.52
7540824,1162129,9.55
7540824,1162145,61.9
7540824,1162396,68.21
7540824,1162426,19.41
7540824,1162586,46.4
7540824,1162588,45.15
7540824,1162592,73.63
7540824,1162594,75.38
7540824,1162595,33.22
7540824,1162670,48.15
7540824,1162671,53.63
7540824,1162672,40.87
7540824,1162796,1.54
7540824,1162907,8.39
7540824,1162916,49.25
7540824,1162933,56.34
7540824,1162947,11.49
7540824,1163046,186.11
7540824,1163086,101.28
7540824,1163089,43.19
7540824,1163147,31.37
7540824,1163395,66.01
7540824,1163583,3.09
7540824,1163601,112.34
7540824,1163807,45.76
7540824,1163808,52.17
7540824,1163810,55.32
7540824,1163812,59.75
7540824,1163813,42.45
7540824,1164058,79.81
7540824,1164102,219.11
7540824,1164269,45.06
7540824,1164490,63
7540824,1164522,168.22
7540824,1164524,34.73
7540824,1164525,200.43
7540824,1164526,235.31
7540824,1164536,70.82
7540824,1164539,98.09
7540824,1164543,245.74
7540824,1164544,212.44
7540824,1164557,126.02
7540824,1164645,222.51
7540824,1164693,45.21
7540824,1164900,39.45
7540824,1164922,13.07
7540824,1164923,11.53
7540824,1164990,54.03
7540824,1165306,33.89
7540824,1165469,57
7540824,1165478,122.19
7540824,1165501,71.57
7540824,1165504,20.46
7540824,1165522,66.46
7540824,1165524,71.43
7540824,1165545,0.01
7540824,1165598,84.17
7540824,1165673,36.47
7540824,1165681,31.03
7540824,1165730,117.43
7540824,1165747,42.63
7540824,1165787,80.96
7540824,1165961,209.46
7540824,1165965,5.2
7540824,1166143,39.44
7540824,1166182,107.62
7540824,1166358,91.67
7540824,1166394,75.2
7540824,1166396,75.91
7540824,1166397,83.33
7540824,1166398,101.99
7540824,1166401,113.18
7540824,1166443,44.45
7540824,1166444,6.73
7540824,1166464,70.01
7540824,1166514,42.63
7540824,1166549,15.28
7540824,1166550,75.01
7540824,1166586,84.57
7540824,1166598,106.94
7540824,1166607,124.91
7540824,1166608,114.09
7540824,1166644,8.01
7540824,1166645,34.92
7540824,1166765,10.67
7540824,1166786,46.21
7540824,1166820,72.03
7540824,1166998,45.96
7540824,1167028,91.4
7540824,1167034,126.12
7540824,1167041,45.72
7540824,1167050,73.4
7540824,1167059,12.63
7540824,1167060,11.33
7540824,1167061,26.67
7540824,1167062,37.58
7540824,1167063,47.78
7540824,1167065,101.34
7540824,1167067,278.41
7540824,1167160,191.93
7540824,1167168,74.17
7540824,1167199,86.2
7540824,1167201,100.08
7540824,1167209,48.62
7540824,1167228,4.16
7540824,1167335,161.12
7540824,1167481,79.8
7540824,1167733,10.07
7540824,1167802,26.6
7540824,1167807,69.42
7540824,1167816,39.44
7540824,1167837,133.29
7540824,1167854,42.99
7540824,1167996,77.83
7540824,1167998,145.43
7540824,1168115,118.27
7540824,1168223,54.82
7540824,1168433,113.72
7540824,1168450,36.32
7540824,1168501,50.5
7540824,1168669,39.44
7540824,1168670,39.44
7540824,1168707,39.44
7540824,1168765,92.03
7540824,1168789,78.24
7540824,1168793,78.24
7540824,1168795,91.62
7540824,1168799,113.81
7540824,1168872,41.36
7540824,1169052,51.24
7540824,1169055,47.72
7540824,1169059,116.9
7540824,1169154,39.44
7540824,1169155,39.44
7540824,1169156,39.44
7540824,1169157,39.44
7540824,1169158,39.44
7540824,1169159,37.19
7540824,1169160,39.44
7540824,1169161,39.44
7540824,1169162,39.44
7540824,1169163,129.18
7540824,1169164,39.44
7540824,1169165,39.44
7540824,1169166,39.44
7540824,1169167,39.44
7540824,1169169,39.46
7540824,1169170,39.44
7540824,1169171,39.44
7540824,1169182,92.03
7540824,1169185,92.03
7540824,1169186,92.03
7540824,1169190,92.03
7540824,1169191,92.03
7540824,1169192,92.03
7540824,1169202,43.2
7540824,1169204,53.45
7540824,1169209,130.64
7540824,1169210,102.92
7540824,1169231,91.03
7540824,1169233,48.5
7540824,1169234,51.4
7540824,1169238,86.45
7540824,1169239,51.4
7540824,1169261,31.81
7540824,1169262,33.42
7540824,1169263,28.8
7540824,1169264,36.35
7540824,1169265,56.24
7540824,1169266,53.59
7540824,1169278,66.12
7540824,1169651,40.39
7540824,1169748,51.81
7540824,1169824,57.79
7540824,1169835,109.38
7540824,1169860,24.82
7540824,1169868,25.22
7540824,1169869,31.77
7540824,1169870,38.98
7540824,1169871,37.33
7540824,1169872,46.43
7540824,1170066,210.21
7540824,1170162,12.2
7540824,1170292,45.06
7540824,1170293,96.17
7540824,1170378,146.18
7540824,1170384,53.72
7540824,1170538,60.26
7540824,1170539,66.44
7540824,1170687,41.6
7540824,1170742,44.18
7540824,1170754,64.75
7540824,1170811,119.66
7540824,1170827,8.16
7540824,1170830,43.99
7540824,1170851,15.2
7540824,1170852,196.54
7540824,1170874,37.05
7540824,1170876,37.05
7540824,1170879,37.05
7540824,1170881,37.05
7540824,1170885,82.28
7540824,1170887,56.68
7540824,1170994,5.43
7540824,1171109,69.82
7540824,1171130,72.53
7540824,1171821,69.15
7540824,1172018,74.44
7540824,1172188,128.62
7540824,1172197,34.78
7540824,1172198,37.45
7540824,1172200,45.92
7540824,1172201,37.47
7540824,1172202,27.94
7540824,1172233,0.01
7540824,1172241,41.35
7540824,1172407,1.53
7540824,1172431,92.67
7540824,1172608,40.96
7540824,1172628,4.26
7540824,1172662,45.34
7540824,1172697,20.46
7540824,1172752,22.64
7540824,1172801,21.8
7540824,1172884,114.05
7540824,1173036,48.23
7540824,1173194,132.19
7540824,1173218,56.84
7540824,1173226,50.72
7540824,1173430,2.52
7540824,1173459,128.07
7540824,1173467,89.96
7540824,1173683,34.6
7540824,1173902,69.91
7540824,1173943,23.59
7540824,1174006,9.09
7540824,1174014,49.03
7540824,1174659,12.13
7540824,1174753,56.68
7540824,1174847,80.15
7540824,1175161,74.18
7540824,1175285,38.39
7540824,1175286,55.72
7540824,1175287,84.65
7540824,1175338,96.64
7540824,1175378,5.6
7540824,1175525,0.01
7540824,1175535,76.63
7540824,1175680,160.82
7540824,1175724,102.16
7540824,1175778,34.78
7540824,1175789,105.99
7540824,1175924,28.34
7540824,1175944,35.01
7540824,1175949,22.9
7540824,1176135,47.78
7540824,1176136,67.6
7540824,1176411,78.3
7540824,1176524,67.53
7540824,1176734,22.26
7540824,1176807,89.58
7540824,1176858,16.91
7540824,1177035,50.06
7540824,1177075,235.13
7540824,1177105,59.29
7540824,1177122,60
7540824,1177123,30.74
7540824,1177124,37.23
7540824,1177180,43.81
7540824,1177264,156.12
7540824,1177354,110.98
7540824,1177392,86.43
7540824,1177501,149.84
7540824,1177528,64.38
7540824,1177590,46.59
7540824,1177596,153.69
7540824,1177752,133.31
7540824,1178770,142.88
7540824,1179444,304.47
7540824,1179704,43.95
7540824,1179791,24.6
7540824,1179793,43.06
7540824,1179796,110.09
7540824,1179797,30.81
7540824,1179798,56.31
7540824,1179799,124.34
7540824,1179801,63.43
7540824,1179802,63.43
7540824,1179803,63.43
7540824,1179804,81.52
7540824,1179805,63.16
7540824,1179923,43.82
7540824,1179924,38.32
7540824,1179955,29.48
7540824,1179956,48.63
7540824,1180084,126.64
7540824,1180506,39.95
7540824,1180514,62.62
7540824,1180617,0.01
7540824,1180814,115.4
7540824,1180816,79.09
7540824,1181009,58.26
7540824,1181139,81.73
7540824,1181141,43.19
7540824,1181143,43.19
7540824,1181144,37.29
7540824,1181146,37.29
7540824,1181279,57.98
7540824,1181527,64.74
7540824,1181528,64.74
7540824,1181600,0.01
7540824,1181619,48.34
7540824,1181784,64.74
7540824,1181785,64.74
7540824,1182245,72.97
7540824,1182586,32.26
7540824,1183371,117.56
7540824,1183567,140.01
7540824,1183569,1277.88
7540824,1183699,60.43
7540824,1183739,48.04
7540824,1183751,49.97
7540824,1183752,49.97
7540824,1183805,86.29
7540824,1183806,87.65
7540824,1183808,91.65
7540824,1183820,93.43
7540824,1183860,49.03
7540824,1183956,4.8
7540824,1184012,13.86
7540824,1184020,80.86
7540824,1184037,138.45
7540824,1184680,93.12
7540824,1184781,126.19
7540824,1184784,65.01
7540824,1184823,0.01
7540824,1184824,150.65
7540824,1184843,58.63
7540824,1184871,93.76
7540824,1184888,47.85
7540824,1184890,129.45
7540824,1184891,54.31
7540824,1184983,9.48
7540824,1185108,68.12
7540824,1185119,1277.88
7540824,1185188,48.65
7540824,1185284,96.74
7540824,1185465,43.53
7540824,1185724,194.6
7540824,1185826,106.49
7540824,1185922,76.71
7540824,1186172,94.9
7540824,1188342,42.3
7540824,1188344,30.84
7540824,1188573,60.33
7540824,1189120,55
7540824,1189235,27.59
7540824,1189236,27.59
7540824,1189237,42.21
7540824,1189238,27.85
7540824,1189292,179.63
7540824,1189293,179.63
7540824,1189294,179.63
7540824,1189296,23.96
7540824,1189297,24.56
7540824,1189298,47.21
7540824,1189299,61.15
7540824,1189318,46.84
7540824,1189347,23.03
7540824,1189395,56.31
7540824,1189396,56.31
7540824,1189400,82.5
7540824,1189401,75.09
7540824,1189404,55.02
7540824,1189409,26.65
7540824,1189524,87.09
7540824,1190404,74.42
7540824,1190465,85.98
7540824,1191234,102.28
7540824,1191280,91.65
7540824,1191282,34.52
7540824,1191321,40.57
7540824,1191379,34.78
7540824,1191410,52.18
7540824,1191417,47.6
7540824,1192169,66.96
7540824,1192176,64.73
7540824,1192320,40.72
7540824,1192322,39.01
7540824,1192323,43.31
7540824,1192324,43.05
7540824,1192325,47.4
7540824,1192326,47.36
7540824,1192327,87.65
7540824,1192328,92.61
7540824,1192329,46
7540824,1192337,28.17
7540824,1192338,41.42
7540824,1194000,24.32
7540824,1194196,52.08
7540824,1194381,48.04
7540824,1194621,130.77
7540824,1194894,41.72
7540824,1196325,2.1
7540824,1196326,1.44
7540824,1196327,1.99
7540824,1196328,3.25
7540824,1196332,3.02
7540824,1196335,72.81
7540824,1196336,53.23
7540824,1196337,21.04
7540824,1196338,8.01
7540824,1196627,94.32
7540824,1196645,15.7
7540824,1196682,92.97
7540824,1196801,4.09
7540824,1196807,5.89
7540824,1196808,7.34
7540824,1196810,13.61
7540824,1196814,3.32
7540824,1196815,2.52
7540824,1196821,2.22
7540824,1196861,46.16
7540824,1196903,3.66
7540824,1196904,109.18
7540824,1196907,4.94
7540824,1196908,2.73
7540824,1196911,6.24
7540824,1197144,68.25
7540824,1197418,99.73
7540824,1197722,49.43
7540824,1197746,66.56
7540824,1197812,68.25
7540824,1197909,119.1
7540824,1198215,0.01
7540824,1198621,105.73
7540824,1198898,37.25
7540824,1198974,22.64
7540824,1198984,111.35
7540824,1199280,84.16
7540824,1199773,63.29
7540824,1199789,119.69
7540824,1199800,119.69
7540824,1199980,30.71
7540824,1200182,20.9
7540824,1200254,18.96
7540824,1200299,70.84
7540824,1200518,92.07
7540824,1200588,107.57
7540824,1200639,71.57
7540824,1200750,63.34
7540824,1200846,106.2
7540824,1201101,4.87
7540824,1201107,28.78
7540824,1201249,0.01
7540824,1201457,25.03
7540824,1201481,35.13
7540824,1201682,23.28
7540824,1201717,284.46
7540824,1201743,51.51
7540824,1202532,82.47
7540824,1202622,6.78
7540824,1202644,101.96
7540824,1202671,92.79
7540824,1202687,65.36
7540824,1202711,53.94
7540824,1202729,4.56
7540824,1202744,73.96
7540824,1202838,86.42
7540824,1202839,89
7540824,1202840,21.27
7540824,1202853,95.52
7540824,1203005,115.26
7540824,1203044,82.91
7540824,1203171,57.61
7540824,1203282,0.01
7540824,1203333,28.9
7540824,1203405,86.41
7540824,1203456,87.01
7540824,1203458,95.6
7540824,1203597,37.78
7540824,1203897,41.08
7540824,1204036,25.44
7540824,1204149,0.01
7540824,1204262,101.37
7540824,1204263,101.37
7540824,1204320,38.82
7540824,1204643,145.44
7540824,1204731,55.65
7540824,1204734,55.65
7540824,1204907,63.81
7540824,1204909,26.25
7540824,1204939,45.06
7540824,1205048,9.56
7540824,1205082,24.32
7540824,1205162,55.2
7540824,1205367,42.63
7540824,1205617,70.13
7540824,1205708,101.34
7540824,1205709,226.2
7540824,1205710,695.17
7540824,1205967,18.46
7540824,1205968,0.01
7540824,1206016,74.31
7540824,1206116,36.6
7540824,1206120,90.57
7540824,1206169,48.53
7540824,1206355,72.91
7540824,1206520,0.01
7540824,1206676,122.67
7540824,1206683,19.04
7540824,1206707,45.34
7540824,1206708,24.56
7540824,1206709,49.47
7540824,1206810,66.19
7540824,1206881,74.66
7540824,1206893,551.26
7540824,1206914,62.94
7540824,1206948,38.14
7540824,1206955,41.11
7540824,1206958,31.58
7540824,1206969,106.2
7540824,1206971,46.29
7540824,1206972,75.9
7540824,1207013,158.99
7540824,1207014,199.39
7540824,1207028,110.33
7540824,1207040,87.73
7540824,1207041,36.43
7540824,1207099,82.93
7540824,1207126,29.25
7540824,1207146,136.42
7540824,1207158,38.66
7540824,1207160,199.23
7540824,1207191,72.91
7540824,1207193,83.73
7540824,1207206,96.77
7540824,1207250,148.76
7540824,1207251,189.14
7540824,1207252,128.44
7540824,1207271,66.28
7540824,1207272,67.63
7540824,1207273,67.83
7540824,1207276,108.31
7540824,1207304,22.74
7540824,1207345,21.39
7540824,1207372,106.49
7540824,1207381,69.07
7540824,1207444,66.16
7540824,1207449,83.43
7540824,1207451,110.55
7540824,1207452,99.19
7540824,1207453,52.09
7540824,1207487,29.55
7540824,1207489,40.01
7540824,1207490,40.01
7540824,1207516,85.25
7540824,1207577,39.05
7540824,1207580,59.53
7540824,1207582,96.51
7540824,1207607,141.83
7540824,1207663,103.2
7540824,1207669,49.3
7540824,1207788,13.86
7540824,1207791,152.45
7540824,1207828,52.09
7540824,1207891,17.92
7540824,1207961,111.28
7540824,1207962,81.63
7540824,1208137,59.24
7540824,1208160,125.69
7540824,1208226,436.6
7540824,1208237,96.32
7540824,1208251,161.3
7540824,1208299,99.27
7540824,1208300,52.09
7540824,1208301,62.72
7540824,1208326,87.04
7540824,1208352,81.56
7540824,1208364,79.81
7540824,1208456,91.97
7540824,1208459,124.2
7540824,1208550,141.15
7540824,1208579,89.09
7540824,1208614,99.27
7540824,1208617,222.51
7540824,1208635,40.64
7540824,1208636,22.55
7540824,1208640,62.27
7540824,1208647,124.22
7540824,1208691,164.93
7540824,1208697,59.45
7540824,1208760,299.47
7540824,1208819,120.5
7540824,1208828,75.13
7540824,1208831,131.74
7540824,1208832,138.95
7540824,1208833,175.1
7540824,1208886,40.01
7540824,1208888,37.79
7540824,1208889,68.26
7540824,1208897,73
7540824,1208956,44.36
7540824,1208994,155.14
7540824,1208996,119.97
7540824,1209001,40.85
7540824,1209044,50.47
7540824,1209100,0.01
7540824,1209363,54.23
7540824,1209415,94.45
7540824,1209417,110.14
7540824,1209453,217.76
7540824,1209454,115.68
7540824,1209455,157.17
7540824,1209638,104.6
7540824,1209665,76.11
7540824,1209858,58.34
7540824,1209952,52.09
7540824,1209955,87.04
7540824,1210319,63.29
7540824,1210459,116.73
7540824,1210461,7.78
7540824,1210463,0.01
7540824,1210467,0.01
7540824,1210469,0.01
7540824,1210511,103.74
7540824,1210575,83.83
7540824,1210599,59.25
7540824,1210600,41.64
7540824,1210611,65.03
7540824,1210640,123.03
7540824,1210659,50.06
7540824,1210751,52.56
7540824,1210752,52.78
7540824,1210775,0.01
7540824,1210784,42.85
7540824,1210803,108.17
7540824,1210820,170.55
7540824,1210829,82.46
7540824,1210830,29.55
7540824,1210838,41.55
7540824,1210871,111.57
7540824,1210873,96.7
7540824,1211180,67.52
7540824,1211196,88.9
7540824,1211300,56.37
7540824,1211324,120.03
7540824,1211423,73.83
7540824,1211440,72.49
7540824,1211623,65.45
7540824,1211737,131.92
7540824,1211738,174.62
7540824,1211893,32.51
7540824,1211894,32.51
7540824,1211903,40.05
7540824,1211917,39.47
7540824,1211927,213.52
7540824,1211958,36.46
7540824,1211968,61.41
7540824,1212777,33.57
7540824,1213112,20.08
7540824,1213185,44.56
7540824,1213241,54.44
7540824,1213347,73.13
7540824,1213356,165.15
7540824,1213488,104.37
7540824,1213593,40
7540824,1213847,110.95
7540824,1213896,38.14
7540824,1213898,38.14
7540824,1213935,128.27
7540824,1214048,38.5
7540824,1214233,3.81
7540824,1214239,112.08
7540824,1214250,213.52
7540824,1214255,194.82
7540824,1214440,41.4
7540824,1214477,41.55
7540824,1214605,155.07
7540824,1214651,53.03
7540824,1214823,47.05
7540824,1214966,148.45
7540824,1215001,38.5
7540824,1215002,38.5
7540824,1215272,47.69
7540824,1215580,56.6
7540824,1215604,34.78
7540824,1215681,72.91
7540824,1215734,72.31
7540824,1215920,155.43
7540824,1215978,86.5
7540824,1216042,38.65
7540824,1216120,102.16
7540824,1216231,38.76
7540824,1216242,20.08
7540824,1216258,47.5
7540824,1216425,94.76
7540824,1216442,0.01
7540824,1216627,25.92
7540824,1216722,0.01
7540824,1216807,141.15
7540824,1216824,0.01
7540824,1216873,133.31
7540824,1216950,111.4
7540824,1217026,194.83
7540824,1217041,0.01
7540824,1217519,48.45
7540824,1217573,120.03
7540824,1217711,96.96
7540824,1217757,19.06
7540824,1217933,119.45
7540824,1218038,96.87
7540824,1218041,50.57
7540824,1218145,72.91
7540824,1218269,136.61
7540824,1218555,68.32
7540824,1218835,87.28
7540824,1218860,85.78
7540824,1218900,74.39
7540824,1218901,72.25
7540824,1218938,106.66
7540824,1219128,194.82
7540824,1219675,48.38
7540824,1219699,55.12
7540824,1219736,182.14
7540824,1219743,106.49
7540824,1220219,72.91
7540824,1220221,18.61
7540824,1220368,76.07
7540824,1220552,74.72
7540824,1220604,147.2
7540824,1220790,39.69
7540824,1220796,68.45
7540824,1220871,60.71
7540824,1220890,66.66
7540824,1220948,41.29
7540824,1221085,137.4
7540824,1221182,53.65
7540824,1221255,0.01
7540824,1221316,96.77
7540824,1221511,20.08
7540824,1221782,52.61
7540824,1221963,113.56
7540824,1222120,127.57
7540824,1222153,31.28
7540824,1222223,54.95
7540824,1222301,117.78
7540824,1222392,31.52
7540824,1222477,9.42
7540824,1222492,48.42
7540824,1222541,20.65
7540824,1222635,38.67
7540824,1222658,23.42
7540824,1222994,41.98
7540824,1223342,62.52
7540824,1223350,110.81
7540824,1223384,125.7
7540824,1223564,96.47
7540824,1223952,7.42
7540824,1224171,48.93
7540824,1224222,198.63
7540824,1224926,49.59
7540824,1225139,71.56
7540824,1225248,93.38
7540824,1225289,116.4
7540824,1225339,35.06
7540824,1225342,61.42
7540824,1225450,95.23
7540824,1225646,69.67
7540824,1225710,116.97
7540824,1226066,14.87
7540824,1226068,70.26
7540824,1226191,198.63
7540824,1226217,0.01
7540824,1226515,11.82
7540824,1226642,177.55
7540824,1226683,92.3
7540824,1226685,111.68
7540824,1226686,66.59
7540824,1226687,68.66
7540824,1226688,118.42
7540824,1226689,111.68
7540824,1226690,54.91
7540824,1226691,90.33
7540824,1226694,88.14
7540824,1226696,120.52
7540824,1226697,74.51
7540824,1226698,94.88
7540824,1226699,80.98
7540824,1226700,71.77
7540824,1226754,42.83
7540824,1226884,193.9
7540824,1226891,2.52
7540824,1226989,124.58
7540824,1227049,111.64
7540824,1227108,73.86
7540824,1227432,27.68
7540824,1227654,86.4
7540824,1227782,38.76
7540824,1227784,44.02
7540824,1227838,77.14
7540824,1227859,69.4
7540824,1227992,80.74
7540824,1228201,76.29
7540824,1228379,138.45
7540824,1228436,69.59
7540824,1228474,5.38
7540824,1228700,52.18
7540824,1228806,208.73
7540824,1228808,321.13
7540824,1228884,20.8
7540824,1228974,54.87
7540824,1229006,61.21
7540824,1229163,56.83
7540824,1229301,80.97
7540824,1229355,34.16
7540824,1229375,69.08
7540824,1229474,127.08
7540824,1229502,21.45
7540824,1229683,31.28
7540824,1229763,39.3
7540824,1229916,75.25
7540824,1229969,29.25
7540824,1229982,109.6
7540824,1230017,145.43
7540824,1230272,170.13
7540824,1230615,70.7
7540824,1230664,20.58
7540824,1230754,198.63
7540824,1230839,114.74
7540824,1230962,31.63
7540824,1230970,51.93
7540824,1231037,198.63
7540824,1231085,62.67
7540824,1231086,57.35
7540824,1231119,80.67
7540824,1231225,31.74
7540824,1231257,38.85
7540824,1231329,87.38
7540824,1231364,60.95
7540824,1231399,26.89
7540824,1231505,100.48
7540824,1231701,50.84
7540824,1231737,24.6
7540824,1231803,87.33
7540824,1231818,80.2
7540824,1231845,41.25
7540824,1231899,133.46
7540824,1231906,0.01
7540824,1232016,126.02
7540824,1232142,97.06
7540824,1232171,146.81
7540824,1232451,32.7
7540824,1232532,42.89
7540824,1232554,91.11
7540824,1232555,187.14
7540824,1232562,33.23
7540824,1232611,88.43
7540824,1232616,78.36
7540824,1232896,57.84
7540824,1232961,27.07
7540824,1233016,39.91
7540824,1233026,114.73
7540824,1233153,163.3
7540824,1233261,7.05
7540824,1233272,34.16
7540824,1233395,58.42
7540824,1233396,53.65
7540824,1233398,41.82
7540824,1233399,52.3
7540824,1233405,39.96
7540824,1233406,56.28
7540824,1233407,67.32
7540824,1233408,135.6
7540824,1233520,76.11
7540824,1233805,117.9
7540824,1233816,98.34
7540824,1233823,91.76
7540824,1233900,213.52
7540824,1233955,38.04
7540824,1233982,132.27
7540824,1234113,36.32
7540824,1234326,26.89
7540824,1234406,89.01
7540824,1234469,88.9
7540824,1234865,88.13
7540824,1234871,43.52
7540824,1234884,108.79
7540824,1234898,26.66
7540824,1234944,74.17
7540824,1235018,34.59
7540824,1235121,65.82
7540824,1235265,81.92
7540824,1235343,51.73
7540824,1235391,9.62
7540824,1235522,210.61
7540824,1235633,34.42
7540824,1235640,37.19
7540824,1235642,52.81
7540824,1235861,55.32
7540824,1235886,38.72
7540824,1235922,102.77
7540824,1236025,32.68
7540824,1236054,6.95
7540824,1236150,55.77
7540824,1236151,36.57
7540824,1236238,16.39
7540824,1236283,32.17
7540824,1236307,5.42
7540824,1236317,12.36
7540824,1236351,67.74
7540824,1236432,126.82
7540824,1236433,92.41
7540824,1236434,82.73
7540824,1236468,57.99
7540824,1236509,173.86
7540824,1237249,70.43
7540824,1237253,10.42
7540824,1237255,54.12
7540824,1237257,111.28
7540824,1237279,13.07
7540824,1237281,50.18
7540824,1237284,80.67
7540824,1237420,49.68
7540824,1237811,131.21
7540824,1237868,198.63
7540824,1237939,71.59
7540824,1237954,58.78
7540824,1238016,38.5
7540824,1238044,0.01
7540824,1238079,43.45
7540824,1238210,42.5
7540824,1238250,31.62
7540824,1238393,45.66
7540824,1238421,194.82
7540824,1238609,0.01
7540824,1238619,175.53
7540824,1238624,18.5
7540824,1238706,35.28
7540824,1238746,69.06
7540824,1238797,78.44
7540824,1238821,154.64
7540824,1239237,44.99
7540824,1239697,42.69
7540824,1239734,143.83
7540824,1239758,38.14
7540824,1239762,130.37
7540824,1239794,95.56
7540824,1239813,0.93
7540824,1239820,84.35
7540824,1240058,165.57
7540824,1240070,76.07
7540824,1240173,126.43
7540824,1240305,84.17
7540824,1240308,17
7540824,1240373,44.56
7540824,1240480,53.65
7540824,1240488,168.22
7540824,1240665,43.99
7540824,1240741,33.01
7540824,1240934,29.55
7540824,1240935,29.55
7540824,1240937,29.55
7540824,1241020,86.2
7540824,1241028,85.68
7540824,1241083,90.49
7540824,1241177,57.34
7540824,1241241,58.56
7540824,1241489,37.03
7540824,1241495,60.48
7540824,1241496,60.48
7540824,1241497,24.69
7540824,1241499,48.42
7540824,1241532,51.15
7540824,1241620,66.59
7540824,1241741,173.86
7540824,1241766,94.83
7540824,1241949,5.3
7540824,1241984,111.83
7540824,1242143,0.01
7540824,1242205,106.39
7540824,1242228,129.18
7540824,1242344,19.53
7540824,1242388,98.27
7540824,1242391,77.09
7540824,1242432,104.6
7540824,1242639,57.25
7540824,1242655,104.11
7540824,1242669,0.01
7540824,1243086,45.27
7540824,1243107,0.01
7540824,1243113,73.06
7540824,1243129,95.29
7540824,1243222,31.5
7540824,1243294,74.71
7540824,1243660,123.03
7540824,1243704,34.59
7540824,1243825,79.81
7540824,1243969,106.54
7540824,1244087,121.47
7540824,1244089,30
7540824,1244130,35.85
7540824,1244146,39.76
7540824,1244183,40.71
7540824,1244225,104.6
7540824,1244242,90.46
7540824,1244261,57.59
7540824,1244262,57.59
7540824,1244263,57.59
7540824,1244264,57.59
7540824,1244349,135.35
7540824,1244355,113.03
7540824,1244423,14.77
7540824,1244725,53.65
7540824,1244778,74.6
7540824,1244800,35.7
7540824,1244908,89.5
7540824,1245105,39.18
7540824,1245218,49.95
7540824,1245220,23.09
7540824,1245221,37.36
7540824,1245429,102.33
7540824,1245581,63.01
7540824,1246013,63.66
7540824,1246075,7.78
7540824,1246152,76.87
7540824,1246155,51.68
7540824,1246222,51.23
7540824,1246278,94.81
7540824,1246354,60.53
7540824,1246402,47.55
7540824,1246521,117.68
7540824,1246647,10.67
7540824,1247338,54.17
7540824,1247453,89.91
7540824,1247454,100.68
7540824,1247507,65.17
7540824,1247509,43.44
7540824,1247565,62.1
7540824,1247712,89.07
7540824,1247735,0.01
7540824,1247743,89.09
7540824,1247762,27.95
7540824,1247763,54.32
7540824,1247765,42.25
7540824,1247812,16.6
7540824,1247881,76.07
7540824,1247930,143.83
7540824,1248032,70.18
7540824,1248076,26.85
7540824,1248219,133.31
7540824,1248224,0.01
7540824,1248321,46.36
7540824,1248453,78.24
7540824,1248480,59.56
7540824,1248764,109.09
7540824,1248799,58.92
7540824,1248955,129.4
7540824,1248963,21.26
7540824,1249192,14.13
7540824,1249374,21.8
7540824,1249380,51.17
7540824,1249975,34.86
7540824,1249995,195.74
7540824,1250056,49.38
7540824,1250059,38.21
7540824,1250579,38.89
7540824,1250581,1.53
7540824,1250603,151.29
7540824,1250630,51.54
7540824,1250658,53.01
7540824,1250663,1.47
7540824,1250758,123.47
7540824,1250838,58.34
7540824,1250868,35.5
7540824,1251118,117.44
7540824,1251288,105.02
7540824,1251299,38.04
7540824,1251308,80.67
7540824,1251342,42.13
7540824,1251343,57.61
7540824,1251344,0.01
7540824,1251615,91.25
7540824,1251616,91.25
7540824,1251617,91.25
7540824,1251625,80.62
7540824,1251679,173.24
7540824,1251971,95.12
7540824,1252050,6.95
7540824,1252052,37.19
7540824,1252140,110.7
7540824,1252235,72.95
7540824,1252348,65.91
7540824,1252669,63.01
7540824,1252697,64.91
7540824,1252710,2.35
7540824,1252711,20
7540824,1253242,6.95
7540824,1253248,6.95
7540824,1253304,5.42
7540824,1253475,88.95
7540824,1253560,76.26
7540824,1253732,32.84
7540824,1253749,66.27
7540824,1253814,78.95
7540824,1253931,106.12
7540824,1254081,11.69
7540824,1254516,76.93
7540824,1254782,39.38
7540824,1254783,43.26
7540824,1254784,45.3
7540824,1254785,39.24
7540824,1254786,40.89
7540824,1254789,33.46
7540824,1254791,39.85
7540824,1254792,54.17
7540824,1254794,64.1
7540824,1254795,43.27
7540824,1254796,44.11
7540824,1254797,76.35
7540824,1254800,74.46
7540824,1254813,108.02
7540824,1254856,89.78
7540824,1254861,120.57
7540824,1254866,258.35
7540824,1254947,77.55
7540824,1254948,49.54
7540824,1254951,39.09
7540824,1254953,33.97
7540824,1254967,45.17
7540824,1254968,51.65
7540824,1254970,51.86
7540824,1254975,33.83
7540824,1254985,68.8
7540824,1254989,37.04
7540824,1255081,149.87
7540824,1255178,38.41
7540824,1255210,38.46
7540824,1255263,33.52
7540824,1255356,4.56
7540824,1255688,67.64
7540824,1256059,0.01
7540824,1256082,164.93
7540824,1256156,898.86
7540824,1256321,39.38
7540824,1256364,95.75
7540824,1256529,2.43
7540824,1256898,42.51
7540824,1256900,53.21
7540824,1256904,40.11
7540824,1256906,71.8
7540824,1257025,94.43
7540824,1257139,67.57
7540824,1257268,36.89
7540824,1257387,15.12
7540824,1257704,68.43
7540824,1257705,32.19
7540824,1257863,897.34
7540824,1258149,122.1
7540824,1258296,71.74
7540824,1258414,0.01
7540824,1258438,115.69
7540824,1258488,20
7540824,1258686,42.56
7540824,1258825,321.66
7540824,1258898,10.68
7540824,1259157,59.4
7540824,1259274,5.2
7540824,1259353,146.02
7540824,1259426,140.18
7540824,1259588,75.2
7540824,1259802,222.63
7540824,1259828,56.31
7540824,1259930,138.87
7540824,1259987,74.65
7540824,1260001,152.37
7540824,1260910,15.81
7540824,1260922,50.09
7540824,1260923,4.38
7540824,1260925,5.96
7540824,1261081,173.63
7540824,1261370,82.98
7540824,1261377,85.63
7540824,1261522,74.17
7540824,1261823,111.98
7540824,1261893,78.95
7540824,1261970,82.84
7540824,1262278,103.67
7540824,1262488,80.91
7540824,1262595,4.13
7540824,1262608,91.25
7540824,1262634,16.12
7540824,1262779,0.01
7540824,1263119,7.64
7540824,1263251,139.39
7540824,1263291,107.53
7540824,1263688,188.44
7540824,1263760,134.36
7540824,1263792,32.54
7540824,1263989,115.02
7540824,1264088,21.04
7540824,1264274,89.76
7540824,1264275,45.14
7540824,1264280,6.7
7540824,1264327,0.01
7540824,1264332,45.74
7540824,1264495,46.3
7540824,1264496,0.01
7540824,1264497,61.37
7540824,1264547,2.73
7540824,1264710,63.16
7540824,1264711,63.16
7540824,1264870,6.71
7540824,1264896,4.56
7540824,1264898,2.45
7540824,1264923,109.18
7540824,1264983,63.67
7540824,1265019,3.44
7540824,1265102,63.16
7540824,1265103,63.16
7540824,1265154,95.26
7540824,1265155,86.3
7540824,1265156,171.59
7540824,1265157,32.8
7540824,1265159,35.86
7540824,1265161,44.23
7540824,1265174,52.41
7540824,1265883,81.95
7540824,1265895,58.23
7540824,1266067,48.89
7540824,1266178,17.81
7540824,1266436,107.46
7540824,1266445,77.51
7540824,1266473,55.99
7540824,1266684,119.69
7540824,1266746,96.51
7540824,1266796,20.77
7540824,1266890,34.25
7540824,1267120,36.98
7540824,1267147,31.5
7540824,1267241,76.07
7540824,1267422,35.73
7540824,1267604,97.06
7540824,1267759,6.03
7540824,1267912,1.11
7540824,1268045,165.62
7540824,1268074,75.96
7540824,1268100,71.68
7540824,1268101,71.68
7540824,1268104,62.7
7540824,1268105,63.84
7540824,1268108,74.81
7540824,1268109,56.22
7540824,1268153,31.5
7540824,1268534,64.91
7540824,1268683,8.06
7540824,1268887,63.67
7540824,1268908,89.42
7540824,1269153,109.99
7540824,1269192,107.09
7540824,1269193,41.87
7540824,1269194,84.42
7540824,1269196,74.31
7540824,1269197,137.63
7540824,1269198,164.79
7540824,1269199,85.1
7540824,1269200,146.69
7540824,1269201,127.06
7540824,1269203,65.62
7540824,1269204,141.85
7540824,1269205,92.8
7540824,1269207,73.06
7540824,1269209,71.3
7540824,1269211,70.41
7540824,1269212,128.91
7540824,1269213,85.98
7540824,1269214,80.13
7540824,1269215,129.66
7540824,1269216,113.01
7540824,1269218,109.75
7540824,1269219,45.57
7540824,1269220,119.43
7540824,1269221,103.42
7540824,1269222,37.25
7540824,1269223,64.9
7540824,1269224,69.25
7540824,1269225,70.55
7540824,1269299,92.4
7540824,1269717,35.32
7540824,1269720,134.73
7540824,1269721,45.79
7540824,1269885,48.08
7540824,1269914,150.01
7540824,1269954,2.43
7540824,1270104,63.56
7540824,1270123,53.62
7540824,1270124,74.31
7540824,1270125,79.5
7540824,1270214,81.03
7540824,1270215,101.86
7540824,1270218,0.01
7540824,1270265,91.4
7540824,1270347,27.31
7540824,1270409,35.44
7540824,1270468,1.79
7540824,1270535,38.83
7540824,1270641,30.85
7540824,1270679,76.51
7540824,1270687,28.94
7540824,1270836,46.09
7540824,1270841,133.18
7540824,1270890,9.87
7540824,1271123,55.39
7540824,1271131,0.01
7540824,1271178,39.49
7540824,1271202,78.88
7540824,1271210,27.86
7540824,1271530,80.09
7540824,1271639,75.82
7540824,1271718,22.74
7540824,1271936,42.12
7540824,1272033,141.02
7540824,1272058,34.03
7540824,1272120,6.91
7540824,1272123,77.51
7540824,1272417,39.38
7540824,1272466,144.51
7540824,1272467,131.61
7540824,1272468,156.9
7540824,1272554,41.43
7540824,1272555,48.08
7540824,1272556,48.08
7540824,1272557,75.09
7540824,1272558,70.23
7540824,1272559,57.03
7540824,1272560,57.03
7540824,1272561,57.03
7540824,1272562,60.48
7540824,1272648,51.61
7540824,1272716,0.01
7540824,1272717,0.01
7540824,1272719,63.07
7540824,1272720,57.9
7540824,1272767,47.17
7540824,1272808,77.55
7540824,1272964,68.19
7540824,1273073,77.55
7540824,1273107,42.09
7540824,1273152,4.39
7540824,1273233,23.27
7540824,1273290,3.91
7540824,1273291,10.27
7540824,1273292,10.27
7540824,1273294,7.81
7540824,1273303,2.7
7540824,1273341,117.63
7540824,1273401,11.01
7540824,1273551,135.62
7540824,1273567,68.62
7540824,1273568,78.25
7540824,1273627,6.1
7540824,1273698,69.15
7540824,1273837,0.01
7540824,1273898,21.1
7540824,1273899,20
7540824,1273900,20.48
7540824,1273901,20.19
7540824,1273902,17.99
7540824,1273903,27.91
7540824,1274253,13.86
7540824,1274397,204.07
7540824,1274543,45.55
7540824,1274554,15.89
7540824,1274612,141.05
7540824,1274617,74.62
7540824,1274737,12.52
7540824,1274793,60.68
7540824,1274910,37.87
7540824,1275017,52.11
7540824,1275078,79.62
7540824,1275080,61.42
7540824,1275279,64.26
7540824,1275322,86.53
7540824,1275399,64.77
7540824,1275404,8.92
7540824,1275628,76.79
7540824,1275630,184.53
7540824,1275884,135.38
7540824,1275887,66.89
7540824,1276002,111.26
7540824,1276142,63.56
7540824,1276298,42.12
7540824,1276351,34.25
7540824,1276352,34.25
7540824,1276353,34.25
7540824,1276394,87.9
7540824,1276515,3.45
7540824,1276516,0.65
7540824,1276727,69.2
7540824,1276728,102.47
7540824,1276729,99.42
7540824,1277667,7.33
7540824,1277916,20.09
7540824,1277982,1.97
7540824,1278121,64.17
7540824,1278369,264.13
7540824,1278471,41.92
7540824,1279016,63.1
7540824,1279017,59
7540824,1279208,32.06
7540824,1279660,307.54
7540824,1279735,7.11
7540824,1279751,195.74
7540824,1279823,2.97
7540824,1279851,47.96
7540824,1280070,8.21
7540824,1280075,64.39
7540824,1280427,51.05
7540824,1280516,169.56
7540824,1280517,76.24
7540824,1281211,215.16
7540824,1281392,28.83
7540824,1281417,23.97
7540824,1282187,94.89
7540824,1282284,84.1
7540824,1282406,258.35
7540824,1282757,57.35
7540824,1282809,7.67
7540824,1282899,47.55
7540824,1283015,41.06
7540824,1283378,10.94
7540824,1283429,61.58
7540824,1283498,18.38
7540824,1283715,67.49
7540824,1283813,30.85
7540824,1283828,262.73
7540824,1283830,24.32
7540824,1284060,41.35
7540824,1284062,56.02
7540824,1284096,42.12
7540824,1284238,53.37
7540824,1284398,63.34
7540824,1284496,45.22
7540824,1284961,53.28
7540824,1284962,54.21
7540824,1285114,49.14
7540824,1285115,54.44
7540824,1285119,36.4
7540824,1285144,93.56
7540824,1285162,54.29
7540824,1285498,166.68
7540824,1285777,142.37
7540824,1285799,138.45
7540824,1285805,68.41
7540824,1285817,33.52
7540824,1285924,41.62
7540824,1286252,80.01
7540824,1286516,0.01
7540824,1286823,9.63
7540824,1287136,58.67
7540824,1287162,143.4
7540824,1287317,83.63
7540824,1287319,42.57
7540824,1287640,225.02
7540824,1287642,118.31
7540824,1287733,54.3
7540824,1287734,57.13
7540824,1287769,10.94
7540824,1287771,41.31
7540824,1287822,106.9
7540824,1287936,50.09
7540824,1288212,99.06
7540824,1288293,20.35
7540824,1288383,0.01
7540824,1288521,96.56
7540824,1288788,63.66
7540824,1288790,89.13
7540824,1289079,37.11
7540824,1289282,107.14
7540824,1289460,0.01
7540824,1289461,0.01
7540824,1289462,0.01
7540824,1289469,111.32
7540824,1289550,84.45
7540824,1289750,18.52
7540824,1289919,187.35
7540824,1290066,56.75
7540824,1290099,23.32
7540824,1290292,51.97
7540824,1290431,180.99
7540824,1290440,76.34
7540824,1290561,47.46
7540824,1290577,16.32
7540824,1290842,30.92
7540824,1290849,26.73
7540824,1291282,126.07
7540824,1291285,150.01
7540824,1291446,321.66
7540824,1291450,19.91
7540824,1291517,83.54
7540824,1291742,106.21
7540824,1291846,92.6
7540824,1291847,118.07
7540824,1292084,50.24
7540824,1292324,17.2
7540824,1292370,32.38
7540824,1292416,9.45
7540824,1292417,4.93
7540824,1292473,4.43
7540824,1292541,69.51
7540824,1292626,119.69
7540824,1292689,0.01
7540824,1292867,35.04
7540824,1293052,63.56
7540824,1293233,91.33
7540824,1293284,81.81
7540824,1293300,44.46
7540824,1293398,683.24
7540824,1293424,85.25
7540824,1293493,10.2
7540824,1293549,142.37
7540824,1293793,35.04
7540824,1293796,35.04
7540824,1293816,44.08
7540824,1293850,148.87
7540824,1293876,32.94
7540824,1293937,210.98
7540824,1294287,80.08
7540824,1294461,24.45
7540824,1294591,70.27
7540824,1294639,99.41
7540824,1294643,24.63
7540824,1295031,40.27
7540824,1295034,40.27
7540824,1295063,7.11
7540824,1295135,6.26
7540824,1295183,71.81
7540824,1295354,187.35
7540824,1295418,32.18
7540824,1295617,35.38
7540824,1295812,37.85
7540824,1295814,42.12
7540824,1295986,18.28
7540824,1295991,22.48
7540824,1296036,52.41
7540824,1296119,54.7
7540824,1296122,57.96
7540824,1296323,117.23
7540824,1296374,18.55
7540824,1296384,75.39
7540824,1296486,98.25
7540824,1296497,67.52
7540824,1296717,72.97
7540824,1296805,46.17
7540824,1297457,66.95
7540824,1297512,48.75
7540824,1297609,0.01
7540824,1297656,29.99
7540824,1297870,15.22
7540824,1297871,15.22
7540824,1297966,170.13
7540824,1298066,4.04
7540824,1298068,3.68
7540824,1298319,51.07
7540824,1298368,283.95
7540824,1298369,289.42
7540824,1298389,28.68
7540824,1299143,391.26
7540824,1299438,35.04
7540824,1299496,67.01
7540824,1299508,482.21
7540824,1299518,2162.13
7540824,1299535,236.62
7540824,1299562,777.75
7540824,1299635,45.12
7540824,1299641,50.55
7540824,1299734,69.73
7540824,1300064,73.84
7540824,1300245,48.01
7540824,1300258,52.63
7540824,1300350,6.1
7540824,1300598,88.21
7540824,1300648,15.22
7540824,1300706,76.26
7540824,1300789,52.12
7540824,1300991,125.84
7540824,1301058,120.76
7540824,1301159,70.42
7540824,1301209,0.01
7540824,1301405,83.34
7540824,1301459,3.32
7540824,1302074,52.03
7540824,1302158,58.86
7540824,1302160,33.85
7540824,1302197,141.65
7540824,1302323,86.47
7540824,1302342,14.82
7540824,1302573,93.21
7540824,1302724,0.01
7540824,1302728,0.01
7540824,1303246,40.27
7540824,1303337,80.92
7540824,1303378,408.34
7540824,1303387,59.5
7540824,1303449,99.39
7540824,1303473,114.22
7540824,1303622,51.09
7540824,1303623,61.68
7540824,1303626,3.14
7540824,1303628,83.72
7540824,1304226,169.56
7540824,1304573,124.58
7540824,1304593,4.94
7540824,1304968,61.96
7540824,1304972,49.25
7540824,1305085,165.08
7540824,1305384,68.88
7540824,1305414,48.01
7540824,1305575,64.91
7540824,1305585,25.5
7540824,1305589,16.55
7540824,1305596,61.96
7540824,1305826,61.96
7540824,1305829,45.92
7540824,1305833,16.12
7540824,1306001,61.96
7540824,1306059,29.39
7540824,1306070,22.26
7540824,1306140,42.03
7540824,1306207,42.03
7540824,1306324,76.34
7540824,1306326,76.34
7540824,1306429,64.97
7540824,1306499,34.12
7540824,1306506,48.68
7540824,1306511,26.06
7540824,1306513,31.21
7540824,1306568,99.74
7540824,1306705,67.49
7540824,1306743,31.6
7540824,1306745,25.81
7540824,1306748,28.72
7540824,1306751,32.35
7540824,1306752,22
7540824,1306761,25.12
7540824,1306762,23.58
7540824,1306769,66.34
7540824,1306770,44.33
7540824,1307122,56.84
7540824,1307164,5.47
7540824,1307351,38
7540824,1307465,309.99
7540824,1307466,4.7
7540824,1307761,87.96
7540824,1307871,123.2
7540824,1307873,129.45
7540824,1307874,123.2
7540824,1307901,198.63
7540824,1308153,129.8
7540824,1308161,82.12
7540824,1308166,48.5
7540824,1308190,80.92
7540824,1308260,42.62
7540824,1308417,55.65
7540824,1308534,7.57
7540824,1308598,36.11
7540824,1308696,153.21
7540824,1309125,49.25
7540824,1309271,76.34
7540824,1309356,57.68
7540824,1309682,54.31
7540824,1309683,54.31
7540824,1309684,73.62
7540824,1309689,82.23
7540824,1309691,82.23
7540824,1309937,61.96
7540824,1310099,93.76
7540824,1310229,73.39
7540824,1310543,59.82
7540824,1310911,5.87
7540824,1311048,73.48
7540824,1311053,94.04
7540824,1311054,93.76
7540824,1311055,93.76
7540824,1311056,93.76
7540824,1311057,54.31
7540824,1311058,54.31
7540824,1311184,16.18
7540824,1311424,20.96
7540824,1311518,7.5
7540824,1311680,48.09
7540824,1311918,37.77
7540824,1311963,5.54
7540824,1312070,0.01
7540824,1312213,29.55
7540824,1312326,6.35
7540824,1312386,63.56
7540824,1312600,197.05
7540824,1312651,184.53
7540824,1312872,58.73
7540824,1312874,55.25
7540824,1312914,62.27
7540824,1313350,5.38
7540824,1313390,50.04
7540824,1313393,68.89
7540824,1313398,5.35
7540824,1313606,1.46
7540824,1313976,37.5
7540824,1314009,73.61
7540824,1314062,29.55
7540824,1314063,29.55
7540824,1314260,74.53
7540824,1314370,1.54
7540824,1314390,3.62
7540824,1314434,177.24
7540824,1314682,40.92
7540824,1314729,6.95
7540824,1314802,57.22
7540824,1314816,6.84
7540824,1314936,40.98
7540824,1315044,22.05
7540824,1315216,51.76
7540824,1315235,121.22
7540824,1315240,47.11
7540824,1315302,65.09
7540824,1315625,13.58
7540824,1315660,20.85
7540824,1315822,48.38
7540824,1315850,2162.13
7540824,1315858,78.14
7540824,1315979,34.61
7540824,1316049,6.34
7540824,1316141,132.34
7540824,1316429,2.44
7540824,1316617,667.06
7540824,1316816,8.81
7540824,1316838,14.1
7540824,1316873,55.64
7540824,1316982,4.41
7540824,1317040,20
7540824,1317123,33.47
7540824,1317124,33.47
7540824,1317125,33.47
7540824,1317126,33.47
7540824,1317127,33.47
7540824,1317128,33.47
7540824,1317129,33.47
7540824,1317165,37.5
7540824,1317221,8.23
7540824,1317277,2.69
7540824,1317280,2.22
7540824,1317298,74.17
7540824,1317308,113.76
7540824,1317433,33.3
7540824,1317643,36.28
7540824,1317668,187.11
7540824,1317670,151.29
7540824,1317706,16.91
7540824,1317783,225.62
7540824,1317881,5.24
7540824,1317892,7.64
7540824,1317902,7.27
7540824,1317904,9.56
7540824,1317909,61.94
7540824,1317973,127.16
7540824,1318128,77.05
7540824,1318132,48.56
7540824,1318220,228.75
7540824,1318235,57.03
7540824,1318435,43.52
7540824,1318544,132.93
7540824,1318794,79.98
7540824,1319149,87.92
7540824,1319289,94.76
7540824,1319344,21.04
7540824,1319741,1.54
7540824,1319816,54.06
7540824,1319847,107.09
7540824,1319849,57.79
7540824,1319850,78.4
7540824,1320462,38
7540824,1320537,54.83
7540824,1320672,29.26
7540824,1320798,31.5
7540824,1320881,102.27
7540824,1321151,41.89
7540824,1321164,87.3
7540824,1321284,173.9
7540824,1321430,52.46
7540824,1321431,55.37
7540824,1321510,104.23
7540824,1321737,87.28
7540824,1321751,119.38
7540824,1321783,150.78
7540824,1321982,41.67
7540824,1322125,74.36
7540824,1322193,45.49
7540824,1322398,115.29
7540824,1322431,28.69
7540824,1322444,48.56
7540824,1322472,51.13
7540824,1322491,97.23
7540824,1322503,102.25
7540824,1322601,107.64
7540824,1322674,3.1
7540824,1322689,98.17
7540824,1322848,14.76
7540824,1322981,103.62
7540824,1323187,55.61
7540824,1323414,34.56
7540824,1323854,69.62
7540824,1323881,71.34
7540824,1323990,165.35
7540824,1324436,77.45
7540824,1324473,179.4
7540824,1324639,62.3
7540824,1324712,123.68
7540824,1324918,57.98
7540824,1325297,82.01
7540824,1325466,123.2
7540824,1326034,138.15
7540824,1326036,19.15
7540824,1326051,107.93
7540824,1326053,76.64
7540824,1326073,93.21
7540824,1326074,87.53
7540824,1326382,78.93
7540824,1326447,48.56
7540824,1326609,42.31
7540824,1326643,34.78
7540824,1326651,130.73
7540824,1326697,5.72
7540824,1326970,96.88
7540824,1326981,13.07
7540824,1326983,120.5
7540824,1327331,76.34
7540824,1327431,81.12
7540824,1327432,53.82
7540824,1327503,179.25
7540824,1328062,67.52
7540824,1328085,64.43
7540824,1328088,64.43
7540824,1328351,55.46
7540824,1328577,68.34
7540824,1328694,5.72
7540824,1328839,64.67
7540824,1328961,82.1
7540824,1328963,41.48
7540824,1329031,53.75
7540824,1329062,91.55
7540824,1329139,85.38
7540824,1329152,28.76
7540824,1329713,0.01
7540824,1329723,57.77
7540824,1329760,44.24
7540824,1330008,6.31
7540824,1330012,82.01
7540824,1330428,31.25
7540824,1330435,156.12
7540824,1330488,68.89
7540824,1330533,48.15
7540824,1330770,53.48
7540824,1331007,71.34
7540824,1331071,81.75
7540824,1331159,30.57
7540824,1331416,53.75
7540824,1331418,7.64
7540824,1331539,57.98
7540824,1331701,101.91
7540824,1331708,0.01
7540824,1331813,48.51
7540824,1331998,21.02
7540824,1332302,21
7540824,1332369,6.03
7540824,1332409,58.22
7540824,1332574,19.58
7540824,1332626,143.9
7540824,1332717,92
7540824,1333675,128.63
7540824,1333996,82.93
7540824,1334142,30.1
7540824,1334209,4.77
7540824,1334499,103.9
7540824,1334919,38.9
7540824,1335006,113.27
7540824,1335401,32.46
7540824,1335423,131.32
7540824,1335430,84.81
7540824,1335643,244.31
7540824,1335678,173.24
7540824,1335778,61.21
7540824,1335914,65.93
7540824,1335984,99.42
7540824,1335990,39.56
7540824,1335996,58.6
7540824,1335999,84.1
7540824,1336001,93.17
7540824,1336011,115.68
7540824,1336083,97.26
7540824,1336148,62.6
7540824,1336150,28.78
7540824,1336346,18.11
7540824,1336403,111.81
7540824,1336432,12.3
7540824,1336462,234.65
7540824,1336579,308.6
7540824,1336756,28.13
7540824,1337056,46.58
7540824,1337172,63.23
7540824,1337247,10.05
7540824,1337298,51.3
7540824,1337301,57.06
7540824,1337572,198.63
7540824,1337648,307.49
7540824,1337799,8.16
7540824,1337912,6.57
7540824,1337994,20.35
7540824,1338141,33.78
7540824,1338442,97.09
7540824,1338524,23.56
7540824,1339202,125.84
7540824,1339241,52.41
7540824,1339375,125.84
7540824,1339493,51.93
7540824,1339499,80.67
7540824,1339559,29.81
7540824,1339730,48.27
7540824,1339912,111.44
7540824,1340331,51.08
7540824,1340469,71.78
7540824,1340498,38.5
7540824,1340708,47.34
7540824,1340709,36.03
7540824,1340827,105.65
7540824,1340835,3.09
7540824,1340967,62.91
7540824,1341001,96.37
7540824,1341103,111.95
7540824,1341308,100.69
7540824,1341414,65.93
7540824,1341446,58.22
7540824,1341567,73.88
7540824,1341624,60.82
7540824,1341878,33.91
7540824,1341886,117.64
7540824,1341973,16.55
7540824,1342153,64.76
7540824,1342373,119.69
7540824,1342389,1.49
7540824,1342651,31.1
7540824,1342789,8.28
7540824,1342825,60.12
7540824,1342847,30.78
7540824,1343148,78.5
7540824,1343208,65.93
7540824,1343211,120.21
7540824,1343212,132.34
7540824,1343214,123.7
7540824,1343215,113
7540824,1343216,204.37
7540824,1343421,4.78
7540824,1343502,17.78
7540824,1343525,145.35
7540824,1343574,79.99
7540824,1343669,40.01
7540824,1343703,6.35
7540824,1344069,5.59
7540824,1344184,81.95
7540824,1344251,41.18
7540824,1344275,194.6
7540824,1344290,127.02
7540824,1344444,29.45
7540824,1344474,12.74
7540824,1344491,31.53
7540824,1344556,80.92
7540824,1344855,59.35
7540824,1344920,45.66
7540824,1345102,113.72
7540824,1345141,60.97
7540824,1345301,45.93
7540824,1345463,11.42
7540824,1345673,95.22
7540824,1345720,13.58
7540824,1345844,59.22
7540824,1345935,25.31
7540824,1346116,74.11
7540824,1346577,23.94
7540824,1346592,60.31
7540824,1346743,13.86
7540824,1346744,16.15
7540824,1346786,66.73
7540824,1347126,80.68
7540824,1347137,47.61
7540824,1347174,78.66
7540824,1347296,13.53
7540824,1347653,43.44
7540824,1348099,79.86
7540824,1348317,9.94
7540824,1350383,62.75
7540824,1350384,64.5
7540824,1350485,27.59
7540824,1350833,63.58
7540824,1350838,111.35
7540824,1350905,40.96
7540824,1350934,113.49
7540824,1351148,48.95
7540824,1351149,55.75
7540824,1351221,145.03
7540824,1351644,93.09
7540824,1351713,111.35
7540824,1351714,99.73
7540824,1351715,99.73
7540824,1351716,88.11
7540824,1351717,93.09
7540824,1351718,93.09
7540824,1351833,51.98
7540824,1352297,77.65
7540824,1352377,101.98
7540824,1352528,114.25
7540824,1352531,3.81
7540824,1352821,16.38
7540824,1353025,99.97
7540824,1353027,85.25
7540824,1353281,54.99
7540824,1353550,68
7540824,1353568,83.07
7540824,1353569,130.42
7540824,1353586,51.98
7540824,1353604,93.12
7540824,1353620,108.24
7540824,1353712,3.8
7540824,1353854,34.98
7540824,1353855,27.29
7540824,1353858,30.99
7540824,1354253,66.7
7540824,1354478,55.7
7540824,1354519,77.49
7540824,1354572,68.33
7540824,1354749,106.57
7540824,1354829,43.93
7540824,1354936,120.01
7540824,1355111,43.65
7540824,1355215,118.1
7540824,1355345,48.68
7540824,1355346,48.68
7540824,1355347,48.68
7540824,1355348,48.68
7540824,1355419,78.79
7540824,1355447,4.87
7540824,1355841,30.57
7540824,1356234,72.1
7540824,1356392,53.27
7540824,1356393,55.75
7540824,1356428,48.27
7540824,1356429,110.24
7540824,1356666,2.8
7540824,1356856,63.1
7540824,1357596,116.06
7540824,1357650,68
7540824,1358086,92.15
7540824,1358163,312.36
7540824,1358274,50.19
7540824,1358427,73.58
7540824,1358486,29.6
7540824,1358716,174.79
7540824,1358802,63.49
7540824,1358820,20.13
7540824,1359055,58.72
7540824,1359185,12.62
7540824,1359399,63.43
7540824,1359400,21.8
7540824,1359592,48.68
7540824,1359703,78.64
7540824,1359708,78.11
7540824,1359833,182.13
7540824,1360138,0.01
7540824,1360238,7.8
7540824,1360313,48.04
7540824,1360341,59.43
7540824,1360461,59.63
7540824,1360626,92.14
7540824,1360862,63.03
7540824,1360911,93.68
7540824,1361010,53.34
7540824,1361241,79.27
7540824,1361243,57.28
7540824,1361447,49.61
7540824,1361460,59.17
7540824,1361576,32.78
7540824,1361585,43.06
7540824,1361851,0.97
7540824,1361921,6.07
7540824,1362093,52.61
7540824,1362094,51.34
7540824,1362095,55.41
7540824,1362121,72.97
7540824,1362197,102.73
7540824,1362342,44.41
7540824,1362344,88.54
7540824,1362391,110.87
7540824,1362434,55.51
7540824,1362516,31.01
7540824,1362667,25.7
7540824,1362690,28.6
7540824,1362699,114.72
7540824,1362710,94.37
7540824,1362712,101.95
7540824,1362713,133.55
7540824,1362837,63.1
7540824,1362838,58.19
7540824,1362993,93.24
7540824,1363025,15.74
7540824,1363026,20.9
7540824,1363035,16.09
7540824,1363348,88.17
7540824,1363632,10.48
7540824,1363694,38.5
7540824,1363817,75.76
7540824,1363838,12.78
7540824,1363854,112.68
7540824,1363857,33.93
7540824,1363885,61.71
7540824,1364033,48.38
7540824,1364321,27.59
7540824,1364483,49.61
7540824,1364952,32.77
7540824,1364971,6.42
7540824,1364984,41.74
7540824,1365051,32.78
7540824,1365293,55.51
7540824,1365538,21.8
7540824,1365671,14.3
7540824,1365734,88.19
7540824,1365938,55.29
7540824,1365977,107.67
7540824,1366409,69.45
7540824,1366511,83.87
7540824,1367055,122.82
7540824,1367171,18.73
7540824,1367176,84.66
7540824,1367358,65.97
7540824,1367545,7.91
7540824,1367749,36.04
7540824,1367994,16.34
7540824,1368095,100.71
7540824,1368607,11.49
7540824,1368666,46.72
7540824,1368720,48.68
7540824,1368824,47.32
7540824,1368889,48.68
7540824,1368890,48.68
7540824,1369497,41.81
7540824,1369655,59.66
7540824,1370067,36.15
7540824,1370162,2.28
7540824,1370167,9.87
7540824,1370352,3.88
7540824,1370376,109.6
7540824,1370434,42.75
7540824,1370444,33.29
7540824,1370531,53.21
7540824,1370602,41.42
7540824,1370890,56.08
7540824,1370929,176.88
7540824,1370944,42.9
7540824,1370986,61.3
7540824,1371260,62.98
7540824,1371567,113.41
7540824,1371714,166.68
7540824,1371939,49.78
7540824,1372694,55.41
7540824,1372742,104.16
7540824,1372855,6.07
7540824,1373244,42.02
7540824,1373342,97.81
7540824,1373362,85.64
7540824,1373420,53.89
7540824,1373424,15.74
7540824,1373426,15.74
7540824,1373512,0.01
7540824,1373557,13.16
7540824,1373646,52.24
7540824,1373659,1.99
7540824,1373787,6.42
7540824,1374091,49.48
7540824,1374256,13.89
7540824,1374439,70.72
7540824,1374463,57.86
7540824,1374924,22.02
7540824,1374953,77.93
7540824,1375056,10.19
7540824,1375060,42.63
7540824,1375239,57.68
7540824,1375250,159.35
7540824,1375261,6.66
7540824,1375464,11.49
7540824,1375549,32.38
7540824,1375824,159.35
7540824,1375825,57.68
7540824,1375826,57.68
7540824,1375903,52.56
7540824,1375996,118.11
7540824,1376000,6.42
7540824,1376052,937.58
7540824,1376056,120.29
7540824,1376058,43.15
7540824,1376060,43.15
7540824,1376061,43.15
7540824,1376062,43.15
7540824,1376064,43.15
7540824,1376065,43.15
7540824,1376067,136.26
7540824,1376069,136.26
7540824,1376070,136.26
7540824,1376071,136.26
7540824,1376073,136.26
7540824,1376074,136.26
7540824,1376076,146.4
7540824,1376078,146.4
7540824,1376079,146.4
7540824,1376080,146.4
7540824,1376081,146.4
7540824,1376082,146.4
7540824,1376083,146.4
7540824,1376159,39.93
7540824,1376161,39.93
7540824,1376162,39.93
7540824,1376163,39.93
7540824,1376164,39.93
7540824,1376165,39.93
7540824,1376218,75.19
7540824,1376261,54.15
7540824,1376285,9.94
7540824,1376615,41.74
7540824,1376920,45
7540824,1377035,87.75
7540824,1377036,64.16
7540824,1377037,44.78
7540824,1377045,53.12
7540824,1377048,33.34
7540824,1377050,119.54
7540824,1377053,334.29
7540824,1377138,34.07
7540824,1377380,0.01
7540824,1377548,18.73
7540824,1377577,14.6
7540824,1377694,70.01
7540824,1377880,59.32
7540824,1377908,84.87
7540824,1378036,80.28
7540824,1378134,13.96
7540824,1378180,7.8
7540824,1378249,72.88
7540824,1378262,7.44
7540824,1378590,68.14
7540824,1378712,160.01
7540824,1378773,83.05
7540824,1379011,10.79
7540824,1379027,47.54
7540824,1379233,47.71
7540824,1379322,116.21
7540824,1379368,50.63
7540824,1379557,0.01
7540824,1379585,5.05
7540824,1379846,55.29
7540824,1380145,55
7540824,1380212,53.12
7540824,1380415,30.62
7540824,1380629,7.86
7540824,1381085,54.3
7540824,1381209,44.25
7540824,1381298,53.12
7540824,1381430,47.33
7540824,1381798,66.8
7540824,1381885,64.13
7540824,1382111,11.29
7540824,1382112,51.95
7540824,1382149,47.23
7540824,1382210,9.71
7540824,1382240,0.01
7540824,1382252,98.38
7540824,1382256,30.73
7540824,1382257,56.82
7540824,1382375,7.2
7540824,1383017,1093.79
7540824,1383070,46.84
7540824,1383328,124.38
7540824,1383531,33.85
7540824,1383533,50.72
7540824,1383594,53.12
7540824,1383596,55.93
7540824,1383607,65.39
7540824,1383716,0.01
7540824,1383740,69.14
7540824,1383782,50.15
7540824,1383883,7.8
7540824,1384044,13.14
7540824,1384203,77.91
7540824,1384309,9.94
7540824,1384362,49.52
7540824,1384446,3.01
7540824,1384611,70.01
7540824,1384666,38.65
7540824,1384867,56.02
7540824,1385195,117.93
7540824,1385196,117.93
7540824,1385731,29.39
7540824,1385907,84.2
7540824,1386002,88.51
7540824,1386107,21.8
7540824,1386604,30.08
7540824,1386775,44.96
7540824,1386959,59.63
7540824,1387004,14.23
7540824,1387181,0.01
7540824,1388032,43.56
7540824,1388033,47.54
7540824,1388034,54.23
7540824,1388997,23.34
7540824,1389249,19.23
7540824,1389701,15.33
7540824,1389703,67.77
7540824,1389712,51.34
7540824,1390071,70.48
7540824,1390118,57.86
7540824,1390468,40.92
7540824,1391385,27.47
7540824,1391548,39.44
7540824,1392649,54.03
7540824,1392868,7
7540824,1392869,16.74
7540824,1392871,6.17
7540824,1394709,41.61
7540824,1394710,41.61
7540824,1394711,41.61
7540824,1394991,37.64
7540824,1395195,48.5
7540824,1395819,68.88
7540824,1396091,111.12
7540824,1396095,32.78
7540824,1396748,83.29
7540824,1396926,57.06
7540824,1396965,65.77
7540824,1396995,111.64
7540824,1397269,64.76
7540824,1397280,66.05
7540824,1397281,58.38
7540824,1397379,32.77
7540824,1397492,64.89
7540824,1397493,52.45
7540824,1397576,31.88
7540824,1397591,128.71
7540824,1398020,90.22
7540824,1398321,84.21
7540824,1398322,84.21
7540824,1398323,84.21
7540824,1398324,84.21
7540824,1398354,76.68
7540824,1398527,66.74
7540824,1398849,56.39
7540824,1398967,76.12
7540824,1399556,25.81
7540824,1399557,25.81
7540824,1399860,99.34
7540824,1399861,134.87
7540824,1399862,118.46
7540824,1399942,69.44
7540824,1401579,121.68
7540824,1402015,121.68
7540824,1403010,14.87
7540824,1403062,72.36
7540824,1403920,125.54
7540824,1406243,64.85
7540824,1406669,72.36
7540824,1000146,21.38
7540824,1000149,31.81
7540824,1000150,30.07
7540824,1000151,34.35
7540824,1000152,40.89
7540824,1000153,36.99
7540824,1000154,38.51
7540824,1000155,28.96
7540824,1000156,28.1
7540824,1000157,36.1
7540824,1000158,47.58
7540824,1001729,32.62
7540824,1001730,43.06
7540824,1001756,32.62
7540824,1001786,42.56
7540824,1001813,44.71
7540824,1001814,37.75
7540824,1002012,26.28
7540824,1002017,38.72
7540824,1002019,38.51
7540824,1002499,20.13
7540824,1002513,27.54
7540824,1003172,50.63
7540824,1003277,49.49
7540824,1003756,138.22
7540824,1003782,175.99
7540824,1004122,83.83
7540824,1004123,103.65
7540824,1004319,93.63
7540824,1004362,61.58
7540824,1005211,84.09
7540824,1005906,205.42
7540824,1006225,121.34
7540824,1006265,107.75
7540824,1006320,39.84
7540824,1006350,41.1
7540824,1006763,166.69
7540824,1006764,166.69
7540824,1006876,79.43
7540824,1006890,112.67
7540824,1007231,144.46
7540824,1007232,116.17
7540824,1007263,115.12
7540824,1007352,24.74
7540824,1007758,43.99
7540824,1007770,43.99
7540824,1007771,43.99
7540824,1007774,43.99
7540824,1007776,0.01
7540824,1008216,43.5
7540824,1008217,34.04
7540824,1008762,109.79
7540824,1008767,249.49
7540824,1008793,178.12
7540824,1008800,45.72
7540824,1008801,45.72
7540824,1008802,45.72
7540824,1008994,98.93
7540824,1009196,68.57
7540824,1009454,68.57
7540824,1009686,73.33
7540824,1009702,236.8
7540824,1009703,158.37
7540824,1009879,139.48
7540824,1009880,154.93
7540824,1009881,135.71
7540824,1009883,308.99
7540824,1009884,267.23
7540824,1009910,58
7540824,1010000,178.96
7540824,1010946,150.48
7540824,1010953,95.84
7540824,1010981,128.14
7540824,1011020,140.58
7540824,1011078,50.24
7540824,1011079,53.42
7540824,1011177,50.24
7540824,1011928,111
7540824,1011979,111
7540824,1013073,72.17
7540824,1013090,90.46
7540824,1013133,123.53
7540824,1013159,146.35
7540824,1013160,183.49
7540824,1013165,146.85
7540824,1013174,86.73
7540824,1013183,97.59
7540824,1013191,97.59
7540824,1013211,97.59
7540824,1013372,121.55
7540824,1013514,57.88
7540824,1013530,101.54
7540824,1013532,109.27
7540824,1013546,94.38
7540824,1013558,57.3
7540824,1013573,85.5
7540824,1013576,81.27
7540824,1013588,57.56
7540824,1013610,57.56
7540824,1013626,76.13
7540824,1013628,79
7540824,1013629,84.79
7540824,1013630,77.8
7540824,1013632,83.11
7540824,1013634,57.88
7540824,1013645,133.11
7540824,1013653,78.39
7540824,1013656,73.48
7540824,1013659,87.61
7540824,1013661,105.95
7540824,1013678,79.37
7540824,1013688,84.18
7540824,1013690,58.82
7540824,1013691,68.81
7540824,1013696,140.23
7540824,1013699,108.74
7540824,1013700,58.56
7540824,1013715,181.17
7540824,1013744,88.77
7540824,1013745,80.99
7540824,1013746,56.5
7540824,1013747,91.04
7540824,1013748,144.06
7540824,1013749,105.07
7540824,1013751,77.67
7540824,1013752,90.46
7540824,1013753,109.45
7540824,1013754,57.39
7540824,1013755,72.03
7540824,1013790,78.87
7540824,1013871,51.28
7540824,1013915,94.17
7540824,1013921,106.73
7540824,1013928,126.47
7540824,1013931,134.47
7540824,1013976,67.41
7540824,1013977,61.29
7540824,1013996,58.29
7540824,1014014,79.66
7540824,1014018,91.92
7540824,1014049,108.6
7540824,1014075,104.2
7540824,1014134,148.16
7540824,1014266,86.53
7540824,1014268,86.53
7540824,1014271,82.41
7540824,1014272,107.36
7540824,1014273,107.36
7540824,1014278,86.53
7540824,1014280,86.53
7540824,1014282,82.41
7540824,1014285,86.53
7540824,1014287,84.06
7540824,1014289,25.52
7540824,1014294,33.73
7540824,1014297,197.28
7540824,1014300,78.06
7540824,1014305,60.92
7540824,1014307,86.53
7540824,1014308,154.63
7540824,1014309,180.15
7540824,1014311,85.38
7540824,1014312,85.71
7540824,1014319,171.58
7540824,1014320,86.53
7540824,1014327,81.73
7540824,1014329,70.03
7540824,1014335,81.73
7540824,1014360,124.6
7540824,1014375,73.87
7540824,1014405,40.44
7540824,1014407,35.01
7540824,1014447,36.99
7540824,1014478,195.4
7540824,1014479,47.69
7540824,1014480,41.35
7540824,1014481,37.6
7540824,1014482,36.97
7540824,1014490,40.47
7540824,1014491,38.59
7540824,1014495,27.41
7540824,1014498,31.92
7540824,1014499,46.46
7540824,1014500,37.29
7540824,1014501,36.23
7540824,1014502,38.14
7540824,1014505,70.23
7540824,1014506,36.98
7540824,1014507,82.41
7540824,1014514,191.17
7540824,1014520,206.64
7540824,1014525,180.15
7540824,1014527,180.15
7540824,1014531,158.18
7540824,1014533,158.18
7540824,1014537,154.63
7540824,1014545,86.95
7540824,1014546,112.13
7540824,1014547,116.2
7540824,1014548,115.6
7540824,1014549,81.07
7540824,1014550,83.88
7540824,1014551,81.44
7540824,1014552,88.95
7540824,1014553,91.5
7540824,1014554,92.99
7540824,1014555,96.42
7540824,1014556,94.97
7540824,1014557,106.05
7540824,1014558,97.15
7540824,1014559,101.84
7540824,1014560,108.57
7540824,1014561,106.04
7540824,1014563,56.6
7540824,1014566,61.19
7540824,1014595,55.59
7540824,1014603,55.59
7540824,1014610,74.82
7540824,1014632,97.59
7540824,1014696,78.49
7540824,1014772,190.26
7540824,1014774,89.93
7540824,1014777,70.26
7540824,1014782,133.02
7540824,1014784,84.64
7540824,1014785,93.23
7540824,1014790,99.87
7540824,1014799,113.94
7540824,1014800,69.94
7540824,1014810,104.81
7540824,1014858,66.14
7540824,1014859,38.36
7540824,1014879,80.32
7540824,1014883,28.23
7540824,1014884,620.81
7540824,1014989,61.02
7540824,1014990,94.81
7540824,1015017,62.7
7540824,1015031,88.65
7540824,1015048,122.31
7540824,1015057,101.7
7540824,1015203,30.64
7540824,1016370,85.79
7540824,1016691,37.68
7540824,1016729,75.34
7540824,1016749,37.68
7540824,1016802,53.36
7540824,1016927,78.32
7540824,1016950,113.02
7540824,1016990,137.05
7540824,1017048,92.07
7540824,1017068,82.36
7540824,1017159,113.67
7540824,1017172,115.88
7540824,1017212,98.87
7540824,1017220,123.92
7540824,1017273,59.53
7540824,1017313,90.02
7540824,1017314,64.14
7540824,1017324,41.2
7540824,1017331,59.53
7540824,1017339,63.92
7540824,1017392,92.07
7540824,1017395,98.98
7540824,1017428,34.67
7540824,1017429,27.12
7540824,1017430,55.31
7540824,1017431,42.3
7540824,1017436,52.6
7540824,1017452,97.47
7540824,1017485,65.32
7540824,1017486,68.19
7540824,1017487,68.19
7540824,1017488,103.67
7540824,1017489,119.43
7540824,1017490,119.43
7540824,1017491,110.54
7540824,1017492,114.29
7540824,1017493,114.27
7540824,1017494,127.42
7540824,1017495,131.78
7540824,1017496,131.78
7540824,1017497,69.55
7540824,1017498,71.73
7540824,1017499,71.73
7540824,1017500,71.73
7540824,1017504,74.24
7540824,1017505,75.83
7540824,1017508,75.83
7540824,1017510,79.8
7540824,1017514,59.65
7540824,1017517,62.46
7540824,1017520,98.93
7540824,1017521,112.5
7540824,1017522,105.38
7540824,1017523,110.9
7540824,1017525,117.73
7540824,1017526,125.04
7540824,1017557,59.53
7540824,1017581,73.88
7540824,1017587,126.9
7540824,1017588,72.52
7540824,1017590,107.29
7540824,1017591,79.8
7540824,1017592,78.32
7540824,1017593,113.02
7540824,1017594,115.88
7540824,1017595,137.05
7540824,1017602,88.86
7540824,1017608,148.16
7540824,1017661,167.13
7540824,1017662,136.53
7540824,1017663,136.53
7540824,1017664,133.78
7540824,1017665,133.78
7540824,1017666,89.38
7540824,1017667,89.38
7540824,1017668,167.13
7540824,1017695,124.58
7540824,1017773,103.03
7540824,1017783,140.47
7540824,1017802,35.6
7540824,1017841,60.94
7540824,1017853,140.47
7540824,1017874,55.39
7540824,1017889,75.75
7540824,1017890,38.19
7540824,1017903,116.62
7540824,1017908,81.46
7540824,1017909,81.46
7540824,1017910,134.87
7540824,1017911,134.87
7540824,1017912,134.87
7540824,1017913,47.26
7540824,1017914,47.26
7540824,1017915,47.26
7540824,1017917,74.73
7540824,1017925,46.8
7540824,1017926,49.52
7540824,1017927,146.9
7540824,1017928,101.08
7540824,1017929,87.3
7540824,1017930,105.07
7540824,1017931,105.07
7540824,1017932,81.46
7540824,1017939,74.73
7540824,1017940,74.73
7540824,1017942,87.16
7540824,1017943,87.16
7540824,1017944,87.16
7540824,1017946,123.71
7540824,1017947,123.71
7540824,1017948,123.71
7540824,1017950,88.87
7540824,1017951,88.87
7540824,1017952,88.87
7540824,1017954,69.45
7540824,1017955,69.45
7540824,1017956,69.45
7540824,1017965,55.06
7540824,1017972,91.56
7540824,1018015,44.95
7540824,1018017,67.68
7540824,1018035,105.51
7540824,1018036,115
7540824,1018037,38.19
7540824,1018038,60.94
7540824,1018039,75.75
7540824,1018040,137.63
7540824,1018041,137.63
7540824,1018042,140.47
7540824,1018044,137.63
7540824,1018047,55.06
7540824,1018048,55.06
7540824,1018049,91.56
7540824,1018051,91.56
7540824,1018052,115.56
7540824,1018054,115.56
7540824,1018055,115.56
7540824,1019112,73.1
7540824,1019122,63.6
7540824,1019264,50.8
7540824,1019266,47.62
7540824,1019269,40.34
7540824,1019275,113.61
7540824,1019290,100.1
7540824,1019354,38.68
7540824,1019385,46.11
7540824,1019386,61.23
7540824,1019387,61.23
7540824,1019388,38.68
7540824,1019398,37.51
7540824,1019405,83.42
7540824,1019423,97.96
7540824,1019438,64.83
7540824,1019444,104.08
7540824,1019461,28.1
7540824,1019463,48.22
7540824,1019464,24.49
7540824,1019525,24.17
7540824,1019581,32.73
7540824,1019590,44.69
7540824,1019771,71.33
7540824,1019772,124.93
7540824,1019773,119.52
7540824,1019774,137.81
7540824,1020096,51.21
7540824,1020098,81.49
7540824,1020825,60.49
7540824,1020856,60.49
7540824,1020935,101.37
7540824,1020978,61.64
7540824,1020992,97.47
7540824,1021002,90.77
7540824,1021009,81.49
7540824,1021058,36.23
7540824,1021069,38.72
7540824,1021070,36.23
7540824,1021071,40.22
7540824,1021072,24.6
7540824,1021073,32.7
7540824,1021074,31.48
7540824,1021075,27.61
7540824,1021167,30.27
7540824,1021211,43.75
7540824,1021244,90.2
7540824,1021245,95.63
7540824,1021301,61.05
7540824,1021323,116.71
7540824,1021358,90.77
7540824,1021365,90.77
7540824,1021434,90.77
7540824,1021435,90.98
7540824,1021525,48.42
7540824,1021550,83.34
7540824,1021586,85.99
7540824,1021598,83.34
7540824,1021600,83.34
7540824,1021605,101.37
7540824,1021634,26.85
7540824,1021639,43.75
7540824,1021660,104.58
7540824,1021661,191.22
7540824,1021673,59.53
7540824,1021705,54.41
7540824,1021707,69.96
7540824,1021721,33.06
7540824,1021722,51.12
7540824,1021805,47.46
7540824,1021819,48.42
7540824,1021821,97.47
7540824,1021831,69.42
7540824,1021915,33.06
7540824,1021916,54.41
7540824,1022014,83.34
7540824,1022041,83.34
7540824,1022056,90.98
7540824,1022101,83.34
7540824,1022221,39.44
7540824,1022223,60.58
7540824,1022240,31.48
7540824,1022302,29.33
7540824,1022303,50.55
7540824,1022304,60.26
7540824,1022309,81.75
7540824,1022310,94.21
7540824,1022321,69.96
7540824,1022349,74.01
7540824,1022400,74.01
7540824,1023173,74.67
7540824,1027663,32.51
7540824,1027699,39.22
7540824,1027746,60.4
7540824,1027757,114.81
7540824,1027758,25.47
7540824,1027763,94.57
7540824,1027764,21.4
7540824,1027769,55.66
7540824,1027776,19.71
7540824,1027789,87.43
7540824,1027820,58.18
7540824,1027863,55.03
7540824,1027873,44.26
7540824,1027875,54.26
7540824,1027892,27.17
7540824,1027908,40.93
7540824,1027910,31.43
7540824,1027915,28.22
7540824,1027930,110.34
7540824,1027971,55.66
7540824,1027978,31.07
7540824,1027980,46.18
7540824,1028007,47.43
7540824,1028130,127.95
7540824,1028134,64.89
7540824,1028140,87.91
7540824,1028141,138.18
7540824,1028142,38.06
7540824,1028143,96.15
7540824,1028149,42.82
7540824,1028168,64.07
7540824,1028184,96.25
7540824,1028215,44.75
7540824,1028226,6.89
7540824,1028276,16.32
7540824,1028277,30.79
7540824,1028281,25.15
7540824,1028285,31.84
7540824,1028286,43.89
7540824,1028287,33.58
7540824,1028288,37.25
7540824,1028289,38.19
7540824,1028299,25.15
7540824,1028300,55.66
7540824,1028301,48.78
7540824,1028315,30.49
7540824,1028375,44.75
7540824,1028386,62.44
7540824,1028388,88.47
7540824,1028480,43.08
7540824,1028543,20.08
7540824,1028597,36.29
7540824,1028621,58.74
7540824,1028792,60.78
7540824,1028838,85.44
7540824,1028915,41.8
7540824,1028936,12.73
7540824,1030119,68.22
7540824,1030366,84.22
7540824,1030379,170.01
7540824,1030397,88.64
7540824,1030406,88.64
7540824,1030474,88.64
7540824,1030793,43.58
7540824,1030794,43.58
7540824,1030917,43.58
7540824,1031194,65.63
7540824,1031195,65.63
7540824,1031196,65.63
7540824,1031256,49.66
7540824,1031257,49.66
7540824,1031266,49.32
7540824,1031341,34.44
7540824,1031342,34.44
7540824,1031343,34.44
7540824,1031458,115.65
7540824,1031483,149.14
7540824,1031491,45.89
7540824,1031687,62.92
7540824,1031688,62.84
7540824,1031689,62.93
7540824,1033097,51.86
7540824,1033136,58.63
7540824,1033181,59.84
7540824,1033191,60.42
7540824,1033386,80.21
7540824,1033709,52.87
7540824,1034304,39.61
7540824,1040522,89.3
7540824,1040670,72.34
7540824,1040687,70.9
7540824,1040689,81.78
7540824,1040691,86.99
7540824,1040757,41.61
7540824,1040811,154.87
7540824,1040859,58.97
7540824,1041024,61.69
7540824,1041119,91.85
7540824,1041138,71.48
7540824,1044086,31.97
7540824,1044088,56.22
7540824,1044089,27
7540824,1044090,42.77
7540824,1044091,53.49
7540824,1044092,36.24
7540824,1044093,50.46
7540824,1044094,10.23
7540824,1044096,6.77
7540824,1044097,11.34
7540824,1044099,28.95
7540824,1044100,22.96
7540824,1044102,34.91
7540824,1044103,19.45
7540824,1044105,19.76
7540824,1044106,24.38
7540824,1044107,13.64
7540824,1044109,16.63
7540824,1044110,26.62
7540824,1044111,17.36
7540824,1044112,19.54
7540824,1044114,27.49
7540824,1044115,21.93
7540824,1044116,27
7540824,1044117,42.77
7540824,1044119,36.32
7540824,1044120,22.85
7540824,1044121,25.63
7540824,1044122,32.56
7540824,1044124,28.2
7540824,1044133,19.5
7540824,1044150,43.33
7540824,1044151,35.51
7540824,1044152,37.45
7540824,1044153,31.53
7540824,1044154,33.88
7540824,1044757,16.97
7540824,1050790,13.79
7540824,1050791,13.79
7540824,1050792,20.05
7540824,1050793,20.05
7540824,1050796,26.18
7540824,1050800,17.89
7540824,1050804,24.74
7540824,1050805,23.96
7540824,1050806,23.96
7540824,1050807,14.79
7540824,1050808,14.8
7540824,1050809,17.98
7540824,1050810,17.98
7540824,1050811,23.64
7540824,1050812,23.64
7540824,1050813,23.64
7540824,1050814,26.66
7540824,1050824,20.49
7540824,1050825,22.12
7540824,1050826,35.88
7540824,1050827,39.47
7540824,1050828,39.47
7540824,1050829,28.57
7540824,1050830,28.5
7540824,1050832,22.58
7540824,1050833,22.58
7540824,1050834,22.58
7540824,1050835,41.67
7540824,1050836,41.67
7540824,1050837,30.64
7540824,1050838,30.64
7540824,1050839,30.64
7540824,1050840,23.97
7540824,1050841,23.97
7540824,1050842,20.08
7540824,1050843,20.08
7540824,1050846,25.56
7540824,1050848,19.96
7540824,1050849,19.96
7540824,1050850,19.96
7540824,1050851,23.07
7540824,1050852,19.15
7540824,1050853,19.15
7540824,1050854,28.15
7540824,1050855,21.92
7540824,1050856,21.92
7540824,1050857,21.92
7540824,1050858,26.23
7540824,1050859,32.58
7540824,1050860,32.58
7540824,1051609,37.64
7540824,1051710,19.71
7540824,1051731,51.75
7540824,1052334,46.33
7540824,1053050,44.25
7540824,1053370,13.15
7540824,1053376,12.66
7540824,1053381,9.57
7540824,1053391,11.71
7540824,1053396,10.98
7540824,1053405,10.61
7540824,1053407,10.61
7540824,1054399,62.39
7540824,1054462,27.43
7540824,1054712,57.41
7540824,1054717,37.8
7540824,1054756,27.17
7540824,1054757,44.92
7540824,1054761,48.83
7540824,1054769,58.6
7540824,1054770,21.97
7540824,1054771,52.5
7540824,1054772,52.35
7540824,1054773,37.11
7540824,1054774,57.41
7540824,1054775,55.1
7540824,1054778,23.46
7540824,1054779,46.89
7540824,1054780,22.4
7540824,1054781,44.83
7540824,1054785,56.91
7540824,1054787,53.97
7540824,1054788,32.7
7540824,1054789,60.25
7540824,1054791,15.75
7540824,1054799,42.16
7540824,1054815,37.98
7540824,1054819,52.24
7540824,1054821,26.28
7540824,1054883,22.47
7540824,1054886,27.17
7540824,1054927,14.53
7540824,1054948,27.81
7540824,1054985,27.17
7540824,1054991,42.16
7540824,1055031,46
7540824,1055036,26.61
7540824,1055044,37.85
7540824,1055323,37.93
7540824,1055501,41.18
7540824,1055502,57.89
7540824,1055508,59.15
7540824,1055516,37.7
7540824,1055517,45.13
7540824,1055527,50.4
7540824,1055542,52.99
7540824,1055667,36.03
7540824,1055681,27.29
7540824,1055684,39.25
7540824,1055687,46.98
7540824,1055691,28.88
7540824,1055713,17.02
7540824,1055714,17.48
7540824,1055715,37.26
7540824,1055716,25.26
7540824,1055717,29.32
7540824,1055718,28.24
7540824,1055719,32.18
7540824,1055720,40.34
7540824,1055721,38.79
7540824,1055722,44.32
7540824,1055723,55.53
7540824,1055724,29.33
7540824,1055725,33.22
7540824,1055726,44.84
7540824,1055727,24.91
7540824,1055728,27.99
7540824,1055729,33.49
7540824,1055730,31.08
7540824,1055731,36.59
7540824,1055732,26.41
7540824,1055733,18.93
7540824,1055734,19.56
7540824,1055735,44.36
7540824,1055736,33.22
7540824,1055737,31.44
7540824,1055738,32.49
7540824,1055739,18.66
7540824,1055740,22.39
7540824,1055741,23.13
7540824,1055742,31.77
7540824,1055743,39.57
7540824,1055744,34.7
7540824,1055745,29.92
7540824,1055746,35.29
7540824,1055747,32.13
7540824,1055748,41.17
7540824,1055749,38.98
7540824,1055750,32.93
7540824,1055751,23.67
7540824,1055752,42.77
7540824,1055753,30.13
7540824,1055754,34.24
7540824,1055755,42.94
7540824,1055756,44.66
7540824,1055757,42.94
7540824,1055758,26.62
7540824,1055759,27.65
7540824,1055760,31.55
7540824,1055761,43.27
7540824,1055762,37.56
7540824,1055763,51.35
7540824,1055764,62.86
7540824,1055765,27.03
7540824,1055766,26.38
7540824,1055767,45.14
7540824,1055768,46.69
7540824,1055769,32.04
7540824,1055770,33.12
7540824,1055771,30.11
7540824,1055772,35.29
7540824,1055773,29.62
7540824,1055774,42.7
7540824,1055775,37.75
7540824,1055776,22.7
7540824,1055777,23.6
7540824,1055778,43.53
7540824,1055779,40.35
7540824,1055781,58.14
7540824,1055782,25.53
7540824,1055783,55.91
7540824,1055789,37.34
7540824,1055792,35.04
7540824,1055800,62.39
7540824,1055898,40.57
7540824,1055900,18.6
7540824,1055904,26.43
7540824,1056008,26.32
7540824,1056019,36.18
7540824,1056025,11.32
7540824,1056046,33.12
7540824,1056273,52.27
7540824,1056340,39.57
7540824,1056355,24.45
7540824,1056362,40.43
7540824,1056363,40.44
7540824,1056413,38.54
7540824,1056434,23.24
7540824,1056445,48.72
7540824,1056448,45.44
7540824,1056449,60.43
7540824,1056450,41.06
7540824,1056458,34.86
7540824,1056459,28.31
7540824,1056460,25.75
7540824,1056461,31.36
7540824,1056462,18.8
7540824,1056463,22.17
7540824,1056464,28.95
7540824,1056465,35.35
7540824,1056466,46.14
7540824,1056467,25.75
7540824,1056468,31.57
7540824,1056469,37.34
7540824,1056470,21.97
7540824,1056471,26.76
7540824,1056472,31.75
7540824,1056473,41.33
7540824,1056474,23.58
7540824,1056475,28.75
7540824,1056476,33.95
7540824,1056477,44.52
7540824,1056583,47.98
7540824,1056889,26.96
7540824,1056937,45.72
7540824,1056948,39.81
7540824,1056998,31.83
7540824,1057032,42.3
7540824,1057033,26.06
7540824,1057034,37.49
7540824,1057036,34.07
7540824,1057037,30.78
7540824,1057038,34.31
7540824,1057039,29.2
7540824,1057040,29.92
7540824,1057041,33.91
7540824,1057042,48.99
7540824,1057043,37.32
7540824,1057044,30.27
7540824,1057045,39.24
7540824,1057046,34.89
7540824,1057047,51.67
7540824,1057048,36.84
7540824,1057049,39.03
7540824,1057134,37.75
7540824,1057142,30.7
7540824,1057152,36.11
7540824,1057181,26.28
7540824,1057195,36.11
7540824,1057214,25.29
7540824,1057226,33.98
7540824,1057290,36.09
7540824,1057295,33.88
7540824,1057332,36.29
7540824,1057360,32.85
7540824,1057444,33.25
7540824,1057448,36.29
7540824,1057487,22.63
7540824,1057492,35.88
7540824,1057495,41.75
7540824,1057497,31.81
7540824,1057508,38.37
7540824,1057510,30.12
7540824,1057512,41.75
7540824,1057514,41.75
7540824,1057516,27.09
7540824,1057521,43.06
7540824,1057523,32.5
7540824,1057525,41.14
7540824,1057527,35.84
7540824,1057528,39.7
7540824,1057531,38.21
7540824,1057536,42.56
7540824,1057537,29.34
7540824,1057539,44.15
7540824,1057545,28.88
7540824,1057555,40.89
7540824,1057577,30.86
7540824,1057581,35.84
7540824,1057584,38.21
7540824,1057586,43.06
7540824,1057587,41.14
7540824,1057588,40.33
7540824,1057590,40.89
7540824,1057592,48.85
7540824,1057613,38.16
7540824,1057626,28.47
7540824,1057665,20.13
7540824,1058070,18.38
7540824,1058088,13.54
7540824,1058090,18.17
7540824,1058091,15.36
7540824,1058092,14.93
7540824,1058094,17.71
7540824,1058097,16.7
7540824,1058231,35.88
7540824,1058233,27.54
7540824,1058280,37.04
7540824,1058385,25.63
7540824,1064986,83.28
7540824,1064992,122.64
7540824,1065001,122.64
7540824,1072773,71.97
7540824,1076728,60.99
7540824,1084810,205.43
7540824,1085340,59.46
7540824,1088601,62.51
7540824,1115354,71.97
7540824,1115989,34.76
7540824,1116039,45.58
7540824,1116040,45.58
7540824,1116060,64.16
7540824,1116061,46.58
7540824,1116067,63.92
7540824,1116114,130.68
7540824,1116127,2476.6
7540824,1116181,26.14
7540824,1116183,26.14
7540824,1116184,40.72
7540824,1116554,42.25
7540824,1116572,52.32
7540824,1116579,62.51
7540824,1116780,72.34
7540824,1117840,277.8
7540824,1117844,311.37
7540824,1117851,144.69
7540824,1117852,144.69
7540824,1117855,144.69
7540824,1117862,153.95
7540824,1117872,424.8
7540824,1117876,194.46
7540824,1117877,10.42
7540824,1117878,10.42
7540824,1117928,261.6
7540824,1118079,299.97
7540824,1118172,11
7540824,1118252,6.68
7540824,1118437,67.14
7540824,1118449,39.3
7540824,1118450,20.84
7540824,1118484,11
7540824,1118487,85.94
7540824,1118500,46.3
7540824,1118514,76.4
7540824,1118552,43.99
7540824,1118562,29.52
7540824,1118567,35.88
7540824,1118568,176.36
7540824,1118606,34.73
7540824,1119607,27.78
7540824,1119648,311.37
7540824,1119813,37.04
7540824,1120651,84.22
7540824,1122074,60.19
7540824,1122990,87.75
7540824,1123794,88.94
7540824,1123914,85.2
7540824,1123918,86.99
7540824,1123994,93.32
7540824,1124257,138.02
7540824,1124258,77.48
7540824,1124259,84
7540824,1124260,140.52
7540824,1124279,84
7540824,1124280,59.9
7540824,1124281,59.46
7540824,1124282,72.91
7540824,1124283,82.55
7540824,1124286,66.22
7540824,1124287,32.7
7540824,1124300,73.34
7540824,1124339,130.68
7540824,1124350,28.83
7540824,1124352,86.53
7540824,1124353,86.53
7540824,1124355,82.74
7540824,1124364,49.07
7540824,1124408,68.14
7540824,1124409,69.2
7540824,1124410,59.84
7540824,1124411,122.41
7540824,1124412,131.21
7540824,1124449,49.52
7540824,1124465,123.29
7540824,1124481,83.36
7540824,1124493,45.33
7540824,1124494,45.33
7540824,1124495,59.69
7540824,1124496,59.69
7540824,1124497,83.42
7540824,1124498,83.42
7540824,1124499,97.17
7540824,1124500,97.17
7540824,1124565,115.18
7540824,1124566,57.28
7540824,1124885,38.26
7540824,1124943,115.18
7540824,1125034,88.43
7540824,1125102,80.75
7540824,1125103,87.29
7540824,1125231,29.96
7540824,1125232,29.96
7540824,1125233,29.96
7540824,1125234,29.96
7540824,1125235,54.56
7540824,1125327,54.56
7540824,1125328,43.66
7540824,1125329,43.66
7540824,1125347,53.68
7540824,1125348,54.18
7540824,1126848,35.88
7540824,1136584,207.48
7540824,1137674,87.88
7540824,1138036,51.82
7540824,1138037,40.72
7540824,1138056,26.14
7540824,1138057,26.14
7540824,1138063,34.76
7540824,1138064,46.58
7540824,1138065,55.32
7540824,1138066,64.16
7540824,1138067,81.49
7540824,1138068,65.11
7540824,1138069,85.55
7540824,1138090,51.82
7540824,1138233,58.63
7540824,1138343,51.82
7540824,1138346,86.41
7540824,1138347,63.51
7540824,1138349,54.58
7540824,1138350,41.23
7540824,1138351,89.83
7540824,1138361,89.83
7540824,1138514,50.58
7540824,1138551,52.52
7540824,1138575,46.58
7540824,1138576,64.16
7540824,1138611,51.82
7540824,1138634,121.55
7540824,1138659,115.18
7540824,1138660,139.11
7540824,1138723,60.84
7540824,1138783,282.63
7540824,1138808,58.63
7540824,1138829,42.92
7540824,1138851,112.82
7540824,1139159,104.55
7540824,1139181,100.73
7540824,1139275,116.25
7540824,1139276,112.82
7540824,1139277,49.95
7540824,1139443,55.36
7540824,1139582,167.13
7540824,1139633,92.63
7540824,1139847,191.81
7540824,1139930,55.07
7540824,1141001,121.57
7540824,1141003,90.46
7540824,1141514,163.33
7540824,1141583,19.78
7540824,1141584,25.26
7540824,1141585,37.85
7540824,1141587,35.79
7540824,1142028,26.78
7540824,1142029,37.85
7540824,1142030,30.41
7540824,1142351,285.84
7540824,1142375,130.68
7540824,1142532,25.55
7540824,1142749,26.6
7540824,1142965,197.15
7540824,1143434,118.63
7540824,1143435,49.85
7540824,1143437,88.54
7540824,1143439,99.65
7540824,1143441,97.06
7540824,1143443,61.05
7540824,1143444,67.4
7540824,1143445,73.69
7540824,1143447,55.19
7540824,1143450,53.15
7540824,1143451,77.78
7540824,1143452,73.64
7540824,1143453,74.14
7540824,1143454,35.45
7540824,1144008,21.88
7540824,1144009,38.58
7540824,1144010,35.79
7540824,1144011,25.55
7540824,1144013,27.49
7540824,1144535,35.25
7540824,1144538,26.19
7540824,1144539,26.22
7540824,1144541,36.25
7540824,1144544,36.25
7540824,1144609,78.41
7540824,1144665,28.67
7540824,1144676,53.15
7540824,1144679,99.65
7540824,1144801,25.56
7540824,1145026,28.08
7540824,1145162,52.65
7540824,1145218,31.03
7540824,1145245,41.89
7540824,1145516,74.01
7540824,1145578,38.58
7540824,1145754,37.07
7540824,1145755,41.52
7540824,1145826,20.79
7540824,1145879,34.79
7540824,1145880,27.9
7540824,1145881,36.04
7540824,1145882,52.32
7540824,1145883,52.31
7540824,1145884,26.22
7540824,1145885,24.93
7540824,1145886,33.27
7540824,1145887,39.75
7540824,1145888,39.74
7540824,1145889,55.93
7540824,1145890,34.93
7540824,1145891,46.58
7540824,1145892,38.49
7540824,1145893,46.58
7540824,1146173,36.07
7540824,1146227,34.83
7540824,1146228,23.28
7540824,1146258,38.06
7540824,1146399,132.6
7540824,1146527,29.16
7540824,1146528,21.88
7540824,1146530,27.15
7540824,1146554,39.23
7540824,1146814,32.64
7540824,1146815,41.62
7540824,1146868,37.51
7540824,1146894,32.18
7540824,1146936,86.53
7540824,1147045,29.16
7540824,1147266,90.77
7540824,1147281,42.14
7540824,1147748,31.1
7540824,1147749,29.17
7540824,1147909,34.11
7540824,1148274,43.73
7540824,1148298,26.25
7540824,1148300,23.09
7540824,1148325,35.25
7540824,1148457,34.15
7540824,1148462,34.15
7540824,1148464,34.15
7540824,1148466,34.15
7540824,1148627,1748.14
7540824,1148699,41.67
7540824,1148837,28.9
7540824,1148838,41.09
7540824,1148861,41.92
7540824,1148931,34.07
7540824,1149040,37.17
7540824,1149259,29.82
7540824,1149260,33.02
7540824,1149807,86
7540824,1149809,157.01
7540824,1149817,19.78
7540824,1149821,130.65
7540824,1149949,76.05
7540824,1149965,37.29
7540824,1149966,38.14
7540824,1150034,32.7
7540824,1150088,96.26
7540824,1150137,55.31
7540824,1150402,30.15
7540824,1150781,52.12
7540824,1150827,38.9
7540824,1150863,129.26
7540824,1151067,80.03
7540824,1151595,80.28
7540824,1151602,80.28
7540824,1152599,44.41
7540824,1152649,67.68
7540824,1152841,106.66
7540824,1152864,74.24
7540824,1153160,73.95
7540824,1153377,44.22
7540824,1153506,39.88
7540824,1153567,33.06
7540824,1153569,36.07
7540824,1153576,54.67
7540824,1153589,53.13
7540824,1153591,40.73
7540824,1153592,26.54
7540824,1153593,14.89
7540824,1153594,22.79
7540824,1153596,34.42
7540824,1153599,24.74
7540824,1153601,34.37
7540824,1153786,183.59
7540824,1153917,179.41
7540824,1154002,35.03
7540824,1154003,27.69
7540824,1154376,24.35
7540824,1154500,32.2
7540824,1154622,39.02
7540824,1154791,97.06
7540824,1154829,41.89
7540824,1155025,22.44
7540824,1155028,80.03
7540824,1155471,42.64
7540824,1155482,29.4
7540824,1155588,44.74
7540824,1155916,28.24
7540824,1155921,39.9
7540824,1156343,17.36
7540824,1156519,32.42
7540824,1156608,66.22
7540824,1157302,42.3
7540824,1157499,61.32
7540824,1157652,46.42
7540824,1157675,60.84
7540824,1157676,116.09
7540824,1157677,48.01
7540824,1157678,72.85
7540824,1157679,93.28
7540824,1157681,60.84
7540824,1157682,60.84
7540824,1157825,73.69
7540824,1157916,0.01
7540824,1157917,0.01
7540824,1157918,0.01
7540824,1157938,92.07
7540824,1157945,88.47
7540824,1158013,146.22
7540824,1158405,163.44
7540824,1158577,86.41
7540824,1158579,31.48
7540824,1158580,32.64
7540824,1158581,44.45
7540824,1158990,59.04
7540824,1159489,84.3
7540824,1159490,84.3
7540824,1159497,157.07
7540824,1159546,66.83
7540824,1159713,28.9
7540824,1159771,63.6
7540824,1159772,25.29
7540824,1159773,49.25
7540824,1160488,82.82
7540824,1160786,30.33
7540824,1160951,119.01
7540824,1161019,111.8
7540824,1161078,99.65
7540824,1161105,79.87
7540824,1161167,311.37
7540824,1161216,106.55
7540824,1161286,35.42
7540824,1161473,85.99
7540824,1161686,73.1
7540824,1161694,67.68
7540824,1161739,41.21
7540824,1161742,94.51
7540824,1161754,57.3
7540824,1162040,27.29
7540824,1162122,84.23
7540824,1162274,27.1
7540824,1163251,180.15
7540824,1163959,111.8
7540824,1164097,45.66
7540824,1164254,61.64
7540824,1164975,58.22
7540824,1166228,45.05
7540824,1166307,52.65
7540824,1166701,48.01
7540824,1166796,62.51
7540824,1166932,117.14
7540824,1166997,52.67
7540824,1167012,32.7
7540824,1167022,108.6
7540824,1167023,108.6
7540824,1167031,41.08
7540824,1167472,47.84
7540824,1167495,35.06
7540824,1167496,37.21
7540824,1167498,43.64
7540824,1167499,29.03
7540824,1167500,25.7
7540824,1167502,28.15
7540824,1167503,34.93
7540824,1167504,31.74
7540824,1167600,28.94
7540824,1167692,79.13
7540824,1167803,68.14
7540824,1168353,22.99
7540824,1168356,27.99
7540824,1168358,25.84
7540824,1168398,118.94
7540824,1168400,124.45
7540824,1168401,157.23
7540824,1168434,44.26
7540824,1168626,53.31
7540824,1169276,43.01
7540824,1169300,58.22
7540824,1169301,51.14
7540824,1169501,43.01
7540824,1170135,0.01
7540824,1170138,0.01
7540824,1170140,0.01
7540824,1170222,86.57
7540824,1170223,846.8
7540824,1170224,84.3
7540824,1170937,48.89
7540824,1171022,58.22
7540824,1171056,44.66
7540824,1171134,86.53
7540824,1171137,86.53
7540824,1171532,55.59
7540824,1171806,119.56
7540824,1171896,115.18
7540824,1172428,233.13
7540824,1172562,84.3
7540824,1172563,84.3
7540824,1172589,846.8
7540824,1172590,180.15
7540824,1172712,54.28
7540824,1172976,63.66
7540824,1173054,138.18
7540824,1173055,56.89
7540824,1173667,80.52
7540824,1173668,67.1
7540824,1173867,37.17
7540824,1174097,88.54
7540824,1174338,57.88
7540824,1174609,30.1
7540824,1174610,25.11
7540824,1174990,52.65
7540824,1175044,83.02
7540824,1175469,197.28
7540824,1175528,66.12
7540824,1176105,85.03
7540824,1176311,50.58
7540824,1176417,0.01
7540824,1176418,0.01
7540824,1176419,0.01
7540824,1176564,69.2
7540824,1176637,56.87
7540824,1176638,88.43
7540824,1176691,124.45
7540824,1176737,51.93
7540824,1177043,142.31
7540824,1177496,44.51
7540824,1177593,33.34
7540824,1178704,52.81
7540824,1179486,138.22
7540824,1179488,71.52
7540824,1179520,125.25
7540824,1179522,119.87
7540824,1179592,91.62
7540824,1179816,64.36
7540824,1179897,133.43
7540824,1180019,154.63
7540824,1180053,35.6
7540824,1180643,30.63
7540824,1181303,76.4
7540824,1181655,147.15
7540824,1182585,88.21
7540824,1183302,98.29
7540824,1184107,96.64
7540824,1184108,83.97
7540824,1185225,67.14
7540824,1186280,48.62
7540824,1187906,158.18
7540824,1189359,82.65
7540824,1190466,42.68
7540824,1190481,64.3
7540824,1190482,57.85
7540824,1190575,65.12
7540824,1194482,39.36
7540824,1194772,197.28
7540824,1195758,153.58
7540824,1195759,142.01
7540824,1196490,70.17
7540824,1196803,117.3
7540824,1197190,161.73
7540824,1197275,33.6
7540824,1198280,52.12
7540824,1198397,39.36
7540824,1198550,28.09
7540824,1199064,39.26
7540824,1199199,61.05
7540824,1200035,76.53
7540824,1200126,108.79
7540824,1200199,84.3
7540824,1200263,25.93
7540824,1200913,28.83
7540824,1200915,28.83
7540824,1201148,106.15
7540824,1201149,54.62
7540824,1201699,32.42
7540824,1201700,22.44
7540824,1201801,30.41
7540824,1201804,157.84
7540824,1201865,30.1
7540824,1202007,34.11
7540824,1202220,160.01
7540824,1202528,100.76
7540824,1203241,25.93
7540824,1203335,144.86
7540824,1203410,84.3
7540824,1203639,25.87
7540824,1203640,32.41
7540824,1203740,23.15
7540824,1203917,90.24
7540824,1204127,109.38
7540824,1204128,109.38
7540824,1204277,123.29
7540824,1204302,122.53
7540824,1204303,70.8
7540824,1204304,122.53
7540824,1204319,46.45
7540824,1204353,100.11
7540824,1204669,73.79
7540824,1204815,88.43
7540824,1205177,77.48
7540824,1205641,149.49
7540824,1205701,37.67
7540824,1205706,38.94
7540824,1205707,62.47
7540824,1206060,43.01
7540824,1206248,19.3
7540824,1206251,33
7540824,1206252,26.03
7540824,1206253,36.92
7540824,1206256,31.53
7540824,1206276,139.1
7540824,1206282,137.05
7540824,1206471,26.63
7540824,1206472,46.38
7540824,1206473,58.37
7540824,1207213,74.67
7540824,1207274,180.15
7540824,1207426,170.01
7540824,1207513,39.38
7540824,1207567,86.34
7540824,1207674,118.89
7540824,1207825,44.95
7540824,1207959,84.3
7540824,1208111,72.34
7540824,1208152,846.8
7540824,1208153,104.63
7540824,1208205,42.99
7540824,1208214,84.3
7540824,1208232,84.3
7540824,1208319,84.3
7540824,1208320,81.08
7540824,1208966,145.05
7540824,1209101,32.58
7540824,1209113,113.06
7540824,1209150,77.44
7540824,1209170,41.89
7540824,1209373,83.64
7540824,1209375,51.82
7540824,1209412,90.26
7540824,1209434,68.1
7540824,1209436,58.82
7540824,1209475,99.87
7540824,1209880,160.68
7540824,1209882,42.99
7540824,1210321,154.51
7540824,1210322,44.33
7540824,1210380,72.91
7540824,1210658,122.53
7540824,1210787,86.53
7540824,1210798,208.35
7540824,1210843,51.82
7540824,1210864,180.15
7540824,1210881,32.14
7540824,1210883,35.5
7540824,1210884,35.5
7540824,1210912,184.02
7540824,1211066,99.48
7540824,1211498,88.54
7540824,1211696,61.22
7540824,1211746,158.18
7540824,1211962,84.3
7540824,1212429,80.43
7540824,1212430,54.43
7540824,1212649,69.73
7540824,1213226,157.55
7540824,1213228,70.57
7540824,1213231,72.91
7540824,1213232,66.22
7540824,1213233,70.57
7540824,1213236,42.86
7540824,1213239,49.49
7540824,1213274,84.3
7540824,1213414,70.95
7540824,1213581,90.99
7540824,1213588,123.29
7540824,1213599,89.6
7540824,1213906,51.82
7540824,1213912,112.73
7540824,1214061,44.75
7540824,1214174,89.43
7540824,1214291,87.63
7540824,1214840,36.84
7540824,1215024,60.49
7540824,1215141,63.51
7540824,1215420,137.36
7540824,1215570,142.78
7540824,1215571,141.02
7540824,1215655,32.47
7540824,1215974,64.31
7540824,1216006,131.78
7540824,1216008,76.73
7540824,1216479,49.14
7540824,1216480,49.14
7540824,1216485,33.16
7540824,1216486,49.14
7540824,1216487,60.07
7540824,1216489,22.8
7540824,1217489,161.92
7540824,1217586,88.64
7540824,1217596,62.67
7540824,1217697,32.47
7540824,1217701,149.04
7540824,1217803,176.97
7540824,1218489,59.77
7540824,1218512,31.17
7540824,1218513,31.17
7540824,1218565,40.63
7540824,1218714,63.51
7540824,1218731,90.26
7540824,1218732,42.86
7540824,1218765,44.95
7540824,1218840,138.02
7540824,1218940,180.15
7540824,1219529,38.94
7540824,1220334,57.84
7540824,1220336,49.05
7540824,1220435,180.15
7540824,1220487,55.59
7540824,1221263,122.41
7540824,1221831,77.38
7540824,1222321,95.62
7540824,1222417,68.14
7540824,1222422,70.57
7540824,1222475,59.9
7540824,1222871,73.95
7540824,1222873,40.72
7540824,1222874,26.14
7540824,1222969,51.82
7540824,1222972,157.23
7540824,1222976,54.33
7540824,1222978,26.9
7540824,1223033,154.73
7540824,1223388,158.18
7540824,1223545,50.94
7540824,1223575,93.31
7540824,1223701,90.26
7540824,1224159,92.08
7540824,1224160,133.46
7540824,1224477,68.03
7540824,1224499,85.94
7540824,1225490,85.72
7540824,1225660,32.58
7540824,1225744,19.06
7540824,1225766,116.09
7540824,1225799,37.04
7540824,1225805,112.73
7540824,1226269,85.98
7540824,1226650,66.34
7540824,1226984,58.5
7540824,1226986,38.94
7540824,1227046,75.35
7540824,1227048,90.2
7540824,1227973,66.48
7540824,1227974,66.48
7540824,1227975,66.48
7540824,1228061,49.49
7540824,1228067,23.56
7540824,1228071,23.56
7540824,1228375,84
7540824,1228519,42.86
7540824,1228562,97.47
7540824,1228596,59.88
7540824,1229092,64.3
7540824,1229225,46.76
7540824,1229746,28.83
7540824,1230032,59.84
7540824,1230246,57.61
7540824,1230454,125.39
7540824,1230455,153.73
7540824,1230456,153.73
7540824,1230457,153.73
7540824,1230458,121.78
7540824,1230459,133.74
7540824,1230460,125.79
7540824,1230468,68.18
7540824,1230469,72.51
7540824,1230470,72.51
7540824,1230479,98.6
7540824,1230480,98.6
7540824,1230481,98.6
7540824,1230482,172.97
7540824,1230483,172.97
7540824,1230484,122.73
7540824,1230493,155.58
7540824,1230508,85.38
7540824,1231152,63.29
7540824,1231306,118.89
7540824,1231750,69.2
7540824,1232173,27.85
7540824,1232174,48.28
7540824,1232175,39.88
7540824,1233074,30.33
7540824,1233550,46.8
7540824,1234239,97.06
7540824,1234600,67.14
7540824,1234670,299.49
7540824,1234765,46.17
7540824,1235220,57.67
7540824,1235763,107.65
7540824,1235772,45.44
7540824,1235773,63.95
7540824,1236132,108.69
7540824,1236147,150.65
7540824,1236227,34.12
7540824,1236228,21.53
7540824,1236236,34.73
7540824,1236237,29.49
7540824,1236382,172.29
7540824,1236576,101.74
7540824,1237092,6189.36
7540824,1237128,105.69
7540824,1237347,25.22
7540824,1237352,32.47
7540824,1237470,62.47
7540824,1237634,41.75
7540824,1237651,113.52
7540824,1237652,49.49
7540824,1237978,92.72
7540824,1238009,43.99
7540824,1238011,32.53
7540824,1238460,34.98
7540824,1238846,30.41
7540824,1239180,73.95
7540824,1239599,97.47
7540824,1239722,37.67
7540824,1240245,66.48
7540824,1240404,84.3
7540824,1240804,101.25
7540824,1241096,151.13
7540824,1241302,69.65
7540824,1241492,73.03
7540824,1241501,186.08
7540824,1241546,57.67
7540824,1241929,53.15
7540824,1242381,30.38
7540824,1242444,179.17
7540824,1242512,25.96
7540824,1242513,39.86
7540824,1242514,24.13
7540824,1243097,80.82
7540824,1244101,43.45
7540824,1244476,45.33
7540824,1244734,208.35
7540824,1244956,23.97
7540824,1245287,140.06
7540824,1246136,53.06
7540824,1246164,61.53
7540824,1246430,83.58
7540824,1246442,89.8
7540824,1246477,39.47
7540824,1246702,69.82
7540824,1246853,143.75
7540824,1246902,67.42
7540824,1246903,65.58
7540824,1247099,139.68
7540824,1247438,68.93
7540824,1247528,69.82
7540824,1247568,57.37
7540824,1247693,96.95
7540824,1247754,39.32
7540824,1247794,37.17
7540824,1248123,33.88
7540824,1248252,273.66
7540824,1248275,86.22
7540824,1248947,54.43
7540824,1249034,30.1
7540824,1249194,68.18
7540824,1249278,55.36
7540824,1250518,60.25
7540824,1250520,142.88
7540824,1250521,90.64
7540824,1250527,106.26
7540824,1250528,100.03
7540824,1250532,66.38
7540824,1250542,73.62
7540824,1250617,111.56
7540824,1250618,70.61
7540824,1250726,116.63
7540824,1250771,31.39
7540824,1250800,58.7
7540824,1251165,95.51
7540824,1251175,86.48
7540824,1251366,39.25
7540824,1251911,243.32
7540824,1252045,131.97
7540824,1252168,48.68
7540824,1252313,89.8
7540824,1253212,41.8
7540824,1253255,105.36
7540824,1254418,123.71
7540824,1254565,62.47
7540824,1255378,167.28
7540824,1255440,38.04
7540824,1256097,87.13
7540824,1256158,46.44
7540824,1256263,111.25
7540824,1256292,30.14
7540824,1256444,82.46
7540824,1256649,116.36
7540824,1257318,42.41
7540824,1257319,25.29
7540824,1257320,49.47
7540824,1257321,29.39
7540824,1258358,111.57
7540824,1258359,165.35
7540824,1258396,120.94
7540824,1258500,53.51
7540824,1258953,36.88
7540824,1259049,34.69
7540824,1259070,44.51
7540824,1259589,149.04
7540824,1259750,82.51
7540824,1260270,44.3
7540824,1260271,21.43
7540824,1260438,84.22
7540824,1260495,93.83
7540824,1260957,117.79
7540824,1261170,32.58
7540824,1261260,31.58
7540824,1261280,36.58
7540824,1261520,17.13
7540824,1261546,105.22
7540824,1262233,23.06
7540824,1262631,92.03
7540824,1262726,40.8
7540824,1262744,97.92
7540824,1262789,162.7
7540824,1262850,80.52
7540824,1263072,37.9
7540824,1263182,112.97
7540824,1263565,54.43
7540824,1263724,119.92
7540824,1264023,180.74
7540824,1265230,90.24
7540824,1265568,50.35
7540824,1265723,106.62
7540824,1265857,152.4
7540824,1265898,69
7540824,1266438,126.23
7540824,1266689,143.33
7540824,1266824,34.4
7540824,1266887,54.33
7540824,1266972,41.03
7540824,1266999,72.85
7540824,1267036,146.35
7540824,1267397,34.69
7540824,1267402,195.1
7540824,1267538,112.94
7540824,1268060,99.67
7540824,1268401,52.91
7540824,1268668,121.69
7540824,1268840,38.2
7540824,1269598,63.66
7540824,1269623,31.17
7540824,1270518,41.53
7540824,1270650,26.78
7540824,1270884,78.52
7540824,1270992,59.53
7540824,1270993,52.74
7540824,1270994,69.36
7540824,1271541,73.87
7540824,1271869,111.8
7540824,1271933,195.1
7540824,1272066,93.28
7540824,1272313,39.26
7540824,1272322,122.41
7540824,1272426,54.75
7540824,1273503,82.08
7540824,1274083,299.49
7540824,1274084,299.49
7540824,1274386,84.3
7540824,1274570,194.84
7540824,1274602,50.58
7540824,1275649,308.99
7540824,1275790,102.35
7540824,1276475,267.23
7540824,1276581,216.5
7540824,1276909,203.31
7540824,1277046,90.24
7540824,1277047,37.9
7540824,1277144,50.73
7540824,1277332,56.65
7540824,1277420,53.79
7540824,1277908,87.82
7540824,1277925,45.78
7540824,1278801,58.15
7540824,1279770,36.84
7540824,1280569,70.51
7540824,1280649,177.04
7540824,1281878,82.99
7540824,1281952,205.8
7540824,1281953,144.2
7540824,1281961,143.85
7540824,1283224,106.71
7540824,1283406,63.29
7540824,1283918,31.66
7540824,1284173,59.39
7540824,1284276,28.83
7540824,1284328,33.74
7540824,1284685,57.32
7540824,1284967,93.79
7540824,1285050,27.07
7540824,1285416,31.92
7540824,1285666,35.88
7540824,1286060,68.43
7540824,1286253,37.8
7540824,1286255,63.89
7540824,1286343,87.67
7540824,1287358,39.85
7540824,1288798,198.03
7540824,1289100,173.76
7540824,1289465,126.43
7540824,1289722,46.98
7540824,1290556,116.63
7540824,1291374,55.42
7540824,1291833,88.86
7540824,1291870,89.71
7540824,1293231,93.79
7540824,1293392,29.76
7540824,1293443,57.48
7540824,1293614,101.42
7540824,1293786,101.42
7540824,1294169,94.68
7540824,1294743,93.79
7540824,1294747,73.3
7540824,1295316,62.13
7540824,1295728,157.04
7540824,1295987,51.65
7540824,1296078,42.54
7540824,1296334,136.06
7540824,1296519,62.15
7540824,1296622,54.54
7540824,1296719,60.84
7540824,1296764,92.94
7540824,1297191,39.84
7540824,1297369,47.24
7540824,1297464,50.09
7540824,1297466,27.78
7540824,1297779,88.14
7540824,1298396,11165.13
7540824,1298397,1141.55
7540824,1298398,299.49
7540824,1299551,85.83
7540824,1300183,118.3
7540824,1300288,105.63
7540824,1300366,46.22
7540824,1300560,99.9
7540824,1300563,56.69
7540824,1302223,44.78
7540824,1302224,41.69
7540824,1302820,40.28
7540824,1302855,106.11
7540824,1302860,48.05
7540824,1303379,101.42
7540824,1303598,180.15
7540824,1303599,84.3
7540824,1303600,84.3
7540824,1303601,84.3
7540824,1303603,51.47
7540824,1303604,31.92
7540824,1303605,52.39
7540824,1303606,1141.55
7540824,1303607,1141.55
7540824,1303608,1141.55
7540824,1303609,1141.55
7540824,1303610,1141.55
7540824,1303611,73.81
7540824,1304261,116.09
7540824,1304262,72.85
7540824,1304769,99.02
7540824,1304771,97.2
7540824,1305109,56.15
7540824,1305283,93.28
7540824,1305284,48.01
7540824,1305478,73.3
7540824,1305586,168.97
7540824,1305941,127.9
7540824,1306221,92.94
7540824,1307090,47.33
7540824,1307525,117.86
7540824,1308182,34.04
7540824,1308725,53.93
7540824,1308756,75.97
7540824,1308793,846.8
7540824,1309242,73.3
7540824,1310733,51.82
7540824,1310920,76.37
7540824,1311077,88.03
7540824,1311230,51.83
7540824,1311657,71.97
7540824,1311673,64.76
7540824,1312398,194.46
7540824,1312425,29.53
7540824,1312484,95.76
7540824,1312738,70.26
7540824,1312859,846.8
7540824,1312889,96
7540824,1312907,189.55
7540824,1313652,29.4
7540824,1313653,32.8
7540824,1313655,36.46
7540824,1313710,41.26
7540824,1314030,62.15
7540824,1314050,28.23
7540824,1314982,27.78
7540824,1315195,77.49
7540824,1315201,62.22
7540824,1315462,91.19
7540824,1315621,95.76
7540824,1315876,89.94
7540824,1315929,46.3
7540824,1315930,46.3
7540824,1316338,64.6
7540824,1316475,69.45
7540824,1316635,87.13
7540824,1316705,846.8
7540824,1316802,61.39
7540824,1316813,119.87
7540824,1316985,28.96
7540824,1317012,44.25
7540824,1317014,65.07
7540824,1317060,69.14
7540824,1317062,144.95
7540824,1317063,161.96
7540824,1317064,42.14
7540824,1317065,133.04
7540824,1317066,57.94
7540824,1317067,142.69
7540824,1317068,180.94
7540824,1317070,108.48
7540824,1317071,70.04
7540824,1317072,93.35
7540824,1317115,86.06
7540824,1317167,35.01
7540824,1317715,105.61
7540824,1318183,90.64
7540824,1318187,42.14
7540824,1318188,61.39
7540824,1318190,57.94
7540824,1318526,62.13
7540824,1318527,95.08
7540824,1318641,118.9
7540824,1318924,47.83
7540824,1319154,23.44
7540824,1319290,157.04
7540824,1319527,81.49
7540824,1321297,67.4
7540824,1321301,122.79
7540824,1321401,123.08
7540824,1321736,80.03
7540824,1322439,147.27
7540824,1322474,29.47
7540824,1322478,45.14
7540824,1322479,45.14
7540824,1322480,45.14
7540824,1322481,0.01
7540824,1322885,41.33
7540824,1322998,86.51
7540824,1323204,202.18
7540824,1323589,0.01
7540824,1323598,33.24
7540824,1323865,35.18
7540824,1323873,140.44
7540824,1325136,68.62
7540824,1325403,133.71
7540824,1325572,130.68
7540824,1325809,78.06
7540824,1325907,108.11
7540824,1325967,89.5
7540824,1326102,81.73
7540824,1326462,144.73
7540824,1326474,57.91
7540824,1326475,61.73
7540824,1326508,116.78
7540824,1326509,124.65
7540824,1327560,73.84
7540824,1327615,27.02
7540824,1327616,118.07
7540824,1327758,33.52
7540824,1327760,34.29
7540824,1328040,41.33
7540824,1328041,41.33
7540824,1328059,79.76
7540824,1328221,202.22
7540824,1328331,85.83
7540824,1328358,3019.41
7540824,1329403,42.97
7540824,1329452,187.71
7540824,1329453,121.88
7540824,1329606,45.14
7540824,1329955,123.76
7540824,1329997,138.18
7540824,1330414,61.58
7540824,1331061,42.64
7540824,1331142,47.83
7540824,1331143,41.33
7540824,1331474,90.3
7540824,1331479,177.21
7540824,1331688,1123.35
7540824,1331736,161.6
7540824,1331772,71.52
7540824,1331969,73.62
7540824,1332474,20.94
7540824,1332666,32.69
7540824,1334162,191.17
7540824,1334335,17.88
7540824,1335121,134.87
7540824,1335438,80.28
7540824,1335751,74.91
7540824,1335846,88.56
7540824,1336998,63.29
7540824,1336999,63.29
7540824,1337597,27.4
7540824,1337598,64.6
7540824,1337958,140.06
7540824,1338157,236.58
7540824,1338280,64.43
7540824,1338294,143.63
7540824,1338298,57.71
7540824,1338814,91.41
7540824,1338892,127.01
7540824,1338987,17.83
7540824,1339363,135.75
7540824,1339575,36.46
7540824,1339587,206.65
7540824,1339599,25.22
7540824,1339816,151.2
7540824,1339817,195.05
7540824,1339823,154.63
7540824,1339924,28.39
7540824,1339957,39.05
7540824,1340025,153.38
7540824,1340065,181.61
7540824,1340645,81.65
7540824,1340686,131.97
7540824,1340792,160.01
7540824,1341067,140.44
7540824,1341069,97.51
7540824,1341070,80.77
7540824,1341071,108.38
7540824,1341097,158.18
7540824,1341161,68.15
7540824,1341606,57.71
7540824,1341637,40.15
7540824,1341810,109.07
7540824,1341828,299.49
7540824,1342048,44.62
7540824,1342434,67.93
7540824,1342452,97.47
7540824,1342643,89.07
7540824,1343193,70.21
7540824,1343204,53.25
7540824,1343549,57.71
7540824,1343566,51.94
7540824,1343567,51.94
7540824,1343590,46.87
7540824,1343793,131.97
7540824,1344355,71.49
7540824,1344508,24.48
7540824,1344642,133.78
7540824,1344643,125.48
7540824,1344647,136.06
7540824,1344692,57.26
7540824,1344693,83.66
7540824,1344694,46.24
7540824,1344695,69.87
7540824,1344696,139.04
7540824,1344697,208.1
7540824,1344700,139.04
7540824,1344723,34.73
7540824,1344746,158.37
7540824,1344748,205.43
7540824,1344753,236.8
7540824,1345037,66.71
7540824,1345104,51.94
7540824,1345211,82.53
7540824,1345230,88.26
7540824,1345232,88.26
7540824,1345526,133.33
7540824,1345827,131.97
7540824,1345934,48.88
7540824,1346018,190.89
7540824,1346259,136.06
7540824,1346264,34.77
7540824,1346266,35.01
7540824,1346271,21.83
7540824,1346371,128.64
7540824,1346614,89.07
7540824,1346828,79.59
7540824,1347038,133.33
7540824,1347277,146.71
7540824,1348430,101.8
7540824,1348613,62.74
7540824,1349181,84.44
7540824,1349182,39.93
7540824,1349293,84.47
7540824,1350013,37.86
7540824,1352477,43.37
7540824,1352979,68.32
7540824,1353361,36.66
7540824,1353363,34.75
7540824,1353643,48.64
7540824,1353644,48.64
7540824,1353645,48.64
7540824,1353677,22.02
7540824,1353687,208.49
7540824,1353724,16.76
7540824,1354921,205.84
7540824,1355311,34.08
7540824,1355362,108.6
7540824,1355381,125.44
7540824,1355832,97
7540824,1355834,97
7540824,1355835,97
7540824,1356409,126.1
7540824,1356420,125.95
7540824,1357394,92.82
7540824,1357416,57.01
7540824,1358777,100.15
7540824,1358822,113.84
7540824,1358931,1616.43
7540824,1359759,48.01
7540824,1360710,206.64
7540824,1360768,37.21
7540824,1360841,73.87
7540824,1362404,103.21
7540824,1362676,28.73
7540824,1362677,38.3
7540824,1363023,106.15
7540824,1363077,70.41
7540824,1363264,76.3
7540824,1363433,34.59
7540824,1364120,7331.3
7540824,1364129,142.29
7540824,1365325,91.41
7540824,1366191,71.3
7540824,1366307,126.85
7540824,1366529,8.35
7540824,1366915,135.18
7540824,1367605,39.68
7540824,1367859,34.32
7540824,1367894,7373.36
7540824,1367948,49.93
7540824,1368872,2285.48
7540824,1368884,78.06
7540824,1370300,1088.04
7540824,1370399,26.7
7540824,1372378,89.58
7540824,1372631,82.99
7540824,1372731,67.4
7540824,1373138,83.04
7540824,1373526,177.94
7540824,1373785,29.03
7540824,1375760,161.73
7540824,1376714,4936.67
7540824,1376733,81.29
7540824,1377072,35.01
7540824,1377322,90.98
7540824,1377549,73.58
7540824,1377886,66.79
7540824,1378217,11165.13
7540824,1378603,76.88
7540824,1378811,306.92
7540824,1378898,284.55
7540824,1379526,111.86
7540824,1379753,60.36
7540824,1379847,34.67
7540824,1379897,52.9
7540824,1380095,106.2
7540824,1380483,96.84
7540824,1380943,191.17
7540824,1381179,136.9
7540824,1381315,179.59
7540824,1381354,97.17
7540824,1381437,76.82
7540824,1381543,104.79
7540824,1381544,99.13
7540824,1381922,77.15
7540824,1382432,110.25
7540824,1384300,146.9
7540824,1384442,140.08
7540824,1384519,22.06
7540824,1385178,126.03
7540824,1387996,50.46
7540824,1387997,50.46
7540824,1387999,58.45
7540824,1388067,139.48
7540824,1388242,152.04
7540824,1389264,54.54
7540824,1389323,72.22
7540824,1390228,159.9
7540824,1391088,27.29
7540824,1391267,39.25
7540824,1391318,139.68
7540824,1391795,130.22
7540824,1392073,57.08
7540824,1393065,84.31
7540824,1393375,161.73
7540824,1393627,112.32
7540824,1393766,27.78
7540824,1393979,59.43
7540824,1394073,205.73
7540824,1394074,188.33
7540824,1396459,64.3
7540824,1396701,144.69
7540824,1396710,104.59
7540824,1397179,110.21
7540824,1397981,39.84
7540824,1398666,161.73
7540824,1398718,138.18
7540824,1398815,161.96
7540824,1398867,187.92
7540824,1399689,69.29
7540824,1399813,50.47
7540824,1399824,52.47
7540824,1399825,74.46
7540824,1400453,69.65
7540824,1401344,81.24
7540824,1401491,161.73
7540824,1401718,70.2
7540824,1402328,85.83
7540824,1403538,50.35
7540824,1403574,11875.93
7540824,1403641,13.15
7540824,1003658,7.66
7540824,1005610,43.12
7540824,1005929,67.63
7540824,1006100,58.53
7540824,1006101,64.41
7540824,1006102,68.77
7540824,1006177,1147.45
7540824,1006386,124.67
7540824,1006481,87.5
7540824,1006799,84.69
7540824,1007474,1113
7540824,1007935,91.38
7540824,1007936,52.56
7540824,1008089,73.79
7540824,1008996,1113
7540824,1009188,124.67
7540824,1009226,426.65
7540824,1011197,105.43
7540824,1011338,81.18
7540824,1011340,63.81
7540824,1012967,77.96
7540824,1012968,68.65
7540824,1012969,40.8
7540824,1013002,70.2
7540824,1013730,74.13
7540824,1015235,65.84
7540824,1015258,26.23
7540824,1015264,66.34
7540824,1015767,43.95
7540824,1015789,65.84
7540824,1015790,33.44
7540824,1015805,74.25
7540824,1015806,37.31
7540824,1015810,59.03
7540824,1015814,42.35
7540824,1015815,27.53
7540824,1015816,40.5
7540824,1015878,42.18
7540824,1015894,58.84
7540824,1015896,58.97
7540824,1015897,40.56
7540824,1015902,26.43
7540824,1015999,52.83
7540824,1016007,23.6
7540824,1016056,62.62
7540824,1016068,51.97
7540824,1016075,47.85
7540824,1016081,45.07
7540824,1016082,45.05
7540824,1016090,28.23
7540824,1016091,41.07
7540824,1016093,31.6
7540824,1016103,39.62
7540824,1016145,33.72
7540824,1016177,21.43
7540824,1016212,27.84
7540824,1016213,96.29
7540824,1016214,35.4
7540824,1016215,24.48
7540824,1016223,41.39
7540824,1016225,33.5
7540824,1016226,48.45
7540824,1016227,40.94
7540824,1016228,56.81
7540824,1016232,42.61
7540824,1016273,68.47
7540824,1016291,25.65
7540824,1016300,25.42
7540824,1016398,73.76
7540824,1016513,62.48
7540824,1016520,114.06
7540824,1016521,70.8
7540824,1016535,66.87
7540824,1016599,25.72
7540824,1016608,89.76
7540824,1017226,67.67
7540824,1017252,67.67
7540824,1017259,56.67
7540824,1017290,38.88
7540824,1017295,53.52
7540824,1017296,56.22
7540824,1017297,55.31
7540824,1017325,51.49
7540824,1017327,59.52
7540824,1017336,70.63
7540824,1017338,25.89
7540824,1017361,58.15
7540824,1017380,42.19
7540824,1017386,32.66
7540824,1017387,98.34
7540824,1017388,25.18
7540824,1017390,109.73
7540824,1017408,26.17
7540824,1017417,60.1
7540824,1017422,64.26
7540824,1017478,73.44
7540824,1017479,51.96
7540824,1017480,52.2
7540824,1017481,50.22
7540824,1017518,29.66
7540824,1017519,29.67
7540824,1017524,40.17
7540824,1017578,52.57
7540824,1017596,52.2
7540824,1017613,55.28
7540824,1017631,71.89
7540824,1017632,33.25
7540824,1017643,46.32
7540824,1017670,67.67
7540824,1017671,70.49
7540824,1017672,45.88
7540824,1017673,67.67
7540824,1017674,46.59
7540824,1017693,61.23
7540824,1017737,96.41
7540824,1017775,49.6
7540824,1017800,70.49
7540824,1017804,86.25
7540824,1017805,39.59
7540824,1017811,49.04
7540824,1017843,38.32
7540824,1017844,50.41
7540824,1017845,67.27
7540824,1017848,80.09
7540824,1017849,84.31
7540824,1017850,91.45
7540824,1017851,75.18
7540824,1017872,41.98
7540824,1017973,59.26
7540824,1017983,16.7
7540824,1018659,79.25
7540824,1018991,46.38
7540824,1019260,40.36
7540824,1019795,61.05
7540824,1019846,99.46
7540824,1019848,60.39
7540824,1019849,61.37
7540824,1019850,71.22
7540824,1019857,90.67
7540824,1019866,97.86
7540824,1019873,106.55
7540824,1020409,76.78
7540824,1021951,49.36
7540824,1022006,63.57
7540824,1022120,45.5
7540824,1022124,58.71
7540824,1022140,53.27
7540824,1022143,55.02
7540824,1022155,110.51
7540824,1022164,73.28
7540824,1022248,45.8
7540824,1022352,45.71
7540824,1022353,46.76
7540824,1022363,45.66
7540824,1022366,62.31
7540824,1022376,35.57
7540824,1022377,52.05
7540824,1022384,67.7
7540824,1022391,60.35
7540824,1027066,39.84
7540824,1028749,24.79
7540824,1028826,42.95
7540824,1028834,21.24
7540824,1028858,45.84
7540824,1030517,29.13
7540824,1030616,18.64
7540824,1030617,33.87
7540824,1030991,18.65
7540824,1030992,20.45
7540824,1030993,20.44
7540824,1031075,21.8
7540824,1032171,23.17
7540824,1036660,94.29
7540824,1041229,16.82
7540824,1041505,28.97
7540824,1041592,41.43
7540824,1042869,49.25
7540824,1042870,29.63
7540824,1042871,31.58
7540824,1042872,27.17
7540824,1042873,38.09
7540824,1042874,29.1
7540824,1042875,42.79
7540824,1042876,30.94
7540824,1042877,33.87
7540824,1042878,49.63
7540824,1042879,36.18
7540824,1044554,32.4
7540824,1044559,11.77
7540824,1044565,16.55
7540824,1044608,17.71
7540824,1044639,21.24
7540824,1044697,42.31
7540824,1044698,20.63
7540824,1044699,15.41
7540824,1044700,20.53
7540824,1044701,19.83
7540824,1044705,30.01
7540824,1044706,25.85
7540824,1044717,25.22
7540824,1044738,13.36
7540824,1044739,18.32
7540824,1044740,33.63
7540824,1044750,33.81
7540824,1044751,34.96
7540824,1044752,23.9
7540824,1044755,31.43
7540824,1044771,56.2
7540824,1044804,19.38
7540824,1044805,23.1
7540824,1044806,32.48
7540824,1044807,19.03
7540824,1044808,24.34
7540824,1044809,20.8
7540824,1044810,40.27
7540824,1044824,61.6
7540824,1044828,24.34
7540824,1044850,27.18
7540824,1044887,35.85
7540824,1044889,60.19
7540824,1044966,14.97
7540824,1044967,18.5
7540824,1044968,15.85
7540824,1045850,18.68
7540824,1047257,30.53
7540824,1049290,28.17
7540824,1049300,39.74
7540824,1049347,55.41
7540824,1049348,80.05
7540824,1049357,59.54
7540824,1049375,27.13
7540824,1049379,37.71
7540824,1049406,82.59
7540824,1049407,28.8
7540824,1049408,65.46
7540824,1049422,70.13
7540824,1049443,37.58
7540824,1049449,26.8
7540824,1049464,39.34
7540824,1049466,70.36
7540824,1049467,83.12
7540824,1049468,25.11
7540824,1049469,42.42
7540824,1049480,64.36
7540824,1049482,103.31
7540824,1049483,131.01
7540824,1049511,93.01
7540824,1049513,25.7
7540824,1049514,35.51
7540824,1049527,66.22
7540824,1049655,24.89
7540824,1049656,32.76
7540824,1049657,54.01
7540824,1049658,60.21
7540824,1049660,44.34
7540824,1049661,62.13
7540824,1049664,74.32
7540824,1049666,40.13
7540824,1049667,40.85
7540824,1049670,65.46
7540824,1049671,82.59
7540824,1051923,74.14
7540824,1062685,18.3
7540824,1063484,17.57
7540824,1063599,15.63
7540824,1063600,15.63
7540824,1063601,15.63
7540824,1063602,15.63
7540824,1063603,15.63
7540824,1063604,15.63
7540824,1063605,15.63
7540824,1064881,50.79
7540824,1064908,35.77
7540824,1064937,45.11
7540824,1109876,32.92
7540824,1109877,55.91
7540824,1109878,56.64
7540824,1109984,77.41
7540824,1111314,16.11
7540824,1111317,16.11
7540824,1111319,16.11
7540824,1111320,16.11
7540824,1111321,16.11
7540824,1111322,16.11
7540824,1111323,16.11
7540824,1115134,89.76
7540824,1115233,110.01
7540824,1115240,46.72
7540824,1115402,57.5
7540824,1115470,120.87
7540824,1115474,38.2
7540824,1115475,39.24
7540824,1115479,114.3
7540824,1115484,36.46
7540824,1115486,39.74
7540824,1115492,47.46
7540824,1115855,23.36
7540824,1115864,18.88
7540824,1115879,31.32
7540824,1116016,14.48
7540824,1116416,15.97
7540824,1116449,64.96
7540824,1116451,64.96
7540824,1116452,64.96
7540824,1116454,64.96
7540824,1116456,51.97
7540824,1116460,51.97
7540824,1116462,53.15
7540824,1116465,53.15
7540824,1116467,53.15
7540824,1116492,47.25
7540824,1116494,47.25
7540824,1116581,41.33
7540824,1116583,41.33
7540824,1116585,41.33
7540824,1116587,41.33
7540824,1116672,35.43
7540824,1116674,35.43
7540824,1116676,35.43
7540824,1116684,14.2
7540824,1116702,80.79
7540824,1116704,80.79
7540824,1116706,80.79
7540824,1116736,9.48
7540824,1116759,80.98
7540824,1116763,41.16
7540824,1116767,83.65
7540824,1116772,166.4
7540824,1116774,85.31
7540824,1116775,14.47
7540824,1117344,17.72
7540824,1117346,17.72
7540824,1117349,17.72
7540824,1117360,22.14
7540824,1117362,22.14
7540824,1117364,22.14
7540824,1117369,11.49
7540824,1117370,11.49
7540824,1117371,11.49
7540824,1117372,11.49
7540824,1117392,134.65
7540824,1117394,134.65
7540824,1117396,134.65
7540824,1117422,23.9
7540824,1117424,23.53
7540824,1117426,23.53
7540824,1117428,23.53
7540824,1117484,81.44
7540824,1117485,81.44
7540824,1117492,61.42
7540824,1117497,85.04
7540824,1117519,108.87
7540824,1117522,108.87
7540824,1117530,73.24
7540824,1117722,27.71
7540824,1117725,46.03
7540824,1117727,86.64
7540824,1117744,38.42
7540824,1117746,43.81
7540824,1117750,157.55
7540824,1117755,166.4
7540824,1118167,47.25
7540824,1118168,47.25
7540824,1118589,35.43
7540824,1118641,18.9
7540824,1118667,18.9
7540824,1118668,18.9
7540824,1118670,18.9
7540824,1118671,40.15
7540824,1118672,40.15
7540824,1118673,40.15
7540824,1118674,40.15
7540824,1118681,17.72
7540824,1118778,51.97
7540824,1118966,53.15
7540824,1119126,51.97
7540824,1119398,54.36
7540824,1119440,76.57
7540824,1120753,43.71
7540824,1120770,43.71
7540824,1120772,42.51
7540824,1120824,43.71
7540824,1120832,42.51
7540824,1120834,43.71
7540824,1120843,42.51
7540824,1121282,23.53
7540824,1122263,22.44
7540824,1122264,17.72
7540824,1122272,17.72
7540824,1123281,44.37
7540824,1123549,23.93
7540824,1123966,108.23
7540824,1123978,38.46
7540824,1123988,152.82
7540824,1123989,107.01
7540824,1124020,66.96
7540824,1124196,29.39
7540824,1124197,29.39
7540824,1124198,34.27
7540824,1124225,16.59
7540824,1124307,18.67
7540824,1124458,41.68
7540824,1124459,46.3
7540824,1124907,65.01
7540824,1124977,54
7540824,1125080,36.63
7540824,1125088,62.68
7540824,1125107,52.19
7540824,1125119,55
7540824,1125137,38.52
7540824,1125144,70.01
7540824,1125185,64.94
7540824,1125411,103.31
7540824,1125498,24.89
7540824,1127432,13.66
7540824,1127957,10.24
7540824,1132544,458.45
7540824,1132917,400.15
7540824,1135855,567.1
7540824,1135856,20.42
7540824,1136184,16.4
7540824,1136203,13.6
7540824,1136987,103.7
7540824,1137174,125.95
7540824,1138074,65.01
7540824,1138087,65.01
7540824,1138203,110.01
7540824,1138259,104.06
7540824,1138776,43.11
7540824,1138799,46.4
7540824,1138800,45
7540824,1139393,69.82
7540824,1140442,129.96
7540824,1142725,43.63
7540824,1143216,58.55
7540824,1144590,56.83
7540824,1144618,65.17
7540824,1145514,46.75
7540824,1146784,56.73
7540824,1148967,357.75
7540824,1149141,55.51
7540824,1149144,55.51
7540824,1149272,580.35
7540824,1150101,55.51
7540824,1150104,55.51
7540824,1150414,38.22
7540824,1150772,25.13
7540824,1151121,63.07
7540824,1151214,13.43
7540824,1151806,42.51
7540824,1152004,93.01
7540824,1152951,38.32
7540824,1153930,48.27
7540824,1154124,12.57
7540824,1155017,69.04
7540824,1155233,35.43
7540824,1155334,35.43
7540824,1155337,35.43
7540824,1155894,17.11
7540824,1156670,97.8
7540824,1156815,60.9
7540824,1157021,16.08
7540824,1157057,51.02
7540824,1157658,47.19
7540824,1157659,64.5
7540824,1157977,27.66
7540824,1159455,28.72
7540824,1159619,17.57
7540824,1160167,23.2
7540824,1160467,57.12
7540824,1160468,76.92
7540824,1160900,12.71
7540824,1161075,46.72
7540824,1161869,26.08
7540824,1162290,447.85
7540824,1162749,11.24
7540824,1163482,73.91
7540824,1163709,182.85
7540824,1163918,100.36
7540824,1165332,29.77
7540824,1165558,4.07
7540824,1165559,4.07
7540824,1165562,4.07
7540824,1165563,4.07
7540824,1165565,4.07
7540824,1165568,41.79
7540824,1165768,41.08
7540824,1166884,25.13
7540824,1166941,64.52
7540824,1166942,80.08
7540824,1167332,15.95
7540824,1167421,198.75
7540824,1167631,32.41
7540824,1167652,114.88
7540824,1168727,13.81
7540824,1169586,51.87
7540824,1169847,13.66
7540824,1170295,38.23
7540824,1170636,68.28
7540824,1170680,70.86
7540824,1170952,69.29
7540824,1171583,70.19
7540824,1172925,14.71
7540824,1173153,381.6
7540824,1173474,23.27
7540824,1173900,12.22
7540824,1173921,4.07
7540824,1173922,4.07
7540824,1173952,381.6
7540824,1174239,376.3
7540824,1174240,376.3
7540824,1175277,78.76
7540824,1175654,371
7540824,1176968,65.69
7540824,1177425,97.8
7540824,1179030,54.61
7540824,1179034,73.35
7540824,1179607,77.26
7540824,1180076,17.76
7540824,1180411,52.6
7540824,1180415,101.73
7540824,1180546,33.61
7540824,1180799,89.07
7540824,1180806,67.63
7540824,1181376,74.67
7540824,1181377,60.5
7540824,1184960,74.74
7540824,1185497,57.91
7540824,1185626,53.15
7540824,1187945,53.15
7540824,1187948,53.15
7540824,1188254,201.03
7540824,1188601,84.53
7540824,1190529,67.16
7540824,1191088,44.08
7540824,1191205,53.15
7540824,1192363,89.95
7540824,1194602,9.67
7540824,1197789,90.33
7540824,1197817,83.78
7540824,1199078,8.48
7540824,1201704,141.74
7540824,1201707,141.74
7540824,1201711,141.74
7540824,1201713,141.74
7540824,1203825,66.89
7540824,1204330,41.7
7540824,1204723,50.33
7540824,1204724,50.3
7540824,1204725,60.21
7540824,1204726,67.71
7540824,1204727,75.83
7540824,1204730,27.91
7540824,1204732,29.13
7540824,1204735,29.13
7540824,1204740,32.34
7540824,1204741,55.27
7540824,1204742,57.39
7540824,1204743,57.39
7540824,1204744,68.4
7540824,1204745,70.87
7540824,1204746,70.87
7540824,1204747,101.87
7540824,1204764,61.98
7540824,1206773,39.74
7540824,1206986,32.83
7540824,1207173,13.66
7540824,1208291,43.67
7540824,1208572,61.39
7540824,1210027,91.34
7540824,1210275,33.72
7540824,1210832,87.95
7540824,1211200,72.84
7540824,1211966,10.25
7540824,1212063,106.12
7540824,1213606,17.57
7540824,1213819,64.82
7540824,1214081,7.6
7540824,1214102,95.54
7540824,1215680,50.96
7540824,1216168,32.82
7540824,1216580,59.74
7540824,1216805,36.41
7540824,1217940,543.25
7540824,1218453,397.5
7540824,1218747,24.43
7540824,1218843,67.86
7540824,1218909,59.56
7540824,1218918,47.71
7540824,1218939,31.83
7540824,1218989,59.61
7540824,1218997,51.06
7540824,1219028,134.39
7540824,1219029,75.09
7540824,1219117,135.31
7540824,1219584,68.57
7540824,1221039,64.31
7540824,1221329,77.3
7540824,1222384,108.55
7540824,1222385,118.56
7540824,1222981,62.91
7540824,1224293,376.3
7540824,1225138,704.9
7540824,1226250,98.26
7540824,1226251,119.74
7540824,1226252,185.87
7540824,1226253,85.83
7540824,1226545,78.62
7540824,1226969,56.15
7540824,1227412,32.83
7540824,1227765,66.06
7540824,1228794,670.45
7540824,1229021,90.22
7540824,1229023,67.79
7540824,1229024,40.91
7540824,1229026,50.52
7540824,1229272,56.09
7540824,1229275,53.79
7540824,1229279,81.03
7540824,1229280,65.8
7540824,1229282,112.78
7540824,1229356,72.59
7540824,1231293,66.04
7540824,1231531,53.55
7540824,1233776,52.68
7540824,1234505,63.5
7540824,1234560,46.29
7540824,1235054,123.99
7540824,1235055,140.89
7540824,1235056,104.82
7540824,1235057,100.02
7540824,1235274,112.81
7540824,1236009,29.37
7540824,1236584,33.61
7540824,1236627,381.6
7540824,1236974,34.35
7540824,1236975,109.65
7540824,1236976,14.47
7540824,1236991,14.32
7540824,1236992,85.55
7540824,1236993,22.22
7540824,1236994,29.89
7540824,1236996,18.62
7540824,1236997,19.2
7540824,1237252,78.56
7540824,1238031,80.79
7540824,1238593,67.82
7540824,1238834,119.51
7540824,1239550,49.07
7540824,1239957,61.28
7540824,1241068,41.33
7540824,1241138,53.75
7540824,1241355,352.45
7540824,1241356,13
7540824,1241451,394.85
7540824,1241952,86.21
7540824,1241953,144.61
7540824,1242218,392.2
7540824,1242387,139.63
7540824,1242414,47.94
7540824,1242554,33.79
7540824,1242878,34.32
7540824,1243314,392.2
7540824,1243316,392.2
7540824,1243320,386.9
7540824,1243322,392.2
7540824,1243326,365.7
7540824,1245290,88.66
7540824,1245335,28.93
7540824,1245667,11.59
7540824,1245752,397.5
7540824,1245866,106.81
7540824,1245934,11.88
7540824,1247012,50.62
7540824,1248237,98.79
7540824,1248464,35.43
7540824,1248578,17.02
7540824,1248725,57.26
7540824,1250014,37.79
7540824,1250604,19.91
7540824,1250606,41.33
7540824,1250759,7.96
7540824,1250760,7.96
7540824,1250785,7.96
7540824,1250786,7.96
7540824,1250788,7.96
7540824,1250789,7.96
7540824,1250790,7.96
7540824,1250795,37.76
7540824,1251239,66.96
7540824,1251465,41.33
7540824,1251602,63.6
7540824,1252277,280.15
7540824,1252595,405.45
7540824,1252830,104.59
7540824,1253237,90.33
7540824,1253238,86.86
7540824,1253240,80.48
7540824,1253243,421.91
7540824,1253244,510.79
7540824,1253246,329.66
7540824,1253247,329.66
7540824,1253249,201.39
7540824,1253250,604.17
7540824,1253252,264.96
7540824,1253253,223.33
7540824,1253254,527.67
7540824,1253256,105.92
7540824,1253257,153.28
7540824,1253258,147.7
7540824,1253260,144.91
7540824,1253261,218.27
7540824,1253262,301.53
7540824,1254399,70.86
7540824,1255301,73.59
7540824,1255303,37.36
7540824,1255304,46.27
7540824,1255305,93.91
7540824,1255306,52.32
7540824,1255307,58.92
7540824,1255308,64.41
7540824,1255309,73.05
7540824,1255310,84.52
7540824,1255429,83.42
7540824,1255504,140.31
7540824,1256003,14.3
7540824,1256270,70.86
7540824,1256386,76.29
7540824,1256511,60.54
7540824,1256791,392.2
7540824,1257356,29.01
7540824,1257358,39.47
7540824,1257883,29.2
7540824,1257885,18.5
7540824,1257918,95.83
7540824,1258057,42.91
7540824,1258059,42.91
7540824,1258060,42.91
7540824,1258062,42.91
7540824,1258063,42.91
7540824,1258064,42.91
7540824,1258065,42.91
7540824,1258345,683.7
7540824,1259885,42.94
7540824,1260860,104.75
7540824,1260976,56.78
7540824,1261005,61.42
7540824,1261006,61.42
7540824,1261096,70.99
7540824,1261340,11.29
7540824,1261769,11.83
7540824,1261983,61.23
7540824,1261991,84.06
7540824,1262263,98.89
7540824,1262534,65.69
7540824,1262635,27.93
7540824,1262721,78.62
7540824,1262722,70.75
7540824,1262845,70.04
7540824,1263749,49.7
7540824,1264532,35.71
7540824,1264557,61.42
7540824,1264558,61.42
7540824,1264559,41.33
7540824,1265105,70.86
7540824,1265106,70.86
7540824,1265445,87.45
7540824,1266250,29.37
7540824,1266318,119.51
7540824,1266788,52.53
7540824,1267083,70.86
7540824,1267085,70.86
7540824,1267086,70.86
7540824,1267158,44.39
7540824,1267233,55.51
7540824,1267234,55.51
7540824,1267235,55.51
7540824,1267682,389.55
7540824,1267787,67.3
7540824,1267791,60.32
7540824,1267869,5.29
7540824,1268191,10.39
7540824,1268451,38.42
7540824,1270118,16.27
7540824,1270502,34.78
7540824,1270503,38.89
7540824,1270504,27.49
7540824,1270505,42.31
7540824,1271552,48.38
7540824,1271593,49.18
7540824,1271594,50.07
7540824,1271595,50.61
7540824,1271624,43.2
7540824,1271628,41.83
7540824,1271635,48.64
7540824,1271637,64.82
7540824,1272027,70.5
7540824,1272295,57.31
7540824,1272298,41.61
7540824,1272328,55.51
7540824,1273246,148.98
7540824,1273733,42.69
7540824,1274301,87.51
7540824,1274302,87.51
7540824,1275135,29.28
7540824,1275588,76.78
7540824,1275808,73.66
7540824,1276216,68.28
7540824,1276419,196.78
7540824,1276448,88.31
7540824,1276574,20.97
7540824,1276580,90.48
7540824,1277267,50.8
7540824,1277531,20.18
7540824,1277975,20.18
7540824,1278034,47.25
7540824,1278035,47.25
7540824,1278036,47.25
7540824,1278038,47.25
7540824,1278533,54.16
7540824,1278534,74.9
7540824,1278535,44.23
7540824,1278536,76.15
7540824,1278704,89.89
7540824,1278905,48.66
7540824,1279200,119.51
7540824,1279594,100.8
7540824,1279601,27.36
7540824,1279604,21.78
7540824,1280170,135.47
7540824,1280843,80.72
7540824,1280844,151.16
7540824,1281068,62.63
7540824,1281082,67.61
7540824,1281087,48.34
7540824,1281088,59.4
7540824,1281156,37.46
7540824,1281157,64.53
7540824,1281158,37.46
7540824,1281160,42.61
7540824,1281161,80.65
7540824,1281162,21.8
7540824,1281163,46.03
7540824,1281164,35.8
7540824,1281169,71.87
7540824,1281170,64.52
7540824,1281174,52.6
7540824,1281175,74.72
7540824,1281176,77.92
7540824,1281825,78.14
7540824,1282220,86.86
7540824,1282326,12.71
7540824,1282347,74.25
7540824,1282373,70.86
7540824,1282474,73.17
7540824,1282495,55.53
7540824,1282791,5.05
7540824,1282792,5.05
7540824,1282793,5.05
7540824,1282795,5.05
7540824,1282797,5.05
7540824,1282798,5.05
7540824,1282799,5.05
7540824,1282802,120.01
7540824,1283642,139.95
7540824,1283763,48.19
7540824,1283808,86.19
7540824,1283855,76.42
7540824,1284024,44.71
7540824,1284179,46.01
7540824,1284299,5.29
7540824,1284301,5.29
7540824,1284708,76.78
7540824,1284709,76.78
7540824,1284710,76.78
7540824,1284830,26.51
7540824,1285078,51.56
7540824,1285396,93.78
7540824,1286453,85.91
7540824,1287553,66.5
7540824,1287854,38.54
7540824,1288217,77.66
7540824,1288258,88.86
7540824,1288259,59.98
7540824,1288822,408.1
7540824,1289110,75.31
7540824,1290043,87.47
7540824,1290395,36.51
7540824,1290549,307.19
7540824,1290581,64.82
7540824,1291559,87.51
7540824,1292094,65.5
7540824,1292224,50.34
7540824,1292288,376.3
7540824,1292577,402.8
7540824,1293298,416.05
7540824,1293671,26.38
7540824,1294147,70.55
7540824,1294280,51.06
7540824,1294557,38.49
7540824,1294644,44.18
7540824,1294735,101.99
7540824,1294994,82.11
7540824,1295552,62.1
7540824,1295711,63.2
7540824,1295732,91.1
7540824,1295765,223.9
7540824,1295853,27.72
7540824,1295856,98.86
7540824,1295995,20.18
7540824,1296009,94.16
7540824,1296114,33.76
7540824,1297059,392.2
7540824,1297710,94.51
7540824,1297738,34.59
7540824,1298122,141.41
7540824,1298123,35.96
7540824,1298392,238.5
7540824,1299380,33.15
7540824,1300060,119.51
7540824,1300908,127.27
7540824,1300909,56.71
7540824,1300913,9.24
7540824,1300917,56.49
7540824,1300919,43.12
7540824,1301231,381.6
7540824,1302264,83.79
7540824,1302851,22.92
7540824,1302888,116.98
7540824,1303068,168.75
7540824,1303297,200.27
7540824,1303763,143.24
7540824,1304970,68.42
7540824,1305404,54.43
7540824,1305405,28.84
7540824,1305442,91.1
7540824,1306345,44.6
7540824,1306346,92.11
7540824,1306935,374.74
7540824,1307430,102.25
7540824,1307492,82.81
7540824,1307768,5.29
7540824,1307770,5.29
7540824,1307771,5.29
7540824,1307772,5.29
7540824,1308300,100.84
7540824,1308315,51.23
7540824,1308399,39.19
7540824,1308605,137
7540824,1308606,81.42
7540824,1311620,82.71
7540824,1311945,50.73
7540824,1312339,1384.31
7540824,1313404,48.62
7540824,1313493,70.21
7540824,1313822,139.59
7540824,1315118,36.63
7540824,1315566,45.7
7540824,1315750,85.26
7540824,1315751,48.43
7540824,1316349,53.15
7540824,1316966,53.15
7540824,1317004,53.15
7540824,1317922,127.46
7540824,1317924,250.9
7540824,1317926,143.45
7540824,1318067,156.95
7540824,1318262,20.18
7540824,1319202,17.25
7540824,1319203,21.97
7540824,1320042,69.37
7540824,1320043,72.55
7540824,1320740,64.48
7540824,1320741,27.61
7540824,1320796,88.22
7540824,1321372,119.51
7540824,1322791,114.96
7540824,1322886,35.19
7540824,1323544,44.05
7540824,1323656,32.29
7540824,1323657,54.4
7540824,1324006,44.37
7540824,1324008,58.2
7540824,1324510,53.43
7540824,1324782,56.97
7540824,1325013,53.15
7540824,1325184,69.25
7540824,1325395,72.77
7540824,1325396,80.6
7540824,1325423,86.72
7540824,1325546,61
7540824,1325887,63.66
7540824,1326082,67.64
7540824,1326130,108.5
7540824,1326148,43.34
7540824,1326180,89.12
7540824,1326181,55.93
7540824,1326586,101.33
7540824,1326746,33.23
7540824,1326860,53.64
7540824,1326895,62.27
7540824,1327193,64.4
7540824,1327329,79.86
7540824,1328569,30.59
7540824,1328858,151.39
7540824,1328859,99.81
7540824,1329804,53.15
7540824,1329805,53.15
7540824,1329849,33.19
7540824,1330425,43.59
7540824,1330578,115.89
7540824,1330856,91.33
7540824,1330973,117.74
7540824,1331923,53.15
7540824,1332022,105.54
7540824,1333062,622.75
7540824,1333994,23.2
7540824,1334466,421.35
7540824,1335126,40.51
7540824,1337242,426.65
7540824,1337407,447.85
7540824,1338066,109.78
7540824,1338337,63.66
7540824,1338620,48.58
7540824,1338683,107.31
7540824,1338703,105.56
7540824,1339013,53.15
7540824,1339014,56.43
7540824,1339267,74.54
7540824,1339268,113.9
7540824,1339269,58.14
7540824,1339270,52.32
7540824,1339274,48.22
7540824,1339275,70.4
7540824,1339276,67.03
7540824,1339283,71.92
7540824,1339424,93.79
7540824,1339467,47.98
7540824,1339468,57.03
7540824,1339686,98.28
7540824,1340625,106.62
7540824,1341141,68
7540824,1341270,67.56
7540824,1342177,45.32
7540824,1342426,66.96
7540824,1342497,95.54
7540824,1342846,21.1
7540824,1344109,54.8
7540824,1344503,95.11
7540824,1344712,193.51
7540824,1344797,21.1
7540824,1345213,81.85
7540824,1345605,421.35
7540824,1345628,6.25
7540824,1345987,67.61
7540824,1346402,43.58
7540824,1346407,50.96
7540824,1346408,64.09
7540824,1346409,56.72
7540824,1346410,46.58
7540824,1346554,125.61
7540824,1346584,53.15
7540824,1348571,65.73
7540824,1348660,34.67
7540824,1349119,89.98
7540824,1349142,115.76
7540824,1349260,127.01
7540824,1349261,126.53
7540824,1349805,40.35
7540824,1349806,41.57
7540824,1350990,43.71
7540824,1350991,43.71
7540824,1350992,43.71
7540824,1352840,127.05
7540824,1352904,58.84
7540824,1352970,49.84
7540824,1353058,49.87
7540824,1353324,63.2
7540824,1354341,108.9
7540824,1354349,56.84
7540824,1354406,59.51
7540824,1354460,39.71
7540824,1354630,119.87
7540824,1356190,38.04
7540824,1356191,43.12
7540824,1356193,35.79
7540824,1356248,93.94
7540824,1356262,90.7
7540824,1356327,74.36
7540824,1356458,134.28
7540824,1356526,61.5
7540824,1356865,83.55
7540824,1357110,41.84
7540824,1357178,77.18
7540824,1357179,63.21
7540824,1357385,65.82
7540824,1357386,62.27
7540824,1357388,92.87
7540824,1357389,105.69
7540824,1357395,60.65
7540824,1357397,75.09
7540824,1357424,66.67
7540824,1357888,400.15
7540824,1358070,77.43
7540824,1358071,57.31
7540824,1358072,61.68
7540824,1358158,30.91
7540824,1359164,80.48
7540824,1359165,80.48
7540824,1359265,81.52
7540824,1359536,86.05
7540824,1359568,66.63
7540824,1359679,96.45
7540824,1359870,144.94
7540824,1360228,70.48
7540824,1360706,119.51
7540824,1361102,81.56
7540824,1361830,91.12
7540824,1362063,43.56
7540824,1362148,60.04
7540824,1362978,69.44
7540824,1363280,65.73
7540824,1363331,97.86
7540824,1363466,43.71
7540824,1363585,43.08
7540824,1363990,57.66
7540824,1364040,103.13
7540824,1364057,71.13
7540824,1364609,92.14
7540824,1364768,56.02
7540824,1364833,105.05
7540824,1364989,43.71
7540824,1365000,43.71
7540824,1365312,73.28
7540824,1365313,225.24
7540824,1365314,175.66
7540824,1366229,93.42
7540824,1366293,43.71
7540824,1366416,24.03
7540824,1366439,60.41
7540824,1367623,79.52
7540824,1367635,23.24
7540824,1368308,87.33
7540824,1368660,56.36
7540824,1368661,80.56
7540824,1369273,58.65
7540824,1369274,61.59
7540824,1369468,98.72
7540824,1369590,79.37
7540824,1369591,79.37
7540824,1369592,19.43
7540824,1369595,20.73
7540824,1369596,22.66
7540824,1369597,13.31
7540824,1369599,13.31
7540824,1369642,386.9
7540824,1370071,53.31
7540824,1370280,46.18
7540824,1370408,42.76
7540824,1370595,62.53
7540824,1370710,96.7
7540824,1371241,99.88
7540824,1371437,69.44
7540824,1371956,69.44
7540824,1372760,103.75
7540824,1372857,239.13
7540824,1373009,39.44
7540824,1373020,69.75
7540824,1373205,55.87
7540824,1373329,28.74
7540824,1373390,73.13
7540824,1373919,21.76
7540824,1374199,52.09
7540824,1374507,279.12
7540824,1374565,98.85
7540824,1374566,53.18
7540824,1374567,214.46
7540824,1374737,282.87
7540824,1374739,282.87
7540824,1374792,41.38
7540824,1374854,27.37
7540824,1374914,8.09
7540824,1374998,116.36
7540824,1375061,66.64
7540824,1375062,85.41
7540824,1375772,241.89
7540824,1375774,313.9
7540824,1375775,131.72
7540824,1375795,139.88
7540824,1376304,376.3
7540824,1376555,484.95
7540824,1376641,26.28
7540824,1376642,26.3
7540824,1376800,371
7540824,1376989,89.38
7540824,1377008,69.69
7540824,1377060,371
7540824,1377134,49.6
7540824,1377366,110.18
7540824,1377384,174.18
7540824,1377385,172.29
7540824,1377386,96.01
7540824,1377387,103.83
7540824,1377391,69.23
7540824,1377393,140.1
7540824,1377395,158.53
7540824,1377396,84.91
7540824,1377928,381.6
7540824,1378123,376.3
7540824,1378593,381.6
7540824,1378841,43.71
7540824,1378884,56.67
7540824,1378991,58.03
7540824,1379053,106.62
7540824,1379094,371
7540824,1379406,25.14
7540824,1379520,15.98
7540824,1379700,97.79
7540824,1380278,13.4
7540824,1380368,397.5
7540824,1381259,634.41
7540824,1382575,145.85
7540824,1382982,9.84
7540824,1383429,78.76
7540824,1383458,126.31
7540824,1383581,58.63
7540824,1384017,73.93
7540824,1384030,29.16
7540824,1384116,39.57
7540824,1384477,120.95
7540824,1384662,98.29
7540824,1384780,437.25
7540824,1384809,105.54
7540824,1384927,73.98
7540824,1385522,100.36
7540824,1386321,73.76
7540824,1386621,48.19
7540824,1386917,54.33
7540824,1386918,54.33
7540824,1386948,80.25
7540824,1387124,77.66
7540824,1387285,65.75
7540824,1387414,81.03
7540824,1387415,82.47
7540824,1387847,397.5
7540824,1387974,1166
7540824,1388366,64.08
7540824,1389396,421.35
7540824,1389666,37.62
7540824,1389850,72.6
7540824,1390282,41.07
7540824,1390283,52.06
7540824,1390284,66.22
7540824,1390965,97.86
7540824,1391611,60.41
7540824,1392715,163.38
7540824,1392718,65.17
7540824,1393128,62.4
7540824,1393149,73.88
7540824,1394266,118.13
7540824,1394715,106.96
7540824,1394844,72.23
7540824,1394883,193.63
7540824,1395197,26.87
7540824,1395231,58.62
7540824,1395312,79.89
7540824,1395349,103.13
7540824,1395440,70.93
7540824,1396099,78.12
7540824,1396384,48.62
7540824,1396550,61.69
7540824,1397154,40.07
7540824,1397442,69.72
7540824,1397507,74.86
7540824,1397803,75.12
7540824,1398328,158.28
7540824,1398512,54.39
7540824,1398837,70.09
7540824,1398838,31.92
7540824,1399724,189.4
7540824,1400094,149.85
7540824,1400432,64.17
7540824,1400433,82.62
7540824,1401042,91.04
7540824,1401255,65.56
7540824,1401650,71.16
7540824,1402016,26.17
7540824,1402465,83.32
7540824,1403011,94.66
7540824,1403251,51.51
7540824,1403252,51.51
7540824,1403253,51.51
7540824,1403570,74.76
7540824,1403571,130.01
7540824,1403669,62.46
7540824,1403740,47.78
7540824,1403825,39.26
7540824,1403826,42.79
7540824,1403827,71.9
7540824,1403828,46.79
7540824,1403872,63.55
7540824,1403873,70.98
7540824,1403874,41.53
7540824,1403875,98.35
7540824,1403877,35.67
7540824,1403878,21.4
7540824,1403890,62.38
7540824,1404330,39.26
7540824,1404432,6.25
7540824,1404765,73.98
7540824,1406252,39.9
7540824,1004324,75.62
7540824,1004974,86.42
7540824,1004975,82.25
7540824,1004976,81.26
7540824,1007097,128.37
7540824,1008384,101.94
7540824,1008409,100.3
7540824,1008700,88.65
7540824,1008995,93.87
7540824,1009590,162.42
7540824,1011608,129
7540824,1011610,167.74
7540824,1013003,68.87
7540824,1013413,282.79
7540824,1014986,125.14
7540824,1014987,80.45
7540824,1014988,169.61
7540824,1014997,91.2
7540824,1015016,79.17
7540824,1015060,79.45
7540824,1016221,40.45
7540824,1017819,27.75
7540824,1017828,33.28
7540824,1019573,103.87
7540824,1019575,100.78
7540824,1019576,117.16
7540824,1019806,71.85
7540824,1020800,94.95
7540824,1020801,93.8
7540824,1031010,41.69
7540824,1031011,41.16
7540824,1031012,32.83
7540824,1031052,35.6
7540824,1031191,17.83
7540824,1031215,22.12
7540824,1033716,218.73
7540824,1036160,15.22
7540824,1036298,26.1
7540824,1036299,28.53
7540824,1075937,100.19
7540824,1083224,84.43
7540824,1083225,83.64
7540824,1083226,84.57
7540824,1141207,43.77
7540824,1141214,37.98
7540824,1141993,185.66
7540824,1146806,132.48
7540824,1154097,96.47
7540824,1154827,11.84
7540824,1155503,73.02
7540824,1155816,148.01
7540824,1158891,214.72
7540824,1164426,91.94
7540824,1164593,73.67
7540824,1164594,72.77
7540824,1165148,102.44
7540824,1165667,84.84
7540824,1167691,80.46
7540824,1170441,134.98
7540824,1170442,228.05
7540824,1170443,148.74
7540824,1172517,87.34
7540824,1172650,86.66
7540824,1172858,148.35
7540824,1173353,73.29
7540824,1174160,99.76
7540824,1174161,118.49
7540824,1174264,54.08
7540824,1174265,53.66
7540824,1174266,52.97
7540824,1175059,135.66
7540824,1175298,131.92
7540824,1175702,130.37
7540824,1175738,187.97
7540824,1175813,83.54
7540824,1176294,197.2
7540824,1178745,26.67
7540824,1180479,169.85
7540824,1181275,109.05
7540824,1185475,122.12
7540824,1185476,97.81
7540824,1185477,109.38
7540824,1188605,225.81
7540824,1192237,13.61
7540824,1193158,273.09
7540824,1195666,29.16
7540824,1197277,462.54
7540824,1198312,67.14
7540824,1199094,117.37
7540824,1199096,83.4
7540824,1199097,83.4
7540824,1199098,97.62
7540824,1199100,97.62
7540824,1199102,90.86
7540824,1199104,110.54
7540824,1199105,104.75
7540824,1199106,85.61
7540824,1199107,82.76
7540824,1200246,99.48
7540824,1200545,105.14
7540824,1204116,62.6
7540824,1205857,190.86
7540824,1208751,68.23
7540824,1208799,97.09
7540824,1208800,74.35
7540824,1209204,114.28
7540824,1209205,133.23
7540824,1209207,154.72
7540824,1209439,101.03
7540824,1209802,97.9
7540824,1209803,120.23
7540824,1209820,67.18
7540824,1211189,74.96
7540824,1213998,107.23
7540824,1214126,214.72
7540824,1214561,93.63
7540824,1215162,59.33
7540824,1215200,112.97
7540824,1215385,94.28
7540824,1215430,111.32
7540824,1215431,158.99
7540824,1216041,108.3
7540824,1216101,94.6
7540824,1216102,96.88
7540824,1216518,101.65
7540824,1217330,64.24
7540824,1217603,123.27
7540824,1217879,113.57
7540824,1217947,148.74
7540824,1217948,101.1
7540824,1218707,115.21
7540824,1218771,153.44
7540824,1218783,49.22
7540824,1219683,145.43
7540824,1219684,122.54
7540824,1219689,295.16
7540824,1220337,106.3
7540824,1220338,60.68
7540824,1220395,114.78
7540824,1222059,100.7
7540824,1222341,97.55
7540824,1222731,96.63
7540824,1223821,87
7540824,1223917,102.08
7540824,1224182,70.9
7540824,1226207,134.48
7540824,1226208,63.67
7540824,1226279,119.95
7540824,1226281,102.44
7540824,1226282,92.35
7540824,1226724,109.38
7540824,1226840,155.5
7540824,1227107,122.12
7540824,1227953,88.46
7540824,1228613,120.7
7540824,1229427,141.83
7540824,1229992,109.94
7540824,1230046,247.94
7540824,1230613,239.42
7540824,1232559,55.17
7540824,1232560,55.17
7540824,1232561,54.91
7540824,1234681,72.77
7540824,1235874,112.82
7540824,1236259,95.08
7540824,1236336,135.97
7540824,1237054,66.64
7540824,1237466,86.47
7540824,1237924,146.42
7540824,1238003,109.52
7540824,1238317,120.36
7540824,1239253,84.54
7540824,1240024,60.8
7540824,1241347,82.18
7540824,1242013,74.92
7540824,1243059,104.33
7540824,1243218,75.36
7540824,1243378,65.05
7540824,1243379,66.71
7540824,1243463,93.21
7540824,1245225,90.35
7540824,1245273,83.76
7540824,1246218,107.77
7540824,1246219,68.86
7540824,1246220,99.55
7540824,1246916,95.88
7540824,1246976,55.47
7540824,1247100,120.59
7540824,1247581,223.87
7540824,1248222,83.84
7540824,1248784,42.93
7540824,1248785,109.38
7540824,1248786,74.35
7540824,1248787,72.19
7540824,1249941,62.11
7540824,1251304,95.79
7540824,1251306,97.43
7540824,1251337,181.79
7540824,1252860,25.63
7540824,1253201,82.36
7540824,1253561,106.03
7540824,1253685,118.17
7540824,1253740,101.08
7540824,1254440,81.65
7540824,1254569,53.7
7540824,1255008,153.44
7540824,1255009,142.03
7540824,1255010,122.01
7540824,1255355,74.79
7540824,1255459,119.28
7540824,1255474,163.89
7540824,1255475,151.17
7540824,1255831,22.72
7540824,1257893,95.76
7540824,1259322,106.56
7540824,1259432,28.89
7540824,1259947,104.14
7540824,1259948,120.5
7540824,1261517,146.88
7540824,1261659,188
7540824,1261896,84.93
7540824,1262063,159.63
7540824,1262064,232.75
7540824,1262468,146.57
7540824,1262751,133.26
7540824,1263062,76.14
7540824,1263063,110.65
7540824,1263359,131.4
7540824,1263957,60.03
7540824,1264812,80.63
7540824,1264813,81.64
7540824,1264816,89.15
7540824,1265285,64.14
7540824,1265503,105.03
7540824,1266728,175.03
7540824,1267552,136.31
7540824,1268013,90.75
7540824,1268221,178.69
7540824,1268222,63.06
7540824,1268223,82.24
7540824,1268224,131.23
7540824,1268225,128.16
7540824,1268226,43.71
7540824,1268415,135.17
7540824,1268416,138.63
7540824,1268417,157.12
7540824,1268672,78.14
7540824,1269023,82.76
7540824,1271127,77.55
7540824,1273774,104.04
7540824,1273939,89.64
7540824,1274007,114
7540824,1274036,74.43
7540824,1274875,84.69
7540824,1277912,82.62
7540824,1278452,56.74
7540824,1279297,130.46
7540824,1279298,121.88
7540824,1279609,73.41
7540824,1279852,80.92
7540824,1279853,78.24
7540824,1279856,86.6
7540824,1279859,87.06
7540824,1279860,146.39
7540824,1279863,177.39
7540824,1279864,94.06
7540824,1279865,80.38
7540824,1279867,124.37
7540824,1279868,74.72
7540824,1279869,78.17
7540824,1279870,117.49
7540824,1280172,89.41
7540824,1280558,80.05
7540824,1281729,118.97
7540824,1281917,60.34
7540824,1282172,100.4
7540824,1282676,45.58
7540824,1282763,61.43
7540824,1283132,60.36
7540824,1285295,54.3
7540824,1285810,18.72
7540824,1288295,59.13
7540824,1290289,200.63
7540824,1290291,97.38
7540824,1291293,82.1
7540824,1291294,77.19
7540824,1291296,102.44
7540824,1291316,439.92
7540824,1293049,55.48
7540824,1293568,119.93
7540824,1293919,83.2
7540824,1296048,25.63
7540824,1296434,170.71
7540824,1296445,48.77
7540824,1296451,116.76
7540824,1296452,103.1
7540824,1296505,195.96
7540824,1296507,72.95
7540824,1296627,17.02
7540824,1298098,76.6
7540824,1298300,249.33
7540824,1300010,159.71
7540824,1301171,83.46
7540824,1302554,168.42
7540824,1303200,98.67
7540824,1304938,112.86
7540824,1304939,142.15
7540824,1305045,169.61
7540824,1307479,79.84
7540824,1309258,385.74
7540824,1310547,8.73
7540824,1311644,258.38
7540824,1312446,77.19
7540824,1312448,78.14
7540824,1312449,82.1
7540824,1312450,76.66
7540824,1312460,68.36
7540824,1312712,94.53
7540824,1312804,64.17
7540824,1313129,187.97
7540824,1313554,113.87
7540824,1313562,86.18
7540824,1314075,67.71
7540824,1314076,95.44
7540824,1315309,119.57
7540824,1315393,10.94
7540824,1319710,116.78
7540824,1319882,11.6
7540824,1320044,98.02
7540824,1320046,73.35
7540824,1320800,204.33
7540824,1321038,42.71
7540824,1321060,65.56
7540824,1322340,7.76
7540824,1322378,225.79
7540824,1322379,120.33
7540824,1323524,71.37
7540824,1324620,135.49
7540824,1325103,62.82
7540824,1325454,88.55
7540824,1325822,95.95
7540824,1326250,111.32
7540824,1326334,69.98
7540824,1328236,116.93
7540824,1329105,89.93
7540824,1329198,107.46
7540824,1329199,82.65
7540824,1330030,102.01
7540824,1330161,176.62
7540824,1330863,120.76
7540824,1331175,82.69
7540824,1331568,94.34
7540824,1331569,118.64
7540824,1331570,173.3
7540824,1331571,176.52
7540824,1331572,152.1
7540824,1331706,99.56
7540824,1331723,69.48
7540824,1332076,142.22
7540824,1332077,107.43
7540824,1332078,88.2
7540824,1332079,93.69
7540824,1332080,103.83
7540824,1332081,107.54
7540824,1332082,119.25
7540824,1332083,158.77
7540824,1332335,104.46
7540824,1333987,103.8
7540824,1334003,233.75
7540824,1335306,77.36
7540824,1335307,90.42
7540824,1337101,97.73
7540824,1337458,3.08
7540824,1337763,105.82
7540824,1338585,61.69
7540824,1338922,120.03
7540824,1340824,162.42
7540824,1341249,98.05
7540824,1341333,148.73
7540824,1341521,84.96
7540824,1341522,74.99
7540824,1341938,189.96
7540824,1341971,103.47
7540824,1341980,131.71
7540824,1343445,25.97
7540824,1344111,413.26
7540824,1344170,81.03
7540824,1344901,160
7540824,1345023,107.23
7540824,1345024,103.47
7540824,1345027,106.37
7540824,1345562,81.03
7540824,1347127,69.3
7540824,1347472,118.52
7540824,1347621,243.32
7540824,1349324,4.83
7540824,1349740,9.31
7540824,1350028,127.79
7540824,1351624,76.8
7540824,1353045,28.09
7540824,1354356,111.25
7540824,1354421,98.49
7540824,1354462,109.93
7540824,1354760,107.93
7540824,1355192,64.13
7540824,1356574,123.81
7540824,1356578,152.4
7540824,1356752,316.18
7540824,1357419,94.78
7540824,1357663,148.99
7540824,1360382,123.08
7540824,1360426,87.25
7540824,1360427,50.81
7540824,1360428,103.35
7540824,1360429,90.61
7540824,1360440,118.64
7540824,1360441,75.23
7540824,1360442,89.63
7540824,1360537,138.9
7540824,1360957,130.44
7540824,1362079,304.21
7540824,1362082,1844.94
7540824,1362085,262.58
7540824,1362086,251.94
7540824,1362191,9.69
7540824,1363852,75.61
7540824,1367212,74.08
7540824,1368351,84.42
7540824,1368549,8.61
7540824,1368644,119.75
7540824,1370047,37.2
7540824,1372380,142.58
7540824,1373897,325.87
7540824,1375765,86.23
7540824,1380409,118.85
7540824,1380430,90.61
7540824,1380431,110.95
7540824,1380432,124.78
7540824,1380433,74.8
7540824,1380434,70.21
7540824,1380435,78.35
7540824,1380436,91.56
7540824,1380437,104.2
7540824,1380438,103.96
7540824,1380439,76.11
7540824,1380440,86.44
7540824,1382983,28.94
7540824,1383106,133.58
7540824,1383258,130.33
7540824,1383715,83.03
7540824,1384624,110.19
7540824,1388314,80.67
7540824,1388315,96.82
7540824,1388316,87.24
7540824,1388317,100.37
7540824,1388318,86.71
7540824,1388319,80.67
7540824,1388320,89.75
7540824,1388321,97.33
7540824,1388491,171.34
7540824,1388492,64.06
7540824,1388494,86.23
7540824,1388497,116.09
7540824,1388500,258.11
7540824,1388501,94.02
7540824,1388502,87.59
7540824,1388503,81.94
7540824,1388506,115.11
7540824,1388507,115.11
7540824,1388508,66.66
7540824,1388509,76.81
7540824,1388510,72.71
7540824,1388511,81.42
7540824,1388512,78.22
7540824,1388513,83.55
7540824,1388514,164.25
7540824,1388515,170.56
7540824,1388516,119.04
7540824,1388517,116.56
7540824,1388518,135.67
7540824,1388520,101.26
7540824,1388523,158.42
7540824,1388524,181.25
7540824,1388525,121.12
7540824,1388528,128.9
7540824,1388530,81.44
7540824,1388531,101.3
7540824,1388533,73.27
7540824,1388534,102.36
7540824,1388536,92.94
7540824,1388537,100.01
7540824,1388542,49.19
7540824,1388543,56.54
7540824,1388548,80.97
7540824,1388553,149.72
7540824,1388555,113.9
7540824,1389992,58.34
7540824,1391169,139.35
7540824,1391470,142.87
7540824,1391471,154.6
7540824,1391472,125.22
7540824,1391474,53.55
7540824,1391475,58.25
7540824,1391476,81.65
7540824,1391479,83.56
7540824,1391481,83.56
7540824,1391483,83.56
7540824,1391484,77.56
7540824,1391485,68.72
7540824,1391487,70.64
7540824,1391488,63.12
7540824,1391489,71.79
7540824,1391490,80.5
7540824,1391491,50.11
7540824,1391493,79.75
7540824,1391494,83.99
7540824,1391513,197.96
7540824,1391514,157.41
7540824,1392383,63.78
7540824,1394968,37.28
7540824,1395078,73.52
7540824,1395079,80.27
7540824,1395080,54.85
7540824,1395081,78.73
7540824,1395172,88.76
7540824,1395485,607.79
7540824,1397623,159.48
7540824,1397624,141.03
7540824,1398388,75.24
7540824,1398892,95.73
7540824,1399818,143.11
