Contract ID,SAP Code,Sell Price
5760824,1000004,29.95
5760824,1000007,22.7
5760824,1000013,42.53
5760824,1000067,49.98
5760824,1000068,48.18
5760824,1000069,71.67
5760824,1000072,25.34
5760824,1000082,42.34
5760824,1000091,20.91
5760824,1000122,62.12
5760824,1000133,44.97
5760824,1000140,11.03
5760824,1000141,12.11
5760824,1000142,14.51
5760824,1000143,15.71
5760824,1000144,21.26
5760824,1000161,45.66
5760824,1000162,32.59
5760824,1000167,60.22
5760824,1000168,49.16
5760824,1000170,70.29
5760824,1000179,3.84
5760824,1000181,15.02
5760824,1000183,11.65
5760824,1000185,37.46
5760824,1000186,38.09
5760824,1000187,28.54
5760824,1000188,9.73
5760824,1000189,24.6
5760824,1000191,5.53
5760824,1000192,15.07
5760824,1000193,18.69
5760824,1000194,23.79
5760824,1000199,25.26
5760824,1000201,14.92
5760824,1000202,68.09
5760824,1000205,6.16
5760824,1000206,21.26
5760824,1000209,7.79
5760824,1000210,7.22
5760824,1000211,154.07
5760824,1000215,23.15
5760824,1000216,57.63
5760824,1000218,84.32
5760824,1000220,150.59
5760824,1000221,42.08
5760824,1000222,542.93
5760824,1000223,646.04
5760824,1000224,205.41
5760824,1000226,19.14
5760824,1000227,141.18
5760824,1000337,70.56
5760824,1000338,61.67
5760824,1000348,39.25
5760824,1000349,45.85
5760824,1000355,29.99
5760824,1000364,17.17
5760824,1000366,71.99
5760824,1000367,120.22
5760824,1000371,58.49
5760824,1000378,129.02
5760824,1000384,135.29
5760824,1000386,47.69
5760824,1000393,77.33
5760824,1000394,138.57
5760824,1000395,63.57
5760824,1000398,74.95
5760824,1000399,52.11
5760824,1000400,69.08
5760824,1000401,80.05
5760824,1000402,68.04
5760824,1000414,78.82
5760824,1000415,66.56
5760824,1000419,40.24
5760824,1000420,27.01
5760824,1000421,27.59
5760824,1000423,27.59
5760824,1000424,25.59
5760824,1000425,39.93
5760824,1000427,56.41
5760824,1000428,50.14
5760824,1000433,59.29
5760824,1000435,61.44
5760824,1000436,39.38
5760824,1000437,38.72
5760824,1000438,95.1
5760824,1000439,54.82
5760824,1000440,72.3
5760824,1000441,64.57
5760824,1000443,48.28
5760824,1000444,49.42
5760824,1000445,62.4
5760824,1000446,45.5
5760824,1000447,41.92
5760824,1000448,35.94
5760824,1000451,0.01
5760824,1000457,23.96
5760824,1000458,23.96
5760824,1000461,23.96
5760824,1000462,23.96
5760824,1000464,45.55
5760824,1000465,30.18
5760824,1000466,56.31
5760824,1000467,42.3
5760824,1000468,62.22
5760824,1000472,104.06
5760824,1000473,30.58
5760824,1000474,44.21
5760824,1000475,63.33
5760824,1000486,45.21
5760824,1000487,53.87
5760824,1000489,63.05
5760824,1000490,27.12
5760824,1000491,30.44
5760824,1000496,0.01
5760824,1000497,0.01
5760824,1000502,1.18
5760824,1000509,34.93
5760824,1000511,41.07
5760824,1000513,74.52
5760824,1000514,60.32
5760824,1000523,57.55
5760824,1000526,26.37
5760824,1000527,29.99
5760824,1000530,73.1
5760824,1000532,61.15
5760824,1000535,44.89
5760824,1000536,55.8
5760824,1000537,33.68
5760824,1000538,38.29
5760824,1000539,32.37
5760824,1000540,32.44
5760824,1000541,39.27
5760824,1000542,34.25
5760824,1000544,33.72
5760824,1000545,42.18
5760824,1000547,38.55
5760824,1000548,49.02
5760824,1000549,39.46
5760824,1000550,60.27
5760824,1000551,71.56
5760824,1000555,62.73
5760824,1000557,30.57
5760824,1000565,54.77
5760824,1000566,262.44
5760824,1000573,34.04
5760824,1000584,11.74
5760824,1000585,104.02
5760824,1000586,75.09
5760824,1000594,151.27
5760824,1000599,86.68
5760824,1000600,8.94
5760824,1000601,98.49
5760824,1000602,130.56
5760824,1000603,50.81
5760824,1000607,223.53
5760824,1000619,12.41
5760824,1000626,47.6
5760824,1000630,41.62
5760824,1000637,41.12
5760824,1000641,116.49
5760824,1000651,75.79
5760824,1000652,101.12
5760824,1000654,17.7
5760824,1000655,70.75
5760824,1000659,51.59
5760824,1000667,57.65
5760824,1000670,91.36
5760824,1000678,105.47
5760824,1000679,27.92
5760824,1000680,31.55
5760824,1000681,33.81
5760824,1000685,29.03
5760824,1000688,14.6
5760824,1000689,19.48
5760824,1000693,14.6
5760824,1000694,16.56
5760824,1000695,19.48
5760824,1000697,25.6
5760824,1000698,27.92
5760824,1000700,19.48
5760824,1000704,14.6
5760824,1000705,16.56
5760824,1000707,27.92
5760824,1000708,31.55
5760824,1000709,46.86
5760824,1000710,122.69
5760824,1000711,27.92
5760824,1000712,50.64
5760824,1000715,36.18
5760824,1000717,27.92
5760824,1000718,44.18
5760824,1000719,62.1
5760824,1000720,62.1
5760824,1000721,62.1
5760824,1000723,15.84
5760824,1000799,71.44
5760824,1000864,41.02
5760824,1000867,50.46
5760824,1000996,65.68
5760824,1001216,57.86
5760824,1001327,45.69
5760824,1001329,37.71
5760824,1001330,65.05
5760824,1001331,77.18
5760824,1001332,58.04
5760824,1001338,66.3
5760824,1001349,47.96
5760824,1001383,26.6
5760824,1001396,92.44
5760824,1001408,49.84
5760824,1001409,47
5760824,1001430,48.67
5760824,1001436,8.93
5760824,1001438,41.52
5760824,1001439,41.92
5760824,1001450,35.72
5760824,1001451,65.46
5760824,1001465,68.73
5760824,1001477,43.46
5760824,1001481,41.96
5760824,1001619,37.47
5760824,1001667,29.95
5760824,1001670,51.33
5760824,1001672,38.83
5760824,1001675,14.37
5760824,1001677,5.37
5760824,1001680,7.03
5760824,1001681,9.21
5760824,1001684,8.69
5760824,1001692,224.24
5760824,1001710,25.6
5760824,1001711,25.6
5760824,1001712,27.92
5760824,1001716,21.49
5760824,1001717,21.49
5760824,1001718,27.92
5760824,1001725,55.23
5760824,1001736,4.53
5760824,1001740,37.8
5760824,1001746,33.02
5760824,1001750,7.47
5760824,1001769,56.28
5760824,1001771,28.9
5760824,1001775,31.99
5760824,1001798,5.05
5760824,1001806,85.38
5760824,1001808,127.62
5760824,1001826,21.49
5760824,1001828,42.53
5760824,1001846,11.35
5760824,1001854,6.26
5760824,1001856,20.86
5760824,1001858,51.9
5760824,1001868,68.8
5760824,1001876,216.11
5760824,1001878,262.66
5760824,1001880,235.27
5760824,1001882,79.02
5760824,1001883,296.53
5760824,1001932,32.81
5760824,1001934,54.33
5760824,1001985,108.24
5760824,1002011,27.21
5760824,1002014,34.47
5760824,1002020,36.19
5760824,1002021,42.56
5760824,1002022,36.56
5760824,1002042,16.49
5760824,1002047,21.26
5760824,1002049,12.87
5760824,1002054,86.19
5760824,1002059,127.62
5760824,1002075,4.93
5760824,1002079,14.06
5760824,1002100,36.6
5760824,1002105,55.29
5760824,1002479,16.56
5760824,1002480,87.84
5760824,1002484,97.32
5760824,1002500,40.67
5760824,1002501,27.42
5760824,1002503,56.11
5760824,1002504,69.5
5760824,1002505,32.79
5760824,1002506,32.71
5760824,1002509,28.37
5760824,1002511,15.41
5760824,1003019,12.11
5760824,1003023,8.12
5760824,1003040,47.71
5760824,1003041,39.21
5760824,1003049,123.04
5760824,1003050,7.39
5760824,1003055,4.33
5760824,1003059,24.94
5760824,1003063,25.09
5760824,1003064,19.63
5760824,1003082,8.12
5760824,1003083,40.95
5760824,1003095,32.75
5760824,1003100,52.43
5760824,1003102,34.41
5760824,1003137,40.95
5760824,1003147,33
5760824,1003167,8.12
5760824,1003186,12.48
5760824,1003189,16.41
5760824,1003203,15.71
5760824,1003204,43.66
5760824,1003205,48.27
5760824,1003216,16.14
5760824,1003217,46.44
5760824,1003225,7.97
5760824,1003227,42.98
5760824,1003237,15.71
5760824,1003240,13.4
5760824,1003243,73.28
5760824,1003267,25.84
5760824,1003268,88.65
5760824,1003280,41.49
5760824,1003281,65.63
5760824,1003282,107.59
5760824,1003350,46.39
5760824,1003356,67.17
5760824,1003357,40.11
5760824,1003382,262.44
5760824,1003384,50.97
5760824,1003387,22.93
5760824,1003391,7.9
5760824,1003396,11.6
5760824,1003454,45.35
5760824,1003477,35.15
5760824,1003483,36.01
5760824,1003518,21.76
5760824,1003520,38.43
5760824,1003562,82.78
5760824,1003568,54.74
5760824,1003601,39.53
5760824,1003606,90.69
5760824,1003607,121.03
5760824,1003636,48.83
5760824,1005144,32.23
5760824,1005419,132.76
5760824,1006484,22.45
5760824,1006498,56.28
5760824,1007159,67.22
5760824,1007626,187.16
5760824,1007764,38.84
5760824,1008853,42.9
5760824,1008896,0.01
5760824,1008928,38.71
5760824,1009846,123.76
5760824,1009847,178.81
5760824,1009848,138.17
5760824,1009849,186.94
5760824,1015494,5.04
5760824,1015578,14.94
5760824,1015809,32.59
5760824,1016261,14.94
5760824,1022569,54.01
5760824,1022714,81.47
5760824,1022770,67.7
5760824,1022785,78.42
5760824,1022909,48.86
5760824,1023011,86.29
5760824,1023015,56.12
5760824,1023055,110.29
5760824,1023077,24.21
5760824,1023310,58.78
5760824,1023350,49.48
5760824,1023404,51.74
5760824,1023417,68.94
5760824,1023507,65.29
5760824,1023508,59.78
5760824,1023541,10.58
5760824,1023563,17.15
5760824,1023644,32.8
5760824,1023698,29.35
5760824,1023753,30.11
5760824,1023773,27.11
5760824,1023814,35.94
5760824,1023833,24.54
5760824,1023906,30.78
5760824,1023914,45.08
5760824,1023915,34.01
5760824,1023924,40.42
5760824,1023976,17.17
5760824,1024012,23.03
5760824,1024014,27.71
5760824,1024018,13.56
5760824,1024027,20.58
5760824,1024029,16.22
5760824,1024038,16.52
5760824,1024039,0.01
5760824,1024046,29.95
5760824,1024053,0.01
5760824,1024068,85.21
5760824,1024221,56.73
5760824,1024264,62.36
5760824,1024274,52.23
5760824,1024278,53.61
5760824,1024280,39.33
5760824,1024282,54.22
5760824,1024294,38.11
5760824,1024299,53.91
5760824,1024301,33.46
5760824,1024302,48.04
5760824,1024360,70.27
5760824,1024362,67.63
5760824,1024369,45.97
5760824,1024444,54.68
5760824,1024464,65.53
5760824,1024546,75.32
5760824,1024685,13.08
5760824,1024705,41.93
5760824,1024728,40.54
5760824,1024734,29.95
5760824,1024739,15.19
5760824,1024768,11.72
5760824,1024879,72.71
5760824,1024880,63.4
5760824,1024956,57.36
5760824,1024991,39.71
5760824,1025113,62.81
5760824,1025119,48.5
5760824,1025123,49.99
5760824,1025128,58.55
5760824,1025298,34.66
5760824,1025299,58.88
5760824,1025315,47.75
5760824,1025360,56.83
5760824,1025512,17.97
5760824,1025524,23.96
5760824,1025526,23.96
5760824,1025545,11.98
5760824,1025584,0.01
5760824,1025585,0.01
5760824,1025628,40.59
5760824,1025652,2.89
5760824,1025661,1.98
5760824,1025713,47.57
5760824,1025741,0.01
5760824,1025750,56.65
5760824,1025755,43.03
5760824,1026001,62.6
5760824,1026002,47.64
5760824,1026018,35.94
5760824,1026062,57.23
5760824,1026078,46.35
5760824,1026099,10.93
5760824,1026100,9.24
5760824,1026102,13.62
5760824,1026121,52.92
5760824,1026144,55.93
5760824,1026145,55.74
5760824,1026146,56.15
5760824,1026181,24.69
5760824,1026239,45.52
5760824,1026248,13.37
5760824,1026252,0.01
5760824,1026536,217.33
5760824,1026605,65.97
5760824,1026988,24.94
5760824,1027286,18.23
5760824,1027348,5.6
5760824,1027353,18.31
5760824,1027542,23.02
5760824,1027623,73.28
5760824,1027668,46.28
5760824,1027674,92.29
5760824,1027691,55.65
5760824,1027692,58.43
5760824,1027701,56.91
5760824,1027706,43.04
5760824,1027732,48.39
5760824,1027754,41.76
5760824,1027768,38.61
5760824,1027772,85.17
5760824,1027807,115.01
5760824,1027839,51.56
5760824,1027843,59.84
5760824,1027852,80.22
5760824,1027864,51.56
5760824,1027865,52.33
5760824,1027869,54.46
5760824,1027987,88.08
5760824,1027990,49.27
5760824,1028014,57.65
5760824,1028033,40.1
5760824,1028034,21.19
5760824,1028057,91.84
5760824,1028059,56.45
5760824,1028061,52.07
5760824,1028085,3.17
5760824,1028086,3.17
5760824,1028087,4.08
5760824,1028089,38.05
5760824,1028095,38.05
5760824,1028165,33.17
5760824,1028174,48.99
5760824,1028187,32.82
5760824,1028188,42.32
5760824,1028192,62.41
5760824,1028193,242.43
5760824,1028194,62.94
5760824,1028214,74.41
5760824,1028332,137.2
5760824,1028379,57.14
5760824,1028389,30.62
5760824,1028393,113.01
5760824,1028396,43.22
5760824,1028397,44.09
5760824,1028472,53.99
5760824,1028475,38.05
5760824,1028476,3.17
5760824,1028600,31.16
5760824,1028613,98.41
5760824,1028669,48.24
5760824,1028688,51.52
5760824,1028697,51.23
5760824,1028705,47.23
5760824,1028721,48.47
5760824,1028755,57.99
5760824,1028759,96.77
5760824,1028799,38.05
5760824,1028817,26.37
5760824,1028831,78.53
5760824,1028833,3.17
5760824,1028885,82.23
5760824,1028925,55.67
5760824,1028960,53.24
5760824,1028961,3.35
5760824,1041244,16.88
5760824,1041711,26.47
5760824,1043636,17.58
5760824,1044656,40.15
5760824,1044658,30.09
5760824,1044665,30.09
5760824,1044792,20.08
5760824,1044930,79.18
5760824,1044932,20.94
5760824,1044984,24.16
5760824,1045757,19.53
5760824,1045781,50.19
5760824,1046020,22.85
5760824,1048117,40.92
5760824,1050905,30.91
5760824,1050917,28.9
5760824,1050988,45.17
5760824,1051018,30.67
5760824,1051020,30.67
5760824,1051024,30.67
5760824,1051033,23.63
5760824,1051048,42.56
5760824,1051055,34.41
5760824,1051064,61.89
5760824,1051072,33.03
5760824,1051091,63.96
5760824,1051101,41.93
5760824,1051103,29.01
5760824,1051105,50.53
5760824,1051109,28.62
5760824,1051124,28.81
5760824,1051157,48.28
5760824,1051174,63.71
5760824,1051214,41.77
5760824,1051219,41.77
5760824,1051222,35.36
5760824,1051298,66.34
5760824,1051304,47.64
5760824,1051305,38.43
5760824,1051344,61.53
5760824,1051368,50.2
5760824,1051458,51.36
5760824,1051595,42.03
5760824,1051700,43.25
5760824,1051820,30.41
5760824,1051834,50.17
5760824,1051886,42.18
5760824,1052011,49.56
5760824,1052085,43.3
5760824,1052464,39.66
5760824,1052465,39.66
5760824,1052468,48.28
5760824,1052910,50.53
5760824,1052916,63.76
5760824,1052950,28.81
5760824,1053012,72.96
5760824,1053013,72.96
5760824,1053036,58.4
5760824,1053076,26.49
5760824,1053098,34.54
5760824,1053167,72.96
5760824,1053355,50.1
5760824,1053467,46
5760824,1053471,35.69
5760824,1053481,49.56
5760824,1053490,27.88
5760824,1053502,34.01
5760824,1053506,49.56
5760824,1053512,35.41
5760824,1053515,35.41
5760824,1053528,23.63
5760824,1053538,30.67
5760824,1053543,51.96
5760824,1053547,34.01
5760824,1053550,51.96
5760824,1053559,71.01
5760824,1053563,26.96
5760824,1053582,25.42
5760824,1053594,30.41
5760824,1053613,84.28
5760824,1053616,61.89
5760824,1053619,61.89
5760824,1053633,34.37
5760824,1053659,48.53
5760824,1053661,42.56
5760824,1053675,44.13
5760824,1053693,24.19
5760824,1053714,28.9
5760824,1053730,44.33
5760824,1053738,31.72
5760824,1053750,38.87
5760824,1053780,38.87
5760824,1053794,31.72
5760824,1053811,51.17
5760824,1053839,26.45
5760824,1053841,67.65
5760824,1053848,30.24
5760824,1053857,54.05
5760824,1053863,28.75
5760824,1053866,34.6
5760824,1053868,42.51
5760824,1053869,42.51
5760824,1053896,33.65
5760824,1053899,49.56
5760824,1053900,41.26
5760824,1053942,47.04
5760824,1053972,31.73
5760824,1053982,69.54
5760824,1053992,58.55
5760824,1054031,46.25
5760824,1054039,33.57
5760824,1054067,23.98
5760824,1054132,48.31
5760824,1054135,28.9
5760824,1054145,50.1
5760824,1054380,26.9
5760824,1054486,51.69
5760824,1054636,72.83
5760824,1054747,66.55
5760824,1054811,74.06
5760824,1054823,99.01
5760824,1054839,71.08
5760824,1054854,92.82
5760824,1054859,69.59
5760824,1054862,49.66
5760824,1054866,42.87
5760824,1054874,33
5760824,1054882,66.55
5760824,1054884,66.55
5760824,1054894,66.55
5760824,1054902,52.35
5760824,1054903,94.92
5760824,1054909,94.92
5760824,1054916,54.97
5760824,1054919,82.08
5760824,1054931,71.34
5760824,1054932,71.34
5760824,1054958,94.92
5760824,1054978,66.55
5760824,1054980,43.66
5760824,1055000,52.35
5760824,1055008,51.27
5760824,1055024,33
5760824,1055161,47.97
5760824,1055486,60.98
5760824,1055706,57.37
5760824,1055707,42.23
5760824,1056041,47.94
5760824,1056175,32.82
5760824,1056199,54.97
5760824,1056309,54.97
5760824,1056423,30.36
5760824,1056480,49.15
5760824,1057146,38
5760824,1057249,36.56
5760824,1057302,40.03
5760824,1057327,36.56
5760824,1057329,42.98
5760824,1057339,42.56
5760824,1057341,47.71
5760824,1057347,43.82
5760824,1057361,39.61
5760824,1057474,38.23
5760824,1057483,36.01
5760824,1057484,33.59
5760824,1057486,34.47
5760824,1057488,28.16
5760824,1057491,46.87
5760824,1057494,54.71
5760824,1057498,38.44
5760824,1057501,46.87
5760824,1057504,61.37
5760824,1057507,30.65
5760824,1057509,49.87
5760824,1057513,50.2
5760824,1057515,38.9
5760824,1057520,36.56
5760824,1057543,41.1
5760824,1057554,40.03
5760824,1057557,53.46
5760824,1057558,47.07
5760824,1057570,48.36
5760824,1057622,43.82
5760824,1057664,25.09
5760824,1057815,45.28
5760824,1057833,47.07
5760824,1057861,47.71
5760824,1057893,39.61
5760824,1057896,46.35
5760824,1058513,116.91
5760824,1058818,270.33
5760824,1058900,520.51
5760824,1058908,91.22
5760824,1058910,537.18
5760824,1058911,89.23
5760824,1058915,36.04
5760824,1058939,12.08
5760824,1058941,11.65
5760824,1058943,114.02
5760824,1058948,19.14
5760824,1058955,230.13
5760824,1058957,228.54
5760824,1058958,74.92
5760824,1058960,73.92
5760824,1058961,155.8
5760824,1058962,65.91
5760824,1058965,17.92
5760824,1058968,28.03
5760824,1058975,57.08
5760824,1058996,72.04
5760824,1058999,56.92
5760824,1059004,292.29
5760824,1059014,15.59
5760824,1059052,679.42
5760824,1059114,37.43
5760824,1059122,39.85
5760824,1059126,144.05
5760824,1059127,78.32
5760824,1059129,37.43
5760824,1059155,175.11
5760824,1059159,29.18
5760824,1059162,43.78
5760824,1059163,43.78
5760824,1059183,58.82
5760824,1059195,6.27
5760824,1059207,220.73
5760824,1059309,114.44
5760824,1059310,189.99
5760824,1059319,130.56
5760824,1059395,138
5760824,1059455,207.77
5760824,1059472,201.08
5760824,1059500,93.4
5760824,1059512,81.5
5760824,1059514,6.59
5760824,1059515,6.79
5760824,1059516,6.79
5760824,1059568,260.27
5760824,1059657,941.63
5760824,1059729,641.33
5760824,1059730,435.89
5760824,1059770,371.1
5760824,1059832,23.92
5760824,1060106,132.41
5760824,1060116,513.85
5760824,1060121,168.3
5760824,1060123,38.14
5760824,1060127,40.46
5760824,1060137,34.91
5760824,1060151,19.14
5760824,1060153,144.67
5760824,1060154,32.61
5760824,1060156,39.04
5760824,1060157,39.04
5760824,1060162,36.4
5760824,1060176,40.46
5760824,1060181,39.04
5760824,1060193,204.92
5760824,1060196,46.12
5760824,1060198,610.05
5760824,1060210,6.96
5760824,1060227,130.44
5760824,1060234,6.44
5760824,1060242,6.96
5760824,1060247,12.78
5760824,1060252,38.14
5760824,1060257,29.31
5760824,1060264,132.41
5760824,1060266,422.19
5760824,1060277,147.84
5760824,1060278,36.04
5760824,1060285,8.43
5760824,1060292,64.41
5760824,1060343,686.99
5760824,1060396,21.58
5760824,1060406,330.43
5760824,1060414,207.77
5760824,1060492,337.25
5760824,1060511,85.12
5760824,1060593,526.27
5760824,1060635,278.16
5760824,1060681,40.46
5760824,1060686,64.41
5760824,1060694,379.99
5760824,1066620,20.06
5760824,1066971,16.74
5760824,1068613,9.26
5760824,1068617,8.12
5760824,1068620,9.2
5760824,1068624,11.34
5760824,1068626,11.66
5760824,1068627,14.9
5760824,1068629,7.11
5760824,1068630,9.26
5760824,1068631,12.98
5760824,1068633,10.16
5760824,1068635,11.02
5760824,1068639,18.07
5760824,1068642,13.06
5760824,1068644,14.51
5760824,1068645,15.71
5760824,1068669,9.26
5760824,1068670,7.12
5760824,1068671,10.17
5760824,1068672,13.06
5760824,1068674,23.09
5760824,1068678,19.1
5760824,1068680,20.89
5760824,1068681,7.11
5760824,1068682,9.26
5760824,1068683,10.16
5760824,1068684,11.02
5760824,1068685,12.11
5760824,1068686,13.06
5760824,1068687,14.51
5760824,1068693,81.92
5760824,1068699,10.16
5760824,1068701,11.02
5760824,1068703,12.11
5760824,1068710,14.51
5760824,1068715,15.39
5760824,1068716,16.72
5760824,1068718,18.86
5760824,1068719,31.55
5760824,1068720,40.65
5760824,1068721,37.47
5760824,1068725,8.12
5760824,1068726,80.08
5760824,1068727,86.28
5760824,1068730,67.08
5760824,1068732,35.05
5760824,1068734,16.72
5760824,1068735,63.06
5760824,1068736,15.39
5760824,1068741,26.57
5760824,1068742,16.72
5760824,1068749,37.48
5760824,1068752,39.85
5760824,1068758,46.86
5760824,1068765,15.39
5760824,1068770,16.72
5760824,1068774,26.6
5760824,1068777,15.39
5760824,1068783,10.29
5760824,1068784,18.86
5760824,1068785,37.47
5760824,1068786,12.06
5760824,1068793,12.98
5760824,1068801,18.07
5760824,1068803,19.48
5760824,1068808,21.49
5760824,1068813,23.09
5760824,1068818,25.6
5760824,1068824,75.03
5760824,1068847,140.66
5760824,1068848,62.24
5760824,1068849,71.16
5760824,1068850,62.24
5760824,1068851,71.16
5760824,1068852,62.24
5760824,1068853,71.16
5760824,1068854,62.24
5760824,1068855,71.16
5760824,1068861,127.45
5760824,1068863,48.55
5760824,1068864,47.75
5760824,1068865,137.05
5760824,1068867,8.95
5760824,1068868,89.55
5760824,1068869,62.61
5760824,1068870,54.97
5760824,1068874,148.17
5760824,1068878,22.82
5760824,1068882,75.94
5760824,1068883,7.59
5760824,1068885,53.75
5760824,1068887,49.89
5760824,1068889,88.57
5760824,1068908,45.62
5760824,1068910,12.98
5760824,1068911,12.98
5760824,1068916,14.6
5760824,1068920,16.56
5760824,1068922,94.37
5760824,1068924,83.71
5760824,1068925,18.07
5760824,1068930,18.07
5760824,1068941,37.48
5760824,1068942,51.92
5760824,1068944,19.48
5760824,1068953,21.49
5760824,1068955,23.09
5760824,1068956,23.09
5760824,1068958,25.6
5760824,1068961,27.92
5760824,1068964,31.55
5760824,1068965,31.55
5760824,1068966,35.05
5760824,1068968,35.05
5760824,1068971,39.85
5760824,1068980,46.86
5760824,1068996,12.98
5760824,1069000,16.56
5760824,1069001,18.07
5760824,1069004,23.09
5760824,1069006,31.55
5760824,1069007,35.05
5760824,1069008,39.85
5760824,1069009,46.86
5760824,1069018,22.16
5760824,1069021,21.49
5760824,1069022,24.71
5760824,1069023,22.91
5760824,1069025,25.6
5760824,1069027,29.28
5760824,1069030,31.55
5760824,1069036,50.64
5760824,1069041,71.16
5760824,1069050,24.71
5760824,1069052,26.21
5760824,1069054,29.28
5760824,1069056,31.99
5760824,1069058,36.18
5760824,1069062,50.64
5760824,1069064,71.16
5760824,1069071,21.49
5760824,1069072,21.49
5760824,1069073,22.91
5760824,1069076,25.6
5760824,1069077,25.6
5760824,1069080,31.55
5760824,1069084,44.18
5760824,1069091,69.81
5760824,1069095,23.85
5760824,1069096,24.71
5760824,1069097,26.21
5760824,1069098,29.28
5760824,1069100,31.99
5760824,1069101,36.18
5760824,1069106,71.16
5760824,1069116,16.07
5760824,1069118,17.02
5760824,1069119,19.04
5760824,1069121,22.17
5760824,1069122,23.87
5760824,1069124,24.94
5760824,1069125,28.32
5760824,1069126,31.37
5760824,1069128,32.22
5760824,1069151,25.45
5760824,1069153,32.62
5760824,1069155,35.72
5760824,1069156,38.66
5760824,1069159,45.98
5760824,1069163,62.12
5760824,1069164,69.21
5760824,1069166,78.78
5760824,1069167,87.3
5760824,1069264,203.17
5760824,1069266,278.99
5760824,1069269,162.54
5760824,1069271,186.94
5760824,1069273,211.31
5760824,1069274,278.99
5760824,1069279,123.76
5760824,1069353,283.23
5760824,1069371,281.03
5760824,1069397,73.65
5760824,1069403,66.73
5760824,1069407,126.3
5760824,1069409,80.98
5760824,1069413,118.1
5760824,1069414,30.25
5760824,1069419,96.09
5760824,1069553,59.54
5760824,1069554,71.16
5760824,1069556,37.47
5760824,1069675,54.02
5760824,1069678,52.01
5760824,1069680,17.34
5760824,1069688,40.3
5760824,1069697,7.81
5760824,1069708,75.55
5760824,1069727,13.8
5760824,1069737,65.51
5760824,1069738,21.83
5760824,1069748,41.99
5760824,1069781,324.11
5760824,1069782,18.63
5760824,1069793,32.93
5760824,1069799,102.93
5760824,1069803,11.07
5760824,1069806,34.45
5760824,1069810,87.76
5760824,1069813,33.81
5760824,1069818,8.46
5760824,1069821,14.29
5760824,1069855,53.58
5760824,1069856,8.93
5760824,1069865,31.25
5760824,1069873,25.72
5760824,1069874,37.8
5760824,1069906,63.64
5760824,1069913,11.85
5760824,1069931,33.9
5760824,1069932,12.87
5760824,1070005,27.12
5760824,1070039,9.66
5760824,1070041,85.73
5760824,1070042,8.26
5760824,1070049,19.67
5760824,1070053,9.76
5760824,1070055,7.58
5760824,1070056,14.45
5760824,1070058,45.68
5760824,1070060,22.19
5760824,1070069,60.43
5760824,1070072,29.32
5760824,1070079,65.5
5760824,1070108,50.76
5760824,1070141,29.45
5760824,1070149,55.46
5760824,1070151,39.34
5760824,1070163,119.14
5760824,1070172,46.18
5760824,1070179,4.62
5760824,1070206,154.49
5760824,1070277,36.47
5760824,1070306,36.51
5760824,1070307,275.23
5760824,1070311,61.13
5760824,1070320,44.2
5760824,1070321,181.24
5760824,1070338,15.9
5760824,1070354,102.74
5760824,1070363,136.63
5760824,1070374,13.79
5760824,1070391,107.95
5760824,1070418,12.08
5760824,1070455,787.83
5760824,1070469,50.76
5760824,1070479,112.76
5760824,1070536,696.15
5760824,1070539,26.6
5760824,1070547,18.03
5760824,1070644,42.84
5760824,1071090,57.3
5760824,1071120,14.29
5760824,1071134,17.42
5760824,1071138,104.54
5760824,1071962,255.15
5760824,1072011,272.46
5760824,1072069,75.31
5760824,1072148,12.55
5760824,1072181,18.52
5760824,1072183,15.86
5760824,1072212,15.26
5760824,1072249,13.74
5760824,1072330,16.5
5760824,1072444,18.27
5760824,1072446,91.56
5760824,1072529,10.3
5760824,1072533,12.16
5760824,1072553,8.57
5760824,1072559,10.57
5760824,1072561,10.57
5760824,1072563,10.57
5760824,1072578,9.19
5760824,1072580,8.57
5760824,1072584,11.37
5760824,1072595,7.18
5760824,1072600,6.69
5760824,1072622,6.46
5760824,1072651,83.25
5760824,1072652,6.94
5760824,1072654,8.37
5760824,1072667,5.86
5760824,1072669,7.82
5760824,1072697,42.28
5760824,1072698,7.05
5760824,1072719,6.05
5760824,1072738,5.26
5760824,1072742,7.18
5760824,1072858,72.61
5760824,1072941,8.51
5760824,1072944,51.03
5760824,1072960,7.16
5760824,1072963,43.23
5760824,1072965,7.2
5760824,1072990,17.88
5760824,1073115,11.07
5760824,1073160,5.3
5760824,1073195,8.52
5760824,1073334,21.26
5760824,1073340,6.5
5760824,1073341,6.73
5760824,1073388,9.34
5760824,1073432,57.88
5760824,1073457,42.94
5760824,1073458,6.73
5760824,1073499,27.81
5760824,1073523,10.67
5760824,1073571,14.31
5760824,1073579,24
5760824,1073583,22.95
5760824,1073671,12.61
5760824,1073673,8.31
5760824,1073677,10.81
5760824,1073695,9.54
5760824,1073696,57.23
5760824,1073701,71.08
5760824,1073704,11.85
5760824,1073705,65.54
5760824,1073707,10.92
5760824,1073708,86.75
5760824,1073710,77.49
5760824,1073716,12.92
5760824,1073718,14.46
5760824,1073719,110.22
5760824,1073799,9.19
5760824,1073820,12.9
5760824,1073822,3.54
5760824,1073825,7.61
5760824,1073826,4.31
5760824,1073827,51.76
5760824,1073830,3.63
5760824,1073834,4.31
5760824,1073838,4.68
5760824,1073841,5.53
5760824,1073859,6.34
5760824,1073867,58.98
5760824,1073868,9.83
5760824,1073870,9.38
5760824,1073871,46.87
5760824,1073872,7.81
5760824,1073874,91.27
5760824,1073875,7.74
5760824,1073878,40.39
5760824,1073880,43.16
5760824,1073885,7.39
5760824,1073886,88.65
5760824,1074369,15.32
5760824,1074474,287.96
5760824,1074477,234.45
5760824,1074478,19.54
5760824,1074631,23.81
5760824,1074636,15.27
5760824,1074761,85.38
5760824,1074766,114.11
5760824,1074877,159.21
5760824,1074966,32.39
5760824,1075005,160.74
5760824,1075009,53.58
5760824,1075069,142.74
5760824,1075070,14.31
5760824,1075078,310.12
5760824,1075149,13.66
5760824,1075156,285.48
5760824,1075166,194.5
5760824,1075168,7.36
5760824,1075174,104.25
5760824,1075232,11.89
5760824,1075233,16.21
5760824,1075270,6.43
5760824,1075274,22.65
5760824,1075275,14.47
5760824,1075277,16.84
5760824,1075281,8.47
5760824,1075289,13.01
5760824,1075312,14.64
5760824,1075319,13.74
5760824,1075330,38.56
5760824,1075335,22.05
5760824,1075337,27.6
5760824,1075340,135.89
5760824,1075342,165.63
5760824,1075349,33.3
5760824,1075366,7.25
5760824,1075368,4.75
5760824,1075556,87.04
5760824,1075598,23.38
5760824,1075651,16.65
5760824,1075715,58.25
5760824,1075717,67.91
5760824,1075827,772.63
5760824,1075837,136.37
5760824,1075840,26.01
5760824,1075853,54.85
5760824,1075855,182.25
5760824,1075861,45.05
5760824,1075899,30.64
5760824,1075920,78.08
5760824,1075922,183.85
5760824,1075923,53.65
5760824,1075931,30.38
5760824,1075956,46.02
5760824,1075957,345.1
5760824,1075966,11.75
5760824,1076004,345.1
5760824,1076030,158.8
5760824,1076051,126.38
5760824,1076058,193.43
5760824,1076070,283.42
5760824,1076086,345.1
5760824,1076092,345.1
5760824,1076139,46.04
5760824,1076170,16.5
5760824,1076172,80.63
5760824,1076186,21.17
5760824,1076206,9.59
5760824,1076211,180.79
5760824,1076214,195.08
5760824,1076219,57.52
5760824,1076231,85.77
5760824,1076252,89.52
5760824,1076265,55.7
5760824,1076271,22.74
5760824,1076280,16.26
5760824,1076289,136.18
5760824,1076290,11.35
5760824,1076317,6.16
5760824,1076318,36.96
5760824,1076362,103.92
5760824,1076386,9.84
5760824,1076388,8.32
5760824,1076389,181.38
5760824,1076390,30.23
5760824,1076402,8.32
5760824,1076403,99.87
5760824,1076481,65.56
5760824,1076611,88.95
5760824,1076690,266.85
5760824,1076710,58.23
5760824,1076817,5.65
5760824,1076857,43.3
5760824,1077257,46.07
5760824,1077331,61.31
5760824,1077337,6.57
5760824,1077339,10.22
5760824,1077351,18.55
5760824,1077363,84.35
5760824,1077886,44.64
5760824,1078103,6.33
5760824,1078107,4.22
5760824,1078159,11.19
5760824,1078189,2.28
5760824,1078277,2.47
5760824,1078283,5.1
5760824,1078293,59.19
5760824,1078315,12.66
5760824,1078365,2.47
5760824,1078462,75.96
5760824,1078517,27.41
5760824,1078588,21.85
5760824,1078597,262.15
5760824,1078600,7.51
5760824,1078646,29.6
5760824,1078678,25.3
5760824,1079315,777.41
5760824,1079482,946.41
5760824,1079520,743.97
5760824,1079595,486.57
5760824,1079828,15.66
5760824,1079847,8.86
5760824,1079878,1077.9
5760824,1079935,119.13
5760824,1079936,92.49
5760824,1079960,58.42
5760824,1079965,62.69
5760824,1080072,81.94
5760824,1080078,76.13
5760824,1080193,146.97
5760824,1080194,24.49
5760824,1080195,72.03
5760824,1080196,12
5760824,1080200,8.32
5760824,1080292,474.65
5760824,1080501,28.16
5760824,1080502,39.46
5760824,1080506,23.15
5760824,1080508,361.72
5760824,1080631,178.45
5760824,1080632,830.99
5760824,1080656,49.44
5760824,1080678,276.22
5760824,1080680,1074.21
5760824,1080700,139.77
5760824,1080727,156.22
5760824,1080729,958.83
5760824,1080762,48.03
5760824,1080774,548.67
5760824,1080779,559.07
5760824,1080819,163.24
5760824,1080835,466.99
5760824,1080836,185.65
5760824,1080903,12.45
5760824,1081043,222.37
5760824,1081053,479.73
5760824,1081097,685.45
5760824,1081106,567.79
5760824,1081348,20.87
5760824,1081685,17.58
5760824,1081690,9.59
5760824,1081697,21.81
5760824,1081703,17.53
5760824,1081751,17.13
5760824,1081755,34.65
5760824,1081766,331.71
5760824,1081887,9.93
5760824,1082026,429.71
5760824,1082028,383.55
5760824,1082071,58.32
5760824,1082076,211.36
5760824,1082149,402.92
5760824,1082206,13.01
5760824,1082210,21.17
5760824,1082387,393.13
5760824,1082421,9.72
5760824,1082469,26.72
5760824,1082471,3.74
5760824,1082488,28.6
5760824,1082489,2.28
5760824,1082496,254.26
5760824,1082497,249.27
5760824,1082500,1044.06
5760824,1082501,506.27
5760824,1082504,561.73
5760824,1082508,249.27
5760824,1082511,495.4
5760824,1082516,144.28
5760824,1082518,539.58
5760824,1082519,103.32
5760824,1082520,2034.86
5760824,1082597,550.08
5760824,1082634,63.47
5760824,1082661,626.68
5760824,1082704,60.75
5760824,1082747,776.83
5760824,1082748,119.08
5760824,1082762,193.22
5760824,1082772,463.44
5760824,1082773,188.88
5760824,1082778,196.78
5760824,1082782,219.4
5760824,1082783,214.3
5760824,1082787,72.75
5760824,1082791,402.92
5760824,1082794,346.13
5760824,1082795,12.95
5760824,1082807,495.4
5760824,1082808,559.33
5760824,1082937,99.4
5760824,1082938,80.41
5760824,1082941,35.7
5760824,1082987,50.03
5760824,1082988,10.19
5760824,1083000,16.33
5760824,1083026,29.22
5760824,1083028,42.77
5760824,1083050,859.39
5760824,1083060,77.71
5760824,1083094,40.74
5760824,1083096,199.92
5760824,1083141,25.2
5760824,1083165,40.74
5760824,1083171,2.99
5760824,1083184,28.22
5760824,1083189,54.09
5760824,1083201,20.41
5760824,1083203,56.7
5760824,1083314,21.77
5760824,1083319,131.01
5760824,1083346,811.45
5760824,1083350,202.81
5760824,1083388,13.66
5760824,1083392,13.66
5760824,1083395,554.88
5760824,1083396,13.66
5760824,1083421,189.75
5760824,1083422,470.02
5760824,1083423,750.76
5760824,1083454,160.16
5760824,1083457,117.33
5760824,1083469,64.58
5760824,1083665,40.8
5760824,1083888,178.43
5760824,1083899,65.15
5760824,1083962,48.92
5760824,1084219,55.32
5760824,1084300,35.84
5760824,1084318,28.05
5760824,1084376,30.83
5760824,1084399,28.05
5760824,1084400,32.7
5760824,1084669,118.72
5760824,1084764,60.98
5760824,1084916,62.38
5760824,1084957,53.14
5760824,1085118,79.2
5760824,1085124,55.86
5760824,1085179,166.17
5760824,1085248,185.93
5760824,1085320,61.45
5760824,1085453,36.51
5760824,1085468,30.62
5760824,1085573,30.62
5760824,1085581,33.45
5760824,1085585,33.45
5760824,1085799,60.47
5760824,1085867,50.24
5760824,1085873,77.43
5760824,1085888,87.21
5760824,1085931,37.2
5760824,1086166,96
5760824,1086253,73.81
5760824,1086392,32.67
5760824,1086408,29.49
5760824,1086449,58.46
5760824,1086528,32.67
5760824,1086532,69.96
5760824,1086622,214.22
5760824,1087091,38.42
5760824,1087101,45.37
5760824,1087135,48.69
5760824,1087136,102.9
5760824,1087159,44.32
5760824,1087181,33.59
5760824,1087189,40.36
5760824,1087469,45.06
5760824,1087533,59.19
5760824,1087534,59.19
5760824,1087620,73.91
5760824,1087623,38.24
5760824,1087662,48.09
5760824,1087723,30.76
5760824,1087745,41.69
5760824,1087807,103.19
5760824,1087847,75.46
5760824,1087851,139.78
5760824,1088059,35.14
5760824,1088104,54.57
5760824,1088354,105.63
5760824,1088841,124.2
5760824,1088933,83.92
5760824,1088962,66.98
5760824,1089065,57.04
5760824,1089257,70.24
5760824,1089297,72.99
5760824,1089464,85.28
5760824,1089465,80.96
5760824,1089485,89.96
5760824,1089588,97.36
5760824,1089618,88.36
5760824,1089619,81.92
5760824,1089621,68.01
5760824,1089649,71.08
5760824,1089661,361.5
5760824,1089868,80.67
5760824,1089877,117.41
5760824,1090068,45.9
5760824,1090099,50.38
5760824,1090276,44.24
5760824,1090289,114.78
5760824,1090320,71.85
5760824,1090487,33.83
5760824,1090547,24.68
5760824,1090694,186.6
5760824,1090697,233.32
5760824,1090709,172.33
5760824,1090716,139.25
5760824,1090722,465.67
5760824,1090737,115.91
5760824,1090751,183.3
5760824,1090752,115.91
5760824,1090758,274.95
5760824,1090762,274.95
5760824,1090769,139.61
5760824,1090779,139.61
5760824,1090789,139.25
5760824,1090813,511.17
5760824,1090817,527.69
5760824,1090819,511.17
5760824,1090823,86.8
5760824,1090834,192.53
5760824,1090837,209.41
5760824,1090839,106.29
5760824,1090841,106.29
5760824,1090844,209.41
5760824,1090845,158.71
5760824,1090847,158.71
5760824,1090849,239.09
5760824,1090851,239.09
5760824,1090854,75.33
5760824,1090856,206.14
5760824,1090858,278.28
5760824,1090862,119.12
5760824,1091160,34.13
5760824,1091169,0.01
5760824,1091188,55.42
5760824,1091232,84.47
5760824,1091236,262.44
5760824,1091238,47.07
5760824,1091240,355.24
5760824,1091246,4.86
5760824,1091277,42.83
5760824,1091362,17.78
5760824,1091403,71.44
5760824,1091407,54.07
5760824,1091426,71.73
5760824,1091440,43.72
5760824,1091522,262.44
5760824,1091552,39.39
5760824,1091598,73.09
5760824,1091604,39.48
5760824,1091624,42.71
5760824,1091639,49.77
5760824,1091664,18.23
5760824,1091780,61.41
5760824,1091784,71.44
5760824,1091871,42.05
5760824,1091992,45.08
5760824,1091993,43.67
5760824,1092005,52.27
5760824,1092019,52.27
5760824,1092037,55.1
5760824,1092116,33.55
5760824,1092117,32.63
5760824,1092152,61.03
5760824,1092251,29.15
5760824,1092281,51.52
5760824,1092485,43.74
5760824,1092489,37.06
5760824,1092739,44.25
5760824,1092740,39.67
5760824,1092755,36.91
5760824,1092801,35.48
5760824,1092829,65.46
5760824,1093196,39.63
5760824,1093209,77.95
5760824,1093210,95
5760824,1093227,39.18
5760824,1093230,58.03
5760824,1093254,56.1
5760824,1093292,18.27
5760824,1093298,11.8
5760824,1093300,9.7
5760824,1093302,71.44
5760824,1093310,74.43
5760824,1093354,170.1
5760824,1093425,57.23
5760824,1093552,45.94
5760824,1093601,49.24
5760824,1093613,58.96
5760824,1093640,49.51
5760824,1093641,59.16
5760824,1093645,44.06
5760824,1093648,42.72
5760824,1093654,108.06
5760824,1093658,59.35
5760824,1093685,62.06
5760824,1093687,57.2
5760824,1093688,54.04
5760824,1095549,66.04
5760824,1095601,58.11
5760824,1095870,177.11
5760824,1095943,65.73
5760824,1095945,5.73
5760824,1095948,68.73
5760824,1096274,5.14
5760824,1096343,50.09
5760824,1096615,42.97
5760824,1096616,47.65
5760824,1096622,41.17
5760824,1096652,24.55
5760824,1096803,49.25
5760824,1096821,41.51
5760824,1096858,74.65
5760824,1096870,54
5760824,1097185,20.34
5760824,1097193,129.95
5760824,1097478,62.45
5760824,1097488,38.76
5760824,1097535,32.6
5760824,1097652,35.56
5760824,1097782,27.94
5760824,1097804,5.73
5760824,1098104,610.93
5760824,1098142,54.64
5760824,1098150,57.88
5760824,1098569,38.69
5760824,1098679,65.21
5760824,1098798,115.92
5760824,1098806,18.82
5760824,1098857,48.45
5760824,1098864,51.86
5760824,1098885,194.38
5760824,1099278,96.44
5760824,1099287,124.2
5760824,1099383,144.67
5760824,1099419,16.93
5760824,1099680,10.51
5760824,1099732,86.6
5760824,1099842,58.56
5760824,1099884,39.51
5760824,1099892,29.56
5760824,1099898,34.08
5760824,1100052,51.54
5760824,1100111,36.27
5760824,1100167,36.69
5760824,1100211,16.58
5760824,1100252,126.78
5760824,1100254,734.34
5760824,1100255,82.93
5760824,1100616,57.08
5760824,1100663,57.08
5760824,1100707,5.5
5760824,1100849,53.54
5760824,1101487,49.37
5760824,1101589,9.51
5760824,1101687,34.57
5760824,1101783,5.5
5760824,1101815,66.04
5760824,1101823,5.5
5760824,1101824,66.04
5760824,1101877,5.88
5760824,1101900,41.96
5760824,1101973,117.6
5760824,1101980,76.73
5760824,1102178,99.64
5760824,1102251,10.65
5760824,1102405,1.18
5760824,1102430,4.7
5760824,1114871,27.03
5760824,1115097,3.35
5760824,1115113,6.29
5760824,1115309,45.2
5760824,1115364,15.94
5760824,1115382,12.9
5760824,1115383,9.5
5760824,1115388,10.81
5760824,1115608,10.23
5760824,1115613,5.44
5760824,1115621,15.03
5760824,1115703,41.2
5760824,1115712,62.73
5760824,1115713,16.94
5760824,1115721,390.7
5760824,1115732,29.09
5760824,1115756,17.54
5760824,1115761,318.5
5760824,1115765,4.7
5760824,1115798,32.94
5760824,1115799,413.76
5760824,1115802,10.24
5760824,1115803,422.03
5760824,1115807,20
5760824,1115971,26.96
5760824,1116355,112.05
5760824,1123350,8.92
5760824,1123352,5.97
5760824,1123725,4.85
5760824,1123726,3.12
5760824,1123728,4.26
5760824,1123803,179.78
5760824,1123815,15.64
5760824,1124024,9.2
5760824,1124181,12.27
5760824,1124237,103.93
5760824,1124299,148.47
5760824,1124407,241.42
5760824,1124725,12.27
5760824,1124901,24.49
5760824,1124902,18.5
5760824,1124904,5.27
5760824,1124998,4.03
5760824,1124999,2.07
5760824,1125089,8.91
5760824,1125095,241.42
5760824,1125120,8.46
5760824,1125752,152.02
5760824,1127583,54.97
5760824,1127584,48.14
5760824,1129419,2607.69
5760824,1129437,120.29
5760824,1134840,118.29
5760824,1136169,156.18
5760824,1138225,61.01
5760824,1138235,15.94
5760824,1138358,61.02
5760824,1138382,12.31
5760824,1138395,2.17
5760824,1138396,4.8
5760824,1138774,9.7
5760824,1138873,77.06
5760824,1139655,50.18
5760824,1140365,58.75
5760824,1140369,46.32
5760824,1140390,50.22
5760824,1140391,78.37
5760824,1140393,63.92
5760824,1140510,13525.91
5760824,1141249,587.05
5760824,1141579,47.64
5760824,1141626,200.48
5760824,1141634,466.52
5760824,1141636,206.59
5760824,1141643,29.26
5760824,1141664,39.2
5760824,1141665,36.79
5760824,1141680,112.83
5760824,1142103,112.05
5760824,1142143,108.27
5760824,1142588,30.76
5760824,1142717,34.74
5760824,1142924,50.87
5760824,1144071,7.18
5760824,1144093,48.39
5760824,1144098,42.42
5760824,1144102,50.92
5760824,1144172,60.47
5760824,1144173,73.99
5760824,1144185,72.68
5760824,1144186,37.11
5760824,1144396,152.3
5760824,1144927,1151.62
5760824,1144928,83.21
5760824,1144959,55.82
5760824,1145353,40.46
5760824,1145606,63.42
5760824,1145607,69.39
5760824,1145862,68.73
5760824,1146176,40.46
5760824,1146189,34.76
5760824,1146570,24.86
5760824,1146688,18.04
5760824,1146996,182.24
5760824,1147086,63.67
5760824,1147105,35.74
5760824,1147912,37.94
5760824,1147914,31.71
5760824,1147934,36.52
5760824,1148195,64.75
5760824,1148199,102.58
5760824,1148363,71.65
5760824,1148434,495.55
5760824,1148572,72.69
5760824,1148941,572.56
5760824,1149550,58
5760824,1149576,80.64
5760824,1150255,296.05
5760824,1150281,589.58
5760824,1151088,162.54
5760824,1151468,4.12
5760824,1151676,2.48
5760824,1151723,87.54
5760824,1152073,1.79
5760824,1152270,36.54
5760824,1152428,53.34
5760824,1152616,121.23
5760824,1154303,49.63
5760824,1154521,5.39
5760824,1155613,61.43
5760824,1155881,28.05
5760824,1156051,12.89
5760824,1156223,33.25
5760824,1156728,59.16
5760824,1157241,71.74
5760824,1157354,60.13
5760824,1157604,33.18
5760824,1157956,68.16
5760824,1157961,47.86
5760824,1157963,45.88
5760824,1158315,49.63
5760824,1158362,54.49
5760824,1158583,45.88
5760824,1158597,253.89
5760824,1158697,361.95
5760824,1158791,71.47
5760824,1158815,38.71
5760824,1158817,41.87
5760824,1158821,38.77
5760824,1158823,49.83
5760824,1158824,38.54
5760824,1158826,44.34
5760824,1158830,71.44
5760824,1158832,71.44
5760824,1159120,62.38
5760824,1159121,116
5760824,1159565,64.32
5760824,1159681,63.02
5760824,1159696,78.56
5760824,1159804,0.01
5760824,1160107,85.95
5760824,1160566,31.68
5760824,1160601,71.44
5760824,1160602,87.22
5760824,1160669,12.94
5760824,1160672,13.37
5760824,1160719,56.79
5760824,1161054,44.15
5760824,1161455,115.87
5760824,1161540,53.59
5760824,1161546,49.99
5760824,1161814,194.98
5760824,1161824,34.64
5760824,1162091,63.76
5760824,1162168,37.6
5760824,1162555,65.15
5760824,1162567,445.05
5760824,1162632,47.51
5760824,1162635,71.44
5760824,1162637,71.44
5760824,1162773,86.69
5760824,1163131,87.48
5760824,1163132,57.66
5760824,1163313,55.37
5760824,1163594,45.39
5760824,1163596,53.53
5760824,1163721,30.97
5760824,1163722,45.39
5760824,1163723,49.2
5760824,1163724,87.48
5760824,1163726,87.48
5760824,1163730,87.48
5760824,1163842,63.4
5760824,1164152,30.11
5760824,1164154,55.84
5760824,1164159,87.48
5760824,1164302,32.04
5760824,1164336,194.98
5760824,1164878,24.34
5760824,1165025,41.6
5760824,1165060,37.98
5760824,1165064,39.2
5760824,1165100,45.3
5760824,1165103,33.3
5760824,1165105,31.68
5760824,1165107,50.1
5760824,1165109,46.05
5760824,1165126,87.48
5760824,1165311,32.34
5760824,1165814,15.41
5760824,1165815,26.58
5760824,1166360,69.75
5760824,1166362,54.47
5760824,1166391,55.94
5760824,1166499,87.48
5760824,1166677,49.05
5760824,1166708,60.07
5760824,1167019,18.86
5760824,1167237,83.59
5760824,1167626,75.41
5760824,1167844,86.69
5760824,1167932,9.1
5760824,1167999,64.79
5760824,1168082,0.01
5760824,1168083,0.01
5760824,1168141,30.99
5760824,1168283,64.79
5760824,1168284,86.69
5760824,1168306,0.01
5760824,1168308,0.01
5760824,1168309,0.01
5760824,1168315,0.01
5760824,1168317,0.01
5760824,1168328,87.48
5760824,1168411,87.48
5760824,1168778,27.1
5760824,1168847,38.39
5760824,1170146,318.79
5760824,1170565,51.05
5760824,1171009,442.11
5760824,1171180,3205.2
5760824,1171321,27.1
5760824,1171876,56.96
5760824,1172179,36.01
5760824,1172540,59.01
5760824,1172732,87.48
5760824,1172828,114.39
5760824,1173059,87.48
5760824,1173254,23.09
5760824,1173878,61.41
5760824,1174817,16.52
5760824,1175250,68.3
5760824,1175251,79.36
5760824,1175630,48.6
5760824,1175684,164.46
5760824,1175688,164.46
5760824,1175870,27
5760824,1176528,244.94
5760824,1176529,244.94
5760824,1176530,244.94
5760824,1176531,244.94
5760824,1176641,256.42
5760824,1177267,10.32
5760824,1177329,29.26
5760824,1177350,20.41
5760824,1177351,20.41
5760824,1177434,93.57
5760824,1178709,293.42
5760824,1179680,34.03
5760824,1179759,67.7
5760824,1180021,16.62
5760824,1180086,49.78
5760824,1180925,97.78
5760824,1181959,28.32
5760824,1184647,18.46
5760824,1184648,38.15
5760824,1184711,269.79
5760824,1185209,0.01
5760824,1185250,0.01
5760824,1185375,0.01
5760824,1185416,58.37
5760824,1186221,67.41
5760824,1186223,0.01
5760824,1186243,41.01
5760824,1187381,70
5760824,1187983,89.91
5760824,1188169,0.01
5760824,1188172,63.42
5760824,1188175,41.87
5760824,1189024,94.09
5760824,1189025,154.37
5760824,1189259,52.14
5760824,1189377,61.2
5760824,1189427,56.02
5760824,1189439,32.83
5760824,1189542,123.26
5760824,1190640,75.33
5760824,1190678,0.01
5760824,1191144,12.7
5760824,1194140,46.57
5760824,1196307,11.32
5760824,1196310,18.67
5760824,1196918,31.49
5760824,1197375,66.67
5760824,1197478,0.01
5760824,1197647,1385.27
5760824,1198616,34.12
5760824,1198911,40.81
5760824,1198988,139.73
5760824,1199021,33.28
5760824,1199869,36.51
5760824,1200088,69.24
5760824,1200301,32.94
5760824,1200920,63.05
5760824,1201263,24.15
5760824,1201345,50.13
5760824,1201410,52.19
5760824,1201434,17.43
5760824,1201659,151.94
5760824,1203427,50.41
5760824,1203514,57.75
5760824,1203515,54.1
5760824,1203517,57.51
5760824,1203691,40.21
5760824,1203695,92.86
5760824,1203696,33.41
5760824,1203699,55.31
5760824,1203840,42.95
5760824,1204341,44.14
5760824,1205045,195.01
5760824,1205269,33.68
5760824,1205922,32.18
5760824,1206724,327.82
5760824,1207375,40.71
5760824,1207845,48.14
5760824,1207908,80.03
5760824,1208094,43.82
5760824,1208297,227.57
5760824,1208357,37.11
5760824,1208532,24.53
5760824,1209097,20.41
5760824,1209098,20.41
5760824,1209463,47.92
5760824,1209464,47.92
5760824,1209465,0.01
5760824,1209671,17911.17
5760824,1209769,26.72
5760824,1209850,16.37
5760824,1209995,3.99
5760824,1210515,66.55
5760824,1211868,64.21
5760824,1211961,299.5
5760824,1212029,75.05
5760824,1212595,45.37
5760824,1213826,45.27
5760824,1215321,74.55
5760824,1215412,45.27
5760824,1215475,181.94
5760824,1215688,42.9
5760824,1215970,47.06
5760824,1216610,44.62
5760824,1216612,36.33
5760824,1216618,38.92
5760824,1216620,32.8
5760824,1216827,79.36
5760824,1217646,82.24
5760824,1217656,29.74
5760824,1217836,422.59
5760824,1218300,63.53
5760824,1218438,38.74
5760824,1218640,65.79
5760824,1218644,75.45
5760824,1218653,59.01
5760824,1218655,59.01
5760824,1218657,50.7
5760824,1218660,59.01
5760824,1218751,124.2
5760824,1219010,143.03
5760824,1219063,16.58
5760824,1219310,169.61
5760824,1219371,55.95
5760824,1219586,77.34
5760824,1220134,95.69
5760824,1220183,222.35
5760824,1220607,178.17
5760824,1220629,51.76
5760824,1220788,33.96
5760824,1220789,30
5760824,1221297,0.85
5760824,1221372,200.23
5760824,1221758,201.54
5760824,1221824,42.51
5760824,1223667,56.43
5760824,1224114,20.73
5760824,1224187,9.36
5760824,1224245,68.65
5760824,1224523,2456.85
5760824,1224887,570.86
5760824,1225140,170.7
5760824,1225258,178.45
5760824,1225988,715.22
5760824,1226166,37.01
5760824,1226816,81.77
5760824,1226820,8.32
5760824,1226837,116.02
5760824,1227413,26.33
5760824,1228229,8.87
5760824,1229187,50.36
5760824,1229291,5.73
5760824,1229447,0.85
5760824,1229453,162.32
5760824,1229769,38.83
5760824,1229771,36.89
5760824,1229961,1157.55
5760824,1230377,28.11
5760824,1230596,50.74
5760824,1230686,103.75
5760824,1230728,61.9
5760824,1232578,49.56
5760824,1232692,23.63
5760824,1232873,50.19
5760824,1233366,27.88
5760824,1233449,80.05
5760824,1234050,49.11
5760824,1234329,31.91
5760824,1234353,17.89
5760824,1234356,49.56
5760824,1234358,24.86
5760824,1234368,34.41
5760824,1234370,27.85
5760824,1234375,51.17
5760824,1234386,44.13
5760824,1234777,26.9
5760824,1235287,47.31
5760824,1235551,13.71
5760824,1235849,99.51
5760824,1236032,187.97
5760824,1236245,40.2
5760824,1236248,45.66
5760824,1236587,144.37
5760824,1236838,30.67
5760824,1236840,33.6
5760824,1236843,30.41
5760824,1237004,58.33
5760824,1237068,382.45
5760824,1237087,332.47
5760824,1237088,387.22
5760824,1237277,101.98
5760824,1238023,402.15
5760824,1238862,0.01
5760824,1239363,80.69
5760824,1239380,55.94
5760824,1239384,37.51
5760824,1239386,54.61
5760824,1239393,32.54
5760824,1239395,49.86
5760824,1239407,42.12
5760824,1239411,46.31
5760824,1239412,46.66
5760824,1239416,80.7
5760824,1239418,59.24
5760824,1239420,85.73
5760824,1239422,106.4
5760824,1239424,49.78
5760824,1239427,35.35
5760824,1239429,43.01
5760824,1239431,71.59
5760824,1239432,54.31
5760824,1239436,49.92
5760824,1239443,117.87
5760824,1239446,49.02
5760824,1239448,83.55
5760824,1239449,88.94
5760824,1239450,57.13
5760824,1239453,21.71
5760824,1239454,48.67
5760824,1239455,57.58
5760824,1239458,39.51
5760824,1239459,45.86
5760824,1239461,71.24
5760824,1239463,74.04
5760824,1239465,56.51
5760824,1239466,126.93
5760824,1239467,109.74
5760824,1239468,86.62
5760824,1239469,75.43
5760824,1239471,71.12
5760824,1239473,31.03
5760824,1239474,48.24
5760824,1239475,108.51
5760824,1239476,90.2
5760824,1239530,71
5760824,1239824,17612.65
5760824,1239907,27.79
5760824,1240064,463.73
5760824,1240448,0.01
5760824,1241021,0.85
5760824,1241326,457.22
5760824,1241473,30.41
5760824,1242142,228.8
5760824,1242426,80.51
5760824,1242673,42.45
5760824,1242789,21
5760824,1242790,96.21
5760824,1242792,105.99
5760824,1242795,41.37
5760824,1242797,46.95
5760824,1242798,54.98
5760824,1242802,125.81
5760824,1242805,31.59
5760824,1242807,37.16
5760824,1242809,43.32
5760824,1242811,42.38
5760824,1242812,51.52
5760824,1242829,99.8
5760824,1242831,106.64
5760824,1242832,158.17
5760824,1242834,29.89
5760824,1242838,63.76
5760824,1242845,75.99
5760824,1242848,162.75
5760824,1242852,45.65
5760824,1242855,37.29
5760824,1242862,379.82
5760824,1242864,94.76
5760824,1242865,47.35
5760824,1242867,142.08
5760824,1242874,85.46
5760824,1242875,77.09
5760824,1242883,310.32
5760824,1242886,54.31
5760824,1242891,63.28
5760824,1242896,152.42
5760824,1242897,369.11
5760824,1242898,304.23
5760824,1242900,91.83
5760824,1242902,48.32
5760824,1242904,59.65
5760824,1242906,51.98
5760824,1242909,102.68
5760824,1242911,48.92
5760824,1242913,40.69
5760824,1242914,34.75
5760824,1242917,98.95
5760824,1242919,54.59
5760824,1242921,55.26
5760824,1242923,56.85
5760824,1242925,54.07
5760824,1242926,110.61
5760824,1242929,118.09
5760824,1242931,158.65
5760824,1242933,73.54
5760824,1242936,106.23
5760824,1242938,69.49
5760824,1242939,57.39
5760824,1242941,78.64
5760824,1242945,71.02
5760824,1242947,78.59
5760824,1242949,75.69
5760824,1242951,60.99
5760824,1242954,92.56
5760824,1242956,64.97
5760824,1242957,81.59
5760824,1242959,80.67
5760824,1242961,188.43
5760824,1242962,248.77
5760824,1242963,175.93
5760824,1242966,63.96
5760824,1242969,87.64
5760824,1242972,192.88
5760824,1242973,46.84
5760824,1242975,119.03
5760824,1242976,122.73
5760824,1242979,64.43
5760824,1242982,110.09
5760824,1242991,55.26
5760824,1242993,139.59
5760824,1242995,69.89
5760824,1243005,38.86
5760824,1243212,51.1
5760824,1243230,49.42
5760824,1243254,163.31
5760824,1243256,170.65
5760824,1243258,44.65
5760824,1243277,62.07
5760824,1243309,74.08
5760824,1243317,87.59
5760824,1243347,231.65
5760824,1243356,108.25
5760824,1243405,42.15
5760824,1243409,62.08
5760824,1243419,94.89
5760824,1243422,36.15
5760824,1243518,156.76
5760824,1243549,75.26
5760824,1243570,82.44
5760824,1244530,138.12
5760824,1244557,77.59
5760824,1245094,33.24
5760824,1246666,46.32
5760824,1246774,0.85
5760824,1247003,4476.3
5760824,1247062,66.43
5760824,1247063,35.34
5760824,1247064,37.02
5760824,1247065,110.83
5760824,1247115,46.08
5760824,1247116,61.65
5760824,1247117,61.32
5760824,1247119,61.62
5760824,1247120,32.75
5760824,1247187,35.35
5760824,1247534,40.46
5760824,1248196,58.84
5760824,1248805,59.04
5760824,1248824,45.25
5760824,1248827,157.88
5760824,1248829,332.11
5760824,1250329,3.56
5760824,1250497,38.68
5760824,1250498,67.95
5760824,1250499,93.75
5760824,1250500,164.88
5760824,1250501,191.63
5760824,1250683,204.4
5760824,1250776,74.42
5760824,1251450,5.73
5760824,1251659,10.49
5760824,1252336,47.92
5760824,1252554,48.93
5760824,1252556,49.9
5760824,1253398,90.63
5760824,1253404,115.73
5760824,1253406,115.73
5760824,1253421,126.1
5760824,1253422,126.1
5760824,1253423,138.63
5760824,1253426,166.93
5760824,1253436,157.66
5760824,1253441,141.12
5760824,1253442,141.12
5760824,1253491,186.76
5760824,1253497,177.95
5760824,1253504,204.97
5760824,1253506,266.46
5760824,1253523,281.87
5760824,1253742,5.22
5760824,1253854,105.42
5760824,1254039,72.36
5760824,1254102,17.64
5760824,1254238,107.06
5760824,1254293,44.32
5760824,1255237,63.01
5760824,1255338,492.74
5760824,1255453,95.41
5760824,1255566,27.87
5760824,1255648,32.08
5760824,1256425,128.18
5760824,1256426,69.49
5760824,1256664,5.86
5760824,1256755,101.98
5760824,1256756,60.72
5760824,1256991,143.86
5760824,1256996,75.85
5760824,1257003,257.29
5760824,1257108,45.33
5760824,1257437,65.57
5760824,1257858,232.24
5760824,1257881,277.41
5760824,1257884,109.03
5760824,1257887,181.1
5760824,1258581,71.17
5760824,1258599,59.6
5760824,1258664,59.62
5760824,1259057,113.46
5760824,1259084,192.93
5760824,1259381,124.68
5760824,1259442,49.49
5760824,1259543,27.81
5760824,1259764,326.84
5760824,1259905,47.03
5760824,1259996,85.61
5760824,1260345,56.32
5760824,1261002,27.36
5760824,1262803,64.21
5760824,1262906,53.14
5760824,1263050,358.43
5760824,1263277,60.5
5760824,1263336,162.72
5760824,1263340,216.1
5760824,1263342,224.83
5760824,1263579,55.41
5760824,1263654,206.2
5760824,1264371,62.19
5760824,1264484,17.97
5760824,1264698,238.7
5760824,1265101,41.5
5760824,1265431,142.93
5760824,1265502,66.61
5760824,1265847,45.25
5760824,1265848,59.79
5760824,1265849,103.92
5760824,1265850,66.52
5760824,1266071,338.99
5760824,1266074,338.99
5760824,1266179,166.43
5760824,1266180,175.93
5760824,1266469,85.42
5760824,1266581,43.69
5760824,1266979,80.49
5760824,1267056,2738.23
5760824,1267465,86.08
5760824,1267497,3403.49
5760824,1267992,28.22
5760824,1268397,40.79
5760824,1268399,46.15
5760824,1268400,49.4
5760824,1268573,44.89
5760824,1269135,61.18
5760824,1269136,207.93
5760824,1269352,21.94
5760824,1269362,76.14
5760824,1269777,57.57
5760824,1269788,27.73
5760824,1269883,11.69
5760824,1270324,27.11
5760824,1270436,37.1
5760824,1270549,71.41
5760824,1271095,74.54
5760824,1271100,65.51
5760824,1271233,55.41
5760824,1271339,8.36
5760824,1271485,55.32
5760824,1271560,83.37
5760824,1271561,44.22
5760824,1271720,85.31
5760824,1271981,24.89
5760824,1272237,14.82
5760824,1272857,49.99
5760824,1273380,82.93
5760824,1273663,36.83
5760824,1273674,4.77
5760824,1274142,58.04
5760824,1274143,59.73
5760824,1274296,11.65
5760824,1274563,131.6
5760824,1274628,59.28
5760824,1274804,29.85
5760824,1274807,71.46
5760824,1274947,57
5760824,1274950,0.01
5760824,1275443,48.03
5760824,1275704,36.47
5760824,1275875,25.52
5760824,1275876,33.1
5760824,1275877,30.13
5760824,1276303,16.37
5760824,1276444,6267.42
5760824,1276484,12.65
5760824,1276698,57.6
5760824,1276699,57.6
5760824,1276788,45.54
5760824,1276818,36.47
5760824,1277038,51.88
5760824,1277697,28.05
5760824,1277699,28.05
5760824,1278239,99.82
5760824,1278240,149.68
5760824,1278242,204.06
5760824,1278424,130.42
5760824,1278425,127.62
5760824,1278448,147.27
5760824,1278450,96.76
5760824,1278826,34.02
5760824,1278845,50.09
5760824,1278847,50.22
5760824,1278851,275.32
5760824,1278891,41.48
5760824,1279128,38.28
5760824,1279129,23.33
5760824,1279130,23.33
5760824,1279380,192.12
5760824,1279600,93.46
5760824,1279764,39.29
5760824,1281074,38.33
5760824,1281205,89.56
5760824,1281505,52.4
5760824,1281579,32.02
5760824,1282045,38.33
5760824,1282408,34.09
5760824,1282414,28.61
5760824,1282418,28.61
5760824,1282419,47.75
5760824,1282421,47.75
5760824,1282422,47.75
5760824,1282425,47.75
5760824,1282435,73.64
5760824,1282436,40.01
5760824,1282437,77
5760824,1282537,61.85
5760824,1282551,65.03
5760824,1283206,66.52
5760824,1283207,46.6
5760824,1283209,46.6
5760824,1283239,163.25
5760824,1283261,61.87
5760824,1283281,0.01
5760824,1283283,126
5760824,1283284,94.28
5760824,1283336,6.77
5760824,1283337,27.18
5760824,1283338,27.18
5760824,1283339,27.18
5760824,1283341,54.92
5760824,1283342,6.77
5760824,1283343,61.36
5760824,1283344,49.75
5760824,1283345,48.72
5760824,1283346,51.58
5760824,1283347,43.01
5760824,1283348,43.01
5760824,1283349,64.21
5760824,1283350,55.83
5760824,1283528,134.59
5760824,1284052,39.04
5760824,1284807,55.39
5760824,1284955,164.37
5760824,1285124,85.54
5760824,1285440,120.97
5760824,1285486,20.11
5760824,1285601,138.15
5760824,1285786,33.39
5760824,1285798,33.39
5760824,1285964,45.34
5760824,1286370,85.73
5760824,1287507,13.02
5760824,1287516,132.28
5760824,1287520,118.04
5760824,1287521,130.64
5760824,1287543,126.29
5760824,1288099,117.39
5760824,1288109,26.28
5760824,1288683,17.71
5760824,1288723,18.06
5760824,1288734,3335.36
5760824,1288751,168.98
5760824,1288911,5.1
5760824,1289113,126.26
5760824,1289114,65.02
5760824,1289446,143.44
5760824,1289487,8.8
5760824,1289561,7.8
5760824,1289825,69.53
5760824,1289826,69.53
5760824,1290270,48.26
5760824,1290272,48.97
5760824,1290273,46.36
5760824,1290424,145.12
5760824,1290569,98.71
5760824,1291628,20.91
5760824,1291639,88.84
5760824,1291953,88.05
5760824,1292368,361.5
5760824,1292450,615.28
5760824,1292454,615.28
5760824,1292455,615.28
5760824,1292579,64.46
5760824,1292855,65.71
5760824,1294091,48.28
5760824,1295045,14.09
5760824,1295046,21.24
5760824,1295333,51.76
5760824,1295338,51.76
5760824,1295397,79.56
5760824,1295446,39.97
5760824,1295898,15.86
5760824,1295975,715.02
5760824,1296026,17.38
5760824,1296085,54.74
5760824,1296219,615.28
5760824,1296220,615.28
5760824,1296221,615.28
5760824,1296337,40.13
5760824,1296682,135.02
5760824,1297553,39.82
5760824,1297555,39.82
5760824,1297558,39.82
5760824,1298174,0.01
5760824,1298456,12.15
5760824,1298516,50.57
5760824,1298934,24.15
5760824,1299001,157.24
5760824,1299007,119.2
5760824,1299010,328.57
5760824,1299015,208.82
5760824,1299027,103.37
5760824,1299029,39.88
5760824,1299153,38.95
5760824,1299214,53.92
5760824,1299215,90.8
5760824,1299216,232.4
5760824,1299217,78.23
5760824,1299218,242.29
5760824,1299219,153.6
5760824,1299220,156.7
5760824,1299223,40.35
5760824,1299481,0.74
5760824,1300024,0.01
5760824,1300336,0.01
5760824,1300339,29.88
5760824,1300340,0.01
5760824,1300342,55.83
5760824,1301072,111.03
5760824,1301484,11.03
5760824,1301524,0.01
5760824,1302320,8.33
5760824,1302778,33.34
5760824,1302852,0.01
5760824,1302876,29.19
5760824,1303308,18.1
5760824,1303348,168.01
5760824,1303497,41.87
5760824,1303502,60.64
5760824,1303504,0.01
5760824,1303505,0.01
5760824,1303650,1207.8
5760824,1304577,0.01
5760824,1304578,65.18
5760824,1304579,41.87
5760824,1305213,27.27
5760824,1305724,49.22
5760824,1305851,63.42
5760824,1306704,45.74
5760824,1306763,0.57
5760824,1306764,0.57
5760824,1307048,54.92
5760824,1307195,341.49
5760824,1307236,57.55
5760824,1307509,50.85
5760824,1307881,52.49
5760824,1307883,62.62
5760824,1308047,142.41
5760824,1308128,29.49
5760824,1308138,48.16
5760824,1308144,0.01
5760824,1308147,0.01
5760824,1308381,14.39
5760824,1308647,55.25
5760824,1308871,134.17
5760824,1309238,38.67
5760824,1309426,7909.26
5760824,1309566,139.73
5760824,1309567,62.52
5760824,1309653,105.46
5760824,1310321,45.05
5760824,1311255,58.37
5760824,1311336,31.97
5760824,1311341,42.78
5760824,1311345,41.02
5760824,1311347,45.43
5760824,1311584,48.22
5760824,1311760,0.01
5760824,1312305,32.23
5760824,1312488,32397.85
5760824,1312553,127.58
5760824,1313047,1.21
5760824,1313122,302.75
5760824,1313376,36.8
5760824,1313585,0.01
5760824,1313586,0.01
5760824,1313696,139.73
5760824,1313709,43.14
5760824,1313975,55.17
5760824,1314012,70.58
5760824,1314224,41.36
5760824,1314265,50.24
5760824,1314302,113.33
5760824,1314523,139.73
5760824,1314568,139.73
5760824,1314574,41.38
5760824,1314954,61.11
5760824,1314996,64.94
5760824,1314997,84.59
5760824,1315081,6.6
5760824,1315260,92.92
5760824,1315261,48.78
5760824,1315369,36.15
5760824,1315516,47.87
5760824,1315683,78.87
5760824,1315693,81.92
5760824,1315878,223.56
5760824,1316323,52.79
5760824,1316653,174.7
5760824,1316655,64.78
5760824,1316656,77.16
5760824,1316657,60.68
5760824,1316818,68.14
5760824,1316830,46.23
5760824,1317100,84.82
5760824,1317192,0.01
5760824,1317418,55.43
5760824,1317439,29.56
5760824,1318007,0.01
5760824,1318279,60.34
5760824,1318288,53.45
5760824,1318525,120.89
5760824,1318534,5673.62
5760824,1318640,50.99
5760824,1318736,83.08
5760824,1318831,0.01
5760824,1318931,77.66
5760824,1318940,128.13
5760824,1318942,156.89
5760824,1318944,91.64
5760824,1319274,127.99
5760824,1320719,54.81
5760824,1320737,46.91
5760824,1320894,222.61
5760824,1322337,38.73
5760824,1322412,0.01
5760824,1323183,16.61
5760824,1323191,1121.72
5760824,1323473,111.96
5760824,1323721,11.38
5760824,1323805,75.51
5760824,1323822,10.24
5760824,1323823,24.35
5760824,1323824,30.01
5760824,1323825,28.25
5760824,1323826,30.86
5760824,1323827,51.82
5760824,1323829,28.33
5760824,1324051,6.77
5760824,1324398,78.44
5760824,1324447,48.26
5760824,1324722,30.62
5760824,1324945,614.9
5760824,1325078,27.95
5760824,1325381,74.37
5760824,1325383,78.79
5760824,1325385,69.41
5760824,1325468,68.85
5760824,1325469,41.21
5760824,1325470,125.24
5760824,1325471,165.08
5760824,1325472,248.97
5760824,1325522,45.39
5760824,1325545,339.86
5760824,1325794,44.15
5760824,1325980,101.48
5760824,1326260,66.14
5760824,1326370,21.48
5760824,1326371,69.67
5760824,1326372,107.58
5760824,1326373,78.4
5760824,1326652,40.05
5760824,1326657,33.34
5760824,1326658,33.34
5760824,1326739,498.94
5760824,1326901,512.41
5760824,1327259,66.73
5760824,1327260,0.01
5760824,1327261,0.01
5760824,1327646,44.27
5760824,1327742,431.57
5760824,1327819,0.01
5760824,1327892,25.54
5760824,1328092,48.6
5760824,1328194,12.15
5760824,1328715,0.01
5760824,1328724,38.77
5760824,1329166,29.78
5760824,1329250,26.1
5760824,1329338,27.95
5760824,1329742,106.92
5760824,1329764,31.05
5760824,1329865,47.76
5760824,1329972,0.01
5760824,1329980,29.07
5760824,1329984,27.38
5760824,1330198,0.01
5760824,1330264,44.88
5760824,1330319,0.01
5760824,1330368,21.56
5760824,1330408,258.34
5760824,1330752,236.93
5760824,1330754,394.88
5760824,1330779,13.61
5760824,1330836,62.52
5760824,1331136,77.87
5760824,1331252,11.94
5760824,1332354,33.56
5760824,1333051,211.31
5760824,1333086,10
5760824,1333747,4.35
5760824,1333904,212.5
5760824,1333905,108.03
5760824,1333964,142.91
5760824,1333965,572.18
5760824,1334035,176.61
5760824,1334128,330.67
5760824,1334165,36.51
5760824,1334776,280.6
5760824,1334914,251.23
5760824,1335146,111.48
5760824,1335375,278.99
5760824,1335412,0.01
5760824,1335618,169.01
5760824,1336221,77.87
5760824,1336834,20.91
5760824,1337945,25.68
5760824,1337946,23.71
5760824,1337949,4858.79
5760824,1338288,9.7
5760824,1338612,70.47
5760824,1338666,68.04
5760824,1338668,57.83
5760824,1338669,82.21
5760824,1338753,65.61
5760824,1339097,145.58
5760824,1339613,19.62
5760824,1339837,42.08
5760824,1340511,85.27
5760824,1340517,101.03
5760824,1340940,59.59
5760824,1340998,164.92
5760824,1341397,1236.55
5760824,1341463,79.2
5760824,1341791,74.52
5760824,1342074,156.97
5760824,1342237,25.34
5760824,1342397,71.85
5760824,1342613,103.34
5760824,1342614,148.75
5760824,1342615,30.18
5760824,1343275,34.97
5760824,1344967,24.94
5760824,1345189,0.01
5760824,1345572,127.7
5760824,1345806,24.06
5760824,1345914,63.55
5760824,1346064,125.74
5760824,1347004,162.76
5760824,1347045,36.12
5760824,1347435,2471.07
5760824,1347654,59.3
5760824,1347984,32.29
5760824,1348433,42.56
5760824,1348460,29.49
5760824,1348483,41.4
5760824,1348487,37.26
5760824,1348489,41.95
5760824,1348500,41.95
5760824,1348505,36.23
5760824,1348506,36.23
5760824,1348511,36.23
5760824,1348514,38.84
5760824,1348515,38.84
5760824,1348517,49.25
5760824,1348518,49.25
5760824,1348526,37.52
5760824,1348527,56.28
5760824,1349905,22.89
5760824,1350570,132.76
5760824,1350826,41.16
5760824,1350988,92.34
5760824,1351807,89.91
5760824,1352353,43.53
5760824,1352587,21.57
5760824,1352745,0.01
5760824,1352874,42.57
5760824,1354457,346.28
5760824,1355327,66.76
5760824,1355452,35.44
5760824,1356057,49.29
5760824,1356751,56.86
5760824,1356831,68.4
5760824,1357407,40.74
5760824,1357684,51.83
5760824,1358303,1079.86
5760824,1358308,492.93
5760824,1358967,202.33
5760824,1359401,0.01
5760824,1359627,35.44
5760824,1359834,64.4
5760824,1361037,0.01
5760824,1361487,83.03
5760824,1361593,378.99
5760824,1362194,7.19
5760824,1363559,13258.87
5760824,1363826,31.16
5760824,1363922,632.36
5760824,1364804,76.11
5760824,1365936,56.52
5760824,1366198,54.03
5760824,1366368,127.81
5760824,1366388,90.63
5760824,1366423,23.5
5760824,1366425,10.3
5760824,1366426,23.86
5760824,1366709,632.36
5760824,1367490,32.32
5760824,1368019,145.74
5760824,1368448,54.4
5760824,1368788,382.28
5760824,1369763,378.99
5760824,1369913,188.38
5760824,1370142,106.71
5760824,1370359,4827.66
5760824,1370906,17.97
5760824,1370907,6.08
5760824,1371342,33.85
5760824,1371344,27.24
5760824,1372273,6.08
5760824,1372457,4413.74
5760824,1372602,58.38
5760824,1372964,71.88
5760824,1373056,88.72
5760824,1373799,17.97
5760824,1374005,71.88
5760824,1374942,259.98
5760824,1375001,54.86
5760824,1375166,45.53
5760824,1375340,71.88
5760824,1376124,94.27
5760824,1377142,51.74
5760824,1377912,26.03
5760824,1378160,47.54
5760824,1378162,31.54
5760824,1378163,57.86
5760824,1378164,67.95
5760824,1378174,0.01
5760824,1378176,0.01
5760824,1378652,62
5760824,1378805,22.38
5760824,1379486,217.1
5760824,1380190,70.56
5760824,1381178,62.53
5760824,1381468,267.3
5760824,1382332,54.19
5760824,1382334,29.16
5760824,1383613,17.97
5760824,1384372,64.3
5760824,1384697,15754.3
5760824,1384798,537.1
5760824,1387219,37.37
5760824,1388139,34.89
5760824,1389335,7398.07
5760824,1389366,22.95
5760824,1389780,6.03
5760824,1390923,31.16
5760824,1391234,100.1
5760824,1391264,42.08
5760824,1391516,11.98
5760824,1392377,28.37
5760824,1392755,6.08
5760824,1392758,5.99
5760824,1393397,38.17
5760824,1394223,193.19
5760824,1394865,60.64
5760824,1394866,45.05
5760824,1394867,0.01
5760824,1394868,0.01
5760824,1396578,5.99
5760824,1396905,63.42
5760824,1396908,0.01
5760824,1397064,0.01
5760824,1399124,89.91
5760824,1399429,89.91
5760824,1399430,45.05
5760824,1400709,75.43
5760824,1400854,57.58
5760824,1400855,36.15
5760824,1401250,6.08
5760824,1401589,118.09
5760824,1401600,110.61
5760824,1401601,51.98
5760824,1401602,37.02
5760824,1401603,55.26
5760824,1401604,96.21
5760824,1401605,64.43
5760824,1401606,105.99
5760824,1401607,21
5760824,1401608,21.71
5760824,1401609,139.59
5760824,1401610,46.84
5760824,1401611,54.31
5760824,1403120,6.08
5760824,1403388,6.08
5760824,1403595,71.02
5760824,1404335,128.18
5760824,1404800,63.96
5760824,1000014,78.49
5760824,1000868,43.27
5760824,1001234,28.51
5760824,1001255,27.69
5760824,1001326,56.35
5760824,1001888,26.54
5760824,1001889,32.36
5760824,1001908,40.14
5760824,1003275,45.02
5760824,1003308,70.28
5760824,1003309,79.73
5760824,1003378,55.41
5760824,1003383,36.66
5760824,1003592,68.99
5760824,1003772,63.97
5760824,1004089,35.74
5760824,1004120,32.86
5760824,1004121,40.72
5760824,1004332,23.58
5760824,1004334,104.93
5760824,1004336,60.35
5760824,1004351,104.12
5760824,1004352,152.91
5760824,1004353,131.37
5760824,1004354,54.63
5760824,1004612,98.8
5760824,1004703,15.95
5760824,1005000,289.61
5760824,1006063,61.65
5760824,1006246,93.34
5760824,1006262,58.67
5760824,1006274,51.21
5760824,1006275,101.04
5760824,1006433,14.82
5760824,1006467,58.99
5760824,1006516,75.41
5760824,1007151,53.37
5760824,1007538,64.05
5760824,1007699,71.72
5760824,1007862,50.73
5760824,1008120,43.48
5760824,1008159,53.6
5760824,1008383,71.89
5760824,1008402,58.43
5760824,1008788,41.69
5760824,1008958,25.31
5760824,1009139,55.56
5760824,1009459,51.48
5760824,1009738,119.2
5760824,1009933,92.34
5760824,1009958,58.99
5760824,1009959,64.05
5760824,1010075,122.69
5760824,1010114,92.65
5760824,1010214,197.21
5760824,1010231,154.87
5760824,1010233,176.7
5760824,1010234,211.43
5760824,1010236,143.95
5760824,1010238,169.13
5760824,1010287,155.1
5760824,1010455,144.18
5760824,1010465,115.11
5760824,1010469,118.83
5760824,1010479,90.56
5760824,1010505,62.39
5760824,1010511,68.69
5760824,1010516,81.65
5760824,1010526,90.94
5760824,1010528,83.22
5760824,1010541,70.43
5760824,1010557,126.24
5760824,1010558,104.91
5760824,1010559,130.43
5760824,1010649,103.73
5760824,1010665,43.45
5760824,1010725,116.51
5760824,1010727,129
5760824,1010728,131.41
5760824,1010729,107.92
5760824,1010793,84.28
5760824,1010812,29.56
5760824,1010816,48.43
5760824,1010823,44.5
5760824,1010831,39.98
5760824,1010837,41.36
5760824,1010873,308.62
5760824,1010888,46.89
5760824,1010904,75.75
5760824,1010933,64.52
5760824,1010948,75.11
5760824,1010959,76.64
5760824,1010960,86.11
5760824,1010964,79.46
5760824,1010995,55.21
5760824,1010997,51.9
5760824,1010999,94.17
5760824,1011002,75.45
5760824,1011003,84.59
5760824,1011007,102.34
5760824,1011012,94.79
5760824,1011018,102.23
5760824,1011022,67.89
5760824,1011029,78.37
5760824,1011049,83.98
5760824,1011050,78.78
5760824,1011052,78.78
5760824,1011107,83.16
5760824,1011184,36.79
5760824,1011198,55.6
5760824,1011385,37.29
5760824,1011386,36.55
5760824,1011387,31.81
5760824,1011388,31.84
5760824,1011389,41.34
5760824,1011447,84.83
5760824,1011448,89.81
5760824,1011449,93.44
5760824,1011451,83.07
5760824,1011464,88.5
5760824,1011521,131.77
5760824,1011523,122.05
5760824,1011524,125.81
5760824,1011526,172.24
5760824,1011527,120.83
5760824,1011538,76.02
5760824,1011559,27.88
5760824,1011567,45.87
5760824,1011581,27.04
5760824,1011584,31.17
5760824,1011635,127.42
5760824,1011636,144.73
5760824,1011650,41.75
5760824,1011673,42.52
5760824,1011684,48.2
5760824,1011696,113.84
5760824,1011698,56.64
5760824,1011704,47.34
5760824,1011705,50.9
5760824,1011710,67.19
5760824,1011723,84.7
5760824,1011731,93.64
5760824,1011742,109.73
5760824,1011748,145.37
5760824,1011750,73.08
5760824,1011751,254.98
5760824,1011752,92.42
5760824,1011753,85.57
5760824,1011755,117.25
5760824,1011757,117.25
5760824,1011759,105.88
5760824,1011762,111.85
5760824,1011764,136.29
5760824,1011766,154.73
5760824,1011767,138.27
5760824,1011769,69.07
5760824,1011771,73.82
5760824,1011772,120.96
5760824,1011773,82.33
5760824,1011866,66.2
5760824,1011867,85.75
5760824,1011873,136.19
5760824,1011896,201.31
5760824,1011955,94.32
5760824,1011959,102.76
5760824,1011960,102.76
5760824,1011980,52.44
5760824,1011987,136.59
5760824,1011993,121.24
5760824,1011994,106.79
5760824,1012005,130.14
5760824,1012022,132.44
5760824,1012036,40.62
5760824,1012037,75.81
5760824,1012046,163.63
5760824,1012047,113.56
5760824,1012048,130.37
5760824,1012049,106.92
5760824,1012050,75.6
5760824,1012053,153.81
5760824,1012055,171.07
5760824,1012062,72.69
5760824,1012064,172.44
5760824,1012065,222.62
5760824,1012068,130.59
5760824,1012073,60.62
5760824,1012076,91.21
5760824,1012110,172.12
5760824,1012142,91.68
5760824,1012143,71.28
5760824,1012144,82.28
5760824,1012173,80.18
5760824,1012174,65.26
5760824,1012182,63.24
5760824,1012188,77.23
5760824,1012189,92.39
5760824,1012203,58.35
5760824,1012208,83.71
5760824,1012212,82.74
5760824,1012214,50.31
5760824,1012268,83.28
5760824,1012274,58.32
5760824,1012276,135.86
5760824,1012277,72.69
5760824,1012283,91.68
5760824,1012288,101.86
5760824,1012293,65.55
5760824,1012310,84.33
5760824,1012325,80.42
5760824,1012326,56.98
5760824,1012337,65.13
5760824,1012354,41.37
5760824,1012364,46.43
5760824,1012390,52.6
5760824,1012434,80.59
5760824,1012451,111.41
5760824,1012607,29.23
5760824,1012637,28.86
5760824,1012639,39.85
5760824,1012644,155.55
5760824,1012728,43.09
5760824,1012735,65.48
5760824,1012762,66.58
5760824,1012768,106.68
5760824,1012770,92.34
5760824,1012771,71.84
5760824,1012775,65.05
5760824,1012779,69.14
5760824,1012780,36.76
5760824,1012786,46.95
5760824,1012787,63.43
5760824,1012791,65.53
5760824,1012797,86.87
5760824,1012798,89.86
5760824,1012799,93.22
5760824,1012801,122.33
5760824,1012810,78.82
5760824,1012820,109.33
5760824,1012825,92.89
5760824,1012826,87.48
5760824,1012837,36.73
5760824,1012838,53.13
5760824,1012839,71.42
5760824,1012840,53.13
5760824,1012843,38.55
5760824,1012850,61.08
5760824,1012869,76.87
5760824,1012883,87.09
5760824,1012889,182.97
5760824,1012894,76.25
5760824,1012898,146.32
5760824,1012901,91
5760824,1012902,70.77
5760824,1012978,50.59
5760824,1012992,79.29
5760824,1012993,51.03
5760824,1012996,35.69
5760824,1013010,63.17
5760824,1013026,61.7
5760824,1013040,67.71
5760824,1013045,156.23
5760824,1013050,76.51
5760824,1013068,66.99
5760824,1013115,79.18
5760824,1013168,77.87
5760824,1013215,57.86
5760824,1013307,76.24
5760824,1013323,56.45
5760824,1013325,131.45
5760824,1013327,46.25
5760824,1013330,76.19
5760824,1013331,65.11
5760824,1013501,57.88
5760824,1013946,90.42
5760824,1013997,119.91
5760824,1014011,47.89
5760824,1014149,61.43
5760824,1014184,47.24
5760824,1014200,50.67
5760824,1014593,35.34
5760824,1014698,78
5760824,1014706,154.38
5760824,1014708,65.66
5760824,1014709,43.37
5760824,1014716,69.41
5760824,1014718,36.96
5760824,1014743,36.15
5760824,1014899,84.47
5760824,1014900,64.24
5760824,1014908,44.51
5760824,1014917,30.88
5760824,1014918,53.69
5760824,1014921,40.72
5760824,1014922,45.91
5760824,1014923,62.03
5760824,1014925,47.95
5760824,1014926,73.13
5760824,1014927,74.11
5760824,1014929,55.62
5760824,1014930,56.61
5760824,1015027,79
5760824,1015088,25.57
5760824,1015091,75.31
5760824,1015093,62.65
5760824,1015102,38.19
5760824,1015105,31.99
5760824,1015118,46.96
5760824,1015121,78.4
5760824,1015236,61.08
5760824,1015270,146.91
5760824,1015336,55.62
5760824,1015349,62.65
5760824,1015354,83.55
5760824,1015368,48.98
5760824,1015400,49.98
5760824,1015417,41.32
5760824,1015441,41.52
5760824,1015522,74.28
5760824,1015576,62.49
5760824,1015717,55.88
5760824,1015833,36.5
5760824,1015937,73.67
5760824,1016019,125.04
5760824,1016031,39.09
5760824,1016037,40.55
5760824,1016038,78.66
5760824,1016041,36.92
5760824,1016079,45.32
5760824,1016086,50.16
5760824,1016110,59.44
5760824,1016142,64.48
5760824,1016165,69
5760824,1016205,79.31
5760824,1016265,49.96
5760824,1016292,70.99
5760824,1016293,90.5
5760824,1016299,90.56
5760824,1016304,82.17
5760824,1016305,82.46
5760824,1016306,50.54
5760824,1016326,52.19
5760824,1016327,68.08
5760824,1016334,52.56
5760824,1016340,69.05
5760824,1016343,43.22
5760824,1016345,163.81
5760824,1016377,122.85
5760824,1016379,67.41
5760824,1016386,121.97
5760824,1016397,49.16
5760824,1016399,25.97
5760824,1016400,71.11
5760824,1016432,157.41
5760824,1016438,82.27
5760824,1016439,91.1
5760824,1016440,66.37
5760824,1016441,90.66
5760824,1016442,61.26
5760824,1016443,72.94
5760824,1016457,42.51
5760824,1016458,77.9
5760824,1016475,61.62
5760824,1016477,129.06
5760824,1016478,65.27
5760824,1016480,44.52
5760824,1016481,63.61
5760824,1016483,61.74
5760824,1016489,71.94
5760824,1016508,50.24
5760824,1016511,50.54
5760824,1016517,57.25
5760824,1016528,38.45
5760824,1016533,122.4
5760824,1016534,25.65
5760824,1016537,36.95
5760824,1016561,33.74
5760824,1016576,50.72
5760824,1016581,58.08
5760824,1016583,35.8
5760824,1016586,56.51
5760824,1016589,69.22
5760824,1016590,38.78
5760824,1016592,54.39
5760824,1016593,68.93
5760824,1016596,58.31
5760824,1016597,58.32
5760824,1016598,58.72
5760824,1016601,77.73
5760824,1016603,88.45
5760824,1016605,36.27
5760824,1016606,41.19
5760824,1016613,30.41
5760824,1016614,36.4
5760824,1016615,44.48
5760824,1016616,64.59
5760824,1016618,75.12
5760824,1016619,43.55
5760824,1016620,53.03
5760824,1016622,61.38
5760824,1016626,66.68
5760824,1016628,63.18
5760824,1016634,92.72
5760824,1016636,39.95
5760824,1016637,54.23
5760824,1016638,62.35
5760824,1016639,79.23
5760824,1016640,75.45
5760824,1016642,59.56
5760824,1016643,67.73
5760824,1016644,50.59
5760824,1016645,53.51
5760824,1016646,47.09
5760824,1016657,53.9
5760824,1016658,63.2
5760824,1016659,62.96
5760824,1016660,57.17
5760824,1016661,60.26
5760824,1016662,37.97
5760824,1016663,40.84
5760824,1016664,35.05
5760824,1016665,36.28
5760824,1016667,67.23
5760824,1016669,29.93
5760824,1016746,47.91
5760824,1016747,55.9
5760824,1016748,58.11
5760824,1016750,83.8
5760824,1016754,41.34
5760824,1016765,78.46
5760824,1016772,49.81
5760824,1016855,36.93
5760824,1016863,59.05
5760824,1016867,64.47
5760824,1016873,40.15
5760824,1016880,40.05
5760824,1016886,48.2
5760824,1016898,58.58
5760824,1016899,75.31
5760824,1016908,58.25
5760824,1016909,65.07
5760824,1016986,49.06
5760824,1016988,66.88
5760824,1016993,36.32
5760824,1017025,41.89
5760824,1017026,61.46
5760824,1017132,78.33
5760824,1017180,67.48
5760824,1017190,51.21
5760824,1017194,62.06
5760824,1017246,72.3
5760824,1017274,64.47
5760824,1017457,38.33
5760824,1017458,44.95
5760824,1017459,35.92
5760824,1017461,42.57
5760824,1017884,93.41
5760824,1018019,49.79
5760824,1018020,36.64
5760824,1018058,48.34
5760824,1018069,70.41
5760824,1018073,30.19
5760824,1018086,27.97
5760824,1018101,31.76
5760824,1018103,64.17
5760824,1018106,46.95
5760824,1018108,53.3
5760824,1018115,37.37
5760824,1018125,49.18
5760824,1018128,47.54
5760824,1018131,65.03
5760824,1018133,47.38
5760824,1018135,59
5760824,1018148,74.53
5760824,1018149,65.32
5760824,1018150,42.48
5760824,1018164,72.89
5760824,1018175,56.44
5760824,1018180,57.68
5760824,1018192,85.66
5760824,1018196,89.3
5760824,1018202,95.3
5760824,1018204,61.99
5760824,1018208,62.13
5760824,1018209,74.87
5760824,1018211,80.35
5760824,1018220,51.57
5760824,1018221,33.08
5760824,1018222,39.61
5760824,1018225,56.72
5760824,1018232,73.06
5760824,1018239,46.84
5760824,1018240,57.39
5760824,1018246,68.67
5760824,1018250,41.02
5760824,1018265,58.41
5760824,1018272,63.43
5760824,1018273,73.04
5760824,1018292,53
5760824,1018319,36.28
5760824,1018320,36.08
5760824,1018324,84.76
5760824,1018325,30.73
5760824,1018326,25.99
5760824,1018327,26.12
5760824,1018331,35.95
5760824,1018336,38.66
5760824,1018342,46.75
5760824,1018344,36.16
5760824,1018345,28.43
5760824,1018351,32.11
5760824,1018355,35.34
5760824,1018359,56.68
5760824,1018364,67.03
5760824,1018365,37.4
5760824,1018378,14.64
5760824,1018388,15.36
5760824,1018391,16
5760824,1018396,23.14
5760824,1018397,23.77
5760824,1018400,25.26
5760824,1018401,28.43
5760824,1018402,21.45
5760824,1018405,18.03
5760824,1018406,20.42
5760824,1018409,37.61
5760824,1018413,25.31
5760824,1018421,20.38
5760824,1018422,21.32
5760824,1018425,26.21
5760824,1018426,39.87
5760824,1018428,24.69
5760824,1018429,22.81
5760824,1018434,25.22
5760824,1018435,26.04
5760824,1018436,23.15
5760824,1018437,21.99
5760824,1018438,29.98
5760824,1018441,38.99
5760824,1018444,28.53
5760824,1018447,29.61
5760824,1018448,30.94
5760824,1018450,62.31
5760824,1018453,24.91
5760824,1018454,71.52
5760824,1018458,40.5
5760824,1018462,20.29
5760824,1018466,37.63
5760824,1018468,42.52
5760824,1018475,44.3
5760824,1018483,103.34
5760824,1018485,121.25
5760824,1018486,72.52
5760824,1018494,28.15
5760824,1018495,37.08
5760824,1018496,59.38
5760824,1018497,35.13
5760824,1018501,88.51
5760824,1018532,105.26
5760824,1018538,76.05
5760824,1018558,90.11
5760824,1018569,60.02
5760824,1018580,73.43
5760824,1018584,82.74
5760824,1018585,84.69
5760824,1018590,105.26
5760824,1018591,115.21
5760824,1018592,74.85
5760824,1018593,75.25
5760824,1018594,95.06
5760824,1018619,45.2
5760824,1018621,68.5
5760824,1018627,73.43
5760824,1018637,95.06
5760824,1018678,53.47
5760824,1018682,37.45
5760824,1018684,49.54
5760824,1018686,45.45
5760824,1018689,48.38
5760824,1018693,56.38
5760824,1018700,49.79
5760824,1018704,28.58
5760824,1018732,25.14
5760824,1018734,28.28
5760824,1018741,28.28
5760824,1018742,25.49
5760824,1018759,43.73
5760824,1018768,43.89
5760824,1018789,19.63
5760824,1018806,22.22
5760824,1018810,38.75
5760824,1018813,32.09
5760824,1018821,33.76
5760824,1018834,24.74
5760824,1018850,39.83
5760824,1018873,32.28
5760824,1018885,33.76
5760824,1018893,34.25
5760824,1018894,37.09
5760824,1018899,34.23
5760824,1018900,36.01
5760824,1018901,36.01
5760824,1018905,45.44
5760824,1018914,47.4
5760824,1018918,26.59
5760824,1018923,27.43
5760824,1018988,51.21
5760824,1018989,63.5
5760824,1019008,33.15
5760824,1019019,36.07
5760824,1019030,22.63
5760824,1019036,40.91
5760824,1019069,36.61
5760824,1019070,36.61
5760824,1019077,43.01
5760824,1019228,65.85
5760824,1019243,69.71
5760824,1019244,67.9
5760824,1019248,80.81
5760824,1019253,94.01
5760824,1019265,31.11
5760824,1019291,67.47
5760824,1019292,53.26
5760824,1019376,57.74
5760824,1019377,63.53
5760824,1019411,76.19
5760824,1019456,228.56
5760824,1019601,50.48
5760824,1019713,94.47
5760824,1019759,81.49
5760824,1019762,209.61
5760824,1019763,142.66
5760824,1019764,166.83
5760824,1019769,81.3
5760824,1019782,86.06
5760824,1019783,66.94
5760824,1019785,96.39
5760824,1019801,78.37
5760824,1019802,96.39
5760824,1019807,78.37
5760824,1019811,83.37
5760824,1019823,63.05
5760824,1019858,45.98
5760824,1019886,32.32
5760824,1019888,27.52
5760824,1019933,29.82
5760824,1019937,25.65
5760824,1019939,31.79
5760824,1019940,31.49
5760824,1019946,25.68
5760824,1019970,54.82
5760824,1020044,76.25
5760824,1020047,73.57
5760824,1020094,62.18
5760824,1020107,81.01
5760824,1020114,94.65
5760824,1020117,85.15
5760824,1020135,57.42
5760824,1020136,44.81
5760824,1020150,68.03
5760824,1020158,42.52
5760824,1020161,85.66
5760824,1020162,33.16
5760824,1020164,38.4
5760824,1020165,38.21
5760824,1020166,23.88
5760824,1020217,79.76
5760824,1020218,80.13
5760824,1020277,32.7
5760824,1020327,46.59
5760824,1020350,146.66
5760824,1020374,111.5
5760824,1020375,57.76
5760824,1020377,47.33
5760824,1020380,46.71
5760824,1020382,61.55
5760824,1020384,40.97
5760824,1020389,42.83
5760824,1020395,79.23
5760824,1020397,122.57
5760824,1020415,37.8
5760824,1020417,31.5
5760824,1020419,32.87
5760824,1020427,67.05
5760824,1020442,74.1
5760824,1020472,79.16
5760824,1020526,30.69
5760824,1020574,151.26
5760824,1020660,26.92
5760824,1020665,32.81
5760824,1020670,37.74
5760824,1020709,51.21
5760824,1020718,61.64
5760824,1020726,23.45
5760824,1020727,23.45
5760824,1020728,25.37
5760824,1020729,25.37
5760824,1020730,28.11
5760824,1020731,28.11
5760824,1020749,36.81
5760824,1020761,35.86
5760824,1020762,52.33
5760824,1020763,42.49
5760824,1020764,53.19
5760824,1020769,34.27
5760824,1020770,63.85
5760824,1020772,24.12
5760824,1020773,24.12
5760824,1020774,26.24
5760824,1020775,26.24
5760824,1020776,63.72
5760824,1020777,63.72
5760824,1020797,108.22
5760824,1020803,20.77
5760824,1020804,20.89
5760824,1020805,21.58
5760824,1020806,21.73
5760824,1020811,32.78
5760824,1020815,34.33
5760824,1020821,30.93
5760824,1020823,76.73
5760824,1020833,31.34
5760824,1020837,44.99
5760824,1020838,29.09
5760824,1020844,96.85
5760824,1020860,70.42
5760824,1020914,31.39
5760824,1020918,37.74
5760824,1020923,37.99
5760824,1020953,37.99
5760824,1020957,85
5760824,1020985,37.74
5760824,1020986,29.84
5760824,1020989,28.12
5760824,1021014,32.25
5760824,1021104,29.87
5760824,1021117,28.12
5760824,1021137,28.23
5760824,1021138,28.12
5760824,1021139,37.86
5760824,1021140,43.39
5760824,1021141,46.69
5760824,1021145,25.1
5760824,1021150,84.22
5760824,1021154,29.84
5760824,1021157,50.95
5760824,1021188,50.95
5760824,1021203,64.9
5760824,1021209,54.23
5760824,1021214,84.94
5760824,1021217,28.34
5760824,1021230,28.23
5760824,1021250,36.93
5760824,1021252,100.82
5760824,1021275,35.02
5760824,1021281,101.32
5760824,1021283,22.77
5760824,1021284,70.82
5760824,1021288,114.57
5760824,1021300,47.36
5760824,1021305,47.48
5760824,1021307,63.76
5760824,1021313,76.25
5760824,1021325,55.06
5760824,1021426,25.31
5760824,1021430,121.52
5760824,1021431,119.7
5760824,1021438,45.6
5760824,1021447,25.75
5760824,1021448,49.19
5760824,1021457,35.39
5760824,1021459,36.67
5760824,1021466,50.06
5760824,1021468,50.06
5760824,1021496,58.73
5760824,1021502,33.33
5760824,1021512,38.28
5760824,1021534,49.89
5760824,1021536,56.39
5760824,1021544,38.99
5760824,1021584,71.32
5760824,1021588,68.14
5760824,1021611,55.13
5760824,1021612,129.65
5760824,1021622,44.89
5760824,1021624,44.89
5760824,1021674,37.74
5760824,1021684,32.81
5760824,1021689,31.34
5760824,1021694,43.63
5760824,1021717,47.49
5760824,1021718,56.83
5760824,1021723,47.96
5760824,1021725,50.95
5760824,1021727,50.95
5760824,1021815,58
5760824,1021818,57.13
5760824,1021820,44.92
5760824,1021822,113.84
5760824,1021823,37.11
5760824,1021864,45.07
5760824,1021867,77.72
5760824,1021954,37.99
5760824,1021959,54.68
5760824,1021978,29.84
5760824,1021996,72.07
5760824,1021998,74.73
5760824,1022022,39.57
5760824,1022146,37.74
5760824,1022165,55.44
5760824,1022217,26.92
5760824,1022269,25.8
5760824,1022270,25.93
5760824,1022271,30.79
5760824,1022275,30.31
5760824,1022276,35.46
5760824,1022279,18.97
5760824,1022297,32.23
5760824,1022298,35.79
5760824,1022320,37.05
5760824,1022347,59.5
5760824,1022358,40.01
5760824,1022375,87
5760824,1022380,39.8
5760824,1022389,28.03
5760824,1022394,25.7
5760824,1022419,21.75
5760824,1022420,51.45
5760824,1022431,83.04
5760824,1022439,83.04
5760824,1022444,83.04
5760824,1022450,83.04
5760824,1022452,83.04
5760824,1022456,38.16
5760824,1022467,38.16
5760824,1022473,37.44
5760824,1022478,38.16
5760824,1022481,38.16
5760824,1022485,97.09
5760824,1022498,75.78
5760824,1022500,76.81
5760824,1022501,96.88
5760824,1022514,133.71
5760824,1022545,48.34
5760824,1022554,97.09
5760824,1022625,26.7
5760824,1022695,109.94
5760824,1022715,66
5760824,1022732,129.07
5760824,1022734,129.07
5760824,1022759,77.46
5760824,1022784,114.68
5760824,1022786,57
5760824,1022814,73.17
5760824,1022816,91.87
5760824,1022833,23.1
5760824,1022838,42.77
5760824,1022840,71.88
5760824,1022884,25.91
5760824,1022885,77.32
5760824,1022891,38.16
5760824,1022904,38.16
5760824,1022939,56.24
5760824,1022982,56.44
5760824,1022996,83.04
5760824,1023032,25.08
5760824,1023033,172.42
5760824,1023034,67.62
5760824,1023036,60.82
5760824,1023039,53.49
5760824,1023040,53.49
5760824,1023041,71.9
5760824,1023043,53.49
5760824,1023044,53.49
5760824,1023052,177.85
5760824,1023059,86.23
5760824,1023065,119.36
5760824,1023070,53.49
5760824,1023083,129.07
5760824,1023085,37.07
5760824,1023107,72.32
5760824,1023113,66.83
5760824,1023117,50.34
5760824,1023118,116.31
5760824,1023169,60.82
5760824,1023172,90.45
5760824,1023179,64.17
5760824,1023210,64.43
5760824,1023211,72.32
5760824,1023213,37.38
5760824,1023232,140.71
5760824,1023247,46.26
5760824,1023248,60.5
5760824,1023249,60.48
5760824,1023298,144.5
5760824,1023301,89.17
5760824,1023331,103.69
5760824,1023348,53.73
5760824,1023354,53.55
5760824,1023422,42.42
5760824,1023431,40.77
5760824,1023439,42.6
5760824,1023451,42.11
5760824,1023467,62.18
5760824,1023645,28.87
5760824,1023646,26.63
5760824,1023674,24.85
5760824,1023718,258.41
5760824,1023746,133.85
5760824,1023871,38.65
5760824,1023872,52.53
5760824,1023913,62.62
5760824,1023933,70.93
5760824,1023935,55.36
5760824,1023940,69.74
5760824,1023969,29.35
5760824,1024138,49.66
5760824,1024213,60.98
5760824,1024263,44.83
5760824,1024269,32.11
5760824,1024270,48.79
5760824,1024308,46.31
5760824,1024373,53.6
5760824,1024419,31.69
5760824,1024424,29.75
5760824,1024425,29.08
5760824,1024575,46.71
5760824,1024579,38.34
5760824,1024606,36.4
5760824,1024808,52.72
5760824,1024896,31.68
5760824,1025056,52.3
5760824,1025197,25.9
5760824,1025235,29.91
5760824,1025416,58.43
5760824,1025686,39.93
5760824,1025733,41.56
5760824,1025734,42.11
5760824,1025737,47.94
5760824,1025742,46.51
5760824,1025746,37.69
5760824,1025790,47.03
5760824,1025815,51.81
5760824,1025945,58.99
5760824,1025946,58.15
5760824,1025970,56.43
5760824,1026190,45.33
5760824,1026902,26.49
5760824,1026973,26.49
5760824,1026994,77.31
5760824,1027321,58.68
5760824,1027640,70.92
5760824,1027780,44.83
5760824,1027939,33.81
5760824,1028021,49.61
5760824,1028106,65.91
5760824,1028270,39.11
5760824,1028374,43.42
5760824,1028816,82.22
5760824,1028897,40.24
5760824,1028986,41.39
5760824,1028991,25.08
5760824,1028996,18.23
5760824,1028999,29.15
5760824,1029007,20.68
5760824,1029015,131.22
5760824,1029016,89.48
5760824,1029020,49.53
5760824,1029032,80.78
5760824,1029033,89.48
5760824,1029042,18.23
5760824,1029044,13.6
5760824,1029046,104.99
5760824,1029047,120.77
5760824,1029062,89.48
5760824,1029063,16.21
5760824,1029064,89.48
5760824,1029067,18.23
5760824,1029068,89.48
5760824,1029069,89.48
5760824,1029077,89.48
5760824,1029079,89.48
5760824,1029094,89.48
5760824,1029107,130.26
5760824,1029110,89.48
5760824,1029111,89.48
5760824,1029117,80.78
5760824,1029120,89.48
5760824,1029128,130.26
5760824,1029129,130.26
5760824,1029135,89.48
5760824,1029136,89.48
5760824,1029141,89.48
5760824,1029142,89.48
5760824,1029144,89.48
5760824,1029146,89.48
5760824,1029147,89.48
5760824,1029161,157.53
5760824,1029168,89.48
5760824,1029172,89.48
5760824,1029179,94.12
5760824,1029180,133.53
5760824,1029187,25.08
5760824,1029189,24.14
5760824,1029190,118.9
5760824,1029205,25.08
5760824,1029206,41.39
5760824,1029207,41.39
5760824,1029208,171.39
5760824,1029270,44.39
5760824,1029272,104.5
5760824,1029275,147.58
5760824,1029278,126.15
5760824,1029279,126.15
5760824,1029281,24.14
5760824,1029282,21.67
5760824,1029283,25.08
5760824,1029284,57.79
5760824,1029304,41.39
5760824,1029307,136.9
5760824,1029308,139.21
5760824,1029319,63.99
5760824,1029353,67.72
5760824,1029355,25.08
5760824,1029356,40.67
5760824,1029360,18.23
5760824,1029475,15.13
5760824,1029476,31.73
5760824,1029480,269.79
5760824,1029490,128.18
5760824,1029504,131.1
5760824,1029510,211.67
5760824,1029528,57.84
5760824,1029542,103.9
5760824,1029572,110.5
5760824,1029604,132.55
5760824,1029613,22.44
5760824,1029615,81.86
5760824,1029634,81.45
5760824,1029692,153.17
5760824,1029694,31.34
5760824,1029695,62.38
5760824,1029700,43.34
5760824,1029701,73.64
5760824,1029704,47.46
5760824,1029705,13.44
5760824,1029725,87.31
5760824,1029735,87.31
5760824,1029738,73.07
5760824,1029769,54.59
5760824,1029779,70.44
5760824,1029796,87.31
5760824,1029831,76.85
5760824,1029842,57.72
5760824,1029844,57.72
5760824,1029848,57.72
5760824,1029863,57.72
5760824,1029864,57.72
5760824,1029866,57.72
5760824,1029867,55.82
5760824,1029871,43.99
5760824,1029874,34.49
5760824,1029876,29.86
5760824,1029877,43.68
5760824,1029878,34.39
5760824,1029896,62.99
5760824,1029897,69.52
5760824,1029916,149.82
5760824,1029919,72.95
5760824,1029920,71.91
5760824,1029922,71.91
5760824,1029923,91.57
5760824,1029924,143.12
5760824,1029946,72.34
5760824,1029947,77.88
5760824,1029955,43.99
5760824,1029956,43.99
5760824,1029957,43.99
5760824,1029964,77.88
5760824,1029965,77.88
5760824,1029966,77.88
5760824,1029968,77.88
5760824,1029969,77.88
5760824,1029994,57.72
5760824,1029995,57.72
5760824,1030007,77.88
5760824,1030039,108.61
5760824,1030040,108.61
5760824,1030041,106.41
5760824,1030100,77.88
5760824,1030101,77.88
5760824,1030108,148.85
5760824,1030109,43.99
5760824,1030110,43.99
5760824,1030111,43.99
5760824,1030146,88.64
5760824,1030178,44.44
5760824,1030188,70.35
5760824,1030221,93.76
5760824,1030223,42.43
5760824,1030226,43.99
5760824,1030229,43.99
5760824,1030231,43.99
5760824,1030232,43.99
5760824,1030250,93.76
5760824,1030294,83.47
5760824,1030358,39.09
5760824,1030416,178.2
5760824,1030603,42.13
5760824,1030604,40.05
5760824,1030655,41.22
5760824,1030896,37.31
5760824,1030970,26.52
5760824,1031141,21.34
5760824,1031142,20.55
5760824,1031143,21.21
5760824,1031426,17.34
5760824,1031427,15.48
5760824,1031428,15.24
5760824,1031435,19.85
5760824,1031436,19.04
5760824,1031437,17.64
5760824,1031438,20.53
5760824,1031499,51.49
5760824,1031500,52.21
5760824,1031501,47.09
5760824,1031503,51.42
5760824,1031504,51.97
5760824,1031505,44.72
5760824,1031507,50.36
5760824,1031508,51.72
5760824,1031509,47.9
5760824,1031510,48.1
5760824,1031511,50.53
5760824,1031512,51.48
5760824,1031513,47.09
5760824,1031514,48.84
5760824,1031539,65.5
5760824,1031547,69.54
5760824,1031549,69.78
5760824,1031551,66.48
5760824,1031553,67.11
5760824,1032206,122.24
5760824,1032641,96.16
5760824,1032751,32.58
5760824,1032752,25.94
5760824,1032753,27.49
5760824,1032754,31.03
5760824,1032755,29.37
5760824,1032761,25.39
5760824,1032762,52.12
5760824,1032763,21.76
5760824,1032764,61.78
5760824,1032769,55.57
5760824,1032777,98.15
5760824,1032950,97.1
5760824,1033154,21.3
5760824,1033558,19.87
5760824,1033563,37.96
5760824,1033564,27.05
5760824,1033992,51
5760824,1033993,17.81
5760824,1033995,1.78
5760824,1034024,26.32
5760824,1034025,2.63
5760824,1034050,26.8
5760824,1034051,2.68
5760824,1034055,25.49
5760824,1034084,26.16
5760824,1034116,56.5
5760824,1034358,2.55
5760824,1039770,77.23
5760824,1039772,94.68
5760824,1039773,87.52
5760824,1039788,133.94
5760824,1039798,120.5
5760824,1039800,130.08
5760824,1039802,130.14
5760824,1039804,137.13
5760824,1039830,140.83
5760824,1039839,88.27
5760824,1039865,135.98
5760824,1039867,178.4
5760824,1039871,220.76
5760824,1039879,47.24
5760824,1039899,93.93
5760824,1039901,119.3
5760824,1039903,112.79
5760824,1039909,103.24
5760824,1039926,119.9
5760824,1040015,114.9
5760824,1040059,70.25
5760824,1040060,142.19
5760824,1040061,67.84
5760824,1040063,84.17
5760824,1040069,141.65
5760824,1040078,89.53
5760824,1040079,100.92
5760824,1040092,118.81
5760824,1040120,39.32
5760824,1040203,81.88
5760824,1040241,118.39
5760824,1040247,29.16
5760824,1040248,145.5
5760824,1040252,58.2
5760824,1040253,58.2
5760824,1040254,58.2
5760824,1040255,58.2
5760824,1040264,135.56
5760824,1040276,54.67
5760824,1040277,44.63
5760824,1040295,129.15
5760824,1040343,103.03
5760824,1040370,130.26
5760824,1040460,70.25
5760824,1040465,63.56
5760824,1040469,93.09
5760824,1040486,98.39
5760824,1040537,116.4
5760824,1040557,144.6
5760824,1040587,145.35
5760824,1040588,145.35
5760824,1040798,83.69
5760824,1040888,134.12
5760824,1040895,140.68
5760824,1040972,158.88
5760824,1041019,141.71
5760824,1041076,218.89
5760824,1041077,119.36
5760824,1041078,142.43
5760824,1041079,78.26
5760824,1041080,153.64
5760824,1041179,52.06
5760824,1041215,174.18
5760824,1041231,71.22
5760824,1041236,26.97
5760824,1041279,28.68
5760824,1041319,60.25
5760824,1041321,125.92
5760824,1042657,12.93
5760824,1042666,80.07
5760824,1042673,132.31
5760824,1042675,132.31
5760824,1042710,45.73
5760824,1042785,50.19
5760824,1042834,174.36
5760824,1042842,128.45
5760824,1043125,219.49
5760824,1043133,240.84
5760824,1043152,180.15
5760824,1043154,185.87
5760824,1043156,106.88
5760824,1043158,150.14
5760824,1043196,96.94
5760824,1043226,171.65
5760824,1043261,158.82
5760824,1043308,86.4
5760824,1043312,160.87
5760824,1043332,71.94
5760824,1043363,99.65
5760824,1043367,99.65
5760824,1043399,62.09
5760824,1043401,57.24
5760824,1043403,112
5760824,1043461,50.31
5760824,1043465,220.03
5760824,1043467,76.04
5760824,1043496,44.59
5760824,1043512,84.47
5760824,1043582,81.58
5760824,1043661,33.68
5760824,1043662,45.73
5760824,1043663,37.11
5760824,1043980,14.13
5760824,1043981,14.57
5760824,1043983,14.4
5760824,1043984,21.46
5760824,1043985,24
5760824,1043986,24.57
5760824,1043989,28.06
5760824,1044047,40.87
5760824,1044050,23.97
5760824,1044051,21.52
5760824,1044053,22.05
5760824,1044054,22.56
5760824,1044056,19.08
5760824,1044058,26.69
5760824,1044059,19.35
5760824,1044060,25.99
5760824,1044064,10.7
5760824,1044068,14.73
5760824,1044069,19.69
5760824,1044070,16.94
5760824,1044073,23.99
5760824,1044074,32.14
5760824,1044075,21.4
5760824,1044076,18.57
5760824,1044084,16.12
5760824,1044445,142.6
5760824,1044455,148.09
5760824,1044457,52.12
5760824,1044470,192.86
5760824,1044475,58.8
5760824,1044485,46.57
5760824,1044532,60.07
5760824,1044593,163.04
5760824,1044605,40.97
5760824,1044676,20.68
5760824,1044722,34.07
5760824,1044723,33.78
5760824,1044724,26.21
5760824,1044726,40.52
5760824,1044837,60.07
5760824,1044847,31.73
5760824,1044849,31.67
5760824,1044859,52.06
5760824,1044877,41.72
5760824,1044878,45.52
5760824,1044891,85.43
5760824,1044894,104.41
5760824,1044897,72.9
5760824,1044903,107.73
5760824,1044987,69.53
5760824,1045602,53.56
5760824,1045693,26.12
5760824,1045818,27.99
5760824,1045861,59.19
5760824,1045908,66.4
5760824,1045909,144.06
5760824,1045910,69.53
5760824,1045945,58.26
5760824,1045997,42.96
5760824,1045998,58.92
5760824,1046037,21.46
5760824,1046088,71.58
5760824,1046130,23.1
5760824,1046156,83.63
5760824,1046158,69.41
5760824,1046165,77.72
5760824,1046179,135.5
5760824,1046206,23.1
5760824,1046264,206.06
5760824,1046265,55.31
5760824,1046274,85.92
5760824,1046275,95.86
5760824,1046276,90.86
5760824,1046285,72.72
5760824,1046287,87.18
5760824,1046288,93.39
5760824,1046289,93.39
5760824,1046314,22.56
5760824,1046319,15.29
5760824,1046330,40.49
5760824,1046331,60.19
5760824,1046660,22.41
5760824,1046882,131.77
5760824,1046949,32.05
5760824,1047706,62.59
5760824,1047729,16.41
5760824,1047730,32.96
5760824,1047970,18.15
5760824,1047971,25.4
5760824,1047975,20.26
5760824,1048086,15.12
5760824,1048095,19.05
5760824,1048102,25.51
5760824,1048111,17.5
5760824,1048115,35.22
5760824,1048140,25.84
5760824,1048166,22.45
5760824,1048169,25.59
5760824,1048183,32.85
5760824,1048221,31.63
5760824,1048523,33.02
5760824,1048608,89.11
5760824,1048613,69.97
5760824,1048616,108.45
5760824,1048618,37.36
5760824,1048626,42.8
5760824,1048636,83.16
5760824,1048647,44.74
5760824,1048682,24.86
5760824,1048693,33.46
5760824,1048707,45.79
5760824,1048717,73.17
5760824,1048760,96.44
5760824,1048857,127.61
5760824,1048895,58.26
5760824,1048934,99
5760824,1048942,89.19
5760824,1049016,39.1
5760824,1049018,98.04
5760824,1049039,94.23
5760824,1049040,99.65
5760824,1049042,108.45
5760824,1049044,108.45
5760824,1049046,54.59
5760824,1049063,71.1
5760824,1049065,84.77
5760824,1049070,207.07
5760824,1049075,132.31
5760824,1049076,99.65
5760824,1049086,132.31
5760824,1049100,58.78
5760824,1049101,28.37
5760824,1049102,55.36
5760824,1049103,39.27
5760824,1049119,38.1
5760824,1049124,82.08
5760824,1049132,61.01
5760824,1049136,116.78
5760824,1049139,90.51
5760824,1049194,60.91
5760824,1049197,133.57
5760824,1049201,136.43
5760824,1049202,123.14
5760824,1049204,39.72
5760824,1049237,108.26
5760824,1049327,72.41
5760824,1049328,26.88
5760824,1049329,38.03
5760824,1049356,95.06
5760824,1049370,82.23
5760824,1049378,51.07
5760824,1049417,71.32
5760824,1049423,60.91
5760824,1049430,40.1
5760824,1049525,26.46
5760824,1049528,46.73
5760824,1049691,142.93
5760824,1049710,61.39
5760824,1049712,50.38
5760824,1049713,69.71
5760824,1049714,47.98
5760824,1049808,53.57
5760824,1049809,44.15
5760824,1049810,33.22
5760824,1049823,64.47
5760824,1049826,54.2
5760824,1049828,114.29
5760824,1050044,92.97
5760824,1050045,58.33
5760824,1050048,31.91
5760824,1050094,141.49
5760824,1050120,77.17
5760824,1050122,127.19
5760824,1050244,38.29
5760824,1050323,42.14
5760824,1050324,88.17
5760824,1050343,41.49
5760824,1050345,47.97
5760824,1050347,53.12
5760824,1050355,51.86
5760824,1050356,166.06
5760824,1050357,46.3
5760824,1050366,45.13
5760824,1050368,42.38
5760824,1050487,69.7
5760824,1050496,74.3
5760824,1050497,92.53
5760824,1064934,57.71
5760824,1064941,52.32
5760824,1065007,40.05
5760824,1065940,56.38
5760824,1066473,25.04
5760824,1066475,16.06
5760824,1066476,28.63
5760824,1066477,28.63
5760824,1066481,35.74
5760824,1066483,21.36
5760824,1066485,34.64
5760824,1066486,34.64
5760824,1066528,78.61
5760824,1066540,91.98
5760824,1066564,44.93
5760824,1069420,43.39
5760824,1069426,57.98
5760824,1072157,67.72
5760824,1115214,97.09
5760824,1115215,97.09
5760824,1115217,87.33
5760824,1116989,24.31
5760824,1117086,74.52
5760824,1117277,46.78
5760824,1117906,32.4
5760824,1117908,74.52
5760824,1117909,32.32
5760824,1117915,32.4
5760824,1117995,286.95
5760824,1118018,32.32
5760824,1118027,32.32
5760824,1118028,32.32
5760824,1118047,39.24
5760824,1118063,40.25
5760824,1118068,67.4
5760824,1118069,67.4
5760824,1118073,26.56
5760824,1118094,46.78
5760824,1118102,46.78
5760824,1118117,69.68
5760824,1118123,46.78
5760824,1118128,75.52
5760824,1118149,65.72
5760824,1118157,65.72
5760824,1118159,65.72
5760824,1118161,65.72
5760824,1118173,14.35
5760824,1118195,67.4
5760824,1118235,46.78
5760824,1118236,46.78
5760824,1118237,46.78
5760824,1118275,74.27
5760824,1118295,26.89
5760824,1118301,46.78
5760824,1118303,69.68
5760824,1118307,74.27
5760824,1118309,79.63
5760824,1118312,17.76
5760824,1118313,18.86
5760824,1118314,18.31
5760824,1118315,20.22
5760824,1118316,20.17
5760824,1118317,40.52
5760824,1118318,22.61
5760824,1118320,20.91
5760824,1118321,22.08
5760824,1118325,17.31
5760824,1118341,12.92
5760824,1118347,69.68
5760824,1118440,61.45
5760824,1118454,55.89
5760824,1118486,17.71
5760824,1118489,16.61
5760824,1118493,16.92
5760824,1118529,32.63
5760824,1118530,3.27
5760824,1118543,63.98
5760824,1118583,286.95
5760824,1118586,286.95
5760824,1118588,15.97
5760824,1118591,14.35
5760824,1118630,70.19
5760824,1119375,33.05
5760824,1119377,33.05
5760824,1119379,33.05
5760824,1119389,16.03
5760824,1119391,32.4
5760824,1119879,27.85
5760824,1119880,27.85
5760824,1119881,27.85
5760824,1119882,27.85
5760824,1119901,46.78
5760824,1120631,14.35
5760824,1120991,319.39
5760824,1121028,15.97
5760824,1121095,14.35
5760824,1121451,46.78
5760824,1121969,319.39
5760824,1122417,63.56
5760824,1122448,46.78
5760824,1122449,46.78
5760824,1122450,46.78
5760824,1122451,46.78
5760824,1122464,14.74
5760824,1123109,96.59
5760824,1123118,45.03
5760824,1123490,107.88
5760824,1123542,67.67
5760824,1124244,120.11
5760824,1125187,36
5760824,1136519,94.62
5760824,1137787,23.1
5760824,1139734,34.16
5760824,1140397,73.2
5760824,1140411,73.3
5760824,1140417,84.69
5760824,1140478,88.7
5760824,1141066,70.02
5760824,1141222,89.53
5760824,1141508,43.92
5760824,1141518,44.13
5760824,1141573,23.51
5760824,1141725,74.52
5760824,1141944,71.52
5760824,1142023,109.72
5760824,1142024,98.4
5760824,1142436,69.68
5760824,1142519,49.13
5760824,1143254,81.19
5760824,1143297,39.9
5760824,1143859,149.91
5760824,1143862,49.13
5760824,1143871,92.63
5760824,1143877,45.92
5760824,1143878,44.9
5760824,1143880,58.57
5760824,1143970,90.41
5760824,1143972,53.3
5760824,1143973,98.77
5760824,1143981,58.44
5760824,1144365,47.38
5760824,1144369,72.3
5760824,1144436,122.64
5760824,1144442,28.11
5760824,1144476,40.49
5760824,1144527,50.43
5760824,1144578,103.44
5760824,1144582,56.71
5760824,1144730,61.23
5760824,1144761,84.59
5760824,1144769,47.81
5760824,1145193,37.84
5760824,1145513,51.02
5760824,1145560,26.11
5760824,1145809,37.36
5760824,1145823,71.1
5760824,1146069,37.19
5760824,1146297,82.65
5760824,1146298,49.73
5760824,1146427,108.61
5760824,1146471,32.52
5760824,1146600,46.78
5760824,1146601,46.78
5760824,1146602,46.78
5760824,1146741,41.27
5760824,1146805,70.4
5760824,1146858,76.61
5760824,1147385,54.5
5760824,1147463,48.25
5760824,1147600,58.74
5760824,1147670,39.85
5760824,1147777,26.03
5760824,1147901,26.15
5760824,1147977,67.91
5760824,1148135,51.09
5760824,1148198,176.5
5760824,1148253,44.44
5760824,1148552,84.62
5760824,1148911,43.37
5760824,1149026,43.71
5760824,1149027,43.71
5760824,1149107,79.8
5760824,1149264,81.16
5760824,1149311,117.42
5760824,1149689,54.97
5760824,1149857,70.08
5760824,1150163,70.11
5760824,1150201,107.22
5760824,1150202,18.44
5760824,1150208,92.27
5760824,1150842,42.55
5760824,1150850,29.99
5760824,1150858,32.07
5760824,1150859,29.5
5760824,1150864,52.97
5760824,1150906,56.88
5760824,1151136,57.1
5760824,1151313,29.69
5760824,1151324,20.49
5760824,1151371,74.85
5760824,1151379,40.3
5760824,1151420,108.28
5760824,1151421,59.13
5760824,1151689,50.96
5760824,1151692,56.43
5760824,1151694,62.17
5760824,1151995,51.25
5760824,1152150,56.43
5760824,1152170,44.31
5760824,1152171,49.41
5760824,1152172,47
5760824,1152173,59.47
5760824,1152194,45.86
5760824,1152248,84.96
5760824,1152255,90.19
5760824,1152379,63.44
5760824,1152380,48.84
5760824,1152478,45.75
5760824,1152650,103.34
5760824,1152657,79.8
5760824,1152658,98.39
5760824,1152704,43.04
5760824,1153026,67.3
5760824,1153239,121.01
5760824,1153343,44.87
5760824,1153346,68.25
5760824,1153482,197.95
5760824,1153483,97.69
5760824,1153555,110.16
5760824,1153751,134.71
5760824,1153828,35.76
5760824,1153935,107.85
5760824,1154150,30.87
5760824,1154193,64.26
5760824,1154211,60.9
5760824,1154214,51.89
5760824,1154215,37.19
5760824,1154216,129.06
5760824,1154217,129.06
5760824,1154221,106.63
5760824,1154224,116.54
5760824,1154227,74.95
5760824,1154229,101.34
5760824,1154230,73.57
5760824,1154232,82.46
5760824,1154233,222.49
5760824,1154234,48.97
5760824,1154244,95.62
5760824,1154245,112.22
5760824,1154246,124.2
5760824,1154250,39.08
5760824,1154933,43.71
5760824,1154934,38.99
5760824,1154948,45.77
5760824,1155117,100.32
5760824,1155244,85.6
5760824,1155259,57.89
5760824,1155288,40.66
5760824,1155466,187.46
5760824,1155472,137.07
5760824,1155473,92.48
5760824,1155520,44.97
5760824,1155562,43.38
5760824,1155651,44.92
5760824,1156304,35.39
5760824,1156305,36.49
5760824,1156306,35.15
5760824,1156505,62.13
5760824,1156578,39.96
5760824,1156623,49.18
5760824,1156626,49.18
5760824,1156891,71.35
5760824,1157014,80.59
5760824,1157015,71.35
5760824,1157171,43.78
5760824,1157329,94.23
5760824,1157330,116.37
5760824,1157665,54.02
5760824,1157744,52.12
5760824,1157863,74.52
5760824,1157865,69.68
5760824,1157872,71.33
5760824,1157874,71.33
5760824,1157876,71.33
5760824,1157894,46.78
5760824,1157896,4.68
5760824,1157897,54.3
5760824,1158111,65.97
5760824,1158210,108.61
5760824,1158411,33.26
5760824,1158504,145.93
5760824,1158531,151.17
5760824,1158895,77.92
5760824,1159169,80.23
5760824,1159361,29.87
5760824,1159396,49.21
5760824,1159403,44.56
5760824,1159414,31.92
5760824,1159415,29.61
5760824,1159416,29.35
5760824,1159561,77.57
5760824,1159814,65.17
5760824,1160247,69.58
5760824,1160281,62.02
5760824,1160282,48.51
5760824,1160427,265.88
5760824,1160428,276.7
5760824,1160429,249.63
5760824,1160430,276.7
5760824,1160674,70.31
5760824,1160931,40.1
5760824,1160961,39.8
5760824,1161042,44.73
5760824,1161068,57.89
5760824,1161328,38.5
5760824,1161572,57.18
5760824,1161802,68.03
5760824,1161803,52.6
5760824,1162396,54.83
5760824,1162426,15.62
5760824,1162586,52.93
5760824,1162588,47.14
5760824,1162589,35.23
5760824,1162592,86.18
5760824,1162593,61.57
5760824,1162594,82.12
5760824,1162916,34.88
5760824,1163046,72.07
5760824,1163086,135.37
5760824,1163089,39.07
5760824,1163601,125.18
5760824,1163807,37.46
5760824,1163808,45.08
5760824,1163810,47.55
5760824,1163812,51.25
5760824,1163813,52.41
5760824,1163814,69.17
5760824,1164102,197.97
5760824,1164490,65.78
5760824,1164645,239.82
5760824,1165469,58.96
5760824,1165478,121.25
5760824,1165501,60.65
5760824,1165504,24.77
5760824,1165522,57.31
5760824,1165524,60.38
5760824,1165673,29.33
5760824,1165681,25.49
5760824,1165730,98.06
5760824,1165747,44.44
5760824,1165787,87.22
5760824,1166143,38.16
5760824,1166394,99.46
5760824,1166395,76.1
5760824,1166396,86.47
5760824,1166397,83.84
5760824,1166514,49.13
5760824,1166586,88.1
5760824,1166607,134.54
5760824,1166608,122.98
5760824,1166820,71.32
5760824,1166998,59.09
5760824,1167028,96.79
5760824,1167034,112.66
5760824,1167041,43.86
5760824,1167050,81.9
5760824,1167059,23.68
5760824,1167060,23.38
5760824,1167061,78.31
5760824,1167062,76.07
5760824,1167160,205.9
5760824,1167199,62.93
5760824,1167201,97.12
5760824,1167335,164.98
5760824,1167481,77.32
5760824,1167605,83.04
5760824,1167672,83.04
5760824,1167802,25.91
5760824,1167816,38.16
5760824,1167836,38.16
5760824,1167837,140.88
5760824,1167854,52.22
5760824,1167998,111.62
5760824,1168025,58.29
5760824,1168320,101.88
5760824,1168433,122.49
5760824,1168450,40.66
5760824,1168589,83.04
5760824,1168669,38.16
5760824,1168670,38.16
5760824,1168707,38.16
5760824,1168765,83.04
5760824,1168789,77.11
5760824,1168793,80.1
5760824,1168795,108.05
5760824,1168872,46.78
5760824,1169052,42.46
5760824,1169055,38.96
5760824,1169059,66.89
5760824,1169154,38.16
5760824,1169155,38.16
5760824,1169156,38.16
5760824,1169157,38.16
5760824,1169158,38.16
5760824,1169160,38.16
5760824,1169161,38.16
5760824,1169162,38.16
5760824,1169164,38.16
5760824,1169165,38.16
5760824,1169166,38.16
5760824,1169167,38.16
5760824,1169169,47.31
5760824,1169170,47.31
5760824,1169173,56.44
5760824,1169174,83.04
5760824,1169175,83.04
5760824,1169176,83.04
5760824,1169177,83.04
5760824,1169178,83.04
5760824,1169180,83.04
5760824,1169181,83.04
5760824,1169182,83.04
5760824,1169183,83.04
5760824,1169184,83.04
5760824,1169185,83.04
5760824,1169186,83.04
5760824,1169187,83.04
5760824,1169188,83.04
5760824,1169190,94.65
5760824,1169191,103.35
5760824,1169192,85.02
5760824,1169193,114.68
5760824,1169194,172.42
5760824,1169209,140.09
5760824,1169210,113.35
5760824,1169231,90.35
5760824,1169261,25.96
5760824,1169262,27.18
5760824,1169264,33.26
5760824,1169265,45.61
5760824,1169266,43.27
5760824,1169651,32.6
5760824,1169824,61.62
5760824,1169860,27.9
5760824,1169868,27.7
5760824,1169869,28.33
5760824,1169870,31.99
5760824,1169871,29.97
5760824,1169872,38.54
5760824,1170292,40.79
5760824,1170384,49.08
5760824,1170538,68.24
5760824,1170539,75.81
5760824,1170687,34.37
5760824,1170742,35.68
5760824,1170811,108.4
5760824,1170874,23.1
5760824,1170876,23.1
5760824,1170879,23.1
5760824,1170881,23.1
5760824,1170885,63.7
5760824,1170887,45.89
5760824,1171052,25.69
5760824,1171821,96.54
5760824,1172201,30.5
5760824,1172202,30.84
5760824,1172241,31.7
5760824,1172431,66.52
5760824,1172608,49.75
5760824,1172662,53.74
5760824,1172697,24.82
5760824,1173036,50.61
5760824,1173226,45.8
5760824,1173459,79.37
5760824,1173467,33.75
5760824,1173683,29.23
5760824,1173902,80.86
5760824,1173943,26.93
5760824,1174753,45.93
5760824,1175285,32.73
5760824,1175286,46.45
5760824,1175287,73.13
5760824,1175338,103.69
5760824,1175535,74.26
5760824,1175680,88.04
5760824,1175724,121.96
5760824,1175778,33.74
5760824,1175789,73.61
5760824,1175944,33.27
5760824,1175949,17.54
5760824,1176135,38.91
5760824,1176136,43.27
5760824,1176347,40.79
5760824,1176411,84.08
5760824,1176729,86.96
5760824,1176734,28.1
5760824,1176807,78.93
5760824,1176897,43.79
5760824,1177035,38.11
5760824,1177075,227.69
5760824,1177105,49.54
5760824,1177122,58.49
5760824,1177123,31.15
5760824,1177124,35.46
5760824,1177391,59.41
5760824,1177392,72.06
5760824,1177404,40.13
5760824,1177528,63.65
5760824,1177674,350.53
5760824,1177681,118.21
5760824,1177746,59.45
5760824,1177883,81.48
5760824,1179791,33.05
5760824,1179793,46.61
5760824,1179796,85.06
5760824,1179797,27.15
5760824,1179798,65.45
5760824,1179801,70.34
5760824,1179802,70.34
5760824,1179803,70.34
5760824,1179923,49.62
5760824,1179924,41.38
5760824,1179955,26.78
5760824,1179956,35.6
5760824,1180084,85.93
5760824,1180506,37.26
5760824,1180514,97.18
5760824,1180814,81.99
5760824,1181009,60.62
5760824,1181050,85.37
5760824,1181527,66.92
5760824,1181528,66.92
5760824,1181619,38.55
5760824,1181784,66.92
5760824,1181856,67.3
5760824,1182245,79.8
5760824,1183371,115.4
5760824,1183739,47.31
5760824,1183751,47.22
5760824,1183752,46.91
5760824,1183805,104.94
5760824,1183806,104.94
5760824,1183808,110.49
5760824,1183820,102.59
5760824,1184037,108.41
5760824,1184823,1.21
5760824,1184843,61.01
5760824,1184888,60.62
5760824,1185188,52.45
5760824,1185465,48.33
5760824,1185724,173.06
5760824,1185826,130.38
5760824,1185922,90.4
5760824,1186172,94.34
5760824,1188342,46.73
5760824,1188344,34.31
5760824,1188537,105.63
5760824,1188603,31.15
5760824,1189235,31.71
5760824,1189237,45.68
5760824,1189238,27.02
5760824,1189292,89.48
5760824,1189293,89.48
5760824,1189294,89.48
5760824,1189296,30
5760824,1189297,23.97
5760824,1189298,33.79
5760824,1189299,43.58
5760824,1189318,58.04
5760824,1189347,21.55
5760824,1189395,67.25
5760824,1189396,65.45
5760824,1189400,97.46
5760824,1189404,23.57
5760824,1189409,28.94
5760824,1190404,101.55
5760824,1190465,78.81
5760824,1191280,110.49
5760824,1191379,28.58
5760824,1192176,61.33
5760824,1192323,46.46
5760824,1192324,46.13
5760824,1192325,51.39
5760824,1192326,51.44
5760824,1192327,104.94
5760824,1192328,110.49
5760824,1192331,30.2
5760824,1192338,48.67
5760824,1194196,40.98
5760824,1194381,46.2
5760824,1194621,135.37
5760824,1194894,54.64
5760824,1196362,62.08
5760824,1196365,14.82
5760824,1196627,84.99
5760824,1196645,10.21
5760824,1196682,74.37
5760824,1196750,36.07
5760824,1196912,60.8
5760824,1197418,76.34
5760824,1197579,63.02
5760824,1197722,62.32
5760824,1197726,72.29
5760824,1198290,45.51
5760824,1198291,45.51
5760824,1198292,45.51
5760824,1198621,103.97
5760824,1198780,42.28
5760824,1198862,29.15
5760824,1198984,87.16
5760824,1199773,47.5
5760824,1199787,117.42
5760824,1199789,200.69
5760824,1199800,108.4
5760824,1199903,43.32
5760824,1199980,22.55
5760824,1200254,13.04
5760824,1200299,75.64
5760824,1200418,56.44
5760824,1200588,94.73
5760824,1200846,124.55
5760824,1201046,76.23
5760824,1201457,17.2
5760824,1201481,25.59
5760824,1202532,97.54
5760824,1202625,50.43
5760824,1202626,47.31
5760824,1202644,98.06
5760824,1202853,101.33
5760824,1203044,78.66
5760824,1203333,30.84
5760824,1203405,92.63
5760824,1203456,79.69
5760824,1203458,79.33
5760824,1203597,35.05
5760824,1203719,167.5
5760824,1203897,42.48
5760824,1204036,28.35
5760824,1204261,88.52
5760824,1204262,73.71
5760824,1204263,81.58
5760824,1204320,51.14
5760824,1204734,60.3
5760824,1204907,67.54
5760824,1204909,29.26
5760824,1205162,47.08
5760824,1205367,49.13
5760824,1206016,80.01
5760824,1206116,42.75
5760824,1206120,95.3
5760824,1206169,43.15
5760824,1206170,39.46
5760824,1206354,28.62
5760824,1206355,74.11
5760824,1206520,1.21
5760824,1206567,109.67
5760824,1206676,74.34
5760824,1206683,14.4
5760824,1206707,36.66
5760824,1206708,27.69
5760824,1206810,80.95
5760824,1206881,79.25
5760824,1206948,38.49
5760824,1206955,62.76
5760824,1206969,114.46
5760824,1206971,44.03
5760824,1206972,50.66
5760824,1207013,171.33
5760824,1207014,214.82
5760824,1207028,93
5760824,1207040,63.12
5760824,1207041,30.88
5760824,1207160,132.92
5760824,1207191,74.11
5760824,1207193,97.86
5760824,1207206,65.9
5760824,1207250,93.17
5760824,1207251,118.51
5760824,1207252,160.11
5760824,1207267,76.58
5760824,1207271,42.18
5760824,1207272,49.14
5760824,1207273,48.38
5760824,1207304,24.56
5760824,1207345,21.71
5760824,1207381,57.64
5760824,1207444,54.82
5760824,1207449,61.09
5760824,1207451,59.92
5760824,1207453,60.72
5760824,1207487,36.37
5760824,1207489,41.22
5760824,1207490,40.05
5760824,1207577,25.05
5760824,1207580,66.28
5760824,1207582,67.93
5760824,1207607,132.14
5760824,1207663,84.13
5760824,1207669,40.83
5760824,1207788,10.78
5760824,1207791,79.46
5760824,1207797,63.67
5760824,1207828,56.02
5760824,1207961,75.76
5760824,1207962,76.16
5760824,1207963,41.93
5760824,1208137,48.92
5760824,1208160,121.27
5760824,1208168,75.92
5760824,1208299,32.22
5760824,1208300,59.65
5760824,1208326,144.06
5760824,1208344,43.98
5760824,1208456,100.92
5760824,1208459,59.92
5760824,1208550,98.52
5760824,1208579,72.79
5760824,1208614,77.79
5760824,1208617,246.15
5760824,1208635,32.82
5760824,1208636,28.68
5760824,1208640,79.23
5760824,1208691,106.35
5760824,1208828,58.68
5760824,1208889,89.53
5760824,1208897,80.13
5760824,1208956,44.31
5760824,1208994,75.07
5760824,1208996,68.2
5760824,1209100,1.21
5760824,1209363,34.41
5760824,1209415,101.46
5760824,1209417,118.21
5760824,1209453,134.86
5760824,1209638,109.1
5760824,1209955,90.29
5760824,1210511,65.83
5760824,1210575,104.71
5760824,1210599,51.19
5760824,1210600,35.85
5760824,1210614,18.18
5760824,1210628,45.14
5760824,1210640,126.56
5760824,1210641,39.27
5760824,1210659,68.28
5760824,1210751,83.75
5760824,1210820,64.37
5760824,1210829,76.93
5760824,1210830,36.26
5760824,1210838,41.36
5760824,1210871,68.89
5760824,1210998,56.39
5760824,1211180,38.56
5760824,1211196,95.98
5760824,1211300,47.25
5760824,1211440,62.89
5760824,1211721,26.43
5760824,1211722,26.04
5760824,1211723,38.92
5760824,1211903,48.38
5760824,1211917,45.89
5760824,1211927,230.06
5760824,1211968,53.76
5760824,1213185,43.15
5760824,1213347,48.01
5760824,1213488,80.11
5760824,1213847,74.34
5760824,1213896,38.49
5760824,1213898,38.49
5760824,1214048,37.84
5760824,1214123,84.35
5760824,1214239,107.51
5760824,1214250,254.98
5760824,1214255,230.62
5760824,1214477,41.27
5760824,1214651,44.86
5760824,1214823,41.27
5760824,1214966,85.66
5760824,1215001,32.09
5760824,1215002,34.43
5760824,1215109,90.09
5760824,1215272,54.7
5760824,1215580,45.21
5760824,1215604,33.73
5760824,1215656,88.33
5760824,1215681,77.19
5760824,1215734,104.44
5760824,1215978,60.06
5760824,1216120,110.04
5760824,1216231,32.84
5760824,1216591,91.66
5760824,1216627,23.5
5760824,1216807,97.18
5760824,1216824,1.21
5760824,1217147,77.99
5760824,1217304,30.03
5760824,1217573,68.89
5760824,1217711,54.38
5760824,1217933,152.25
5760824,1218038,78.43
5760824,1218114,57.03
5760824,1218145,77.19
5760824,1218198,114.68
5760824,1218262,74.59
5760824,1218269,46.75
5760824,1218555,52.88
5760824,1218835,71.01
5760824,1218860,69
5760824,1218896,55.02
5760824,1218938,109.66
5760824,1219128,230.62
5760824,1219675,55.4
5760824,1219736,136.67
5760824,1220552,60.03
5760824,1220723,25.96
5760824,1220796,73.53
5760824,1221085,171.53
5760824,1221316,65.83
5760824,1221782,42.86
5760824,1222223,53.27
5760824,1222477,6.37
5760824,1222492,53.35
5760824,1222635,41.56
5760824,1223342,58.78
5760824,1223350,69.83
5760824,1223384,105.17
5760824,1223390,75.73
5760824,1223564,62.41
5760824,1224222,49.84
5760824,1224450,61.67
5760824,1225248,103.28
5760824,1225450,92.51
5760824,1225646,53.47
5760824,1225710,118.93
5760824,1226068,53.94
5760824,1226191,159.84
5760824,1226217,1.21
5760824,1226683,102.06
5760824,1226687,78.77
5760824,1226689,103.36
5760824,1226694,97.26
5760824,1226696,103.99
5760824,1226699,72.73
5760824,1226700,78.36
5760824,1226989,114.9
5760824,1227049,61.56
5760824,1227654,79.06
5760824,1227784,35.11
5760824,1227838,83.25
5760824,1227859,68.64
5760824,1227992,77.06
5760824,1228201,47.55
5760824,1228379,177.03
5760824,1228436,59.53
5760824,1228636,75.7
5760824,1228700,66.44
5760824,1228974,63.68
5760824,1229006,71.9
5760824,1229163,63.89
5760824,1229222,148.58
5760824,1229519,93.76
5760824,1229763,30.27
5760824,1229969,32.47
5760824,1229982,114.38
5760824,1230272,111.62
5760824,1230754,167.5
5760824,1230834,29.51
5760824,1230839,99.7
5760824,1230936,37.04
5760824,1230962,31.03
5760824,1230970,57.1
5760824,1231037,167.5
5760824,1231086,64.5
5760824,1231119,83.93
5760824,1231197,42.25
5760824,1231225,36.96
5760824,1231257,36.35
5760824,1231329,48.48
5760824,1231364,62.1
5760824,1231399,31.79
5760824,1231521,43.37
5760824,1231701,55.44
5760824,1231737,33.05
5760824,1231799,93.42
5760824,1231899,98.58
5760824,1232016,51.41
5760824,1232142,119.54
5760824,1232169,28.23
5760824,1232451,42.9
5760824,1232532,45.66
5760824,1232554,74.99
5760824,1232562,29.56
5760824,1232672,44.04
5760824,1232896,60.85
5760824,1233016,32.79
5760824,1233026,102.35
5760824,1233153,143.3
5760824,1233272,28.28
5760824,1233395,34.17
5760824,1233396,41.27
5760824,1233397,41.13
5760824,1233398,34.48
5760824,1233399,43.09
5760824,1233400,59.36
5760824,1233401,30.26
5760824,1233403,47.48
5760824,1233404,61.23
5760824,1233407,55.74
5760824,1233408,110.62
5760824,1233805,122.64
5760824,1233823,79.1
5760824,1233833,70.08
5760824,1233900,254.98
5760824,1233955,42.16
5760824,1233982,97.42
5760824,1234113,26.33
5760824,1234116,27.64
5760824,1234125,31.06
5760824,1234326,31.75
5760824,1234881,49.03
5760824,1234884,117.25
5760824,1235018,34.75
5760824,1235121,52
5760824,1235265,69.87
5760824,1235875,83.02
5760824,1235886,49.79
5760824,1236025,29.67
5760824,1236150,45.78
5760824,1236151,30.84
5760824,1236283,29.8
5760824,1236351,50.27
5760824,1236384,75.63
5760824,1236432,75.46
5760824,1236626,56.82
5760824,1237249,59.66
5760824,1237255,44.42
5760824,1237284,79.88
5760824,1237420,41.21
5760824,1237811,101.04
5760824,1237868,167.5
5760824,1237939,62.23
5760824,1237954,48.13
5760824,1238016,43.22
5760824,1238079,46.07
5760824,1238210,37.29
5760824,1238572,101.23
5760824,1238619,158.57
5760824,1238624,19.65
5760824,1238821,117.42
5760824,1239237,31.84
5760824,1239734,73.55
5760824,1239758,38.49
5760824,1239820,88.72
5760824,1239870,18.23
5760824,1240070,57.57
5760824,1240076,39.7
5760824,1240471,45.2
5760824,1240480,52.32
5760824,1240665,53.44
5760824,1240934,35.29
5760824,1240935,38.22
5760824,1240937,35.14
5760824,1241028,65.64
5760824,1241177,42.18
5760824,1241192,45.14
5760824,1241430,106.03
5760824,1241489,38.73
5760824,1241495,48.67
5760824,1241496,48.67
5760824,1241497,23.93
5760824,1241499,53.35
5760824,1241532,59.91
5760824,1241620,63.23
5760824,1241733,54.73
5760824,1241766,83.75
5760824,1241937,84.74
5760824,1241938,71.18
5760824,1241984,79.84
5760824,1242344,18
5760824,1242388,116.4
5760824,1242432,89.75
5760824,1243086,52.25
5760824,1243113,59
5760824,1243129,66.28
5760824,1243222,29.22
5760824,1243294,96.11
5760824,1243660,110.56
5760824,1243704,34.81
5760824,1243825,63.23
5760824,1243969,115.32
5760824,1244146,50.97
5760824,1244225,109.1
5760824,1244261,68.85
5760824,1244262,68.85
5760824,1244263,68.85
5760824,1244264,68.85
5760824,1244450,67.12
5760824,1244503,116.72
5760824,1244725,67.36
5760824,1244778,62
5760824,1244800,28.64
5760824,1244908,88.64
5760824,1245039,58.44
5760824,1245105,42.8
5760824,1245162,67.12
5760824,1245218,34.2
5760824,1245220,26.67
5760824,1245221,32.35
5760824,1245232,67.73
5760824,1245316,70.05
5760824,1245429,98.8
5760824,1245567,30.02
5760824,1246222,37.17
5760824,1246278,82.02
5760824,1246402,49.84
5760824,1246429,52.74
5760824,1246521,115.13
5760824,1247427,89.77
5760824,1247509,49.9
5760824,1247512,27.47
5760824,1247565,52.12
5760824,1247712,115.02
5760824,1247743,71.29
5760824,1247762,32.88
5760824,1247763,36.34
5760824,1247930,103.71
5760824,1248032,72.67
5760824,1248076,30.35
5760824,1248224,1.21
5760824,1248262,76.85
5760824,1248321,54.08
5760824,1248453,79.84
5760824,1248480,49.02
5760824,1248764,88.53
5760824,1248799,69.91
5760824,1248955,102.36
5760824,1249975,29.28
5760824,1250758,74.34
5760824,1250798,48.34
5760824,1250868,20.68
5760824,1251096,72.9
5760824,1251267,100.58
5760824,1251288,106.41
5760824,1251343,64.42
5760824,1251611,69.02
5760824,1251613,76.85
5760824,1251614,97.11
5760824,1251615,74.11
5760824,1251616,74.11
5760824,1251617,74.11
5760824,1251625,69.42
5760824,1251851,69.02
5760824,1251971,81.39
5760824,1252235,69.02
5760824,1252237,97.11
5760824,1252348,52.65
5760824,1253475,71.65
5760824,1253560,65.9
5760824,1253732,35.2
5760824,1253749,75.38
5760824,1253814,54.2
5760824,1254403,43.98
5760824,1254516,84.71
5760824,1254646,65.13
5760824,1254721,95.1
5760824,1254780,36.5
5760824,1254791,63.2
5760824,1254794,65.95
5760824,1254800,73.63
5760824,1254813,116.46
5760824,1254928,100.17
5760824,1254933,66.6
5760824,1254934,44.46
5760824,1254940,43.7
5760824,1254947,73.47
5760824,1254948,51.53
5760824,1254951,43.88
5760824,1254953,37.15
5760824,1254967,47.86
5760824,1254968,54.89
5760824,1254970,54.64
5760824,1254986,32.56
5760824,1254989,46.09
5760824,1254992,40.71
5760824,1255178,52.31
5760824,1255210,32.66
5760824,1255449,47
5760824,1255450,35.97
5760824,1256035,60.8
5760824,1256082,107.33
5760824,1256096,69.02
5760824,1256321,70.13
5760824,1256364,78.94
5760824,1256447,55.92
5760824,1256900,57.61
5760824,1257025,98.24
5760824,1257046,128.73
5760824,1257139,61.43
5760824,1257256,164.04
5760824,1257268,29.76
5760824,1257387,17.11
5760824,1257704,82.94
5760824,1257764,39.34
5760824,1258149,106.94
5760824,1258258,111.38
5760824,1258414,6.08
5760824,1258438,79.1
5760824,1259067,70.23
5760824,1259338,87.99
5760824,1259353,128.61
5760824,1259428,70.67
5760824,1259588,67.54
5760824,1259828,65.45
5760824,1259929,63.93
5760824,1260001,56.09
5760824,1260002,55.59
5760824,1260922,49.72
5760824,1261014,57.9
5760824,1261122,83.83
5760824,1261124,87.48
5760824,1261377,71.12
5760824,1261823,87.84
5760824,1261893,75.08
5760824,1261931,75.08
5760824,1261934,77.29
5760824,1261970,84.82
5760824,1262418,57.03
5760824,1262488,75.38
5760824,1262490,121.96
5760824,1262608,100.04
5760824,1263222,114.81
5760824,1263291,155.45
5760824,1263333,47.56
5760824,1263352,73.64
5760824,1263371,89.48
5760824,1263473,57.03
5760824,1263760,78.11
5760824,1264001,40.3
5760824,1264327,6.08
5760824,1264419,33.26
5760824,1264710,70.24
5760824,1264711,70.24
5760824,1265102,70.24
5760824,1265103,70.24
5760824,1265127,140.14
5760824,1265154,49.37
5760824,1265155,49.39
5760824,1265161,32.1
5760824,1265273,112.77
5760824,1265883,104.02
5760824,1265884,78.99
5760824,1266335,62.37
5760824,1266336,71.88
5760824,1266445,86.1
5760824,1266684,115.5
5760824,1266735,44.56
5760824,1266746,66.6
5760824,1266890,38.3
5760824,1267034,70.67
5760824,1267097,56.89
5760824,1267120,40.07
5760824,1267147,29.22
5760824,1267215,69.02
5760824,1267241,54.88
5760824,1267422,42.9
5760824,1267886,65.07
5760824,1267905,37.75
5760824,1268100,65.15
5760824,1268101,65.15
5760824,1268104,57.03
5760824,1268105,57.03
5760824,1268108,42.43
5760824,1268109,57.03
5760824,1268153,29.22
5760824,1268154,28.26
5760824,1268246,77.53
5760824,1268728,39.96
5760824,1268908,66.91
5760824,1269196,84.28
5760824,1269198,118.2
5760824,1269199,66.9
5760824,1269200,104.49
5760824,1269201,107.02
5760824,1269203,49.1
5760824,1269204,112.88
5760824,1269205,73.77
5760824,1269206,118.15
5760824,1269207,57.86
5760824,1269209,56.98
5760824,1269211,56.96
5760824,1269212,118.95
5760824,1269213,62.42
5760824,1269214,62.58
5760824,1269215,107.02
5760824,1269219,39.42
5760824,1269220,85.31
5760824,1269222,37.37
5760824,1269225,90.56
5760824,1269299,96.73
5760824,1269720,75.99
5760824,1269721,36.15
5760824,1269885,54.3
5760824,1270102,69.02
5760824,1270104,54.44
5760824,1270125,84.57
5760824,1270265,98.07
5760824,1270354,61.32
5760824,1270409,32.47
5760824,1270535,32.17
5760824,1270679,86.1
5760824,1270836,56.09
5760824,1270841,57.38
5760824,1271123,41.96
5760824,1271202,89.8
5760824,1271530,51.85
5760824,1271718,24.51
5760824,1272033,128.87
5760824,1272123,86.1
5760824,1272124,89.75
5760824,1272417,70.13
5760824,1272454,98.86
5760824,1272466,169.97
5760824,1272467,159.66
5760824,1272522,106.45
5760824,1272554,46.78
5760824,1272555,54.3
5760824,1272556,54.3
5760824,1272558,76.67
5760824,1272559,68.85
5760824,1272560,68.85
5760824,1272561,68.85
5760824,1272562,48.67
5760824,1272648,59.6
5760824,1272720,57.3
5760824,1272808,62.84
5760824,1272964,40.19
5760824,1273073,73.49
5760824,1273089,98.86
5760824,1273093,98.86
5760824,1273107,43.28
5760824,1273341,71.44
5760824,1273440,62.06
5760824,1273524,69.02
5760824,1273698,74.11
5760824,1273898,19.15
5760824,1273899,17.94
5760824,1273900,18.57
5760824,1273901,18.38
5760824,1273902,18.11
5760824,1274253,16.35
5760824,1274276,87.12
5760824,1274543,48.98
5760824,1274793,56.02
5760824,1275077,61.7
5760824,1275279,62.53
5760824,1275399,72.14
5760824,1275628,75.4
5760824,1275630,103.48
5760824,1275887,65.64
5760824,1276002,86.51
5760824,1276351,38.3
5760824,1276352,38.3
5760824,1276353,34.65
5760824,1276727,81.8
5760824,1276728,93.18
5760824,1276729,91.72
5760824,1278471,35.4
5760824,1278711,117.01
5760824,1278814,38.19
5760824,1278966,59.41
5760824,1279016,51.26
5760824,1279017,51.26
5760824,1279208,30.17
5760824,1280408,86.29
5760824,1280517,27.23
5760824,1281597,89.75
5760824,1282187,91.66
5760824,1282371,74.11
5760824,1282757,66.55
5760824,1282899,49.84
5760824,1282906,164.04
5760824,1283001,77.93
5760824,1283015,38.76
5760824,1283429,42.43
5760824,1283511,52.14
5760824,1283715,63.56
5760824,1283776,23.3
5760824,1283981,86.29
5760824,1284060,35.62
5760824,1284061,164.04
5760824,1284062,89.81
5760824,1284238,50.75
5760824,1284287,44.65
5760824,1284496,49.84
5760824,1284961,54.39
5760824,1285114,51.68
5760824,1285115,56.34
5760824,1285119,36.9
5760824,1285144,83.98
5760824,1285161,41.52
5760824,1285162,46.79
5760824,1285282,81.83
5760824,1285805,72.83
5760824,1286676,33.74
5760824,1287162,66.06
5760824,1287305,122.66
5760824,1287317,80.76
5760824,1287319,21.86
5760824,1287508,127.9
5760824,1287822,120.39
5760824,1288521,90.77
5760824,1289079,28.54
5760824,1289080,57.03
5760824,1289387,69.23
5760824,1289469,91.87
5760824,1290066,58.2
5760824,1290099,30.2
5760824,1290561,50.94
5760824,1290577,19.1
5760824,1290842,34.99
5760824,1290849,29.26
5760824,1290852,48.16
5760824,1291081,45.8
5760824,1291396,79.67
5760824,1291397,81.83
5760824,1291517,64.61
5760824,1291672,182.98
5760824,1291687,304.89
5760824,1291742,48.21
5760824,1292084,53.21
5760824,1292626,108.61
5760824,1292867,25.56
5760824,1293052,42.43
5760824,1293300,38.28
5760824,1293424,67.35
5760824,1293793,25.73
5760824,1293796,25.26
5760824,1293816,21.77
5760824,1293850,160.46
5760824,1293878,27.4
5760824,1294229,86.29
5760824,1294287,79.8
5760824,1294639,67.53
5760824,1295627,58.91
5760824,1295723,286.95
5760824,1295991,20.49
5760824,1296036,42.43
5760824,1296119,46.65
5760824,1296122,48.94
5760824,1296384,69.02
5760824,1296486,27.65
5760824,1296497,54.09
5760824,1296717,79.8
5760824,1296805,53.8
5760824,1297870,14.82
5760824,1297871,14
5760824,1298195,33
5760824,1298216,81.99
5760824,1298982,27.8
5760824,1299292,33.9
5760824,1299438,25.52
5760824,1299635,50.57
5760824,1300064,60.65
5760824,1300245,52.24
5760824,1300247,53.93
5760824,1300648,13.88
5760824,1301058,163.13
5760824,1301189,44.61
5760824,1302074,50.17
5760824,1302244,47.79
5760824,1302261,42.61
5760824,1302323,78.11
5760824,1302385,50.57
5760824,1302573,93.34
5760824,1303246,38.98
5760824,1303268,83.04
5760824,1303449,94.94
5760824,1303473,83.68
5760824,1303622,59
5760824,1303623,62.43
5760824,1303628,95.41
5760824,1303808,64.46
5760824,1303964,50.17
5760824,1304110,42.42
5760824,1304271,6.89
5760824,1304573,117.17
5760824,1304700,146.83
5760824,1304766,82.84
5760824,1304853,74.58
5760824,1304972,60.13
5760824,1305085,90.75
5760824,1305300,52.77
5760824,1305384,55.72
5760824,1305414,52.24
5760824,1305596,55.72
5760824,1305791,56.57
5760824,1305792,37.03
5760824,1305805,159.69
5760824,1305826,55.72
5760824,1305841,79.71
5760824,1305845,50.57
5760824,1305991,50.55
5760824,1306001,55.72
5760824,1306059,48.2
5760824,1306162,55.72
5760824,1306360,36.8
5760824,1306503,70.12
5760824,1306506,59.21
5760824,1306511,30.48
5760824,1306705,62.96
5760824,1306728,36.75
5760824,1306743,31.87
5760824,1306770,45.5
5760824,1306774,69.81
5760824,1307122,58.67
5760824,1307705,6.89
5760824,1307706,6.89
5760824,1307761,93.34
5760824,1307901,49.84
5760824,1308055,106.28
5760824,1308153,128.54
5760824,1308161,88.27
5760824,1308166,34.52
5760824,1308186,77.54
5760824,1308190,78.31
5760824,1308225,56.96
5760824,1308417,69.36
5760824,1308598,35.67
5760824,1308855,117.42
5760824,1309356,48.74
5760824,1309848,79.8
5760824,1309937,55.72
5760824,1310288,164.04
5760824,1310705,55.72
5760824,1311627,58.15
5760824,1311918,22.5
5760824,1312213,35.4
5760824,1312386,51.85
5760824,1312600,242
5760824,1312651,103.48
5760824,1312786,55.72
5760824,1312872,55.72
5760824,1312914,62.06
5760824,1312939,110.28
5760824,1313161,50.4
5760824,1313390,53.72
5760824,1313393,88.46
5760824,1313584,100.26
5760824,1313976,39.9
5760824,1314062,37.93
5760824,1314063,35.14
5760824,1314260,19.3
5760824,1314565,56.08
5760824,1314682,39.28
5760824,1314936,39.78
5760824,1315055,38.38
5760824,1315235,126.93
5760824,1315302,79.8
5760824,1315529,69
5760824,1315612,39.62
5760824,1315710,100.18
5760824,1315822,51.66
5760824,1315858,67.2
5760824,1315984,43.13
5760824,1316141,139.96
5760824,1317123,29.87
5760824,1317124,29.87
5760824,1317125,29.87
5760824,1317126,29.87
5760824,1317127,29.87
5760824,1317128,29.87
5760824,1317129,29.87
5760824,1317643,33.43
5760824,1317668,112.02
5760824,1317670,105.8
5760824,1317674,142.24
5760824,1318235,68.85
5760824,1318538,30.02
5760824,1319171,77
5760824,1319522,117.56
5760824,1319523,128.69
5760824,1319524,140.78
5760824,1319525,157.54
5760824,1319816,31.93
5760824,1319847,90.97
5760824,1319850,82.72
5760824,1319982,34.16
5760824,1320131,80.92
5760824,1320672,39.1
5760824,1320798,29.22
5760824,1320881,57.38
5760824,1320991,107.16
5760824,1321151,24.37
5760824,1321164,92.63
5760824,1321245,79.05
5760824,1321430,56.14
5760824,1321510,74.36
5760824,1321786,128.63
5760824,1322125,72.38
5760824,1322193,21.79
5760824,1322601,75.24
5760824,1322689,92.01
5760824,1323600,64.66
5760824,1323990,174.98
5760824,1323993,44.62
5760824,1323996,55.51
5760824,1324264,209.49
5760824,1324265,82.12
5760824,1324436,96.54
5760824,1324473,188.35
5760824,1324639,75.16
5760824,1325710,47.15
5760824,1326034,169.64
5760824,1326073,94.62
5760824,1326208,32.23
5760824,1326382,62.46
5760824,1326447,52.88
5760824,1326661,46.36
5760824,1326970,71.06
5760824,1328062,54.66
5760824,1328351,54.8
5760824,1328839,92.81
5760824,1328849,41.22
5760824,1328961,80.88
5760824,1328963,41.48
5760824,1329062,85.29
5760824,1329139,112.99
5760824,1329212,87.22
5760824,1329723,64.42
5760824,1330428,56.94
5760824,1330876,34.73
5760824,1330879,48
5760824,1331071,95.21
5760824,1331159,33.34
5760824,1331465,61.02
5760824,1331497,124.66
5760824,1331620,85.37
5760824,1331701,55.26
5760824,1331910,62.5
5760824,1331996,89.74
5760824,1332228,165.92
5760824,1332304,62.5
5760824,1332409,50.92
5760824,1332626,75.07
5760824,1332637,97.23
5760824,1332717,75.92
5760824,1333996,68.62
5760824,1334089,88.74
5760824,1335401,26.98
5760824,1335527,125.69
5760824,1335778,52.82
5760824,1335914,71.1
5760824,1335990,46.25
5760824,1335996,54.47
5760824,1335997,49.85
5760824,1335999,79.3
5760824,1336001,95.69
5760824,1336011,87.97
5760824,1337056,50.08
5760824,1337298,44.21
5760824,1337301,56.64
5760824,1337369,39.89
5760824,1337994,20.04
5760824,1338141,34.73
5760824,1338442,94.1
5760824,1338524,24.04
5760824,1339371,53.83
5760824,1339499,83.93
5760824,1339559,89.06
5760824,1339730,43.89
5760824,1339866,164.66
5760824,1340498,33.61
5760824,1340621,125.05
5760824,1340967,71.9
5760824,1341001,78.01
5760824,1341146,36.35
5760824,1341308,95.6
5760824,1341336,36.96
5760824,1341371,26.49
5760824,1341446,50.49
5760824,1342153,51.21
5760824,1342335,25.73
5760824,1342337,25.52
5760824,1342373,110.28
5760824,1342521,53.9
5760824,1342651,35.65
5760824,1342847,32.98
5760824,1343148,111.33
5760824,1343208,75.47
5760824,1343211,125.05
5760824,1343212,139.96
5760824,1343214,147.75
5760824,1343215,135.01
5760824,1343216,216.3
5760824,1343574,98.73
5760824,1343669,34.09
5760824,1343688,40.85
5760824,1344855,50.78
5760824,1345102,122.49
5760824,1345141,60.8
5760824,1345301,53.41
5760824,1345673,102.62
5760824,1345687,25.67
5760824,1345825,117.42
5760824,1345844,63.93
5760824,1345935,20.14
5760824,1346032,36.66
5760824,1346577,28.14
5760824,1346592,61.6
5760824,1346744,24.41
5760824,1346786,77.57
5760824,1347137,53.9
5760824,1347174,111.96
5760824,1347405,110.43
5760824,1348099,17.68
5760824,1350383,51.44
5760824,1350384,55.32
5760824,1350485,31.71
5760824,1350833,49.33
5760824,1350838,87.16
5760824,1350905,49.75
5760824,1351221,117.73
5760824,1351644,70.31
5760824,1351713,87.16
5760824,1351714,76.35
5760824,1351715,76.35
5760824,1351716,66.53
5760824,1351717,72.75
5760824,1351718,69.79
5760824,1351809,40.03
5760824,1351833,40.69
5760824,1353025,103
5760824,1353027,92.5
5760824,1353281,33.98
5760824,1353303,51.67
5760824,1353550,56.59
5760824,1353568,100.99
5760824,1353569,135.37
5760824,1353586,41.17
5760824,1353604,50.88
5760824,1353620,79.35
5760824,1353854,38.72
5760824,1353855,30.31
5760824,1353858,34.1
5760824,1354519,76.34
5760824,1354749,114.88
5760824,1354829,29.78
5760824,1355111,51.47
5760824,1355215,92.76
5760824,1355345,54.85
5760824,1355346,54.85
5760824,1355347,54.85
5760824,1355348,54.85
5760824,1355841,33.34
5760824,1356392,47.56
5760824,1356393,46.24
5760824,1356856,57.85
5760824,1357591,98.09
5760824,1357650,56.59
5760824,1357850,150.56
5760824,1358163,254.04
5760824,1358274,37.28
5760824,1358427,63.79
5760824,1358486,32.68
5760824,1358716,154.12
5760824,1359399,70.34
5760824,1359605,44.95
5760824,1359703,90.18
5760824,1359708,63.66
5760824,1360138,1.21
5760824,1360313,66.09
5760824,1360316,102.3
5760824,1360461,45.49
5760824,1361576,53.21
5760824,1361585,76.23
5760824,1362093,42.87
5760824,1362094,40.57
5760824,1362095,45.59
5760824,1362391,92.63
5760824,1362434,42.96
5760824,1362837,55.72
5760824,1362838,50.75
5760824,1363439,51.62
5760824,1363817,85.33
5760824,1363857,26.44
5760824,1363885,46.91
5760824,1364033,35.93
5760824,1364450,54.94
5760824,1365051,53.21
5760824,1365293,42.96
5760824,1365671,19.89
5760824,1366511,86.74
5760824,1367358,44.9
5760824,1369497,44.1
5760824,1369982,127.13
5760824,1370434,53.74
5760824,1370444,27.69
5760824,1370531,57.21
5760824,1370929,80.96
5760824,1371260,66.15
5760824,1371939,52.9
5760824,1372085,26.73
5760824,1372131,41.09
5760824,1372684,44.92
5760824,1373296,112.73
5760824,1373337,73.57
5760824,1373362,65.56
5760824,1374463,57.84
5760824,1374953,62.72
5760824,1375903,57.34
5760824,1376416,36.4
5760824,1378036,77.48
5760824,1379017,58.33
5760824,1379027,51.56
5760824,1379368,64.99
5760824,1379557,1.21
5760824,1379939,90.93
5760824,1380907,150.5
5760824,1382240,1.21
5760824,1382252,86.94
5760824,1382257,69.02
5760824,1383070,54.4
5760824,1383531,48.01
5760824,1383716,1.21
5760824,1383740,66.07
5760824,1383782,51.83
5760824,1384203,75.35
5760824,1385417,67.41
5760824,1385731,48.2
5760824,1386959,45.49
5760824,1388032,41.26
5760824,1388033,50.63
5760824,1389355,39.16
5760824,1390118,55.19
5760824,1390359,85.01
5760824,1390795,28.47
5760824,1392597,7.03
5760824,1392649,50.47
5760824,1393299,75.79
5760824,1393340,68.69
5760824,1393447,56.01
5760824,1394485,82.84
5760824,1394488,51.21
5760824,1394489,80.92
5760824,1394504,69.35
5760824,1394674,60.67
5760824,1394709,40.88
5760824,1394710,40.88
5760824,1394711,40.88
5760824,1394712,46.66
5760824,1396190,7.03
5760824,1396898,55.24
5760824,1397577,45.37
5760824,1403010,30.81
5760824,1000149,36.95
5760824,1000150,34.92
5760824,1000152,45.99
5760824,1000153,41.54
5760824,1000154,43.3
5760824,1000156,31.64
5760824,1000157,38.08
5760824,1001729,36.65
5760824,1001730,48.45
5760824,1001756,36.65
5760824,1001786,47.94
5760824,1001804,2.13
5760824,1001814,39.85
5760824,1002012,33.62
5760824,1002017,43.51
5760824,1002019,43.3
5760824,1002053,64.53
5760824,1002063,4.08
5760824,1002080,4.41
5760824,1002499,25.06
5760824,1002513,34.47
5760824,1003071,50.76
5760824,1003110,25.09
5760824,1003111,38.43
5760824,1003112,47.71
5760824,1003121,36.56
5760824,1003172,58.93
5760824,1003191,30.67
5760824,1003235,3.82
5760824,1003236,36.01
5760824,1003277,57.65
5760824,1003300,4.8
5760824,1003401,3.11
5760824,1003473,40.49
5760824,1003486,4.33
5760824,1003490,48.36
5760824,1003491,54.71
5760824,1003497,34.41
5760824,1003499,48.27
5760824,1003500,42.51
5760824,1003517,2.13
5760824,1004311,7.92
5760824,1004313,16.82
5760824,1004316,1.49
5760824,1004319,60.88
5760824,1004702,4.12
5760824,1004778,50.01
5760824,1005242,8.15
5760824,1006233,4.15
5760824,1006265,110.68
5760824,1006320,61.89
5760824,1007263,75.63
5760824,1007461,4.12
5760824,1007758,35.35
5760824,1007770,35.35
5760824,1007771,35.35
5760824,1007774,35.35
5760824,1007776,0.01
5760824,1008382,2.66
5760824,1008421,24.29
5760824,1008609,133.41
5760824,1008620,65.83
5760824,1008800,42.48
5760824,1008801,42.48
5760824,1008802,42.48
5760824,1009556,15.81
5760824,1009910,44.4
5760824,1010199,133.42
5760824,1010698,56.15
5760824,1010708,50.53
5760824,1010709,48.01
5760824,1010718,34.07
5760824,1010890,85.49
5760824,1010946,135.83
5760824,1010953,75.42
5760824,1010981,97.7
5760824,1010991,66.37
5760824,1011020,112.27
5760824,1011072,81.7
5760824,1011073,97.7
5760824,1011074,112.27
5760824,1011078,48.74
5760824,1011079,37.61
5760824,1011086,48.12
5760824,1011177,43.26
5760824,1011204,97.7
5760824,1011282,112.27
5760824,1011397,95.98
5760824,1011469,97.38
5760824,1011928,87.56
5760824,1011979,84.74
5760824,1012343,56.24
5760824,1012421,18.41
5760824,1012986,102.92
5760824,1012987,79.33
5760824,1012991,126.01
5760824,1013037,92.15
5760824,1013073,66.94
5760824,1013087,117.37
5760824,1013090,86.21
5760824,1013133,108.75
5760824,1013210,2.13
5760824,1013212,95.57
5760824,1013216,87.48
5760824,1013251,87.84
5760824,1013273,81.19
5760824,1013412,45.54
5760824,1013416,57.59
5760824,1013478,1.47
5760824,1013494,41.13
5760824,1013495,33.97
5760824,1013496,35.81
5760824,1013514,45.78
5760824,1013532,93.72
5760824,1013542,111.66
5760824,1013546,76.76
5760824,1013550,61.92
5760824,1013558,41.93
5760824,1013576,64.93
5760824,1013588,45.9
5760824,1013591,109.82
5760824,1013593,197.34
5760824,1013594,0.98
5760824,1013607,45.84
5760824,1013610,47.43
5760824,1013626,66.15
5760824,1013627,57.7
5760824,1013629,71.44
5760824,1013630,64.42
5760824,1013634,48.84
5760824,1013645,160.7
5760824,1013647,0.95
5760824,1013650,173.29
5760824,1013651,53.09
5760824,1013653,72.25
5760824,1013656,67.72
5760824,1013659,74.7
5760824,1013661,86.06
5760824,1013665,62.72
5760824,1013678,82.82
5760824,1013684,93.59
5760824,1013690,54.21
5760824,1013691,63.42
5760824,1013696,117.17
5760824,1013698,74.69
5760824,1013699,100.22
5760824,1013700,53.96
5760824,1013702,1.8
5760824,1013709,93.64
5760824,1013715,149.01
5760824,1013716,81.19
5760824,1013726,87.53
5760824,1013733,37.25
5760824,1013744,71.93
5760824,1013745,74.65
5760824,1013746,52.9
5760824,1013747,83.9
5760824,1013748,132.78
5760824,1013749,96.83
5760824,1013751,57.83
5760824,1013752,83.39
5760824,1013753,100.87
5760824,1013754,52.9
5760824,1013755,67.44
5760824,1013854,1.39
5760824,1013855,1.55
5760824,1013871,51.07
5760824,1013984,150.78
5760824,1013986,78.11
5760824,1013987,74.57
5760824,1013996,46.57
5760824,1014049,100.09
5760824,1014083,36.57
5760824,1014134,136.56
5760824,1014148,38.69
5760824,1014160,53.14
5760824,1014164,73.57
5760824,1014165,50.04
5760824,1014172,67.28
5760824,1014173,68.84
5760824,1014177,91.18
5760824,1014179,75.19
5760824,1014180,53.91
5760824,1014266,81.59
5760824,1014268,81.59
5760824,1014278,81.59
5760824,1014280,81.59
5760824,1014285,81.59
5760824,1014287,81.59
5760824,1014289,25.77
5760824,1014294,28.91
5760824,1014297,201.3
5760824,1014300,72.69
5760824,1014305,65.76
5760824,1014306,62.78
5760824,1014307,81.59
5760824,1014308,147.95
5760824,1014309,189.5
5760824,1014311,84.99
5760824,1014312,81.59
5760824,1014320,81.59
5760824,1014331,56.53
5760824,1014348,81.59
5760824,1014360,168.1
5760824,1014478,201.3
5760824,1014479,35.39
5760824,1014480,40.3
5760824,1014481,38.49
5760824,1014484,24.52
5760824,1014490,33.17
5760824,1014491,33.17
5760824,1014495,28.34
5760824,1014498,34.69
5760824,1014499,46.19
5760824,1014500,40.38
5760824,1014501,37.36
5760824,1014502,39.97
5760824,1014505,72.34
5760824,1014525,191.07
5760824,1014527,191.07
5760824,1014531,146.33
5760824,1014533,146.33
5760824,1014537,146.73
5760824,1014547,119.76
5760824,1014549,67.52
5760824,1014550,90.91
5760824,1014553,99.16
5760824,1014554,100.8
5760824,1014555,104.46
5760824,1014557,111.87
5760824,1014559,107.92
5760824,1014610,56.88
5760824,1014694,46.28
5760824,1014696,58.97
5760824,1014773,227.84
5760824,1014784,80.3
5760824,1014785,92.66
5760824,1014786,90.29
5760824,1014790,104.75
5760824,1014810,77.39
5760824,1014858,54.25
5760824,1014859,39.6
5760824,1014879,66.82
5760824,1014883,28.57
5760824,1014884,571.54
5760824,1014959,112.84
5760824,1015010,154.73
5760824,1015164,29.31
5760824,1015167,36.96
5760824,1015168,58.49
5760824,1015169,65.15
5760824,1015170,77.02
5760824,1015172,37.61
5760824,1015234,42.36
5760824,1015335,43.03
5760824,1015440,84.05
5760824,1015802,31.58
5760824,1016716,52.91
5760824,1016850,4.62
5760824,1016927,60.7
5760824,1016950,93.58
5760824,1016952,38.19
5760824,1016990,105.41
5760824,1017048,70.2
5760824,1017049,44.45
5760824,1017050,78.49
5760824,1017068,67.05
5760824,1017159,88.58
5760824,1017172,89.23
5760824,1017212,114.34
5760824,1017220,96.16
5760824,1017273,54.85
5760824,1017302,57.23
5760824,1017313,93.71
5760824,1017314,49.81
5760824,1017318,55.01
5760824,1017324,30.06
5760824,1017331,54.85
5760824,1017332,20.94
5760824,1017355,78.49
5760824,1017392,70.2
5760824,1017395,55.94
5760824,1017398,49
5760824,1017401,70.2
5760824,1017414,67.05
5760824,1017428,25.93
5760824,1017429,18.86
5760824,1017430,41.57
5760824,1017431,33.43
5760824,1017434,25.93
5760824,1017452,89.84
5760824,1017485,55.79
5760824,1017486,58.23
5760824,1017487,58.23
5760824,1017488,86.93
5760824,1017489,89.89
5760824,1017490,89.89
5760824,1017491,103.56
5760824,1017492,107.03
5760824,1017493,107.03
5760824,1017494,105.37
5760824,1017495,102.03
5760824,1017496,102.03
5760824,1017497,51.26
5760824,1017498,54.04
5760824,1017499,53.27
5760824,1017500,53.97
5760824,1017504,63.94
5760824,1017508,63.59
5760824,1017511,49.51
5760824,1017514,51.27
5760824,1017517,53.55
5760824,1017520,80.84
5760824,1017522,96.12
5760824,1017523,99.34
5760824,1017525,73.75
5760824,1017556,30.06
5760824,1017560,55.02
5760824,1017561,55.01
5760824,1017563,49.63
5760824,1017592,60.7
5760824,1017593,93.57
5760824,1017594,89.23
5760824,1017595,105.41
5760824,1017675,41.6
5760824,1017676,31.43
5760824,1017683,48.75
5760824,1017695,107.25
5760824,1017768,79.22
5760824,1017769,86.86
5760824,1017773,94.97
5760824,1017783,129.47
5760824,1017802,43.1
5760824,1017841,60.19
5760824,1017874,51.06
5760824,1017888,25.87
5760824,1017889,74.81
5760824,1017890,37.72
5760824,1017895,38.36
5760824,1017901,100.1
5760824,1017909,75.1
5760824,1017910,124.32
5760824,1017911,124.32
5760824,1017912,124.32
5760824,1017913,44.22
5760824,1017914,44.22
5760824,1017915,44.22
5760824,1017917,68.89
5760824,1017926,45.65
5760824,1017928,93.17
5760824,1017929,80.46
5760824,1017931,96.83
5760824,1017939,68.89
5760824,1017940,68.89
5760824,1017942,80.33
5760824,1017943,80.33
5760824,1017944,80.33
5760824,1017946,164.08
5760824,1017947,114.03
5760824,1017948,114.03
5760824,1017951,81.92
5760824,1017955,64.01
5760824,1017956,64.01
5760824,1017965,50.74
5760824,1017999,65.03
5760824,1018015,41.42
5760824,1018042,129.47
5760824,1018047,50.74
5760824,1018048,50.74
5760824,1019098,90.95
5760824,1019112,73.34
5760824,1019122,51.53
5760824,1019133,72.87
5760824,1019264,46.83
5760824,1019269,33.27
5760824,1019290,98.86
5760824,1019323,64.53
5760824,1019324,43.32
5760824,1019340,48.48
5760824,1019385,31.5
5760824,1019386,60.45
5760824,1019387,60.45
5760824,1019394,84.11
5760824,1019405,82.37
5760824,1019423,96.74
5760824,1019438,64.02
5760824,1019444,102.79
5760824,1019461,25.91
5760824,1019463,43.89
5760824,1019464,24.2
5760824,1019525,22.28
5760824,1019579,16.44
5760824,1019581,25.85
5760824,1019582,34.13
5760824,1019589,16.44
5760824,1020096,47.2
5760824,1020098,75.12
5760824,1020856,64.93
5760824,1020935,93.44
5760824,1020937,83.84
5760824,1020944,6.51
5760824,1020978,56.82
5760824,1020979,3.12
5760824,1020992,89.84
5760824,1021004,4.12
5760824,1021009,75.12
5760824,1021058,24.86
5760824,1021069,29.76
5760824,1021070,26.68
5760824,1021071,28.43
5760824,1021072,16.64
5760824,1021073,23.08
5760824,1021074,22.64
5760824,1021075,20.89
5760824,1021167,21.52
5760824,1021211,31.31
5760824,1021219,32.38
5760824,1021244,71.83
5760824,1021245,77.07
5760824,1021298,2.53
5760824,1021301,51.83
5760824,1021303,3.12
5760824,1021304,3.12
5760824,1021314,4.12
5760824,1021317,4.12
5760824,1021318,4.12
5760824,1021321,3.12
5760824,1021324,94.42
5760824,1021349,44.6
5760824,1021350,44.71
5760824,1021358,83.68
5760824,1021360,44.6
5760824,1021365,83.68
5760824,1021376,73.01
5760824,1021384,84.4
5760824,1021406,44.77
5760824,1021434,83.68
5760824,1021435,83.84
5760824,1021525,44.62
5760824,1021550,76.81
5760824,1021598,76.81
5760824,1021600,76.81
5760824,1021604,66.76
5760824,1021605,93.44
5760824,1021606,26.17
5760824,1021634,21.23
5760824,1021639,31.78
5760824,1021655,72.91
5760824,1021660,63.41
5760824,1021661,100.4
5760824,1021673,48.98
5760824,1021705,50.16
5760824,1021707,64.48
5760824,1021721,30.46
5760824,1021724,4.12
5760824,1021805,46.86
5760824,1021819,44.62
5760824,1021821,89.84
5760824,1021831,55.15
5760824,1021915,30.46
5760824,1021925,55.15
5760824,1022014,76.81
5760824,1022056,83.84
5760824,1022221,36.34
5760824,1022223,55.84
5760824,1022240,23.15
5760824,1022302,20.34
5760824,1022303,36.16
5760824,1022304,43.83
5760824,1022348,29.82
5760824,1022349,72.42
5760824,1022357,4.12
5760824,1022400,72.42
5760824,1030279,14.1
5760824,1030366,89.44
5760824,1030474,94.12
5760824,1030613,39.26
5760824,1030759,40.3
5760824,1030761,40.42
5760824,1030793,40.15
5760824,1030794,40.15
5760824,1030917,40.15
5760824,1030974,29.91
5760824,1031194,62.27
5760824,1031195,62.27
5760824,1031196,62.27
5760824,1031255,49.28
5760824,1031256,49.28
5760824,1031257,49.28
5760824,1031265,32.79
5760824,1031266,32.99
5760824,1031281,61.9
5760824,1031286,14.46
5760824,1031287,14.46
5760824,1031288,14.5
5760824,1031289,14.52
5760824,1031294,14.5
5760824,1031305,27
5760824,1031316,25.23
5760824,1031318,24.94
5760824,1031319,26.31
5760824,1031321,25.23
5760824,1031322,24.94
5760824,1031323,25.74
5760824,1031324,26.09
5760824,1031341,35.84
5760824,1031342,35.73
5760824,1031343,33.98
5760824,1031344,36.25
5760824,1031346,35.84
5760824,1031347,35.73
5760824,1031348,33.98
5760824,1031351,35.84
5760824,1031352,35.56
5760824,1031353,33.91
5760824,1031361,26.02
5760824,1031383,26.68
5760824,1031390,24.75
5760824,1031424,26.61
5760824,1031458,103.05
5760824,1031488,47.24
5760824,1031491,47.45
5760824,1031611,47.45
5760824,1031686,60.72
5760824,1031687,63.24
5760824,1031688,62.99
5760824,1031689,63.49
5760824,1032227,27.93
5760824,1032247,23.92
5760824,1032256,33.44
5760824,1032261,28.1
5760824,1032263,27.92
5760824,1032301,28.43
5760824,1032302,28.11
5760824,1032814,61.02
5760824,1033097,45.73
5760824,1033136,60.95
5760824,1033163,35.48
5760824,1033164,35.49
5760824,1033173,35.45
5760824,1033181,55.15
5760824,1033191,59.42
5760824,1033359,68.41
5760824,1033361,67.73
5760824,1033367,17.95
5760824,1033369,68.37
5760824,1033373,17.82
5760824,1033375,21.98
5760824,1033384,15.04
5760824,1033386,61.27
5760824,1033388,21.27
5760824,1033393,101.98
5760824,1033420,23.67
5760824,1033424,22.06
5760824,1033426,22.06
5760824,1033433,21.27
5760824,1033435,26.92
5760824,1040458,54.49
5760824,1040522,67.48
5760824,1040582,91.44
5760824,1040666,67.54
5760824,1040670,54.79
5760824,1040687,58.23
5760824,1040689,63.6
5760824,1040691,79.46
5760824,1040704,96.92
5760824,1040757,33.74
5760824,1040811,134.6
5760824,1040859,50.91
5760824,1040944,46.55
5760824,1040951,38.76
5760824,1040953,62.71
5760824,1041024,41.46
5760824,1041091,102.28
5760824,1041119,76.38
5760824,1041138,51.69
5760824,1044150,59.53
5760824,1045442,17.58
5760824,1047442,13.36
5760824,1047443,56.67
5760824,1047444,56.67
5760824,1047445,56.67
5760824,1047446,56.67
5760824,1047447,56.67
5760824,1047448,56.67
5760824,1047449,56.67
5760824,1047450,20.42
5760824,1047451,27.53
5760824,1049806,38.19
5760824,1050790,16.71
5760824,1050805,27.47
5760824,1050806,27.47
5760824,1050813,27.21
5760824,1050814,32.52
5760824,1050826,42.39
5760824,1050836,48.3
5760824,1050837,35.23
5760824,1050839,35.26
5760824,1050841,27.4
5760824,1050842,23.32
5760824,1050846,29.42
5760824,1050849,22.96
5760824,1050850,22.98
5760824,1050858,31.67
5760824,1051488,42.56
5760824,1051709,43.82
5760824,1051749,51.41
5760824,1051772,49.56
5760824,1051784,17.89
5760824,1051786,49.56
5760824,1051787,49.56
5760824,1051789,35.41
5760824,1051795,30.67
5760824,1051798,23.63
5760824,1051800,34.01
5760824,1051803,35.69
5760824,1051805,49.56
5760824,1051808,25.42
5760824,1051809,34.41
5760824,1051811,27.85
5760824,1051812,61.89
5760824,1051813,23.63
5760824,1051818,30.41
5760824,1051819,26.96
5760824,1051823,61.89
5760824,1051824,51.17
5760824,1051829,50.53
5760824,1051831,42.51
5760824,1051835,54.05
5760824,1051839,50.1
5760824,1051840,44.33
5760824,1051842,30.24
5760824,1051844,34.6
5760824,1051849,33.65
5760824,1051854,44.13
5760824,1051859,28.9
5760824,1051867,31.72
5760824,1051878,58.4
5760824,1051879,41.26
5760824,1051896,38.87
5760824,1051898,27.21
5760824,1051899,82.08
5760824,1051904,46.87
5760824,1051908,34.47
5760824,1051911,49.87
5760824,1051918,61.37
5760824,1051924,50.2
5760824,1051931,28.9
5760824,1051934,40.03
5760824,1051935,47.07
5760824,1051940,42.18
5760824,1051941,71.34
5760824,1051942,42.98
5760824,1051944,36.01
5760824,1051945,66.55
5760824,1051948,47.71
5760824,1051949,39.61
5760824,1051957,30.65
5760824,1051959,38.23
5760824,1051962,94.92
5760824,1051965,51.96
5760824,1052131,36.01
5760824,1052132,40.95
5760824,1052233,27.21
5760824,1052495,64.65
5760824,1053044,68.55
5760824,1053177,56.78
5760824,1053270,73.59
5760824,1053313,58.93
5760824,1053334,49.05
5760824,1053352,52.02
5760824,1053660,47.72
5760824,1054100,64.27
5760824,1054344,35.6
5760824,1054363,20.48
5760824,1054399,56.42
5760824,1054712,72.18
5760824,1054756,35.88
5760824,1054757,55.76
5760824,1054769,96.48
5760824,1054770,28.65
5760824,1054771,72.7
5760824,1054772,72.36
5760824,1054774,71.44
5760824,1054775,83.8
5760824,1054815,56.74
5760824,1054819,79.97
5760824,1054948,34.59
5760824,1054985,35.15
5760824,1054991,50.76
5760824,1055031,55.76
5760824,1055036,35.88
5760824,1055044,61.22
5760824,1055055,92.82
5760824,1055057,66.55
5760824,1055059,49.66
5760824,1055064,42.87
5760824,1055071,43.66
5760824,1055073,54.97
5760824,1055101,32.82
5760824,1055227,25.7
5760824,1055516,38.75
5760824,1055542,58.43
5760824,1055681,30.78
5760824,1055684,44.13
5760824,1055687,52.86
5760824,1055713,21.52
5760824,1055716,31.67
5760824,1055724,36.15
5760824,1055731,46.51
5760824,1055732,28.62
5760824,1055733,20.5
5760824,1055734,22.07
5760824,1055737,34.08
5760824,1055738,36.64
5760824,1055742,35.19
5760824,1055749,53.94
5760824,1055756,50.15
5760824,1055757,45.28
5760824,1055762,42.21
5760824,1055763,54.23
5760824,1055764,70.72
5760824,1055765,30.32
5760824,1055767,46.61
5760824,1055768,51.61
5760824,1055771,31.78
5760824,1055773,35.23
5760824,1055775,39.85
5760824,1055776,23.96
5760824,1055777,26.54
5760824,1055778,45.94
5760824,1055783,59.02
5760824,1056008,29.8
5760824,1056019,40.36
5760824,1056200,78.24
5760824,1056413,40.15
5760824,1056448,47.71
5760824,1056468,36.01
5760824,1056477,46.84
5760824,1056655,33.59
5760824,1056656,34.47
5760824,1056657,38.43
5760824,1056889,34.19
5760824,1056907,42.56
5760824,1057006,53.46
5760824,1057040,37.79
5760824,1057045,45.02
5760824,1057048,41.54
5760824,1057051,36.56
5760824,1057106,30.95
5760824,1057108,22.94
5760824,1057132,47.04
5760824,1057142,38.21
5760824,1057152,46.49
5760824,1057181,33.62
5760824,1057195,46.48
5760824,1057214,29.49
5760824,1057263,47.23
5760824,1057290,45.31
5760824,1057332,40.82
5760824,1057360,36.9
5760824,1057487,28.21
5760824,1057497,36.97
5760824,1057508,44.72
5760824,1057512,48.58
5760824,1057514,48.58
5760824,1057516,30.49
5760824,1057521,48.45
5760824,1057525,46.26
5760824,1057527,40.34
5760824,1057531,43.08
5760824,1057536,47.94
5760824,1057537,32.96
5760824,1057539,49.69
5760824,1057545,32.46
5760824,1057555,45.99
5760824,1057561,38.23
5760824,1057577,34.67
5760824,1057581,40.34
5760824,1057587,46.25
5760824,1057628,25.09
5760824,1057665,25.06
5760824,1058012,33.59
5760824,1058014,28.16
5760824,1058020,41.1
5760824,1058024,43.82
5760824,1058030,36.19
5760824,1058034,40.95
5760824,1058185,51.36
5760824,1058234,30.65
5760824,1058235,50.46
5760824,1058248,43.3
5760824,1058284,50.2
5760824,1058285,42.18
5760824,1058351,47.18
5760824,1058382,47.71
5760824,1058383,46.87
5760824,1060149,51.3
5760824,1060150,58.84
5760824,1060178,43.04
5760824,1060185,28.44
5760824,1060532,44.1
5760824,1063169,11.55
5760824,1063406,16.63
5760824,1063588,6.61
5760824,1063589,6.61
5760824,1063590,6.61
5760824,1063591,6.61
5760824,1063592,6.61
5760824,1063593,6.61
5760824,1063594,6.61
5760824,1063907,21.65
5760824,1063922,10.15
5760824,1067028,5.75
5760824,1070429,6.12
5760824,1070661,15.28
5760824,1070742,7.17
5760824,1071051,14.01
5760824,1071055,5.82
5760824,1071057,4.47
5760824,1072282,14.01
5760824,1072370,7.7
5760824,1072372,9.19
5760824,1072417,14.01
5760824,1072976,18.6
5760824,1072982,6.37
5760824,1073004,6.71
5760824,1073067,14.01
5760824,1073190,7.19
5760824,1073359,11.08
5760824,1073587,6.54
5760824,1073634,5.2
5760824,1073779,8.2
5760824,1073922,14.01
5760824,1074190,2.62
5760824,1074198,29.76
5760824,1074240,8.37
5760824,1074265,67.63
5760824,1074279,4.34
5760824,1074288,16.77
5760824,1074289,9.11
5760824,1074290,10.3
5760824,1074302,16.97
5760824,1074303,4.45
5760824,1074331,6.06
5760824,1074337,9.94
5760824,1074378,11.34
5760824,1074495,13.39
5760824,1074536,14.68
5760824,1074549,6.03
5760824,1074989,71.5
5760824,1075224,11.17
5760824,1075551,5.63
5760824,1075725,1.06
5760824,1076047,2.63
5760824,1076192,20.05
5760824,1076204,8.69
5760824,1076284,13.77
5760824,1076303,7.25
5760824,1076310,9.9
5760824,1076359,5.82
5760824,1076508,16.52
5760824,1076509,28.88
5760824,1076516,17.1
5760824,1076526,11.25
5760824,1076534,22.94
5760824,1076553,9.38
5760824,1076641,18.03
5760824,1076673,12.27
5760824,1076676,19.46
5760824,1076684,7.51
5760824,1076692,4.96
5760824,1076709,13.95
5760824,1076724,7.52
5760824,1076728,60.17
5760824,1076731,18.82
5760824,1076846,4.17
5760824,1076865,14.41
5760824,1076896,9.15
5760824,1076906,12.88
5760824,1076917,5.64
5760824,1076922,16.99
5760824,1076973,12.42
5760824,1077011,4.81
5760824,1077042,16.86
5760824,1077050,19.09
5760824,1077076,9.06
5760824,1077267,11.86
5760824,1077349,9.06
5760824,1077391,16.71
5760824,1077394,11.69
5760824,1077426,15.5
5760824,1077713,6.55
5760824,1077731,13.4
5760824,1077755,3.54
5760824,1077774,12.73
5760824,1077775,14.13
5760824,1077778,5.38
5760824,1077783,13.15
5760824,1077809,20.87
5760824,1077856,19.95
5760824,1077872,10.04
5760824,1077873,28.47
5760824,1077905,9.73
5760824,1077939,3.78
5760824,1078013,3.77
5760824,1078073,42.14
5760824,1078118,3.15
5760824,1078120,4.33
5760824,1078126,20.22
5760824,1078128,8.43
5760824,1078161,6.08
5760824,1078162,9.21
5760824,1078163,6.91
5760824,1078169,2.2
5760824,1078174,9.36
5760824,1078181,20.39
5760824,1078206,5.38
5760824,1078209,7.58
5760824,1078226,5.78
5760824,1078229,7.73
5760824,1078276,16.6
5760824,1078296,1.37
5760824,1078297,5.02
5760824,1078311,8.04
5760824,1078316,6.08
5760824,1078341,5.98
5760824,1078344,2.13
5760824,1078366,13.09
5760824,1078367,7.07
5760824,1078370,1.12
5760824,1078371,12.42
5760824,1078394,6.57
5760824,1078433,11.86
5760824,1078439,2.86
5760824,1078593,9.81
5760824,1078596,21.53
5760824,1078673,2.78
5760824,1078674,9.79
5760824,1078707,4.74
5760824,1078748,6
5760824,1078749,7.11
5760824,1078752,38.28
5760824,1078757,20.72
5760824,1078760,18.31
5760824,1078763,5.58
5760824,1078769,2.37
5760824,1078773,10.3
5760824,1078786,21.93
5760824,1078791,20.98
5760824,1078800,20.98
5760824,1078813,23.87
5760824,1078817,23.32
5760824,1078873,14.57
5760824,1078910,5.82
5760824,1078971,6.08
5760824,1078989,6.23
5760824,1078991,10.12
5760824,1078997,11.15
5760824,1078999,22.64
5760824,1079008,13.83
5760824,1079010,16.39
5760824,1079013,16.92
5760824,1079030,6.15
5760824,1079044,5.76
5760824,1079049,3.58
5760824,1079051,8.47
5760824,1079071,10.61
5760824,1079072,16.46
5760824,1079075,3.01
5760824,1079079,2.34
5760824,1079172,4.56
5760824,1079192,4.81
5760824,1079193,16.4
5760824,1079212,14.36
5760824,1079213,7.82
5760824,1079225,3.86
5760824,1079237,3.18
5760824,1079242,31.76
5760824,1079243,31.76
5760824,1079258,27
5760824,1079259,11.23
5760824,1079260,10.78
5760824,1079286,3.34
5760824,1079287,30.48
5760824,1079291,14.97
5760824,1079610,20.92
5760824,1079826,21.3
5760824,1079881,11.6
5760824,1079909,3.52
5760824,1080121,25.83
5760824,1080374,18.82
5760824,1080496,11.4
5760824,1080511,32.22
5760824,1080559,13.04
5760824,1080566,12.99
5760824,1080610,25.41
5760824,1080628,14.92
5760824,1080911,12.43
5760824,1080964,16.82
5760824,1081008,16.82
5760824,1081035,20.92
5760824,1081403,5.13
5760824,1081404,15.33
5760824,1081413,14.63
5760824,1081421,11.24
5760824,1081428,17.73
5760824,1081433,7.9
5760824,1081480,24.17
5760824,1081677,31.36
5760824,1081719,11.4
5760824,1081908,4.87
5760824,1081939,23.79
5760824,1082087,4.84
5760824,1082236,28.43
5760824,1082571,9.9
5760824,1082618,17.12
5760824,1082777,20.92
5760824,1083079,31.42
5760824,1083885,28.16
5760824,1115238,16.41
5760824,1115271,14.39
5760824,1115276,14.39
5760824,1115292,4.67
5760824,1115295,8.87
5760824,1115306,1.42
5760824,1115332,10.1
5760824,1115354,57.27
5760824,1115361,7
5760824,1115362,3.21
5760824,1115398,20.27
5760824,1115416,3.33
5760824,1115420,65.68
5760824,1115442,13.41
5760824,1115444,73.01
5760824,1115445,20.56
5760824,1115465,20.48
5760824,1115482,2.11
5760824,1115485,2.05
5760824,1115487,4.28
5760824,1115509,0.9
5760824,1115524,50.96
5760824,1115571,7.08
5760824,1115577,1.45
5760824,1115630,37.36
5760824,1115689,61.5
5760824,1115726,23.39
5760824,1115729,46.67
5760824,1115786,14.39
5760824,1115787,14.57
5760824,1115790,2.23
5760824,1115792,35.03
5760824,1115793,36.39
5760824,1115877,66.76
5760824,1115892,4.16
5760824,1115897,12.44
5760824,1115951,8.66
5760824,1115953,8.71
5760824,1115988,2.55
5760824,1115989,29.63
5760824,1115990,0.52
5760824,1116013,22.95
5760824,1116030,0.61
5760824,1116039,31.91
5760824,1116040,31.91
5760824,1116041,43.89
5760824,1116055,31.91
5760824,1116056,1.02
5760824,1116060,59.13
5760824,1116061,42.93
5760824,1116062,2.23
5760824,1116065,3.58
5760824,1116067,58.91
5760824,1116069,7.29
5760824,1116071,2.23
5760824,1116127,2445.47
5760824,1116150,47.79
5760824,1116156,58.91
5760824,1116177,16.21
5760824,1116181,33
5760824,1116182,12.07
5760824,1116183,33
5760824,1116184,37.54
5760824,1116206,48.42
5760824,1116207,25.1
5760824,1116211,38.39
5760824,1116212,2.23
5760824,1116213,1.47
5760824,1116234,1.81
5760824,1116236,2.15
5760824,1116283,39.86
5760824,1116306,19.16
5760824,1116317,27.88
5760824,1116382,1.2
5760824,1116422,7.59
5760824,1116424,4.76
5760824,1116430,19.21
5760824,1116432,18.8
5760824,1116433,10.36
5760824,1120651,89.44
5760824,1123948,34.2
5760824,1123981,62.26
5760824,1124022,25.22
5760824,1124030,30.39
5760824,1124031,30.39
5760824,1124058,73.79
5760824,1124061,0.81
5760824,1124065,44.27
5760824,1124111,59.91
5760824,1124179,4.42
5760824,1124182,53.67
5760824,1124191,2.33
5760824,1124205,8.86
5760824,1124231,6.99
5760824,1124257,127.21
5760824,1124259,77.43
5760824,1124260,129.53
5760824,1124261,5.2
5760824,1124273,61.73
5760824,1124279,77.43
5760824,1124282,67.2
5760824,1124283,76.1
5760824,1124286,61.03
5760824,1124287,31.49
5760824,1124292,36.47
5760824,1124300,78.53
5760824,1124310,0.7
5760824,1124338,7.2
5760824,1124350,26.57
5760824,1124352,82.27
5760824,1124353,82.27
5760824,1124366,35.7
5760824,1124371,15.24
5760824,1124385,40.36
5760824,1124404,3.15
5760824,1124408,62.79
5760824,1124409,63.78
5760824,1124410,55.15
5760824,1124411,112.81
5760824,1124413,26.57
5760824,1124418,17.12
5760824,1124421,53.67
5760824,1124449,45.65
5760824,1124452,24.03
5760824,1124465,120.63
5760824,1124470,14.76
5760824,1124471,19.56
5760824,1124472,10.79
5760824,1124479,0.6
5760824,1124481,76.84
5760824,1124493,41.78
5760824,1124495,55.02
5760824,1124497,76.9
5760824,1124499,89.57
5760824,1124531,22.9
5760824,1124534,1.68
5760824,1124535,42.17
5760824,1124536,24.08
5760824,1124567,7.63
5760824,1124638,2.24
5760824,1124666,8.99
5760824,1124732,13.81
5760824,1124733,104.39
5760824,1124775,12.67
5760824,1124820,955.84
5760824,1124821,73.45
5760824,1124839,30.2
5760824,1124841,40.12
5760824,1124842,31.83
5760824,1124843,44.6
5760824,1124844,58.99
5760824,1124859,21.34
5760824,1124878,4.36
5760824,1124905,7.51
5760824,1124924,10.22
5760824,1124955,47.79
5760824,1125013,8.04
5760824,1125014,7.85
5760824,1125022,27.85
5760824,1125059,108.91
5760824,1125102,73.22
5760824,1125103,78.46
5760824,1125150,3.33
5760824,1125172,4.13
5760824,1125200,26.44
5760824,1125201,16.31
5760824,1125211,1
5760824,1125231,26.28
5760824,1125232,26.28
5760824,1125233,62.27
5760824,1125234,26.28
5760824,1125235,39.92
5760824,1125269,21.12
5760824,1125270,20.48
5760824,1125315,8.42
5760824,1125321,16.46
5760824,1125327,39.92
5760824,1125328,30.76
5760824,1125329,30.76
5760824,1125331,66.64
5760824,1125334,3.88
5760824,1125480,9.38
5760824,1132559,49.4
5760824,1138037,37.54
5760824,1138054,1.87
5760824,1138055,1.87
5760824,1138056,33
5760824,1138057,33
5760824,1138063,29.63
5760824,1138065,50.98
5760824,1138068,60.02
5760824,1138069,78.84
5760824,1138073,10.34
5760824,1138075,191.07
5760824,1138080,9.46
5760824,1138090,47.75
5760824,1138098,1.59
5760824,1138102,11.47
5760824,1138103,8.39
5760824,1138104,7.19
5760824,1138105,3.63
5760824,1138116,36.17
5760824,1138135,14.27
5760824,1138136,14.27
5760824,1138138,14.27
5760824,1138139,6.56
5760824,1138142,13.41
5760824,1138145,8.16
5760824,1138154,15.83
5760824,1138158,1.42
5760824,1138219,14.27
5760824,1138233,54.04
5760824,1138238,161.94
5760824,1138239,20.94
5760824,1138249,24.22
5760824,1138288,10.86
5760824,1138297,9.34
5760824,1138299,38.6
5760824,1138300,27.45
5760824,1138301,6.6
5760824,1138302,4.97
5760824,1138306,11.16
5760824,1138307,0.82
5760824,1138308,0.59
5760824,1138346,79.63
5760824,1138347,58.54
5760824,1138349,50.31
5760824,1138364,1.18
5760824,1138365,27.53
5760824,1138366,34.88
5760824,1138367,10.09
5760824,1138369,14.05
5760824,1138371,14.39
5760824,1138386,41.77
5760824,1138421,54.15
5760824,1138447,26.02
5760824,1138470,10.64
5760824,1138471,17.56
5760824,1138485,44.68
5760824,1138497,2.98
5760824,1138498,23.96
5760824,1138503,44.68
5760824,1138529,14.27
5760824,1138544,9.66
5760824,1138575,42.93
5760824,1138576,59.13
5760824,1138626,18.27
5760824,1138644,108.7
5760824,1138672,1.12
5760824,1138681,11.7
5760824,1138683,6.51
5760824,1138687,7.02
5760824,1138689,6.96
5760824,1138706,8.15
5760824,1138723,56.07
5760824,1138808,54.04
5760824,1138818,1.69
5760824,1138889,8.57
5760824,1138890,13.91
5760824,1138891,14.23
5760824,1138946,2.11
5760824,1138987,30.91
5760824,1139040,5.16
5760824,1139041,2.54
5760824,1139107,9.09
5760824,1139204,4.41
5760824,1139220,4.12
5760824,1139392,5.16
5760824,1139444,5.52
5760824,1139446,21.12
5760824,1139473,53.22
5760824,1139500,25.82
5760824,1139515,283.43
5760824,1139518,27.81
5760824,1139534,13.7
5760824,1139574,9.58
5760824,1139629,5.18
5760824,1139633,85.37
5760824,1139664,62.24
5760824,1139747,2.06
5760824,1139921,11.07
5760824,1139922,33.72
5760824,1139926,2.1
5760824,1140001,2.23
5760824,1140079,2.01
5760824,1141003,85.05
5760824,1141087,13.51
5760824,1141378,46.14
5760824,1141584,28.68
5760824,1141843,148.89
5760824,1141891,9.51
5760824,1142025,22.34
5760824,1142029,41.33
5760824,1142084,20.92
5760824,1142318,20.05
5760824,1142534,53.84
5760824,1142749,30.03
5760824,1143434,109.35
5760824,1143435,45.95
5760824,1143437,81.6
5760824,1143439,91.85
5760824,1143441,89.46
5760824,1143444,62.13
5760824,1143445,67.91
5760824,1143447,50.86
5760824,1143450,49
5760824,1143451,71.71
5760824,1143452,67.88
5760824,1143454,32.68
5760824,1143751,10.69
5760824,1143757,27.37
5760824,1143758,6.21
5760824,1143761,40.12
5760824,1143765,6.27
5760824,1143766,33.35
5760824,1143769,7.7
5760824,1143770,2.32
5760824,1143772,27.23
5760824,1143774,33.56
5760824,1144000,50.1
5760824,1144010,39.11
5760824,1144538,33.06
5760824,1144539,33.06
5760824,1144541,46
5760824,1144544,46
5760824,1144557,41.91
5760824,1144609,83.25
5760824,1144648,66.83
5760824,1144665,34.33
5760824,1144676,49
5760824,1144679,91.85
5760824,1145026,32.34
5760824,1145162,48.53
5760824,1145218,35.7
5760824,1145245,49.69
5760824,1145301,15.11
5760824,1145305,471.44
5760824,1145516,72.42
5760824,1145565,3.07
5760824,1145754,31.05
5760824,1145826,23.98
5760824,1145880,30.67
5760824,1145882,74.75
5760824,1145885,27.83
5760824,1145888,46
5760824,1145889,61.53
5760824,1145890,38.41
5760824,1145891,51.23
5760824,1146227,27.73
5760824,1146258,41.79
5760824,1146383,51.93
5760824,1146384,68.54
5760824,1146456,3.29
5760824,1146511,15.19
5760824,1146527,32.83
5760824,1146530,34.23
5760824,1146554,37.31
5760824,1146868,37.04
5760824,1146894,40.95
5760824,1146936,82.27
5760824,1147045,32.83
5760824,1147127,32.36
5760824,1147247,78.29
5760824,1147281,48.46
5760824,1147749,31.91
5760824,1147984,33.78
5760824,1148274,48.08
5760824,1148300,23.7
5760824,1148457,28.75
5760824,1148462,28.75
5760824,1148464,28.75
5760824,1148466,28.75
5760824,1148611,1.4
5760824,1148627,1871.68
5760824,1148648,13.81
5760824,1148649,5.5
5760824,1148699,46.4
5760824,1148837,36.16
5760824,1149040,34.27
5760824,1149106,73.2
5760824,1149179,2.53
5760824,1149336,42.48
5760824,1149727,438.08
5760824,1149788,13.51
5760824,1149828,382.07
5760824,1149902,2.11
5760824,1149965,38.07
5760824,1149966,37.79
5760824,1150034,31.49
5760824,1150050,1.42
5760824,1150125,19.7
5760824,1150258,21.77
5760824,1150635,5.73
5760824,1150663,40.96
5760824,1150712,14.06
5760824,1150713,126.72
5760824,1150721,8.75
5760824,1150781,51.48
5760824,1150827,58.97
5760824,1151067,102.49
5760824,1151410,22.38
5760824,1152295,58.5
5760824,1152296,36.43
5760824,1152595,7.08
5760824,1152649,62.38
5760824,1152843,74.72
5760824,1153077,36.47
5760824,1153160,68.17
5760824,1153567,37.24
5760824,1153569,41.71
5760824,1153591,51.09
5760824,1153593,21.3
5760824,1153594,22.21
5760824,1153601,39.59
5760824,1153602,47.3
5760824,1153603,2.11
5760824,1153786,191.07
5760824,1154094,8.51
5760824,1154155,24.4
5760824,1154500,35.18
5760824,1154622,50.77
5760824,1154791,89.46
5760824,1154829,49.69
5760824,1154964,8.82
5760824,1155025,25.53
5760824,1155058,4.25
5760824,1155482,24.59
5760824,1155545,16.82
5760824,1155553,103.68
5760824,1155588,57.25
5760824,1155916,35.85
5760824,1156110,10.8
5760824,1156343,30.49
5760824,1156519,35.41
5760824,1156527,9.99
5760824,1156608,61.03
5760824,1156610,11.62
5760824,1156857,3.15
5760824,1157403,36.43
5760824,1157407,1.4
5760824,1157673,20.92
5760824,1157675,46.06
5760824,1157676,106.99
5760824,1157677,44.26
5760824,1157678,67.14
5760824,1157679,85.99
5760824,1157681,46.06
5760824,1157682,46.06
5760824,1157825,67.91
5760824,1157916,0.01
5760824,1157917,0.01
5760824,1157918,0.01
5760824,1157938,90.29
5760824,1158405,111.74
5760824,1158577,72.89
5760824,1158579,21.33
5760824,1158580,23.61
5760824,1158581,31.94
5760824,1159010,5.29
5760824,1159066,6.74
5760824,1159075,3.51
5760824,1159082,6.88
5760824,1159454,4.69
5760824,1159473,13.56
5760824,1159482,78.33
5760824,1159489,82.27
5760824,1159490,82.27
5760824,1159497,109.16
5760824,1159546,65.46
5760824,1159628,1.41
5760824,1159713,36.16
5760824,1159771,53.94
5760824,1159772,17.82
5760824,1159773,25
5760824,1159841,1.94
5760824,1160488,73.35
5760824,1160661,59.37
5760824,1160786,37.87
5760824,1160914,21.15
5760824,1161019,103.04
5760824,1161078,91.85
5760824,1161105,68.56
5760824,1161173,73.72
5760824,1161216,86.36
5760824,1161441,5.64
5760824,1161442,5.64
5760824,1161554,74.72
5760824,1161686,71.99
5760824,1161694,62.38
5760824,1161739,31.13
5760824,1161742,65.52
5760824,1161753,76.4
5760824,1161754,56.08
5760824,1161759,50.55
5760824,1161787,40.36
5760824,1162040,35.24
5760824,1162122,77.64
5760824,1162129,9.9
5760824,1162145,59.91
5760824,1162796,1.42
5760824,1162907,9.15
5760824,1162947,11.93
5760824,1163251,191.07
5760824,1163583,3.12
5760824,1163905,51.53
5760824,1163959,103.04
5760824,1164097,42.48
5760824,1164262,38.02
5760824,1164263,39.59
5760824,1164269,42.17
5760824,1164522,167.68
5760824,1164524,2.72
5760824,1164525,17.25
5760824,1164526,229.65
5760824,1164536,65.95
5760824,1164539,91.32
5760824,1164543,213.97
5760824,1164544,163.64
5760824,1164922,12.26
5760824,1164923,10.83
5760824,1164926,17.87
5760824,1164928,8.91
5760824,1164930,7.51
5760824,1164931,15.47
5760824,1164932,14.07
5760824,1164975,51.07
5760824,1164990,4.62
5760824,1165306,29.8
5760824,1165598,0.95
5760824,1165961,17.05
5760824,1165965,4.87
5760824,1166228,45.81
5760824,1166307,48.53
5760824,1166330,99.98
5760824,1166358,7.07
5760824,1166443,1
5760824,1166444,5.16
5760824,1166464,1.02
5760824,1166549,15.24
5760824,1166644,7.93
5760824,1166648,19.2
5760824,1166701,44.26
5760824,1166932,105.88
5760824,1167012,31.49
5760824,1167022,100.09
5760824,1167023,100.09
5760824,1167065,94.84
5760824,1167067,252.09
5760824,1167228,4.16
5760824,1167472,44.09
5760824,1167493,9.17
5760824,1167495,47.22
5760824,1167498,47.99
5760824,1167500,29.42
5760824,1167503,38.43
5760824,1167504,34.64
5760824,1167733,9.72
5760824,1168356,32.55
5760824,1168358,30.64
5760824,1168398,117.46
5760824,1168399,121.63
5760824,1168434,46.19
5760824,1168689,12.03
5760824,1168799,104.39
5760824,1169276,39.66
5760824,1169300,51.07
5760824,1169501,39.66
5760824,1169716,78.49
5760824,1170135,0.01
5760824,1170138,0.01
5760824,1170140,0.01
5760824,1170162,11.17
5760824,1170222,80.3
5760824,1170223,924.01
5760824,1170224,82.27
5760824,1170670,94.6
5760824,1170698,2.67
5760824,1170827,6.01
5760824,1170851,14.68
5760824,1170852,16.98
5760824,1170926,22.99
5760824,1170967,39.93
5760824,1170994,4.97
5760824,1171022,51.07
5760824,1171134,81.59
5760824,1171137,82.27
5760824,1172188,10.75
5760824,1172407,1.47
5760824,1172562,82.27
5760824,1172563,82.27
5760824,1172589,924.01
5760824,1172590,191.07
5760824,1172628,4.56
5760824,1172752,20.59
5760824,1173054,147.95
5760824,1173430,2.11
5760824,1173867,34.27
5760824,1174006,8.3
5760824,1174014,4.12
5760824,1174097,81.6
5760824,1174659,11.4
5760824,1174990,48.53
5760824,1175151,28.99
5760824,1175378,5.2
5760824,1175469,199.64
5760824,1175528,70.2
5760824,1176417,0.01
5760824,1176418,0.01
5760824,1176419,0.01
5760824,1176637,63.93
5760824,1176858,16.82
5760824,1177204,20.08
5760824,1177219,43.82
5760824,1177220,36.19
5760824,1177242,50.53
5760824,1177264,3.31
5760824,1177496,51.25
5760824,1177593,51.77
5760824,1177596,26.37
5760824,1177778,44.15
5760824,1179444,25.16
5760824,1179592,79.05
5760824,1179704,42.25
5760824,1179832,65.43
5760824,1179897,99.68
5760824,1180019,147.95
5760824,1180053,43.1
5760824,1181139,83.36
5760824,1181141,46.12
5760824,1181143,46.12
5760824,1181144,39.84
5760824,1181146,39.84
5760824,1181153,45.81
5760824,1181279,47.04
5760824,1181655,122.99
5760824,1182171,26.24
5760824,1183567,2.86
5760824,1183721,67.29
5760824,1183956,5.07
5760824,1184012,13.04
5760824,1184065,16.5
5760824,1184084,49.56
5760824,1184096,9.15
5760824,1184107,47.85
5760824,1184108,47.87
5760824,1184784,5.5
5760824,1184871,8.23
5760824,1184890,2.84
5760824,1184891,6.44
5760824,1184923,73.8
5760824,1184983,8.81
5760824,1185119,5.33
5760824,1185284,15.11
5760824,1187124,29.52
5760824,1187906,146.33
5760824,1189015,1.24
5760824,1189120,1.12
5760824,1190466,65.8
5760824,1192303,29.93
5760824,1194772,201.3
5760824,1195758,166.64
5760824,1195759,154.11
5760824,1196221,15.11
5760824,1196222,12.36
5760824,1196325,2.14
5760824,1196326,1.47
5760824,1196327,2.04
5760824,1196328,3.31
5760824,1196332,2.87
5760824,1196335,63.98
5760824,1196336,46.81
5760824,1196337,19.71
5760824,1196801,4.12
5760824,1196807,6.98
5760824,1196808,8.44
5760824,1196810,13.54
5760824,1196814,3.78
5760824,1196815,2.11
5760824,1196821,1.87
5760824,1196903,3.78
5760824,1196907,4.14
5760824,1196908,3.18
5760824,1196911,5.16
5760824,1197190,163.98
5760824,1197275,38.62
5760824,1197812,16.67
5760824,1198247,48.61
5760824,1198965,6.35
5760824,1198974,25.24
5760824,1200035,130.57
5760824,1200126,59.55
5760824,1200142,132.78
5760824,1200263,23.91
5760824,1200297,28.9
5760824,1200913,26.57
5760824,1200915,26.57
5760824,1201101,4.39
5760824,1201107,22.79
5760824,1201148,93.63
5760824,1201149,55.25
5760824,1201253,41.42
5760824,1201620,64.41
5760824,1201682,21.54
5760824,1201699,35.44
5760824,1201717,330.25
5760824,1201765,11.26
5760824,1201797,94.46
5760824,1201845,71.35
5760824,1202007,38.36
5760824,1202063,8.09
5760824,1202528,92.87
5760824,1202622,5.62
5760824,1202671,7.48
5760824,1202729,4.42
5760824,1202744,12.84
5760824,1203171,55.65
5760824,1203241,23.91
5760824,1203410,82.27
5760824,1203639,23.2
5760824,1203640,27.18
5760824,1203917,83.17
5760824,1204277,120.63
5760824,1204319,42.81
5760824,1204353,92.66
5760824,1204669,68.02
5760824,1204939,42.17
5760824,1205048,9
5760824,1205082,23.61
5760824,1205117,30.99
5760824,1205660,50.41
5760824,1205706,35.9
5760824,1205708,94.84
5760824,1205709,263.69
5760824,1205710,659.21
5760824,1206060,39.66
5760824,1206271,89.77
5760824,1206282,126.32
5760824,1206471,26.29
5760824,1206472,45.79
5760824,1206473,57.7
5760824,1206893,565.7
5760824,1206947,50.42
5760824,1207036,49.5
5760824,1207113,10.72
5760824,1207213,85.06
5760824,1207263,49.5
5760824,1207274,191.07
5760824,1207426,176.33
5760824,1207513,39.63
5760824,1207825,41.42
5760824,1207866,94.59
5760824,1207891,1.47
5760824,1207959,82.27
5760824,1208105,70.73
5760824,1208111,71.12
5760824,1208152,916.4
5760824,1208153,92.1
5760824,1208205,39.62
5760824,1208214,82.27
5760824,1208232,81.59
5760824,1208316,39.43
5760824,1208319,82.27
5760824,1208320,81.59
5760824,1208697,53.67
5760824,1208760,5.16
5760824,1208966,146.66
5760824,1209101,31.15
5760824,1209150,71.38
5760824,1209373,77.1
5760824,1209375,47.75
5760824,1209412,83.19
5760824,1209434,62.77
5760824,1209436,54.21
5760824,1209475,104.75
5760824,1209858,2.53
5760824,1209882,39.62
5760824,1210307,18.48
5760824,1210318,2.18
5760824,1210319,60.15
5760824,1210320,453.97
5760824,1210592,61.91
5760824,1210619,50.92
5760824,1210787,81.59
5760824,1210843,29.64
5760824,1210864,191.07
5760824,1210883,40.87
5760824,1210884,40.84
5760824,1211208,55.26
5760824,1211400,9.85
5760824,1211423,72.01
5760824,1211498,81.6
5760824,1211651,44.86
5760824,1211696,56.43
5760824,1211746,145.13
5760824,1211769,103.05
5760824,1211962,81.59
5760824,1212429,74.14
5760824,1212430,50.16
5760824,1212499,2.13
5760824,1213112,18.82
5760824,1213226,155.58
5760824,1213228,65.03
5760824,1213239,45.62
5760824,1213274,82.27
5760824,1213414,73.77
5760824,1213599,87.08
5760824,1213755,62.24
5760824,1213906,47.75
5760824,1213912,98.85
5760824,1213935,29.88
5760824,1213982,16.38
5760824,1213983,43.54
5760824,1213984,26.93
5760824,1213985,22.87
5760824,1213988,58.06
5760824,1214174,94.97
5760824,1214233,4.11
5760824,1214440,36.47
5760824,1214764,18.86
5760824,1214792,29.93
5760824,1214840,41.52
5760824,1215129,2.18
5760824,1215141,58.54
5760824,1215473,28.56
5760824,1215531,25.99
5760824,1215570,131.59
5760824,1215571,129.97
5760824,1215655,29.93
5760824,1216006,137.4
5760824,1216008,83.23
5760824,1216258,1.61
5760824,1216339,16.23
5760824,1216479,37.48
5760824,1216480,37.48
5760824,1216485,33.74
5760824,1216486,37.48
5760824,1216487,50.91
5760824,1216488,22.1
5760824,1216489,18.05
5760824,1216950,9.11
5760824,1217026,42.8
5760824,1217061,57.97
5760824,1217489,149.24
5760824,1217586,94.12
5760824,1217697,29.93
5760824,1217701,156.22
5760824,1217757,18.03
5760824,1218489,55.09
5760824,1218565,37.45
5760824,1218714,58.54
5760824,1218731,83.19
5760824,1218940,191.07
5760824,1219214,39.68
5760824,1219263,5.97
5760824,1219529,35.9
5760824,1220435,191.07
5760824,1221831,49.34
5760824,1221963,103.13
5760824,1222196,5.64
5760824,1222392,31.92
5760824,1222475,55.21
5760824,1222541,19.89
5760824,1222614,10.52
5760824,1222658,24.8
5760824,1222871,68.17
5760824,1222873,37.54
5760824,1222874,33
5760824,1222916,61.02
5760824,1222918,60.74
5760824,1222969,29.64
5760824,1222972,114.03
5760824,1222976,50.08
5760824,1222978,24.79
5760824,1223388,146.33
5760824,1223545,55.66
5760824,1223575,86
5760824,1223946,28.85
5760824,1223948,41.26
5760824,1223952,7.2
5760824,1224926,4.36
5760824,1225289,106.35
5760824,1225530,11.16
5760824,1225660,37.28
5760824,1225744,17.57
5760824,1225766,106.99
5760824,1225805,98.85
5760824,1226515,11.55
5760824,1226891,2.11
5760824,1226986,35.9
5760824,1227046,80.64
5760824,1227048,96.48
5760824,1227973,61.3
5760824,1227975,61.27
5760824,1228061,45.62
5760824,1228062,45.62
5760824,1228375,77.43
5760824,1228474,4.46
5760824,1228519,39.5
5760824,1228596,55.2
5760824,1228806,182.58
5760824,1228808,280.84
5760824,1229073,87.1
5760824,1229225,43.11
5760824,1229355,43.04
5760824,1229502,19.8
5760824,1229746,26.57
5760824,1229916,66.12
5760824,1230017,4.01
5760824,1230189,46.87
5760824,1230194,41.1
5760824,1230246,53.09
5760824,1230328,58.4
5760824,1230338,41.43
5760824,1230347,69.24
5760824,1230458,138.74
5760824,1230481,108.91
5760824,1230615,62.26
5760824,1230664,22.28
5760824,1231152,58.33
5760824,1231153,71.63
5760824,1231472,85.8
5760824,1231750,63.78
5760824,1231804,101.09
5760824,1231818,80.65
5760824,1232173,35.57
5760824,1232175,46.08
5760824,1232983,60.71
5760824,1233261,6.52
5760824,1233550,43.14
5760824,1234239,89.46
5760824,1234469,3.56
5760824,1234670,326.87
5760824,1234811,25.84
5760824,1234871,40.39
5760824,1234944,3.12
5760824,1235220,68.93
5760824,1236054,6.99
5760824,1236238,21.34
5760824,1236307,5.29
5760824,1236317,0.81
5760824,1236509,38.2
5760824,1237092,7802.69
5760824,1237128,97.41
5760824,1237352,29.93
5760824,1237652,45.62
5760824,1238009,40.64
5760824,1238011,28.73
5760824,1238393,45.05
5760824,1238460,34.55
5760824,1238706,34.02
5760824,1239180,68.17
5760824,1239794,2.05
5760824,1240058,166.26
5760824,1240305,0.95
5760824,1240308,15.95
5760824,1240404,81.59
5760824,1240488,167.68
5760824,1241546,70.91
5760824,1241741,38.2
5760824,1241949,4.8
5760824,1242272,76.9
5760824,1242381,37.31
5760824,1243097,74.49
5760824,1243836,45.08
5760824,1243843,25.64
5760824,1244087,20.01
5760824,1244089,1.06
5760824,1244303,62.46
5760824,1244349,135.9
5760824,1244423,15.81
5760824,1244569,13.23
5760824,1245472,34.01
5760824,1245926,43.91
5760824,1245927,44.18
5760824,1245929,43.81
5760824,1245930,43.78
5760824,1246075,7.08
5760824,1246164,56.71
5760824,1246647,10.06
5760824,1246702,68.53
5760824,1246903,64.77
5760824,1247099,126.25
5760824,1247528,68.53
5760824,1247754,36.23
5760824,1247794,34.27
5760824,1248275,69.13
5760824,1248814,16.5
5760824,1249194,57.89
5760824,1249380,44.68
5760824,1249547,71.56
5760824,1249995,178.82
5760824,1250580,2.39
5760824,1250581,2.98
5760824,1250658,55.39
5760824,1250663,1.46
5760824,1250838,2.53
5760824,1251104,7.73
5760824,1251118,35.98
5760824,1251165,88.65
5760824,1251911,267.75
5760824,1252050,6.99
5760824,1252140,9.48
5760824,1252633,84.69
5760824,1252697,65.83
5760824,1252710,2.32
5760824,1252711,1.68
5760824,1253114,62.51
5760824,1253242,6.99
5760824,1253248,6.99
5760824,1253304,5.29
5760824,1253326,36.05
5760824,1253699,47.97
5760824,1253931,9.83
5760824,1254081,11.08
5760824,1254402,28.81
5760824,1254565,57.59
5760824,1254866,4.5
5760824,1255356,4.41
5760824,1255440,41.54
5760824,1256156,789.94
5760824,1256158,49
5760824,1256292,35.15
5760824,1256529,2.53
5760824,1256649,123.56
5760824,1257318,56.5
5760824,1257320,57.84
5760824,1257321,34
5760824,1257863,784.82
5760824,1258825,316.71
5760824,1258898,9.66
5760824,1259049,34.96
5760824,1259235,44.07
5760824,1259274,4.87
5760824,1259750,87.62
5760824,1259802,215.04
5760824,1260438,89.44
5760824,1260495,100.46
5760824,1260551,31.43
5760824,1260850,34.96
5760824,1260910,34.64
5760824,1260923,4.59
5760824,1260925,7.31
5760824,1260957,121.39
5760824,1261280,36.15
5760824,1261522,1.11
5760824,1261647,10.52
5760824,1261979,4.19
5760824,1262595,4.36
5760824,1262631,82.22
5760824,1262744,101.12
5760824,1262789,75.23
5760824,1263072,34.93
5760824,1263119,8.24
5760824,1263182,119.96
5760824,1263688,187.38
5760824,1263792,33.92
5760824,1264088,20.92
5760824,1264280,6.22
5760824,1264343,39.32
5760824,1264347,45.22
5760824,1264349,48.1
5760824,1264362,67.55
5760824,1264363,44.16
5760824,1264370,42.28
5760824,1264463,35.4
5760824,1264547,2.73
5760824,1264870,5.73
5760824,1264896,4.41
5760824,1264898,2.23
5760824,1265019,4.01
5760824,1265314,96.59
5760824,1265568,49.72
5760824,1265857,140.47
5760824,1265881,13.06
5760824,1266067,2
5760824,1266438,138.11
5760824,1266824,35.25
5760824,1266887,50.08
5760824,1267397,36.29
5760824,1267604,105.79
5760824,1267759,6.51
5760824,1267912,1.11
5760824,1268437,113.78
5760824,1268534,65.83
5760824,1268543,10.57
5760824,1268683,8.25
5760824,1268749,4.33
5760824,1268826,69.58
5760824,1268829,70.81
5760824,1268886,10.36
5760824,1269244,36.25
5760824,1269954,2.53
5760824,1270013,86.9
5760824,1270347,25.08
5760824,1270468,1.66
5760824,1270518,37.49
5760824,1270641,27.85
5760824,1270692,38.11
5760824,1270884,86.42
5760824,1270890,9.19
5760824,1271034,14.57
5760824,1271210,28.44
5760824,1271869,103.04
5760824,1271936,43.04
5760824,1272058,2.82
5760824,1272066,85.99
5760824,1272120,6.42
5760824,1272306,7.24
5760824,1272426,47.12
5760824,1272852,7.51
5760824,1273152,4.5
5760824,1273233,23.18
5760824,1273290,4.23
5760824,1273291,11.15
5760824,1273292,10.79
5760824,1273294,8.23
5760824,1273325,12.79
5760824,1273401,10.21
5760824,1273503,88.99
5760824,1273627,6.08
5760824,1273928,51.78
5760824,1274083,326.87
5760824,1274084,326.87
5760824,1274284,6.84
5760824,1274520,62.01
5760824,1274554,14.69
5760824,1274570,188.59
5760824,1274737,11.66
5760824,1274910,35.43
5760824,1275322,6.71
5760824,1275884,29.76
5760824,1276298,43.04
5760824,1276394,74.31
5760824,1276421,28.11
5760824,1276515,3.36
5760824,1276516,0.61
5760824,1277046,83.17
5760824,1277667,6.89
5760824,1277908,80.95
5760824,1277982,2.07
5760824,1277983,7.24
5760824,1278121,5.55
5760824,1278369,253.4
5760824,1279372,28.39
5760824,1279660,300.09
5760824,1279735,8.17
5760824,1279751,178.82
5760824,1279823,2.71
5760824,1280067,10.9
5760824,1280070,8.78
5760824,1280075,62.18
5760824,1280427,45.05
5760824,1280569,62.73
5760824,1280702,59.64
5760824,1281211,227.84
5760824,1281246,49.05
5760824,1281392,28.43
5760824,1281417,27.56
5760824,1281878,85.51
5760824,1282406,4.5
5760824,1282809,7.2
5760824,1283378,9.66
5760824,1283498,20.52
5760824,1283813,27.85
5760824,1283828,85.2
5760824,1283830,23.61
5760824,1283918,58.74
5760824,1284096,43.04
5760824,1284173,54.73
5760824,1284243,6.1
5760824,1284244,6.1
5760824,1284246,6.1
5760824,1284276,26.57
5760824,1284398,1.4
5760824,1284685,52.84
5760824,1284967,103.23
5760824,1285020,33.04
5760824,1285021,33.04
5760824,1285022,33.04
5760824,1285395,7.56
5760824,1285416,32.28
5760824,1285498,2.92
5760824,1285666,42.38
5760824,1285777,12.32
5760824,1285802,17.74
5760824,1285817,31.25
5760824,1286597,14.96
5760824,1286823,10.1
5760824,1287358,73.44
5760824,1287636,49.46
5760824,1287640,4.66
5760824,1287771,36.47
5760824,1288095,45.42
5760824,1288212,99.51
5760824,1289049,21.34
5760824,1289088,4.45
5760824,1289465,135.36
5760824,1289722,38.89
5760824,1289919,163.85
5760824,1289936,30.11
5760824,1290292,54.26
5760824,1290431,14.13
5760824,1291282,55.39
5760824,1291285,1.69
5760824,1291374,37.17
5760824,1291446,316.71
5760824,1291833,91.31
5760824,1292324,18.27
5760824,1292416,10.83
5760824,1292417,5.69
5760824,1292473,5.1
5760824,1293231,103.23
5760824,1293398,659.92
5760824,1293443,56.77
5760824,1293493,9.56
5760824,1293549,12.32
5760824,1293614,111.63
5760824,1293756,597.67
5760824,1293785,11.37
5760824,1293786,110.72
5760824,1294461,4.12
5760824,1294643,22.84
5760824,1294743,102.38
5760824,1294747,79.99
5760824,1295063,6.25
5760824,1295135,5.73
5760824,1295183,6.16
5760824,1295354,163.85
5760824,1295728,167.63
5760824,1295812,7.87
5760824,1295814,43.04
5760824,1295986,18.2
5760824,1296078,39.21
5760824,1296764,95.78
5760824,1296977,776.75
5760824,1297457,5.63
5760824,1297779,69.72
5760824,1298066,4.63
5760824,1298068,4.19
5760824,1298319,12.45
5760824,1298368,274.2
5760824,1298369,279.5
5760824,1298389,28.58
5760824,1298397,1255.54
5760824,1298398,326.87
5760824,1299143,385.24
5760824,1299496,60.49
5760824,1299508,474.8
5760824,1299518,2088.27
5760824,1299535,37.91
5760824,1299562,680.19
5760824,1299734,18.88
5760824,1300183,109.03
5760824,1300350,6.98
5760824,1300393,56.07
5760824,1300706,2.13
5760824,1300991,1.45
5760824,1301159,5.65
5760824,1301405,6.99
5760824,1301407,8.47
5760824,1301459,3.82
5760824,1302160,29.76
5760824,1302342,13.54
5760824,1303098,9.43
5760824,1303100,9.43
5760824,1303101,9.43
5760824,1303104,9.43
5760824,1303105,9.43
5760824,1303106,9.43
5760824,1303107,9.43
5760824,1303378,402.06
5760824,1303379,111.63
5760824,1303598,191.07
5760824,1303599,82.27
5760824,1303600,82.27
5760824,1303601,82.27
5760824,1303603,55.11
5760824,1303604,34.98
5760824,1303606,1255.54
5760824,1303607,1255.54
5760824,1303608,1255.54
5760824,1303609,1255.54
5760824,1303610,1255.54
5760824,1303626,3.2
5760824,1304035,8.8
5760824,1304593,4.14
5760824,1304769,101.18
5760824,1304771,103.21
5760824,1305109,54.86
5760824,1305152,11.54
5760824,1305283,85.99
5760824,1305284,44.26
5760824,1305478,79.99
5760824,1305575,65.83
5760824,1305586,209.94
5760824,1305589,17.34
5760824,1305810,49.05
5760824,1305833,15.11
5760824,1306070,20.87
5760824,1306221,95.78
5760824,1306892,30.11
5760824,1307090,52.38
5760824,1307164,5.55
5760824,1307165,4.08
5760824,1307465,328.22
5760824,1307466,5.49
5760824,1307871,10.79
5760824,1307873,2.84
5760824,1307874,10.79
5760824,1308260,45.95
5760824,1308534,6.94
5760824,1308592,37.89
5760824,1308696,12.69
5760824,1308793,924.01
5760824,1309242,79.99
5760824,1309621,18.01
5760824,1309682,4.92
5760824,1309683,6.44
5760824,1310099,8.23
5760824,1310543,50.35
5760824,1310732,39.21
5760824,1310911,6.23
5760824,1311048,6.43
5760824,1311054,8.23
5760824,1311055,8.23
5760824,1311056,8.23
5760824,1311057,6.44
5760824,1311058,6.44
5760824,1311077,69.72
5760824,1311184,8.42
5760824,1311185,41.01
5760824,1311424,22.14
5760824,1311518,7.62
5760824,1311680,45.15
5760824,1311963,5.87
5760824,1312326,6.19
5760824,1312859,924.01
5760824,1312874,46.66
5760824,1312889,88.48
5760824,1312907,199.5
5760824,1313350,4.46
5760824,1313398,5.29
5760824,1313473,1.9
5760824,1313710,26.87
5760824,1314050,28.57
5760824,1314370,1.42
5760824,1314390,3.58
5760824,1314434,15.81
5760824,1314729,6.99
5760824,1314816,6.91
5760824,1315044,20.1
5760824,1315195,51.18
5760824,1315201,60.66
5760824,1315291,36.01
5760824,1315296,68.28
5760824,1315625,14.17
5760824,1315660,20.67
5760824,1315708,69.41
5760824,1315735,12.46
5760824,1315835,125.17
5760824,1315850,2088.27
5760824,1315929,31.44
5760824,1315930,28.56
5760824,1316049,7.12
5760824,1316050,12.34
5760824,1316051,20.23
5760824,1316338,59.55
5760824,1316367,111.53
5760824,1316475,63.32
5760824,1316617,656.78
5760824,1316651,155.51
5760824,1316705,924.01
5760824,1316802,56.59
5760824,1316816,8.24
5760824,1316838,14.4
5760824,1316982,4.02
5760824,1317115,91.39
5760824,1317221,8.21
5760824,1317266,401.84
5760824,1317277,3
5760824,1317280,2.83
5760824,1317298,3.12
5760824,1317433,38.42
5760824,1317572,3.65
5760824,1317706,16.82
5760824,1317715,112.14
5760824,1317881,4.34
5760824,1317892,7.07
5760824,1317902,7.89
5760824,1317904,10.38
5760824,1317973,18.97
5760824,1318183,89.52
5760824,1318187,38.85
5760824,1318188,50.53
5760824,1318435,40.73
5760824,1318509,4.33
5760824,1318510,4.33
5760824,1318511,4.33
5760824,1318515,4.33
5760824,1318516,4.33
5760824,1318526,57.27
5760824,1318527,87.64
5760824,1318544,11.86
5760824,1318924,60.03
5760824,1319149,7.93
5760824,1319290,166.25
5760824,1319344,25.67
5760824,1319550,92.66
5760824,1319741,1.42
5760824,1320293,31.16
5760824,1320294,78.23
5760824,1320297,111.72
5760824,1320730,1.96
5760824,1321284,6.06
5760824,1321297,55.47
5760824,1321301,118.92
5760824,1321896,76.84
5760824,1322398,4.88
5760824,1322478,40.08
5760824,1322479,40.09
5760824,1322480,40.09
5760824,1322481,0.01
5760824,1322489,3.68
5760824,1322674,2.83
5760824,1322848,13.44
5760824,1322981,4.42
5760824,1323342,4.51
5760824,1323466,241.79
5760824,1323589,0.01
5760824,1323633,23.74
5760824,1323786,4.51
5760824,1323787,4.51
5760824,1323788,4.51
5760824,1323789,4.51
5760824,1323865,34.04
5760824,1324918,46.66
5760824,1324995,7.43
5760824,1325136,63.24
5760824,1325466,10.79
5760824,1325809,73.29
5760824,1326036,16.38
5760824,1326259,12.53
5760824,1326262,12.53
5760824,1326263,12.53
5760824,1326265,12.53
5760824,1326266,12.53
5760824,1326267,12.53
5760824,1326268,12.53
5760824,1326508,95.74
5760824,1326509,109.41
5760824,1326524,30.27
5760824,1326609,38.7
5760824,1326697,5.77
5760824,1327121,59.65
5760824,1327431,15.58
5760824,1327432,10.12
5760824,1327615,34.23
5760824,1327801,15.08
5760824,1327903,5.29
5760824,1328040,53.91
5760824,1328041,53.91
5760824,1328058,134.32
5760824,1328085,65.83
5760824,1328088,65.83
5760824,1328221,213.16
5760824,1328240,68.53
5760824,1328242,54.23
5760824,1328358,3232.79
5760824,1328577,1.43
5760824,1328694,5.5
5760824,1328973,13208.47
5760824,1329031,54.01
5760824,1329403,45.55
5760824,1329606,40.1
5760824,1329662,54.23
5760824,1329997,147.95
5760824,1330008,6.28
5760824,1330435,3.34
5760824,1330488,1.47
5760824,1330770,48.9
5760824,1331416,54.01
5760824,1331539,46.66
5760824,1331688,1186.27
5760824,1331772,95.76
5760824,1332108,61.83
5760824,1332369,5.83
5760824,1332474,19.3
5760824,1332574,22.53
5760824,1332666,50.07
5760824,1332962,55.85
5760824,1333071,0.61
5760824,1333072,0.51
5760824,1333073,0.61
5760824,1334142,28.16
5760824,1334209,4.41
5760824,1334499,2.21
5760824,1334636,59.62
5760824,1334919,36.13
5760824,1334986,18.8
5760824,1335643,258.71
5760824,1336346,16.72
5760824,1336376,20.14
5760824,1336378,35.32
5760824,1336387,122.57
5760824,1336403,10.85
5760824,1336432,12.27
5760824,1336462,216.2
5760824,1336579,303.84
5760824,1336756,5.41
5760824,1337247,9.74
5760824,1337448,104.93
5760824,1337598,59.55
5760824,1337799,7.64
5760824,1337912,6.42
5760824,1338157,253.3
5760824,1338682,24.29
5760824,1339202,1.45
5760824,1339375,1.43
5760824,1339912,28.44
5760824,1339957,32.39
5760824,1340655,74.48
5760824,1340686,121.63
5760824,1340835,3.15
5760824,1340898,39.03
5760824,1341088,1359.31
5760824,1341097,145.13
5760824,1341513,57.8
5760824,1341810,106.76
5760824,1341828,326.87
5760824,1341878,46.35
5760824,1341886,112.86
5760824,1341973,17.34
5760824,1342389,1.47
5760824,1342789,8.24
5760824,1343499,10.76
5760824,1343502,13.05
5760824,1343551,10.91
5760824,1343566,54.78
5760824,1343567,54.78
5760824,1343590,72.47
5760824,1343703,7.81
5760824,1344290,22.19
5760824,1344474,13.53
5760824,1344500,1.66
5760824,1344642,131.12
5760824,1344643,122.99
5760824,1345104,54.78
5760824,1345230,81.7
5760824,1345232,81.7
5760824,1345463,10.56
5760824,1345625,66.34
5760824,1345720,14.53
5760824,1346259,110.29
5760824,1347126,68.21
5760824,1347296,13.9
5760824,1347404,6.43
5760824,1347463,70.87
5760824,1347511,10.32
5760824,1348430,82.23
5760824,1349181,92.52
5760824,1349182,42.54
5760824,1350733,64.34
5760824,1350935,8.81
5760824,1350936,8.81
5760824,1350937,8.81
5760824,1351286,2.81
5760824,1351938,15.84
5760824,1352528,107.08
5760824,1352531,4.52
5760824,1352658,36.24
5760824,1352821,17.12
5760824,1352979,52.28
5760824,1353712,3.84
5760824,1354478,4.36
5760824,1354929,44.09
5760824,1355311,52.92
5760824,1355362,100.1
5760824,1355447,4.87
5760824,1355832,90.05
5760824,1355834,90.05
5760824,1355835,90.05
5760824,1356666,2.72
5760824,1357416,60.95
5760824,1358777,92.66
5760824,1358802,51.09
5760824,1358931,1730.66
5760824,1359152,13.23
5760824,1359185,13.51
5760824,1359325,83.53
5760824,1359400,19.16
5760824,1359759,44.26
5760824,1360454,29.82
5760824,1360478,176.46
5760824,1361010,2.17
5760824,1361080,84.31
5760824,1361851,0.81
5760824,1362123,57.25
5760824,1362404,101.44
5760824,1362667,5.65
5760824,1363023,93.63
5760824,1363077,64.91
5760824,1363632,9.8
5760824,1363863,13.85
5760824,1364120,7802.69
5760824,1364472,41.56
5760824,1364475,41.56
5760824,1364971,5.65
5760824,1365325,84.25
5760824,1365538,18.58
5760824,1366156,65.41
5760824,1366409,2.86
5760824,1366580,180.36
5760824,1367545,8.02
5760824,1367605,61.19
5760824,1367859,53.3
5760824,1367948,49.94
5760824,1368268,0.67
5760824,1368607,10.11
5760824,1368872,2447
5760824,1368884,73.29
5760824,1370162,4.57
5760824,1370167,19.7
5760824,1370300,1084.02
5760824,1370352,3.8
5760824,1370986,65.63
5760824,1371714,2.92
5760824,1372571,50.09
5760824,1372631,85.51
5760824,1372731,62.13
5760824,1373420,8.17
5760824,1373557,14.73
5760824,1373659,2.04
5760824,1375239,17.91
5760824,1375250,49.46
5760824,1375261,6.2
5760824,1375760,163.98
5760824,1375825,17.91
5760824,1375826,17.91
5760824,1375957,128.56
5760824,1376055,128.56
5760824,1376056,10.51
5760824,1376058,10.04
5760824,1376060,10.04
5760824,1376061,10.04
5760824,1376065,10.04
5760824,1376067,31.75
5760824,1376069,31.75
5760824,1376070,31.75
5760824,1376071,31.75
5760824,1376074,31.75
5760824,1376076,22.76
5760824,1376078,22.76
5760824,1376079,22.76
5760824,1376081,22.76
5760824,1376083,22.76
5760824,1376159,6.2
5760824,1376161,6.2
5760824,1376164,6.2
5760824,1376174,71.35
5760824,1376714,6715.11
5760824,1376920,1.02
5760824,1377045,49.46
5760824,1377048,32.36
5760824,1377138,31.75
5760824,1377694,0.81
5760824,1378134,12.27
5760824,1378217,11957.56
5760824,1378251,65.63
5760824,1378262,12.34
5760824,1378320,70.7
5760824,1378512,23.56
5760824,1378712,74.48
5760824,1378898,293.25
5760824,1378952,46.81
5760824,1379011,10.04
5760824,1379096,55.39
5760824,1379320,112.04
5760824,1379321,125.3
5760824,1379512,33.29
5760824,1379585,5.01
5760824,1379614,156.1
5760824,1379615,156.1
5760824,1379617,156.1
5760824,1379619,156.1
5760824,1379631,156.1
5760824,1379897,48.75
5760824,1380145,1.22
5760824,1380629,6.55
5760824,1380687,135.75
5760824,1381298,49.46
5760824,1381437,70.81
5760824,1381543,116.68
5760824,1382112,1.99
5760824,1382149,0.98
5760824,1382210,8.85
5760824,1382256,31.42
5760824,1382375,8.21
5760824,1383017,1056.48
5760824,1383045,156.1
5760824,1383594,49.46
5760824,1383596,52.07
5760824,1383883,6.84
5760824,1384044,7.73
5760824,1384611,0.81
5760824,1385448,126.74
5760824,1387996,57.45
5760824,1387997,57.45
5760824,1387999,71.64
5760824,1389761,81.94
5760824,1390236,53.53
5760824,1390238,42.48
5760824,1390244,43.89
5760824,1390250,47.13
5760824,1390251,35.69
5760824,1390252,79.57
5760824,1390253,57.19
5760824,1390254,78.92
5760824,1390255,58.31
5760824,1390256,44.24
5760824,1390257,84.35
5760824,1390258,84.35
5760824,1390259,84.35
5760824,1397981,61.89
5760824,1400410,29.76
5760824,1401047,50.16
5760824,1403486,2888.6
5760824,1003979,114.19
5760824,1004054,114.19
5760824,1004122,57.29
5760824,1004458,117.92
5760824,1005147,99.9
5760824,1005432,70.12
5760824,1005434,85.72
5760824,1005435,65.17
5760824,1005437,81.57
5760824,1005438,78.05
5760824,1005439,80.71
5760824,1005440,83.93
5760824,1005441,101.51
5760824,1005442,85.04
5760824,1005775,89.01
5760824,1005777,133.77
5760824,1005905,107.5
5760824,1005906,135.51
5760824,1006100,43.21
5760824,1006101,43.21
5760824,1006102,43.21
5760824,1006386,130.45
5760824,1007935,125.6
5760824,1007936,52.2
5760824,1008667,68.93
5760824,1008694,119.4
5760824,1009176,106.86
5760824,1010040,70.31
5760824,1010061,87.74
5760824,1010122,10.28
5760824,1010130,44.75
5760824,1010194,28.55
5760824,1010245,38.46
5760824,1010279,68.49
5760824,1010290,106.65
5760824,1010291,74.36
5760824,1010405,40.42
5760824,1010422,46.25
5760824,1010425,43.54
5760824,1010507,12.25
5760824,1010578,21.92
5760824,1010604,104.08
5760824,1010608,48.37
5760824,1010666,111.22
5760824,1010671,151.23
5760824,1010673,211.24
5760824,1010722,151.23
5760824,1010760,29.73
5760824,1010764,35.99
5760824,1010769,51.72
5760824,1010774,391.95
5760824,1010847,47.6
5760824,1010889,56.76
5760824,1010934,62.68
5760824,1010985,80.2
5760824,1011010,106.56
5760824,1011023,57.5
5760824,1011114,93.41
5760824,1011118,109.26
5760824,1011157,56.76
5760824,1011161,83.83
5760824,1011162,71.89
5760824,1011163,93.41
5760824,1011164,106.56
5760824,1011178,31.17
5760824,1011197,109.67
5760824,1011206,31.87
5760824,1011227,27.47
5760824,1011248,31.87
5760824,1011251,54.18
5760824,1011287,35.99
5760824,1011324,114.46
5760824,1011325,139.06
5760824,1011338,84.55
5760824,1011340,75.3
5760824,1011404,68.25
5760824,1011467,133.77
5760824,1011515,38.93
5760824,1011516,54.18
5760824,1011565,71.18
5760824,1011571,70.69
5760824,1011586,68.25
5760824,1011590,65.87
5760824,1011600,86.63
5760824,1011617,93.83
5760824,1011619,129.94
5760824,1011956,61.94
5760824,1012039,80.06
5760824,1012040,90.52
5760824,1012041,109.57
5760824,1012043,89.07
5760824,1012080,68.14
5760824,1012116,65.77
5760824,1012145,98.5
5760824,1012165,57.47
5760824,1012177,93.45
5760824,1012181,70.23
5760824,1012183,109.47
5760824,1012187,60.66
5760824,1012238,88.75
5760824,1012253,56.89
5760824,1012314,72.34
5760824,1012316,90.35
5760824,1012342,82.1
5760824,1012351,73.67
5760824,1012426,71.9
5760824,1012447,94.46
5760824,1012967,118.21
5760824,1012968,100.75
5760824,1012969,59.48
5760824,1013002,86
5760824,1013095,49.03
5760824,1013098,50.3
5760824,1013119,102.38
5760824,1013146,58.61
5760824,1013159,107.5
5760824,1013160,127.03
5760824,1013165,98.97
5760824,1013174,68.53
5760824,1013183,59.88
5760824,1013191,59.68
5760824,1013211,60.23
5760824,1013223,90.69
5760824,1013252,99.1
5760824,1013276,46.03
5760824,1013324,48.4
5760824,1013340,58.25
5760824,1013372,76.55
5760824,1013730,77.22
5760824,1013915,60.84
5760824,1013916,59.11
5760824,1013917,83.01
5760824,1013919,53.49
5760824,1013921,76.92
5760824,1013928,88.53
5760824,1013930,42.39
5760824,1013931,85.02
5760824,1013933,42.36
5760824,1013941,46.5
5760824,1013976,65.07
5760824,1013977,66.91
5760824,1014014,70.9
5760824,1014018,82.53
5760824,1014075,94.21
5760824,1014595,45.86
5760824,1014597,47.53
5760824,1014602,93.59
5760824,1014603,45.75
5760824,1014623,59.55
5760824,1014625,75.65
5760824,1014626,29.79
5760824,1014629,46.16
5760824,1014632,60.41
5760824,1014663,29.72
5760824,1014665,57.98
5760824,1014707,64.17
5760824,1014724,30.73
5760824,1014727,43.98
5760824,1014735,31.37
5760824,1014898,77.95
5760824,1014936,34.75
5760824,1014965,39.44
5760824,1014966,29.59
5760824,1014989,36.35
5760824,1014990,58.5
5760824,1014991,62.8
5760824,1014999,37.51
5760824,1015017,38.57
5760824,1015019,37.37
5760824,1015031,53.9
5760824,1015041,38.01
5760824,1015048,117.56
5760824,1015050,66.52
5760824,1015071,59.79
5760824,1015077,59.13
5760824,1015096,65.84
5760824,1015134,77.87
5760824,1015186,23.08
5760824,1015203,28.73
5760824,1015207,41.08
5760824,1015225,37.92
5760824,1015232,68.54
5760824,1015264,75.19
5760824,1015661,61.29
5760824,1015805,81.12
5760824,1015806,40.75
5760824,1015810,72.77
5760824,1015816,44.24
5760824,1015878,45.51
5760824,1015894,69.94
5760824,1015897,42.73
5760824,1015946,55.18
5760824,1015947,69.28
5760824,1015999,54.15
5760824,1016007,23.93
5760824,1016056,65.2
5760824,1016068,54.12
5760824,1016075,44.2
5760824,1016081,44.65
5760824,1016082,44.62
5760824,1016090,25.52
5760824,1016091,38.79
5760824,1016093,31.46
5760824,1016103,29.12
5760824,1016145,36.81
5760824,1016177,22.32
5760824,1016210,69.42
5760824,1016212,28.39
5760824,1016213,50.41
5760824,1016214,29.52
5760824,1016225,28.4
5760824,1016226,66.12
5760824,1016227,46.13
5760824,1016228,58.96
5760824,1016273,74.79
5760824,1016291,21.65
5760824,1016300,27.76
5760824,1016370,60
5760824,1016371,77.35
5760824,1016372,102.68
5760824,1016373,62.38
5760824,1016374,61.06
5760824,1016375,74.1
5760824,1016398,56
5760824,1016421,50.14
5760824,1016513,60.2
5760824,1016535,56.96
5760824,1016599,28.21
5760824,1016608,110.7
5760824,1016691,23.96
5760824,1016697,30.45
5760824,1016709,28.31
5760824,1016714,34.26
5760824,1016724,56.5
5760824,1016727,68.19
5760824,1016729,45.79
5760824,1016749,23.7
5760824,1016752,27.33
5760824,1016755,27.97
5760824,1016756,42.45
5760824,1016759,16.98
5760824,1016761,36.21
5760824,1016771,49.59
5760824,1016802,50.37
5760824,1017226,55.79
5760824,1017252,54.29
5760824,1017259,59.01
5760824,1017290,39.44
5760824,1017295,58.94
5760824,1017296,58.94
5760824,1017297,58.94
5760824,1017325,54.31
5760824,1017327,58.94
5760824,1017336,67.68
5760824,1017338,26.96
5760824,1017361,60.56
5760824,1017380,45.51
5760824,1017386,30.22
5760824,1017388,22.32
5760824,1017408,29.31
5760824,1017417,95.6
5760824,1017422,66.91
5760824,1017478,76.49
5760824,1017479,54.12
5760824,1017480,51.69
5760824,1017481,44.09
5760824,1017518,26.17
5760824,1017519,26.2
5760824,1017524,39.44
5760824,1017578,54.76
5760824,1017596,51.69
5760824,1017613,54.76
5760824,1017632,43.73
5760824,1017643,45.9
5760824,1017670,50.25
5760824,1017671,109.63
5760824,1017672,45.45
5760824,1017673,48.77
5760824,1017693,76.84
5760824,1017737,51.35
5760824,1017775,48.75
5760824,1017804,58.07
5760824,1017805,43.43
5760824,1017811,38.76
5760824,1017843,41.48
5760824,1017844,55.21
5760824,1017845,71.79
5760824,1017848,91.33
5760824,1017849,82.23
5760824,1017850,86.78
5760824,1017851,112.11
5760824,1017872,43.73
5760824,1017983,18.06
5760824,1018075,32.79
5760824,1018079,49.51
5760824,1018081,50.13
5760824,1018087,28.18
5760824,1018097,32.91
5760824,1018099,32.86
5760824,1018104,32.86
5760824,1018105,32.91
5760824,1018119,41.54
5760824,1018146,74.06
5760824,1018147,70.42
5760824,1018151,74.06
5760824,1018162,47.79
5760824,1018163,43.65
5760824,1018173,40.93
5760824,1018177,63.66
5760824,1018194,33.79
5760824,1018195,33.73
5760824,1018201,43.4
5760824,1018217,33.73
5760824,1018226,40.97
5760824,1018231,39.28
5760824,1018238,40.97
5760824,1018253,27.82
5760824,1018259,79.98
5760824,1018264,54.57
5760824,1018266,63.76
5760824,1018275,63.66
5760824,1018278,63.09
5760824,1018306,25.41
5760824,1018307,20.04
5760824,1018308,20.67
5760824,1018310,24.5
5760824,1018311,52.65
5760824,1018329,37.28
5760824,1018332,51.49
5760824,1018338,33.15
5760824,1018341,33.15
5760824,1018346,32.76
5760824,1018352,44.79
5760824,1018353,44.79
5760824,1018363,35.8
5760824,1018376,24.77
5760824,1018377,19.99
5760824,1018379,19.97
5760824,1018381,53.44
5760824,1018382,19.59
5760824,1018386,19.58
5760824,1018390,19.59
5760824,1018392,28.16
5760824,1018393,24.46
5760824,1018398,20.04
5760824,1018399,24.77
5760824,1018403,22.81
5760824,1018407,28.85
5760824,1018408,28.85
5760824,1018418,29.46
5760824,1018424,29.03
5760824,1018430,53.44
5760824,1018431,35.97
5760824,1018439,35.84
5760824,1018440,31.76
5760824,1018442,30.17
5760824,1018443,38.55
5760824,1018445,36.97
5760824,1018464,27.65
5760824,1018473,21.79
5760824,1018474,37.39
5760824,1018490,75.16
5760824,1018659,108.59
5760824,1018679,54.78
5760824,1018680,54.78
5760824,1018683,59.23
5760824,1018691,69.15
5760824,1018694,79.52
5760824,1018991,39.02
5760824,1019260,35.7
5760824,1019390,70.69
5760824,1019460,27.96
5760824,1019495,38.93
5760824,1019732,73.4
5760824,1019808,92.03
5760824,1019813,70.23
5760824,1019848,71.63
5760824,1019849,51.51
5760824,1019850,55.74
5760824,1019857,62
5760824,1019866,92.6
5760824,1020334,38.48
5760824,1020335,40.93
5760824,1020336,50.09
5760824,1020347,57.31
5760824,1020356,85.78
5760824,1020409,81.66
5760824,1020412,37.67
5760824,1020739,65.12
5760824,1020862,73.51
5760824,1022006,66.25
5760824,1022120,30.31
5760824,1022140,30.45
5760824,1022143,63.37
5760824,1022155,63.44
5760824,1022164,40.58
5760824,1022352,38.68
5760824,1022353,50.89
5760824,1022363,47.55
5760824,1022366,72.12
5760824,1022376,35.88
5760824,1022377,51.55
5760824,1022384,51.66
5760824,1022391,55.16
5760824,1023498,48.84
5760824,1023703,28.28
5760824,1023794,27.4
5760824,1023982,38.22
5760824,1023983,44.58
5760824,1023989,54.09
5760824,1024010,37.51
5760824,1024031,46.18
5760824,1024043,60.4
5760824,1024075,28.28
5760824,1024329,16.3
5760824,1024348,156.37
5760824,1024771,37.67
5760824,1024818,118.29
5760824,1025272,22.39
5760824,1025634,11.81
5760824,1025982,27.04
5760824,1025989,21.73
5760824,1026014,37.67
5760824,1026066,22.51
5760824,1026126,26.54
5760824,1026226,26.54
5760824,1026329,41.8
5760824,1027967,35.11
5760824,1028749,24.53
5760824,1028826,46.11
5760824,1028858,48.43
5760824,1030517,36.43
5760824,1030992,22.3
5760824,1030993,20.36
5760824,1031075,22.71
5760824,1032171,24.63
5760824,1049290,25.51
5760824,1049300,41.37
5760824,1049375,33.49
5760824,1049406,141.45
5760824,1049407,41.37
5760824,1049408,100.45
5760824,1049443,33.67
5760824,1049449,23.93
5760824,1049452,111.41
5760824,1049464,43.45
5760824,1049466,72.97
5760824,1049467,92.91
5760824,1049483,203.83
5760824,1049511,102.83
5760824,1049513,28.4
5760824,1049527,61.41
5760824,1049655,22.15
5760824,1049656,36.82
5760824,1049657,61.94
5760824,1049658,68
5760824,1049660,56.19
5760824,1049661,68
5760824,1049666,38.29
5760824,1049667,47.97
5760824,1049670,56.23
5760824,1049671,75.9
5760824,1051922,357.82
5760824,1060301,427.9
5760824,1064907,77.77
5760824,1064908,49.07
5760824,1074702,4.85
5760824,1074779,7.14
5760824,1074781,7.14
5760824,1075018,18.08
5760824,1081123,0.56
5760824,1083633,10.28
5760824,1093669,62.74
5760824,1115602,29.05
5760824,1115816,31.75
5760824,1116197,378.67
5760824,1118444,20.22
5760824,1120640,13.51
5760824,1123549,25.11
5760824,1124144,33.46
5760824,1124197,31.91
5760824,1124198,35.7
5760824,1124225,17.78
5760824,1124509,3.8
5760824,1124661,9.5
5760824,1124663,5.7
5760824,1124846,19.37
5760824,1124847,25.81
5760824,1124968,34.17
5760824,1125147,7.81
5760824,1125353,30.72
5760824,1125354,49.01
5760824,1125777,45.84
5760824,1127750,47.32
5760824,1136652,119.29
5760824,1136987,127.67
5760824,1137040,87.88
5760824,1137174,131.19
5760824,1137420,87.88
5760824,1137674,55.44
5760824,1137675,45.9
5760824,1138045,42.23
5760824,1138435,78.93
5760824,1138500,20.95
5760824,1138678,55.23
5760824,1138776,56.96
5760824,1138799,56.95
5760824,1138800,56.64
5760824,1139294,55.82
5760824,1139412,214.56
5760824,1139577,50.43
5760824,1139593,25.75
5760824,1139594,50.43
5760824,1139595,50.43
5760824,1139596,50.43
5760824,1139597,50.43
5760824,1139769,199.44
5760824,1139787,281.26
5760824,1139822,7.89
5760824,1139827,56.28
5760824,1139855,195.34
5760824,1140026,38.84
5760824,1140442,146.4
5760824,1141012,97.76
5760824,1141839,35.07
5760824,1141840,35.07
5760824,1142725,46.83
5760824,1143207,11.39
5760824,1143208,5.13
5760824,1143216,57.2
5760824,1143365,85.41
5760824,1144590,49.14
5760824,1145470,68.67
5760824,1145514,57.01
5760824,1146442,64.74
5760824,1146784,60.91
5760824,1147894,40.18
5760824,1150414,39.73
5760824,1150416,61.64
5760824,1150772,46.13
5760824,1152004,102.83
5760824,1152600,52.38
5760824,1152951,41.48
5760824,1153142,64.55
5760824,1153916,47.04
5760824,1154268,20.21
5760824,1154885,73.47
5760824,1155469,61.46
5760824,1155623,102.29
5760824,1156733,121.02
5760824,1156782,126.96
5760824,1157057,44.66
5760824,1157134,63.35
5760824,1157428,71.89
5760824,1157504,103.23
5760824,1157506,62.68
5760824,1157659,68.47
5760824,1158365,49.1
5760824,1159074,14.84
5760824,1159160,101.06
5760824,1159541,103.94
5760824,1160158,87.37
5760824,1160159,91.11
5760824,1160468,109.34
5760824,1160500,111.13
5760824,1160963,62.21
5760824,1161075,32.15
5760824,1161647,43.73
5760824,1163026,106.56
5760824,1163109,80.52
5760824,1163482,66.9
5760824,1163806,25.96
5760824,1163918,96.64
5760824,1163919,60.01
5760824,1164144,42.4
5760824,1164700,48.55
5760824,1165227,67.26
5760824,1165447,62.04
5760824,1165466,24.04
5760824,1165568,51.43
5760824,1165582,224.57
5760824,1165768,46.79
5760824,1166319,44.06
5760824,1166941,59.96
5760824,1166944,51.09
5760824,1166946,79.98
5760824,1166953,33.74
5760824,1166965,37.31
5760824,1167221,50.46
5760824,1167366,90.69
5760824,1167664,66.85
5760824,1167692,52.56
5760824,1167898,44.81
5760824,1168470,18.44
5760824,1168626,45.66
5760824,1168647,64.74
5760824,1168648,82.59
5760824,1169524,110.69
5760824,1169805,72.88
5760824,1169999,117.25
5760824,1170000,122.44
5760824,1170150,44.43
5760824,1170221,76.58
5760824,1170295,42.07
5760824,1170952,50.5
5760824,1171103,60.09
5760824,1171105,66.02
5760824,1171161,88.75
5760824,1171532,42.95
5760824,1171583,63.92
5760824,1172456,33.09
5760824,1172734,92.43
5760824,1173022,70.65
5760824,1173023,40.15
5760824,1173027,43.1
5760824,1173448,45.97
5760824,1173620,65.12
5760824,1173844,95.93
5760824,1173919,102.22
5760824,1174760,155.25
5760824,1174778,25.75
5760824,1175277,56.73
5760824,1175499,61.09
5760824,1175563,3.92
5760824,1175564,5.13
5760824,1175708,15.15
5760824,1176968,54.96
5760824,1177104,80.2
5760824,1177425,90.2
5760824,1177430,99.23
5760824,1177579,83.31
5760824,1179034,86.34
5760824,1179969,74.11
5760824,1180299,123.62
5760824,1180411,72.65
5760824,1180415,118.93
5760824,1180546,36.73
5760824,1180550,86.63
5760824,1180799,107.53
5760824,1180806,61.21
5760824,1181376,77.77
5760824,1181377,66.26
5760824,1181658,145.55
5760824,1182213,50.3
5760824,1184793,104.51
5760824,1184960,81.64
5760824,1185176,90.91
5760824,1185497,63.11
5760824,1186019,588.28
5760824,1187434,52.09
5760824,1188248,66.25
5760824,1188346,131.56
5760824,1188601,82.74
5760824,1190529,75.05
5760824,1191088,48.15
5760824,1191203,131.43
5760824,1193975,47.21
5760824,1194150,72.93
5760824,1194992,112.79
5760824,1197779,10.13
5760824,1197817,89.57
5760824,1199772,94.89
5760824,1200059,15.21
5760824,1201029,56.12
5760824,1201306,71.18
5760824,1202028,80.11
5760824,1202706,119.25
5760824,1202913,44.81
5760824,1203825,95.63
5760824,1203925,24.73
5760824,1204302,74.41
5760824,1204303,42.8
5760824,1204304,74.41
5760824,1204723,55.42
5760824,1204724,55.35
5760824,1204725,67.85
5760824,1204726,76.26
5760824,1204730,30.58
5760824,1204732,32
5760824,1204735,32
5760824,1204740,35.82
5760824,1204741,60.66
5760824,1204742,63.46
5760824,1204743,63.46
5760824,1204744,75.14
5760824,1204745,78.59
5760824,1204746,78.59
5760824,1204747,50.89
5760824,1204764,59.03
5760824,1204864,52.24
5760824,1205553,35.07
5760824,1205819,30.58
5760824,1206087,34.65
5760824,1206311,72.34
5760824,1206986,33.98
5760824,1208044,20.22
5760824,1208217,229.99
5760824,1208248,63.23
5760824,1208281,78.48
5760824,1208457,48.3
5760824,1208572,66.89
5760824,1209104,107.11
5760824,1209409,615.45
5760824,1210027,82.03
5760824,1210658,74.41
5760824,1210832,82.84
5760824,1211200,57.03
5760824,1211900,28.1
5760824,1212082,83.77
5760824,1213203,23.72
5760824,1213404,41.05
5760824,1214009,343.32
5760824,1214749,80.6
5760824,1215680,45.55
5760824,1216330,78.43
5760824,1216353,147.28
5760824,1216580,54.68
5760824,1216805,36.45
5760824,1216890,205.05
5760824,1217491,16.83
5760824,1218575,150.28
5760824,1218909,51.33
5760824,1218918,43.19
5760824,1219028,58.41
5760824,1219029,47.43
5760824,1219505,69.58
5760824,1220487,43.05
5760824,1220987,66.48
5760824,1221039,83.49
5760824,1221223,64.74
5760824,1221329,58.07
5760824,1221599,17.87
5760824,1222321,77.75
5760824,1222384,113.04
5760824,1222385,117.49
5760824,1222721,9.78
5760824,1223033,109.23
5760824,1223083,91.15
5760824,1223116,43.03
5760824,1223150,65.99
5760824,1223439,72.69
5760824,1223506,75.12
5760824,1223661,64.26
5760824,1223710,107.11
5760824,1225851,7.96
5760824,1225872,30.48
5760824,1226250,97.86
5760824,1226251,121.19
5760824,1226252,181.57
5760824,1226253,136.45
5760824,1226545,100.02
5760824,1226969,81.11
5760824,1227412,34.46
5760824,1227430,71.9
5760824,1227708,180.16
5760824,1227765,57.55
5760824,1228273,91.18
5760824,1229021,84.02
5760824,1229023,66.47
5760824,1229024,62.44
5760824,1229026,72.82
5760824,1229034,45.27
5760824,1229272,73.83
5760824,1229275,77.31
5760824,1229279,80.01
5760824,1229280,67.59
5760824,1229282,105.02
5760824,1229356,62.36
5760824,1229833,40.14
5760824,1230237,222.25
5760824,1230285,20.85
5760824,1230614,54.76
5760824,1231308,61.72
5760824,1231363,70.54
5760824,1231531,58.96
5760824,1231537,126.2
5760824,1231646,20.69
5760824,1231659,94.62
5760824,1232194,11.42
5760824,1232258,32.79
5760824,1233776,78.48
5760824,1234560,57.57
5760824,1234965,94.09
5760824,1235054,159.29
5760824,1235055,141.68
5760824,1235056,106.37
5760824,1235057,189.75
5760824,1235274,111.04
5760824,1235765,5.86
5760824,1236009,29.94
5760824,1236521,114.46
5760824,1236974,32.69
5760824,1236975,104.82
5760824,1236976,14.75
5760824,1236991,20.4
5760824,1236992,124.65
5760824,1236993,30.92
5760824,1236994,38.74
5760824,1236996,18.95
5760824,1236997,27.12
5760824,1237864,36.68
5760824,1237865,63.59
5760824,1238426,77.23
5760824,1238593,70.64
5760824,1238594,46.49
5760824,1238858,89.94
5760824,1239550,43.43
5760824,1239957,89.21
5760824,1240299,51.89
5760824,1241174,117.55
5760824,1241480,80.52
5760824,1241676,449.23
5760824,1241801,64.74
5760824,1241802,65.53
5760824,1241844,20.86
5760824,1241952,84.31
5760824,1241953,138.19
5760824,1242387,145.42
5760824,1242400,45.37
5760824,1242554,33.61
5760824,1242781,98.29
5760824,1243808,112.79
5760824,1243827,131.56
5760824,1244747,73.24
5760824,1244763,90.7
5760824,1245096,44.98
5760824,1245136,27.2
5760824,1245154,47.42
5760824,1245196,75.51
5760824,1245290,85.41
5760824,1245347,98.42
5760824,1245827,55.23
5760824,1245866,64.47
5760824,1245973,4.86
5760824,1245989,158.1
5760824,1246262,38.45
5760824,1246532,121.02
5760824,1247012,71.47
5760824,1247196,86.55
5760824,1247566,37.51
5760824,1247890,48.72
5760824,1248237,119.81
5760824,1248364,84.53
5760824,1248551,45.38
5760824,1248580,58.19
5760824,1249141,39.54
5760824,1250024,72.69
5760824,1250326,61.29
5760824,1250429,29.11
5760824,1250761,91.18
5760824,1250774,120.97
5760824,1250797,9.73
5760824,1251099,61.29
5760824,1251752,33.95
5760824,1251760,167.11
5760824,1252076,7.96
5760824,1252078,27.9
5760824,1252293,50.59
5760824,1252706,317.29
5760824,1252735,7.42
5760824,1252745,84.53
5760824,1253227,50.59
5760824,1253228,39.72
5760824,1253307,25.96
5760824,1253876,94.46
5760824,1254089,117.92
5760824,1254090,93.83
5760824,1254594,54.13
5760824,1254708,58.96
5760824,1254803,106.69
5760824,1254925,5.13
5760824,1255301,62.68
5760824,1255303,31.56
5760824,1255304,39.33
5760824,1255305,130.19
5760824,1255306,54.48
5760824,1255308,93.82
5760824,1255309,76.05
5760824,1255310,137.7
5760824,1255504,146.12
5760824,1255811,112.29
5760824,1255815,42.49
5760824,1255821,465.23
5760824,1255824,69.09
5760824,1255826,73.24
5760824,1255839,15.97
5760824,1255840,61.46
5760824,1255841,22.11
5760824,1255843,110.8
5760824,1255851,15.76
5760824,1255853,29.98
5760824,1255855,35.26
5760824,1255893,22.28
5760824,1255895,12.87
5760824,1255899,19.23
5760824,1255906,37.32
5760824,1255909,54.37
5760824,1256386,67.38
5760824,1256511,66.84
5760824,1256911,134.69
5760824,1257356,40.16
5760824,1257358,55.96
5760824,1257933,66.25
5760824,1258544,103.12
5760824,1259811,78.26
5760824,1259885,39.99
5760824,1260325,11.63
5760824,1260659,82.86
5760824,1260663,102.16
5760824,1260860,97.94
5760824,1260976,60.56
5760824,1261256,5.49
5760824,1261367,46.12
5760824,1261649,57.41
5760824,1261749,15.39
5760824,1261840,104.08
5760824,1262021,50.85
5760824,1262263,92.34
5760824,1262477,18.43
5760824,1262534,61.68
5760824,1262546,25.96
5760824,1262721,69.56
5760824,1262722,62.62
5760824,1263080,92.14
5760824,1264107,82.86
5760824,1264532,37.19
5760824,1265816,77.6
5760824,1266235,120.49
5760824,1266250,31.63
5760824,1267367,35.05
5760824,1267787,62.66
5760824,1267791,62.72
5760824,1268173,77.39
5760824,1268451,47.49
5760824,1268609,57.47
5760824,1268670,51.73
5760824,1268740,48.55
5760824,1269530,114.22
5760824,1269532,6.96
5760824,1269557,35.95
5760824,1271593,59.22
5760824,1271594,58.99
5760824,1271595,59.33
5760824,1271635,87.78
5760824,1271637,86.77
5760824,1272295,53.41
5760824,1272298,43.33
5760824,1272461,61.46
5760824,1272506,18.44
5760824,1272930,102.52
5760824,1273113,79.56
5760824,1273216,55.24
5760824,1273218,59.2
5760824,1273246,101.34
5760824,1273913,23.72
5760824,1273914,10.66
5760824,1274682,5.13
5760824,1274764,20.69
5760824,1274969,73.12
5760824,1275160,56.28
5760824,1275960,43.37
5760824,1276216,73.46
5760824,1276396,27.2
5760824,1276397,27.2
5760824,1276448,113.91
5760824,1276461,69.79
5760824,1276580,105.23
5760824,1276665,11.42
5760824,1276951,29.94
5760824,1276978,79.98
5760824,1278533,53.31
5760824,1278534,73.91
5760824,1278535,42.05
5760824,1278536,75.28
5760824,1278704,159.64
5760824,1279015,30.75
5760824,1279594,156.82
5760824,1279601,35.94
5760824,1279604,22.87
5760824,1279790,51.09
5760824,1279889,91.76
5760824,1280406,94.32
5760824,1280409,46.1
5760824,1280843,96.87
5760824,1280844,157.42
5760824,1281082,119.84
5760824,1281087,64.93
5760824,1281161,73.35
5760824,1281163,48.32
5760824,1281164,37.6
5760824,1281174,68.75
5760824,1282346,75.51
5760824,1282347,68.82
5760824,1282495,57.39
5760824,1282802,124.98
5760824,1283044,38.19
5760824,1283130,15.89
5760824,1283642,145.74
5760824,1283808,81.92
5760824,1283831,82.86
5760824,1284024,48.85
5760824,1284179,50.26
5760824,1285998,32.98
5760824,1286209,29.73
5760824,1287553,61
5760824,1288217,74.36
5760824,1288953,106.22
5760824,1289053,27.71
5760824,1289268,38.98
5760824,1289392,12.28
5760824,1289516,73.89
5760824,1290043,96.21
5760824,1290318,27
5760824,1290329,46.92
5760824,1290395,52.79
5760824,1291701,28.72
5760824,1292094,100.55
5760824,1292397,64.79
5760824,1293122,141.75
5760824,1293642,76.29
5760824,1294015,93.8
5760824,1294087,69.37
5760824,1294107,57.91
5760824,1294182,77.47
5760824,1294557,40.41
5760824,1294644,40.34
5760824,1294735,63.27
5760824,1294778,28.26
5760824,1294780,6.37
5760824,1294782,7.72
5760824,1294783,6.72
5760824,1294853,62.24
5760824,1294994,69.26
5760824,1295152,23.14
5760824,1295445,44.26
5760824,1295631,38.84
5760824,1295801,89.07
5760824,1295822,53.53
5760824,1295823,58.18
5760824,1295824,62.35
5760824,1295826,42.8
5760824,1295853,27.95
5760824,1296009,102.86
5760824,1296090,117.84
5760824,1296114,37.06
5760824,1296227,46.13
5760824,1296479,70.67
5760824,1296750,94.83
5760824,1296916,71.18
5760824,1297191,31.1
5760824,1297618,90.45
5760824,1298122,123.3
5760824,1298123,36.54
5760824,1298194,45.27
5760824,1299380,32.6
5760824,1300587,32.96
5760824,1300908,115.61
5760824,1300909,56.61
5760824,1300913,10.93
5760824,1300917,68.46
5760824,1301351,15.89
5760824,1301415,27.04
5760824,1301475,31.75
5760824,1302830,303.69
5760824,1302888,116.85
5760824,1303202,168.88
5760824,1303427,19.28
5760824,1303541,3.49
5760824,1303582,23.72
5760824,1303584,15.78
5760824,1303996,38.54
5760824,1304114,136.88
5760824,1305046,89.9
5760824,1305388,38.78
5760824,1305404,72.53
5760824,1305405,43.22
5760824,1305616,291.6
5760824,1306328,6.84
5760824,1306345,47.37
5760824,1306346,95.93
5760824,1306430,29.07
5760824,1306935,291.6
5760824,1307515,57.91
5760824,1308315,49.33
5760824,1308658,69.44
5760824,1308659,36.9
5760824,1309363,38.78
5760824,1309572,47.09
5760824,1309573,64.79
5760824,1309575,46.92
5760824,1309576,39.25
5760824,1309577,57.91
5760824,1309578,70.44
5760824,1309580,56.51
5760824,1309583,68.99
5760824,1309586,76.93
5760824,1309589,54.3
5760824,1309896,27.94
5760824,1309897,24.93
5760824,1310438,35.46
5760824,1310968,56.57
5760824,1311945,61.88
5760824,1314525,26.99
5760824,1314793,26.75
5760824,1315043,75.19
5760824,1315656,25.96
5760824,1316059,3.35
5760824,1316957,27.06
5760824,1316971,29.61
5760824,1317396,10.13
5760824,1317473,122.06
5760824,1317863,31.12
5760824,1318741,37.84
5760824,1319142,56.28
5760824,1320740,77.82
5760824,1320796,81.92
5760824,1322791,105.17
5760824,1322801,40.49
5760824,1322886,38.44
5760824,1322958,77.25
5760824,1323358,118.17
5760824,1323566,82.61
5760824,1323656,35.27
5760824,1323657,59.43
5760824,1324510,58.36
5760824,1324522,211.24
5760824,1324672,59.38
5760824,1324782,62.24
5760824,1325017,6.69
5760824,1325184,171.93
5760824,1325256,7.96
5760824,1325396,80.81
5760824,1325423,81.53
5760824,1325546,51.1
5760824,1325577,95.64
5760824,1325738,27.7
5760824,1325887,72.9
5760824,1326042,46.5
5760824,1326082,38.96
5760824,1326746,36.31
5760824,1326915,59.38
5760824,1326918,58.19
5760824,1326923,27.64
5760824,1326925,32.47
5760824,1326927,61.83
5760824,1326930,106.65
5760824,1326933,73.22
5760824,1326935,38.84
5760824,1326939,49.31
5760824,1326941,69.29
5760824,1326942,112.92
5760824,1326943,109.57
5760824,1326944,80.67
5760824,1326948,21.46
5760824,1326949,42.78
5760824,1326950,42.92
5760824,1326952,36.58
5760824,1326953,41.28
5760824,1326955,41.86
5760824,1327193,89.23
5760824,1327229,8.99
5760824,1327329,80
5760824,1328067,145.3
5760824,1328579,546.75
5760824,1328675,73.1
5760824,1329257,114.19
5760824,1329849,36.26
5760824,1330066,10.58
5760824,1330677,20.22
5760824,1330692,63.3
5760824,1330856,96.71
5760824,1330864,117.84
5760824,1330973,132.61
5760824,1332022,88.63
5760824,1332034,24.75
5760824,1332224,28.04
5760824,1332227,1.4
5760824,1332579,39.16
5760824,1334164,81.1
5760824,1334166,88.51
5760824,1335957,36.03
5760824,1336588,77.54
5760824,1337141,71.13
5760824,1337254,4.09
5760824,1337566,46.1
5760824,1337683,59.05
5760824,1337746,40.8
5760824,1337747,41.61
5760824,1338066,131.54
5760824,1338258,143.05
5760824,1338350,63.53
5760824,1338620,41.8
5760824,1338683,129.45
5760824,1339274,48.55
5760824,1339467,43.61
5760824,1339468,38.16
5760824,1339597,19.34
5760824,1339686,72.31
5760824,1340155,103.2
5760824,1340695,7.24
5760824,1340712,75.02
5760824,1340740,62.78
5760824,1341990,15.89
5760824,1342116,39.97
5760824,1342846,21.97
5760824,1343433,88.75
5760824,1343514,87.74
5760824,1343515,91.11
5760824,1343516,73.77
5760824,1343518,85.97
5760824,1343519,111.59
5760824,1344109,74.08
5760824,1344210,2.83
5760824,1344797,21.97
5760824,1345066,61.47
5760824,1345213,87.66
5760824,1345800,94.19
5760824,1345824,56.73
5760824,1346353,40.04
5760824,1346402,38.58
5760824,1346407,44.41
5760824,1346408,60.63
5760824,1346409,47.51
5760824,1346410,47.32
5760824,1346554,80.71
5760824,1347381,57.87
5760824,1347981,86.69
5760824,1348183,29.57
5760824,1348607,114.19
5760824,1348608,82.86
5760824,1348609,82.86
5760824,1348660,53.13
5760824,1349107,15.89
5760824,1349142,99.4
5760824,1349260,80.71
5760824,1349261,80.71
5760824,1349303,44.98
5760824,1352278,68.82
5760824,1352823,28.81
5760824,1352841,89.65
5760824,1352970,54.45
5760824,1353058,54.48
5760824,1353209,55.32
5760824,1354406,57.06
5760824,1354522,69.88
5760824,1354612,14.51
5760824,1354630,240.25
5760824,1356190,52.79
5760824,1356191,48.08
5760824,1356193,41.97
5760824,1356526,67.18
5760824,1356998,74.71
5760824,1357178,109.34
5760824,1357179,83.15
5760824,1357358,102.03
5760824,1357385,74.76
5760824,1357386,60.37
5760824,1357388,101.05
5760824,1357389,133.14
5760824,1357397,67.95
5760824,1357424,60.38
5760824,1357634,92.91
5760824,1358070,75.73
5760824,1358071,71.65
5760824,1358212,357.82
5760824,1358762,46.36
5760824,1358849,2.6
5760824,1359578,102.16
5760824,1359640,70.53
5760824,1359954,76.18
5760824,1360102,27.07
5760824,1360971,46.86
5760824,1362063,47.59
5760824,1362148,82.43
5760824,1362926,65.29
5760824,1363607,47.16
5760824,1364158,65.08
5760824,1364509,84.48
5760824,1364533,51.3
5760824,1364649,109.96
5760824,1364768,45.99
5760824,1364833,110.2
5760824,1366229,90.34
5760824,1366439,63.55
5760824,1367299,62.61
5760824,1367623,79.49
5760824,1367635,21.36
5760824,1368171,58.71
5760824,1368308,81.53
5760824,1368660,71.47
5760824,1368661,113.71
5760824,1368675,58.53
5760824,1368676,59.9
5760824,1368677,49.36
5760824,1369273,78.96
5760824,1369274,89.15
5760824,1370280,48.8
5760824,1370408,55.42
5760824,1370595,64.32
5760824,1370710,114.13
5760824,1371241,133.62
5760824,1371643,43.9
5760824,1373009,58.3
5760824,1373020,73.41
5760824,1373329,55.25
5760824,1373390,79.34
5760824,1373625,9.78
5760824,1374526,17.91
5760824,1374998,154.71
5760824,1375061,63.03
5760824,1375062,90.59
5760824,1376642,24.93
5760824,1377008,68.85
5760824,1377366,133.65
5760824,1377384,222.53
5760824,1377386,91.78
5760824,1377387,105.92
5760824,1377391,61.6
5760824,1377393,131.71
5760824,1377395,166.16
5760824,1377396,74.51
5760824,1377553,59.6
5760824,1377554,59.61
5760824,1378403,39.16
5760824,1378619,85.21
5760824,1378884,49.48
5760824,1378991,62.7
5760824,1379406,31.93
5760824,1379700,152.95
5760824,1379910,96.26
5760824,1379911,95.12
5760824,1379932,92.94
5760824,1380462,74.7
5760824,1380987,59.65
5760824,1380988,82.17
5760824,1382940,4.85
5760824,1383429,56.73
5760824,1383458,134.06
5760824,1383516,120.62
5760824,1383581,74.34
5760824,1384017,43.51
5760824,1384030,32.94
5760824,1384116,54.9
5760824,1384662,93.48
5760824,1384809,100.88
5760824,1384927,73.35
5760824,1385522,95.91
5760824,1386321,70.49
5760824,1386621,52.28
5760824,1386948,113.72
5760824,1387100,69.94
5760824,1387124,76.6
5760824,1387285,86.47
5760824,1387414,77.45
5760824,1388366,97.23
5760824,1389666,46.59
5760824,1390282,47.83
5760824,1390283,53.06
5760824,1390284,63.43
5760824,1390471,140.12
5760824,1390965,98.2
5760824,1393128,58.15
5760824,1393149,73.26
5760824,1393174,54.23
5760824,1393593,95.12
5760824,1393595,104.51
5760824,1394368,140.12
5760824,1394369,140.12
5760824,1396092,46.6
5760824,1396094,33.73
5760824,1396489,35.84
5760824,1396550,56.51
5760824,1397154,43.67
5760824,1399816,47.79
5760824,1403825,40.87
5760824,1403826,44.55
5760824,1403870,65.79
5760824,1403871,114.9
5760824,1403877,37.14
5760824,1403878,24.47
5760824,1404330,40.87
5760824,1004324,67.07
5760824,1004325,75.79
5760824,1004820,58.64
5760824,1004974,77.92
5760824,1004975,74.87
5760824,1005960,90.89
5760824,1005961,80.37
5760824,1006327,12.03
5760824,1007642,10.81
5760824,1007687,104.04
5760824,1007879,16.21
5760824,1007901,7.96
5760824,1008384,127.02
5760824,1008623,47.51
5760824,1008939,101.29
5760824,1008995,90
5760824,1009590,166.06
5760824,1011608,121.79
5760824,1011610,162.52
5760824,1013003,76.32
5760824,1014986,102.23
5760824,1014987,64.32
5760824,1014988,156.1
5760824,1014997,72.22
5760824,1015016,95.92
5760824,1015060,64.79
5760824,1016612,45.4
5760824,1019573,107.73
5760824,1019575,90.71
5760824,1019576,114.82
5760824,1019806,64.32
5760824,1020800,69.97
5760824,1020801,76.79
5760824,1027646,57.19
5760824,1027759,24.5
5760824,1027791,39.58
5760824,1027977,21.44
5760824,1027981,41.59
5760824,1028013,31.46
5760824,1028049,36.59
5760824,1028251,42.56
5760824,1028254,41.27
5760824,1028260,49.69
5760824,1028471,73.57
5760824,1028626,32.69
5760824,1031492,47.53
5760824,1031493,47.53
5760824,1032801,58.01
5760824,1033716,190.26
5760824,1033983,63.67
5760824,1083224,86.94
5760824,1083225,86.94
5760824,1083226,86.94
5760824,1140444,114.17
5760824,1141993,178.06
5760824,1144955,66.01
5760824,1146806,112.73
5760824,1150929,132.72
5760824,1154097,89.22
5760824,1155503,55.77
5760824,1155816,119.99
5760824,1158727,159.18
5760824,1164426,94.83
5760824,1164593,55.77
5760824,1164594,55.77
5760824,1165148,112.25
5760824,1165667,70.38
5760824,1167691,65.78
5760824,1170441,140.94
5760824,1170442,289.74
5760824,1170443,144.96
5760824,1170964,21.44
5760824,1171184,90.6
5760824,1172517,87.97
5760824,1172650,90.24
5760824,1172858,144.26
5760824,1173353,90.09
5760824,1174160,89.22
5760824,1174161,121.78
5760824,1174264,47.6
5760824,1174265,47.6
5760824,1174266,47.6
5760824,1175059,148.54
5760824,1175298,134.72
5760824,1175702,91.98
5760824,1175738,175.5
5760824,1175813,74.63
5760824,1176294,183.91
5760824,1179911,45.55
5760824,1182302,65.81
5760824,1184102,4.54
5760824,1185475,112.25
5760824,1185476,106.74
5760824,1185477,99.29
5760824,1194044,56.9
5760824,1194329,51.44
5760824,1196344,4.81
5760824,1196346,1.37
5760824,1198596,99.24
5760824,1199094,105.53
5760824,1199096,79.33
5760824,1199097,79.17
5760824,1199098,90.24
5760824,1199100,94.83
5760824,1199102,87.97
5760824,1199104,99.16
5760824,1199105,108.8
5760824,1199106,76.32
5760824,1199107,64.32
5760824,1199890,46.66
5760824,1200246,105.53
5760824,1200545,86.75
5760824,1205857,183.86
5760824,1208751,55.77
5760824,1208799,95.28
5760824,1208800,74.05
5760824,1209204,98.14
5760824,1209205,114.15
5760824,1209207,135.95
5760824,1209439,82.66
5760824,1209802,100.23
5760824,1209803,126.26
5760824,1209820,56.57
5760824,1211189,79.17
5760824,1213998,141.03
5760824,1214126,198.36
5760824,1214561,99.16
5760824,1215162,64.43
5760824,1215200,99.29
5760824,1215385,83.29
5760824,1215430,126.08
5760824,1216041,104.32
5760824,1216101,102.82
5760824,1216102,123.66
5760824,1216518,81.71
5760824,1217603,129.45
5760824,1217879,88.39
5760824,1217947,140.61
5760824,1217948,113.93
5760824,1218707,112.26
5760824,1218771,130.14
5760824,1219683,148.68
5760824,1219684,112.35
5760824,1219689,329.84
5760824,1220337,97.79
5760824,1220338,52.08
5760824,1220395,116.95
5760824,1222059,77.06
5760824,1222341,106.69
5760824,1222731,82.87
5760824,1223821,73.2
5760824,1223917,123.07
5760824,1224182,64.96
5760824,1226207,150.87
5760824,1226279,112.6
5760824,1226281,131.98
5760824,1226282,86.62
5760824,1226724,107.14
5760824,1226840,162.84
5760824,1227107,167.45
5760824,1227953,85.41
5760824,1228613,124.46
5760824,1229427,134.72
5760824,1229992,103.77
5760824,1230046,207.93
5760824,1231616,4.81
5760824,1231756,47.53
5760824,1232334,9.57
5760824,1232559,50.95
5760824,1232560,50.95
5760824,1232561,50.95
5760824,1234248,35.42
5760824,1234681,55.77
5760824,1236259,79.07
5760824,1236336,122.49
5760824,1236506,9.57
5760824,1237054,56.57
5760824,1237466,76.98
5760824,1237924,126.22
5760824,1238003,106.59
5760824,1239252,130.27
5760824,1239253,97.59
5760824,1240024,48
5760824,1241039,38.96
5760824,1241347,72.38
5760824,1241534,54.44
5760824,1242013,69.55
5760824,1243059,130.53
5760824,1243218,69.55
5760824,1243378,67.71
5760824,1243379,69.46
5760824,1245225,74.85
5760824,1245273,63.94
5760824,1246218,95.75
5760824,1246219,76.49
5760824,1246220,77.35
5760824,1246916,82.94
5760824,1246976,48.04
5760824,1247100,132.75
5760824,1247581,199.46
5760824,1248222,82.45
5760824,1248784,52.51
5760824,1248785,150.35
5760824,1248786,77.82
5760824,1248787,53.74
5760824,1249941,57.94
5760824,1249980,55.99
5760824,1251304,123.09
5760824,1251306,81.42
5760824,1251337,160.92
5760824,1252166,48.55
5760824,1253103,114.25
5760824,1253201,74.01
5760824,1253461,17.42
5760824,1253561,90.57
5760824,1253685,109.47
5760824,1253740,86.88
5760824,1254440,85.6
5760824,1254569,42.34
5760824,1255008,168.9
5760824,1255009,126.2
5760824,1255010,133.91
5760824,1255011,93.23
5760824,1255355,79.33
5760824,1255459,103.24
5760824,1255474,174.91
5760824,1256174,5.36
5760824,1257893,92.12
5760824,1259322,84.49
5760824,1259947,128.47
5760824,1259948,108.29
5760824,1261517,134.3
5760824,1261659,210.14
5760824,1261896,76.59
5760824,1262063,156.63
5760824,1262064,231.17
5760824,1262468,131.94
5760824,1262677,24.06
5760824,1262751,157.57
5760824,1262890,63.6
5760824,1262891,63.6
5760824,1262892,63.6
5760824,1263062,87.83
5760824,1263063,87.88
5760824,1263359,123.02
5760824,1263957,62.43
5760824,1264812,77.29
5760824,1264813,77.29
5760824,1265503,118.37
5760824,1266201,137.78
5760824,1266728,149.91
5760824,1267552,136.07
5760824,1268013,84.81
5760824,1268221,165.37
5760824,1268222,44.45
5760824,1268223,96.32
5760824,1268224,126.19
5760824,1268226,34.2
5760824,1268415,142.53
5760824,1268416,192.11
5760824,1268417,142.01
5760824,1269023,112.9
5760824,1271127,64.48
5760824,1272866,4.81
5760824,1273939,78.19
5760824,1274007,120.37
5760824,1274036,69.81
5760824,1274875,67.11
5760824,1277092,11.43
5760824,1278452,47.67
5760824,1279297,184.64
5760824,1279298,83.69
5760824,1279609,87.97
5760824,1279852,73.38
5760824,1279853,53.33
5760824,1279856,80.96
5760824,1279860,124.57
5760824,1279863,134.86
5760824,1279865,84.49
5760824,1279867,110.76
5760824,1279868,74.12
5760824,1279869,84.42
5760824,1279870,91.22
5760824,1281729,101.04
5760824,1282039,51.13
5760824,1282172,127.96
5760824,1283132,50.56
5760824,1285295,42.34
5760824,1288295,95.83
5760824,1290289,205.65
5760824,1290291,75.4
5760824,1291296,90.72
5760824,1293049,72.36
5760824,1293568,133.14
5760824,1296434,158.19
5760824,1296445,48.19
5760824,1296451,89.64
5760824,1296505,195.85
5760824,1296507,59.85
5760824,1296917,139.97
5760824,1298300,242.39
5760824,1299670,86.71
5760824,1300010,165.36
5760824,1300625,15.35
5760824,1301171,75.31
5760824,1302182,2.71
5760824,1302554,169.21
5760824,1303200,89.54
5760824,1304938,87.82
5760824,1304939,110.19
5760824,1305045,156.08
5760824,1307479,85.21
5760824,1310629,72.88
5760824,1311644,275.64
5760824,1312446,72.3
5760824,1312448,68.14
5760824,1312449,68.14
5760824,1312450,66.81
5760824,1312460,95.4
5760824,1312712,110.87
5760824,1312804,55.78
5760824,1313554,108.8
5760824,1313562,83.13
5760824,1314075,62.68
5760824,1315151,8.75
5760824,1315309,93.86
5760824,1317363,43.44
5760824,1319695,92.33
5760824,1319710,104.56
5760824,1319863,107.02
5760824,1320044,87.23
5760824,1320046,65.77
5760824,1320214,35.72
5760824,1320800,160.43
5760824,1320801,147.89
5760824,1321060,59.38
5760824,1321256,120.29
5760824,1321968,93.85
5760824,1322282,180.73
5760824,1322378,178
5760824,1322379,98.1
5760824,1323524,58.21
5760824,1324422,17.62
5760824,1324501,16.4
5760824,1324575,59.41
5760824,1324620,136.82
5760824,1325454,126.71
5760824,1325822,87.21
5760824,1326250,93.82
5760824,1326334,95.97
5760824,1328236,126.26
5760824,1329105,69.82
5760824,1329199,83.87
5760824,1330030,93.06
5760824,1330161,190.51
5760824,1331175,73.85
5760824,1331448,92.77
5760824,1331568,156.9
5760824,1331569,243.36
5760824,1331570,164.49
5760824,1331571,214.74
5760824,1331572,180.89
5760824,1331723,59.76
5760824,1332076,130.47
5760824,1332077,99.94
5760824,1332078,92.93
5760824,1332079,92.93
5760824,1332081,116.51
5760824,1332082,111.67
5760824,1332083,144.15
5760824,1332335,86.51
5760824,1332341,143.9
5760824,1334003,219.42
5760824,1335069,60.89
5760824,1335070,85.69
5760824,1335071,85.63
5760824,1335072,84.48
5760824,1335073,45.92
5760824,1335074,99.18
5760824,1335076,61.5
5760824,1335078,114.7
5760824,1335307,75.31
5760824,1335336,89.12
5760824,1336634,1508.93
5760824,1336636,31.95
5760824,1337064,107.16
5760824,1337763,119.02
5760824,1338036,100.79
5760824,1338037,100.79
5760824,1338585,53.94
5760824,1338922,111.69
5760824,1341521,75.85
5760824,1341938,187.16
5760824,1341980,142.73
5760824,1343850,20.98
5760824,1344170,85.99
5760824,1345023,84.51
5760824,1345024,84.51
5760824,1345027,84.51
5760824,1345109,1.48
5760824,1345153,101.36
5760824,1345562,96.91
5760824,1345892,240.57
5760824,1347030,167.67
5760824,1347127,60.19
5760824,1347472,127.6
5760824,1349712,3.89
5760824,1349713,10.34
5760824,1351492,48.58
5760824,1351624,65.14
5760824,1352245,111.08
5760824,1353255,18.23
5760824,1354176,74.44
5760824,1354356,136.6
5760824,1358983,85.94
5760824,1359178,57.23
5760824,1359179,69.31
5760824,1360152,51.86
5760824,1360429,87.62
5760824,1360440,120.64
5760824,1360883,79.19
5760824,1360884,85.65
5760824,1363821,53.2
5760824,1365177,120.75
5760824,1376833,114.82
5760824,1379290,88.59
5760824,1380431,99.8
5760824,1380533,62.96
5760824,1383067,114.17
5760824,1383258,132.62
5760824,1384330,84.49
5760824,1384624,90.57
5760824,1386561,151.23
5760824,1388508,70.83
5760824,1388509,74.82
5760824,1388510,76.19
5760824,1388511,79.3
5760824,1388513,81.39
5760824,1388514,160
5760824,1388515,179.97
5760824,1388516,112.46
5760824,1388517,116.37
5760824,1388518,134.57
5760824,1388519,75.79
5760824,1388523,159.66
5760824,1388541,119.46
5760824,1388550,100.17
5760824,1388553,148.54
5760824,1395078,71.63
5760824,1395079,78.18
5760824,1395080,58.44
5760824,1395081,84.53
5760824,1395128,14
5760824,1406305,64.92
