Account,Header Code/Type ,Document Number,Date,PO#,Original Invoice Amount,Current Total Open Amount,Acme Customer Number,Ship To Network Number

120,RI,7565795,05/02/2022,361090027660,135.15,.00,449441,
120,RI,7693863,01/10/2023,4503411816,3.39,.00,195445,
120,RI,7732319,03/30/2023,VERBAL,47.48,.00,461484,
120,RI,7795221,08/07/2023,.,79.40,.00,406125,
120,RI,7803816,08/25/2023,B04050002323,18.09,.00,406113,
120,RI,7804766,08/28/2023,B04050002326,821.82,.00,406119,
120,RI,7809631,09/07/2023,B04050002357,462.63,.00,406521,
120,RI,7812115,09/12/2023,CANTON091123,1565.52,.00,406028,
120,RI,7812355,09/12/2023,MATT WILSON,545.24,.00,406028,
120,RI,7812686,09/13/2023,KRIS,788.77,.00,406024,
120,RI,7814818,09/18/2023,50630166,36.54,.00,437478,
120,RI,7815622,09/19/2023,VERBAL,115.84,.00,461011,
120,RI,7816094,09/19/2023,TGT091823,6442.14,.00,406024,
120,RI,7816924,09/21/2023,KITS,122.97,.00,406024,
120,RI,7817695,09/22/2023,B04050002400,357.74,.00,406126,
120,RI,7819183,09/26/2023,TGT092223,1353.69,.00,406024,
120,RI,7822044,09/29/2023,VERBAL,45.11,.00,632334,
120,RI,7822649,10/03/2023,FRANK STALLINGS,700.13,.00,406521,
120,RI,7822650,10/03/2023,FRANK STALLINGS,207.46,.00,406521,
120,RI,7822895,10/03/2023,B04050002432,1808.95,.00,406110,
120,RI,7823033,10/03/2023,SF10022023,1134.67,.00,626722,
120,RI,7823171,10/03/2023,TGT10223,3212.74,.00,406024,
120,RI,7823260,10/03/2023,B04050002442,81.79,.00,406119,
120,RI,7824630,10/05/2023,B04060002363,815.37,.00,406004,
120,RI,7825749,10/09/2023,B04050002428,69.79,.00,406520,
120,RI,7826780,10/10/2023,B04050002466,129.40,.00,406112,
120,RI,7827698,10/12/2023,FRANK STALLINGS,68.99,.00,406521,
120,RI,7828637,10/13/2023,0047,511.10,.00,499301,
120,RI,7829333,10/16/2023,0047,222.52,.00,499301,
120,RI,7830939,10/18/2023,53478581,56.85,.00,449302,
120,RI,7831124,10/18/2023,TGT101623,876.41,.00,406024,
120,RI,7831455,10/18/2023,TGT092223,1839.79,.00,406024,
120,RI,7833072,10/23/2023,B04610039723,431.98,.00,740183,
120,RI,7834252,10/24/2023,TGT092223,561.91,.00,406024,
120,RI,7834298,10/25/2023,B04050002508,103.95,.00,406520,
120,RI,7834351,10/25/2023,B04610039293,86.65,.00,461807,
120,RI,7834361,10/25/2023,B04610039605,90.39,.00,740183,
120,RI,7834766,10/25/2023,B04050002510,604.87,.00,406103,
120,RI,7835040,10/25/2023,FRANK STALLINGS,156.16,.00,406521,
120,RI,7835066,10/26/2023,0047,229.35,.00,499301,
120,RI,7835107,10/26/2023,IAN SCHEFF,198.01,.00,406117,
120,RI,7835349,10/26/2023,B04050002511,1400.22,.00,406020,
120,RI,7835374,10/26/2023,B04050002512,898.69,.00,406105,
120,RI,7835551,10/26/2023,B04050002515,472.72,.00,406521,
120,RI,7835701,10/26/2023,B04050002441,89.72,.00,406521,
120,RI,7836553,10/30/2023,B04050002510,37.21,.00,406103,
120,RI,7836939,10/30/2023,B04050002516,668.90,.00,406119,
120,RI,7837146,10/30/2023,MATT WILSON,663.97,.00,406028,
120,RI,7837211,10/30/2023,B04050002443,13.36,.00,406028,
120,RI,7837223,10/31/2023,B04050002518,1444.09,.00,406126,
120,RI,7837241,10/31/2023,B04610040124,29.56,.00,461615,
120,RI,7837316,10/31/2023,B04050002519,1483.06,.00,406106,
120,RI,7837499,10/31/2023,B04050002517,1500.27,.00,406110,
120,RI,7837511,10/31/2023,B04050002520,764.79,.00,406108,
120,RI,7837551,10/31/2023,TGT103023,1328.06,.00,406024,
120,RI,7837554,10/31/2023,B04050002522,2080.12,.00,406125,
120,RI,7837601,10/31/2023,B04050002523,1457.15,.00,406111,
120,RI,7837654,10/31/2023,B04050002525,858.48,.00,406115,
120,RI,7837694,10/31/2023,B04050002526,1584.34,.00,406107,
120,RI,7837714,10/31/2023,TGT092223,34.48,.00,406024,
120,RI,7837758,10/31/2023,B04050002527,1232.18,.00,406103,
120,RI,7837921,10/31/2023,TGT092223,318.17,.00,406024,
120,RI,7837965,11/01/2023,DRINK MACHINE PARTS,172.44,.00,194661,
120,RI,7838339,11/01/2023,B04050002528,1037.66,.00,406028,
120,RI,7838409,11/01/2023,B04050002530,881.89,.00,406112,
120,RI,7838773,11/02/2023,B04050002526,37.68,.00,406107,
120,RI,7838775,11/02/2023,TOILET TISSUE,61.76,.00,406126,
120,RI,7839104,11/02/2023,B04050002532,1346.65,.00,406101,
120,RI,7839109,11/02/2023,B04050002533,1153.47,.00,406020,
120,RI,7839157,11/02/2023,B04050002534,1400.13,.00,406113,
120,RI,7839798,11/03/2023,B04050002535,775.45,.00,406520,
120,RI,7840363,11/06/2023,0047/010047,162.78,.00,499301,
120,RI,7840663,11/06/2023,B04050002536,609.31,.00,406119,
120,RI,7841070,11/07/2023,B04050002544,1184.10,.00,406106,
120,RI,7841152,11/07/2023,SHORTED,281.01,.00,406520,
120,RI,7841202,11/07/2023,B04050002537,1383.54,.00,406110,
120,RI,7841206,11/07/2023,B04050002538,589.03,.00,406108,
120,RI,7841207,11/07/2023,B04050002539,1505.37,.00,406105,
120,RI,7841208,11/07/2023,B04050002540,195.15,.00,406108,
120,RI,7841299,11/07/2023,B04050002541,1758.52,.00,406125,
120,RI,7841394,11/07/2023,B04050002542,741.13,.00,406115,
120,RI,7841417,11/07/2023,B04050002543,962.85,.00,406107,
120,RI,7841455,11/07/2023,B04050002545,1202.51,.00,406103,
120,RI,7841482,11/07/2023,GTCAN110623,792.87,.00,406028,
120,RI,7841505,11/07/2023,B04050002546,1123.83,.00,406112,
120,RI,7841601,11/07/2023,B04050002548,1220.82,.00,406111,
120,RI,7841632,11/07/2023,B04050002517,10.59,.00,406110,
120,RI,7841641,11/07/2023,B04050002503,16.42,.00,406107,
120,RI,7841654,11/07/2023,B04050002535,29.00,.00,406520,
120,RI,7841743,11/08/2023,FRED,84.27,.00,406105,
120,RI,7842016,11/08/2023,TGT11623,1359.30,.00,406024,
120,RI,7842158,11/08/2023,B04050002550,328.54,.00,406111,
120,RI,7842785,11/09/2023,B04050002551,1333.98,.00,406020,
120,RI,7842812,11/09/2023,MATT,176.63,.00,406028,
120,RI,7842842,11/09/2023,B04050002553,1054.33,.00,406113,
120,RI,7843143,11/09/2023,B04050002533,8.01,.00,406020,
120,RI,7843252,11/10/2023,KATIE,57.35,.00,406117,
120,RI,7843270,11/10/2023,.,73.30,.00,406028,
120,RI,7843305,11/10/2023,B04050002555,206.67,.00,406106,
120,RI,7843414,11/10/2023,LB110823,3620.49,.00,626722,
120,RI,7843448,11/10/2023,B04050002554,860.49,.00,406520,
120,RI,7844243,11/13/2023,B04050002556,563.01,.00,406119,
120,RI,7844540,11/14/2023,B04050002558,1423.56,.00,406126,
120,RI,7844613,11/14/2023,B04050002559,1194.80,.00,406106,
120,RI,7844634,11/14/2023,0040,67.82,.00,499301,
120,RI,7844765,11/14/2023,B04050002557,1164.03,.00,406110,
120,RI,7844776,11/14/2023,B04050002560,491.91,.00,406108,
120,RI,7844836,11/14/2023,TGT111323,721.58,.00,406024,
120,RI,7844891,11/14/2023,B04050002562,628.32,.00,406105,
120,RI,7844929,11/14/2023,B04050002564,910.88,.00,406520,
120,RI,7844933,11/14/2023,B04050002565,798.88,.00,406115,
120,RI,7844938,11/14/2023,B04050002566,1121.08,.00,406107,
120,RI,7844966,11/14/2023,B04050002567,1665.00,.00,406125,
120,RI,7845031,11/14/2023,CANTON111323,595.36,.00,406028,
120,RI,7845074,11/14/2023,B04050002569,1332.13,.00,406111,
120,RI,7845163,11/14/2023,B04050002541,200.79,.00,406125,
120,RI,7845181,11/14/2023,TGT103023,26.24,.00,406024,
120,RI,7845195,11/14/2023,TGT092223,103.45,.00,406024,
120,RI,7845270,11/15/2023,JOHN,65.19,.00,406115,
120,RI,7845278,11/15/2023,WILL CALL,255.60,.00,407300,
120,RI,7845578,11/15/2023,B04050002570,1391.41,.00,406112,
120,RI,7845663,11/15/2023,B04050002571,207.67,.00,406119,
120,RI,7845716,11/15/2023,B04050002572,1223.89,.00,406103,
120,RI,7845912,11/15/2023,TGT111323,106.15,.00,406024,
120,RI,7845913,11/15/2023,CANTON111323,283.06,.00,406028,
120,RI,7845914,11/15/2023,B04050002562,176.91,.00,406105,
120,RI,7845915,11/15/2023,B04050002560,141.53,.00,406108,
120,RI,7845965,11/16/2023,WILL CALL,290.60,.00,407300,
120,RI,7846033,11/16/2023,HINGED,140.92,.00,406126,
120,RI,7846313,11/16/2023,B04050002573,1468.29,.00,406020,
120,RI,7846356,11/16/2023,B04050002575,1347.67,.00,406113,
120,RI,7846414,11/16/2023,B04050002576,143.52,.00,406113,
120,RI,7846720,11/17/2023,IAN SCHEFF,346.19,.00,406117,
120,RI,7846826,11/17/2023,NURSING,28.17,.00,885700,
120,RI,7847423,11/17/2023,CANTON111323,5.57,.00,406028,
120,RI,7847486,11/20/2023,VERBAL,96.16,.00,94890,
120,RI,7847747,11/20/2023,B04050002577,452.75,.00,406119,
120,RI,7848359,11/21/2023,TGT112023,1128.07,.00,406024,
120,RI,7848360,11/21/2023,B04050002581,1299.91,.00,406520,
120,RI,7848394,11/21/2023,B04050002583,2288.72,.00,406125,
120,RI,7848443,11/21/2023,B04050002584,1291.69,.00,406103,
120,RI,7848461,11/21/2023,B04050002585,1990.93,.00,406115,
120,RI,7848522,11/21/2023,B04050002586,1867.03,.00,406107,
120,RI,7848650,11/21/2023,B04050002590,1181.06,.00,406112,
120,RI,7848652,11/21/2023,B04050002588,1481.78,.00,406111,
120,RI,7848658,11/21/2023,B04050002591,66.65,.00,406111,
120,RI,7848724,11/21/2023,B04050002579,2564.08,.00,406110,
120,RI,7848732,11/21/2023,B04050002563,1306.72,.00,406108,
120,RI,7848744,11/21/2023,B04050002578,1966.33,.00,406101,
120,RI,7848773,11/21/2023,B04050002540,200.79,.00,406108,
120,RI,7848774,11/21/2023,B04050002530,200.79,.00,406112,
120,RI,7848776,11/21/2023,B04050002546,42.26,.00,406112,
120,RI,7848777,11/21/2023,B04050002545,123.13,.00,406103,
120,RI,7848833,11/22/2023,B04050002587,754.77,.00,406126,
120,RI,7848913,11/22/2023,B04050002580,2107.49,.00,406106,
120,RI,7848988,11/22/2023,JOSH,98.57,.00,406024,
120,RI,7849173,11/22/2023,B04050002593,1402.68,.00,406028,
120,RI,7849365,11/22/2023,B04050002595,1075.66,.00,406020,
120,RI,7849467,11/24/2023,PER CORPORATE OFFICE,445.72,.00,406117,
120,RI,7849696,11/24/2023,B04050002589,1120.63,.00,406113,
120,RI,7849726,11/24/2023,B04050002594,180.90,.00,406113,
120,RI,7850445,11/28/2023,B04050002597,825.25,.00,406126,
120,RI,7850518,11/28/2023,B04050002599,828.88,.00,406106,
120,RI,7850673,11/28/2023,B04050002596,730.19,.00,406119,
120,RI,7850678,11/28/2023,B04050002598,805.77,.00,406110,
120,RI,7850690,11/28/2023,B04050002600,402.90,.00,406108,
120,RI,7850793,11/28/2023,TGT112723,762.95,.00,406024,
120,RI,7850852,11/28/2023,B04050002602,1226.71,.00,406125,
120,RI,7850913,11/28/2023,B04050002603,1285.64,.00,406115,
120,RI,7850914,11/28/2023,B04050002604,1683.58,.00,406105,
120,RI,7850925,11/28/2023,B04050002605,1166.42,.00,406111,
120,RI,7850931,11/28/2023,CANTON112723,818.16,.00,406028,
120,RI,7850956,11/28/2023,B04050002607,916.76,.00,406107,
120,RI,7850978,11/28/2023,CANTON1127B,70.77,.00,406028,
120,RI,7851027,11/28/2023,B04050002609,1274.05,.00,406103,
120,RI,7851189,11/29/2023,B04050002605,22.66,.00,406111,
120,RI,7851190,11/29/2023,AMANDA,27.43,.00,406108,
120,RI,7851711,11/29/2023,B04050002611,575.76,.00,406112,
120,RI,7851808,11/29/2023,B04050002600,81.62,.00,406108,
120,RI,7851993,11/30/2023,NEMCO,423.39,.00,406024,
120,RI,7852123,11/30/2023,B04050002612,1401.28,.00,406020,
120,RI,7852206,11/30/2023,B04050002613,1163.49,.00,406113,
120,RI,7852810,12/01/2023,B04050002614,1316.66,.00,406520,
120,RI,7853059,12/01/2023,060064,50.00,.00,694007,
120,RI,7853995,12/05/2023,B04050002622,1084.35,.00,406106,
120,RI,7854105,12/05/2023,B04050002615,635.85,.00,406119,
120,RI,7854108,12/05/2023,B04050002616,127.09,.00,406119,
120,RI,7854115,12/05/2023,B04050002617,822.56,.00,406110,
120,RI,7854117,12/05/2023,B04050002618,100.62,.00,406119,
120,RI,7854119,12/05/2023,CANTON123223,817.91,.00,406028,
120,RI,7854128,12/05/2023,B04050002620,577.27,.00,406108,
120,RI,7854133,12/05/2023,B04050002621,750.20,.00,406105,
120,RI,7854300,12/05/2023,B04050002623,770.84,.00,406115,
120,RI,7854304,12/05/2023,B04050002624,1016.16,.00,406125,
120,RI,7854370,12/05/2023,B04050002626,1279.74,.00,406107,
120,RI,7854371,12/05/2023,B04050002627,1016.81,.00,406103,
120,RI,7854372,12/05/2023,B04050002628,725.04,.00,406024,
120,RI,7854442,12/05/2023,B04050002629,1237.16,.00,406111,
120,RI,7854563,12/05/2023,B04050002556,31.38,.00,406119,
120,RI,7854615,12/06/2023,B04050002625,1006.58,.00,406126,
120,RI,7854616,12/06/2023,LYNDA,116.81,.00,406110,
120,RI,7854926,12/06/2023,B04050002630,943.61,.00,406101,
120,RI,7855262,12/06/2023,B04050002632,780.50,.00,406112,
120,RI,7855662,12/07/2023,B04050002633,1131.89,.00,406020,
120,RI,7855812,12/07/2023,B04060002483,797.39,.00,406004,
120,RI,7855937,12/07/2023,B04050002635,1140.66,.00,406113,
120,RI,7856239,12/08/2023,B04050002631,787.05,.00,406520,
120,RI,7856759,12/11/2023,54255998,130.22,.00,440995,
120,RI,7857441,12/12/2023,B04050002640,1466.78,.00,406106,
120,RI,7857600,12/12/2023,CANTON1210,721.54,.00,406028,
120,RI,7857601,12/12/2023,B04050002637,868.48,.00,406110,
120,RI,7857602,12/12/2023,B04050002638,432.76,.00,406119,
120,RI,7857603,12/12/2023,B04050002639,187.49,.00,406119,
120,RI,7857611,12/12/2023,B04050002641,570.38,.00,406108,
120,RI,7857732,12/12/2023,B04050002643,686.22,.00,406115,
120,RI,7857733,12/12/2023,B04050002644,1410.86,.00,406125,
120,RI,7857817,12/12/2023,B04050002645,1093.01,.00,406107,
120,RI,7857837,12/12/2023,TGT121123,657.32,.00,406024,
120,RI,7857980,12/12/2023,B04050002648,1283.77,.00,406111,
120,RI,7857994,12/12/2023,B04050002649,910.90,.00,406103,
120,RI,7858063,12/13/2023,B04050002647,864.87,.00,406126,
120,RI,7858661,12/13/2023,B04050002650,504.67,.00,406112,
120,RI,7859049,12/13/2023,12/13/2023-SHOP,195.00,.00,766203,
120,RI,7858904,12/14/2023,B04610042016,287.13,.00,789565,
120,RI,7858934,12/14/2023,0047,1056.24,.00,499301,
120,RI,7859216,12/14/2023,B04050002651,920.47,.00,406020,
120,RI,7859276,12/14/2023,B04050002653,892.42,.00,406113,
120,RI,7859630,12/15/2023,KATIE CLAUS,378.76,.00,406117,
120,RI,7859838,12/15/2023,B04050002654,877.37,.00,406520,
120,RI,7860096,12/15/2023,KITCHEN,206.75,.00,620203,
120,RI,7860098,12/15/2023,KITCHEN,212.05,.00,620203,
120,RI,7860100,12/15/2023,HOUSEKEEPING,380.40,.00,620203,
120,RI,7860258,12/15/2023,121423,908.14,.00,620203,
120,RI,7860496,12/18/2023,KATIE,54.72,.00,406117,
120,RI,7860719,12/18/2023,DNR1350671,648.16,.00,463077,
120,RI,7860965,12/19/2023,B04050002665,821.71,.00,406126,
120,RI,7860991,12/19/2023,ANCHOR HOCKING,183.79,.00,620203,
120,RI,7860992,12/19/2023,ANCHOR HOCKING,366.28,.00,620203,
120,RI,7861044,12/19/2023,B04050002666,1231.15,.00,406106,
120,RI,7861104,12/19/2023,B04050002620,27.64,.00,406108,
120,RI,7861180,12/19/2023,B04050002656,497.96,.00,406119,
120,RI,7861185,12/19/2023,B04050002657,1066.79,.00,406110,
120,RI,7861198,12/19/2023,B04050002659,825.26,.00,406108,
120,RI,7861231,12/19/2023,B04050002660,1213.77,.00,406105,
120,RI,7861232,12/19/2023,TGT121823,945.00,.00,406024,
120,RI,7861290,12/19/2023,B04050002662,1319.10,.00,406107,
120,RI,7861301,12/19/2023,B04050002664,1587.99,.00,406115,
120,RI,7861395,12/19/2023,B04050002668,2149.44,.00,406125,
120,RI,7861548,12/19/2023,B04050002669,1224.88,.00,406103,
120,RI,7861553,12/19/2023,B04050002670,1641.05,.00,406101,
120,RI,7861554,12/19/2023,B04050002671,883.72,.00,406111,
120,RI,7861694,12/20/2023,PARTSTOWN,43.05,.00,406024,
120,RI,7861711,12/20/2023,B04060002437,204.19,.00,406004,
120,RI,7862024,12/20/2023,B04050002672,1106.09,.00,406112,
120,RI,7862266,12/21/2023,CELLUCAP,113.77,.00,461145,
120,RI,7862490,12/21/2023,B04050002663,1160.45,.00,406113,
120,RI,7862538,12/21/2023,B04050002673,1299.24,.00,406020,
120,RI,7863070,12/22/2023,1,115.86,.00,406520,
120,RI,7863190,12/22/2023,B04060002509,425.52,.00,406004,
120,RI,7863203,12/22/2023,CANTON122123,811.02,.00,406028,
120,RI,7863378,12/22/2023,B04050002676,829.73,.00,406520,
120,RI,7863456,12/22/2023,B04050002654,32.84,.00,406520,
120,RI,7863530,12/22/2023,VISSTUN.7610,5284.64,.00,499301,
120,RI,7863754,12/27/2023,B04050002677,1134.36,.00,406111,
120,RI,7863825,12/27/2023,B04050002678,1688.74,.00,406125,
120,RI,7863900,12/28/2023,MEL WORTHINGTON,291.04,.00,461060,
120,RI,7863964,12/28/2023,WINCO,56.16,.00,406024,
120,RI,7864003,12/28/2023,B04050002685,868.81,.00,406106,
120,RI,7864212,12/28/2023,B04050002679,395.23,.00,406119,
120,RI,7864216,12/28/2023,B04050002681,671.44,.00,406024,
120,RI,7864217,12/28/2023,B04050002682,1065.14,.00,406110,
120,RI,7864218,12/28/2023,B04050002683,1047.24,.00,406103,
120,RI,7864225,12/28/2023,B04050002684,987.38,.00,406107,
120,RI,7864236,12/28/2023,B04050002686,760.87,.00,406112,
120,RI,7864242,12/28/2023,B04050002688,1052.40,.00,406020,
120,RI,7864409,12/28/2023,B04050002690,1219.36,.00,406113,
120,RI,7864442,12/28/2023,B04060002522,908.11,.00,406004,
120,RI,7864472,12/28/2023,B04050002677,283.06,.00,406111,
120,RI,7864482,12/28/2023,B04050002692,353.47,.00,406119,
120,RI,7864602,12/28/2023,4503600621,91.74,.00,944645,
120,RI,7864688,12/28/2023,TGT121823,56.58,.00,406024,
120,RI,7864689,12/28/2023,TGT112723,246.29,.00,406024,
120,RI,7864705,12/28/2023,B04050002677,56.58,.00,406111,
120,RI,7864771,12/29/2023,B04050002680,27.43,.00,406108,
120,RI,7864772,12/29/2023,B04050002682,27.43,.00,406110,
120,RI,7864916,12/29/2023,B04050002680,622.55,.00,406108,
120,RI,7864930,12/29/2023,B04050002689,867.08,.00,406520,
120,RI,7864969,12/29/2023,B04050002693,74.08,.00,406108,
120,RI,7865249,12/29/2023,2000740120,9480.00,.00,120109,
120,RI,7865334,01/02/2024,B04050002695,1053.54,.00,406126,
120,RI,7865411,01/02/2024,ALLPOINTS,130.42,.00,461502,
120,RI,7865450,01/02/2024,DIETARY,35.99,.00,766201,
120,RI,7865499,01/02/2024,B04050002694,1079.70,.00,406125,
120,RI,7865505,01/02/2024,4523721420,1527.78,.00,650979,
120,RI,7865512,01/02/2024,Dietary,1239.38,.00,820100,
120,RI,7865598,01/02/2024,DIETARY,4472.96,.00,766201,
120,RI,7865610,01/02/2024,B04050002696,1093.31,.00,406110,
120,RI,7865626,01/02/2024,CANTON122923,810.90,.00,406028,
120,RI,7865630,01/02/2024,B04050002698,34.50,.00,406110,
120,RI,7865658,01/02/2024,MAINTENANCE,603.56,.00,583410,
120,RI,7865701,01/02/2024,1706616,145.35,.00,666213,
120,RI,7865724,01/02/2024,B04050002678,22.45,.00,406125,
120,RI,7865739,01/02/2024,HOUSEKEEPING,122.75,.00,820100,
120,RI,7865740,01/02/2024,Dietary,120.90,.00,820100,
120,RI,7865781,01/03/2024,B04060002528,2888.50,.00,406001,
120,RI,7865787,01/03/2024,B04060002529,396.83,.00,406001,
120,RI,7865838,01/03/2024,B04050002700,1184.29,.00,406106,
120,RI,7865859,01/03/2024,B04050002701,49.80,.00,406106,
120,RI,7866033,01/03/2024,Housekeeping,558.09,.00,820100,
120,RI,7866067,01/03/2024,B04050002699,1020.12,.00,406107,
120,RI,7866205,01/03/2024,AMBER,757.03,.00,406112,
120,RI,7866210,01/03/2024,Nursing/Debbie,239.30,.00,766201,
120,RI,7866211,01/03/2024,Laundry/Debbie,1551.73,.00,766201,
120,RI,7866218,01/03/2024,Housekeeping/Debbie,4067.41,.00,766201,
120,RI,7866261,01/03/2024,4503603109,2.71,.00,195445,
120,RI,7866263,01/03/2024,B04050002703,493.19,.00,406103,
120,RI,7866273,01/03/2024,HOUSEKEEPING,2739.72,.00,692753,
120,RI,7866277,01/03/2024,LAUNDRY,2133.29,.00,692753,
120,RI,7866320,01/03/2024,DIETARY,747.08,.00,583410,
120,RI,7866336,01/03/2024,AMANDA,731.00,.00,406108,
120,RI,7866392,01/03/2024,B04050002704,979.28,.00,406111,
120,RI,7866436,01/03/2024,WASH16573,206.90,.00,766849,
120,RI,7866513,01/04/2024,DIETARY,113.55,.00,766201,
120,RI,7866552,01/04/2024,6480 B0950002203,31.27,.00,499301,
120,RI,7866720,01/04/2024,B04060002526,731.35,.00,406008,
120,RI,7866741,01/04/2024,B04050002702,719.72,.00,406115,
120,RI,7866764,01/04/2024,DNR1357412,170.75,.00,463077,
120,RI,7866796,01/04/2024,B04060002531,496.11,.00,406007,
120,RI,7866825,01/04/2024,B01480002051.2D-1249,1202.02,.00,148039,
120,RI,7866837,01/04/2024,B04050002706,1089.29,.00,406113,
120,RI,7866838,01/04/2024,B01460012412.Generic,11071.61,.00,146118,
120,RI,7866882,01/04/2024,HOUSEKEEPING,2018.28,.00,583410,
120,RI,7866884,01/04/2024,LAUNDRY,1693.83,.00,583410,
120,RI,7866892,01/04/2024,DNR1357035,913.98,.00,463077,
120,RI,7866896,01/04/2024,B04060002534,784.55,.00,406004,
120,RI,7866928,01/04/2024,B01480002053.2D-1249,227.72,.00,148039,
120,RI,7866930,01/04/2024,B04050002707,1119.87,.00,406020,
120,RI,7866939,01/04/2024,B04060002536,88.95,.00,406004,
120,RI,7866952,01/04/2024,DNR1372883,37.95,.00,463077,
120,RI,7866954,01/04/2024,DNR1372950,29.85,.00,463077,
120,RI,7867006,01/04/2024,central supply,652.22,.00,820100,
120,RI,7867013,01/04/2024,Housekeeping,1074.38,.00,820100,
120,RI,7867014,01/04/2024,Laundry,679.25,.00,820100,
120,RI,7867096,01/04/2024,B01460012446.2D-1270,7226.42,.00,146137,
120,RI,7867098,01/04/2024,B07400015574,229.75,.00,775193,
120,RI,7867129,01/04/2024,B01460011871.2D-1001,417.77,.00,146137,
120,RI,7867161,01/04/2024,B04060002509,4.53,.00,406004,
120,RI,7867190,01/04/2024,KITCHEN,200.21,.00,620203,
120,RI,7867203,01/05/2024,53955083,215.46,.00,441860,
120,RI,7867204,01/05/2024,54209228,218.08,.00,441860,
120,RI,7867205,01/05/2024,54125718,436.03,.00,441860,
120,RI,7867235,01/05/2024,DANIELLE,168.54,.00,406020,
120,RI,7867268,01/05/2024,B01460012444.Generic,1376.47,.00,146041,
120,RI,7867412,01/05/2024,B04060002524,978.39,.00,406015,
120,RI,7867473,01/05/2024,johnsone,564.03,.00,692753,
120,RI,7867480,01/05/2024,B04050002708,1088.64,.00,406105,
120,RI,7867481,01/05/2024,B04050002709,884.40,.00,406520,
120,RI,7867530,01/05/2024,Kevin. Nsereko CSC,619.08,.00,583410,
120,RI,7867553,01/05/2024,HOUSEKEEPING,186.97,.00,470015,
120,RI,7867613,01/05/2024,Laundry,570.39,.00,820100,
120,RI,7867696,01/05/2024,B01460012465.Generic,4512.14,.00,146031,
120,RI,7867700,01/05/2024,B01460012467.Generic,228.85,.00,146031,
120,RI,7867887,01/05/2024,B04060002515,99.61,.00,406015,
120,RI,7867897,01/05/2024,DIETARY,907.54,.00,766201,
120,RI,7867952,01/08/2024,231175,1913.33,.00,523600,
120,RI,7868028,01/08/2024,B01480002068.2D-1249,1418.13,.00,148038,
120,RI,7868221,01/08/2024,B04050002710,898.95,.00,406101,
120,RI,7868260,01/08/2024,B07400015597,34.85,.00,986632,
120,RI,7868396,01/08/2024,B04050002670,56.58,.00,406101,
120,RI,7868414,01/08/2024,DIETARY,91.21,.00,692753,
120,RI,7868415,01/08/2024,dietary,96.41,.00,692753,
120,RI,7868417,01/08/2024,DIETARY,138.33,.00,766201,
120,RI,7868418,01/08/2024,Dietary,83.69,.00,820100,
120,RI,7868482,01/09/2024,PARTS TOWN,699.44,.00,461304,
120,RI,7868565,01/09/2024,B04050002717,927.01,.00,406106,
120,RI,7868575,01/09/2024,B04050002666,7.19,.00,406106,
120,RI,7868576,01/09/2024,B04050002685,29.00,.00,406106,
120,RI,7868617,01/09/2024,B04610042960,65.80,.00,194660,
120,RI,7868671,01/09/2024,B04060002537,1001.03,.00,406015,
120,RI,7868672,01/09/2024,B04060002538,66.26,.00,406015,
120,RI,7868675,01/09/2024,B04050002711,1180.39,.00,406110,
120,RI,7868677,01/09/2024,B04050002712,659.59,.00,406119,
120,RI,7868682,01/09/2024,B04050002713,725.60,.00,406108,
120,RI,7868749,01/09/2024,4503606630,579.00,.00,944645,
120,RI,7868786,01/09/2024,B04050002714,1390.72,.00,406107,
120,RI,7868791,01/09/2024,B04050002715,754.97,.00,406115,
120,RI,7868858,01/09/2024,0045,269.42,.00,499301,
120,RI,7868869,01/09/2024,4503606697,2004.94,.00,944645,
120,RI,7868875,01/09/2024,4503606790,1942.22,.00,195445,
120,RI,7868890,01/09/2024,B04050002716,1299.14,.00,406024,
120,RI,7868895,01/09/2024,B04050002718,37.21,.00,406119,
120,RI,7868909,01/09/2024,B04050002719,795.03,.00,406103,
120,RI,7868911,01/09/2024,B04050002720,833.54,.00,406125,
120,RI,7868924,01/09/2024,KITCHEN,256.89,.00,620203,
120,RI,7868932,01/09/2024,KITCHEN,255.29,.00,620203,
120,RI,7868989,01/09/2024,B04050002721,759.16,.00,406112,
120,RI,7869019,01/09/2024,CANTON010824,808.61,.00,406028,
120,RI,7869033,01/09/2024,B04050002723,999.89,.00,406111,
120,RI,7869064,01/09/2024,B04050002678,34.07,.00,406125,
120,RI,7869069,01/09/2024,B04060002515,377.76,.00,406015,
120,RI,7869072,01/09/2024,B04050002703,110.49,.00,406103,
120,RI,7869073,01/09/2024,B04050002682,57.67,.00,406110,
120,RI,7869074,01/09/2024,B04050002637,29.00,.00,406110,
120,RI,7869075,01/09/2024,B04050002644,41.47,.00,406125,
120,RI,7869080,01/09/2024,DIETARY,200.34,.00,766201,
120,RI,7869081,01/09/2024,Laundry/Debbie,219.13,.00,766201,
120,RI,7869109,01/09/2024,HOUSEKEEPING,169.28,.00,692753,
120,RI,7869220,01/10/2024,FEDEX,183.37,.00,461011,
120,RI,7869297,01/10/2024,B01460012486.2D-1157,5336.57,.00,146221,
120,RI,7869430,01/10/2024,DIETARY,812.72,.00,583410,
120,RI,7869432,01/10/2024,DIETARY,104.83,.00,583410,
120,RI,7869434,01/10/2024,Kevin. Nsereko CSC,678.05,.00,583410,
120,RI,7869535,01/10/2024,54756954,905.64,.00,439008,
120,RI,7869537,01/10/2024,54757113,1046.01,.00,439008,
120,RI,7869548,01/10/2024,B01480002082.2D-1259,2281.30,.00,148004,
120,RI,7869664,01/10/2024,VERBAL,141.53,.00,406108,
120,RI,7869709,01/10/2024,4503607649,4730.85,.00,714611,
120,RI,7869765,01/11/2024,060647,187.50,.00,694009,
120,RI,7869856,01/11/2024,B01460012524.Generic,1123.84,.00,146041,
120,RI,7870015,01/11/2024,B04060002543,742.27,.00,406008,
120,RI,7870035,01/11/2024,B04050002724,1974.59,.00,406020,
120,RI,7870036,01/11/2024,B01460012520.Generic,3228.18,.00,146118,
120,RI,7870047,01/11/2024,B07400015671,59.90,.00,775193,
120,RI,7870079,01/11/2024,B01460012523.2D-1270,4870.55,.00,146137,
120,RI,7870090,01/11/2024,DIETARY,984.94,.00,470015,
120,RI,7870093,01/11/2024,dietary,2952.02,.00,692753,
120,RI,7870098,01/11/2024,B04050002726,1181.89,.00,406113,
120,RI,7870119,01/11/2024,Dietary,747.17,.00,820100,
120,RI,7870206,01/11/2024,B04060002546,993.04,.00,406007,
120,RI,7870334,01/11/2024,B01460012533.Generic,915.42,.00,146031,
120,RI,7870354,01/11/2024,B04050002688,57.67,.00,406020,
120,RI,7870355,01/11/2024,B04050002707,29.00,.00,406020,
120,RI,7870365,01/11/2024,B04050002706,238.44,.00,406113,
120,RI,7870429,01/12/2024,NEWTON,211.16,.00,620203,
120,RI,7870434,01/12/2024,3750,551.33,.00,499301,
120,RI,7870467,01/12/2024,JOSH SANTIAGO,54.89,.00,406024,
120,RI,7870484,01/12/2024,ALEX DUNCAN,32.54,.00,406103,
120,RI,7870553,01/12/2024,FEDEX,63.00,.00,461073,
120,RI,7870617,01/12/2024,B04050002727,849.96,.00,406520,
120,RI,7870726,01/12/2024,060813,2602.75,.00,694007,
120,RI,7870800,01/12/2024,Housekeeping,1305.94,.00,820100,
120,RI,7870801,01/12/2024,central supply,596.89,.00,820100,
120,RI,7870861,01/12/2024,060820,1145.85,.00,694007,
120,RI,7870868,01/12/2024,Laundry,482.25,.00,820100,
120,RI,7871074,01/15/2024,KATIE,693.50,.00,406117,
120,RI,7871083,01/15/2024,B04610043210,268.23,.00,461858,
120,RI,7871099,01/15/2024,B01460012553.2D-1270,489.40,.00,146137,
120,RI,7871147,01/15/2024,NEWTON,249.72,.00,620203,
120,RI,7871262,01/15/2024,3131,34.55,.00,499301,
120,RI,7871273,01/15/2024,HOUSEKEEPING,1449.62,.00,583410,
120,RI,7871296,01/15/2024,Housekeeping/Debbie,3112.48,.00,766201,
120,RI,7871297,01/15/2024,Laundry/Debbie,392.15,.00,766201,
120,RI,7871340,01/15/2024,DIETARY,375.22,.00,583410,
120,RI,7871435,01/16/2024,B04050002728,1369.46,.00,406126,
120,RI,7871452,01/16/2024,3130 UNIT,173.69,.00,499301,
120,RI,7871538,01/16/2024,B04050002738,847.25,.00,406106,
120,RI,7871669,01/16/2024,4503609662,4273.39,.00,714611,
120,RI,7871671,01/16/2024,B07400015730,3.96,.00,593482,
120,RI,7871673,01/16/2024,B04050002729,530.35,.00,406119,
120,RI,7871675,01/16/2024,B04050002730,1159.99,.00,406110,
120,RI,7871679,01/16/2024,B04050002732,67.80,.00,406119,
120,RI,7871783,01/16/2024,B04050002734,1231.51,.00,406125,
120,RI,7871827,01/16/2024,4503610298,1380.43,.00,944645,
120,RI,7871847,01/16/2024,B04050002735,1047.55,.00,406024,
120,RI,7871851,01/16/2024,B04050002736,757.08,.00,406115,
120,RI,7871853,01/16/2024,B04050002737,918.38,.00,406107,
120,RI,7871897,01/16/2024,B04050002739,1208.29,.00,406103,
120,RI,7871943,01/16/2024,CANTON011524,762.61,.00,406028,
120,RI,7871951,01/16/2024,B04060002550,1303.08,.00,406015,
120,RI,7871996,01/16/2024,B04050002712,233.81,.00,406119,
120,RI,7871997,01/16/2024,4503606697,167.25,.00,944645,
120,RI,7871998,01/16/2024,B04050002703,238.44,.00,406103,
120,RI,7871999,01/16/2024,B04050002714,238.44,.00,406107,
120,RI,7872000,01/16/2024,B04050002723,238.44,.00,406111,
120,RI,7872005,01/16/2024,B04060002515,231.25,.00,406015,
120,RI,7872087,01/17/2024,NEW AGE,1846.63,.00,241400,
120,RI,7872097,01/17/2024,VERBAL,178.50,.00,716507,
120,RI,7872173,01/17/2024,B04610042821,126.85,.00,367089,
120,RI,7872331,01/17/2024,Dietary,777.09,.00,562931,
120,RI,7872371,01/17/2024,B04050002742,845.63,.00,406112,
120,RI,7872372,01/17/2024,B04050002743,1378.66,.00,406105,
120,RI,7872396,01/17/2024,Kevin. Nsereko CSC,673.28,.00,583410,
120,RI,7872398,01/17/2024,Housekeeping,1579.71,.00,562931,
120,RI,7872399,01/17/2024,Laundry,735.18,.00,562931,
120,RI,7872425,01/17/2024,CENTRAL SUPPLY,586.52,.00,470015,
120,RI,7872426,01/17/2024,LAUNDRY,905.66,.00,470015,
120,RI,7872427,01/17/2024,HOUSEKEEPING,1391.88,.00,470015,
120,RI,7872429,01/17/2024,HOUSEKEEPING,1238.82,.00,692753,
120,RI,7872433,01/17/2024,LAUNDRY,439.47,.00,692753,
120,RI,7872445,01/17/2024,DIETARY,1569.48,.00,515700,
120,RI,7872460,01/17/2024,DIETARY,715.90,.00,583410,
120,RI,7872623,01/17/2024,N/A,46.59,.00,546300,
120,RI,7872624,01/17/2024,Dietary,84.62,.00,562931,
120,RI,7872632,01/17/2024,dietary,207.03,.00,692753,
120,RI,7872639,01/17/2024,Dietary,92.06,.00,820100,
120,RI,7872677,01/18/2024,RICH,233.20,.00,755003,
120,RI,7872707,01/18/2024,B04050002710,74.08,.00,406101,
120,RI,7872708,01/18/2024,B04050002729,75.46,.00,406119,
120,RI,7872709,01/18/2024,B04050002728,75.46,.00,406126,
120,RI,7872710,01/18/2024,0045,167.37,.00,499301,
120,RI,7872711,01/18/2024,ARIANA,167.37,.00,499302,
120,RI,7872735,01/18/2024,MIDDLE SCHOOL,675.12,.00,741439,
120,RI,7872768,01/18/2024,B01460012594.2D-1283,1193.61,.00,146041,
120,RI,7872780,01/18/2024,01172024,2879.60,.00,801002,
120,RI,7872846,01/18/2024,KIES,473.39,.00,582403,
120,RI,7872899,01/18/2024,B01480002105.2D-1249,1189.79,.00,148039,
120,RI,7872901,01/18/2024,B04060002553,771.93,.00,406008,
120,RI,7872905,01/18/2024,B01460012569.2D-1282,14715.13,.00,146118,
120,RI,7872917,01/18/2024,B04060002554,389.10,.00,406005,
120,RI,7872918,01/18/2024,B01480002111.2D-1249,116.85,.00,148039,
120,RI,7872928,01/18/2024,B04050002746,1123.17,.00,406020,
120,RI,7872933,01/18/2024,JAMES,780.48,.00,164369,
120,RI,7872942,01/18/2024,277881,408.30,.00,716030,
120,RI,7872944,01/18/2024,060884,660.80,.00,694009,
120,RI,7872945,01/18/2024,B01480002113.2D-1249,35.70,.00,148039,
120,RI,7872946,01/18/2024,B04060002556,964.38,.00,406006,
120,RI,7872957,01/18/2024,277906,366.31,.00,293280,
120,RI,7872961,01/18/2024,JUSTIN NIELSEN,500.42,.00,311159,
120,RI,7872963,01/18/2024,RICH,636.77,.00,755003,
120,RI,7872964,01/18/2024,B08010046439,953.27,.00,801608,
120,RI,7872969,01/18/2024,277928,654.92,.00,981111,
120,RI,7872993,01/18/2024,DIETARY,1121.61,.00,426644,
120,RI,7873001,01/18/2024,277984,821.47,.00,716340,
120,RI,7873023,01/18/2024,MATAPEAKE,777.20,.00,582403,
120,RI,7873024,01/18/2024,B04050002747,761.66,.00,406113,
120,RI,7873073,01/18/2024,Central Supply,408.52,.00,515700,
120,RI,7873104,01/18/2024,B07400015770,48.96,.00,740185,
120,RI,7873108,01/18/2024,060907,755.70,.00,694016,
120,RI,7873131,01/18/2024,B04060002559,795.34,.00,406007,
120,RI,7873138,01/18/2024,278213,764.64,.00,453409,
120,RI,7873142,01/18/2024,278217,819.23,.00,983262,
120,RI,7873143,01/18/2024,278218,902.18,.00,973960,
120,RI,7873146,01/18/2024,278221,524.45,.00,983838,
120,RI,7873151,01/18/2024,JERRELL,665.65,.00,665979,
120,RI,7873154,01/18/2024,278235,510.16,.00,397700,
120,RI,7873181,01/18/2024,DONNA,176.00,.00,755677,
120,RI,7873233,01/18/2024,278330,645.99,.00,755824,
120,RI,7873249,01/18/2024,278348,501.52,.00,820120,
120,RI,7873252,01/18/2024,B07400015778,98.14,.00,775193,
120,RI,7873295,01/18/2024,060533,195.61,.00,694007,
120,RI,7873296,01/18/2024,263114,447.64,.00,755824,
120,RI,7873305,01/18/2024,B08010046232,158.28,.00,164064,
120,RI,7873317,01/18/2024,B08010044875,96.04,.00,164064,
120,RI,7873318,01/18/2024,B08010045052,162.00,.00,164064,
120,RI,7873319,01/18/2024,B08010046061,250.68,.00,192752,
120,RI,7873324,01/18/2024,DIETARY,114.00,.00,583410,
120,RI,7873343,01/18/2024,DIETARY,65.24,.00,692753,
120,RI,7873351,01/19/2024,PAPER,395.50,.00,406001,
120,RI,7873352,01/19/2024,B04060002528,102.21,.00,406001,
120,RI,7873353,01/19/2024,B04060002528,136.80,.00,406001,
120,RI,7873354,01/19/2024,RICH,147.76,.00,755003,
120,RI,7873358,01/19/2024,B04060002552,81.90,.00,406004,
120,RI,7873406,01/19/2024,01172024,58.97,.00,801002,
120,RI,7873414,01/19/2024,KEIERA,184.78,.00,63331,
120,RI,7873422,01/19/2024,VERBAL,132.99,.00,461922,
120,RI,7873553,01/19/2024,B04050002748,1048.94,.00,406520,
120,RI,7873554,01/19/2024,Dietary,839.80,.00,562931,
120,RI,7873561,01/19/2024,B08010046479,1761.80,.00,918024,
120,RI,7873574,01/19/2024,060923,2084.05,.00,694007,
120,RI,7873592,01/19/2024,278482,510.99,.00,453400,
120,RI,7873611,01/19/2024,278525,549.75,.00,983277,
120,RI,7873612,01/19/2024,OMAR011824,2300.82,.00,766535,
120,RI,7873613,01/19/2024,CHURCH,465.00,.00,766535,
120,RI,7873632,01/19/2024,278560,1312.25,.00,234100,
120,RI,7873640,01/19/2024,MANNIE,1313.54,.00,665979,
120,RI,7873646,01/19/2024,COVID CLEAN,265.56,.00,801650,
120,RI,7873652,01/19/2024,HOUSEKEEPING,167.33,.00,470015,
120,RI,7873655,01/19/2024,CENTRL SUPPLY,675.71,.00,546300,
120,RI,7873659,01/19/2024,RICH,1429.81,.00,755003,
120,RI,7873664,01/19/2024,278611,1052.91,.00,768399,
120,RI,7873665,01/19/2024,278612,595.49,.00,766222,
120,RI,7873688,01/19/2024,Housekeeping,1457.17,.00,820100,
120,RI,7873689,01/19/2024,Laundry,1067.05,.00,820100,
120,RI,7873703,01/19/2024,DONNA MCCANTS,4602.95,.00,755677,
120,RI,7873723,01/19/2024,278725,551.42,.00,716270,
120,RI,7873724,01/19/2024,DIETARY,1100.23,.00,515700,
120,RI,7873753,01/19/2024,278769,1401.56,.00,394810,
120,RI,7873766,01/19/2024,DIETARY,618.61,.00,470015,
120,RI,7873767,01/19/2024,greg,1111.23,.00,656100,
120,RI,7873768,01/19/2024,278791,729.99,.00,453450,
120,RI,7873769,01/19/2024,kristina,1893.65,.00,755004,
120,RI,7873785,01/19/2024,1234567,3653.34,.00,736673,
120,RI,7873787,01/19/2024,dont have one,333.50,.00,665979,
120,RI,7873793,01/19/2024,Dietary,371.05,.00,562931,
120,RI,7873799,01/19/2024,755001,705.91,.00,755001,
120,RI,7873806,01/19/2024,011924,331.50,.00,665979,
120,RI,7873813,01/19/2024,NEWTON,383.16,.00,620203,
120,RI,7873825,01/19/2024,HOUSEKEEPING,1078.01,.00,515700,
120,RI,7873837,01/19/2024,DAVID,236.07,.00,755002,
120,RI,7873849,01/19/2024,B08010046516,6033.62,.00,282718,
120,RI,7873873,01/19/2024,4503612320,529.22,.00,944645,
120,RI,7873887,01/19/2024,GLENN,2026.66,.00,773527,
120,RI,7873915,01/19/2024,JERRELL,1129.08,.00,665979,
120,RI,7873937,01/19/2024,B08010045810,419.52,.00,752880,
120,RI,7873941,01/19/2024,Dietary,114.00,.00,562931,
120,RI,7873944,01/19/2024,B08010045365,444.13,.00,918024,
120,RI,7873965,01/19/2024,B04060002515,87.51,.00,406015,
120,RI,7873986,01/19/2024,B08010046074,265.36,.00,801554,
120,RI,7873987,01/19/2024,B08010046074,26.52,.00,801554,
120,RI,7873988,01/19/2024,HSKP 010924,67.64,.00,801650,
120,RI,7874005,01/22/2024,WILL CALL,121.80,.00,262754,
120,RI,7874035,01/22/2024,KITCHEN,620.01,.00,620203,
120,RI,7874055,01/22/2024,279047,1309.25,.00,324797,
120,RI,7874058,01/22/2024,279056,975.80,.00,324797,
120,RI,7874089,01/22/2024,B08010044379,296.42,.00,801959,
120,RI,7874090,01/22/2024,B08010045044,859.40,.00,801959,
120,RI,7874091,01/22/2024,B08010045386,334.52,.00,801959,
120,RI,7874092,01/22/2024,B08010046206,544.12,.00,801959,
120,RI,7874093,01/22/2024,B08010044379,252.96,.00,801959,
120,RI,7874143,01/22/2024,EASTON MIDDLE,1341.46,.00,755612,
120,RI,7874146,01/22/2024,KENNARD,537.81,.00,582403,
120,RI,7874148,01/22/2024,EASTON ELEM,594.95,.00,755612,
120,RI,7874161,01/22/2024,TILGHAM ELEM,546.14,.00,755612,
120,RI,7874162,01/22/2024,DNR1378088,505.70,.00,463077,
120,RI,7874172,01/22/2024,B07550001100,2620.61,.00,755870,
120,RI,7874177,01/22/2024,279054,1787.83,.00,755005,
120,RI,7874191,01/22/2024,johnsone,564.03,.00,692753,
120,RI,7874195,01/22/2024,B07550001102,850.16,.00,755006,
120,RI,7874198,01/22/2024,ACTIVITIES,422.30,.00,546300,
120,RI,7874205,01/22/2024,RICH,1001.22,.00,755003,
120,RI,7874208,01/22/2024,DIETARY,797.08,.00,546300,
120,RI,7874230,01/22/2024,0044 B02950002371,1061.60,.00,499301,
120,RI,7874235,01/22/2024,TERRELL,191.70,.00,736673,
120,RI,7874254,01/22/2024,GLENN BANK,2197.29,.00,773527,
120,RI,7874259,01/22/2024,B01460012626.2D-1282,835.38,.00,146118,
120,RI,7874269,01/22/2024,RODNEY,2201.11,.00,994262,
120,RI,7874276,01/22/2024,JOANNA,1712.10,.00,755583,
120,RI,7874281,01/22/2024,ARTIS,1332.95,.00,771562,
120,RI,7874282,01/22/2024,greg,1681.64,.00,656100,
120,RI,7874297,01/22/2024,B07550001104,907.58,.00,755872,
120,RI,7874308,01/22/2024,B08010044518,101.85,.00,801608,
120,RI,7874309,01/22/2024,B08010045772,305.55,.00,801608,
120,RI,7874318,01/22/2024,B08010046439,69.90,.00,801608,
120,RI,7874352,01/23/2024,B09150002701,390.75,.00,915376,
120,RI,7874355,01/23/2024,B09150002702,198.67,.00,915727,
120,RI,7874381,01/23/2024,ROBOT,322.32,.00,620203,
120,RI,7874545,01/23/2024,B04050002749,570.06,.00,406119,
120,RI,7874549,01/23/2024,B04050002750,1040.66,.00,406110,
120,RI,7874554,01/23/2024,B04050002751,166.89,.00,406119,
120,RI,7874562,01/23/2024,B04050002752,760.27,.00,406108,
120,RI,7874567,01/23/2024,B04050002733,386.82,.00,406108,
120,RI,7874597,01/23/2024,279398,595.53,.00,755002,
120,RI,7874609,01/23/2024,COVID CLEAN,254.23,.00,801650,
120,RI,7874623,01/23/2024,TGT12224,1291.86,.00,406024,
120,RI,7874632,01/23/2024,279475,514.38,.00,755003,
120,RI,7874652,01/23/2024,VERBAL,650.41,.00,164369,
120,RI,7874655,01/23/2024,B08010046623,2125.02,.00,752880,
120,RI,7874682,01/23/2024,B01460012630.2D-1283,4085.73,.00,146031,
120,RI,7874713,01/23/2024,B04050002754,1295.18,.00,406125,
120,RI,7874715,01/23/2024,B07400015836,45.70,.00,835200,
120,RI,7874720,01/23/2024,B01460012634.2D-1283,571.45,.00,146031,
120,RI,7874723,01/23/2024,B04050002755,656.71,.00,406115,
120,RI,7874748,01/23/2024,DIETARY,377.03,.00,426644,
120,RI,7874771,01/23/2024,B04050002756,1449.17,.00,406107,
120,RI,7874782,01/23/2024,755001,629.24,.00,755001,
120,RI,7874794,01/23/2024,B04060002561,1071.50,.00,406015,
120,RI,7874795,01/23/2024,CANTON012224,992.47,.00,406028,
120,RI,7874796,01/23/2024,111111,591.20,.00,593725,
120,RI,7874809,01/23/2024,DIETARY,704.22,.00,766201,
120,RI,7874816,01/23/2024,279792,1257.32,.00,773527,
120,RI,7874821,01/23/2024,4503613945,571.72,.00,944645,
120,RI,7874863,01/23/2024,279861,628.00,.00,665979,
120,RI,7874895,01/23/2024,B04050002760,1082.75,.00,406111,
120,RI,7874901,01/23/2024,SLADE SCHOOL,2951.79,.00,245176,
120,RI,7874907,01/23/2024,BRAD,1937.84,.00,202000,
120,RI,7874911,01/23/2024,1,768.60,.00,164371,
120,RI,7874922,01/23/2024,B04050002740,34.50,.00,406111,
120,RI,7874926,01/23/2024,B04050002714,70.95,.00,406107,
120,RI,7874931,01/23/2024,B04050002720,146.95,.00,406125,
120,RI,7874936,01/23/2024,B08010046232,21.93,.00,164064,
120,RI,7874938,01/23/2024,SLADE SCHOOL,236.11,.00,245176,
120,RI,7874945,01/23/2024,B08010045810,137.64,.00,752880,
120,RI,7875022,01/24/2024,768399,83.70,.00,768399,
120,RI,7875046,01/24/2024,B04050002757,1072.15,.00,406106,
120,RI,7875122,01/24/2024,ALLPOINTS,178.37,.00,185389,
120,RI,7875167,01/24/2024,DAVID DOYLE,175.22,.00,406101,
120,RI,7875170,01/24/2024,B04050002745,96.76,.00,406111,
120,RI,7875188,01/24/2024,Dietary,893.61,.00,562931,
120,RI,7875198,01/24/2024,279370,1192.99,.00,761100,
120,RI,7875209,01/24/2024,279438,988.13,.00,244841,
120,RI,7875210,01/24/2024,10502006,532.95,.00,294360,
120,RI,7875213,01/24/2024,Dietary,1665.02,.00,820100,
120,RI,7875219,01/24/2024,279567,556.51,.00,274314,
120,RI,7875227,01/24/2024,279604,1272.17,.00,766156,
120,RI,7875230,01/24/2024,Laundry,592.56,.00,562931,
120,RI,7875233,01/24/2024,Dietary,211.47,.00,820100,
120,RI,7875244,01/24/2024,279810,723.67,.00,394380,
120,RI,7875246,01/24/2024,0313,961.18,.00,766140,
120,RI,7875249,01/24/2024,279852,825.04,.00,397700,
120,RI,7875251,01/24/2024,HOUSEKEEPING,1581.54,.00,426644,
120,RI,7875252,01/24/2024,LAUNDRY,529.30,.00,426644,
120,RI,7875253,01/24/2024,MAINTENANCE,1166.32,.00,583410,
120,RI,7875254,01/24/2024,HOUSEKEEPING,5187.35,.00,546300,
120,RI,7875256,01/24/2024,LAUNDRY,1630.02,.00,546300,
120,RI,7875273,01/24/2024,Kevin. Nsereko CSC,740.46,.00,583410,
120,RI,7875277,01/24/2024,B04050002761,1440.37,.00,406103,
120,RI,7875278,01/24/2024,B04050002762,782.34,.00,406112,
120,RI,7875296,01/24/2024,280036,915.52,.00,820126,
120,RI,7875312,01/24/2024,HOUSEKEEPING/NU,174.26,.00,470015,
120,RI,7875317,01/24/2024,LAUNDRY,679.25,.00,470015,
120,RI,7875318,01/24/2024,HOUSEKEEPING,1513.58,.00,470015,
120,RI,7875327,01/24/2024,CENTRAL SUPPLY,361.99,.00,470015,
120,RI,7875366,01/24/2024,B08010046688,1857.22,.00,192752,
120,RI,7875369,01/24/2024,111111,251.14,.00,593725,
120,RI,7875372,01/24/2024,280205,717.36,.00,737280,
120,RI,7875376,01/24/2024,greg,918.19,.00,656100,
120,RI,7875377,01/24/2024,280211,1052.14,.00,737285,
120,RI,7875389,01/24/2024,280229,944.74,.00,973960,
120,RI,7875391,01/24/2024,DIETARY,1205.58,.00,515700,
120,RI,7875402,01/24/2024,280246,1099.42,.00,773527,
120,RI,7875410,01/24/2024,280260,841.78,.00,983244,
120,RI,7875428,01/24/2024,B08010046703,751.48,.00,801294,
120,RI,7875429,01/24/2024,B08010046707,7169.67,.00,282718,
120,RI,7875475,01/24/2024,Dietary,1577.47,.00,562931,
120,RI,7875479,01/24/2024,Nursing/Debbie,205.11,.00,766201,
120,RI,7875481,01/24/2024,housekeeping/Debbie,1873.03,.00,766201,
120,RI,7875497,01/24/2024,280401,666.10,.00,766236,
120,RI,7875499,01/24/2024,SLADE SCHOOL,1035.58,.00,245176,
120,RI,7875503,01/24/2024,280407,343.40,.00,716030,
120,RI,7875504,01/24/2024,N/A,942.17,.00,665979,
120,RI,7875506,01/24/2024,755004,1243.51,.00,755004,
120,RI,7875514,01/24/2024,DIETARY,831.41,.00,583410,
120,RI,7875527,01/24/2024,HOUSEKEEPING,388.69,.00,661995,
120,RI,7875550,01/24/2024,B01480002135.2D-1259,2074.23,.00,148004,
120,RI,7875551,01/24/2024,B04050002763,1108.66,.00,406101,
120,RI,7875556,01/24/2024,755004,272.60,.00,755004,
120,RI,7875563,01/24/2024,B04050002710,3.39,.00,406101,
120,RI,7875567,01/24/2024,B08010046398,165.85,.00,801294,
120,RI,7875574,01/24/2024,B08010046398,189.30,.00,801294,
120,RI,7875585,01/24/2024,HOUSEKEEPING,.40,.00,426644,
120,RI,7875587,01/24/2024,HOUSEKEEPING,212.13,.00,515700,
120,RI,7875594,01/24/2024,GLENN,89.90,.00,773527,
120,RI,7875595,01/24/2024,279792,23.25,.00,773527,
120,RI,7875599,01/24/2024,B01460012506.Generic,.21,.00,146031,
120,RI,7875606,01/24/2024,279475,49.95,.00,755003,
120,RI,7875627,01/25/2024,B04610043586,90.86,.00,793386,
120,RI,7875648,01/25/2024,DINEX,2200.45,.00,766201,
120,RI,7875657,01/25/2024,CARLISLE,84.51,.00,406024,
120,RI,7875662,01/25/2024,B04610043069,52.12,.00,405003,
120,RI,7875667,01/25/2024,280757,185.85,.00,766222,
120,RI,7875668,01/25/2024,DIETARY,64.18,.00,583410,
120,RI,7875669,01/25/2024,060813,195.61,.00,694007,
120,RI,7875670,01/25/2024,060460,195.61,.00,694007,
120,RI,7875671,01/25/2024,275124,.01,.00,716240,
120,RI,7875672,01/25/2024,Dietary,53.16,.00,820100,
120,RI,7875692,01/25/2024,2000912599,713.00,.00,120109,
120,RI,7875693,01/25/2024,2000912670,1387.75,.00,120109,
120,RI,7875694,01/25/2024,2000914354,1304.10,.00,120109,
120,RI,7875695,01/25/2024,2000912574,3410.70,.00,120109,
120,RI,7875696,01/25/2024,2000915698,6637.50,.00,120109,
120,RI,7875716,01/25/2024,B01460012663.2D-1283,1142.55,.00,146041,
120,RI,7875766,01/25/2024,2000869073,3120.75,.00,120109,
120,RI,7875768,01/25/2024,2000914810,273.95,.00,120109,
120,RI,7875801,01/25/2024,DCUNI06246,1289.74,.00,108003,
120,RI,7875819,01/25/2024,B07550001096,1574.23,.00,755874,
120,RI,7875820,01/25/2024,SUDDLERSVILLE MID,846.09,.00,582403,
120,RI,7875831,01/25/2024,B01480002127.2D-1249,1248.06,.00,148039,
120,RI,7875846,01/25/2024,VILLAGE CAFE,1046.28,.00,755869,
120,RI,7875858,01/25/2024,B04060002566,862.35,.00,406005,
120,RI,7875860,01/25/2024,B01460012653.2D-1282,12574.45,.00,146118,
120,RI,7875866,01/25/2024,B07550001107,2519.62,.00,755870,
120,RI,7875869,01/25/2024,280499,3294.24,.00,755677,
120,RI,7875889,01/25/2024,B01460012658.2D-1283,892.63,.00,146031,
120,RI,7875890,01/25/2024,4503614705,3602.03,.00,714611,
120,RI,7875891,01/25/2024,B04050002764,1346.43,.00,406020,
120,RI,7875892,01/25/2024,B04060002567,744.65,.00,406007,
120,RI,7875899,01/25/2024,B01480002138.2D-1249,119.85,.00,148039,
120,RI,7875904,01/25/2024,B01460012662.2D-1282,49.50,.00,146118,
120,RI,7875911,01/25/2024,280575,694.17,.00,755002,
120,RI,7875915,01/25/2024,GRASONVILLE ELEM,188.69,.00,582403,
120,RI,7875916,01/25/2024,280596,910.77,.00,755661,
120,RI,7875919,01/25/2024,280602,589.82,.00,755003,
120,RI,7875933,01/25/2024,111111,315.00,.00,593725,
120,RI,7875939,01/25/2024,280647,1119.89,.00,820116,
120,RI,7875941,01/25/2024,280649,1449.77,.00,716080,
120,RI,7875951,01/25/2024,280664,828.62,.00,737215,
120,RI,7875954,01/25/2024,280672-JUSTIN,677.70,.00,311159,
120,RI,7875956,01/25/2024,B04060002568,944.26,.00,406008,
120,RI,7875970,01/25/2024,280700,664.50,.00,737263,
120,RI,7875988,01/25/2024,B01460012666.2D-1282,179.10,.00,146118,
120,RI,7875992,01/25/2024,280735,733.96,.00,395390,
120,RI,7876004,01/25/2024,B07550001109,301.70,.00,755874,
120,RI,7876015,01/25/2024,DIETARY,691.92,.00,426644,
120,RI,7876016,01/25/2024,HOUSEKEEPING,875.98,.00,546300,
120,RI,7876027,01/25/2024,B04050002765,921.95,.00,406113,
120,RI,7876038,01/25/2024,Central Supply,256.84,.00,515700,
120,RI,7876039,01/25/2024,- None -,911.75,.00,342646,
120,RI,7876043,01/25/2024,280823,1312.05,.00,716050,
120,RI,7876057,01/25/2024,280846,497.09,.00,395970,
120,RI,7876086,01/25/2024,kristina,583.87,.00,755004,
120,RI,7876087,01/25/2024,280894,1138.92,.00,737385,
120,RI,7876091,01/25/2024,280905,1057.86,.00,716210,
120,RI,7876109,01/25/2024,280939,668.00,.00,397700,
120,RI,7876120,01/25/2024,280960,737.61,.00,716320,
120,RI,7876124,01/25/2024,280964,350.62,.00,773527,
120,RI,7876127,01/25/2024,B01460012671.2D-1270,5338.70,.00,146137,
120,RI,7876132,01/25/2024,254787,1332.46,.00,737308,
120,RI,7876162,01/25/2024,dietary,1763.00,.00,692753,
120,RI,7876163,01/25/2024,755001,585.20,.00,755001,
120,RI,7876240,01/25/2024,B04060002534,9.41,.00,406004,
120,RI,7876241,01/25/2024,B04060002554,17.52,.00,406005,
120,RI,7876242,01/25/2024,B04050002691,5.42,.00,406113,
120,RI,7876246,01/25/2024,4503611898,25.20,.00,714611,
120,RI,7876260,01/25/2024,273100,.02,.00,395390,
120,RI,7876263,01/25/2024,DIETARY,108.92,.00,426644,
120,RI,7876265,01/25/2024,DIETARY,72.61,.00,515700,
120,RI,7876266,01/25/2024,Dietary,182.43,.00,562931,
120,RI,7876267,01/25/2024,Dietary,128.37,.00,562931,
120,RI,7876279,01/26/2024,B04050002761,119.76,.00,406103,
120,RI,7876306,01/26/2024,CENTRAL SUPPLY,30.35,.00,470015,
120,RI,7876327,01/26/2024,DIETARY,251.42,.00,766201,
120,RI,7876345,01/26/2024,FMP,479.18,.00,405003,
120,RI,7876369,01/26/2024,DIETARY,1362.86,.00,545101,
120,RI,7876426,01/26/2024,DIETARY,1365.94,.00,766201,
120,RI,7876468,01/26/2024,B08010046760,1197.96,.00,918024,
120,RI,7876469,01/26/2024,280839,1257.50,.00,755003,
120,RI,7876472,01/26/2024,1234567,624.29,.00,736673,
120,RI,7876492,01/26/2024,B04050002766,805.26,.00,406520,
120,RI,7876594,01/26/2024,281347,843.35,.00,755677,
120,RI,7876606,01/26/2024,4503615878,1622.09,.00,714611,
120,RI,7876639,01/26/2024,281430,855.01,.00,755002,
120,RI,7876665,01/26/2024,061035,2559.05,.00,694009,
120,RI,7876666,01/26/2024,061030,2047.99,.00,694007,
120,RI,7876673,01/26/2024,3,433.20,.00,593725,
120,RI,7876713,01/26/2024,KITHCEN,434.41,.00,620203,
120,RI,7876715,01/26/2024,KITCHEN,201.23,.00,620203,
120,RI,7876716,01/26/2024,KITCHEN,254.46,.00,620203,
120,RI,7876719,01/26/2024,HOUSEKEEPING,706.54,.00,692753,
120,RI,7876723,01/26/2024,HOUSEKEEPING,321.49,.00,470015,
120,RI,7876732,01/26/2024,HOUSEKEEPING,736.05,.00,515700,
120,RI,7876740,01/26/2024,755001,861.73,.00,755001,
120,RI,7876747,01/26/2024,HOUSEKEEPING,247.64,.00,562931,
120,RI,7876753,01/26/2024,281595,1626.74,.00,665979,
120,RI,7876758,01/26/2024,281603,1288.01,.00,755005,
120,RI,7876767,01/26/2024,kristina,1441.53,.00,755004,
120,RI,7876771,01/26/2024,greg,1092.07,.00,656100,
120,RI,7876779,01/26/2024,281626,1690.24,.00,994262,
120,RI,7876785,01/26/2024,281634,3243.45,.00,773527,
120,RI,7876808,01/26/2024,1234567,2767.91,.00,736673,
120,RI,7876809,01/26/2024,281663,551.76,.00,773527,
120,RI,7876827,01/26/2024,54983835,285.94,.00,449218,
120,RI,7876873,01/26/2024,Kevin. Nsereko CSC,121.39,.00,583410,
120,RI,7876875,01/26/2024,280575,91.90,.00,755002,
120,RI,7876893,01/26/2024,060988,93.63,.00,694009,
120,RI,7876902,01/29/2024,B04610043296,92.85,.00,793386,
120,RI,7876905,01/29/2024,B04610043647,523.19,.00,309620,
120,RI,7876938,01/29/2024,FEDEX,138.48,.00,461004,
120,RI,7876942,01/29/2024,DIETARY,46.59,.00,426644,
120,RI,7876944,01/29/2024,VERBAL,193.30,.00,309618,
120,RI,7876971,01/29/2024,B04050002757,60.95,.00,406106,
120,RI,7876985,01/29/2024,B08010046800,1293.93,.00,801959,
120,RI,7876996,01/29/2024,281766,1177.78,.00,324797,
120,RI,7876997,01/29/2024,281776,2453.55,.00,324797,
120,RI,7877036,01/29/2024,54927187,542.19,.00,441862,
120,RI,7877052,01/29/2024,2000895387,7008.50,.00,120109,
120,RI,7877174,01/29/2024,2000917173,911.10,.00,120109,
120,RI,7877188,01/29/2024,2000919745,5551.00,.00,120109,
120,RI,7877208,01/29/2024,2000921791,722.40,.00,120109,
120,RI,7877220,01/29/2024,281174,796.66,.00,716340,
120,RI,7877224,01/29/2024,251697,656.71,.00,716426,
120,RI,7877228,01/29/2024,281316,2514.00,.00,984501,
120,RI,7877232,01/29/2024,EASTON ELEM,1391.04,.00,755612,
120,RI,7877235,01/29/2024,281572,737.05,.00,225670,
120,RI,7877249,01/29/2024,CHAPEL DISTRICT,444.19,.00,755612,
120,RI,7877264,01/29/2024,ST,MICHAEL,1106.69,.00,755612,
120,RI,7877266,01/29/2024,EASTON HIGH,618.59,.00,755612,
120,RI,7877269,01/29/2024,281798,1240.81,.00,761100,
120,RI,7877271,01/29/2024,281805,653.03,.00,983363,
120,RI,7877319,01/29/2024,281904,485.64,.00,665979,
120,RI,7877339,01/29/2024,281933,1002.19,.00,755002,
120,RI,7877358,01/29/2024,281890,2605.39,.00,773527,
120,RI,7877375,01/29/2024,MAINTENANCE,73.78,.00,546300,
120,RI,7877390,01/29/2024,282044,1146.29,.00,984467,
120,RI,7877391,01/29/2024,CENTRAL SUPPLY,290.33,.00,661995,
120,RI,7877394,01/29/2024,LAUNDRY,125.14,.00,661995,
120,RI,7877395,01/29/2024,HOUSEKEEPING,526.16,.00,661995,
120,RI,7877422,01/29/2024,B07400015925,263.78,.00,699105,
120,RI,7877429,01/29/2024,B08010046896,4657.62,.00,282718,
120,RI,7877450,01/29/2024,2000881667,67.55,.00,120109,
120,RI,7877451,01/29/2024,2000881711,31.71,.00,120109,
120,RI,7877452,01/29/2024,2000881667,476.84,.00,120109,
120,RI,7877453,01/29/2024,2000903555,2260.00,.00,120109,
120,RI,7877456,01/29/2024,2000857326,434.01,.00,120109,
120,RI,7877493,01/30/2024,88991,22675.78,.00,920009,
120,RI,7877511,01/30/2024,BARREL,374.41,.00,461313,
120,RI,7877517,01/30/2024,B04050002770,728.27,.00,406126,
120,RI,7877543,01/30/2024,SMART THERM UNIT,8882.07,.00,766201,
120,RI,7877563,01/30/2024,KERRI,49.76,.00,406126,
120,RI,7877579,01/30/2024,MIDDLE SCHOOL,675.12,.00,741439,
120,RI,7877611,01/30/2024,DN2127000005832,1688.57,.00,187250,
120,RI,7877619,01/30/2024,B04610043939,1576.51,.00,367089,
120,RI,7877686,01/30/2024,greg,1032.17,.00,656100,
120,RI,7877714,01/30/2024,B04050002767,1114.91,.00,406110,
120,RI,7877722,01/30/2024,B04050002768,747.84,.00,406119,
120,RI,7877747,01/30/2024,3395 B02950002388,1651.70,.00,499301,
120,RI,7877769,01/30/2024,282297,1079.09,.00,755003,
120,RI,7877779,01/30/2024,B04050002769,1020.86,.00,406105,
120,RI,7877808,01/30/2024,282403,2931.67,.00,755677,
120,RI,7877830,01/30/2024,B04050002771,1143.38,.00,406107,
120,RI,7877839,01/30/2024,4503616868,4303.83,.00,714611,
120,RI,7877840,01/30/2024,B04050002772,643.77,.00,406115,
120,RI,7877844,01/30/2024,TGT12924,1558.03,.00,406024,
120,RI,7877855,01/30/2024,VERBAL,1573.98,.00,164369,
120,RI,7877907,01/30/2024,4503617416,1308.34,.00,944645,
120,RI,7877908,01/30/2024,B04050002775,1344.01,.00,406125,
120,RI,7877931,01/30/2024,N/A,874.42,.00,665979,
120,RI,7877968,01/30/2024,DIETARY,2219.69,.00,515700,
120,RI,7877979,01/30/2024,B04050002776,842.77,.00,406108,
120,RI,7877985,01/30/2024,MIKE 282700,797.84,.00,755596,
120,RI,7877986,01/30/2024,paper,516.30,.00,527001,
120,RI,7877996,01/30/2024,BRAD,3167.68,.00,202000,
120,RI,7878022,01/30/2024,CANTON012924,748.01,.00,406028,
120,RI,7878051,01/30/2024,B04050002778,1339.15,.00,406111,
120,RI,7878052,01/30/2024,B04060002574,1303.15,.00,406015,
120,RI,7878082,01/30/2024,4503617695,1752.73,.00,195445,
120,RI,7878084,01/30/2024,SEAN,718.06,.00,164371,
120,RI,7878088,01/30/2024,B04050002708,34.07,.00,406105,
120,RI,7878095,01/30/2024,B04050002749,5.36,.00,406119,
120,RI,7878097,01/30/2024,B04060002550,12.83,.00,406015,
120,RI,7878112,01/30/2024,280596,171.60,.00,755661,
120,RI,7878113,01/30/2024,Maintenance/Debbie,.06,.00,766201,
120,RI,7878119,01/30/2024,B08010044873,279.40,.00,164064,
120,RI,7878120,01/30/2024,B08010044875,223.52,.00,164064,
120,RI,7878121,01/30/2024,B08010046232,162.00,.00,164064,
120,RI,7878122,01/30/2024,B08010046233,162.00,.00,164064,
120,RI,7878123,01/30/2024,B08010046234,335.28,.00,164064,
120,RI,7878127,01/31/2024,PAPER2,497.46,.00,406001,
120,RI,7878128,01/31/2024,PAPER3,740.59,.00,406001,
120,RI,7878172,01/31/2024,B04050002772,43.46,.00,406115,
120,RI,7878175,01/31/2024,B04060002574,108.65,.00,406015,
120,RI,7878176,01/31/2024,B04050002776,21.73,.00,406108,
120,RI,7878183,01/31/2024,MARIAM,48.40,.00,406105,
120,RI,7878204,01/31/2024,B04610043983,213.59,.00,737892,
120,RI,7878221,01/31/2024,B04050002774,1125.58,.00,406106,
120,RI,7878354,01/31/2024,Laundry,431.81,.00,562931,
120,RI,7878355,01/31/2024,Laundry,334.48,.00,562931,
120,RI,7878356,01/31/2024,Housekeeping,195.46,.00,562931,
120,RI,7878370,01/31/2024,282346,838.43,.00,984733,
120,RI,7878371,01/31/2024,282348,2660.61,.00,234100,
120,RI,7878373,01/31/2024,282351,933.45,.00,820130,
120,RI,7878380,01/31/2024,DIETARY,669.85,.00,470015,
120,RI,7878383,01/31/2024,282473,625.61,.00,716270,
120,RI,7878398,01/31/2024,820120,1246.52,.00,820120,
120,RI,7878402,01/31/2024,Laundry,910.65,.00,820100,
120,RI,7878406,01/31/2024,282694,1305.63,.00,453331,
120,RI,7878407,01/31/2024,282695,1178.76,.00,453470,
120,RI,7878409,01/31/2024,766222,573.46,.00,766222,
120,RI,7878412,01/31/2024,DIETARY,1521.77,.00,661995,
120,RI,7878426,01/31/2024,282861,973.68,.00,716080,
120,RI,7878430,01/31/2024,282867,605.84,.00,293280,
120,RI,7878459,01/31/2024,282943,287.95,.00,973960,
120,RI,7878470,01/31/2024,111111,360.05,.00,593725,
120,RI,7878471,01/31/2024,282965-JUSTIN,931.83,.00,311159,
120,RI,7878488,01/31/2024,282999,2417.95,.00,395280,
120,RI,7878489,01/31/2024,1.30.24,3375.98,.00,755004,
120,RI,7878490,01/31/2024,283003,552.91,.00,225670,
120,RI,7878495,01/31/2024,B04050002779,889.15,.00,406103,
120,RI,7878502,01/31/2024,111111,121.70,.00,593725,
120,RI,7878506,01/31/2024,B04050002778,65.19,.00,406111,
120,RI,7878509,01/31/2024,283045,840.79,.00,984660,
120,RI,7878524,01/31/2024,LAUNDRY,820.60,.00,470015,
120,RI,7878525,01/31/2024,HOUSEKEEPING,1448.31,.00,470015,
120,RI,7878550,01/31/2024,755001,1370.30,.00,755001,
120,RI,7878557,01/31/2024,CENTRAL SUPPLY,450.86,.00,470015,
120,RI,7878575,01/31/2024,283170,1744.86,.00,771562,
120,RI,7878576,01/31/2024,DIETARY,52.68,.00,562931,
120,RI,7878586,01/31/2024,283182,2028.80,.00,737308,
120,RI,7878587,01/31/2024,283186,1066.11,.00,737280,
120,RI,7878588,01/31/2024,Kevin. Nsereko CSC,516.64,.00,583410,
120,RI,7878589,01/31/2024,283193,1482.87,.00,766226,
120,RI,7878594,01/31/2024,283201,1733.65,.00,773527,
120,RI,7878599,01/31/2024,B04050002780,22.16,.00,406111,
120,RI,7878602,01/31/2024,B08010047012,3516.56,.00,801294,
120,RI,7878625,01/31/2024,283241,1072.40,.00,755002,
120,RI,7878629,01/31/2024,3023,220.24,.00,499301,
120,RI,7878638,01/31/2024,283259,749.48,.00,766236,
120,RI,7878640,01/31/2024,CENTRAL SUPPLY,408.52,.00,515700,
120,RI,7878651,01/31/2024,283287,836.01,.00,716130,
120,RI,7878655,01/31/2024,283295,940.83,.00,392010,
120,RI,7878672,01/31/2024,283320,858.99,.00,768399,
120,RI,7878673,01/31/2024,DIETARY,686.12,.00,426644,
120,RI,7878693,01/31/2024,283347,2525.10,.00,994262,
120,RI,7878702,01/31/2024,DIETARY,782.15,.00,583410,
120,RI,7878732,01/31/2024,CENTRAL SUPPLY,1482.73,.00,546300,
120,RI,7878753,01/31/2024,CANTON012924,86.92,.00,406028,
120,RI,7878754,01/31/2024,B04050002771,86.92,.00,406107,
120,RI,7878757,01/31/2024,Dietary,192.81,.00,562931,
120,RI,7878758,01/31/2024,DIETARY,560.28,.00,692753,
120,RI,7878759,01/31/2024,061030,712.60,.00,694007,
120,RI,7878760,01/31/2024,DONNA,93.00,.00,755677,
120,RI,7878771,01/31/2024,Dietary,190.69,.00,562931,
120,RI,7878780,02/01/2024,54693678,311.53,.00,440995,
120,RI,7878788,02/01/2024,B04610043953,315.56,.00,461822,
120,RI,7878796,02/01/2024,B04610043737,93.62,.00,461012,
120,RI,7878799,02/01/2024,B04610043348,436.31,.00,859096,
120,RI,7878801,02/01/2024,S-BLADE,274.70,.00,366743,
120,RI,7878849,02/01/2024,ALLPOINTS,63.26,.00,185389,
120,RI,7878864,02/01/2024,2000923701,12165.09,.00,120109,
120,RI,7878868,02/01/2024,2000930295,190.00,.00,120109,
120,RI,7878884,02/01/2024,B01460012737.2D-1283,1766.38,.00,146221,


120,RI,7878905,02/01/2024,DIETARY,1289.68,.00,885700,
120,RI,7878913,02/01/2024,B01460012741.2D-1283,876.42,.00,146041,
120,RI,7878925,02/01/2024,DN2127000005839,671.51,.00,187250,
120,RI,7878927,02/01/2024,01312024,2776.68,.00,801002,
120,RI,7878932,02/01/2024,2000912574,1095.72,.00,120109,
120,RI,7878933,02/01/2024,2000914354,586.75,.00,120109,
120,RI,7878935,02/01/2024,2000923701,333.06,.00,120109,
120,RI,7878985,02/01/2024,4503614705,182.28,.00,714611,
120,RI,7878996,02/01/2024,4503615878,187.24,.00,714611,
120,RI,7879008,02/01/2024,4503616125,91.66,.00,195445,
120,RI,7879030,02/01/2024,QUEEN ANNES HIGH,1402.86,.00,582403,
120,RI,7879032,02/01/2024,B04060002577,467.83,.00,406004,
120,RI,7879033,02/01/2024,B04060002578,1172.04,.00,406013,
120,RI,7879035,02/01/2024,B07550001112,1230.64,.00,755874,
120,RI,7879036,02/01/2024,B01480002161.2D-1249,1693.79,.00,148039,
120,RI,7879037,02/01/2024,B07550001113,91.90,.00,755874,
120,RI,7879043,02/01/2024,B04060002579,234.07,.00,406004,
120,RI,7879048,02/01/2024,B04060002580,856.73,.00,406008,
120,RI,7879052,02/01/2024,B01480002162.2D-1249,395.96,.00,148039,
120,RI,7879063,02/01/2024,CHURCH HILL,385.70,.00,582403,
120,RI,7879064,02/01/2024,B01460012725.2D-1282,17490.48,.00,146118,
120,RI,7879066,02/01/2024,DNR1411313,155.00,.00,463077,
120,RI,7879069,02/01/2024,DNR1412470,60.57,.00,463077,
120,RI,7879073,02/01/2024,B04060002581,802.73,.00,406005,
120,RI,7879085,02/01/2024,B04050002781,1493.11,.00,406020,
120,RI,7879086,02/01/2024,B04060002582,856.18,.00,406007,
120,RI,7879088,02/01/2024,B04060002583,891.06,.00,406006,
120,RI,7879092,02/01/2024,SLADE SCHOOL,2609.20,.00,245176,
120,RI,7879100,02/01/2024,4503611898,768.51,.00,714611,
120,RI,7879113,02/01/2024,283480,599.13,.00,716270,
120,RI,7879123,02/01/2024,EASTON HIGH,315.00,.00,755612,
120,RI,7879130,02/01/2024,B04050002784,871.47,.00,406113,
120,RI,7879149,02/01/2024,283554,795.81,.00,755003,
120,RI,7879165,02/01/2024,283578,681.62,.00,737215,
120,RI,7879171,02/01/2024,283586,784.45,.00,394380,
120,RI,7879196,02/01/2024,283624,3862.61,.00,755677,
120,RI,7879205,02/01/2024,Dietary,1827.67,.00,820100,
120,RI,7879209,02/01/2024,111111,459.32,.00,593725,
120,RI,7879210,02/01/2024,DIETARY,2381.87,.00,546300,
120,RI,7879211,02/01/2024,CENTRAL SUPPLY,67.84,.00,546300,
120,RI,7879219,02/01/2024,283659,631.39,.00,983838,
120,RI,7879240,02/01/2024,Housekeeping/Debbie,4328.67,.00,766201,
120,RI,7879241,02/01/2024,Laundry/Debbie,1662.57,.00,766201,
120,RI,7879250,02/01/2024,DIETARY,5226.30,.00,766201,
120,RI,7879266,02/01/2024,283730,348.82,.00,737385,
120,RI,7879287,02/01/2024,061141,748.50,.00,694012,
120,RI,7879288,02/01/2024,061142,580.65,.00,694011,
120,RI,7879292,02/01/2024,B04050002785,896.09,.00,406112,
120,RI,7879318,02/01/2024,CENTRAL SUPPLY,42.35,.00,583410,
120,RI,7879321,02/01/2024,55095044,.68,.00,449218,
120,RI,7879330,02/01/2024,SARA,1104.49,.00,826244,
120,RI,7879341,02/01/2024,283836-COSTICA,885.18,.00,421513,
120,RI,7879346,02/01/2024,B08010047081,561.70,.00,523100,
120,RI,7879348,02/01/2024,283847,686.17,.00,737385,
120,RI,7879353,02/01/2024,283852,679.33,.00,453360,
120,RI,7879354,02/01/2024,283583,771.31,.00,820124,
120,RI,7879360,02/01/2024,B07550001120,947.52,.00,755870,
120,RI,7879363,02/01/2024,B07550001121,749.25,.00,755870,
120,RI,7879364,02/01/2024,283869,876.56,.00,820103,
120,RI,7879376,02/01/2024,283887,508.60,.00,395970,
120,RI,7879378,02/01/2024,283889,558.60,.00,397700,
120,RI,7879409,02/01/2024,N/A,1015.90,.00,665979,
120,RI,7879434,02/01/2024,GARFIELD,492.45,.00,164370,
120,RI,7879458,02/01/2024,283986,1091.26,.00,755005,
120,RI,7879459,02/01/2024,283987,1767.49,.00,716080,
120,RI,7879463,02/01/2024,KITCHEN,365.76,.00,620203,
120,RI,7879464,02/01/2024,KITCHEN,339.28,.00,620203,
120,RI,7879471,02/01/2024,B04060002557,36.46,.00,406013,
120,RI,7879477,02/01/2024,B04060002543,14.95,.00,406008,
120,RI,7879480,02/01/2024,AMBER,118.19,.00,406112,
120,RI,7879484,02/01/2024,DIETARY,90.06,.00,515700,
120,RI,7879485,02/01/2024,B07550001107,93.00,.00,755870,
120,RI,7879486,02/01/2024,B07550001085,62.00,.00,755870,
120,RI,7879491,02/01/2024,54757113,80.55,.00,439008,
120,RI,7879508,02/01/2024,HOUSEKEEPING/NU,169.28,.00,470015,
120,RI,7879571,02/02/2024,B04050002775,43.46,.00,406125,
120,RI,7879731,02/02/2024,B08010047051,1602.95,.00,918024,
120,RI,7879739,02/02/2024,CENTRAL SUPPLY,1221.44,.00,661995,
120,RI,7879762,02/02/2024,B04050002786,880.94,.00,406520,
120,RI,7879776,02/02/2024,kristina,4263.23,.00,755004,
120,RI,7879790,02/02/2024,284095,652.97,.00,755002,
120,RI,7879796,02/02/2024,284116,595.35,.00,392010,
120,RI,7879801,02/02/2024,284121,519.39,.00,820170,
120,RI,7879802,02/02/2024,284124,1405.13,.00,766202,
120,RI,7879807,02/02/2024,LAUNDRY,648.93,.00,583410,
120,RI,7879814,02/02/2024,HOUSEKEEPING,2806.19,.00,583410,
120,RI,7879817,02/02/2024,284149,302.56,.00,716030,
120,RI,7879822,02/02/2024,284157,897.75,.00,395380,
120,RI,7879829,02/02/2024,B07400016047,760.92,.00,339330,
120,RI,7879851,02/02/2024,HOUSEKEEPING,3497.50,.00,692753,
120,RI,7879855,02/02/2024,LAUNDRY,2258.44,.00,692753,
120,RI,7879871,02/02/2024,Housekeeping,943.41,.00,820100,
120,RI,7879885,02/02/2024,284257,1345.41,.00,755003,
120,RI,7879907,02/02/2024,B07550001122,1673.91,.00,755006,
120,RI,7879908,02/02/2024,B07550001123,693.01,.00,293280,
120,RI,7879913,02/02/2024,284299,521.22,.00,766130,
120,RI,7879914,02/02/2024,1234567,1730.08,.00,736673,
120,RI,7879915,02/02/2024,284301,1054.98,.00,766156,
120,RI,7879938,02/02/2024,B07400016050,837.65,.00,574323,
120,RI,7879940,02/02/2024,061151,1588.10,.00,694008,
120,RI,7879941,02/02/2024,061149,2129.25,.00,694007,
120,RI,7879945,02/02/2024,55113063,1051.60,.00,439008,
120,RI,7879947,02/02/2024,55113378,1233.34,.00,439008,
120,RI,7879955,02/02/2024,B07400015886,533.17,.00,644141,
120,RI,7879960,02/02/2024,kristina,194.37,.00,755004,
120,RI,7879962,02/02/2024,Dietary,823.60,.00,562931,
120,RI,7879963,02/02/2024,greg,1767.68,.00,656100,
120,RI,7879983,02/02/2024,B07400016054,644.59,.00,358401,
120,RI,7880027,02/02/2024,B08010047153,5333.56,.00,282718,
120,RI,7880037,02/02/2024,dietary,2569.96,.00,692753,
120,RI,7880038,02/02/2024,284491,598.86,.00,983355,
120,RI,7880044,02/02/2024,284503,2898.92,.00,773527,
120,RI,7880045,02/02/2024,LAUNDRY,1472.99,.00,661995,
120,RI,7880051,02/02/2024,755001,1571.26,.00,755001,
120,RI,7880052,02/02/2024,HOUSEKEEPING,1913.80,.00,661995,
120,RI,7880060,02/02/2024,284524,779.27,.00,395390,
120,RI,7880063,02/02/2024,Dietary,235.49,.00,562931,
120,RI,7880069,02/02/2024,LISA,108.65,.00,406015,
120,RI,7880098,02/02/2024,DIETARY,608.02,.00,515700,
120,RI,7880111,02/02/2024,DIETARY,1243.22,.00,473055,
120,RI,7880127,02/02/2024,0,207.80,.00,593725,
120,RI,7880140,02/02/2024,HOUSEKEEPING,2594.46,.00,473055,
120,RI,7880141,02/02/2024,4503619809,5625.81,.00,714611,
120,RI,7880142,02/02/2024,Dietary,905.56,.00,562931,
120,RI,7880166,02/02/2024,BRAD,722.70,.00,202000,
120,RI,7880178,02/02/2024,3130,94.47,.00,499301,
120,RI,7880179,02/02/2024,HOUSEKEEPING,302.99,.00,515700,
120,RI,7880209,02/05/2024,VERBAL,26.10,.00,407301,
120,RI,7880210,02/05/2024,B04610043837,410.83,.00,94887,
120,RI,7880227,02/05/2024,B04610044003,79.91,.00,461807,
120,RI,7880231,02/05/2024,M&A MATTING,117.02,.00,515700,
120,RI,7880237,02/05/2024,MAINTENANCE,338.56,.00,766201,
120,RI,7880241,02/05/2024,B04610044055,1217.62,.00,545316,
120,RI,7880264,02/05/2024,HOUSEKEEPING,206.17,.00,470015,
120,RI,7880272,02/05/2024,FRY LEXAN,175.42,.00,416104,
120,RI,7880279,02/05/2024,B04610044130,27.35,.00,416104,
120,RI,7880284,02/05/2024,FILTER,63.32,.00,405003,
120,RI,7880296,02/05/2024,B08010047121,1368.83,.00,801959,
120,RI,7880306,02/05/2024,284699,661.27,.00,324797,
120,RI,7880309,02/05/2024,284718,3008.57,.00,324797,
120,RI,7880330,02/05/2024,TISHA,144.00,.00,940843,
120,RI,7880337,02/05/2024,B08010045386,296.42,.00,801959,
120,RI,7880428,02/05/2024,3135 B02950002396,514.85,.00,499301,
120,RI,7880441,02/05/2024,MAINTENANCE,1161.34,.00,583410,
120,RI,7880444,02/05/2024,CHEF JOHN,1046.28,.00,755869,
120,RI,7880448,02/05/2024,WHITE MARSH,604.05,.00,755612,
120,RI,7880456,02/05/2024,3135 B02950002400,129.46,.00,499301,
120,RI,7880458,02/05/2024,PF020124,347.88,.00,724535,
120,RI,7880472,02/05/2024,KENT ISLAND HIGH,583.12,.00,582403,
120,RI,7880499,02/05/2024,PPE,1099.43,.00,562931,
120,RI,7880502,02/05/2024,284712,789.22,.00,761100,
120,RI,7880507,02/05/2024,504520000125338,796.06,.00,196722,
120,RI,7880508,02/05/2024,284732,1447.38,.00,755003,
120,RI,7880509,02/05/2024,LAUNDRY,39.60,.00,583410,
120,RI,7880512,02/05/2024,SLADE SCHOOL,554.80,.00,245176,
120,RI,7880522,02/05/2024,B07400016068,313.58,.00,593482,
120,RI,7880523,02/05/2024,4503620142,150.84,.00,714611,
120,RI,7880535,02/05/2024,DIETARY,660.06,.00,473055,
120,RI,7880539,02/05/2024,LAUNDRY,3694.34,.00,473055,
120,RI,7880552,02/05/2024,HOUSEKEEPING,7003.28,.00,473055,
120,RI,7880553,02/05/2024,FILL IN,1187.60,.00,406315,
120,RI,7880555,02/05/2024,284831,2827.90,.00,773527,
120,RI,7880557,02/05/2024,284841,1.99,.00,773527,
120,RI,7880561,02/05/2024,B07400016071,460.00,.00,835200,
120,RI,7880563,02/05/2024,B07400016073,1125.16,.00,632317,
120,RI,7880564,02/05/2024,B07550001125,1544.93,.00,755870,
120,RI,7880587,02/05/2024,284903,825.71,.00,311159,
120,RI,7880591,02/05/2024,B07400016075,494.12,.00,699105,
120,RI,7880592,02/05/2024,B07400016076,291.80,.00,887489,
120,RI,7880599,02/05/2024,B07400016078,403.70,.00,789511,
120,RI,7880600,02/05/2024,B07400016079,154.39,.00,887489,
120,RI,7880603,02/05/2024,284934,689.16,.00,294350,
120,RI,7880604,02/05/2024,284940,899.44,.00,244867,
120,RI,7880606,02/05/2024,kristina,1057.83,.00,755004,
120,RI,7880609,02/05/2024,DIETARY,675.80,.00,426644,
120,RI,7880617,02/05/2024,B07400016080,493.03,.00,775193,
120,RI,7880623,02/05/2024,341090061456,398.01,.00,286942,
120,RI,7880624,02/05/2024,KENNARD,421.60,.00,582403,
120,RI,7880632,02/05/2024,284987,633.43,.00,755677,
120,RI,7880638,02/05/2024,284996,1273.52,.00,716050,
120,RI,7880641,02/05/2024,285003,622.64,.00,983838,
120,RI,7880642,02/05/2024,285004,1185.54,.00,394810,
120,RI,7880643,02/05/2024,285005,577.08,.00,983262,
120,RI,7880663,02/05/2024,B07400016084,603.10,.00,740185,
120,RI,7880664,02/05/2024,B07400016085,335.49,.00,358401,
120,RI,7880666,02/05/2024,285038,829.26,.00,820110,
120,RI,7880684,02/05/2024,JOANN,942.79,.00,755583,
120,RI,7880689,02/05/2024,285077,2728.26,.00,994262,
120,RI,7880742,02/06/2024,WILL CALL,1073.01,.00,407300,
120,RI,7880758,02/06/2024,DIETARY,115.41,.00,766201,
120,RI,7880768,02/06/2024,SHANE GRIFFIN,115.19,.00,406003,
120,RI,7880775,02/06/2024,AMERICAN METALCRAFT,1810.89,.00,278496,
120,RI,7880778,02/06/2024,B04050002792,770.31,.00,406126,
120,RI,7880784,02/06/2024,RWEVS020224,3092.29,.00,801284,
120,RI,7880808,02/06/2024,dietary,52.95,.00,692753,
120,RI,7880827,02/06/2024,8044757190,743.83,.00,408888,
120,RI,7880838,02/06/2024,VERBAL,943.55,.00,722611,
120,RI,7880870,02/06/2024,01172024,299.38,.00,801002,
120,RI,7880871,02/06/2024,B08010045386,810.05,.00,801959,
120,RI,7880873,02/06/2024,PER CORPORATE,88.50,.00,406117,
120,RI,7880950,02/06/2024,greg,1572.46,.00,656100,
120,RI,7880979,02/06/2024,B07400016086,1922.39,.00,241400,
120,RI,7880983,02/06/2024,B04060002584,1136.18,.00,406015,
120,RI,7880985,02/06/2024,B04610044173,1625.93,.00,407303,
120,RI,7880986,02/06/2024,B04050002787,1180.69,.00,406110,
120,RI,7880989,02/06/2024,B04050002788,768.25,.00,406119,
120,RI,7880990,02/06/2024,B04050002789,1123.79,.00,406101,
120,RI,7881030,02/06/2024,285302,321.50,.00,665979,
120,RI,7881035,02/06/2024,4503620704,579.00,.00,944645,
120,RI,7881041,02/06/2024,285330,490.80,.00,755002,
120,RI,7881060,02/06/2024,2000938210,1668.32,.00,120109,
120,RI,7881061,02/06/2024,B07400016095,1463.69,.00,252630,
120,RI,7881062,02/06/2024,B04610044212,2480.78,.00,461691,
120,RI,7881074,02/06/2024,MIKE,1704.29,.00,164369,
120,RI,7881077,02/06/2024,369,508.66,.00,593725,
120,RI,7881100,02/06/2024,285436,314.63,.00,755003,
120,RI,7881107,02/06/2024,4503621104,1521.93,.00,944645,
120,RI,7881109,02/06/2024,TGT020524,858.61,.00,406024,
120,RI,7881114,02/06/2024,755001,827.46,.00,755001,
120,RI,7881149,02/06/2024,B04050002793,1694.61,.00,406125,
120,RI,7881150,02/06/2024,B04050002794,919.88,.00,406115,
120,RI,7881154,02/06/2024,B04050002795,1264.33,.00,406107,
120,RI,7881160,02/06/2024,285537,902.32,.00,755661,
120,RI,7881203,02/06/2024,B07400016104,1100.29,.00,634489,
120,RI,7881209,02/06/2024,B04050002796,911.26,.00,406108,
120,RI,7881218,02/06/2024,paper,566.22,.00,527001,
120,RI,7881226,02/06/2024,B07400016107,716.32,.00,548063,
120,RI,7881236,02/06/2024,- None -,620.07,.00,342646,
120,RI,7881259,02/06/2024,B08010047307,1813.39,.00,801554,
120,RI,7881268,02/06/2024,B07400016108,299.47,.00,358401,
120,RI,7881300,02/06/2024,F,767.46,.00,164371,
120,RI,7881306,02/06/2024,755001,139.47,.00,755001,
120,RI,7881313,02/06/2024,B07400016111,347.57,.00,367128,
120,RI,7881315,02/06/2024,B04050002797,1419.20,.00,406111,
120,RI,7881316,02/06/2024,B04060002586,1253.35,.00,406026,
120,RI,7881317,02/06/2024,B07400016113,363.24,.00,740276,
120,RI,7881318,02/06/2024,CANTON020524,863.55,.00,406028,
120,RI,7881320,02/06/2024,DIETARY,582.25,.00,473055,
120,RI,7881327,02/06/2024,4503621264,1465.18,.00,195445,
120,RI,7881329,02/06/2024,B04050002799,902.89,.00,406112,
120,RI,7881342,02/06/2024,BRAD,4214.77,.00,202000,
120,RI,7881348,02/06/2024,1234567,562.14,.00,736673,
120,RI,7881386,02/06/2024,HOUSEKEEPIMG,20748.44,.00,583410,
120,RI,7881390,02/06/2024,B07400016095,170.85,.00,252630,
120,RI,7881395,02/06/2024,B07400016055,99.90,.00,367128,
120,RI,7881397,02/06/2024,HOUSEKEEPING/NU,373.08,.00,470015,
120,RI,7881405,02/06/2024,284732,51.44,.00,755003,
120,RI,7881406,02/06/2024,285436,51.44,.00,755003,
120,RI,7881438,02/07/2024,TAYLOR,392.56,.00,772617,
120,RI,7881442,02/07/2024,VICTORINOX,1332.96,.00,278496,
120,RI,7881452,02/07/2024,2000928364,1718.00,.00,120109,
120,RI,7881459,02/07/2024,B04610044174,84.99,.00,391067,
120,RI,7881460,02/07/2024,B04610044179,155.22,.00,545316,
120,RI,7881469,02/07/2024,B04610044160,215.66,.00,461909,
120,RI,7881473,02/07/2024,B04610044143,405.80,.00,859096,
120,RI,7881480,02/07/2024,B04610044210,163.98,.00,461540,
120,RI,7881481,02/07/2024,B04610044220,26.40,.00,461147,
120,RI,7881487,02/07/2024,B04610043953,309.54,.00,461822,
120,RI,7881501,02/07/2024,282348,255.80,.00,234100,
120,RI,7881502,02/07/2024,283889,63.95,.00,397700,
120,RI,7881503,02/07/2024,283182,63.95,.00,737308,
120,RI,7881504,02/07/2024,283730,127.90,.00,737385,
120,RI,7881517,02/07/2024,B04050002790,1550.13,.00,406106,
120,RI,7881519,02/07/2024,B07400016099,271.20,.00,672881,
120,RI,7881576,02/07/2024,B07400016139,310.94,.00,961900,
120,RI,7881581,02/07/2024,B04050002685,16.09,.00,406106,
120,RI,7881586,02/07/2024,JBMS,9.48,.00,136417,
120,RI,7881587,02/07/2024,WHS,23.02,.00,136417,
120,RI,7881588,02/07/2024,TMS,22.10,.00,136417,
120,RI,7881596,02/07/2024,TRAVIS GILMORE,279.47,.00,461615,
120,RI,7881604,02/07/2024,55152096,542.19,.00,441862,
120,RI,7881660,02/07/2024,B07400016014,834.01,.00,139211,
120,RI,7881688,02/07/2024,285216,704.76,.00,453409,
120,RI,7881694,02/07/2024,Housekeeping,126.99,.00,562931,
120,RI,7881701,02/07/2024,Nursing/Debbie,205.11,.00,766201,
120,RI,7881702,02/07/2024,Laundry/Debbie,105.85,.00,766201,
120,RI,7881704,02/07/2024,285388,854.23,.00,453450,
120,RI,7881716,02/07/2024,251697,923.29,.00,716426,
120,RI,7881717,02/07/2024,285539,542.00,.00,225670,
120,RI,7881718,02/07/2024,285549,493.32,.00,820120,
120,RI,7881719,02/07/2024,285551,2526.96,.00,244841,
120,RI,7881721,02/07/2024,CENTRAL SUPPLY,396.01,.00,470015,
120,RI,7881723,02/07/2024,HOUSEKEEPING,1054.99,.00,426644,
120,RI,7881725,02/07/2024,LAUNDRY,330.38,.00,426644,
120,RI,7881728,02/07/2024,285642,1214.71,.00,766222,
120,RI,7881729,02/07/2024,Dietary,1191.11,.00,562931,
120,RI,7881731,02/07/2024,285657,814.58,.00,716340,
120,RI,7881741,02/07/2024,285751,1107.24,.00,395970,
120,RI,7881798,02/07/2024,B07400016120,371.11,.00,413154,
120,RI,7881799,02/07/2024,B07400016122,876.16,.00,574323,
120,RI,7881806,02/07/2024,B04050002800,1395.59,.00,406103,
120,RI,7881819,02/07/2024,286068,730.01,.00,766236,
120,RI,7881824,02/07/2024,Kevin. Nsereko CSC,650.76,.00,583410,
120,RI,7881830,02/07/2024,AMANDA,176.91,.00,406108,
120,RI,7881836,02/07/2024,B07400016129,775.11,.00,358401,
120,RI,7881837,02/07/2024,B08010047364,1729.20,.00,192752,
120,RI,7881838,02/07/2024,kristina,1587.14,.00,755004,
120,RI,7881840,02/07/2024,286122,1471.35,.00,716210,
120,RI,7881854,02/07/2024,B07400016131,480.20,.00,593482,
120,RI,7881860,02/07/2024,286164,687.57,.00,737311,
120,RI,7881861,02/07/2024,181989,2211.90,.00,737285,
120,RI,7881862,02/07/2024,286167,1549.10,.00,761100,
120,RI,7881867,02/07/2024,B07400016133,609.47,.00,84001,
120,RI,7881869,02/07/2024,286178,2827.14,.00,755677,
120,RI,7881877,02/07/2024,B07400016134,120.95,.00,358401,
120,RI,7881878,02/07/2024,B07400016135,730.84,.00,122832,
120,RI,7881890,02/07/2024,286207,1772.65,.00,771562,
120,RI,7881897,02/07/2024,B07550001128,314.18,.00,994262,
120,RI,7881898,02/07/2024,286218,1499.21,.00,453470,
120,RI,7881900,02/07/2024,286220,1258.85,.00,737280,
120,RI,7881903,02/07/2024,B08010047381,5049.53,.00,282718,
120,RI,7881904,02/07/2024,B04610044295,1317.24,.00,407303,
120,RI,7881906,02/07/2024,286230,627.07,.00,394900,
120,RI,7881915,02/07/2024,286246,1884.77,.00,814703,
120,RI,7881922,02/07/2024,286254,1068.93,.00,716140,
120,RI,7881923,02/07/2024,286255,1272.17,.00,393140,
120,RI,7881924,02/07/2024,286256,1142.27,.00,453331,
120,RI,7881931,02/07/2024,LAUNDRY,679.25,.00,470015,
120,RI,7881934,02/07/2024,HOUSEKEEPING,1199.24,.00,470015,
120,RI,7881936,02/07/2024,286275,116.26,.00,350086,
120,RI,7881939,02/07/2024,286279,668.11,.00,755002,
120,RI,7881950,02/07/2024,B04050002802,138.94,.00,406111,
120,RI,7881952,02/07/2024,B07400016138,315.35,.00,350086,
120,RI,7881956,02/07/2024,286305,1125.66,.00,397700,
120,RI,7881958,02/07/2024,HK,1020.23,.00,620203,
120,RI,7881960,02/07/2024,286312,818.99,.00,665979,
120,RI,7881961,02/07/2024,KITCHEN,769.09,.00,620203,
120,RI,7881972,02/07/2024,286329,2365.75,.00,773527,
120,RI,7881976,02/07/2024,Dietary,853.48,.00,562931,
120,RI,7881979,02/07/2024,DIETARY,1133.94,.00,515700,
120,RI,7881984,02/07/2024,286347,1080.75,.00,665979,
120,RI,7881988,02/07/2024,286351,99.50,.00,773527,
120,RI,7882005,02/07/2024,286372,818.55,.00,665979,
120,RI,7882015,02/07/2024,DIETARY,2365.07,.00,583410,
120,RI,7882020,02/07/2024,Housekeeping,76.44,.00,820100,
120,RI,7882031,02/07/2024,B07400016145,241.37,.00,350086,
120,RI,7882050,02/07/2024,HOUSEKEEPING,174.26,.00,661995,
120,RI,7882059,02/07/2024,HOUSEKEEPING,482.34,.00,473055,
120,RI,7882072,02/07/2024,Laundry,537.66,.00,562931,
120,RI,7882087,02/07/2024,Dietary,135.57,.00,562931,
120,RI,7882088,02/07/2024,Dietary,135.57,.00,562931,
120,RI,7882091,02/08/2024,547192,59659.02,.00,920009,
120,RI,7882100,02/08/2024,2000938569,4784.62,.00,120109,
120,RI,7882111,02/08/2024,OPS,90.60,.00,136417,
120,RI,7882112,02/08/2024,JHS,45.30,.00,136417,
120,RI,7882114,02/08/2024,DIETARY,221.93,.00,546300,
120,RI,7882117,02/08/2024,WHS,181.20,.00,136417,
120,RI,7882118,02/08/2024,TMS,45.30,.00,136417,
120,RI,7882119,02/08/2024,B07400016022,123.96,.00,593482,
120,RI,7882122,02/08/2024,B04610044275,135.93,.00,545312,
120,RI,7882124,02/08/2024,B04610043647,33.33,.00,309620,
120,RI,7882127,02/08/2024,VERBAL,14.12,.00,652927,
120,RI,7882129,02/08/2024,MOSCOW MULE,166.11,.00,406117,
120,RI,7882158,02/08/2024,B04050002658,206.25,.00,406110,
120,RI,7882179,02/08/2024,2000938598,5876.64,.00,120109,
120,RI,7882206,02/08/2024,DN2127000005847,2331.83,.00,187250,
120,RI,7882228,02/08/2024,DIETARY,356.51,.00,545101,
120,RI,7882230,02/08/2024,B01460012812.2D-1283,2379.16,.00,146041,
120,RI,7882234,02/08/2024,DN2127000005853,153.65,.00,187250,
120,RI,7882256,02/08/2024,2000930295,1974.40,.00,120109,
120,RI,7882258,02/08/2024,2000923701,4600.00,.00,120109,
120,RI,7882276,02/08/2024,B07400015984,42.35,.00,775193,
120,RI,7882282,02/08/2024,ST MICHAELS,560.43,.00,755612,
120,RI,7882304,02/08/2024,B07400016078,191.75,.00,789511,
120,RI,7882316,02/08/2024,B08010047275,3746.68,.00,801608,
120,RI,7882319,02/08/2024,SUDLERSVILLE ELEM,713.35,.00,582403,
120,RI,7882320,02/08/2024,GRASONVILLE,377.43,.00,582403,
120,RI,7882323,02/08/2024,KIES,502.80,.00,582403,
120,RI,7882337,02/08/2024,DNR1426643,764.38,.00,463077,
120,RI,7882340,02/08/2024,B04060002587,777.36,.00,406014,
120,RI,7882341,02/08/2024,B04060002589,745.88,.00,406012,
120,RI,7882357,02/08/2024,B04050002801,1205.93,.00,406113,
120,RI,7882362,02/08/2024,EASTON ELEM,1625.10,.00,755612,
120,RI,7882367,02/08/2024,B04060002590,835.34,.00,406007,
120,RI,7882370,02/08/2024,B07400016141,96.88,.00,740276,
120,RI,7882371,02/08/2024,B04060002591,702.97,.00,406005,
120,RI,7882372,02/08/2024,B04060002592,809.72,.00,406004,
120,RI,7882388,02/08/2024,B04050002783,1066.23,.00,406020,
120,RI,7882389,02/08/2024,B04050002804,54.30,.00,406020,
120,RI,7882390,02/08/2024,B01460012806.2D-1282,5867.64,.00,146118,
120,RI,7882393,02/08/2024,B04610044307,1479.54,.00,580102,
120,RI,7882394,02/08/2024,B01460012808.2D-1270,5333.50,.00,146137,
120,RI,7882396,02/08/2024,B07550001129,506.87,.00,755874,
120,RI,7882410,02/08/2024,CHEF JOHN,360.60,.00,755869,
120,RI,7882418,02/08/2024,B07400016150,1177.86,.00,789511,
120,RI,7882419,02/08/2024,B04610044317,5991.04,.00,407300,
120,RI,7882426,02/08/2024,central supply,1058.09,.00,820100,
120,RI,7882436,02/08/2024,B04610044321,42.59,.00,407300,
120,RI,7882437,02/08/2024,Housekeeping,587.66,.00,820100,
120,RI,7882438,02/08/2024,Laundry,744.92,.00,820100,
120,RI,7882447,02/08/2024,B07400016155,395.17,.00,241400,
120,RI,7882453,02/08/2024,286595,523.53,.00,820126,
120,RI,7882455,02/08/2024,HOUSEKEEPING,229.49,.00,426644,
120,RI,7882466,02/08/2024,B07400016157,725.03,.00,986632,
120,RI,7882470,02/08/2024,DIETARY,321.19,.00,515700,
120,RI,7882501,02/08/2024,286667,728.10,.00,737263,
120,RI,7882503,02/08/2024,286670,1137.78,.00,984467,
120,RI,7882512,02/08/2024,HOUSEKEEPING,320.82,.00,583410,
120,RI,7882519,02/08/2024,B07400016158,408.40,.00,548063,
120,RI,7882522,02/08/2024,B04060002593,608.81,.00,406008,
120,RI,7882524,02/08/2024,286704,584.29,.00,716080,
120,RI,7882531,02/08/2024,286718-JUSTIN,600.07,.00,311159,
120,RI,7882542,02/08/2024,SLADE SCHOOL,3347.94,.00,245176,
120,RI,7882547,02/08/2024,DIETARY,1174.61,.00,661995,
120,RI,7882555,02/08/2024,286781,485.87,.00,716010,
120,RI,7882562,02/08/2024,B04060002594,155.55,.00,406008,
120,RI,7882564,02/08/2024,lINCOLNIAN,2219.13,.00,140330,
120,RI,7882565,02/08/2024,Central Supply,279.52,.00,515700,
120,RI,7882566,02/08/2024,286800,1080.87,.00,820116,
120,RI,7882583,02/08/2024,B07400016164,1152.82,.00,75096,
120,RI,7882584,02/08/2024,B07400016161,1019.01,.00,887489,
120,RI,7882586,02/08/2024,B04610044338,546.71,.00,407303,
120,RI,7882588,02/08/2024,B07400016165,547.80,.00,740185,
120,RI,7882593,02/08/2024,greg,2983.98,.00,656100,
120,RI,7882615,02/08/2024,B07400016168,1347.63,.00,122743,
120,RI,7882616,02/08/2024,B07400016169,877.20,.00,367128,
120,RI,7882619,02/08/2024,286883,572.40,.00,395390,
120,RI,7882621,02/08/2024,286886,836.43,.00,716320,
120,RI,7882631,02/08/2024,286901,911.54,.00,973960,
120,RI,7882634,02/08/2024,061278,1048.22,.00,694014,
120,RI,7882638,02/08/2024,0047,103.65,.00,499301,
120,RI,7882646,02/08/2024,286928,257.70,.00,665979,
120,RI,7882653,02/08/2024,150420,674.32,.00,820106,
120,RI,7882655,02/08/2024,MRM-020724-01,292.08,.00,192285,
120,RI,7882674,02/08/2024,HOUSEKEEPING,1717.68,.00,515700,
120,RI,7882728,02/08/2024,PENDING,557.77,.00,146137,
120,RI,7882742,02/08/2024,B01460012651.2D-1282,.03,.00,146118,
120,RI,7882756,02/08/2024,B01460012652.2D-1282,.30,.00,146118,
120,RI,7882760,02/08/2024,B07400015880,46.68,.00,75096,
120,RI,7882768,02/08/2024,B04060002579,49.02,.00,406004,
120,RI,7882775,02/08/2024,247847,528.10,.00,620203,
120,RI,7882776,02/08/2024,286178,383.01,.00,755677,
120,RI,7882789,02/08/2024,DIETARY,199.07,.00,473055,
120,RI,7882793,02/08/2024,LAUNDRY,60.34,.00,583410,
120,RI,7882795,02/08/2024,HOUSEKEEPING,241.34,.00,692753,
120,RI,7882796,02/08/2024,284095,89.90,.00,755002,
120,RI,7882797,02/08/2024,285330,134.85,.00,755002,
120,RI,7882798,02/08/2024,285436,89.90,.00,755003,
120,RI,7882799,02/08/2024,B07550001129,599.40,.00,755874,
120,RI,7882803,02/08/2024,4503619809,195.80,.00,714611,
120,RI,7882812,02/09/2024,PAPER4,1074.29,.00,406001,
120,RI,7882816,02/09/2024,B04610044352,488.61,.00,593652,
120,RI,7882837,02/09/2024,ALEX DUNCAN,74.41,.00,406103,
120,RI,7882856,02/09/2024,BLADE,301.32,.00,740183,
120,RI,7882889,02/09/2024,- None -,395.56,.00,974439,
120,RI,7883000,02/09/2024,B04060002588,819.45,.00,406019,
120,RI,7883012,02/09/2024,B07400016162,384.36,.00,339330,
120,RI,7883014,02/09/2024,B07400016163,1126.22,.00,644141,
120,RI,7883035,02/09/2024,B07400016172,1175.09,.00,212200,
120,RI,7883037,02/09/2024,B07400016170,1671.38,.00,948085,
120,RI,7883038,02/09/2024,B07400016174,713.08,.00,350086,
120,RI,7883039,02/09/2024,061321,2725.30,.00,694007,
120,RI,7883043,02/09/2024,B08010047470,1937.73,.00,918024,
120,RI,7883068,02/09/2024,B07400016181,403.51,.00,632317,
120,RI,7883071,02/09/2024,287175,992.22,.00,768399,
120,RI,7883072,02/09/2024,kristina,1129.97,.00,755004,
120,RI,7883079,02/09/2024,Dietary,658.14,.00,562931,
120,RI,7883083,02/09/2024,B04050002805,987.87,.00,406520,
120,RI,7883099,02/09/2024,254512,1406.20,.00,234100,
120,RI,7883100,02/09/2024,287240,466.48,.00,983244,
120,RI,7883121,02/09/2024,287274,1069.32,.00,755003,
120,RI,7883144,02/09/2024,287310,1316.90,.00,755677,
120,RI,7883146,02/09/2024,HICKORY KNOLL RD,2675.29,.00,245176,
120,RI,7883155,02/09/2024,287327,752.40,.00,737215,
120,RI,7883159,02/09/2024,B07400016186,445.58,.00,574323,
120,RI,7883185,02/09/2024,B07400016188,798.57,.00,867549,
120,RI,7883217,02/09/2024,B07400016189,861.56,.00,358401,
120,RI,7883225,02/09/2024,4503623357,1976.78,.00,714611,
120,RI,7883237,02/09/2024,287458,1026.60,.00,737308,
120,RI,7883238,02/09/2024,greg,687.58,.00,656100,
120,RI,7883251,02/09/2024,287486,1369.78,.00,994262,
120,RI,7883264,02/09/2024,B04610044425,519.45,.00,461691,
120,RI,7883269,02/09/2024,02082024,1439.44,.00,187850,
120,RI,7883277,02/09/2024,1234567,950.00,.00,736673,
120,RI,7883281,02/09/2024,HOUSEKEEPING,334.32,.00,661995,
120,RI,7883295,02/09/2024,B08010047511,905.05,.00,752880,
120,RI,7883330,02/09/2024,287593,855.97,.00,755002,
120,RI,7883335,02/09/2024,B07400016191,1225.64,.00,699105,
120,RI,7883337,02/09/2024,B07400016192,467.73,.00,367128,
120,RI,7883354,02/09/2024,chec,1076.10,.00,397700,
120,RI,7883360,02/09/2024,Housekeeping,456.93,.00,820100,
120,RI,7883365,02/09/2024,287640,2220.56,.00,773527,
120,RI,7883369,02/09/2024,287644,895.00,.00,773527,
120,RI,7883373,02/09/2024,B08010047307,84.24,.00,801554,
120,RI,7883416,02/09/2024,B07400016134,13.73,.00,358401,
120,RI,7883418,02/09/2024,B07400016171,444.87,.00,775193,
120,RI,7883419,02/09/2024,B08010044688,95.88,.00,801554,
120,RI,7883423,02/09/2024,DIETARY,78.27,.00,470015,
120,RI,7883425,02/09/2024,B08010047081,492.87,.00,523100,
120,RI,7883430,02/09/2024,060891,72.95,.00,694014,
120,RI,7883432,02/09/2024,B08010046760,60.61,.00,918024,
120,RI,7883438,02/12/2024,BAGS,122.45,.00,278496,
120,RI,7883446,02/12/2024,VERBAL,598.01,.00,94887,
120,RI,7883454,02/12/2024,VERBAL,47.52,.00,202798,
120,RI,7883455,02/12/2024,VERBAL,46.68,.00,461477,
120,RI,7883457,02/12/2024,B04610044331,79.91,.00,403860,
120,RI,7883458,02/12/2024,B04610044347,86.73,.00,461104,
120,RI,7883459,02/12/2024,B04610044439,80.12,.00,416104,
120,RI,7883461,02/12/2024,B04610044438,136.10,.00,461060,
120,RI,7883463,02/12/2024,ROCKY MOUNTAIN,232.14,.00,309254,
120,RI,7883470,02/12/2024,9998.COMET/WNA,225.53,.00,499301,
120,RI,7883471,02/12/2024,WINCO,1014.70,.00,652927,
120,RI,7883503,02/12/2024,B04610044443,430.43,.00,789565,
120,RI,7883513,02/12/2024,88786,10890.00,.00,920009,
120,RI,7883529,02/12/2024,B04610043592,49.88,.00,739890,
120,RI,7883530,02/12/2024,FEDEX,221.25,.00,461073,
120,RI,7883536,02/12/2024,PAPER3,10.27,.00,406001,
120,RI,7883537,02/12/2024,DIETARY,53.16,.00,515700,
120,RI,7883556,02/12/2024,B04610044380,1081.79,.00,461004,
120,RI,7883561,02/12/2024,B04610044440,1111.41,.00,765955,
120,RI,7883562,02/12/2024,287751,1628.26,.00,324797,
120,RI,7883564,02/12/2024,287774,644.78,.00,324797,
120,RI,7883569,02/12/2024,B04610044455,1014.95,.00,367090,
120,RI,7883572,02/12/2024,B04610044459,1560.04,.00,272618,
120,RI,7883573,02/12/2024,B04610044460,1298.48,.00,461834,
120,RI,7883583,02/12/2024,B04610044466,916.68,.00,772617,
120,RI,7883586,02/12/2024,B04610044472,574.15,.00,366744,
120,RI,7883590,02/12/2024,B04610044475,848.60,.00,367089,
120,RI,7883596,02/12/2024,B04610043163,23.70,.00,367089,
120,RI,7883680,02/12/2024,2000939957,3439.17,.00,120109,
120,RI,7883725,02/12/2024,CHAPEL DISTRICT,405.47,.00,755612,
120,RI,7883731,02/12/2024,kristina,1971.14,.00,755004,
120,RI,7883736,02/12/2024,EASTON MIDDLE,1467.84,.00,755612,
120,RI,7883737,02/12/2024,2000945586,13152.60,.00,120109,
120,RI,7883748,02/12/2024,287716,577.60,.00,716270,
120,RI,7883750,02/12/2024,B04610044448,788.89,.00,461204,
120,RI,7883756,02/12/2024,4524206696,2373.76,.00,650979,
120,RI,7883763,02/12/2024,287755,1618.60,.00,755005,
120,RI,7883770,02/12/2024,4503623688,2188.79,.00,714611,
120,RI,7883772,02/12/2024,287772,2078.78,.00,755677,
120,RI,7883773,02/12/2024,MATAPEAKE,528.05,.00,582403,
120,RI,7883775,02/12/2024,B04610044452,1073.58,.00,545313,
120,RI,7883776,02/12/2024,B07400016197,780.16,.00,593482,
120,RI,7883777,02/12/2024,B04610044453,1205.73,.00,262753,
120,RI,7883778,02/12/2024,287788,1063.63,.00,755003,
120,RI,7883780,02/12/2024,287792,950.07,.00,716050,
120,RI,7883782,02/12/2024,287797,676.04,.00,761100,
120,RI,7883790,02/12/2024,HOUSEKEEPING,324.06,.00,470015,
120,RI,7883791,02/12/2024,287812,2165.04,.00,773527,
120,RI,7883793,02/12/2024,HOUSEKEEPING,167.88,.00,562931,
120,RI,7883794,02/12/2024,287816,99.50,.00,773527,
120,RI,7883809,02/12/2024,B04610044457,1895.90,.00,461014,
120,RI,7883816,02/12/2024,36,296.52,.00,593725,
120,RI,7883828,02/12/2024,B07400016201,647.62,.00,495151,
120,RI,7883829,02/12/2024,B07400016202,722.72,.00,632317,
120,RI,7883831,02/12/2024,B04610044462,652.42,.00,461801,
120,RI,7883838,02/12/2024,820110,1139.51,.00,820110,
120,RI,7883862,02/12/2024,B07400016204,694.78,.00,835200,
120,RI,7883875,02/12/2024,B04610044469,99.98,.00,461014,
120,RI,7883876,02/12/2024,B07550001133,566.78,.00,994262,
120,RI,7883877,02/12/2024,B04610044470,344.21,.00,461803,
120,RI,7883878,02/12/2024,755001,553.79,.00,755001,
120,RI,7883895,02/12/2024,B08010047563,2468.44,.00,282718,
120,RI,7883905,02/12/2024,287999,763.74,.00,716010,
120,RI,7883917,02/12/2024,B07400016210,503.91,.00,789511,
120,RI,7883923,02/12/2024,288031,2782.44,.00,983262,
120,RI,7883931,02/12/2024,B01480002200.2D-1259,2518.91,.00,148004,
120,RI,7883932,02/12/2024,288040,1285.14,.00,225670,
120,RI,7883940,02/12/2024,CENTRAL SUPPLY,1417.22,.00,546300,
120,RI,7883948,02/12/2024,B07550001134,768.34,.00,755872,
120,RI,7883953,02/12/2024,MARK LOWMAN,1462.69,.00,755869,
120,RI,7883955,02/12/2024,2000917173,1361.60,.00,120109,
120,RI,7883956,02/12/2024,2000897108,6309.60,.00,120109,
120,RI,7883957,02/12/2024,2000897139,2554.20,.00,120109,
120,RI,7883958,02/12/2024,2000916150,885.20,.00,120109,
120,RI,7883959,02/12/2024,2000919740,67.50,.00,120109,
120,RI,7883960,02/12/2024,2000919782,3948.00,.00,120109,
120,RI,7883967,02/12/2024,HICKORY KNOLL RD,267.50,.00,245176,
120,RI,7883971,02/12/2024,061321,73.65,.00,694007,
120,RI,7883972,02/12/2024,061151,310.00,.00,694008,
120,RI,7883981,02/12/2024,B04610043315,11.85,.00,545313,
120,RI,7883982,02/12/2024,B07550001085,31.00,.00,755870,
120,RI,7883996,02/12/2024,AMERICAN METALCRAFT,58.80,.00,789565,
120,RI,7883444,02/13/2024,2/9/2024,225.00,.00,766201,
120,RI,7884031,02/13/2024,B04610042551,436.31,.00,545312,
120,RI,7884032,02/13/2024,B04610042558,436.31,.00,461909,
120,RI,7884059,02/13/2024,ALLPOINTS,33.83,.00,461623,
120,RI,7884076,02/13/2024,B04610044491,895.14,.00,461002,
120,RI,7884078,02/13/2024,B04610044509,793.44,.00,461073,
120,RI,7884080,02/13/2024,FLAT ROCK,351.83,.00,741439,
120,RI,7884095,02/13/2024,B04610044542,1519.43,.00,461407,
120,RI,7884105,02/13/2024,VERBAL,2671.89,.00,722611,
120,RI,7884110,02/13/2024,B04610044566,673.39,.00,461834,
120,RI,7884111,02/13/2024,B04610044568,1484.96,.00,367089,
120,RI,7884116,02/13/2024,VERBAL,48.83,.00,722611,
120,RI,7884117,02/13/2024,B04610044193,32.73,.00,461002,
120,RI,7884118,02/13/2024,B04610044193,37.82,.00,461002,
120,RI,7884119,02/13/2024,B04610044001,20.46,.00,461073,
120,RI,7884182,02/13/2024,3095 B02950002422,644.59,.00,499301,
120,RI,7884185,02/13/2024,paper,683.47,.00,527001,
120,RI,7884187,02/13/2024,B07400016209,489.93,.00,367128,
120,RI,7884210,02/13/2024,DIETARY,675.16,.00,470015,
120,RI,7884229,02/13/2024,B07400016219,1579.93,.00,350086,
120,RI,7884230,02/13/2024,B07400016220,207.12,.00,350086,
120,RI,7884231,02/13/2024,B04610044485,1436.06,.00,580102,
120,RI,7884233,02/13/2024,B04050002806,1607.97,.00,406110,
120,RI,7884234,02/13/2024,B04610044497,1129.97,.00,914102,
120,RI,7884236,02/13/2024,B04610044495,1438.10,.00,461171,
120,RI,7884238,02/13/2024,B04610044502,1310.31,.00,716507,
120,RI,7884240,02/13/2024,B04050002807,801.74,.00,406119,
120,RI,7884241,02/13/2024,B07400016224,411.04,.00,350086,
120,RI,7884242,02/13/2024,B04610044513,1079.95,.00,62139,
120,RI,7884243,02/13/2024,B04610044520,1780.81,.00,461691,
120,RI,7884244,02/13/2024,B07400016225,3042.74,.00,241400,
120,RI,7884251,02/13/2024,B04610044521,942.73,.00,461053,
120,RI,7884258,02/13/2024,VERBAL,422.20,.00,914102,
120,RI,7884290,02/13/2024,3395 B02950002424,2417.71,.00,499301,
120,RI,7884309,02/13/2024,288313,645.82,.00,755003,
120,RI,7884317,02/13/2024,MIKE,1658.95,.00,164369,
120,RI,7884334,02/13/2024,501320000127188,1178.52,.00,421513,
120,RI,7884335,02/13/2024,B04610044527,755.23,.00,545313,
120,RI,7884337,02/13/2024,B04610044528,954.78,.00,62140,
120,RI,7884338,02/13/2024,B04610044530,1204.05,.00,194660,
120,RI,7884339,02/13/2024,B04610044533,1835.39,.00,262755,
120,RI,7884340,02/13/2024,B04610044532,1696.36,.00,800857,
120,RI,7884341,02/13/2024,B07400016227,912.42,.00,75096,
120,RI,7884344,02/13/2024,TGT21224,1126.11,.00,406024,
120,RI,7884345,02/13/2024,B04050002809,1122.03,.00,406107,
120,RI,7884385,02/13/2024,B04610044541,1640.72,.00,461074,
120,RI,7884388,02/13/2024,B04050002810,948.54,.00,406115,
120,RI,7884409,02/13/2024,B04610044549,1722.53,.00,765956,
120,RI,7884410,02/13/2024,B08010047611,1033.76,.00,164064,
120,RI,7884411,02/13/2024,B08010047610,3801.59,.00,164064,
120,RI,7884412,02/13/2024,B08010047609,1724.14,.00,164064,
120,RI,7884413,02/13/2024,B08010047612,5612.59,.00,164064,
120,RI,7884414,02/13/2024,4503624592,2346.24,.00,195445,
120,RI,7884433,02/13/2024,B04050002811,949.75,.00,406108,
120,RI,7884434,02/13/2024,B04060002599,838.34,.00,406015,
120,RI,7884435,02/13/2024,B07400016233,1625.63,.00,634489,
120,RI,7884436,02/13/2024,4503624908,1062.66,.00,944645,
120,RI,7884438,02/13/2024,B07400016234,898.37,.00,548063,
120,RI,7884459,02/13/2024,B04610044557,1103.92,.00,461003,
120,RI,7884462,02/13/2024,B04050002813,1381.41,.00,406125,
120,RI,7884463,02/13/2024,B04610044560,1247.49,.00,461601,
120,RI,7884464,02/13/2024,B04610044561,1965.80,.00,461701,
120,RI,7884466,02/13/2024,1310 B029500002426,400.59,.00,499301,
120,RI,7884479,02/13/2024,B04610044563,944.95,.00,862385,
120,RI,7884480,02/13/2024,061392,1650.80,.00,694007,
120,RI,7884483,02/13/2024,B07400016235,1688.76,.00,252630,
120,RI,7884484,02/13/2024,B07400016236,118.96,.00,634489,
120,RI,7884485,02/13/2024,B04610044565,977.26,.00,461874,
120,RI,7884516,02/13/2024,B07400016237,740.60,.00,75096,
120,RI,7884517,02/13/2024,B04060002600,769.25,.00,406019,
120,RI,7884518,02/13/2024,B04060002602,11.52,.00,406019,
120,RI,7884519,02/13/2024,B07400016239,1884.95,.00,84001,
120,RI,7884521,02/13/2024,B07400016241,1038.02,.00,740276,
120,RI,7884522,02/13/2024,3023 B20950002427,3331.81,.00,499301,
120,RI,7884523,02/13/2024,B04610044569,2258.06,.00,812120,
120,RI,7884524,02/13/2024,B04060002601,861.41,.00,406026,
120,RI,7884525,02/13/2024,B04610044570,2036.17,.00,309254,
120,RI,7884550,02/13/2024,SEAN,591.12,.00,164371,
120,RI,7884558,02/13/2024,B07400016243,842.87,.00,775193,
120,RI,7884559,02/13/2024,B07400016245,768.38,.00,358401,
120,RI,7884561,02/13/2024,not avail,147.90,.00,665979,
120,RI,7884568,02/13/2024,288742,938.07,.00,984660,
120,RI,7884576,02/13/2024,0047 B02950002428,3321.56,.00,499301,
120,RI,7884592,02/13/2024,B04050002816,1512.56,.00,406105,
120,RI,7884616,02/13/2024,B04050002817,971.45,.00,406111,
120,RI,7884617,02/13/2024,B04610044572,1086.39,.00,633233,
120,RI,7884633,02/13/2024,B04610044425,35.53,.00,461691,
120,RI,7884638,02/13/2024,B07400016032,543.78,.00,367128,
120,RI,7884640,02/13/2024,B04060002574,42.63,.00,406015,
120,RI,7884643,02/13/2024,B04610044377,16.37,.00,461171,
120,RI,7884652,02/13/2024,4503621264,96.50,.00,195445,
120,RI,7884653,02/13/2024,4503624592,48.25,.00,195445,
120,RI,7884655,02/13/2024,280493,278.55,.00,350086,
120,RI,7884663,02/13/2024,4503612320,96.50,.00,944645,
120,RI,7884673,02/14/2024,B04050002815,819.60,.00,406126,
120,RI,7884706,02/14/2024,B04610044326,415.23,.00,309618,
120,RI,7884707,02/14/2024,B04610044365,40.13,.00,461147,
120,RI,7884708,02/14/2024,B04610044391,195.38,.00,461109,
120,RI,7884709,02/14/2024,B04610044444,298.39,.00,461858,
120,RI,7884710,02/14/2024,B04610044465,41.74,.00,461108,
120,RI,7884711,02/14/2024,VERBAL,139.70,.00,545315,
120,RI,7884712,02/14/2024,B04610044482,584.71,.00,414506,
120,RI,7884713,02/14/2024,B04610042991,222.56,.00,407302,
120,RI,7884714,02/14/2024,B04610044487,439.67,.00,461012,
120,RI,7884720,02/14/2024,B04610044501,323.51,.00,461704,
120,RI,7884721,02/14/2024,B04610044505,95.75,.00,793386,
120,RI,7884724,02/14/2024,B04610044556,76.99,.00,461559,
120,RI,7884725,02/14/2024,B04610044558,67.20,.00,416104,
120,RI,7884726,02/14/2024,B04610044148,34.57,.00,94890,
120,RI,7884727,02/14/2024,B04610043647,51.21,.00,309620,
120,RI,7884728,02/14/2024,B04610043442,23.50,.00,461718,
120,RI,7884741,02/14/2024,B07400016241,31.48,.00,740276,
120,RI,7884762,02/14/2024,B04050002812,1338.07,.00,406106,
120,RI,7884764,02/14/2024,B04610044574,1264.29,.00,272617,
120,RI,7884766,02/14/2024,B04610044580,1083.28,.00,765955,
120,RI,7884767,02/14/2024,B04610044582,.02,.00,272617,
120,RI,7884774,02/14/2024,B04610044584,832.77,.00,367090,
120,RI,7884787,02/14/2024,- None -,1199.72,.00,646053,
120,RI,7884811,02/14/2024,B04610044596,667.75,.00,461004,
120,RI,7884823,02/14/2024,B04610044599,795.95,.00,772617,
120,RI,7884824,02/14/2024,B04610044282,16.26,.00,367090,
120,RI,7884875,02/14/2024,DIETARY,80.67,.00,820100,
120,RI,7884882,02/14/2024,Dietary,178.43,.00,562931,
120,RI,7884892,02/14/2024,Laundry,604.79,.00,562931,
120,RI,7884893,02/14/2024,Housekeeping,1416.79,.00,562931,
120,RI,7884901,02/14/2024,7042 B02950002425,2800.41,.00,499301,
120,RI,7884904,02/14/2024,288389,1211.12,.00,716080,
120,RI,7884906,02/14/2024,288391,925.93,.00,766156,
120,RI,7884907,02/14/2024,983355,2178.36,.00,983355,
120,RI,7884908,02/14/2024,288397,356.40,.00,716030,
120,RI,7884910,02/14/2024,288412,667.16,.00,394380,
120,RI,7884921,02/14/2024,288550,640.45,.00,766130,
120,RI,7884922,02/14/2024,288561,999.63,.00,392010,
120,RI,7884923,02/14/2024,kristina,1131.38,.00,755004,
120,RI,7884924,02/14/2024,288570,1322.78,.00,820124,
120,RI,7884936,02/14/2024,HOUSEKEEPING,2444.93,.00,661995,
120,RI,7884938,02/14/2024,CENTRAL SUPPLY,580.67,.00,661995,
120,RI,7884939,02/14/2024,LAUNDRY,1129.22,.00,661995,
120,RI,7884941,02/14/2024,HOUSEKEEPING,501.70,.00,546300,
120,RI,7884947,02/14/2024,288845,692.96,.00,755002,
120,RI,7884960,02/14/2024,greg,2229.61,.00,656100,
120,RI,7884962,02/14/2024,4503625178,2839.94,.00,714611,
120,RI,7884963,02/14/2024,B04060002603,831.52,.00,406014,
120,RI,7884964,02/14/2024,SLADE SCHOOL,1399.15,.00,245176,
120,RI,7884969,02/14/2024,Housekeeping,106.42,.00,562931,
120,RI,7884973,02/14/2024,3035 B02950002429,1166.37,.00,499301,
120,RI,7884983,02/14/2024,061398,4220.00,.00,781001,
120,RI,7884986,02/14/2024,HOUSEKEEPING,60.27,.00,562931,
120,RI,7884988,02/14/2024,B04050002819,27.43,.00,406103,
120,RI,7884989,02/14/2024,B04050002818,937.26,.00,406103,
120,RI,7884990,02/14/2024,dietary,192.28,.00,562931,
120,RI,7884991,02/14/2024,288951,1791.00,.00,766226,
120,RI,7884999,02/14/2024,0015,94.35,.00,499301,
120,RI,7885001,02/14/2024,HOUSEKEEPING,4319.78,.00,801650,
120,RI,7885002,02/14/2024,B07400016251,548.56,.00,593482,
120,RI,7885004,02/14/2024,288979,749.68,.00,737385,
120,RI,7885005,02/14/2024,CENTRAL SUPPLY,388.02,.00,470015,
120,RI,7885007,02/14/2024,288987,3276.02,.00,755677,
120,RI,7885008,02/14/2024,Kevin. Nsereko CSC,729.75,.00,583410,
120,RI,7885011,02/14/2024,CANTON021324,913.86,.00,406028,
120,RI,7885014,02/14/2024,289007,564.65,.00,766222,
120,RI,7885027,02/14/2024,Housekeeping,1203.35,.00,820100,
120,RI,7885041,02/14/2024,289055,1039.04,.00,766140,
120,RI,7885055,02/14/2024,B08010047689,3798.21,.00,801294,
120,RI,7885056,02/14/2024,289081,816.76,.00,737215,
120,RI,7885057,02/14/2024,johnsone,559.04,.00,692753,
120,RI,7885064,02/14/2024,289092,1296.39,.00,771562,
120,RI,7885091,02/14/2024,289139,802.01,.00,716270,
120,RI,7885093,02/14/2024,289142,1209.73,.00,234100,
120,RI,7885094,02/14/2024,HOUSEKEKEPING,1801.58,.00,426644,
120,RI,7885100,02/14/2024,Central Supply,251.86,.00,515700,
120,RI,7885102,02/14/2024,3510,650.01,.00,499301,
120,RI,7885107,02/14/2024,LAUNDRY,482.25,.00,470015,
120,RI,7885110,02/14/2024,HOUSEKEEPING,1271.59,.00,470015,
120,RI,7885112,02/14/2024,B04050002821,1025.43,.00,406112,
120,RI,7885119,02/14/2024,289181,781.13,.00,737280,
120,RI,7885124,02/14/2024,JEHOVANNY,1179.79,.00,826244,
120,RI,7885128,02/14/2024,289195,5648.88,.00,773527,
120,RI,7885129,02/14/2024,DIETARY,1057.18,.00,515700,
120,RI,7885139,02/14/2024,B07550001139,1951.29,.00,994262,
120,RI,7885140,02/14/2024,3036 B02950002430,683.50,.00,499301,
120,RI,7885141,02/14/2024,061423,2515.26,.00,694007,
120,RI,7885144,02/14/2024,289222,1309.90,.00,395970,
120,RI,7885147,02/14/2024,755004,224.85,.00,755004,
120,RI,7885150,02/14/2024,501320000127250,1618.06,.00,421513,
120,RI,7885153,02/14/2024,501320000127249,256.63,.00,421513,
120,RI,7885161,02/14/2024,289251,528.87,.00,766236,
120,RI,7885167,02/14/2024,1234567,1913.26,.00,736673,
120,RI,7885181,02/14/2024,3122,164.20,.00,499301,
120,RI,7885186,02/14/2024,289288,1066.09,.00,665979,
120,RI,7885201,02/14/2024,B07400016261,979.83,.00,574323,
120,RI,7885206,02/14/2024,DIETARY,694.65,.00,583410,
120,RI,7885260,02/14/2024,B08010046703,41.89,.00,801294,
120,RI,7885261,02/14/2024,B08010042060,117.70,.00,801294,
120,RI,7885269,02/14/2024,4503620142,289.50,.00,714611,
120,RI,7885270,02/14/2024,B07550001128,98.05,.00,994262,
120,RI,7885279,02/14/2024,greg,101.47,.00,656100,
120,RI,7885281,02/15/2024,BRYAN ROSAS,4838.40,.00,920016,
120,RI,7885287,02/15/2024,FEDEX,47.00,.00,272617,
120,RI,7885294,02/15/2024,2000928364,795.00,.00,120109,
120,RI,7885300,02/15/2024,SAVAGE STEAKS,59.53,.00,326180,
120,RI,7885315,02/15/2024,B04610044578,85.06,.00,461410,
120,RI,7885317,02/15/2024,B04610044595,613.59,.00,545312,
120,RI,7885318,02/15/2024,B04610044605,129.04,.00,391067,
120,RI,7885319,02/15/2024,B04610044609,235.39,.00,345444,
120,RI,7885321,02/15/2024,B04610044613,37.95,.00,461807,
120,RI,7885328,02/15/2024,B04610044501,43.20,.00,461704,
120,RI,7885331,02/15/2024,B04610044628,151.62,.00,461615,
120,RI,7885337,02/15/2024,B04610044648,504.34,.00,185389,
120,RI,7885344,02/15/2024,061423,191.00,.00,694007,
120,RI,7885357,02/15/2024,2000943774,25441.43,.00,120109,
120,RI,7885359,02/15/2024,2000950312,1219.05,.00,120109,
120,RI,7885360,02/15/2024,B04610044600,81.35,.00,461002,
120,RI,7885365,02/15/2024,B04610044608,1465.23,.00,461407,
120,RI,7885373,02/15/2024,B04610044620,715.15,.00,366744,
120,RI,7885377,02/15/2024,MIDDLE SCHOOL,645.28,.00,741439,
120,RI,7885382,02/15/2024,B04610044624,754.12,.00,461002,
120,RI,7885401,02/15/2024,B01460012884.2D-1283,1406.48,.00,146041,
120,RI,7885410,02/15/2024,B04610044641,780.40,.00,461834,
120,RI,7885411,02/15/2024,B04610044645,1571.41,.00,461073,
120,RI,7885419,02/15/2024,B01460012887.2D-1283,6230.93,.00,146221,
120,RI,7885422,02/15/2024,B04610044652,807.39,.00,367089,
120,RI,7885426,02/15/2024,DN2127000005847,200.85,.00,187250,
120,RI,7885428,02/15/2024,B04610043854,30.95,.00,367089,
120,RI,7885432,02/15/2024,2000943774,2765.07,.00,120109,
120,RI,7885433,02/15/2024,BOBRICK,68.13,.00,461514,
120,RI,7885434,02/15/2024,547211,7743.88,.00,920009,
120,RI,7885448,02/15/2024,509720000139960,105.00,.00,11234,
120,RI,7885488,02/15/2024,55266423,138.85,.00,432012,
120,RI,7885491,02/15/2024,EASTON HIGH,1148.22,.00,755612,
120,RI,7885492,02/15/2024,CENTREVILLE ELEM,808.59,.00,582403,
120,RI,7885501,02/15/2024,ROB,390.15,.00,755870,
120,RI,7885513,02/15/2024,B07550001137,844.37,.00,755874,
120,RI,7885514,02/15/2024,STENSVILLE MIDDLE,670.40,.00,582403,
120,RI,7885519,02/15/2024,B07550001138,219.27,.00,755874,
120,RI,7885526,02/15/2024,B04060002604,703.57,.00,406008,
120,RI,7885527,02/15/2024,B07400016257,242.75,.00,634489,
120,RI,7885528,02/15/2024,EASTON ELEM,659.53,.00,755612,
120,RI,7885536,02/15/2024,SLADE SCHOOL,643.97,.00,245176,
120,RI,7885566,02/15/2024,B04050002822,873.79,.00,406020,
120,RI,7885567,02/15/2024,B07400016266,330.53,.00,740185,
120,RI,7885569,02/15/2024,B07400016267,348.97,.00,350086,
120,RI,7885571,02/15/2024,B04610044607,2245.16,.00,580102,
120,RI,7885572,02/15/2024,B01460012872.2D-1282,7662.51,.00,146118,
120,RI,7885573,02/15/2024,B04060002605,1183.53,.00,406006,
120,RI,7885574,02/15/2024,B04060002606,984.27,.00,406013,
120,RI,7885575,02/15/2024,B04610044616,1236.34,.00,62139,
120,RI,7885576,02/15/2024,B04610044617,4888.31,.00,407300,
120,RI,7885577,02/15/2024,B01460012874.2D-1270,4405.63,.00,146137,
120,RI,7885578,02/15/2024,B01460012875.2D-1282,1797.00,.00,146118,
120,RI,7885579,02/15/2024,3750 B2950002431,529.78,.00,499301,
120,RI,7885580,02/15/2024,B07550001141,262.62,.00,755874,
120,RI,7885581,02/15/2024,B04610044618,2068.03,.00,407303,
120,RI,7885597,02/15/2024,501320000127270,713.77,.00,421513,
120,RI,7885600,02/15/2024,289516,2712.99,.00,755005,
120,RI,7885610,02/15/2024,B04610044625,2062.07,.00,461204,
120,RI,7885627,02/15/2024,289559,1124.70,.00,761100,
120,RI,7885635,02/15/2024,289574,1006.48,.00,755002,
120,RI,7885642,02/15/2024,289591-JUSTIN,736.33,.00,311159,
120,RI,7885646,02/15/2024,B04050002824,995.90,.00,406113,
120,RI,7885659,02/15/2024,B04610044633,2650.68,.00,461014,
120,RI,7885668,02/15/2024,HOUSEKEEPING,563.90,.00,661995,
120,RI,7885673,02/15/2024,55323464,389.75,.00,432012,
120,RI,7885674,02/15/2024,55321798,408.12,.00,432012,
120,RI,7885675,02/15/2024,55323749,2315.72,.00,432012,
120,RI,7885677,02/15/2024,289645,1038.53,.00,820120,
120,RI,7885692,02/15/2024,CHEF MARK,1406.55,.00,755869,
120,RI,7885695,02/15/2024,B07400016277,760.87,.00,835200,
120,RI,7885697,02/15/2024,B07400016276,601.27,.00,413154,
120,RI,7885740,02/15/2024,B04060002607,740.41,.00,406007,
120,RI,7885741,02/15/2024,B04610044642,2367.44,.00,262753,
120,RI,7885743,02/15/2024,B07400016278,335.11,.00,986632,
120,RI,7885744,02/15/2024,B04060002608,796.74,.00,406005,
120,RI,7885745,02/15/2024,55325392,2915.58,.00,432011,
120,RI,7885747,02/15/2024,B07400016279,964.26,.00,252630,
120,RI,7885748,02/15/2024,B04610044647,1473.55,.00,461803,
120,RI,7885750,02/15/2024,111111,375.10,.00,593725,
120,RI,7885766,02/15/2024,3122,385.41,.00,499301,
120,RI,7885774,02/15/2024,B04610044649,16.20,.00,262753,
120,RI,7885778,02/15/2024,3130 B2950002432,509.91,.00,499301,
120,RI,7885779,02/15/2024,B04610044651,1860.77,.00,461801,
120,RI,7885784,02/15/2024,289800,559.57,.00,820170,
120,RI,7885788,02/15/2024,CANTON021324,96.52,.00,406028,
120,RI,7885803,02/15/2024,289835,459.63,.00,984467,
120,RI,7885817,02/15/2024,MIKE,68.17,.00,164369,
120,RI,7885818,02/15/2024,B08010047610,45.96,.00,164064,
120,RI,7885820,02/15/2024,B08010047609,255.96,.00,164064,
120,RI,7885821,02/15/2024,B07400016280,418.91,.00,367128,
120,RI,7885824,02/15/2024,dietary,1865.92,.00,692753,
120,RI,7885841,02/15/2024,289885,225.65,.00,755824,
120,RI,7885846,02/15/2024,289892,932.16,.00,755677,
120,RI,7885849,02/15/2024,501320000127281,646.02,.00,421513,
120,RI,7885852,02/15/2024,DIETARY,95.01,.00,515700,
120,RI,7885860,02/15/2024,DIETARY,905.08,.00,473055,
120,RI,7885874,02/15/2024,289933,1254.02,.00,814703,
120,RI,7885875,02/15/2024,289934,212.86,.00,814702,
120,RI,7885883,02/15/2024,282452,50.31,.00,835200,
120,RI,7885884,02/15/2024,B04050002783,25.89,.00,406020,
120,RI,7885898,02/15/2024,Housekeeping,101.57,.00,820100,
120,RI,7885908,02/16/2024,PAPER7,1179.11,.00,406001,
120,RI,7885911,02/16/2024,ROB,163.26,.00,755870,
120,RI,7885917,02/16/2024,WILL CALL,169.95,.00,407300,
120,RI,7885920,02/16/2024,BRYAN ROSAS,126.69,.00,920016,
120,RI,7885944,02/16/2024,SKEWERS,25.00,.00,545311,
120,RI,7885945,02/16/2024,SKEWERS,25.00,.00,859096,
120,RI,7885946,02/16/2024,SKEWERS,25.00,.00,309618,
120,RI,7885949,02/16/2024,231175,469.07,.00,523600,
120,RI,7885976,02/16/2024,B07400016272,731.05,.00,740255,
120,RI,7885982,02/16/2024,B07400016282,118.04,.00,740255,
120,RI,7885986,02/16/2024,B04610044680,999.68,.00,272617,
120,RI,7885987,02/16/2024,B04610044686,979.70,.00,772617,
120,RI,7885989,02/16/2024,B04610044688,433.64,.00,461004,
120,RI,7885991,02/16/2024,B04610044690,289.42,.00,367089,
120,RI,7885993,02/16/2024,B04610044694,1312.97,.00,367089,
120,RI,7886001,02/16/2024,B04610044698,624.07,.00,272618,
120,RI,7886007,02/16/2024,B07400016293,509.12,.00,961900,
120,RI,7886008,02/16/2024,B04610044704,1134.60,.00,367090,
120,RI,7886018,02/16/2024,B04610044716,1599.32,.00,765955,
120,RI,7886027,02/16/2024,B04610044728,1125.09,.00,366744,
120,RI,7886028,02/16/2024,B04610044729,1337.96,.00,461834,
120,RI,7886034,02/16/2024,DN2127000005864,1667.84,.00,187250,
120,RI,7886091,02/16/2024,55306565,165.60,.00,469246,
120,RI,7886098,02/16/2024,B07400016270,356.91,.00,339330,
120,RI,7886100,02/16/2024,B07550001143,1497.47,.00,755006,
120,RI,7886101,02/16/2024,55322720,3933.27,.00,432018,
120,RI,7886104,02/16/2024,289699,1863.54,.00,755003,
120,RI,7886106,02/16/2024,B08010047778,1747.91,.00,752880,
120,RI,7886108,02/16/2024,B04050002825,939.15,.00,406520,
120,RI,7886110,02/16/2024,B04610044658,1008.75,.00,62140,
120,RI,7886122,02/16/2024,B04610044669,1500.99,.00,461701,
120,RI,7886123,02/16/2024,B04610044670,790.40,.00,461003,
120,RI,7886124,02/16/2024,B08010047796,1210.80,.00,918024,
120,RI,7886126,02/16/2024,B04610044673,1848.77,.00,262755,
120,RI,7886127,02/16/2024,B04610044674,1003.12,.00,461053,
120,RI,7886139,02/16/2024,B07400016283,636.12,.00,699105,
120,RI,7886140,02/16/2024,B04610044678,582.97,.00,461171,
120,RI,7886146,02/16/2024,111111,494.70,.00,593725,
120,RI,7886156,02/16/2024,55340524,889.08,.00,432016,
120,RI,7886160,02/16/2024,B07400016287,792.16,.00,887489,
120,RI,7886163,02/16/2024,greg,2269.39,.00,656100,
120,RI,7886183,02/16/2024,B04610044691,1159.39,.00,800857,
120,RI,7886193,02/16/2024,B04610044692,1244.25,.00,461074,
120,RI,7886195,02/16/2024,B04610044695,1125.19,.00,545313,
120,RI,7886198,02/16/2024,B07400016290,717.27,.00,358401,
120,RI,7886214,02/16/2024,55342815,373.11,.00,432007,
120,RI,7886216,02/16/2024,6416,614.38,.00,499301,
120,RI,7886229,02/16/2024,DIETARY,584.73,.00,661995,
120,RI,7886233,02/16/2024,061455,2165.69,.00,694007,
120,RI,7886234,02/16/2024,0057 B02950002435,2986.75,.00,499301,
120,RI,7886237,02/16/2024,55343530,219.80,.00,432007,
120,RI,7886265,02/16/2024,55343512,1654.66,.00,432007,
120,RI,7886266,02/16/2024,3130 B02950002436,3159.68,.00,499301,
120,RI,7886268,02/16/2024,B08010047827,6010.47,.00,282718,
120,RI,7886269,02/16/2024,B04610044705,1779.54,.00,812120,
120,RI,7886271,02/16/2024,B04610044709,2008.41,.00,309254,
120,RI,7886274,02/16/2024,755001,847.53,.00,755001,
120,RI,7886277,02/16/2024,MICHAEL,1489.68,.00,830600,
120,RI,7886288,02/16/2024,B07400016295,596.70,.00,867549,
120,RI,7886293,02/16/2024,CENTRAL SUPPLY,2097.44,.00,473055,
120,RI,7886314,02/16/2024,55345638,261.21,.00,432019,
120,RI,7886315,02/16/2024,B04610044717,1952.29,.00,716507,
120,RI,7886317,02/16/2024,B07400016296,1164.30,.00,212200,
120,RI,7886318,02/16/2024,B04610044720,1988.01,.00,194660,
120,RI,7886319,02/16/2024,55345987,3517.06,.00,469246,
120,RI,7886320,02/16/2024,B04610044722,1317.39,.00,461601,
120,RI,7886321,02/16/2024,B08010047834,494.65,.00,752880,
120,RI,7886322,02/16/2024,B04610044723,1031.21,.00,461691,
120,RI,7886341,02/16/2024,290338,664.64,.00,755002,
120,RI,7886342,02/16/2024,3510,732.47,.00,499301,
120,RI,7886344,02/16/2024,VERBAL,1184.56,.00,515700,
120,RI,7886351,02/16/2024,B04610044730,1372.66,.00,633233,
120,RI,7886352,02/16/2024,B04610044731,1413.59,.00,765956,
120,RI,7886353,02/16/2024,B04610044732,1436.45,.00,461874,
120,RI,7886354,02/16/2024,55347524,685.46,.00,331000,
120,RI,7886358,02/16/2024,B04610044734,1989.74,.00,914102,
120,RI,7886383,02/16/2024,290403,2233.88,.00,773527,
120,RI,7886389,02/16/2024,Housekeeping/Debbie,1626.55,.00,766201,
120,RI,7886392,02/16/2024,Laundry/Debbie,353.55,.00,766201,
120,RI,7886395,02/16/2024,B04610044738,1020.40,.00,862385,
120,RI,7886396,02/16/2024,B07400016297,575.71,.00,367128,
120,RI,7886409,02/16/2024,B07400016298,68.46,.00,358401,
120,RI,7886431,02/16/2024,1730,258.54,.00,499301,
120,RI,7886477,02/16/2024,B07400016188,53.80,.00,867549,
120,RI,7886478,02/16/2024,Housekeeping,135.43,.00,562931,
120,RI,7886489,02/16/2024,55208696,378.65,.00,432010,
120,RI,7886490,02/16/2024,55323980,536.82,.00,432010,
120,RI,7886491,02/16/2024,55282159,78.89,.00,432018,
120,RI,7886492,02/16/2024,55113063,49.65,.00,439008,
120,RI,7886493,02/16/2024,55113378,80.55,.00,439008,
120,RI,7886496,02/16/2024,55075083,498.50,.00,469246,
120,RI,7886498,02/16/2024,B04610044240,72.84,.00,545313,
120,RI,7886502,02/16/2024,4503625178,802.45,.00,714611,
120,RI,7886518,02/19/2024,SF02152024,423.60,.00,724535,
120,RI,7886527,02/19/2024,B04610044655,361.69,.00,461807,
120,RI,7886529,02/19/2024,B04610044712,314.07,.00,859096,
120,RI,7886531,02/19/2024,B04610044714,189.37,.00,391067,
120,RI,7886532,02/19/2024,B04610044588,45.86,.00,739890,
120,RI,7886538,02/19/2024,B04610044745,715.02,.00,461909,
120,RI,7886542,02/19/2024,HINGED TOPS,49.18,.00,367090,
120,RI,7886553,02/19/2024,B07400016290,213.75,.00,358401,
120,RI,7886556,02/19/2024,231175,469.07,.00,523600,
120,RI,7886562,02/19/2024,43500372,4100.50,.00,920016,
120,RI,7886564,02/19/2024,FMP,452.29,.00,789565,
120,RI,7886573,02/19/2024,2000949818,600.00,.00,120109,
120,RI,7886578,02/19/2024,JOB REF#2860,5738.43,.00,755931,
120,RI,7886579,02/19/2024,JOB REF#26331,2403.20,.00,755931,
120,RI,7886580,02/19/2024,YVONNE FISHER,113.44,.00,755931,
120,RI,7886599,02/19/2024,JOHN BOOS,1115.56,.00,562931,
120,RI,7886600,02/19/2024,B07400015970,29.63,.00,470820,
120,RI,7886604,02/19/2024,B08010047803,2075.89,.00,801959,
120,RI,7886607,02/19/2024,55347329,6956.29,.00,449523,
120,RI,7886611,02/19/2024,02152024,2688.48,.00,801002,
120,RI,7886612,02/19/2024,B04610044749,703.53,.00,765955,
120,RI,7886613,02/19/2024,290583,708.86,.00,324797,
120,RI,7886620,02/19/2024,290650,2468.08,.00,324797,
120,RI,7886622,02/19/2024,B04610044756,700.15,.00,367090,
120,RI,7886623,02/19/2024,55362220,1303.47,.00,449010,
120,RI,7886624,02/19/2024,B04610044758,1059.17,.00,272618,
120,RI,7886626,02/19/2024,21624,476.32,.00,323670,
120,RI,7886628,02/19/2024,B04610044765,522.76,.00,272617,
120,RI,7886629,02/19/2024,B04610044766,693.19,.00,772617,
120,RI,7886630,02/19/2024,B01480002223.2D-1249,1580.01,.00,148038,
120,RI,7886635,02/19/2024,B04610044775,26.05,.00,772617,
120,RI,7886636,02/19/2024,B04610044776,745.55,.00,367089,
120,RI,7886639,02/19/2024,VERBAL,309.05,.00,461834,
120,RI,7886640,02/19/2024,B04610044781,1118.50,.00,461004,
120,RI,7886643,02/19/2024,B08010046206,71.16,.00,801959,


120,RI,INV133277,05/14/2024,DCUNI07316,260.76,.00,108003,572036578
120,RI,INV133300,05/14/2024,3510 WNY,742.57,.00,499301,295003510
120,RI,INV133303,05/14/2024,B07400017712,379.05,.00,122833,740000058
120,RI,INV133335,05/14/2024,B07400017672,31.46,.00,593482,740000045
120,RI,INV133336,05/14/2024,B07400017672,65.67,.00,593482,740000045
120,RI,INV133346,05/14/2024,120120,2129.06,.00,814703,740000003
120,RI,INV133347,05/14/2024,B04610048687,1508.95,.00,914103,461021117
120,RI,INV133348,05/14/2024,B04610048531,27.67,.00,461074,461021704
120,RI,INV133355,05/14/2024,B04610048655,267.69,.00,914102,461021740
120,RI,INV133356,05/14/2024,B04610048672,323.48,.00,914102,461021740
120,RI,INV133379,05/14/2024,B07400017633,207.94,.00,948085,740000143
120,RI,INV133381,05/14/2024,56705264,204.79,.00,792426,440026831
120,RI,INV133384,05/14/2024,B07400017716,310.35,.00,775193,740000232
120,RI,INV133385,05/14/2024,B04610048502,51.62,.00,461874,461020874
120,RI,INV133386,05/14/2024,B07400017668,35.99,.00,948085,740000143
120,RI,INV133397,05/14/2024,B07400017715,447.30,.00,740185,740100185
120,RI,INV133409,05/14/2024,B04610048729,1439.35,.00,461874,461020874
120,RI,INV133411,05/14/2024,Sean,514.83,.00,164371,755001991
120,RI,INV133412,05/14/2024,B07400017713,972.31,.00,948085,740000143
120,RI,INV133414,05/14/2024,Mike,441.83,.00,164369,755000382
120,RI,INV133416,05/14/2024,ORIOL06014,220.03,.00,572757,572061757
120,RI,INV133420,05/14/2024,ORIOL06146,60.56,.00,572757,572061757
120,RI,INV133423,05/14/2024,DIetary,51.41,.00,820100,
120,RI,INV133436,05/14/2024,B04610048714,1699.11,.00,194660,461194660
120,RI,INV133437,05/14/2024,B04610048717,1560.30,.00,556807,461556807
120,RI,INV133442,05/14/2024,B04060002745,71.17,.00,406026,406000026
120,RI,INV133444,05/14/2024,B02950002635,1040.96,.00,499301,295003020
120,RI,INV133450,05/14/2024,B04060002766,952.89,.00,406019,406000023
120,RI,INV133457,05/14/2024,B04610048730,2567.54,.00,461601,461020601
120,RI,INV133458,05/14/2024,B04610048707,3175.71,.00,800857,461800857
120,RI,INV133466,05/14/2024,B07550001515,773.57,.00,994262,755310573
120,RI,INV133468,05/14/2024,MRM-051324-01,805.80,.00,192285,631000559
120,RI,INV133477,05/14/2024,B07550001517,321.58,.00,994262,755310573
120,RI,INV133492,05/14/2024,B08010051932,1841.86,.00,192752,801310733
120,RI,INV133494,05/14/2024,B04610048652,1850.91,.00,461130,461021030
120,RI,INV133506,05/14/2024,B04610048702,1278.87,.00,461130,461021030
120,RI,INV133538,05/14/2024,B04610048446,2947.53,.00,461313,461148313
120,RI,INV133539,05/14/2024,91563,3601.59,.00,920009,92000009
120,RI,INV133541,05/14/2024,90747,5843.85,.00,920009,92000009
120,RI,INV133543,05/14/2024,B04610048616,685.38,.00,461459,461145459
120,RI,INV133571,05/14/2024,B04610048668 - will call,711.80,.00,309253,461309253
120,RI,INV133574,05/14/2024,will call,38.12,.00,309253,461309253
120,RI,INV133592,05/14/2024,56698114,371.84,.00,337039,438013698
120,RI,INV133597,05/14/2024,509,1837.38,.00,572645,572052645
120,RI,INV133598,05/14/2024,B04610048634,26.10,.00,406315,461406315
120,RI,INV133609,05/14/2024,- None -,232.61,.00,461130,461021030
120,RI,INV133632,05/14/2024,B04610048543,177.89,.00,403860,461148083
120,RI,INV133645,05/14/2024,B04610048612,126.34,.00,202798,461106489
120,RI,INV133647,05/14/2024,Tray Paper Overnight,321.62,.00,461623,461114623
120,RI,INV133650,05/14/2024,Attn Beth,222.98,.00,461147,461015147
120,RI,INV133673,05/14/2024,05082024,58.95,.00,801002,801311061
120,RI,INV133678,05/14/2024,56706549,5251.89,.00,449010,449010000
120,RI,INV133684,05/14/2024,56641545,843.90,.00,449302,449352802
120,RI,INV133703,05/14/2024,B04610048763,37.04,.00,366744,461023113
120,RI,INV133711,05/14/2024,B04610048675,482.01,.00,461834,461023834
120,RI,INV133719,05/14/2024,B04610048762,1334.52,.00,272617,461023666
120,RI,INV133720,05/14/2024,B04610048759,707.30,.00,765955,461023327
120,RI,INV133726,05/14/2024,B04610048764,895.90,.00,461004,461023502
120,RI,INV133756,05/14/2024,3386905,589.26,.00,646053,323393940
120,RI,INV133761,05/14/2024,- None -,395.07,.00,753053,753000053
120,RI,INV133766,05/14/2024,B02950002626 3023,413.06,.00,499301,295003023
120,RI,INV133776,05/14/2024,56698114,104.90,.00,337039,438013698
120,RI,INV133780,05/14/2024,56756119,804.78,.00,552041,438020262
120,RI,INV133786,05/14/2024,B08010051460,135.92,.00,801554,801203554
120,RI,INV133789,05/14/2024,B08010050970,688.50,.00,801294,801311294
120,RI,INV133790,05/14/2024,56732108,132.36,.00,33047,438044177
120,RI,INV133793,05/14/2024,1040,292.86,.00,499301,295001040
120,RI,INV133796,05/14/2024,Lincolnian,135.41,.00,140330,323091214
120,RI,INV133808,05/14/2024,3122,722.03,.00,499301,295003122
120,RI,INV133810,05/14/2024,B04610048724,2343.54,.00,739889,461022601
120,RI,INV133811,05/14/2024,B02950002638,1104.85,.00,499301,295007042
120,RI,INV133828,05/14/2024,B07400017755,783.42,.00,122743,740200058
120,RI,INV133836,05/14/2024,1040,405.65,.00,499301,295001040
120,RI,INV133838,05/14/2024,B02950002642,624.54,.00,499301,295003036
120,RI,INV133841,05/14/2024,MRM-051424-01,389.40,.00,192285,631000559
120,RI,INV133844,05/14/2024,063198,1166.21,.00,694014,694000014
120,RI,INV133850,05/14/2024,B07550001507,385.70,.00,761100,755000785
120,RI,INV133854,05/14/2024,SO10052843,1114.80,.00,397700,755000775
120,RI,INV133857,05/14/2024,SO10052810,612.28,.00,737285,
120,RI,INV133862,05/14/2024,063210,3006.24,.00,694005,694000005
120,RI,INV133863,05/14/2024,063208,1382.32,.00,694005,694000005
120,RI,INV133865,05/14/2024,B07550001523,190.40,.00,761100,755000785
120,RI,INV133866,05/14/2024,- None -,1290.75,.00,773527,755310566
120,RI,INV133867,05/14/2024,- None -,1639.97,.00,771562,755310567
120,RI,INV133871,05/14/2024,B07550001522,979.10,.00,761100,755000785
120,RI,INV133872,05/14/2024,B07550001520,851.75,.00,766130,755000789
120,RI,INV133879,05/14/2024,SO10053404,1155.68,.00,820120,755000836
120,RI,INV133887,05/14/2024,SO10052985,1429.18,.00,737385,
120,RI,INV133890,05/14/2024,SO10053020,781.45,.00,820116,755000830
120,RI,INV133898,05/14/2024,SO10052949,454.66,.00,820120,755000836
120,RI,INV133899,05/14/2024,ariana 51324,169.39,.00,499301,295000047
120,RI,INV133913,05/14/2024,- None -,844.63,.00,656100,755310438
120,RI,INV133925,05/15/2024,B07400017505,126.06,.00,84001,740100217
120,RI,INV133940,05/15/2024,B07400017745,978.33,.00,574323,740000073
120,RI,INV133949,05/15/2024,B04610048648,114.17,.00,461171,461020171
120,RI,INV133991,05/15/2024,B04610048682,298.48,.00,461053,461008053
120,RI,INV133998,05/15/2024,B07550001511,2009.57,.00,716080,755000826
120,RI,INV133999,05/15/2024,B07550001525,4810.66,.00,716080,755000826
120,RI,INV134001,05/15/2024,3269401,97.36,.00,546300,
120,RI,INV134002,05/15/2024,10045752,419.23,.00,835200,740000152
120,RI,INV134014,05/15/2024,B07400017656,23.27,.00,212200,740000094
120,RI,INV134017,05/15/2024,David,717.28,.00,755002,755310569
120,RI,INV134023,05/15/2024,B07400017757,406.40,.00,887489,740000268
120,RI,INV134026,05/15/2024,DIETARY,232.99,.00,515700,527023439
120,RI,INV134034,05/15/2024,David,43.05,.00,755002,755310569
120,RI,INV134043,05/15/2024,Mason,881.88,.00,755003,755310570
120,RI,INV134047,05/15/2024,B07400017736,525.20,.00,350086,740100001
120,RI,INV134052,05/15/2024,3386537,3811.89,.00,546300,527000474
120,RI,INV134057,05/15/2024,3291631,83.79,.00,562931,
120,RI,INV134058,05/15/2024,3291146,51.15,.00,562931,
120,RI,INV134061,05/15/2024,Housekeeping,125.56,.00,562931,
120,RI,INV134062,05/15/2024,3302369,8.75,.00,583410,
120,RI,INV134063,05/15/2024,3297991,48.70,.00,562931,
120,RI,INV134065,05/15/2024,DIETARY 3247865,51.15,.00,562931,
120,RI,INV134072,05/15/2024,DIETARY SPECIAL,438.96,.00,766201,527062185
120,RI,INV134074,05/15/2024,DIETARY,26.08,.00,766201,
120,RI,INV134079,05/15/2024,3393044,377.37,.00,583410,
120,RI,INV134081,05/15/2024,Housekeeping,244.65,.00,562931,
120,RI,INV134092,05/15/2024,B02950002639,241.21,.00,499301,295003395
120,RI,INV134099,05/15/2024,B07550001517,34.95,.00,994262,755310573
120,RI,INV134113,05/15/2024,Laundry,535.71,.00,562931,
120,RI,INV134128,05/15/2024,Dietary,360.42,.00,820100,
120,RI,INV134130,05/15/2024,B04610048722,158.70,.00,194660,461194660
120,RI,INV134133,05/15/2024,3391788,126.22,.00,755001,755310568
120,RI,INV134140,05/15/2024,ORIOL06220,99.90,.00,572757,572061757
120,RI,INV134144,05/15/2024,ROBERT,550.75,.00,572757,572061757
120,RI,INV134146,05/15/2024,kristina,600.75,.00,755004,755310571
120,RI,INV134153,05/15/2024,3385026,712.17,.00,755001,755310568
120,RI,INV134159,05/15/2024,B07400017701,105.27,.00,358401,740000137
120,RI,INV134174,05/15/2024,56548247,81.47,.00,449162,449049162
120,RI,INV134180,05/15/2024,B08010051932,380.60,.00,192752,801310733
120,RI,INV134190,05/15/2024,KITCHEN,369.82,.00,620203,40000163
120,RI,INV134191,05/15/2024,56661799,97.47,.00,432018,432053003
120,RI,INV134203,05/15/2024,KITCHEN/PAPER SUPPLIES,214.29,.00,620203,40000163
120,RI,INV134209,05/15/2024,Mike,1153.41,.00,164369,755000382
120,RI,INV134211,05/15/2024,Sean,698.06,.00,164371,755001991
120,RI,INV134215,05/15/2024,slade school,3477.84,.00,245176,
120,RI,INV134218,05/15/2024,3389669,1866.01,.00,245176,
120,RI,INV134223,05/15/2024,56761169,5541.45,.00,702126,434005246
120,RI,INV134226,05/15/2024,DIETARY,87.45,.00,426644,
120,RI,INV134229,05/15/2024,CENTRAL SUPPLY,193.82,.00,692753,
120,RI,INV134230,05/15/2024,DIETARY,599.38,.00,426644,
120,RI,INV134231,05/15/2024,HOUSEKEEPING,889.09,.00,692753,
120,RI,INV134234,05/15/2024,Laundry,1295.53,.00,692753,
120,RI,INV134250,05/15/2024,3392866,2059.87,.00,692753,
120,RI,INV134259,05/15/2024,CENTRAL SUPPLY,30.36,.00,470015,
120,RI,INV134261,05/15/2024,3314772,293.77,.00,470015,
120,RI,INV134270,05/15/2024,3384705,519.02,.00,470015,
120,RI,INV134271,05/15/2024,CENTRAL SUPPLY,125.00,.00,470015,
120,RI,INV134274,05/15/2024,3385053,1063.23,.00,470015,
120,RI,INV134283,05/15/2024,3356983,624.53,.00,661995,
120,RI,INV134310,05/15/2024,B04610048652,501.51,.00,461130,461021030
120,RI,INV134312,05/15/2024,B08010051987,904.34,.00,801294,801311294
120,RI,INV134313,05/15/2024,3388899,116.87,.00,546300,
120,RI,INV134324,05/15/2024,B04610048680,126.35,.00,461002,461023112
120,RI,INV134341,05/15/2024,DIETARY,1437.12,.00,324797,755000365
120,RI,INV134355,05/15/2024,KITCHEN/PAPER SUPPLIES,439.51,.00,620203,40000163
120,RI,INV134359,05/15/2024,12629,8640.00,.00,920012,
120,RI,INV134365,05/15/2024,BRYAN ROSAS,22639.21,.00,920016,92000005
120,RI,INV134373,05/15/2024,5463,5067.00,.00,920016,92000005
120,RI,INV134374,05/15/2024,42102570/SAMANTHA,4397.67,.00,920011,
120,RI,INV134375,05/15/2024,BRYAN ROSAS,2657.31,.00,920016,92000005
120,RI,INV134389,05/15/2024,63191,199.50,.00,781001,
120,RI,INV134394,05/15/2024,B07550001508,158.74,.00,225670,755000825
120,RI,INV134395,05/15/2024,56591924,93.75,.00,432012,432053004
120,RI,INV134408,05/15/2024,063191,77.26,.00,694009,694000009
120,RI,INV134422,05/15/2024,cups - fedex,102.77,.00,812120,461812120
120,RI,INV134453,05/15/2024,56641392,378.55,.00,449302,
120,RI,INV134454,05/15/2024,56661369,381.22,.00,449302,449352802
120,RI,INV134464,05/15/2024,B04610048790,1974.07,.00,461002,461023112
120,RI,INV134468,05/15/2024,05082024,259.29,.00,801002,801311061
120,RI,INV134476,05/15/2024,HIGH SCHOOL,563.16,.00,741439,755310523
120,RI,INV134477,05/15/2024,Add ons,77.68,.00,461073,461024073
120,RI,INV134513,05/15/2024,B04610048819,1197.66,.00,461073,461024073
120,RI,INV134532,05/15/2024,NATS0000027385,253.05,.00,278496,572020003
120,RI,INV134533,05/15/2024,B04060002775,765.45,.00,406007,406000018
120,RI,INV134539,05/15/2024,nats0000027377,337.40,.00,278496,572020003
120,RI,INV134546,05/15/2024,56774850,70.75,.00,552041,438020262
120,RI,INV134557,05/15/2024,3122,828.19,.00,499301,295003122
120,RI,INV134561,05/15/2024,B04610048803,15.66,.00,262753,461019901
120,RI,INV134562,05/15/2024,56776103,905.75,.00,552041,438020262
120,RI,INV134564,05/15/2024,NATS0000027443,272.00,.00,278496,572020003
120,RI,INV134566,05/15/2024,B04610048799,3546.63,.00,262753,461019901
120,RI,INV134570,05/15/2024,B04060002751,7.49,.00,406012,406000010
120,RI,INV134574,05/15/2024,B07400017364,53.30,.00,75096,740300054
120,RI,INV134580,05/15/2024,B07400017717,80.45,.00,548063,740000248
120,RI,INV134582,05/15/2024,56505699,899.75,.00,469246,438045949
120,RI,INV134584,05/15/2024,56759417,134.04,.00,469246,438045949
120,RI,INV134585,05/15/2024,B07400017708,176.86,.00,75096,740300054
120,RI,INV134588,05/15/2024,B07400017697,557.77,.00,241400,740300167
120,RI,INV134590,05/15/2024,SO10052810,708.39,.00,737285,
120,RI,INV134596,05/15/2024,B07400017709,176.24,.00,252631,
120,RI,INV134597,05/15/2024,B04610048784,862.43,.00,62139,461019462
120,RI,INV134598,05/15/2024,B04610048786,3103.15,.00,580102,461580102
120,RI,INV134601,05/15/2024,SO10052949,306.55,.00,820120,755000836
120,RI,INV134607,05/15/2024,B07550001527,811.62,.00,716270,
120,RI,INV134610,05/15/2024,B07400017764,382.63,.00,632317,740000010
120,RI,INV134623,05/15/2024,56772693,4592.76,.00,434001,434011464
120,RI,INV134625,05/15/2024,820120,996.13,.00,820120,755000836
120,RI,INV134632,05/15/2024,1010,111.42,.00,499301,295001010
120,RI,INV134635,05/15/2024,3407092,1999.40,.00,736673,755000860
120,RI,INV134640,05/15/2024,B07550001526,779.03,.00,820170,755000845
120,RI,INV134663,05/15/2024,B07400017685,505.30,.00,789511,740000126
120,RI,INV134664,05/15/2024,B04060002774,566.43,.00,406005,406000009
120,RI,INV134665,05/15/2024,B01460013758.2D-12826261,7852.46,.00,146118,146000118
120,RI,INV134668,05/15/2024,B04610048798,2174.81,.00,461803,461019803
120,RI,INV134669,05/15/2024,B04060002776,712.50,.00,406008,406000017
120,RI,INV134670,05/15/2024,B04060002776,33.99,.00,406008,406000017
120,RI,INV134671,05/15/2024,56773428,684.05,.00,449621,449023621
120,RI,INV134672,05/15/2024,B07400017776,516.81,.00,789511,740000126
120,RI,INV134677,05/16/2024,B08010051460,305.30,.00,801554,801203554
120,RI,INV134678,05/16/2024,56546910,1862.84,.00,449224,449000224
120,RI,INV134682,05/16/2024,56680791,171.08,.00,33047,438044177
120,RI,INV134690,05/16/2024,B04610048781,1980.24,.00,632334,461022315
120,RI,INV134691,05/16/2024,B04610048796,3846.47,.00,461014,461021014
120,RI,INV134692,05/16/2024,063198,23.85,.00,694014,694000014
120,RI,INV134697,05/16/2024,56752422,123.61,.00,432012,432053004
120,RI,INV134702,05/16/2024,56776375,15.95,.00,432012,432053004
120,RI,INV134703,05/16/2024,56775971,239.53,.00,432012,432053004
120,RI,INV134705,05/16/2024,2001083990,1204.42,.00,120109,459000004
120,RI,INV134706,05/16/2024,B04610048840,896.62,.00,407303,461022153
120,RI,INV134707,05/16/2024,56775942,208.95,.00,432012,432053004
120,RI,INV134711,05/16/2024,063211,1028.05,.00,694009,694000009
120,RI,INV134715,05/16/2024,4503676277,859.36,.00,195445,426001026
120,RI,INV134718,05/16/2024,56775575,765.56,.00,432013,432053005
120,RI,INV134719,05/16/2024,56771001,91.91,.00,432013,432053005
120,RI,INV134720,05/16/2024,56778954,1109.99,.00,33047,438044177
120,RI,INV134721,05/16/2024,56775942,2028.16,.00,432012,432053004
120,RI,INV134725,05/16/2024,1370,344.24,.00,499301,295001370
120,RI,INV134726,05/16/2024,3406926,207.02,.00,593725,755310005
120,RI,INV134748,05/16/2024,- None -,1579.47,.00,826244,755000410
120,RI,INV134751,05/16/2024,4503676287,3407.58,.00,714611,426001059
120,RI,INV134755,05/16/2024,2600 DELONTA BRANDON,288.31,.00,499301,295002250
120,RI,INV134758,05/16/2024,513,469.88,.00,7554816,755974816
120,RI,INV134760,05/16/2024,MATAPEAKE ELEM,502.80,.00,582403,755310540
120,RI,INV134767,05/16/2024,B07400016594,29.57,.00,84001,740100217
120,RI,INV134774,05/16/2024,B07400017778,780.49,.00,835200,740000152
120,RI,INV134778,05/16/2024,SUDLERSVILLE MIDDLE,728.72,.00,582403,
120,RI,INV134789,05/16/2024,2004-2600,275.00,.00,499301,295002004
120,RI,INV134796,05/16/2024,KIES,335.20,.00,582403,
120,RI,INV134799,05/16/2024,B07400017745,218.84,.00,574323,740000073
120,RI,INV134802,05/16/2024,B07400017505,3.13,.00,84001,740100217
120,RI,INV134805,05/16/2024,B07400017774,427.99,.00,84001,740100217
120,RI,INV134821,05/16/2024,B04610048777,836.13,.00,461801,461021801
120,RI,INV134824,05/16/2024,56774848,68.84,.00,432011,432052999
120,RI,INV134825,05/16/2024,56776396,69.80,.00,432011,432052999
120,RI,INV134828,05/16/2024,56543330,1241.90,.00,449956,449000956
120,RI,INV134831,05/16/2024,B04610048822,1319.29,.00,461801,461021801
120,RI,INV134832,05/16/2024,56774848,1274.15,.00,432011,432052999
120,RI,INV134836,05/16/2024,- None -,1233.58,.00,755612,
120,RI,INV134865,05/16/2024,B02950002644,1395.62,.00,499301,295003130
120,RI,INV134873,05/16/2024,B07400017782,692.57,.00,948085,740000143
120,RI,INV134874,05/16/2024,- None -,555.20,.00,755661,755310661
120,RI,INV134877,05/16/2024,slade school,300.42,.00,245176,
120,RI,INV134885,05/16/2024,HOUSEKEEPING,157.22,.00,473055,
120,RI,INV134890,05/16/2024,56773339,34.85,.00,432016,432053006
120,RI,INV134891,05/16/2024,HOUSEKEEPING,1658.78,.00,661995,
120,RI,INV134892,05/16/2024,56773339,534.04,.00,432016,432053006
120,RI,INV134893,05/16/2024,Laundry,561.97,.00,661995,
120,RI,INV134897,05/16/2024,DIETARY,2403.86,.00,473055,
120,RI,INV134899,05/16/2024,3393044,141.67,.00,583410,
120,RI,INV134900,05/16/2024,3356983,103.81,.00,661995,
120,RI,INV134912,05/16/2024,- None -,70.49,.00,546300,
120,RI,INV134913,05/16/2024,3301833,21.20,.00,515700,527023439
120,RI,INV134915,05/16/2024,ORIOL05759,106.74,.00,572757,572061757
120,RI,INV134917,05/16/2024,56473139,75.79,.00,432010,432053012
120,RI,INV134947,05/16/2024,B04610048788,2947.48,.00,461971,461019971
120,RI,INV134953,05/16/2024,3360620,69.01,.00,515700,527023439
120,RI,INV134958,05/16/2024,ORIOL06200,220.03,.00,572757,572061757
120,RI,INV134968,05/16/2024,CENTRAL SUPPLY,136.74,.00,470015,
120,RI,INV134970,05/16/2024,B04610048825,42.93,.00,461157,461021157
120,RI,INV134977,05/16/2024,56772949,3147.36,.00,432010,432053012
120,RI,INV134978,05/16/2024,ORIOL06296,79.55,.00,572757,572061757
120,RI,INV134988,05/16/2024,B02950002641,1026.55,.00,499301,295003750
120,RI,INV134991,05/16/2024,3392866,69.01,.00,692753,
120,RI,INV134993,05/16/2024,B09150003783,445.28,.00,915371,915986371
120,RI,INV134997,05/16/2024,CENTRAL SUPPLY,1280.22,.00,546300,
120,RI,INV134999,05/16/2024,56772949,102.83,.00,432010,432053012
120,RI,INV135012,05/16/2024,DIETARY,143.95,.00,766201,527062185
120,RI,INV135020,05/16/2024,B04610048809,9121.07,.00,407300,461407300
120,RI,INV135032,05/16/2024,Central Supply,344.33,.00,515700,527023439
120,RI,INV135033,05/16/2024,B04610048811,146.61,.00,407300,461407300
120,RI,INV135036,05/16/2024,Mason,1216.39,.00,755003,755310570
120,RI,INV135040,05/16/2024,3406113,274.54,.00,820100,
120,RI,INV135054,05/16/2024,3406026,735.62,.00,820100,
120,RI,INV135057,05/16/2024,3406040,592.56,.00,820100,
120,RI,INV135059,05/16/2024,Dietary,143.90,.00,820100,
120,RI,INV135060,05/16/2024,3405997,1364.10,.00,820100,
120,RI,INV135129,05/16/2024,B04610048808,191.82,.00,461204,461021204
120,RI,INV135133,05/16/2024,SCOTT,2023.91,.00,353533,631000668
120,RI,INV135138,05/16/2024,B08010052080,4918.81,.00,282718,801005004
120,RI,INV135140,05/16/2024,B04610048815,2171.80,.00,461204,461021204
120,RI,INV135142,05/16/2024,56548247,3489.51,.00,449162,449049162
120,RI,INV135147,05/16/2024,B04610048007,217.92,.00,461147,461015147
120,RI,INV135153,05/16/2024,PAUL,364.90,.00,202798,461106489
120,RI,INV135161,05/16/2024,42402349,193.30,.00,920009,92000009
120,RI,INV135162,05/16/2024,B04610048642 - courier,399.72,.00,461502,461024502
120,RI,INV135169,05/16/2024,SHANE GRIFFIN,83.12,.00,406003,406000005
120,RI,INV135180,05/16/2024,63084,716.20,.00,781001,
120,RI,INV135195,05/16/2024,- None -,59.71,.00,245176,
120,RI,INV135196,05/16/2024,- None -,196.34,.00,245176,
120,RI,INV135206,05/16/2024,SO10052297,126.84,.00,716320,755000837
120,RI,INV135235,05/16/2024,- None -,21.72,.00,245176,
120,RI,INV135247,05/16/2024,BOWLS,71.12,.00,406003,406000005
120,RI,INV135262,05/16/2024,56667569,1085.91,.00,441860,440061860
120,RI,INV135269,05/16/2024,55915867,41.33,.00,449618,449054618
120,RI,INV135271,05/16/2024,56079678,412.33,.00,449618,449054618
120,RI,INV135280,05/16/2024,56391010,301.79,.00,449010,449010000
120,RI,INV135294,05/16/2024,B04610048839,1238.78,.00,461004,461023502
120,RI,INV135295,05/16/2024,B04610048845,1029.81,.00,272617,461023666
120,RI,INV135313,05/16/2024,B04610048862,1309.36,.00,772617,461772617
120,RI,INV135315,05/16/2024,B04610048857,1207.44,.00,765955,461023327
120,RI,INV135316,05/16/2024,B04610048886,56.79,.00,772617,461772617
120,RI,INV135317,05/16/2024,B04610048916,2285.04,.00,272618,461023602
120,RI,INV135318,05/16/2024,B04610048913,1239.30,.00,461834,461023834
120,RI,INV135330,05/16/2024,B04610048900,2647.56,.00,367089,461367089
120,RI,INV135338,05/16/2024,B04610048907,2047.97,.00,366744,461023113
120,RI,INV135352,05/16/2024,56663732,34.56,.00,449302,449352802
120,RI,INV135355,05/16/2024,B04610048727,233.39,.00,101889,461008096
120,RI,INV135356,05/16/2024,B04610048824,934.22,.00,62140,461018974
120,RI,INV135357,05/16/2024,B04610048831,.04,.00,101889,461008096
120,RI,INV135358,05/16/2024,B04610048682,265.48,.00,461053,461008053
120,RI,INV135359,05/16/2024,B04610048837,1510.03,.00,716507,461019406
120,RI,INV135362,05/16/2024,B04610048887,1009.10,.00,461003,461019064
120,RI,INV135363,05/16/2024,B04610048879,1300.68,.00,461053,461008053
120,RI,INV135364,05/16/2024,B04610048917,2103.27,.00,101889,461008096
120,RI,INV135365,05/16/2024,B04610048859,1313.63,.00,461030,461019030
120,RI,INV135382,05/16/2024,B07400017791,723.00,.00,358401,740000137
120,RI,INV135391,05/16/2024,- None -,78.32,.00,101889,461008096
120,RI,INV135392,05/16/2024,B04610048839,73.45,.00,461004,461023502
120,RI,INV135393,05/16/2024,B04610048909,73.45,.00,765955,461023327
120,RI,INV135395,05/16/2024,- None -,311.43,.00,407303,461022153
120,RI,INV135396,05/16/2024,- None -,73.45,.00,328321,461328321
120,RI,INV135397,05/16/2024,- None -,73.45,.00,633233,461020165
120,RI,INV135421,05/16/2024,1010,998.98,.00,499301,295001010
120,RI,INV135428,05/16/2024,56794899,11603.17,.00,168564,438021022
120,RI,INV135429,05/16/2024,- None -,810.40,.00,311159,755310355
120,RI,INV135430,05/16/2024,3410417,198.03,.00,736673,755000860
120,RI,INV135436,05/17/2024,3298034,27.98,.00,546300,
120,RI,INV135439,05/17/2024,B02950002625,346.17,.00,499301,295000047
120,RI,INV135441,05/17/2024,B04610048560,171.04,.00,461011,461017011
120,RI,INV135444,05/17/2024,B07400017566,136.60,.00,887489,740000268
120,RI,INV135450,05/17/2024,B08010052039,2293.40,.00,918024,801001150
120,RI,INV135455,05/17/2024,HOUSEKEEPING,1641.66,.00,515700,527023439
120,RI,INV135456,05/17/2024,3405730,442.43,.00,692753,
120,RI,INV135458,05/17/2024,BLENDER,501.31,.00,571300,438022241
120,RI,INV135467,05/17/2024,84AJP00029769,714.57,.00,524390,41040051
120,RI,INV135476,05/17/2024,B04610048929,3053.10,.00,812120,461812120
120,RI,INV135478,05/17/2024,hardy,561.07,.00,294350,755000844
120,RI,INV135479,05/17/2024,B07550001533,1510.13,.00,234100,755000786
120,RI,INV135481,05/17/2024,B07400017793,274.07,.00,775193,740000232
120,RI,INV135487,05/17/2024,B07550001530,1017.12,.00,225670,755000825
120,RI,INV135488,05/17/2024,SF05162024,229.40,.00,332775,631000602
120,RI,INV135490,05/17/2024,B07550001524,1263.06,.00,737280,755000784
120,RI,INV135494,05/17/2024,B07550001532,444.92,.00,716030,
120,RI,INV135497,05/17/2024,B04610048908,1745.70,.00,461701,461017601
120,RI,INV135498,05/17/2024,Brittany,1419.66,.00,755005,755310572
120,RI,INV135500,05/17/2024,- None -,1017.81,.00,773527,755310566
120,RI,INV135502,05/17/2024,B04610048910,1823.98,.00,461011,461017011
120,RI,INV135504,05/17/2024,1030,532.26,.00,499301,295001030
120,RI,INV135511,05/17/2024,3392866,82.89,.00,692753,
120,RI,INV135513,05/17/2024,55568232,296.48,.00,449282,449049282
120,RI,INV135514,05/17/2024,56618966,407.36,.00,449921,449044921
120,RI,INV135515,05/17/2024,54658210,474.37,.00,449282,449049282
120,RI,INV135517,05/17/2024,B04610048646,77.96,.00,509001,461509001
120,RI,INV135518,05/17/2024,56135577,99.38,.00,432018,432053003
120,RI,INV135526,05/17/2024,B04610048838,1420.20,.00,509001,461509001
120,RI,INV135532,05/17/2024,B04610048921,5320.35,.00,955264,461018052
120,RI,INV135533,05/17/2024,B04610048914,2506.57,.00,632333,461017112
120,RI,INV135534,05/17/2024,B04610048885,2077.48,.00,461702,461018702
120,RI,INV135548,05/17/2024,SO10055596,1691.49,.00,737308,
120,RI,INV135553,05/17/2024,6416,143.40,.00,499301,295006416
120,RI,INV135559,05/17/2024,56778768,357.49,.00,552041,438020262
120,RI,INV135561,05/17/2024,DCUNI07306,169.23,.00,108003,572036578
120,RI,INV135569,05/17/2024,6416,836.76,.00,499301,295006416
120,RI,INV135574,05/17/2024,1020,124.20,.00,499301,295001020
120,RI,INV135582,05/17/2024,3510,1108.36,.00,499301,295003510
120,RI,INV135585,05/17/2024,NATS0000027490,75.48,.00,278496,572020003
120,RI,INV135592,05/17/2024,56791086,980.00,.00,552041,438020262
120,RI,INV135594,05/17/2024,For Towson - Sean,285.60,.00,194660,461194660
120,RI,INV135595,05/17/2024,Bel Air - Mike,77.40,.00,194660,461194660
120,RI,INV135597,05/17/2024,B01460013123.2D12837987,480.90,.00,146031,146000031
120,RI,INV135598,05/17/2024,Laundry,654.44,.00,426644,
120,RI,INV135601,05/17/2024,3405997,342.45,.00,820100,
120,RI,INV135603,05/17/2024,HOUSEKEEPING,1908.65,.00,426644,
120,RI,INV135604,05/17/2024,kristina,1251.34,.00,755004,755310571
120,RI,INV135607,05/17/2024,B04610048895,1686.19,.00,194660,461194660
120,RI,INV135609,05/17/2024,B04610048915,1522.61,.00,556807,461556807
120,RI,INV135613,05/17/2024,62873,18.36,.00,781001,
120,RI,INV135617,05/17/2024,063262,2947.55,.00,694010,694000010
120,RI,INV135618,05/17/2024,B07400017788,388.12,.00,593482,740000045
120,RI,INV135624,05/17/2024,B04610048849,1593.75,.00,914103,461021117
120,RI,INV135627,05/17/2024,3406926,69.90,.00,593725,755310005
120,RI,INV135628,05/17/2024,B08010051460,61.06,.00,801554,801203554
120,RI,INV135637,05/17/2024,3409876,504.87,.00,661995,
120,RI,INV135643,05/17/2024,56046819,179.08,.00,449936,449051936
120,RI,INV135648,05/17/2024,B04610048766,698.88,.00,461171,461020171
120,RI,INV135656,05/17/2024,4503676814,6804.46,.00,714611,426001059
120,RI,INV135661,05/17/2024,CENTRAL SUPPLY,251.11,.00,583410,
120,RI,INV135667,05/17/2024,B04610048906,1814.56,.00,633233,461020165
120,RI,INV135668,05/17/2024,3393044,132.29,.00,583410,
120,RI,INV135671,05/17/2024,B04610048899,1574.16,.00,461171,461020171
120,RI,INV135676,05/17/2024,55090879,296.48,.00,449441,449054441
120,RI,INV135678,05/17/2024,56774244,848.59,.00,438352,438120352
120,RI,INV135691,05/17/2024,B04610048927,2356.10,.00,407301,461021042
120,RI,INV135698,05/17/2024,B04610048873,2769.29,.00,326180,461326180
120,RI,INV135703,05/17/2024,B04610048890,2099.15,.00,262755,461021054
120,RI,INV135710,05/17/2024,B04610048624,791.96,.00,407303,461022153
120,RI,INV135712,05/17/2024,3291226,87.93,.00,470015,
120,RI,INV135713,05/17/2024,3405729,919.02,.00,562931,
120,RI,INV135715,05/17/2024,063210,116.21,.00,694005,694000005
120,RI,INV135716,05/17/2024,B04060002766,115.18,.00,406019,406000023
120,RI,INV135717,05/17/2024,B04610048544,31.82,.00,800857,461800857
120,RI,INV135719,05/17/2024,3406136,233.21,.00,562931,
120,RI,INV135722,05/17/2024,B04610048846,1185.60,.00,461601,461020601
120,RI,INV135730,05/17/2024,3410269,197.94,.00,470015,
120,RI,INV135736,05/17/2024,B04610048896,5276.77,.00,407303,461022153
120,RI,INV135738,05/17/2024,063245,2957.16,.00,694007,694000007
120,RI,INV135739,05/17/2024,B04610048809,147.10,.00,407300,461407300
120,RI,INV135740,05/17/2024,B04610048903,1164.91,.00,958980,461022192
120,RI,INV135742,05/17/2024,B07550001534,760.45,.00,994262,755310573
120,RI,INV135745,05/17/2024,B04610048923,1327.68,.00,800857,461800857
120,RI,INV135749,05/17/2024,B04610048868,1586.04,.00,406315,461406315
120,RI,INV135754,05/17/2024,3409153,839.28,.00,562931,
120,RI,INV135758,05/17/2024,B04610048925,2154.06,.00,328321,461328321
120,RI,INV135760,05/17/2024,B04610048877,2437.07,.00,739888,461739888
120,RI,INV135773,05/17/2024,ORIOL06309,397.75,.00,572757,572061757
120,RI,INV135775,05/17/2024,ORIOL06312,773.70,.00,572757,572061757
120,RI,INV135820,05/17/2024,B04610048755,23.40,.00,862385,461022033
120,RI,INV135825,05/17/2024,eugenia,604.69,.00,979400,041040047
120,RI,INV135830,05/17/2024,eugenia,37.28,.00,979400,041040047
120,RI,INV135840,05/17/2024,B04610048926,2233.71,.00,309254,461020852
120,RI,INV135842,05/17/2024,B04610048876,245.13,.00,765956,461020155
120,RI,INV135844,05/17/2024,B02950002647,1355.13,.00,499301,295003035
120,RI,INV135847,05/17/2024,B04610048863,1271.62,.00,862385,461022033
120,RI,INV135848,05/17/2024,B02950002646,4326.95,.00,499301,295000057
120,RI,INV135849,05/17/2024,B04610048874,1600.85,.00,765956,461020155
120,RI,INV135850,05/17/2024,B07400017682,133.83,.00,413154,740000093
120,RI,INV135855,05/17/2024,54651109,177.89,.00,449162,449049162
120,RI,INV135858,05/17/2024,B04610048918,924.13,.00,461130,461021030
120,RI,INV135860,05/17/2024,SCOTT,297.55,.00,353533,631000668
120,RI,INV135862,05/17/2024,B07400017656,129.16,.00,212200,740000094
120,RI,INV135863,05/17/2024,B08010051932,330.02,.00,192752,801310733
120,RI,INV135864,05/17/2024,B07400017789,1885.42,.00,212200,740000094
120,RI,INV135871,05/17/2024,56795192,731.53,.00,432007,432053002
120,RI,INV135877,05/17/2024,B07400017777,389.50,.00,339330,740000237
120,RI,INV135886,05/17/2024,B04610048911,1838.55,.00,461074,461021704
120,RI,INV135888,05/17/2024,B04610048820,3774.01,.00,914102,461021740
120,RI,INV135914,05/17/2024,B04610048920,2388.20,.00,461874,461020874
120,RI,INV135925,05/17/2024,56798273,9601.54,.00,702126,434005246
120,RI,INV135926,05/17/2024,B04610048880,889.60,.00,545313,461545313
120,RI,INV135932,05/17/2024,B04610048870,1838.43,.00,309253,461309253
120,RI,INV135937,05/17/2024,16691,5807.71,.00,920011,
120,RI,INV135939,05/17/2024,56796911,1226.62,.00,432007,432053002
120,RI,INV135940,05/17/2024,16322,6177.20,.00,920011,
120,RI,INV135955,05/17/2024,16322,907.97,.00,920011,
120,RI,INV135957,05/17/2024,7765955  06/05/23,281.94,.00,272617,461023666
120,RI,INV135977,05/17/2024,COURIER,48.49,.00,545313,461545313
120,RI,INV135987,05/17/2024,42002029,1281.46,.00,920012,
120,RI,INV135994,05/17/2024,56556288,573.25,.00,441862,
120,RI,INV135995,05/17/2024,5578,4271.16,.00,920016,92000005
120,RI,INV135999,05/17/2024,12905,12059.46,.00,920012,
120,RI,INV136012,05/17/2024,91742,8624.10,.00,920009,
120,RI,INV136044,05/17/2024,B04610048579,505.98,.00,403860,461148083
120,RI,INV136103,05/17/2024,B08010051754,114.36,.00,801959,801310959
120,RI,INV136119,05/17/2024,56737338,4158.10,.00,449302,449352802
120,RI,INV136125,05/17/2024,B07400017749,234.82,.00,470820,740000040
120,RI,INV136131,05/17/2024,505020000166751,410.86,.00,430016,
120,RI,INV136158,05/17/2024,B02950002649,1130.14,.00,499301,295000044
120,RI,INV136161,05/17/2024,DIETARY,429.69,.00,324797,755000365
120,RI,INV136177,05/17/2024,DIETARY,2117.85,.00,324797,755000365
120,RI,INV136250,05/18/2024,church hill elem,251.62,.00,582403,
120,RI,INV136255,05/18/2024,B01460013809.2D12826261,3299.52,.00,146118,146000118
120,RI,INV136260,05/18/2024,B04610048973,1495.80,.00,461014,461021014
120,RI,INV136265,05/18/2024,4503677437,65.90,.00,714611,426001059
120,RI,INV136269,05/18/2024,B04610048638,558.30,.00,407303,461022153
120,RI,INV136272,05/18/2024,1640,357.92,.00,499301,295001640
120,RI,INV136277,05/18/2024,- None -,1241.15,.00,773527,755310566
120,RI,INV136278,05/18/2024,NATS0000027594,1372.97,.00,278496,572020003
120,RI,INV136280,05/18/2024,56818350,520.73,.00,469246,438045949
120,RI,INV136283,05/18/2024,737215,780.90,.00,737215,
120,RI,INV136284,05/18/2024,3122,643.56,.00,499301,295003122
120,RI,INV136288,05/18/2024,DCUNI07380,1312.25,.00,108003,572036578
120,RI,INV136290,05/18/2024,B02950002651,3015.81,.00,499301,295003023
120,RI,INV136294,05/18/2024,56814679,1585.95,.00,432012,432053004
120,RI,INV136302,05/18/2024,B04610048967,1397.93,.00,461803,461019803
120,RI,INV136304,05/18/2024,B04610048977,863.87,.00,862385,461022033
120,RI,INV136306,05/18/2024,B07550001538,1095.33,.00,766236,755000749
120,RI,INV136311,05/18/2024,4525460830,2359.08,.00,650979,091440600
120,RI,INV136312,05/18/2024,SO10056358,1674.01,.00,397700,755000775
120,RI,INV136313,05/18/2024,05/17/2024,786.41,.00,406022,406000024
120,RI,INV136316,05/18/2024,56819911,1206.76,.00,552041,438020262
120,RI,INV136319,05/18/2024,B07400017803,404.32,.00,789511,740000126
120,RI,INV136320,05/18/2024,4503677435,3861.92,.00,714611,426001059
120,RI,INV136324,05/18/2024,56814412,297.00,.00,432012,432053004
120,RI,INV136325,05/18/2024,B04610048950,756.54,.00,461971,461019971
120,RI,INV136326,05/18/2024,3303195,31.02,.00,470015,
120,RI,INV136328,05/18/2024,3279391,5.51,.00,820100,
120,RI,INV136341,05/18/2024,DIETARY,58.00,.00,470015,
120,RI,INV136349,05/18/2024,fill in,1187.96,.00,406315,461406315
120,RI,INV136350,05/18/2024,B04610048941,4687.00,.00,407300,461407300
120,RI,INV136351,05/18/2024,B04610048966,791.69,.00,406315,461406315
120,RI,INV136353,05/18/2024,kristina,816.14,.00,755004,755310571
120,RI,INV136355,05/18/2024,David,2037.36,.00,755002,755310569
120,RI,INV136357,05/18/2024,3291226,184.69,.00,470015,
120,RI,INV136360,05/18/2024,B07400017805,800.66,.00,574323,740000073
120,RI,INV136361,05/18/2024,Laundry,803.75,.00,470015,
120,RI,INV136364,05/18/2024,HOUSEKEEPING,645.65,.00,426644,
120,RI,INV136366,05/18/2024,B07400017797,666.93,.00,835200,740000152
120,RI,INV136368,05/18/2024,fill in,1166.19,.00,739888,461739888
120,RI,INV136369,05/18/2024,3412187,1446.58,.00,755001,755310568
120,RI,INV136370,05/18/2024,56812068,1597.48,.00,432010,432053012
120,RI,INV136375,05/18/2024,DIETARY,97.39,.00,473055,
120,RI,INV136378,05/18/2024,DIETARY,97.39,.00,473055,
120,RI,INV136379,05/18/2024,CENTRAL SUPPLY,434.39,.00,473055,
120,RI,INV136382,05/18/2024,10056582,694.40,.00,814703,740000003
120,RI,INV136388,05/18/2024,B04610048959,954.72,.00,461157,461021157
120,RI,INV136389,05/18/2024,3411817,652.13,.00,661995,
120,RI,INV136390,05/18/2024,DIETARY,155.29,.00,661995,
120,RI,INV136402,05/18/2024,DIETARY SPECIAL,150.12,.00,766201,527062185
120,RI,INV136409,05/18/2024,Housekeeping/Debbie,1994.50,.00,766201,
120,RI,INV136410,05/18/2024,Laundry/Debbie,452.83,.00,766201,
120,RI,INV136413,05/18/2024,HOUSEKEEPING,59.28,.00,766201,
120,RI,INV136414,05/18/2024,Nursing/Debbie,273.80,.00,766201,
120,RI,INV136415,05/18/2024,56816124,317.84,.00,391275,438020348
120,RI,INV136418,05/18/2024,56816007,2083.04,.00,391275,438020348
120,RI,INV136420,05/18/2024,0040,693.90,.00,499301,295000040
120,RI,INV136421,05/18/2024,56816427,2003.25,.00,438346,438120346
120,RI,INV136423,05/18/2024,B04610048822,64.24,.00,461801,461021801
120,RI,INV136428,05/18/2024,Rebecca,394.42,.00,572645,572052645
120,RI,INV136429,05/18/2024,B04610048777,984.93,.00,461801,461021801
120,RI,INV136433,05/18/2024,EASTON HIGH,832.24,.00,755612,
120,RI,INV136435,05/18/2024,B04610048971,894.31,.00,461801,461021801
120,RI,INV136437,05/18/2024,- None -,1136.23,.00,262753,461019901
120,RI,INV136459,05/18/2024,B04610048958,1826.50,.00,545313,461545313
120,RI,INV136469,05/18/2024,B04610048808,8.46,.00,461204,461021204
120,RI,INV136482,05/18/2024,B08010052195,2751.71,.00,282718,801005004
120,RI,INV136485,05/18/2024,Mason,1142.23,.00,755003,755310570
120,RI,INV136488,05/18/2024,B04610048970,1582.60,.00,461204,461021204
120,RI,INV136490,05/18/2024,2000980169,750.00,.00,120109,459000005
120,RI,INV136492,05/18/2024,2001009627,575.00,.00,120109,459000005
120,RI,INV136495,05/18/2024,2001045272,750.00,.00,120109,459000005
120,RI,INV134381,05/20/2024,547284,1700.94,.00,920009,92000009
120,RI,INV136507,05/20/2024,12905,9424.52,.00,920012,
120,RI,INV136514,05/20/2024,WILL CALL,367.47,.00,461074,461021704
120,RI,INV136515,05/20/2024,547284,14145.38,.00,920009,
120,RI,INV136526,05/20/2024,Same Day Delivery,95.72,.00,406315,461406315
120,RI,INV136527,05/20/2024,courier,245.30,.00,461601,461020601
120,RI,INV136551,05/20/2024,29825,23683.84,.00,920013,92000013
120,RI,INV136552,05/20/2024,91806,19013.98,.00,920009,92000009
120,RI,INV136553,05/20/2024,90269,1001.65,.00,920009,92000009
120,RI,INV136555,05/20/2024,56684799,57.31,.00,449921,449044921
120,RI,INV136556,05/20/2024,56733638,75.95,.00,449919,449044919
120,RI,INV136572,05/20/2024,Tanya Marshall,553.16,.00,545317,461145317
120,RI,INV136583,05/20/2024,B04610048848,971.09,.00,94887,461134207
120,RI,INV136587,05/20/2024,Food Box,281.89,.00,593652,461115205
120,RI,INV136602,05/20/2024,DIETARY,1437.12,.00,324797,755000365
120,RI,INV136603,05/20/2024,B04610048819,87.30,.00,461073,461024073
120,RI,INV136605,05/20/2024,56845140,2762.24,.00,449402,
120,RI,INV136613,05/20/2024,B04610048992,2425.88,.00,461502,461024502
120,RI,INV136615,05/20/2024,B04610049033,664.91,.00,461002,461023112
120,RI,INV136617,05/20/2024,B04610048993,1034.08,.00,366744,461023113
120,RI,INV136618,05/20/2024,DIETARY,758.07,.00,545101,784000656
120,RI,INV136628,05/20/2024,B04610049077,882.11,.00,367089,461367089
120,RI,INV136635,05/20/2024,B04610049048,1703.60,.00,461407,461022407
120,RI,INV136637,05/20/2024,56776405,58.54,.00,449302,449352802
120,RI,INV136638,05/20/2024,56661369,137.27,.00,449302,449352802
120,RI,INV136645,05/20/2024,B04610049041,2868.26,.00,406314,461406314
120,RI,INV136647,05/20/2024,- None -,1801.96,.00,722611,527022960
120,RI,INV136648,05/20/2024,56845099,15553.71,.00,449302,449352802
120,RI,INV136649,05/20/2024,B04610049062,992.76,.00,461073,461024073
120,RI,INV136651,05/20/2024,B04610048990,698.02,.00,62140,461018974
120,RI,INV136652,05/20/2024,B04610049003,2154.20,.00,716507,461019406
120,RI,INV136653,05/20/2024,B04610049039,1431.47,.00,461030,461019030
120,RI,INV136654,05/20/2024,- None -,2697.43,.00,461053,
120,RI,INV136655,05/20/2024,B04610049051,227.42,.00,62140,461018974
120,RI,INV136656,05/20/2024,B04610049063,953.05,.00,461003,461019064
120,RI,INV136657,05/20/2024,B04610049071,2186.03,.00,101889,461008096
120,RI,INV136658,05/20/2024,EM,55.50,.00,632333,461017112
120,RI,INV136659,05/20/2024,56680998,53.19,.00,449481,449022481
120,RI,INV136660,05/20/2024,- None -,23.74,.00,632333,461017112
120,RI,INV136661,05/20/2024,BRAD,3496.99,.00,202000,755310524
120,RI,INV136663,05/20/2024,B04610049057,1437.60,.00,461702,461018702
120,RI,INV136664,05/20/2024,56841170,2799.48,.00,449481,449022481
120,RI,INV136666,05/20/2024,B04610049044,889.65,.00,955264,461018052
120,RI,INV136667,05/20/2024,B04610049035,3073.00,.00,632333,461017112
120,RI,INV136668,05/20/2024,B04610049001,2151.14,.00,509001,461509001
120,RI,INV136669,05/20/2024,B04610049056,3203.49,.00,461701,461017601
120,RI,INV136670,05/20/2024,B04610049045,2117.62,.00,461011,461017011
120,RI,INV136671,05/20/2024,B04610049046,2746.65,.00,812120,461812120
120,RI,INV136673,05/20/2024,3412948,91.21,.00,527001,527000241
120,RI,INV136674,05/20/2024,B04610048786,281.41,.00,580102,461580102
120,RI,INV136675,05/20/2024,B04610049052,147.76,.00,62139,461019462
120,RI,INV136679,05/20/2024,B07400017832,1524.70,.00,252631,
120,RI,INV136680,05/20/2024,3412946,520.91,.00,527001,527000241
120,RI,INV136682,05/20/2024,B07400017816,1678.03,.00,241400,740300167
120,RI,INV136683,05/20/2024,B04610049019,1221.82,.00,62139,461019462
120,RI,INV136684,05/20/2024,B07400017818,940.02,.00,740276,740000276
120,RI,INV136685,05/20/2024,B04610048981,8910.61,.00,580102,461580102
120,RI,INV136686,05/20/2024,56834231,977.64,.00,571300,438022241
120,RI,INV136687,05/20/2024,B07400017775,20.94,.00,367128,740000055
120,RI,INV136697,05/20/2024,56826982,1240.63,.00,571300,438022241
120,RI,INV136705,05/20/2024,0047,673.88,.00,499301,295000047
120,RI,INV136706,05/20/2024,56848897,692.52,.00,571300,438022241
120,RI,INV136718,05/20/2024,B07400017829,396.81,.00,367128,740000055
120,RI,INV136719,05/20/2024,B02950002657,3560.74,.00,499301,295000047
120,RI,INV157008,05/20/2024,41200678,2040.00,.00,920017,92000006
120,RI,INV136592,05/21/2024,05/21/2024,238.50,.00,766203,
120,RI,INV136722,05/21/2024,56837111,351.90,.00,441860,440061860
120,RI,INV136726,05/21/2024,56775634,71.78,.00,440996,440057996
120,RI,INV136730,05/21/2024,B04610049011,596.13,.00,461171,461020171
120,RI,INV136731,05/21/2024,56830885,1655.00,.00,441860,440061860
120,RI,INV136736,05/21/2024,56843660,299.08,.00,440995,440157995
120,RI,INV136739,05/21/2024,56843783,849.86,.00,441862,440161860
120,RI,INV136740,05/21/2024,B04610049082,55.01,.00,633233,461020165
120,RI,INV136743,05/21/2024,B07400017827,696.66,.00,548063,740000248
120,RI,INV136747,05/21/2024,B04610049066,1227.68,.00,633233,461020165
120,RI,INV136748,05/21/2024,B04610049053,1771.36,.00,765956,461020155
120,RI,INV136775,05/21/2024,B04610049002,2436.53,.00,914102,461021740
120,RI,INV136776,05/21/2024,B04610048983,2336.71,.00,461074,461021704
120,RI,INV136781,05/21/2024,4503674937,75.42,.00,944645,426001060
120,RI,INV136789,05/21/2024,David,988.21,.00,755002,755310569
120,RI,INV136806,05/21/2024,4503678547,1183.26,.00,944645,426001060
120,RI,INV136808,05/21/2024,B02950002658,421.68,.00,499301,295003130
120,RI,INV136815,05/21/2024,B02950002653,1713.65,.00,499301,295003130
120,RI,INV136818,05/21/2024,NATS0000026148,161.42,.00,278496,572020003
120,RI,INV136821,05/21/2024,NATS000027346,53.81,.00,278496,572020003
120,RI,INV136826,05/21/2024,B02950002648,1136.58,.00,499301,295003095
120,RI,INV136829,05/21/2024,56642122,321.84,.00,469246,438045949
120,RI,INV136837,05/21/2024,B04610048987,3889.05,.00,407303,461022153
120,RI,INV136842,05/21/2024,NATS0000027469,59.31,.00,278496,572020003
120,RI,INV136844,05/21/2024,NATS0000027645,405.97,.00,278496,572020003
120,RI,INV136847,05/21/2024,56842882,650.70,.00,552041,438020262
120,RI,INV136848,05/21/2024,Front Loaders,10758.05,.00,407303,461022153
120,RI,INV136862,05/21/2024,DCUNI07385,2773.26,.00,108003,572036578
120,RI,INV136864,05/21/2024,B07400017812,975.49,.00,122832,740100058
120,RI,INV136865,05/21/2024,NATS0000027667,423.75,.00,278496,572020003
120,RI,INV136872,05/21/2024,56844322,364.75,.00,552041,438020262
120,RI,INV136880,05/21/2024,B04610049036,1033.09,.00,958980,461022192
120,RI,INV136882,05/21/2024,B04610049075,25.39,.00,958980,461022192
120,RI,INV136890,05/21/2024,DCUNI07405,921.71,.00,108003,572036578
120,RI,INV136902,05/21/2024,56846538,8.70,.00,552041,438020262
120,RI,INV136907,05/21/2024,B04610049050,1752.84,.00,328321,461328321
120,RI,INV136925,05/21/2024,B07400017821,337.38,.00,632317,740000010
120,RI,INV136929,05/21/2024,4503663631,123.06,.00,195445,426001026
120,RI,INV136938,05/21/2024,4503678455,2432.15,.00,195445,426001026
120,RI,INV136940,05/21/2024,56843602,1330.76,.00,33047,438044177
120,RI,INV136944,05/21/2024,1370,407.10,.00,499301,295001370
120,RI,INV136956,05/21/2024,B04610049081,2670.71,.00,309254,461020852
120,RI,INV136966,05/21/2024,3413777,298.50,.00,316040,631001736
120,RI,INV136975,05/21/2024,B04610049055,2136.50,.00,326180,461326180
120,RI,INV136976,05/21/2024,B04610049080,1615.25,.00,407301,461021042
120,RI,INV136980,05/21/2024,B0700017656,48.71,.00,212200,740000094
120,RI,INV136983,05/21/2024,B08010051136,41.89,.00,282718,801005004
120,RI,INV136991,05/21/2024,B04610049054,719.98,.00,461130,461021030
120,RI,INV136995,05/21/2024,B04610049010,133.01,.00,461874,461020874
120,RI,INV136997,05/21/2024,B07400017453,38.11,.00,358401,740000137
120,RI,INV136999,05/21/2024,B07400017782,263.78,.00,948085,740000143
120,RI,INV137001,05/21/2024,dietary  thank you,139.70,.00,766201,527062185
120,RI,INV137004,05/21/2024,B07400017713,262.72,.00,948085,740000143
120,RI,INV137008,05/21/2024,B04610049007,1132.21,.00,461874,461020874
120,RI,INV137009,05/21/2024,mike,1303.33,.00,164369,755000382
120,RI,INV137011,05/21/2024,56843187,229.13,.00,449056,449031056
120,RI,INV137014,05/21/2024,Sean,898.60,.00,164371,755001991
120,RI,INV137019,05/21/2024,B07400017822,733.68,.00,358401,740000137
120,RI,INV137021,05/21/2024,B04610049059,1385.91,.00,262755,461021054
120,RI,INV137026,05/21/2024,B02950002654,2226.41,.00,499301,295003395
120,RI,INV137029,05/21/2024,56843598,1059.99,.00,792426,440026831
120,RI,INV137036,05/21/2024,B02950002650,1138.32,.00,499301,295003020
120,RI,INV137054,05/21/2024,B04610049043,2610.67,.00,800857,461800857
120,RI,INV137060,05/21/2024,B04610049070,1849.20,.00,461601,461020601
120,RI,INV137061,05/21/2024,56845113,624.98,.00,432019,432053000
120,RI,INV137069,05/21/2024,B07400017814,699.23,.00,593482,740000045
120,RI,INV137076,05/21/2024,B04610049032,1279.44,.00,914103,461021117
120,RI,INV137085,05/21/2024,B04610049025,704.70,.00,545313,461545313
120,RI,INV137094,05/21/2024,ORIOL06396,9253.58,.00,572757,572061757
120,RI,INV137101,05/21/2024,ORIOL06408,1030.32,.00,572757,572061757
120,RI,INV137125,05/21/2024,B04610049038,1817.33,.00,407300,461407300
120,RI,INV137132,05/21/2024,56049200,55.94,.00,449460,
120,RI,INV137139,05/21/2024,KITCHEN,264.30,.00,620203,40000163
120,RI,INV137141,05/21/2024,- None -,122.68,.00,620203,40000163
120,RI,INV137152,05/21/2024,B04610048895,37.94,.00,194660,461194660
120,RI,INV137153,05/21/2024,3279391,43.42,.00,820100,
120,RI,INV137159,05/21/2024,Dietary,1160.92,.00,820100,
120,RI,INV137162,05/21/2024,B04610049068,47.89,.00,194660,461194660
120,RI,INV137164,05/21/2024,B04610049088,330.55,.00,194660,461194660
120,RI,INV137167,05/21/2024,B04610049067,1201.28,.00,194660,461194660
120,RI,INV137169,05/21/2024,B04610049076,1689.86,.00,556807,461556807
120,RI,INV137174,05/21/2024,B04610049064,1690.13,.00,461691,461008691
120,RI,INV137175,05/21/2024,B04610048675,456.55,.00,461834,461023834
120,RI,INV137184,05/21/2024,ALLPOINTS,103.24,.00,92086,461145040
120,RI,INV137185,05/21/2024,ITI,361.86,.00,593725,755310005
120,RI,INV137190,05/21/2024,CHARLOTTE,1736.92,.00,920012,
120,RI,INV137196,05/21/2024,Duane,1773.86,.00,92086,461145040
120,RI,INV137198,05/21/2024,PARTSTOWN,137.80,.00,461909,461133909
120,RI,INV137214,05/21/2024,B04610048848,25.29,.00,94887,461134207
120,RI,INV137215,05/21/2024,B04610049006,83.95,.00,94889,461133331
120,RI,INV137216,05/21/2024,B04610048952,72.44,.00,461122,461129122
120,RI,INV137218,05/21/2024,B04610048940,223.65,.00,461459,461145459
120,RI,INV137222,05/21/2024,B04610048778,12.69,.00,461477,461106477
120,RI,INV137225,05/21/2024,B04610049017,80.89,.00,461623,461114623
120,RI,INV137228,05/21/2024,B04610048969,131.63,.00,461477,461106477
120,RI,INV137229,05/21/2024,Tanya Marshall,25.53,.00,545317,461145317
120,RI,INV137231,05/21/2024,fedex,7.20,.00,461002,461023112
120,RI,INV137235,05/21/2024,B04610049031,120.11,.00,94888,461137421
120,RI,INV137238,05/21/2024,B04610049030,133.56,.00,859096,461133613
120,RI,INV137240,05/21/2024,B04610049092,243.49,.00,739890,461144129
120,RI,INV137244,05/21/2024,CHAD,98.07,.00,406001,406000001
120,RI,INV137253,05/21/2024,B04610048776,30.74,.00,272618,461023602
120,RI,INV137255,05/21/2024,B04610048993,32.17,.00,366744,461023113
120,RI,INV137256,05/21/2024,56791585,253.51,.00,449010,449010000
120,RI,INV137264,05/21/2024,56661369,68.64,.00,449302,449352802
120,RI,INV137266,05/21/2024,B04610049069,3142.81,.00,461004,461023502
120,RI,INV137268,05/21/2024,56841690,4062.98,.00,449010,449010000
120,RI,INV137276,05/21/2024,B04610049123,322.83,.00,366744,461023113
120,RI,INV137283,05/21/2024,B04610049105,979.21,.00,272618,461023602
120,RI,INV137289,05/21/2024,DN2127000006060,1781.97,.00,187250,187123250
120,RI,INV137291,05/21/2024,B04610049097,1206.12,.00,765955,461023327
120,RI,INV137293,05/21/2024,B04610049112,1320.36,.00,461834,461023834
120,RI,INV137304,05/21/2024,B04610049114,1395.83,.00,367089,461367089
120,RI,INV137308,05/21/2024,B04610049108,784.70,.00,366744,461023113
120,RI,INV137312,05/21/2024,3424388,612.50,.00,753053,753000053
120,RI,INV137317,05/21/2024,B04610049115,912.81,.00,272617,461023666
120,RI,INV137320,05/21/2024,3418170,639.15,.00,646053,323393940
120,RI,INV137325,05/21/2024,B04610049099,1824.93,.00,772617,461772617
120,RI,INV137330,05/21/2024,B04610049098,1207.60,.00,367090,461022901
120,RI,INV137332,05/21/2024,B04610049116,179.48,.00,366744,461023113
120,RI,INV137336,05/21/2024,B02950002638,567.90,.00,499301,295007042
120,RI,INV137337,05/21/2024,B02950002656,776.05,.00,499301,295003036
120,RI,INV137339,05/21/2024,B07550001501,178.26,.00,716080,755000826
120,RI,INV137340,05/21/2024,B07550001335,59.42,.00,716080,755000826
120,RI,INV137342,05/21/2024,B07550001511,42.28,.00,716080,755000826
120,RI,INV137344,05/21/2024,B07550001525,178.26,.00,716080,755000826
120,RI,INV137349,05/21/2024,56854835,173.16,.00,440996,440057996
120,RI,INV137353,05/21/2024,766222,825.09,.00,766222,
120,RI,INV137357,05/21/2024,B02950002655,1675.13,.00,499301,295007042
120,RI,INV137358,05/21/2024,- None -,1088.30,.00,773527,755310566
120,RI,INV137361,05/21/2024,- None -,2020.84,.00,773527,755310566
120,RI,INV137363,05/21/2024,B07550001546,2012.94,.00,761100,755000785
120,RI,INV137366,05/21/2024,- None -,1064.47,.00,826244,755000410
120,RI,INV137371,05/21/2024,56862228,775.11,.00,440996,440057996
120,RI,INV137373,05/21/2024,244841,826.51,.00,244841,755000781
120,RI,INV137375,05/21/2024,56870848,103.35,.00,469246,438045949
120,RI,INV137381,05/21/2024,- None -,809.71,.00,656100,755310438
120,RI,INV137382,05/21/2024,56857836,1659.82,.00,441860,440061860
120,RI,INV134369,05/22/2024,SNAP DRAPE,137.77,.00,814703,740000003
120,RI,INV137383,05/22/2024,B07400017829,396.81,.00,367128,740000055
120,RI,INV137384,05/22/2024,3122,221.90,.00,499301,295003122
120,RI,INV137385,05/22/2024,B07400017764,42.35,.00,632317,740000010
120,RI,INV137386,05/22/2024,062957,50.08,.00,694015,694000015
120,RI,INV137388,05/22/2024,1010,51.00,.00,499301,295001010
120,RI,INV137391,05/22/2024,56698114,75.15,.00,337039,438013698
120,RI,INV137396,05/22/2024,820120,800.25,.00,820120,755000836
120,RI,INV137402,05/22/2024,1730,556.17,.00,499301,295001730
120,RI,INV137408,05/22/2024,392010,791.38,.00,392010,
120,RI,INV137411,05/22/2024,737215,772.61,.00,737215,
120,RI,INV137414,05/22/2024,3510,901.29,.00,499301,295003510
120,RI,INV137421,05/22/2024,293280,612.97,.00,293280,755000846
120,RI,INV137424,05/22/2024,063364,2720.16,.00,694009,694000009
120,RI,INV137430,05/22/2024,063361,997.52,.00,694013,694000013
120,RI,INV137431,05/22/2024,B07550001552,851.87,.00,737280,755000784
120,RI,INV137434,05/22/2024,820120,835.83,.00,820120,755000836
120,RI,INV137435,05/22/2024,56863340,458.60,.00,736438,438032093
120,RI,INV137436,05/22/2024,063342,975.30,.00,694014,694000014
120,RI,INV137442,05/22/2024,1010,225.56,.00,499301,295001010
120,RI,INV137443,05/22/2024,1040,196.66,.00,499301,295001040
120,RI,INV137445,05/22/2024,NATS0000027681,631.20,.00,278496,572020003
120,RI,INV137447,05/22/2024,56858154,822.01,.00,168564,438021022
120,RI,INV137453,05/22/2024,0047,639.79,.00,499301,295000047
120,RI,INV137457,05/22/2024,BRITTANY,1668.64,.00,755005,
120,RI,INV137463,05/22/2024,3122,676.26,.00,499301,295003122
120,RI,INV137470,05/22/2024,505020000166863,2605.68,.00,430016,
120,RI,INV137476,05/22/2024,NATS0000027698,48.43,.00,278496,572020003
120,RI,INV137479,05/22/2024,56862997,1209.18,.00,571301,438014937
120,RI,INV137546,05/22/2024,B04610049095,812.26,.00,862385,461022033
120,RI,INV137554,05/22/2024,B04610049113,4080.53,.00,407303,461022153
120,RI,INV137566,05/22/2024,3421195,322.32,.00,593725,755310005
120,RI,INV137568,05/22/2024,4503679341,294.35,.00,195445,426001026
120,RI,INV137570,05/22/2024,Laundry,802.31,.00,562931,
120,RI,INV137572,05/22/2024,Housekeeping,352.66,.00,562931,
120,RI,INV137573,05/22/2024,3405729,73.04,.00,562931,
120,RI,INV137576,05/22/2024,3414009,326.37,.00,562931,
120,RI,INV137583,05/22/2024,B07550001548,1588.10,.00,994262,755310573
120,RI,INV137584,05/22/2024,56864286,3882.37,.00,432109,432153009
120,RI,INV137587,05/22/2024,56845657,1300.86,.00,432017,432053001
120,RI,INV137589,05/22/2024,56843763,865.86,.00,432018,432153003
120,RI,INV137597,05/22/2024,kristina,1432.91,.00,755004,755310571
120,RI,INV137601,05/22/2024,B08010051757,47.74,.00,282718,801005004
120,RI,INV137603,05/22/2024,B08010052080,94.46,.00,282718,801005004
120,RI,INV137611,05/22/2024,B08010051883,47.23,.00,282718,801005004
120,RI,INV137632,05/22/2024,ORIOL06400,5225.61,.00,572757,572061757
120,RI,INV137637,05/22/2024,B07400017834,596.21,.00,84001,740100217
120,RI,INV137640,05/22/2024,B04610049111,253.01,.00,914103,461021117
120,RI,INV137672,05/22/2024,3419751,663.93,.00,820100,
120,RI,INV137678,05/22/2024,B04610049104,874.81,.00,406315,461406315
120,RI,INV137689,05/22/2024,B04610049106,817.67,.00,545313,461545313
120,RI,INV137697,05/22/2024,3419932,906.00,.00,820100,
120,RI,INV137702,05/22/2024,56864675,7873.34,.00,702126,434005246
120,RI,INV137708,05/22/2024,B04610049025,58.20,.00,545313,461545313
120,RI,INV137714,05/22/2024,3392903,84.04,.00,583410,
120,RI,INV137715,05/22/2024,housekeeping,93.65,.00,546300,
120,RI,INV137716,05/22/2024,3413849,755.42,.00,546300,
120,RI,INV137717,05/22/2024,3269401,93.65,.00,546300,
120,RI,INV137718,05/22/2024,3360620,36.03,.00,515700,527023439
120,RI,INV137726,05/22/2024,120120,311.79,.00,350086,740000001
120,RI,INV137727,05/22/2024,56842183,950.65,.00,432016,432053006
120,RI,INV137730,05/22/2024,3417961,1111.57,.00,515700,527023439
120,RI,INV137735,05/22/2024,3425178,487.86,.00,583410,
120,RI,INV137740,05/22/2024,Mason,1072.24,.00,755003,755310570
120,RI,INV137758,05/22/2024,- None -,790.64,.00,755661,755310661
120,RI,INV137769,05/22/2024,16631,2439.00,.00,920011,
120,RI,INV137770,05/22/2024,FedEx  Sat,153.40,.00,461623,461114623
120,RI,INV137787,05/22/2024,16323,20190.82,.00,920011,
120,RI,INV137806,05/22/2024,SNAP DRAPE,830.18,.00,814703,740000003
120,RI,INV137814,05/22/2024,42600555,5888.16,.00,920022,092000016
120,RI,INV137815,05/22/2024,12613,5572.31,.00,920012,
120,RI,INV137820,05/22/2024,12602,21490.69,.00,920012,
120,RI,INV137827,05/22/2024,B04610048992,38.37,.00,461502,461024502
120,RI,INV137834,05/22/2024,062954,25.04,.00,694007,694000007
120,RI,INV137835,05/22/2024,56618966,150.88,.00,449921,449044921
120,RI,INV137839,05/22/2024,56548069,151.72,.00,449903,449044903
120,RI,INV137844,05/22/2024,B04610049127,119.26,.00,737892,461134986
120,RI,INV137846,05/22/2024,Chafer,73.45,.00,765955,461023327
120,RI,INV137854,05/22/2024,- None -,236.62,.00,461623,461114623
120,RI,INV137857,05/22/2024,FOIL/TRAY PAPER,199.93,.00,461623,461114623
120,RI,INV137886,05/22/2024,BLAIR,50.75,.00,395170,401024502
120,RI,INV137887,05/22/2024,B04610048907,8.46,.00,366744,461023113
120,RI,INV137888,05/22/2024,56737338,1430.75,.00,449302,449352802
120,RI,INV137891,05/22/2024,B04610049130,256.62,.00,366744,461023113
120,RI,INV137893,05/22/2024,B04610049123,279.71,.00,366744,461023113
120,RI,INV137899,05/22/2024,B04610049078,2297.97,.00,461073,461024073
120,RI,INV137901,05/22/2024,B04610049154,973.31,.00,461002,461023112
120,RI,INV137904,05/22/2024,B04610049157,1658.74,.00,406314,461406314
120,RI,INV137908,05/22/2024,B04610049178,392.59,.00,461834,461023834
120,RI,INV137911,05/22/2024,B04610049172,79.23,.00,461002,461023112
120,RI,INV137919,05/22/2024,B04610049173,1905.12,.00,461407,461022407
120,RI,INV137920,05/22/2024,Blair,665.32,.00,395170,401024502
120,RI,INV137929,05/22/2024,HMS,1031.05,.00,136417,631005748
120,RI,INV137930,05/22/2024,JHS,1722.62,.00,136417,631005738
120,RI,INV137932,05/22/2024,JBBES,690.38,.00,136417,631005742
120,RI,INV137950,05/22/2024,B04060002789,1233.99,.00,406005,406000009
120,RI,INV137952,05/22/2024,B04610049138,4610.41,.00,580102,461580102
120,RI,INV137968,05/22/2024,NATS0000027772,37.90,.00,278496,572020003
120,RI,INV137970,05/22/2024,56880749,468.40,.00,552041,438020262
120,RI,INV137977,05/22/2024,NATS0000027731,238.95,.00,278496,572020003
120,RI,INV137983,05/22/2024,- None -,653.70,.00,737263,755000843
120,RI,INV137989,05/22/2024,56772693,344.64,.00,434001,434011464
120,RI,INV137995,05/22/2024,3299132,129.92,.00,527001,527000241
120,RI,INV137997,05/22/2024,56685965,527.50,.00,469246,438045949
120,RI,INV138004,05/22/2024,3429306,286.17,.00,527001,527000241
120,RI,INV138007,05/22/2024,3122,774.49,.00,499301,295003122
120,RI,INV138010,05/22/2024,WHITE MARSH,517.88,.00,755612,
120,RI,INV138017,05/22/2024,CHAPEL DISTRICT,601.33,.00,755612,
120,RI,INV138018,05/22/2024,B07550001550,840.09,.00,737285,
120,RI,INV138019,05/22/2024,B04610049131,1215.26,.00,62139,461019462
120,RI,INV138022,05/22/2024,10058395,350.35,.00,241400,740300167
120,RI,INV138024,05/22/2024,56880922,453.47,.00,571300,438022241
120,RI,INV138026,05/22/2024,- None -,247.80,.00,766222,
120,RI,INV138027,05/22/2024,B07400017845,879.61,.00,75096,
120,RI,INV138028,05/22/2024,1030,377.14,.00,499301,295001030
120,RI,INV138040,05/23/2024,063110,49.24,.00,694007,694000007
120,RI,INV138041,05/23/2024,063245,49.24,.00,694007,694000007
120,RI,INV138043,05/23/2024,56757945,84.95,.00,441860,440061860
120,RI,INV138054,05/23/2024,B04610049122,1387.21,.00,632334,461022315
120,RI,INV138055,05/23/2024,063383,1278.10,.00,694008,694000008
120,RI,INV138061,05/23/2024,56872805,5095.05,.00,441862,440161860
120,RI,INV138062,05/23/2024,56879966,574.63,.00,440998,440057998
120,RI,INV138066,05/23/2024,4503679553,11745.16,.00,195445,426001026
120,RI,INV138098,05/23/2024,56880651,1907.17,.00,432011,432052999
120,RI,INV138113,05/23/2024,B04610049140,1891.39,.00,461971,461019971
120,RI,INV138114,05/23/2024,56883805,69.80,.00,432013,432053005
120,RI,INV138118,05/23/2024,56880564,231.58,.00,432012,432053004
120,RI,INV138124,05/23/2024,56880778,3113.86,.00,432012,432053004
120,RI,INV138134,05/23/2024,56879713,132.70,.00,432013,432053005
120,RI,INV138135,05/23/2024,56878897,1007.41,.00,432013,432053005
120,RI,INV138136,05/23/2024,B04610049186,4525.42,.00,461014,461021014
120,RI,INV138157,05/23/2024,B04610049182,1934.44,.00,461801,461021801
120,RI,INV138163,05/23/2024,B07400017767,39.95,.00,986632,740000169
120,RI,INV138166,05/23/2024,B04610048978,65.30,.00,461803,461019803
120,RI,INV138186,05/23/2024,B04610049139,7026.32,.00,407300,461407300
120,RI,INV138195,05/23/2024,B04610049171,2129.19,.00,461803,461019803
120,RI,INV138197,05/23/2024,56880584,3440.14,.00,432010,432053012
120,RI,INV138198,05/23/2024,4503679564,412.64,.00,944645,426001060
120,RI,INV138201,05/23/2024,B07400017852,1825.62,.00,789511,740000126
120,RI,INV138207,05/23/2024,B04610049151,185.24,.00,407300,461407300
120,RI,INV138211,05/23/2024,4503679155,9449.52,.00,944645,426001060
120,RI,INV138216,05/23/2024,B02950002661,1644.06,.00,499301,295003130
120,RI,INV138227,05/23/2024,B08010051267,699.30,.00,801608,801910608
120,RI,INV138239,05/23/2024,B07550001473,440.44,.00,755869,755310869
120,RI,INV138240,05/23/2024,B07550001476,665.68,.00,755872,
120,RI,INV138242,05/23/2024,B04610049161,51.33,.00,262753,461019901
120,RI,INV138244,05/23/2024,B04610049153,3258.79,.00,262753,461019901
120,RI,INV138262,05/23/2024,DIETARY,254.19,.00,766201,527062185
120,RI,INV138266,05/23/2024,56878483,1059.47,.00,438351,438120351
120,RI,INV138316,05/23/2024,B07400017857,1405.68,.00,948085,740000143
120,RI,INV138320,05/23/2024,HOUSEKEEPING,2000.19,.00,515700,527023439
120,RI,INV138326,05/23/2024,Dietary,424.38,.00,820100,
120,RI,INV138330,05/23/2024,B02950002662,625.34,.00,499301,295006480
120,RI,INV138345,05/23/2024,B04610049159,118.88,.00,461204,461021204
120,RI,INV138350,05/23/2024,B04610049156,2060.35,.00,461204,461021204
120,RI,INV138353,05/23/2024,Central Supply,254.27,.00,515700,527023439
120,RI,INV138357,05/23/2024,SLADE SCHOOL,5800.07,.00,245176,
120,RI,INV138369,05/23/2024,B08010051932,298.34,.00,192752,801310733
120,RI,INV138370,05/23/2024,B07400017851,328.65,.00,775193,740000232
120,RI,INV138407,05/23/2024,B02950002660,1275.67,.00,499301,295003750
120,RI,INV138410,05/23/2024,B07400017854,691.15,.00,358401,740000137
120,RI,INV138413,05/23/2024,B04610049175,1617.73,.00,461157,461021157
120,RI,INV138418,05/23/2024,ORIOL06421,388.04,.00,572757,572061757
120,RI,INV138419,05/23/2024,ORIOL06413,356.89,.00,572757,572061757
120,RI,INV138420,05/23/2024,ORIOL06456,1507.81,.00,572757,572061757
120,RI,INV138422,05/23/2024,ORIOL06462,607.68,.00,572757,572061757
120,RI,INV138444,05/23/2024,courier,335.98,.00,461014,461021014
120,RI,INV138447,05/23/2024,ALLPOINTS,118.72,.00,633233,461020165
120,RI,INV138450,05/23/2024,16313,48328.59,.00,920011,92000011
120,RI,INV138451,05/23/2024,42002029,17052.00,.00,920012,
120,RI,INV138462,05/23/2024,16323,380.73,.00,920011,
120,RI,INV138473,05/23/2024,INTERMETRO,425.86,.00,461212,461144212
120,RI,INV138477,05/23/2024,DAVE BIESIADA,299.61,.00,920017,92000006
120,RI,INV138488,05/23/2024,BRYAN ROSAS,290.29,.00,920016,92000005
120,RI,INV138495,05/23/2024,56886896,263.22,.00,432015,432053010
120,RI,INV138509,05/23/2024,FedEx,40.71,.00,632334,461022315
120,RI,INV138517,05/23/2024,FedEx B04610049175,73.03,.00,461157,461021157
120,RI,INV138524,05/23/2024,fedex,58.65,.00,461073,461024073
120,RI,INV138536,05/23/2024,B04610048700,26.77,.00,461003,461019064
120,RI,INV138537,05/23/2024,05082024,147.09,.00,801002,801311061
120,RI,INV138538,05/23/2024,B04610049071,90.10,.00,101889,461008096
120,RI,INV138541,05/23/2024,B08010052432,1381.23,.00,918024,801001150
120,RI,INV138542,05/23/2024,B04610049192,1163.03,.00,62140,461018974
120,RI,INV138543,05/23/2024,B04610049197,1933.02,.00,367089,461367089
120,RI,INV138551,05/23/2024,B04610049206,1614.61,.00,765955,461023327
120,RI,INV138553,05/23/2024,B04610049237,843.86,.00,461834,461023834
120,RI,INV138554,05/23/2024,B04610049207,434.88,.00,765955,461023327
120,RI,INV138557,05/23/2024,B04610049199,1478.57,.00,461004,461023502
120,RI,INV138559,05/23/2024,56897621,8255.02,.00,449010,449010000
120,RI,INV138564,05/23/2024,B04610049232,976.29,.00,461003,461019064
120,RI,INV138565,05/23/2024,B04610049225,1706.65,.00,772617,461772617
120,RI,INV138575,05/23/2024,B04610049242,1038.21,.00,272617,461023666
120,RI,INV138578,05/23/2024,B04610049239,139.62,.00,461004,461023502
120,RI,INV138581,05/23/2024,B04610049253,710.03,.00,366744,461023113
120,RI,INV138583,05/23/2024,DN2127000006067,478.50,.00,187250,187123250
120,RI,INV138584,05/23/2024,B04610049260,1457.48,.00,461701,461017601
120,RI,INV138592,05/23/2024,OPS,787.71,.00,136417,
120,RI,INV138596,05/23/2024,B04610049229,64.05,.00,272618,461023602
120,RI,INV138598,05/23/2024,B04610049222,1819.54,.00,367090,461022901
120,RI,INV138599,05/23/2024,B04610049208,1172.43,.00,461030,461019030
120,RI,INV138601,05/23/2024,B04610049248,2071.13,.00,101889,461008096
120,RI,INV138607,05/23/2024,B04610049228,666.13,.00,272618,461023602
120,RI,INV138609,05/23/2024,B04610049264,1530.02,.00,461011,461017011
120,RI,INV138611,05/23/2024,B04610049255,60.42,.00,366744,461023113
120,RI,INV138613,05/23/2024,B04610049233,2630.49,.00,812120,461812120
120,RI,INV138615,05/23/2024,B04610049218,1672.02,.00,716507,461019406
120,RI,INV138620,05/23/2024,505020000166863,446.34,.00,430016,043000016
120,RI,INV138622,05/23/2024,B04610049044,89.57,.00,955264,461018052
120,RI,INV138623,05/23/2024,B04610049001,58.20,.00,509001,461509001
120,RI,INV138628,05/23/2024,56897368,2464.32,.00,449921,449044921
120,RI,INV138630,05/23/2024,716320,597.30,.00,716320,755000837
120,RI,INV138632,05/23/2024,B04610049221,1885.73,.00,632333,461017112
120,RI,INV138634,05/23/2024,B04610049256,2980.49,.00,509001,461509001
120,RI,INV138637,05/23/2024,Chef Nik,785.24,.00,421513,40000208
120,RI,INV138638,05/23/2024,B04610049231,1467.67,.00,461702,461018702
120,RI,INV138639,05/23/2024,B04610049269,2073.36,.00,955264,461018052
120,RI,INV157002,05/23/2024,56880778,104.70,.00,432012,432053004
120,RI,INV138640,05/24/2024,B04610048874,50.78,.00,765956,461020155
120,RI,INV138644,05/24/2024,63026,128.40,.00,781001,
120,RI,INV138665,05/24/2024,B07400017840,337.14,.00,339330,740000237
120,RI,INV138667,05/24/2024,B04610049096,158.97,.00,765956,461020155
120,RI,INV138684,05/24/2024,B04610049183,2472.77,.00,765956,461020155
120,RI,INV138685,05/24/2024,B04610049187,2862.27,.00,914102,461021740
120,RI,INV138700,05/24/2024,- None -,897.04,.00,771562,755310567
120,RI,INV138706,05/24/2024,- None -,1688.54,.00,773527,
120,RI,INV138710,05/24/2024,3122,691.40,.00,499301,295003122
120,RI,INV138714,05/24/2024,56900609,839.03,.00,33047,438044177
120,RI,INV138729,05/24/2024,56900171,6712.86,.00,168564,438021022
120,RI,INV138735,05/24/2024,B04610049227,1858.41,.00,461074,461021704
120,RI,INV138736,05/24/2024,3448768,300.43,.00,593725,755310005
120,RI,INV138742,05/24/2024,3448469,4.36,.00,736673,755000860
120,RI,INV138744,05/24/2024,3023 FRANK,2677.08,.00,499301,295003023
120,RI,INV138745,05/24/2024,6416,397.39,.00,499301,295006416
120,RI,INV138749,05/24/2024,3448466,3525.60,.00,736673,755000860
120,RI,INV138752,05/24/2024,NATS0000027857,136.82,.00,278496,572020003
120,RI,INV138753,05/24/2024,063409,2627.26,.00,694007,694000007
120,RI,INV138756,05/24/2024,B04610049246,1184.93,.00,461171,461020171
120,RI,INV138761,05/24/2024,56902871,50.75,.00,571300,438022241
120,RI,INV138762,05/24/2024,NATS0000027830,1810.06,.00,278496,572020003
120,RI,INV138765,05/24/2024,56902833,2990.31,.00,571300,438022241
120,RI,INV138769,05/24/2024,NATS0000027793,563.15,.00,278496,572020003
120,RI,INV138775,05/24/2024,B04610049275,707.62,.00,633233,461020165
120,RI,INV138776,05/24/2024,063421,4141.20,.00,694005,694000005
120,RI,INV138784,05/24/2024,B02950002663,3953.75,.00,499301,295000057
120,RI,INV138789,05/24/2024,B07550001560,653.05,.00,737311,755000778
120,RI,INV138793,05/24/2024,B04610049272,662.10,.00,862385,461022033
120,RI,INV138797,05/24/2024,4503680624,4153.32,.00,714611,426001059
120,RI,INV138799,05/24/2024,NATS0000027810,1291.47,.00,278496,572020003
120,RI,INV138807,05/24/2024,B07400017861,1001.91,.00,574323,740000073
120,RI,INV138811,05/24/2024,eugenia,1238.44,.00,979400,041040047
120,RI,INV138815,05/24/2024,B04610049174,120.65,.00,194660,461194660
120,RI,INV138827,05/24/2024,kristina,1655.69,.00,755004,755310571
120,RI,INV138836,05/24/2024,B04610049274,1214.41,.00,556807,461556807
120,RI,INV138840,05/24/2024,B04610049250,4652.36,.00,407303,461022153
120,RI,INV138842,05/24/2024,B04610049219,1034.05,.00,309253,461309253


120,RI,INV138845,05/24/2024,B04610049129,2313.13,.00,407303,461022153
120,RI,INV138851,05/24/2024,4503679553,682.46,.00,195445,426001026
120,RI,INV138855,05/24/2024,56900738,5131.20,.00,702126,434005246
120,RI,INV138863,05/24/2024,B04610049235,1313.78,.00,545313,461545313
120,RI,INV138867,05/24/2024,B04610049268,2987.69,.00,328321,461328321
120,RI,INV138869,05/24/2024,B04610049265,2010.22,.00,194660,461194660
120,RI,INV138881,05/24/2024,3413777,153.72,.00,316040,631001736
120,RI,INV138883,05/24/2024,B04610049081,89.57,.00,309254,461020852
120,RI,INV138891,05/24/2024,B04610049203,418.06,.00,407301,461021042
120,RI,INV138895,05/24/2024,B04610049201,2685.99,.00,407301,461021042
120,RI,INV138907,05/24/2024,B04610049216,1298.68,.00,406315,461406315
120,RI,INV138910,05/24/2024,B04610049266,3144.20,.00,309254,461020852
120,RI,INV138913,05/24/2024,0015,193.14,.00,499301,295000015
120,RI,INV138916,05/24/2024,B04610049220,128.39,.00,739888,461739888
120,RI,INV138918,05/24/2024,B04610049238,2744.48,.00,326180,461326180
120,RI,INV138928,05/24/2024,B04610049217,3305.40,.00,739888,461739888
120,RI,INV138930,05/24/2024,3445236,122.40,.00,562931,
120,RI,INV138932,05/24/2024,56901169,120.37,.00,432019,432053000
120,RI,INV138933,05/24/2024,B07400017865,720.03,.00,867549,740000183
120,RI,INV138940,05/24/2024,56901147,360.61,.00,432019,432053000
120,RI,INV138942,05/24/2024,B04610049205,1201.90,.00,461601,461020601
120,RI,INV138944,05/24/2024,B04610049252,1198.20,.00,800857,461800857
120,RI,INV138962,05/24/2024,HOUSEKEEPING,419.34,.00,515700,527023439
120,RI,INV138985,05/24/2024,Mason,608.38,.00,755003,755310570
120,RI,INV138988,05/24/2024,David,1102.06,.00,755002,
120,RI,INV138998,05/24/2024,4503679155,736.72,.00,944645,426001060
120,RI,INV139003,05/24/2024,B02950002664,471.61,.00,499301,295003130
120,RI,INV139009,05/24/2024,ORIOL06200,299.70,.00,572757,572061757
120,RI,INV139010,05/24/2024,ORIOL06396,199.80,.00,572757,572061757
120,RI,INV139011,05/24/2024,ORIOL06317,399.60,.00,572757,572061757
120,RI,INV139014,05/24/2024,ORIOL06444,1522.07,.00,572757,572061757
120,RI,INV139019,05/24/2024,B07550001556,1540.69,.00,755006,755310633
120,RI,INV139022,05/24/2024,ORIOL06434,3916.43,.00,572757,572061757
120,RI,INV139024,05/24/2024,ORIOL06541,515.16,.00,572757,572061757
120,RI,INV139027,05/24/2024,ORIOL06542,804.40,.00,572757,572061757
120,RI,INV139036,05/24/2024,ORIOL06495,697.99,.00,572757,572061757
120,RI,INV139037,05/24/2024,B04610049244,1953.97,.00,914103,461021117
120,RI,INV139038,05/24/2024,ORIOL06544,1357.17,.00,572757,572061757
120,RI,INV139048,05/24/2024,Laundry,322.53,.00,661995,
120,RI,INV139056,05/24/2024,CENTRAL SUPPLY,580.77,.00,661995,
120,RI,INV139057,05/24/2024,HOUSEKEEPING,1366.57,.00,661995,
120,RI,INV139069,05/24/2024,56901576,1260.90,.00,438346,438120346
120,RI,INV139073,05/24/2024,B04610049236,1812.05,.00,262755,461021054
120,RI,INV139078,05/24/2024,56552466,133.36,.00,432018,432053003
120,RI,INV139079,05/24/2024,56472740,129.85,.00,449282,449049282
120,RI,INV139080,05/24/2024,56897522,858.60,.00,792426,440026831
120,RI,INV139085,05/24/2024,3259329,130.49,.00,692753,
120,RI,INV139089,05/24/2024,56900197,952.45,.00,432007,432053002
120,RI,INV139091,05/24/2024,B08010052454,7818.82,.00,282718,801005004
120,RI,INV139092,05/24/2024,B04610049258,2255.96,.00,461874,461020874
120,RI,INV139095,05/24/2024,56902301,856.69,.00,449162,449049162
120,RI,INV139098,05/24/2024,B07400017859,1812.67,.00,212200,740000094
120,RI,INV139101,05/24/2024,B04610049270,2437.04,.00,461130,461021030
120,RI,INV139102,05/24/2024,56900138,2128.22,.00,432007,432053002
120,RI,INV139112,05/24/2024,56843339,67.79,.00,432018,432053003
120,RI,INV139118,05/24/2024,HOUSEKEEPING,797.59,.00,692753,
120,RI,INV139119,05/24/2024,DIETARY,770.76,.00,473055,
120,RI,INV139121,05/24/2024,56891742,1275.95,.00,432017,432053001
120,RI,INV139123,05/24/2024,3447877,940.26,.00,692753,
120,RI,INV139124,05/24/2024,56881126,3041.73,.00,432018,432053003
120,RI,INV139134,05/24/2024,LINDSEY WINSMAN,869.25,.00,920021,092000015
120,RI,INV139154,05/24/2024,EMI YOSHI,360.33,.00,461407,461022407
120,RI,INV139161,05/24/2024,42799,17643.24,.00,765520,92000001
120,RI,INV139171,05/24/2024,12631,8640.00,.00,920012,
120,RI,INV139200,05/24/2024,NEMCO,161.83,.00,63331,
120,RI,INV139201,05/24/2024,NEMCO,163.81,.00,632334,461022315
120,RI,INV139206,05/24/2024,- None -,73.19,.00,914103,461021117
120,RI,INV139207,05/24/2024,- None -,65.32,.00,406315,461406315
120,RI,INV139223,05/24/2024,B04610049143,80.60,.00,545316,461137214
120,RI,INV139224,05/24/2024,B04610048442,296.58,.00,405003,461105003
120,RI,INV139226,05/24/2024,B04610049134,75.77,.00,63331,461040207
120,RI,INV139230,05/24/2024,B04610049136,625.43,.00,593652,461115205
120,RI,INV139231,05/24/2024,062873,72.95,.00,694009,694000009
120,RI,INV139232,05/24/2024,B04610049120,363.37,.00,737892,461134986
120,RI,INV139233,05/24/2024,B04610049137,129.68,.00,593652,461115205
120,RI,INV139234,05/24/2024,B04610048581,733.13,.00,309620,461133813
120,RI,INV139245,05/24/2024,POP UP FOIL,68.50,.00,461130,461021030
120,RI,INV139263,05/24/2024,56682251,35.95,.00,449523,449000523
120,RI,INV139265,05/24/2024,JBBES,265.44,.00,136417,631005742
120,RI,INV139267,05/24/2024,56663732,190.54,.00,449302,449352802
120,RI,INV139270,05/24/2024,DIETARY,973.45,.00,324797,755000365
120,RI,INV139271,05/24/2024,56910501,1422.18,.00,449302,
120,RI,INV139273,05/24/2024,56897868,6262.50,.00,449523,449000523
120,RI,INV139280,05/24/2024,B04610049317,965.23,.00,461002,461023112
120,RI,INV139281,05/24/2024,56916177,7407.65,.00,449302,449352802
120,RI,INV139283,05/24/2024,B04610049348,704.79,.00,461701,461017601
120,RI,INV139284,05/24/2024,Food Services,2044.11,.00,324797,
120,RI,INV139287,05/24/2024,B04610049312,3114.25,.00,461502,461024502
120,RI,INV139292,05/24/2024,B04610049335,1011.60,.00,367089,461367089
120,RI,INV139297,05/24/2024,B04610049329,2001.92,.00,406314,461406314
120,RI,INV139298,05/24/2024,- None -,719.48,.00,722611,527022960
120,RI,INV139302,05/24/2024,B04610049309,485.30,.00,461834,461023834
120,RI,INV139306,05/24/2024,B04610049332,1500.95,.00,461407,461022407
120,RI,INV139307,05/24/2024,42432,1746.90,.00,765520,92000001
120,RI,INV139308,05/24/2024,B04610049319,1089.18,.00,461030,461019030
120,RI,INV139309,05/24/2024,B04610049308,1548.45,.00,716507,461019406
120,RI,INV139310,05/24/2024,B04610049314,945.31,.00,461053,461008053
120,RI,INV139311,05/24/2024,B04610049350,1871.03,.00,101889,461008096
120,RI,INV139312,05/24/2024,B04610049341,1454.18,.00,62140,461018974
120,RI,INV139313,05/24/2024,B04610049327,1701.91,.00,461691,461008691
120,RI,INV139314,05/24/2024,B04610049311,861.04,.00,461003,461019064
120,RI,INV149575,05/24/2024,91976,13554.95,.00,920009,92000009
120,RI,INV139318,05/25/2024,B04610049181,52.18,.00,461011,461017011
120,RI,INV139327,05/25/2024,1030,393.87,.00,499301,295001030
120,RI,INV139330,05/25/2024,B04610048574,38.52,.00,632333,461017112
120,RI,INV139332,05/25/2024,B04610049288,1415.47,.00,955264,461018052
120,RI,INV139333,05/25/2024,3122,4191.37,.00,499301,295003122
120,RI,INV139334,05/25/2024,B07400017875,1150.70,.00,241400,740300167
120,RI,INV139338,05/25/2024,B02950002667,3367.11,.00,499301,295000047
120,RI,INV139339,05/25/2024,B04610049334,938.33,.00,461011,461017011
120,RI,INV139345,05/25/2024,B04610049322,1597.77,.00,461971,461019971
120,RI,INV139348,05/25/2024,B04610049347,1855.90,.00,461702,461018702
120,RI,INV139349,05/25/2024,B02950002666,1935.34,.00,499301,295000044
120,RI,INV139350,05/25/2024,B07400017870,472.81,.00,740276,740000276
120,RI,INV139351,05/25/2024,B04610049300,95.17,.00,62139,461019462
120,RI,INV139353,05/25/2024,B04610049291,1218.35,.00,62139,461019462
120,RI,INV139354,05/25/2024,B04610049292,3111.79,.00,262753,461019901
120,RI,INV139356,05/25/2024,B04610048959,89.57,.00,461157,461021157
120,RI,INV139367,05/25/2024,DCUNI07405,148.29,.00,108003,572036578
120,RI,INV139373,05/25/2024,716320,362.70,.00,716320,755000837
120,RI,INV139379,05/25/2024,- None -,73.70,.00,773527,755310566
120,RI,INV139381,05/25/2024,B04610049299,1981.73,.00,914102,461021740
120,RI,INV139383,05/25/2024,B07400017871,518.68,.00,835200,740000152
120,RI,INV139384,05/25/2024,56917604,324.13,.00,552041,438020262
120,RI,INV139386,05/25/2024,820120,1690.14,.00,820120,755000836
120,RI,INV139398,05/25/2024,820120,2319.30,.00,820120,755000836
120,RI,INV139402,05/25/2024,- None -,1072.84,.00,773527,755310566
120,RI,INV139404,05/25/2024,B04610049340,1164.89,.00,461157,461021157
120,RI,INV139410,05/25/2024,3510,746.49,.00,499301,295003510
120,RI,INV139413,05/25/2024,- None -,55.95,.00,773527,
120,RI,INV139417,05/25/2024,- None -,2661.31,.00,773527,755310566
120,RI,INV139431,05/25/2024,B07550001569,3219.61,.00,716080,755000826
120,RI,INV139433,05/25/2024,2001009627,1143.00,.00,120109,459000005
120,RI,INV139434,05/25/2024,2000980169,1998.00,.00,120109,459000005
120,RI,INV139435,05/25/2024,2001045272,3141.00,.00,120109,459000005
120,RI,INV139436,05/25/2024,56896606,164.60,.00,432012,432053004
120,RI,INV139438,05/25/2024,56918021,24.60,.00,432012,432053004
120,RI,INV139440,05/25/2024,05122024,103.29,.00,180501,572044317
120,RI,INV139441,05/25/2024,B04610049186,104.31,.00,461014,461021014
120,RI,INV139444,05/25/2024,B04610049324,731.99,.00,461014,461021014
120,RI,INV139445,05/25/2024,56918208,1784.26,.00,432012,432053004
120,RI,INV139446,05/25/2024,B04610049316,1622.50,.00,461803,461019803
120,RI,INV139447,05/25/2024,B04610048624,265.74,.00,407303,461022153
120,RI,INV139448,05/25/2024,B04610048474,398.61,.00,407303,461022153
120,RI,INV139450,05/25/2024,B04610048896,398.61,.00,407303,461022153
120,RI,INV139452,05/25/2024,062800,240.08,.00,694013,694000013
120,RI,INV139454,05/25/2024,B04610048508,132.87,.00,328321,461328321
120,RI,INV139455,05/25/2024,4503681223,2149.52,.00,195445,426001026
120,RI,INV139457,05/25/2024,B04610049353,1115.58,.00,958980,461022192
120,RI,INV139458,05/25/2024,B04610049342,1120.01,.00,328321,461328321
120,RI,INV139461,05/25/2024,B04610049282,1312.54,.00,632334,461022315
120,RI,INV139463,05/25/2024,B04610049245,25.18,.00,958980,461022192
120,RI,INV139478,05/25/2024,B04610049296,998.23,.00,545313,461545313
120,RI,INV139487,05/25/2024,B04610049053,104.37,.00,765956,461020155
120,RI,INV139495,05/25/2024,B04610048876,52.18,.00,765956,461020155
120,RI,INV139500,05/25/2024,56857839,1169.65,.00,441860,440061860
120,RI,INV139507,05/25/2024,B04610049284,1057.12,.00,461204,461021204
120,RI,INV139517,05/25/2024,B07400017873,442.52,.00,413154,740000093
120,RI,INV139528,05/25/2024,B04610049298,717.48,.00,862385,461022033
120,RI,INV139539,05/25/2024,B04610049320,1248.67,.00,461171,461020171
120,RI,INV139540,05/25/2024,David,771.57,.00,755002,
120,RI,INV139541,05/25/2024,B04610049343,1796.39,.00,765956,461020155
120,RI,INV139546,05/25/2024,B04610049328,1180.27,.00,633233,461020165
120,RI,INV139561,05/25/2024,B04610049330,827.11,.00,326180,461326180
120,RI,INV139564,05/25/2024,B04610049351,1201.27,.00,407301,461021042
120,RI,INV139590,05/25/2024,56921532,3030.84,.00,391275,438020348
120,RI,INV139593,05/25/2024,56922613,891.99,.00,391275,438020348
120,RI,INV139595,05/25/2024,56917767,794.69,.00,438593,438122593
120,RI,INV139601,05/25/2024,B04610048777,265.74,.00,461801,461021801
120,RI,INV139609,05/25/2024,EASTON ELEMENTARY,1328.68,.00,755612,
120,RI,INV139612,05/25/2024,EASTON MIDDLE,863.58,.00,755612,
120,RI,INV139614,05/25/2024,B04610049337,1243.59,.00,461801,461021801
120,RI,INV139615,05/25/2024,56923131,1363.41,.00,432011,432052999
120,RI,INV139617,05/25/2024,Laundry,623.36,.00,692753,
120,RI,INV139618,05/25/2024,ORIOL06557,4029.00,.00,572757,572061757
120,RI,INV139619,05/25/2024,ORIOL05909,2925.44,.00,572757,572061757
120,RI,INV139620,05/25/2024,ORIOL06544,493.00,.00,572757,572061757
120,RI,INV139622,05/25/2024,ORIOL06444,34.79,.00,572757,572061757
120,RI,INV139625,05/25/2024,ORIOL06573,1718.40,.00,572757,572061757
120,RI,INV139626,05/25/2024,ORIOL06450,388.78,.00,572757,572061757
120,RI,INV139630,05/25/2024,56920266,6390.98,.00,432018,432053003
120,RI,INV139631,05/25/2024,Dietary,39.14,.00,820100,
120,RI,INV139636,05/25/2024,B04610049333,935.36,.00,194660,461194660
120,RI,INV139638,05/25/2024,HOUSEKEEPING,1320.64,.00,426644,
120,RI,INV139640,05/25/2024,B04610049236,64.05,.00,262755,461021054
120,RI,INV139641,05/25/2024,3395,108.76,.00,499301,295003395
120,RI,INV139642,05/25/2024,HOUSEKEEPING PHILLIP PAWLUKOVICH,497.60,.00,426644,
120,RI,INV139643,05/25/2024,B07550001568,970.38,.00,994262,755310573
120,RI,INV139647,05/25/2024,B04610049318,1390.65,.00,262755,461021054
120,RI,INV139649,05/25/2024,B02950002665,1806.10,.00,499301,295003395
120,RI,INV139650,05/25/2024,B04610049338,2391.30,.00,800857,461800857
120,RI,INV139652,05/25/2024,B04610049344,1655.48,.00,461601,461020601
120,RI,INV139669,05/25/2024,B04610049336,1800.00,.00,309254,461020852
120,RI,INV139670,05/25/2024,B04610049313,1408.50,.00,461874,461020874
120,RI,INV139678,05/25/2024,B04610049297,900.92,.00,406315,461406315
120,RI,INV139680,05/25/2024,56916124,1571.91,.00,432010,432053012
120,RI,INV139681,05/25/2024,FILL IN,1533.54,.00,739888,461739888
120,RI,INV139682,05/25/2024,B04610049294,4705.17,.00,407300,461407300
120,RI,INV139705,05/25/2024,B07400017874,427.74,.00,740185,740100185
120,RI,INV139707,05/25/2024,BRYAN ROSAS,713.32,.00,920016,92000005
120,RI,INV139714,05/25/2024,B04610047314,100.00,.00,94888,461137421
120,RI,INV139715,05/25/2024,90030,.00,.00,920009,92000009
120,RI,INV128658,05/28/2024,547253,2908.18,.00,920009,92000009
120,RI,INV132709,05/28/2024,547283,16297.19,.00,920009,92000009
120,RI,INV139708,05/28/2024,12762,1426.64,.00,920012,
120,RI,INV139716,05/28/2024,B07400017852,103.74,.00,789511,740000126
120,RI,INV139719,05/28/2024,FURNITURE,6912.36,.00,461334,461133334
120,RI,INV139720,05/28/2024,HEALTH/CA,2469.59,.00,461334,461133334
120,RI,INV139722,05/28/2024,UMBRELLA/BASE,3240.17,.00,461334,461133334
120,RI,INV139723,05/28/2024,CHARLOTTE PETERSON,6534.30,.00,920012,
120,RI,INV139725,05/28/2024,547253,27669.00,.00,920009,
120,RI,INV139726,05/28/2024,B04610049360,1021.21,.00,461074,461021704
120,RI,INV139727,05/28/2024,547283,5926.25,.00,920009,
120,RI,INV139732,05/28/2024,Side Cups  FedEx,96.98,.00,272617,461023666
120,RI,INV139741,05/28/2024,42402350,3448.81,.00,920009,92000009
120,RI,INV139745,05/28/2024,Specialmade,47.98,.00,545315,461145615
120,RI,INV139746,05/28/2024,FedEx  Lids,89.88,.00,461502,461024502
120,RI,INV139750,05/28/2024,16318,26880.09,.00,920011,
120,RI,INV139757,05/28/2024,PRINTED NAPKINS,1484.28,.00,646053,323393940
120,RI,INV139760,05/28/2024,6894,4234.44,.00,920018,92000007
120,RI,INV139764,05/28/2024,16628,20303.36,.00,920011,
120,RI,INV139785,05/28/2024,9963,47814.52,.00,953724,92000002
120,RI,INV139788,05/28/2024,12601,32655.89,.00,920012,
120,RI,INV139789,05/28/2024,PREMIER POLYSTEEL,5590.85,.00,461212,461144212
120,RI,INV139798,05/28/2024,B07550001476,158.47,.00,755872,
120,RI,INV139804,05/28/2024,B04610049083,442.90,.00,461545,461146545
120,RI,INV139811,05/28/2024,FedEx,26.61,.00,461011,461017011
120,RI,INV139823,05/28/2024,12818,621.40,.00,920012,
120,RI,INV139826,05/28/2024,12628,32205.66,.00,920012,
120,RI,INV139850,05/28/2024,56923833,1079.28,.00,449618,449054618
120,RI,INV139851,05/28/2024,B04610048993,132.87,.00,366744,461023113
120,RI,INV139854,05/28/2024,3451910,680.31,.00,646053,323393940
120,RI,INV139865,05/28/2024,B04610049386,1096.35,.00,366744,461023113
120,RI,INV139873,05/28/2024,- None -,205.55,.00,406314,461406314
120,RI,INV139874,05/28/2024,- None -,1133.37,.00,406314,461406314
120,RI,INV139879,05/28/2024,B04610049393,611.56,.00,765955,461023327
120,RI,INV139882,05/28/2024,56954542,6710.21,.00,449402,449452802
120,RI,INV139883,05/28/2024,B04610049383,616.83,.00,461004,461023502
120,RI,INV139885,05/28/2024,B04610049399,1465.17,.00,272618,461023602
120,RI,INV139901,05/28/2024,B04610049409,587.49,.00,461834,461023834
120,RI,INV139912,05/28/2024,56950849,5819.62,.00,449010,449010000
120,RI,INV139919,05/28/2024,B04610049416,767.50,.00,367089,461367089
120,RI,INV139921,05/28/2024,B04610049384,2219.39,.00,367090,461022901
120,RI,INV139922,05/28/2024,B04610049388,1393.77,.00,772617,461772617
120,RI,INV139954,05/28/2024,B07400017888,575.91,.00,358401,740000137
120,RI,INV147135,05/28/2024,JHS,45.30,.00,136417,631005738
120,RI,INV148813,05/28/2024,547293,16404.94,.00,920009,92000009
120,RI,INV128617,05/29/2024,00023470,6711.30,.00,920013,92000013
120,RI,INV139960,05/29/2024,56843660,728.86,.00,440995,440157995
120,RI,INV140006,05/29/2024,56900102,139.81,.00,736438,438032093
120,RI,INV140016,05/29/2024,820120,67.50,.00,820120,755000836
120,RI,INV140017,05/29/2024,B04610049374,893.38,.00,407303,461022153
120,RI,INV140019,05/29/2024,B02950002668,2064.74,.00,499301,295001310
120,RI,INV140025,05/29/2024,56941636,1193.83,.00,736438,438032093
120,RI,INV140035,05/29/2024,CHEC,2123.64,.00,397700,755000775
120,RI,INV140047,05/29/2024,Lincolnian,130.80,.00,140330,323091214
120,RI,INV140050,05/29/2024,DCUNI07473,1222.36,.00,108003,572036578
120,RI,INV140052,05/29/2024,B04610049407,2484.28,.00,739889,461022601
120,RI,INV140055,05/29/2024,56950412,162.40,.00,440996,440057996
120,RI,INV140064,05/29/2024,- None -,730.36,.00,656100,755310438
120,RI,INV140065,05/29/2024,56961318,162.40,.00,440996,440057996
120,RI,INV140069,05/29/2024,063453,2697.08,.00,694005,694000005
120,RI,INV140075,05/29/2024,820120,760.18,.00,820120,755000836
120,RI,INV140077,05/29/2024,4503682130,5725.83,.00,714611,426001059
120,RI,INV140078,05/29/2024,56959450,165.18,.00,441860,440061860
120,RI,INV140079,05/29/2024,1010,689.00,.00,499301,295001010
120,RI,INV140084,05/29/2024,- None -,540.00,.00,524390,41040051
120,RI,INV140095,05/29/2024,DCUNI07511,1052.48,.00,108003,572036578
120,RI,INV140100,05/29/2024,- None -,1142.17,.00,773527,755310566
120,RI,INV140102,05/29/2024,4503681954,389.50,.00,944645,426001060
120,RI,INV140109,05/29/2024,DCUNI07476,131.60,.00,108003,572036578
120,RI,INV140110,05/29/2024,4503682106,1323.05,.00,944645,426001060
120,RI,INV140116,05/29/2024,- None -,1581.30,.00,771562,755310567
120,RI,INV140118,05/29/2024,dcuni07489,79.37,.00,108003,572036578
120,RI,INV140121,05/29/2024,DCUNI07508,682.14,.00,108003,572036578
120,RI,INV140128,05/29/2024,1040,225.50,.00,499301,295001040
120,RI,INV140132,05/29/2024,B07550001571,810.86,.00,820116,755000830
120,RI,INV140134,05/29/2024,SARA,2109.69,.00,826244,755000410
120,RI,INV140141,05/29/2024,B04610049414,1283.49,.00,862385,461022033
120,RI,INV140148,05/29/2024,063364,121.75,.00,694009,694000009
120,RI,INV140150,05/29/2024,063211,201.75,.00,694009,694000009
120,RI,INV140154,05/29/2024,63461,189.80,.00,781001,
120,RI,INV140155,05/29/2024,1370,862.66,.00,499301,295001370
120,RI,INV140161,05/29/2024,063454,2200.53,.00,694009,694000009
120,RI,INV140181,05/29/2024,ORIOL06573,660.09,.00,572757,572061757
120,RI,INV140199,05/29/2024,56941229,1065.22,.00,432017,432053001
120,RI,INV140201,05/29/2024,56942256,132.32,.00,432017,432053001
120,RI,INV140205,05/29/2024,B08010052599,1799.14,.00,192752,801310733
120,RI,INV140214,05/29/2024,B07400017886,920.24,.00,574323,740000073
120,RI,INV140227,05/29/2024,ORIOL06584,151.58,.00,572757,572061757
120,RI,INV140228,05/29/2024,ORIOL06617,569.50,.00,572757,572061757
120,RI,INV140230,05/29/2024,DIETARY,1840.27,.00,473055,
120,RI,INV140238,05/29/2024,EUGENIA,445.97,.00,979400,041040047
120,RI,INV140242,05/29/2024,ORIOL06609,79.07,.00,572757,572061757
120,RI,INV140245,05/29/2024,- None -,466.54,.00,461130,461021030
120,RI,INV140246,05/29/2024,B04610049139,115.74,.00,407300,461407300
120,RI,INV140252,05/29/2024,56864675,224.10,.00,702126,434005246
120,RI,INV140255,05/29/2024,3360620,5.76,.00,515700,527023439
120,RI,INV140276,05/29/2024,0040,182.11,.00,499301,295000040
120,RI,INV140300,05/29/2024,3453758,1685.02,.00,515700,527023439
120,RI,INV140313,05/29/2024,B04610049422,851.52,.00,545313,461545313
120,RI,INV140333,05/29/2024,MRM05282401,1275.84,.00,192285,631000559
120,RI,INV140336,05/29/2024,B04610049411,428.46,.00,739888,461739888
120,RI,INV140347,05/29/2024,HOUSEKEEPING,1.78,.00,583410,
120,RI,INV140354,05/29/2024,56902164,87.45,.00,432109,432153009
120,RI,INV140359,05/29/2024,56816124,317.84,.00,391275,438020348
120,RI,INV140361,05/29/2024,B07400017878,664.84,.00,593482,740000045
120,RI,INV140362,05/29/2024,3451780,253.98,.00,562931,
120,RI,INV140366,05/29/2024,Laundry,602.84,.00,562931,
120,RI,INV140371,05/29/2024,10060415,2663.61,.00,814703,740000003
120,RI,INV140372,05/29/2024,56940283,824.82,.00,432016,432053006
120,RI,INV140373,05/29/2024,56943303,2459.47,.00,432109,432153009
120,RI,INV140374,05/29/2024,Laundry/Debbie,226.42,.00,766201,
120,RI,INV140376,05/29/2024,Housekeeping,244.65,.00,562931,
120,RI,INV140385,05/29/2024,3454477,659.99,.00,583410,
120,RI,INV140390,05/29/2024,B04610049408,382.45,.00,914103,461021117
120,RI,INV140410,05/29/2024,3453924,783.46,.00,661995,
120,RI,INV140420,05/29/2024,3453931,194.68,.00,661995,
120,RI,INV140421,05/29/2024,B04610049419,31.38,.00,406315,461406315
120,RI,INV140428,05/29/2024,B07400017894,1038.85,.00,495151,740000247
120,RI,INV140429,05/29/2024,3453804,669.29,.00,562931,
120,RI,INV140431,05/29/2024,3453968,49.77,.00,661995,
120,RI,INV140433,05/29/2024,Housekeeping/Debbie,949.28,.00,766201,
120,RI,INV140435,05/29/2024,B04610049405,1092.96,.00,406315,461406315
120,RI,INV140437,05/29/2024,3453886,320.94,.00,562931,
120,RI,INV140438,05/29/2024,3454546,49.76,.00,583410,
120,RI,INV140441,05/29/2024,ORIOL06636,732.30,.00,572757,572061757
120,RI,INV140455,05/29/2024,00023470,176.00,.00,920013,92000013
120,RI,INV140464,05/29/2024,HOUSEKEEPING,3104.35,.00,583410,
120,RI,INV140466,05/29/2024,56953576,3491.87,.00,449056,449031056
120,RI,INV140477,05/29/2024,56956986,1764.70,.00,449460,449001460
120,RI,INV140492,05/29/2024,Laundry,1683.56,.00,583410,
120,RI,INV140493,05/29/2024,DIETARY,602.36,.00,426644,
120,RI,INV140499,05/29/2024,Mike,1831.26,.00,164369,755000382
120,RI,INV140500,05/29/2024,56956289,1288.84,.00,792426,440026831
120,RI,INV140501,05/29/2024,- None -,831.95,.00,164371,755001991
120,RI,INV140504,05/29/2024,PAPER 525,1413.91,.00,406001,406000001
120,RI,INV140518,05/29/2024,90720,3187.50,.00,920009,92000009
120,RI,INV140519,05/29/2024,91564,28975.00,.00,920009,92000009
120,RI,INV140527,05/29/2024,WILL CALL,126.25,.00,326180,461326180
120,RI,INV140533,05/29/2024,Rich Callahan,2455.01,.00,461012,461149525
120,RI,INV140535,05/29/2024,WILL CALL,169.27,.00,326180,461326180
120,RI,INV140538,05/29/2024,BRIAN BERNER,.00,.00,920019,92000008
120,RI,INV140562,05/29/2024,12630,6912.00,.00,920012,
120,RI,INV140565,05/29/2024,16630,25575.00,.00,920011,
120,RI,INV140569,05/29/2024,JOSH DEVORE,5750.00,.00,920012,
120,RI,INV140574,05/29/2024,B04610049356,351.79,.00,461822,461132822
120,RI,INV140575,05/29/2024,PAPER15,19.40,.00,406001,406000001
120,RI,INV140578,05/29/2024,B04610049331,127.87,.00,461459,461145459
120,RI,INV140589,05/29/2024,B04610049363,211.53,.00,391067,461137129
120,RI,INV140594,05/29/2024,B04610049358,912.67,.00,545315,461145615
120,RI,INV140601,05/29/2024,B04610049362,86.29,.00,403860,461148083
120,RI,INV140604,05/29/2024,B04610049083,125.35,.00,461545,461146545
120,RI,INV140609,05/29/2024,B04610049401,169.23,.00,545311,461545311
120,RI,INV140615,05/29/2024,BAILEY TROTT,105.19,.00,391067,461137129
120,RI,INV140642,05/29/2024,5oz cups,96.98,.00,461502,
120,RI,INV140643,05/29/2024,B04610049290,619.49,.00,461459,461145459
120,RI,INV140658,05/29/2024,05222024,344.74,.00,801002,801311061
120,RI,INV140659,05/29/2024,B04610048900,61.50,.00,367089,461367089
120,RI,INV140663,05/29/2024,56663732,155.18,.00,449302,449352802
120,RI,INV140664,05/29/2024,B04610049332,844.00,.00,461407,461022407
120,RI,INV140665,05/29/2024,56661369,372.44,.00,449302,449352802
120,RI,INV140666,05/29/2024,2001091536,6115.77,.00,120109,459000001
120,RI,INV140672,05/29/2024,2001034484,370.08,.00,120109,459000001
120,RI,INV140679,05/29/2024,DN2127000006083,1286.35,.00,187250,187123250
120,RI,INV140683,05/29/2024,56923430,200.34,.00,449618,449054618
120,RI,INV140689,05/29/2024,DJMES,586.82,.00,136417,631005749
120,RI,INV140694,05/29/2024,B04610049445,1027.82,.00,366744,461023113
120,RI,INV140702,05/29/2024,42973,2225.40,.00,765520,92000001
120,RI,INV140705,05/29/2024,B07550001578,313.50,.00,716030,
120,RI,INV140706,05/29/2024,2001106052,4807.25,.00,120109,459000001
120,RI,INV140711,05/29/2024,MES,668.87,.00,136417,631005750
120,RI,INV140713,05/29/2024,Brittany,1313.12,.00,755005,755310572
120,RI,INV140714,05/29/2024,B04610049456,1400.95,.00,461073,461024073
120,RI,INV140715,05/29/2024,JHS,1118.45,.00,136417,631005751
120,RI,INV140718,05/29/2024,B04610049464,536.39,.00,461834,461023834
120,RI,INV140722,05/29/2024,B04610049438,384.44,.00,461002,461023112
120,RI,INV140723,05/29/2024,WHS,1354.21,.00,136417,631005743
120,RI,INV140725,05/29/2024,B04610049437,1087.59,.00,461002,461023112
120,RI,INV140726,05/29/2024,B04610049454,2318.88,.00,461407,461022407
120,RI,INV140728,05/29/2024,B04610049457,1488.83,.00,367089,461367089
120,RI,INV148842,05/29/2024,91805,31783.44,.00,920009,92000009
120,RI,INV148950,05/29/2024,17025,28537.50,.00,920011,
120,RI,INV149527,05/29/2024,12621,12580.00,.00,920012,
120,RI,INV149564,05/29/2024,BRIAN BERNER,13209.00,.00,920019,92000008
120,RI,INV150026,05/29/2024,41601223,1674.75,.00,920019,92000008
120,RI,INV154256,05/29/2024,12623,17423.30,.00,920012,
120,RI,INV157003,05/29/2024,42101127,71902.65,.00,920011,
120,RI,INV158733,05/29/2024,42101127,52884.25,.00,920011,
120,RI,INV140732,05/30/2024,B07400017827,47.17,.00,548063,740000248
120,RI,INV140734,05/30/2024,1010,102.00,.00,499301,295001010
120,RI,INV140738,05/30/2024,B07400017643,17.54,.00,252631,
120,RI,INV140741,05/30/2024,56862997,32.49,.00,571301,438014937
120,RI,INV140743,05/30/2024,1040,102.00,.00,499301,295001040
120,RI,INV140745,05/30/2024,B07400017697,38.11,.00,241400,740300167
120,RI,INV140751,05/30/2024,3451473,283.98,.00,527001,527000241
120,RI,INV140755,05/30/2024,B04610049425,2596.87,.00,580102,461580102
120,RI,INV140756,05/30/2024,B07400017893,290.01,.00,548063,740000248
120,RI,INV140758,05/30/2024,3448466,69.27,.00,736673,755000860
120,RI,INV140759,05/30/2024,B04610049418,4038.07,.00,262753,461019901
120,RI,INV140763,05/30/2024,B04610049434,1071.00,.00,62139,461019462
120,RI,INV140773,05/30/2024,DCUNI07533,46.62,.00,108003,572036578
120,RI,INV140775,05/30/2024,DCUNI07531,185.39,.00,108003,572036578
120,RI,INV140795,05/30/2024,NATS0000027978,566.59,.00,278496,572020003
120,RI,INV140799,05/30/2024,3122,1624.61,.00,499301,295003122
120,RI,INV140802,05/30/2024,56972994,1052.20,.00,434001,434011464
120,RI,INV140806,05/30/2024,B07400017906,1266.81,.00,252631,
120,RI,INV140808,05/30/2024,dcuni07528,1446.21,.00,108003,572036578
120,RI,INV140809,05/30/2024,B07400017911,644.84,.00,367128,740000055
120,RI,INV140811,05/30/2024,1030,467.18,.00,499301,295001030
120,RI,INV140818,05/30/2024,063454,105.50,.00,694009,694000009
120,RI,INV140820,05/30/2024,DCUNI07521,2292.56,.00,108003,572036578
120,RI,INV140822,05/30/2024,063364,31.65,.00,694009,694000009
120,RI,INV140824,05/30/2024,NATS0000028003,512.29,.00,278496,572020003
120,RI,INV140843,05/30/2024,56976504,1003.83,.00,552041,438020262
120,RI,INV140850,05/30/2024,56974949,1301.92,.00,552041,438020262
120,RI,INV140858,05/30/2024,B07550001552,14.41,.00,737280,755000784
120,RI,INV140864,05/30/2024,063116,72.15,.00,694015,694000015
120,RI,INV140873,05/30/2024,063421,73.85,.00,694005,694000005
120,RI,INV140895,05/30/2024,181989,952.14,.00,737285,
120,RI,INV140897,05/30/2024,56972573,965.09,.00,469246,438045949
120,RI,INV140902,05/30/2024,05/29/24,502.20,.00,737215,
120,RI,INV140904,05/30/2024,56857838,171.77,.00,441860,440061860
120,RI,INV140905,05/30/2024,B02950002669,1713.01,.00,499301,295000057
120,RI,INV140907,05/30/2024,B07550001580,3166.32,.00,234100,755000786
120,RI,INV140912,05/30/2024,56959450,61.90,.00,441860,440061860
120,RI,INV140916,05/30/2024,B04610049436,1719.23,.00,632334,461022315
120,RI,INV140917,05/30/2024,063469,639.78,.00,694014,694000014
120,RI,INV140922,05/30/2024,063453,397.50,.00,694005,694000005
120,RI,INV140925,05/30/2024,56547292,151.58,.00,432010,432053012
120,RI,INV140927,05/30/2024,56590461,75.79,.00,432010,432053012
120,RI,INV140930,05/30/2024,56473139,75.79,.00,432010,432053012
120,RI,INV140938,05/30/2024,56976109,2707.81,.00,432010,432053012
120,RI,INV140939,05/30/2024,B04610049429,8469.11,.00,407300,461407300
120,RI,INV140953,05/30/2024,56617931,192.33,.00,438593,438122593
120,RI,INV140956,05/30/2024,3454477,10.72,.00,583410,
120,RI,INV140959,05/30/2024,B04610049316,73.55,.00,461803,461019803
120,RI,INV140976,05/30/2024,56975432,2688.86,.00,438352,438120352
120,RI,INV140985,05/30/2024,B04060002803,722.85,.00,406005,406000009
120,RI,INV140986,05/30/2024,B07400017910,1549.78,.00,84001,740100217
120,RI,INV140993,05/30/2024,B07400017908,327.40,.00,789511,740000126
120,RI,INV141022,05/30/2024,Laundry,2197.33,.00,583410,
120,RI,INV141026,05/30/2024,B07400017901,468.98,.00,835200,740000152
120,RI,INV141028,05/30/2024,B04610049466,1562.06,.00,461803,461019803
120,RI,INV141044,05/30/2024,B04610049435,1874.15,.00,461971,461019971
120,RI,INV141056,05/30/2024,ST MICHAELS,1131.60,.00,755612,
120,RI,INV141058,05/30/2024,56975140,1674.78,.00,432011,432052999
120,RI,INV141059,05/30/2024,B04610049458,3000.10,.00,461801,461021801
120,RI,INV141078,05/30/2024,56974234,399.69,.00,449625,449000625
120,RI,INV141084,05/30/2024,10060415,115.24,.00,814703,740000003
120,RI,INV141092,05/30/2024,B08010051831,23.87,.00,164064,801300001
120,RI,INV141107,05/30/2024,B07550001568,112.10,.00,994262,755310573
120,RI,INV141125,05/30/2024,DIETARY,172.23,.00,766201,527062185
120,RI,INV141126,05/30/2024,B07550001581,745.36,.00,994262,755310573
120,RI,INV141130,05/30/2024,TONYA,429.09,.00,755824,755310824
120,RI,INV141131,05/30/2024,Rebecca,2904.19,.00,572645,572052645
120,RI,INV141136,05/30/2024,56952413,349.30,.00,432012,432053004
120,RI,INV141147,05/30/2024,56952467,1479.72,.00,432012,432053004
120,RI,INV141148,05/30/2024,ORIOL06609,16.93,.00,572757,572061757
120,RI,INV141155,05/30/2024,B04610049462,3060.73,.00,461014,461021014
120,RI,INV141156,05/30/2024,56971558,396.12,.00,432013,432053005
120,RI,INV141159,05/30/2024,56975086,680.30,.00,432013,432053005
120,RI,INV141163,05/30/2024,ORIOL06670,137.15,.00,572757,572061757
120,RI,INV141169,05/30/2024,56973294,2078.15,.00,449282,449049282
120,RI,INV141170,05/30/2024,56973391,3274.76,.00,449282,449049282
120,RI,INV141171,05/30/2024,56972789,4293.33,.00,449282,449049282
120,RI,INV141173,05/30/2024,3456708,414.52,.00,692753,
120,RI,INV141174,05/30/2024,56972653,5830.49,.00,449282,449049282
120,RI,INV141178,05/30/2024,B04610049433,1367.14,.00,461204,461021204
120,RI,INV141192,05/30/2024,B08010052708,8155.54,.00,282718,801005004
120,RI,INV141194,05/30/2024,B07400017909,948.70,.00,212200,740000094
120,RI,INV141223,05/30/2024,B04610049452,1455.14,.00,461157,461021157
120,RI,INV141230,05/30/2024,3453758,24.35,.00,515700,527023439
120,RI,INV141231,05/30/2024,3455775,352.28,.00,546300,
120,RI,INV141241,05/30/2024,Steven,2566.34,.00,755003,755310570
120,RI,INV141243,05/30/2024,Central Supply,254.27,.00,515700,527023439
120,RI,INV141258,05/30/2024,kristina,817.84,.00,755004,755310571
120,RI,INV141262,05/30/2024,David,797.78,.00,755002,755310569
120,RI,INV141265,05/30/2024,Steven,1546.83,.00,755003,755310570
120,RI,INV141275,05/30/2024,- None -,3566.60,.00,765520,
120,RI,INV141277,05/30/2024,WINCO,275.40,.00,278496,572020003
120,RI,INV141284,05/30/2024,will call,42.59,.00,326180,461326180
120,RI,INV141285,05/30/2024,will call,164.63,.00,309253,461309253
120,RI,INV141294,05/30/2024,JASON LOVE,.00,.00,583410,
120,RI,INV141303,05/30/2024,B04610049468,817.39,.00,406314,461406314
120,RI,INV141315,05/30/2024,WILL CALL,133.03,.00,326180,461326180
120,RI,INV141316,05/30/2024,12614,5572.31,.00,920012,
120,RI,INV141331,05/30/2024,BRIAN BERNER,.00,.00,920019,92000008
120,RI,INV141334,05/30/2024,B07400017545,46.92,.00,470820,
120,RI,INV141357,05/30/2024,B04610049382,144.31,.00,652927,461152927
120,RI,INV141361,05/30/2024,DIETARY,10.72,.00,473055,
120,RI,INV141364,05/30/2024,WEEKEND ORDER,358.28,.00,406001,406000001
120,RI,INV141367,05/30/2024,B04610049410,120.88,.00,309620,461133813
120,RI,INV141379,05/30/2024,DIETARY,10.72,.00,473055,
120,RI,INV141382,05/30/2024,56952467,66.89,.00,432012,432053004
120,RI,INV141405,05/30/2024,- None -,75.71,.00,766203,
120,RI,INV141411,05/30/2024,12621,12580.00,.00,920012,
120,RI,INV141412,05/30/2024,BRIAN BERNER,415.04,.00,920019,92000008
120,RI,INV141413,05/30/2024,5702,9092.40,.00,920016,92000005
120,RI,INV141414,05/30/2024,12987,8583.28,.00,920012,
120,RI,INV141415,05/30/2024,16992,7786.12,.00,920011,
120,RI,INV141420,05/30/2024,OPS,.00,.00,136417,
120,RI,INV141421,05/30/2024,B07400017354,3.39,.00,740255,740300255
120,RI,INV141429,05/30/2024,B04610049483,583.70,.00,272617,461023666
120,RI,INV141430,05/30/2024,B04610049448,1177.69,.00,366744,461023113
120,RI,INV141431,05/30/2024,NES,710.13,.00,136417,631005747
120,RI,INV141442,05/30/2024,B04610049508,1617.93,.00,367090,461022901
120,RI,INV141444,05/30/2024,56991598,3822.78,.00,449302,449352802
120,RI,INV141446,05/30/2024,B04610049514,1446.62,.00,772617,461772617
120,RI,INV141448,05/30/2024,56991117,6952.24,.00,449010,449010000
120,RI,INV141462,05/30/2024,B04610049522,401.00,.00,367089,461367089
120,RI,INV141463,05/30/2024,B04610049525,1424.90,.00,765955,461023327
120,RI,INV141465,05/30/2024,3458802,859.60,.00,646053,323393940
120,RI,INV141469,05/30/2024,TMS,847.04,.00,136417,631005746
120,RI,INV141471,05/30/2024,B04610049516,802.33,.00,272618,461023602
120,RI,INV141474,05/30/2024,B07400017913,905.63,.00,740255,740300255
120,RI,INV141478,05/30/2024,B04610049529,447.23,.00,461004,461023502
120,RI,INV141481,05/30/2024,BMS,698.74,.00,136417,631005752
120,RI,INV141483,05/30/2024,SES,1218.70,.00,136417,631005745
120,RI,INV141485,05/30/2024,JBMS,692.34,.00,136417,631005754
120,RI,INV141487,05/30/2024,B04610048238,26.05,.00,632333,461017112
120,RI,INV141488,05/30/2024,B04610049536,95.78,.00,461003,461019064
120,RI,INV141489,05/30/2024,BRAD,1887.99,.00,202000,755310524
120,RI,INV141490,05/30/2024,B04610049350,14.72,.00,101889,461008096
120,RI,INV141491,05/30/2024,B04610049308,1.74,.00,716507,461019406
120,RI,INV141492,05/30/2024,B04610049477,1071.40,.00,716507,461019406
120,RI,INV141493,05/30/2024,B04610049484,1807.83,.00,509001,461509001
120,RI,INV141494,05/30/2024,B04610049498,997.39,.00,461030,461019030
120,RI,INV141495,05/30/2024,B04610049528,1884.50,.00,955264,461018052
120,RI,INV141496,05/30/2024,B04610049501,2142.49,.00,632333,461017112
120,RI,INV141497,05/30/2024,B04610049506,1275.27,.00,461691,461008691
120,RI,INV141498,05/30/2024,B04610049511,476.92,.00,461702,461018702
120,RI,INV141499,05/30/2024,B04610049474,1310.68,.00,62140,461018974
120,RI,INV141500,05/30/2024,B04610049492,1145.88,.00,461003,461019064
120,RI,INV141501,05/30/2024,B04610049520,1674.15,.00,461053,461008053
120,RI,INV141503,05/30/2024,B04610049518,2592.32,.00,101889,461008096
120,RI,INV141506,05/30/2024,DCUNI07176,156.03,.00,108003,572036578
120,RI,INV141507,05/30/2024,NATS0000027954,723.99,.00,278496,572020003
120,RI,INV141508,05/30/2024,NATS0000027952,760.67,.00,278496,572020003
120,RI,INV141511,05/30/2024,NATS0000028032,659.04,.00,278496,572020003
120,RI,INV141514,05/30/2024,NATS0000027987,50.94,.00,278496,572020003
120,RI,INV141516,05/30/2024,NATS0000027991,2966.33,.00,278496,572020003
120,RI,INV141517,05/30/2024,NATS0000027926,2961.70,.00,278496,572020003
120,RI,INV141525,05/30/2024,05/30/24,610.80,.00,766222,
120,RI,INV141526,05/30/2024,B04610049556,549.14,.00,407303,461022153
120,RI,INV141529,05/30/2024,NATS0000028102,13306.33,.00,278496,572020003
120,RI,INV141539,05/30/2024,063514,2106.53,.00,694007,694000007
120,RI,INV141544,05/30/2024,56992784,574.32,.00,469246,438045949
120,RI,INV141545,05/30/2024,B04610049555,851.27,.00,407303,461022153
120,RI,INV141552,05/30/2024,NATS0000028081,315.01,.00,278496,572020003
120,RI,INV141558,05/30/2024,dcuni07556,450.37,.00,108003,572036578
120,RI,INV141559,05/30/2024,B04610049507,1150.53,.00,328321,461328321
120,RI,INV141560,05/30/2024,- None -,626.30,.00,656100,755310438
120,RI,INV148816,05/30/2024,92151,23633.18,.00,920009,92000009
120,RI,INV148824,05/30/2024,92148,4608.68,.00,920009,92000009
120,RI,INV149520,05/30/2024,TURBOCHEF/PARTSTOWN,328.24,.00,887489,740000268
120,RI,INV150097,05/30/2024,92148,8946.27,.00,920009,92000009
120,RI,INV156936,05/30/2024,92151,8468.88,.00,920009,92000009
120,RI,INV141566,05/31/2024,B04610049298,9.42,.00,862385,461022033
120,RI,INV141567,05/31/2024,B04610049246,9.42,.00,461171,461020171
120,RI,INV141568,05/31/2024,B04610049181,104.37,.00,461011,461017011
120,RI,INV141569,05/31/2024,B08010052432,502.48,.00,918024,801001150
120,RI,INV141575,05/31/2024,56902833,64.98,.00,571300,438022241
120,RI,INV141578,05/31/2024,B04610049486,1060.16,.00,461171,461020171
120,RI,INV141580,05/31/2024,B08010052693,1769.05,.00,918024,801001150
120,RI,INV141582,05/31/2024,3122,378.49,.00,499301,295003122
120,RI,INV141583,05/31/2024,1040,209.36,.00,499301,295001040
120,RI,INV141585,05/31/2024,B04610049510,80.80,.00,633233,461020165
120,RI,INV141594,05/31/2024,B04610049535,153.24,.00,765956,461020155
120,RI,INV141595,05/31/2024,B04610049500,707.98,.00,862385,461022033
120,RI,INV141596,05/31/2024,B04610049542,5658.48,.00,461701,461017601
120,RI,INV141598,05/31/2024,6416,459.10,.00,499301,295006416
120,RI,INV141599,05/31/2024,84AJP00030088,773.50,.00,524390,41040051
120,RI,INV141601,05/31/2024,B04610049517,2181.10,.00,765956,461020155
120,RI,INV141602,05/31/2024,B04610049547,4465.28,.00,461011,461017011
120,RI,INV141604,05/31/2024,1030,137.78,.00,499301,295001030
120,RI,INV141606,05/31/2024,56994327,1205.94,.00,441860,440061860
120,RI,INV141608,05/31/2024,56992977,1349.00,.00,736438,438032093
120,RI,INV141609,05/31/2024,B04610049539,2024.16,.00,812120,461812120
120,RI,INV141611,05/31/2024,B04610049509,1415.98,.00,633233,461020165
120,RI,INV141662,05/31/2024,B07400017915,833.87,.00,358401,740000137
120,RI,INV141671,05/31/2024,1370,503.32,.00,499301,295001370
120,RI,INV141679,05/31/2024,063515,2903.18,.00,694010,694000010
120,RI,INV141682,05/31/2024,Chef Glenn  Thank you,1887.51,.00,773527,755310566
120,RI,INV141688,05/31/2024,B07400017886,68.41,.00,574323,740000073
120,RI,INV141690,05/31/2024,eugenia,575.88,.00,979400,041040047
120,RI,INV141702,05/31/2024,3456768,169.34,.00,342646,527000028
120,RI,INV141716,05/31/2024,56992448,2102.45,.00,168564,438021022
120,RI,INV141728,05/31/2024,56991611,719.83,.00,432007,432053002
120,RI,INV141730,05/31/2024,B08010052599,369.95,.00,192752,801310733
120,RI,INV141737,05/31/2024,B04610049530,1852.95,.00,461130,461021030
120,RI,INV141739,05/31/2024,56998607,46.95,.00,432007,432053002
120,RI,INV141745,05/31/2024,B04610049351,42.79,.00,407301,461021042
120,RI,INV141755,05/31/2024,B02950002670,736.97,.00,499301,295003130
120,RI,INV141757,05/31/2024,B04610049537,2527.13,.00,407301,461021042
120,RI,INV141758,05/31/2024,B04610049545,3168.42,.00,326180,461326180
120,RI,INV141765,05/31/2024,3456426,288.04,.00,562931,
120,RI,INV141768,05/31/2024,B04610049205,12.65,.00,461601,461020601
120,RI,INV141783,05/31/2024,B04610049497,2171.09,.00,461601,461020601
120,RI,INV141785,05/31/2024,56992915,1068.88,.00,432019,432053000
120,RI,INV141789,05/31/2024,DIETARY,916.91,.00,426644,
120,RI,INV141792,05/31/2024,3458548,211.67,.00,562931,
120,RI,INV141799,05/31/2024,3458535,403.66,.00,562931,
120,RI,INV141803,05/31/2024,B04610049546,1350.82,.00,800857,461800857
120,RI,INV141808,05/31/2024,B04610049543,1592.92,.00,556807,461556807
120,RI,INV141809,05/31/2024,B04610049553,2693.81,.00,309254,461020852
120,RI,INV141817,05/31/2024,kristina,681.36,.00,755004,755310571
120,RI,INV141826,05/31/2024,3393044,29.15,.00,583410,
120,RI,INV141835,05/31/2024,B07400017894,46.40,.00,495151,740000247
120,RI,INV141837,05/31/2024,56989974,5226.52,.00,449441,449054441
120,RI,INV141838,05/31/2024,56993519,729.94,.00,432016,432053006
120,RI,INV141843,05/31/2024,B04610049491,184.93,.00,194660,461194660
120,RI,INV141845,05/31/2024,B04610049479,1481.53,.00,739888,461739888
120,RI,INV141849,05/31/2024,B04610049531,1861.44,.00,194660,461194660
120,RI,INV141851,05/31/2024,56997199,2243.98,.00,438346,438120346
120,RI,INV141852,05/31/2024,56989985,3540.08,.00,449441,449054441
120,RI,INV141854,05/31/2024,56989451,138.90,.00,391275,438020348
120,RI,INV141856,05/31/2024,56989899,10995.17,.00,449441,449054441
120,RI,INV141859,05/31/2024,B04610049515,1015.35,.00,406315,461406315
120,RI,INV141870,05/31/2024,B04610049533,2064.14,.00,262755,461021054
120,RI,INV141873,05/31/2024,56989949,1384.65,.00,449441,449054441
120,RI,INV141884,05/31/2024,BEL AIR,98.24,.00,194660,461194660
120,RI,INV141886,05/31/2024,CENTRAL SUPPLY,417.51,.00,583410,
120,RI,INV141907,05/31/2024,DAVID CURTIS,834.66,.00,755002,755310569
120,RI,INV141925,05/31/2024,B07400017880,1328.69,.00,644141,740000066
120,RI,INV141929,05/31/2024,B04610049532,2401.07,.00,914102,461021740
120,RI,INV141930,05/31/2024,B04610049496,2252.93,.00,461074,461021704
120,RI,INV141941,05/31/2024,toilet seat covers,46.33,.00,661995,
120,RI,INV141943,05/31/2024,Westminster,246.45,.00,914103,461021117
120,RI,INV141944,05/31/2024,B04610049494,1092.27,.00,914103,461021117
120,RI,INV141948,05/31/2024,Laundry,439.47,.00,661995,
120,RI,INV141950,05/31/2024,HOUSEKEEPING,314.10,.00,661995,
120,RI,INV141952,05/31/2024,56990021,569.14,.00,449440,449054440
120,RI,INV141954,05/31/2024,56990009,1286.94,.00,449440,449054440
120,RI,INV141960,05/31/2024,B04610049548,1122.14,.00,545313,461545313
120,RI,INV141962,05/31/2024,56990005,152.79,.00,449440,449054440
120,RI,INV141964,05/31/2024,B04610049487,1268.88,.00,309253,461309253
120,RI,INV141966,05/31/2024,56992378,10699.24,.00,702126,434005246
120,RI,INV141970,05/31/2024,B04610049313,77.96,.00,461874,461020874
120,RI,INV141977,05/31/2024,Event,159.30,.00,461874,461020874
120,RI,INV141979,05/31/2024,clarke,245.17,.00,164370,755001990
120,RI,INV141981,05/31/2024,B04610049534,1621.71,.00,461874,461020874
120,RI,INV141986,05/31/2024,WINE CUP,120.70,.00,572757,572061757
120,RI,INV141991,05/31/2024,ORIOL06707,1013.25,.00,572757,572061757
120,RI,INV141996,05/31/2024,56985550,1304.21,.00,432017,432053001
120,RI,INV141999,05/31/2024,56975076,2892.88,.00,432018,432053003
120,RI,INV142002,05/31/2024,56996414,38.43,.00,432017,432053001
120,RI,INV142003,05/31/2024,ORIOL06684,119.90,.00,572757,572061757
120,RI,INV142004,05/31/2024,12611,30254.21,.00,920012,
120,RI,INV142010,05/31/2024,16327,8017.92,.00,920011,
120,RI,INV142018,05/31/2024,56975076,53.84,.00,432018,432053003
120,RI,INV142026,05/31/2024,3750,267.16,.00,499301,295003750
120,RI,INV142044,05/31/2024,12621,8369.20,.00,920012,
120,RI,INV142045,05/31/2024,CHARLOTTE,8994.00,.00,920012,
120,RI,INV142053,05/31/2024,- None -,285.93,.00,407301,461021042
120,RI,INV142054,05/31/2024,3122,213.30,.00,499301,295003122
120,RI,INV142057,05/31/2024,56857838,343.55,.00,441860,440061860
120,RI,INV142058,05/31/2024,same day,331.84,.00,461834,461023834
120,RI,INV142060,05/31/2024,- None -,53.31,.00,461601,461020601
120,RI,INV142074,05/31/2024,HOUSEKEEPING,166.31,.00,820100,
120,RI,INV142089,05/31/2024,B04610049584,246.59,.00,914103,461021117
120,RI,INV142103,05/31/2024,547236,780.97,.00,920009,92000009
120,RI,INV142106,05/31/2024,547236,16569.04,.00,920009,92000009
120,RI,INV142107,05/31/2024,547236,1201.30,.00,920009,92000009
120,RI,INV142109,05/31/2024,COURIER,65.35,.00,958980,461022192
120,RI,INV142110,05/31/2024,547236,19990.00,.00,920009,92000009
120,RI,INV142111,05/31/2024,547254,4866.85,.00,920009,92000009
120,RI,INV142116,05/31/2024,will call,127.77,.00,407301,461021042
120,RI,INV142128,05/31/2024,B04610049485,536.74,.00,545316,461137214
120,RI,INV142129,05/31/2024,dietary  thank you,46.57,.00,766201,527062185
120,RI,INV142150,05/31/2024,WILL CALL,140.76,.00,407301,461021042
120,RI,INV142153,05/31/2024,CHARLOTTE PETERSON,.00,.00,920012,
120,RI,INV142155,05/31/2024,56985426,2279.00,.00,441862,440161860
120,RI,INV142165,05/31/2024,56991598,2303.91,.00,449302,449352802
120,RI,INV142167,05/31/2024,56661369,228.64,.00,449302,449352802
120,RI,INV142170,05/31/2024,56369438,296.48,.00,449618,449054618
120,RI,INV142176,05/31/2024,56991082,5545.95,.00,449523,449000523
120,RI,INV142178,05/31/2024,DIETARY,903.22,.00,324797,755000365
120,RI,INV142179,05/31/2024,DIETARY,1841.40,.00,324797,755000365
120,RI,INV142183,05/31/2024,B04610049573,1132.77,.00,272618,461023602
120,RI,INV142189,05/31/2024,B04610049570,1019.02,.00,367090,461022901
120,RI,INV142193,05/31/2024,B04610049569,1371.09,.00,461834,461023834
120,RI,INV142206,05/31/2024,57008264,3852.88,.00,449010,449010000
120,RI,INV142208,05/31/2024,B04610049572,1628.06,.00,461004,461023502
120,RI,INV142210,05/31/2024,B04610049574,820.70,.00,272617,461023666
120,RI,INV142211,05/31/2024,B04610049586,1181.78,.00,772617,461772617
120,RI,INV142212,05/31/2024,B04610049583,1841.03,.00,765955,461023327
120,RI,INV142219,05/31/2024,- None -,38.79,.00,766222,
120,RI,INV142223,05/31/2024,57013838,860.57,.00,469246,438045949
120,RI,INV142232,05/31/2024,05/30/24,645.85,.00,244841,755000781
120,RI,INV142233,05/31/2024,392010,854.40,.00,392010,
120,RI,INV142234,05/31/2024,- None -,649.06,.00,771562,755310567
120,RI,INV142239,05/31/2024,B07550001587,969.20,.00,761100,755000785
120,RI,INV142240,05/31/2024,CHEC,1421.05,.00,397700,755000775
120,RI,INV142241,05/31/2024,3460310,316.89,.00,593725,755310005
120,RI,INV142242,05/31/2024,HOUSEKEEPING,3045.99,.00,801650,801910650
120,RI,INV142275,06/01/2024,B04610049186,67.52,.00,461014,461021014
120,RI,INV142276,06/01/2024,05122024,28.37,.00,180501,572044317
120,RI,INV142278,06/01/2024,3450136,77.17,.00,342646,527000028
120,RI,INV142291,06/01/2024,56959450,440.43,.00,441860,440061860
120,RI,INV142310,06/01/2024,B04610049316,55.89,.00,461803,461019803
120,RI,INV142316,06/01/2024,- None -,36.77,.00,342646,527000028
120,RI,INV142317,06/01/2024,57000924,7147.32,.00,449224,449000224
120,RI,INV142318,06/01/2024,B04610049560,903.36,.00,461204,461021204
120,RI,INV142319,06/01/2024,FILL IN,1185.89,.00,406315,461406315
120,RI,INV142324,06/01/2024,B04610049585,1421.68,.00,632334,461022315
120,RI,INV142327,06/01/2024,B02950002672,463.64,.00,499301,295003135
120,RI,INV142330,06/01/2024,B04610049579,459.36,.00,461803,461019803
120,RI,INV142331,06/01/2024,57012857,1198.01,.00,441860,440061860
120,RI,INV142333,06/01/2024,B02950002671,1845.28,.00,499301,295003131
120,RI,INV142335,06/01/2024,Rebecca,273.64,.00,572645,572052645
120,RI,INV142339,06/01/2024,57011573,766.81,.00,440996,440057996
120,RI,INV142340,06/01/2024,B04610049590,1181.31,.00,461801,461021801
120,RI,INV142343,06/01/2024,57014552,127.42,.00,432012,432053004
120,RI,INV142345,06/01/2024,B04610049592,1759.04,.00,461014,461021014
120,RI,INV142348,06/01/2024,- None -,1990.06,.00,773527,755310566
120,RI,INV142352,06/01/2024,57016420,727.72,.00,440995,440157995
120,RI,INV142362,06/01/2024,B04610049594,710.96,.00,862385,461022033
120,RI,INV142374,06/01/2024,57014737,1647.92,.00,432012,432053004
120,RI,INV142376,06/01/2024,56950412,215.35,.00,440996,440057996
120,RI,INV142385,06/01/2024,56961318,215.35,.00,440996,440057996
120,RI,INV142390,06/01/2024,B07400017926,793.66,.00,574323,740000073
120,RI,INV142397,06/01/2024,0015,270.02,.00,499301,295000015
120,RI,INV142399,06/01/2024,B04610049581,1007.03,.00,406315,461406315
120,RI,INV142425,06/01/2024,56570630,505.00,.00,552041,438020262
120,RI,INV142438,06/01/2024,56974949,168.00,.00,552041,438020262
120,RI,INV142443,06/01/2024,505020000167016,1909.27,.00,430016,043000016
120,RI,INV142453,06/01/2024,57008666,2154.86,.00,552041,438020262
120,RI,INV142454,06/01/2024,56996023,652.90,.00,432015,432053010
120,RI,INV142457,06/01/2024,B04610049565,2159.83,.00,262753,461019901
120,RI,INV142465,06/01/2024,B07400017922,334.15,.00,835200,740000152
120,RI,INV142466,06/01/2024,B02950002673,3442.81,.00,499301,295003023
120,RI,INV142467,06/01/2024,57009114,2720.70,.00,792426,440026831
120,RI,INV142472,06/01/2024,B04610049571,1230.90,.00,461971,461019971
120,RI,INV142474,06/01/2024,B04610049566,21.50,.00,262753,461019901
120,RI,INV142478,06/01/2024,B02950002675,1481.29,.00,499301,295000044
120,RI,INV142487,06/01/2024,3510,1654.41,.00,499301,295003510
120,RI,INV142490,06/01/2024,57013235,31.75,.00,432010,432053012
120,RI,INV142493,06/01/2024,CENTRAL SUPPLY,5422.50,.00,473055,
120,RI,INV142497,06/01/2024,Laundry,3132.37,.00,473055,
120,RI,INV142498,06/01/2024,HOUSEKEEPING,6078.26,.00,473055,
120,RI,INV142501,06/01/2024,B04610049561,4143.38,.00,407300,461407300
120,RI,INV142502,06/01/2024,57012756,1780.07,.00,432010,432053012
120,RI,INV142504,06/01/2024,57007431,6049.90,.00,449936,449051936
120,RI,INV142505,06/01/2024,EASTON ELEMENTARY,1625.07,.00,755612,
120,RI,INV142506,06/01/2024,56992830,9225.83,.00,449956,449000956
120,RI,INV142507,06/01/2024,57014575,1176.67,.00,432011,432052999
120,RI,INV142513,06/01/2024,3405729,97.41,.00,562931,
120,RI,INV142514,06/01/2024,3278285,48.71,.00,562931,
120,RI,INV142516,06/01/2024,3297991,97.41,.00,562931,
120,RI,INV142518,06/01/2024,B07550001556,21.20,.00,755006,755310633
120,RI,INV142524,06/01/2024,3414009,194.83,.00,562931,
120,RI,INV142525,06/01/2024,3291146,97.41,.00,562931,
120,RI,INV142529,06/01/2024,3453924,83.37,.00,661995,
120,RI,INV142551,06/01/2024,3451780,97.41,.00,562931,
120,RI,INV142557,06/01/2024,3460361,555.79,.00,820100,
120,RI,INV142558,06/01/2024,Laundry/Debbie,1606.49,.00,766201,
120,RI,INV142562,06/01/2024,10063002,1051.04,.00,814703,740000003
120,RI,INV142563,06/01/2024,Nursing/Debbie,273.80,.00,766201,
120,RI,INV142565,06/01/2024,3461831,474.45,.00,546300,
120,RI,INV142570,06/01/2024,Dietary,1230.31,.00,820100,
120,RI,INV142579,06/01/2024,3460356,1483.25,.00,820100,
120,RI,INV142580,06/01/2024,HOUSEKEEPING,1688.51,.00,426644,
120,RI,INV142587,06/01/2024,57011061,3775.58,.00,391275,438020348
120,RI,INV142589,06/01/2024,HOUSEKEEPING,215.01,.00,661995,
120,RI,INV142593,06/01/2024,3461391,1033.33,.00,562931,
120,RI,INV142594,06/01/2024,3461453,2450.84,.00,546300,
120,RI,INV142595,06/01/2024,B04610049589,1453.62,.00,545313,461545313
120,RI,INV142601,06/01/2024,Archbishop,901.45,.00,766535,631004342
120,RI,INV142604,06/01/2024,B04610049593,1587.74,.00,461157,461021157
120,RI,INV142608,06/01/2024,David,501.83,.00,755002,
120,RI,INV142611,06/01/2024,DIETARY,3834.99,.00,766201,527062185
120,RI,INV142613,06/01/2024,CENTRAL SUPPLY/NURSING,1720.44,.00,546300,
120,RI,INV142614,06/01/2024,Housekeeping/Debbie,3529.87,.00,766201,
120,RI,INV142615,06/01/2024,CENTRAL SUPPLY,1410.60,.00,661995,
120,RI,INV142618,06/01/2024,B07550001588,278.88,.00,994262,755310573
120,RI,INV142624,06/01/2024,ORIOL06679,644.75,.00,572757,572061757
120,RI,INV142625,06/01/2024,56543355,503.46,.00,449460,
120,RI,INV142626,06/01/2024,ORIOL06678,190.54,.00,572757,572061757
120,RI,INV142628,06/01/2024,ORIOL06396,149.20,.00,572757,572061757
120,RI,INV142637,06/01/2024,B02950002677,269.03,.00,499301,295006480
120,RI,INV142639,06/01/2024,HOUSEKEEPING,4738.38,.00,692753,
120,RI,INV142640,06/01/2024,Laundry,2272.41,.00,692753,
120,RI,INV142641,06/01/2024,620203,179.29,.00,620203,40000163
120,RI,INV142643,06/01/2024,- None -,654.40,.00,620203,40000163
120,RI,INV142646,06/01/2024,57010265,4711.97,.00,449460,
120,RI,INV142647,06/01/2024,3461882,3502.41,.00,692753,
120,RI,INV142649,06/01/2024,Kitchen,254.46,.00,620203,40000163
120,RI,INV142650,06/01/2024,57018735,899.18,.00,432017,432053001
120,RI,INV142651,06/02/2024,Catering Supplies,1782.48,.00,461145,461144154
120,RI,INV142652,06/02/2024,Crathco Beverage Dispenser,2101.67,.00,545311,461545311
120,RI,INV142655,06/03/2024,16727,54059.61,.00,920011,
120,RI,INV142661,06/03/2024,will call,126.21,.00,326180,461326180
120,RI,INV142662,06/03/2024,will call,136.98,.00,407301,461021042
120,RI,INV142668,06/03/2024,will call,64.79,.00,326180,461326180
120,RI,INV142674,06/03/2024,060224,884.52,.00,406001,406000001
120,RI,INV142695,06/03/2024,CAMBRO,43.34,.00,185389,461148167
120,RI,INV142704,06/03/2024,BRIAN BERNER,13608.92,.00,920019,92000008
120,RI,INV142719,06/03/2024,B04610049554,1980.72,.00,461313,461148313
120,RI,INV142733,06/03/2024,B04610049599,34.72,.00,461122,461129122
120,RI,INV142760,06/03/2024,57009689,31825.69,.00,449460,
120,RI,INV142769,06/03/2024,B04610049247,25.50,.00,461053,461008053
120,RI,INV142770,06/03/2024,42998,533.25,.00,765520,92000001
120,RI,INV142771,06/03/2024,B04610049329,85.18,.00,406314,461406314
120,RI,INV142773,06/03/2024,TMS,269.95,.00,136417,
120,RI,INV142775,06/03/2024,CBBES,343.13,.00,136417,631005753
120,RI,INV142776,06/03/2024,MWES,578.62,.00,136417,631005737
120,RI,INV142777,06/03/2024,LLES,447.10,.00,136417,631005739
120,RI,INV142779,06/03/2024,JRES,546.92,.00,136417,631005741
120,RI,INV142780,06/03/2024,B04610049637,1670.62,.00,366744,461023113
120,RI,INV142781,06/03/2024,B04610049620,1714.75,.00,62140,461018974
120,RI,INV142782,06/03/2024,B04610049625,2338.71,.00,716507,461019406
120,RI,INV142786,06/03/2024,57027888,3699.74,.00,449402,
120,RI,INV142789,06/03/2024,B04610049689,70.38,.00,367089,461367089
120,RI,INV142790,06/03/2024,B04610049650,569.60,.00,461834,461023834
120,RI,INV142791,06/03/2024,B04610049657,123.82,.00,716507,461019406
120,RI,INV142792,06/03/2024,B04610049670,1952.90,.00,461002,461023112
120,RI,INV142793,06/03/2024,B04610049665,2481.61,.00,461053,461008053
120,RI,INV142795,06/03/2024,57042065,788.82,.00,449026,449000026
120,RI,INV142800,06/03/2024,B04610049672,1223.14,.00,461030,461019030
120,RI,INV142801,06/03/2024,B04610049690,1826.85,.00,101889,461008096
120,RI,INV142802,06/03/2024,B04610049660,2653.41,.00,367089,461367089
120,RI,INV142805,06/03/2024,- None -,2530.85,.00,722611,
120,RI,INV142806,06/03/2024,B04610049708,50.00,.00,461053,461008053
120,RI,INV142812,06/03/2024,B04610049700,912.11,.00,461073,461024073
120,RI,INV142819,06/03/2024,B04610049680,1103.22,.00,461003,461019064
120,RI,INV142823,06/03/2024,B04610049655,3304.80,.00,406314,461406314
120,RI,INV142824,06/03/2024,B04610049686,2266.27,.00,461407,461022407
120,RI,INV142830,06/03/2024,57036538,14142.85,.00,449302,449352802
120,RI,INV149563,06/03/2024,FRANKFORD,46.25,.00,461145,461144154
120,RI,INV151391,06/03/2024,NES,9.20,.00,136417,631005747
120,RI,INV142833,06/04/2024,B07400017906,441.24,.00,252631,
120,RI,INV142834,06/04/2024,56877461,1464.72,.00,434001,434011464
120,RI,INV142835,06/04/2024,B07400017832,105.89,.00,252631,
120,RI,INV142836,06/04/2024,57036804,2093.14,.00,449919,449044919
120,RI,INV142837,06/04/2024,55897392,59.30,.00,449481,449022481
120,RI,INV142838,06/04/2024,56202150,177.89,.00,449481,449022481
120,RI,INV142843,06/04/2024,57036447,1829.32,.00,449921,449044921
120,RI,INV142844,06/04/2024,B04610049636,1621.29,.00,62139,461019462
120,RI,INV142845,06/04/2024,B04610049658,1861.86,.00,461702,461018702
120,RI,INV142846,06/04/2024,B04610049610,2601.77,.00,509001,461509001
120,RI,INV142847,06/04/2024,B04610049687,2327.10,.00,955264,461018052
120,RI,INV142849,06/04/2024,57038563,2024.34,.00,449481,449022481
120,RI,INV142853,06/04/2024,B07400017932,1207.20,.00,241400,740300167
120,RI,INV142854,06/04/2024,B04610049703,118.18,.00,62139,461019462
120,RI,INV142855,06/04/2024,B07400017939,1655.12,.00,252631,
120,RI,INV142859,06/04/2024,B04610049542,59.24,.00,461701,461017601
120,RI,INV142860,06/04/2024,57012540,1426.18,.00,449903,449044903
120,RI,INV142861,06/04/2024,B04610049629,1538.62,.00,461701,461017601
120,RI,INV142862,06/04/2024,BRAD,3398.30,.00,202000,755310524
120,RI,INV142863,06/04/2024,B04610049653,3024.64,.00,632333,461017112
120,RI,INV142864,06/04/2024,B04610049705,4552.00,.00,812120,461812120
120,RI,INV142867,06/04/2024,B04610048981,76.03,.00,580102,461580102
120,RI,INV142870,06/04/2024,56961174,299.08,.00,440996,440057996
120,RI,INV142871,06/04/2024,B04610049138,42.02,.00,580102,461580102
120,RI,INV142874,06/04/2024,B04610049425,271.81,.00,580102,461580102
120,RI,INV142876,06/04/2024,56994327,343.55,.00,441860,440061860
120,RI,INV142878,06/04/2024,B04610049375,323.43,.00,580102,461580102
120,RI,INV142882,06/04/2024,57024911,2388.82,.00,441862,440161860
120,RI,INV142884,06/04/2024,B04610049486,25.50,.00,461171,461020171
120,RI,INV142892,06/04/2024,B04610049623,1293.59,.00,461171,461020171
120,RI,INV142893,06/04/2024,56959450,171.77,.00,441860,440061860
120,RI,INV142900,06/04/2024,06/02/24,201.12,.00,766222,
120,RI,INV142906,06/04/2024,B04610049631,5126.60,.00,580102,461580102
120,RI,INV142909,06/04/2024,3466551,189.01,.00,593725,755310005
120,RI,INV142914,06/04/2024,B04610049696,1526.09,.00,633233,461020165
120,RI,INV142917,06/04/2024,57035686,1151.01,.00,33047,438044177
120,RI,INV142920,06/04/2024,820120,2205.76,.00,820120,755000836
120,RI,INV142933,06/04/2024,B02950002681,3114.49,.00,499301,295000057
120,RI,INV142937,06/04/2024,293280,351.75,.00,293280,755000846
120,RI,INV142947,06/04/2024,B07550001593,857.84,.00,737280,755000784
120,RI,INV142970,06/04/2024,56791086,715.68,.00,552041,438020262
120,RI,INV142974,06/04/2024,62970,159.50,.00,781001,
120,RI,INV142977,06/04/2024,57024801,46.87,.00,552041,438020262
120,RI,INV142979,06/04/2024,NATS0000028119,126.82,.00,278496,572020003
120,RI,INV142980,06/04/2024,505020000167099,5441.38,.00,430016,043000016
120,RI,INV142982,06/04/2024,B02950002674,1282.16,.00,499301,295003020
120,RI,INV142984,06/04/2024,B04610049607,5163.91,.00,407303,461022153
120,RI,INV142985,06/04/2024,B04610049681,516.43,.00,407303,461022153
120,RI,INV142988,06/04/2024,B02950002673,38.79,.00,499301,295003023
120,RI,INV142990,06/04/2024,063557,1622.11,.00,694009,694000009
120,RI,INV142993,06/04/2024,B04610049634,1777.35,.00,461601,461020601
120,RI,INV143002,06/04/2024,B04610049684,1446.71,.00,958980,461022192
120,RI,INV143004,06/04/2024,063549,2432.05,.00,694005,694000005
120,RI,INV143008,06/04/2024,dcuni07575,1411.31,.00,108003,572036578
120,RI,INV143013,06/04/2024,DCUNI07571,6120.64,.00,108003,572036578
120,RI,INV143015,06/04/2024,B04610049699,1911.51,.00,328321,461328321
120,RI,INV143020,06/04/2024,3466298,1908.70,.00,736673,755000860
120,RI,INV143023,06/04/2024,DCUNI07579,5.57,.00,108003,572036578
120,RI,INV143029,06/04/2024,B02950002684,4912.49,.00,499301,
120,RI,INV143032,06/04/2024,NATS0000028170,72.01,.00,278496,572020003
120,RI,INV143035,06/04/2024,- None -,495.89,.00,524390,41040051
120,RI,INV143038,06/04/2024,B02950002682,1770.19,.00,499301,295003095
120,RI,INV143039,06/04/2024,57040422,742.99,.00,432019,432053000
120,RI,INV143044,06/04/2024,B04610049654,2956.07,.00,800857,461800857
120,RI,INV143045,06/04/2024,DCUNI07590,2686.36,.00,108003,572036578
120,RI,INV143047,06/04/2024,1330,484.34,.00,499301,295001330
120,RI,INV143049,06/04/2024,57041121,667.94,.00,552041,438020262
120,RI,INV143065,06/04/2024,1040,384.19,.00,499301,295001040
120,RI,INV143068,06/04/2024,B04610049701,1536.82,.00,326180,461326180
120,RI,INV143070,06/04/2024,57038272,827.70,.00,571300,438022241
120,RI,INV143076,06/04/2024,3122,471.52,.00,499301,295003122
120,RI,INV143084,06/04/2024,B04610049692,2312.88,.00,407301,461021042
120,RI,INV143087,06/04/2024,Chef Nik,1398.19,.00,421513,40000208
120,RI,INV143117,06/04/2024,3461453,72.66,.00,546300,
120,RI,INV143121,06/04/2024,05312024,1507.20,.00,187850,801310069
120,RI,INV143123,06/04/2024,B04610049642,2693.14,.00,461074,461021704
120,RI,INV143129,06/04/2024,CENTRAL SUPPLY,362.01,.00,546300,
120,RI,INV143130,06/04/2024,David,1085.43,.00,755002,755310569
120,RI,INV143135,06/04/2024,B04610049647,2774.44,.00,914102,461021740
120,RI,INV143142,06/04/2024,B04610049651,1288.41,.00,262755,461021054
120,RI,INV143155,06/04/2024,Mason,1084.55,.00,755003,755310570
120,RI,INV143162,06/04/2024,B04610049679,1222.27,.00,262755,461021054
120,RI,INV143170,06/04/2024,B04610049429,81.39,.00,407300,461407300
120,RI,INV143171,06/04/2024,B04610049561,45.95,.00,407300,461407300
120,RI,INV143182,06/04/2024,B04610049693,5743.37,.00,407300,461407300
120,RI,INV143188,06/04/2024,57039512,351.37,.00,391275,438020348
120,RI,INV143189,06/04/2024,B07400017935,66.73,.00,358401,740000137
120,RI,INV143191,06/04/2024,DIETARY,578.17,.00,562931,
120,RI,INV143193,06/04/2024,B07400017933,358.58,.00,358401,740000137
120,RI,INV143200,06/04/2024,B07550001588,280.83,.00,994262,755310573
120,RI,INV143204,06/04/2024,57044276,766.40,.00,438593,438122593
120,RI,INV143205,06/04/2024,B02950002680,1804.05,.00,499301,295003395
120,RI,INV143219,06/04/2024,57040614,22133.71,.00,449162,449049162
120,RI,INV143228,06/04/2024,B04610049685,406.31,.00,194660,461194660
120,RI,INV143238,06/04/2024,B04610049695,1266.33,.00,556807,461556807
120,RI,INV143240,06/04/2024,B04610049697,2116.65,.00,194660,461194660
120,RI,INV143268,06/04/2024,B02950002679,3234.47,.00,499301,295003130
120,RI,INV143273,06/04/2024,B04610049673,1843.65,.00,309254,461020852
120,RI,INV143287,06/04/2024,43156,107.96,.00,765520,92000001
120,RI,INV143303,06/04/2024,B04610049678,745.31,.00,545313,461545313
120,RI,INV143306,06/04/2024,B04610049652,991.20,.00,309253,461309253
120,RI,INV143309,06/04/2024,Laundry,125.14,.00,661995,
120,RI,INV143310,06/04/2024,3411817,57.24,.00,661995,
120,RI,INV143313,06/04/2024,10063002,26.45,.00,814703,740000003
120,RI,INV143337,06/04/2024,B04610049664,1537.91,.00,914103,461021117
120,RI,INV143338,06/04/2024,HOUSEKEEPING,168.38,.00,661995,
120,RI,INV143345,06/04/2024,B04610049707,2080.44,.00,461130,461021030
120,RI,INV143348,06/04/2024,Laundry,874.64,.00,661995,
120,RI,INV143357,06/04/2024,3466079,5122.98,.00,245176,
120,RI,INV143360,06/04/2024,- None -,651.71,.00,164371,
120,RI,INV143362,06/04/2024,B04610049694,1374.23,.00,461874,461020874
120,RI,INV143365,06/04/2024,- None -,1168.34,.00,164369,755000382
120,RI,INV143366,06/04/2024,57029234,92.64,.00,432017,432053001
120,RI,INV143369,06/04/2024,Housekeeping,199.39,.00,620203,40000163
120,RI,INV143370,06/04/2024,ORIOL06735,99.90,.00,572757,572061757
120,RI,INV143374,06/04/2024,ORIOL06679,533.70,.00,572757,572061757
120,RI,INV143378,06/04/2024,MD DOG TRAY,625.20,.00,572757,572061757
120,RI,INV143380,06/04/2024,57035801,6136.20,.00,432018,432053003
120,RI,INV143412,06/04/2024,57040614,1153.81,.00,449162,449049162
120,RI,INV143418,06/04/2024,courier,248.46,.00,461601,461020601
120,RI,INV143428,06/04/2024,56992448,887.50,.00,168564,438021022
120,RI,INV143444,06/04/2024,B04610049331,13.07,.00,461459,461145459
120,RI,INV143445,06/04/2024,B04610048340,8.35,.00,461459,461145459
120,RI,INV143451,06/04/2024,B04610049604,578.68,.00,545311,461545311
120,RI,INV143454,06/04/2024,BAILEY TROTT,56.03,.00,391067,461137129
120,RI,INV143458,06/04/2024,B04610049602,522.36,.00,545315,461145615
120,RI,INV143461,06/04/2024,B04610049617,152.16,.00,94889,461133331
120,RI,INV143466,06/04/2024,B04610049608,241.97,.00,461807,461152807
120,RI,INV143471,06/04/2024,B04610049615,1306.56,.00,403860,461148083
120,RI,INV143472,06/04/2024,B04610049603,221.16,.00,461012,461149525
120,RI,INV143481,06/04/2024,FedEx,73.88,.00,461407,461022407
120,RI,INV143490,06/04/2024,B04610049601,49.18,.00,765955,461023327
120,RI,INV143507,06/04/2024,B04610049713,1062.10,.00,272617,461023666
120,RI,INV143512,06/04/2024,B04610049719,781.93,.00,765955,461023327
120,RI,INV143526,06/04/2024,B04610049727,329.72,.00,772617,461772617
120,RI,INV143547,06/04/2024,B04610049723,1277.54,.00,367090,461022901
120,RI,INV143552,06/04/2024,B04610049726,725.67,.00,461004,461023502
120,RI,INV143555,06/04/2024,B04610049747,402.40,.00,367089,461367089
120,RI,INV143558,06/04/2024,DN2127000006097,585.87,.00,187250,187123250
120,RI,INV143560,06/04/2024,3470230,748.60,.00,646053,323393940
120,RI,INV143571,06/04/2024,B04610049729,1074.02,.00,272618,461023602
120,RI,INV143580,06/04/2024,B04610049733,15.38,.00,772617,461772617
120,RI,INV143585,06/04/2024,B04610049746,594.66,.00,461834,461023834
120,RI,INV143591,06/04/2024,B04610048896,60.26,.00,407303,461022153
120,RI,INV143593,06/04/2024,B04610049749,158.10,.00,862385,461022033
120,RI,INV143597,06/04/2024,B04610049250,100.44,.00,407303,461022153
120,RI,INV143602,06/04/2024,- None -,1771.26,.00,773527,755310566
120,RI,INV143605,06/04/2024,B04610049684,85.18,.00,958980,461022192
120,RI,INV143608,06/04/2024,B04610049743,4898.18,.00,407303,461022153
120,RI,INV143613,06/04/2024,- None -,576.41,.00,656100,755310438
120,RI,INV143615,06/04/2024,B04610049722,660.57,.00,862385,461022033
120,RI,INV143617,06/04/2024,SARA,1123.41,.00,826244,755000410
120,RI,INV143618,06/04/2024,HOUSEKEEPING,56.20,.00,801650,801910650
120,RI,INV143621,06/04/2024,06/02/24,405.45,.00,294350,755000844
120,RI,INV143622,06/04/2024,Brittany,896.30,.00,755005,755310572
120,RI,INV143627,06/04/2024,HOUSEKEEPING,423.25,.00,801650,801910650
120,RI,INV143630,06/04/2024,3454477,29.15,.00,583410,
120,RI,INV143631,06/04/2024,3465459,191.12,.00,562931,
120,RI,INV143632,06/04/2024,MAINTENANCE  RAY WOOLSON,384.89,.00,583410,527001388
120,RI,INV143637,06/04/2024,Laundry,375.43,.00,583410,
120,RI,INV143642,06/04/2024,laundry,431.81,.00,562931,
120,RI,INV143646,06/04/2024,3470936,894.21,.00,583410,
120,RI,INV143647,06/04/2024,B07550001596,357.79,.00,994262,755310573
120,RI,INV143650,06/04/2024,CENTRAL SUPPLY,460.08,.00,583410,
120,RI,INV145784,06/04/2024,CHARLOTTE PETERSON,.00,.00,920012,
120,RI,INV148793,06/04/2024,10132,6756.62,.00,953724,092000002
120,RI,INV148821,06/04/2024,43156,1341.16,.00,765520,92000001
120,RI,INV148839,06/04/2024,43156,8304.03,.00,765520,92000001
120,RI,INV143677,06/05/2024,57056773,878.52,.00,736438,438032093


120,RI,INV143680,06/05/2024,063568,1406.25,.00,694016,694000016
120,RI,INV143689,06/05/2024,B04610049728,744.20,.00,739888,461739888
120,RI,INV143690,06/05/2024,1010,549.16,.00,499301,295001010
120,RI,INV143700,06/05/2024,063549,58.40,.00,694005,694000005
120,RI,INV143710,06/05/2024,063570,2701.26,.00,694005,694000005
120,RI,INV143711,06/05/2024,063567,616.56,.00,694014,694000014
120,RI,INV143712,06/05/2024,57055116,310.83,.00,33047,438044177
120,RI,INV143718,06/05/2024,57060144,38.11,.00,441860,440061860
120,RI,INV143720,06/05/2024,B04610049738,117.90,.00,461171,461020171
120,RI,INV143721,06/05/2024,57051372,220.40,.00,440996,440057996
120,RI,INV143729,06/05/2024,B04610049735,557.80,.00,461171,461020171
120,RI,INV143739,06/05/2024,56992378,204.90,.00,702126,434005246
120,RI,INV143743,06/05/2024,57058613,14991.72,.00,702126,434005246
120,RI,INV143747,06/05/2024,B08010051987,94.46,.00,801294,801311294
120,RI,INV143749,06/05/2024,06/02/24,824.85,.00,737215,
120,RI,INV143752,06/05/2024,57058513,2203.30,.00,168564,438021022
120,RI,INV143755,06/05/2024,B02950002683,1756.01,.00,499301,295007042
120,RI,INV143757,06/05/2024,B08010052957,322.56,.00,801294,801311294
120,RI,INV143762,06/05/2024,B02950002686,574.75,.00,499301,295003036
120,RI,INV143764,06/05/2024,B02950002685,1739.38,.00,499301,295003035
120,RI,INV143769,06/05/2024,B07400017440,165.39,.00,350086,740100001
120,RI,INV143775,06/05/2024,ORIOL06544,399.60,.00,572757,572061757
120,RI,INV143778,06/05/2024,HOUSEKEEPING,.11,.00,546300,
120,RI,INV143781,06/05/2024,ACTIVITY,45.53,.00,546300,
120,RI,INV143784,06/05/2024,3470292,2367.17,.00,546300,
120,RI,INV143795,06/05/2024,57059969,3281.54,.00,432109,432153009
120,RI,INV143799,06/05/2024,B02950002688,367.56,.00,499301,295006480
120,RI,INV143801,06/05/2024,oriol06813,1409.27,.00,572757,572061757
120,RI,INV143803,06/05/2024,3470422,203.38,.00,546300,
120,RI,INV143809,06/05/2024,ORIOL06800,949.41,.00,572757,572061757
120,RI,INV143811,06/05/2024,B07400017945,258.24,.00,350086,740100001
120,RI,INV143815,06/05/2024,Central Supply,288.36,.00,515700,527023439
120,RI,INV143817,06/05/2024,3470746,770.84,.00,515700,527023439
120,RI,INV143823,06/05/2024,B04610049651,42.59,.00,262755,461021054
120,RI,INV143824,06/05/2024,B07400017909,71.76,.00,212200,740000094
120,RI,INV143825,06/05/2024,56548247,240.73,.00,449162,449049162
120,RI,INV143826,06/05/2024,56744499,30.92,.00,449162,449049162
120,RI,INV143828,06/05/2024,B04610049707,45.15,.00,461130,461021030
120,RI,INV143832,06/05/2024,57023566,356.74,.00,432007,432053002
120,RI,INV143838,06/05/2024,57023551,1275.82,.00,432007,432053002
120,RI,INV143840,06/05/2024,B07400017947,1400.59,.00,212200,740000094
120,RI,INV143846,06/05/2024,57040614,6742.82,.00,449162,449049162
120,RI,INV143851,06/05/2024,B04610049725,1735.51,.00,406315,461406315
120,RI,INV143864,06/05/2024,CENTRAL SUPPLY,.16,.00,661995,
120,RI,INV143865,06/05/2024,Laundry,375.43,.00,473055,
120,RI,INV143866,06/05/2024,DIETARY,111.10,.00,661995,
120,RI,INV143867,06/05/2024,3453968 DIETARY,45.53,.00,661995,
120,RI,INV143868,06/05/2024,CENTRAL SUPPLY,.11,.00,661995,
120,RI,INV143874,06/05/2024,57028018,399.54,.00,432017,432053001
120,RI,INV143875,06/05/2024,B07400017946,916.75,.00,593482,740000045
120,RI,INV143879,06/05/2024,NATS0000028286,1894.75,.00,278496,572020003
120,RI,INV143880,06/05/2024,Laundry,1012.28,.00,661995,
120,RI,INV143881,06/05/2024,HOUSEKEEPING,1593.37,.00,661995,
120,RI,INV143886,06/05/2024,B02950002689,524.37,.00,499301,295001904
120,RI,INV143887,06/05/2024,NATS0000028281,576.72,.00,278496,572020003
120,RI,INV143890,06/05/2024,CENTRAL SUPPLY,290.39,.00,661995,
120,RI,INV143891,06/05/2024,3470247 DIETARY,367.34,.00,661995,
120,RI,INV143893,06/05/2024,HOUSEKEEPING,53.49,.00,661995,
120,RI,INV143900,06/05/2024,CENTRAL SUPPLY,24.42,.00,661995,
120,RI,INV143904,06/05/2024,57056979,57.70,.00,552041,438020262
120,RI,INV143907,06/05/2024,NATS0000028314,113.89,.00,278496,572020003
120,RI,INV143909,06/05/2024,57055934,24.70,.00,552041,438020262
120,RI,INV143911,06/05/2024,- None -,187.23,.00,509001,461509001
120,RI,INV143917,06/05/2024,- None -,187.23,.00,461030,461019030
120,RI,INV143937,06/05/2024,B04610049701,42.59,.00,326180,461326180
120,RI,INV143948,06/05/2024,B04610049697,42.59,.00,194660,461194660
120,RI,INV143951,06/05/2024,3460356,116.87,.00,820100,
120,RI,INV143955,06/05/2024,6424,591.76,.00,667130,631000560
120,RI,INV143962,06/05/2024,B04610049695,42.59,.00,556807,461556807
120,RI,INV143964,06/05/2024,3470694,578.01,.00,820100,
120,RI,INV143970,06/05/2024,DIETARY,672.50,.00,426644,
120,RI,INV143976,06/05/2024,B04610049694,45.15,.00,461874,461020874
120,RI,INV143979,06/05/2024,57059587,1021.20,.00,449056,449031056
120,RI,INV143984,06/05/2024,mike,1162.96,.00,164369,755000382
120,RI,INV143989,06/05/2024,hickory knoll rd  janitoral,3155.84,.00,245176,
120,RI,INV143993,06/05/2024,OPENING SMALLWARES,38634.16,.00,461334,461133334
120,RI,INV143999,06/05/2024,547294,1391.22,.00,920009,92000009
120,RI,INV144000,06/05/2024,92303,6215.02,.00,920009,92000009
120,RI,INV144017,06/05/2024,10132,3196.28,.00,953724,92000002
120,RI,INV144021,06/05/2024,16378,1606.72,.00,920011,
120,RI,INV144050,06/05/2024,Fryer Baskets,137.36,.00,194661,
120,RI,INV144084,06/05/2024,57068753,6881.81,.00,449302,449352802
120,RI,INV144091,06/05/2024,Blair,881.73,.00,395170,401024502
120,RI,INV144092,06/05/2024,B04610049772,528.93,.00,461502,461024502
120,RI,INV144096,06/05/2024,DN2127000006097,457.28,.00,187250,187123250
120,RI,INV144101,06/05/2024,DN2127000006083,190.54,.00,187250,187123250
120,RI,INV144117,06/05/2024,B04610049781,1802.43,.00,461073,461024073
120,RI,INV144121,06/05/2024,B04610049791,394.01,.00,461834,461023834
120,RI,INV144122,06/05/2024,B04610049775,1838.83,.00,406314,461406314
120,RI,INV144124,06/05/2024,B04610049776,1194.41,.00,461002,461023112
120,RI,INV144133,06/05/2024,B04610048482,265.74,.00,461407,461022407
120,RI,INV144136,06/05/2024,B04610049793,367.14,.00,367089,461367089
120,RI,INV144145,06/05/2024,B07550001598,1039.57,.00,234100,755000786
120,RI,INV144154,06/05/2024,57078120,781.50,.00,469246,438045949
120,RI,INV144160,06/05/2024,B04610049763,5195.34,.00,580102,461580102
120,RI,INV144161,06/05/2024,B04610049764,751.73,.00,62139,461019462
120,RI,INV144164,06/05/2024,B04060002816,421.21,.00,406005,406000009
120,RI,INV144169,06/05/2024,063557,103.54,.00,694009,694000009
120,RI,INV144170,06/05/2024,B02950002618,82.63,.00,499301,295000057
120,RI,INV144172,06/05/2024,063617,281.25,.00,694012,694000012
120,RI,INV144173,06/05/2024,B02950002691,1255.37,.00,499301,295000057
120,RI,INV144174,06/05/2024,063609,819.37,.00,694009,694000009
120,RI,INV144175,06/05/2024,B04610049797,1589.16,.00,407303,461022153
120,RI,INV144180,06/05/2024,B04610049753,1356.73,.00,632334,461022315
120,RI,INV144184,06/05/2024,57072510,775.11,.00,440996,440057996
120,RI,INV144187,06/05/2024,corrugated trash box,505.77,.00,407303,461022153
120,RI,INV144188,06/05/2024,063603,56.00,.00,694008,694000008
120,RI,INV144189,06/05/2024,063616,694.50,.00,694011,694000011
120,RI,INV144190,06/05/2024,063635,413.01,.00,694005,694000005
120,RI,INV144195,06/05/2024,- None -,192.97,.00,633233,461020165
120,RI,INV144212,06/05/2024,1731,225.65,.00,499301,295001731
120,RI,INV144242,06/05/2024,56992448,887.50,.00,168564,438021022
120,RI,INV144245,06/05/2024,820120,754.30,.00,820120,755000836
120,RI,INV144261,06/05/2024,00311352564,2420.12,.00,707655,707001655
120,RI,INV148909,06/05/2024,B05540000478,5276.65,.00,5540155,554000155
120,RI,INV144262,06/06/2024,57038963,293.15,.00,331000,438022221
120,RI,INV144268,06/06/2024,1020,497.25,.00,499301,295001020
120,RI,INV144274,06/06/2024,3122,1575.88,.00,499301,295003122
120,RI,INV144293,06/06/2024,B04610049754,4718.51,.00,262753,461019901
120,RI,INV144296,06/06/2024,6424,800.20,.00,755869,755310869
120,RI,INV144297,06/06/2024,B04610049565,3.95,.00,262753,461019901
120,RI,INV144306,06/06/2024,57076736,817.52,.00,432013,432053005
120,RI,INV144308,06/06/2024,B07550001597,542.84,.00,755872,
120,RI,INV144361,06/06/2024,B07550001588,547.62,.00,994262,755310573
120,RI,INV144367,06/06/2024,B07550001596,547.62,.00,994262,755310573
120,RI,INV144372,06/06/2024,3395,1742.49,.00,499301,295003395
120,RI,INV144375,06/06/2024,56296031,142.34,.00,449621,449023621
120,RI,INV144377,06/06/2024,ORIOL06663,495.80,.00,572757,572061757
120,RI,INV144381,06/06/2024,ORIOL06727,396.64,.00,572757,572061757
120,RI,INV144383,06/06/2024,ORIOL06636,198.32,.00,572757,572061757
120,RI,INV144388,06/06/2024,57026852,2011.89,.00,449621,449023621
120,RI,INV144389,06/06/2024,B07400017943,1065.97,.00,789511,740000126
120,RI,INV144392,06/06/2024,ORIOL06818,816.65,.00,572757,572061757
120,RI,INV144393,06/06/2024,B07400017959,1183.29,.00,789511,740000126
120,RI,INV144397,06/06/2024,1640,573.00,.00,499301,295001640
120,RI,INV144398,06/06/2024,oriol06806,1423.75,.00,572757,572061757
120,RI,INV144399,06/06/2024,oriol.6851,3128.06,.00,572757,572061757
120,RI,INV144401,06/06/2024,57076650,2631.01,.00,552041,438020262
120,RI,INV144414,06/06/2024,oriol06844,1069.43,.00,572757,572061757
120,RI,INV144416,06/06/2024,NATS0000028478,86.50,.00,278496,572020003
120,RI,INV144418,06/06/2024,NATS0000028388,2584.06,.00,278496,572020003
120,RI,INV144419,06/06/2024,NATS0000028408,153.52,.00,278496,572020003
120,RI,INV144421,06/06/2024,B04610049792,2382.80,.00,461803,461019803
120,RI,INV144425,06/06/2024,56992593,799.11,.00,449673,449048673
120,RI,INV144428,06/06/2024,56992830,2106.64,.00,449956,449000956
120,RI,INV144431,06/06/2024,57076865,2240.48,.00,432011,432052999
120,RI,INV144433,06/06/2024,B04610049796,2906.35,.00,461801,461021801
120,RI,INV144434,06/06/2024,Laundry,250.29,.00,692753,
120,RI,INV144445,06/06/2024,rebecca,678.26,.00,572645,572052645
120,RI,INV144446,06/06/2024,HOUSEKEEPING,108.97,.00,692753,
120,RI,INV144448,06/06/2024,57073996,3478.26,.00,432018,432053003
120,RI,INV144454,06/06/2024,3473019,532.97,.00,692753,
120,RI,INV144466,06/06/2024,B08010053062,6235.44,.00,282718,801005004
120,RI,INV144467,06/06/2024,57073167,400.74,.00,432007,432053002
120,RI,INV144472,06/06/2024,B04610049785,2407.46,.00,461204,461021204
120,RI,INV144484,06/06/2024,57061468,47.20,.00,432012,432053004
120,RI,INV144487,06/06/2024,B04610049759,2022.74,.00,461971,461019971
120,RI,INV144488,06/06/2024,57076238,259.20,.00,432012,432053004
120,RI,INV144499,06/06/2024,B04610049779,3703.63,.00,461014,461021014
120,RI,INV144501,06/06/2024,6/5/24,609.25,.00,724535,631000934
120,RI,INV144529,06/06/2024,57076750,4238.19,.00,449224,449000224
120,RI,INV144535,06/06/2024,57076680,2130.41,.00,432012,432053004
120,RI,INV144550,06/06/2024,57080406,604.63,.00,432016,432053006
120,RI,INV144579,06/06/2024,hickory knoll rd  janitoral,231.56,.00,245176,
120,RI,INV144584,06/06/2024,B04610049766,11417.05,.00,407300,461407300
120,RI,INV144587,06/06/2024,57076244,3461.10,.00,432010,432053012
120,RI,INV144588,06/06/2024,57076588,49.90,.00,432010,432053012
120,RI,INV144595,06/06/2024,3453758,9.03,.00,515700,527023439
120,RI,INV144596,06/06/2024,HOUSEKEEPING,868.66,.00,515700,527023439
120,RI,INV144606,06/06/2024,Mason,970.62,.00,755003,755310570
120,RI,INV144609,06/06/2024,Laundry,1607.49,.00,546300,
120,RI,INV144613,06/06/2024,kristina,1627.67,.00,755004,755310571
120,RI,INV144626,06/06/2024,B02950002690,925.53,.00,499301,295003750
120,RI,INV144633,06/06/2024,3469268,321.50,.00,342646,527000028
120,RI,INV144634,06/06/2024,B07400017960,620.66,.00,574323,740000073
120,RI,INV144643,06/06/2024,B04610049798,2589.76,.00,461157,461021157
120,RI,INV144654,06/06/2024,233803,494.88,.00,523600,631103945
120,RI,INV144676,06/06/2024,- None -,319.92,.00,461157,461021157
120,RI,INV144682,06/06/2024,12604,27102.97,.00,920012,
120,RI,INV144686,06/06/2024,PREMIER POLYSTEEL,10673.24,.00,545316,461137214
120,RI,INV144687,06/06/2024,PREMIER POLYSTEEL,7860.63,.00,309618,461133511
120,RI,INV144688,06/06/2024,CAMBRO,111.78,.00,185389,461148167
120,RI,INV144689,06/06/2024,91977,16006.84,.00,920009,92000009
120,RI,INV144695,06/06/2024,BRIAN BERNER,1065.32,.00,920019,92000008
120,RI,INV144709,06/06/2024,91807,6726.40,.00,920009,92000009
120,RI,INV144714,06/06/2024,TISHA,119.13,.00,940843,
120,RI,INV144722,06/06/2024,B04610049683,207.18,.00,94888,461137421
120,RI,INV144723,06/06/2024,B04610049740,70.16,.00,461909,461133909
120,RI,INV144725,06/06/2024,B04610049737,78.42,.00,461909,461133909
120,RI,INV144727,06/06/2024,B04610049666,83.32,.00,545316,461137214
120,RI,INV144729,06/06/2024,B04610049718,157.56,.00,405003,461105003
120,RI,INV144731,06/06/2024,B04610049762,145.73,.00,461147,461015147
120,RI,INV144735,06/06/2024,B04610049671,1100.20,.00,309621,461132246
120,RI,INV144736,06/06/2024,Adam  Overnight FedEx,197.81,.00,461623,461114623
120,RI,INV144741,06/06/2024,CRESTWAREATTN: COLE/REBECCA,77.64,.00,572645,572052645
120,RI,INV144743,06/06/2024,EVS,309.74,.00,323670,323394670
120,RI,INV144744,06/06/2024,56991598,226.97,.00,449302,449352802
120,RI,INV144745,06/06/2024,Lyndsay Costabile,418.06,.00,272618,461023602
120,RI,INV144751,06/06/2024,57068753,1531.91,.00,449302,449352802
120,RI,INV144755,06/06/2024,B04610049787,754.99,.00,272617,461023666
120,RI,INV144762,06/06/2024,B04610049842,401.00,.00,272618,461023602
120,RI,INV144764,06/06/2024,B04610049841,796.03,.00,272618,461023602
120,RI,INV144769,06/06/2024,B04610049826,1256.36,.00,367090,461022901
120,RI,INV144770,06/06/2024,B04610049868,729.63,.00,366744,461023113
120,RI,INV144773,06/06/2024,B04610049859,1931.40,.00,367089,461367089
120,RI,INV144776,06/06/2024,DIETARY  LESLIE LEE,1890.12,.00,885700,912779293
120,RI,INV144778,06/06/2024,B04610049877,877.84,.00,461834,461023834
120,RI,INV144779,06/06/2024,B04610049865,1384.37,.00,772617,461772617
120,RI,INV144784,06/06/2024,57097319,1375.90,.00,449010,449010000
120,RI,INV144804,06/06/2024,MWES,180.78,.00,136417,631005737
120,RI,INV144805,06/06/2024,B04610049853,1787.55,.00,765955,461023327
120,RI,INV144807,06/06/2024,B04610049858,782.51,.00,461004,461023502
120,RI,INV144808,06/06/2024,B04610049777,743.11,.00,62140,461018974
120,RI,INV144809,06/06/2024,B04610049818,1655.60,.00,461691,461008691
120,RI,INV144810,06/06/2024,B04610049804,1144.22,.00,716507,461019406
120,RI,INV144811,06/06/2024,B04610049813,1763.14,.00,461053,461008053
120,RI,INV144812,06/06/2024,B04610049878,2068.01,.00,101889,461008096
120,RI,INV144813,06/06/2024,B04610049861,1095.65,.00,461003,461019064
120,RI,INV144814,06/06/2024,B04610049830,1302.36,.00,461030,461019030
120,RI,INV144816,06/06/2024,B04610049339,4.19,.00,812120,461812120
120,RI,INV144817,06/06/2024,B04610049501,158.70,.00,632333,461017112
120,RI,INV144818,06/06/2024,B08010052693,158.28,.00,918024,801001150
120,RI,INV144820,06/06/2024,57012540,101.15,.00,449903,449044903
120,RI,INV144822,06/06/2024,B04610049836,3260.48,.00,632333,461017112
120,RI,INV144823,06/06/2024,B08010053127,1232.67,.00,918024,801001150
120,RI,INV144826,06/06/2024,NATS0000028335,1484.81,.00,278496,572020003
120,RI,INV144827,06/06/2024,57036447,325.89,.00,449921,449044921
120,RI,INV144828,06/06/2024,57038563,308.44,.00,449481,449022481
120,RI,INV144832,06/06/2024,57097476,29.89,.00,736438,438032093
120,RI,INV144833,06/06/2024,B04610049800,1398.40,.00,509001,461509001
120,RI,INV144837,06/06/2024,B04610049808,1216.26,.00,461702,461018702
120,RI,INV144841,06/06/2024,9969,1181.03,.00,953724,92000002
120,RI,INV144842,06/06/2024,NATS0000028556,1957.20,.00,278496,572020003
120,RI,INV144843,06/06/2024,NATS0000028553,75.79,.00,278496,572020003
120,RI,INV144844,06/06/2024,nats0000028513,37.90,.00,278496,572020003
120,RI,INV144846,06/06/2024,505020000167318,3203.69,.00,430016,043000016
120,RI,INV144848,06/06/2024,57095450,1294.90,.00,571300,438022241
120,RI,INV144849,06/06/2024,10132,1233.60,.00,953724,92000002
120,RI,INV144850,06/06/2024,B04610049873,2411.14,.00,461011,461017011
120,RI,INV144851,06/06/2024,NATS0000028789,1574.62,.00,278496,572020003
120,RI,INV144852,06/06/2024,B04610049883,2364.39,.00,812120,461812120
120,RI,INV144855,06/06/2024,9960,7862.50,.00,953724,92000002
120,RI,INV144858,06/06/2024,1030,981.75,.00,499301,295001030
120,RI,INV144859,06/06/2024,NATS0000028494,41.40,.00,278496,572020003
120,RI,INV144860,06/06/2024,57095522,1786.10,.00,736438,438032093
120,RI,INV144861,06/06/2024,NATS0000028362,1451.55,.00,278496,572020003
120,RI,INV144862,06/06/2024,NATS0000028368,237.27,.00,278496,572020003
120,RI,INV144869,06/06/2024,NATS0000028463,2882.78,.00,278496,572020003
120,RI,INV145793,06/06/2024,43183,1342.40,.00,765520,92000001
120,RI,INV147145,06/06/2024,3473749,575.45,.00,593725,755310005
120,RI,INV148845,06/06/2024,5808,8375.02,.00,920016,92000005
120,RI,INV148939,06/06/2024,TIMI PLASTIC,111.26,.00,461691,461008691
120,RI,INV149555,06/06/2024,WHIRLEY,17442.38,.00,331000,438022221
120,RI,INV151323,06/06/2024,547299,29053.54,.00,920009,92000009
120,RI,INV151325,06/06/2024,547299,728.65,.00,920009,92000009
120,RI,INV144876,06/07/2024,B04610049810,991.58,.00,461171,461020171
120,RI,INV144878,06/07/2024,HOUSEKEEPING,244.65,.00,801650,801910650
120,RI,INV144882,06/07/2024,57001796,133.83,.00,337039,438013698
120,RI,INV144885,06/07/2024,57100261,1160.88,.00,441860,440061860
120,RI,INV144887,06/07/2024,57008209,164.72,.00,337039,438013698
120,RI,INV144900,06/07/2024,Chef Nik,1023.24,.00,421513,40000208
120,RI,INV144902,06/07/2024,B04610049837,174.21,.00,765956,461020155
120,RI,INV144906,06/07/2024,B04610049824,2375.52,.00,765956,461020155
120,RI,INV144908,06/07/2024,B04610049857,3940.73,.00,633233,461020165
120,RI,INV144912,06/07/2024,820120,119.37,.00,820120,755000836
120,RI,INV144914,06/07/2024,820120,42.00,.00,820120,755000836
120,RI,INV144916,06/07/2024,B07550001606,329.05,.00,716030,
120,RI,INV144917,06/07/2024,HOUSEKEEPING,750.45,.00,801650,801910650
120,RI,INV144921,06/07/2024,57094174,3880.25,.00,168564,438021022
120,RI,INV144930,06/07/2024,3472728,542.44,.00,562931,
120,RI,INV144934,06/07/2024,3465459,108.97,.00,562931,
120,RI,INV144936,06/07/2024,SARA,396.06,.00,826244,755000410
120,RI,INV144940,06/07/2024,JOE,389.28,.00,755101,755001001
120,RI,INV144941,06/07/2024,B04610049874,1606.39,.00,862385,461022033
120,RI,INV144946,06/07/2024,57093947,639.24,.00,432019,432053000
120,RI,INV144954,06/07/2024,B04610049876,1805.24,.00,461601,461020601
120,RI,INV144956,06/07/2024,B04610049884,1823.84,.00,800857,461800857
120,RI,INV144958,06/07/2024,56774244,94.29,.00,438352,438120352
120,RI,INV144960,06/07/2024,B04610049860,1260.25,.00,262755,461021054
120,RI,INV144969,06/07/2024,57101087,4367.82,.00,391275,438020348
120,RI,INV144970,06/07/2024,57097760,2449.61,.00,438346,438120346
120,RI,INV144971,06/07/2024,57095543,826.82,.00,438593,438122593
120,RI,INV144972,06/07/2024,56989949,4393.17,.00,449441,449054441
120,RI,INV144975,06/07/2024,DIETARY,118.51,.00,766201,527062185
120,RI,INV144982,06/07/2024,HOUSEKEEPING,185.71,.00,766201,
120,RI,INV145008,06/07/2024,B04610049882,230.40,.00,309254,461020852
120,RI,INV145015,06/07/2024,B04610049871,3487.70,.00,309254,461020852
120,RI,INV145019,06/07/2024,B07400017954,536.86,.00,339330,740000237
120,RI,INV145029,06/07/2024,B04610049852,2528.91,.00,914102,461021740
120,RI,INV145030,06/07/2024,B04610049817,2232.25,.00,461074,461021704
120,RI,INV145044,06/07/2024,eugenia,948.77,.00,979400,041040047
120,RI,INV145070,06/07/2024,B04610049896,1258.16,.00,328321,461328321
120,RI,INV145073,06/07/2024,B04610049872,1090.79,.00,958980,461022192
120,RI,INV145077,06/07/2024,B04610049856,2290.07,.00,461130,461021030
120,RI,INV145109,06/07/2024,57095924,695.50,.00,552041,438020262
120,RI,INV145117,06/07/2024,B02950002692,3201.96,.00,499301,295003023
120,RI,INV145118,06/07/2024,063635,70.81,.00,694005,694000005
120,RI,INV145127,06/07/2024,063652,1884.68,.00,694007,694000007
120,RI,INV145135,06/07/2024,Chef Glenn  Thank you,21.00,.00,773527,755310566
120,RI,INV145136,06/07/2024,- None -,1062.50,.00,773527,755310566
120,RI,INV145138,06/07/2024,57092145,657.63,.00,469246,438045949
120,RI,INV145147,06/07/2024,- None -,1160.36,.00,773527,755310566
120,RI,INV145153,06/07/2024,56990005,927.45,.00,449440,449054440
120,RI,INV145162,06/07/2024,B04610049831,1555.17,.00,545313,461545313
120,RI,INV145167,06/07/2024,B04610049835,625.55,.00,309253,461309253
120,RI,INV145181,06/07/2024,B04610049866,2224.97,.00,407301,461021042
120,RI,INV145182,06/07/2024,B04610049870,2338.57,.00,326180,461326180
120,RI,INV145188,06/07/2024,Laundry,311.68,.00,661995,
120,RI,INV145197,06/07/2024,57091361,976.31,.00,432007,432053002
120,RI,INV145201,06/07/2024,57090882,598.55,.00,432007,432053002
120,RI,INV145202,06/07/2024,3476723,1062.28,.00,661995,
120,RI,INV145204,06/07/2024,CENTRAL SUPPLY,42.40,.00,583410,
120,RI,INV145206,06/07/2024,B08010053062,902.50,.00,282718,801005004
120,RI,INV145211,06/07/2024,David,629.33,.00,755002,755310569
120,RI,INV145221,06/07/2024,57090734,158.72,.00,432007,432053002
120,RI,INV145237,06/07/2024,3466079,66.15,.00,245176,
120,RI,INV145243,06/07/2024,B04610049880,2400.47,.00,739888,461739888
120,RI,INV145249,06/07/2024,B04610049889,2872.93,.00,461874,461020874
120,RI,INV145255,06/07/2024,B04610049850,1609.23,.00,406315,461406315
120,RI,INV145272,06/07/2024,B04610049855,1465.52,.00,914103,461021117
120,RI,INV145282,06/07/2024,ORIOL06881,621.62,.00,572757,572061757
120,RI,INV145288,06/07/2024,oriol06914,128.95,.00,572757,572061757
120,RI,INV145290,06/07/2024,ORIOL06916,4511.44,.00,572757,572061757
120,RI,INV145291,06/07/2024,ORIOL06917,725.70,.00,572757,572061757
120,RI,INV145295,06/07/2024,ORIOL06905,492.21,.00,572757,572061757
120,RI,INV145299,06/07/2024,3477211,604.20,.00,820100,
120,RI,INV145309,06/07/2024,B04610049879,1463.36,.00,556807,461556807
120,RI,INV145310,06/07/2024,B04610049875,1874.98,.00,194660,461194660
120,RI,INV145317,06/07/2024,HOUSEKEEPING,387.44,.00,692753,
120,RI,INV145321,06/07/2024,57089772,1381.15,.00,432017,432053001
120,RI,INV145328,06/07/2024,- None -,269.56,.00,620203,40000163
120,RI,INV145333,06/07/2024,13046,2729.92,.00,920012,
120,RI,INV145366,06/07/2024,Customer Cups,73.88,.00,914103,461021117
120,RI,INV145368,06/07/2024,Courier,73.88,.00,556807,461556807
120,RI,INV145381,06/07/2024,Customer Cups,147.76,.00,326180,461326180
120,RI,INV145382,06/07/2024,courier,419.47,.00,461601,461020601
120,RI,INV145383,06/07/2024,12658,6975.05,.00,920012,
120,RI,INV145387,06/07/2024,8567,9282.40,.00,920019,92000008
120,RI,INV145399,06/07/2024,B04610049772 fedex,24.50,.00,461502,461024502
120,RI,INV145421,06/07/2024,B04610049762,76.86,.00,461147,461015147
120,RI,INV145432,06/07/2024,B04610049796fedex,59.25,.00,461801,461021801
120,RI,INV145436,06/07/2024,B04610049838,66.14,.00,737892,461134986
120,RI,INV145446,06/07/2024,FRY Warmer,460.47,.00,345444,461129582
120,RI,INV145455,06/07/2024,B04610049826,44.94,.00,367090,461022901
120,RI,INV145456,06/07/2024,06052024,114.04,.00,801002,801311061
120,RI,INV145457,06/07/2024,DIETARY,467.86,.00,324797,755000365
120,RI,INV145458,06/07/2024,B08010051754,855.72,.00,801959,801310959
120,RI,INV145460,06/07/2024,05222024,183.18,.00,801002,801311061
120,RI,INV145462,06/07/2024,B08010052715,1356.90,.00,801959,801310959
120,RI,INV145464,06/07/2024,57104274,8977.03,.00,449302,449352802
120,RI,INV145467,06/07/2024,B08010053122,130.79,.00,801959,801310959
120,RI,INV145472,06/07/2024,DIETARY,1453.53,.00,324797,755000365
120,RI,INV145474,06/07/2024,57106042,4751.00,.00,449302,
120,RI,INV145475,06/07/2024,B04610049921,685.30,.00,272617,461023666
120,RI,INV145477,06/07/2024,B04610049930,1412.31,.00,367089,461367089
120,RI,INV145484,06/07/2024,B04610049908,1402.73,.00,461004,461023502
120,RI,INV145486,06/07/2024,B04610049916,1379.98,.00,272618,461023602
120,RI,INV145490,06/07/2024,57108974,7836.81,.00,449523,449000523
120,RI,INV145491,06/07/2024,B04610049918,691.89,.00,765955,461023327
120,RI,INV145492,06/07/2024,B04610049924,1420.02,.00,772617,461772617
120,RI,INV145494,06/07/2024,B04610049917,667.99,.00,461834,461023834
120,RI,INV145497,06/07/2024,B04610049925,1255.44,.00,367090,461022901
120,RI,INV145529,06/07/2024,B04610049867,1594.15,.00,632334,461022315
120,RI,INV145530,06/07/2024,6/7/24,195.55,.00,737215,
120,RI,INV145534,06/07/2024,B02950002693,3787.18,.00,499301,295000057
120,RI,INV145542,06/07/2024,B04610049906,2334.49,.00,262753,461019901
120,RI,INV145547,06/07/2024,B04610049922,755.50,.00,461971,461019971
120,RI,INV145550,06/07/2024,- None -,81.81,.00,773527,755310566
120,RI,INV145552,06/07/2024,- None -,99.50,.00,773527,755310566
120,RI,INV145553,06/07/2024,B04610049932,812.90,.00,862385,461022033
120,RI,INV145558,06/07/2024,57110389,1524.71,.00,441860,440061860
120,RI,INV145561,06/07/2024,B07550001611,561.60,.00,761100,755000785
120,RI,INV145563,06/07/2024,B07550001610,114.95,.00,761100,755000785
120,RI,INV145564,06/07/2024,- None -,1083.84,.00,773527,755310566
120,RI,INV145568,06/07/2024,B07550001608,1644.64,.00,761100,755000785
120,RI,INV145755,06/07/2024,KACEY GILL,8804.56,.00,920022,092000017
120,RI,INV147732,06/07/2024,CAMBRO,96.38,.00,572645,572052645
120,RI,INV151790,06/07/2024,16315,48929.46,.00,920011,
120,RI,INV152451,06/07/2024,DELMARVA SHOREBIRDS,1595.66,.00,572645,572052645
120,RI,INV145571,06/08/2024,NATS0000028577,2882.78,.00,278496,572020003
120,RI,INV145574,06/08/2024,NATS0000028627,134.94,.00,278496,572020003
120,RI,INV145575,06/08/2024,NATS0000028536,3006.33,.00,278496,572020003
120,RI,INV145578,06/08/2024,NATS0000028585,1058.98,.00,278496,572020003
120,RI,INV145584,06/08/2024,3510,923.43,.00,499301,295003510
120,RI,INV145585,06/08/2024,B04610049934,1508.88,.00,461204,461021204
120,RI,INV145587,06/08/2024,NATS0000028589,57.81,.00,278496,572020003
120,RI,INV145590,06/08/2024,NATS0000028523,3006.33,.00,278496,572020003
120,RI,INV145591,06/08/2024,3480505,229.36,.00,755001,755310568
120,RI,INV145593,06/08/2024,HOUSEKEEPING,1139.42,.00,426644,
120,RI,INV145594,06/08/2024,kristina,318.50,.00,755004,755310571
120,RI,INV145599,06/08/2024,Laundry,1330.13,.00,426644,
120,RI,INV145604,06/08/2024,B04610049929,1234.33,.00,461157,461021157
120,RI,INV145605,06/08/2024,B07550001607,2180.41,.00,755006,755310633
120,RI,INV145606,06/08/2024,56992830,792.93,.00,449956,449000956
120,RI,INV145623,06/08/2024,FILL IN,1185.20,.00,406315,461406315
120,RI,INV145631,06/08/2024,57112005,1292.32,.00,432011,432052999
120,RI,INV145634,06/08/2024,B04610049903,4966.24,.00,407300,461407300
120,RI,INV145639,06/08/2024,B04610049936,1333.74,.00,461801,461021801
120,RI,INV145640,06/08/2024,57109976,2091.82,.00,432010,432053012
120,RI,INV145641,06/08/2024,B04610049920,941.83,.00,545313,461545313
120,RI,INV145652,06/08/2024,57111092,114.95,.00,432010,432053012
120,RI,INV145669,06/08/2024,57111089,1062.73,.00,792426,440026831
120,RI,INV145679,06/08/2024,57113710,1222.07,.00,449224,449000224
120,RI,INV145681,06/08/2024,B04610049900,53.40,.00,461803,461019803
120,RI,INV145683,06/08/2024,57112095,285.59,.00,432012,432053004
120,RI,INV145686,06/08/2024,57076750,758.59,.00,449224,449000224
120,RI,INV145689,06/08/2024,57112471,1909.89,.00,432012,432053004
120,RI,INV145690,06/08/2024,B04610049923,977.05,.00,461803,461019803
120,RI,INV145691,06/08/2024,B04610049931,1844.87,.00,461014,461021014
120,RI,INV145692,06/08/2024,57089772,160.27,.00,432017,432053001
120,RI,INV145693,06/08/2024,ORIOL06957,230.32,.00,572757,572061757
120,RI,INV145694,06/08/2024,ORIOL06396,199.80,.00,572757,572061757
120,RI,INV145695,06/08/2024,ORIOL06670,57.95,.00,572757,572061757
120,RI,INV145700,06/08/2024,ORIOL06727,99.90,.00,572757,572061757
120,RI,INV145703,06/08/2024,ORIOL06544,99.90,.00,572757,572061757
120,RI,INV145704,06/08/2024,57113067,759.77,.00,432017,432053001
120,RI,INV145710,06/08/2024,57097760,173.10,.00,438346,438120346
120,RI,INV145716,06/08/2024,57111541,1315.99,.00,391275,438020348
120,RI,INV145722,06/08/2024,- None -,1835.02,.00,994262,755310573
120,RI,INV145723,06/08/2024,3479965,162.39,.00,562931,
120,RI,INV145729,06/08/2024,B02950002694,2701.82,.00,499301,295003130
120,RI,INV145736,06/08/2024,David,679.40,.00,755002,755310569
120,RI,INV145739,06/08/2024,B07400017967,371.56,.00,740185,740100185
120,RI,INV145744,06/08/2024,Mason,721.13,.00,755003,755310570
120,RI,INV145756,06/10/2024,WILL CALL,105.26,.00,326180,461326180
120,RI,INV145778,06/10/2024,Adam  Overnight FedEx,354.19,.00,461623,461114623
120,RI,INV145779,06/10/2024,- None -,187.94,.00,620203,40000163
120,RI,INV145809,06/10/2024,B04610049864,19.74,.00,859096,461133613
120,RI,INV145822,06/10/2024,B04610049781,52.99,.00,461073,461024073
120,RI,INV145827,06/10/2024,- None -,516.80,.00,722611,
120,RI,INV145835,06/10/2024,57068753,292.72,.00,449302,449352802
120,RI,INV145836,06/10/2024,57104274,292.72,.00,449302,449352802
120,RI,INV145837,06/10/2024,57106042,731.27,.00,449302,
120,RI,INV145838,06/10/2024,B04610049980,50.40,.00,366744,461023113
120,RI,INV145839,06/10/2024,06052024,456.53,.00,801002,801311061
120,RI,INV145840,06/10/2024,B04610049991,60.90,.00,716507,461019406
120,RI,INV145842,06/10/2024,B04610049940,120.01,.00,101889,461008096
120,RI,INV145843,06/10/2024,B04610049963,257.39,.00,461002,461023112
120,RI,INV145847,06/10/2024,B04610049945,812.98,.00,366744,461023113
120,RI,INV145849,06/10/2024,B04610049958,1220.55,.00,461002,461023112
120,RI,INV145850,06/10/2024,B04610049994,1324.01,.00,461030,461019030
120,RI,INV145851,06/10/2024,B04610049965,1335.21,.00,62140,461018974
120,RI,INV145857,06/10/2024,B04610049957,2666.36,.00,461502,461024502
120,RI,INV145859,06/10/2024,B04610049988,2762.76,.00,716507,461019406
120,RI,INV145861,06/10/2024,B04610049995,2069.37,.00,406314,461406314
120,RI,INV145862,06/10/2024,3484401,452.11,.00,408888,370739920
120,RI,INV145872,06/10/2024,B04610050011,115.65,.00,62140,461018974
120,RI,INV145875,06/10/2024,B04610050020,1735.02,.00,461053,461008053
120,RI,INV145876,06/10/2024,B04610050027,1437.50,.00,461691,461008691
120,RI,INV145878,06/10/2024,- None -,1606.67,.00,722611,527022960
120,RI,INV145880,06/10/2024,B04610050037,1587.60,.00,461407,461022407
120,RI,INV145885,06/10/2024,B04610050021,1772.50,.00,461003,461019064
120,RI,INV145890,06/10/2024,B04610049979,1149.61,.00,461073,461024073
120,RI,INV145898,06/10/2024,57095522,32.49,.00,736438,438032093
120,RI,INV145906,06/10/2024,3122,599.63,.00,499301,295003122
120,RI,INV145909,06/10/2024,1010,544.86,.00,499301,295001010
120,RI,INV145910,06/10/2024,57142096,1415.72,.00,736438,438032093
120,RI,INV145911,06/10/2024,Thank you,2589.30,.00,202000,755310524
120,RI,INV145913,06/10/2024,1010,422.09,.00,499301,295001010
120,RI,INV145914,06/10/2024,6416,492.86,.00,499301,295006416
120,RI,INV145915,06/10/2024,B04610049998,2264.01,.00,632333,461017112
120,RI,INV145916,06/10/2024,B04610049944,1145.19,.00,461702,461018702
120,RI,INV145917,06/10/2024,B04610050028,2412.81,.00,509001,461509001
120,RI,INV145918,06/10/2024,B02950002703,4136.21,.00,499301,
120,RI,INV145919,06/10/2024,B04610050017,2200.35,.00,955264,461018052
120,RI,INV145921,06/10/2024,1040,516.43,.00,499301,295001040
120,RI,INV145922,06/10/2024,B04610049883,42.79,.00,812120,461812120
120,RI,INV145924,06/10/2024,B04610049869,12.72,.00,461701,461017601
120,RI,INV145926,06/10/2024,B04610049955,39.98,.00,461011,461017011
120,RI,INV145927,06/10/2024,B04610050026,2227.93,.00,812120,461812120
120,RI,INV145928,06/10/2024,B04610050024,2295.15,.00,461011,461017011
120,RI,INV145929,06/10/2024,B04610050012,3805.39,.00,461701,461017601
120,RI,INV145930,06/10/2024,DIETARY,335.97,.00,324797,755000365
120,RI,INV145936,06/10/2024,B02950002692,173.38,.00,499301,295003023
120,RI,INV145945,06/10/2024,57139222,1862.97,.00,552041,438020262
120,RI,INV145959,06/10/2024,B04610049984,1526.51,.00,62139,461019462
120,RI,INV145960,06/10/2024,B07400017969,518.82,.00,241400,740300167
120,RI,INV145962,06/10/2024,B04610049947,2586.98,.00,580102,461580102
120,RI,INV147718,06/10/2024,CONTINENTAL/NATIONAL REFRIGERATION,5686.13,.00,583410,
120,RI,INV148450,06/10/2024,B06062024,467.44,.00,5540107,554000107
120,RI,INV148451,06/10/2024,B05540000525,1136.34,.00,5540144,554000144
120,RI,INV148452,06/10/2024,D06062024,481.00,.00,5540108,554000108
120,RI,INV148454,06/10/2024,UTC_06/06,715.99,.00,5540150,554000150
120,RI,INV148814,06/10/2024,92385,16484.80,.00,920009,92000009
120,RI,INV149556,06/10/2024,13046,9478.63,.00,920012,
120,RI,INV151789,06/10/2024,92383,41676.00,.00,920009,92000009
120,RI,INV145970,06/11/2024,84AJP00030288,271.28,.00,524390,41040051
120,RI,INV145985,06/11/2024,3486067,1710.91,.00,736673,755000860
120,RI,INV145987,06/11/2024,DCUNI07601,584.61,.00,108003,572036578
120,RI,INV145988,06/11/2024,NATS0000028849,550.72,.00,278496,572020003
120,RI,INV145990,06/11/2024,NATS0000028706,861.07,.00,278496,572020003
120,RI,INV145994,06/11/2024,NATS0000028638,3045.01,.00,278496,572020003
120,RI,INV145995,06/11/2024,NATS0000028498,1307.05,.00,278496,572020003
120,RI,INV145999,06/11/2024,NATS0000028779,48.43,.00,278496,572020003
120,RI,INV146000,06/11/2024,3485317,302.60,.00,593725,755310005
120,RI,INV146002,06/11/2024,NATS0000028775,353.52,.00,278496,572020003
120,RI,INV146004,06/11/2024,NATS0000028757,284.54,.00,278496,572020003
120,RI,INV146005,06/11/2024,NATS0000028736,17699.84,.00,278496,572020003
120,RI,INV146007,06/11/2024,1370,401.99,.00,499301,295001370
120,RI,INV146008,06/11/2024,NATS0000028732,254.81,.00,278496,572020003
120,RI,INV146012,06/11/2024,57136577,1479.76,.00,33047,438044177
120,RI,INV146017,06/11/2024,57125606,2496.30,.00,441862,440161860
120,RI,INV146028,06/11/2024,B04610049959,1382.54,.00,461171,461020171
120,RI,INV146029,06/11/2024,B04610050044,760.29,.00,633233,461020165
120,RI,INV146030,06/11/2024,B04610050014,2354.17,.00,765956,461020155
120,RI,INV146051,06/11/2024,57140515,791.78,.00,432019,432053000
120,RI,INV146057,06/11/2024,B04610050025,2409.96,.00,800857,461800857
120,RI,INV146061,06/11/2024,B04610050008,2553.08,.00,461601,461020601
120,RI,INV146070,06/11/2024,063652,256.68,.00,694007,694000007
120,RI,INV146075,06/11/2024,063549,31.95,.00,694005,694000005
120,RI,INV146076,06/11/2024,B04610049943,3214.53,.00,407303,461022153
120,RI,INV146077,06/11/2024,2004,442.14,.00,499301,295002004
120,RI,INV146080,06/11/2024,B04610050019,1471.64,.00,958980,461022192
120,RI,INV146084,06/11/2024,B04610049954,1956.24,.00,914102,461021740
120,RI,INV146085,06/11/2024,B04610050010,1282.69,.00,328321,461328321
120,RI,INV146086,06/11/2024,063721,653.41,.00,694014,694000014
120,RI,INV146088,06/11/2024,B02950002697,1689.25,.00,499301,295003095
120,RI,INV146089,06/11/2024,B04610049990,1904.98,.00,461074,461021704
120,RI,INV146090,06/11/2024,063732,3062.80,.00,694005,694000005
120,RI,INV146115,06/11/2024,3485483,2977.87,.00,316040,631001736
120,RI,INV146120,06/11/2024,B02950002702,303.96,.00,499301,295003130
120,RI,INV146130,06/11/2024,B04610050031,2714.24,.00,326180,461326180
120,RI,INV146143,06/11/2024,B04610050006,1949.50,.00,407301,461021042
120,RI,INV146152,06/11/2024,504520000128431,398.03,.00,196722,315000739
120,RI,INV146166,06/11/2024,56972573,474.85,.00,469246,438045949
120,RI,INV146167,06/11/2024,56505699,34.45,.00,469246,438045949
120,RI,INV146218,06/11/2024,B04610050004,1329.88,.00,914103,461021117
120,RI,INV146223,06/11/2024,56992378,599.40,.00,702126,434005246
120,RI,INV146231,06/11/2024,B04610049766,111.78,.00,407300,461407300
120,RI,INV146235,06/11/2024,0015,243.10,.00,499301,295000015
120,RI,INV146242,06/11/2024,B04610049975,1234.97,.00,309253,461309253
120,RI,INV146245,06/11/2024,B04610049903,55.89,.00,407300,461407300
120,RI,INV146247,06/11/2024,B04610049950,1385.32,.00,406315,461406315
120,RI,INV146248,06/11/2024,DIETARY,2310.02,.00,473055,
120,RI,INV146251,06/11/2024,B04610050049,853.14,.00,545313,461545313
120,RI,INV146258,06/11/2024,B04610050030,1109.16,.00,739888,461739888
120,RI,INV146269,06/11/2024,B02950002696,553.71,.00,499301,295006480
120,RI,INV146292,06/11/2024,HOUSEKEEPING,334.28,.00,546300,
120,RI,INV146297,06/11/2024,3484403,739.85,.00,692753,
120,RI,INV146299,06/11/2024,Steven,815.11,.00,755003,755310570
120,RI,INV146315,06/11/2024,DIETARY,578.40,.00,426644,
120,RI,INV146339,06/11/2024,B04610050036,1450.27,.00,556807,461556807
120,RI,INV146344,06/11/2024,B04610050029,619.50,.00,461130,461021030
120,RI,INV146360,06/11/2024,3485672,503.35,.00,342646,527000028
120,RI,INV146385,06/11/2024,B02950002698,2812.52,.00,499301,295003395
120,RI,INV146387,06/11/2024,B04610050018,2484.18,.00,262755,461021054
120,RI,INV146391,06/11/2024,HOT CUPS,1645.10,.00,572757,572061757
120,RI,INV146393,06/11/2024,ORIOL06910,1175.21,.00,572757,572061757
120,RI,INV146395,06/11/2024,oriol.6851,592.28,.00,572757,572061757
120,RI,INV146396,06/11/2024,ORIOL06916,118.46,.00,572757,572061757
120,RI,INV146397,06/11/2024,ORIOL06905,78.97,.00,572757,572061757
120,RI,INV146413,06/11/2024,57136036,7143.84,.00,432018,432053003
120,RI,INV146421,06/11/2024,ORIOL07013,145.29,.00,572757,572061757
120,RI,INV146424,06/11/2024,B04610050042,3508.42,.00,309254,461020852
120,RI,INV146440,06/11/2024,57059587,99.98,.00,449056,449031056
120,RI,INV146442,06/11/2024,SEAN,696.13,.00,164371,
120,RI,INV146443,06/11/2024,B04610049981,1084.14,.00,461874,461020874
120,RI,INV146448,06/11/2024,57146388,1977.70,.00,792426,440026831
120,RI,INV146452,06/11/2024,57137406,2085.97,.00,449056,449031056
120,RI,INV146456,06/11/2024,MIKE PARSONS,2583.50,.00,164369,755000382
120,RI,INV146468,06/11/2024,B04610050033,1227.16,.00,194660,461194660
120,RI,INV146545,06/11/2024,lids/trays,762.09,.00,461012,461149525
120,RI,INV146549,06/11/2024,Trays/lids,265.81,.00,461012,461149525
120,RI,INV148449,06/11/2024,B05540000531,901.91,.00,5540139,554000139
120,RI,INV148453,06/11/2024,B05540000530,1440.05,.00,5540138,554000138
120,RI,INV149550,06/11/2024,17333,13747.02,.00,920011,
120,RI,INV153002,06/11/2024,BRIAN BERNER,4632.48,.00,920019,92000008
120,RI,INV158730,06/11/2024,42002476,20420.00,.00,920012,
120,RI,INV146529,06/12/2024,eugenia,102.29,.00,979400,041040047
120,RI,INV146567,06/12/2024,57068753,381.07,.00,449302,449352802
120,RI,INV146569,06/12/2024,B04610050069,85.18,.00,765955,461023327
120,RI,INV146572,06/12/2024,57104274,1343.97,.00,449302,449352802
120,RI,INV146579,06/12/2024,B04610050072,805.44,.00,367090,461022901
120,RI,INV146583,06/12/2024,B04610050081,237.57,.00,272618,461023602
120,RI,INV146598,06/12/2024,B04610050074,813.21,.00,272617,461023666
120,RI,INV146617,06/12/2024,B04610050064,1229.97,.00,765955,461023327
120,RI,INV146619,06/12/2024,B04610050061,909.26,.00,772617,461772617
120,RI,INV146624,06/12/2024,B04610050078,679.51,.00,461834,461023834
120,RI,INV146630,06/12/2024,DN2127000006112,2341.80,.00,187250,187123250
120,RI,INV146646,06/12/2024,- None -,683.19,.00,656100,755310438
120,RI,INV146647,06/12/2024,6416,598.76,.00,499301,295006416
120,RI,INV146653,06/12/2024,57158878,3457.47,.00,552041,438020262
120,RI,INV146654,06/12/2024,B04610050005,15.54,.00,739889,461022601
120,RI,INV146656,06/12/2024,B08010052322,688.50,.00,801294,801311294
120,RI,INV146657,06/12/2024,063116,53.70,.00,694015,694000015
120,RI,INV146660,06/12/2024,063755,1926.17,.00,694015,694000015
120,RI,INV146662,06/12/2024,B07400017974,996.57,.00,252631,
120,RI,INV146664,06/12/2024,B02950002700,1766.84,.00,499301,295007042
120,RI,INV146668,06/12/2024,B04610049996,3169.62,.00,739889,461022601
120,RI,INV146674,06/12/2024,063757,2925.80,.00,694009,694000009
120,RI,INV146675,06/12/2024,- None -,880.93,.00,826244,755000410
120,RI,INV146677,06/12/2024,B02950002705,336.86,.00,499301,295003036
120,RI,INV146684,06/12/2024,B07400017797,12.73,.00,835200,740000152
120,RI,INV146688,06/12/2024,NATS0000028754,822.89,.00,278496,572020003
120,RI,INV146691,06/12/2024,NATS000028278,1647.52,.00,278496,572020003
120,RI,INV146692,06/12/2024,NATS0000027667,150.56,.00,278496,572020003
120,RI,INV146711,06/12/2024,B07400017976,307.02,.00,835200,740000152
120,RI,INV146726,06/12/2024,HOUSEKEEPING,548.78,.00,661995,
120,RI,INV146740,06/12/2024,sanitizer dispensers,.11,.00,661995,
120,RI,INV146761,06/12/2024,3487979,687.60,.00,661995,
120,RI,INV146762,06/12/2024,HOUSEKEEPING,1059.70,.00,661995,
120,RI,INV146765,06/12/2024,57166379,738.41,.00,440995,440157995
120,RI,INV146768,06/12/2024,3488200,104.25,.00,661995,
120,RI,INV146777,06/12/2024,B04610050065,1598.52,.00,862385,461022033
120,RI,INV146779,06/12/2024,3488055,517.40,.00,736673,755000860
120,RI,INV146780,06/12/2024,3489011,252.14,.00,583410,
120,RI,INV146783,06/12/2024,CENTRAL SUPPLY,290.39,.00,661995,
120,RI,INV146792,06/12/2024,3488182,172.36,.00,661995,
120,RI,INV146794,06/12/2024,B04610050067,1682.09,.00,407303,461022153
120,RI,INV146798,06/12/2024,CENTRAL SUPPLY,487.50,.00,583410,
120,RI,INV146802,06/12/2024,1730,260.55,.00,499301,295001730
120,RI,INV146813,06/12/2024,3470292,311.32,.00,546300,
120,RI,INV146818,06/12/2024,B08010051833,32.83,.00,164064,801300002
120,RI,INV146824,06/12/2024,B08010050467,90.85,.00,164064,801300004
120,RI,INV146826,06/12/2024,B08010051834,57.11,.00,164064,801300004
120,RI,INV146827,06/12/2024,B08010050470,60.61,.00,164064,801300002
120,RI,INV146842,06/12/2024,6/10/24,885.93,.00,830600,631000708
120,RI,INV146848,06/12/2024,CENTRAL SUPPLY,1012.23,.00,546300,
120,RI,INV146853,06/12/2024,3485838,922.84,.00,515700,527023439
120,RI,INV146860,06/12/2024,B08010053298,1122.43,.00,192752,801310733
120,RI,INV146874,06/12/2024,HOUSEKEEPING,1488.56,.00,426644,
120,RI,INV146876,06/12/2024,Central Supply,254.27,.00,515700,527023439
120,RI,INV146896,06/12/2024,B04610050077,307.34,.00,914103,461021117
120,RI,INV146898,06/12/2024,57137406,287.65,.00,449056,449031056
120,RI,INV146899,06/12/2024,HOUSEKEEPING,1160.02,.00,515700,527023439
120,RI,INV146922,06/12/2024,Housekeeping 3484506,468.31,.00,562931,
120,RI,INV146927,06/12/2024,Housekeeping/Debbie,435.85,.00,766201,
120,RI,INV146928,06/12/2024,57150378,790.71,.00,432017,432053001
120,RI,INV146930,06/12/2024,Laundry  3484505,706.74,.00,562931,
120,RI,INV146937,06/12/2024,HOUSEKEEPING,2303.15,.00,766201,
120,RI,INV146941,06/12/2024,57157177,3190.49,.00,432109,432153009
120,RI,INV146943,06/12/2024,- None -,1268.74,.00,771562,755310567
120,RI,INV146949,06/12/2024,3489106  DIETARY,2367.71,.00,766201,527062185
120,RI,INV146954,06/12/2024,ORIOL07027,1139.00,.00,572757,572061757
120,RI,INV146958,06/12/2024,57157252,815.65,.00,438593,438122593
120,RI,INV146959,06/12/2024,3488774,894.91,.00,562931,
120,RI,INV146961,06/12/2024,- None -,1273.53,.00,773527,755310566
120,RI,INV146962,06/12/2024,- None -,167.50,.00,773527,755310566
120,RI,INV146972,06/12/2024,ORIOL07061,8166.16,.00,572757,572061757
120,RI,INV146973,06/12/2024,B02950002704,1170.21,.00,499301,295003133
120,RI,INV146979,06/12/2024,Dietary,62.26,.00,820100,
120,RI,INV146981,06/12/2024,- None -,448.75,.00,755004,755310571
120,RI,INV146982,06/12/2024,- None -,188.68,.00,556807,461556807
120,RI,INV146983,06/12/2024,Dietary,855.39,.00,820100,
120,RI,INV146984,06/12/2024,3460356,31.13,.00,820100,
120,RI,INV147005,06/12/2024,B04610050071,2220.64,.00,407300,461407300
120,RI,INV147006,06/12/2024,B04610050082,130.70,.00,407300,461407300
120,RI,INV147012,06/12/2024,B02950002706,639.57,.00,499301,295003135
120,RI,INV147014,06/12/2024,57158958,4634.04,.00,432010,432053012
120,RI,INV147020,06/12/2024,PAPER611,1116.26,.00,406001,406000001
120,RI,INV147086,06/12/2024,B04610050023,37.34,.00,793386,461132765
120,RI,INV147088,06/12/2024,B04610049983,73.60,.00,391067,461137129
120,RI,INV147091,06/12/2024,B04610049911,331.55,.00,652927,461152927
120,RI,INV147094,06/12/2024,B04610049956,262.58,.00,593652,461115205
120,RI,INV147096,06/12/2024,B04610049977,222.11,.00,545316,461137214
120,RI,INV147115,06/12/2024,B04610050059,261.81,.00,461334,461133334
120,RI,INV147116,06/12/2024,TOP LOADER  ATTN: Bonnie Kurtis,54.40,.00,309618,461133511
120,RI,INV147118,06/12/2024,57136577,139.90,.00,33047,438044177
120,RI,INV147759,06/12/2024,3489435,51.71,.00,583410,
120,RI,INV148354,06/12/2024,Bobrick,70.00,.00,461053,461008053
120,RI,INV148376,06/12/2024,NEMCO,161.78,.00,593652,461115205
120,RI,INV148906,06/12/2024,B05540000535,306.20,.00,5540136,554000136
120,RI,INV147089,06/13/2024,57117487,72.50,.00,432007,432053002
120,RI,INV147107,06/13/2024,57137120,72.90,.00,432007,432053002
120,RI,INV147134,06/13/2024,B04610048482,132.87,.00,461407,461022407
120,RI,INV147137,06/13/2024,DJMES,44.88,.00,136417,631005749
120,RI,INV147140,06/13/2024,OPSSOAP,3000.80,.00,136417,631005744
120,RI,INV147142,06/13/2024,TISSUE OPS,4379.76,.00,136417,631005744
120,RI,INV147144,06/13/2024,TISSUE JBMS,5574.24,.00,136417,631005754
120,RI,INV147151,06/13/2024,57153597,5531.77,.00,449010,449010000
120,RI,INV147155,06/13/2024,2001126189,7769.55,.00,120109,459000001
120,RI,INV147163,06/13/2024,B04610050076,24.50,.00,367089,461367089
120,RI,INV147169,06/13/2024,B04610050105,1287.89,.00,461002,461023112
120,RI,INV147171,06/13/2024,Blair,632.19,.00,395170,401024502
120,RI,INV147173,06/13/2024,B04610050108,25.44,.00,461002,461023112
120,RI,INV147174,06/13/2024,B04610050110,1700.45,.00,366744,461023113
120,RI,INV147177,06/13/2024,B04610050106,22.79,.00,461002,461023112
120,RI,INV147185,06/13/2024,B04610050116,1704.91,.00,406314,461406314
120,RI,INV147186,06/13/2024,B04610050124,1171.22,.00,461407,461022407
120,RI,INV147196,06/13/2024,B04610050136,1370.00,.00,461073,461024073
120,RI,INV147205,06/13/2024,B04610050129,565.95,.00,461834,461023834
120,RI,INV147207,06/13/2024,B04610050147,94.30,.00,366744,461023113
120,RI,INV147209,06/13/2024,B04610050125,1131.30,.00,367089,461367089
120,RI,INV147211,06/13/2024,57016420,55.39,.00,440995,440157995
120,RI,INV147213,06/13/2024,57163425,1178.35,.00,441860,440061860
120,RI,INV147233,06/13/2024,57175842,2565.88,.00,469246,438045949
120,RI,INV147244,06/13/2024,1030,623.57,.00,499301,295001030
120,RI,INV147253,06/13/2024,3122,1524.93,.00,499301,295003122
120,RI,INV147254,06/13/2024,0047,91.90,.00,499301,
120,RI,INV147260,06/13/2024,56772693,430.80,.00,434001,434011464
120,RI,INV147266,06/13/2024,56877461,86.16,.00,434001,434011464
120,RI,INV147267,06/13/2024,B04610049754,530.96,.00,262753,461019901
120,RI,INV147273,06/13/2024,Rack,213.07,.00,580102,461580102
120,RI,INV147278,06/13/2024,392010,1620.77,.00,392010,
120,RI,INV147279,06/13/2024,B04610050089,1198.58,.00,62139,461019462
120,RI,INV147280,06/13/2024,B04610050091,4638.04,.00,580102,461580102
120,RI,INV147285,06/13/2024,B04610050087,1778.34,.00,632334,461022315
120,RI,INV147294,06/13/2024,B04060002832,768.74,.00,406005,406000009
120,RI,INV147295,06/13/2024,3490836,464.60,.00,527001,527000241
120,RI,INV147296,06/13/2024,B04610050118,3212.29,.00,262753,461019901
120,RI,INV147302,06/13/2024,3490646,305.46,.00,593725,755310005
120,RI,INV147307,06/13/2024,B04610050123,96.53,.00,262753,461019901
120,RI,INV147311,06/13/2024,57174009,4610.78,.00,434001,434011464
120,RI,INV147327,06/13/2024,57164921,113.50,.00,432013,432053005
120,RI,INV147329,06/13/2024,B04610049462,97.47,.00,461014,461021014
120,RI,INV147332,06/13/2024,57139329,54.85,.00,432012,432053004
120,RI,INV147335,06/13/2024,57165237,897.75,.00,432013,432053005
120,RI,INV147337,06/13/2024,B04610050102,4550.82,.00,461014,461021014
120,RI,INV147342,06/13/2024,1731,28.50,.00,499301,295001731
120,RI,INV147344,06/13/2024,57175726,127.42,.00,432012,432053004
120,RI,INV147348,06/13/2024,57175884,2117.25,.00,432012,432053004
120,RI,INV147352,06/13/2024,06112024,1215.07,.00,180501,572044317
120,RI,INV147384,06/13/2024,B04610050097,1925.41,.00,461971,461019971
120,RI,INV147398,06/13/2024,3133,119.20,.00,499301,295003133
120,RI,INV147412,06/13/2024,677644,335.23,.00,7370058,737000058
120,RI,INV147416,06/13/2024,06/12/2024,577.86,.00,406022,406000024
120,RI,INV147419,06/13/2024,B07370000247,114.08,.00,7370058,737000058
120,RI,INV147422,06/13/2024,56992830,105.72,.00,449956,449000956
120,RI,INV147426,06/13/2024,57175391,2159.27,.00,432011,432052999
120,RI,INV147439,06/13/2024,Rebecca,2163.70,.00,572645,572052645
120,RI,INV147443,06/13/2024,B04610050127,2351.92,.00,461801,461021801
120,RI,INV147452,06/13/2024,B04610050128,2237.81,.00,461803,461019803
120,RI,INV147456,06/13/2024,57175166,406.47,.00,449621,449023621
120,RI,INV147458,06/13/2024,57158878,104.72,.00,552041,438020262
120,RI,INV147466,06/13/2024,NATS0000028863,21.62,.00,278496,572020003
120,RI,INV147469,06/13/2024,3510,958.48,.00,499301,295003510
120,RI,INV147472,06/13/2024,NATS0000028888,1150.50,.00,278496,572020003
120,RI,INV147476,06/13/2024,57175918,653.11,.00,552041,438020262
120,RI,INV147484,06/13/2024,3491590  CENTRAL SUPPLY,700.60,.00,820100,
120,RI,INV147485,06/13/2024,3460356,280.19,.00,820100,
120,RI,INV147500,06/13/2024,B04610049798,140.70,.00,461157,461021157
120,RI,INV147509,06/13/2024,B02950002708,841.63,.00,499301,295003750
120,RI,INV147514,06/13/2024,B04610050132,2614.75,.00,461157,461021157
120,RI,INV147516,06/13/2024,B02950002688,52.83,.00,499301,295006480
120,RI,INV147518,06/13/2024,0015,130.42,.00,499301,295000015
120,RI,INV147523,06/13/2024,ORIOL06916,78.97,.00,572757,572061757
120,RI,INV147529,06/13/2024,B04610050094,10965.50,.00,407300,461407300
120,RI,INV147531,06/13/2024,ORIOL07082,1687.58,.00,572757,572061757
120,RI,INV147544,06/13/2024,B04610050150,1120.97,.00,309253,461309253
120,RI,INV147565,06/13/2024,B07400017979,423.19,.00,887489,740000268
120,RI,INV147567,06/13/2024,B07400017982,985.93,.00,948085,740000143
120,RI,INV147572,06/13/2024,HOUSEKEEPING,292.35,.00,515700,527023439
120,RI,INV147589,06/13/2024,ORIOL07139,5961.24,.00,572757,572061757
120,RI,INV147590,06/13/2024,ORIOL07093,243.88,.00,572757,572061757
120,RI,INV147593,06/13/2024,HOUSEKEEPING,68.65,.00,515700,527023439
120,RI,INV147611,06/13/2024,56921532,142.68,.00,391275,438020348
120,RI,INV147617,06/13/2024,57172261,667.35,.00,438351,438120351
120,RI,INV147618,06/13/2024,57175816,807.18,.00,438593,438122593
120,RI,INV147622,06/13/2024,57181331,3056.40,.00,391275,438020348
120,RI,INV147626,06/13/2024,B07550001618,756.91,.00,994262,755310573
120,RI,INV147657,06/13/2024,B07400017981,294.81,.00,593482,740000045
120,RI,INV147682,06/13/2024,B04610050096,2048.17,.00,461204,461021204
120,RI,INV147684,06/13/2024,B08010053388,6533.69,.00,282718,801005004
120,RI,INV147736,06/13/2024,B04610049928,125.47,.00,461822,461132822
120,RI,INV147739,06/13/2024,B04610049881,483.58,.00,793386,461132765
120,RI,INV147741,06/13/2024,B04610049961,299.82,.00,309618,461133511
120,RI,INV147750,06/13/2024,B04610050103,444.59,.00,94888,461137421
120,RI,INV147752,06/13/2024,B04610050107,249.60,.00,461012,461149525
120,RI,INV147784,06/13/2024,B04610050059,156.55,.00,461334,461133334
120,RI,INV148803,06/13/2024,HATCO,2468.43,.00,574323,740000073
120,RI,INV148892,06/13/2024,B05540000539,325.34,.00,5540154,554000154
120,RI,INV148903,06/13/2024,B05540000536,1045.14,.00,5540114,554000114
120,RI,INV148908,06/13/2024,B05540000537,1323.34,.00,5540114,554000114
120,RI,INV148945,06/13/2024,92528,227.54,.00,920009,92000009
120,RI,INV147691,06/14/2024,eugenia,46.30,.00,979400,041040047
120,RI,INV147696,06/14/2024,Shredding Disc,104.59,.00,461334,461133334
120,RI,INV147720,06/14/2024,courier,73.88,.00,556807,461556807
120,RI,INV147805,06/14/2024,57068753,689.00,.00,449302,449352802
120,RI,INV147806,06/14/2024,B04610049719,27.50,.00,765955,461023327
120,RI,INV147809,06/14/2024,B04610049917,42.79,.00,461834,461023834
120,RI,INV147814,06/14/2024,Lyndsay Costabile,132.87,.00,272618,461023602
120,RI,INV147827,06/14/2024,B04610050185,2242.10,.00,367090,461022901
120,RI,INV147828,06/14/2024,B04610050161,1590.50,.00,272617,461023666
120,RI,INV147834,06/14/2024,57194100,4509.51,.00,449302,449352802
120,RI,INV147835,06/14/2024,57184053,3138.80,.00,449402,
120,RI,INV147837,06/14/2024,B04610050188,693.10,.00,461834,461023834
120,RI,INV147840,06/14/2024,57190399,4950.53,.00,449010,449010000
120,RI,INV147849,06/14/2024,B04610050209,153.71,.00,765955,461023327
120,RI,INV147850,06/14/2024,B04610050189,1556.09,.00,272618,461023602
120,RI,INV147866,06/14/2024,B04610050184,2240.51,.00,367089,461367089
120,RI,INV147867,06/14/2024,B04610050216,341.12,.00,366744,461023113
120,RI,INV147870,06/14/2024,B04610050198,2619.14,.00,772617,461772617
120,RI,INV147873,06/14/2024,B04610050174,1755.49,.00,765955,461023327
120,RI,INV147878,06/14/2024,B04610049672,104.37,.00,461030,461019030
120,RI,INV147881,06/14/2024,B04610049687,422.11,.00,955264,461018052
120,RI,INV147882,06/14/2024,B04610049887,562.82,.00,955264,461018052
120,RI,INV147884,06/14/2024,Silver Rim,311.12,.00,509001,461509001
120,RI,INV147887,06/14/2024,Thank you,53.00,.00,202000,755310524
120,RI,INV147891,06/14/2024,B08010053376,1203.59,.00,918024,801001150
120,RI,INV147892,06/14/2024,B04610050165,2429.10,.00,461701,461017601
120,RI,INV147895,06/14/2024,57186242,1138.25,.00,331000,438022221
120,RI,INV147897,06/14/2024,B04610050156,53.38,.00,62140,461018974
120,RI,INV147898,06/14/2024,B04610050154,1022.26,.00,461702,461018702
120,RI,INV147899,06/14/2024,B04610050141,1675.01,.00,62140,461018974
120,RI,INV147901,06/14/2024,B04610050151,3132.03,.00,461003,461019064
120,RI,INV147902,06/14/2024,B04610050158,3761.33,.00,716507,461019406
120,RI,INV147903,06/14/2024,B04610050143,1530.93,.00,509001,461509001
120,RI,INV147905,06/14/2024,B04610050142,4410.16,.00,101889,461008096
120,RI,INV147906,06/14/2024,B04610050166,1294.19,.00,461691,461008691
120,RI,INV147907,06/14/2024,505020000167472,4796.83,.00,430016,043000016
120,RI,INV147910,06/14/2024,57195402,3771.37,.00,571300,438022241
120,RI,INV147915,06/14/2024,B04610050225,2325.75,.00,461011,461017011
120,RI,INV147918,06/14/2024,B04610050214,64.32,.00,461053,461008053
120,RI,INV147921,06/14/2024,Brittany,2265.63,.00,755005,
120,RI,INV147925,06/14/2024,B04610050172,313.46,.00,101889,461008096
120,RI,INV147928,06/14/2024,B04610050167,1762.55,.00,461030,461019030
120,RI,INV147929,06/14/2024,57191710,6348.80,.00,168564,438021022
120,RI,INV147930,06/14/2024,1030,220.83,.00,499301,295001030
120,RI,INV147932,06/14/2024,57191294,1283.73,.00,449921,449044921
120,RI,INV147933,06/14/2024,B04610050219,2284.14,.00,632333,461017112
120,RI,INV147936,06/14/2024,B04610050218,2679.41,.00,812120,461812120
120,RI,INV147937,06/14/2024,B04610050168,2386.60,.00,461053,461008053
120,RI,INV147939,06/14/2024,1010,1479.08,.00,499301,295001010
120,RI,INV147944,06/14/2024,B04610050223,2771.16,.00,955264,461018052
120,RI,INV147948,06/14/2024,57196686,1776.70,.00,736438,438032093
120,RI,INV147949,06/14/2024,NATS00000028834,113.69,.00,278496,572020003
120,RI,INV147950,06/14/2024,NATS0000028841,958.34,.00,278496,572020003
120,RI,INV147951,06/14/2024,DCUNI07306,1417.64,.00,108003,572036578
120,RI,INV147953,06/14/2024,DCUNI07637,501.34,.00,108003,572036578
120,RI,INV147954,06/14/2024,NATS0000028942,251.14,.00,278496,572020003
120,RI,INV147955,06/14/2024,DCUNI07646,102.67,.00,108003,572036578
120,RI,INV147957,06/14/2024,NATS0000028754,281.32,.00,278496,572020003
120,RI,INV147958,06/14/2024,NATS0000028925,1780.50,.00,278496,572020003
120,RI,INV147960,06/14/2024,NATS0000028931,2290.70,.00,278496,572020003
120,RI,INV147961,06/14/2024,B02950002709,3250.43,.00,499301,295003023
120,RI,INV147962,06/14/2024,NATS0000028926,727.12,.00,278496,572020003
120,RI,INV147965,06/14/2024,NATS0000028962,295.99,.00,278496,572020003
120,RI,INV147967,06/14/2024,57196827,381.28,.00,736438,438032093
120,RI,INV147975,06/14/2024,57163425,247.62,.00,441860,440061860
120,RI,INV147977,06/14/2024,57163479,1423.89,.00,441860,440061860
120,RI,INV147985,06/14/2024,57196111,598.16,.00,440995,440157995
120,RI,INV147987,06/14/2024,B04610050224,3312.37,.00,633233,461020165
120,RI,INV147988,06/14/2024,B04610050178,2576.86,.00,765956,461020155
120,RI,INV147990,06/14/2024,B04610050213,1566.92,.00,461171,461020171
120,RI,INV147992,06/14/2024,B02950002710,3310.17,.00,499301,295000057
120,RI,INV147996,06/14/2024,57138697,31.09,.00,469246,438045949
120,RI,INV148001,06/14/2024,57175842,370.44,.00,469246,438045949
120,RI,INV148003,06/14/2024,B04610050065,174.17,.00,862385,461022033
120,RI,INV148014,06/14/2024,B04610050176,1475.42,.00,862385,461022033
120,RI,INV148016,06/14/2024,- None -,1564.14,.00,773527,755310566
120,RI,INV148025,06/14/2024,White Cambro,189.62,.00,739888,461739888
120,RI,INV148031,06/14/2024,B04610049950,52.18,.00,406315,461406315
120,RI,INV148034,06/14/2024,063810,3903.59,.00,694010,694000010
120,RI,INV148038,06/14/2024,B04610050190,2343.08,.00,461074,461021704
120,RI,INV148039,06/14/2024,B04610050155,2113.79,.00,914102,461021740
120,RI,INV148050,06/14/2024,063811,2820.72,.00,694007,694000007
120,RI,INV148051,06/14/2024,B04610050094,49.00,.00,407300,461407300
120,RI,INV148055,06/14/2024,B04610050183,3799.15,.00,739888,461739888
120,RI,INV148057,06/14/2024,B04610050220,176.14,.00,406315,461406315
120,RI,INV148061,06/14/2024,B04610050173,2796.12,.00,406315,461406315
120,RI,INV148074,06/14/2024,B04610050204,3225.98,.00,407303,461022153
120,RI,INV148093,06/14/2024,B04610050222,2842.56,.00,309254,461020852
120,RI,INV148100,06/14/2024,B04610050175,1309.23,.00,328321,461328321
120,RI,INV148103,06/14/2024,eugenia,959.29,.00,979400,041040047
120,RI,INV148112,06/14/2024,B04610049497,208.74,.00,461601,461020601
120,RI,INV148113,06/14/2024,B04610050050,156.55,.00,461601,461020601
120,RI,INV148118,06/14/2024,57197002,966.84,.00,432019,432053000
120,RI,INV148125,06/14/2024,3487979,79.24,.00,661995,
120,RI,INV148145,06/14/2024,CENTRAL SUPPLY,97.69,.00,583410,
120,RI,INV148150,06/14/2024,B04610050217,1997.93,.00,407301,461021042
120,RI,INV148153,06/14/2024,B04610050208,4020.90,.00,326180,461326180
120,RI,INV148154,06/14/2024,B04610050181,1343.92,.00,545313,461545313
120,RI,INV148168,06/14/2024,3493161,584.81,.00,358881,527021036
120,RI,INV148175,06/14/2024,3406136,45.59,.00,562931,
120,RI,INV148177,06/14/2024,57190177,318.42,.00,432007,432053002
120,RI,INV148183,06/14/2024,3453804,156.80,.00,562931,
120,RI,INV148187,06/14/2024,B04610050201,2381.76,.00,262755,461021054
120,RI,INV148192,06/14/2024,57192827,27.95,.00,432007,432053002
120,RI,INV148195,06/14/2024,B08010053388,321.84,.00,282718,801005004
120,RI,INV148198,06/14/2024,Housekeeping,190.48,.00,562931,
120,RI,INV148203,06/14/2024,57191089,1180.24,.00,432007,432053002
120,RI,INV148207,06/14/2024,B04610050180,1978.35,.00,461130,461021030
120,RI,INV148212,06/14/2024,Mason,91.27,.00,755003,755310570
120,RI,INV148218,06/14/2024,STEVEN,1535.76,.00,755003,755310570
120,RI,INV148219,06/14/2024,57040614,121.75,.00,449162,449049162
120,RI,INV148238,06/14/2024,B04610050205,3703.24,.00,194660,461194660
120,RI,INV148246,06/14/2024,B04610050221,1291.32,.00,556807,461556807
120,RI,INV148251,06/14/2024,B04610050206,77.21,.00,194660,461194660
120,RI,INV148252,06/14/2024,B04610050199,1848.50,.00,914103,461021117
120,RI,INV148274,06/14/2024,ORIOL07145,683.40,.00,572757,572061757
120,RI,INV148277,06/14/2024,ORIOL07189,181.05,.00,572757,572061757
120,RI,INV148282,06/14/2024,57184830,742.48,.00,432017,432053001
120,RI,INV148285,06/14/2024,ORIOL07170,8013.28,.00,572757,572061757
120,RI,INV148286,06/14/2024,PAPER SUPPLIES,318.18,.00,620203,40000163
120,RI,INV148289,06/14/2024,KITCHEN,254.46,.00,620203,40000163
120,RI,INV148293,06/14/2024,B08010053340,171.54,.00,164064,801300004
120,RI,INV148294,06/14/2024,B04610049694,140.70,.00,461874,461020874
120,RI,INV148297,06/14/2024,B08010053343,322.79,.00,164064,801000574
120,RI,INV148302,06/14/2024,B04610050192,2442.41,.00,461874,461020874
120,RI,INV148306,06/14/2024,SLADE SCHOOL / NURSES,1399.35,.00,245176,
120,RI,INV148307,06/14/2024,SLADE SCHOOL,2404.26,.00,245176,
120,RI,INV148483,06/14/2024,B04610049881,52.18,.00,793386,461132765
120,RI,INV148802,06/14/2024,Parts Town,385.29,.00,461011,461017011
120,RI,INV148831,06/14/2024,B05540000541,260.65,.00,5540106,554000106
120,RI,INV148854,06/14/2024,B04610047971,70.35,.00,461471,461134471
120,RI,INV148856,06/14/2024,B04610050191,349.71,.00,345444,461129582
120,RI,INV148864,06/14/2024,B04610050235,119.36,.00,461858,461127858
120,RI,INV148865,06/14/2024,B04610050133,191.52,.00,461012,461149525
120,RI,INV148898,06/14/2024,JETS,118.70,.00,5540122,554000122
120,RI,INV147668,06/17/2024,B08010053062,138.54,.00,282718,801005004
120,RI,INV148357,06/17/2024,- None -,61.61,.00,407301,461021042
120,RI,INV148385,06/17/2024,courier 1,344.88,.00,461601,461020601
120,RI,INV148388,06/17/2024,courier 1,408.97,.00,739888,461739888
120,RI,INV148391,06/17/2024,courier,45.15,.00,461074,461021704
120,RI,INV148488,06/17/2024,Nick Llewellyn,83.64,.00,406001,406000001
120,RI,INV148496,06/17/2024,56661369,52.47,.00,449302,449352802
120,RI,INV148498,06/17/2024,56663732,652.26,.00,449302,449352802
120,RI,INV148503,06/17/2024,JHS,4612.00,.00,136417,631005751
120,RI,INV148507,06/17/2024,WHS,4612.00,.00,136417,631005743
120,RI,INV148508,06/17/2024,56682251,47.70,.00,449523,449000523
120,RI,INV148509,06/17/2024,56910501,558.83,.00,449302,
120,RI,INV148512,06/17/2024,B08010053122,69.50,.00,801959,801310959
120,RI,INV148525,06/17/2024,B08010052715,507.48,.00,801959,801310959
120,RI,INV148528,06/17/2024,B08010053453,975.96,.00,801959,801310959
120,RI,INV148529,06/17/2024,B04610050161,60.90,.00,272617,461023666
120,RI,INV148530,06/17/2024,57191622,4689.92,.00,449523,449000523
120,RI,INV148532,06/17/2024,NATS0000028841,364.00,.00,278496,572020003
120,RI,INV148533,06/17/2024,2001131489,5883.90,.00,120109,459000005
120,RI,INV148538,06/17/2024,B04610050258,989.72,.00,461004,461023502
120,RI,INV148540,06/17/2024,57186242,721.44,.00,331000,438022221
120,RI,INV148541,06/17/2024,57068753,157.41,.00,449302,449352802
120,RI,INV148542,06/17/2024,B04610050231,1359.98,.00,272617,461023666
120,RI,INV148543,06/17/2024,B04610050266,998.63,.00,772617,461772617
120,RI,INV148545,06/17/2024,3023,83.50,.00,499301,295003023
120,RI,INV148547,06/17/2024,DIETARY,746.62,.00,324797,755000365
120,RI,INV148548,06/17/2024,B04610050250,1380.06,.00,272618,461023602
120,RI,INV148553,06/17/2024,B04610050255,1112.29,.00,367090,461022901
120,RI,INV148555,06/17/2024,57214079,347.60,.00,552041,438020262
120,RI,INV148561,06/17/2024,B04610050248,973.82,.00,765955,461023327
120,RI,INV148563,06/17/2024,B04610050263,1300.46,.00,367089,461367089
120,RI,INV148566,06/17/2024,B04610050268,483.65,.00,366744,461023113
120,RI,INV148567,06/17/2024,57213808,1088.44,.00,552041,438020262
120,RI,INV148569,06/17/2024,B04610050251,940.47,.00,461834,461023834
120,RI,INV148581,06/17/2024,SLADE SCHOOL,635.00,.00,245176,
120,RI,INV148586,06/17/2024,57208916,17357.20,.00,702126,434005246
120,RI,INV148594,06/17/2024,3495091,1301.37,.00,736673,755000860
120,RI,INV148598,06/17/2024,- None -,1162.00,.00,773527,755310566
120,RI,INV148603,06/17/2024,3494099,374.22,.00,593725,755310005
120,RI,INV148608,06/17/2024,B04610050237,1686.80,.00,632334,461022315
120,RI,INV148615,06/17/2024,- None -,646.81,.00,656100,755310438
120,RI,INV148616,06/17/2024,- None -,1036.97,.00,773527,755310566
120,RI,INV148627,06/17/2024,57113710,344.50,.00,449224,449000224
120,RI,INV148629,06/17/2024,B04060002832,26.66,.00,406005,406000009
120,RI,INV148633,06/17/2024,57210442,186.97,.00,432012,432053004
120,RI,INV148637,06/17/2024,B04610050267,1439.55,.00,461014,461021014
120,RI,INV148638,06/17/2024,B04610050253,3524.31,.00,262753,461019901
120,RI,INV148639,06/17/2024,B04610050246,987.54,.00,461971,461019971
120,RI,INV148645,06/17/2024,57210616,1541.38,.00,432012,432053004
120,RI,INV148652,06/17/2024,B02950002711,3646.41,.00,499301,295003130
120,RI,INV148654,06/17/2024,57211571,6809.09,.00,449224,449000224
120,RI,INV148656,06/17/2024,B04610050257,1530.07,.00,461803,461019803
120,RI,INV148660,06/17/2024,B08010053342,580.28,.00,164064,801300002
120,RI,INV148665,06/17/2024,B08010053341,252.54,.00,164064,801300001
120,RI,INV148679,06/17/2024,57172261,172.28,.00,438351,438120351
120,RI,INV148680,06/17/2024,B04610050252,1468.77,.00,461157,461021157
120,RI,INV148681,06/17/2024,57157252,86.14,.00,438593,438122593
120,RI,INV148684,06/17/2024,57215103,869.79,.00,438352,438120352
120,RI,INV148687,06/17/2024,B04610050173,9.42,.00,406315,461406315
120,RI,INV148690,06/17/2024,3495814,264.76,.00,562931,
120,RI,INV148691,06/17/2024,57211829,1348.49,.00,438346,438120346
120,RI,INV148693,06/17/2024,FILL IN,1185.20,.00,406315,461406315
120,RI,INV148698,06/17/2024,B04610050265,1410.63,.00,461801,461021801
120,RI,INV148700,06/17/2024,57212093,721.05,.00,432011,432052999
120,RI,INV148701,06/17/2024,B04610050240,4328.42,.00,407300,461407300
120,RI,INV148709,06/17/2024,FILL IN,1498.19,.00,739888,461739888
120,RI,INV148724,06/17/2024,B04610050243,1317.03,.00,545313,461545313
120,RI,INV148733,06/17/2024,57163509,1303.98,.00,441860,440061860
120,RI,INV148735,06/17/2024,56049200,783.16,.00,449460,
120,RI,INV148740,06/17/2024,B02950002699,1685.60,.00,499301,295000057
120,RI,INV148741,06/17/2024,B04610050238,857.19,.00,461204,461021204
120,RI,INV148746,06/17/2024,B07400017990,269.59,.00,413154,740000093
120,RI,INV148753,06/17/2024,57210659,909.62,.00,432017,432053001
120,RI,INV148757,06/17/2024,David,1228.53,.00,755002,755310569
120,RI,INV148770,06/17/2024,kristina,783.07,.00,755004,755310571
120,RI,INV148796,06/17/2024,B04610049301,3103.96,.00,185389,461148167
120,RI,INV148827,06/17/2024,FedEx Sat,31.74,.00,812120,461812120
120,RI,INV148858,06/17/2024,Filter,66.70,.00,405003,461105003
120,RI,INV148886,06/17/2024,- None -,37.50,.00,545315,461145615
120,RI,INV148896,06/17/2024,B05540000520,650.68,.00,5540124,554000124
120,RI,INV148897,06/17/2024,B05540000542,659.86,.00,5540148,554000148
120,RI,INV148899,06/17/2024,ORD5/30,325.34,.00,5540100,554000100
120,RI,INV148900,06/17/2024,62794,650.68,.00,5540102,554000102
120,RI,INV148901,06/17/2024,5.30.24,451.46,.00,5540101,554000101
120,RI,INV148902,06/17/2024,JETCapital O,612.40,.00,5540122,554000122
120,RI,INV148904,06/17/2024,B05540000497,650.68,.00,5540133,554000133
120,RI,INV148905,06/17/2024,GP53024,306.20,.00,5540153,554000153
120,RI,INV148907,06/17/2024,B05540000496,650.68,.00,5540135,554000135
120,RI,INV148910,06/17/2024,B05540000509,325.34,.00,5540123,554000123
120,RI,INV148951,06/17/2024,ALLISON POE,793.45,.00,953724,092000002
120,RI,INV150600,06/17/2024,SH,325.34,.00,5540154,554000154
120,RI,INV150602,06/17/2024,B05540000507,306.20,.00,5540136,554000136
120,RI,INV153047,06/17/2024,B04610049881,24.23,.00,793386,461132765
120,RI,INV148805,06/18/2024,WILL CALL,112.11,.00,407301,461021042
120,RI,INV148958,06/18/2024,57194100,1424.07,.00,449302,449352802
120,RI,INV148968,06/18/2024,B04610050288,2683.46,.00,461502,461024502
120,RI,INV148976,06/18/2024,B04610050313,2657.99,.00,406314,461406314
120,RI,INV148977,06/18/2024,57238024,10548.48,.00,449302,449352802
120,RI,INV148979,06/18/2024,B04610050342,1238.33,.00,461002,461023112
120,RI,INV148992,06/18/2024,B04610050376,1500.46,.00,461073,461024073
120,RI,INV148993,06/18/2024,57236156,3403.98,.00,449010,449010000


120,RI,INV148996,06/18/2024,B04610050325,931.13,.00,366744,461023113
120,RI,INV148998,06/18/2024,B04610050357,4017.61,.00,461407,461022407
120,RI,INV149000,06/18/2024,DN2127000006125,1196.87,.00,187250,187123250
120,RI,INV149001,06/18/2024,B04610049878,133.65,.00,101889,461008096
120,RI,INV149002,06/18/2024,B04610050292,1192.45,.00,62140,461018974
120,RI,INV149003,06/18/2024,B04610050293,1064.30,.00,716507,461019406
120,RI,INV149004,06/18/2024,B04610050336,1744.96,.00,461053,461008053
120,RI,INV149005,06/18/2024,B04610050341,1730.05,.00,461030,461019030
120,RI,INV149006,06/18/2024,B04610050316,2950.17,.00,101889,461008096
120,RI,INV149007,06/18/2024,B04610050353,2114.55,.00,461691,461008691
120,RI,INV149008,06/18/2024,Deck Brush,19.84,.00,955264,461018052
120,RI,INV149009,06/18/2024,B04610050306,37.82,.00,62139,461019462
120,RI,INV149015,06/18/2024,10070128,411.07,.00,241400,740300167
120,RI,INV149017,06/18/2024,B04610050305,1703.14,.00,62139,461019462
120,RI,INV149019,06/18/2024,B04610050278,2410.82,.00,580102,461580102
120,RI,INV149020,06/18/2024,B04610050323,3421.94,.00,632333,461017112
120,RI,INV149021,06/18/2024,B04610050365,1755.52,.00,509001,461509001
120,RI,INV149022,06/18/2024,B04610050338,2292.67,.00,461702,461018702
120,RI,INV149023,06/18/2024,B04610050358,2872.83,.00,955264,461018052
120,RI,INV149024,06/18/2024,B04610050026,132.87,.00,812120,461812120
120,RI,INV149025,06/18/2024,1030,238.52,.00,499301,295001030
120,RI,INV149026,06/18/2024,B04610050218,132.87,.00,812120,461812120
120,RI,INV149037,06/18/2024,B04610050294,3222.94,.00,461011,461017011
120,RI,INV149040,06/18/2024,B04610050326,70.77,.00,461011,461017011
120,RI,INV149044,06/18/2024,B04610050364,46.35,.00,812120,461812120
120,RI,INV149045,06/18/2024,6416,329.60,.00,499301,295006416
120,RI,INV149047,06/18/2024,B04610050331,2948.51,.00,812120,461812120
120,RI,INV149049,06/18/2024,1040,434.32,.00,499301,295001040
120,RI,INV149051,06/18/2024,20200,1452.37,.00,202000,755310524
120,RI,INV149052,06/18/2024,3122,724.68,.00,499301,295003122
120,RI,INV149059,06/18/2024,B04610050377,151.79,.00,461011,461017011
120,RI,INV149065,06/18/2024,57243260,1178.05,.00,469246,438045949
120,RI,INV149070,06/18/2024,57242758,528.39,.00,469246,438045949
120,RI,INV149091,06/18/2024,84AJP00030412,526.06,.00,524390,41040051
120,RI,INV149093,06/18/2024,NATS0000028589,38.54,.00,278496,572020003
120,RI,INV149095,06/18/2024,NATS0000029033,1149.03,.00,278496,572020003
120,RI,INV149099,06/18/2024,NATS0000028998,526.00,.00,278496,572020003
120,RI,INV149104,06/18/2024,NATS0000029124,1392.90,.00,278496,572020003
120,RI,INV149109,06/18/2024,NATS0000029117,438.78,.00,278496,572020003
120,RI,INV149112,06/18/2024,NATS0000029131,1705.14,.00,278496,572020003
120,RI,INV149115,06/18/2024,DCUNI07704,1960.10,.00,108003,572036578
120,RI,INV149117,06/18/2024,NATS0000029059,496.15,.00,278496,572020003
120,RI,INV149120,06/18/2024,DCUNI07730,501.42,.00,108003,572036578
120,RI,INV149123,06/18/2024,NATS000029070,42.12,.00,278496,572020003
120,RI,INV149124,06/18/2024,NATS0000029000,145.29,.00,278496,572020003
120,RI,INV149125,06/18/2024,B02950002714,3551.50,.00,499301,
120,RI,INV149138,06/18/2024,B04610050290,799.23,.00,461171,461020171
120,RI,INV149150,06/18/2024,B04610050343,1407.75,.00,633233,461020165
120,RI,INV149153,06/18/2024,B04610050374,1411.19,.00,765956,461020155
120,RI,INV149158,06/18/2024,Cambro  SO,37.21,.00,862385,461022033
120,RI,INV149160,06/18/2024,57235548,1327.72,.00,33047,438044177
120,RI,INV149185,06/18/2024,SLADE SCHOOL,4550.62,.00,245176,
120,RI,INV149186,06/18/2024,1370,803.85,.00,499301,295001370
120,RI,INV149187,06/18/2024,B04610050367,1502.01,.00,862385,461022033
120,RI,INV149191,06/18/2024,57238517,691.08,.00,33047,438044177
120,RI,INV149210,06/18/2024,B07400017989,1058.96,.00,339330,740000237
120,RI,INV149213,06/18/2024,B04610050297,248.75,.00,914102,461021740
120,RI,INV149216,06/18/2024,B04610050295,2721.01,.00,914102,461021740
120,RI,INV149217,06/18/2024,B07400017994,459.28,.00,644141,740000066
120,RI,INV149219,06/18/2024,B04610050327,2256.22,.00,461074,461021704
120,RI,INV149244,06/18/2024,B04610050355,983.10,.00,914103,461021117
120,RI,INV149257,06/18/2024,B04610050284,1279.41,.00,407303,461022153
120,RI,INV149260,06/18/2024,B04610050285,777.83,.00,407303,461022153
120,RI,INV149264,06/18/2024,B04610050317,1202.89,.00,958980,461022192
120,RI,INV149267,06/18/2024,B04610050372,1379.54,.00,328321,461328321
120,RI,INV149268,06/18/2024,063850,1068.42,.00,694013,694000013
120,RI,INV149280,06/18/2024,B02950002713,2475.56,.00,499301,295003395
120,RI,INV149289,06/18/2024,B04610050319,940.87,.00,309253,461309253
120,RI,INV149292,06/18/2024,57243269,1917.59,.00,432109,432153009
120,RI,INV149299,06/18/2024,B04610050329,598.71,.00,545313,461545313
120,RI,INV149300,06/18/2024,B04610050348,1092.10,.00,262755,461021054
120,RI,INV149322,06/18/2024,57174453,119.20,.00,432018,432053003
120,RI,INV149333,06/18/2024,57191620,7343.28,.00,432018,432053003
120,RI,INV149337,06/18/2024,B04610050308,1966.78,.00,461601,461020601
120,RI,INV149352,06/18/2024,Housekeeping,861.46,.00,620203,40000163
120,RI,INV149358,06/18/2024,57238566,680.84,.00,432019,432053000
120,RI,INV149368,06/18/2024,B04610050360,1732.53,.00,800857,461800857
120,RI,INV149370,06/18/2024,3497453,499.94,.00,316040,631001736
120,RI,INV149376,06/18/2024,B04610050314,1324.47,.00,407301,461021042
120,RI,INV149378,06/18/2024,57243257,647.70,.00,432017,432053001
120,RI,INV149384,06/18/2024,B07400017993,623.85,.00,350086,740100001
120,RI,INV149393,06/18/2024,Mason,1298.28,.00,755003,755310570
120,RI,INV149396,06/18/2024,B04610050359,1175.24,.00,326180,461326180
120,RI,INV149397,06/18/2024,B07550001625,849.62,.00,994262,755310573
120,RI,INV149414,06/18/2024,ORIOL07294,6794.51,.00,572757,572061757
120,RI,INV149416,06/18/2024,ORIOL07247,79.90,.00,572757,572061757
120,RI,INV149420,06/18/2024,ORIOL07231,3811.09,.00,572757,572061757
120,RI,INV149439,06/18/2024,B04610050345,1525.40,.00,556807,461556807
120,RI,INV149451,06/18/2024,B08010053343,57.18,.00,164064,801000574
120,RI,INV149456,06/18/2024,B04610050301,1771.70,.00,461874,461020874
120,RI,INV149457,06/18/2024,B04610050363,2437.36,.00,461130,461021030
120,RI,INV149459,06/18/2024,57237379,383.31,.00,449056,449031056
120,RI,INV149460,06/18/2024,- None -,818.71,.00,164371,
120,RI,INV149469,06/18/2024,B04610050339,2697.75,.00,309254,461020852
120,RI,INV149475,06/18/2024,57236962,6903.30,.00,449162,449049162
120,RI,INV149479,06/18/2024,- None -,1813.23,.00,164369,755000382
120,RI,INV149482,06/18/2024,Sean,668.87,.00,164371,755001991
120,RI,INV149492,06/18/2024,crathco,1812.60,.00,194660,461194660
120,RI,INV149500,06/18/2024,B04610050351,975.18,.00,194660,461194660
120,RI,INV149511,06/18/2024,30537,28375.81,.00,920013,92000013
120,RI,INV149525,06/18/2024,CHARLOTTE PETERSON,1887.00,.00,920012,
120,RI,INV149571,06/18/2024,B04060002842,353.99,.00,406001,406000001
120,RI,INV149580,06/18/2024,B04610050228,175.45,.00,407302,461132301
120,RI,INV149581,06/18/2024,B04610050282,53.28,.00,545311,461545311
120,RI,INV149582,06/18/2024,B04610050334,47.78,.00,94889,461133331
120,RI,INV149583,06/18/2024,B04610050324,105.73,.00,461822,461132822
120,RI,INV149586,06/18/2024,Fedex  Customer Cups,112.55,.00,461157,461021157
120,RI,INV149588,06/18/2024,B04610050274,380.81,.00,461545,461146545
120,RI,INV150013,06/18/2024,EMI YOSHI,62.54,.00,509001,461509001
120,RI,INV150059,06/18/2024,B04610050273,346.83,.00,737892,461134986
120,RI,INV150062,06/18/2024,B04610050381,484.39,.00,461334,461133334
120,RI,INV150063,06/18/2024,B04610050269,163.22,.00,461459,461145459
120,RI,INV150098,06/18/2024,BRIAN BERNER,2362.62,.00,920019,92000008
120,RI,INV150597,06/18/2024,B05540000550,649.14,.00,5540147,554000147
120,RI,INV150598,06/18/2024,6/17/24MB,992.24,.00,5540141,554000141
120,RI,INV150599,06/18/2024,B05540000552,2347.64,.00,5540103,554000103
120,RI,INV150601,06/18/2024,UTC_06/15,462.09,.00,5540150,554000150
120,RI,INV150604,06/18/2024,B05540000559,4867.78,.00,5540128,554000128
120,RI,INV150605,06/18/2024,B05540000556,493.70,.00,5540125,554000125
120,RI,INV150606,06/18/2024,B05540000538,1242.28,.00,5540145,554000145
120,RI,INV150607,06/18/2024,6/17/24BRK,992.24,.00,5540129,554000129
120,RI,INV150608,06/18/2024,B05540000553,1815.67,.00,5540105,554000105
120,RI,INV150609,06/18/2024,B05540000558,4701.76,.00,5540155,554000155
120,RI,INV150610,06/18/2024,B05540000554,2017.70,.00,5540104,554000104
120,RI,INV150611,06/18/2024,B05540000557,6001.26,.00,5540151,554000151
120,RI,INV150616,06/18/2024,B05540000555,590.58,.00,5540106,554000106
120,RI,INV150638,06/18/2024,BRYAN ROSAS,8344.40,.00,920016,92000005
120,RI,INV153693,06/18/2024,B05540000560,1618.89,.00,5540117,554000117
120,RI,INV149568,06/19/2024,GWOT Cups,124.40,.00,461407,461022407
120,RI,INV149573,06/19/2024,060224,28.83,.00,406001,406000001
120,RI,INV149608,06/19/2024,57040273,404.58,.00,449502,449552802
120,RI,INV149613,06/19/2024,57190399,607.70,.00,449010,449010000
120,RI,INV149621,06/19/2024,B04610050400,354.81,.00,272617,461023666
120,RI,INV149624,06/19/2024,B04610050395,37.82,.00,765955,461023327
120,RI,INV149631,06/19/2024,B04610050403,490.30,.00,461834,461023834
120,RI,INV149633,06/19/2024,B04610050401,1273.72,.00,272618,461023602
120,RI,INV149642,06/19/2024,B04610050394,1523.86,.00,367090,461022901
120,RI,INV149643,06/19/2024,B04610050411,1667.60,.00,367089,461367089
120,RI,INV149650,06/19/2024,B04610050409,1489.09,.00,772617,461772617
120,RI,INV149663,06/19/2024,B04610050393,1081.71,.00,765955,461023327
120,RI,INV149664,06/19/2024,57252210,5128.56,.00,449402,
120,RI,INV149665,06/19/2024,B04610050391,676.40,.00,461004,461023502
120,RI,INV149687,06/19/2024,- None -,951.99,.00,771562,755310567
120,RI,INV149688,06/19/2024,57256066,455.27,.00,469246,438045949
120,RI,INV149692,06/19/2024,NATS0000029048,147.14,.00,278496,572020003
120,RI,INV149694,06/19/2024,NATS0000028775,159.30,.00,278496,572020003
120,RI,INV149696,06/19/2024,DCUNI07637,190.33,.00,108003,572036578
120,RI,INV149697,06/19/2024,NATS0000028696,238.95,.00,278496,572020003
120,RI,INV149698,06/19/2024,NATS0000028736,1991.21,.00,278496,572020003
120,RI,INV149699,06/19/2024,1030,61.29,.00,499301,295001030
120,RI,INV149720,06/19/2024,57257638,897.06,.00,736438,438032093
120,RI,INV149723,06/19/2024,3502922,313.19,.00,593725,755310005
120,RI,INV149729,06/19/2024,063810,98.48,.00,694010,694000010
120,RI,INV149733,06/19/2024,063898,2442.88,.00,694009,694000009
120,RI,INV149738,06/19/2024,- None -,1016.83,.00,461011,461017011
120,RI,INV149739,06/19/2024,063892,2137.82,.00,694005,694000005
120,RI,INV149740,06/19/2024,063881,1122.43,.00,694014,694000014
120,RI,INV149764,06/19/2024,- None -,1141.49,.00,773527,755310566
120,RI,INV149813,06/19/2024,ORIOL07139,796.48,.00,572757,572061757
120,RI,INV149814,06/19/2024,ORIOL07061,1194.73,.00,572757,572061757
120,RI,INV149815,06/19/2024,ORIOL07093,159.30,.00,572757,572061757
120,RI,INV149816,06/19/2024,ORIOL07082,159.30,.00,572757,572061757
120,RI,INV149830,06/19/2024,ORIOL07251,3186.75,.00,572757,572061757
120,RI,INV149835,06/19/2024,57261965,565.47,.00,432016,432053006
120,RI,INV149840,06/19/2024,ORIOL07237,650.54,.00,572757,572061757
120,RI,INV149890,06/19/2024,B04610050408,1688.38,.00,406315,461406315
120,RI,INV149900,06/19/2024,B08010053298,33.98,.00,192752,801310733
120,RI,INV149905,06/19/2024,B08010053388,785.00,.00,282718,801005004
120,RI,INV149934,06/19/2024,B08010053622,4530.41,.00,282718,801005004
120,RI,INV149938,06/19/2024,eugenia,1128.38,.00,979400,041040047
120,RI,INV149955,06/19/2024,Steven,657.09,.00,755003,755310570
120,RI,INV149957,06/19/2024,David,791.57,.00,755002,
120,RI,INV149962,06/19/2024,57236962,3497.84,.00,449162,449049162
120,RI,INV149975,06/19/2024,DIETARY,635.22,.00,426644,
120,RI,INV150058,06/19/2024,B04610050299,18.34,.00,461147,461015147
120,RI,INV150083,06/19/2024,Chafers,2481.77,.00,461012,461149525
120,RI,INV150612,06/19/2024,6.17.24,524.56,.00,5540101,554000101
120,RI,INV150614,06/19/2024,B05540000562,976.01,.00,5540123,554000123
120,RI,INV151366,06/19/2024,B04610050274,50.50,.00,461545,461146545
120,RI,INV151691,06/19/2024,43336,4490.82,.00,765520,92000001
120,RI,INV152979,06/19/2024,547308,31087.08,.00,920009,92000009
120,RI,INV153086,06/19/2024,43336,9478.98,.00,765520,92000001
120,RI,INV149982,06/20/2024,will call,124.18,.00,545313,461545313
120,RI,INV150036,06/20/2024,straws,98.75,.00,461334,461133334
120,RI,INV150103,06/20/2024,56661369,160.46,.00,449302,449352802
120,RI,INV150108,06/20/2024,B04610049329,56.89,.00,406314,461406314
120,RI,INV150112,06/20/2024,B04610050432,1634.11,.00,406314,461406314
120,RI,INV150113,06/20/2024,B04610050445,2304.35,.00,461073,461024073
120,RI,INV150119,06/20/2024,DN2127000006060,137.90,.00,187250,187123250
120,RI,INV150128,06/20/2024,B04610050456,2281.50,.00,461407,461022407
120,RI,INV150138,06/20/2024,06192024,3099.14,.00,801002,801311061
120,RI,INV150142,06/20/2024,57184053,2000.07,.00,449402,
120,RI,INV150144,06/20/2024,B04610050419,721.73,.00,366744,461023113
120,RI,INV150158,06/20/2024,B04610050457,413.56,.00,461834,461023834
120,RI,INV150163,06/20/2024,B04610050451,50.17,.00,461002,461023112
120,RI,INV150167,06/20/2024,B04610050443,1217.99,.00,461002,461023112
120,RI,INV150176,06/20/2024,505020000167472,115.93,.00,430016,043000016
120,RI,INV150180,06/20/2024,57253453,2261.47,.00,552041,438020262
120,RI,INV150184,06/20/2024,0047,312.24,.00,499301,
120,RI,INV150188,06/20/2024,Chef Nik,1953.30,.00,421513,40000208
120,RI,INV150194,06/20/2024,57256511,142.88,.00,552041,438020262
120,RI,INV150205,06/20/2024,57175166,345.87,.00,449621,449023621
120,RI,INV150211,06/20/2024,B05760008254,949.97,.00,576820,576000820
120,RI,INV150212,06/20/2024,B04060002816,83.46,.00,406005,406000009
120,RI,INV150213,06/20/2024,NATS0000028754,159.30,.00,278496,572020003
120,RI,INV150218,06/20/2024,B07550001627,375.70,.00,755869,755310869
120,RI,INV150223,06/20/2024,B02950002716,1133.77,.00,499301,295003095
120,RI,INV150224,06/20/2024,NATS0000029033,336.49,.00,278496,572020003
120,RI,INV150225,06/20/2024,3510,825.37,.00,499301,295003510
120,RI,INV150227,06/20/2024,NATS0000029059,238.95,.00,278496,572020003
120,RI,INV150229,06/20/2024,B04610050430,1482.35,.00,632334,461022315
120,RI,INV150230,06/20/2024,B04610050420,2037.23,.00,262753,461019901
120,RI,INV150233,06/20/2024,B04610050427,1450.71,.00,62139,461019462
120,RI,INV150236,06/20/2024,B04610050418,2428.17,.00,580102,461580102
120,RI,INV150248,06/20/2024,1020,382.99,.00,499301,295001020
120,RI,INV150255,06/20/2024,NATS0000029188,244.40,.00,278496,572020003
120,RI,INV150257,06/20/2024,677645,905.81,.00,7370058,737000058
120,RI,INV150263,06/20/2024,3505180,357.16,.00,527001,527000241
120,RI,INV150264,06/20/2024,B04610050455,2197.88,.00,461803,461019803
120,RI,INV150265,06/20/2024,B04060002850,793.64,.00,406005,406000009
120,RI,INV150275,06/20/2024,57268866,3351.91,.00,434001,434011464
120,RI,INV150277,06/20/2024,1010,417.49,.00,499301,295001010
120,RI,INV150279,06/20/2024,3122,2181.05,.00,499301,295003122
120,RI,INV150288,06/20/2024,B07370000259,47.77,.00,7370058,737000058
120,RI,INV150289,06/20/2024,1030,190.61,.00,499301,295001030
120,RI,INV150294,06/20/2024,57011541,215.35,.00,440996,440057996
120,RI,INV150300,06/20/2024,57262822,733.16,.00,440995,440157995
120,RI,INV150303,06/20/2024,B04610050470,1142.16,.00,461171,461020171
120,RI,INV150306,06/20/2024,B02950002715,1720.63,.00,499301,295000057
120,RI,INV150311,06/20/2024,57269792,313.76,.00,440995,440157995
120,RI,INV150318,06/20/2024,B08010053547,1488.08,.00,801608,801910608
120,RI,INV150323,06/20/2024,B04610050425,2186.01,.00,461971,461019971
120,RI,INV150331,06/20/2024,57250999,802.63,.00,449956,449000956
120,RI,INV150333,06/20/2024,57158958,80.78,.00,432010,432053012
120,RI,INV150335,06/20/2024,56992830,370.04,.00,449956,449000956
120,RI,INV150339,06/20/2024,57226150,1528.51,.00,432011,432052999
120,RI,INV150343,06/20/2024,57253125,2496.32,.00,432010,432053012
120,RI,INV150352,06/20/2024,B04610050459,2747.12,.00,461801,461021801
120,RI,INV150362,06/20/2024,B04610050433,10733.71,.00,407300,461407300
120,RI,INV150380,06/20/2024,10071384,3683.82,.00,814703,740000003
120,RI,INV150383,06/20/2024,B07400018004,290.33,.00,350086,740100001
120,RI,INV150395,06/20/2024,HOUSEKEEPING,2440.54,.00,426644,
120,RI,INV150396,06/20/2024,B04610050446,321.54,.00,914103,461021117
120,RI,INV150408,06/20/2024,kristina,1617.19,.00,755004,755310571
120,RI,INV150412,06/20/2024,3466079,247.00,.00,245176,
120,RI,INV150416,06/20/2024,SLADE SCHOOL / NURSES,113.75,.00,245176,
120,RI,INV150429,06/20/2024,57254512,1660.68,.00,792426,440026831
120,RI,INV150439,06/20/2024,hickory knoll rd  janitoral,2419.37,.00,245176,
120,RI,INV150444,06/20/2024,B04610050452,2324.03,.00,461157,461021157
120,RI,INV150455,06/20/2024,57076750,1222.07,.00,449224,449000224
120,RI,INV150457,06/20/2024,57211571,2331.89,.00,449224,449000224
120,RI,INV150462,06/20/2024,57256289,36.95,.00,432012,432053004
120,RI,INV150464,06/20/2024,57210616,51.90,.00,432012,432053004
120,RI,INV150474,06/20/2024,57271448,2487.19,.00,432012,432053004
120,RI,INV150475,06/20/2024,B04610050458,3435.90,.00,461014,461021014
120,RI,INV150477,06/20/2024,57236962,202.54,.00,449162,449049162
120,RI,INV150478,06/20/2024,57271633,633.65,.00,432013,432053005
120,RI,INV150482,06/20/2024,B04610050437,2238.04,.00,461204,461021204
120,RI,INV150486,06/20/2024,57267728,42.15,.00,432013,432053005
120,RI,INV150499,06/20/2024,57208916,131.80,.00,702126,434005246
120,RI,INV150500,06/20/2024,B07550001625,87.50,.00,994262,755310573
120,RI,INV150507,06/20/2024,57259874,1614.99,.00,438346,438120346
120,RI,INV150539,06/20/2024,ORIOL07251,159.30,.00,572757,572061757
120,RI,INV150540,06/20/2024,ORIOL07139,796.48,.00,572757,572061757
120,RI,INV150542,06/20/2024,ORIOL07299,1149.42,.00,572757,572061757
120,RI,INV150543,06/20/2024,ORIOL07325,778.20,.00,572757,572061757
120,RI,INV150544,06/20/2024,ORIOL07170,1592.97,.00,572757,572061757
120,RI,INV150545,06/20/2024,ORIOL07237,79.65,.00,572757,572061757
120,RI,INV150546,06/20/2024,ORIOL07294,689.70,.00,572757,572061757
120,RI,INV150547,06/20/2024,ORIOL07273,8847.00,.00,572757,572061757
120,RI,INV150548,06/20/2024,ORIOL07337,151.68,.00,572757,572061757
120,RI,INV150551,06/20/2024,42403440,3861.22,.00,920009,92000009
120,RI,INV150613,06/20/2024,B05540000566,324.57,.00,5540146,554000146
120,RI,INV150615,06/20/2024,B05540000565,659.86,.00,5540139,554000139
120,RI,INV150617,06/20/2024,B05540000521,825.84,.00,5540140,554000140
120,RI,INV150618,06/20/2024,B05540000567,1548.48,.00,5540113,554000113
120,RI,INV150668,06/20/2024,Umbrella Hardware,20.51,.00,461313,461148313
120,RI,INV150672,06/20/2024,James/Mike,58.15,.00,164369,755000382
120,RI,INV151376,06/20/2024,B05540000563,670.58,.00,5540149,554000149
120,RI,INV151701,06/20/2024,92710,118.65,.00,920009,92000009
120,RI,INV151734,06/20/2024,KACEY GILL,3809.40,.00,920022,092000017
120,RI,INV156984,06/20/2024,92712,60680.48,.00,920009,92000009
120,RI,INV157006,06/20/2024,57236156,122.06,.00,449010,449010000
120,RI,INV150595,06/21/2024,WILL CALL,17.95,.00,326180,461326180
120,RI,INV150681,06/21/2024,hickory knoll rd  janitoral,80.25,.00,245176,
120,RI,INV150704,06/21/2024,56910501,124.82,.00,449302,
120,RI,INV150705,06/21/2024,3484401,335.70,.00,408888,370739920
120,RI,INV150709,06/21/2024,WHS,447.00,.00,136417,631005743
120,RI,INV150713,06/21/2024,B04610049457,122.26,.00,367089,461367089
120,RI,INV150722,06/21/2024,57272225,2746.01,.00,449010,449010000
120,RI,INV150724,06/21/2024,B04610050479,1211.69,.00,366744,461023113
120,RI,INV150728,06/21/2024,B04610050528,1220.82,.00,272617,461023666
120,RI,INV150729,06/21/2024,43181,144.95,.00,765520,92000001
120,RI,INV150736,06/21/2024,B04610050498,664.02,.00,461004,461023502
120,RI,INV150737,06/21/2024,43336,221.25,.00,765520,92000001
120,RI,INV150740,06/21/2024,43224,89.52,.00,765520,92000001
120,RI,INV150741,06/21/2024,43238,1484.90,.00,765520,92000001
120,RI,INV150756,06/21/2024,B04610050509,744.53,.00,272618,461023602
120,RI,INV150758,06/21/2024,B04610050501,992.51,.00,772617,461772617
120,RI,INV150764,06/21/2024,B04610050518,900.27,.00,765955,461023327
120,RI,INV150766,06/21/2024,E4832723,495.22,.00,150519,785004150
120,RI,INV150767,06/21/2024,B04610050505,1733.11,.00,367089,461367089
120,RI,INV150771,06/21/2024,B04610050530,1238.66,.00,461834,461023834
120,RI,INV150777,06/21/2024,B04610050532,187.21,.00,765955,461023327
120,RI,INV150786,06/21/2024,B04610050489,1094.43,.00,367090,461022901
120,RI,INV150787,06/21/2024,B04610050474,4.71,.00,62140,461018974
120,RI,INV150789,06/21/2024,B08010053127,115.62,.00,918024,801001150
120,RI,INV150790,06/21/2024,B08010053376,256.59,.00,918024,801001150
120,RI,INV150791,06/21/2024,B04610050469,29.88,.00,62140,461018974
120,RI,INV150792,06/21/2024,B08010053698,1093.81,.00,918024,801001150
120,RI,INV150794,06/21/2024,B04610050468,1475.51,.00,62140,461018974
120,RI,INV150795,06/21/2024,20200,47.50,.00,202000,755310524
120,RI,INV150796,06/21/2024,B04610050531,1090.14,.00,461030,461019030
120,RI,INV150797,06/21/2024,B04610050535,2291.85,.00,461701,461017601
120,RI,INV150798,06/21/2024,B04610050488,1978.52,.00,461691,461008691
120,RI,INV150799,06/21/2024,B04610050495,2156.45,.00,632333,461017112
120,RI,INV150800,06/21/2024,B04610050472,616.83,.00,461003,461019064
120,RI,INV150801,06/21/2024,B04610050529,3091.44,.00,812120,461812120
120,RI,INV150802,06/21/2024,B04610050544,735.56,.00,461011,461017011
120,RI,INV150803,06/21/2024,B04610050553,2752.72,.00,716507,461019406
120,RI,INV150804,06/21/2024,B04610050503,1536.94,.00,461053,461008053
120,RI,INV150805,06/21/2024,B04610050514,3824.83,.00,101889,461008096
120,RI,INV150806,06/21/2024,B05540000568,1426.21,.00,5540112,554000112
120,RI,INV150807,06/21/2024,B05540000572,918.60,.00,5540152,554000152
120,RI,INV150808,06/21/2024,B05540000570,1948.95,.00,5540115,554000115
120,RI,INV150809,06/21/2024,NATS0000029033,17.89,.00,278496,572020003
120,RI,INV150814,06/21/2024,57282821,690.95,.00,552041,438020262
120,RI,INV150822,06/21/2024,B04610050557,1571.76,.00,633233,461020165
120,RI,INV150829,06/21/2024,NATS0000029167,76.04,.00,278496,572020003
120,RI,INV150835,06/21/2024,B02950002718,3263.68,.00,499301,295003023
120,RI,INV150843,06/21/2024,B02950002717,1970.52,.00,499301,295003035
120,RI,INV150844,06/21/2024,B04610050537,1886.90,.00,765956,461020155
120,RI,INV150853,06/21/2024,57282286,1986.10,.00,441860,440061860
120,RI,INV150861,06/21/2024,B04610050490,1389.68,.00,862385,461022033
120,RI,INV150863,06/21/2024,57282464,31.75,.00,441860,440061860
120,RI,INV150868,06/21/2024,57191294,661.11,.00,449921,449044921
120,RI,INV150870,06/21/2024,56680998,177.89,.00,449481,449022481
120,RI,INV150871,06/21/2024,505020000167619,1435.77,.00,430016,043000016
120,RI,INV150876,06/21/2024,57036804,203.68,.00,449919,449044919
120,RI,INV150877,06/21/2024,505020000167620,432.64,.00,430016,043000016
120,RI,INV150878,06/21/2024,3486067,15.30,.00,736673,755000860
120,RI,INV150879,06/21/2024,57196686,92.16,.00,736438,438032093
120,RI,INV150880,06/21/2024,B04610050483,587.95,.00,461702,461018702
120,RI,INV150882,06/21/2024,B04610050465,1012.97,.00,509001,461509001
120,RI,INV150883,06/21/2024,57283932,1607.80,.00,449481,449022481
120,RI,INV150886,06/21/2024,3507742,1768.68,.00,736673,755000860
120,RI,INV150887,06/21/2024,HEATHER,3090.10,.00,755005,
120,RI,INV150891,06/21/2024,B04610050538,1168.31,.00,955264,461018052
120,RI,INV150892,06/21/2024,110210,3003.51,.00,953724,92000002
120,RI,INV150894,06/21/2024,57283275,11542.92,.00,168564,438021022
120,RI,INV150897,06/21/2024,57284799,1211.65,.00,331000,438022221
120,RI,INV150898,06/21/2024,57286814,1195.39,.00,736438,438032093
120,RI,INV150910,06/21/2024,57287905,177.76,.00,168564,438021022
120,RI,INV150911,06/21/2024,57287765,147.47,.00,736438,438032093
120,RI,INV150914,06/21/2024,063811,195.61,.00,694007,694000007
120,RI,INV150917,06/21/2024,1370,256.41,.00,499301,295001370
120,RI,INV150927,06/21/2024,B04610050485,1295.15,.00,328321,461328321
120,RI,INV150928,06/21/2024,3507349,198.67,.00,593725,755310005
120,RI,INV150937,06/21/2024,063929,1992.53,.00,694007,694000007
120,RI,INV150939,06/21/2024,B04610050539,1547.14,.00,958980,461022192
120,RI,INV150940,06/21/2024,B02950002719,1144.03,.00,499301,295001310
120,RI,INV150944,06/21/2024,- None -,1123.83,.00,773527,755310566
120,RI,INV150958,06/21/2024,B04610050555,110.53,.00,406315,461406315
120,RI,INV150969,06/21/2024,B04610050492,1333.11,.00,406315,461406315
120,RI,INV150970,06/21/2024,57287349,1512.27,.00,432010,432053012
120,RI,INV150972,06/21/2024,B04610050506,3593.64,.00,739888,461739888
120,RI,INV150973,06/21/2024,B08010053343,57.18,.00,164064,801000574
120,RI,INV150979,06/21/2024,Garfield,433.38,.00,164370,755001990
120,RI,INV150999,06/21/2024,1640,558.95,.00,499301,295001640
120,RI,INV151000,06/21/2024,B07400018008,438.01,.00,948085,740000143
120,RI,INV151001,06/21/2024,B04610050502,962.64,.00,914103,461021117
120,RI,INV151014,06/21/2024,B04610050550,2243.83,.00,461874,461020874
120,RI,INV151018,06/21/2024,Mike,88.28,.00,164369,755000382
120,RI,INV151027,06/21/2024,57288545,1349.48,.00,571300,438022241
120,RI,INV151032,06/21/2024,56086033,315.35,.00,391275,438020348
120,RI,INV151040,06/21/2024,56621311,315.35,.00,438352,438120352
120,RI,INV151059,06/21/2024,B08010053769,3498.39,.00,282718,801005004
120,RI,INV151062,06/21/2024,57285448,1681.27,.00,438346,438120346
120,RI,INV151063,06/21/2024,57284239,1701.77,.00,432007,432053002
120,RI,INV151068,06/21/2024,57286541,1954.86,.00,438351,438120351
120,RI,INV151093,06/21/2024,B04610050533,1113.57,.00,461130,461021030
120,RI,INV151095,06/21/2024,57283460,599.23,.00,432007,432053002
120,RI,INV151096,06/21/2024,B04610050534,1540.04,.00,262755,461021054
120,RI,INV151099,06/21/2024,57285021,2124.90,.00,438352,438120352
120,RI,INV151117,06/21/2024,B04610050546,1954.37,.00,326180,461326180
120,RI,INV151124,06/21/2024,ORIOL07356,1017.13,.00,572757,572061757
120,RI,INV151134,06/21/2024,Mason,942.26,.00,755003,755310570
120,RI,INV151137,06/21/2024,ORIOL07273,1819.04,.00,572757,572061757
120,RI,INV151140,06/21/2024,ORIOL07273,239.37,.00,572757,572061757
120,RI,INV151144,06/21/2024,57113067,63.55,.00,432017,432053001
120,RI,INV151146,06/21/2024,57270403,6047.06,.00,432018,432053003
120,RI,INV151149,06/21/2024,57278207,1378.94,.00,432017,432053001
120,RI,INV151154,06/21/2024,B04610050215,80.22,.00,800857,461800857
120,RI,INV151163,06/21/2024,B02950002720,1430.50,.00,499301,295003020
120,RI,INV151166,06/21/2024,B04610050542,1793.38,.00,800857,461800857
120,RI,INV151169,06/21/2024,57285742,699.80,.00,432019,432053000
120,RI,INV151186,06/21/2024,B04610050541,1707.26,.00,461601,461020601
120,RI,INV151187,06/21/2024,B04610050558,16.73,.00,556807,461556807
120,RI,INV151198,06/21/2024,kristina,583.78,.00,755004,755310571
120,RI,INV151201,06/21/2024,B04610050548,1658.69,.00,309254,461020852
120,RI,INV151202,06/21/2024,B04610050545,1601.85,.00,556807,461556807
120,RI,INV151205,06/21/2024,B04610050536,1328.10,.00,194660,461194660
120,RI,INV151219,06/21/2024,B04610050508,654.25,.00,545313,461545313
120,RI,INV151221,06/21/2024,B04610050494,697.82,.00,309253,461309253
120,RI,INV151229,06/21/2024,05312024,334.80,.00,187850,801310069
120,RI,INV151238,06/21/2024,B04610050478,1952.16,.00,914102,461021740
120,RI,INV151247,06/21/2024,B04610050491,545.16,.00,914102,461021740
120,RI,INV151257,06/21/2024,B04610050507,1755.97,.00,461074,461021704
120,RI,INV151369,06/21/2024,Cheese Wire,48.47,.00,545315,461145615
120,RI,INV151379,06/21/2024,Kids Cup,152.47,.00,593652,461115205
120,RI,INV151683,06/21/2024,B05540000571,1199.96,.00,5540114,554000114
120,RI,INV151756,06/21/2024,B04610050497,458.79,.00,461012,461149525
120,RI,INV151766,06/21/2024,B04610050512,174.20,.00,545316,461137214
120,RI,INV151276,06/24/2024,WILL CALL,274.26,.00,407300,461407300
120,RI,INV151279,06/24/2024,B04610050524,1293.67,.00,407301,461021042
120,RI,INV151305,06/24/2024,WILL CALL,194.45,.00,461074,461021704
120,RI,INV151373,06/24/2024,CRISTINA BETHEA,.00,.00,5540124,554000124
120,RI,INV151382,06/24/2024,straws,153.22,.00,461334,461133334
120,RI,INV151385,06/24/2024,56880569,68.01,.00,449302,449352802
120,RI,INV151387,06/24/2024,57191622,1091.07,.00,449523,449000523
120,RI,INV151389,06/24/2024,B08010053122,43.92,.00,801959,801310959
120,RI,INV151390,06/24/2024,57295845,9906.60,.00,449302,449352802
120,RI,INV151393,06/24/2024,B08010051754,1077.45,.00,801959,801310959
120,RI,INV151397,06/24/2024,57276998,7622.60,.00,449523,449000523
120,RI,INV151400,06/24/2024,57300193,5529.25,.00,449010,449010000
120,RI,INV151409,06/24/2024,B04610050599,440.13,.00,272617,461023666
120,RI,INV151410,06/24/2024,B04610050588,709.21,.00,461834,461023834
120,RI,INV151413,06/24/2024,DIETARY,2040.45,.00,324797,755000365
120,RI,INV151421,06/24/2024,B04610050580,1128.94,.00,765955,461023327
120,RI,INV151424,06/24/2024,B04610050601,1580.71,.00,367089,461367089
120,RI,INV151426,06/24/2024,B04610050571,1426.36,.00,461004,461023502
120,RI,INV151427,06/24/2024,43181,1304.55,.00,765520,92000001
120,RI,INV151428,06/24/2024,B04610050579,1068.33,.00,367090,461022901
120,RI,INV151429,06/24/2024,DIETARY,885.57,.00,324797,755000365
120,RI,INV151430,06/24/2024,B04610050594,1500.34,.00,772617,461772617
120,RI,INV151431,06/24/2024,B04610050586,1306.46,.00,272618,461023602
120,RI,INV151438,06/24/2024,B04610050585,198.01,.00,461004,461023502
120,RI,INV151449,06/24/2024,677645,136.63,.00,7370058,737000058
120,RI,INV151451,06/24/2024,B04610050573,1409.15,.00,461971,461019971
120,RI,INV151456,06/24/2024,Rebecca,1727.44,.00,572645,572052645
120,RI,INV151458,06/24/2024,57226150,72.50,.00,432011,432052999
120,RI,INV151460,06/24/2024,B04610050459,285.37,.00,461801,461021801
120,RI,INV151463,06/24/2024,B04610050592,1135.52,.00,461801,461021801
120,RI,INV151464,06/24/2024,57303877,2390.12,.00,432011,432052999
120,RI,INV151468,06/24/2024,57304820,1601.82,.00,441860,440061860
120,RI,INV151474,06/24/2024,3507349,97.73,.00,593725,755310005
120,RI,INV151484,06/24/2024,- None -,1427.60,.00,773527,755310566
120,RI,INV151485,06/24/2024,B04610050604,5184.73,.00,407303,461022153
120,RI,INV151486,06/24/2024,B04610050565,1489.95,.00,632334,461022315
120,RI,INV151496,06/24/2024,57303857,657.52,.00,168564,438021022
120,RI,INV151498,06/24/2024,3508599,175.75,.00,736673,755000860
120,RI,INV151499,06/24/2024,57175884,59.95,.00,432012,432053004
120,RI,INV151501,06/24/2024,B05760008254,42.63,.00,576820,576000820
120,RI,INV151503,06/24/2024,57303046,191.13,.00,432012,432053004
120,RI,INV151504,06/24/2024,57271448,175.93,.00,432012,432053004
120,RI,INV151509,06/24/2024,3509629,1530.47,.00,180501,572044317
120,RI,INV151511,06/24/2024,57303220,2184.85,.00,432012,432053004
120,RI,INV151512,06/24/2024,B04610050602,1800.73,.00,461014,461021014
120,RI,INV151513,06/24/2024,B04610050600,972.06,.00,461803,461019803
120,RI,INV151514,06/24/2024,3510,68.09,.00,499301,295003510
120,RI,INV151518,06/24/2024,57251160,109.03,.00,449056,449031056
120,RI,INV151528,06/24/2024,6416,829.84,.00,499301,295006416
120,RI,INV151538,06/24/2024,57302243,702.78,.00,449056,449031056
120,RI,INV151541,06/24/2024,B07400018008,42.35,.00,948085,740000143
120,RI,INV151549,06/24/2024,B04610050596,1139.61,.00,461157,461021157
120,RI,INV151551,06/24/2024,57288545,521.04,.00,571300,438022241
120,RI,INV151552,06/24/2024,ORIOL07325,128.95,.00,572757,572061757
120,RI,INV151554,06/24/2024,ORIOL07237,30.35,.00,572757,572061757
120,RI,INV151561,06/24/2024,ORIOL07231,30.35,.00,572757,572061757
120,RI,INV151563,06/24/2024,ORIOL06727,149.85,.00,572757,572061757
120,RI,INV151567,06/24/2024,ORIOL07412,512.93,.00,572757,572061757
120,RI,INV151568,06/24/2024,ORIOL07435,1287.90,.00,572757,572061757
120,RI,INV151569,06/24/2024,ORIOL07422,954.60,.00,572757,572061757
120,RI,INV151570,06/24/2024,B02950002724,558.04,.00,499301,295006480
120,RI,INV151572,06/24/2024,ORIOL07421,1106.85,.00,572757,572061757
120,RI,INV151576,06/24/2024,57270403,540.26,.00,432018,432053003
120,RI,INV151578,06/24/2024,B04610050581,2155.55,.00,262753,461019901
120,RI,INV151581,06/24/2024,ORIOL07430,510.43,.00,572757,572061757
120,RI,INV151590,06/24/2024,HOUSEKEEPING,915.47,.00,426644,
120,RI,INV151596,06/24/2024,57287349,311.77,.00,432010,432053012
120,RI,INV151599,06/24/2024,FILL IN,1185.20,.00,406315,461406315
120,RI,INV151603,06/24/2024,B04610050570,4041.95,.00,407300,461407300
120,RI,INV151604,06/24/2024,B04610050590,738.72,.00,406315,461406315
120,RI,INV151605,06/24/2024,FILL IN,1501.39,.00,739888,461739888
120,RI,INV151614,06/24/2024,B07550001630,702.65,.00,994262,755310573
120,RI,INV151619,06/24/2024,57300731,3932.48,.00,702126,434005246
120,RI,INV151630,06/24/2024,B04610050589,988.57,.00,545313,461545313
120,RI,INV151640,06/24/2024,DIETARY,1076.25,.00,426644,
120,RI,INV151643,06/24/2024,57226165,60.70,.00,432016,432053006
120,RI,INV151648,06/24/2024,57261965,34.85,.00,432016,432053006
120,RI,INV151655,06/24/2024,57236962,150.26,.00,449162,449049162
120,RI,INV151657,06/24/2024,B04610050569,645.73,.00,461204,461021204
120,RI,INV151660,06/24/2024,57307954,862.29,.00,614212,436044714
120,RI,INV151672,06/24/2024,3131,685.54,.00,499301,295003131
120,RI,INV151674,06/24/2024,B02950002722,2600.48,.00,499301,295003130
120,RI,INV151684,06/24/2024,B05540000574,976.01,.00,5540124,554000124
120,RI,INV151685,06/24/2024,B05540000582,264.31,.00,5540106,554000106
120,RI,INV151686,06/24/2024,HEATHERB6211,649.14,.00,5540119,554000119
120,RI,INV151687,06/24/2024,B05540000580,399.18,.00,5540149,554000149
120,RI,INV151688,06/24/2024,B05540000573,765.29,.00,5540110,554000110
120,RI,INV151689,06/24/2024,B05540000576,1295.23,.00,5540131,554000131
120,RI,INV151784,06/24/2024,57174312,817.22,.00,449919,449044919
120,RI,INV151695,06/25/2024,GWOT,125.27,.00,461130,461021030
120,RI,INV151708,06/25/2024,trays and cups,7994.15,.00,572757,572061757
120,RI,INV151711,06/25/2024,BRYAN ROSAS,12754.22,.00,920016,92000005
120,RI,INV151721,06/25/2024,WILL CALL,118.18,.00,406315,461406315
120,RI,INV151798,06/25/2024,57238024,92.76,.00,449302,449352802
120,RI,INV151800,06/25/2024,3510351,386.45,.00,646053,323393940
120,RI,INV151802,06/25/2024,B04610050621,395.62,.00,461002,461023112
120,RI,INV151807,06/25/2024,B04610050447,876.52,.00,461073,461024073
120,RI,INV151810,06/25/2024,B04610050632,3093.88,.00,461502,461024502
120,RI,INV151817,06/25/2024,57329087,4319.75,.00,449402,
120,RI,INV151819,06/25/2024,B04610050684,559.51,.00,461834,461023834
120,RI,INV151824,06/25/2024,B04610050660,2216.41,.00,406314,461406314
120,RI,INV151830,06/25/2024,62424,507.10,.00,323670,323394670
120,RI,INV151842,06/25/2024,DN2127000006145,1056.62,.00,187250,187123250
120,RI,INV151853,06/25/2024,00311356437,2058.55,.00,707655,707001655
120,RI,INV151854,06/25/2024,B07400018020,809.06,.00,241400,740300167
120,RI,INV151858,06/25/2024,B04610050635,794.83,.00,62139,461019462
120,RI,INV151859,06/25/2024,B04610050630,4060.00,.00,580102,461580102
120,RI,INV151863,06/25/2024,3512223,443.18,.00,527001,527000241
120,RI,INV151864,06/25/2024,B07400018023,599.67,.00,548063,740000248
120,RI,INV151865,06/25/2024,- None -,29.00,.00,722611,
120,RI,INV151868,06/25/2024,B04610050652,1480.29,.00,461407,461022407
120,RI,INV151869,06/25/2024,- None -,2237.08,.00,722611,
120,RI,INV151881,06/25/2024,3122,385.30,.00,499301,295003122
120,RI,INV151890,06/25/2024,B04610050625,1069.23,.00,62140,461018974
120,RI,INV151891,06/25/2024,B04610050648,1606.59,.00,716507,461019406
120,RI,INV151892,06/25/2024,B04610050651,1533.05,.00,461691,461008691
120,RI,INV151893,06/25/2024,B04610050675,1022.12,.00,461003,461019064
120,RI,INV151894,06/25/2024,B04610050657,1363.58,.00,461030,461019030
120,RI,INV151895,06/25/2024,B04610050656,1582.84,.00,101889,461008096
120,RI,INV151896,06/25/2024,B04610050680,1407.62,.00,461053,461008053
120,RI,INV151904,06/25/2024,3020,267.25,.00,499301,295003020
120,RI,INV151905,06/25/2024,57336993,489.49,.00,432019,432053000
120,RI,INV151906,06/25/2024,57303143,25.07,.00,432019,432053000
120,RI,INV151912,06/25/2024,B04610050616,1515.08,.00,461601,461020601
120,RI,INV151913,06/25/2024,B04610050696,2337.84,.00,800857,461800857
120,RI,INV151920,06/25/2024,CHEC,825.87,.00,397700,755000775
120,RI,INV151921,06/25/2024,57328016,1961.69,.00,469246,438045949
120,RI,INV151925,06/25/2024,- None -,426.88,.00,773527,755310566
120,RI,INV151933,06/25/2024,57330495,101.55,.00,33047,438044177
120,RI,INV151940,06/25/2024,1370,855.76,.00,499301,295001370
120,RI,INV151945,06/25/2024,B08010053376,188.43,.00,918024,801001150
120,RI,INV151946,06/25/2024,B04610050613,10.56,.00,461011,461017011
120,RI,INV151947,06/25/2024,B08010053698,502.48,.00,918024,801001150
120,RI,INV151948,06/25/2024,B04610050529,40.92,.00,812120,461812120
120,RI,INV151950,06/25/2024,20200,63.60,.00,202000,755310524
120,RI,INV151957,06/25/2024,B04610050627,1737.91,.00,461701,461017601
120,RI,INV151958,06/25/2024,B04610050640,1881.34,.00,509001,461509001
120,RI,INV151959,06/25/2024,B04610050655,2464.62,.00,632333,461017112
120,RI,INV151963,06/25/2024,Harry,2692.80,.00,953724,92000002
120,RI,INV151965,06/25/2024,B04610050689,1501.92,.00,955264,461018052
120,RI,INV151966,06/25/2024,B04610050654,2014.24,.00,812120,461812120
120,RI,INV151968,06/25/2024,B04610050688,786.47,.00,461011,461017011
120,RI,INV151972,06/25/2024,BRAD,3309.20,.00,202000,755310524
120,RI,INV151973,06/25/2024,B04610050702,2078.26,.00,461702,461018702
120,RI,INV151975,06/25/2024,B04610050343,26.77,.00,633233,461020165
120,RI,INV151977,06/25/2024,57163479,147.74,.00,441860,440061860
120,RI,INV151978,06/25/2024,B04610049699,53.53,.00,328321,461328321
120,RI,INV151979,06/25/2024,57282286,147.74,.00,441860,440061860
120,RI,INV151981,06/25/2024,B04610050537,98.40,.00,765956,461020155
120,RI,INV151983,06/25/2024,57163509,147.74,.00,441860,440061860
120,RI,INV151985,06/25/2024,57315626,1262.94,.00,441862,440161860
120,RI,INV151987,06/25/2024,B04610050612,448.49,.00,407303,461022153
120,RI,INV151988,06/25/2024,57315754,1954.11,.00,441862,440161860
120,RI,INV151993,06/25/2024,B04610050626,1023.62,.00,461171,461020171
120,RI,INV152004,06/25/2024,B04610050671,1029.40,.00,862385,461022033
120,RI,INV152012,06/25/2024,B04610050703,1397.77,.00,633233,461020165
120,RI,INV152016,06/25/2024,B04610050666,1215.79,.00,328321,461328321
120,RI,INV152018,06/25/2024,B04610050659,2768.40,.00,765956,461020155
120,RI,INV152019,06/25/2024,jesus,402.98,.00,979400,041040047
120,RI,INV152030,06/25/2024,B04610050692,1028.68,.00,958980,461022192
120,RI,INV152032,06/25/2024,B04610050697,173.22,.00,765956,461020155
120,RI,INV152034,06/25/2024,B07400018028,492.64,.00,574323,740000073
120,RI,INV152042,06/25/2024,NATS0000029245,3360.20,.00,278496,572020003
120,RI,INV152050,06/25/2024,57286467,49.00,.00,552041,438020262
120,RI,INV152064,06/25/2024,B04610050683,2036.08,.00,326180,461326180
120,RI,INV152069,06/25/2024,DCUNI07804,3643.02,.00,108003,572036578
120,RI,INV152070,06/25/2024,B04610050700,2031.84,.00,407301,461021042
120,RI,INV152078,06/25/2024,DCUNIO7819,198.37,.00,108003,572036578
120,RI,INV152079,06/25/2024,B04610050694,1460.23,.00,309254,461020852
120,RI,INV152082,06/25/2024,NATS0000029257,142.27,.00,278496,572020003
120,RI,INV152092,06/25/2024,57329599,685.31,.00,552041,438020262
120,RI,INV152103,06/25/2024,B04610050663,884.40,.00,545313,461545313
120,RI,INV152107,06/25/2024,B04610050661,1274.15,.00,309253,461309253
120,RI,INV152115,06/25/2024,B04610050623,1025.61,.00,461130,461021030
120,RI,INV152139,06/25/2024,B04610050506,40.92,.00,739888,461739888
120,RI,INV152150,06/25/2024,57286814,254.19,.00,736438,438032093
120,RI,INV152156,06/25/2024,57330607,1207.30,.00,571301,438014937
120,RI,INV152157,06/25/2024,1010,678.65,.00,499301,295001010
120,RI,INV152165,06/25/2024,63411,31.90,.00,781001,
120,RI,INV152180,06/25/2024,57336043,1197.40,.00,736438,438032093
120,RI,INV152188,06/25/2024,B04610050695,1756.02,.00,556807,461556807
120,RI,INV152193,06/25/2024,063963,511.15,.00,694005,694000005
120,RI,INV152200,06/25/2024,063979,916.84,.00,694014,694000014
120,RI,INV152204,06/25/2024,063977,4583.99,.00,694009,694000009
120,RI,INV152208,06/25/2024,B02950002728,4195.29,.00,499301,
120,RI,INV152216,06/25/2024,3395,231.82,.00,499301,295003395
120,RI,INV152218,06/25/2024,57335369,918.09,.00,391275,438020348
120,RI,INV152221,06/25/2024,B04610050678,1567.43,.00,262755,461021054
120,RI,INV152225,06/25/2024,B02950002726,1929.82,.00,499301,295003395
120,RI,INV152242,06/25/2024,B07400018030,309.30,.00,350086,740100001
120,RI,INV152263,06/25/2024,ORIOL06738,208.96,.00,572757,572061757
120,RI,INV152264,06/25/2024,57150378,44.94,.00,432017,432053001
120,RI,INV152266,06/25/2024,ORIOL07325,128.95,.00,572757,572061757
120,RI,INV152270,06/25/2024,ORIOL07456,257.90,.00,572757,572061757
120,RI,INV152272,06/25/2024,57270403,93.12,.00,432018,432053003
120,RI,INV152275,06/25/2024,57326590,4946.66,.00,432018,432053003
120,RI,INV152278,06/25/2024,57009689,3797.15,.00,449460,
120,RI,INV152285,06/25/2024,B04610050550,24.55,.00,461874,461020874
120,RI,INV152294,06/25/2024,B04610050704,1489.05,.00,461874,461020874
120,RI,INV152295,06/25/2024,Mike,1680.56,.00,164369,755000382
120,RI,INV152298,06/25/2024,- None -,894.02,.00,164371,755001991
120,RI,INV152305,06/25/2024,B04610050624,167.12,.00,914102,461021740
120,RI,INV152310,06/25/2024,B07400018016,631.84,.00,339330,740000237
120,RI,INV152314,06/25/2024,B04610050645,2088.19,.00,461074,461021704
120,RI,INV152315,06/25/2024,B04610050618,1944.06,.00,914102,461021740
120,RI,INV152326,06/25/2024,10071384,60.47,.00,814703,740000003
120,RI,INV152329,06/25/2024,10073777,737.50,.00,814703,740000003
120,RI,INV152330,06/25/2024,B07400018024,68.90,.00,593482,740000045
120,RI,INV152336,06/25/2024,B04610050687,1226.84,.00,914103,461021117
120,RI,INV152356,06/25/2024,B04610050667,886.34,.00,194660,461194660
120,RI,INV152360,06/25/2024,B02950002725,1386.78,.00,499301,295003750
120,RI,INV152372,06/25/2024,8567,1004.20,.00,920019,92000008
120,RI,INV152481,06/25/2024,B05540000587,972.38,.00,5540143,554000143
120,RI,INV152484,06/25/2024,B04610050702FedEx,84.06,.00,461702,461018702
120,RI,INV152487,06/25/2024,B05540000583,325.34,.00,5540154,554000154
120,RI,INV153050,06/25/2024,B04610050622,103.00,.00,461805,461146805
120,RI,INV152385,06/26/2024,- None -,214.20,.00,407301,461021042
120,RI,INV152393,06/26/2024,courier,214.20,.00,914102,461021740
120,RI,INV152461,06/26/2024,3512223,25.77,.00,527001,527000241
120,RI,INV152485,06/26/2024,Dispensers,18.35,.00,461147,461015147
120,RI,INV152489,06/26/2024,will call,91.15,.00,407301,461021042
120,RI,INV152490,06/26/2024,B04610049445,281.41,.00,366744,461023113
120,RI,INV152492,06/26/2024,NES,214.30,.00,136417,631005747
120,RI,INV152493,06/26/2024,HMS,162.84,.00,136417,631005748
120,RI,INV152494,06/26/2024,CBBES,128.88,.00,136417,631005753
120,RI,INV152496,06/26/2024,HMS,192.87,.00,136417,631005748
120,RI,INV152500,06/26/2024,LHS,259.18,.00,136417,631005738
120,RI,INV152502,06/26/2024,BMS,214.30,.00,136417,631005752
120,RI,INV152503,06/26/2024,JBBES,214.30,.00,136417,631005742
120,RI,INV152504,06/26/2024,SES,214.30,.00,136417,631005745
120,RI,INV152513,06/26/2024,57343715,1089.56,.00,449402,
120,RI,INV152517,06/26/2024,57190399,143.69,.00,449010,449010000
120,RI,INV152518,06/26/2024,57337367,10129.78,.00,449618,449054618
120,RI,INV152519,06/26/2024,B04610050714,923.17,.00,272617,461023666
120,RI,INV152520,06/26/2024,57272225,226.70,.00,449010,449010000
120,RI,INV152533,06/26/2024,B04610050724,765.13,.00,272618,461023602
120,RI,INV152534,06/26/2024,57337700,1992.34,.00,449618,449054618
120,RI,INV152538,06/26/2024,B04610050729,873.67,.00,461004,461023502
120,RI,INV152542,06/26/2024,B04610050727,1497.16,.00,772617,461772617
120,RI,INV152546,06/26/2024,B04610050722,475.30,.00,461834,461023834
120,RI,INV152559,06/26/2024,B04610050719,820.89,.00,367090,461022901
120,RI,INV152560,06/26/2024,B04610050721,1140.13,.00,765955,461023327
120,RI,INV152561,06/26/2024,B04610050740,490.62,.00,366744,461023113
120,RI,INV152564,06/26/2024,3514190,422.00,.00,646053,323393940
120,RI,INV152569,06/26/2024,B04610050734,890.09,.00,367089,461367089
120,RI,INV152592,06/26/2024,3513129,362.19,.00,593725,755310005
120,RI,INV152597,06/26/2024,57346358,1223.61,.00,33047,438044177
120,RI,INV152600,06/26/2024,063652,195.61,.00,694007,694000007
120,RI,INV152609,06/26/2024,B04610050742,354.90,.00,407303,461022153
120,RI,INV152610,06/26/2024,B04610050741,4449.31,.00,407303,461022153
120,RI,INV152611,06/26/2024,064007,2642.19,.00,694005,694000005
120,RI,INV152612,06/26/2024,Chef Nik,144.05,.00,421513,40000208
120,RI,INV152614,06/26/2024,B08010052957,481.26,.00,801294,801311294
120,RI,INV152616,06/26/2024,B07400018026,378.44,.00,139211,740000235
120,RI,INV152621,06/26/2024,B02950002731,859.84,.00,499301,295003036
120,RI,INV152624,06/26/2024,B04610050720,3793.90,.00,739889,461022601
120,RI,INV152625,06/26/2024,B02950002727,1579.55,.00,499301,295007042
120,RI,INV152634,06/26/2024,B02950002730,116.10,.00,499301,295001420
120,RI,INV152671,06/26/2024,- None -,1452.90,.00,771562,755310567
120,RI,INV152674,06/26/2024,3514550,1841.47,.00,736673,755000860
120,RI,INV152675,06/26/2024,- None -,1580.06,.00,773527,755310566
120,RI,INV152678,06/26/2024,- None -,773.76,.00,656100,755310438
120,RI,INV152685,06/26/2024,57054955,1055.70,.00,441860,440061860
120,RI,INV152686,06/26/2024,57268059,1055.70,.00,441860,440061860
120,RI,INV152687,06/26/2024,57100261,1055.70,.00,441860,440061860
120,RI,INV152688,06/26/2024,57227047,703.80,.00,441860,440061860
120,RI,INV152695,06/26/2024,B04610050736,349.33,.00,862385,461022033
120,RI,INV152708,06/26/2024,57345277,1206.25,.00,441860,440061860
120,RI,INV152710,06/26/2024,DUNCIO7794,1461.31,.00,108003,572036578
120,RI,INV152711,06/26/2024,57356118,5.88,.00,440995,440157995
120,RI,INV152713,06/26/2024,57286467,441.00,.00,552041,438020262
120,RI,INV152715,06/26/2024,DCUNI07804,188.31,.00,108003,572036578
120,RI,INV152726,06/26/2024,57327502,689.66,.00,432018,432153003
120,RI,INV152732,06/26/2024,57329162,1244.83,.00,432017,432053001
120,RI,INV152733,06/26/2024,3131,257.79,.00,499301,295003131
120,RI,INV152747,06/26/2024,3514576,209.32,.00,755004,755310571
120,RI,INV152751,06/26/2024,3513767,1898.75,.00,755004,755310571
120,RI,INV152776,06/26/2024,57350555,1171.86,.00,432007,432053002
120,RI,INV152787,06/26/2024,B08010053950,6981.23,.00,282718,801005004
120,RI,INV152788,06/26/2024,B08010053924,1952.55,.00,192752,801310733
120,RI,INV152819,06/26/2024,Mason,3562.88,.00,755003,755310570
120,RI,INV152824,06/26/2024,ORIOL07512,120.70,.00,572757,572061757
120,RI,INV152831,06/26/2024,ORIOL07511,486.34,.00,572757,572061757
120,RI,INV152832,06/26/2024,0040,761.73,.00,499301,295000040
120,RI,INV152840,06/26/2024,56663414,111.79,.00,432109,432153009
120,RI,INV152847,06/26/2024,B04610050433,461.46,.00,407300,461407300
120,RI,INV152862,06/26/2024,57349798,3087.24,.00,432109,432153009
120,RI,INV152865,06/26/2024,B07550001636,660.77,.00,994262,755310573
120,RI,INV152875,06/26/2024,B04610050730,822.12,.00,406315,461406315
120,RI,INV152881,06/26/2024,57348997,3823.07,.00,391275,438020348
120,RI,INV152892,06/26/2024,B04610050733,559.06,.00,739888,461739888
120,RI,INV152899,06/26/2024,B04610050739,123.21,.00,739888,461739888
120,RI,INV152911,06/26/2024,57347941,734.90,.00,432016,432053006
120,RI,INV152937,06/26/2024,B08010053342,196.98,.00,164064,801300002
120,RI,INV152939,06/26/2024,57346389,1569.22,.00,792426,440026831
120,RI,INV152948,06/26/2024,SLADE SCHOOL,6475.10,.00,245176,
120,RI,INV153052,06/26/2024,B04610050633,214.14,.00,461012,461149525
120,RI,INV153054,06/26/2024,B04610050611,179.97,.00,545316,461137214
120,RI,INV153066,06/26/2024,B04610050747,623.58,.00,461334,461133334
120,RI,INV153078,06/26/2024,B05540000588,875.39,.00,5540137,554000137
120,RI,INV153081,06/26/2024,B06252024,187.50,.00,5540107,554000107
120,RI,INV153083,06/26/2024,B05540000597,2017.70,.00,5540103,554000103
120,RI,INV153084,06/26/2024,B05540000595,700.99,.00,5540145,554000145
120,RI,INV153085,06/26/2024,B05540000594,659.86,.00,5540148,554000148
120,RI,INV153701,06/26/2024,B05540000596,324.57,.00,5540146,554000146
120,RI,INV153703,06/26/2024,B05540000599,306.20,.00,5540126,554000126
120,RI,INV156926,06/26/2024,B05540000589,1566.38,.00,5540149,554000149
120,RI,INV152964,06/27/2024,WILL CALL,52.86,.00,407301,461021042
120,RI,INV152992,06/27/2024,B04610050714,533.30,.00,272617,461023666
120,RI,INV152994,06/27/2024,COURIER,214.20,.00,800857,461800857
120,RI,INV153100,06/27/2024,JBMS,107.15,.00,136417,631005754
120,RI,INV153101,06/27/2024,57184053,306.76,.00,449402,
120,RI,INV153102,06/27/2024,2001091536,9225.98,.00,120109,459000001
120,RI,INV153104,06/27/2024,JRES,85.72,.00,136417,631005741
120,RI,INV153105,06/27/2024,B04610050432,24.55,.00,406314,461406314
120,RI,INV153106,06/27/2024,2001126189,4493.35,.00,120109,459000001
120,RI,INV153109,06/27/2024,LLES,107.15,.00,136417,631005739
120,RI,INV153110,06/27/2024,56923833,138.39,.00,449618,449054618
120,RI,INV153111,06/27/2024,2001126005,2219.88,.00,120109,459000001
120,RI,INV153112,06/27/2024,TMS,128.58,.00,136417,631005746
120,RI,INV153115,06/27/2024,B04610050660,42.03,.00,406314,461406314
120,RI,INV153118,06/27/2024,57337367,2585.57,.00,449618,449054618
120,RI,INV153119,06/27/2024,57343715,173.95,.00,449402,
120,RI,INV153124,06/27/2024,2001153415,1124.74,.00,120109,459000001
120,RI,INV153127,06/27/2024,B04610050768,595.14,.00,461407,461022407
120,RI,INV153130,06/27/2024,B04610050791,741.34,.00,461073,461024073
120,RI,INV153137,06/27/2024,B04610050771,331.03,.00,461002,461023112
120,RI,INV153141,06/27/2024,DIETARY,258.52,.00,545101,784000656
120,RI,INV153143,06/27/2024,Blair,744.61,.00,395170,401024502
120,RI,INV153155,06/27/2024,B04610050777,2293.34,.00,406314,461406314
120,RI,INV153156,06/27/2024,B04610050772,306.80,.00,366744,461023113
120,RI,INV153168,06/27/2024,NATS0000029033,17.89,.00,278496,572020003
120,RI,INV153170,06/27/2024,NATS0000029245,71.57,.00,278496,572020003
120,RI,INV153172,06/27/2024,DCUNI07837,1768.95,.00,108003,572036578
120,RI,INV153174,06/27/2024,NATS0000029321,178.81,.00,278496,572020003
120,RI,INV153175,06/27/2024,DCUNI07860,354.31,.00,108003,572036578
120,RI,INV153176,06/27/2024,DCUNI07847,575.44,.00,108003,572036578
120,RI,INV153181,06/27/2024,3122,2848.96,.00,499301,295003122
120,RI,INV153182,06/27/2024,NATS0000029298,598.17,.00,278496,572020003
120,RI,INV153184,06/27/2024,1030,681.10,.00,499301,295001030
120,RI,INV153186,06/27/2024,57368829,813.13,.00,571300,438022241
120,RI,INV153187,06/27/2024,DCUNI07844,144.57,.00,108003,572036578
120,RI,INV153188,06/27/2024,57309547,2734.69,.00,449224,449000224
120,RI,INV153190,06/27/2024,B04610050602,16.37,.00,461014,461021014
120,RI,INV153191,06/27/2024,syrup pourers,147.81,.00,461014,461021014
120,RI,INV153194,06/27/2024,57364487,63.71,.00,432012,432053004
120,RI,INV153201,06/27/2024,B04610050796,4071.65,.00,461014,461021014
120,RI,INV153202,06/27/2024,57364592,2035.83,.00,432012,432053004
120,RI,INV153216,06/27/2024,B04610050755,1742.30,.00,632334,461022315
120,RI,INV153221,06/27/2024,064039,78.78,.00,694005,694000005
120,RI,INV153223,06/27/2024,B04610050793,1827.08,.00,407303,461022153
120,RI,INV153225,06/27/2024,00311356437,74.83,.00,707655,707001655
120,RI,INV153246,06/27/2024,674451,1062.07,.00,7370058,737000058
120,RI,INV153249,06/27/2024,B04610050799,2009.45,.00,461803,461019803
120,RI,INV153274,06/27/2024,B04610050758,1769.57,.00,580102,461580102
120,RI,INV153280,06/27/2024,B04610050751,1121.47,.00,62139,461019462
120,RI,INV153294,06/27/2024,B02950002732,963.73,.00,499301,295000057
120,RI,INV153308,06/27/2024,57363264,585.46,.00,440996,440057996
120,RI,INV153315,06/27/2024,B04610050748,153.92,.00,262753,461019901
120,RI,INV153324,06/27/2024,B04610050723,2805.62,.00,262753,461019901
120,RI,INV153359,06/27/2024,B02950002733,499.77,.00,499301,295003750
120,RI,INV153364,06/27/2024,B04610050801,88.84,.00,461157,461021157
120,RI,INV153366,06/27/2024,B04610050800,2797.77,.00,461157,461021157
120,RI,INV153389,06/27/2024,06252024,655.36,.00,180501,572044317
120,RI,INV153393,06/27/2024,57365667,139.60,.00,432011,432052999
120,RI,INV153395,06/27/2024,57362207,788.34,.00,432013,432053005
120,RI,INV153403,06/27/2024,57365643,1469.04,.00,432011,432052999
120,RI,INV153415,06/27/2024,B07400018042,184.81,.00,413154,740000093
120,RI,INV153441,06/27/2024,B07400018049,429.23,.00,740185,740100185
120,RI,INV153443,06/27/2024,B07400018051,839.74,.00,887489,740000268
120,RI,INV153448,06/27/2024,10020728,92.10,.00,666213,
120,RI,INV153451,06/27/2024,B04610050797,1808.43,.00,461204,461021204
120,RI,INV153460,06/27/2024,B07400018043,367.44,.00,948085,740000143
120,RI,INV153480,06/27/2024,B07400018028,97.41,.00,574323,740000073
120,RI,INV153485,06/27/2024,57362418,11738.54,.00,702126,434005246
120,RI,INV153495,06/27/2024,B04610050774,321.30,.00,407300,461407300
120,RI,INV153500,06/27/2024,57364430,2983.60,.00,432010,432053012
120,RI,INV153501,06/27/2024,B04610050770,9818.44,.00,407300,461407300
120,RI,INV153509,06/27/2024,ORIOL07456,128.95,.00,572757,572061757
120,RI,INV153517,06/27/2024,B04610050459,267.32,.00,461801,461021801
120,RI,INV153520,06/27/2024,ORIOL07548,1762.58,.00,572757,572061757
120,RI,INV153527,06/27/2024,57326590,136.36,.00,432018,432053003
120,RI,INV153534,06/27/2024,57363943,3387.82,.00,432018,432053003
120,RI,INV153542,06/27/2024,ORIOL07581,75.02,.00,572757,572061757
120,RI,INV153545,06/27/2024,B04610050792,2433.31,.00,461801,461021801
120,RI,INV153558,06/27/2024,ORIOL07578,3052.70,.00,572757,572061757
120,RI,INV153575,06/27/2024,B04610050767,1958.84,.00,461971,461019971
120,RI,INV153650,06/27/2024,063963,70.81,.00,694005,694000005
120,RI,INV153651,06/27/2024,BLAIR,62.92,.00,395170,401024502
120,RI,INV153652,06/27/2024,063977,70.81,.00,694009,694000009
120,RI,INV153655,06/27/2024,Blair,90.35,.00,395170,401024502
120,RI,INV153698,06/27/2024,FedEx,48.49,.00,461407,461022407
120,RI,INV153704,06/27/2024,B05540000600,792.61,.00,5540139,554000139
120,RI,INV153705,06/27/2024,B05540000598,862.10,.00,5540118,554000118
120,RI,INV153928,06/27/2024,B05540000601,1223.19,.00,5540121,554000121
120,RI,INV157009,06/27/2024,547313,4400.51,.00,920009,92000009
120,RI,INV153695,06/28/2024,B07400018026,16.54,.00,139211,740000235
120,RI,INV153707,06/28/2024,57329087,138.39,.00,449402,
120,RI,INV153708,06/28/2024,B04610050757,292.58,.00,765955,461023327
120,RI,INV153712,06/28/2024,57194100,589.63,.00,449302,449352802
120,RI,INV153713,06/28/2024,57272225,561.59,.00,449010,449010000
120,RI,INV153714,06/28/2024,57106042,375.48,.00,449302,
120,RI,INV153719,06/28/2024,57184053,553.57,.00,449402,
120,RI,INV153726,06/28/2024,B04610050827,1079.43,.00,367090,461022901
120,RI,INV153730,06/28/2024,B04610050847,530.90,.00,272618,461023602
120,RI,INV153732,06/28/2024,B04610050862,1775.02,.00,772617,461772617
120,RI,INV153736,06/28/2024,B04610050806,1323.43,.00,461004,461023502
120,RI,INV153739,06/28/2024,B04610050845,851.64,.00,367089,461367089
120,RI,INV153740,06/28/2024,B04610050846,1020.40,.00,461834,461023834
120,RI,INV153751,06/28/2024,57381630,5808.99,.00,449010,449010000
120,RI,INV153753,06/28/2024,LHS,44.88,.00,136417,631005738
120,RI,INV153759,06/28/2024,B04610050826,1309.20,.00,765955,461023327
120,RI,INV153760,06/28/2024,B04610050840,124.18,.00,765955,461023327
120,RI,INV153764,06/28/2024,CLBEM,14.96,.00,136417,631005753
120,RI,INV153771,06/28/2024,SES,128.58,.00,136417,631005745
120,RI,INV153782,06/28/2024,B04610050835,237.29,.00,765955,461023327
120,RI,INV153784,06/28/2024,064039,236.34,.00,694005,694000005
120,RI,INV153788,06/28/2024,064057,375.00,.00,694011,694000011
120,RI,INV153790,06/28/2024,064055,561.00,.00,694012,694000012
120,RI,INV153791,06/28/2024,064060,542.60,.00,694015,694000015
120,RI,INV153796,06/28/2024,064054,2893.24,.00,694007,694000007
120,RI,INV153797,06/28/2024,B04610050738,1169.76,.00,62140,461018974
120,RI,INV153798,06/28/2024,B04610050761,15.60,.00,62140,461018974
120,RI,INV153799,06/28/2024,B04610050662,1995.65,.00,716507,461019406
120,RI,INV153800,06/28/2024,B04610050814,890.38,.00,461003,461019064
120,RI,INV153801,06/28/2024,B04610050828,1511.70,.00,461691,461008691
120,RI,INV153802,06/28/2024,B04610050853,1644.62,.00,461053,461008053
120,RI,INV153803,06/28/2024,B04610050839,863.12,.00,461030,461019030
120,RI,INV153804,06/28/2024,B04610050878,3979.64,.00,101889,461008096
120,RI,INV153806,06/28/2024,57380786,511.47,.00,440996,440057996
120,RI,INV153809,06/28/2024,B04610050875,45.38,.00,765956,461020155
120,RI,INV153811,06/28/2024,B04610050224,84.06,.00,633233,461020165
120,RI,INV153816,06/28/2024,57362475,2197.26,.00,441860,440061860
120,RI,INV153819,06/28/2024,B04610050830,1732.96,.00,765956,461020155
120,RI,INV153824,06/28/2024,B04610050873,1673.15,.00,633233,461020165
120,RI,INV153826,06/28/2024,B04610050885,59.88,.00,765956,461020155
120,RI,INV153828,06/28/2024,B04610050887,34.41,.00,765956,461020155
120,RI,INV153833,06/28/2024,B04610050816,1489.02,.00,955264,461018052
120,RI,INV153834,06/28/2024,B04610050805,1411.01,.00,509001,461509001
120,RI,INV153835,06/28/2024,B04610050708,252.44,.00,461702,461018702
120,RI,INV153836,06/28/2024,B04610050851,270.86,.00,461702,461018702
120,RI,INV153837,06/28/2024,57379667,1711.33,.00,449919,449044919
120,RI,INV153838,06/28/2024,B04610050834,1878.90,.00,632333,461017112
120,RI,INV153854,06/28/2024,B04610050626,11.93,.00,461171,461020171
120,RI,INV153859,06/28/2024,NATS0000029366,5556.62,.00,278496,572020003
120,RI,INV153864,06/28/2024,B04610050831,1469.56,.00,862385,461022033
120,RI,INV153868,06/28/2024,B04610050815,1737.26,.00,461171,461020171
120,RI,INV153871,06/28/2024,B04610050865,1553.17,.00,461011,461017011
120,RI,INV153877,06/28/2024,SO10075746,638.57,.00,421513,40000208
120,RI,INV153880,06/28/2024,B02950002721,4222.87,.00,499301,295003023
120,RI,INV153881,06/28/2024,B04610050870,1664.06,.00,461701,461017601
120,RI,INV153886,06/28/2024,B04610050864,1932.76,.00,812120,461812120
120,RI,INV153887,06/28/2024,57381411,770.39,.00,552041,438020262
120,RI,INV153904,06/28/2024,57381529,1855.25,.00,168564,438021022
120,RI,INV153915,06/28/2024,PARVIZ 3122,459.54,.00,499301,295003122
120,RI,INV153916,06/28/2024,- None -,203.90,.00,499302,
120,RI,INV153919,06/28/2024,57382299,1963.82,.00,571300,438022241
120,RI,INV153926,06/28/2024,57380835,1620.57,.00,736438,438032093
120,RI,INV153929,06/28/2024,B05540000544,2441.21,.00,5540133,554000133
120,RI,INV153930,06/28/2024,B05540000607,1173.82,.00,5540106,554000106
120,RI,INV153931,06/28/2024,B05540000606,553.70,.00,5540109,554000109
120,RI,INV153932,06/28/2024,02,649.14,.00,5540130,554000130
120,RI,INV153933,06/28/2024,HEATHERB627,544.88,.00,5540119,554000119
120,RI,INV153934,06/28/2024,B05540000602,700.99,.00,5540122,554000122
120,RI,INV153935,06/28/2024,B05540000603,2397.18,.00,5540135,554000135
120,RI,INV153953,06/28/2024,B04610050883,1496.80,.00,309254,461020852
120,RI,INV153954,06/28/2024,B04610050880,9.94,.00,958980,461022192
120,RI,INV153958,06/28/2024,B04610050867,949.51,.00,958980,461022192
120,RI,INV153964,06/28/2024,B04610050882,806.45,.00,407303,461022153
120,RI,INV153967,06/28/2024,B04610050884,1709.76,.00,328321,461328321
120,RI,INV153982,06/28/2024,B04610050860,2180.10,.00,461130,461021030
120,RI,INV153985,06/28/2024,B07400018052,366.18,.00,413154,740000093
120,RI,INV153986,06/28/2024,57385925,1091.49,.00,432007,432053002
120,RI,INV153997,06/28/2024,B07400018049,48.71,.00,740185,740100185
120,RI,INV154037,06/28/2024,B04610050705,1642.88,.00,556807,461556807
120,RI,INV154045,06/28/2024,B04610050889,2911.15,.00,194660,461194660
120,RI,INV154047,06/28/2024,B04610050891,67.58,.00,194660,461194660
120,RI,INV154050,06/28/2024,B04610050874,65.80,.00,406315,461406315
120,RI,INV154058,06/28/2024,B04610050770,474.12,.00,407300,461407300
120,RI,INV154062,06/28/2024,B04610050813,1149.76,.00,309253,461309253
120,RI,INV154065,06/28/2024,57362418,1309.85,.00,702126,434005246
120,RI,INV154069,06/28/2024,B04610050886,2136.69,.00,262755,461021054
120,RI,INV154070,06/28/2024,B04610050849,920.85,.00,406315,461406315
120,RI,INV154071,06/28/2024,B04610050832,627.36,.00,545313,461545313
120,RI,INV154075,06/28/2024,B04610050876,2638.61,.00,739888,461739888
120,RI,INV154076,06/28/2024,57384789,26320.61,.00,449460,449001460
120,RI,INV154077,06/28/2024,B04610050524,71.55,.00,407301,461021042
120,RI,INV154079,06/28/2024,B04610050542,8.27,.00,800857,461800857
120,RI,INV154105,06/28/2024,57379015,1286.94,.00,449440,449054440
120,RI,INV154106,06/28/2024,EUGENIA,1063.26,.00,979400,041040047
120,RI,INV154107,06/28/2024,57379027,977.80,.00,449440,449054440
120,RI,INV154109,06/28/2024,57379050,898.41,.00,449440,449054440
120,RI,INV154112,06/28/2024,57385138,526.79,.00,432016,432053006
120,RI,INV154126,06/28/2024,- None -,272.10,.00,316040,631001736
120,RI,INV154137,06/28/2024,B04610050866,1525.12,.00,461601,461020601
120,RI,INV154140,06/28/2024,B04610050850,1892.97,.00,326180,461326180
120,RI,INV154141,06/28/2024,B04610050871,1757.13,.00,407301,461021042
120,RI,INV154142,06/28/2024,57381634,542.29,.00,432019,432053000
120,RI,INV154144,06/28/2024,B04610050879,1185.96,.00,800857,461800857
120,RI,INV154147,06/28/2024,57381790,43.30,.00,432019,432053000
120,RI,INV154154,06/28/2024,B04610050861,1810.69,.00,914103,461021117
120,RI,INV154170,06/28/2024,ORIOL06916,710.50,.00,572757,572061757
120,RI,INV154172,06/28/2024,B07400017880,117.86,.00,644141,740000066
120,RI,INV154174,06/28/2024,ORIOL06905,142.10,.00,572757,572061757
120,RI,INV154178,06/28/2024,ORIOL06800,142.10,.00,572757,572061757
120,RI,INV154180,06/28/2024,ORIOL07337,142.10,.00,572757,572061757
120,RI,INV154182,06/28/2024,B07400018035,276.64,.00,339330,740000237
120,RI,INV154183,06/28/2024,ORIOL07325,142.10,.00,572757,572061757
120,RI,INV154190,06/28/2024,ORIOL07511,142.10,.00,572757,572061757
120,RI,INV154191,06/28/2024,B04610050790,2563.47,.00,461874,461020874
120,RI,INV154192,06/28/2024,B04610050823,2401.27,.00,914102,461021740
120,RI,INV154195,06/28/2024,57379007,3540.08,.00,449441,449054441
120,RI,INV154204,06/28/2024,57378958,12026.95,.00,449441,449054441
120,RI,INV154207,06/28/2024,B04610050844,1933.54,.00,461074,461021704
120,RI,INV154210,06/28/2024,57381633,1681.27,.00,438346,438120346
120,RI,INV154212,06/28/2024,57379002,5226.52,.00,449441,449054441
120,RI,INV154220,06/28/2024,57378994,4090.12,.00,449441,449054441
120,RI,INV154228,06/28/2024,57375066,903.47,.00,432017,432053001
120,RI,INV154229,06/28/2024,57379463,1770.83,.00,449282,449049282
120,RI,INV154232,06/28/2024,57379475,2444.04,.00,449282,449049282
120,RI,INV154233,06/28/2024,ORIOL07641,5741.99,.00,572757,572061757
120,RI,INV154234,06/28/2024,57379280,6750.23,.00,449282,449049282
120,RI,INV154235,06/28/2024,57379370,1736.21,.00,449282,449049282
120,RI,INV154320,06/28/2024,B04610050750,61.68,.00,461334,461133334
120,RI,INV154321,06/28/2024,Blair,106.09,.00,395170,401024502
120,RI,INV154327,06/28/2024,B04610050527,98.09,.00,461122,461129122
120,RI,INV156983,06/28/2024,92917,8841.02,.00,920009,92000009
120,RI,INV154251,07/01/2024,Blender  Courier,643.62,.00,262755,461021054
120,RI,INV154276,07/01/2024,will call,261.40,.00,407301,461021042
120,RI,INV154305,07/01/2024,- None -,115.65,.00,914103,461021117
120,RI,INV154347,07/01/2024,57382786,4941.74,.00,449523,449000523
120,RI,INV154350,07/01/2024,B04610050729,70.54,.00,461004,461023502
120,RI,INV154352,07/01/2024,3522038,233.38,.00,646053,323393940
120,RI,INV154353,07/01/2024,B04610050784,211.63,.00,272617,461023666
120,RI,INV154355,07/01/2024,B04610050845,798.39,.00,367089,461367089
120,RI,INV154356,07/01/2024,B04610050862,44.49,.00,772617,461772617
120,RI,INV154366,07/01/2024,B04610050923,655.40,.00,461834,461023834
120,RI,INV154370,07/01/2024,B04610050917,567.35,.00,272617,461023666
120,RI,INV154371,07/01/2024,B04610050916,1061.02,.00,765955,461023327
120,RI,INV154374,07/01/2024,B04610050933,712.01,.00,366744,461023113
120,RI,INV154377,07/01/2024,B04610050912,724.75,.00,461004,461023502
120,RI,INV154379,07/01/2024,57397512,4185.05,.00,449402,
120,RI,INV154380,07/01/2024,B04610050910,1114.88,.00,772617,461772617
120,RI,INV154384,07/01/2024,57393471,942.20,.00,449561,449059561
120,RI,INV154386,07/01/2024,B04610050930,1036.88,.00,367089,461367089
120,RI,INV154392,07/01/2024,57396679,13644.53,.00,449302,449352802
120,RI,INV154397,07/01/2024,B04610050924,459.17,.00,367090,461022901
120,RI,INV154413,07/01/2024,B04610050565,11.93,.00,632334,461022315
120,RI,INV154415,07/01/2024,B04610050907,1545.61,.00,632334,461022315
120,RI,INV154436,07/01/2024,B04610050920,43.00,.00,461971,461019971
120,RI,INV154437,07/01/2024,B04610050723,11.25,.00,262753,461019901
120,RI,INV154440,07/01/2024,B04610050911,995.77,.00,461971,461019971
120,RI,INV154447,07/01/2024,B04610050936,2177.09,.00,262753,461019901
120,RI,INV154450,07/01/2024,57394338,2055.28,.00,432012,432053004
120,RI,INV154451,07/01/2024,B04610050925,522.55,.00,461803,461019803
120,RI,INV154452,07/01/2024,57395821,3879.28,.00,449224,449000224
120,RI,INV154453,07/01/2024,57394125,193.48,.00,432012,432053004
120,RI,INV154454,07/01/2024,508843,156.80,.00,432012,432053004
120,RI,INV154458,07/01/2024,B04610050929,1122.02,.00,461014,461021014
120,RI,INV154475,07/01/2024,CHAR 6416,1160.83,.00,499301,295006416
120,RI,INV154476,07/01/2024,57362418,512.55,.00,702126,434005246
120,RI,INV154482,07/01/2024,57400266,1068.06,.00,574672,438019842
120,RI,INV154488,07/01/2024,57282821,66.95,.00,552041,438020262
120,RI,INV154492,07/01/2024,nats0000029287,2877.04,.00,278496,572020003
120,RI,INV154493,07/01/2024,NATS0000029336,4182.87,.00,278496,572020003
120,RI,INV154495,07/01/2024,NATS0000029387,62.49,.00,278496,572020003
120,RI,INV154498,07/01/2024,NATS0000029428,1242.66,.00,278496,572020003
120,RI,INV154499,07/01/2024,NATS0000029301,1426.54,.00,278496,572020003
120,RI,INV154501,07/01/2024,NATS0000029420,151.58,.00,278496,572020003
120,RI,INV154508,07/01/2024,57395454,1390.97,.00,552041,438020262
120,RI,INV154517,07/01/2024,NATS0000029495,71.61,.00,278496,572020003
120,RI,INV154522,07/01/2024,B04610050927,800.20,.00,406315,461406315
120,RI,INV154525,07/01/2024,B04610050908,5809.62,.00,407300,461407300
120,RI,INV154532,07/01/2024,NATS0000029366,265.15,.00,278496,572020003
120,RI,INV154535,07/01/2024,FILL IN,1182.00,.00,406315,461406315
120,RI,INV154536,07/01/2024,3510,663.36,.00,499301,295003510
120,RI,INV154538,07/01/2024,FILL IN,1501.39,.00,739888,461739888
120,RI,INV154542,07/01/2024,57362493,1759.88,.00,441860,440061860
120,RI,INV154545,07/01/2024,B02950002734,4466.55,.00,499301,295000057
120,RI,INV154548,07/01/2024,B04610050934,466.94,.00,862385,461022033
120,RI,INV154556,07/01/2024,57383648,1475.59,.00,792426,440026831
120,RI,INV154580,07/01/2024,B04610050938,872.97,.00,461204,461021204
120,RI,INV154581,07/01/2024,10021078,8.53,.00,666213,
120,RI,INV154592,07/01/2024,B04610050931,1070.40,.00,461157,461021157
120,RI,INV154599,07/01/2024,56475143,226.03,.00,449282,449049282
120,RI,INV154603,07/01/2024,57348997,228.92,.00,391275,438020348
120,RI,INV154604,07/01/2024,56972789,301.38,.00,449282,449049282


120,RI,INV154611,07/01/2024,Rebecca,2369.43,.00,572645,572052645
120,RI,INV154613,07/01/2024,57394421,28.57,.00,432017,432053001
120,RI,INV154617,07/01/2024,57384789,5555.83,.00,449460,
120,RI,INV154618,07/01/2024,B02950002735,1532.84,.00,499301,295003131
120,RI,INV154623,07/01/2024,57394001,1369.75,.00,432017,432053001
120,RI,INV154624,07/01/2024,57396769,1896.18,.00,391275,438020348
120,RI,INV154627,07/01/2024,B04610050932,1265.97,.00,461801,461021801
120,RI,INV154648,07/01/2024,B05540000609,707.14,.00,5540140,554000140
120,RI,INV154649,07/01/2024,B05540000608,612.40,.00,5540144,554000144
120,RI,INV154722,07/01/2024,57381529,75.07,.00,168564,438021022
120,RI,INV154745,07/01/2024,6/28,650.68,.00,5540102,554000102
120,RI,INV154748,07/01/2024,B05540000610,994.59,.00,5540123,554000123
120,RI,INV158727,07/01/2024,Annapolis,230.82,.00,406315,461406315
120,RI,INV154740,07/02/2024,Can opener,179.80,.00,461471,461134471
120,RI,INV154744,07/02/2024,57394338,104.38,.00,432012,432053004
120,RI,INV154749,07/02/2024,OPS,.00,.00,136417,
120,RI,INV154760,07/02/2024,- None -,260.59,.00,461407,461022407
120,RI,INV154763,07/02/2024,B04610050956,2712.26,.00,461502,461024502
120,RI,INV154768,07/02/2024,B04610051032,687.85,.00,367089,461367089
120,RI,INV154770,07/02/2024,B04610051034,519.84,.00,366744,461023113
120,RI,INV154773,07/02/2024,B04610050991,1028.73,.00,461073,461024073
120,RI,INV154775,07/02/2024,B04610051018,3221.66,.00,461407,461022407
120,RI,INV154779,07/02/2024,B04610050995,448.39,.00,461002,461023112
120,RI,INV154784,07/02/2024,B04610051031,388.29,.00,461834,461023834
120,RI,INV154787,07/02/2024,Add on,469.82,.00,461002,461023112
120,RI,INV154791,07/02/2024,B04610051001,1867.18,.00,406314,461406314
120,RI,INV154794,07/02/2024,7/2,1652.08,.00,722611,
120,RI,INV154798,07/02/2024,B04610050853,.91,.00,461053,461008053
120,RI,INV154799,07/02/2024,B04610050973,2686.48,.00,716507,461019406
120,RI,INV154800,07/02/2024,B04610050964,857.26,.00,461003,461019064
120,RI,INV154801,07/02/2024,B04610050954,607.48,.00,62140,461018974
120,RI,INV154802,07/02/2024,B04610051013,1172.36,.00,461691,461008691
120,RI,INV154803,07/02/2024,Add on,595.00,.00,461030,461019030
120,RI,INV154804,07/02/2024,B04610051019,1223.12,.00,461053,461008053
120,RI,INV154805,07/02/2024,B04610050994,297.56,.00,461030,461019030
120,RI,INV154806,07/02/2024,B04610050986,1234.28,.00,101889,461008096
120,RI,INV154811,07/02/2024,B04610050941,6.74,.00,461011,461017011
120,RI,INV154812,07/02/2024,B04610050904,331.15,.00,62139,461019462
120,RI,INV154813,07/02/2024,B04610050278,49.75,.00,580102,461580102
120,RI,INV154818,07/02/2024,B04610050970,1334.21,.00,580102,461580102
120,RI,INV154820,07/02/2024,3122,291.10,.00,499301,295003122
120,RI,INV154821,07/02/2024,B04610050980,1247.25,.00,62139,461019462
120,RI,INV154822,07/02/2024,84AJP00030753,403.29,.00,524390,41040051
120,RI,INV154824,07/02/2024,B04610051024,1619.91,.00,461011,461017011
120,RI,INV154827,07/02/2024,B04610051014,1068.21,.00,812120,461812120
120,RI,INV154830,07/02/2024,57411767,2907.57,.00,736438,438032093
120,RI,INV154832,07/02/2024,B04610051027,3296.53,.00,461701,461017601
120,RI,INV154833,07/02/2024,Add On,928.35,.00,812120,461812120
120,RI,INV154842,07/02/2024,1030,283.80,.00,499301,295001030
120,RI,INV154845,07/02/2024,57421651,210.94,.00,736438,438032093
120,RI,INV154846,07/02/2024,57421692,356.27,.00,552041,438020262
120,RI,INV154847,07/02/2024,57158878,128.95,.00,552041,438020262
120,RI,INV154848,07/02/2024,57395454,128.95,.00,552041,438020262
120,RI,INV154851,07/02/2024,NATS0000029558,174.86,.00,278496,572020003
120,RI,INV154855,07/02/2024,NATS0000029271,786.85,.00,278496,572020003
120,RI,INV154890,07/02/2024,B04610051022,1395.76,.00,955264,461018052
120,RI,INV154892,07/02/2024,B04610050958,1376.04,.00,509001,461509001
120,RI,INV154893,07/02/2024,B04610051023,1670.82,.00,461702,461018702
120,RI,INV154899,07/02/2024,B04610051003,2360.33,.00,632333,461017112
120,RI,INV154926,07/02/2024,B04610050947,671.92,.00,407303,461022153
120,RI,INV154933,07/02/2024,064120,886.45,.00,694014,694000014
120,RI,INV154942,07/02/2024,Email,1505.82,.00,958980,461022192
120,RI,INV154945,07/02/2024,64074,191.00,.00,781001,
120,RI,INV154951,07/02/2024,B02950002740,1332.97,.00,499301,295003095
120,RI,INV154952,07/02/2024,B04610051009,1775.61,.00,328321,461328321
120,RI,INV154970,07/02/2024,B02950002741,558.17,.00,499301,295006480
120,RI,INV154975,07/02/2024,B04610051007,1006.83,.00,556807,461556807
120,RI,INV154997,07/02/2024,B04610051036,2206.05,.00,545313,461545313
120,RI,INV154999,07/02/2024,57423114,6067.85,.00,702126,434005246
120,RI,INV155006,07/02/2024,B04610050542,76.43,.00,800857,461800857
120,RI,INV155007,07/02/2024,57420402,905.84,.00,432019,432053000
120,RI,INV155016,07/02/2024,B04610050948,1945.62,.00,461601,461020601
120,RI,INV155017,07/02/2024,B04610051026,3310.91,.00,309254,461020852
120,RI,INV155025,07/02/2024,B04610051025,2267.15,.00,800857,461800857
120,RI,INV155049,07/02/2024,B04610051004,882.99,.00,461074,461021704
120,RI,INV155050,07/02/2024,B04610050968,2538.71,.00,914102,461021740
120,RI,INV155058,07/02/2024,Add on,1621.65,.00,461074,461021704
120,RI,INV155071,07/02/2024,57419385,447.14,.00,449936,449051936
120,RI,INV155076,07/02/2024,57419960,578.65,.00,449936,449051936
120,RI,INV155082,07/02/2024,57419357,5059.15,.00,449936,449051936
120,RI,INV155090,07/02/2024,57407898,1612.50,.00,441862,440161860
120,RI,INV155093,07/02/2024,B04610051035,985.09,.00,633233,461020165
120,RI,INV155096,07/02/2024,B04610050969,1070.81,.00,461171,461020171
120,RI,INV155097,07/02/2024,B04610051017,2284.19,.00,765956,461020155
120,RI,INV155106,07/02/2024,B04610050494,76.43,.00,309253,461309253
120,RI,INV155120,07/02/2024,B04610051006,1808.85,.00,461874,461020874
120,RI,INV155121,07/02/2024,B04610051011,825.85,.00,309253,461309253
120,RI,INV155138,07/02/2024,57419798,4844.78,.00,449056,449031056
120,RI,INV155160,07/02/2024,57407677,92.64,.00,432017,432053001
120,RI,INV155162,07/02/2024,57412966,4030.90,.00,449460,
120,RI,INV155164,07/02/2024,57384789,1758.68,.00,449460,
120,RI,INV155167,07/02/2024,57379370,1972.33,.00,449282,449049282
120,RI,INV155183,07/02/2024,B04610051020,1540.01,.00,326180,461326180
120,RI,INV155190,07/02/2024,Add On,637.74,.00,407301,461021042
120,RI,INV155224,07/02/2024,57423049,911.72,.00,438346,438120346
120,RI,INV155229,07/02/2024,57418022,9226.54,.00,432018,432053003
120,RI,INV155230,07/02/2024,B04610051010,605.69,.00,407301,461021042
120,RI,INV155237,07/02/2024,B02950002739,1281.92,.00,499301,295003395
120,RI,INV155247,07/02/2024,B04610051030,1176.35,.00,914103,461021117
120,RI,INV155256,07/02/2024,57406810,2575.25,.00,432007,432053002
120,RI,INV155259,07/02/2024,57420895,20513.18,.00,449162,449049162
120,RI,INV155265,07/02/2024,B04610051015,876.40,.00,194660,461194660
120,RI,INV155271,07/02/2024,NATS0000029514,8154.44,.00,278496,572020003
120,RI,INV155301,07/02/2024,Blair,62.95,.00,395170,401024502
120,RI,INV155302,07/02/2024,Blair,62.95,.00,395170,401024502
120,RI,INV155311,07/02/2024,B04610050943,56.22,.00,461334,461133334
120,RI,INV155313,07/02/2024,B04610050942,428.47,.00,461334,461133334
120,RI,INV155318,07/02/2024,B04610050821,189.77,.00,461459,461145459
120,RI,INV155324,07/02/2024,B04610049888,172.55,.00,461304,461154304
120,RI,INV155341,07/02/2024,B05540000614,306.20,.00,5540125,554000125
120,RI,INV155348,07/02/2024,B05540000616,2498.25,.00,5540115,554000115
120,RI,INV155351,07/02/2024,B05540000625,659.86,.00,5540134,554000134
120,RI,INV155352,07/02/2024,B05540000620,1224.80,.00,5540152,554000152
120,RI,INV155353,07/02/2024,B05540000621,578.74,.00,5540124,554000124
120,RI,INV155354,07/02/2024,B05540000624,1866.84,.00,5540131,554000131
120,RI,INV155355,07/02/2024,7.1.24,552.12,.00,5540101,554000101
120,RI,INV155356,07/02/2024,B05540000590,1126.44,.00,5540136,554000136
120,RI,INV155357,07/02/2024,B05540000618,324.57,.00,5540132,554000132
120,RI,INV155358,07/02/2024,B05540000619,119.25,.00,5540126,554000126
120,RI,INV155945,07/02/2024,B05540000627,325.34,.00,5540154,554000154
120,RI,INV156488,07/02/2024,B05540000617,1922.03,.00,5540114,554000114
120,RI,INV156489,07/02/2024,B05540000623,305.78,.00,5540118,554000118
120,RI,INV155291,07/03/2024,WILL CALL,302.78,.00,914103,461021117
120,RI,INV155342,07/03/2024,Can opener,164.33,.00,461545,461146545
120,RI,INV155361,07/03/2024,3509604,129.45,.00,646053,323393940
120,RI,INV155362,07/03/2024,56661369,522.62,.00,449302,449352802
120,RI,INV155363,07/03/2024,3514190,258.90,.00,646053,323393940
120,RI,INV155369,07/03/2024,3522038,258.90,.00,646053,323393940
120,RI,INV155387,07/03/2024,B04610051066,904.81,.00,461834,461023834
120,RI,INV155394,07/03/2024,3526582,349.06,.00,646053,323393940
120,RI,INV155400,07/03/2024,57436499,13171.56,.00,449302,449352802
120,RI,INV155408,07/03/2024,B04610051062,1309.83,.00,272618,461023602
120,RI,INV155418,07/03/2024,B04610051075,744.42,.00,367089,461367089
120,RI,INV155427,07/03/2024,B04610051042,2277.74,.00,461004,461023502
120,RI,INV155432,07/03/2024,B04610051056,1343.36,.00,765955,461023327
120,RI,INV155436,07/03/2024,B04610051057,1405.00,.00,367090,461022901
120,RI,INV155441,07/03/2024,NATS0000029366,295.80,.00,278496,572020003
120,RI,INV155444,07/03/2024,1730,264.46,.00,499301,295001730
120,RI,INV155447,07/03/2024,B02950002742,1383.63,.00,499301,
120,RI,INV155449,07/03/2024,NATS0000029508,578.89,.00,278496,572020003
120,RI,INV155451,07/03/2024,B02950002744,745.62,.00,499301,295001904
120,RI,INV155452,07/03/2024,57411767,479.60,.00,736438,438032093
120,RI,INV155454,07/03/2024,NATS0000029649,149.46,.00,278496,572020003
120,RI,INV155457,07/03/2024,57437323,936.80,.00,331000,438022221
120,RI,INV155458,07/03/2024,57437873,810.53,.00,552041,438020262
120,RI,INV155461,07/03/2024,57440424,1702.93,.00,571300,438022241
120,RI,INV155470,07/03/2024,1020,343.43,.00,499301,295001020
120,RI,INV155477,07/03/2024,3036,306.32,.00,499301,295003036
120,RI,INV155487,07/03/2024,B04610051074,3.18,.00,739889,461022601
120,RI,INV155488,07/03/2024,B04610051076,1104.38,.00,862385,461022033
120,RI,INV155493,07/03/2024,B04610051081,1761.20,.00,739889,461022601
120,RI,INV155510,07/03/2024,57438912,1751.61,.00,441860,440061860
120,RI,INV155526,07/03/2024,Breanna,324.00,.00,524390,41040051
120,RI,INV155546,07/03/2024,064160,175.20,.00,694014,694000014
120,RI,INV155547,07/03/2024,B04610051063,1059.33,.00,407303,461022153
120,RI,INV155593,07/03/2024,ORIOLE07709,7348.72,.00,572757,572061757
120,RI,INV155598,07/03/2024,ORIOL07691,4079.11,.00,572757,572061757
120,RI,INV155683,07/03/2024,B04610051073,1496.08,.00,406315,461406315
120,RI,INV155691,07/03/2024,57437788,3030.38,.00,432010,432053012
120,RI,INV155695,07/03/2024,57379027,102.44,.00,449440,449054440
120,RI,INV155696,07/03/2024,56453014,150.69,.00,449440,449054440
120,RI,INV155828,07/03/2024,B04610051068,1260.59,.00,461130,461021030
120,RI,INV155831,07/03/2024,57420895,198.53,.00,449162,449049162
120,RI,INV155841,07/03/2024,57378994,102.44,.00,449441,449054441
120,RI,INV155855,07/03/2024,57438357,952.49,.00,391275,438020348
120,RI,INV155858,07/03/2024,57436115,3464.35,.00,432109,432153009
120,RI,INV155861,07/03/2024,57396769,5.34,.00,391275,438020348
120,RI,INV155914,07/03/2024,B04610050897,34.82,.00,461122,461129122
120,RI,INV155930,07/03/2024,B04610051046,54.87,.00,461147,461015147
120,RI,INV155941,07/03/2024,B04610050982,532.60,.00,461147,461015147
120,RI,INV155955,07/03/2024,B05540000628,3375.55,.00,5540138,554000138
120,RI,INV155957,07/03/2024,B05540000629,1648.88,.00,5540120,554000120
120,RI,INV155959,07/03/2024,B05540000635,841.89,.00,5540148,554000148
120,RI,INV155960,07/03/2024,B05540000631,1326.37,.00,5540147,554000147
120,RI,INV155961,07/03/2024,7/2/24 BRK,1780.95,.00,5540129,554000129
120,RI,INV155962,07/03/2024,7/2/24 MM,713.33,.00,5540142,554000142
120,RI,INV155963,07/03/2024,B05540000634,581.74,.00,5540111,554000111
120,RI,INV155964,07/03/2024,UTC_07/01,612.40,.00,5540150,554000150
120,RI,INV155965,07/03/2024,B05540000630,1645.26,.00,5540123,554000123
120,RI,INV156490,07/03/2024,B05540000633,1331.29,.00,5540149,554000149
120,RI,INV157004,07/03/2024,BRIAN BERNER,2576.00,.00,920019,92000008
120,RI,INV157642,07/03/2024,547292,3301.80,.00,920009,92000009
120,RI,INV155980,07/05/2024,B04610051137,325.62,.00,461407,461022407
120,RI,INV155986,07/05/2024,B04610051142,1450.74,.00,62140,461018974
120,RI,INV155987,07/05/2024,B04610051105,1306.52,.00,461030,461019030
120,RI,INV155988,07/05/2024,B04610051130,311.02,.00,461691,461008691
120,RI,INV155989,07/05/2024,B04610051096,786.17,.00,461053,461008053
120,RI,INV155990,07/05/2024,B04610051100,1117.24,.00,716507,461019406
120,RI,INV155991,07/05/2024,B04610051101,2069.43,.00,101889,461008096
120,RI,INV155996,07/05/2024,B04610051147,1214.10,.00,461803,461019803
120,RI,INV156000,07/05/2024,B05760008322,794.59,.00,576820,576000820
120,RI,INV156013,07/05/2024,57456658,12124.28,.00,168564,438021022
120,RI,INV156027,07/05/2024,57418261,252.86,.00,449903,449044903
120,RI,INV156029,07/05/2024,B04610051080,541.08,.00,509001,461509001
120,RI,INV156031,07/05/2024,B04610051088,1026.11,.00,461011,461017011
120,RI,INV156035,07/05/2024,B04610051118,684.42,.00,461702,461018702
120,RI,INV156038,07/05/2024,B04610051106,1767.86,.00,262753,461019901
120,RI,INV156045,07/05/2024,57453830,1774.93,.00,449502,449552802
120,RI,INV156047,07/05/2024,57453058,2529.48,.00,449402,
120,RI,INV156053,07/05/2024,B04610051145,1191.59,.00,812120,461812120
120,RI,INV156054,07/05/2024,B04610051122,2075.89,.00,461701,461017601
120,RI,INV156055,07/05/2024,B04610051157,2029.45,.00,955264,461018052
120,RI,INV156071,07/05/2024,B04610051099,1844.85,.00,406314,461406314
120,RI,INV156085,07/05/2024,57454216,1283.34,.00,441860,440061860
120,RI,INV156086,07/05/2024,B04610051146,812.94,.00,633233,461020165
120,RI,INV156087,07/05/2024,B04610051111,1148.18,.00,461171,461020171
120,RI,INV156089,07/05/2024,B02950002747,2791.23,.00,499301,295000057
120,RI,INV156090,07/05/2024,B04610051139,1682.72,.00,765956,461020155
120,RI,INV156097,07/05/2024,NATS0000029701,301.29,.00,278496,572020003
120,RI,INV156102,07/05/2024,NATS0000029737,113.69,.00,278496,
120,RI,INV156104,07/05/2024,57272225,179.70,.00,449010,449010000
120,RI,INV156106,07/05/2024,57381630,135.15,.00,449010,449010000
120,RI,INV156107,07/05/2024,B04610051107,747.09,.00,765955,461023327
120,RI,INV156111,07/05/2024,B04610051082,1044.11,.00,272617,461023666
120,RI,INV156123,07/05/2024,NATS0000029671,256.31,.00,278496,572020003
120,RI,INV156124,07/05/2024,B04610051124,313.55,.00,461834,461023834
120,RI,INV156125,07/05/2024,B04610051131,560.38,.00,461002,461023112
120,RI,INV156127,07/05/2024,B04610051102,752.95,.00,366744,461023113
120,RI,INV156129,07/05/2024,EVS,581.65,.00,323670,323394670
120,RI,INV156135,07/05/2024,57452710,664.94,.00,432013,432053005
120,RI,INV156137,07/05/2024,B04060002870,780.16,.00,406005,406000009
120,RI,INV156138,07/05/2024,B04610051085,894.06,.00,62139,461019462
120,RI,INV156142,07/05/2024,B04610051078,1058.08,.00,580102,461580102
120,RI,INV156146,07/05/2024,57452949,86.25,.00,432013,432053005
120,RI,INV156147,07/05/2024,57452819,2361.14,.00,432012,432053004
120,RI,INV156151,07/05/2024,57452719,57.75,.00,432013,432053005
120,RI,INV156153,07/05/2024,B04610051143,3614.42,.00,461014,461021014
120,RI,INV156154,07/05/2024,B04610051140,22.28,.00,461003,461019064
120,RI,INV156155,07/05/2024,B04610051083,483.89,.00,461003,461019064
120,RI,INV156156,07/05/2024,57452722,63.71,.00,432012,432053004
120,RI,INV156181,07/05/2024,0047,54.40,.00,499301,
120,RI,INV156182,07/05/2024,57437805,1902.11,.00,736438,438032093
120,RI,INV156190,07/05/2024,3122,719.22,.00,499301,295003122
120,RI,INV156192,07/05/2024,57461469,1719.66,.00,571300,438022241
120,RI,INV156194,07/05/2024,B04610050871,179.65,.00,407301,461021042
120,RI,INV156202,07/05/2024,57414810,2449.98,.00,432011,432052999
120,RI,INV156206,07/05/2024,B04610051095,1359.16,.00,407301,461021042
120,RI,INV156216,07/05/2024,B04610051117,1141.69,.00,326180,461326180
120,RI,INV156232,07/05/2024,B04610051114,1813.06,.00,739888,461739888
120,RI,INV156236,07/05/2024,B04610051149,2257.28,.00,461874,461020874
120,RI,INV156254,07/05/2024,B04610051155,1779.04,.00,461801,461021801
120,RI,INV156267,07/05/2024,B04610051087,1607.32,.00,461971,461019971
120,RI,INV156268,07/05/2024,B04610051086,1284.83,.00,461601,461020601
120,RI,INV156270,07/05/2024,57456867,651.65,.00,432019,432053000
120,RI,INV156275,07/05/2024,57454189,772.07,.00,438593,438122593
120,RI,INV156295,07/05/2024,Paper Towel Dispenser,.02,.00,309254,461020852
120,RI,INV156315,07/05/2024,B04610051109,1518.53,.00,309254,461020852
120,RI,INV156317,07/05/2024,Lauren,243.44,.00,671683,631004513
120,RI,INV156321,07/05/2024,eugenia,817.78,.00,979400,041040047
120,RI,INV156340,07/05/2024,B04610051125,659.33,.00,914103,461021117
120,RI,INV156351,07/05/2024,B02950002748,1262.24,.00,499301,295003130
120,RI,INV156358,07/05/2024,ORIOL07678,1657.23,.00,572757,572061757
120,RI,INV156359,07/05/2024,ORIOL07716,5610.25,.00,572757,572061757
120,RI,INV156363,07/05/2024,B04610051089,507.79,.00,461204,461021204
120,RI,INV156366,07/05/2024,B04610051092,1757.99,.00,914102,461021740
120,RI,INV156367,07/05/2024,B04610051091,573.93,.00,309253,461309253
120,RI,INV156371,07/05/2024,ORIOL07698,11.62,.00,572757,572061757
120,RI,INV156372,07/05/2024,57412966,302.35,.00,449460,
120,RI,INV156379,07/05/2024,ORIOL07725,2404.54,.00,572757,572061757
120,RI,INV156392,07/05/2024,B04610051132,1527.24,.00,461157,461021157
120,RI,INV156403,07/05/2024,B04610051110,991.21,.00,545313,461545313
120,RI,INV156404,07/05/2024,ORIOL07739,15.14,.00,572757,572061757
120,RI,INV156405,07/05/2024,B04610051153,726.86,.00,461130,461021030
120,RI,INV156412,07/05/2024,B04610051133,408.59,.00,958980,461022192
120,RI,INV156426,07/05/2024,B04610051134,434.35,.00,461157,461021157
120,RI,INV156435,07/05/2024,B04610051112,1082.68,.00,461074,461021704
120,RI,INV156436,07/05/2024,B04610051103,1020.53,.00,632334,461022315
120,RI,INV156439,07/05/2024,B04610051127,1214.70,.00,194660,461194660
120,RI,INV156441,07/05/2024,57448817,3259.87,.00,432018,432053003
120,RI,INV156442,07/05/2024,B04610051138,1222.84,.00,556807,461556807
120,RI,INV156443,07/05/2024,ORIOL07738,774.48,.00,572757,572061757
120,RI,INV156450,07/05/2024,B04610051115,989.20,.00,328321,461328321
120,RI,INV156477,07/05/2024,57418647,10797.69,.00,449956,449000956
120,RI,INV156485,07/05/2024,B04610050886,2322.08,.00,262755,461021054
120,RI,INV156486,07/05/2024,B04610050348,76.43,.00,262755,461021054
120,RI,INV156491,07/05/2024,B05540000639,811.23,.00,5540110,554000110
120,RI,INV156492,07/05/2024,B05540000638,237.40,.00,5540140,554000140
120,RI,INV156493,07/05/2024,B05540000636,1824.99,.00,5540139,554000139
120,RI,INV156494,07/05/2024,B05540000640,724.49,.00,5540144,554000144
120,RI,INV156495,07/05/2024,B05540000637,1298.29,.00,5540112,554000112
120,RI,INV156592,07/05/2024,B04610051159,34.40,.00,461471,461134471
120,RI,INV156529,07/08/2024,NATS0000029740,1935.56,.00,278496,572020003
120,RI,INV156531,07/08/2024,NATS0000029746,4841.89,.00,278496,572020003
120,RI,INV156532,07/08/2024,- None -,497.84,.00,461204,461021204
120,RI,INV156533,07/08/2024,NATS0000029752,4605.53,.00,278496,572020003
120,RI,INV156535,07/08/2024,NATS0000029779,1063.08,.00,278496,572020003
120,RI,INV156547,07/08/2024,- None -,56.60,.00,461130,461021030
120,RI,INV156627,07/08/2024,57382786,61.84,.00,449523,449000523
120,RI,INV156638,07/08/2024,57452561,4431.52,.00,449523,449000523
120,RI,INV156641,07/08/2024,3530449,442.19,.00,646053,323393940
120,RI,INV156651,07/08/2024,57462954,4713.49,.00,449010,449010000
120,RI,INV156654,07/08/2024,B04610051183,800.91,.00,367090,461022901
120,RI,INV156657,07/08/2024,B04610051176,995.60,.00,272618,461023602
120,RI,INV156660,07/08/2024,B04610051195,1035.41,.00,272617,461023666
120,RI,INV156676,07/08/2024,B04610051181,2034.87,.00,765955,461023327
120,RI,INV156678,07/08/2024,B04610051174,858.43,.00,461004,461023502
120,RI,INV156679,07/08/2024,B04610051173,1665.69,.00,772617,461772617
120,RI,INV156683,07/08/2024,B04610051200,1283.82,.00,862385,461022033
120,RI,INV156685,07/08/2024,57475889,1782.01,.00,441860,440061860
120,RI,INV156687,07/08/2024,57284799,204.28,.00,331000,438022221
120,RI,INV156714,07/08/2024,3122,459.61,.00,499301,295003122
120,RI,INV156715,07/08/2024,57480675,42.15,.00,736438,438032093
120,RI,INV156719,07/08/2024,57478159,1227.43,.00,736438,438032093
120,RI,INV156727,07/08/2024,B04610051186,1354.16,.00,632334,461022315
120,RI,INV156731,07/08/2024,NATS0000029336,822.67,.00,278496,572020003
120,RI,INV156734,07/08/2024,NATS0000029501,234.65,.00,278496,572020003
120,RI,INV156735,07/08/2024,57379370,75.34,.00,449282,449049282
120,RI,INV156739,07/08/2024,ORIOL07756,718.42,.00,572757,572061757
120,RI,INV156745,07/08/2024,57469553,1126.37,.00,432017,432053001
120,RI,INV156748,07/08/2024,NATS0000029795,793.44,.00,278496,572020003
120,RI,INV156749,07/08/2024,57476469,758.18,.00,432017,432053001
120,RI,INV156756,07/08/2024,NATS0000029800,2005.52,.00,278496,572020003
120,RI,INV156771,07/08/2024,B04610051169,2714.01,.00,262753,461019901
120,RI,INV156772,07/08/2024,B04610051185,1101.98,.00,461971,461019971
120,RI,INV156779,07/08/2024,57420895,4888.71,.00,449162,449049162
120,RI,INV156793,07/08/2024,57479592,925.27,.00,391275,438020348
120,RI,INV156817,07/08/2024,57477161,152.02,.00,432012,432053004
120,RI,INV156818,07/08/2024,57477549,1831.49,.00,432012,432053004
120,RI,INV156828,07/08/2024,57475727,331.25,.00,432012,432053004
120,RI,INV156832,07/08/2024,B04610051196,1975.31,.00,461803,461019803
120,RI,INV156852,07/08/2024,0015,384.93,.00,499301,295000015
120,RI,INV156855,07/08/2024,FILL IN,1182.00,.00,406315,461406315
120,RI,INV156863,07/08/2024,57478236,137.63,.00,432011,432052999
120,RI,INV156864,07/08/2024,57414810,34.85,.00,432011,432052999
120,RI,INV156865,07/08/2024,57475670,1928.76,.00,432010,432053012
120,RI,INV156871,07/08/2024,FILL IN,1501.39,.00,739888,461739888
120,RI,INV156880,07/08/2024,57418647,2832.07,.00,449956,449000956
120,RI,INV156882,07/08/2024,B04610051189,23.06,.00,406315,461406315
120,RI,INV156883,07/08/2024,B04610051202,73.65,.00,739888,461739888
120,RI,INV156885,07/08/2024,B04610051207,118.18,.00,406315,461406315
120,RI,INV156889,07/08/2024,B04610051170,2086.63,.00,406315,461406315
120,RI,INV156895,07/08/2024,57419960,102.44,.00,449936,449051936
120,RI,INV156919,07/08/2024,- None -,1134.53,.00,461157,461021157
120,RI,INV156920,07/08/2024,57477265,544.30,.00,432016,432053006
120,RI,INV156927,07/08/2024,ORD7/4,1546.70,.00,5540100,554000100
120,RI,INV156928,07/08/2024,B05540000646,1471.77,.00,5540122,554000122
120,RI,INV156929,07/08/2024,B05540000643,1821.16,.00,5540117,554000117
120,RI,INV156930,07/08/2024,B07052024,854.30,.00,5540107,554000107
120,RI,INV156931,07/08/2024,B05540000641,700.99,.00,5540136,554000136
120,RI,INV156932,07/08/2024,B05540000644,2140.94,.00,5540116,554000116
120,RI,INV156951,07/08/2024,containers,142.80,.00,958980,461022192
120,RI,INV157064,07/08/2024,H7525,1156.68,.00,5540153,554000153
120,RI,INV157068,07/08/2024,7.5.24,3936.76,.00,5540101,554000101
120,RI,INV157070,07/09/2024,Red squeeze bottles,34.68,.00,652927,461152927
120,RI,INV157082,07/09/2024,B04610051264,1274.82,.00,461073,461024073
120,RI,INV157086,07/09/2024,B04610051235,1195.08,.00,461502,461024502
120,RI,INV157096,07/09/2024,7/9,1886.56,.00,722611,
120,RI,INV157103,07/09/2024,B04610051272,1544.52,.00,406314,461406314
120,RI,INV157107,07/09/2024,57500257,7427.74,.00,449302,449352802
120,RI,INV157113,07/09/2024,57500712,6420.21,.00,449402,
120,RI,INV157118,07/09/2024,B04610051266,3412.63,.00,101889,461008096
120,RI,INV157119,07/09/2024,B04610051227,767.54,.00,716507,461019406
120,RI,INV157120,07/09/2024,B04610051281,2369.76,.00,461691,461008691
120,RI,INV157122,07/09/2024,B04610051295,2192.03,.00,461053,461008053
120,RI,INV157123,07/09/2024,B04610051291,1558.00,.00,62140,461018974
120,RI,INV157125,07/09/2024,B04610051257,2908.47,.00,461701,461017601
120,RI,INV157126,07/09/2024,B04610051218,20.84,.00,461011,461017011
120,RI,INV157127,07/09/2024,B04610051306,1962.23,.00,812120,461812120
120,RI,INV157130,07/09/2024,B04610051301,1049.28,.00,461011,461017011
120,RI,INV157131,07/09/2024,57486263,1612.50,.00,441862,440161860
120,RI,INV157135,07/09/2024,B04610051228,1492.52,.00,765956,461020155
120,RI,INV157137,07/09/2024,B04610051268,879.97,.00,955264,461018052
120,RI,INV157139,07/09/2024,B04610051241,3100.07,.00,509001,461509001
120,RI,INV157141,07/09/2024,B04610051221,2171.87,.00,461702,461018702
120,RI,INV157143,07/09/2024,57498305,2258.87,.00,449481,449022481
120,RI,INV157147,07/09/2024,B04610051225,8.86,.00,461702,461018702
120,RI,INV157149,07/09/2024,57484940,1025.02,.00,440995,440157995
120,RI,INV157150,07/09/2024,B04610051276,2453.05,.00,632333,461017112
120,RI,INV157155,07/09/2024,B04610051312,3983.35,.00,633233,461020165
120,RI,INV157163,07/09/2024,57497695,903.99,.00,33047,438044177
120,RI,INV157166,07/09/2024,1370,546.94,.00,499301,295001370
120,RI,INV157171,07/09/2024,57480667,2923.50,.00,434001,434011464
120,RI,INV157172,07/09/2024,B04610051244,3031.43,.00,580102,461580102
120,RI,INV157173,07/09/2024,B04610051260,1150.69,.00,62139,461019462
120,RI,INV157183,07/09/2024,NATS0000029775,210.40,.00,278496,572020003
120,RI,INV157204,07/09/2024,B04610051275,1143.20,.00,958980,461022192
120,RI,INV157207,07/09/2024,NATS0000029839,405.00,.00,278496,572020003
120,RI,INV157211,07/09/2024,DCUNI07919,2568.65,.00,108003,572036578
120,RI,INV157214,07/09/2024,DCUNI07956,803.23,.00,108003,572036578
120,RI,INV157216,07/09/2024,NATS00000029914,432.48,.00,278496,572020003
120,RI,INV157217,07/09/2024,NATS0000029912,64.87,.00,278496,572020003
120,RI,INV157219,07/09/2024,064230,514.83,.00,694014,694000014
120,RI,INV157220,07/09/2024,NATS0000029824,237.96,.00,278496,572020003
120,RI,INV157223,07/09/2024,B04610051273,1186.16,.00,328321,461328321
120,RI,INV157224,07/09/2024,NATS0000029827,62.49,.00,278496,572020003
120,RI,INV157227,07/09/2024,NATS0000029905,2216.88,.00,278496,572020003
120,RI,INV157229,07/09/2024,dcuni07934,3691.59,.00,108003,572036578
120,RI,INV157230,07/09/2024,NATS0000029811,263.79,.00,278496,572020003
120,RI,INV157233,07/09/2024,064218,918.20,.00,694014,694000014
120,RI,INV157235,07/09/2024,B02950002753,814.33,.00,499301,295003095
120,RI,INV157251,07/09/2024,00311352564,224.42,.00,707655,707001655
120,RI,INV157291,07/09/2024,B04610051138,52.12,.00,556807,461556807
120,RI,INV157305,07/09/2024,B04610051309,1220.66,.00,556807,461556807
120,RI,INV157322,07/09/2024,1030,231.21,.00,499301,295001030
120,RI,INV157396,07/09/2024,57506253,3221.90,.00,391275,438020348
120,RI,INV157403,07/09/2024,B04610051274,1078.47,.00,309253,461309253
120,RI,INV157405,07/09/2024,B02950002752,2285.95,.00,499301,295003395
120,RI,INV157411,07/09/2024,57500673,1352.69,.00,792426,440026831
120,RI,INV157426,07/09/2024,57500173,364.16,.00,449056,449031056
120,RI,INV157453,07/09/2024,B04610051250,1307.51,.00,407301,461021042
120,RI,INV157468,07/09/2024,B04610051299,1904.63,.00,326180,461326180
120,RI,INV157470,07/09/2024,B04610051308,2035.33,.00,461130,461021030
120,RI,INV157503,07/09/2024,B04610051189,38.96,.00,406315,461406315
120,RI,INV157521,07/09/2024,- None -,696.49,.00,406315,461406315
120,RI,INV157525,07/09/2024,B04610051294,292.49,.00,406315,461406315
120,RI,INV157531,07/09/2024,B04610051307,1589.00,.00,739888,461739888
120,RI,INV157564,07/09/2024,B04610051303,1842.25,.00,914103,461021117
120,RI,INV157566,07/09/2024,57010265,559.40,.00,449460,
120,RI,INV157567,07/09/2024,B02950002749,1029.27,.00,499301,295003020
120,RI,INV157583,07/09/2024,ORIOL07829,2356.90,.00,572757,572061757
120,RI,INV157584,07/09/2024,ORIOL07875,500.16,.00,572757,572061757
120,RI,INV157592,07/09/2024,57497389,6250.34,.00,432018,432053003
120,RI,INV157594,07/09/2024,ORIOL07864,5352.04,.00,572757,572061757
120,RI,INV157604,07/09/2024,B02950002751,1443.05,.00,499301,295003750
120,RI,INV157680,07/09/2024,B04610051234,282.44,.00,403860,461148083
120,RI,INV157681,07/09/2024,B04610051224,73.44,.00,461471,461134471
120,RI,INV157683,07/09/2024,B04610051216,145.08,.00,545311,461545311
120,RI,INV157686,07/09/2024,B04610051231,841.22,.00,403860,461148083
120,RI,INV157692,07/09/2024,B04610051283,89.69,.00,461108,461161108
120,RI,INV157713,07/09/2024,B05540000661,1076.09,.00,5540133,554000133
120,RI,INV157715,07/09/2024,B05540000653,1121.29,.00,5540124,554000124
120,RI,INV157716,07/09/2024,B05540000655,2252.88,.00,5540113,554000113
120,RI,INV157718,07/09/2024,B05540000656,1013.34,.00,5540140,554000140
120,RI,INV157719,07/09/2024,B05540000654,1004.16,.00,5540120,554000120
120,RI,INV157720,07/09/2024,B05540000650,324.57,.00,5540146,554000146
120,RI,INV157721,07/09/2024,B05540000652,735.23,.00,5540154,554000154
120,RI,INV158245,07/09/2024,B04610051300,42.80,.00,461179,461033179
120,RI,INV158259,07/09/2024,B05540000660,998.21,.00,5540123,554000123
120,RI,INV158261,07/09/2024,B05540000662,547.55,.00,5540118,554000118
120,RI,INV157617,07/10/2024,same day,37.82,.00,326180,461326180
120,RI,INV157618,07/10/2024,same day,37.82,.00,407301,461021042
120,RI,INV157619,07/10/2024,same day,37.82,.00,309253,461309253
120,RI,INV157723,07/10/2024,57453058,1517.18,.00,449402,
120,RI,INV157726,07/10/2024,B04610049393,12.76,.00,765955,461023327
120,RI,INV157732,07/10/2024,B04610051232,756.74,.00,461004,461023502
120,RI,INV157737,07/10/2024,57500257,4750.90,.00,449302,449352802
120,RI,INV157738,07/10/2024,57509863,3717.10,.00,449402,
120,RI,INV157744,07/10/2024,3535583,394.58,.00,646053,323393940
120,RI,INV157747,07/10/2024,B04610051339,20.22,.00,765955,461023327
120,RI,INV157748,07/10/2024,57508500,12715.36,.00,449618,449054618
120,RI,INV157756,07/10/2024,B04610051332,721.94,.00,765955,461023327
120,RI,INV157760,07/10/2024,57516682,2301.63,.00,449010,449010000
120,RI,INV157769,07/10/2024,B04610051336,667.14,.00,772617,461772617
120,RI,INV157780,07/10/2024,B04610051347,1055.06,.00,272618,461023602
120,RI,INV157797,07/10/2024,B04610051342,1066.02,.00,272617,461023666
120,RI,INV157804,07/10/2024,B04610051333,922.61,.00,367090,461022901
120,RI,INV157846,07/10/2024,57497695,140.08,.00,33047,438044177
120,RI,INV157862,07/10/2024,TOP LOADERS,1259.55,.00,633233,461020165
120,RI,INV157864,07/10/2024,57513804,1189.06,.00,441860,440061860
120,RI,INV157875,07/10/2024,57516831,841.61,.00,440996,440057996
120,RI,INV157880,07/10/2024,3510,1096.49,.00,499301,295003510
120,RI,INV157882,07/10/2024,57158878,70.54,.00,552041,438020262
120,RI,INV157884,07/10/2024,NATS0000029933,860.41,.00,278496,572020003
120,RI,INV157885,07/10/2024,57517379,654.02,.00,552041,438020262
120,RI,INV157888,07/10/2024,B02950002756,3231.21,.00,499301,295003023
120,RI,INV157889,07/10/2024,DCUNI07967,797.80,.00,108003,572036578
120,RI,INV157891,07/10/2024,57439282,21.00,.00,552041,438020262
120,RI,INV157893,07/10/2024,NATS0000029905,1215.99,.00,278496,572020003
120,RI,INV157900,07/10/2024,B02950002755,372.49,.00,499301,295003130
120,RI,INV157924,07/10/2024,B04610051345,984.54,.00,862385,461022033
120,RI,INV157928,07/10/2024,B02950002750,1784.25,.00,499301,295007042
120,RI,INV157929,07/10/2024,B04610051338,3652.59,.00,739889,461022601
120,RI,INV157941,07/10/2024,B02950002757,1285.00,.00,499301,295003035
120,RI,INV157966,07/10/2024,57475670,34.85,.00,432010,432053012
120,RI,INV157969,07/10/2024,- None -,425.85,.00,407300,461407300
120,RI,INV157979,07/10/2024,57420895,481.45,.00,449162,449049162
120,RI,INV158005,07/10/2024,57490043,1630.59,.00,432007,432053002
120,RI,INV158023,07/10/2024,57515573,2819.87,.00,432109,432153009
120,RI,INV158067,07/10/2024,57419385,2275.77,.00,449936,449051936
120,RI,INV158070,07/10/2024,57379370,859.73,.00,449282,449049282
120,RI,INV158073,07/10/2024,57501724,1005.12,.00,432017,432053001
120,RI,INV158082,07/10/2024,57499131,805.73,.00,432018,432153003
120,RI,INV158091,07/10/2024,ORIOL07878,636.19,.00,572757,572061757
120,RI,INV158099,07/10/2024,ORIOL07901,3339.27,.00,572757,572061757
120,RI,INV158107,07/10/2024,eugenia,747.89,.00,979400,041040047
120,RI,INV158122,07/10/2024,57515253,1141.09,.00,438593,438122593
120,RI,INV158126,07/10/2024,57519527,2057.71,.00,391275,438020348
120,RI,INV158135,07/10/2024,ORIOL07864,79.02,.00,572757,572061757
120,RI,INV158154,07/10/2024,57518636,124.97,.00,432017,432053001
120,RI,INV158236,07/10/2024,Filter,65.79,.00,405003,461105003
120,RI,INV158237,07/10/2024,B04610050953,22.27,.00,461122,461129122
120,RI,INV158262,07/10/2024,B05540000667,910.80,.00,5540105,554000105
120,RI,INV158263,07/10/2024,UTC_07/08,1208.09,.00,5540150,554000150
120,RI,INV158264,07/10/2024,B05540000668,792.02,.00,5540134,554000134
120,RI,INV158265,07/10/2024,B05540000670,2017.70,.00,5540103,554000103
120,RI,INV158266,07/10/2024,B05540000665,1247.36,.00,5540143,554000143
120,RI,INV158267,07/10/2024,B05540000666,989.79,.00,5540104,554000104
120,RI,INV159753,07/10/2024,B04610051334,54.81,.00,652927,461152927
120,RI,INV161464,07/10/2024,B04610051216,4.19,.00,545311,461545311
120,RI,INV158194,07/11/2024,WILL CALL,196.05,.00,326180,461326180
120,RI,INV158226,07/11/2024,57420895,320.83,.00,449162,449049162
120,RI,INV158279,07/11/2024,Blair,480.72,.00,395170,401024502
120,RI,INV158280,07/11/2024,B04610051380,1039.43,.00,461073,461024073
120,RI,INV158283,07/11/2024,B04610051389,707.75,.00,461502,461024502
120,RI,INV158284,07/11/2024,B04610051374,1158.22,.00,406314,461406314
120,RI,INV158321,07/11/2024,3537637,462.38,.00,646053,323393940
120,RI,INV158344,07/11/2024,B04610051354,1066.91,.00,62139,461019462
120,RI,INV158347,07/11/2024,B04610051361,2773.46,.00,580102,461580102
120,RI,INV158349,07/11/2024,B04610051376,56.66,.00,262753,461019901
120,RI,INV158351,07/11/2024,B04610051365,1277.23,.00,262753,461019901
120,RI,INV158392,07/11/2024,1030,159.54,.00,499301,295001030
120,RI,INV158396,07/11/2024,3122,2091.64,.00,499301,295003122
120,RI,INV158415,07/11/2024,57522555,455.54,.00,440995,440157995
120,RI,INV158416,07/11/2024,57475727,46.75,.00,432012,432053004
120,RI,INV158419,07/11/2024,57514355,112.27,.00,432012,432053004
120,RI,INV158431,07/11/2024,57538651,817.05,.00,441862,440161860
120,RI,INV158432,07/11/2024,57531268,7004.37,.00,449224,449000224
120,RI,INV158435,07/11/2024,57513804,28.09,.00,441860,440061860
120,RI,INV158443,07/11/2024,57531099,1620.42,.00,449224,449000224
120,RI,INV158456,07/11/2024,B04610051398,1142.69,.00,407303,461022153
120,RI,INV158463,07/11/2024,B04610051390,790.67,.00,632334,461022315
120,RI,INV158464,07/11/2024,0047,312.24,.00,499301,
120,RI,INV158466,07/11/2024,57538584,1628.69,.00,441860,440061860
120,RI,INV158470,07/11/2024,57532689,121.07,.00,432012,432053004
120,RI,INV158475,07/11/2024,57532818,1505.75,.00,432012,432053004
120,RI,INV158483,07/11/2024,57524970,1039.07,.00,432013,432053005
120,RI,INV158484,07/11/2024,B04610051326,1691.52,.00,461803,461019803
120,RI,INV158499,07/11/2024,57418647,722.18,.00,449956,449000956
120,RI,INV158500,07/11/2024,57497940,897.98,.00,432015,432053010
120,RI,INV158512,07/11/2024,57531403,955.06,.00,449162,449049162
120,RI,INV158514,07/11/2024,57518559,149.40,.00,702126,434005246
120,RI,INV158515,07/11/2024,57490043,84.30,.00,432007,432053002
120,RI,INV158528,07/11/2024,57533794,2129.12,.00,432011,432052999
120,RI,INV158588,07/11/2024,ORIOL07956,6262.57,.00,572757,572061757
120,RI,INV158593,07/11/2024,57530391,2779.59,.00,432018,432053003
120,RI,INV158597,07/11/2024,57535821,1339.90,.00,438346,438120346
120,RI,INV158599,07/11/2024,B04610051399,1852.21,.00,461801,461021801
120,RI,INV158601,07/11/2024,ORIOL07938,510.56,.00,572757,572061757
120,RI,INV158626,07/11/2024,B04610051358,2465.75,.00,461971,461019971
120,RI,INV158633,07/11/2024,North Point Deli,81.57,.00,820100,
120,RI,INV158645,07/11/2024,B02950002760,2103.21,.00,499301,295003750
120,RI,INV158651,07/11/2024,B04610051203,2171.28,.00,461157,461021157
120,RI,INV158682,07/11/2024,BRYAN ROSAS,.00,.00,920016,92000005
120,RI,INV158709,07/11/2024,B04050003014,.00,.00,406126,
120,RI,INV158710,07/11/2024,16323,.00,.00,920011,
120,RI,INV158747,07/11/2024,92303,.00,.00,920009,
120,RI,INV158749,07/11/2024,CHARLOTTE PETERSON,.00,.00,920012,
120,RI,INV158769,07/11/2024,B05540000672,1841.55,.00,5540155,554000155
120,RI,INV158784,07/11/2024,B05540000674,973.72,.00,5540115,554000115
120,RI,INV158788,07/11/2024,B05540000673,875.39,.00,5540112,554000112
120,RI,INV158790,07/11/2024,B05540000677,2438.28,.00,5540128,554000128
120,RI,INV158792,07/11/2024,B05540000681,1319.54,.00,5540125,554000125
120,RI,INV158793,07/11/2024,B05540000678,1323.24,.00,5540131,554000131
120,RI,INV158794,07/11/2024,B05540000679,1007.19,.00,5540145,554000145
120,RI,INV158795,07/11/2024,B05540000649,1110.57,.00,5540106,554000106
120,RI,INV158796,07/11/2024,B05540000675,973.72,.00,5540114,554000114
120,RI,INV158761,07/12/2024,57503807,79.76,.00,469246,438045949
120,RI,INV158778,07/12/2024,57532818,52.19,.00,432012,432053004
120,RI,INV158803,07/12/2024,56661369,130.66,.00,449302,449352802
120,RI,INV158808,07/12/2024,B04610051433,818.11,.00,862385,461022033
120,RI,INV158824,07/12/2024,57516682,440.96,.00,449010,449010000
120,RI,INV158858,07/12/2024,B04610051432,1661.34,.00,772617,461772617
120,RI,INV158861,07/12/2024,B04610051445,697.85,.00,272618,461023602
120,RI,INV158864,07/12/2024,B04610051431,1259.92,.00,765955,461023327
120,RI,INV158869,07/12/2024,B04610051424,658.17,.00,461004,461023502
120,RI,INV158874,07/12/2024,B04610051429,1205.06,.00,367090,461022901
120,RI,INV158876,07/12/2024,B04610051266,180.71,.00,101889,461008096
120,RI,INV158877,07/12/2024,B04610051384,849.20,.00,101889,461008096
120,RI,INV158878,07/12/2024,B04610051397,1597.88,.00,716507,461019406
120,RI,INV158880,07/12/2024,B04610051480,2670.09,.00,101889,461008096
120,RI,INV158882,07/12/2024,B04610051441,1208.55,.00,461003,461019064
120,RI,INV158883,07/12/2024,B04610051423,1941.13,.00,461053,461008053
120,RI,INV158884,07/12/2024,B04610051475,2908.97,.00,461691,461008691
120,RI,INV158891,07/12/2024,57549017,53.56,.00,33047,438044177
120,RI,INV158894,07/12/2024,57498305,80.64,.00,449481,449022481
120,RI,INV158896,07/12/2024,57548272,2146.14,.00,449921,449044921
120,RI,INV158899,07/12/2024,B04610051456,1268.29,.00,509001,461509001
120,RI,INV158909,07/12/2024,57548486,600.96,.00,33047,438044177
120,RI,INV158910,07/12/2024,57550202,2053.85,.00,449919,449044919
120,RI,INV158911,07/12/2024,B04610051474,1360.16,.00,955264,461018052
120,RI,INV158912,07/12/2024,B04610051430,1255.19,.00,461702,461018702
120,RI,INV158928,07/12/2024,B04610051306,568.84,.00,812120,461812120
120,RI,INV158929,07/12/2024,B04610051312,87.35,.00,633233,461020165
120,RI,INV158936,07/12/2024,B04610051461,1804.51,.00,461011,461017011
120,RI,INV158937,07/12/2024,B04610051464,1528.80,.00,461171,461020171
120,RI,INV158938,07/12/2024,B04610051476,1063.93,.00,633233,461020165
120,RI,INV158940,07/12/2024,B04610051462,2202.81,.00,812120,461812120
120,RI,INV158942,07/12/2024,B02950002761,3263.70,.00,499301,295000057
120,RI,INV158943,07/12/2024,B04610051452,1849.68,.00,632333,461017112
120,RI,INV158944,07/12/2024,B04610051458,2036.94,.00,461701,461017601
120,RI,INV158946,07/12/2024,B04610051485,1483.98,.00,765956,461020155
120,RI,INV158957,07/12/2024,B04610051428,1365.74,.00,328321,461328321
120,RI,INV158959,07/12/2024,B04610051434,1361.91,.00,958980,461022192
120,RI,INV158960,07/12/2024,B04610051465,113.16,.00,328321,461328321
120,RI,INV159007,07/12/2024,eugenia,501.38,.00,979400,041040047
120,RI,INV159012,07/12/2024,57549898,589.66,.00,432016,432053006
120,RI,INV159013,07/12/2024,57553562,351.86,.00,552041,438020262
120,RI,INV159015,07/12/2024,DCUNI08026,4311.56,.00,108003,572036578
120,RI,INV159020,07/12/2024,57550300,1445.70,.00,552041,438020262
120,RI,INV159061,07/12/2024,NATS0000029919,3450.57,.00,278496,572020003
120,RI,INV159062,07/12/2024,NATS0000029984,6764.18,.00,278496,572020003
120,RI,INV159063,07/12/2024,NATS0000030004,1669.28,.00,278496,572020003
120,RI,INV159064,07/12/2024,NATS0000030031,5367.90,.00,278496,572020003
120,RI,INV159065,07/12/2024,NATS0000030024,192.76,.00,278496,572020003
120,RI,INV159078,07/12/2024,ORIOL07829,257.90,.00,572757,572061757
120,RI,INV159085,07/12/2024,ORIOL07974,364.64,.00,572757,572061757
120,RI,INV159086,07/12/2024,ORIOL07989,598.60,.00,572757,572061757
120,RI,INV159088,07/12/2024,57544442,1736.55,.00,432017,432053001
120,RI,INV159089,07/12/2024,ORIOL07987,7295.59,.00,572757,572061757
120,RI,INV159090,07/12/2024,ORIOL08005,228.54,.00,572757,572061757
120,RI,INV159101,07/12/2024,ORIOL08007,455.60,.00,572757,572061757
120,RI,INV159102,07/12/2024,57551138,213.44,.00,432018,432053003
120,RI,INV159148,07/12/2024,57550050,1812.51,.00,736438,438032093
120,RI,INV159151,07/12/2024,57552035,1191.02,.00,571300,438022241
120,RI,INV159159,07/12/2024,B02950002762,3292.56,.00,499301,
120,RI,INV159160,07/12/2024,6416,1093.19,.00,499301,295006416
120,RI,INV159167,07/12/2024,57475670,42.93,.00,432010,432053012
120,RI,INV159169,07/12/2024,57158958,337.14,.00,432010,432053012
120,RI,INV159174,07/12/2024,57531746,2909.97,.00,432010,432053012
120,RI,INV159180,07/12/2024,0015,268.63,.00,499301,295000015
120,RI,INV159189,07/12/2024,B04610051442,1061.63,.00,309253,461309253
120,RI,INV159190,07/12/2024,B04610051449,650.16,.00,406315,461406315
120,RI,INV159191,07/12/2024,57551034,1689.72,.00,432007,432053002
120,RI,INV159193,07/12/2024,B04610051340,2182.94,.00,739888,461739888
120,RI,INV159198,07/12/2024,57551221,856.22,.00,432007,432053002
120,RI,INV159204,07/12/2024,57550755,2071.00,.00,432007,432053002
120,RI,INV159207,07/12/2024,B04610051443,1542.09,.00,914103,461021117
120,RI,INV159225,07/12/2024,B04610051471,1549.63,.00,556807,461556807
120,RI,INV159237,07/12/2024,B04610051486,1240.18,.00,461130,461021030
120,RI,INV159271,07/12/2024,B04610051415,1928.96,.00,326180,461326180
120,RI,INV159276,07/12/2024,57552288,916.62,.00,432019,432053000
120,RI,INV159287,07/12/2024,B04610051455,1456.20,.00,407301,461021042
120,RI,INV159421,07/12/2024,B05540000682,323.81,.00,5540121,554000121
120,RI,INV159427,07/12/2024,B05540000683,593.50,.00,5540122,554000122
120,RI,INV159428,07/12/2024,B05540000686,375.00,.00,5540110,554000110
120,RI,INV159429,07/12/2024,B05540000684,1818.30,.00,5540151,554000151
120,RI,INV159430,07/12/2024,B05540000687,375.00,.00,5540111,554000111
120,RI,INV159431,07/12/2024,B05540000685,493.70,.00,5540109,554000109
120,RI,INV159747,07/12/2024,03,676.64,.00,5540130,554000130
120,RI,INV159756,07/12/2024,B04610051351,182.13,.00,416104,461137040
120,RI,INV159350,07/15/2024,B04610051397,98.82,.00,716507,461019406
120,RI,INV159357,07/15/2024,Courier#2,100.69,.00,407301,461021042
120,RI,INV159369,07/15/2024,Justin,682.64,.00,572757,572061757
120,RI,INV159434,07/15/2024,57452561,90.10,.00,449523,449000523
120,RI,INV159435,07/15/2024,57551333,400.68,.00,449302,449352802
120,RI,INV159443,07/15/2024,57547759,7409.26,.00,449523,449000523
120,RI,INV159457,07/15/2024,57558165,6784.61,.00,449010,449010000
120,RI,INV159497,07/15/2024,Breanna,324.00,.00,524390,41040051
120,RI,INV159511,07/15/2024,57568199,2090.92,.00,432012,432053004
120,RI,INV159512,07/15/2024,NATS0000030051,4261.17,.00,278496,572020003
120,RI,INV159518,07/15/2024,57566971,127.42,.00,432012,432053004
120,RI,INV159521,07/15/2024,B02950002764,2759.31,.00,499301,295003023
120,RI,INV159522,07/15/2024,NATS0000030004,57.42,.00,278496,572020003
120,RI,INV159523,07/15/2024,NATS0000030050,3748.04,.00,278496,572020003
120,RI,INV159527,07/15/2024,84AJP00030944,311.04,.00,524390,41040051
120,RI,INV159533,07/15/2024,57418647,45.05,.00,449956,449000956
120,RI,INV159539,07/15/2024,57566924,1401.55,.00,432011,432052999
120,RI,INV159557,07/15/2024,0047,230.00,.00,499301,
120,RI,INV159572,07/15/2024,57566090,2087.08,.00,792426,440026831
120,RI,INV159603,07/15/2024,57572399,740.15,.00,449936,449051936
120,RI,INV159625,07/15/2024,FILL IN,1185.20,.00,406315,461406315
120,RI,INV159634,07/15/2024,57565735,1363.29,.00,441860,440061860
120,RI,INV159645,07/15/2024,0057,108.70,.00,499301,295000057
120,RI,INV159663,07/15/2024,CESAR MIESES CANTO,152.55,.00,438346,438120346
120,RI,INV159677,07/15/2024,57573431,2095.27,.00,391275,438020348
120,RI,INV159686,07/15/2024,B02950002768,2784.63,.00,499301,295003130
120,RI,INV159699,07/15/2024,B02950002767,264.06,.00,499301,295003130
120,RI,INV159716,07/15/2024,ORIOL07251,75.02,.00,572757,572061757
120,RI,INV159720,07/15/2024,ORIOL07231,125.03,.00,572757,572061757
120,RI,INV159733,07/15/2024,57566997,1089.00,.00,432017,432053001
120,RI,INV159758,07/15/2024,B05540000690,612.40,.00,5540148,554000148
120,RI,INV159778,07/15/2024,8567,.00,.00,920019,92000008
120,RI,INV159791,07/15/2024,062957,1256.12,.00,781001,
120,RI,INV159835,07/16/2024,57592561,10147.90,.00,449302,449352802
120,RI,INV159839,07/16/2024,57551333,98.01,.00,449302,449352802
120,RI,INV159852,07/16/2024,56663817,137.27,.00,449402,449452802
120,RI,INV159856,07/16/2024,- None -,8.40,.00,722611,
120,RI,INV159875,07/16/2024,7/6,1751.99,.00,722611,
120,RI,INV159920,07/16/2024,NATS0000030050,1810.06,.00,278496,572020003
120,RI,INV159921,07/16/2024,NATS0000029905,165.39,.00,278496,572020003
120,RI,INV159922,07/16/2024,DCUNI08120,832.06,.00,108003,572036578
120,RI,INV159924,07/16/2024,DCUNI08103,231.77,.00,108003,572036578
120,RI,INV159928,07/16/2024,DCUNI08073,386.22,.00,108003,572036578
120,RI,INV159931,07/16/2024,DCUNI08072,2107.94,.00,108003,572036578
120,RI,INV159997,07/16/2024,57498305,212.67,.00,449481,449022481
120,RI,INV160059,07/16/2024,57593359,407.29,.00,552041,438020262
120,RI,INV160122,07/16/2024,57300731,678.01,.00,702126,434005246
120,RI,INV160198,07/16/2024,57596153,811.80,.00,449162,449049162
120,RI,INV160207,07/16/2024,57591934,557.75,.00,449936,449051936
120,RI,INV160227,07/16/2024,57379370,301.38,.00,449282,449049282
120,RI,INV160229,07/16/2024,57530391,34.93,.00,432018,432053003
120,RI,INV160254,07/16/2024,57600352,6327.73,.00,432018,432053003
120,RI,INV160282,07/16/2024,57591043,6094.18,.00,432018,432053003
120,RI,INV160342,07/16/2024,57593461,164.75,.00,449056,449031056
120,RI,INV160345,07/16/2024,57593054,1965.54,.00,449056,449031056
120,RI,INV160428,07/16/2024,B05540000692,325.34,.00,5540154,554000154
120,RI,INV160388,07/17/2024,MIKE WELLS,.00,.00,406126,405000026
120,RI,INV160444,07/17/2024,57500257,1112.60,.00,449302,449352802
120,RI,INV160447,07/17/2024,57436499,415.18,.00,449302,449352802
120,RI,INV160448,07/17/2024,57551333,50.57,.00,449302,449352802
120,RI,INV160451,07/17/2024,57462954,376.72,.00,449010,449010000
120,RI,INV160546,07/17/2024,NATS0000029993,1424.91,.00,278496,572020003
120,RI,INV160547,07/17/2024,NATS0000030060,153.80,.00,278496,572020003
120,RI,INV160548,07/17/2024,NATS0000029991,1217.42,.00,278496,572020003
120,RI,INV160549,07/17/2024,NATS0000030087,102.40,.00,278496,572020003
120,RI,INV160550,07/17/2024,NATS0000030142,286.63,.00,278496,572020003
120,RI,INV160551,07/17/2024,NATS0000030050,1568.72,.00,278496,572020003
120,RI,INV160553,07/17/2024,NATS0000030163,963.81,.00,278496,572020003
120,RI,INV160559,07/17/2024,NATS0000030146,127.63,.00,278496,572020003
120,RI,INV160575,07/17/2024,064382,1010.87,.00,694014,694000014
120,RI,INV160582,07/17/2024,64377,73.90,.00,781001,
120,RI,INV160613,07/17/2024,57613561,883.44,.00,441860,440061860
120,RI,INV160635,07/17/2024,57591043,279.42,.00,432018,432053003
120,RI,INV160649,07/17/2024,57592271,307.00,.00,432018,432153003
120,RI,INV160719,07/17/2024,57591412,504.17,.00,432016,432053006
120,RI,INV160729,07/17/2024,eugenia,427.65,.00,979400,041040047
120,RI,INV160924,07/18/2024,57551333,1972.33,.00,449302,449352802
120,RI,INV160926,07/18/2024,57627780,9566.16,.00,449302,449352802
120,RI,INV160932,07/18/2024,57453058,138.39,.00,449402,
120,RI,INV160952,07/18/2024,57627879,3181.28,.00,449402,
120,RI,INV161047,07/18/2024,NATS0000030161,645.50,.00,278496,572020003
120,RI,INV161051,07/18/2024,DCUNI08167,3897.88,.00,108003,572036578
120,RI,INV161059,07/18/2024,DCUNI08181,375.13,.00,108003,572036578
120,RI,INV161063,07/18/2024,NATS0000030159,1253.87,.00,278496,572020003
120,RI,INV161066,07/18/2024,57629249,1200.60,.00,571300,438022241
120,RI,INV161067,07/18/2024,DCUNI08179,54.34,.00,108003,572036578
120,RI,INV161071,07/18/2024,DCUNI08190,110.95,.00,108003,572036578
120,RI,INV161075,07/18/2024,NATS0000030120,141.05,.00,278496,572020003
120,RI,INV161078,07/18/2024,DCUNI08171,160.17,.00,108003,572036578
120,RI,INV161083,07/18/2024,57531268,1517.18,.00,449224,449000224
120,RI,INV161087,07/18/2024,57612073,35.42,.00,432012,432053004
120,RI,INV161092,07/18/2024,57568199,32.95,.00,432012,432053004
120,RI,INV161103,07/18/2024,57626842,239.64,.00,432012,432053004
120,RI,INV161105,07/18/2024,57610367,71.29,.00,432012,432053004
120,RI,INV161114,07/18/2024,57626923,2197.54,.00,432012,432053004
120,RI,INV161116,07/18/2024,57626332,5119.59,.00,449224,449000224
120,RI,INV161119,07/18/2024,57626649,3119.58,.00,449224,449000224
120,RI,INV161192,07/18/2024,57627962,892.63,.00,432013,432053005
120,RI,INV161195,07/18/2024,57628355,1236.57,.00,792426,440026831
120,RI,INV161202,07/18/2024,57628557,209.75,.00,432013,432053005
120,RI,INV161333,07/18/2024,57627950,1900.77,.00,432011,432052999
120,RI,INV161397,07/18/2024,57591934,138.39,.00,449936,449051936
120,RI,INV161400,07/18/2024,57625659,2116.94,.00,449936,449051936
120,RI,INV161533,07/19/2024,56910501,136.02,.00,449302,
120,RI,INV161556,07/19/2024,57643946,6580.87,.00,449010,449010000
120,RI,INV161561,07/19/2024,56663732,272.04,.00,449302,449352802
120,RI,INV161565,07/19/2024,55915867,41.61,.00,449618,449054618
120,RI,INV161567,07/19/2024,56923833,151.22,.00,449618,449054618
120,RI,INV161690,07/19/2024,57644340,1021.18,.00,449921,449044921
120,RI,INV161725,07/19/2024,NATS0000030176,245.86,.00,278496,572020003
120,RI,INV161739,07/19/2024,NATS0000030180,180.25,.00,278496,572020003
120,RI,INV161742,07/19/2024,NATS0000030240,168.65,.00,278496,572020003
120,RI,INV161744,07/19/2024,NATS0000030227,43.25,.00,278496,572020003
120,RI,INV161749,07/19/2024,NATS0000030132,622.40,.00,278496,572020003
120,RI,INV161752,07/19/2024,NATS0000030254,2988.56,.00,278496,572020003
120,RI,INV161755,07/19/2024,NATS0000030268,1050.60,.00,278496,572020003
120,RI,INV161817,07/19/2024,57644772,15171.00,.00,702126,434005246
120,RI,INV161862,07/19/2024,eugenia,865.15,.00,979400,041040047
120,RI,INV162023,07/19/2024,CUP TRANSFER,.00,.00,920009,92000009
120,RI,INV162154,07/22/2024,57382786,130.70,.00,449523,449000523
120,RI,INV162165,07/22/2024,57452561,303.44,.00,449523,449000523
120,RI,INV162169,07/22/2024,57649568,6261.65,.00,449523,449000523
120,RI,INV162239,07/22/2024,NATS0000030297,249.79,.00,278496,572020003
120,RI,INV162327,07/22/2024,57664634,378.50,.00,449625,449000625
120,RI,INV162348,07/22/2024,ORIOL08093,1484.37,.00,572757,572061757
120,RI,INV162367,07/22/2024,57660805,5182.21,.00,449162,449049162
120,RI,INV162544,07/23/2024,57689627,11534.92,.00,449302,449352802
120,RI,INV162666,07/23/2024,84AJP00031167,435.16,.00,524390,41040051
120,RI,INV162699,07/23/2024,57283932,233.58,.00,449481,449022481
120,RI,INV162700,07/23/2024,57422117,58.40,.00,449921,449044921
120,RI,INV162701,07/23/2024,57644340,352.07,.00,449921,449044921
120,RI,INV162703,07/23/2024,57498305,233.58,.00,449481,449022481
120,RI,INV162705,07/23/2024,57684576,2767.46,.00,449481,449022481
120,RI,INV163023,07/23/2024,57137406,47.69,.00,449056,449031056
120,RI,INV163031,07/23/2024,57688839,488.04,.00,449056,449031056
120,RI,INV163111,07/23/2024,AL SCHNEIDER,.00,.00,920011,
120,RI,INV163120,07/23/2024,3122,65.49,.00,499301,295003122
120,RI,INV163713,07/23/2024,P05,973.72,.00,5540130,554000130
120,RI,INV163718,07/24/2024,B05540000742,1067.62,.00,5540146,554000146
120,RI,INV163721,07/24/2024,10021078,.00,.00,666213,
120,RI,INV163782,07/25/2024,Blair,632.18,.00,395170,401024502
120,RI,INV164742,07/26/2024,pcard Scott,110.95,.00,572757,572061757
120,RI,INV164789,07/26/2024,JOSH DEVORE,.00,.00,920012,
120,RI,INV164791,07/26/2024,DAVE BETHSAIDA,.00,.00,920017,
120,RI,INV164793,07/26/2024,BRYAN ROSAS,.00,.00,920016,
120,RI,INV165270,07/29/2024,10021078,.00,.00,666213,
120,RI,INV165271,07/29/2024,10021078,.00,.00,666213,
120,RI,INV165272,07/29/2024,10076395,.00,.00,666213,
120,RI,INV165284,07/30/2024,Blair,69.95,.00,395170,401024502
120,RI,INV167111,08/01/2024,DEEP CREEK,.00,.00,406001,406000001
120,RI,INV167117,08/02/2024,B04050003206,.00,.00,406115,405000015


120,RI,7886644,02/19/2024,55247755,119.56,.00,449523,
120,RI,7886650,02/19/2024,B04610044778,96.50,.00,461108,
120,RI,7886661,02/19/2024,2000941387,1004.72,.00,120109,
120,RI,7886667,02/19/2024,2000954044,741.61,.00,120109,
120,RI,7886671,02/19/2024,KENNARD ELEM,385.70,.00,582403,
120,RI,7886672,02/19/2024,55340293,710.99,.00,449621,
120,RI,7886677,02/19/2024,290290,834.65,.00,755003,
120,RI,7886679,02/19/2024,ROB-CONRAD CAFE,521.13,.00,755870,
120,RI,7886692,02/19/2024,B04610044747,1577.54,.00,262753,
120,RI,7886693,02/19/2024,B04610044748,1113.73,.00,632334,
120,RI,7886694,02/19/2024,B04610044751,446.28,.00,461204,
120,RI,7886695,02/19/2024,B04610044752,891.26,.00,461157,
120,RI,7886696,02/19/2024,55358839,2355.00,.00,441862,
120,RI,7886703,02/19/2024,FILL IN,1213.70,.00,406315,
120,RI,7886705,02/19/2024,FILL IN,1495.15,.00,739888,
120,RI,7886711,02/19/2024,greg,1644.24,.00,656100,
120,RI,7886715,02/19/2024,SUDLERSVILLE MIDDLE,728.72,.00,582403,
120,RI,7886718,02/19/2024,55360921,776.50,.00,33047,
120,RI,7886719,02/19/2024,3130 B02950002438,846.34,.00,499301,
120,RI,7886722,02/19/2024,kristina,2642.99,.00,755004,
120,RI,7886723,02/19/2024,Dietary,1621.51,.00,820100,
120,RI,7886725,02/19/2024,290668,682.41,.00,789511,
120,RI,7886727,02/19/2024,290672,2831.31,.00,755677,
120,RI,7886736,02/19/2024,B04610044759,886.59,.00,545313,
120,RI,7886745,02/19/2024,B04610044763,787.47,.00,461801,
120,RI,7886751,02/19/2024,290737,1417.50,.00,773527,
120,RI,7886753,02/19/2024,GRASONVILLE ELEM,310.39,.00,582403,
120,RI,7886755,02/19/2024,290754,1705.89,.00,755736,
120,RI,7886768,02/19/2024,1640,375.21,.00,499301,
120,RI,7886771,02/19/2024,DCUNI06373,534.35,.00,108003,
120,RI,7886772,02/19/2024,55363475,2154.20,.00,432010,
120,RI,7886773,02/19/2024,55364111,2423.86,.00,432012,
120,RI,7886774,02/19/2024,55364837,1050.34,.00,432011,
120,RI,7886775,02/19/2024,B07400016311,725.46,.00,593482,
120,RI,7886776,02/19/2024,55365460,1045.96,.00,792426,
120,RI,7886777,02/19/2024,4503627586,4827.32,.00,714611,
120,RI,7886783,02/19/2024,Housekeeping/Debbie,674.69,.00,766201,
120,RI,7886788,02/19/2024,HOUSEKEEPING,1140.53,.00,692753,
120,RI,7886791,02/19/2024,B07400016313,2277.75,.00,948085,
120,RI,7886792,02/19/2024,55366383,1516.88,.00,432109,
120,RI,7886794,02/19/2024,LAUNDRY,876.29,.00,692753,
120,RI,7886809,02/19/2024,02/16/2021,640.12,.00,406022,
120,RI,7886810,02/19/2024,B04610044780,469.24,.00,862385,
120,RI,7886815,02/19/2024,B04610044769,1230.65,.00,461014,
120,RI,7886825,02/19/2024,B04610044771,468.78,.00,461803,
120,RI,7886829,02/19/2024,290895,194.85,.00,755824,
120,RI,7886843,02/19/2024,55114610,91.11,.00,440995,
120,RI,7886844,02/19/2024,2000945586,446.88,.00,120109,
120,RI,7886845,02/19/2024,55325392,166.42,.00,432011,
120,RI,7886846,02/19/2024,54987513,111.79,.00,432109,
120,RI,7886853,02/19/2024,CENTRAL SUPPLY,50.88,.00,473055,
120,RI,7886855,02/19/2024,061455,52.62,.00,694007,
120,RI,7886869,02/20/2024,2000910280,19890.00,.00,120109,
120,RI,7886870,02/20/2024,2000910270,57408.00,.00,120109,
120,RI,7886871,02/20/2024,2000910281,88491.00,.00,120109,
120,RI,7886872,02/20/2024,2000910264,23237.76,.00,120109,
120,RI,7886875,02/20/2024,WILL CALL,17.95,.00,326180,
120,RI,7886879,02/20/2024,HEAT LAMP,193.19,.00,461559,
120,RI,7886881,02/20/2024,55376137,174.74,.00,432018,
120,RI,7886882,02/20/2024,55390974,1113.85,.00,432018,
120,RI,7886883,02/20/2024,55387413,277.99,.00,432017,
120,RI,7886894,02/20/2024,43500372,3466.84,.00,920016,
120,RI,7886903,02/20/2024,HOUSEKEEPING,135.43,.00,562931,
120,RI,7886907,02/20/2024,54947818,357.75,.00,440995,
120,RI,7886913,02/20/2024,CAMBRO,27.92,.00,461807,
120,RI,7886941,02/20/2024,- None -,498.45,.00,646053,
120,RI,7886944,02/20/2024,B04610044793,2180.04,.00,461502,
120,RI,7886947,02/20/2024,HIGH SCHOOL,532.60,.00,741439,
120,RI,7886956,02/20/2024,B04610044829,922.16,.00,366744,
120,RI,7886965,02/20/2024,B04610044839,2439.02,.00,406314,
120,RI,7886972,02/20/2024,B04050002833,930.85,.00,406106,
120,RI,7886973,02/20/2024,B04610044852,1748.22,.00,461407,
120,RI,7886978,02/20/2024,DIETARY,571.51,.00,545101,
120,RI,7886988,02/20/2024,B04610044861,727.45,.00,367089,
120,RI,7886989,02/20/2024,B04610044867,1004.82,.00,461834,
120,RI,7886992,02/20/2024,B04610044868,1265.71,.00,461073,
120,RI,7886993,02/20/2024,B04610044875,1231.64,.00,461002,
120,RI,7886997,02/20/2024,VERBAL,64.00,.00,722611,
120,RI,7887006,02/20/2024,SHANE GRIFFIN,237.90,.00,406003,
120,RI,7887034,02/20/2024,BRAD,4650.30,.00,202000,
120,RI,7887040,02/20/2024,3020 B02950002433,623.44,.00,499301,
120,RI,7887046,02/20/2024,3135 B02950002434,380.58,.00,499301,
120,RI,7887047,02/20/2024,290066,939.77,.00,716050,
120,RI,7887048,02/20/2024,290089,431.95,.00,820120,
120,RI,7887050,02/20/2024,290180,423.78,.00,293280,
120,RI,7887052,02/20/2024,293280,686.32,.00,293280,
120,RI,7887061,02/20/2024,B07400016303,802.88,.00,548063,
120,RI,7887065,02/20/2024,290664,731.48,.00,716080,
120,RI,7887066,02/20/2024,B07400016310,924.72,.00,574323,
120,RI,7887067,02/20/2024,0044 B02950002439,1490.88,.00,499301,
120,RI,7887068,02/20/2024,0015,237.90,.00,499301,
120,RI,7887070,02/20/2024,B07400016315,515.61,.00,350086,
120,RI,7887103,02/20/2024,3023 B02950002441,2646.42,.00,499301,
120,RI,7887104,02/20/2024,B07400016320,900.24,.00,350086,
120,RI,7887105,02/20/2024,B04610044784,62.17,.00,461011,
120,RI,7887106,02/20/2024,B04050002826,1431.72,.00,406101,
120,RI,7887107,02/20/2024,B04060002611,838.38,.00,406015,
120,RI,7887108,02/20/2024,B04050002827,952.17,.00,406110,
120,RI,7887109,02/20/2024,B04050002828,657.57,.00,406119,
120,RI,7887110,02/20/2024,B07400016322,1643.00,.00,241400,
120,RI,7887111,02/20/2024,B04610044798,937.19,.00,62139,
120,RI,7887112,02/20/2024,B04610044799,1834.54,.00,765956,
120,RI,7887113,02/20/2024,B07400016324,301.27,.00,775193,
120,RI,7887114,02/20/2024,B04610044801,1031.39,.00,461171,
120,RI,7887115,02/20/2024,B04610044802,1200.73,.00,716507,
120,RI,7887116,02/20/2024,B07400016325,1381.59,.00,122832,
120,RI,7887117,02/20/2024,B04610044805,2076.01,.00,580102,
120,RI,7887118,02/20/2024,B04610044810,1151.83,.00,914102,
120,RI,7887119,02/20/2024,B04610044814,1098.66,.00,509001,
120,RI,7887120,02/20/2024,55387413,1688.75,.00,432017,
120,RI,7887121,02/20/2024,B04610044824,1859.39,.00,194660,
120,RI,7887122,02/20/2024,B04610044825,897.23,.00,407301,
120,RI,7887123,02/20/2024,55390468,1042.00,.00,441862,
120,RI,7887129,02/20/2024,B04610044827,894.39,.00,461053,
120,RI,7887133,02/20/2024,3122,631.89,.00,499301,
120,RI,7887137,02/20/2024,6480,379.98,.00,499301,
120,RI,7887142,02/20/2024,SLADE SCHOOL,2380.02,.00,245176,
120,RI,7887156,02/20/2024,TGT021924,1161.58,.00,406024,
120,RI,7887173,02/20/2024,B04050002830,63.07,.00,406110,
120,RI,7887174,02/20/2024,B04610044830,849.31,.00,309253,
120,RI,7887175,02/20/2024,B04050002831,106.51,.00,406119,
120,RI,7887185,02/20/2024,291101,1379.53,.00,755003,
120,RI,7887200,02/20/2024,B04610044831,769.90,.00,545313,
120,RI,7887218,02/20/2024,VERBAL,1447.22,.00,164369,
120,RI,7887224,02/20/2024,LAUREN,710.13,.00,671683,
120,RI,7887233,02/20/2024,HOUSEKEEPING,5001.50,.00,546300,
120,RI,7887236,02/20/2024,B07400016326,821.90,.00,634489,
120,RI,7887237,02/20/2024,B04610044835,1124.03,.00,914103,
120,RI,7887238,02/20/2024,B04610044837,1193.98,.00,461030,
120,RI,7887239,02/20/2024,55392048,8622.32,.00,432018,
120,RI,7887240,02/20/2024,B04610044841,1904.86,.00,101889,
120,RI,7887241,02/20/2024,B04610044842,1537.45,.00,632333,
120,RI,7887242,02/20/2024,B04610044843,1478.70,.00,461601,
120,RI,7887243,02/20/2024,4503628465,1196.68,.00,944645,
120,RI,7887244,02/20/2024,B04610044845,1305.50,.00,461691,
120,RI,7887245,02/20/2024,B04610044848,1095.67,.00,262755,
120,RI,7887246,02/20/2024,DIETARY,314.13,.00,473055,
120,RI,7887261,02/20/2024,B04610044849,1120.52,.00,461702,
120,RI,7887262,02/20/2024,B04610044850,904.94,.00,328321,
120,RI,7887263,02/20/2024,B04610044854,2076.32,.00,461074,
120,RI,7887264,02/20/2024,55393438,603.10,.00,432017,
120,RI,7887265,02/20/2024,B04610044856,1484.25,.00,62140,
120,RI,7887278,02/20/2024,3130 B02950002442,732.99,.00,499301,
120,RI,7887279,02/20/2024,061521,4352.72,.00,694009,
120,RI,7887280,02/20/2024,B04050002834,762.51,.00,406115,
120,RI,7887281,02/20/2024,061456,619.20,.00,694013,
120,RI,7887282,02/20/2024,55392302,183.27,.00,432018,
120,RI,7887283,02/20/2024,B04050002835,1244.10,.00,406125,
120,RI,7887284,02/20/2024,061188,3227.44,.00,694007,
120,RI,7887286,02/20/2024,GARFIELD,1072.13,.00,164370,
120,RI,7887303,02/20/2024,B04610044860,1454.87,.00,461130,
120,RI,7887304,02/20/2024,55394419,770.19,.00,432019,
120,RI,7887305,02/20/2024,B07400016332,797.70,.00,634489,
120,RI,7887306,02/20/2024,B04610044864,1269.09,.00,461003,
120,RI,7887307,02/20/2024,B04610044865,1177.44,.00,955264,
120,RI,7887308,02/20/2024,55394811,262.03,.00,432017,
120,RI,7887310,02/20/2024,B04050002836,802.90,.00,406108,
120,RI,7887337,02/20/2024,B04610044866,2019.74,.00,461011,
120,RI,7887338,02/20/2024,B04050002832,1312.06,.00,406107,
120,RI,7887339,02/20/2024,B04610044869,2437.12,.00,812120,
120,RI,7887340,02/20/2024,B04610044870,1061.43,.00,958980,
120,RI,7887341,02/20/2024,B07400016333,694.10,.00,644141,
120,RI,7887342,02/20/2024,CANTON021924,658.89,.00,406028,
120,RI,7887343,02/20/2024,B04610044871,1549.00,.00,556807,
120,RI,7887362,02/20/2024,JOANNA,1042.93,.00,755583,
120,RI,7887366,02/20/2024,B04610044872,728.08,.00,461874,
120,RI,7887367,02/20/2024,B04610044873,1057.58,.00,633233,
120,RI,7887369,02/20/2024,B04610044876,2163.62,.00,461701,
120,RI,7887370,02/20/2024,0047 B02950002443,3621.83,.00,499301,
120,RI,7887371,02/20/2024,B04610044877,1661.31,.00,800857,
120,RI,7887372,02/20/2024,B01460012933.2D-1283,9138.45,.00,146031,
120,RI,7887377,02/20/2024,SEAN,824.42,.00,164371,
120,RI,7887380,02/20/2024,B04610044878,1506.28,.00,326180,
120,RI,7887394,02/20/2024,1040,266.96,.00,499301,
120,RI,7887395,02/20/2024,1040,169.40,.00,499301,
120,RI,7887403,02/20/2024,B04050002838,1096.77,.00,406111,
120,RI,7887416,02/20/2024,291472,1324.53,.00,755002,
120,RI,7887433,02/20/2024,291493,1911.30,.00,755001,
120,RI,7887448,02/20/2024,PAPER,575.10,.00,527001,
120,RI,7887469,02/20/2024,B04610044881,962.26,.00,739888,
120,RI,7887470,02/20/2024,B04060002614,991.84,.00,406019,
120,RI,7887471,02/20/2024,4503628688,1078.98,.00,195445,
120,RI,7887508,02/20/2024,B04060002613,1205.93,.00,406026,
120,RI,7887509,02/20/2024,B04050002839,40.13,.00,406111,
120,RI,7887510,02/20/2024,CANTON012224,5.42,.00,406028,
120,RI,7887513,02/20/2024,MATT WILSON,4.96,.00,406028,
120,RI,7887519,02/20/2024,DIETARY,146.28,.00,473055,
120,RI,7887529,02/20/2024,B07400016326,142.37,.00,634489,
120,RI,7887535,02/21/2024,FOOD WARMER,446.49,.00,461803,
120,RI,7887538,02/21/2024,B04610044606,470.99,.00,461179,
120,RI,7887539,02/21/2024,PAPER 7,731.00,.00,406001,
120,RI,7887540,02/21/2024,B04610044767,159.86,.00,652927,
120,RI,7887541,02/21/2024,KATIE,643.56,.00,406117,
120,RI,7887543,02/21/2024,B04610044778,59.95,.00,461108,
120,RI,7887544,02/21/2024,B04610044786,620.33,.00,309618,
120,RI,7887546,02/21/2024,B04610044787,496.24,.00,740182,
120,RI,7887547,02/21/2024,B04610044796,359.50,.00,793386,
120,RI,7887548,02/21/2024,B04610044816,70.32,.00,740183,
120,RI,7887550,02/21/2024,B04610044817,381.43,.00,461410,
120,RI,7887551,02/21/2024,ADAM,204.34,.00,461623,
120,RI,7887559,02/21/2024,55154384,343.43,.00,441860,
120,RI,7887562,02/21/2024,B01460012940.2D-1282,158.28,.00,146118,
120,RI,7887567,02/21/2024,547211,35089.83,.00,920009,
120,RI,7887579,02/21/2024,B09150002698,230.03,.00,915692,
120,RI,7887581,02/21/2024,061450,120.40,.00,694014,
120,RI,7887587,02/21/2024,COURIER,109.49,.00,800857,
120,RI,7887604,02/21/2024,290664,97.00,.00,716080,
120,RI,7887631,02/21/2024,B04610044889,739.46,.00,367090,
120,RI,7887633,02/21/2024,291669,329.64,.00,324797,
120,RI,7887636,02/21/2024,55407169,13895.06,.00,449302,
120,RI,7887637,02/21/2024,55407666,4550.35,.00,449402,
120,RI,7887638,02/21/2024,B04610044772,795.89,.00,765955,
120,RI,7887639,02/21/2024,55407759,3561.29,.00,449302,
120,RI,7887664,02/21/2024,B04610044900,612.44,.00,461004,
120,RI,7887665,02/21/2024,B04610044899,925.74,.00,272617,
120,RI,7887666,02/21/2024,B04610044903,891.32,.00,272618,
120,RI,7887678,02/21/2024,55411954,12764.69,.00,449618,
120,RI,7887679,02/21/2024,55412131,4477.57,.00,449618,
120,RI,7887680,02/21/2024,B04610044907,665.57,.00,461834,
120,RI,7887681,02/21/2024,B04610044908,1127.99,.00,772617,
120,RI,7887689,02/21/2024,B04610044911,410.29,.00,366744,
120,RI,7887690,02/21/2024,B04610044912,677.47,.00,367089,
120,RI,7887711,02/21/2024,GLOBE,212.32,.00,461702,
120,RI,7887717,02/21/2024,43500372,3224.40,.00,920016,
120,RI,7887720,02/21/2024,PREMIER POLYSTEEL,8828.50,.00,765955,
120,RI,7887721,02/21/2024,PREMIER POLYSTEEL,11056.44,.00,772617,
120,RI,7887723,02/21/2024,TABLECRAFT,252.47,.00,574323,
120,RI,7887735,02/21/2024,MAINTENANCE,5407.58,.00,583410,
120,RI,7887865,02/21/2024,CENTRAL SUPPLY,427.67,.00,470015,
120,RI,7887903,02/21/2024,291633,3154.63,.00,994262,
120,RI,7887913,02/21/2024,B04050002840,812.09,.00,406112,
120,RI,7887914,02/21/2024,B04060002616,940.00,.00,406014,
120,RI,7887915,02/21/2024,B04610044884,3001.99,.00,309254,
120,RI,7887916,02/21/2024,3395 B02950002444,1630.62,.00,499301,
120,RI,7887929,02/21/2024,LAUNDRY,482.25,.00,820100,
120,RI,7887930,02/21/2024,HOUSEKEEPING,62.58,.00,820100,
120,RI,7887975,02/21/2024,DIETARY,1793.04,.00,515700,
120,RI,7887978,02/21/2024,HOUSEKEEPING,1225.91,.00,470015,
120,RI,7887982,02/21/2024,LAUNDRY,623.60,.00,470015,
120,RI,7887993,02/21/2024,B08010047996,1040.22,.00,192752,
120,RI,7887995,02/21/2024,B04610044891,2455.49,.00,739889,
120,RI,7887999,02/21/2024,B04610044896,1218.50,.00,406315,
120,RI,7888001,02/21/2024,B04610044898,182.73,.00,406315,
120,RI,7888002,02/21/2024,B07400016353,1165.90,.00,632317,
120,RI,7888003,02/21/2024,55410437,857.41,.00,552041,
120,RI,7888004,02/21/2024,061564,1090.01,.00,694007,
120,RI,7888005,02/21/2024,291838,1253.53,.00,773527,
120,RI,7888022,02/21/2024,291869,855.47,.00,755004,
120,RI,7888028,02/21/2024,291878,674.55,.00,737263,
120,RI,7888030,02/21/2024,291881,876.61,.00,973960,
120,RI,7888031,02/21/2024,291884,754.10,.00,716210,
120,RI,7888033,02/21/2024,291888,801.45,.00,737280,
120,RI,7888035,02/21/2024,291892,1435.38,.00,771562,
120,RI,7888038,02/21/2024,DIETARY,772.40,.00,546300,
120,RI,7888048,02/21/2024,B04050002841,952.88,.00,406103,
120,RI,7888049,02/21/2024,55411802,1957.25,.00,449218,
120,RI,7888051,02/21/2024,B04610044905,1097.53,.00,862385,
120,RI,7888052,02/21/2024,B04610044906,423.34,.00,739888,
120,RI,7888053,02/21/2024,B07400016357,648.74,.00,358401,
120,RI,7888054,02/21/2024,55412517,458.36,.00,432016,
120,RI,7888055,02/21/2024,DIETARY,62.91,.00,766201,
120,RI,7888060,02/21/2024,DIETARY,616.67,.00,820100,
120,RI,7888065,02/21/2024,291958,906.22,.00,716010,
120,RI,7888067,02/21/2024,291961,451.05,.00,294350,
120,RI,7888069,02/21/2024,1030,265.32,.00,499301,
120,RI,7888070,02/21/2024,LAUNDRY,141.35,.00,820100,
120,RI,7888072,02/21/2024,291968,635.58,.00,716320,
120,RI,7888074,02/21/2024,291971,657.24,.00,244841,
120,RI,7888076,02/21/2024,DIETARY,1370.15,.00,470015,
120,RI,7888088,02/21/2024,DIETARY,1835.60,.00,562931,
120,RI,7888095,02/21/2024,HOUSEKEEPING,491.32,.00,562931,
120,RI,7888104,02/21/2024,LAUNDRY,498.94,.00,562931,
120,RI,7888107,02/21/2024,55412991,680.97,.00,552041,
120,RI,7888108,02/21/2024,3036 B02950002445,517.33,.00,499301,
120,RI,7888111,02/21/2024,55413791,2254.55,.00,432109,
120,RI,7888112,02/21/2024,55413979,207.34,.00,432109,
120,RI,7888113,02/21/2024,B04610044915,2014.14,.00,407303,
120,RI,7888146,02/21/2024,B07400016361,493.94,.00,367128,
120,RI,7888147,02/21/2024,B07400016362,933.15,.00,835200,
120,RI,7888148,02/21/2024,B07550001153,180.83,.00,994262,
120,RI,7888150,02/21/2024,292074,1058.65,.00,737285,
120,RI,7888185,02/21/2024,MAINTENANCE,.54,.00,583410,
120,RI,7888186,02/21/2024,B04610044738,99.66,.00,862385,
120,RI,7888204,02/22/2024,B04610044785,428.28,.00,652927,
120,RI,7888206,02/22/2024,LEE BLACKWELL,452.43,.00,545316,
120,RI,7888213,02/22/2024,CAL MIL,254.81,.00,574323,
120,RI,7888226,02/22/2024,B04610044606,27.28,.00,461179,
120,RI,7888227,02/22/2024,B04610044275,10.90,.00,545312,
120,RI,7888229,02/22/2024,B04610044352,22.73,.00,593652,
120,RI,7888234,02/22/2024,B04610044918,466.10,.00,545316,
120,RI,7888238,02/22/2024,B04610044946,283.91,.00,309618,
120,RI,7888250,02/22/2024,291961,24.25,.00,294350,
120,RI,7888253,02/22/2024,B07400016135,205.91,.00,122832,
120,RI,7888267,02/22/2024,2000897108,6309.60,.00,120109,
120,RI,7888275,02/22/2024,8044757190,865.81,.00,408888,
120,RI,7888283,02/22/2024,B04610044917,1122.09,.00,461407,
120,RI,7888284,02/22/2024,B04610044922,976.52,.00,461073,
120,RI,7888285,02/22/2024,B01460012957.2D-1283,1419.71,.00,146041,
120,RI,7888286,02/22/2024,B04610044938,1874.09,.00,406314,
120,RI,7888304,02/22/2024,VERBAL,1282.30,.00,646053,
120,RI,7888308,02/22/2024,DIETARY,753.17,.00,545101,
120,RI,7888320,02/22/2024,B04610044958,610.35,.00,461834,
120,RI,7888325,02/22/2024,55411954,832.95,.00,449618,
120,RI,7888350,02/22/2024,BRYAN ROSAS,25712.67,.00,920016,
120,RI,7888351,02/22/2024,43500372,29372.00,.00,920016,
120,RI,7888355,02/22/2024,TABLECRAFT,126.88,.00,461559,
120,RI,7888372,02/22/2024,55229660,54.95,.00,432016,
120,RI,7888409,02/22/2024,55351871,36.94,.00,432017,
120,RI,7888424,02/22/2024,B01480002227.2D-1249,1655.71,.00,148039,
120,RI,7888427,02/22/2024,MATAPEAKE ELEM,479.80,.00,582403,
120,RI,7888433,02/22/2024,B07550001150,736.21,.00,755872,
120,RI,7888434,02/22/2024,CHEF MARK,459.38,.00,755869,
120,RI,7888437,02/22/2024,B07550001152,1011.09,.00,755874,
120,RI,7888450,02/22/2024,B01460012941.2D-1282,5776.80,.00,146118,
120,RI,7888451,02/22/2024,B04060002617,1368.42,.00,406004,
120,RI,7888457,02/22/2024,EASTON ELEM,916.87,.00,755612,
120,RI,7888458,02/22/2024,55412654,4735.67,.00,449224,
120,RI,7888464,02/22/2024,55413003,194.93,.00,432017,
120,RI,7888465,02/22/2024,B04060002618,84.80,.00,406004,
120,RI,7888466,02/22/2024,B04610044913,1524.51,.00,632334,
120,RI,7888512,02/22/2024,292187-JUSTIN,742.11,.00,311159,
120,RI,7888513,02/22/2024,3122,732.13,.00,499301,
120,RI,7888529,02/22/2024,1010,846.49,.00,499301,
120,RI,7888554,02/22/2024,CENTRAL SUPPLY,794.31,.00,583410,
120,RI,7888557,02/22/2024,1030,148.12,.00,499301,
120,RI,7888559,02/22/2024,DIETARY,1060.86,.00,583410,
120,RI,7888564,02/22/2024,B01460012955.2D-1282,6232.12,.00,146118,
120,RI,7888565,02/22/2024,B01460012956.2D-1282,1028.82,.00,146118,
120,RI,7888566,02/22/2024,55421809,1391.82,.00,571301,
120,RI,7888567,02/22/2024,B04050002842,1195.31,.00,406020,
120,RI,7888568,02/22/2024,B04610044919,1505.97,.00,580102,
120,RI,7888569,02/22/2024,B04610044927,1981.89,.00,461014,
120,RI,7888570,02/22/2024,B04610044929,1366.97,.00,461157,
120,RI,7888571,02/22/2024,B04610044930,2314.20,.00,262753,
120,RI,7888572,02/22/2024,B07400016367,800.82,.00,740276,
120,RI,7888573,02/22/2024,B07400016368,927.81,.00,699105,
120,RI,7888574,02/22/2024,3095 B02950002446,2095.12,.00,499301,
120,RI,7888575,02/22/2024,B07550001154,69.70,.00,755874,
120,RI,7888576,02/22/2024,B04050002844,1040.75,.00,406113,
120,RI,7888577,02/22/2024,B08010048054,5991.83,.00,282718,
120,RI,7888578,02/22/2024,003-11321646,1665.43,.00,707655,
120,RI,7888579,02/22/2024,B07400016376,308.36,.00,413154,
120,RI,7888580,02/22/2024,55429293,93.56,.00,432017,
120,RI,7888581,02/22/2024,B04060002619,740.10,.00,406007,
120,RI,7888582,02/22/2024,B04610044943,2781.76,.00,407300,
120,RI,7888602,02/22/2024,111111,524.19,.00,593725,
120,RI,7888613,02/22/2024,MIKE,950.27,.00,755596,
120,RI,7888619,02/22/2024,B04610044948,2264.12,.00,461204,
120,RI,7888620,02/22/2024,B04060002620,821.04,.00,406008,
120,RI,7888621,02/22/2024,55430468,18.95,.00,432010,
120,RI,7888622,02/22/2024,B07400016382,386.80,.00,634489,
120,RI,7888623,02/22/2024,B07400016383,431.50,.00,986632,
120,RI,7888627,02/22/2024,SLADE SCHOOL,4709.27,.00,245176,
120,RI,7888641,02/22/2024,DIETARY,194.51,.00,546300,
120,RI,7888654,02/22/2024,CENTRAL SUPPLY,408.52,.00,515700,
120,RI,7888660,02/22/2024,VERBAL,1024.63,.00,342646,
120,RI,7888679,02/22/2024,022224,2804.52,.00,755001,
120,RI,7888684,02/22/2024,292494-RASHOD,692.60,.00,181234,
120,RI,7888691,02/22/2024,MRM-,1449.96,.00,192285,
120,RI,7888695,02/22/2024,SARA,420.87,.00,826244,
120,RI,7888698,02/22/2024,292514,1062.89,.00,225670,
120,RI,7888699,02/22/2024,55431312,1262.26,.00,33047,
120,RI,7888700,02/22/2024,55431364,552.46,.00,432013,
120,RI,7888701,02/22/2024,55431372,25.20,.00,432013,
120,RI,7888702,02/22/2024,55431400,3676.01,.00,391275,
120,RI,7888703,02/22/2024,55431448,287.94,.00,432012,
120,RI,7888704,02/22/2024,55431703,2165.92,.00,432012,
120,RI,7888705,02/22/2024,55431950,841.54,.00,168564,
120,RI,7888706,02/22/2024,55432228,1609.71,.00,432011,
120,RI,7888707,02/22/2024,B04060002621,911.48,.00,406005,
120,RI,7888708,02/22/2024,55432709,141.36,.00,432016,
120,RI,7888709,02/22/2024,061589,1026.00,.00,694014,
120,RI,7888710,02/22/2024,061590,1125.00,.00,694016,
120,RI,7888711,02/22/2024,292529,740.85,.00,716270,
120,RI,7888714,02/22/2024,292533,1062.92,.00,820130,
120,RI,7888718,02/22/2024,BRITTANY,2652.68,.00,755005,
120,RI,7888720,02/22/2024,292540,759.97,.00,737215,
120,RI,7888724,02/22/2024,292544,875.26,.00,395390,
120,RI,7888730,02/22/2024,HOUSEKEEPING,146.02,.00,820100,
120,RI,7888743,02/22/2024,.,59.84,.00,406103,
120,RI,7888744,02/22/2024,252630,507.50,.00,252630,
120,RI,7888750,02/22/2024,55229660,54.95,.00,432016,
120,RI,7888754,02/22/2024,55430855,2960.18,.00,432010,
120,RI,7888764,02/22/2024,292603,907.81,.00,984501,
120,RI,7888767,02/22/2024,292606,517.87,.00,766236,
120,RI,7888773,02/22/2024,292615,495.73,.00,716340,
120,RI,7888780,02/22/2024,B07400016387,805.43,.00,548063,
120,RI,7888781,02/22/2024,B04610044960,1982.25,.00,461803,
120,RI,7888782,02/22/2024,B04060002622,969.19,.00,406012,
120,RI,7888783,02/22/2024,B07400016388,682.42,.00,775193,
120,RI,7888784,02/22/2024,B04610044961,1202.83,.00,62139,
120,RI,7888785,02/22/2024,B04610044957,1642.73,.00,461801,
120,RI,7888789,02/22/2024,292640,1302.14,.00,234100,
120,RI,7888795,02/22/2024,KITCHEN,653.54,.00,620203,
120,RI,7888816,02/22/2024,292677,738.19,.00,768399,
120,RI,7888818,02/22/2024,1234567,3336.99,.00,736673,
120,RI,7888827,02/22/2024,DONNA,2025.06,.00,755677,
120,RI,7888835,02/22/2024,22224,1122.96,.00,736673,
120,RI,7888851,02/22/2024,DAVID CURTIS,630.09,.00,755002,
120,RI,7888858,02/22/2024,B04060002580,5.64,.00,406008,
120,RI,7888861,02/22/2024,4503621264,37.71,.00,195445,
120,RI,7888862,02/22/2024,4503624592,116.49,.00,195445,
120,RI,7888863,02/22/2024,B04060002591,102.42,.00,406005,
120,RI,7888864,02/22/2024,B04060002590,23.04,.00,406007,
120,RI,7888866,02/22/2024,dietary,65.24,.00,692753,
120,RI,7888870,02/22/2024,55393438,126.71,.00,432017,
120,RI,7888876,02/22/2024,B07550001153,177.90,.00,994262,
120,RI,7888881,02/23/2024,23USPR128466,35328.00,.00,120109,
120,RI,7888882,02/23/2024,23USPR128467,35328.00,.00,120109,
120,RI,7888883,02/23/2024,23USPR128468,35328.00,.00,120109,
120,RI,7888884,02/23/2024,2000910280,22191.00,.00,120109,
120,RI,7888885,02/23/2024,2000910264,33442.50,.00,120109,
120,RI,7888887,02/23/2024,PREMIER POLYSTEEL,10036.78,.00,461004,
120,RI,7888888,02/23/2024,41800490,4609.41,.00,953724,
120,RI,7888889,02/23/2024,547184,27130.46,.00,920009,
120,RI,7888898,02/23/2024,LIDS,87.02,.00,461073,
120,RI,7888901,02/23/2024,ESTEBAN,1225.00,.00,801554,
120,RI,7888914,02/23/2024,02152024,52.20,.00,801002,
120,RI,7888929,02/23/2024,WARING,371.85,.00,574323,
120,RI,7888941,02/23/2024,KATIE,219.71,.00,406117,
120,RI,7888942,02/23/2024,KATIE,132.42,.00,406117,
120,RI,7888945,02/23/2024,24420/BREWHOUSE,363.60,.00,278496,
120,RI,7888968,02/23/2024,B07400016282,120.26,.00,740255,
120,RI,7888973,02/23/2024,B07400016389,268.49,.00,740255,
120,RI,7888975,02/23/2024,55437561,7988.73,.00,449010,
120,RI,7888977,02/23/2024,B04610044976,1143.22,.00,461002,
120,RI,7888978,02/23/2024,B04610044978,1508.24,.00,366744,
120,RI,7888979,02/23/2024,B04610044982,677.59,.00,272617,
120,RI,7888983,02/23/2024,B04610044984,916.37,.00,367090,
120,RI,7888984,02/23/2024,B04610044985,1211.53,.00,765955,
120,RI,7889001,02/23/2024,B04610045010,718.43,.00,272618,
120,RI,7889011,02/23/2024,B04610045016,780.75,.00,461004,
120,RI,7889019,02/23/2024,B07400016407,206.89,.00,740255,
120,RI,7889020,02/23/2024,B04610045028,1353.84,.00,772617,
120,RI,7889023,02/23/2024,B04610045035,1614.14,.00,367089,
120,RI,7889032,02/23/2024,B04610045042,650.98,.00,461834,
120,RI,7889035,02/23/2024,B04610044694,6.68,.00,367089,
120,RI,7889037,02/23/2024,B04610043853,21.79,.00,765955,
120,RI,7889040,02/23/2024,B07400016282,10.55,.00,740255,
120,RI,7889041,02/23/2024,B07400016389,10.55,.00,740255,
120,RI,7889042,02/23/2024,B04610044775,24.55,.00,772617,
120,RI,7889098,02/23/2024,LISA,87.09,.00,406015,
120,RI,7889100,02/23/2024,RICH,1486.83,.00,755003,
120,RI,7889104,02/23/2024,B04610044936,1130.51,.00,914103,
120,RI,7889109,02/23/2024,55432047,3713.81,.00,432018,
120,RI,7889110,02/23/2024,B08010048093,1376.22,.00,918024,
120,RI,7889111,02/23/2024,292530,198.53,.00,716030,
120,RI,7889112,02/23/2024,B04610044954,972.96,.00,716507,
120,RI,7889113,02/23/2024,B04610044962,1519.01,.00,509001,
120,RI,7889116,02/23/2024,B04050002845,815.01,.00,406520,
120,RI,7889122,02/23/2024,B04610044965,1762.87,.00,739888,
120,RI,7889123,02/23/2024,B04610044968,951.18,.00,633233,
120,RI,7889124,02/23/2024,55440105,76.42,.00,438352,
120,RI,7889125,02/23/2024,55440426,171.75,.00,438352,
120,RI,7889126,02/23/2024,4503630053,191.19,.00,195445,
120,RI,7889127,02/23/2024,B07400016395,561.68,.00,84001,
120,RI,7889128,02/23/2024,B07400016396,415.45,.00,644141,
120,RI,7889129,02/23/2024,B04610044972,671.07,.00,309253,
120,RI,7889130,02/23/2024,B04610044973,923.82,.00,461691,
120,RI,7889131,02/23/2024,B04610044979,792.64,.00,62140,
120,RI,7889132,02/23/2024,B04610044981,1073.79,.00,461030,
120,RI,7889136,02/23/2024,B07400016386,456.48,.00,367128,
120,RI,7889152,02/23/2024,B04610044983,884.52,.00,461053,
120,RI,7889153,02/23/2024,55447852,1863.59,.00,438351,
120,RI,7889174,02/23/2024,Housekeeping,247.64,.00,562931,
120,RI,7889181,02/23/2024,johnsone,564.03,.00,692753,
120,RI,7889185,02/23/2024,55448524,125.70,.00,438352,
120,RI,7889186,02/23/2024,55448746,807.52,.00,432016,
120,RI,7889187,02/23/2024,B04610044986,817.23,.00,545313,
120,RI,7889188,02/23/2024,HOUSEKEEPING,100.91,.00,470015,
120,RI,7889189,02/23/2024,3510,337.36,.00,499301,
120,RI,7889199,02/23/2024,B04610044991,728.20,.00,328321,
120,RI,7889200,02/23/2024,55449665,515.56,.00,440996,
120,RI,7889211,02/23/2024,GOLD,137.05,.00,632333,
120,RI,7889216,02/23/2024,292918,710.53,.00,394380,
120,RI,7889222,02/23/2024,B04610044996,1661.82,.00,812120,
120,RI,7889223,02/23/2024,B04610045000,64.83,.00,461053,
120,RI,7889224,02/23/2024,B04610044999,1370.64,.00,765956,
120,RI,7889225,02/23/2024,B04610044998,2209.02,.00,632333,
120,RI,7889226,02/23/2024,55450477,840.55,.00,614213,
120,RI,7889227,02/23/2024,55450499,656.39,.00,432007,
120,RI,7889228,02/23/2024,B04610045003,1296.71,.00,461702,
120,RI,7889229,02/23/2024,B04610045006,1761.16,.00,101889,
120,RI,7889230,02/23/2024,B04610045008,1282.11,.00,461601,
120,RI,7889231,02/23/2024,B04610045007,2249.76,.00,914102,
120,RI,7889237,02/23/2024,DONNA,1664.72,.00,755677,
120,RI,7889239,02/23/2024,50452000125782,589.95,.00,196722,
120,RI,7889242,02/23/2024,B04610045009,1063.11,.00,406315,
120,RI,7889243,02/23/2024,55451078,1159.34,.00,552041,
120,RI,7889244,02/23/2024,B07400016405,724.62,.00,212200,
120,RI,7889245,02/23/2024,B04610045011,748.08,.00,309254,
120,RI,7889261,02/23/2024,55451804,192.00,.00,552041,
120,RI,7889262,02/23/2024,B04610045012,390.99,.00,461691,
120,RI,7889263,02/23/2024,55451846,1556.03,.00,432007,
120,RI,7889264,02/23/2024,55451862,4131.09,.00,449162,
120,RI,7889266,02/23/2024,B04610045017,1758.55,.00,461074,
120,RI,7889267,02/23/2024,0057 B02950002447,2114.39,.00,499301,
120,RI,7889268,02/23/2024,55452654,1788.92,.00,736438,
120,RI,7889269,02/23/2024,55452691,1961.26,.00,391275,
120,RI,7889272,02/23/2024,MAINTENANCE,1746.99,.00,583410,
120,RI,7889274,02/23/2024,1731,196.44,.00,499301,
120,RI,7889307,02/23/2024,B04610045021,979.45,.00,461874,
120,RI,7889308,02/23/2024,B07400016408,546.56,.00,867549,
120,RI,7889309,02/23/2024,B04610045023,888.38,.00,461011,
120,RI,7889310,02/23/2024,55453489,576.52,.00,432019,
120,RI,7889311,02/23/2024,B04610045025,1875.77,.00,407301,
120,RI,7889313,02/23/2024,55453704,857.90,.00,432017,
120,RI,7889314,02/23/2024,B04610045029,273.29,.00,545313,
120,RI,7889315,02/23/2024,B04610045030,1154.28,.00,955264,
120,RI,7889316,02/23/2024,B04610045031,1196.65,.00,800857,
120,RI,7889341,02/23/2024,K,2549.86,.00,773527,
120,RI,7889345,02/23/2024,B04610045032,1181.76,.00,461130,
120,RI,7889346,02/23/2024,B04610045036,1134.83,.00,194660,
120,RI,7889347,02/23/2024,B07400016410,735.80,.00,495151,
120,RI,7889348,02/23/2024,B04610045037,1022.32,.00,958980,
120,RI,7889349,02/23/2024,4503630637,144.75,.00,195445,
120,RI,7889354,02/23/2024,DIETARY,254.19,.00,583410,
120,RI,7889374,02/23/2024,DIETARY,690.86,.00,473055,
120,RI,7889382,02/23/2024,3122,309.53,.00,499301,
120,RI,7889388,02/23/2024,B04610045038,701.13,.00,862385,
120,RI,7889389,02/23/2024,B04610045039,2048.44,.00,461701,
120,RI,7889390,02/23/2024,B04610045041,2622.10,.00,326180,
120,RI,7889391,02/23/2024,B04610045043,1379.24,.00,556807,
120,RI,7889392,02/23/2024,55455833,2062.75,.00,571300,
120,RI,7889393,02/23/2024,55456095,986.46,.00,440995,
120,RI,7889394,02/23/2024,55456797,1839.00,.00,438352,
120,RI,7889395,02/23/2024,B04610045046,692.55,.00,461003,
120,RI,7889403,02/23/2024,LEITHELLA,1019.79,.00,656100,
120,RI,7889408,02/23/2024,B04610045047,1522.96,.00,262755,
120,RI,7889410,02/23/2024,B07400016416,1138.37,.00,574323,
120,RI,7889413,02/23/2024,JUSTIN,145.45,.00,572757,
120,RI,7889415,02/23/2024,HOUSEKEEPING,430.15,.00,661995,
120,RI,7889418,02/23/2024,LAUNDRY,250.29,.00,661995,
120,RI,7889432,02/23/2024,DAVID,638.26,.00,755002,
120,RI,7889448,02/23/2024,61614,1954.05,.00,781001,
120,RI,7889455,02/23/2024,kristina,2801.10,.00,755004,
120,RI,7889471,02/23/2024,61620,3244.90,.00,781001,
120,RI,7889484,02/23/2024,B04610044824,27.24,.00,194660,
120,RI,7889488,02/23/2024,B04610044864,16.70,.00,461003,
120,RI,7889489,02/23/2024,B04610044552,13.36,.00,461011,
120,RI,7889490,02/23/2024,B04610043949,21.79,.00,461074,
120,RI,7889492,02/23/2024,B04610044456,63.49,.00,739888,
120,RI,7889499,02/23/2024,02082024,121.36,.00,187850,
120,RI,7889501,02/23/2024,B04610044408,.96,.00,461003,
120,RI,7889502,02/23/2024,B04610044876,20.46,.00,461701,
120,RI,7889506,02/23/2024,HOUSEKEEPING,37.05,.00,692753,
120,RI,7889507,02/23/2024,061456,240.08,.00,694013,
120,RI,7889508,02/23/2024,B04610044881,49.10,.00,739888,
120,RI,7889509,02/23/2024,B04610044799,5.79,.00,765956,
120,RI,7889511,02/23/2024,55408116,218.53,.00,792426,
120,RI,7889513,02/23/2024,B04610044563,6.75,.00,862385,
120,RI,7889514,02/23/2024,B04610044412,1.93,.00,955264,
120,RI,7889517,02/23/2024,55429293,62.07,.00,432017,
120,RI,7889521,02/23/2024,B04610044559,57.45,.00,955264,
120,RI,7889529,02/26/2024,B04610044768,1007.49,.00,461545,
120,RI,7889533,02/26/2024,WILL CALL,66.90,.00,407300,
120,RI,7889542,02/26/2024,55394347,76.21,.00,449481,
120,RI,7889544,02/26/2024,B08010047778,69.90,.00,752880,
120,RI,7889550,02/26/2024,LIDS,207.18,.00,461623,
120,RI,7889552,02/26/2024,VERBAL,369.80,.00,461615,
120,RI,7889555,02/26/2024,B04610044657,6.26,.00,461807,
120,RI,7889556,02/26/2024,B04610044773,179.76,.00,391067,
120,RI,7889561,02/26/2024,B04610044114,127.64,.00,94887,
120,RI,7889562,02/26/2024,SMALLWARE,174.46,.00,461145,
120,RI,7889564,02/26/2024,B04610044956,322.03,.00,309620,
120,RI,7889567,02/26/2024,B04610044959,206.24,.00,461104,
120,RI,7889577,02/26/2024,B04610044963,553.14,.00,202798,
120,RI,7889579,02/26/2024,B04610044967,525.75,.00,545316,
120,RI,7889580,02/26/2024,CARDINAL,1073.46,.00,574323,
120,RI,7889581,02/26/2024,B04610044992,146.99,.00,94888,
120,RI,7889585,02/26/2024,B04610045049,309.37,.00,416104,
120,RI,7889587,02/26/2024,B04610044745,113.86,.00,461909,
120,RI,7889592,02/26/2024,HOSPITALITY,6.88,.00,461011,
120,RI,7889595,02/26/2024,3750,522.28,.00,499301,
120,RI,7889602,02/26/2024,43500372,3465.36,.00,920016,
120,RI,7889615,02/26/2024,B04050002846,1240.41,.00,406126,
120,RI,7889616,02/26/2024,2/6/2024,368.50,.00,473055,
120,RI,7889619,02/26/2024,NEWTON,516.49,.00,620203,
120,RI,7889625,02/26/2024,B08010046061,46.46,.00,192752,
120,RI,7889637,02/26/2024,2/6/2024,327.93,.00,473055,
120,RI,7889641,02/26/2024,55212402,15.48,.00,449481,
120,RI,7889643,02/26/2024,B08010047778,37.82,.00,752880,
120,RI,7889650,02/26/2024,292946,448.11,.00,324797,
120,RI,7889652,02/26/2024,55454311,6185.49,.00,449523,
120,RI,7889653,02/26/2024,SH1027,843.49,.00,646053,
120,RI,7889655,02/26/2024,42429,2397.65,.00,765520,
120,RI,7889656,02/26/2024,42432,4758.60,.00,765520,
120,RI,7889657,02/26/2024,42435,838.20,.00,765520,
120,RI,7889659,02/26/2024,B04610045061,1247.76,.00,461004,
120,RI,7889661,02/26/2024,B04610045062,1060.58,.00,367090,
120,RI,7889662,02/26/2024,DIETARY,2387.14,.00,324797,
120,RI,7889663,02/26/2024,B04610045069,498.27,.00,272618,
120,RI,7889667,02/26/2024,B04610045071,679.22,.00,272617,
120,RI,7889672,02/26/2024,B04610045075,1085.26,.00,765955,
120,RI,7889678,02/26/2024,B04610045080,881.85,.00,772617,
120,RI,7889680,02/26/2024,B04610045087,395.19,.00,366744,
120,RI,7889681,02/26/2024,B04610045088,689.01,.00,367089,
120,RI,7889683,02/26/2024,55347329,27.45,.00,449523,
120,RI,7889695,02/26/2024,STERNO,808.99,.00,814703,
120,RI,7889745,02/26/2024,55364285,199.75,.00,469246,
120,RI,7889792,02/26/2024,B07550001157,1101.93,.00,755870,
120,RI,7889796,02/26/2024,PF022024,115.60,.00,724535,
120,RI,7889807,02/26/2024,DNR1434272,291.23,.00,463077,
120,RI,7889814,02/26/2024,0015,413.61,.00,499301,
120,RI,7889825,02/26/2024,55463054,659.17,.00,439008,
120,RI,7889826,02/26/2024,B04610045058,4229.47,.00,262753,
120,RI,7889828,02/26/2024,CHUCH HILL,523.89,.00,582403,
120,RI,7889830,02/26/2024,KIES,473.39,.00,582403,
120,RI,7889833,02/26/2024,RODNEY,1398.48,.00,994262,
120,RI,7889834,02/26/2024,GRASONVILLE,264.00,.00,582403,
120,RI,7889848,02/26/2024,293408,1055.28,.00,392010,
120,RI,7889853,02/26/2024,B07400016420,1195.21,.00,632317,
120,RI,7889854,02/26/2024,B07400016422,773.45,.00,789511,
120,RI,7889855,02/26/2024,B07400016423,699.23,.00,593482,
120,RI,7889858,02/26/2024,WHITE MARSH,523.89,.00,755612,
120,RI,7889859,02/26/2024,CENTREVILLE MID,925.95,.00,582403,
120,RI,7889861,02/26/2024,B04610045065,747.74,.00,545313,
120,RI,7889866,02/26/2024,B04610045068,686.17,.00,406315,
120,RI,7889871,02/26/2024,55471173,10651.42,.00,702126,
120,RI,7889872,02/26/2024,B07400016426,728.16,.00,835200,
120,RI,7889887,02/26/2024,55471612,1569.44,.00,391275,
120,RI,7889888,02/26/2024,55471734,219.30,.00,432012,
120,RI,7889897,02/26/2024,55472328,422.31,.00,449056,
120,RI,7889898,02/26/2024,55472354,239.64,.00,432012,
120,RI,7889899,02/26/2024,55472380,737.21,.00,552041,
120,RI,7889900,02/26/2024,55472428,1865.16,.00,432012,
120,RI,7889901,02/26/2024,B04610045074,780.84,.00,461171,
120,RI,7889905,02/26/2024,DIETARY,257.08,.00,661995,
120,RI,7889906,02/26/2024,B07400016427,1265.62,.00,948085,
120,RI,7889907,02/26/2024,55472892,1876.48,.00,432010,
120,RI,7889908,02/26/2024,3130 B02950002449,1742.63,.00,499301,
120,RI,7889920,02/26/2024,293562,412.95,.00,820120,
120,RI,7889926,02/26/2024,293572,1268.02,.00,761100,
120,RI,7889928,02/26/2024,B07400016386,47.33,.00,367128,
120,RI,7889932,02/26/2024,B08010048196,6385.37,.00,282718,
120,RI,7889933,02/26/2024,55473317,859.64,.00,432109,
120,RI,7889934,02/26/2024,0044 B2950002450,814.81,.00,499301,
120,RI,7889935,02/26/2024,B04610045077,1234.54,.00,461803,
120,RI,7889936,02/26/2024,55473583,1282.56,.00,792426,
120,RI,7889937,02/26/2024,B07400016429,1112.83,.00,887489,
120,RI,7889938,02/26/2024,B04610045078,1115.69,.00,632334,
120,RI,7889939,02/26/2024,55473764,760.40,.00,432011,
120,RI,7889940,02/26/2024,B07400016431,242.49,.00,986632,
120,RI,7889941,02/26/2024,B07400016430,1240.27,.00,358401,
120,RI,7889942,02/26/2024,B04610045079,293.81,.00,862385,
120,RI,7889943,02/26/2024,55474095,695.55,.00,432017,
120,RI,7889944,02/26/2024,55474549,4305.02,.00,168564,
120,RI,7889952,02/26/2024,FILL IN,1495.15,.00,739888,
120,RI,7889954,02/26/2024,FILL IN,1209.00,.00,406315,
120,RI,7889957,02/26/2024,TRICIA,505.10,.00,755661,
120,RI,7889958,02/26/2024,TILGHMAN ELEM,369.79,.00,755612,
120,RI,7889959,02/26/2024,S,548.68,.00,499301,
120,RI,7889961,02/26/2024,B04610045081,751.39,.00,461801,
120,RI,7889962,02/26/2024,RICH,809.52,.00,755003,
120,RI,7889970,02/26/2024,CENTRAL SUPPLY,1372.06,.00,546300,
120,RI,7889972,02/26/2024,B04610045082,1215.01,.00,461157,
120,RI,7889973,02/26/2024,B04610045084,1155.16,.00,461204,
120,RI,7889974,02/26/2024,GLENN,3261.61,.00,773527,
120,RI,7889980,02/26/2024,GLENN,784.90,.00,773527,
120,RI,7889989,02/26/2024,4503631199,5339.83,.00,714611,
120,RI,7889995,02/26/2024,HOUSEKEEPING,170.18,.00,820100,
120,RI,7889996,02/26/2024,KORI,2071.60,.00,332775,
120,RI,7889998,02/26/2024,B04610045089,982.07,.00,461014,
120,RI,7889999,02/26/2024,55477507,943.49,.00,438346,
120,RI,7890000,02/26/2024,55477972,2253.35,.00,438352,
120,RI,7890002,02/26/2024,CAMPBELL,613.68,.00,656100,
120,RI,7890003,02/26/2024,CURTIS,1016.52,.00,755002,
120,RI,7890007,02/26/2024,B07400016435,336.76,.00,84001,
120,RI,7890013,02/26/2024,55480127,120.06,.00,469246,
120,RI,7890018,02/26/2024,kristina,1712.34,.00,755004,
120,RI,7890028,02/26/2024,Nursing/Debbie,210.09,.00,766201,
120,RI,7890032,02/26/2024,271943,123.33,.00,814702,
120,RI,7890034,02/26/2024,HOUSEKEKEPING,51.59,.00,426644,
120,RI,7890039,02/26/2024,289934,62.96,.00,814702,
120,RI,7890041,02/26/2024,B04610044642,2.73,.00,262753,
120,RI,7890056,02/26/2024,Housekeeping,196.10,.00,820100,
120,RI,7890069,02/27/2024,KERRI,64.76,.00,406126,
120,RI,7890072,02/27/2024,55500840,112.80,.00,432012,
120,RI,7890078,02/27/2024,2000910265,30715.20,.00,120109,
120,RI,7890097,02/27/2024,B04610045100,184.15,.00,859096,
120,RI,7890098,02/27/2024,293876,77.31,.00,324797,
120,RI,7890104,02/27/2024,KERRI,31.37,.00,406126,
120,RI,7890106,02/27/2024,B04060002529,158.63,.00,406001,
120,RI,7890108,02/27/2024,FEDEX,48.49,.00,461801,
120,RI,7890109,02/27/2024,294069,48.95,.00,324797,
120,RI,7890119,02/27/2024,061398,1524.00,.00,781001,
120,RI,7890121,02/27/2024,CEVONNE,767.65,.00,665979,
120,RI,7890130,02/27/2024,24420/BREWHOUSE,718.58,.00,278496,
120,RI,7890158,02/27/2024,B04610045109,2694.14,.00,461502,
120,RI,7890159,02/27/2024,B04610045117,1008.60,.00,461002,
120,RI,7890160,02/27/2024,B04610045126,551.71,.00,366744,
120,RI,7890173,02/27/2024,B04610045151,2122.65,.00,406314,
120,RI,7890182,02/27/2024,B04610045162,942.77,.00,461834,
120,RI,7890183,02/27/2024,B04610045163,757.04,.00,461407,
120,RI,7890184,02/27/2024,B04610045166,1418.25,.00,461073,
120,RI,7890186,02/27/2024,VERBAL,2397.59,.00,722611,
120,RI,7890194,02/27/2024,B04050002853,1526.80,.00,406106,
120,RI,7890203,02/27/2024,B04610045192,252.71,.00,366744,
120,RI,7890211,02/27/2024,BISSELL,74.32,.00,461803,
120,RI,7890228,02/27/2024,NATS0000024484,2836.95,.00,278496,
120,RI,7890237,02/27/2024,B07400016396,169.00,.00,644141,
120,RI,7890241,02/27/2024,003-11322494,958.29,.00,707655,
120,RI,7890255,02/27/2024,B07400016437,445.91,.00,350086,
120,RI,7890256,02/27/2024,3023 B02950002451,3244.48,.00,499301,
120,RI,7890257,02/27/2024,55485746,887.75,.00,441860,
120,RI,7890258,02/27/2024,B04610045099,409.21,.00,407300,
120,RI,7890259,02/27/2024,B04050002847,771.96,.00,406119,
120,RI,7890260,02/27/2024,B04610045107,1076.88,.00,62140,
120,RI,7890261,02/27/2024,B04050002848,1050.64,.00,406110,
120,RI,7890262,02/27/2024,B07400016441,445.16,.00,339330,
120,RI,7890263,02/27/2024,B04610045116,1661.13,.00,580102,
120,RI,7890264,02/27/2024,55494995,440.19,.00,441860,
120,RI,7890265,02/27/2024,B04610045120,832.91,.00,765956,
120,RI,7890266,02/27/2024,B04610045121,1825.48,.00,914102,
120,RI,7890267,02/27/2024,B04610045127,1108.35,.00,62139,
120,RI,7890268,02/27/2024,B04610045130,1442.10,.00,509001,
120,RI,7890269,02/27/2024,B04610045131,1758.92,.00,461074,
120,RI,7890270,02/27/2024,B04610045134,1235.40,.00,461601,
120,RI,7890271,02/27/2024,B07400016442,1602.46,.00,241400,
120,RI,7890272,02/27/2024,B04610045141,1091.22,.00,461691,
120,RI,7890273,02/27/2024,3395 B02950002452,1737.65,.00,499301,
120,RI,7890292,02/27/2024,ORIOL04327,569.50,.00,572757,
120,RI,7890293,02/27/2024,3122,440.58,.00,499301,
120,RI,7890294,02/27/2024,55500921,719.51,.00,469246,
120,RI,7890295,02/27/2024,55500931,3868.32,.00,449056,
120,RI,7890296,02/27/2024,55501067,332.22,.00,449056,
120,RI,7890321,02/27/2024,DONNA,971.50,.00,755677,
120,RI,7890352,02/27/2024,B04610045144,766.45,.00,309253,
120,RI,7890353,02/27/2024,B07400016443,369.81,.00,350086,
120,RI,7890354,02/27/2024,B04050002849,1878.24,.00,406125,
120,RI,7890355,02/27/2024,B04610045145,870.31,.00,545313,
120,RI,7890356,02/27/2024,B07400016445,316.91,.00,84001,
120,RI,7890357,02/27/2024,B04610045146,1882.25,.00,914103,
120,RI,7890358,02/27/2024,55501601,6169.01,.00,432018,
120,RI,7890359,02/27/2024,B04610045147,1182.69,.00,461053,
120,RI,7890361,02/27/2024,GARFIELD,255.23,.00,164370,
120,RI,7890379,02/27/2024,TGT022624,1095.23,.00,406024,
120,RI,7890380,02/27/2024,B04610045150,2374.29,.00,632333,
120,RI,7890384,02/27/2024,B04610045153,880.90,.00,461030,
120,RI,7890385,02/27/2024,B04050002851,915.71,.00,406108,
120,RI,7890386,02/27/2024,B04610045154,1428.60,.00,262755,
120,RI,7890387,02/27/2024,B04610045155,1481.23,.00,461701,
120,RI,7890397,02/27/2024,VERBAL,1825.62,.00,164369,
120,RI,7890414,02/27/2024,B07400016449,1030.23,.00,634489,
120,RI,7890415,02/27/2024,B04610045158,1132.99,.00,328321,
120,RI,7890417,02/27/2024,B07400016451,455.08,.00,413154,
120,RI,7890418,02/27/2024,B07400016452,1730.86,.00,252631,
120,RI,7890419,02/27/2024,B04610045160,1038.46,.00,461702,
120,RI,7890421,02/27/2024,VERBAL,302.14,.00,461014,
120,RI,7890438,02/27/2024,3510,429.38,.00,499301,
120,RI,7890451,02/27/2024,B04610045161,2052.72,.00,812120,
120,RI,7890452,02/27/2024,B04610045165,908.97,.00,461130,
120,RI,7890453,02/27/2024,3133 B02950002454,620.45,.00,499301,
120,RI,7890454,02/27/2024,55504816,2023.94,.00,736438,
120,RI,7890455,02/27/2024,B04610045167,20.56,.00,461053,
120,RI,7890456,02/27/2024,B04610045168,2599.20,.00,101889,
120,RI,7890457,02/27/2024,B04610045169,1452.90,.00,716507,
120,RI,7890462,02/27/2024,55505438,314.25,.00,469246,
120,RI,7890463,02/27/2024,B04050002852,932.46,.00,406115,
120,RI,7890466,02/27/2024,4524401430,1185.64,.00,650979,
120,RI,7890470,02/27/2024,lINCOLNIAN,338.00,.00,140330,
120,RI,7890486,02/27/2024,111111,384.28,.00,593725,
120,RI,7890490,02/27/2024,0040,469.62,.00,499301,
120,RI,7890494,02/27/2024,HOUSEKEEPING,282.17,.00,473055,
120,RI,7890496,02/27/2024,B04610045171,567.75,.00,955264,
120,RI,7890497,02/27/2024,B04610045172,2054.49,.00,309254,
120,RI,7890498,02/27/2024,B04060002624,1099.70,.00,406015,
120,RI,7890499,02/27/2024,B04610045173,767.05,.00,407300,
120,RI,7890500,02/27/2024,B04610045174,1317.66,.00,461003,
120,RI,7890501,02/27/2024,B04610045178,1629.61,.00,194660,
120,RI,7890502,02/27/2024,B04610045180,1075.61,.00,958980,
120,RI,7890516,02/27/2024,61679,1460.11,.00,781001,
120,RI,7890520,02/27/2024,B04610045181,1121.23,.00,461011,
120,RI,7890521,02/27/2024,B04610045179,2087.31,.00,633233,
120,RI,7890522,02/27/2024,B07400016455,928.71,.00,574323,
120,RI,7890523,02/27/2024,55507351,200.29,.00,552041,
120,RI,7890524,02/27/2024,B07400016456,841.77,.00,867549,
120,RI,7890525,02/27/2024,B04050002854,1214.41,.00,406103,
120,RI,7890537,02/27/2024,294277,1120.61,.00,665979,
120,RI,7890545,02/27/2024,55507667,4724.12,.00,168564,
120,RI,7890546,02/27/2024,B04610045184,1374.44,.00,326180,
120,RI,7890547,02/27/2024,4503632306,1646.64,.00,944645,
120,RI,7890548,02/27/2024,B07400016457,309.59,.00,775193,
120,RI,7890549,02/27/2024,0047 B02950002455,4595.07,.00,499301,
120,RI,7890550,02/27/2024,B04610045186,1341.41,.00,556807,
120,RI,7890551,02/27/2024,B04610045187,1486.85,.00,407301,
120,RI,7890552,02/27/2024,B04610045189,3637.27,.00,800857,
120,RI,7890553,02/27/2024,B04050002855,1059.27,.00,406105,
120,RI,7890554,02/27/2024,B07400016461,606.58,.00,358401,
120,RI,7890555,02/27/2024,B07400016459,410.95,.00,775193,
120,RI,7890556,02/27/2024,B07400016462,942.48,.00,367128,
120,RI,7890557,02/27/2024,B04610045191,1772.21,.00,461874,
120,RI,7890566,02/27/2024,B07400016463,659.10,.00,740276,
120,RI,7890578,02/27/2024,6480 B0950002456,416.09,.00,499301,
120,RI,7890580,02/27/2024,B04060002626,1361.36,.00,406019,
120,RI,7890581,02/27/2024,B07400016466,1111.81,.00,122743,
120,RI,7890582,02/27/2024,B07400016467,606.70,.00,548063,
120,RI,7890585,02/27/2024,111111,129.58,.00,593725,
120,RI,7890592,02/27/2024,paper,619.37,.00,527001,
120,RI,7890600,02/27/2024,SEAN,486.79,.00,164371,
120,RI,7890601,02/27/2024,022724,2078.87,.00,755001,
120,RI,7890609,02/27/2024,B07400016468,160.87,.00,634489,
120,RI,7890616,02/27/2024,CANTON022624,872.23,.00,406028,
120,RI,7890621,02/27/2024,BRAD,4640.59,.00,202000,
120,RI,7890626,02/27/2024,DIETARY,940.96,.00,515700,
120,RI,7890628,02/27/2024,B04610045195,1161.76,.00,739888,
120,RI,7890649,02/27/2024,CHEF NICK,1435.42,.00,421513,
120,RI,7890650,02/27/2024,B04060002627,2077.52,.00,406026,
120,RI,7890651,02/27/2024,B04050002857,1473.04,.00,406111,
120,RI,7890664,02/27/2024,1010,540.88,.00,499301,
120,RI,7890699,02/27/2024,003-11310378,110.13,.00,707655,
120,RI,7890700,02/27/2024,B08010046232,137.64,.00,164064,
120,RI,7890704,02/27/2024,B04050002839,13.06,.00,406111,
120,RI,7890707,02/27/2024,003-11314441,440.54,.00,707655,
120,RI,7890708,02/27/2024,003-11318385,220.27,.00,707655,
120,RI,7890716,02/27/2024,B04610044961,12.72,.00,62139,
120,RI,7890717,02/27/2024,B08010047609,68.82,.00,164064,
120,RI,7890718,02/27/2024,GARFIELD,327.81,.00,164370,
120,RI,7890719,02/27/2024,B04610044254,10.09,.00,328321,
120,RI,7890722,02/27/2024,B08010047610,211.23,.00,164064,
120,RI,7890723,02/27/2024,B08010047612,70.41,.00,164064,
120,RI,7890726,02/27/2024,55463054,558.83,.00,439008,
120,RI,7890748,02/28/2024,B04610045092,70.03,.00,461477,
120,RI,7890751,02/28/2024,B04610045097,14.21,.00,391067,
120,RI,7890753,02/28/2024,B04610045098,136.33,.00,461108,
120,RI,7890755,02/28/2024,B04610045101,304.35,.00,461201,
120,RI,7890756,02/28/2024,B04610045114,540.00,.00,461545,
120,RI,7890757,02/28/2024,B04610045138,327.71,.00,461822,
120,RI,7890759,02/28/2024,B04610044355,312.18,.00,737892,
120,RI,7890760,02/28/2024,B04610045175,37.88,.00,461179,
120,RI,7890761,02/28/2024,B04610045200,90.17,.00,545312,
120,RI,7890769,02/28/2024,FEDEX,35.14,.00,812120,
120,RI,7890770,02/28/2024,FEDEX,48.49,.00,461011,
120,RI,7890773,02/28/2024,SMALLWARE,209.07,.00,202798,
120,RI,7890777,02/28/2024,55524833,119.90,.00,432012,
120,RI,7890778,02/28/2024,FEDEX,77.33,.00,461073,
120,RI,7890780,02/28/2024,VERBAL,46.16,.00,316040,
120,RI,7890795,02/28/2024,FEDEX,29.06,.00,461002,
120,RI,7890806,02/28/2024,CARLY,66.72,.00,406106,
120,RI,7890817,02/28/2024,DIETARY-BAUSCHER,296.38,.00,766201,
120,RI,7890821,02/28/2024,ALLPOINTS,36.74,.00,632333,
120,RI,7890830,02/28/2024,42434,28053.54,.00,765520,
120,RI,7890837,02/28/2024,02082024,169.14,.00,187850,
120,RI,7890844,02/28/2024,TOWEL DISPENSER,.01,.00,367089,
120,RI,7890845,02/28/2024,DISPENSERS,.02,.00,765955,
120,RI,7890846,02/28/2024,B07400016464,353.11,.00,672881,
120,RI,7890848,02/28/2024,B04610045203,926.97,.00,461004,
120,RI,7890854,02/28/2024,B04610045206,757.63,.00,367090,
120,RI,7890868,02/28/2024,B04610045212,1210.76,.00,765955,
120,RI,7890875,02/28/2024,B04610045102,1282.37,.00,272617,
120,RI,7890886,02/28/2024,B04610045218,403.55,.00,366744,
120,RI,7890889,02/28/2024,55528236,3806.18,.00,449402,
120,RI,7890890,02/28/2024,B04610045224,1004.52,.00,272618,
120,RI,7890891,02/28/2024,B04610045223,33.98,.00,772617,
120,RI,7890892,02/28/2024,B04610045222,999.99,.00,772617,
120,RI,7890895,02/28/2024,B04610045225,834.58,.00,367089,
120,RI,7890903,02/28/2024,B04610045226,722.31,.00,461834,
120,RI,7890928,02/28/2024,HOUSEKEEPING,9244.47,.00,515700,
120,RI,7890950,02/28/2024,B07400016374,842.89,.00,139211,
120,RI,7890972,02/28/2024,55493505,316.23,.00,432017,
120,RI,7890978,02/28/2024,Laundry/Debbie,169.57,.00,766201,
120,RI,7890980,02/28/2024,383355,975.43,.00,983355,
120,RI,7890985,02/28/2024,B04610045156,1339.83,.00,739889,
120,RI,7890986,02/28/2024,7042 B02950002453,2678.92,.00,499301,
120,RI,7890987,02/28/2024,55503130,505.57,.00,432018,
120,RI,7890995,02/28/2024,Laundry,577.47,.00,562931,
120,RI,7890998,02/28/2024,716080,1241.84,.00,716080,
120,RI,7890999,02/28/2024,Housekeeping,222.17,.00,562931,
120,RI,7891006,02/28/2024,Housekeeping/Debbie,409.37,.00,766201,
120,RI,7891008,02/28/2024,SHEVONNE,1131.84,.00,244867,
120,RI,7891009,02/28/2024,BRENT,453.55,.00,983363,
120,RI,7891010,02/28/2024,HOUSEKEEPING,715.82,.00,583410,
120,RI,7891013,02/28/2024,HOUSEKEEPING,247.93,.00,546300,
120,RI,7891024,02/28/2024,294359,1577.30,.00,737385,
120,RI,7891025,02/28/2024,Dietary,468.16,.00,562931,
120,RI,7891026,02/28/2024,0338,653.68,.00,766156,
120,RI,7891042,02/28/2024,294524,2390.68,.00,814703,
120,RI,7891043,02/28/2024,294525,121.18,.00,814702,
120,RI,7891052,02/28/2024,B04050002858,1250.54,.00,406112,
120,RI,7891053,02/28/2024,B04060002628,1379.21,.00,406014,
120,RI,7891060,02/28/2024,55089395,179.08,.00,449936,
120,RI,7891068,02/28/2024,55523714,2000.63,.00,438346,
120,RI,7891072,02/28/2024,RICH,906.90,.00,755003,
120,RI,7891075,02/28/2024,61699,469.11,.00,781001,
120,RI,7891076,02/28/2024,JUSTIN,794.36,.00,311159,
120,RI,7891077,02/28/2024,B04610045207,726.63,.00,862385,
120,RI,7891078,02/28/2024,B04610045208,2008.71,.00,407303,
120,RI,7891081,02/28/2024,DAVID CURTIS,569.34,.00,755002,
120,RI,7891082,02/28/2024,B07400016430,80.79,.00,358401,
120,RI,7891086,02/28/2024,CENTRAL SUPPLY,380.81,.00,470015,
120,RI,7891088,02/28/2024,LAUNDRY,482.25,.00,470015,
120,RI,7891089,02/28/2024,HOUSEKEEPING,1629.47,.00,470015,
120,RI,7891095,02/28/2024,294670,1021.88,.00,397700,
120,RI,7891097,02/28/2024,Kevin. Nsereko CSC,828.25,.00,583410,
120,RI,7891100,02/28/2024,55525002,2924.83,.00,469246,
120,RI,7891101,02/28/2024,55525302,217.86,.00,469246,
120,RI,7891102,02/28/2024,55525311,282.49,.00,440996,
120,RI,7891103,02/28/2024,B04050002859,1722.14,.00,406107,
120,RI,7891105,02/28/2024,294700,954.48,.00,766222,
120,RI,7891122,02/28/2024,55526662,1857.47,.00,792426,
120,RI,7891136,02/28/2024,DONNA,2367.16,.00,755677,
120,RI,7891138,02/28/2024,55527291,479.70,.00,736438,
120,RI,7891139,02/28/2024,294780,802.06,.00,716050,
120,RI,7891140,02/28/2024,294781,982.10,.00,737308,
120,RI,7891144,02/28/2024,ARTIS,1121.32,.00,771562,
120,RI,7891145,02/28/2024,DIETARY,728.33,.00,426644,
120,RI,7891161,02/28/2024,061688,3366.41,.00,694005,
120,RI,7891162,02/28/2024,B08010048324,1148.05,.00,523100,
120,RI,7891163,02/28/2024,B04610045217,776.83,.00,406315,
120,RI,7891165,02/28/2024,111111,301.69,.00,593725,
120,RI,7891172,02/28/2024,B07400016488,729.12,.00,212200,
120,RI,7891174,02/28/2024,Housekeeping,792.19,.00,820100,
120,RI,7891180,02/28/2024,61710,78.92,.00,781001,
120,RI,7891184,02/28/2024,JEHOVANNY,1425.66,.00,826244,
120,RI,7891195,02/28/2024,294884,791.68,.00,737280,
120,RI,7891196,02/28/2024,294885,572.40,.00,293270,
120,RI,7891197,02/28/2024,294886,858.65,.00,716130,
120,RI,7891207,02/28/2024,61679,409.50,.00,781001,
120,RI,7891220,02/28/2024,55529974,764.79,.00,438593,
120,RI,7891221,02/28/2024,061709,1474.06,.00,694014,
120,RI,7891222,02/28/2024,B07400016491,647.90,.00,367128,
120,RI,7891231,02/28/2024,294947,1429.69,.00,773527,
120,RI,7891251,02/28/2024,B04050002860,145.76,.00,406111,
120,RI,7891257,02/28/2024,294983,958.57,.00,766202,
120,RI,7891260,02/28/2024,kristina,1327.28,.00,755004,
120,RI,7891271,02/28/2024,4503633154,1172.90,.00,195445,
120,RI,7891272,02/28/2024,4503633159,163.60,.00,195445,
120,RI,7891273,02/28/2024,295001,689.02,.00,656100,
120,RI,7891275,02/28/2024,LAUNDRY,1330.13,.00,426644,
120,RI,7891276,02/28/2024,DIETARY,1166.07,.00,583410,
120,RI,7891279,02/28/2024,3510,729.58,.00,499301,
120,RI,7891280,02/28/2024,HOUSEKEEPING,2155.28,.00,426644,
120,RI,7891308,02/28/2024,B04050002861,103.95,.00,406111,
120,RI,7891309,02/28/2024,55533998,267.40,.00,552041,
120,RI,7891319,02/28/2024,KITCHEN,279.86,.00,620203,
120,RI,7891328,02/28/2024,- None -,1208.67,.00,737285,
120,RI,7891330,02/28/2024,61721/ALBC,705.65,.00,781001,
120,RI,7891331,02/28/2024,61720/NUBC,237.50,.00,781001,
120,RI,7891339,02/28/2024,KWESI STEPHEN,2210.20,.00,665979,
120,RI,7891343,02/28/2024,B04610044295,80.35,.00,407303,
120,RI,7891358,02/28/2024,55456095,91.11,.00,440995,
120,RI,7891359,02/28/2024,HOUSEKEEPING,47.70,.00,473055,
120,RI,7891362,02/28/2024,61454,153.90,.00,781001,
120,RI,7891368,02/28/2024,DCUNI06341,3016.76,.00,108003,
120,RI,7891372,02/28/2024,55449665,266.67,.00,440996,
120,RI,7891373,02/28/2024,0047 B02950002455,540.55,.00,499301,
120,RI,7891375,02/28/2024,0047 B02950002443,95.27,.00,499301,
120,RI,7891376,02/28/2024,0047 B02950002443,353.83,.00,499301,
120,RI,7891392,02/29/2024,CATERING,4658.44,.00,461122,
120,RI,7891402,02/29/2024,B04610045237,556.31,.00,545314,
120,RI,7891403,02/29/2024,B04610045239,220.55,.00,416104,
120,RI,7891405,02/29/2024,B04610045235,388.64,.00,94887,
120,RI,7891413,02/29/2024,B04610045048,158.11,.00,740183,
120,RI,7891416,02/29/2024,B04610045210,70.23,.00,92086,
120,RI,7891417,02/29/2024,B04610045228,14.21,.00,94888,
120,RI,7891419,02/29/2024,B04610045232,400.05,.00,461179,
120,RI,7891421,02/29/2024,B04610045233,531.81,.00,461060,
120,RI,7891422,02/29/2024,B04610044785,69.32,.00,652927,
120,RI,7891424,02/29/2024,DIETARY,127.14,.00,766201,
120,RI,7891442,02/29/2024,2000921901,6808.00,.00,120109,
120,RI,7891468,02/29/2024,FEDEX,68.32,.00,461601,
120,RI,7891478,02/29/2024,2000968690,2614.72,.00,120109,
120,RI,7891482,02/29/2024,2000905100,3908.25,.00,120109,
120,RI,7891485,02/29/2024,55536964,20076.79,.00,449302,
120,RI,7891502,02/29/2024,- None -,513.98,.00,646053,
120,RI,7891515,02/29/2024,55545734,10313.19,.00,449618,
120,RI,7891516,02/29/2024,B04610045262,584.73,.00,461002,
120,RI,7891519,02/29/2024,B01460013024.2D-1283,1524.42,.00,146041,
120,RI,7891530,02/29/2024,B04610045267,1353.63,.00,461407,
120,RI,7891539,02/29/2024,B04610045269,806.94,.00,461073,
120,RI,7891540,02/29/2024,B04610045271,1948.30,.00,406314,
120,RI,7891543,02/29/2024,B04610045273,1435.81,.00,367089,
120,RI,7891549,02/29/2024,02282024,3252.15,.00,801002,
120,RI,7891550,02/29/2024,B04610045278,750.11,.00,461502,
120,RI,7891551,02/29/2024,DN2127000005888,1663.77,.00,187250,
120,RI,7891553,02/29/2024,2000950312,1683.45,.00,120109,
120,RI,7891554,02/29/2024,2000956353,1387.75,.00,120109,
120,RI,7891556,02/29/2024,B04610044161,26.05,.00,461002,
120,RI,7891557,02/29/2024,B01460012891.2D-1283,.13,.00,146041,
120,RI,7891570,02/29/2024,JOHN BOOS,183.04,.00,461179,
120,RI,7891577,02/29/2024,NATS0000024325,1094.08,.00,278496,
120,RI,7891642,02/29/2024,B04060002623,1247.68,.00,406013,
120,RI,7891650,02/29/2024,55509027,815.11,.00,449956,
120,RI,7891652,02/29/2024,B07550001160,779.32,.00,755874,
120,RI,7891660,02/29/2024,EASTON HS,482.20,.00,755612,
120,RI,7891662,02/29/2024,NATS0000024551,321.26,.00,278496,
120,RI,7891669,02/29/2024,B05760007336,965.40,.00,576820,
120,RI,7891672,02/29/2024,EASTON ELEM,985.57,.00,755612,
120,RI,7891679,02/29/2024,B04060002629,850.94,.00,406005,
120,RI,7891686,02/29/2024,KENT ISLAND HIGH,370.50,.00,582403,
120,RI,7891687,02/29/2024,B01460013014.2D-1282,13677.26,.00,146118,
120,RI,7891688,02/29/2024,B04050002862,1159.61,.00,406020,
120,RI,7891689,02/29/2024,DIETARY,755.24,.00,661995,
120,RI,7891696,02/29/2024,55536078,1612.50,.00,441862,
120,RI,7891697,02/29/2024,B04610045234,1418.19,.00,461171,
120,RI,7891698,02/29/2024,B01460013017.2D-1282,172.60,.00,146118,
120,RI,7891699,02/29/2024,B04060002631,1127.64,.00,406007,
120,RI,7891700,02/29/2024,B04060002632,1124.01,.00,406006,
120,RI,7891701,02/29/2024,B04610045240,2377.15,.00,580102,
120,RI,7891702,02/29/2024,B04610045243,1638.18,.00,461157,


120,RI,7891703,02/29/2024,B01460013018.2D-1270,10790.58,.00,146137,
120,RI,7891704,02/29/2024,3095 B02950002458,678.62,.00,499301,
120,RI,7891705,02/29/2024,B04610045247,8300.13,.00,407300,
120,RI,7891707,02/29/2024,B04610045249,2362.82,.00,262753,
120,RI,7891708,02/29/2024,B01480002264.2D-1249,1216.22,.00,148039,
120,RI,7891712,02/29/2024,EASTON MIDDLE,873.90,.00,755612,
120,RI,7891727,02/29/2024,295172,662.33,.00,768399,
120,RI,7891731,02/29/2024,501320000127456,478.67,.00,421513,
120,RI,7891743,02/29/2024,3122,620.29,.00,499301,
120,RI,7891750,02/29/2024,295221,850.35,.00,820120,
120,RI,7891752,02/29/2024,B07400016501,603.35,.00,413154,
120,RI,7891753,02/29/2024,B04060002633,1208.43,.00,406008,
120,RI,7891754,02/29/2024,B04050002864,925.80,.00,406113,
120,RI,7891755,02/29/2024,55544909,11816.56,.00,449441,
120,RI,7891756,02/29/2024,55545017,5207.82,.00,449441,
120,RI,7891757,02/29/2024,55544993,3540.08,.00,449441,
120,RI,7891758,02/29/2024,55545084,5732.02,.00,449441,
120,RI,7891759,02/29/2024,3750 B02950002460,966.01,.00,499301,
120,RI,7891760,02/29/2024,55545151,615.61,.00,449440,
120,RI,7891761,02/29/2024,55545168,888.81,.00,449440,
120,RI,7891762,02/29/2024,55545189,2146.71,.00,449440,
120,RI,7891770,02/29/2024,295250,851.74,.00,984660,
120,RI,7891774,02/29/2024,B07400016503,1020.42,.00,789511,
120,RI,7891781,02/29/2024,SF02272024,839.97,.00,724535,
120,RI,7891794,02/29/2024,295305,291.51,.00,716030,
120,RI,7891818,02/29/2024,55546411,10385.20,.00,702126,
120,RI,7891819,02/29/2024,B07400016505,838.33,.00,252631,
120,RI,7891820,02/29/2024,B04610045257,2535.14,.00,461014,
120,RI,7891821,02/29/2024,B07400016506,683.56,.00,835200,
120,RI,7891822,02/29/2024,B07400016508,313.70,.00,986632,
120,RI,7891823,02/29/2024,B07400016507,823.03,.00,699105,
120,RI,7891824,02/29/2024,B04610045260,1297.20,.00,461204,
120,RI,7891825,02/29/2024,55546857,3260.09,.00,432010,
120,RI,7891830,02/29/2024,Central Supply,319.59,.00,515700,
120,RI,7891841,02/29/2024,55547494,667.66,.00,552041,
120,RI,7891842,02/29/2024,B04610045263,2004.09,.00,461801,
120,RI,7891845,02/29/2024,55547734,1587.86,.00,552041,
120,RI,7891846,02/29/2024,B04610045264,2508.39,.00,461803,
120,RI,7891847,02/29/2024,55547886,755.65,.00,552041,
120,RI,7891848,02/29/2024,B07400016513,534.10,.00,634489,
120,RI,7891866,02/29/2024,295436,566.48,.00,755677,
120,RI,7891868,02/29/2024,295438,1096.63,.00,820126,
120,RI,7891874,02/29/2024,B07400016512,735.44,.00,358401,
120,RI,7891875,02/29/2024,55548235,1500.81,.00,391275,
120,RI,7891876,02/29/2024,55548241,1875.91,.00,441860,
120,RI,7891877,02/29/2024,B01460013025.2D-1282,359.28,.00,146118,
120,RI,7891878,02/29/2024,55548402,1410.31,.00,432011,
120,RI,7891880,02/29/2024,0057 B209500002461,553.60,.00,499301,
120,RI,7891881,02/29/2024,55548791,10086.51,.00,449224,
120,RI,7891882,02/29/2024,55548801,2404.95,.00,432109,
120,RI,7891883,02/29/2024,55548820,3134.64,.00,432012,
120,RI,7891884,02/29/2024,B04610045268,1044.24,.00,62139,
120,RI,7891899,02/29/2024,SF02282024,57.33,.00,353533,
120,RI,7891906,02/29/2024,HOUSEKEEPING,167.33,.00,470015,
120,RI,7891913,02/29/2024,55549597,175.93,.00,432013,
120,RI,7891914,02/29/2024,55549576,467.46,.00,432013,
120,RI,7891915,02/29/2024,B07400016514,89.55,.00,358401,
120,RI,7891916,02/29/2024,B04610045270,945.19,.00,632334,
120,RI,7891920,02/29/2024,n/a,805.17,.00,984501,
120,RI,7891924,02/29/2024,55550792,83.69,.00,432013,
120,RI,7891926,02/29/2024,295530,2264.13,.00,755005,
120,RI,7891936,02/29/2024,295543,647.50,.00,225670,
120,RI,7891945,02/29/2024,B07400016515,388.52,.00,574323,
120,RI,7891946,02/29/2024,55551730,1160.18,.00,571301,
120,RI,7891956,02/29/2024,B07400016516,894.90,.00,367128,
120,RI,7891958,02/29/2024,Housekeeping,894.22,.00,820100,
120,RI,7891969,02/29/2024,B07400016517,334.38,.00,548063,
120,RI,7891974,02/29/2024,295595,940.22,.00,234100,
120,RI,7891977,02/29/2024,295598,1209.66,.00,766226,
120,RI,7891984,02/29/2024,B04060002635,885.99,.00,406012,
120,RI,7892009,02/29/2024,295641,327.85,.00,755002,
120,RI,7892012,02/29/2024,CENTRAL SUPPLY,405.87,.00,820100,
120,RI,7892015,02/29/2024,295651,828.01,.00,395390,
120,RI,7892016,02/29/2024,B07400016520,1266.28,.00,948085,
120,RI,7892020,02/29/2024,55555250,148.75,.00,432007,
120,RI,7892021,02/29/2024,ORIOL04362,45.25,.00,572757,
120,RI,7892028,02/29/2024,B04060002604,75.74,.00,406008,
120,RI,7892040,02/29/2024,55390471,88.89,.00,441860,
120,RI,7892044,02/29/2024,B01460012900.2D-1282,.02,.00,146118,
120,RI,7892050,02/29/2024,B04610044617,.04,.00,407300,
120,RI,7892051,02/29/2024,501320000127250,352.12,.00,421513,
120,RI,7892056,02/29/2024,3130,524.43,.00,499301,
120,RI,7892064,02/29/2024,286329,31.15,.00,773527,
120,RI,7892065,02/29/2024,289195,62.30,.00,773527,
120,RI,7892066,02/29/2024,294947,298.21,.00,773527,
120,RI,7892080,02/29/2024,DIETARY,27.45,.00,661995,
120,RI,7892106,03/01/2024,BRYAN ROSAS,4102.56,.00,920016,
120,RI,7892107,03/01/2024,5203,8093.86,.00,920016,
120,RI,7892111,03/01/2024,BRYAN ROSAS,41819.79,.00,920016,
120,RI,7892117,03/01/2024,41600163,7359.65,.00,920019,
120,RI,7892118,03/01/2024,89582,13261.53,.00,920009,
120,RI,7892141,03/01/2024,3750 B02950002460,54.38,.00,499301,
120,RI,7892142,03/01/2024,FEDEX,199.98,.00,202798,
120,RI,7892158,03/01/2024,VERBAL,871.15,.00,546300,
120,RI,7892173,03/01/2024,B04610045204,1278.73,.00,461004,
120,RI,7892185,03/01/2024,B04610045299,931.12,.00,765955,
120,RI,7892186,03/01/2024,B04610045300,806.07,.00,367090,
120,RI,7892194,03/01/2024,B04610045303,805.60,.00,461834,
120,RI,7892209,03/01/2024,VERBAL,1269.44,.00,753053,
120,RI,7892212,03/01/2024,B04610045310,748.98,.00,272617,
120,RI,7892216,03/01/2024,B04610045321,365.31,.00,272618,
120,RI,7892227,03/01/2024,B04610045329,544.05,.00,366744,
120,RI,7892228,03/01/2024,B04610045337,817.20,.00,772617,
120,RI,7892238,03/01/2024,B04610045352,731.76,.00,367089,
120,RI,7892251,03/01/2024,DN2127000005864,767.97,.00,187250,
120,RI,7892253,03/01/2024,B04610045222,84.80,.00,772617,
120,RI,7892286,03/01/2024,55505107,161.74,.00,432007,
120,RI,7892304,03/01/2024,DISPENSER/TORK,.01,.00,632333,
120,RI,7892315,03/01/2024,B04610045231,759.23,.00,62140,
120,RI,7892318,03/01/2024,B04060002630,398.16,.00,406015,
120,RI,7892321,03/01/2024,ORIOL04356,235.61,.00,572757,
120,RI,7892323,03/01/2024,B04610045250,495.21,.00,765956,
120,RI,7892326,03/01/2024,55547434,2926.00,.00,432018,
120,RI,7892331,03/01/2024,B04610045272,1139.57,.00,716507,
120,RI,7892337,03/01/2024,B04610045280,623.01,.00,309253,
120,RI,7892358,03/01/2024,B04610045281,674.40,.00,461030,
120,RI,7892360,03/01/2024,B04610045282,1827.65,.00,461074,
120,RI,7892361,03/01/2024,B04610045284,2518.72,.00,914102,
120,RI,7892362,03/01/2024,B04610045285,1220.16,.00,194660,
120,RI,7892363,03/01/2024,B04610045288,758.00,.00,812120,
120,RI,7892364,03/01/2024,55561675,1353.60,.00,432017,
120,RI,7892365,03/01/2024,B04610045290,813.17,.00,461003,
120,RI,7892366,03/01/2024,B04610045293,1656.23,.00,262755,
120,RI,7892367,03/01/2024,B04610045298,2044.18,.00,461053,
120,RI,7892374,03/01/2024,ORIOL04360,356.86,.00,572757,
120,RI,7892380,03/01/2024,3131 B02950002462,1523.97,.00,499301,
120,RI,7892381,03/01/2024,3122,323.23,.00,499301,
120,RI,7892407,03/01/2024,B04610045302,1350.83,.00,101889,
120,RI,7892420,03/01/2024,55565466,515.37,.00,432007,
120,RI,7892421,03/01/2024,B07400016533,292.27,.00,350086,
120,RI,7892436,03/01/2024,0057 B02950002463,4781.78,.00,499301,
120,RI,7892437,03/01/2024,B04610045307,1236.96,.00,545313,
120,RI,7892442,03/01/2024,DIETARY,385.63,.00,426644,
120,RI,7892443,03/01/2024,55566467,1984.57,.00,432007,
120,RI,7892465,03/01/2024,EUGENIA,795.11,.00,979400,
120,RI,7892466,03/01/2024,EUGENIA,201.46,.00,979400,
120,RI,7892467,03/01/2024,1040,826.09,.00,499301,
120,RI,7892487,03/01/2024,B04610045308,2628.21,.00,632333,
120,RI,7892488,03/01/2024,B04610045309,979.29,.00,328321,
120,RI,7892490,03/01/2024,B04610045313,750.55,.00,407303,
120,RI,7892491,03/01/2024,B04610045312,820.64,.00,461702,
120,RI,7892492,03/01/2024,55567376,417.77,.00,432019,
120,RI,7892493,03/01/2024,55567370,726.08,.00,432016,
120,RI,7892494,03/01/2024,B04610045314,973.90,.00,955264,
120,RI,7892495,03/01/2024,B04610045315,1699.37,.00,556807,
120,RI,7892496,03/01/2024,061766,790.38,.00,694009,
120,RI,7892498,03/01/2024,B04610045316,1003.23,.00,461011,
120,RI,7892537,03/01/2024,55568511,2393.89,.00,449282,
120,RI,7892538,03/01/2024,B07400016537,766.88,.00,740185,
120,RI,7892539,03/01/2024,B07400016538,903.06,.00,593482,
120,RI,7892558,03/01/2024,B04610045326,1018.23,.00,958980,
120,RI,7892560,03/01/2024,55569196,486.16,.00,736438,
120,RI,7892561,03/01/2024,55569163,816.08,.00,736438,
120,RI,7892562,03/01/2024,55569224,1684.81,.00,168564,
120,RI,7892563,03/01/2024,3130 B02950002464,2392.72,.00,499301,
120,RI,7892564,03/01/2024,B04610045333,1694.19,.00,739888,
120,RI,7892565,03/01/2024,B04610045335,497.02,.00,862385,
120,RI,7892566,03/01/2024,B04610045336,908.96,.00,406315,
120,RI,7892581,03/01/2024,1030,666.45,.00,499301,
120,RI,7892583,03/01/2024,55570056,1247.28,.00,331000,
120,RI,7892595,03/01/2024,B04610045341,1584.82,.00,461130,
120,RI,7892597,03/01/2024,B04610045344,810.63,.00,509001,
120,RI,7892598,03/01/2024,B04610045345,1052.13,.00,914103,
120,RI,7892599,03/01/2024,B04610045346,1554.23,.00,461701,
120,RI,7892600,03/01/2024,B04610045343,1069.06,.00,461691,
120,RI,7892633,03/01/2024,55571173,42.93,.00,736438,
120,RI,7892634,03/01/2024,B04610045349,1211.26,.00,461874,
120,RI,7892635,03/01/2024,55571528,2103.12,.00,571300,
120,RI,7892636,03/01/2024,B04610045351,1734.72,.00,326180,
120,RI,7892660,03/01/2024,B04610045353,1848.70,.00,407301,
120,RI,7892679,03/01/2024,55572910,273.99,.00,571300,
120,RI,7892680,03/01/2024,B04610045354,1314.15,.00,461601,
120,RI,7892681,03/01/2024,B04610045356,1874.82,.00,309254,
120,RI,7892699,03/01/2024,55573632,470.91,.00,432109,
120,RI,7892727,03/01/2024,B04610045359,1065.61,.00,633233,
120,RI,7892768,03/01/2024,B02950002466,978.79,.00,499301,
120,RI,7892791,03/01/2024,B04610044850,68.69,.00,328321,
120,RI,7892792,03/01/2024,B07400016220,59.64,.00,350086,
120,RI,7892797,03/01/2024,55282159,99.38,.00,432018,
120,RI,7892805,03/01/2024,B04610044991,8.63,.00,328321,
120,RI,7892817,03/04/2024,B04610045368,777.50,.00,461313,
120,RI,7892818,03/04/2024,B04610045233,66.04,.00,461060,
120,RI,7892819,03/04/2024,B04610045370,156.16,.00,545316,
120,RI,7892820,03/04/2024,B04610045363,22.60,.00,461471,
120,RI,7892822,03/04/2024,will call,486.11,.00,665979,
120,RI,7892832,03/04/2024,41600163,1998.00,.00,920019,
120,RI,7892839,03/04/2024,FEDEX,58.71,.00,461011,
120,RI,7892884,03/04/2024,HEALTH/CA,2588.63,.00,461459,
120,RI,7892887,03/04/2024,FURNITURE,7143.08,.00,461206,
120,RI,7892888,03/04/2024,HEALTH/CA,2589.14,.00,461206,
120,RI,7892889,03/04/2024,OPENING SMALLWARES,36024.59,.00,461206,
120,RI,7892899,03/04/2024,B08010048459,1675.62,.00,801959,
120,RI,7892901,03/04/2024,296414,1219.91,.00,324797,
120,RI,7892906,03/04/2024,296456,2126.21,.00,324797,
120,RI,7892907,03/04/2024,55585158,1433.79,.00,449026,
120,RI,7892908,03/04/2024,B04610045374,1298.45,.00,367090,
120,RI,7892909,03/04/2024,55585882,6920.92,.00,449010,
120,RI,7892910,03/04/2024,55585927,6355.28,.00,449523,
120,RI,7892911,03/04/2024,B04610045379,2949.12,.00,461004,
120,RI,7892912,03/04/2024,B04610045382,919.50,.00,461834,
120,RI,7892913,03/04/2024,B04610045383,758.03,.00,272617,
120,RI,7892915,03/04/2024,B04610045386,815.68,.00,272618,
120,RI,7892921,03/04/2024,B04610045389,893.30,.00,765955,
120,RI,7892922,03/04/2024,B04610045393,806.77,.00,366744,
120,RI,7892927,03/04/2024,55591356,3664.02,.00,449402,
120,RI,7892928,03/04/2024,55591519,3386.28,.00,449302,
120,RI,7892929,03/04/2024,B04610045397,1118.18,.00,772617,
120,RI,7892930,03/04/2024,B04610045400,1958.90,.00,367089,
120,RI,7892935,03/04/2024,55347329,59.85,.00,449523,
120,RI,7892937,03/04/2024,B08010047803,30.07,.00,801959,
120,RI,7892941,03/04/2024,296456,99.95,.00,324797,
120,RI,7892945,03/04/2024,B04610045308,66.90,.00,632333,
120,RI,7892960,03/04/2024,CARDINAL,515.58,.00,278496,
120,RI,7892982,03/04/2024,4503631739,112.00,.00,714611,
120,RI,7892998,03/04/2024,B07400016503,179.75,.00,789511,
120,RI,7893002,03/04/2024,B08010048030,1934.38,.00,801608,
120,RI,7893003,03/04/2024,B04060002634,892.23,.00,406004,
120,RI,7893007,03/04/2024,BLENDER,602.35,.00,461204,
120,RI,7893008,03/04/2024,KENNARD,385.70,.00,582403,
120,RI,7893009,03/04/2024,BAYSIDE,838.00,.00,582403,
120,RI,7893014,03/04/2024,kristina,1431.01,.00,755004,
120,RI,7893028,03/04/2024,296397,1502.29,.00,716080,
120,RI,7893029,03/04/2024,4503634953,3649.01,.00,714611,
120,RI,7893030,03/04/2024,4524470938,1356.66,.00,650979,
120,RI,7893033,03/04/2024,CHAPEL DISTRICT,497.23,.00,755612,
120,RI,7893035,03/04/2024,ST MICHAEL,852.46,.00,755612,
120,RI,7893038,03/04/2024,B04610045371,3196.57,.00,262753,
120,RI,7893040,03/04/2024,55584590,2029.53,.00,449621,
120,RI,7893041,03/04/2024,504520000125942,604.97,.00,196722,
120,RI,7893046,03/04/2024,296445-SHORT,20.10,.00,755003,
120,RI,7893051,03/04/2024,FILL IN,1209.00,.00,406315,
120,RI,7893053,03/04/2024,B04610045373,595.51,.00,406315,
120,RI,7893054,03/04/2024,55585147,9605.29,.00,702126,
120,RI,7893055,03/04/2024,55585659,12849.99,.00,449956,
120,RI,7893056,03/04/2024,55586083,16653.30,.00,449460,
120,RI,7893058,03/04/2024,FILL IN,1495.15,.00,739888,
120,RI,7893065,03/04/2024,296493,1225.69,.00,755002,
120,RI,7893078,03/04/2024,55586184,4680.40,.00,449460,
120,RI,7893079,03/04/2024,B07400016543,1337.36,.00,632317,
120,RI,7893080,03/04/2024,55587350,732.48,.00,432017,
120,RI,7893081,03/04/2024,B04610045380,1772.23,.00,309253,
120,RI,7893082,03/04/2024,B04610045381,837.86,.00,545313,
120,RI,7893083,03/04/2024,55587541,23535.16,.00,449162,
120,RI,7893084,03/04/2024,55587834,1280.18,.00,792426,
120,RI,7893087,03/04/2024,296539,901.52,.00,737215,
120,RI,7893093,03/04/2024,NATS0000024595,87.36,.00,278496,
120,RI,7893098,03/04/2024,296569,1698.07,.00,773527,
120,RI,7893099,03/04/2024,ORIOL04379,236.80,.00,572757,
120,RI,7893103,03/04/2024,55588250,834.29,.00,438351,
120,RI,7893104,03/04/2024,55588314,367.55,.00,432012,
120,RI,7893105,03/04/2024,B07400016544,632.50,.00,835200,
120,RI,7893106,03/04/2024,55588579,1206.85,.00,432012,
120,RI,7893107,03/04/2024,B04610045387,1161.97,.00,461204,
120,RI,7893109,03/04/2024,11111,218.11,.00,593725,
120,RI,7893111,03/04/2024,504520000125962,188.04,.00,196722,
120,RI,7893128,03/04/2024,296637-COSTICA,1999.08,.00,421513,
120,RI,7893133,03/04/2024,3130 B20950002468,686.31,.00,499301,
120,RI,7893134,03/04/2024,B04610045388,803.01,.00,461014,
120,RI,7893135,03/04/2024,B04610045391,1250.12,.00,461803,
120,RI,7893136,03/04/2024,55590287,1094.55,.00,432011,
120,RI,7893137,03/04/2024,55590329,309.00,.00,432011,
120,RI,7893138,03/04/2024,55590355,2526.66,.00,552041,
120,RI,7893139,03/04/2024,55590451,45.25,.00,432011,
120,RI,7893140,03/04/2024,55590470,437.50,.00,432015,
120,RI,7893141,03/04/2024,55590425,61.25,.00,432011,
120,RI,7893142,03/04/2024,55590412,4860.74,.00,449218,
120,RI,7893143,03/04/2024,55590564,1962.20,.00,438352,
120,RI,7893144,03/04/2024,B08010048523,5413.50,.00,282718,
120,RI,7893145,03/04/2024,B07400016547,293.10,.00,775193,
120,RI,7893146,03/04/2024,B04610045392,1844.82,.00,632334,
120,RI,7893147,03/04/2024,B07400016548,574.57,.00,887489,
120,RI,7893148,03/04/2024,B04610045394,781.45,.00,862385,
120,RI,7893150,03/04/2024,3023,42.00,.00,499301,
120,RI,7893152,03/04/2024,6416,564.79,.00,499301,
120,RI,7893154,03/04/2024,296685,452.07,.00,716340,
120,RI,7893162,03/04/2024,55591189,1640.64,.00,438346,
120,RI,7893163,03/04/2024,3023 B02950002469,4201.81,.00,499301,
120,RI,7893164,03/04/2024,B04610045399,1162.42,.00,461801,
120,RI,7893165,03/04/2024,B04610045401,1092.99,.00,461157,
120,RI,7893166,03/04/2024,B07400016550,555.09,.00,367128,
120,RI,7893196,03/04/2024,B08010048541,3094.54,.00,801554,
120,RI,7893197,03/04/2024,B07400016546,1136.79,.00,358401,
120,RI,7893199,03/04/2024,766222,541.55,.00,766222,
120,RI,7893203,03/04/2024,296787,1088.07,.00,656100,
120,RI,7893210,03/04/2024,3510,711.20,.00,499301,
120,RI,7893221,03/04/2024,B07400016287,53.80,.00,887489,
120,RI,7893227,03/04/2024,B04610045257,158.70,.00,461014,
120,RI,7893229,03/04/2024,B04610045270,14.15,.00,632334,
120,RI,7893230,03/04/2024,B04610045249,48.00,.00,262753,
120,RI,7893232,03/04/2024,55568232,463.01,.00,449282,
120,RI,7893233,03/04/2024,55568366,2006.66,.00,449282,
120,RI,7893234,03/04/2024,55564050,3704.60,.00,449936,
120,RI,7893236,03/04/2024,JUSTIN,320.04,.00,572757,
120,RI,7893245,03/04/2024,B04610044343,61.48,.00,461801,
120,RI,7893255,03/04/2024,RICH,47.95,.00,755003,
120,RI,7893256,03/04/2024,B07550001128,449.85,.00,994262,
120,RI,7893257,03/04/2024,B07550001153,299.90,.00,994262,
120,RI,INV100511,03/04/2024,- None -,195.75,.00,309253,461309253
120,RI,INV100516,03/04/2024,WILL CALL,136.75,.00,914103,461021117
120,RI,INV100528,03/04/2024,B04610045459,4.64,.00,593651,461144715
120,RI,INV100534,03/04/2024,- None -,868.02,.00,408888,370739920
120,RI,INV100550,03/04/2024,3/4/24,491.09,.00,323670,323394670
120,RI,INV100556,03/04/2024,B04610045418,1252.22,.00,461002,461023112
120,RI,INV100558,03/04/2024,4508869708 -,952.88,.00,449561,449059561
120,RI,INV100559,03/04/2024,DN2127000005898,719.00,.00,187250,187123250
120,RI,INV100561,03/04/2024,MWES,1378.45,.00,136417,631005737
120,RI,INV100562,03/04/2024,WHS,2589.93,.00,136417,631005743
120,RI,INV100563,03/04/2024,TMS,1434.58,.00,136417,631005746
120,RI,INV100565,03/04/2024,HMS,2086.73,.00,136417,631005748
120,RI,INV100566,03/04/2024,CBBES,1590.42,.00,136417,631005753
120,RI,INV100569,03/04/2024,VERBAL,.00,.00,722611,
120,RI,INV100573,03/04/2024,B04610045486,1483.72,.00,461407,461022407
120,RI,INV100574,03/04/2024,- None -,1090.72,.00,722611,
120,RI,INV100576,03/04/2024,B046100425269,188.04,.00,461073,461024073
120,RI,INV100577,03/04/2024,B04610045271,188.04,.00,406314,461406314
120,RI,INV100578,03/04/2024,B04610045440,2813.55,.00,461502,461024502
120,RI,INV100579,03/04/2024,B04610045499,1611.07,.00,461073,461024073
120,RI,INV100580,03/04/2024,B04610045473,1651.79,.00,406314,461406314
120,RI,INV100582,03/04/2024,B04610045483,1678.84,.00,461053,461008053
120,RI,INV100583,03/04/2024,B04610045474,2669.88,.00,101889,461008096
120,RI,INV100584,03/04/2024,B04610045488,1063.05,.00,461003,461019064
120,RI,INV100585,03/04/2024,B04610045434,864.76,.00,461030,461019030
120,RI,INV100586,03/04/2024,B04610045420,2072.40,.00,716507,461019406
120,RI,INV100587,03/04/2024,B04610045447,1428.43,.00,62140,461018974
120,RI,INV100588,03/04/2024,B04610045446,1040.31,.00,461691,461008691
120,RI,INV100605,03/05/2024,B04610045410,890.69,.00,580102,461580102
120,RI,INV100606,03/05/2024,B07400016579,926.90,.00,740276,740000276
120,RI,INV100609,03/05/2024,B04610045427,952.00,.00,62139,461019462
120,RI,INV100611,03/05/2024,B07400016560,1144.45,.00,241400,740300167
120,RI,INV100612,03/05/2024,B07400016582,250.26,.00,548063,740000248
120,RI,INV100613,03/05/2024,BRAD,1677.80,.00,202000,755310524
120,RI,INV100614,03/05/2024,B04610045462,898.62,.00,461011,461017011
120,RI,INV100615,03/05/2024,B04610045481,2700.20,.00,812120,461812120
120,RI,INV100616,03/05/2024,B04610045469,1538.57,.00,632333,461017112
120,RI,INV100618,03/05/2024,B04610045476,989.93,.00,955264,461018052
120,RI,INV100619,03/05/2024,B04610045477,2667.17,.00,461701,461017601
120,RI,INV100620,03/05/2024,B04610045438,2457.32,.00,509001,461509001
120,RI,INV100621,03/05/2024,B04610045489,1367.14,.00,461702,461018702
120,RI,INV100623,03/05/2024,B07400016581,436.06,.00,367128,740000055
120,RI,INV100631,03/05/2024,55626895,1730.11,.00,736438,438032093
120,RI,INV100635,03/05/2024,0044 B02954470,1285.22,.00,499301,295000044
120,RI,INV100660,03/05/2024,3122,218.91,.00,499301,295003122
120,RI,INV100669,03/05/2024,4503633154,80.96,.00,195445,426001026
120,RI,INV100674,03/05/2024,B04610045414,2309.78,.00,407303,461022153
120,RI,INV100676,03/05/2024,B04610045490,1462.56,.00,328321,461328321
120,RI,INV100678,03/05/2024,B04610045443,426.00,.00,765956,461020155
120,RI,INV100681,03/05/2024,55602558,149.11,.00,440996,440057996
120,RI,INV100683,03/05/2024,55609512,864.83,.00,440996,440057996
120,RI,INV100685,03/05/2024,B04610045449,1112.87,.00,461171,461020171
120,RI,INV100687,03/05/2024,B04610045463,1776.44,.00,765956,461020155
120,RI,INV100700,03/05/2024,293280,482.83,.00,293280,755000846
120,RI,INV100704,03/05/2024,B07400016563,680.70,.00,84001,740100217
120,RI,INV100726,03/05/2024,B04610045485,1368.06,.00,407301,461021042
120,RI,INV100727,03/05/2024,B04610045398,1472.58,.00,407301,461021042
120,RI,INV100729,03/05/2024,B04610045500,1817.23,.00,326180,461326180
120,RI,INV100740,03/05/2024,B04610045441,1701.62,.00,914102,461021740
120,RI,INV100741,03/05/2024,B04050002870,1352.54,.00,406115,405000015
120,RI,INV100742,03/05/2024,B04610045475,1772.71,.00,461074,461021704
120,RI,INV100744,03/05/2024,55525002,794.40,.00,469246,438045949
120,RI,INV100748,03/05/2024,55623572,932.77,.00,469246,438045949
120,RI,INV100767,03/05/2024,B04610045507,1396.31,.00,633233,461020165
120,RI,INV100768,03/05/2024,4508866947,1461.34,.00,441860,440061860
120,RI,INV100774,03/05/2024,55618166,859.84,.00,33047,438044177
120,RI,INV100775,03/05/2024,1111,216.77,.00,593725,
120,RI,INV100783,03/05/2024,Laundry,894.00,.00,562931,
120,RI,INV100784,03/05/2024,55629593,4005.21,.00,438352,438120352
120,RI,INV100787,03/05/2024,housekeeping,417.47,.00,562931,
120,RI,INV100792,03/05/2024,B04610045458,1679.89,.00,262755,461021054
120,RI,INV100793,03/05/2024,55618616,1901.79,.00,391275,438020348
120,RI,INV100798,03/05/2024,B07400016574,635.45,.00,358401,740000137
120,RI,INV100803,03/05/2024,HOUSEKEEPING,681.16,.00,583410,
120,RI,INV100810,03/05/2024,DIETARY,1681.39,.00,515700,527023439
120,RI,INV100817,03/05/2024,55620814,574.57,.00,432019,432053000
120,RI,INV100819,03/05/2024,B04060002641,60.95,.00,406015,406000013
120,RI,INV100821,03/05/2024,B04060002640,937.15,.00,406015,406000013
120,RI,INV100822,03/05/2024,B04060002638,809.69,.00,406019,406000023
120,RI,INV100823,03/05/2024,B04060002639,906.86,.00,406026,406000026
120,RI,INV100824,03/05/2024,B04610045497,1769.12,.00,461601,461020601
120,RI,INV100826,03/05/2024,B04610045494,1888.70,.00,800857,461800857
120,RI,INV100827,03/05/2024,3020 B02950002467,1656.35,.00,499301,295003020
120,RI,INV100828,03/05/2024,B04050002869,1427.43,.00,406125,405000023
120,RI,INV100833,03/05/2024,55547434,97.90,.00,432018,432053003
120,RI,INV100840,03/05/2024,55621505,8256.91,.00,432018,432053003
120,RI,INV100855,03/05/2024,B04050002866,1007.61,.00,406110,405000010
120,RI,INV100856,03/05/2024,B04610045484,1715.11,.00,309254,461020852
120,RI,INV100877,03/05/2024,PREMIER POLYSTEEL,.00,.00,461122,461129122
120,RI,INV100891,03/05/2024,Housekeeping,33.82,.00,820100,
120,RI,INV100893,03/05/2024,2/9/2024,472.42,.00,766201,
120,RI,INV100904,03/05/2024,GROSSFILLEX,75.00,.00,572645,572052645
120,RI,INV100905,03/05/2024,ESSENDANT,.00,.00,859096,461133613
120,RI,INV100906,03/05/2024,CAMBRO,.00,.00,593651,461144715
120,RI,INV100910,03/05/2024,PREMIER POLYSTEEL,.00,.00,461073,461024073
120,RI,INV100911,03/05/2024,PREMIER POLYSTEEL,.00,.00,461334,
120,RI,INV100916,03/05/2024,GIACONA CONTAINER,.00,.00,572645,572052645
120,RI,INV100917,03/05/2024,SPECIAL MADE,.00,.00,309254,461020852
120,RI,INV100920,03/05/2024,PREMIER POLYSTEEL,.00,.00,367090,461022901
120,RI,INV100928,03/05/2024,PREMIER POLYSTEEL,.00,.00,461212,
120,RI,INV100935,03/05/2024,HOSPITALITY,.00,.00,632333,461017112
120,RI,INV100950,03/05/2024,YAMATO,.00,.00,461701,461017601
120,RI,INV100976,03/05/2024,- None -,10.39,.00,755004,755310571
120,RI,INV100999,03/05/2024,ALLPOINTS,.00,.00,309254,461020852
120,RI,INV101001,03/05/2024,SENNECA,.00,.00,194660,461194660
120,RI,INV101014,03/05/2024,TGT030424,655.34,.00,406024,405000024
120,RI,INV101023,03/05/2024,- None -,2087.87,.00,814703,740000003
120,RI,INV101035,03/05/2024,DIETARY,8.90,.00,885700,912779293
120,RI,INV101037,03/05/2024,B04610045425,1393.75,.00,914103,461021117
120,RI,INV101046,03/05/2024,B04050002868,1085.61,.00,406107,405000007
120,RI,INV101047,03/05/2024,4503636188,1622.92,.00,944645,426001060
120,RI,INV101048,03/05/2024,B04050002871,1224.75,.00,406108,405000008
120,RI,INV101061,03/05/2024,B04050002873,962.78,.00,406111,405000011
120,RI,INV101104,03/05/2024,B04610045501,1482.07,.00,556807,461556807
120,RI,INV101116,03/05/2024,B04610045466,798.29,.00,545313,461545313
120,RI,INV101123,03/05/2024,B04610045496,1467.27,.00,194660,461194660
120,RI,INV101137,03/05/2024,B04610045373,45.90,.00,406315,461406315
120,RI,INV101138,03/05/2024,0015 PHILI HEACKERMAN,271.76,.00,499301,295000015
120,RI,INV101139,03/05/2024,B04610045099,132.80,.00,407300,461407300
120,RI,INV101142,03/05/2024,B07400016567,592.55,.00,699105,740000039
120,RI,INV101167,03/05/2024,B04610045402,960.36,.00,958980,461022192
120,RI,INV101168,03/05/2024,- None -,58.71,.00,101889,461008096
120,RI,INV101172,03/05/2024,Nick Conner,371.58,.00,94887,461134207
120,RI,INV101177,03/05/2024,PAPER8,1084.57,.00,406001,406000002
120,RI,INV101186,03/05/2024,3175436,822.95,.00,646053,323393940
120,RI,INV101194,03/05/2024,55641846,1479.49,.00,449402,
120,RI,INV101195,03/05/2024,DIETARY,1466.13,.00,885700,912779293
120,RI,INV101202,03/05/2024,B04610045539,401.41,.00,367089,461367089
120,RI,INV101204,03/05/2024,B04610045526,723.26,.00,461834,461023834
120,RI,INV101205,03/05/2024,- None -,2800.80,.00,481511,912058765
120,RI,INV101210,03/05/2024,B04050002872,1359.54,.00,406106,405000006
120,RI,INV101211,03/05/2024,B04610045531,894.06,.00,272617,461023666
120,RI,INV101215,03/05/2024,B04610045520,1465.94,.00,272618,461023602
120,RI,INV101223,03/05/2024,B04610045521,795.04,.00,367090,461022901
120,RI,INV101229,03/05/2024,B04610045541,93.07,.00,765955,461023327
120,RI,INV101237,03/05/2024,B04610045524,1036.42,.00,772617,461772617
120,RI,INV101239,03/05/2024,B04610045519,1226.43,.00,765955,461023327
120,RI,INV101242,03/05/2024,55641844,2914.47,.00,449302,449352802
120,RI,INV101249,03/05/2024,B04610045514,1086.05,.00,366744,461023113
120,RI,INV101253,03/05/2024,NATS0000024648,84.56,.00,278496,572020003
120,RI,INV101257,03/05/2024,SO10017670,1206.19,.00,984501,
120,RI,INV101260,03/05/2024,NATS000024582,1454.98,.00,278496,572020003
120,RI,INV148849,03/05/2024,12615,6165.99,.00,920012,
120,RI,INV101264,03/06/2024,55642902,448.44,.00,552041,438020262
120,RI,INV101269,03/06/2024,SO10017665,1173.49,.00,656100,755310438
120,RI,INV101273,03/06/2024,B07550001175,1259.55,.00,225670,
120,RI,INV101278,03/06/2024,820120,816.41,.00,820120,
120,RI,INV101286,03/06/2024,B07400016606,269.36,.00,632317,740000010
120,RI,INV101287,03/06/2024,820120,1396.12,.00,820120,755000836
120,RI,INV101295,03/06/2024,55641036,603.71,.00,440995,440157995
120,RI,INV101320,03/06/2024,3036 B02950002392,129.90,.00,499301,295003036
120,RI,INV101321,03/06/2024,B02950002475,1226.67,.00,499301,295003035
120,RI,INV101328,03/06/2024,B02950002476,728.98,.00,499301,295003036
120,RI,INV101334,03/06/2024,Kevin. Nsereko CSC,807.24,.00,583410,
120,RI,INV101340,03/06/2024,DIETARY,643.42,.00,583410,
120,RI,INV101357,03/06/2024,55305438,24.89,.00,449460,
120,RI,INV101358,03/06/2024,55586083,9074.50,.00,449460,
120,RI,INV101365,03/06/2024,B07400016611,435.72,.00,367128,740000055
120,RI,INV101372,03/06/2024,JENNA,4275.17,.00,499301,295000047
120,RI,INV101385,03/06/2024,1234567,191.70,.00,736673,755000860
120,RI,INV101398,03/06/2024,B02950002473,401.61,.00,499301,295003135
120,RI,INV101400,03/06/2024,2000980571,1120.78,.00,120109,459000004
120,RI,INV101404,03/06/2024,061826,1183.19,.00,694005,694000005
120,RI,INV101407,03/06/2024,061829,2805.87,.00,694005,694000005
120,RI,INV101409,03/06/2024,061836,826.69,.00,694014,694000014
120,RI,INV101413,03/06/2024,061830,4229.22,.00,694009,694000009
120,RI,INV101418,03/06/2024,B07400016594,286.70,.00,84001,740100217
120,RI,INV101419,03/06/2024,B07400016595,1072.51,.00,574323,740000073
120,RI,INV101429,03/06/2024,030524,318.55,.00,835200,
120,RI,INV101431,03/06/2024,GLENN,46.41,.00,773527,755310566
120,RI,INV101443,03/06/2024,B04610045536,805.20,.00,862385,461022033
120,RI,INV101464,03/06/2024,B04050002877,882.13,.00,406103,405000003
120,RI,INV101465,03/06/2024,Dietary,163.78,.00,766201,527062185
120,RI,INV101467,03/06/2024,55644887,1695.51,.00,438346,438120346
120,RI,INV101471,03/06/2024,Laundry,493.03,.00,766201,
120,RI,INV101476,03/06/2024,55638777,3034.01,.00,391275,438020348
120,RI,INV101478,03/06/2024,55642469,2553.48,.00,432109,432153009
120,RI,INV101479,03/06/2024,GGG,917.20,.00,994262,755310573
120,RI,INV101482,03/06/2024,DIETARY,1245.50,.00,562931,
120,RI,INV101501,03/06/2024,B01480002273,2022.52,.00,148004,148000004
120,RI,INV101506,03/06/2024,B02950002477,772.28,.00,499301,295003130
120,RI,INV101523,03/06/2024,B07400016609,458.08,.00,358401,740000137
120,RI,INV101529,03/06/2024,55587541,2757.80,.00,449162,449049162
120,RI,INV101536,03/06/2024,B08010048665,1423.55,.00,192752,801310733
120,RI,INV101544,03/06/2024,55637868,701.51,.00,432016,432053006
120,RI,INV101550,03/06/2024,LAUNDRY,646.60,.00,470015,
120,RI,INV101553,03/06/2024,HOUSEKEEPING,1516.44,.00,470015,
120,RI,INV101554,03/06/2024,CENTRAL SUPPLY,435.45,.00,470015,527000473
120,RI,INV101555,03/06/2024,55642313,1090.63,.00,432010,432053012
120,RI,INV101556,03/06/2024,DIETARY,1275.73,.00,470015,
120,RI,INV101560,03/06/2024,B04050002875,789.46,.00,406112,405000012
120,RI,INV101561,03/06/2024,B04610045523,3850.93,.00,407300,461407300
120,RI,INV101563,03/06/2024,55646174,3529.16,.00,432010,432053012
120,RI,INV101589,03/06/2024,ACTIVITY,507.99,.00,546300,
120,RI,INV101595,03/06/2024,B07400016610,179.15,.00,887489,740000268
120,RI,INV101598,03/06/2024,Central Supply,229.86,.00,515700,527023439
120,RI,INV101599,03/06/2024,DIETARY,3314.05,.00,546300,
120,RI,INV101603,03/06/2024,DIETARY,924.34,.00,473055,
120,RI,INV101612,03/06/2024,55641979,1061.52,.00,792426,440026831
120,RI,INV101614,03/06/2024,B04060002643,840.07,.00,406014,406000012
120,RI,INV101616,03/06/2024,B04610045498,1020.49,.00,461874,461020874
120,RI,INV101657,03/06/2024,ORIOL04395,3591.61,.00,572757,572061757
120,RI,INV101675,03/06/2024,B04610045508,2890.93,.00,739889,461022601
120,RI,INV101676,03/06/2024,B07400016589,511.63,.00,740185,740100185
120,RI,INV101678,03/06/2024,B07400016573,472.55,.00,948085,740000143
120,RI,INV101679,03/06/2024,B02950002474,2035.10,.00,499301,295003395
120,RI,INV101680,03/06/2024,B02950002471,720.48,.00,499301,295003095
120,RI,INV101683,03/06/2024,55634324,9046.34,.00,449302,
120,RI,INV101685,03/06/2024,B04610045437,228.47,.00,545316,461137214
120,RI,INV101706,03/06/2024,B04610045506,85.81,.00,859096,461133613
120,RI,INV101710,03/06/2024,B04610045480,181.17,.00,416104,461137040
120,RI,INV101711,03/06/2024,B04610045452,483.98,.00,94889,461133331
120,RI,INV101714,03/06/2024,B04610045459,236.47,.00,593651,461144715
120,RI,INV101743,03/06/2024,BLAIR,859.33,.00,395170,401024502
120,RI,INV101751,03/06/2024,MIDDLE SCHOOL,670.40,.00,741439,755310522
120,RI,INV101754,03/06/2024,B04610045512,1146.33,.00,461002,461023112
120,RI,INV101758,03/06/2024,B04610045585,283.86,.00,461834,461023834
120,RI,INV101772,03/06/2024,55591356,406.91,.00,449402,
120,RI,INV101784,03/06/2024,B04610045572,1371.07,.00,406314,461406314
120,RI,INV101787,03/06/2024,B04610045553,1408.93,.00,461073,461024073
120,RI,INV101789,03/06/2024,55662877,7134.92,.00,449302,449352802
120,RI,INV112778,03/06/2024,LINDSEY WINSMAN,12336.12,.00,920021,092000014
120,RI,INV112799,03/06/2024,KACEY GILL,14692.53,.00,920022,092000016
120,RI,INV101791,03/07/2024,B07400016599,717.30,.00,75096,740300054
120,RI,INV101792,03/07/2024,B07400016560,471.35,.00,241400,740300167
120,RI,INV101793,03/07/2024,B04610045558,1012.02,.00,62139,461019462
120,RI,INV101798,03/07/2024,B04610045574,83.40,.00,62139,461019462
120,RI,INV101805,03/07/2024,B08010048639,1488.63,.00,801608,801910608
120,RI,INV101820,03/07/2024,4508866685,2054.10,.00,707655,707001655
120,RI,INV101823,03/07/2024,B04610045552,2119.66,.00,580102,461580102
120,RI,INV101832,03/07/2024,294947,46.41,.00,773527,755310566
120,RI,INV101836,03/07/2024,SO10018308,1112.71,.00,761100,755000785
120,RI,INV101848,03/07/2024,B04050002880,854.33,.00,406101,405000001
120,RI,INV101849,03/07/2024,B07400016608,602.91,.00,122832,740100058
120,RI,INV101851,03/07/2024,B04610045542,1162.13,.00,632334,461022315
120,RI,INV101854,03/07/2024,3-6-24,1125.65,.00,755870,755310870
120,RI,INV101861,03/07/2024,B04060002644,1097.02,.00,406007,406000018
120,RI,INV101862,03/07/2024,B04610045549,1777.62,.00,262753,461019901
120,RI,INV101870,03/07/2024,STEVENSVILLE MIDDLE,925.95,.00,582403,
120,RI,INV101876,03/07/2024,MATAPEAKE,1288.78,.00,582403,755310540
120,RI,INV101877,03/07/2024,NATS0000024621,35.75,.00,278496,572020003
120,RI,INV101884,03/07/2024,KAREN,828.53,.00,499301,295003510
120,RI,INV101885,03/07/2024,B07400016462,116.39,.00,367128,740000055
120,RI,INV101886,03/07/2024,NATS0000024568,392.81,.00,278496,572020003
120,RI,INV101888,03/07/2024,NATS0000024606,1126.06,.00,278496,572020003
120,RI,INV101894,03/07/2024,B04610045544,279.91,.00,461801,461021801
120,RI,INV101899,03/07/2024,SUDLERSVILLE,808.59,.00,582403,
120,RI,INV101903,03/07/2024,55662222,1624.33,.00,432011,432052999
120,RI,INV101908,03/07/2024,B04610045583,1758.26,.00,461801,461021801
120,RI,INV101910,03/07/2024,B04050002881,1103.98,.00,406113,405000013
120,RI,INV101920,03/07/2024,SHALAH,715.23,.00,499301,295000047
120,RI,INV101925,03/07/2024,- None -,1566.28,.00,736673,755000860
120,RI,INV101930,03/07/2024,3122,917.76,.00,499301,295003122
120,RI,INV101941,03/07/2024,55625813,922.61,.00,441860,440061860
120,RI,INV101946,03/07/2024,B04610045556,548.04,.00,461171,461020171
120,RI,INV101992,03/07/2024,- None -,272.75,.00,407300,461407300
120,RI,INV101996,03/07/2024,B04610045333,45.90,.00,739888,461739888
120,RI,INV102002,03/07/2024,B04610045576,574.67,.00,406315,461406315
120,RI,INV102005,03/07/2024,housekeeping,238.63,.00,470015,
120,RI,INV102010,03/07/2024,55665751,139.89,.00,432109,432153009
120,RI,INV102028,03/07/2024,55665499,823.84,.00,432109,432153009
120,RI,INV102036,03/07/2024,293280,543.30,.00,293280,755000846
120,RI,INV102038,03/07/2024,SO10018265,603.53,.00,392010,
120,RI,INV102041,03/07/2024,286800,909.02,.00,820116,755000830
120,RI,INV102045,03/07/2024,SO10018210,1580.31,.00,820120,755000836
120,RI,INV102047,03/07/2024,55094890,105.46,.00,432012,432053004
120,RI,INV102048,03/07/2024,55661820,126.32,.00,432012,432053004
120,RI,INV102051,03/07/2024,55661488,2110.38,.00,432012,432053004
120,RI,INV102053,03/07/2024,B04060002647,867.69,.00,406012,406000010
120,RI,INV102059,03/07/2024,B04610045577,3621.12,.00,461014,461021014
120,RI,INV102099,03/07/2024,55665380,864.49,.00,391275,438020348
120,RI,INV102101,03/07/2024,B01460013083.2D-12826261,6145.83,.00,146118,146000118
120,RI,INV102103,03/07/2024,B07400016624,338.20,.00,986632,740000169
120,RI,INV102105,03/07/2024,B04610045589,1015.42,.00,461803,461019803
120,RI,INV102106,03/07/2024,B04060002646,784.72,.00,406005,406000009
120,RI,INV102107,03/07/2024,B04060002645,791.07,.00,406008,406000017
120,RI,INV102113,03/07/2024,B07400016506,84.12,.00,835200,740000152
120,RI,INV102119,03/07/2024,SLADE SCHOOL,2235.61,.00,245176,
120,RI,INV102120,03/07/2024,B07400016626,508.99,.00,948085,740000143
120,RI,INV102126,03/07/2024,B07400016625,584.46,.00,835200,740000152
120,RI,INV102131,03/07/2024,housekeeping,668.65,.00,820100,
120,RI,INV102133,03/07/2024,CENTRAL SUPPLY,362.02,.00,820100,
120,RI,INV102135,03/07/2024,B01460013042.2D-12837987,817.53,.00,146031,146000031
120,RI,INV102139,03/07/2024,housekeeping,2256.84,.00,426644,
120,RI,INV102150,03/07/2024,55659226,7946.00,.00,702126,434005246
120,RI,INV102152,03/07/2024,B04610045584,426.17,.00,309253,461309253
120,RI,INV102164,03/07/2024,B04050002870,424.60,.00,406115,405000015
120,RI,INV102170,03/07/2024,B02950002478,1107.44,.00,499301,295003750
120,RI,INV102184,03/07/2024,B07400016619,639.45,.00,574323,740000073
120,RI,INV102199,03/07/2024,HOUSEKEEPING,836.78,.00,515700,527023439
120,RI,INV102210,03/07/2024,B07400016627,318.95,.00,350086,740100001
120,RI,INV102211,03/07/2024,- None -,486.43,.00,342646,527000028
120,RI,INV102213,03/07/2024,55587350,46.63,.00,432017,432053001
120,RI,INV102215,03/07/2024,Newton,443.34,.00,620203,40000163
120,RI,INV102216,03/07/2024,ORIOL04395,159.70,.00,572757,572061757
120,RI,INV102219,03/07/2024,55568366,79.16,.00,449282,447049282
120,RI,INV102230,03/07/2024,DIETARY,1466.09,.00,661995,
120,RI,INV102232,03/07/2024,housekeeping,560.77,.00,661995,
120,RI,INV102239,03/07/2024,Laundry,250.29,.00,661995,
120,RI,INV102258,03/07/2024,B07400016600,368.80,.00,413154,740000093
120,RI,INV102283,03/07/2024,3179712,606.77,.00,527001,527000241
120,RI,INV102284,03/07/2024,B07400016623,972.33,.00,252631,
120,RI,INV102285,03/07/2024,55660814,688.72,.00,432013,432053005
120,RI,INV102286,03/07/2024,55657251,270.96,.00,432013,432053005
120,RI,INV102296,03/07/2024,- None -,142.59,.00,461502,461024502
120,RI,INV102302,03/07/2024,FedEx,118.18,.00,461002,461023112
120,RI,INV102303,03/07/2024,WILL CALL,351.15,.00,407300,461407300
120,RI,INV102305,03/07/2024,B04060002642,69.75,.00,406015,406000013
120,RI,INV102306,03/07/2024,B04610045578,2471.74,.00,461407,461022407
120,RI,INV102312,03/07/2024,3179149,173.45,.00,646053,323393940
120,RI,INV102324,03/07/2024,3180810,304.58,.00,646053,323393940
120,RI,INV102330,03/07/2024,B04610045644,2413.68,.00,367089,461367089
120,RI,INV102338,03/07/2024,B04610045626,938.94,.00,366744,461023113
120,RI,INV102339,03/07/2024,B04610045656,1298.22,.00,461834,461023834
120,RI,INV102343,03/07/2024,030724 -SHORT,331.80,.00,136417,631005753
120,RI,INV102344,03/07/2024,WHS,829.50,.00,136417,631005743
120,RI,INV102350,03/07/2024,55665238,7418.37,.00,449010,449010000
120,RI,INV102351,03/07/2024,B04610045640,762.58,.00,272618,461023602
120,RI,INV102352,03/07/2024,B04610045617,790.90,.00,272617,461023666
120,RI,INV102366,03/07/2024,B04610045602,1186.58,.00,367090,461022901
120,RI,INV102372,03/07/2024,B07400016629,286.25,.00,672881,740000112
120,RI,INV102374,03/07/2024,B04610045618,1452.47,.00,772617,461772617
120,RI,INV102376,03/07/2024,B04610045606,1082.08,.00,765955,461023327
120,RI,INV102378,03/07/2024,B04610045610,503.79,.00,461004,461023502
120,RI,INV102381,03/07/2024,B04610045167,9.45,.00,461053,461008053
120,RI,INV102382,03/07/2024,- None -,111.73,.00,461003,461019064
120,RI,INV102383,03/07/2024,B04610045545,873.33,.00,62140,461018974
120,RI,INV102384,03/07/2024,B04610045587,1755.92,.00,716507,461019406
120,RI,INV102385,03/07/2024,B04610045600,658.15,.00,461003,461019064
120,RI,INV102386,03/07/2024,B04610045598,1268.08,.00,461053,461008053
120,RI,INV102388,03/07/2024,B04610045615,1456.83,.00,101889,461008096
120,RI,INV102389,03/07/2024,B04610045609,1370.41,.00,461691,461008691
120,RI,INV102390,03/07/2024,B04610045646,81.35,.00,62140,461018974
120,RI,INV102396,03/07/2024,B04610045413,240.90,.00,416104,461137040
120,RI,INV102400,03/07/2024,B04610045437,1342.61,.00,545316,461137214
120,RI,INV102403,03/07/2024,3020,81.62,.00,499301,295003020
120,RI,INV102404,03/07/2024,WILL CALL,329.64,.00,324797,755000365
120,RI,INV102405,03/07/2024,TOR-REY,.00,.00,309254,461020852
120,RI,INV102409,03/07/2024,B04610045421,107.77,.00,593652,461115205
120,RI,INV102411,03/07/2024,2000949818,.00,.00,120109,
120,RI,INV102412,03/07/2024,FedEx,50.20,.00,812120,461812120
120,RI,INV102423,03/07/2024,B08010048805,2.00,.00,801608,801910608
120,RI,INV102439,03/07/2024,B04610045582,1362.18,.00,632333,461017112
120,RI,INV102440,03/07/2024,B04610045623,792.23,.00,461702,461018702
120,RI,INV102441,03/07/2024,55683093,2468.86,.00,449481,449022481
120,RI,INV102442,03/07/2024,B04610045665,1226.76,.00,509001,461509001
120,RI,INV102443,03/07/2024,B04610045632,1032.59,.00,955264,461018052
120,RI,INV102444,03/07/2024,55682738,2360.06,.00,449921,449044921
120,RI,INV102452,03/07/2024,B04610045624,1212.56,.00,328321,461328321
120,RI,INV102454,03/07/2024,B04610045633,1206.27,.00,958980,461022192
120,RI,INV102456,03/08/2024,61910,77.26,.00,781001,
120,RI,INV102459,03/08/2024,061897,1859.10,.00,694010,694000010
120,RI,INV102465,03/08/2024,061893,2774.13,.00,694007,694000007
120,RI,INV102467,03/08/2024,B04610044552,40.70,.00,461011,461017011
120,RI,INV102471,03/08/2024,B04610045652,2333.66,.00,812120,461812120
120,RI,INV102473,03/08/2024,B04610045663,1772.78,.00,461011,461017011
120,RI,INV102476,03/08/2024,B04610045040,20.03,.00,461701,461017601
120,RI,INV102478,03/08/2024,55680365,49.45,.00,552041,438020262
120,RI,INV102487,03/08/2024,55680324,1896.48,.00,552041,438020262
120,RI,INV102495,03/08/2024,B02950002479,1601.11,.00,499301,295003023
120,RI,INV102504,03/08/2024,B07550001187,761.93,.00,766130,
120,RI,INV102506,03/08/2024,55680160,1050.55,.00,469246,438045949
120,RI,INV102508,03/08/2024,B07550001188,1139.70,.00,737280,755000784
120,RI,INV102510,03/08/2024,CHEF GLENN,2000.43,.00,773527,755310566
120,RI,INV102515,03/08/2024,SO10018890,596.58,.00,766222,
120,RI,INV102539,03/08/2024,SO10018894,498.95,.00,820120,755000836
120,RI,INV102541,03/08/2024,55679318,4165.01,.00,168564,438021022
120,RI,INV102546,03/08/2024,B07550001185,788.83,.00,820103,
120,RI,INV102551,03/08/2024,55667308,227.09,.00,432019,432053000
120,RI,INV102553,03/08/2024,B04610045635,936.46,.00,800857,461800857
120,RI,INV102558,03/08/2024,B07400016642,820.23,.00,867549,740000183
120,RI,INV102559,03/08/2024,55682261,769.43,.00,432019,432053000
120,RI,INV102560,03/08/2024,B04610045643,957.23,.00,461601,461020601
120,RI,INV102567,03/08/2024,55670378,252.90,.00,432007,432053002
120,RI,INV102571,03/08/2024,B04610045260,26.72,.00,461204,461021204
120,RI,INV102572,03/08/2024,55679312,374.26,.00,432007,432053002
120,RI,INV102574,03/08/2024,55680308,1350.08,.00,432007,432053002
120,RI,INV102577,03/08/2024,B08010048829,4375.13,.00,282718,801005004
120,RI,INV102580,03/08/2024,B07400016638,2349.39,.00,212200,740000094
120,RI,INV102583,03/08/2024,SO10018735,794.68,.00,716320,755000837
120,RI,INV102588,03/08/2024,SO10019092,1353.91,.00,656100,755310438
120,RI,INV102602,03/08/2024,- None -,247.26,.00,499301,295001030
120,RI,INV102603,03/08/2024,55684407,603.88,.00,736438,438032093
120,RI,INV102606,03/08/2024,55682491,1867.25,.00,736438,438032093
120,RI,INV102610,03/08/2024,1010 VAUGHN,676.93,.00,499301,295001010
120,RI,INV102613,03/08/2024,55684129,2661.40,.00,571300,559022241
120,RI,INV102616,03/08/2024,CHEF NICK/ SO10018984,969.13,.00,421513,40000208
120,RI,INV102620,03/08/2024,55679891,441.60,.00,432008,432053008
120,RI,INV102621,03/08/2024,B07400016619,27.50,.00,574323,740000073
120,RI,INV102635,03/08/2024,- None -,573.22,.00,979400,41040047
120,RI,INV102637,03/08/2024,Amber Lids,357.96,.00,545313,461545313
120,RI,INV102645,03/08/2024,- None -,108.40,.00,309253,461309253
120,RI,INV102646,03/08/2024,B04610045604,659.15,.00,545313,461545313
120,RI,INV102657,03/08/2024,55688934,1845.96,.00,438593,438122593
120,RI,INV102661,03/08/2024,B04610045637,1625.83,.00,262755,461021054
120,RI,INV102664,03/08/2024,55678475,4023.36,.00,391275,438020348
120,RI,INV102667,03/08/2024,B04610045172,31.50,.00,309254,461020852
120,RI,INV102670,03/08/2024,B04610045649,121.73,.00,309254,461020852
120,RI,INV102672,03/08/2024,- None -,2206.68,.00,245176,
120,RI,INV102681,03/08/2024,B04610045648,3013.11,.00,309254,461020852
120,RI,INV102687,03/08/2024,B04050002879,15.50,.00,406020,405000002
120,RI,INV102690,03/08/2024,B04610045351,9.45,.00,326180,461326180
120,RI,INV102696,03/08/2024,B04610045634,1085.87,.00,407301,461021042
120,RI,INV102697,03/08/2024,B04050002878,1161.23,.00,406020,405000002
120,RI,INV102703,03/08/2024,B04610045645,1966.60,.00,326180,461326180
120,RI,INV102710,03/08/2024,housekeeping,634.17,.00,583410,
120,RI,INV102717,03/08/2024,housekeeping,104.73,.00,661995,
120,RI,INV102743,03/08/2024,B07400016637,522.54,.00,495151,740000247
120,RI,INV102745,03/08/2024,B04610045612,223.43,.00,739888,461739888
120,RI,INV102747,03/08/2024,B04610045247,22.05,.00,407300,461407300
120,RI,INV102752,03/08/2024,B04610045608,2234.48,.00,739888,461739888
120,RI,INV102753,03/08/2024,B04610045629,1186.10,.00,406315,461406315
120,RI,INV102755,03/08/2024,Trash Bags,35.68,.00,914103,461021117
120,RI,INV102767,03/08/2024,B04610045597,1303.14,.00,914103,461021117
120,RI,INV102773,03/08/2024,RODNEY,1574.07,.00,994262,755310573
120,RI,INV102774,03/08/2024,2403188950,749.93,.00,562931,
120,RI,INV102801,03/08/2024,Bill MBBQ Winchester,50.20,.00,914102,461021740
120,RI,INV102804,03/08/2024,B04050002882,742.73,.00,406520,405000020
120,RI,INV102807,03/08/2024,B04610045590,1385.45,.00,914102,461021740
120,RI,INV102812,03/08/2024,B04610045620,1153.89,.00,461074,461021704
120,RI,INV102817,03/08/2024,B04610045285,15.75,.00,194660,461194660
120,RI,INV102818,03/08/2024,trash bags,35.68,.00,556807,461556807
120,RI,INV102822,03/08/2024,B04610045651,955.94,.00,556807,461556807
120,RI,INV102823,03/08/2024,B04610045650,36.81,.00,194660,461194660
120,RI,INV102824,03/08/2024,B04610045630,1120.80,.00,194660,461194660
120,RI,INV102828,03/08/2024,kristina,1923.72,.00,755004,
120,RI,INV102832,03/08/2024,DIETARY,771.58,.00,426644,
120,RI,INV102833,03/08/2024,55625962,873.06,.00,441860,440061860
120,RI,INV102835,03/08/2024,B04610045619,373.50,.00,862385,461022033
120,RI,INV102837,03/08/2024,B04610045614,1241.99,.00,765956,461020155
120,RI,INV102841,03/08/2024,CENTRAL SUPPLY,558.21,.00,546300,
120,RI,INV102848,03/08/2024,B07400016644,298.41,.00,350086,740100001
120,RI,INV102858,03/08/2024,HOUSEKEEPING,380.42,.00,515700,527023439
120,RI,INV102861,03/08/2024,55662375,1095.31,.00,432018,432053003
120,RI,INV102862,03/08/2024,55675695,1723.28,.00,432017,432053001
120,RI,INV102875,03/08/2024,B04610045654,1598.01,.00,461874,461020874
120,RI,INV102878,03/08/2024,55678410,2663.57,.00,432018,432053003
120,RI,INV102884,03/08/2024,55586083,1279.74,.00,449460,
120,RI,INV102885,03/08/2024,B02950002480,512.83,.00,499301,295003035
120,RI,INV102887,03/08/2024,B02950002481,3012.16,.00,499301,295000057
120,RI,INV102890,03/08/2024,B04610045664,824.30,.00,633233,461020165
120,RI,INV102894,03/08/2024,55634324,4631.93,.00,449302,449352802
120,RI,INV102908,03/08/2024,10019092,269.70,.00,656100,755310438
120,RI,INV102910,03/08/2024,Courier,50.20,.00,545313,461545313
120,RI,INV102911,03/08/2024,Courier,75.30,.00,914102,461021740
120,RI,INV102912,03/08/2024,RICH,226.54,.00,755003,755310570
120,RI,INV102934,03/08/2024,Courier  Red,261.50,.00,739888,461739888
120,RI,INV102955,03/08/2024,B04610045433,550.67,.00,461147,461015147
120,RI,INV102960,03/08/2024,- None -,71.16,.00,461012,461149525
120,RI,INV102964,03/08/2024,B04610045670,63.17,.00,545316,461137214
120,RI,INV102968,03/08/2024,B04610045668,109.17,.00,461179,461033179
120,RI,INV102969,03/08/2024,B04610045657,78.69,.00,461704,461162704
120,RI,INV102971,03/08/2024,FedEx,98.98,.00,272618,461023602
120,RI,INV102980,03/08/2024,B04610045679,555.60,.00,461004,461023502
120,RI,INV102985,03/08/2024,3179149,170.40,.00,646053,323393940
120,RI,INV102988,03/08/2024,55677701,5050.14,.00,449523,449000523
120,RI,INV102994,03/08/2024,B04610045702,671.40,.00,366744,461023113
120,RI,INV102998,03/08/2024,B04610045688,1032.78,.00,772617,461772617
120,RI,INV102999,03/08/2024,3183533,407.10,.00,646053,323393940
120,RI,INV103000,03/08/2024,- None -,1024.66,.00,324797,755000365
120,RI,INV103003,03/08/2024,B04610045696,856.88,.00,367090,461022901
120,RI,INV103005,03/08/2024,B04610045692,789.08,.00,272617,461023666
120,RI,INV103006,03/08/2024,B04610045680,761.53,.00,765955,461023327
120,RI,INV103007,03/08/2024,B04610045686,1179.37,.00,272618,461023602
120,RI,INV103009,03/08/2024,DIETARY,1623.55,.00,324797,755000365
120,RI,INV103011,03/08/2024,LHS,3278.68,.00,136417,631005738
120,RI,INV103012,03/08/2024,DJMES,1173.66,.00,136417,631005749
120,RI,INV103018,03/08/2024,B01460013111.2D12837577,7513.94,.00,146221,146000221
120,RI,INV103031,03/08/2024,B07550001120,93.00,.00,755870,755310870
120,RI,INV103033,03/08/2024,B07550001107,77.50,.00,755870,755310870
120,RI,INV103036,03/08/2024,BRITTANY,1580.61,.00,755005,755310572
120,RI,INV103037,03/08/2024,6416,31.00,.00,499301,295006416
120,RI,INV103038,03/08/2024,55691047,668.08,.00,331000,438022221
120,RI,INV103039,03/08/2024,DCUNI06468,1772.46,.00,108003,572036578
120,RI,INV103041,03/08/2024,DCUNI06488,48.22,.00,108003,572036578
120,RI,INV103044,03/08/2024,DCUNI06486,5401.11,.00,108003,572036578
120,RI,INV103045,03/08/2024,DCUNI06478,589.25,.00,108003,572036578
120,RI,INV103046,03/08/2024,55679318,208.80,.00,168564,
120,RI,INV103048,03/08/2024,B02950002483,458.45,.00,499301,295001904
120,RI,INV103049,03/08/2024,NATS0000024682,331.75,.00,278496,572020003
120,RI,INV103053,03/08/2024,55626033,1154.75,.00,441860,440061860
120,RI,INV103054,03/08/2024,SO10019654,741.68,.00,820120,755000836
120,RI,INV103055,03/08/2024,- None -,1368.21,.00,737215,
120,RI,INV103056,03/08/2024,B08010048805,239.81,.00,801608,801910608
120,RI,INV103057,03/08/2024,- None -,1780.96,.00,499301,295001020
120,RI,INV103061,03/08/2024,B07550001193,1146.15,.00,716050,755000834
120,RI,INV103063,03/08/2024,1730,378.60,.00,499301,295001730
120,RI,INV103065,03/08/2024,B04610045690,1433.89,.00,262753,461019901
120,RI,INV103067,03/08/2024,6416,842.56,.00,499301,295006416
120,RI,INV103069,03/08/2024,B07400016657,1704.68,.00,632317,740000010
120,RI,INV103074,03/08/2024,PO IS COMING THEY NEEDED PRODUCT PER TOBY,1759.50,.00,441862,440161860
120,RI,INV103076,03/08/2024,1030,181.37,.00,499301,295001030
120,RI,INV103077,03/08/2024,20240308,2241.73,.00,773527,755310566
120,RI,INV103078,03/08/2024,B04610045693,616.56,.00,862385,461022033
120,RI,INV103082,03/08/2024,B02950002485,650.04,.00,499301,295000044
120,RI,INV103085,03/08/2024,SO10019354,1077.70,.00,397700,755000775
120,RI,INV103087,03/08/2024,55701851,1045.18,.00,552041,438020262
120,RI,INV103091,03/08/2024,0047,135.86,.00,499301,295000047
120,RI,INV103107,03/08/2024,KIES,335.20,.00,582403,
120,RI,INV103117,03/08/2024,EASTON ELEMENTARY,956.80,.00,755612,
120,RI,INV103123,03/08/2024,55702862,1572.00,.00,432011,432052999
120,RI,INV103125,03/09/2024,061521,155.00,.00,694009,694000009
120,RI,INV103126,03/09/2024,61679,155.00,.00,781001,
120,RI,INV103129,03/09/2024,B07400015888,32.86,.00,84001,740100217
120,RI,INV103197,03/09/2024,RODNEY,851.05,.00,994262,755310573
120,RI,INV103216,03/09/2024,10018967,1160.62,.00,358401,
120,RI,INV103226,03/09/2024,Nelly,244.00,.00,179116,527001121
120,RI,INV103239,03/09/2024,Laundry,733.25,.00,562931,
120,RI,INV103246,03/09/2024,55702810,8073.41,.00,449224,449000224
120,RI,INV103250,03/09/2024,B07400016658,586.70,.00,775193,740000232
120,RI,INV103257,03/09/2024,55705897,407.04,.00,438351,438120351
120,RI,INV103278,03/09/2024,B04610045691,942.12,.00,632334,461022315
120,RI,INV103287,03/09/2024,B04610045685,1122.84,.00,407303,461022153
120,RI,INV103291,03/09/2024,B07400016639,1079.83,.00,358401,740000137
120,RI,INV103297,03/09/2024,B07400016663,542.17,.00,84001,740100217
120,RI,INV103306,03/09/2024,2403188950,295.69,.00,562931,
120,RI,INV103309,03/09/2024,FILL IN,1197.14,.00,406315,461406315
120,RI,INV103311,03/09/2024,2403188950,104.84,.00,562931,
120,RI,INV103314,03/09/2024,kristina,1689.26,.00,755004,
120,RI,INV103320,03/09/2024,55702042,1358.66,.00,432012,432053004
120,RI,INV103325,03/09/2024,housekeeping,181.80,.00,661995,
120,RI,INV103328,03/09/2024,B07400016656,752.53,.00,986632,740000169
120,RI,INV103329,03/09/2024,FILL IN,1514.53,.00,739888,461739888
120,RI,INV103330,03/09/2024,55701443,381.11,.00,432007,432053002
120,RI,INV103341,03/09/2024,FEDEX GLOVES,50.20,.00,406314,461406314
120,RI,INV103353,03/09/2024,55700652,30.90,.00,432012,432053004
120,RI,INV103358,03/09/2024,B04610045698,739.45,.00,461803,461019803
120,RI,INV103364,03/09/2024,B02950002482,333.89,.00,499301,295006480
120,RI,INV103371,03/09/2024,B02950002484,2008.12,.00,499301,295003130
120,RI,INV103373,03/09/2024,B07400016648,2288.13,.00,699105,740000039
120,RI,INV103374,03/09/2024,B04610045677,1165.16,.00,545313,461545313
120,RI,INV103376,03/09/2024,B04610045694,1995.81,.00,461014,461021014
120,RI,INV103383,03/09/2024,B07400016655,758.05,.00,835200,740000152
120,RI,INV103385,03/09/2024,55701738,129.77,.00,432012,432053004
120,RI,INV103390,03/11/2024,WILL CALL,73.88,.00,326180,461326180
120,RI,INV103406,03/11/2024,B04610045704,473.68,.00,403860,461148083
120,RI,INV103411,03/11/2024,B04050002885,1515.57,.00,406126,405000026
120,RI,INV103428,03/11/2024,B04610045753,993.46,.00,461407,461022407
120,RI,INV103436,03/11/2024,- None -,2222.73,.00,722611,
120,RI,INV103439,03/11/2024,B04610045776,210.88,.00,366744,461023113
120,RI,INV103444,03/11/2024,B04610045715,753.33,.00,366744,461023113
120,RI,INV103446,03/11/2024,B04610045767,550.34,.00,461834,461023834
120,RI,INV103447,03/11/2024,55728610,4200.48,.00,449402,
120,RI,INV103450,03/11/2024,B04610045803,1605.08,.00,461002,461023112
120,RI,INV103461,03/11/2024,B04610045718,1411.52,.00,367089,461367089
120,RI,INV103465,03/11/2024,JBBES,1425.00,.00,136417,631005742
120,RI,INV103466,03/11/2024,B04050002887,1333.10,.00,406106,405000006
120,RI,INV103468,03/11/2024,MES,1256.45,.00,136417,631005750
120,RI,INV103470,03/11/2024,LLES,540.20,.00,136417,631005739
120,RI,INV103472,03/11/2024,B04610045714,931.65,.00,272617,461023666
120,RI,INV103474,03/11/2024,JRES,1180.00,.00,136417,631005741
120,RI,INV103475,03/11/2024,B04610045681,34.84,.00,461073,461024073
120,RI,INV103477,03/11/2024,B04610045769,2536.54,.00,406314,461406314
120,RI,INV103478,03/11/2024,B04610045773,1548.15,.00,461502,461024502
120,RI,INV103479,03/11/2024,B04610045800,1147.44,.00,461073,461024073
120,RI,INV103481,03/11/2024,55728941,2471.63,.00,449302,449352802
120,RI,INV103485,03/11/2024,B04610045726,1329.32,.00,716507,461019406
120,RI,INV103486,03/11/2024,B04610045731,670.47,.00,461003,461019064
120,RI,INV103487,03/11/2024,B04610045732,1047.97,.00,461053,461008053
120,RI,INV103488,03/11/2024,B04610045761,1125.65,.00,461030,461019030
120,RI,INV103489,03/11/2024,B04610045772,2192.75,.00,101889,461008096
120,RI,INV103490,03/11/2024,B04610045778,928.98,.00,461691,461008691
120,RI,INV103491,03/11/2024,B04610045733,1100.01,.00,62140,461018974
120,RI,INV103494,03/11/2024,B07400016560,94.45,.00,241400,740300167
120,RI,INV103498,03/11/2024,55619803,2156.16,.00,434001,434011464
120,RI,INV103503,03/11/2024,B07400016668,1827.81,.00,241400,740300167
120,RI,INV103505,03/11/2024,B04610045755,1097.89,.00,62139,461019462
120,RI,INV103506,03/11/2024,B04610045734,1965.74,.00,580102,461580102
120,RI,INV103514,03/11/2024,B04610045814,1187.97,.00,461011,461017011
120,RI,INV103520,03/11/2024,B04610045809,3270.34,.00,812120,461812120
120,RI,INV103521,03/11/2024,B07400016683,1317.35,.00,548063,740000248
120,RI,INV103525,03/11/2024,GLASSWARE,571.98,.00,278496,572020003
120,RI,INV103527,03/11/2024,DCUNI06516,469.81,.00,108003,572036578
120,RI,INV103537,03/11/2024,55732993,175.64,.00,552041,438020262
120,RI,INV103538,03/11/2024,B09150003156,411.37,.00,915374,915986374
120,RI,INV103539,03/12/2024,B09150003153,113.06,.00,915692,915981692
120,RI,INV103540,03/12/2024,B09150003154,242.50,.00,915692,915981692
120,RI,INV103541,03/12/2024,B09150003150,227.88,.00,915370,915986370
120,RI,INV103542,03/12/2024,B09150003151,117.79,.00,915370,915986370
120,RI,INV103543,03/12/2024,B09150003149,531.82,.00,915370,915986370
120,RI,INV103545,03/12/2024,- None -,1619.99,.00,461702,461018702
120,RI,INV103546,03/12/2024,B04610045725,963.04,.00,461702,461018702
120,RI,INV103547,03/12/2024,B04610045735,1265.00,.00,509001,461509001
120,RI,INV103548,03/12/2024,B04610045771,1749.39,.00,632333,461017112
120,RI,INV103549,03/12/2024,B04610045810,1386.82,.00,955264,461018052
120,RI,INV103550,03/12/2024,- None -,4180.80,.00,202000,755310524
120,RI,INV103552,03/12/2024,84AJP00028309,241.47,.00,524390,41040051
120,RI,INV103569,03/12/2024,B07400016426,55.80,.00,835200,740000152
120,RI,INV103584,03/12/2024,B07400016673,852.12,.00,574323,740000073
120,RI,INV103589,03/12/2024,504520000126168,796.06,.00,196722,315000739
120,RI,INV103590,03/12/2024,55345252,419.50,.00,168564,
120,RI,INV103618,03/12/2024,B04610044254,22.36,.00,328321,461328321
120,RI,INV103624,03/12/2024,B04610045782,1007.82,.00,328321,461328321
120,RI,INV103627,03/12/2024,B02950002490,658.15,.00,499301,295003095
120,RI,INV103630,03/12/2024,B04610045820,1199.72,.00,958980,461022192
120,RI,INV103632,03/12/2024,4503637672,72.55,.00,195445,426001026
120,RI,INV103640,03/12/2024,4503639999,1760.24,.00,195445,426001026
120,RI,INV103654,03/12/2024,B04610045721,1114.30,.00,914102,461021740
120,RI,INV103656,03/12/2024,B04610045722,26.70,.00,914102,461021740
120,RI,INV103657,03/12/2024,B04610045795,2070.81,.00,461074,461021704
120,RI,INV103667,03/12/2024,4503640045,1371.39,.00,944645,426001060
120,RI,INV103674,03/12/2024,B04050002886,1224.24,.00,406107,405000007
120,RI,INV103688,03/12/2024,3122,564.31,.00,499301,295003122
120,RI,INV103689,03/12/2024,55732866,13.78,.00,736438,438032093
120,RI,INV103691,03/12/2024,55732341,1381.50,.00,736438,438032093
120,RI,INV103694,03/12/2024,1040,626.43,.00,499301,295001040
120,RI,INV103696,03/12/2024,B02950002491,3745.78,.00,499301,295000047
120,RI,INV103698,03/12/2024,B07400016678,878.84,.00,367128,740000055
120,RI,INV103699,03/12/2024,4503639222,2577.06,.00,714611,426001059
120,RI,INV103701,03/12/2024,55718245,655.05,.00,440996,440057996
120,RI,INV103707,03/12/2024,B04610045823,96.48,.00,633233,461020165
120,RI,INV103708,03/12/2024,4503639440,3238.75,.00,714611,426001059
120,RI,INV103709,03/12/2024,B04610045790,405.99,.00,765956,461020155
120,RI,INV103711,03/12/2024,B04610045745,1586.28,.00,765956,461020155
120,RI,INV103713,03/12/2024,B04610045822,1536.23,.00,633233,461020165
120,RI,INV103719,03/12/2024,DIETARY,269.04,.00,426644,
120,RI,INV103733,03/12/2024,B04610045786,104.16,.00,407300,461407300
120,RI,INV103734,03/12/2024,B04610045173,34.36,.00,407300,461407300
120,RI,INV103738,03/12/2024,B04610045711,1043.35,.00,407300,461407300
120,RI,INV103742,03/12/2024,B04610045794,908.61,.00,739888,461739888
120,RI,INV103744,03/12/2024,B04050002891,796.66,.00,406105,405000005
120,RI,INV103747,03/12/2024,0015,279.11,.00,499301,295000015
120,RI,INV103749,03/12/2024,55734884,2908.12,.00,432010,432053012
120,RI,INV103758,03/12/2024,B04050002884,1562.62,.00,406103,405000003
120,RI,INV103759,03/12/2024,B04610045781,1159.99,.00,326180,461326180
120,RI,INV103760,03/12/2024,B04610045801,1304.39,.00,407301,461021042
120,RI,INV103762,03/12/2024,HOUSEKEEPING,3.69,.00,473055,
120,RI,INV103775,03/12/2024,B07400016679,627.51,.00,740276,740000276
120,RI,INV103776,03/12/2024,55732905,150.08,.00,432018,432053003
120,RI,INV103779,03/12/2024,LAUNDRY,232.67,.00,692753,
120,RI,INV103780,03/12/2024,ORIOL04410,1740.09,.00,572757,572061757
120,RI,INV103785,03/12/2024,ORIOL04461,824.31,.00,572757,572061757
120,RI,INV103787,03/12/2024,ORIOL04390,1215.70,.00,572757,572061757
120,RI,INV103790,03/12/2024,55728684,7412.22,.00,432018,432053003
120,RI,INV103802,03/12/2024,DIETARY,1514.26,.00,515700,527023439
120,RI,INV103806,03/12/2024,DIETARY,169.39,.00,546300,
120,RI,INV103814,03/12/2024,55736971,1291.75,.00,438352,438120352
120,RI,INV103821,03/12/2024,55739032,1825.93,.00,438346,438120346
120,RI,INV103824,03/12/2024,B04610045788,1145.78,.00,262755,461021054
120,RI,INV103826,03/12/2024,B02950002488,2872.28,.00,499301,295003395
120,RI,INV103830,03/12/2024,55682261,46.63,.00,432019,432053000
120,RI,INV103832,03/12/2024,3020   B02950002486,555.21,.00,499301,295003020
120,RI,INV103833,03/12/2024,B07550001203,1043.72,.00,994262,755310573
120,RI,INV103835,03/12/2024,B04060002613,8.05,.00,406026,406000026
120,RI,INV103837,03/12/2024,B04060002650,1047.81,.00,406019,406000023
120,RI,INV103839,03/12/2024,55732572,475.11,.00,432019,432053000
120,RI,INV103840,03/12/2024,B04050002888,1894.40,.00,406125,405000023
120,RI,INV103842,03/12/2024,B04610045818,1753.15,.00,461601,461020601
120,RI,INV103843,03/12/2024,B04060002652,1086.65,.00,406015,406000013
120,RI,INV103844,03/12/2024,B04060002651,1.86,.00,406019,406000023
120,RI,INV103846,03/12/2024,B04060002653,1049.35,.00,406026,406000026
120,RI,INV103847,03/12/2024,B04610045785,1452.54,.00,800857,461800857
120,RI,INV103861,03/12/2024,B04610045787,1791.06,.00,309254,461020852
120,RI,INV103865,03/12/2024,B07400016691,1333.16,.00,948085,740000143
120,RI,INV103869,03/12/2024,55726117,339.44,.00,614213,436015851
120,RI,INV103876,03/12/2024,Mission trash bag test,37.83,.00,461130,461021030
120,RI,INV103877,03/12/2024,B04610045792,1419.17,.00,461130,461021030
120,RI,INV103894,03/12/2024,55736061,2142.65,.00,449056,449031056
120,RI,INV103898,03/12/2024,B04610045796,1226.06,.00,461874,461020874
120,RI,INV103899,03/12/2024,Mike,3099.08,.00,164369,755000382
120,RI,INV103904,03/12/2024,B04610045727,1300.06,.00,914103,461021117
120,RI,INV103907,03/12/2024,Mission trash bag test,35.68,.00,914103,461021117
120,RI,INV103917,03/12/2024,B04050002890,1484.15,.00,406111,405000011
120,RI,INV103936,03/12/2024,B04610045816,111.36,.00,545313,461545313
120,RI,INV103939,03/12/2024,B04610045770,932.18,.00,545313,461545313
120,RI,INV103942,03/12/2024,B04610045766,1091.91,.00,309253,461309253
120,RI,INV103943,03/12/2024,B04610045813,174.10,.00,194660,461194660
120,RI,INV103945,03/12/2024,HOUSEKEEPING,790.50,.00,820100,
120,RI,INV103952,03/12/2024,B04610045757,1626.12,.00,194660,461194660
120,RI,INV103955,03/12/2024,B04050002889,803.90,.00,406028,405000028
120,RI,INV103956,03/12/2024,B04610045812,1017.96,.00,556807,461556807
120,RI,INV103958,03/12/2024,Mission trash bag test,35.68,.00,556807,461556807
120,RI,INV103980,03/12/2024,PAPER9,719.59,.00,406001,406000001
120,RI,INV103985,03/12/2024,Green Cutting Board,31.90,.00,859096,461133613
120,RI,INV103986,03/12/2024,Alton,192.74,.00,461104,461142104
120,RI,INV103988,03/12/2024,B04610045707,62.33,.00,461805,461146805
120,RI,INV103990,03/12/2024,B04610045729,181.82,.00,403860,461148083
120,RI,INV103994,03/12/2024,B04610045777,574.74,.00,94889,461133331
120,RI,INV103995,03/12/2024,B04610045780,59.73,.00,185389,461148167
120,RI,INV103996,03/12/2024,B04610045279,39.32,.00,461909,461133909
120,RI,INV103997,03/12/2024,Filter,123.04,.00,461060,461144060
120,RI,INV104005,03/12/2024,55738410,11142.08,.00,449302,449352802
120,RI,INV104013,03/12/2024,3189792,751.60,.00,646053,323393940
120,RI,INV104026,03/12/2024,55739200,971.05,.00,449502,449552802
120,RI,INV104031,03/12/2024,- None -,34.00,.00,765955,461023327
120,RI,INV104037,03/12/2024,B04610045839,1596.46,.00,272617,461023666
120,RI,INV104043,03/12/2024,B04610045853,92.76,.00,765955,461023327
120,RI,INV104045,03/12/2024,B04610045840,1861.34,.00,765955,461023327
120,RI,INV104046,03/12/2024,B04610045849,519.58,.00,772617,461772617
120,RI,INV104058,03/12/2024,B04610045836,737.12,.00,367090,461022901
120,RI,INV104070,03/12/2024,55756992,483.16,.00,571300,559022241
120,RI,INV104077,03/12/2024,55752125,1257.57,.00,331000,438022221
120,RI,INV104082,03/12/2024,55756353,1805.11,.00,571300,559022241
120,RI,INV148915,03/12/2024,12608,31317.56,.00,920012,
120,RI,INV104087,03/13/2024,B07400016531,669.88,.00,139211,740000235
120,RI,INV104093,03/13/2024,SO10018894,205.65,.00,820120,755000836
120,RI,INV104097,03/13/2024,B04610045705,1123.27,.00,461171,461020171
120,RI,INV104099,03/13/2024,55525002,204.90,.00,469246,438045949
120,RI,INV104106,03/13/2024,B04610045829,1715.50,.00,739889,461022601
120,RI,INV104111,03/13/2024,B07550001202,349.89,.00,716030,
120,RI,INV104112,03/13/2024,B07550001198,610.03,.00,768399,
120,RI,INV104120,03/13/2024,3510,1007.20,.00,499301,295003510
120,RI,INV104125,03/13/2024,B02950002493,419.20,.00,499301,295001904


120,RI,INV104128,03/13/2024,B02950002489,1846.59,.00,499301,295007042
120,RI,INV104130,03/13/2024,B07550001207,1736.38,.00,761100,755000785
120,RI,INV104131,03/13/2024,55754833,149.45,.00,469246,438045949
120,RI,INV104146,03/13/2024,B04610045848,843.51,.00,862385,461022033
120,RI,INV104153,03/13/2024,B02950002495,487.44,.00,499301,295003036
120,RI,INV104158,03/13/2024,55749676,1889.91,.00,552041,438020262
120,RI,INV104162,03/13/2024,55755636,300.00,.00,469246,438045949
120,RI,INV104172,03/13/2024,SO10020819,765.85,.00,716080,755000826
120,RI,INV104174,03/13/2024,SO10021142,1003.90,.00,766156,
120,RI,INV104177,03/13/2024,B08010049006,2525.14,.00,801294,801311294
120,RI,INV104185,03/13/2024,HOUSEKEEPING,2529.15,.00,801650,801910650
120,RI,INV104196,03/13/2024,55753329,1019.23,.00,33047,438044177
120,RI,INV104204,03/13/2024,B02950002492,1469.09,.00,499301,295003023
120,RI,INV104206,03/13/2024,SO10021191,549.60,.00,737285,
120,RI,INV104211,03/13/2024,55760264,700.05,.00,469246,438045949
120,RI,INV104238,03/13/2024,B07400016704,244.02,.00,84001,740100217
120,RI,INV104247,03/13/2024,Franck,1018.65,.00,736673,755000860
120,RI,INV104248,03/13/2024,B04050002883,824.12,.00,406110,405000010
120,RI,INV104252,03/13/2024,B04060002654,888.79,.00,406014,406000012
120,RI,INV104260,03/13/2024,B02950002491,48.96,.00,499301,295000047
120,RI,INV104261,03/13/2024,SLADE SCHOOL,2674.37,.00,245176,
120,RI,INV104273,03/13/2024,0047,965.76,.00,499301,295000047
120,RI,INV104288,03/13/2024,CHEF GLENN,191.48,.00,773527,755310566
120,RI,INV104316,03/13/2024,B04610045850,84.05,.00,406315,461406315
120,RI,INV104318,03/13/2024,3189412,54.21,.00,470015,
120,RI,INV104320,03/13/2024,3189293,547.92,.00,470015,
120,RI,INV104322,03/13/2024,DIETARY,1148.97,.00,470015,
120,RI,INV104325,03/13/2024,CENTRAL SUPPLY,322.67,.00,470015,
120,RI,INV104327,03/13/2024,B04610045842,1513.09,.00,406315,461406315
120,RI,INV104329,03/13/2024,3189337,911.21,.00,470015,
120,RI,INV104332,03/13/2024,NATS0000024650,10186.50,.00,278496,572020003
120,RI,INV104333,03/13/2024,NATS0000024651,10902.40,.00,278496,572020003
120,RI,INV104334,03/13/2024,dcuni06525,1063.76,.00,108003,572036578
120,RI,INV104335,03/13/2024,NATS0000024808,335.18,.00,278496,572020003
120,RI,INV104345,03/13/2024,B04610045843,660.15,.00,407303,461022153
120,RI,INV104350,03/13/2024,061966,3073.86,.00,694005,694000005
120,RI,INV104352,03/13/2024,061965,829.79,.00,694014,694000014
120,RI,INV104357,03/13/2024,TGT31124,830.03,.00,406024,405000024
120,RI,INV104388,03/13/2024,B08010049011,4590.81,.00,282718,801005004
120,RI,INV104390,03/13/2024,B04050002890,106.15,.00,406111,405000011
120,RI,INV104405,03/13/2024,55758723,435.88,.00,438352,438120352
120,RI,INV104411,03/13/2024,3189438,929.05,.00,562931,
120,RI,INV104412,03/13/2024,55686476,36.15,.00,432007,432053002
120,RI,INV104418,03/13/2024,3186544,1654.69,.00,562931,
120,RI,INV104422,03/13/2024,B07400016700,640.81,.00,358401,
120,RI,INV104423,03/13/2024,ALLANTE0312,2034.90,.00,755736,755974736
120,RI,INV104431,03/13/2024,55748286,2039.56,.00,391275,438020348
120,RI,INV104432,03/13/2024,DIETARY,443.57,.00,766201,527062185
120,RI,INV104433,03/13/2024,55752451,4181.53,.00,432109,432153009
120,RI,INV104434,03/13/2024,B07400016706,646.58,.00,740185,740100185
120,RI,INV104436,03/13/2024,DIETARY,100.21,.00,515700,527023439
120,RI,INV104437,03/13/2024,55701443,299.25,.00,432007,432053002
120,RI,INV104440,03/13/2024,B02950002494,540.32,.00,499301,295003130
120,RI,INV104442,03/13/2024,B04050002892,1004.70,.00,406112,405000012
120,RI,INV104454,03/13/2024,HOUSEKEEPING,194.73,.00,546300,
120,RI,INV104464,03/13/2024,55750930,2121.21,.00,792426,440026831
120,RI,INV104468,03/13/2024,55586083,3871.14,.00,449460,
120,RI,INV104477,03/13/2024,Dietary,1279.56,.00,820100,
120,RI,INV104487,03/13/2024,housekeeping,106.98,.00,583410,
120,RI,INV104488,03/13/2024,JH03122024,1623.90,.00,353533,631000668
120,RI,INV104491,03/13/2024,Laundry,1590.33,.00,546300,
120,RI,INV104493,03/13/2024,housekeeping,4478.63,.00,546300,
120,RI,INV104509,03/13/2024,B08010049037,1701.59,.00,164064,801300001
120,RI,INV104510,03/13/2024,3190651,1446.70,.00,820100,
120,RI,INV104516,03/13/2024,3190679,1054.70,.00,820100,
120,RI,INV104520,03/13/2024,B08010049039,1518.10,.00,164064,801300004
120,RI,INV104523,03/13/2024,B08010049036,4913.58,.00,164064,801300002
120,RI,INV104530,03/13/2024,B08010049038,3619.69,.00,164064,801000574
120,RI,INV104535,03/13/2024,Bailey Trott,858.51,.00,545316,461137214
120,RI,INV104538,03/13/2024,BRYAN ROSAS,59.57,.00,920016,92000005
120,RI,INV104545,03/13/2024,B04610044767,178.29,.00,652927,461152927
120,RI,INV104546,03/13/2024,B04610045712,412.19,.00,461179,461033179
120,RI,INV104547,03/13/2024,B04610045709,142.54,.00,461623,461114623
120,RI,INV104548,03/13/2024,B04610045710,216.30,.00,94888,461137421
120,RI,INV104549,03/13/2024,B04610045739,166.07,.00,739890,461144129
120,RI,INV104550,03/13/2024,B04610045717,374.77,.00,461012,461149525
120,RI,INV104552,03/13/2024,Can opener,157.33,.00,545315,461145615
120,RI,INV104574,03/13/2024,B07400016674,387.13,.00,634489,740000050
120,RI,INV104577,03/13/2024,B04610045811,219.56,.00,545316,461137214
120,RI,INV104582,03/13/2024,ALLPOINTS,257.81,.00,309254,461020852
120,RI,INV104593,03/13/2024,03/15/2024,206.70,.00,692754,
120,RI,INV104596,03/13/2024,42432,15850.80,.00,765520,92000001
120,RI,INV104597,03/13/2024,42000908,16336.00,.00,920012,
120,RI,INV104598,03/13/2024,42436,12252.00,.00,765520,92000001
120,RI,INV104599,03/13/2024,41600163,29731.42,.00,920019,92000008
120,RI,INV104600,03/13/2024,8439,9609.85,.00,920019,92000008
120,RI,INV104601,03/13/2024,42428,42472.55,.00,765520,92000001
120,RI,INV104602,03/13/2024,43500372,14478.04,.00,920016,92000005
120,RI,INV104603,03/13/2024,BRYAN ROSAS,6126.00,.00,920016,92000005
120,RI,INV104613,03/13/2024,FMP,94.48,.00,545316,461137214
120,RI,INV104619,03/13/2024,HOSPITALITY,25.96,.00,632333,461017112
120,RI,INV104621,03/13/2024,LLES,46.12,.00,136417,631005739
120,RI,INV104625,03/13/2024,B04610045907,77.87,.00,461002,461023112
120,RI,INV104626,03/13/2024,2000992970,5622.85,.00,120109,459000001
120,RI,INV104635,03/13/2024,B04610045863,1713.18,.00,406314,461406314
120,RI,INV104637,03/13/2024,B01460013155.2D12837575,870.27,.00,146041,146000041
120,RI,INV104640,03/13/2024,B04610045418,233.79,.00,461002,461023112
120,RI,INV104645,03/13/2024,B04610045906,1236.86,.00,461002,461023112
120,RI,INV104654,03/13/2024,B04610045880,942.72,.00,461834,461023834
120,RI,INV104655,03/13/2024,JHS,658.67,.00,136417,631005751
120,RI,INV104657,03/13/2024,B04610045874,1965.41,.00,461407,461022407
120,RI,INV104659,03/13/2024,03132024,2626.65,.00,801002,801311061
120,RI,INV104663,03/13/2024,42432,22503.77,.00,765520,92000001
120,RI,INV104672,03/13/2024,NES,1855.32,.00,136417,631005747
120,RI,INV104673,03/13/2024,SES,1922.16,.00,136417,631005745
120,RI,INV104676,03/13/2024,LLES,115.30,.00,136417,631005739
120,RI,INV104682,03/13/2024,42523,353.69,.00,765520,92000001
120,RI,INV104688,03/13/2024,B04610045885,1090.56,.00,461073,461024073
120,RI,INV104696,03/13/2024,B04610045900,2784.57,.00,367089,461367089
120,RI,INV104697,03/13/2024,dcuni06525,133.72,.00,108003,572036578
120,RI,INV104698,03/13/2024,55756992,113.00,.00,571300,559022241
120,RI,INV104702,03/13/2024,NATS0000024816,286.48,.00,278496,572020003
120,RI,INV104704,03/13/2024,B07400016505,58.26,.00,252631,
120,RI,INV104706,03/13/2024,55756353,169.22,.00,571300,559022241
120,RI,INV104707,03/13/2024,B07400016682,1195.63,.00,252631,
120,RI,INV104710,03/13/2024,B04610045864,900.23,.00,62139,461019462
120,RI,INV104711,03/13/2024,B04610045831,1557.76,.00,580102,461580102
120,RI,INV104714,03/13/2024,501320000127679,2549.64,.00,421513,40000208
120,RI,INV104720,03/13/2024,55754833,415.40,.00,469246,438045949
120,RI,INV104733,03/13/2024,B07400016462,98.85,.00,367128,740000055
120,RI,INV104737,03/13/2024,B07400016716,804.00,.00,367128,740000055
120,RI,INV104739,03/13/2024,DCUNI6468,124.01,.00,108003,
120,RI,INV104740,03/13/2024,PETE GABAUER,137.27,.00,108003,
120,RI,INV104742,03/13/2024,1030,202.48,.00,499301,295001030
120,RI,INV104743,03/13/2024,55771096,1597.04,.00,469246,438045949
120,RI,INV104745,03/13/2024,3023,153.91,.00,499301,295003023
120,RI,INV104746,03/13/2024,B07400016560,218.20,.00,241400,740300167
120,RI,INV104749,03/13/2024,B08010048639,209.70,.00,801608,801910608
120,RI,INV104752,03/13/2024,DCUNI06486,401.23,.00,108003,
120,RI,INV104754,03/13/2024,3122,561.14,.00,499301,295003122
120,RI,INV104759,03/13/2024,55772421,306.70,.00,552041,438020262
120,RI,INV104761,03/13/2024,DCUNI6525,336.34,.00,108003,
120,RI,INV104766,03/13/2024,B07400016712,891.51,.00,75096,740300054
120,RI,INV104768,03/13/2024,55778231,424.50,.00,469246,438045949
120,RI,INV104769,03/13/2024,B07400016715,603.08,.00,740276,740000276
120,RI,INV104799,03/13/2024,Franck,833.23,.00,736673,755000860
120,RI,INV104800,03/13/2024,B07400016674,666.04,.00,634489,740000050
120,RI,INV104806,03/13/2024,Franck,107.79,.00,736673,755000860
120,RI,INV104808,03/13/2024,3193176,192.62,.00,562931,
120,RI,INV104814,03/13/2024,84AJP00028309,241.47,.00,524390,41040051
120,RI,INV104826,03/13/2024,B07400016714,157.27,.00,634489,740000050
120,RI,INV104834,03/13/2024,3186544,14.31,.00,562931,
120,RI,INV104839,03/13/2024,1234567,138.54,.00,736673,755000860
120,RI,INV104860,03/14/2024,55625813,414.31,.00,441860,440061860
120,RI,INV104870,03/14/2024,WHITE MARSH,784.63,.00,755612,
120,RI,INV104871,03/14/2024,B01480002303.2D12495308,1349.80,.00,148039,148000039
120,RI,INV104874,03/14/2024,CENTREVILLE,607.47,.00,582403,
120,RI,INV104878,03/14/2024,B07550001213,750.76,.00,755874,755310874
120,RI,INV104880,03/14/2024,B07550001208,551.70,.00,755869,755310869
120,RI,INV104881,03/14/2024,B07550001212,1237.88,.00,755874,755310874
120,RI,INV104896,03/14/2024,55771082,490.17,.00,441860,440061860
120,RI,INV104898,03/14/2024,503220000068378,822.09,.00,181234,40000104
120,RI,INV104900,03/14/2024,B04610045905,3876.23,.00,461801,461021801
120,RI,INV104905,03/14/2024,DNR1452977,485.40,.00,463077,671000725
120,RI,INV104906,03/14/2024,SUDLERSVILLE MIDDLE,766.71,.00,582403,
120,RI,INV104909,03/14/2024,B07400016709,1241.49,.00,122743,740200058
120,RI,INV104911,03/14/2024,B04060002657,1250.38,.00,406007,406000018
120,RI,INV104912,03/14/2024,B04610045881,1562.10,.00,632334,461022315
120,RI,INV104914,03/14/2024,B04050002896,1432.52,.00,406113,405000013
120,RI,INV104915,03/14/2024,B04610045892,60.70,.00,262753,461019901
120,RI,INV104916,03/14/2024,062005,1546.94,.00,694009,694000009
120,RI,INV104917,03/14/2024,B02950002498,392.83,.00,499301,295003095
120,RI,INV104922,03/14/2024,4503641223,1974.56,.00,714611,426001059
120,RI,INV104925,03/14/2024,QUEEN ANNES HS,1600.52,.00,582403,755310541
120,RI,INV104942,03/14/2024,B04610045873,2212.83,.00,262753,461019901
120,RI,INV104944,03/14/2024,B04610045891,1021.81,.00,461171,461020171
120,RI,INV104945,03/14/2024,B04610045705,7.72,.00,461171,461020171
120,RI,INV104946,03/14/2024,2D13158333031324,14376.00,.00,146118,146000118
120,RI,INV104947,03/14/2024,B04060002621,33.18,.00,406005,406000009
120,RI,INV104948,03/14/2024,B01460013140.2D12826261,224.10,.00,146118,146000118
120,RI,INV104949,03/14/2024,10021467,1226.82,.00,789511,740000126
120,RI,INV104950,03/14/2024,B04060002658,761.67,.00,406008,406000017
120,RI,INV104952,03/14/2024,B01460013139.2D12826261,6779.95,.00,146118,146000118
120,RI,INV104953,03/14/2024,B04060002656,933.75,.00,406004,406000007
120,RI,INV104955,03/14/2024,B04060002661,732.46,.00,406005,406000009
120,RI,INV104956,03/14/2024,B04060002655,1092.82,.00,406006,406000019
120,RI,INV104957,03/14/2024,B04610045904,1104.64,.00,461803,461019803
120,RI,INV104961,03/14/2024,GRASONVILLE,377.43,.00,582403,
120,RI,INV104962,03/14/2024,MATAPEAKE,559.74,.00,582403,755310540
120,RI,INV104964,03/14/2024,- None -,789.25,.00,755612,
120,RI,INV104965,03/14/2024,EASTON ELEMENTARY,807.50,.00,755612,
120,RI,INV104967,03/14/2024,EASTON MIDDLE,1201.68,.00,755612,
120,RI,INV104968,03/14/2024,ST MICHAELS,594.26,.00,755612,
120,RI,INV104970,03/14/2024,55772205,1056.20,.00,432011,432052999
120,RI,INV104974,03/14/2024,Dietary,102.90,.00,766201,527062185
120,RI,INV104982,03/14/2024,Laundry/Debbie,494.68,.00,766201,
120,RI,INV104983,03/14/2024,Housekeeping/Debbie,2714.53,.00,766201,
120,RI,INV104988,03/14/2024,55774576,602.38,.00,438352,438120352
120,RI,INV104989,03/14/2024,B02950002497,466.86,.00,499301,295003395
120,RI,INV104996,03/14/2024,LAUNDRY,311.69,.00,583410,
120,RI,INV105001,03/14/2024,B07400016669,258.06,.00,350086,740100001
120,RI,INV105004,03/14/2024,B04610045883,2078.79,.00,461204,461021204
120,RI,INV105005,03/14/2024,Central Supply,382.26,.00,515700,527023439
120,RI,INV105009,03/14/2024,3191607,742.77,.00,583410,
120,RI,INV105015,03/14/2024,Laundry,803.75,.00,546300,
120,RI,INV105021,03/14/2024,housekeeping,54.47,.00,546300,
120,RI,INV105027,03/14/2024,housekeeping,108.97,.00,546300,
120,RI,INV105028,03/14/2024,JH03122024,372.30,.00,353533,631000668
120,RI,INV105032,03/14/2024,0015,377.40,.00,499301,295000015
120,RI,INV105040,03/14/2024,55773787,3031.92,.00,432010,432053012
120,RI,INV105041,03/14/2024,B04610045909,1761.37,.00,461157,461021157
120,RI,INV105054,03/14/2024,MRM03132401,949.67,.00,192285,631000559
120,RI,INV105056,03/14/2024,B02950002496,572.53,.00,499301,295003750
120,RI,INV105061,03/14/2024,B04610045867,7533.72,.00,407300,461407300
120,RI,INV105075,03/14/2024,55777641,328.40,.00,449625,449000625
120,RI,INV105078,03/14/2024,B08010049038,636.60,.00,164064,801000574
120,RI,INV105085,03/14/2024,55675695,53.84,.00,432017,432053001
120,RI,INV105087,03/14/2024,55623019,37.47,.00,432017,432053001
120,RI,INV105088,03/14/2024,55412654,75.35,.00,449224,449000224
120,RI,INV105091,03/14/2024,55548791,452.07,.00,449224,449000224
120,RI,INV105093,03/14/2024,55724542,131.02,.00,432017,432053001
120,RI,INV105095,03/14/2024,55721170,498.82,.00,432017,432053001
120,RI,INV105097,03/14/2024,ORIOL04410,104.37,.00,572757,572061757
120,RI,INV105098,03/14/2024,55759519,235.66,.00,432018,432053003
120,RI,INV105100,03/14/2024,55732815,80.51,.00,432017,432053001
120,RI,INV105103,03/14/2024,ORIOL04494,13064.57,.00,572757,572061757
120,RI,INV105105,03/14/2024,B04050002895,1182.40,.00,406020,405000002
120,RI,INV105109,03/14/2024,B01460013147.2D12702530,6197.78,.00,146137,146000037
120,RI,INV105113,03/14/2024,55770883,500.01,.00,432013,432053005
120,RI,INV105116,03/14/2024,55586083,239.82,.00,449460,
120,RI,INV105118,03/14/2024,housekeeping,841.56,.00,661995,
120,RI,INV105122,03/14/2024,B04060002662,1031.46,.00,406013,406000011
120,RI,INV105125,03/14/2024,3193731,1622.70,.00,692753,
120,RI,INV105133,03/14/2024,55772606,367.18,.00,432012,432053004
120,RI,INV105134,03/14/2024,B04060002660,238.73,.00,406012,406000010
120,RI,INV105136,03/14/2024,B04060002659,1411.47,.00,406012,406000010
120,RI,INV105139,03/14/2024,55773036,253.05,.00,432012,432053004
120,RI,INV105146,03/14/2024,55767428,775.04,.00,432016,432053006
120,RI,INV105151,03/14/2024,55772999,1929.89,.00,432012,432053004
120,RI,INV105158,03/14/2024,Kitchen,344.57,.00,620203,40000163
120,RI,INV105160,03/14/2024,kitchen,406.75,.00,620203,40000163
120,RI,INV105162,03/14/2024,SLADE SCHOOL,158.91,.00,245176,
120,RI,INV105172,03/14/2024,55770444,2591.80,.00,702126,434005246
120,RI,INV105182,03/14/2024,55769334,11825.65,.00,702126,434005246
120,RI,INV105183,03/14/2024,B04610045485,20.10,.00,407301,461021042
120,RI,INV105199,03/14/2024,55787252,80.08,.00,432013,432053005
120,RI,INV105205,03/14/2024,HEALTH ADD ON,53.06,.00,461459,461145459
120,RI,INV105206,03/14/2024,SMALLWARES ADD ON,2415.31,.00,461459,461145459
120,RI,INV105209,03/14/2024,0314,101.85,.00,572757,572061757
120,RI,INV105211,03/14/2024,- None -,669.55,.00,461014,461021014
120,RI,INV105215,03/14/2024,- None -,96.27,.00,461014,461021014
120,RI,INV105217,03/14/2024,314,42.95,.00,572757,572061757
120,RI,INV105234,03/14/2024,55585882,1948.25,.00,449010,449010000
120,RI,INV105251,03/14/2024,B04610045808,92.48,.00,545316,461137214
120,RI,INV105253,03/14/2024,B04610045821,215.95,.00,345444,461129582
120,RI,INV105254,03/14/2024,B04610045828,183.74,.00,784577,461160031
120,RI,INV105255,03/14/2024,B04610045833,563.17,.00,309621,461132246
120,RI,INV105256,03/14/2024,B04610045841,37.49,.00,461012,461149525
120,RI,INV105257,03/14/2024,B04610045591,218.59,.00,461104,461142104
120,RI,INV105258,03/14/2024,B04610045568,498.79,.00,461545,461146545
120,RI,INV105260,03/14/2024,B04610045502,71.81,.00,461304,461154304
120,RI,INV105261,03/14/2024,B04610045844,54.60,.00,94887,461134207
120,RI,INV105262,03/14/2024,B04610045847,724.11,.00,405003,461105003
120,RI,INV105277,03/14/2024,41400488,1718.27,.00,920018,92000007
120,RI,INV105283,03/14/2024,ANNA SCHUTTER,12360.00,.00,920012,
120,RI,INV105286,03/14/2024,B04060002632,401.75,.00,406006,406000019
120,RI,INV105315,03/14/2024,55662877,834.75,.00,449302,449352802
120,RI,INV105316,03/14/2024,B04610045715,47.50,.00,366744,461023113
120,RI,INV105322,03/14/2024,03132024,70.64,.00,801002,801311061
120,RI,INV105324,03/14/2024,DN2127000005921,1119.48,.00,187250,187123250
120,RI,INV105327,03/14/2024,B04610045930,1138.19,.00,765955,461023327
120,RI,INV105332,03/14/2024,B04610045966,1098.39,.00,366744,461023113
120,RI,INV105338,03/14/2024,B04610045979,27.20,.00,366744,461023113
120,RI,INV105340,03/14/2024,55782644,9122.85,.00,449010,449010000
120,RI,INV105347,03/14/2024,B04610045936,1146.37,.00,772617,461772617
120,RI,INV105352,03/14/2024,B04610045940,865.26,.00,272617,461023666
120,RI,INV105354,03/14/2024,- None -,406.35,.00,408888,370739920
120,RI,INV105364,03/14/2024,B04610045933,901.72,.00,367090,461022901
120,RI,INV105369,03/14/2024,B04610045938,1243.44,.00,461004,461023502
120,RI,INV105372,03/14/2024,3195572,526.57,.00,646053,323393940
120,RI,INV105374,03/14/2024,B04610045949,1002.63,.00,272618,461023602
120,RI,INV105377,03/14/2024,B04610045984,1452.92,.00,461834,461023834
120,RI,INV105383,03/14/2024,55587541,692.83,.00,449162,449049162
120,RI,INV105384,03/14/2024,55648612,1627.00,.00,449903,449044903
120,RI,INV105385,03/14/2024,B04610045869,131.34,.00,461011,461017011
120,RI,INV105386,03/14/2024,B08010049080,2550.27,.00,918024,801001150
120,RI,INV105387,03/14/2024,B04610045926,1864.01,.00,812120,461812120
120,RI,INV105389,03/14/2024,B04610045972,869.34,.00,461011,461017011
120,RI,INV105390,03/14/2024,B04610045910,2019.25,.00,716507,461019406
120,RI,INV105391,03/14/2024,B04610045899,39.76,.00,62140,461018974
120,RI,INV105392,03/14/2024,B04610045918,29.00,.00,62140,461018974
120,RI,INV105393,03/14/2024,B04610045768,1372.98,.00,461053,461008053
120,RI,INV105395,03/14/2024,B04610045895,1053.75,.00,62140,461018974
120,RI,INV105396,03/14/2024,B04610045963,25.80,.00,461691,461008691
120,RI,INV105398,03/14/2024,B04610045955,1055.93,.00,461030,461019030
120,RI,INV105399,03/14/2024,B04610045935,1585.86,.00,461691,461008691
120,RI,INV105400,03/14/2024,B04610045934,1612.63,.00,101889,461008096
120,RI,INV105401,03/14/2024,B04610045957,974.85,.00,461003,461019064
120,RI,INV105414,03/14/2024,10022559,146.00,.00,632317,740000010
120,RI,INV105418,03/14/2024,B04610045902,1610.58,.00,632333,461017112
120,RI,INV105419,03/14/2024,B04610045917,1675.81,.00,509001,461509001
120,RI,INV105420,03/14/2024,55792483,1989.30,.00,449921,449044921
120,RI,INV105421,03/14/2024,B04610045939,1285.46,.00,461702,461018702
120,RI,INV105422,03/14/2024,B04610045950,907.10,.00,955264,461018052
120,RI,INV105423,03/15/2024,4503639999,91.66,.00,195445,426001026
120,RI,INV105427,03/15/2024,4503636263,45.83,.00,195445,426001026
120,RI,INV105442,03/15/2024,4503642042,91.66,.00,195445,426001026
120,RI,INV105445,03/15/2024,4503642021,244.56,.00,195445,426001026
120,RI,INV105448,03/15/2024,B04610045976,847.03,.00,862385,461022033
120,RI,INV105458,03/15/2024,55753248,170.66,.00,441860,440061860
120,RI,INV105477,03/15/2024,SO10017461,95.74,.00,773527,755310566
120,RI,INV105486,03/15/2024,B04610045920,1400.96,.00,765956,461020155
120,RI,INV105491,03/15/2024,1101,988.16,.00,499301,295001101
120,RI,INV105492,03/15/2024,B04610045443,155.86,.00,765956,461020155
120,RI,INV105501,03/15/2024,55791748,887.51,.00,331000,438022221
120,RI,INV105505,03/15/2024,55792127,81.30,.00,331000,438022221
120,RI,INV105506,03/15/2024,55792083,2250.01,.00,736438,438032093
120,RI,INV105509,03/15/2024,B04610045891,91.96,.00,461171,461020171
120,RI,INV105512,03/15/2024,3035   B02950002500,646.52,.00,499301,295003035
120,RI,INV105515,03/15/2024,B07400016723,727.29,.00,358401,740000137
120,RI,INV105516,03/15/2024,0057 B02950002501,3583.16,.00,499301,295000057
120,RI,INV105525,03/15/2024,- None -,2597.32,.00,773527,755310566
120,RI,INV105527,03/15/2024,3122,309.08,.00,499301,295003122
120,RI,INV105528,03/15/2024,- None -,686.88,.00,524390,41040051
120,RI,INV105529,03/15/2024,55796122,2199.67,.00,571300,559022241
120,RI,INV105530,03/15/2024,B04610045983,1112.86,.00,633233,461020165
120,RI,INV105531,03/15/2024,- None -,1334.30,.00,656100,755310438
120,RI,INV105533,03/15/2024,55795673,581.09,.00,736438,438032093
120,RI,INV105539,03/15/2024,55798125,887.65,.00,441860,440061860
120,RI,INV105540,03/15/2024,- None -,1918.33,.00,773527,
120,RI,INV105548,03/15/2024,Franck,30.26,.00,736673,755000860
120,RI,INV105549,03/15/2024,Franck,419.48,.00,736673,755000860
120,RI,INV105556,03/15/2024,1010,736.58,.00,499301,295001010
120,RI,INV105575,03/15/2024,55790263,1151.89,.00,552041,438020262
120,RI,INV105592,03/15/2024,B04610045922,2416.36,.00,914102,461021740
120,RI,INV105599,03/15/2024,B04050002894,668.91,.00,406520,405000020
120,RI,INV105602,03/15/2024,B07400016726,1012.35,.00,644141,740000066
120,RI,INV105605,03/15/2024,B04610045958,1515.75,.00,461130,461021030
120,RI,INV105607,03/15/2024,55789232,297.01,.00,432007,432053002
120,RI,INV105608,03/15/2024,B07400016729,744.07,.00,574323,740000073
120,RI,INV105613,03/15/2024,B07400016727,465.93,.00,413154,740000093
120,RI,INV105616,03/15/2024,55790127,1515.44,.00,432007,432053002
120,RI,INV105617,03/15/2024,B07400016728,720.86,.00,212200,740000094
120,RI,INV105618,03/15/2024,55798926,7769.26,.00,449162,449049162
120,RI,INV105623,03/15/2024,B04610045962,1652.38,.00,461074,461021704
120,RI,INV105640,03/15/2024,B04610045927,1280.38,.00,461874,461020874
120,RI,INV105659,03/15/2024,55567945,75.35,.00,449282,447049282
120,RI,INV105661,03/15/2024,ORIOL04401,1585.09,.00,572757,572061757
120,RI,INV105662,03/15/2024,ORIOL04445,2417.40,.00,572757,572061757
120,RI,INV105664,03/15/2024,55784296,1376.53,.00,432017,432053001
120,RI,INV105665,03/15/2024,55768890,3213.67,.00,432018,432053003
120,RI,INV105668,03/15/2024,KITCHEN,565.41,.00,620203,40000163
120,RI,INV105672,03/15/2024,ORIOL04526,378.44,.00,572757,572061757
120,RI,INV105680,03/15/2024,55620814,46.63,.00,432019,432053000
120,RI,INV105682,03/15/2024,B08010049003,1720.25,.00,752880,801000634
120,RI,INV105684,03/15/2024,B07550001203,26.15,.00,994262,755310573
120,RI,INV105695,03/15/2024,B04610045964,868.56,.00,958980,461022192
120,RI,INV105696,03/15/2024,062020,1122.00,.00,694008,694000008
120,RI,INV105697,03/15/2024,062019,2761.11,.00,694007,694000007
120,RI,INV105699,03/15/2024,B04610045945,1319.00,.00,328321,461328321
120,RI,INV105701,03/15/2024,B04610045971,1539.91,.00,800857,461800857
120,RI,INV105704,03/15/2024,55792748,1168.55,.00,432019,432053000
120,RI,INV105706,03/15/2024,B04610045951,1113.19,.00,461601,461020601
120,RI,INV105709,03/15/2024,55734884,37.90,.00,432010,432053012
120,RI,INV105712,03/15/2024,55773787,125.00,.00,432010,432053012
120,RI,INV105720,03/15/2024,B04610045948,948.70,.00,406315,461406315
120,RI,INV105726,03/15/2024,B04610045943,2107.69,.00,739888,461739888
120,RI,INV105736,03/15/2024,B07400016730,675.52,.00,740185,740100185
120,RI,INV105757,03/15/2024,B07400016733,397.74,.00,740185,740100185
120,RI,INV105765,03/15/2024,B04610045953,1969.07,.00,309254,461020852
120,RI,INV105768,03/15/2024,EUGENIA,755.91,.00,979400,41040047
120,RI,INV105777,03/15/2024,55791443,3744.04,.00,391275,438020348
120,RI,INV105779,03/15/2024,MRM03132401,292.08,.00,192285,631000559
120,RI,INV105780,03/15/2024,B04610045974,1864.43,.00,262755,461021054
120,RI,INV105791,03/15/2024,PAPER9,.00,.00,406001,406000001
120,RI,INV105792,03/15/2024,B04610045421,37.50,.00,593652,461115205
120,RI,INV105798,03/15/2024,BOBRICK,.00,.00,461702,461018702
120,RI,INV105810,03/15/2024,SPECIAL MADE,.00,.00,461011,461017011
120,RI,INV105825,03/15/2024,Filter,24.96,.00,461060,461144060
120,RI,INV105833,03/15/2024,B04610045837,554.19,.00,407302,461132301
120,RI,INV105834,03/15/2024,B04610045729,98.00,.00,403860,461148083
120,RI,INV105846,03/15/2024,Green Cutting Board,13.75,.00,859096,461133613
120,RI,INV105854,03/15/2024,B07550001202,75.00,.00,716030,
120,RI,INV105855,03/15/2024,B04610045707,13.00,.00,461805,461146805
120,RI,INV105859,03/15/2024,Alton,13.75,.00,461104,461142104
120,RI,INV105867,03/15/2024,B08010049006,.00,.00,801294,801311294
120,RI,INV105868,03/15/2024,FRANKFORD,.00,.00,632333,461017112
120,RI,INV105869,03/15/2024,B04610045279,14.00,.00,461909,461133909
120,RI,INV105871,03/15/2024,B04610045780,13.75,.00,185389,461148167
120,RI,INV105876,03/15/2024,B04610045304,15.60,.00,545311,
120,RI,INV105877,03/15/2024,PARTS TOWN,.00,.00,812120,461812120
120,RI,INV105882,03/15/2024,B04610044767,27.48,.00,652927,461152927
120,RI,INV105888,03/15/2024,B04610045710,24.50,.00,94888,461137421
120,RI,INV105890,03/15/2024,55754486,250.61,.00,432019,432053000
120,RI,INV105892,03/15/2024,ALLPOINTS,.00,.00,406315,461406315
120,RI,INV105894,03/15/2024,Can opener,14.74,.00,545315,461145615
120,RI,INV105898,03/15/2024,- None -,122.04,.00,461014,461021014
120,RI,INV105902,03/15/2024,55772421,55.00,.00,552041,438020262
120,RI,INV105903,03/15/2024,55503130,46.63,.00,432018,432153003
120,RI,INV105904,03/15/2024,B04610045709,15.00,.00,461623,461114623
120,RI,INV105909,03/15/2024,55732572,93.26,.00,432019,432053000
120,RI,INV105910,03/15/2024,2/9/2024,25.00,.00,766201,
120,RI,INV105911,03/15/2024,B04050002896,33.84,.00,406113,405000013
120,RI,INV105913,03/15/2024,B04610045977,14.72,.00,461011,461017011
120,RI,INV105915,03/15/2024,B04610045739,23.41,.00,739890,461144129
120,RI,INV105916,03/15/2024,B04610045568,55.01,.00,461545,461146545
120,RI,INV105918,03/15/2024,B04610045412,30.03,.00,784577,461160031
120,RI,INV105920,03/15/2024,Bailey Trott,209.03,.00,545316,461137214
120,RI,INV105921,03/15/2024,B04610045919,14.69,.00,461471,461134471
120,RI,INV105926,03/15/2024,YAMATO,.00,.00,345444,461129582
120,RI,INV105929,03/15/2024,B04610045897,14.61,.00,185389,461148167
120,RI,INV105931,03/15/2024,B04610045987,14.00,.00,461909,461133909
120,RI,INV105932,03/15/2024,B04610045717,76.25,.00,461012,461149525
120,RI,INV105933,03/15/2024,B04610045847,55.02,.00,405003,461105003
120,RI,INV105935,03/15/2024,55773036,253.05,.00,432012,432053004
120,RI,INV105939,03/15/2024,B04610045506,13.75,.00,859096,461133613
120,RI,INV105947,03/15/2024,B04610045474,6.50,.00,101889,461008096
120,RI,INV105953,03/15/2024,B04610045841,13.83,.00,461012,461149525
120,RI,INV105954,03/15/2024,B04610045981,2.62,.00,958980,461022192
120,RI,INV105958,03/15/2024,B04050002896,119.68,.00,406113,405000013
120,RI,INV105959,03/15/2024,B04610045502,14.60,.00,461304,461154304
120,RI,INV105961,03/15/2024,- None -,122.04,.00,461014,461021014
120,RI,INV105965,03/15/2024,- None -,.00,.00,185389,461148167
120,RI,INV105967,03/15/2024,B04610045821,25.00,.00,345444,461129582
120,RI,INV105968,03/15/2024,B04610045833,55.02,.00,309621,461132246
120,RI,INV105969,03/15/2024,B04610045844,15.00,.00,94887,461134207
120,RI,INV105970,03/15/2024,B04610045828,50.00,.00,784577,461160031
120,RI,INV105974,03/15/2024,10022559,25.00,.00,632317,740000010
120,RI,INV105977,03/15/2024,B04610045992,14.00,.00,185389,461148167
120,RI,INV105979,03/15/2024,B04610045591,41.14,.00,461104,461142104
120,RI,INV105993,03/15/2024,B04610045956,1446.37,.00,914103,461021117
120,RI,INV105999,03/15/2024,6480 B02950002499,322.16,.00,499301,295006480
120,RI,INV106001,03/15/2024,B04610045968,1693.70,.00,194660,461194660
120,RI,INV106003,03/15/2024,SF03142024,1914.62,.00,766535,631004342
120,RI,INV106008,03/15/2024,B04610045970,1313.64,.00,556807,461556807
120,RI,INV106034,03/15/2024,B04610045947,1346.64,.00,407301,461021042
120,RI,INV106038,03/15/2024,B04610045973,2040.14,.00,326180,461326180
120,RI,INV106043,03/15/2024,55794855,3986.24,.00,702126,434005246
120,RI,INV106052,03/15/2024,B04610045921,811.22,.00,309253,461309253
120,RI,INV106055,03/15/2024,B04610045937,878.53,.00,545313,461545313
120,RI,INV106069,03/15/2024,PARVIS,287.31,.00,499301,295003122
120,RI,INV106077,03/15/2024,ALEX,99.60,.00,406103,405000003
120,RI,INV106083,03/15/2024,B04610045855,1031.41,.00,652927,461152927
120,RI,INV106088,03/15/2024,- None -,176.10,.00,326180,461326180
120,RI,INV106097,03/15/2024,ALEX,56.66,.00,406103,405000003
120,RI,INV106099,03/15/2024,03/15/24,80.00,.00,245176,
120,RI,INV106102,03/15/2024,Sales Rep,171.04,.00,407301,461021042
120,RI,INV106103,03/15/2024,SO10023468,352.34,.00,755004,755310571
120,RI,INV106104,03/15/2024,- None -,18.79,.00,461011,461017011
120,RI,INV106105,03/15/2024,- None -,77.33,.00,366744,461023113
120,RI,INV106106,03/15/2024,- None -,35.14,.00,914102,461021740
120,RI,INV106111,03/15/2024,- None -,77.87,.00,545315,461145615
120,RI,INV106114,03/15/2024,03/13/24,32.81,.00,692754,
120,RI,INV106117,03/15/2024,courier,147.39,.00,461074,461021704
120,RI,INV106122,03/15/2024,B04610045805,1694.26,.00,92086,461145040
120,RI,INV106127,03/15/2024,B04610045424,22.10,.00,367089,461367089
120,RI,INV106128,03/15/2024,B07400016676,331.64,.00,891988,740000026
120,RI,INV106137,03/15/2024,B07400016701,437.24,.00,470820,740000040
120,RI,INV106140,03/15/2024,B08010049136,1641.47,.00,801959,801310959
120,RI,INV106141,03/15/2024,55809450,2410.85,.00,449302,
120,RI,INV106144,03/15/2024,55809369,3536.76,.00,449402,
120,RI,INV106145,03/15/2024,03132024,160.56,.00,801002,801311061
120,RI,INV106146,03/15/2024,B04610046010,1185.18,.00,272617,461023666
120,RI,INV106152,03/15/2024,none,654.47,.00,408888,370739920
120,RI,INV106155,03/15/2024,B04610046011,1520.24,.00,272618,461023602
120,RI,INV106159,03/15/2024,Ken,456.89,.00,323670,323394670
120,RI,INV106160,03/15/2024,55808932,22082.76,.00,449302,449352802
120,RI,INV106161,03/15/2024,- None -,2618.44,.00,324797,755000365
120,RI,INV106168,03/15/2024,B04610046032,1261.37,.00,367089,461367089
120,RI,INV106170,03/15/2024,B04610046002,913.89,.00,367090,461022901
120,RI,INV106171,03/15/2024,B04610046012,441.53,.00,461834,461023834
120,RI,INV106172,03/15/2024,B04610046013,1246.70,.00,461004,461023502
120,RI,INV106173,03/15/2024,B04610046030,538.50,.00,366744,461023113
120,RI,INV106176,03/15/2024,Dietary,765.03,.00,324797,755000365
120,RI,INV106178,03/15/2024,B04610046006,975.71,.00,765955,461023327
120,RI,INV106180,03/15/2024,B04610046021,1128.58,.00,772617,461772617
120,RI,INV106183,03/15/2024,B07400016389,7.20,.00,740255,740300255
120,RI,INV106199,03/15/2024,NATS0000024852,889.19,.00,278496,572020003
120,RI,INV106201,03/15/2024,SO10021818,763.42,.00,820120,755000836
120,RI,INV106208,03/15/2024,293280,339.52,.00,293280,755000846
120,RI,INV106214,03/15/2024,NATS0000024826,2296.40,.00,278496,572020003
120,RI,INV106217,03/15/2024,31424,1190.47,.00,755870,755310870
120,RI,INV106219,03/15/2024,0057 B02950002501,16.70,.00,499301,295000057
120,RI,INV106223,03/15/2024,B08010049121,1006.08,.00,801608,801910608
120,RI,INV106224,03/15/2024,B07550001199,1648.52,.00,755872,
120,RI,INV106235,03/15/2024,B04610045901,987.21,.00,632334,461022315
120,RI,INV106255,03/15/2024,55811889,5532.28,.00,168564,438021022
120,RI,INV106257,03/15/2024,3510,877.58,.00,499301,295003510
120,RI,INV106258,03/15/2024,062020,375.00,.00,694008,694000008
120,RI,INV106263,03/15/2024,55806143,814.25,.00,441860,440061860
120,RI,INV106267,03/15/2024,B04610046001,2266.29,.00,262753,461019901
120,RI,INV106268,03/15/2024,B04610046024,302.50,.00,862385,461022033
120,RI,INV106274,03/15/2024,SO10023534,1103.83,.00,820126,
120,RI,INV106275,03/15/2024,55813219,1153.71,.00,552041,438020262
120,RI,INV106277,03/15/2024,NATS0000024881,375.70,.00,278496,572020003
120,RI,INV106295,03/16/2024,55768893,678.61,.00,432015,432053010
120,RI,INV106296,03/16/2024,SO10021299,803.14,.00,716080,755000826
120,RI,INV106297,03/16/2024,B07550001183,1669.24,.00,737285,
120,RI,INV106298,03/16/2024,B07550001219,1446.76,.00,225670,
120,RI,INV106299,03/16/2024,- None -,1357.51,.00,773527,755310566
120,RI,INV106300,03/16/2024,1101,225.36,.00,499301,295001101
120,RI,INV106302,03/16/2024,55734884,125.00,.00,432010,432053012
120,RI,INV106305,03/16/2024,55814904,1388.09,.00,438346,438120346
120,RI,INV106306,03/16/2024,FILL IN,1513.80,.00,739888,461739888
120,RI,INV106307,03/16/2024,3122,495.24,.00,499301,295003122
120,RI,INV106309,03/16/2024,55815736,296.85,.00,571300,559022241
120,RI,INV106310,03/16/2024,B04610046026,288.35,.00,739888,461739888
120,RI,INV106312,03/16/2024,55813699,2151.93,.00,432010,432053012
120,RI,INV106316,03/16/2024,55813618,632.06,.00,331000,438022221
120,RI,INV106317,03/16/2024,B04610046029,901.79,.00,461801,461021801
120,RI,INV106320,03/16/2024,- None -,2207.67,.00,773527,755310566
120,RI,INV106321,03/16/2024,- None -,939.60,.00,656100,755310438
120,RI,INV106325,03/16/2024,6416,762.29,.00,499301,295006416
120,RI,INV106327,03/16/2024,1730,219.89,.00,499301,295001730
120,RI,INV106328,03/16/2024,LEVY MARV PERDUE STADIUM,2277.62,.00,572645,572052645
120,RI,INV106330,03/16/2024,55811826,1138.42,.00,432011,432052999
120,RI,INV106331,03/16/2024,B02950002504,869.43,.00,499301,295000044
120,RI,INV106334,03/16/2024,B04610046003,766.58,.00,406315,461406315
120,RI,INV106335,03/16/2024,B07400016748,427.96,.00,699105,740000039
120,RI,INV106337,03/16/2024,FILL IN,1191.71,.00,406315,461406315
120,RI,INV106343,03/16/2024,290731,253.12,.00,835200,740000152
120,RI,INV106371,03/16/2024,55810333,804.56,.00,792426,440026831
120,RI,INV106376,03/16/2024,B07400016741,663.90,.00,835200,740000152
120,RI,INV106400,03/16/2024,DIETARY,16.17,.00,661995,
120,RI,INV106414,03/16/2024,CENTRAL SUPPLY,290.34,.00,661995,
120,RI,INV106418,03/16/2024,housekeeping,2811.37,.00,426644,
120,RI,INV106421,03/16/2024,housekeeping,374.44,.00,661995,
120,RI,INV106430,03/16/2024,B04610046022,921.97,.00,461157,461021157
120,RI,INV106435,03/16/2024,B07400016736,785.68,.00,593482,740000045
120,RI,INV106438,03/16/2024,Laundry,1101.10,.00,426644,
120,RI,INV106445,03/16/2024,DIETARY,720.34,.00,661995,
120,RI,INV106448,03/16/2024,Laundry,250.29,.00,661995,
120,RI,INV106452,03/16/2024,B04610045909,10.82,.00,461157,461021157
120,RI,INV106461,03/16/2024,B07400016610,139.81,.00,887489,740000268
120,RI,INV106468,03/16/2024,55818454,91.43,.00,432017,432053001
120,RI,INV106470,03/16/2024,DIETARY,51.41,.00,473055,
120,RI,INV106471,03/16/2024,B04610045996,754.82,.00,461204,461021204
120,RI,INV106472,03/16/2024,Justin,117.10,.00,572757,572061757
120,RI,INV106479,03/16/2024,DIETARY,1568.16,.00,473055,
120,RI,INV106480,03/16/2024,B04610046009,961.45,.00,545313,461545313
120,RI,INV106484,03/16/2024,B07400016738,264.45,.00,887489,740000268
120,RI,INV106485,03/16/2024,DIETARY,821.17,.00,515700,527023439
120,RI,INV106488,03/16/2024,3198018,670.31,.00,342646,527000028
120,RI,INV106490,03/16/2024,55794855,1513.80,.00,702126,434005246
120,RI,INV106492,03/16/2024,B08010049202,4724.19,.00,282718,801005004
120,RI,INV106493,03/16/2024,55812787,575.51,.00,432017,432053001
120,RI,INV106512,03/16/2024,B07400016431,69.47,.00,986632,740000169
120,RI,INV106524,03/16/2024,55809485,239.64,.00,432012,432053004
120,RI,INV106528,03/16/2024,B02950002502,390.74,.00,499301,295003130
120,RI,INV106531,03/16/2024,3130   B02950002503,3110.86,.00,499301,295003130
120,RI,INV106532,03/16/2024,55809572,1912.05,.00,432012,432053004
120,RI,INV106543,03/16/2024,B07400016739,559.83,.00,986632,740000169
120,RI,INV106544,03/16/2024,55809995,684.05,.00,449621,449023621
120,RI,INV106545,03/16/2024,B04610046020,1230.26,.00,461803,461019803
120,RI,INV106552,03/16/2024,B04610046015,2299.30,.00,461014,461021014
120,RI,INV106561,03/17/2024,TOR-REY,33.23,.00,309254,461020852
120,RI,INV106563,03/17/2024,16118,85.40,.00,920011,
120,RI,INV106566,03/17/2024,89818,352.68,.00,920009,92000009
120,RI,INV106572,03/17/2024,16107,3463.18,.00,920011,
120,RI,INV106573,03/17/2024,42433,13510.00,.00,765520,92000001
120,RI,INV106576,03/17/2024,AMERICAN,489.43,.00,278496,572020003
120,RI,INV106584,03/17/2024,YAMATO,56.57,.00,461701,461017601
120,RI,INV106587,03/17/2024,CAMBRO,1281.35,.00,593651,461144715
120,RI,INV106588,03/17/2024,DIETARY,273.41,.00,820100,
120,RI,INV106591,03/17/2024,FOODWARE,346.68,.00,278496,572020003
120,RI,INV106600,03/17/2024,INTERMETRO,806.42,.00,814703,740000003
120,RI,INV106610,03/17/2024,SPECIAL MADE,56.46,.00,309254,461020852
120,RI,INV106611,03/17/2024,STEELITE,1924.06,.00,278496,572020003
120,RI,INV106614,03/17/2024,STEELITE,200.66,.00,278496,572020003
120,RI,INV106617,03/17/2024,TABLECRAFT,472.16,.00,278496,572020003
120,RI,INV148364,03/17/2024,16118,80.00,.00,920011,
120,RI,INV106621,03/18/2024,WILL CALL,82.45,.00,407300,461407300
120,RI,INV106624,03/18/2024,WILL CALL,189.25,.00,406315,461406315
120,RI,INV106641,03/18/2024,BRYAN ROSAS,8842.56,.00,920016,92000005
120,RI,INV106642,03/18/2024,12594,9961.06,.00,920012,
120,RI,INV106643,03/18/2024,- None -,220.26,.00,920012,
120,RI,INV106645,03/18/2024,42429,13006.98,.00,765520,92000001
120,RI,INV106667,03/18/2024,- None -,31.82,.00,955264,461018052
120,RI,INV106668,03/18/2024,LLES,69.18,.00,136417,631005739
120,RI,INV106669,03/18/2024,B04610045874,23.75,.00,461407,461022407
120,RI,INV106670,03/18/2024,OP,616.95,.00,136417,631005744
120,RI,INV106671,03/18/2024,55808932,42.29,.00,449302,449352802
120,RI,INV106673,03/18/2024,B04610045906,47.50,.00,461002,461023112
120,RI,INV106674,03/18/2024,JBMS,2885.61,.00,136417,631005754
120,RI,INV106675,03/18/2024,BMS,1457.20,.00,136417,631005752
120,RI,INV106676,03/18/2024,B04610046065,1353.91,.00,461002,461023112
120,RI,INV106677,03/18/2024,B04610046066,1629.93,.00,716507,461019406
120,RI,INV106678,03/18/2024,B04610046054,1015.67,.00,62140,461018974
120,RI,INV106679,03/18/2024,B04610046077,41.79,.00,461002,461023112
120,RI,INV106684,03/18/2024,B04610046126,745.80,.00,366744,461023113
120,RI,INV106686,03/18/2024,B04610046119,1414.06,.00,461003,461019064
120,RI,INV106687,03/18/2024,B04610046127,1621.65,.00,461691,461008691
120,RI,INV106695,03/18/2024,B04610046095,1201.32,.00,632333,461017112
120,RI,INV106700,03/18/2024,JHS,33.18,.00,136417,631005751
120,RI,INV106702,03/18/2024,B04610046117,1971.34,.00,461407,461022407
120,RI,INV106704,03/18/2024,B04610046099,1769.75,.00,101889,461008096
120,RI,INV106705,03/18/2024,B04610046125,1226.22,.00,461053,461008053
120,RI,INV106710,03/18/2024,B04610046082,1183.43,.00,461030,461019030
120,RI,INV106711,03/18/2024,B04610046087,2200.63,.00,461502,461024502
120,RI,INV106715,03/18/2024,B04610046101,2578.74,.00,406314,461406314
120,RI,INV106716,03/18/2024,B04610046094,90.25,.00,461702,461018702
120,RI,INV106719,03/18/2024,B04610046120,1604.37,.00,461073,461024073
120,RI,INV106720,03/18/2024,B04610046128,1135.10,.00,367089,461367089
120,RI,INV106721,03/18/2024,B04610046097,950.00,.00,461834,461023834
120,RI,INV106722,03/18/2024,B04610046107,1266.78,.00,955264,461018052
120,RI,INV106723,03/18/2024,B04610046136,107.43,.00,101889,461008096
120,RI,INV106724,03/18/2024,BRAD,1992.08,.00,202000,755310524
120,RI,INV106725,03/18/2024,B04610046074,1183.78,.00,509001,461509001
120,RI,INV106733,03/18/2024,B04610046091,1124.89,.00,461702,461018702
120,RI,INV106734,03/18/2024,- None -,2221.87,.00,722611,
120,RI,INV106735,03/18/2024,Operations,1659.00,.00,136417,631005744
120,RI,INV106739,03/18/2024,42432,3673.20,.00,765520,92000001
120,RI,INV106740,03/18/2024,B04610046133,172.43,.00,461053,461008053
120,RI,INV106743,03/18/2024,B04610046096,91.45,.00,632333,461017112
120,RI,INV106744,03/18/2024,B04610046116,1941.87,.00,461011,461017011
120,RI,INV106745,03/18/2024,B04610046106,2295.98,.00,461701,461017601
120,RI,INV106770,03/19/2024,55771096,181.17,.00,469246,438045949
120,RI,INV106774,03/19/2024,55841539,2535.02,.00,469246,438045949
120,RI,INV106780,03/19/2024,292922,110.07,.00,75096,740300054
120,RI,INV106783,03/19/2024,TURKEY BOX,31.82,.00,62139,461019462
120,RI,INV106785,03/19/2024,55810486,3176.16,.00,434001,434011464
120,RI,INV106786,03/19/2024,3201714,431.97,.00,527001,527000241
120,RI,INV106787,03/19/2024,3201756,149.73,.00,527001,527000241
120,RI,INV106791,03/19/2024,B07400016754,1306.83,.00,252631,
120,RI,INV106792,03/19/2024,B07400016760,1694.20,.00,241400,740300167
120,RI,INV106793,03/19/2024,B04610046044,1003.44,.00,62139,461019462
120,RI,INV106798,03/19/2024,B07400016775,369.62,.00,367128,740000055
120,RI,INV106800,03/19/2024,00311328617,2300.76,.00,707655,707001655
120,RI,INV106809,03/19/2024,B07400016767,1271.29,.00,634489,740000050
120,RI,INV106810,03/19/2024,B04610046067,6940.12,.00,580102,461580102
120,RI,INV106815,03/19/2024,1040,293.26,.00,499301,295001040
120,RI,INV106818,03/19/2024,0044,1153.73,.00,499301,295000044
120,RI,INV106824,03/19/2024,B02950002510,2670.54,.00,499301,295000047
120,RI,INV106829,03/19/2024,B04610046063,222.72,.00,914102,461021740
120,RI,INV106833,03/19/2024,NATS0000024650,312.60,.00,278496,572020003
120,RI,INV106834,03/19/2024,B04050002897,1019.51,.00,406119,405000019
120,RI,INV106840,03/19/2024,B04610046062,1633.38,.00,914102,461021740
120,RI,INV106845,03/19/2024,062084,1983.95,.00,694005,694000005
120,RI,INV106850,03/19/2024,4503643878,2287.47,.00,195445,426001026
120,RI,INV106854,03/19/2024,3023 B02950002509,3168.12,.00,499301,295003023
120,RI,INV106862,03/19/2024,B04610046112,1108.82,.00,461074,461021704
120,RI,INV106866,03/19/2024,1370,643.50,.00,499301,295001370
120,RI,INV106871,03/19/2024,NATS0000024994,822.96,.00,278496,572020003
120,RI,INV106875,03/19/2024,55842155,816.91,.00,552041,438020262
120,RI,INV106880,03/19/2024,B04050002898,933.90,.00,406110,405000010
120,RI,INV106891,03/19/2024,B04610046134,2142.13,.00,309254,461020852
120,RI,INV106892,03/19/2024,B07400016770,799.55,.00,948085,740000143
120,RI,INV106895,03/19/2024,B04610045590,6.90,.00,914102,461021740
120,RI,INV106896,03/19/2024,55825385,1977.69,.00,441862,440161860
120,RI,INV106898,03/19/2024,55771082,293.62,.00,441860,440061860
120,RI,INV106906,03/19/2024,55823649,847.24,.00,440995,440157995
120,RI,INV106909,03/19/2024,B04610045945,20.10,.00,328321,461328321
120,RI,INV106910,03/19/2024,B04610046040,2458.48,.00,407303,461022153
120,RI,INV106923,03/19/2024,B04050002899,1387.43,.00,406115,405000015
120,RI,INV106929,03/19/2024,Franck,175.80,.00,736673,755000860
120,RI,INV106932,03/19/2024,3201758,2635.68,.00,736673,
120,RI,INV106939,03/19/2024,B04610046110,1934.34,.00,328321,461328321
120,RI,INV106942,03/19/2024,B04050002901,1270.88,.00,406107,405000007
120,RI,INV106947,03/19/2024,B04610046111,818.93,.00,958980,461022192
120,RI,INV106948,03/19/2024,Lincolnian,2378.07,.00,140330,323091214
120,RI,INV106955,03/19/2024,4503643734,5567.26,.00,714611,426001059
120,RI,INV106960,03/19/2024,55843620,853.17,.00,441860,440061860
120,RI,INV106963,03/19/2024,4524664340,2039.60,.00,650979,091440600
120,RI,INV106966,03/19/2024,B04610046100,1320.20,.00,765956,461020155
120,RI,INV106967,03/19/2024,B04610046123,1206.48,.00,633233,461020165
120,RI,INV106972,03/19/2024,- None -,1037.80,.00,499301,295001010
120,RI,INV106975,03/19/2024,55843671,838.41,.00,441862,440161860
120,RI,INV106982,03/19/2024,ORIOL04580,493.50,.00,572757,572061757
120,RI,INV106985,03/19/2024,oriol04587,393.63,.00,572757,572061757
120,RI,INV106987,03/19/2024,3198433,204.25,.00,692753,
120,RI,INV106991,03/19/2024,ORIOL04548,963.70,.00,572757,572061757
120,RI,INV106995,03/19/2024,55846776,92.65,.00,432017,432053001
120,RI,INV106998,03/19/2024,55838367,7144.23,.00,432018,432053003
120,RI,INV106999,03/19/2024,KITCHEN,250.32,.00,620203,40000163
120,RI,INV107000,03/19/2024,KITCHEN,116.73,.00,620203,40000163
120,RI,INV107003,03/19/2024,B04610045180,7.13,.00,958980,461022192
120,RI,INV107014,03/19/2024,B04610046115,1658.40,.00,326180,461326180
120,RI,INV107016,03/19/2024,B04610046122,1371.33,.00,407301,461021042
120,RI,INV107038,03/19/2024,B07400016774,507.45,.00,740185,740100185
120,RI,INV107041,03/19/2024,CENTRAL SUPPLY,607.98,.00,546300,
120,RI,INV107060,03/19/2024,B04610046089,1606.46,.00,914103,461021117
120,RI,INV107066,03/19/2024,B08010049268,417.14,.00,752880,801000634
120,RI,INV107067,03/19/2024,B08010049195,634.76,.00,752880,801000634
120,RI,INV107069,03/19/2024,HOUSEKEEPING,366.38,.00,562931,
120,RI,INV107071,03/19/2024,- None -,31.82,.00,800857,461800857
120,RI,INV107073,03/19/2024,55831906,594.08,.00,432019,432053000
120,RI,INV107074,03/19/2024,B04610046075,1351.33,.00,800857,461800857
120,RI,INV107075,03/19/2024,B04060002663,1129.40,.00,406015,406000013
120,RI,INV107077,03/19/2024,B04060002668,1228.48,.00,406026,406000026
120,RI,INV107078,03/19/2024,B04060002666,903.69,.00,406019,406000023
120,RI,INV107079,03/19/2024,B04610046130,1343.58,.00,461601,461020601
120,RI,INV107081,03/19/2024,3186544,1.59,.00,562931,
120,RI,INV107082,03/19/2024,55769334,510.75,.00,702126,434005246
120,RI,INV107092,03/19/2024,TGT31824,993.90,.00,406024,405000024
120,RI,INV107094,03/19/2024,B04610046084,912.67,.00,309253,461309253
120,RI,INV107095,03/19/2024,B04610046061,1394.61,.00,461130,461021030
120,RI,INV107096,03/19/2024,B04050002900,1173.65,.00,406108,405000008
120,RI,INV107105,03/19/2024,B04610046090,883.47,.00,545313,461545313
120,RI,INV107107,03/19/2024,B08010049299,1281.06,.00,192752,801310733
120,RI,INV107116,03/19/2024,B04610046027,36.90,.00,739888,461739888
120,RI,INV107117,03/19/2024,B04610045868,2051.09,.00,407300,461407300
120,RI,INV107130,03/19/2024,B04610046131,550.22,.00,739888,461739888
120,RI,INV107135,03/19/2024,- None -,31.82,.00,556807,461556807
120,RI,INV107140,03/19/2024,B04610046103,1638.45,.00,556807,461556807
120,RI,INV107148,03/19/2024,B04610046124,1598.86,.00,194660,461194660
120,RI,INV107151,03/19/2024,55838771,849.25,.00,449056,449031056
120,RI,INV107163,03/19/2024,B04610046060,1617.17,.00,461874,461020874
120,RI,INV107174,03/19/2024,55837503,1613.25,.00,438351,438120351
120,RI,INV107177,03/19/2024,B04610046102,1386.12,.00,262755,461021054
120,RI,INV107179,03/19/2024,B04050002903,971.64,.00,406125,405000023
120,RI,INV107185,03/19/2024,3395  B02950002507,1213.67,.00,499301,295003395
120,RI,INV107186,03/19/2024,B07400016761,749.67,.00,358401,740000137
120,RI,INV107217,03/19/2024,B04610046016,204.61,.00,593652,461115205
120,RI,INV107218,03/19/2024,B04610045433,181.34,.00,461147,461015147
120,RI,INV107219,03/19/2024,B04610046105,2131.43,.00,812120,461812120
120,RI,INV107225,03/19/2024,Justin,164.52,.00,461157,461021157
120,RI,INV107232,03/19/2024,- None -,31.82,.00,461011,461017011
120,RI,INV107235,03/19/2024,KACEY GILL,9757.99,.00,920022,092000016
120,RI,INV107240,03/19/2024,WINE GLASS,84.99,.00,406001,406000001
120,RI,INV107241,03/19/2024,PAPER10,775.86,.00,406001,406000001
120,RI,INV107242,03/19/2024,B04050002902,752.28,.00,406126,405000026
120,RI,INV107243,03/19/2024,88992,37485.99,.00,920009,92000009
120,RI,INV107246,03/19/2024,42429,66056.06,.00,765520,92000001
120,RI,INV107257,03/19/2024,KACEY GILL,3407.00,.00,920022,092000016
120,RI,INV107258,03/19/2024,ANNA SCHUTTER,3256.94,.00,920012,
120,RI,INV107259,03/19/2024,LINDSEY WINSMAN,2151.00,.00,920021,092000014
120,RI,INV107269,03/19/2024,42429,2755.26,.00,765520,92000001
120,RI,INV107272,03/19/2024,B04610046038,323.24,.00,94889,461133331
120,RI,INV107275,03/19/2024,B04610046135,212.59,.00,461623,461114623
120,RI,INV107278,03/19/2024,B04610045368,88.32,.00,461313,461148313
120,RI,INV107279,03/19/2024,FedEx,95.71,.00,101889,461008096
120,RI,INV107288,03/19/2024,3204571,375.27,.00,736673,
120,RI,INV107294,03/19/2024,SO10024693,989.85,.00,984660,
120,RI,INV107296,03/19/2024,SO10024717,945.85,.00,716320,755000837
120,RI,INV107297,03/19/2024,1234567,343.60,.00,736673,
120,RI,INV107318,03/19/2024,55850719,4406.42,.00,449010,449010000
120,RI,INV107323,03/19/2024,B04050002904,834.99,.00,406106,405000006
120,RI,INV107333,03/19/2024,B04610046049,1035.16,.00,765955,461023327
120,RI,INV107338,03/19/2024,B04610046167,249.05,.00,461004,461023502
120,RI,INV107340,03/19/2024,0047,1498.59,.00,499301,295000047
120,RI,INV107341,03/19/2024,B04610046170,924.30,.00,367089,461367089
120,RI,INV107342,03/19/2024,B07400016790,347.48,.00,672881,740000112
120,RI,INV107345,03/19/2024,DN2127000005936,1597.87,.00,187250,187123250
120,RI,INV107347,03/19/2024,B04610046173,327.00,.00,461834,461023834
120,RI,INV107348,03/19/2024,PO3204,838.05,.00,481511,912058765
120,RI,INV107349,03/19/2024,B04610046165,989.22,.00,461004,461023502
120,RI,INV107356,03/19/2024,B04610046174,666.69,.00,366744,461023113
120,RI,INV107357,03/19/2024,B04610046157,1378.24,.00,772617,461772617
120,RI,INV107360,03/19/2024,DIETARY,2417.96,.00,324797,755000365
120,RI,INV107366,03/19/2024,B04610046162,1109.82,.00,272618,461023602
120,RI,INV107372,03/19/2024,B04610046156,469.35,.00,272617,461023666
120,RI,INV107381,03/19/2024,- None -,31.82,.00,461004,461023502
120,RI,INV107392,03/19/2024,- None -,31.82,.00,272618,461023602
120,RI,INV107395,03/19/2024,B07400016745,301.92,.00,139211,740000235
120,RI,INV107396,03/19/2024,3036 B02950002392,55.17,.00,499301,295003036
120,RI,INV107397,03/19/2024,B04610046146,36.90,.00,739889,461022601
120,RI,INV107402,03/19/2024,- None -,31.82,.00,739889,461022601
120,RI,INV107404,03/19/2024,3036  B02950002511,422.59,.00,499301,295003036
120,RI,INV107405,03/19/2024,B04610046180,52.45,.00,739889,461022601
120,RI,INV107407,03/19/2024,B02950002508,1360.11,.00,499301,295007042
120,RI,INV107409,03/19/2024,B04610046137,2161.14,.00,739889,461022601
120,RI,INV112800,03/19/2024,sabert,1270.35,.00,572757,572061757
120,RI,INV107436,03/20/2024,55749676,136.28,.00,552041,438020262
120,RI,INV107438,03/20/2024,NATS0000024953,79.48,.00,278496,572020003
120,RI,INV107439,03/20/2024,3510,820.54,.00,499301,295003510
120,RI,INV107440,03/20/2024,55813219,272.56,.00,552041,438020262
120,RI,INV107441,03/20/2024,NATS0000025021,899.25,.00,278496,572020003
120,RI,INV107444,03/20/2024,55732993,136.28,.00,552041,438020262
120,RI,INV107445,03/20/2024,NATS0000025017,897.90,.00,278496,572020003
120,RI,INV107448,03/20/2024,DCUNI06593,1928.65,.00,108003,572036578
120,RI,INV107449,03/20/2024,55862217,259.28,.00,552041,438020262
120,RI,INV107450,03/20/2024,55680324,136.28,.00,552041,438020262
120,RI,INV107452,03/20/2024,3023 B02950002509,38.79,.00,499301,295003023
120,RI,INV107453,03/20/2024,55842155,230.28,.00,552041,438020262
120,RI,INV107475,03/20/2024,SO10023915,784.41,.00,392010,
120,RI,INV107482,03/20/2024,062104,300.20,.00,694009,694000009
120,RI,INV107487,03/20/2024,SO10024713,998.79,.00,820099,
120,RI,INV107492,03/20/2024,B04610046163,507.52,.00,407303,461022153
120,RI,INV107507,03/20/2024,62109,1577.85,.00,781001,
120,RI,INV107508,03/20/2024,SO10025026,735.58,.00,820116,755000830
120,RI,INV107510,03/20/2024,B07400016796,434.09,.00,358401,740000137
120,RI,INV107522,03/20/2024,B04610046154,1937.84,.00,407303,461022153
120,RI,INV107531,03/20/2024,B07400016798,512.63,.00,367128,740000055
120,RI,INV107532,03/20/2024,B07400016775,20.94,.00,367128,740000055
120,RI,INV107539,03/20/2024,6416,627.77,.00,499301,295006416
120,RI,INV107541,03/20/2024,55862433,2489.73,.00,736438,438032093
120,RI,INV107548,03/20/2024,4503644510,1287.39,.00,944645,426001060
120,RI,INV107557,03/20/2024,55825385,1051.94,.00,441862,440161860
120,RI,INV107566,03/20/2024,B04610046177,648.07,.00,862385,461022033
120,RI,INV107568,03/20/2024,55857530,801.99,.00,440996,440057996
120,RI,INV107574,03/20/2024,3191607,393.90,.00,583410,
120,RI,INV107581,03/20/2024,3202994,709.36,.00,583410,
120,RI,INV107584,03/20/2024,55859926,357.63,.00,432016,432053006
120,RI,INV107587,03/20/2024,55829811,532.70,.00,432016,432053006
120,RI,INV107588,03/20/2024,B07550001236,1767.97,.00,755006,755310633
120,RI,INV107593,03/20/2024,3204237,1056.75,.00,583410,
120,RI,INV107597,03/20/2024,55861296,1087.88,.00,792426,440026831
120,RI,INV107602,03/20/2024,hickory knoll rd  janitoral,446.80,.00,245176,
120,RI,INV107622,03/20/2024,- None -,1375.70,.00,245176,
120,RI,INV107623,03/20/2024,slade school,2420.88,.00,245176,
120,RI,INV107626,03/20/2024,SO10024652,1059.60,.00,397700,755000775
120,RI,INV107628,03/20/2024,B07550001241,661.32,.00,768399,
120,RI,INV107630,03/20/2024,B07550001242,702.20,.00,766236,755000749
120,RI,INV107632,03/20/2024,SO10024070,679.63,.00,244841,755000781
120,RI,INV107634,03/20/2024,B07550001209,1323.61,.00,737280,755000784
120,RI,INV107635,03/20/2024,- None -,961.12,.00,665979,755310511
120,RI,INV107637,03/20/2024,SO10023835,1582.45,.00,766226,
120,RI,INV107638,03/20/2024,- None -,1044.33,.00,656100,755310438
120,RI,INV107640,03/20/2024,- None -,2238.87,.00,773527,755310566
120,RI,INV107641,03/20/2024,SO10024751,677.66,.00,766222,
120,RI,INV107644,03/20/2024,Laundry,125.14,.00,692753,
120,RI,INV107648,03/20/2024,Central Supply,323.72,.00,515700,527023439
120,RI,INV107650,03/20/2024,DIETARY,146.28,.00,692753,
120,RI,INV107655,03/20/2024,housekeeping,875.63,.00,692753,
120,RI,INV107667,03/20/2024,housekeeping,664.78,.00,546300,
120,RI,INV107676,03/20/2024,DIETARY,1478.22,.00,515700,527023439
120,RI,INV107683,03/20/2024,B04050002906,1554.69,.00,406111,405000011
120,RI,INV107689,03/20/2024,B07400016789,520.42,.00,350086,740100001
120,RI,INV107692,03/20/2024,HOUSEKEEPING,151.30,.00,546300,
120,RI,INV107694,03/20/2024,55858248,871.31,.00,432018,432153003
120,RI,INV107695,03/20/2024,3200684,643.00,.00,820100,
120,RI,INV107706,03/20/2024,3203402,1372.02,.00,820100,
120,RI,INV107711,03/20/2024,3204414,212.95,.00,820100,
120,RI,INV107733,03/20/2024,55862487,10779.24,.00,702126,434005246
120,RI,INV107736,03/20/2024,houasekeeping,190.48,.00,562931,
120,RI,INV107737,03/20/2024,DIETARY,51.68,.00,766201,527062185
120,RI,INV107740,03/20/2024,DIETARY,489.97,.00,766201,527062185
120,RI,INV107742,03/20/2024,296003,73.24,.00,994262,755310573
120,RI,INV107747,03/20/2024,3199784,733.23,.00,562931,
120,RI,INV107751,03/20/2024,CENTRAL SUPPLY,365.85,.00,470015,
120,RI,INV107760,03/20/2024,3203430,1186.59,.00,562931,
120,RI,INV107763,03/20/2024,B07550001243,493.55,.00,994262,755310573
120,RI,INV107766,03/20/2024,- None -,1312.58,.00,994262,755310573
120,RI,INV107781,03/20/2024,B07400016781,628.32,.00,574323,740000073
120,RI,INV107782,03/20/2024,55864884,80.51,.00,432109,432153009
120,RI,INV107785,03/20/2024,3395  B02950002507,57.51,.00,499301,295003395
120,RI,INV107788,03/20/2024,55864776,4009.68,.00,432109,432153009
120,RI,INV107789,03/20/2024,3203277,547.91,.00,470015,
120,RI,INV107792,03/20/2024,B04050002909,795.02,.00,406112,405000012
120,RI,INV107796,03/20/2024,B04610046160,1270.74,.00,406315,461406315
120,RI,INV107798,03/20/2024,3203333,1495.42,.00,470015,
120,RI,INV107804,03/20/2024,B07400016764,326.53,.00,413154,740000093
120,RI,INV107821,03/20/2024,LINDSEY WINSMAN,1060.66,.00,920021,092000014
120,RI,INV107825,03/20/2024,KACEY GILL,6363.95,.00,920022,092000016
120,RI,INV107826,03/20/2024,B04610045998,800.66,.00,461313,461148313
120,RI,INV107835,03/20/2024,WILL CALL,128.97,.00,309253,461309253
120,RI,INV107845,03/20/2024,B09150003296,601.79,.00,915366,915986366
120,RI,INV107846,03/20/2024,B09150003297,98.90,.00,915718,915981718
120,RI,INV107856,03/20/2024,BRYAN ROSAS,5226.50,.00,920016,92000005
120,RI,INV107867,03/20/2024,UMBRELLA,1722.23,.00,545316,461137214
120,RI,INV107873,03/20/2024,- None -,765.78,.00,593651,461144715
120,RI,INV107879,03/20/2024,BOBRICK,67.93,.00,461702,461018702
120,RI,INV107885,03/20/2024,B04610046023,87.89,.00,652927,461152927
120,RI,INV107886,03/20/2024,B04610046033,232.34,.00,461909,461133909
120,RI,INV107887,03/20/2024,B04610046036,339.58,.00,461805,461146805
120,RI,INV107888,03/20/2024,B04610046037,81.92,.00,391067,461137129
120,RI,INV107889,03/20/2024,B04610046147,504.05,.00,63331,461040207
120,RI,INV107901,03/20/2024,LINDSEY WINSMAN,7162.45,.00,920021,092000014
120,RI,INV107902,03/20/2024,16101,43651.01,.00,920011,
120,RI,INV107903,03/20/2024,KACEY GILL,15926.02,.00,920022,092000017
120,RI,INV107910,03/20/2024,- None -,54.29,.00,185389,461148167
120,RI,INV107922,03/20/2024,WARING,400.95,.00,814703,740000003
120,RI,INV107924,03/20/2024,PARTS TOWN,344.39,.00,812120,461812120
120,RI,INV107929,03/20/2024,TABLECRAFT,119.96,.00,461104,461142104
120,RI,INV107935,03/20/2024,YAMATO,43.48,.00,345444,461129582
120,RI,INV107953,03/20/2024,B04610046192,60.42,.00,461002,461023112
120,RI,INV107956,03/20/2024,55808932,934.92,.00,449302,449352802
120,RI,INV107960,03/20/2024,42523,143.35,.00,765520,92000001
120,RI,INV107965,03/20/2024,B04610046188,1434.52,.00,461002,461023112
120,RI,INV107978,03/20/2024,B04610046220,341.42,.00,461834,461023834
120,RI,INV108005,03/20/2024,BLAIR,670.98,.00,395170,401024502
120,RI,INV108006,03/20/2024,B04610046221,2132.70,.00,461407,461022407
120,RI,INV108016,03/20/2024,B04610046219,1495.60,.00,461073,461024073
120,RI,INV108019,03/20/2024,B04610046203,1710.98,.00,406314,461406314
120,RI,INV108032,03/21/2024,B04060002664,489.50,.00,406012,406000010
120,RI,INV108034,03/21/2024,B07400016794,1314.53,.00,75096,740300054
120,RI,INV108040,03/21/2024,B07400016799,700.59,.00,75096,740300054
120,RI,INV108043,03/21/2024,B04610046187,1317.71,.00,580102,461580102
120,RI,INV108047,03/21/2024,B07400016754,92.17,.00,252631,
120,RI,INV108049,03/21/2024,B04610046186,1018.18,.00,62139,461019462
120,RI,INV108051,03/21/2024,B07400016819,558.51,.00,634489,740000050
120,RI,INV108052,03/21/2024,3206968,155.66,.00,562931,
120,RI,INV108069,03/21/2024,B04060002657,252.81,.00,406007,406000018
120,RI,INV108075,03/21/2024,- None -,33.73,.00,461014,461021014
120,RI,INV108076,03/21/2024,B01460013219.2D12702530,389.27,.00,146137,146000037
120,RI,INV108081,03/21/2024,- None -,31.82,.00,632334,461022315
120,RI,INV108082,03/21/2024,VILLAGE CAFE / STEVE,240.40,.00,755869,755310869
120,RI,INV108086,03/21/2024,B04610046190,1407.67,.00,461171,461020171
120,RI,INV108089,03/21/2024,B04610046168,1436.96,.00,632334,461022315
120,RI,INV108091,03/21/2024,B04060002670,870.30,.00,406007,406000018
120,RI,INV108093,03/21/2024,- None -,31.82,.00,262753,461019901
120,RI,INV108098,03/21/2024,3206728,207.80,.00,736673,
120,RI,INV108099,03/21/2024,SO10025662,717.78,.00,766156,
120,RI,INV108109,03/21/2024,B04610046205,2693.93,.00,262753,461019901
120,RI,INV108110,03/21/2024,32124,3157.89,.00,755870,755310870
120,RI,INV108111,03/21/2024,3095  B02950002513,1696.38,.00,499301,295003095
120,RI,INV108117,03/21/2024,55880432,2222.37,.00,432012,432053004
120,RI,INV108123,03/21/2024,B04610046218,2302.92,.00,461014,461021014
120,RI,INV108125,03/21/2024,55881508,840.23,.00,432013,432053005
120,RI,INV108129,03/21/2024,B07550001246,998.71,.00,234100,755000786
120,RI,INV108132,03/21/2024,SO10025449,838.55,.00,397700,755000775
120,RI,INV108133,03/21/2024,B07550001250,855.97,.00,225670,
120,RI,INV108138,03/21/2024,55881031,4007.02,.00,449224,449000224
120,RI,INV108141,03/21/2024,B07550001249,868.36,.00,737215,
120,RI,INV108142,03/21/2024,B07550001245,1369.84,.00,716050,755000834
120,RI,INV108143,03/21/2024,B07400016811,415.39,.00,632317,740000010
120,RI,INV108163,03/21/2024,55880089,136.12,.00,432012,432053004
120,RI,INV108174,03/21/2024,B07550001244,506.55,.00,755869,755310869
120,RI,INV108193,03/21/2024,55680324,276.92,.00,552041,438020262
120,RI,INV108194,03/21/2024,dcuni06525,133.72,.00,108003,572036578
120,RI,INV108195,03/21/2024,NATS0000025065,120.54,.00,278496,572020003
120,RI,INV108196,03/21/2024,DCUNI06591,56.50,.00,108003,572036578
120,RI,INV108202,03/21/2024,55705828,1107.68,.00,552041,438020262
120,RI,INV108203,03/21/2024,NATS000002529,1395.77,.00,278496,572020003
120,RI,INV108204,03/21/2024,1030,814.23,.00,499301,295001030
120,RI,INV108205,03/21/2024,NATS0000024974,2999.30,.00,278496,572020003
120,RI,INV108208,03/21/2024,DCUNI06616,1134.07,.00,108003,
120,RI,INV108211,03/21/2024,1640,291.10,.00,499301,295001640
120,RI,INV108212,03/21/2024,3122,1214.95,.00,499301,295003122
120,RI,INV108214,03/21/2024,B04610046225,9.92,.00,461014,461021014
120,RI,INV108215,03/21/2024,- None -,33.73,.00,461801,461021801
120,RI,INV108216,03/21/2024,LEVY MARV PERDUE STADIUM,58.44,.00,572645,572052645
120,RI,INV108227,03/21/2024,B04610046224,2673.39,.00,461801,461021801
120,RI,INV108230,03/21/2024,55809995,80.51,.00,449621,449023621
120,RI,INV108232,03/21/2024,B04610045099,140.77,.00,407300,461407300
120,RI,INV108234,03/21/2024,B04050002910,1513.42,.00,406020,405000002
120,RI,INV108239,03/21/2024,B01460013224.2D12826261,10806.90,.00,146118,146000118
120,RI,INV108243,03/21/2024,Turkey Box,31.82,.00,461803,461019803
120,RI,INV108244,03/21/2024,B07400016809,1311.98,.00,789511,740000126
120,RI,INV108246,03/21/2024,B04060002672,1000.22,.00,406005,406000009
120,RI,INV108248,03/21/2024,B04060002671,833.83,.00,406008,406000017
120,RI,INV108249,03/21/2024,B01460013226.2D12826261,448.20,.00,146118,146000118
120,RI,INV108250,03/21/2024,B04610046229,1495.60,.00,461803,461019803
120,RI,INV108256,03/21/2024,easton Middle,124.38,.00,755612,
120,RI,INV108257,03/21/2024,EASTON ELEM,1070.12,.00,755612,
120,RI,INV108263,03/21/2024,55881732,1117.03,.00,432011,432052999
120,RI,INV108265,03/21/2024,CENTREVILLE,76.64,.00,582403,
120,RI,INV108268,03/21/2024,KIES,395.21,.00,582403,
120,RI,INV108270,03/21/2024,GRASONVILLE,411.99,.00,582403,
120,RI,INV108272,03/21/2024,chapel district,698.54,.00,755612,
120,RI,INV108273,03/21/2024,CHURCH HILL,266.72,.00,582403,
120,RI,INV108277,03/21/2024,55830422,427.26,.00,432015,432053010
120,RI,INV108293,03/21/2024,B07400016781,154.39,.00,574323,740000073
120,RI,INV108305,03/21/2024,ORIOL04607,75.79,.00,572757,572061757
120,RI,INV108314,03/21/2024,oriol04618,5.81,.00,572757,572061757
120,RI,INV108317,03/21/2024,SLADE SCHOOL,158.91,.00,245176,
120,RI,INV108322,03/21/2024,290731,201.23,.00,835200,740000152
120,RI,INV108336,03/21/2024,B04050002903,65.19,.00,406125,405000023
120,RI,INV108337,03/21/2024,55876972,871.92,.00,438593,438122593
120,RI,INV108368,03/21/2024,Laundry,160.75,.00,470015,
120,RI,INV108371,03/21/2024,MRM03202401,1026.60,.00,192285,631000559
120,RI,INV108376,03/21/2024,B04610046197,285.60,.00,407300,461407300
120,RI,INV108378,03/21/2024,B04610046232,2669.84,.00,739888,461739888
120,RI,INV108379,03/21/2024,55880916,3219.76,.00,432010,432053012
120,RI,INV108380,03/21/2024,B04610046196,8322.63,.00,407300,461407300
120,RI,INV108393,03/21/2024,- None -,33.73,.00,461204,461021204
120,RI,INV108408,03/21/2024,DIETARY,532.83,.00,426644,
120,RI,INV108431,03/21/2024,55659226,1229.40,.00,702126,434005246
120,RI,INV108445,03/21/2024,3205578,44.52,.00,546300,
120,RI,INV108447,03/21/2024,296332,196.10,.00,814703,740000003
120,RI,INV108452,03/21/2024,- None -,33.73,.00,461157,461021157
120,RI,INV108453,03/21/2024,Mission trash bag test,37.82,.00,461157,461021157
120,RI,INV108456,03/21/2024,55879992,10039.68,.00,449162,449049162
120,RI,INV108462,03/21/2024,B04610046222,1986.09,.00,461157,461021157
120,RI,INV108464,03/21/2024,B07400016814,409.55,.00,740185,740100185
120,RI,INV108467,03/21/2024,3205555,553.44,.00,546300,
120,RI,INV108474,03/21/2024,3750  B02950002512,1659.03,.00,499301,295003750
120,RI,INV108491,03/21/2024,B07400016817,557.22,.00,775193,740000232
120,RI,INV108493,03/21/2024,DIETARY,527.20,.00,661995,
120,RI,INV108494,03/21/2024,10025751,395.96,.00,814703,740000003
120,RI,INV108496,03/21/2024,WILL CALL,32.17,.00,326180,461326180
120,RI,INV108502,03/21/2024,16109,32345.99,.00,920011,
120,RI,INV108507,03/21/2024,9959,12579.99,.00,953724,92000002
120,RI,INV108515,03/21/2024,ANNA SCHUTTER,3984.42,.00,920012,
120,RI,INV108520,03/21/2024,WINE GLASS,84.99,.00,406003,406000005
120,RI,INV108535,03/21/2024,B04610045897,314.64,.00,185389,461148167
120,RI,INV108541,03/21/2024,B04610045987,15.40,.00,461909,461133909
120,RI,INV108546,03/21/2024,B04610045919,23.93,.00,461471,461134471
120,RI,INV108561,03/21/2024,B04610045992,134.45,.00,185389,461148167
120,RI,INV108580,03/21/2024,FEDEX ORDER PER STEVEN SMITH,236.25,.00,755870,755310870
120,RI,INV108585,03/21/2024,B04050002897,72.06,.00,406119,405000019
120,RI,INV108592,03/21/2024,062084,89.85,.00,694005,694000005
120,RI,INV108630,03/21/2024,NATS0000024442,1459.68,.00,278496,572020003
120,RI,INV108632,03/21/2024,41600163,4326.00,.00,920019,92000008
120,RI,INV108642,03/21/2024,Customer Cups FedEx,73.88,.00,461073,461024073
120,RI,INV108648,03/21/2024,B04060002668,35.44,.00,406026,406000026
120,RI,INV108651,03/21/2024,PAPER10,100.54,.00,406001,406000001
120,RI,INV108655,03/21/2024,B04050002907,35.44,.00,406103,405000003
120,RI,INV108657,03/21/2024,Crathco,92.13,.00,593652,461115205
120,RI,INV108658,03/21/2024,B04610046212,193.22,.00,545311,461545311
120,RI,INV108659,03/21/2024,B04610046189,178.67,.00,461805,461146805
120,RI,INV108661,03/21/2024,B04610046181,117.70,.00,461108,461161108
120,RI,INV108662,03/21/2024,B04610046064,589.71,.00,309620,461133813
120,RI,INV108664,03/21/2024,B04610045908,27.07,.00,545311,461545311
120,RI,INV108665,03/21/2024,B04610046239,104.78,.00,92086,461145040
120,RI,INV108666,03/21/2024,Scale,135.45,.00,461559,461033559
120,RI,INV108667,03/21/2024,Can opener,157.59,.00,461858,461127858
120,RI,INV108670,03/21/2024,B04610046170,28.29,.00,367089,461367089
120,RI,INV108672,03/21/2024,B04610045900,89.74,.00,367089,461367089
120,RI,INV108677,03/21/2024,B07400016788,1715.25,.00,961900,740000200
120,RI,INV108684,03/21/2024,B07400016824,994.50,.00,740255,740300255
120,RI,INV108700,03/21/2024,JHS,763.14,.00,136417,631005751
120,RI,INV108712,03/21/2024,B04610046250,583.32,.00,272617,461023666
120,RI,INV108713,03/21/2024,B04610046266,77.33,.00,765955,461023327
120,RI,INV108718,03/21/2024,B04610046259,1206.76,.00,765955,461023327
120,RI,INV108722,03/21/2024,B04610046269,757.24,.00,461004,461023502
120,RI,INV108731,03/21/2024,B04610046267,713.82,.00,272618,461023602
120,RI,INV108735,03/21/2024,B04610046252,824.29,.00,367090,461022901
120,RI,INV108739,03/21/2024,B04610046305,1743.89,.00,772617,461772617
120,RI,INV108749,03/21/2024,B04610046304,866.71,.00,461834,461023834


120,RI,INV108750,03/21/2024,B04610046302,2221.28,.00,367089,461367089
120,RI,INV108754,03/21/2024,B07400016389,7.25,.00,740255,740300255
120,RI,INV108756,03/21/2024,B04610046256,92.33,.00,461053,461008053
120,RI,INV108757,03/21/2024,B04610046285,71.40,.00,716507,461019406
120,RI,INV108758,03/21/2024,B04610046258,30.69,.00,461053,461008053
120,RI,INV108759,03/21/2024,B04610046206,913.08,.00,716507,461019406
120,RI,INV108760,03/21/2024,B04610046268,957.30,.00,461030,461019030
120,RI,INV108761,03/21/2024,B04610046294,987.81,.00,461691,461008691
120,RI,INV108762,03/21/2024,B04610046230,491.89,.00,461003,461019064
120,RI,INV108763,03/21/2024,B04610046183,1093.57,.00,62140,461018974
120,RI,INV108764,03/21/2024,B04610046240,985.45,.00,461053,461008053
120,RI,INV108765,03/21/2024,B04610046263,2337.01,.00,101889,461008096
120,RI,INV108775,03/21/2024,55900617,1074.65,.00,736438,438032093
120,RI,INV108782,03/21/2024,3122,147.18,.00,499301,295003122
120,RI,INV108784,03/21/2024,Costica,614.99,.00,421513,40000208
120,RI,INV108785,03/21/2024,55901484,2567.54,.00,331000,438022221
120,RI,INV108786,03/21/2024,55792483,229.26,.00,449921,449044921
120,RI,INV108787,03/21/2024,55901525,1841.05,.00,449921,449044921
120,RI,INV108788,03/21/2024,B04610046303,1328.60,.00,461702,461018702
120,RI,INV108789,03/21/2024,B04610046287,1255.58,.00,955264,461018052
120,RI,INV108790,03/21/2024,55897392,2186.58,.00,449481,449022481
120,RI,INV108791,03/21/2024,B04610046277,2070.56,.00,632333,461017112
120,RI,INV108792,03/21/2024,B04610046276,1580.09,.00,509001,461509001
120,RI,INV108797,03/21/2024,55900131,508.60,.00,33047,438044177
120,RI,INV108821,03/21/2024,DCUNI06633,669.14,.00,108003,
120,RI,INV108827,03/21/2024,55903862,750.19,.00,552041,438020262
120,RI,INV108830,03/21/2024,B04610046105,22.80,.00,812120,461812120
120,RI,INV108832,03/21/2024,B04610046228,1794.30,.00,812120,461812120
120,RI,INV108834,03/21/2024,B08010049436,1581.15,.00,918024,801001150
120,RI,INV108835,03/21/2024,B04610046293,1136.30,.00,461011,461017011
120,RI,INV108837,03/21/2024,B04610046299,1210.87,.00,461701,461017601
120,RI,INV108862,03/22/2024,55902354,2684.59,.00,168564,438021022
120,RI,INV108871,03/22/2024,B07550001252,995.55,.00,716270,
120,RI,INV108872,03/22/2024,B07550001253,920.13,.00,766130,
120,RI,INV108873,03/22/2024,SO10026315,1308.60,.00,737285,
120,RI,INV108876,03/22/2024,B07550001256,866.42,.00,716080,755000826
120,RI,INV108880,03/22/2024,- None -,3033.96,.00,773527,755310566
120,RI,INV108881,03/22/2024,- None -,864.84,.00,656100,755310438
120,RI,INV108887,03/22/2024,55897054,1585.42,.00,441860,440061860
120,RI,INV108888,03/22/2024,- None -,29.20,.00,765956,461020155
120,RI,INV108890,03/22/2024,SYRUP POURER,22.80,.00,862385,461022033
120,RI,INV108892,03/22/2024,B04610046249,898.58,.00,765956,461020155
120,RI,INV108893,03/22/2024,B04610046279,607.99,.00,862385,461022033
120,RI,INV108899,03/22/2024,B04610046313,707.87,.00,633233,461020165
120,RI,INV108906,03/22/2024,062144,235.00,.00,694005,694000005
120,RI,INV108912,03/22/2024,062150,3347.25,.00,694010,694000010
120,RI,INV108913,03/22/2024,062120,1561.88,.00,694014,694000014
120,RI,INV108914,03/22/2024,B04610046257,929.07,.00,958980,461022192
120,RI,INV108915,03/22/2024,062148,2115.94,.00,694007,694000007
120,RI,INV108916,03/22/2024,062141,1755.80,.00,694005,694000005
120,RI,INV108917,03/22/2024,B04610046274,1560.22,.00,328321,461328321
120,RI,INV108924,03/22/2024,B04610046283,2069.18,.00,326180,461326180
120,RI,INV108926,03/22/2024,B04610046306,1557.01,.00,407301,461021042
120,RI,INV108936,03/22/2024,EUGENIA,798.95,.00,979400,41040047
120,RI,INV108942,03/22/2024,B04610046312,1528.15,.00,309254,461020852
120,RI,INV108954,03/22/2024,B04610046244,1569.61,.00,262755,461021054
120,RI,INV108956,03/22/2024,Housekeeping/Debbie,1869.05,.00,766201,
120,RI,INV108957,03/22/2024,Laundry/Debbie,292.08,.00,766201,
120,RI,INV108966,03/22/2024,B04610045620,23.11,.00,461074,461021704
120,RI,INV108968,03/22/2024,B04610046196,1492.73,.00,407300,461407300
120,RI,INV108970,03/22/2024,Paper Towel Holders,147.30,.00,914102,461021740
120,RI,INV108974,03/22/2024,B04050002894,90.09,.00,406520,405000020
120,RI,INV108975,03/22/2024,B04610046265,1086.33,.00,406315,461406315
120,RI,INV108980,03/22/2024,B04610046262,1651.75,.00,914102,461021740
120,RI,INV108988,03/22/2024,B04610046289,597.13,.00,914102,461021740
120,RI,INV108995,03/22/2024,B04610046284,1963.80,.00,461074,461021704
120,RI,INV108997,03/22/2024,Laundry,571.82,.00,470015,
120,RI,INV109002,03/22/2024,B02950002514,416.59,.00,499301,295006480
120,RI,INV109030,03/22/2024,- None -,1073.66,.00,994262,755310573
120,RI,INV109039,03/22/2024,B04610046300,1096.91,.00,800857,461800857
120,RI,INV109047,03/22/2024,B04610046264,1521.88,.00,461601,461020601
120,RI,INV109058,03/22/2024,B04610046296,1111.20,.00,556807,461556807
120,RI,INV109061,03/22/2024,KRISTINA,1593.29,.00,755004,
120,RI,INV109062,03/22/2024,B04610046295,1888.15,.00,194660,461194660
120,RI,INV109064,03/22/2024,central supply,826.32,.00,820100,
120,RI,INV109076,03/22/2024,B04610046261,1320.20,.00,914103,461021117
120,RI,INV109082,03/22/2024,B07400016829,1085.82,.00,593482,740000045
120,RI,INV109106,03/22/2024,B04610046307,1658.92,.00,461874,461020874
120,RI,INV109110,03/22/2024,55900423,179.85,.00,432007,432053002
120,RI,INV109118,03/22/2024,B04610046233,1426.24,.00,309253,461309253
120,RI,INV109120,03/22/2024,55898568,202.11,.00,432007,432053002
120,RI,INV109122,03/22/2024,B08010049469,5693.24,.00,282718,801005004
120,RI,INV109124,03/22/2024,housekeeping,1019.42,.00,515700,527023439
120,RI,INV109126,03/22/2024,B04610046298,1194.38,.00,461130,461021030
120,RI,INV109139,03/22/2024,55898491,2176.10,.00,432007,432053002
120,RI,INV109140,03/22/2024,DIETARY,243.99,.00,515700,527023439
120,RI,INV109142,03/22/2024,55903592,807.77,.00,614213,436015851
120,RI,INV109152,03/22/2024,ORIOL04698,1023.96,.00,572757,572061757
120,RI,INV109157,03/22/2024,ecocraft bag,844.00,.00,572757,572061757
120,RI,INV109160,03/22/2024,3210013,1137.36,.00,692753,
120,RI,INV109161,03/22/2024,55893297,1658.00,.00,432017,432053001
120,RI,INV109171,03/22/2024,4503641223,207.55,.00,714611,426001059
120,RI,INV109173,03/22/2024,JOHN BOOS,185.46,.00,461104,461142104
120,RI,INV109181,03/22/2024,ALLPOINTS,83.42,.00,461011,461017011
120,RI,INV109184,03/22/2024,B07400016825,287.28,.00,350086,740100001
120,RI,INV109205,03/22/2024,42101127,9193.97,.00,920011,
120,RI,INV109207,03/22/2024,ROSENTHAL SAMBONET PADERNO,135.10,.00,814703,740000003
120,RI,INV109211,03/22/2024,INTERMETRO,2435.54,.00,814703,740000003
120,RI,INV109216,03/22/2024,42430,9385.43,.00,765520,92000001
120,RI,INV109217,03/22/2024,GROSSFILLEX,8537.85,.00,572645,572052645
120,RI,INV109222,03/22/2024,CHARLOTTE PETERSON,.00,.00,920012,
120,RI,INV109224,03/22/2024,42700171,7698.68,.00,920021,092000014
120,RI,INV109227,03/22/2024,HEATHER HINSON,332.90,.00,920014,92000003
120,RI,INV109230,03/22/2024,FRANKFORD,295.84,.00,632333,461017112
120,RI,INV109244,03/22/2024,B04060002666,62.57,.00,406019,406000023
120,RI,INV109246,03/22/2024,B04050002911,35.44,.00,406113,405000013
120,RI,INV109247,03/22/2024,B04060002671,33.43,.00,406008,406000017
120,RI,INV109249,03/22/2024,CES,69.85,.00,582403,
120,RI,INV109251,03/22/2024,BRYAN ROSAS,150.70,.00,920016,92000005
120,RI,INV109254,03/22/2024,MRM03212401,31.97,.00,192285,631000559
120,RI,INV109266,03/22/2024,89914,.00,.00,920009,92000009
120,RI,INV109268,03/22/2024,AL SCHNEIDER,.00,.00,920011,
120,RI,INV109275,03/22/2024,Courier,403.82,.00,914102,461021740
120,RI,INV109291,03/22/2024,EUGENIA,320.82,.00,979400,41040047
120,RI,INV109293,03/22/2024,courier,465.29,.00,461874,461020874
120,RI,INV109297,03/22/2024,- None -,25.81,.00,914103,461021117
120,RI,INV109301,03/22/2024,B04610046037,28.29,.00,391067,461137129
120,RI,INV109302,03/22/2024,B04610045461,70.66,.00,461147,461015147
120,RI,INV109304,03/22/2024,Felicia Froelich,189.95,.00,545311,461545311
120,RI,INV109305,03/22/2024,B04610046255,135.06,.00,391067,461137129
120,RI,INV109307,03/22/2024,B04610046290,102.73,.00,202798,461106489
120,RI,INV109316,03/22/2024,B04610046292,161.64,.00,740183,461153144
120,RI,INV109317,03/22/2024,B04610046297,362.66,.00,461313,461148313
120,RI,INV109324,03/22/2024,OPROLL TOWEL,3459.00,.00,136417,631005744
120,RI,INV109325,03/22/2024,2000983087,465.75,.00,120109,459000005
120,RI,INV109326,03/22/2024,B04610045714,89.74,.00,272617,461023666
120,RI,INV109329,03/22/2024,2000954044,322.24,.00,120109,459000005
120,RI,INV109330,03/22/2024,2000954044,61.45,.00,120109,459000005
120,RI,INV109331,03/22/2024,2000945586,111.02,.00,120109,459000005
120,RI,INV109332,03/22/2024,2000972775,688.20,.00,120109,459000005
120,RI,INV109333,03/22/2024,2000900883,275.10,.00,120109,459000005
120,RI,INV109335,03/22/2024,2000997176,2163.15,.00,120109,459000005
120,RI,INV109337,03/22/2024,Franck,241.35,.00,736673,755000860
120,RI,INV109339,03/22/2024,3210457,862.18,.00,646053,323393940
120,RI,INV109340,03/22/2024,B02950002510,561.87,.00,499301,295000047
120,RI,INV109343,03/22/2024,B07550001255,809.33,.00,755874,755310874
120,RI,INV109345,03/22/2024,3210850,568.31,.00,408888,370739920
120,RI,INV109348,03/22/2024,55915745,18764.73,.00,449618,449054618
120,RI,INV109349,03/22/2024,B04610046329,878.13,.00,272617,461023666
120,RI,INV109354,03/22/2024,B04610046354,447.76,.00,366744,461023113
120,RI,INV109359,03/22/2024,B04610046340,934.45,.00,461834,461023834
120,RI,INV109363,03/22/2024,B02950002520,1002.16,.00,499301,295000044
120,RI,INV109364,03/22/2024,55922960,2103.42,.00,449302,449352802
120,RI,INV109367,03/22/2024,B04610046337,949.27,.00,272618,461023602
120,RI,INV109370,03/22/2024,55915867,2505.46,.00,449618,449054618
120,RI,INV109376,03/22/2024,B04610046328,1578.40,.00,262753,461019901
120,RI,INV109379,03/22/2024,B04610046332,11.04,.00,262753,461019901
120,RI,INV109385,03/22/2024,B08010049493,1269.44,.00,801959,801310959
120,RI,INV109387,03/22/2024,Dietary,772.75,.00,324797,755000365
120,RI,INV109394,03/22/2024,3210597,446.79,.00,753053,753000053
120,RI,INV109399,03/22/2024,B04610046342,823.13,.00,765955,461023327
120,RI,INV109401,03/22/2024,B04610046343,57.08,.00,765955,461023327
120,RI,INV109403,03/22/2024,JENNIFER,2532.61,.00,324797,755000365
120,RI,INV109404,03/22/2024,B04610046331,779.27,.00,461004,461023502
120,RI,INV109405,03/22/2024,B04610046341,643.91,.00,367090,461022901
120,RI,INV109409,03/22/2024,55919374,138.13,.00,432012,432053004
120,RI,INV109419,03/22/2024,062159,921.60,.00,694013,694000013
120,RI,INV109421,03/22/2024,B04610046330,2057.57,.00,407303,461022153
120,RI,INV109424,03/22/2024,B02950002517,2780.02,.00,499301,295000057
120,RI,INV109425,03/22/2024,4503646928,2071.32,.00,714611,426001059
120,RI,INV109426,03/22/2024,4503646646,3493.87,.00,714611,426001059
120,RI,INV109431,03/22/2024,503220000068466,538.77,.00,181234,40000104
120,RI,INV109435,03/22/2024,B04610046345,937.49,.00,461014,461021014
120,RI,INV109437,03/22/2024,55919944,2132.29,.00,432012,432053004
120,RI,INV109438,03/22/2024,B04610046351,799.93,.00,461803,461019803
120,RI,INV109439,03/22/2024,062173,2283.64,.00,694015,694000015
120,RI,INV109440,03/22/2024,B07400016850,550.47,.00,789511,740000126
120,RI,INV109442,03/22/2024,B04610046350,1274.18,.00,632334,461022315
120,RI,INV109443,03/22/2024,B04610046348,908.83,.00,461171,461020171
120,RI,INV109444,03/22/2024,B04610046357,875.77,.00,862385,461022033
120,RI,INV109455,03/22/2024,55866019,56.70,.00,438352,438120352
120,RI,INV109456,03/22/2024,55901484,147.13,.00,331000,438022221
120,RI,INV109458,03/22/2024,55904861,38.27,.00,571300,559022241
120,RI,INV109466,03/22/2024,NATS0000025204,732.90,.00,278496,572020003
120,RI,INV109467,03/22/2024,55918443,7457.68,.00,702126,434005246
120,RI,INV109469,03/22/2024,55918264,372.63,.00,552041,438020262
120,RI,INV109470,03/22/2024,3130  B02950002518,2484.99,.00,499301,295003130
120,RI,INV109471,03/22/2024,55920010,2561.73,.00,391275,438020348
120,RI,INV109472,03/22/2024,3510,1169.63,.00,499301,295003510
120,RI,INV109473,03/22/2024,55917562,793.49,.00,574672,438019842
120,RI,INV109476,03/22/2024,- None -,947.22,.00,994262,755310573
120,RI,INV109478,03/22/2024,55927681,453.15,.00,438351,438120351
120,RI,INV109479,03/22/2024,1030,276.90,.00,499301,295001030
120,RI,INV109480,03/22/2024,NATS0000025224,102.65,.00,278496,572020003
120,RI,INV109489,03/22/2024,B02950002519,2588.16,.00,499301,295003023
120,RI,INV109490,03/22/2024,4503646718,287.75,.00,944645,426001060
120,RI,INV109491,03/22/2024,55916370,1015.31,.00,571300,559022241
120,RI,INV109499,03/23/2024,Kennard,408.85,.00,582403,
120,RI,INV109504,03/23/2024,KENT ISLAND HS,671.70,.00,582403,755310540
120,RI,INV109517,03/23/2024,B04610046335,863.27,.00,545313,461545313
120,RI,INV109530,03/23/2024,B04610046339,601.41,.00,461801,461021801
120,RI,INV109532,03/23/2024,- None -,129.75,.00,463077,671000725
120,RI,INV109533,03/23/2024,55920674,1476.65,.00,432011,432052999
120,RI,INV109537,03/23/2024,55921509,139.60,.00,432011,432052999
120,RI,INV109539,03/23/2024,55917797,393.05,.00,432017,432053001
120,RI,INV109544,03/23/2024,55921301,122.50,.00,432011,432052999
120,RI,INV109549,03/23/2024,B04610046333,36.25,.00,739888,461739888
120,RI,INV109553,03/23/2024,FILL IN,1209.81,.00,406315,461406315
120,RI,INV109556,03/23/2024,FILL IN,1472.80,.00,739888,461739888
120,RI,INV109557,03/23/2024,0015,194.68,.00,499301,295000015
120,RI,INV109558,03/23/2024,55920896,2347.48,.00,432010,432053012
120,RI,INV109561,03/23/2024,B07400016843,845.76,.00,887489,740000268
120,RI,INV109566,03/23/2024,HOUSEKEEPING,157.73,.00,546300,
120,RI,INV109571,03/23/2024,housekeeping,714.86,.00,661995,
120,RI,INV109574,03/23/2024,Laundry,564.61,.00,661995,
120,RI,INV109578,03/23/2024,housekeeping,1138.59,.00,661995,
120,RI,INV109579,03/23/2024,B04610046353,1589.09,.00,461157,461021157
120,RI,INV109583,03/23/2024,kristina,48.60,.00,755004,
120,RI,INV109584,03/23/2024,B08010049299,294.60,.00,192752,801310733
120,RI,INV109585,03/23/2024,B07400016846,787.73,.00,495151,740000247
120,RI,INV109588,03/23/2024,SO10026893,768.34,.00,392010,
120,RI,INV109593,03/23/2024,SO10026776,1864.85,.00,737385,
120,RI,INV109594,03/23/2024,820120,1440.47,.00,820120,755000836
120,RI,INV109596,03/23/2024,SO10026864,1061.59,.00,716340,
120,RI,INV109599,03/23/2024,- None -,953.41,.00,656100,755310438
120,RI,INV109601,03/23/2024,55920266,1002.20,.00,449218,449044218
120,RI,INV109606,03/23/2024,SO10026960,707.13,.00,766222,
120,RI,INV109609,03/23/2024,- None -,2443.48,.00,773527,755310566
120,RI,INV109610,03/23/2024,JH03122024,148.08,.00,353533,631000668
120,RI,INV109611,03/23/2024,55750930,93.21,.00,792426,440026831
120,RI,INV109620,03/23/2024,55919701,975.32,.00,792426,440026831
120,RI,INV109622,03/23/2024,SLADE SCHOOL,353.62,.00,245176,
120,RI,INV109627,03/23/2024,SLADE SCHOOL,1135.00,.00,245176,
120,RI,INV109637,03/25/2024,DIETARY,317.74,.00,766201,527062185
120,RI,INV109641,03/25/2024,42500554,7239.00,.00,765520,92000001
120,RI,INV109647,03/25/2024,B04610046316,268.75,.00,461179,461033179
120,RI,INV109654,03/25/2024,B07400016831,669.74,.00,358401,740000137
120,RI,INV109656,03/25/2024,B07400016831,33.41,.00,358401,
120,RI,INV109661,03/25/2024,Newton,158.95,.00,620203,40000163
120,RI,INV109674,03/25/2024,- None -,127.33,.00,101889,461008096
120,RI,INV109691,03/25/2024,55933695,542.19,.00,441862,440161860
120,RI,INV109712,03/25/2024,B04610045906,23.05,.00,461002,461023112
120,RI,INV109726,03/25/2024,3213401,982.41,.00,646053,323393940
120,RI,INV109728,03/25/2024,- None -,1071.66,.00,722611,
120,RI,INV109732,03/25/2024,B04610046386,1269.41,.00,461002,461023112
120,RI,INV109734,03/25/2024,B04610046407,1096.87,.00,461073,461024073
120,RI,INV109740,03/25/2024,B04610046374,2935.35,.00,461502,461024502
120,RI,INV109742,03/25/2024,B04610046419,1003.07,.00,461407,461022407
120,RI,INV109748,03/25/2024,B04610046433,968.22,.00,367089,461367089
120,RI,INV109749,03/25/2024,B04610046417,1778.80,.00,406314,461406314
120,RI,INV109758,03/25/2024,B04610046413,745.90,.00,366744,461023113
120,RI,INV109767,03/25/2024,55919944,105.47,.00,432012,432053004
120,RI,INV109778,03/25/2024,55880432,71.35,.00,432012,432053004
120,RI,INV109787,03/25/2024,55920674,34.76,.00,432011,432052999
120,RI,INV109794,03/25/2024,B09150003155,59.23,.00,915726,915981726
120,RI,INV109807,03/25/2024,B04610046230,29.90,.00,461003,461019064
120,RI,INV109808,03/25/2024,B04610046391,1147.11,.00,62140,461018974
120,RI,INV109809,03/25/2024,B04610046390,140.16,.00,101889,461008096
120,RI,INV109810,03/25/2024,B04610046441,51.60,.00,461053,461008053
120,RI,INV109811,03/25/2024,B04610046293,90.68,.00,461011,461017011
120,RI,INV109812,03/25/2024,B04610046437,869.51,.00,461053,461008053
120,RI,INV109813,03/25/2024,B04610046435,2106.87,.00,812120,461812120
120,RI,INV109814,03/25/2024,B04610046444,1440.69,.00,461691,461008691
120,RI,INV109815,03/25/2024,B04610046454,96.20,.00,101889,461008096
120,RI,INV109816,03/25/2024,B04610046424,1153.02,.00,461030,461019030
120,RI,INV109817,03/25/2024,B04610046458,1527.94,.00,461701,461017601
120,RI,INV109818,03/25/2024,B04610046446,2903.65,.00,716507,461019406
120,RI,INV109819,03/25/2024,B04610046445,1313.24,.00,461011,461017011
120,RI,INV109820,03/25/2024,B04610046451,2226.28,.00,101889,461008096
120,RI,INV109821,03/25/2024,55930878,8765.25,.00,449302,449352802
120,RI,INV109827,03/25/2024,55947462,2861.56,.00,434001,434011464
120,RI,INV109828,03/25/2024,3215394,253.90,.00,527001,527000241
120,RI,INV109831,03/25/2024,B07400016865,1321.71,.00,241400,740300167
120,RI,INV109833,03/25/2024,B04610046401,1296.65,.00,62139,461019462
120,RI,INV109834,03/25/2024,B04610046375,1879.86,.00,580102,461580102
120,RI,INV109835,03/25/2024,B04610046187,6.70,.00,580102,461580102
120,RI,INV109837,03/25/2024,1010,904.02,.00,499301,295001010
120,RI,INV109839,03/25/2024,1730,669.28,.00,499301,295001730
120,RI,INV109841,03/25/2024,1234567,63.90,.00,736673,
120,RI,INV109842,03/25/2024,Franck,87.18,.00,736673,755000860
120,RI,INV109845,03/25/2024,84AJP00028613,308.10,.00,524390,41040051
120,RI,INV109847,03/25/2024,B04610046420,2005.92,.00,632333,461017112
120,RI,INV109848,03/25/2024,B04610046393,1997.31,.00,509001,461509001
120,RI,INV109853,03/25/2024,BRAD,2745.80,.00,202000,755310524
120,RI,INV109854,03/25/2024,1040,885.46,.00,499301,295001040
120,RI,INV109855,03/25/2024,B04610046416,762.43,.00,461702,461018702
120,RI,INV109860,03/25/2024,B04610046443,1083.39,.00,955264,461018052
120,RI,INV109861,03/25/2024,B07400016873,926.23,.00,634489,740000050
120,RI,INV109865,03/25/2024,B02950002524,2811.34,.00,499301,295000047
120,RI,INV109868,03/25/2024,B07400016877,1304.91,.00,548063,740000248
120,RI,INV109890,03/26/2024,55760264,587.10,.00,469246,438045949
120,RI,INV109892,03/26/2024,288389,1581.90,.00,716080,755000826
120,RI,INV109899,03/26/2024,B07550001275,760.09,.00,766236,755000749
120,RI,INV109901,03/26/2024,55953304,59.46,.00,469246,438045949
120,RI,INV109902,03/26/2024,1640,442.60,.00,499301,295001640
120,RI,INV109910,03/26/2024,3122,825.05,.00,499301,295003122
120,RI,INV109916,03/26/2024,5860128,1371.98,.00,439008,439000008
120,RI,INV109922,03/26/2024,Housekeeping/Debbie,134.30,.00,766201,
120,RI,INV109924,03/26/2024,B07400016878,268.36,.00,358401,740000137
120,RI,INV109928,03/26/2024,B07400016872,744.98,.00,358401,740000137
120,RI,INV109929,03/26/2024,B04050002919,1335.11,.00,406125,405000023
120,RI,INV109931,03/26/2024,B04610046370,1195.83,.00,262755,461021054
120,RI,INV109932,03/26/2024,B04610046367,320.28,.00,407303,461022153
120,RI,INV109940,03/26/2024,B04610045633,53.22,.00,958980,461022192
120,RI,INV109941,03/26/2024,B04610046414,1079.61,.00,328321,461328321
120,RI,INV109944,03/26/2024,B04610046418,1105.71,.00,958980,461022192
120,RI,INV109951,03/26/2024,061897,1297.50,.00,694010,694000010
120,RI,INV109953,03/26/2024,55875054,1709.25,.00,441862,440161860
120,RI,INV109954,03/26/2024,B02950002481,51.03,.00,499301,295000057
120,RI,INV109956,03/26/2024,55950102,1311.44,.00,441860,440061860
120,RI,INV109958,03/26/2024,55933695,2103.89,.00,441862,440161860
120,RI,INV109959,03/26/2024,B02950002517,85.48,.00,499301,295000057
120,RI,INV109962,03/26/2024,55950216,804.52,.00,441862,440161860
120,RI,INV109971,03/26/2024,062218,3280.04,.00,694009,694000009
120,RI,INV109973,03/26/2024,B04610046409,1624.57,.00,765956,461020155
120,RI,INV109974,03/26/2024,B04610046456,1355.93,.00,633233,461020165
120,RI,INV109977,03/26/2024,062020,375.00,.00,694008,694000008
120,RI,INV109978,03/26/2024,B04610045507,5.72,.00,633233,461020165
120,RI,INV109987,03/26/2024,NATS0000025259,91.05,.00,278496,572020003
120,RI,INV109992,03/26/2024,55951435,580.42,.00,552041,438020262
120,RI,INV110051,03/26/2024,B04050002884,67.42,.00,406103,405000003
120,RI,INV110058,03/26/2024,B04610046449,1717.61,.00,326180,461326180
120,RI,INV110070,03/26/2024,B04610046459,1811.69,.00,407301,461021042
120,RI,INV110073,03/26/2024,- None -,64.01,.00,994262,755310573
120,RI,INV110074,03/26/2024,B04610046131,24.43,.00,739888,461739888
120,RI,INV110075,03/26/2024,FILL IN,53.21,.00,739888,461739888
120,RI,INV110077,03/26/2024,housekeeping,85.22,.00,515700,527023439
120,RI,INV110079,03/26/2024,3020  B02950002515,1135.90,.00,499301,295003020
120,RI,INV110081,03/26/2024,B07400016864,440.68,.00,350086,740100001
120,RI,INV110083,03/26/2024,B04610046389,1928.83,.00,800857,461800857
120,RI,INV110097,03/26/2024,B04060002678,913.84,.00,406026,406000026
120,RI,INV110098,03/26/2024,4503647768,1613.70,.00,944645,426001060
120,RI,INV110100,03/26/2024,B02950002521,1620.94,.00,499301,295003395
120,RI,INV110109,03/26/2024,B04610046452,1211.86,.00,461601,461020601
120,RI,INV110120,03/26/2024,DIETARY,1227.90,.00,515700,527023439
120,RI,INV110131,03/26/2024,B07400016867,580.77,.00,740185,740100185
120,RI,INV110133,03/26/2024,B07400016859,339.08,.00,339330,740000237
120,RI,INV110144,03/26/2024,B04610046403,1637.78,.00,461074,461021704
120,RI,INV110145,03/26/2024,B04610046387,1975.12,.00,914102,461021740
120,RI,INV110159,03/26/2024,KRISTINA,67.86,.00,755004,
120,RI,INV110162,03/26/2024,B04050002922,1063.06,.00,406028,405000028
120,RI,INV110165,03/26/2024,B04610046455,1183.52,.00,556807,461556807
120,RI,INV110166,03/26/2024,B04610046397,86.20,.00,194660,461194660
120,RI,INV110167,03/26/2024,B04610046411,83.09,.00,194660,461194660
120,RI,INV110175,03/26/2024,B04610046399,1574.35,.00,194660,461194660
120,RI,INV110181,03/26/2024,55880547,47.06,.00,432018,432053003
120,RI,INV110182,03/26/2024,ORIOL04675,34.79,.00,572757,572061757
120,RI,INV110190,03/26/2024,ORIOL04658,34.79,.00,572757,572061757
120,RI,INV110191,03/26/2024,ORIOL04643,34.79,.00,572757,572061757
120,RI,INV110202,03/26/2024,CENTRAL SUPPLY,2011.07,.00,473055,
120,RI,INV110206,03/26/2024,B07400016883,1309.24,.00,948085,740000143
120,RI,INV110208,03/26/2024,B04610046453,1939.26,.00,309254,461020852
120,RI,INV110223,03/26/2024,DIETARY,271.58,.00,473055,
120,RI,INV110224,03/26/2024,3750  B02950002522,1004.62,.00,499301,295003750
120,RI,INV110236,03/26/2024,ORIOL04832,4243.50,.00,572757,572061757
120,RI,INV110237,03/26/2024,B04610045953,8.69,.00,309254,461020852
120,RI,INV110238,03/26/2024,B04610046134,10.87,.00,309254,461020852
120,RI,INV110240,03/26/2024,B07400016736,239.86,.00,593482,740000045
120,RI,INV110253,03/26/2024,B04610046368,1036.99,.00,914103,461021117
120,RI,INV110270,03/26/2024,B08010049038,364.95,.00,164064,801000574
120,RI,INV110271,03/26/2024,B08010049036,777.13,.00,164064,801300002
120,RI,INV110272,03/26/2024,B08010049039,361.27,.00,164064,801300004
120,RI,INV110279,03/26/2024,55949161,3241.14,.00,449056,449031056
120,RI,INV110284,03/26/2024,B04610046396,1148.66,.00,461874,461020874
120,RI,INV110290,03/26/2024,B04610046388,893.31,.00,309253,461309253
120,RI,INV110292,03/26/2024,B04610046412,864.66,.00,545313,461545313
120,RI,INV110305,03/26/2024,B04610046427,834.25,.00,461003,461019064
120,RI,INV110309,03/26/2024,16102,48901.02,.00,920011,
120,RI,INV110310,03/26/2024,ANNA SCHUTTER,47140.93,.00,920012,
120,RI,INV110336,03/26/2024,WILL CALL,248.36,.00,407300,461407300
120,RI,INV110350,03/26/2024,PAPER11,791.10,.00,406001,406000001
120,RI,INV110356,03/26/2024,B04050002917,846.87,.00,406126,405000026
120,RI,INV110365,03/26/2024,KACEY GILL,4202.00,.00,920022,092000016
120,RI,INV110369,03/26/2024,BRYAN ROSAS,18121.79,.00,920016,92000005
120,RI,INV110370,03/26/2024,LINDSEY WINSMAN,12336.10,.00,920021,092000014
120,RI,INV110397,03/26/2024,B04610045520,47.50,.00,272618,461023602
120,RI,INV110409,03/26/2024,B04610046466,865.83,.00,765955,461023327
120,RI,INV110414,03/26/2024,B04610046471,940.73,.00,461004,461023502
120,RI,INV110417,03/26/2024,55960680,1270.67,.00,449618,449054618
120,RI,INV110423,03/26/2024,55973318,12811.24,.00,449302,449352802
120,RI,INV110424,03/26/2024,B04610046485,73.88,.00,367089,461367089
120,RI,INV110432,03/26/2024,55968103,5277.04,.00,449010,449010000
120,RI,INV110437,03/26/2024,B04610046478,990.73,.00,461834,461023834
120,RI,INV110438,03/26/2024,B04610046480,66.91,.00,765955,461023327
120,RI,INV110443,03/26/2024,B04610046477,1390.89,.00,367090,461022901
120,RI,INV110446,03/26/2024,55972939,4176.14,.00,449302,449352802
120,RI,INV110447,03/26/2024,B04610046472,844.97,.00,772617,461772617
120,RI,INV110451,03/26/2024,B04610046491,449.11,.00,367089,461367089
120,RI,INV110454,03/26/2024,55967880,3624.62,.00,449402,
120,RI,INV110457,03/26/2024,B04610046487,861.00,.00,272617,461023666
120,RI,INV110458,03/26/2024,55969495,729.83,.00,449010,449010000
120,RI,INV110464,03/26/2024,B04610046483,1228.89,.00,272618,461023602
120,RI,INV110468,03/26/2024,JHS,605.93,.00,136417,631005751
120,RI,INV110470,03/26/2024,55915867,17.81,.00,449618,449054618
120,RI,INV110473,03/26/2024,B04610046337,115.74,.00,272618,461023602
120,RI,INV110488,03/26/2024,55930878,376.30,.00,449302,449352802
120,RI,INV110491,03/26/2024,B04610046464,23.95,.00,739889,461022601
120,RI,INV110493,03/26/2024,3035 B02950002525,942.03,.00,499301,295003035
120,RI,INV110494,03/26/2024,7042  B02950002523,1404.93,.00,499301,295007042
120,RI,INV110495,03/26/2024,3036 B02950002526,355.25,.00,499301,295003036
120,RI,INV110497,03/26/2024,B08010049638,941.53,.00,801294,801311294
120,RI,INV110498,03/26/2024,B04610046442,2110.92,.00,739889,461022601
120,RI,INV110503,03/26/2024,B02950002520,103.60,.00,499301,295000044
120,RI,INV110505,03/26/2024,55969258,629.08,.00,736438,438032093
120,RI,INV110506,03/26/2024,0047,808.10,.00,499301,295000047
120,RI,INV110508,03/26/2024,55976362,331.42,.00,571301,438014937
120,RI,INV110511,03/26/2024,55970884,1192.24,.00,571301,438014937
120,RI,INV110512,03/26/2024,55972825,1742.77,.00,331000,438022221
120,RI,INV110521,03/26/2024,55791748,248.31,.00,331000,438022221
120,RI,INV110523,03/26/2024,6416,21.17,.00,499301,295006416
120,RI,INV110524,03/26/2024,DCUNI06593,164.09,.00,108003,572036578
120,RI,INV110527,03/26/2024,3023 B02950002509,411.32,.00,499301,295003023
120,RI,INV110528,03/26/2024,B02950002479,24.02,.00,499301,295003023
120,RI,INV110529,03/26/2024,B02950002492,48.04,.00,499301,295003023
120,RI,INV110531,03/26/2024,55642902,56.08,.00,552041,438020262
120,RI,INV110534,03/26/2024,6416,21.17,.00,499301,295006416
120,RI,INV110537,03/26/2024,B07550001266,355.30,.00,716030,
120,RI,INV110539,03/26/2024,SO10027321,959.83,.00,820110,755000829
120,RI,INV110542,03/26/2024,Franck,1128.40,.00,736673,755000860
120,RI,INV110543,03/26/2024,DCUNI06661,219.99,.00,108003,572036578
120,RI,INV110545,03/26/2024,DCUNI06699,3306.80,.00,108003,572036578
120,RI,INV110546,03/26/2024,1101,306.10,.00,499301,295001101
120,RI,INV110547,03/26/2024,55971618,299.11,.00,552041,438020262
120,RI,INV110548,03/26/2024,6416,957.91,.00,499301,295006416
120,RI,INV110552,03/26/2024,NATS0000025295,72.72,.00,278496,572020003
120,RI,INV110555,03/26/2024,DCUNI06682,118.47,.00,108003,572036578
120,RI,INV110559,03/26/2024,NATS0000025275,64.32,.00,278496,572020003
120,RI,INV110562,03/26/2024,NATS0000025325,64.40,.00,278496,
120,RI,INV110573,03/26/2024,55969643,863.13,.00,168564,438021022
120,RI,INV110575,03/26/2024,B07400016885,297.15,.00,632317,740000010
120,RI,INV112791,03/26/2024,8444,11991.91,.00,920019,92000008
120,RI,INV102229,03/27/2024,HOUSEKEEPING,3849.07,.00,583410,
120,RI,INV110585,03/27/2024,4503646928,28.04,.00,714611,426001059
120,RI,INV110588,03/27/2024,4503643734,97.74,.00,714611,426001059
120,RI,INV110598,03/27/2024,B04610046495,507.47,.00,862385,461022033
120,RI,INV110600,03/27/2024,55967965,733.00,.00,440996,440057996
120,RI,INV110605,03/27/2024,062244,2573.69,.00,694005,694000005
120,RI,INV110606,03/27/2024,4503648306,56.08,.00,714611,426001059
120,RI,INV110634,03/27/2024,- None -,1142.24,.00,656100,755310438
120,RI,INV110638,03/27/2024,B04060002680,947.62,.00,406014,406000012
120,RI,INV110672,03/27/2024,SO10028296,1547.98,.00,397700,755000775
120,RI,INV110677,03/27/2024,3217686,570.85,.00,342646,527000028
120,RI,INV110683,03/27/2024,B07550001276,1124.55,.00,716080,755000826
120,RI,INV110684,03/27/2024,B07550001280,683.41,.00,768399,
120,RI,INV110685,03/27/2024,B07550001272,814.23,.00,716270,
120,RI,INV110686,03/27/2024,B07550001268,1224.00,.00,234100,755000786
120,RI,INV110694,03/27/2024,- None -,21.00,.00,773527,755310566
120,RI,INV110700,03/27/2024,- None -,2314.48,.00,773527,755310566
120,RI,INV110723,03/27/2024,55659226,819.60,.00,702126,434005246
120,RI,INV110726,03/27/2024,55918443,1366.00,.00,702126,434005246
120,RI,INV110740,03/27/2024,55948071,337.93,.00,432017,432053001
120,RI,INV110742,03/27/2024,55934035,429.28,.00,432017,432053001
120,RI,INV110746,03/27/2024,55948052,80.14,.00,432017,432053001
120,RI,INV110749,03/27/2024,ORIOL04866,2388.87,.00,572757,572061757
120,RI,INV110753,03/27/2024,ORIOL04850,357.50,.00,572757,572061757
120,RI,INV110754,03/27/2024,ORIOL04894,893.75,.00,572757,572061757
120,RI,INV110755,03/27/2024,3217059,647.46,.00,692753,
120,RI,INV110767,03/27/2024,- None -,313.04,.00,546300,
120,RI,INV110772,03/27/2024,B07400016890,516.80,.00,887489,740000268
120,RI,INV110777,03/27/2024,B07400016895,237.80,.00,350086,740100001
120,RI,INV110782,03/27/2024,housekeeping,458.10,.00,546300,
120,RI,INV110796,03/27/2024,SLADE SCHOOL,3137.25,.00,245176,
120,RI,INV110810,03/27/2024,B08010049662,363.80,.00,192752,801310733
120,RI,INV110812,03/27/2024,TGT032624,1193.05,.00,406024,405000024
120,RI,INV110813,03/27/2024,B08010049648,7489.89,.00,282718,801005004
120,RI,INV110818,03/27/2024,Laundry,696.46,.00,562931,
120,RI,INV110820,03/27/2024,Housekeeping,207.18,.00,562931,
120,RI,INV110827,03/27/2024,Derald Higgins,1725.57,.00,814703,740000003
120,RI,INV110829,03/27/2024,housekeeping,1045.60,.00,426644,
120,RI,INV110834,03/27/2024,3217277,643.00,.00,470015,
120,RI,INV110835,03/27/2024,Laundry,690.06,.00,426644,
120,RI,INV110837,03/27/2024,CENTRAL SUPPLY,331.94,.00,470015,
120,RI,INV110865,03/27/2024,B04610046496,834.27,.00,406315,461406315
120,RI,INV110867,03/27/2024,3217309,1199.00,.00,470015,
120,RI,INV110873,03/27/2024,B04050002922,215.25,.00,406028,405000028
120,RI,INV110876,03/27/2024,- None -,1528.84,.00,994262,755310573
120,RI,INV110879,03/27/2024,B07550001282,633.46,.00,994262,755310573
120,RI,INV110880,03/27/2024,2403188950,1001.86,.00,562931,
120,RI,INV110882,03/27/2024,55973494,4451.41,.00,432109,432153009
120,RI,INV110884,03/27/2024,- None -,10.50,.00,994262,755310573
120,RI,INV110891,03/27/2024,55767428,34.76,.00,432016,432053006
120,RI,INV110898,03/27/2024,55951684,764.84,.00,432016,432053006
120,RI,INV110910,03/27/2024,3218640,158.84,.00,583410,
120,RI,INV110916,03/27/2024,3218638,474.30,.00,583410,
120,RI,INV110920,03/27/2024,3216474,1054.58,.00,583410,
120,RI,INV110935,03/27/2024,LINDSAY WINSMAN,3873.50,.00,920021,092000015
120,RI,INV110938,03/27/2024,HOUSEKEEPING,.00,.00,583410,
120,RI,INV110942,03/27/2024,- None -,120.46,.00,765520,
120,RI,INV110945,03/27/2024,- None -,.00,.00,953724,
120,RI,INV110947,03/27/2024,42431,4102.56,.00,765520,92000001
120,RI,INV110948,03/27/2024,FedEx,78.70,.00,461691,461008691
120,RI,INV110949,03/27/2024,- None -,.00,.00,920011,92000011
120,RI,INV110953,03/27/2024,5255,3082.27,.00,920016,92000005
120,RI,INV110955,03/27/2024,- None -,255.45,.00,461130,461021030
120,RI,INV110964,03/27/2024,brick trays,667.90,.00,572757,572061757
120,RI,INV110973,03/27/2024,16105,9859.75,.00,920011,
120,RI,INV110980,03/27/2024,55973318,834.75,.00,449302,449352802
120,RI,INV110990,03/27/2024,ANNA SCHUTTER,9241.69,.00,920012,
120,RI,INV110994,03/27/2024,42000908,54261.72,.00,920012,
120,RI,INV110995,03/27/2024,55521503,1084.38,.00,441862,440161860
120,RI,INV111003,03/27/2024,16104,2815.38,.00,920011,
120,RI,INV111004,03/27/2024,42700171,10304.28,.00,920021,092000014
120,RI,INV111008,03/27/2024,41400488,11220.06,.00,920018,92000007
120,RI,INV111016,03/27/2024,03/28/2024,206.70,.00,692754,
120,RI,INV111018,03/27/2024,B04610046380,605.59,.00,461179,461033179
120,RI,INV111019,03/27/2024,B04610046378,110.76,.00,545316,461137214
120,RI,INV111020,03/27/2024,- None -,149.15,.00,545316,461137214
120,RI,INV111021,03/27/2024,B04610046322,63.63,.00,416104,461137040
120,RI,INV111022,03/27/2024,B04610046364,610.51,.00,403860,461148083
120,RI,INV111023,03/27/2024,B04610046369,284.31,.00,94887,461134207
120,RI,INV111026,03/27/2024,B04610046468,178.60,.00,461410,461146410
120,RI,INV111028,03/27/2024,B04610046469,210.30,.00,416104,461137040
120,RI,INV111029,03/27/2024,B04610046473,103.46,.00,461471,461134471
120,RI,INV111030,03/27/2024,B04610046481,117.92,.00,545315,461145615
120,RI,INV111031,03/27/2024,B04610046482,103.49,.00,545316,461137214
120,RI,INV111032,03/27/2024,B04610046489,126.43,.00,94889,461133331
120,RI,INV111033,03/27/2024,B04610046501,266.20,.00,545311,461545311
120,RI,INV111034,03/27/2024,B04610045506,36.34,.00,859096,461133613
120,RI,INV111035,03/27/2024,FEDEX,169.60,.00,461053,461008053
120,RI,INV111039,03/27/2024,B04610046112,4.35,.00,461074,461021704
120,RI,INV111042,03/27/2024,B04610046132,8.28,.00,633233,461020165
120,RI,INV111050,03/27/2024,B04610046545,1139.41,.00,366744,461023113
120,RI,INV111054,03/27/2024,2001013632,16662.40,.00,120109,459000001
120,RI,INV111069,03/27/2024,55967880,233.73,.00,449402,
120,RI,INV111071,03/27/2024,B04610046546,1307.90,.00,367089,461367089
120,RI,INV111083,03/27/2024,42432,890.45,.00,765520,92000001
120,RI,INV111088,03/27/2024,B04610046549,1526.22,.00,461407,461022407
120,RI,INV111090,03/27/2024,03272024,2948.20,.00,801002,801311061
120,RI,INV111091,03/27/2024,B04610046536,1369.13,.00,461073,461024073
120,RI,INV111098,03/27/2024,42500554,900.00,.00,765520,92000001
120,RI,INV111113,03/27/2024,55920266,83.79,.00,449218,449044218
120,RI,INV111120,03/27/2024,3219708,761.52,.00,736673,755000860
120,RI,INV111124,03/27/2024,SO10029131,583.33,.00,820126,
120,RI,INV111129,03/27/2024,B07550001293,791.10,.00,820170,755000845
120,RI,INV111130,03/27/2024,1010,204.00,.00,499301,295001010
120,RI,INV111132,03/27/2024,55969258,308.88,.00,736438,438032093
120,RI,INV111134,03/27/2024,1020,410.60,.00,499301,295001020
120,RI,INV111143,03/27/2024,B07550001287,924.18,.00,234100,755000786
120,RI,INV111146,03/27/2024,B04610046530,845.53,.00,632334,461022315
120,RI,INV111147,03/27/2024,1030,993.63,.00,499301,295001030
120,RI,INV111157,03/27/2024,3095 B02950002527,719.78,.00,499301,295003095
120,RI,INV111158,03/27/2024,3122,1044.20,.00,499301,295003122
120,RI,INV111160,03/27/2024,1010 VAUGHN,870.52,.00,499301,295001010
120,RI,INV111165,03/27/2024,B04610046511,976.88,.00,62139,461019462
120,RI,INV111167,03/27/2024,B07550001291,215.25,.00,716340,
120,RI,INV111172,03/27/2024,B07550001294,758.19,.00,761100,755000785
120,RI,INV111173,03/27/2024,B04610046508,2419.32,.00,580102,461580102
120,RI,INV111175,03/27/2024,B04060002684,1382.08,.00,406006,406000019
120,RI,INV111178,03/27/2024,SO10029099,768.53,.00,244841,755000781
120,RI,INV111179,03/27/2024,55991273,2212.34,.00,434001,434011464
120,RI,INV111180,03/27/2024,55989872,477.40,.00,469246,438045949
120,RI,INV111194,03/27/2024,B01480002366.2D12495308,1296.39,.00,148039,148000039
120,RI,INV111200,03/27/2024,B04610046519,993.77,.00,461171,461020171
120,RI,INV111204,03/27/2024,2004 DELONTA,276.96,.00,499301,295002004
120,RI,INV111207,03/28/2024,55952178,441.85,.00,432015,432053010
120,RI,INV111211,03/28/2024,B07550001289,1858.35,.00,755872,
120,RI,INV111214,03/28/2024,B04610046528,2334.13,.00,262753,461019901
120,RI,INV111215,03/28/2024,B07550001286,540.24,.00,755874,755310874
120,RI,INV111216,03/28/2024,B04060002685,1467.52,.00,406007,406000018
120,RI,INV111226,03/28/2024,NATS0000025410,21.42,.00,278496,572020003
120,RI,INV111231,03/28/2024,55990077,1387.52,.00,552041,438020262
120,RI,INV111235,03/28/2024,NATS0000025432,175.65,.00,278496,572020003
120,RI,INV111265,03/28/2024,B04610046561,561.09,.00,309253,461309253
120,RI,INV111275,03/28/2024,MICHAEL,971.52,.00,830600,631000708
120,RI,INV111277,03/28/2024,B04610046533,30.80,.00,461204,461021204
120,RI,INV111279,03/28/2024,3130  B02950002528,362.67,.00,499301,295003130
120,RI,INV111280,03/28/2024,B04610046526,1598.81,.00,461204,461021204
120,RI,INV111297,03/28/2024,B07400016905,366.43,.00,634489,740000050
120,RI,INV111304,03/28/2024,00311332425,1974.76,.00,707655,707001655
120,RI,INV111315,03/28/2024,B07550001282,219.57,.00,994262,755310573
120,RI,INV111318,03/28/2024,VERBAL PHONE CALL,1015.17,.00,406005,406000009
120,RI,INV111319,03/28/2024,B04060002682,810.50,.00,406008,406000017
120,RI,INV111321,03/28/2024,B01460013123.2D12837987,8257.76,.00,146031,146000031
120,RI,INV111322,03/28/2024,B01460013300.2D12826261,537.84,.00,146118,146000118
120,RI,INV111324,03/28/2024,B04060002683,1083.60,.00,406004,406000007
120,RI,INV111327,03/28/2024,55989210,1998.32,.00,391275,438020348
120,RI,INV111328,03/28/2024,B02950002521,44.97,.00,499301,295003395
120,RI,INV111338,03/28/2024,B04610046548,1576.55,.00,461157,461021157
120,RI,INV111348,03/28/2024,B07400016858,689.83,.00,789511,740000126
120,RI,INV111361,03/28/2024,B01460013297.2D12826261,14671.83,.00,146118,146000118
120,RI,INV111365,03/28/2024,3220323,1200.58,.00,358881,527021036
120,RI,INV111367,03/28/2024,B04610046518,6087.09,.00,407300,461407300
120,RI,INV111368,03/28/2024,55990928,3465.60,.00,432010,432053012
120,RI,INV111377,03/28/2024,55991365,870.33,.00,432011,432052999
120,RI,INV111378,03/28/2024,B04610046532,1703.04,.00,461801,461021801
120,RI,INV111389,03/28/2024,DIETARY,50.95,.00,515700,527023439
120,RI,INV111394,03/28/2024,DIETARY,50.95,.00,515700,527023439
120,RI,INV111413,03/28/2024,ALLANTE0327,956.11,.00,755736,755974736
120,RI,INV111433,03/28/2024,3220029,588.77,.00,820100,
120,RI,INV111435,03/28/2024,Central Supply,465.66,.00,515700,527023439
120,RI,INV111451,03/28/2024,B07400016895,52.95,.00,350086,740100001
120,RI,INV111453,03/28/2024,55987737,11981.05,.00,702126,434005246
120,RI,INV111456,03/28/2024,B08010049681,1626.90,.00,801608,801910608
120,RI,INV111459,03/28/2024,B07400016904,499.82,.00,775193,740000232
120,RI,INV111462,03/28/2024,55950818,15.95,.00,432012,432053004
120,RI,INV111463,03/28/2024,55991430,294.29,.00,432012,432053004
120,RI,INV111464,03/28/2024,55991511,2007.08,.00,432012,432053004
120,RI,INV111465,03/28/2024,B04610046544,2221.06,.00,461014,461021014
120,RI,INV111472,03/28/2024,DIETARY,50.95,.00,661995,
120,RI,INV111475,03/28/2024,55992306,848.55,.00,432013,432053005
120,RI,INV111486,03/28/2024,B04060002675,364.38,.00,406012,406000010
120,RI,INV111489,03/28/2024,B04060002686,1312.77,.00,406012,406000010
120,RI,INV111497,03/28/2024,03252024,218.89,.00,180501,572044317
120,RI,INV111506,03/28/2024,55991478,736.29,.00,432017,432053001
120,RI,INV111539,03/28/2024,WILL CALL,73.88,.00,407301,461021042
120,RI,INV111569,03/28/2024,B04050002868,85.80,.00,406107,405000007
120,RI,INV111579,03/28/2024,062159,240.08,.00,694013,694000013
120,RI,INV111596,03/28/2024,062218,166.10,.00,694009,694000009
120,RI,INV111608,03/28/2024,Smallware,1355.63,.00,461334,461133334
120,RI,INV111616,03/28/2024,55837942,74.75,.00,432013,432053005
120,RI,INV111618,03/28/2024,ANNA SCHUTTER,4379.48,.00,920012,
120,RI,INV111624,03/28/2024,55769517,27130.81,.00,438352,438120352
120,RI,INV111642,03/28/2024,B04610046539,657.70,.00,461109,461134109
120,RI,INV111643,03/28/2024,B04610046556,298.43,.00,416104,461137040
120,RI,INV111644,03/28/2024,B04610046505,137.24,.00,461822,461132822
120,RI,INV111647,03/28/2024,B04610046079,122.95,.00,461807,461152807
120,RI,INV111653,03/28/2024,90033,25144.35,.00,920009,92000009
120,RI,INV111654,03/28/2024,16108,16082.33,.00,920011,
120,RI,INV111655,03/28/2024,89779,3585.00,.00,920009,92000009
120,RI,INV111656,03/28/2024,KASEY GILL,6492.99,.00,920022,092000016
120,RI,INV111658,03/28/2024,90267,.00,.00,920009,92000009
120,RI,INV111659,03/28/2024,42600554,8832.24,.00,920022,092000016
120,RI,INV111675,03/28/2024,B04610046595,1495.67,.00,367089,461367089
120,RI,INV111680,03/28/2024,B04610046562,1631.03,.00,461004,461023502
120,RI,INV111684,03/28/2024,B04610046604,650.35,.00,272617,461023666
120,RI,INV111709,03/28/2024,3223448,771.54,.00,646053,323393940
120,RI,INV111714,03/28/2024,B04610046581,745.09,.00,461002,461023112
120,RI,INV111730,03/28/2024,B04610046593,752.93,.00,272618,461023602
120,RI,INV111731,03/28/2024,B04610046577,1704.43,.00,772617,461772617
120,RI,INV111735,03/28/2024,B04610046590,29.06,.00,461002,461023112
120,RI,INV111736,03/28/2024,B04610046560,871.58,.00,509001,461509001
120,RI,INV111738,03/28/2024,B04610046591,11.92,.00,461702,461018702
120,RI,INV111739,03/28/2024,B04610046547,1567.10,.00,812120,461812120
120,RI,INV111741,03/28/2024,B08010049675,1108.27,.00,918024,801001150
120,RI,INV111742,03/28/2024,B04610046603,1180.93,.00,461011,461017011
120,RI,INV111743,03/28/2024,B04610046615,1556.05,.00,461701,461017601
120,RI,INV111744,03/28/2024,B04610046611,1286.72,.00,955264,461018052
120,RI,INV111745,03/28/2024,B04610046587,1103.85,.00,461702,461018702
120,RI,INV111746,03/28/2024,B04610046624,420.04,.00,812120,461812120
120,RI,INV111747,03/28/2024,B04610046582,1620.25,.00,632333,461017112
120,RI,INV111748,03/28/2024,B04610046633,57.08,.00,461053,461008053
120,RI,INV111750,03/28/2024,B04610046606,48.49,.00,716507,461019406
120,RI,INV111751,03/28/2024,B04610046531,971.03,.00,716507,461019406
120,RI,INV111752,03/28/2024,B04610046502,1035.36,.00,62140,461018974
120,RI,INV111753,03/28/2024,B04610046574,74.55,.00,461053,461008053
120,RI,INV111754,03/28/2024,B04610046573,1165.35,.00,461030,461019030
120,RI,INV111755,03/28/2024,B04610046608,1084.60,.00,461691,461008691
120,RI,INV111757,03/28/2024,B04610046543,56.08,.00,101889,461008096
120,RI,INV111758,03/28/2024,B04610046571,1384.90,.00,461053,461008053
120,RI,INV111759,03/28/2024,friday special,1935.77,.00,461803,461019803
120,RI,INV111760,03/28/2024,B04610046638,741.14,.00,461003,461019064
120,RI,INV111761,03/28/2024,B04610046630,1611.38,.00,101889,461008096
120,RI,INV111762,03/29/2024,2000972775,688.20,.00,120109,459000005
120,RI,INV111768,03/29/2024,SO10024693,82.15,.00,984660,
120,RI,INV111773,03/29/2024,3201758,191.70,.00,736673,755000860
120,RI,INV111778,03/29/2024,1234567,127.80,.00,736673,
120,RI,INV111784,03/29/2024,3122,72.18,.00,499301,295003122
120,RI,INV111785,03/29/2024,3219708,926.45,.00,736673,755000860
120,RI,INV111792,03/29/2024,NATS0000025373,1082.47,.00,278496,572020003
120,RI,INV111793,03/29/2024,PRETZEL BAGS,2608.00,.00,278496,572020003
120,RI,INV111795,03/29/2024,062293,501.65,.00,694005,694000005
120,RI,INV111796,03/29/2024,NATS0000025327,731.30,.00,278496,572020003
120,RI,INV111807,03/29/2024,NATS0000025510,248.17,.00,278496,572020003
120,RI,INV111809,03/29/2024,062267,748.50,.00,694012,694000012
120,RI,INV111810,03/29/2024,NATS0000025449,1391.22,.00,278496,572020003
120,RI,INV111814,03/29/2024,NATS0000025436,381.17,.00,278496,572020003
120,RI,INV111815,03/29/2024,062286,1680.84,.00,694007,694000007
120,RI,INV111819,03/29/2024,NATS0000025508,78.90,.00,278496,572020003
120,RI,INV111820,03/29/2024,SMALLWARES,44.40,.00,278496,572020003
120,RI,INV111823,03/29/2024,62287,50.06,.00,781001,
120,RI,INV111825,03/29/2024,B07550001297,793.27,.00,225670,
120,RI,INV111826,03/29/2024,B07550001284,1150.86,.00,737280,755000784
120,RI,INV111829,03/29/2024,SO10029626,827.15,.00,766156,
120,RI,INV111831,03/29/2024,B07550001298,1736.47,.00,716050,755000834
120,RI,INV111833,03/29/2024,- None -,1048.60,.00,656100,755310438
120,RI,INV111835,03/29/2024,- None -,2433.97,.00,773527,755310566
120,RI,INV111838,03/29/2024,B04610046563,73.88,.00,765956,461020155
120,RI,INV111842,03/29/2024,B04610046632,61.17,.00,765956,461020155
120,RI,INV111851,03/29/2024,56011051,1821.39,.00,331000,438022221
120,RI,INV111852,03/29/2024,B04610046567,692.61,.00,633233,461020165
120,RI,INV111859,03/29/2024,B04610046628,81.47,.00,765956,461020155
120,RI,INV111860,03/29/2024,1030,280.99,.00,499301,295001030
120,RI,INV111874,03/29/2024,56012978,204.67,.00,736438,438032093
120,RI,INV111878,03/29/2024,56009449,1168.09,.00,736438,438032093
120,RI,INV111881,03/29/2024,56009781,35.18,.00,736438,438032093
120,RI,INV111884,03/29/2024,3122,261.22,.00,499301,295003122
120,RI,INV111885,03/29/2024,B02950002530,397.31,.00,499301,295003130
120,RI,INV111886,03/29/2024,56008595,1982.54,.00,441860,440061860
120,RI,INV111887,03/29/2024,1040,712.33,.00,499301,295001040
120,RI,INV111890,03/29/2024,B04610046584,903.10,.00,765956,461020155
120,RI,INV111893,03/29/2024,56019573,676.83,.00,440995,440157995
120,RI,INV111908,03/29/2024,EUGENIA,661.58,.00,979400,41040047
120,RI,INV111911,03/29/2024,1640,102.00,.00,499301,295001640
120,RI,INV111916,03/29/2024,1101,51.00,.00,499301,295001101
120,RI,INV111928,03/29/2024,- None -,31.82,.00,407301,461021042
120,RI,INV111945,03/29/2024,B04610046578,1647.46,.00,326180,461326180
120,RI,INV111946,03/29/2024,B04610046621,1548.40,.00,407301,461021042
120,RI,INV111948,03/29/2024,B04610046586,1165.92,.00,406315,461406315
120,RI,INV111950,03/29/2024,B04610046631,85.18,.00,739888,461739888
120,RI,INV111955,03/29/2024,B04610046588,1889.30,.00,739888,461739888
120,RI,INV111958,03/29/2024,B04610046609,214.18,.00,739888,461739888
120,RI,INV111966,03/29/2024,B04610046566,1371.63,.00,461601,461020601
120,RI,INV111968,03/29/2024,B04060002681,1111.81,.00,406019,406000023
120,RI,INV111975,03/29/2024,55952738,85.05,.00,432019,432053000
120,RI,INV111996,03/29/2024,- None -,2201.96,.00,994262,755310573
120,RI,INV112007,03/29/2024,B04610046614,980.83,.00,800857,461800857
120,RI,INV112017,03/29/2024,B04610046637,1919.92,.00,461874,461020874
120,RI,INV112023,03/29/2024,DIETARY,1013.16,.00,661995,
120,RI,INV112036,03/29/2024,B04610046579,1170.53,.00,914103,461021117
120,RI,INV112039,03/29/2024,55768890,99.38,.00,432018,432053003
120,RI,INV112041,03/29/2024,ORIOL04897,450.11,.00,572757,572061757
120,RI,INV112044,03/29/2024,KITCHEN,365.27,.00,620203,40000163
120,RI,INV112046,03/29/2024,ORIOL04896,498.54,.00,572757,572061757
120,RI,INV112049,03/29/2024,DIETARY,685.35,.00,473055,
120,RI,INV112051,03/29/2024,3224258,336.60,.00,692753,
120,RI,INV112052,03/29/2024,ORIOL04866,129.00,.00,572757,572061757
120,RI,INV112055,03/29/2024,56003334,1398.43,.00,432017,432053001
120,RI,INV112057,03/29/2024,ORIOL04950,819.50,.00,572757,572061757
120,RI,INV112065,03/29/2024,ORIOL04948,7133.70,.00,572757,572061757
120,RI,INV112066,03/29/2024,ORIOL04944,164.51,.00,572757,572061757
120,RI,INV112067,03/29/2024,B04610046553,1280.36,.00,914102,461021740
120,RI,INV112068,03/29/2024,B07400016908,1213.38,.00,644141,740000066
120,RI,INV112069,03/29/2024,4524664340,766.00,.00,650979,091440600
120,RI,INV112075,03/29/2024,B04610046613,1504.37,.00,461074,461021704
120,RI,INV112081,03/29/2024,55529974,172.53,.00,438593,438122593
120,RI,INV112083,03/29/2024,B02950002488,98.38,.00,499301,295003395
120,RI,INV112084,03/29/2024,DIETARY,103.35,.00,766201,527062185
120,RI,INV112087,03/29/2024,DIETARY,17.23,.00,766201,527062185
120,RI,INV112092,03/29/2024,B04610046610,1120.78,.00,958980,461022192
120,RI,INV112095,03/29/2024,B04610046561,52.42,.00,309253,461309253
120,RI,INV112097,03/29/2024,B04610046576,445.81,.00,545313,461545313
120,RI,INV112098,03/29/2024,B04610046568,1874.10,.00,262755,461021054
120,RI,INV112099,03/29/2024,55918443,2246.05,.00,702126,434005246
120,RI,INV112106,03/29/2024,56016441,3116.64,.00,391275,438020348
120,RI,INV112122,03/29/2024,DIETARY,192.86,.00,766201,527062185
120,RI,INV112126,03/29/2024,laundry,714.51,.00,820100,
120,RI,INV112129,03/29/2024,3224339,1561.22,.00,820100,
120,RI,INV112157,03/29/2024,B04610046607,1197.31,.00,328321,461328321
120,RI,INV112158,03/29/2024,B04610046617,1664.29,.00,556807,461556807
120,RI,INV112165,03/29/2024,B04610046627,2236.05,.00,194660,461194660
120,RI,INV112171,03/29/2024,Bel Air  Dan,421.20,.00,194660,461194660
120,RI,INV112184,03/29/2024,ANNA SCHUTTER,7829.77,.00,920012,
120,RI,INV112185,03/29/2024,3122,63.10,.00,499301,295003122
120,RI,INV112193,03/29/2024,B04060002677,122.26,.00,406013,406000011
120,RI,INV112195,03/29/2024,- None -,110.98,.00,407301,461021042
120,RI,INV112197,03/29/2024,- None -,69.05,.00,461130,461021030
120,RI,INV112198,03/29/2024,BRYAN ROSAS,3732.48,.00,920016,92000005
120,RI,INV112205,03/29/2024,42437,39805.42,.00,765520,92000001
120,RI,INV112213,03/29/2024,DIETARY,799.79,.00,470015,
120,RI,INV112216,03/29/2024,16152,13429.15,.00,920011,
120,RI,INV112221,03/29/2024,16106,25802.54,.00,920011,
120,RI,INV112228,03/29/2024,ALLPOINTS,255.51,.00,461701,461017601
120,RI,INV112231,03/29/2024,- None -,90.30,.00,461874,461020874
120,RI,INV112233,03/29/2024,32524,1712.71,.00,755870,755310870
120,RI,INV112234,03/29/2024,32524 B,403.68,.00,755870,755310870
120,RI,INV112238,03/29/2024,ROBERT NEWMAN,55.07,.00,572757,572061757
120,RI,INV112246,03/29/2024,55503130,46.63,.00,432018,432153003
120,RI,INV112265,03/29/2024,EUGENIA,124.47,.00,979400,41040047
120,RI,INV112276,03/29/2024,B04050002919,47.03,.00,406125,405000023
120,RI,INV112304,03/29/2024,B04610046369,116.04,.00,94887,461134207
120,RI,INV112309,03/29/2024,MICHAEL,196.29,.00,830600,631000708
120,RI,INV112313,03/29/2024,55991511,44.40,.00,432012,432053004
120,RI,INV112314,03/29/2024,55992306,44.40,.00,432013,432053005
120,RI,INV112342,03/29/2024,ROBERT NEWMAN,518.60,.00,572757,572061757
120,RI,INV112360,03/29/2024,B04610046660,655.32,.00,367089,461367089
120,RI,INV112371,03/29/2024,B04610046648,1436.29,.00,262753,461019901
120,RI,INV112378,03/29/2024,- None -,797.52,.00,324797,755000365
120,RI,INV112382,03/29/2024,56009864,4460.28,.00,449523,449000523
120,RI,INV112383,03/29/2024,DIETARY,2371.66,.00,324797,755000365
120,RI,INV112389,03/29/2024,B04610046665,499.28,.00,772617,461772617
120,RI,INV112390,03/29/2024,B04610046670,543.74,.00,366744,461023113
120,RI,INV112393,03/29/2024,B04610046646,692.61,.00,765955,461023327
120,RI,INV112395,03/29/2024,B04610046657,1113.52,.00,461834,461023834
120,RI,INV112398,03/29/2024,B04610046656,595.90,.00,272617,461023666
120,RI,INV112402,03/29/2024,B04610046653,765.14,.00,272618,461023602
120,RI,INV112403,03/29/2024,55969345,73.00,.00,736438,438032093
120,RI,INV112404,03/29/2024,1030,333.77,.00,499301,295001030
120,RI,INV112406,03/29/2024,56012161,189.14,.00,571300,
120,RI,INV112408,03/29/2024,56011051,367.82,.00,331000,438022221
120,RI,INV112410,03/29/2024,B07550001302,893.51,.00,984660,
120,RI,INV112413,03/29/2024,B02950002536,1308.24,.00,499301,295000044
120,RI,INV112414,03/29/2024,SO10030177,1498.23,.00,737215,
120,RI,INV112415,03/29/2024,1040,404.35,.00,499301,295001040
120,RI,INV112416,03/29/2024,56011219,60.48,.00,571300,559022241
120,RI,INV112420,03/29/2024,56007690,59.62,.00,432012,432053004
120,RI,INV112428,03/29/2024,HOUSEKEEPING,527.00,.00,801650,801910650
120,RI,INV112430,03/29/2024,B04610046612,1133.10,.00,632334,461022315
120,RI,INV112441,03/29/2024,3023  B02950002529,2455.16,.00,499301,295003023
120,RI,INV112442,03/29/2024,- None -,2069.94,.00,773527,755310566
120,RI,INV112445,03/29/2024,B07400016862,763.55,.00,122832,740100058
120,RI,INV112448,03/29/2024,B07400016925,656.12,.00,789511,740000126
120,RI,INV112452,03/29/2024,SO10029962,750.43,.00,766222,
120,RI,INV112453,03/29/2024,56025206,1445.78,.00,432012,432053004
120,RI,INV112455,03/29/2024,56027040,714.92,.00,552041,438020262
120,RI,INV112456,03/29/2024,56025133,334.55,.00,432012,432053004
120,RI,INV112458,03/29/2024,56026498,750.33,.00,33047,438044177
120,RI,INV112461,03/29/2024,NATS0000025539,674.80,.00,278496,572020003
120,RI,INV112462,03/29/2024,B07550001300,885.39,.00,766130,
120,RI,INV112464,03/29/2024,NATS0000025548,3309.71,.00,278496,572020003
120,RI,INV112468,03/29/2024,- None -,447.50,.00,773527,755310566
120,RI,INV112469,03/29/2024,B04610046673,2078.55,.00,461014,461021014
120,RI,INV112471,03/29/2024,hold do not ship yet,326.25,.00,108003,572036578
120,RI,INV112472,03/29/2024,B04610046672,1302.66,.00,461803,461019803
120,RI,INV112473,03/29/2024,B01460013328.2D12702530,6399.32,.00,146137,146000037
120,RI,INV112477,03/29/2024,- None -,1202.78,.00,656100,755310438
120,RI,INV112480,03/29/2024,B04610046677,2222.19,.00,407303,461022153
120,RI,INV112482,03/29/2024,55625813,90.05,.00,441860,440061860
120,RI,INV112485,03/29/2024,56025088,686.73,.00,440996,440057996
120,RI,INV112487,03/29/2024,4503650430,4333.14,.00,714611,426001059
120,RI,INV112488,03/29/2024,B02950002532,3269.48,.00,499301,295000057
120,RI,INV112490,03/29/2024,56028549,1978.09,.00,441860,440061860
120,RI,INV112500,03/30/2024,WILL CALL,1209.81,.00,406315,461406315
120,RI,INV112501,03/30/2024,FILL IN,1492.05,.00,739888,461739888
120,RI,INV112509,03/30/2024,56025881,3151.17,.00,449282,447049282
120,RI,INV112510,03/30/2024,56024943,4042.25,.00,449282,447049282
120,RI,INV112512,03/30/2024,56025852,2149.90,.00,449282,447049282
120,RI,INV112513,03/30/2024,56025941,5878.34,.00,449282,447049282
120,RI,INV112532,03/30/2024,B04610046650,1003.65,.00,545313,461545313
120,RI,INV112542,03/30/2024,housekeeping,35.25,.00,661995,
120,RI,INV112550,03/30/2024,DNR1458222,545.96,.00,463077,671000725
120,RI,INV112553,03/30/2024,56024590,2146.71,.00,449440,449054440
120,RI,INV112559,03/30/2024,56024563,3388.36,.00,449441,449054441
120,RI,INV112562,03/30/2024,B07400016923,570.56,.00,593482,740000045
120,RI,INV112563,03/30/2024,B04610046668,129.20,.00,461801,461021801
120,RI,INV112564,03/30/2024,housekeeping,2834.51,.00,583410,
120,RI,INV112565,03/30/2024,B04610046667,1888.74,.00,461801,461021801
120,RI,INV112566,03/30/2024,housekeeping,2999.33,.00,692753,
120,RI,INV112567,03/30/2024,56027012,1733.19,.00,432011,432052999
120,RI,INV112568,03/30/2024,56024551,11078.74,.00,449441,449054441
120,RI,INV112569,03/30/2024,EUGENIA,47.45,.00,979400,41040047
120,RI,INV112570,03/30/2024,Laundry,1752.58,.00,692753,
120,RI,INV112573,03/30/2024,55918443,1502.60,.00,702126,434005246
120,RI,INV112576,03/30/2024,Laundry,1459.73,.00,583410,
120,RI,INV112577,03/30/2024,56026408,2070.26,.00,438352,438120352
120,RI,INV112579,03/30/2024,56024432,5448.12,.00,449441,449054441
120,RI,INV112580,03/30/2024,Laundry,3101.95,.00,473055,
120,RI,INV112584,03/30/2024,56025227,2121.25,.00,438346,438120346
120,RI,INV112585,03/30/2024,56024924,463.41,.00,449440,449054440
120,RI,INV112594,03/30/2024,B02950002535,2593.37,.00,499301,295003130
120,RI,INV112596,03/30/2024,56024730,738.54,.00,449440,449054440
120,RI,INV112598,03/30/2024,DIETARY,752.78,.00,766201,527062185
120,RI,INV112601,03/30/2024,56023605,11300.54,.00,449956,449000956
120,RI,INV112606,03/30/2024,DIETARY,396.80,.00,766201,527062185
120,RI,INV112609,03/30/2024,housekeeping,3986.09,.00,473055,
120,RI,INV112614,03/30/2024,CENTRAL SUPPLY,1258.43,.00,661995,
120,RI,INV112618,03/30/2024,56024486,5251.74,.00,449441,449054441
120,RI,INV112621,03/30/2024,B04610046679,949.33,.00,461157,461021157
120,RI,INV112622,03/30/2024,DIETARY,2011.78,.00,766201,527062185
120,RI,INV112624,03/30/2024,DIETARY,3010.96,.00,766201,527062185
120,RI,INV112633,03/30/2024,56025448,831.25,.00,792426,440026831
120,RI,INV112640,03/30/2024,B07400016904,126.10,.00,775193,
120,RI,INV112646,03/30/2024,56024720,122.90,.00,432007,432053002
120,RI,INV112651,03/30/2024,B04610046661,1483.28,.00,461204,461021204
120,RI,INV112655,03/30/2024,DIETARY,834.38,.00,426644,
120,RI,INV112658,03/30/2024,56024087,1620.25,.00,432007,432053002
120,RI,INV112661,03/30/2024,56023887,576.32,.00,432007,432053002
120,RI,INV112667,04/01/2024,ANNA SCHUTTER,47363.00,.00,920012,
120,RI,INV112673,04/01/2024,- None -,118.18,.00,739888,461739888
120,RI,INV112682,04/01/2024,solia,815.75,.00,572757,572061757
120,RI,INV112690,04/01/2024,SCOTT,386.55,.00,572757,572061757
120,RI,INV112701,04/01/2024,KACEY GILL,509.80,.00,920022,092000016
120,RI,INV112702,04/01/2024,8450,2073.85,.00,920019,92000008
120,RI,INV112704,04/01/2024,American Metalcraft,441.75,.00,461807,461152807
120,RI,INV112711,04/01/2024,8450,11764.20,.00,920019,92000008
120,RI,INV112715,04/01/2024,16152,3732.48,.00,920011,
120,RI,INV112725,04/01/2024,- None -,8.40,.00,722611,
120,RI,INV112731,04/01/2024,3225931,461.26,.00,646053,323393940
120,RI,INV112734,04/01/2024,B04610046688,1426.70,.00,461407,461022407
120,RI,INV112746,04/01/2024,B04610046760,729.56,.00,366744,461023113
120,RI,INV112753,04/01/2024,56051164,4549.97,.00,449402,
120,RI,INV112759,04/01/2024,56051082,13081.83,.00,449302,449352802
120,RI,INV112766,04/01/2024,B04610046713,2637.90,.00,461502,461024502
120,RI,INV112774,04/01/2024,56050985,4838.59,.00,449302,
120,RI,INV112776,04/01/2024,B04610046761,989.50,.00,461073,461024073
120,RI,INV112777,04/01/2024,- None -,3735.45,.00,722611,
120,RI,INV112779,04/01/2024,B04610046446,46.10,.00,716507,461019406
120,RI,INV112780,04/01/2024,B04610046531,46.10,.00,716507,461019406
120,RI,INV112781,04/01/2024,B04610046685,551.26,.00,62140,461018974
120,RI,INV112782,04/01/2024,B04610046684,159.37,.00,461053,461008053
120,RI,INV112783,04/01/2024,B04610046681,1180.71,.00,461053,461008053
120,RI,INV112784,04/01/2024,B04610046705,1074.21,.00,461030,461019030
120,RI,INV112785,04/01/2024,B04610046754,906.23,.00,461691,461008691
120,RI,INV112786,04/01/2024,B04610046748,1036.48,.00,461003,461019064
120,RI,INV112787,04/01/2024,B04610046755,259.78,.00,461053,461008053
120,RI,INV112788,04/01/2024,B04610046728,1283.07,.00,101889,461008096
120,RI,INV112789,04/01/2024,B04610046732,1420.39,.00,716507,461019406
120,RI,INV112792,04/01/2024,B04610046359,4.10,.00,461011,461017011
120,RI,INV112793,04/01/2024,B04610046435,8.20,.00,812120,461812120
120,RI,INV112794,04/01/2024,B04610046702,1671.38,.00,461701,461017601
120,RI,INV112795,04/01/2024,B04610046738,1214.78,.00,812120,461812120
120,RI,INV112796,04/01/2024,B04610046734,1031.36,.00,632333,461017112
120,RI,INV112797,04/01/2024,B04610046758,975.51,.00,461011,461017011
120,RI,INV112803,04/01/2024,B07400016877/B07400016517,96.12,.00,548063,740000248
120,RI,INV112805,04/01/2024,3122,65.10,.00,499301,295003122
120,RI,INV112806,04/01/2024,1040,192.35,.00,499301,295001040
120,RI,INV112811,04/01/2024,56011219,627.60,.00,571300,559022241
120,RI,INV112825,04/01/2024,56053318,5136.15,.00,331000,438022221
120,RI,INV112829,04/01/2024,B07400016947,923.90,.00,634489,740000050
120,RI,INV112842,04/02/2024,B04610046674,731.86,.00,580102,461580102
120,RI,INV112843,04/02/2024,B04610046699,996.49,.00,62139,461019462
120,RI,INV112845,04/02/2024,B04610046766,982.57,.00,955264,461018052
120,RI,INV112846,04/02/2024,Costica,1851.60,.00,421513,40000208
120,RI,INV112847,04/02/2024,56047919,1900.26,.00,449919,449044919
120,RI,INV112851,04/02/2024,B04610046729,453.26,.00,461702,461018702
120,RI,INV112856,04/02/2024,10030995,617.30,.00,75096,
120,RI,INV112859,04/02/2024,56053365,2307.98,.00,449921,449044921
120,RI,INV112863,04/02/2024,9969,7218.97,.00,953724,92000002
120,RI,INV112865,04/02/2024,3023,182.64,.00,499301,295003023
120,RI,INV112869,04/02/2024,B07400016937,1655.57,.00,740276,740000276
120,RI,INV112874,04/02/2024,B04610046757,1320.91,.00,509001,461509001
120,RI,INV112875,04/02/2024,NATS0000025607,221.39,.00,278496,572020003
120,RI,INV112876,04/02/2024,B07400016938,1159.98,.00,252631,
120,RI,INV112880,04/02/2024,B02950002540,1238.59,.00,499301,295003023
120,RI,INV112881,04/02/2024,3510,1220.68,.00,499301,295003510
120,RI,INV112882,04/02/2024,3122,762.17,.00,499301,295003122
120,RI,INV112905,04/02/2024,3395 B02950002452,32.55,.00,499301,295003395
120,RI,INV112909,04/02/2024,B02950002534,475.41,.00,499301,295003020
120,RI,INV112911,04/02/2024,61454,62.76,.00,781001,
120,RI,INV112912,04/02/2024,B08010049003,318.66,.00,752880,801000634
120,RI,INV112914,04/02/2024,B02950002532,307.29,.00,499301,295000057
120,RI,INV112917,04/02/2024,B08010046623,303.05,.00,752880,801000634
120,RI,INV112918,04/02/2024,B02950002533,2019.70,.00,499301,295003395
120,RI,INV112921,04/02/2024,56036701,3066.05,.00,441862,440161860
120,RI,INV112923,04/02/2024,B07400016931,439.44,.00,339330,740000237
120,RI,INV112924,04/02/2024,B04610046710,1220.03,.00,765956,461020155
120,RI,INV112936,04/02/2024,B04610046740,496.32,.00,461601,461020601
120,RI,INV112942,04/02/2024,56055105,652.02,.00,440995,440157995
120,RI,INV112947,04/02/2024,062323,1129.95,.00,694014,694000014
120,RI,INV112949,04/02/2024,B04610046759,989.90,.00,633233,461020165
120,RI,INV112951,04/02/2024,3227743,1112.20,.00,736673,755000860
120,RI,INV112952,04/02/2024,56052161,660.95,.00,432019,432053000
120,RI,INV112953,04/02/2024,B04610046727,1049.04,.00,461074,461021704
120,RI,INV112954,04/02/2024,B04060002691,916.38,.00,406019,406000023
120,RI,INV112957,04/02/2024,B04060002687,1153.54,.00,406026,406000026
120,RI,INV112961,04/02/2024,B04610046753,1232.75,.00,328321,461328321
120,RI,INV112962,04/02/2024,3227994,155.85,.00,736673,755000860
120,RI,INV112976,04/02/2024,B02950002539,3581.91,.00,499301,295000047
120,RI,INV112979,04/02/2024,B04610046751,1308.84,.00,800857,461800857
120,RI,INV112984,04/02/2024,B04610046719,1747.21,.00,914102,461021740
120,RI,INV113008,04/02/2024,- None -,64.01,.00,994262,755310573
120,RI,INV113017,04/02/2024,- None -,318.24,.00,665979,755310511
120,RI,INV113019,04/02/2024,B07400016936,420.06,.00,84001,740100217
120,RI,INV113042,04/02/2024,B04610046769,1623.20,.00,309254,461020852
120,RI,INV113063,04/02/2024,B07400016944,1185.30,.00,835200,740000152
120,RI,INV113076,04/02/2024,B01480002387.2D12594901,341.88,.00,148004,148000004
120,RI,INV113078,04/02/2024,B02950002535,178.46,.00,499301,295003130
120,RI,INV113079,04/02/2024,B01480002377.2D12594901,2215.24,.00,148004,148000004
120,RI,INV113085,04/02/2024,B04610046749,715.89,.00,407301,461021042
120,RI,INV113086,04/02/2024,B02950002502,52.60,.00,499301,295003130
120,RI,INV113087,04/02/2024,B02950002538,1427.50,.00,499301,295003131
120,RI,INV113097,04/02/2024,4503651860,2060.38,.00,944645,426001060
120,RI,INV113101,04/02/2024,B04610046762,1362.52,.00,326180,461326180
120,RI,INV113109,04/02/2024,ACTIVITIES,16.02,.00,473055,
120,RI,INV113112,04/02/2024,housekeeping,707.23,.00,692753,
120,RI,INV113113,04/02/2024,56025852,132.29,.00,449282,447049282
120,RI,INV113115,04/02/2024,ORIOL05047,4378.65,.00,572757,572061757
120,RI,INV113120,04/02/2024,Laundry,1440.92,.00,692753,
120,RI,INV113128,04/02/2024,harbor,1020.35,.00,755001,755310568
120,RI,INV113129,04/02/2024,CHEF DAN,248.96,.00,572757,572061757
120,RI,INV113139,04/02/2024,DIETARY,1364.85,.00,473055,
120,RI,INV113142,04/02/2024,housekeeping,324.36,.00,583410,
120,RI,INV113157,04/02/2024,B04610046715,1448.54,.00,914103,461021117
120,RI,INV113161,04/02/2024,1370,415.54,.00,499301,295001370
120,RI,INV113171,04/02/2024,3227476,527.14,.00,593725,755310005
120,RI,INV113173,04/02/2024,B08010049867,3646.91,.00,801554,801203554
120,RI,INV113179,04/02/2024,55949161,65.55,.00,449056,449031056
120,RI,INV113180,04/02/2024,B08010049039,50.34,.00,164064,801300004
120,RI,INV113182,04/02/2024,- None -,67.28,.00,755004,755310571
120,RI,INV113188,04/02/2024,- None -,147.81,.00,194660,461194660
120,RI,INV113200,04/02/2024,B04610046747,1294.68,.00,194660,461194660
120,RI,INV113202,04/02/2024,B04610046718,595.68,.00,545313,461545313
120,RI,INV113210,04/02/2024,B04610046743,925.17,.00,556807,461556807
120,RI,INV113214,04/02/2024,56047391,291.70,.00,449056,449031056
120,RI,INV113215,04/02/2024,B04610046725,941.98,.00,309253,461309253
120,RI,INV113219,04/02/2024,kristina,2504.14,.00,755004,755310571
120,RI,INV113224,04/02/2024,- None -,905.29,.00,164371,755001991
120,RI,INV113228,04/02/2024,- None -,1670.78,.00,164369,755000382
120,RI,INV113229,04/02/2024,B04610046763,602.53,.00,461874,461020874
120,RI,INV113245,04/02/2024,B07400016939,281.79,.00,350086,740100001
120,RI,INV113258,04/02/2024,3227878,2363.98,.00,546300,
120,RI,INV113260,04/02/2024,B04050002814,146.95,.00,406125,405000023
120,RI,INV113271,04/02/2024,B07400016952,632.14,.00,775193,740000232
120,RI,INV113272,04/02/2024,B04610046756,1015.19,.00,461130,461021030
120,RI,INV113282,04/02/2024,B04610046735,751.28,.00,262755,461021054
120,RI,INV113295,04/02/2024,B04050002936,1408.67,.00,406125,405000023
120,RI,INV113311,04/02/2024,3122,850.49,.00,499301,295003122
120,RI,INV113312,04/02/2024,B04050002935,877.64,.00,406126,405000026
120,RI,INV113317,04/02/2024,44000755,32947.51,.00,920013,92000013
120,RI,INV113320,04/02/2024,Anthony Konyha,441.94,.00,461212,461144212
120,RI,INV113324,04/02/2024,Anthony Konyha,16.01,.00,461212,461144212
120,RI,INV113326,04/02/2024,B04610046642,164.97,.00,461109,461134109
120,RI,INV113327,04/02/2024,56024432,367.53,.00,449441,449054441
120,RI,INV113330,04/02/2024,B04610046686,900.80,.00,737892,461134986
120,RI,INV113332,04/02/2024,B04610046752,33.07,.00,784577,461160031
120,RI,INV113335,04/02/2024,Cornbread Pans,130.69,.00,92086,461145040
120,RI,INV113337,04/02/2024,FedEx,272.90,.00,461053,461008053
120,RI,INV113345,04/02/2024,56034735,1382.95,.00,449010,449010000
120,RI,INV113346,04/02/2024,56051082,1402.38,.00,449302,449352802
120,RI,INV113348,04/02/2024,03272024,87.12,.00,801002,801311061
120,RI,INV113352,04/02/2024,56056028,10027.92,.00,449010,449010000
120,RI,INV113357,04/02/2024,56054163,356.15,.00,449026,449000026
120,RI,INV113365,04/02/2024,B04610046780,881.75,.00,765955,461023327
120,RI,INV113373,04/02/2024,3230036,531.65,.00,646053,323393940
120,RI,INV113386,04/02/2024,B04610046803,492.73,.00,461834,461023834
120,RI,INV113391,04/02/2024,B04610046800,402.13,.00,772617,461772617
120,RI,INV113403,04/02/2024,B04610046805,1347.30,.00,367089,461367089
120,RI,INV113425,04/02/2024,B07550001309,488.65,.00,293280,755000846
120,RI,INV113428,04/02/2024,SO10030958,2663.78,.00,820120,755000836
120,RI,INV113441,04/02/2024,3227743,284.58,.00,736673,755000860
120,RI,INV113443,04/02/2024,SO10031346,933.55,.00,820116,755000830


120,RI,INV113449,04/02/2024,- None -,1278.34,.00,656100,755310438
120,RI,INV113450,04/02/2024,56072046,1414.25,.00,571301,438014937
120,RI,INV113452,04/02/2024,B07550001323,1182.13,.00,820103,
120,RI,INV113456,04/02/2024,040224,1563.82,.00,755583,755310583
120,RI,INV113459,04/02/2024,SO10031604,754.16,.00,294350,755000844
120,RI,INV113462,04/02/2024,56076844,178.39,.00,440995,440157995
120,RI,INV113468,04/02/2024,56078607,59.82,.00,440995,440157995
120,RI,INV113520,04/03/2024,B07550001313,1224.69,.00,761100,755000785
120,RI,INV113527,04/03/2024,SO10030667,821.22,.00,737285,
120,RI,INV113529,04/03/2024,B07550001307,806.59,.00,234100,755000786
120,RI,INV113534,04/03/2024,56070768,528.45,.00,552041,438020262
120,RI,INV113542,04/03/2024,B07550001319,749.37,.00,737280,755000784
120,RI,INV113545,04/03/2024,B07550001320,740.04,.00,716340,
120,RI,INV113560,04/03/2024,- None -,1652.35,.00,771562,755310567
120,RI,INV113562,04/03/2024,B07550001292,835.81,.00,737311,755000778
120,RI,INV113570,04/03/2024,so10031538,1934.27,.00,397700,755000775
120,RI,INV113583,04/03/2024,56060227,807.66,.00,571300,559022241
120,RI,INV113593,04/03/2024,56069287,1005.94,.00,736438,438032093
120,RI,INV113596,04/03/2024,56073483,215.18,.00,571300,559022241
120,RI,INV113597,04/03/2024,55798926,29.60,.00,449162,449049162
120,RI,INV113598,04/03/2024,55879992,152.29,.00,449162,449049162
120,RI,INV113599,04/03/2024,56071040,55.25,.00,432007,432053002
120,RI,INV113600,04/03/2024,56071027,20160.69,.00,449162,449049162
120,RI,INV113608,04/03/2024,DCUNI06661,266.93,.00,108003,572036578
120,RI,INV113614,04/03/2024,B04610046690,2123.51,.00,739889,461022601
120,RI,INV113615,04/03/2024,dcuni06792,162.18,.00,108003,572036578
120,RI,INV113620,04/03/2024,DCUNI06741,275.81,.00,108003,572036578
120,RI,INV113624,04/03/2024,B08010049978,921.03,.00,801294,801311294
120,RI,INV113625,04/03/2024,- None -,2794.35,.00,773527,755310566
120,RI,INV113626,04/03/2024,3131,85.48,.00,499301,295003131
120,RI,INV113627,04/03/2024,B02950002542,560.38,.00,499301,295003036
120,RI,INV113639,04/03/2024,B04610046806,850.27,.00,862385,461022033
120,RI,INV113651,04/03/2024,55736971,24.12,.00,438352,438120352
120,RI,INV113659,04/03/2024,B07550001243,106.70,.00,994262,755310573
120,RI,INV113663,04/03/2024,B07550001321,333.59,.00,994262,755310573
120,RI,INV113667,04/03/2024,Housekeeping,253.98,.00,562931,
120,RI,INV113669,04/03/2024,Laundry,873.91,.00,562931,
120,RI,INV113671,04/03/2024,- None -,1512.19,.00,994262,755310573
120,RI,INV113672,04/03/2024,Laundry/Debbie,1442.17,.00,766201,
120,RI,INV113673,04/03/2024,56076319,2330.73,.00,438352,438120352
120,RI,INV113674,04/03/2024,Housekeeping/Debbie,3908.40,.00,766201,
120,RI,INV113677,04/03/2024,3395,436.84,.00,499301,295003395
120,RI,INV113678,04/03/2024,Nursing/Debbie,273.80,.00,766201,
120,RI,INV113680,04/03/2024,56069050,143.29,.00,432109,432153009
120,RI,INV113686,04/03/2024,DIETARY,50.95,.00,515700,527023439
120,RI,INV113688,04/03/2024,DIETARY,21.20,.00,515700,527023439
120,RI,INV113689,04/03/2024,CENTRAL SUPPLY,66.78,.00,546300,
120,RI,INV113691,04/03/2024,ACTIVITY,127.41,.00,546300,
120,RI,INV113692,04/03/2024,Laundry,592.56,.00,546300,
120,RI,INV113695,04/03/2024,HOUSEKEEPING,292.89,.00,546300,
120,RI,INV113697,04/03/2024,housekeeping,3097.13,.00,546300,
120,RI,INV113699,04/03/2024,ACTIVITIES,133.96,.00,546300,
120,RI,INV113701,04/03/2024,B07400016965,798.64,.00,574323,740000073
120,RI,INV113703,04/03/2024,ACTIVITY,401.03,.00,546300,
120,RI,INV113718,04/03/2024,ALLANTE0401,1296.23,.00,755736,755974736
120,RI,INV113719,04/03/2024,B07400016964,1118.13,.00,887489,740000268
120,RI,INV113720,04/03/2024,Good Sam,1027.20,.00,755002,755310569
120,RI,INV113721,04/03/2024,RICH,1072.60,.00,755003,755310570
120,RI,INV113723,04/03/2024,DIETARY,1819.04,.00,515700,527023439
120,RI,INV113727,04/03/2024,55987737,1651.55,.00,702126,434005246
120,RI,INV113728,04/03/2024,55987989,529.92,.00,792426,440026831
120,RI,INV113744,04/03/2024,B07400016944,35.99,.00,835200,740000152
120,RI,INV113752,04/03/2024,B08010049974,1931.32,.00,192752,801310733
120,RI,INV113755,04/03/2024,062362,2736.14,.00,694005,694000005
120,RI,INV113763,04/03/2024,4503652848,91.66,.00,195445,426001026
120,RI,INV113768,04/03/2024,B08010049981,4738.94,.00,282718,801005004
120,RI,INV113771,04/03/2024,56070040,11457.95,.00,702126,434005246
120,RI,INV113772,04/03/2024,B07400016962,935.49,.00,122743,740200058
120,RI,INV113774,04/03/2024,SLADE SCHOOL,3275.51,.00,245176,
120,RI,INV113775,04/03/2024,3230502,243.80,.00,593725,755310005
120,RI,INV113777,04/03/2024,062267,55.95,.00,694012,694000012
120,RI,INV113781,04/03/2024,062363,885.09,.00,694005,694000005
120,RI,INV113784,04/03/2024,062386,3536.71,.00,694009,694000009
120,RI,INV113792,04/03/2024,B04610046791,825.08,.00,407303,461022153
120,RI,INV113796,04/03/2024,SEAN,195.41,.00,164371,755001991
120,RI,INV113798,04/03/2024,james,103.03,.00,164369,755000382
120,RI,INV113802,04/03/2024,3218638,50.95,.00,583410,
120,RI,INV113803,04/03/2024,CENTRAL SUPPLY,654.55,.00,661995,
120,RI,INV113805,04/03/2024,Laundry,1440.90,.00,661995,
120,RI,INV113810,04/03/2024,56049200,4199.57,.00,449460,
120,RI,INV113811,04/03/2024,housekeeping,2353.33,.00,661995,
120,RI,INV113813,04/03/2024,3230166,757.68,.00,583410,
120,RI,INV113828,04/03/2024,housekeeping,47.70,.00,473055,
120,RI,INV113835,04/03/2024,ORIOL05011,569.50,.00,572757,572061757
120,RI,INV113837,04/03/2024,56046819,6372.69,.00,449936,449051936
120,RI,INV113848,04/03/2024,56053295,231.45,.00,432017,432053001
120,RI,INV113850,04/03/2024,3230480,252.93,.00,692753,
120,RI,INV113853,04/03/2024,ORIOL005062,199.08,.00,572757,572061757
120,RI,INV113856,04/03/2024,3230454,2559.25,.00,692753,
120,RI,INV113860,04/03/2024,housekeeping,42.29,.00,426644,
120,RI,INV113863,04/03/2024,3229899,681.34,.00,820100,
120,RI,INV113866,04/03/2024,housekeeping,374.59,.00,426644,
120,RI,INV113867,04/03/2024,DIETARY,745.18,.00,426644,
120,RI,INV113873,04/03/2024,HOUSEKEEPING,16.91,.00,470015,
120,RI,INV113876,04/03/2024,3227004,425.40,.00,470015,
120,RI,INV113881,04/03/2024,DIETARY,1258.38,.00,470015,
120,RI,INV113883,04/03/2024,HOUSEKEEPING,16.91,.00,470015,
120,RI,INV113897,04/03/2024,CENTRAL SUPPLY,285.66,.00,470015,
120,RI,INV113899,04/03/2024,B04610046801,1263.69,.00,406315,461406315
120,RI,INV113924,04/03/2024,90266,12580.00,.00,920009,92000009
120,RI,INV113925,04/03/2024,8441,10342.67,.00,920019,92000008
120,RI,INV113945,04/03/2024,WINCO,144.42,.00,278496,572020003
120,RI,INV113946,04/03/2024,42101127,3732.48,.00,920011,
120,RI,INV113948,04/03/2024,FURNITURE,3135.59,.00,461971,461019971
120,RI,INV113949,04/03/2024,HEALTH/CA,2628.43,.00,461971,461019971
120,RI,INV113952,04/03/2024,HEALTH/CA,58.00,.00,461206,461112206
120,RI,INV113953,04/03/2024,OPENING SMALLWARES,935.16,.00,461206,461112206
120,RI,INV113954,04/03/2024,Smallware,563.25,.00,461145,461144154
120,RI,INV113955,04/03/2024,Bars  Steam Table,58.44,.00,593652,461115205
120,RI,INV113956,04/03/2024,B04610046814,77.28,.00,461704,461162704
120,RI,INV113958,04/03/2024,B04610046741,57.98,.00,793386,461132765
120,RI,INV113962,04/03/2024,BRYAN ROSAS,212.70,.00,920016,92000005
120,RI,INV113981,04/03/2024,90622,1327.50,.00,920009,92000009
120,RI,INV113983,04/03/2024,56025206,146.77,.00,432012,432053004
120,RI,INV113993,04/03/2024,B04050002935,33.99,.00,406126,405000026
120,RI,INV113996,04/03/2024,56024087,80.87,.00,432007,432053002
120,RI,INV113997,04/03/2024,B04060002691,90.66,.00,406019,406000023
120,RI,INV114023,04/03/2024,FOODWARE,3505.32,.00,278496,572020003
120,RI,INV114028,04/03/2024,55930878,72.35,.00,449302,449352802
120,RI,INV114030,04/03/2024,42427,2310.42,.00,765520,92000001
120,RI,INV114038,04/03/2024,56054163,7.09,.00,449026,449000026
120,RI,INV114044,04/03/2024,56079678,1494.87,.00,449618,449054618
120,RI,INV114050,04/03/2024,- None -,119.78,.00,722611,527022960
120,RI,INV114052,04/03/2024,B04610046854,337.30,.00,461834,461023834
120,RI,INV114061,04/03/2024,56094942,9185.91,.00,449302,449352802
120,RI,INV114065,04/03/2024,B04610046850,371.30,.00,367089,461367089
120,RI,INV114066,04/03/2024,B04610046830,691.30,.00,461002,461023112
120,RI,INV114074,04/03/2024,B04610046848,638.02,.00,461073,461024073
120,RI,INV114075,04/03/2024,B04610046846,664.06,.00,366744,461023113
120,RI,INV114077,04/03/2024,B04610046836,1751.54,.00,461407,461022407
120,RI,INV114084,04/03/2024,B04610046853,121.80,.00,366744,461023113
120,RI,INV114092,04/03/2024,BLAIR,641.88,.00,395170,401024502
120,RI,INV114100,04/03/2024,00311321646,336.64,.00,707655,707001655
120,RI,INV114108,04/03/2024,B07550001329,1220.92,.00,716050,755000834
120,RI,INV114113,04/03/2024,B07400016988,1728.82,.00,548063,740000248
120,RI,INV114127,04/03/2024,B07400016984,613.18,.00,634489,740000050
120,RI,INV114129,04/03/2024,56074819,170.66,.00,441860,440061860
120,RI,INV114134,04/03/2024,B04610046825,683.08,.00,461171,461020171
120,RI,INV114136,04/03/2024,B04610046862,1537.02,.00,633233,461020165
120,RI,INV114144,04/03/2024,B07400016980,1165.84,.00,122832,740100058
120,RI,INV114146,04/03/2024,4503651830,91.71,.00,195445,426001026
120,RI,INV114147,04/03/2024,3227743,19.47,.00,736673,755000860
120,RI,INV114149,04/03/2024,4503636263,40.48,.00,195445,426001026
120,RI,INV114151,04/03/2024,B04610046811,1307.96,.00,632334,461022315
120,RI,INV114157,04/03/2024,3122,486.28,.00,499301,295003122
120,RI,INV114158,04/03/2024,B02950002544,1499.10,.00,499301,295003095
120,RI,INV114162,04/03/2024,0047,188.03,.00,499301,295000047
120,RI,INV114164,04/03/2024,1010,1041.79,.00,499301,295001010
120,RI,INV114170,04/03/2024,6416,1647.22,.00,499301,295006416
120,RI,INV114171,04/03/2024,3233065,1212.93,.00,736673,755000860
120,RI,INV114172,04/03/2024,3230502,69.90,.00,593725,755310005
120,RI,INV114174,04/03/2024,B07550001244,137.95,.00,755869,755310869
120,RI,INV114176,04/03/2024,4124,1108.14,.00,755870,755310870
120,RI,INV114177,04/03/2024,55842155,16.80,.00,552041,438020262
120,RI,INV114180,04/03/2024,B04610046822,670.87,.00,62139,461019462
120,RI,INV114181,04/03/2024,B07400016679,129.16,.00,740276,740000276
120,RI,INV114183,04/03/2024,B04060002694,1022.02,.00,406007,406000018
120,RI,INV114184,04/03/2024,B07550001324,312.34,.00,755869,755310869
120,RI,INV114185,04/03/2024,HOUSEKEEPING,2022.15,.00,801650,801910650
120,RI,INV114186,04/03/2024,B04610046824,2131.56,.00,580102,461580102
120,RI,INV114187,04/03/2024,B04610046798,1667.64,.00,262753,461019901
120,RI,INV114192,04/03/2024,B07400016986,903.25,.00,252631,
120,RI,INV114195,04/03/2024,56091659,442.90,.00,552041,438020262
120,RI,INV114196,04/03/2024,B07400016987,56.07,.00,252631,
120,RI,INV114198,04/03/2024,3233073,399.57,.00,527001,527000241
120,RI,INV114201,04/03/2024,B07550001325,280.33,.00,716030,
120,RI,INV114203,04/03/2024,Brittany,2348.29,.00,755005,
120,RI,INV114204,04/03/2024,56093220,701.48,.00,439008,439000008
120,RI,INV114221,04/03/2024,- None -,777.87,.00,820126,
120,RI,INV114225,04/03/2024,56088469,2169.84,.00,434001,434011464
120,RI,INV114226,04/03/2024,3510,450.15,.00,499301,295003510
120,RI,INV114241,04/04/2024,B07400016739,59.40,.00,986632,740000169
120,RI,INV114242,04/04/2024,B01460012821.2D1282,544.30,.00,146118,146000118
120,RI,INV114243,04/04/2024,EASTON ELEM,894.68,.00,755612,
120,RI,INV114244,04/04/2024,56023605,85.56,.00,449956,449000956
120,RI,INV114248,04/04/2024,B04610046809,551.76,.00,461803,461019803
120,RI,INV114251,04/04/2024,ST. MICHAELS,619.29,.00,755612,
120,RI,INV114252,04/04/2024,B07400016979,1079.28,.00,789511,740000126
120,RI,INV114256,04/04/2024,56091214,1352.86,.00,432011,432052999
120,RI,INV114258,04/04/2024,B07400016975,636.86,.00,986632,740000169
120,RI,INV114260,04/04/2024,B04060002693,792.74,.00,406008,406000017
120,RI,INV114265,04/04/2024,B04610046855,2946.15,.00,461801,461021801
120,RI,INV114268,04/04/2024,56024730,365.86,.00,449440,449054440
120,RI,INV114274,04/04/2024,3233320,628.38,.00,342646,527000028
120,RI,INV114309,04/04/2024,B07400016903,919.03,.00,358401,740000137
120,RI,INV114324,04/04/2024,55774576,62.33,.00,438352,438120352
120,RI,INV114332,04/04/2024,EASTON HS,751.14,.00,755612,
120,RI,INV114340,04/04/2024,B01480002366.2D12495308,631.80,.00,148039,148000039
120,RI,INV114345,04/04/2024,56047391,19.00,.00,449056,449031056
120,RI,INV114346,04/04/2024,B08010049681,349.65,.00,801608,801910608
120,RI,INV114351,04/04/2024,56089769,336.44,.00,432012,432053004
120,RI,INV114359,04/04/2024,B02950002545,494.58,.00,499301,295003130
120,RI,INV114365,04/04/2024,B08010050038,3179.84,.00,801608,801910608
120,RI,INV114379,04/04/2024,56088812,480.50,.00,432013,432053005
120,RI,INV114389,04/04/2024,Housekeeping/Debbie,675.69,.00,766201,
120,RI,INV114392,04/04/2024,56088857,150.10,.00,432013,432053005
120,RI,INV114395,04/04/2024,56099491,1857.97,.00,438352,438120352
120,RI,INV114405,04/04/2024,56085761,1295.92,.00,438346,438120346
120,RI,INV114406,04/04/2024,B04610046544,2219.56,.00,461014,461021014
120,RI,INV114407,04/04/2024,56090010,2521.50,.00,432012,432053004
120,RI,INV114423,04/04/2024,harbor,47.75,.00,755001,755310568
120,RI,INV114427,04/04/2024,B02950002546,451.14,.00,499301,295006480
120,RI,INV114434,04/04/2024,harbor,1116.70,.00,755001,755310568
120,RI,INV114436,04/04/2024,B04610046851,1325.82,.00,461157,461021157
120,RI,INV114445,04/04/2024,55987737,399.60,.00,702126,434005246
120,RI,INV114471,04/04/2024,NATS0000025697,226.92,.00,278496,572020003
120,RI,INV114474,04/04/2024,NATS0000025656,723.62,.00,278496,572020003
120,RI,INV114477,04/04/2024,- None -,144.43,.00,546300,
120,RI,INV114478,04/04/2024,55606570,227.37,.00,432010,432053012
120,RI,INV114481,04/04/2024,56046819,99.68,.00,449936,449051936
120,RI,INV114488,04/04/2024,NATS0000025838,173.54,.00,278496,572020003
120,RI,INV114490,04/04/2024,B04610046829,3774.26,.00,407300,461407300
120,RI,INV114493,04/04/2024,3232612  DIETARY,2156.75,.00,470015,
120,RI,INV114494,04/04/2024,56086879,4466.52,.00,432010,432053012
120,RI,INV114503,04/04/2024,NATS0000025833,108.80,.00,278496,572020003
120,RI,INV114507,04/04/2024,B04610046840,126.09,.00,407300,461407300
120,RI,INV114512,04/04/2024,56049200,423.29,.00,449460,
120,RI,INV114513,04/04/2024,CENTRAL SUPPLY,604.79,.00,546300,
120,RI,INV114514,04/04/2024,3233868,44.56,.00,470015,
120,RI,INV114516,04/04/2024,DIETARY,152.32,.00,546300,
120,RI,INV114519,04/04/2024,NATS0000025790,1842.10,.00,278496,572020003
120,RI,INV114523,04/04/2024,3233534,268.13,.00,692753,
120,RI,INV114526,04/04/2024,3233737,287.10,.00,470015,
120,RI,INV114529,04/04/2024,NATS0000025835,418.88,.00,278496,572020003
120,RI,INV114531,04/04/2024,10032350,119.35,.00,775193,
120,RI,INV114532,04/04/2024,DCUNI06809,204.12,.00,108003,572036578
120,RI,INV114533,04/04/2024,DIETARY,974.11,.00,661995,
120,RI,INV114538,04/04/2024,56071027,20.14,.00,449162,449049162
120,RI,INV114542,04/04/2024,56088688,2588.20,.00,449162,449049162
120,RI,INV114545,04/04/2024,B07400016981,813.10,.00,413154,740000093
120,RI,INV114549,04/04/2024,B08010049981,10.62,.00,282718,801005004
120,RI,INV114552,04/04/2024,B04610046837,1860.05,.00,461204,461021204
120,RI,INV114569,04/04/2024,Dietary,1391.45,.00,820100,
120,RI,INV114575,04/04/2024,41800490,.00,.00,953724,92000002
120,RI,INV114584,04/04/2024,HOUSEKEEPING,1629.90,.00,515700,527023439
120,RI,INV114586,04/04/2024,Central Supply,323.72,.00,515700,527023439
120,RI,INV114591,04/04/2024,WILL CALL,60.90,.00,406315,461406315
120,RI,INV114602,04/04/2024,RACK,589.20,.00,545317,461145317
120,RI,INV114604,04/04/2024,B04610046827,92.87,.00,94887,461134207
120,RI,INV114610,04/04/2024,B04610046863,59.59,.00,784577,461160031
120,RI,INV114613,04/04/2024,9964,6375.64,.00,953724,92000002
120,RI,INV114614,04/04/2024,B04610046686,12.12,.00,737892,461134986
120,RI,INV114615,04/04/2024,56071027,713.28,.00,449162,449049162
120,RI,INV114637,04/04/2024,56100161,1986.33,.00,449502,449552802
120,RI,INV114648,04/04/2024,B04610046888,950.14,.00,765955,461023327
120,RI,INV114654,04/04/2024,B04610046926,400.39,.00,366744,461023113
120,RI,INV114655,04/04/2024,3235730,178.37,.00,646053,323393940
120,RI,INV114660,04/04/2024,B04610046920,956.21,.00,272617,461023666
120,RI,INV114666,04/04/2024,B04610046904,969.29,.00,272618,461023602
120,RI,INV114679,04/04/2024,55915745,1899.60,.00,449618,449054618
120,RI,INV114682,04/04/2024,56079482,521.52,.00,449618,449054618
120,RI,INV114685,04/04/2024,3235234,305.69,.00,408888,370739920
120,RI,INV114686,04/04/2024,3235099,304.40,.00,408888,370739920
120,RI,INV114687,04/04/2024,55915867,63.37,.00,449618,449054618
120,RI,INV114691,04/04/2024,B04610046935,2068.50,.00,367089,461367089
120,RI,INV114693,04/04/2024,B04610046944,42.38,.00,367089,461367089
120,RI,INV114695,04/04/2024,56053365,84.59,.00,449921,449044921
120,RI,INV114697,04/04/2024,B04610046900,1074.70,.00,461030,461019030
120,RI,INV114698,04/04/2024,B08010049436,33.46,.00,918024,801001150
120,RI,INV114699,04/04/2024,B08010050080,1815.31,.00,918024,801001150
120,RI,INV114700,04/04/2024,B04610046902,1455.53,.00,461701,461017601
120,RI,INV114701,04/04/2024,B04610046876,1305.82,.00,955264,461018052
120,RI,INV114703,04/04/2024,B04610046882,512.80,.00,509001,461509001
120,RI,INV114704,04/04/2024,B04610046873,1317.30,.00,101889,461008096
120,RI,INV114705,04/04/2024,B04610046940,1663.71,.00,632333,461017112
120,RI,INV114707,04/04/2024,B04610046910,1239.98,.00,461691,461008691
120,RI,INV114708,04/04/2024,B04610046878,1160.01,.00,461702,461018702
120,RI,INV114709,04/04/2024,B04610046880,960.09,.00,716507,461019406
120,RI,INV114710,04/04/2024,B04610046924,856.77,.00,461003,461019064
120,RI,INV114711,04/04/2024,B04610046925,1118.02,.00,461011,461017011
120,RI,INV114712,04/04/2024,B04610046881,1062.84,.00,62140,461018974
120,RI,INV114713,04/04/2024,B04610046936,1278.85,.00,812120,461812120
120,RI,INV114714,04/04/2024,B04610046866,999.05,.00,461053,
120,RI,INV114717,04/04/2024,3234130,1879.12,.00,736673,755000860
120,RI,INV114721,04/04/2024,56111283,2409.34,.00,736438,438032093
120,RI,INV114724,04/04/2024,56112299,704.24,.00,331000,438022221
120,RI,INV114736,04/05/2024,55749676,51.45,.00,552041,438020262
120,RI,INV114757,04/05/2024,56091558,3486.33,.00,552041,438020262
120,RI,INV114781,04/05/2024,56109558,306.42,.00,552041,438020262
120,RI,INV114786,04/05/2024,NATS0000025745,317.60,.00,278496,
120,RI,INV114790,04/05/2024,B04610046892,752.43,.00,545313,461545313
120,RI,INV114791,04/05/2024,B04610046897,550.73,.00,309253,461309253
120,RI,INV114794,04/05/2024,NATS0000025737,385.92,.00,278496,
120,RI,INV114795,04/05/2024,NATS0000025883,255.78,.00,278496,
120,RI,INV114796,04/05/2024,NATS0000025926,1774.60,.00,278496,
120,RI,INV114797,04/05/2024,nats0000025959,493.00,.00,278496,
120,RI,INV114798,04/05/2024,nats0000025962,897.90,.00,278496,
120,RI,INV114803,04/05/2024,3510,309.16,.00,499301,
120,RI,INV114815,04/05/2024,- None -,681.75,.00,656100,755310438
120,RI,INV114816,04/05/2024,84AJP00028898,398.19,.00,524390,41040051
120,RI,INV114819,04/05/2024,56111805,3231.63,.00,571300,559022241
120,RI,INV114828,04/05/2024,3122,641.23,.00,499301,
120,RI,INV114829,04/05/2024,1030,433.94,.00,499301,
120,RI,INV114830,04/05/2024,- None -,1794.43,.00,773527,755310566
120,RI,INV114849,04/05/2024,56055105,91.11,.00,440995,440157995
120,RI,INV114851,04/05/2024,B04610045920,213.53,.00,765956,461020155
120,RI,INV114853,04/05/2024,B04610046790,279.64,.00,765956,461020155
120,RI,INV114858,04/05/2024,eugenia,1149.45,.00,979400,41040047
120,RI,INV114861,04/05/2024,56101085,351.90,.00,441860,440061860
120,RI,INV114863,04/05/2024,B04610046857,1182.83,.00,765956,461020155
120,RI,INV114871,04/05/2024,B04610046874,1934.40,.00,326180,461326180
120,RI,INV114878,04/05/2024,David,600.08,.00,755002,
120,RI,INV114882,04/05/2024,B04610046890,1628.44,.00,328321,461328321
120,RI,INV114884,04/05/2024,062426,3826.56,.00,694010,694000010
120,RI,INV114886,04/05/2024,062425,3241.69,.00,694007,694000007
120,RI,INV114892,04/05/2024,B04610046932,742.57,.00,862385,461022033
120,RI,INV114898,04/05/2024,B04610046885,1312.88,.00,914102,461021740
120,RI,INV114905,04/05/2024,B04610046930,1336.54,.00,958980,461022192
120,RI,INV114906,04/05/2024,Donna,3229.74,.00,755677,755894677
120,RI,INV114914,04/05/2024,062429,1272.73,.00,694015,694000015
120,RI,INV114919,04/05/2024,B04610046896,1770.90,.00,407301,461021042
120,RI,INV114930,04/05/2024,62428,153.79,.00,781001,665699563
120,RI,INV114938,04/05/2024,0045,208.08,.00,499301,
120,RI,INV114940,04/05/2024,HOUSKEEPING,65.64,.00,820100,
120,RI,INV114950,04/05/2024,B07550001314,1648.67,.00,755006,755310633
120,RI,INV114957,04/05/2024,B04610046877,1901.47,.00,262755,461021054
120,RI,INV114971,04/05/2024,B04610046942,1411.98,.00,309254,461020852
120,RI,INV114974,04/05/2024,56109963,225.25,.00,438351,438120351
120,RI,INV114981,04/05/2024,kristina,2000.66,.00,755004,755310571
120,RI,INV114987,04/05/2024,RICH,1086.87,.00,755003,755310570
120,RI,INV114990,04/05/2024,56112028,807.31,.00,438352,438120352
120,RI,INV114994,04/05/2024,B04610046937,1439.30,.00,556807,461556807
120,RI,INV114997,04/05/2024,ALLANTE0404,1189.37,.00,755736,755974736
120,RI,INV114999,04/05/2024,B04610046931,1163.20,.00,194660,461194660
120,RI,INV115016,04/05/2024,B04610046883,1235.11,.00,914103,461021117
120,RI,INV115017,04/05/2024,B02950002541,2890.06,.00,499301,
120,RI,INV115019,04/05/2024,HOUSEKEEPING,1742.00,.00,583410,
120,RI,INV115029,04/05/2024,56025941,26.38,.00,449282,447049282
120,RI,INV115031,04/05/2024,56049090,6652.42,.00,449460,
120,RI,INV115034,04/05/2024,KITCHEN,122.68,.00,620203,40000163
120,RI,INV115035,04/05/2024,KITCHEN,254.46,.00,620203,40000163
120,RI,INV115039,04/05/2024,Housekeeping,81.79,.00,620203,40000163
120,RI,INV115040,04/05/2024,B04610046884,2118.50,.00,739888,461739888
120,RI,INV115043,04/05/2024,B04610046901,1178.31,.00,406315,461406315
120,RI,INV115049,04/05/2024,B07400016908,91.86,.00,644141,
120,RI,INV115050,04/05/2024,B07400016985,484.43,.00,644141,
120,RI,INV115051,04/05/2024,B07400016959,416.86,.00,339330,
120,RI,INV115055,04/05/2024,BO8010049974,94.40,.00,192752,801310733
120,RI,INV115058,04/05/2024,56110491,333.20,.00,432007,432053002
120,RI,INV115059,04/05/2024,B08010050158,4450.74,.00,282718,801005004
120,RI,INV115063,04/05/2024,56110647,1168.54,.00,432007,432053002
120,RI,INV115066,04/05/2024,B04610046941,1338.24,.00,461874,461020874
120,RI,INV115070,04/05/2024,- None -,338.53,.00,164370,755001990
120,RI,INV115078,04/05/2024,B07400017000,592.97,.00,574323,
120,RI,INV115090,04/05/2024,B07400016919,1385.35,.00,212200,
120,RI,INV115097,04/05/2024,B07400016770,119.85,.00,948085,
120,RI,INV115098,04/05/2024,B07400016883,57.93,.00,948085,
120,RI,INV115099,04/05/2024,HICKORY KNOLL RD,2720.19,.00,245176,527019961
120,RI,INV115100,04/05/2024,SLADE SCHOOL / NURSES,913.54,.00,245176,527019961
120,RI,INV115134,04/05/2024,DIETARY,171.77,.00,562931,
120,RI,INV115136,04/05/2024,DIETARY/3235032,1369.74,.00,562931,
120,RI,INV115137,04/05/2024,- None -,933.20,.00,994262,755310573
120,RI,INV115138,04/05/2024,B04610046934,1386.82,.00,800857,461800857
120,RI,INV115141,04/05/2024,B04610046886,994.32,.00,461601,461020601
120,RI,INV115148,04/05/2024,B07400016964,45.95,.00,887489,
120,RI,INV115166,04/05/2024,B07400016567,82.00,.00,699105,
120,RI,INV115203,04/05/2024,COPELAND,138.17,.00,407303,461022153
120,RI,INV115211,04/05/2024,1010,733.77,.00,499301,295001010
120,RI,INV115212,04/05/2024,B07400017013,894.91,.00,367128,
120,RI,INV115216,04/05/2024,B04610046913,268.68,.00,461053,
120,RI,INV115225,04/05/2024,90031,45938.38,.00,920009,92000009
120,RI,INV115239,04/05/2024,B04610046310,25.00,.00,416104,461137040
120,RI,INV115242,04/05/2024,WILL CALL,185.39,.00,545313,461545313
120,RI,INV115245,04/05/2024,PREMIER POLYSTEEL,7408.08,.00,461971,461019971
120,RI,INV115254,04/05/2024,16105,5667.20,.00,920011,
120,RI,INV115255,04/05/2024,16152,180.80,.00,920011,
120,RI,INV115256,04/05/2024,90024,26233.85,.00,920009,92000009
120,RI,INV115257,04/05/2024,42101127,3040.00,.00,920011,
120,RI,INV115261,04/05/2024,9958,14893.37,.00,953724,92000002
120,RI,INV115272,04/05/2024,BUNN,457.98,.00,139211,
120,RI,INV115283,04/05/2024,American Metalcraft,192.00,.00,461104,461142104
120,RI,INV115297,04/05/2024,55347329,19.95,.00,449523,449000523
120,RI,INV115303,04/05/2024,55585927,19.95,.00,449523,449000523
120,RI,INV115313,04/05/2024,56106888,6059.82,.00,449523,449000523
120,RI,INV115315,04/05/2024,B08010050128,1500.46,.00,801959,801310959
120,RI,INV115317,04/05/2024,DIETARY,642.96,.00,324797,755000365
120,RI,INV115321,04/05/2024,DIETARY,2369.39,.00,885700,912779293
120,RI,INV115332,04/05/2024,B07400017026,836.14,.00,961900,740000200
120,RI,INV115335,04/05/2024,B04610046960,1491.54,.00,461004,461023502
120,RI,INV115337,04/05/2024,B07400017034,649.58,.00,470820,740000040
120,RI,INV115339,04/05/2024,B04610046953,1286.72,.00,772617,461772617
120,RI,INV115344,04/05/2024,B04610046981,1392.78,.00,367089,461367089
120,RI,INV115346,04/05/2024,B04610046954,1286.68,.00,765955,461023327
120,RI,INV115347,04/05/2024,B04610046965,982.07,.00,272618,461023602
120,RI,INV115348,04/05/2024,B04610046973,1239.65,.00,272617,461023666
120,RI,INV115349,04/05/2024,DIETARY,1757.26,.00,324797,755000365
120,RI,INV115367,04/05/2024,BAYSIDE,976.19,.00,582403,
120,RI,INV115368,04/05/2024,3238556,407.96,.00,593725,755310005
120,RI,INV115374,04/05/2024,56133313,437.04,.00,552041,438020262
120,RI,INV115375,04/05/2024,B04610046974,1841.92,.00,632334,461022315
120,RI,INV115382,04/05/2024,B04610046976,830.45,.00,461801,461021801
120,RI,INV115383,04/05/2024,B02950002552,1339.21,.00,499301,295000044
120,RI,INV115384,04/05/2024,56131207,1589.69,.00,432011,432052999
120,RI,INV115388,04/05/2024,B02950002548,2927.45,.00,499301,295003023
120,RI,INV115397,04/05/2024,Brittany,154.32,.00,755005,755310572
120,RI,INV115399,04/05/2024,56132128,63.71,.00,432012,432053004
120,RI,INV115403,04/05/2024,55858028,69.42,.00,432012,432053004
120,RI,INV115404,04/05/2024,B07400017011,689.96,.00,789511,740000126
120,RI,INV115407,04/05/2024,1730,291.60,.00,499301,295001730
120,RI,INV115409,04/05/2024,B04610046971,977.65,.00,461803,461019803
120,RI,INV115413,04/05/2024,56132439,1906.16,.00,432012,432053004
120,RI,INV115414,04/05/2024,B01460013389.2D12702530,2771.21,.00,146137,146000037
120,RI,INV115415,04/05/2024,- None -,2050.95,.00,461014,461021014
120,RI,INV115464,04/05/2024,56111817,159.60,.00,432015,432053010
120,RI,INV115465,04/05/2024,B08010049121,171.60,.00,801608,801910608
120,RI,INV115466,04/05/2024,B08010050038,189.27,.00,801608,801910608
120,RI,INV115468,04/05/2024,MARK LOWMAN,601.00,.00,755869,755310869
120,RI,INV115471,04/05/2024,56111293,322.46,.00,432015,432053010
120,RI,INV115474,04/05/2024,B04610046961,1643.35,.00,262753,461019901
120,RI,INV115483,04/06/2024,SO10032819,921.80,.00,766222,
120,RI,INV115487,04/06/2024,B07550001335,2302.91,.00,716080,755000826
120,RI,INV115489,04/06/2024,SO10032862,974.37,.00,716320,755000837
120,RI,INV115490,04/06/2024,B07550001334,754.03,.00,766236,755000749
120,RI,INV115491,04/06/2024,B07400017033,580.83,.00,835200,740000152
120,RI,INV115499,04/06/2024,harbor,1009.50,.00,755001,755310568
120,RI,INV115501,04/06/2024,- None -,1965.68,.00,773527,
120,RI,INV115502,04/06/2024,SO10032969,1163.69,.00,244841,755000781
120,RI,INV115503,04/06/2024,- None -,854.37,.00,656100,755310438
120,RI,INV115507,04/06/2024,56129227,1194.67,.00,792426,440026831
120,RI,INV115512,04/06/2024,kristina,3362.04,.00,755004,755310571
120,RI,INV115515,04/06/2024,B07400017039,650.36,.00,574323,740000073
120,RI,INV115517,04/06/2024,B07400017032,961.83,.00,84001,740100217
120,RI,INV115535,04/06/2024,DIETARY,520.01,.00,583410,
120,RI,INV115540,04/06/2024,CHAPEL DISTRICT,337.29,.00,755612,
120,RI,INV115545,04/06/2024,B02950002549,2353.22,.00,499301,295003130
120,RI,INV115550,04/06/2024,DIETARY 3238540,148.50,.00,562931,
120,RI,INV115551,04/06/2024,3238381,142.27,.00,562931,
120,RI,INV115552,04/06/2024,56130261,1412.67,.00,438346,438120346
120,RI,INV115559,04/06/2024,56130724,3283.67,.00,391275,438020348
120,RI,INV115562,04/06/2024,56126012,792.79,.00,438593,438122593
120,RI,INV115563,04/06/2024,DIETARY 3238850,320.27,.00,562931,
120,RI,INV115567,04/06/2024,56135935,2351.61,.00,438352,438120352
120,RI,INV115571,04/06/2024,HICKROY KNOLL RD,332.80,.00,245176,
120,RI,INV115593,04/06/2024,3238593,233.61,.00,470015,
120,RI,INV115596,04/06/2024,B02950002550,584.12,.00,499301,295003135
120,RI,INV115603,04/06/2024,FILL IN,1521.90,.00,739888,461739888
120,RI,INV115604,04/06/2024,FILL IN,1207.89,.00,406315,461406315
120,RI,INV115605,04/06/2024,56130063,2614.82,.00,432010,432053012
120,RI,INV115606,04/06/2024,B04610046959,810.77,.00,406315,461406315
120,RI,INV115622,04/06/2024,292642,586.26,.00,350086,740000001
120,RI,INV115648,04/06/2024,B04610046977,1691.38,.00,461157,461021157
120,RI,INV115653,04/06/2024,DIETARY 3238481,405.16,.00,546300,
120,RI,INV115655,04/06/2024,B07400017027,763.66,.00,593482,740000045
120,RI,INV115656,04/06/2024,B07400017040,325.18,.00,350086,740100001
120,RI,INV115672,04/06/2024,B04610046893,1408.68,.00,545313,461545313
120,RI,INV115676,04/06/2024,B08010050135,332.90,.00,192752,801310733
120,RI,INV115678,04/06/2024,B04610046951,591.06,.00,461204,461021204
120,RI,INV115679,04/06/2024,3198433,192.81,.00,692753,
120,RI,INV115681,04/06/2024,ORIOL05047,49.95,.00,572757,572061757
120,RI,INV115683,04/06/2024,ORIOL05093,681.40,.00,572757,572061757
120,RI,INV115684,04/06/2024,3230454,63.12,.00,692753,
120,RI,INV115687,04/06/2024,ORIOL05125,509.54,.00,572757,572061757
120,RI,INV115690,04/06/2024,oriol05094,273.60,.00,572757,572061757
120,RI,INV115691,04/06/2024,4503643734,35.85,.00,714611,426001059
120,RI,INV115692,04/06/2024,ORIOL05122,559.18,.00,572757,572061757
120,RI,INV115698,04/06/2024,4503654625,6953.41,.00,714611,426001059
120,RI,INV115701,04/06/2024,B07400017023,149.50,.00,413154,740000093
120,RI,INV115704,04/06/2024,B07400017028,528.39,.00,740185,740100185
120,RI,INV115713,04/06/2024,DIETARY,1162.96,.00,473055,
120,RI,INV115714,04/06/2024,housekeeping,933.13,.00,692753,
120,RI,INV115715,04/06/2024,B07400017021,1000.04,.00,887489,740000268
120,RI,INV115720,04/06/2024,B04610046982,442.74,.00,862385,461022033
120,RI,INV115722,04/06/2024,- None -,1079.53,.00,311159,755310355
120,RI,INV115725,04/08/2024,ELITE GLOBAL SOLUTIONS,1339.50,.00,139211,740000235
120,RI,INV115730,04/08/2024,WILL CALL,73.88,.00,309253,461309253
120,RI,INV115798,04/08/2024,COURIER,424.33,.00,461601,461020601
120,RI,INV115800,04/08/2024,Courier,184.86,.00,461014,461021014
120,RI,INV115817,04/08/2024,TGT040224,17.68,.00,406024,405000024
120,RI,INV115831,04/08/2024,WILL CALL,689.42,.00,407300,461407300
120,RI,INV115839,04/08/2024,42101127,40924.61,.00,920011,
120,RI,INV115840,04/08/2024,DAVE BIESIADA,7512.60,.00,920017,92000006
120,RI,INV115853,04/08/2024,- None -,359.89,.00,545317,461145317
120,RI,INV115860,04/08/2024,HOUSEKEEPING,83.16,.00,820100,
120,RI,INV115868,04/08/2024,will call,73.88,.00,407301,461021042
120,RI,INV115878,04/08/2024,B07550001236,45.95,.00,755006,755310633
120,RI,INV115882,04/08/2024,03272024,144.40,.00,801002,801311061
120,RI,INV115887,04/08/2024,CATERING,500.31,.00,461122,461129122
120,RI,INV115888,04/08/2024,SO10032969,168.00,.00,244841,755000781
120,RI,INV115899,04/08/2024,3235730,116.40,.00,646053,323393940
120,RI,INV115905,04/08/2024,DN2127000005832,75.90,.00,187250,187123250
120,RI,INV115906,04/08/2024,B04610046988,304.05,.00,272618,461023602
120,RI,INV115909,04/08/2024,56138826,13791.17,.00,449302,449352802
120,RI,INV115911,04/08/2024,B04610046991,1540.78,.00,461002,461023112
120,RI,INV115912,04/08/2024,B04610047001,3169.50,.00,461502,461024502
120,RI,INV115914,04/08/2024,MIDDLE SCHOOL,504.05,.00,741439,755310522
120,RI,INV115917,04/08/2024,B04610047040,1324.70,.00,461834,461023834
120,RI,INV115921,04/08/2024,B04610047030,2507.36,.00,461073,461024073
120,RI,INV115923,04/08/2024,- None -,1691.27,.00,722611,
120,RI,INV115928,04/08/2024,B04610046990,1270.13,.00,366744,461023113
120,RI,INV115937,04/08/2024,B04610047045,1524.99,.00,461407,461022407
120,RI,INV115944,04/08/2024,56053365,200.36,.00,449921,449044921
120,RI,INV115945,04/08/2024,B04610046993,1501.28,.00,62140,461018974
120,RI,INV115946,04/08/2024,B04610047073,1280.28,.00,461053,461008053
120,RI,INV115947,04/08/2024,9969,4107.70,.00,953724,92000002
120,RI,INV115948,04/08/2024,B04610047060,948.13,.00,461030,461019030
120,RI,INV115949,04/08/2024,B04610047002,998.67,.00,461003,461019064
120,RI,INV115950,04/08/2024,B04610046997,1031.07,.00,716507,461019406
120,RI,INV115951,04/08/2024,B04610047079,1910.83,.00,461691,461008691
120,RI,INV115952,04/08/2024,B04610047085,2387.28,.00,101889,461008096
120,RI,INV115953,04/08/2024,B04610047025,2427.93,.00,509001,461509001
120,RI,INV115954,04/08/2024,B04610047046,2363.86,.00,632333,461017112
120,RI,INV115956,04/08/2024,B04610047098,656.82,.00,955264,461018052
120,RI,INV115957,04/08/2024,B04610047053,1061.74,.00,461702,461018702
120,RI,INV115958,04/08/2024,B04610047080,3014.89,.00,812120,461812120
120,RI,INV115959,04/08/2024,B04610047061,2442.07,.00,461701,461017601
120,RI,INV115960,04/08/2024,- None -,1842.30,.00,202000,755310524
120,RI,INV115962,04/08/2024,B04610047081,1965.85,.00,461011,461017011
120,RI,INV115963,04/08/2024,B07400016986,168.17,.00,252631,
120,RI,INV115972,04/08/2024,B07400017024,1398.13,.00,75096,740300054
120,RI,INV115975,04/08/2024,B04610047013,2600.94,.00,580102,461580102
120,RI,INV115976,04/08/2024,B04610047033,1104.72,.00,62139,461019462
120,RI,INV115977,04/08/2024,B07400017053,1956.27,.00,241400,740300167
120,RI,INV115980,04/08/2024,3240714,183.54,.00,527001,527000241
120,RI,INV115981,04/08/2024,B07400017067,1551.83,.00,634489,740000050
120,RI,INV115984,04/08/2024,3240600,556.04,.00,527001,527000241
120,RI,INV115987,04/08/2024,B07400017070,173.31,.00,634489,740000050
120,RI,INV115998,04/08/2024,HOUSEKEEPING,343.00,.00,801650,801910650
120,RI,INV116007,04/08/2024,501320000127942,923.63,.00,421513,40000208
120,RI,INV116015,04/08/2024,56161960,387.92,.00,33047,438044177
120,RI,INV116027,04/08/2024,unit 1370,571.75,.00,499301,295001370
120,RI,INV116030,04/08/2024,56164517,342.72,.00,552041,438020262
120,RI,INV116038,04/09/2024,SO10030667,234.64,.00,737285,
120,RI,INV116077,04/09/2024,56129264,171.77,.00,441860,440061860
120,RI,INV116096,04/09/2024,B04610047041,1632.79,.00,407303,461022153
120,RI,INV116098,04/09/2024,56147181,1595.30,.00,441862,440161860
120,RI,INV116102,04/09/2024,B04610047090,106.67,.00,765956,461020155
120,RI,INV116105,04/09/2024,B04610047078,1124.41,.00,633233,461020165
120,RI,INV116108,04/09/2024,B07400017066,707.97,.00,122743,740200058
120,RI,INV116110,04/09/2024,B04610047050,892.10,.00,958980,461022192
120,RI,INV116117,04/09/2024,B04610047043,80.12,.00,407303,461022153
120,RI,INV116118,04/09/2024,B02950002556,2669.81,.00,499301,295000047
120,RI,INV116120,04/09/2024,B04610047094,1266.48,.00,328321,461328321
120,RI,INV116126,04/09/2024,B04610047037,1292.28,.00,765956,461020155
120,RI,INV116128,04/09/2024,3241952,3016.80,.00,736673,755000860
120,RI,INV116133,04/09/2024,062464,2598.89,.00,694005,694000005
120,RI,INV116137,04/09/2024,56163584,990.76,.00,736438,438032093
120,RI,INV116156,04/09/2024,B04610047011,2084.94,.00,914102,461021740
120,RI,INV116160,04/09/2024,4503655792,936.93,.00,944645,426001060
120,RI,INV116196,04/09/2024,B08010049195,37.70,.00,752880,801000634
120,RI,INV116200,04/09/2024,B08010049003,96.30,.00,752880,801000634
120,RI,INV116206,04/09/2024,56151070,92.64,.00,432017,432053001
120,RI,INV116209,04/09/2024,ORIOL05047,49.95,.00,572757,572061757
120,RI,INV116210,04/09/2024,56129802,124.97,.00,432017,432053001
120,RI,INV116211,04/09/2024,56135577,8751.07,.00,432018,432053003
120,RI,INV116212,04/09/2024,B04060002698,954.78,.00,406019,406000023
120,RI,INV116214,04/09/2024,B02950002551,1548.75,.00,499301,295003020
120,RI,INV116217,04/09/2024,B04610047029,1988.98,.00,194660,461194660
120,RI,INV116218,04/09/2024,B04610047003,2070.73,.00,461601,461020601
120,RI,INV116219,04/09/2024,56150940,720.11,.00,432017,432053001
120,RI,INV116231,04/09/2024,B04050002948,1262.14,.00,406125,405000023
120,RI,INV116241,04/09/2024,- None -,136.48,.00,620203,40000163
120,RI,INV116242,04/09/2024,B04060002697,762.97,.00,406026,406000026
120,RI,INV116243,04/09/2024,B04610047089,1339.80,.00,556807,461556807
120,RI,INV116248,04/09/2024,B04610047035,1467.86,.00,800857,461800857
120,RI,INV116251,04/09/2024,040824,1501.68,.00,667130,631000560
120,RI,INV116274,04/09/2024,B04610047056,643.52,.00,545313,461545313
120,RI,INV116281,04/09/2024,B08010050237,1445.78,.00,752880,801000634
120,RI,INV116283,04/09/2024,B04610047048,1362.49,.00,309253,461309253
120,RI,INV116289,04/09/2024,56169392,80.14,.00,432017,432053001
120,RI,INV116290,04/09/2024,ORIOL05162,3848.75,.00,572757,572061757
120,RI,INV116309,04/09/2024,B07400016992,453.97,.00,775193,
120,RI,INV116312,04/09/2024,SO10033981,1692.42,.00,755003,755310570
120,RI,INV116313,04/09/2024,SO10034150,1896.20,.00,755002,
120,RI,INV116331,04/09/2024,56167195,3714.42,.00,438351,438120351
120,RI,INV116335,04/09/2024,56130724,158.69,.00,391275,438020348
120,RI,INV116340,04/09/2024,B02950002555,2191.70,.00,499301,295003395
120,RI,INV116344,04/09/2024,B04610047034,822.79,.00,262755,461021054
120,RI,INV116353,04/09/2024,B04610047024,1522.58,.00,914103,461021117
120,RI,INV116362,04/09/2024,10034299,1576.20,.00,814703,740000003
120,RI,INV116366,04/09/2024,10025751,1379.50,.00,814703,740000003
120,RI,INV116367,04/09/2024,B07400017054,501.38,.00,495151,740000247
120,RI,INV116369,04/09/2024,DIETARY 3241061,291.07,.00,470015,
120,RI,INV116400,04/09/2024,B04610047051,1258.71,.00,326180,461326180
120,RI,INV116401,04/09/2024,B04610047059,1496.86,.00,407301,461021042
120,RI,INV116405,04/09/2024,B04610046307,25.23,.00,461874,461020874
120,RI,INV116406,04/09/2024,B04610047084,1181.55,.00,461874,461020874
120,RI,INV116409,04/09/2024,B08010049037,82.74,.00,164064,801300001
120,RI,INV116411,04/09/2024,Sean,769.12,.00,164371,755001991
120,RI,INV116413,04/09/2024,MIKE,1677.44,.00,164369,755000382
120,RI,INV116417,04/09/2024,B07400017061,720.52,.00,948085,740000143
120,RI,INV116426,04/09/2024,B04610047039,1399.91,.00,461130,461021030
120,RI,INV116430,04/09/2024,B04610047069,45.36,.00,461130,461021030
120,RI,INV116444,04/09/2024,B04610047067,2599.92,.00,309254,461020852
120,RI,INV116457,04/09/2024,B04610047015,1286.64,.00,461171,461020171
120,RI,INV116465,04/09/2024,WILL CALL,40.71,.00,914103,461021117
120,RI,INV116467,04/09/2024,FEDEX,165.68,.00,812120,461812120
120,RI,INV116470,04/09/2024,42700171,4084.00,.00,920022,
120,RI,INV116471,04/09/2024,9966,6126.00,.00,953724,
120,RI,INV116472,04/09/2024,42700171,6126.00,.00,920021,
120,RI,INV116473,04/09/2024,41800857,29372.00,.00,953724,
120,RI,INV116474,04/09/2024,42101127,88321.96,.00,920011,92000011
120,RI,INV116478,04/09/2024,FURNITURE,4289.84,.00,461122,461129122
120,RI,INV116480,04/09/2024,HEALTH/CA,3535.06,.00,461122,461129122
120,RI,INV116481,04/09/2024,FEDEX,77.33,.00,633233,461020165
120,RI,INV116482,04/09/2024,FEDEX 22oz LIDS,30.83,.00,309254,461020852
120,RI,INV116485,04/09/2024,B04610046914,121.22,.00,461909,461133909
120,RI,INV116487,04/09/2024,OPENING SMALLWARES,23813.10,.00,461971,461019971
120,RI,INV116488,04/09/2024,NEMCO,155.79,.00,272617,461023666
120,RI,INV116494,04/09/2024,B04610046983,65.95,.00,545316,461137214
120,RI,INV116495,04/09/2024,B04610046989,79.18,.00,461147,461015147
120,RI,INV116496,04/09/2024,B04610046995,376.89,.00,461227,461153227
120,RI,INV116499,04/09/2024,B04610047007,218.72,.00,545316,461137214
120,RI,INV116502,04/09/2024,B04610047008,56.65,.00,461179,461033179
120,RI,INV116504,04/09/2024,B04610047021,184.18,.00,737892,461134986
120,RI,INV116505,04/09/2024,B04610047052,580.34,.00,593651,461144715
120,RI,INV116511,04/09/2024,16149,58930.92,.00,920011,
120,RI,INV116514,04/09/2024,42101127,5060.00,.00,920011,
120,RI,INV116517,04/09/2024,41800857,1399.50,.00,953724,92000002
120,RI,INV116520,04/09/2024,55808932,722.18,.00,449302,449352802
120,RI,INV116521,04/09/2024,56034735,15.42,.00,449010,449010000
120,RI,INV116522,04/09/2024,56138826,901.53,.00,449302,449352802
120,RI,INV116524,04/09/2024,BMS,113.20,.00,136417,631005752
120,RI,INV116537,04/09/2024,B04610047087,1116.63,.00,272618,461023602
120,RI,INV116539,04/09/2024,B04610047101,299.80,.00,272618,461023602
120,RI,INV116556,04/09/2024,56180816,6995.92,.00,449302,
120,RI,INV116578,04/09/2024,B04610047134,1506.54,.00,367089,461367089
120,RI,INV116580,04/09/2024,56183630,1952.68,.00,449302,449352802
120,RI,INV116581,04/09/2024,3217,3053.65,.00,481511,912058765
120,RI,INV116587,04/09/2024,B04610047133,627.14,.00,461834,461023834
120,RI,INV116589,04/09/2024,B04610047136,564.86,.00,366744,461023113
120,RI,INV116591,04/09/2024,B04610047116,42.59,.00,765955,461023327
120,RI,INV116596,04/09/2024,B04610047113,1851.79,.00,461004,461023502
120,RI,INV116603,04/09/2024,B04610047127,1944.92,.00,772617,461772617
120,RI,INV116605,04/09/2024,55967965,65.99,.00,440996,440057996
120,RI,INV116606,04/09/2024,56053318,84.97,.00,331000,438022221
120,RI,INV116607,04/09/2024,3035,368.38,.00,499301,295003035
120,RI,INV116608,04/09/2024,B08010049638,36.24,.00,801294,801311294
120,RI,INV116609,04/09/2024,B08010049006,45.30,.00,801294,801311294
120,RI,INV116612,04/09/2024,3234130,1447.08,.00,736673,755000860
120,RI,INV116616,04/09/2024,B02950002556,150.11,.00,499301,295000047
120,RI,INV116617,04/09/2024,B02950002553,1420.58,.00,499301,295007042
120,RI,INV116618,04/09/2024,B04610047012,2792.76,.00,739889,461022601
120,RI,INV116620,04/09/2024,56185309,694.77,.00,440996,440057996
120,RI,INV116628,04/09/2024,B02950002557,1263.66,.00,499301,295003035
120,RI,INV116629,04/09/2024,56164969,351.90,.00,441860,440061860
120,RI,INV116637,04/09/2024,B07400017097,545.80,.00,139211,740000235
120,RI,INV116638,04/09/2024,56183132,805.18,.00,736438,438032093
120,RI,INV116639,04/09/2024,3241952,89.52,.00,736673,755000860
120,RI,INV116642,04/09/2024,B04610047126,1302.40,.00,862385,461022033
120,RI,INV116647,04/09/2024,0047,992.48,.00,499301,295000047
120,RI,INV116654,04/09/2024,- None -,967.85,.00,656100,755310438
120,RI,INV116657,04/09/2024,B07550001341,925.31,.00,761100,755000785
120,RI,INV116658,04/09/2024,SO,1001.74,.00,755677,755894677
120,RI,INV116663,04/09/2024,B07550001350,842.36,.00,737280,755000784
120,RI,INV116664,04/09/2024,- None -,1441.00,.00,771562,755310567
120,RI,INV116665,04/09/2024,10035074,2123.56,.00,773527,755310566
120,RI,INV116666,04/09/2024,- None -,1263.91,.00,766156,
120,RI,INV116690,04/10/2024,SO10034014,1430.80,.00,392010,
120,RI,INV116710,04/10/2024,B02950002558,939.39,.00,499301,295003095
120,RI,INV116715,04/10/2024,4524956119,2066.96,.00,650979,091440600
120,RI,INV116719,04/10/2024,56011219,297.39,.00,571300,559022241
120,RI,INV116724,04/10/2024,56111805,127.45,.00,571300,559022241
120,RI,INV116725,04/10/2024,B07400017095,750.29,.00,367128,740000055
120,RI,INV116729,04/10/2024,B07400016611,98.58,.00,367128,740000055
120,RI,INV116732,04/10/2024,0044,603.00,.00,499301,295000044
120,RI,INV116739,04/10/2024,061764,119.90,.00,694015,694000015
120,RI,INV116740,04/10/2024,3204237,29.15,.00,583410,
120,RI,INV116741,04/10/2024,3230166,101.21,.00,583410,
120,RI,INV116744,04/10/2024,3227476,46.75,.00,593725,755310005
120,RI,INV116749,04/10/2024,3238556,93.50,.00,593725,755310005
120,RI,INV116754,04/10/2024,062482,369.55,.00,694006,694000006
120,RI,INV116756,04/10/2024,062502,1957.48,.00,694016,694000016
120,RI,INV116757,04/10/2024,3243810,471.92,.00,593725,755310005
120,RI,INV116758,04/10/2024,56159195,919.96,.00,432016,432053006
120,RI,INV116760,04/10/2024,housekeeping,448.38,.00,426644,
120,RI,INV116770,04/10/2024,062484,11.01,.00,781001,
120,RI,INV116773,04/10/2024,CENTRAL SUPPLY  3243569,824.07,.00,583410,
120,RI,INV116776,04/10/2024,housekeeping,432.69,.00,661995,
120,RI,INV116781,04/10/2024,062484,950.22,.00,694014,694000014
120,RI,INV116783,04/10/2024,DIETARY 3244736,856.96,.00,583410,
120,RI,INV116788,04/10/2024,housekeeping,1473.61,.00,426644,
120,RI,INV116795,04/10/2024,Laundry 3239981,358.27,.00,562931,
120,RI,INV116797,04/10/2024,DIETARY  3241768,97.34,.00,562931,
120,RI,INV116800,04/10/2024,B07400017089,757.43,.00,358401,740000137
120,RI,INV116801,04/10/2024,Housekeeping,190.48,.00,562931,
120,RI,INV116802,04/10/2024,B07550001349,414.27,.00,994262,755310573
120,RI,INV116803,04/10/2024,Food Service,1507.71,.00,994262,755310573
120,RI,INV116820,04/10/2024,housekeeping  3239998,463.98,.00,820100,
120,RI,INV116825,04/10/2024,55927681,54.06,.00,438351,438120351
120,RI,INV116826,04/10/2024,DIETARY 3243258,685.71,.00,820100,
120,RI,INV116828,04/10/2024,56112028,54.06,.00,438352,438120352
120,RI,INV116831,04/10/2024,kristina,17.08,.00,755004,755310571
120,RI,INV116841,04/10/2024,DIETARY   3243261,257.16,.00,820100,
120,RI,INV116848,04/10/2024,56109963,225.25,.00,438351,438120351
120,RI,INV116874,04/10/2024,kristina,1837.23,.00,755004,755310571
120,RI,INV116875,04/10/2024,56182306,2508.28,.00,391275,438020348
120,RI,INV116879,04/10/2024,B07400017028,29.57,.00,740185,740100185
120,RI,INV116882,04/10/2024,DIETARY,92.29,.00,515700,527023439
120,RI,INV116884,04/10/2024,3227878,108.09,.00,546300,
120,RI,INV116885,04/10/2024,NATS0000025883,54.00,.00,278496,572020003
120,RI,INV116888,04/10/2024,3230454,72.06,.00,692753,
120,RI,INV116889,04/10/2024,3241597,1061.81,.00,515700,527023439
120,RI,INV116893,04/10/2024,housekeeping,881.68,.00,692753,
120,RI,INV116894,04/10/2024,Laundry,564.61,.00,692753,
120,RI,INV116895,04/10/2024,B07400017090,432.35,.00,740185,740100185
120,RI,INV116905,04/10/2024,SO10035035,555.10,.00,755002,
120,RI,INV116908,04/10/2024,CENTRAL SUPPLY,736.70,.00,546300,
120,RI,INV116910,04/10/2024,CENTRAL SUPPLY  3243538,362.01,.00,692753,
120,RI,INV116912,04/10/2024,B07400017099,290.77,.00,350086,740100001
120,RI,INV116917,04/10/2024,ALLANTE0409,869.30,.00,755736,755974736
120,RI,INV116927,04/10/2024,housekeeping,76.06,.00,692753,
120,RI,INV116934,04/10/2024,B07400017083,1241.32,.00,574323,740000073
120,RI,INV116943,04/10/2024,DIETARY,373.44,.00,470015,
120,RI,INV116944,04/10/2024,CENTRAL SUPPLY,428.25,.00,470015,
120,RI,INV116952,04/10/2024,B08010050135,332.90,.00,192752,801310733
120,RI,INV116962,04/10/2024,B04610047132,1054.43,.00,406315,461406315
120,RI,INV116964,04/10/2024,housekeeping  3243808,1342.91,.00,470015,
120,RI,INV116965,04/10/2024,DIETARY 3241061,16.96,.00,470015,
120,RI,INV116967,04/10/2024,Laundry  3243834,547.91,.00,470015,
120,RI,INV116993,04/10/2024,3210013,190.70,.00,692753,527000477
120,RI,INV117022,04/10/2024,DIETARY,72.00,.00,324797,755000365
120,RI,INV117030,04/10/2024,B04610047100,4112.78,.00,461147,461015147
120,RI,INV117032,04/10/2024,WILL CALL,142.80,.00,262755,461021054
120,RI,INV117081,04/10/2024,B04610047124,678.13,.00,739890,461144129
120,RI,INV117082,04/10/2024,9965,15765.13,.00,953724,92000002
120,RI,INV117083,04/10/2024,PREMIER POLYSTEEL,5517.98,.00,461122,461129122
120,RI,INV117086,04/10/2024,ANNA SCHUTTER,40285.35,.00,920012,
120,RI,INV117088,04/10/2024,89592,71490.51,.00,920009,92000009
120,RI,INV117089,04/10/2024,42101127,54375.60,.00,920011,
120,RI,INV117090,04/10/2024,41800857,10326.00,.00,953724,92000002
120,RI,INV117106,04/10/2024,41200399,1373.20,.00,920017,92000006
120,RI,INV117108,04/10/2024,B04610046479,55.66,.00,461471,461134471
120,RI,INV117109,04/10/2024,B04610047057,251.67,.00,461459,461145459
120,RI,INV117110,04/10/2024,B04610047066,142.65,.00,461623,461114623
120,RI,INV117111,04/10/2024,B04610047077,55.06,.00,859096,461133613
120,RI,INV117112,04/10/2024,COREY HEDRICK,25567.81,.00,920018,92000007
120,RI,INV117113,04/10/2024,B04610047082,230.87,.00,545315,461145615
120,RI,INV117115,04/10/2024,41200133,12625.56,.00,920017,92000006
120,RI,INV117116,04/10/2024,B04610047104,323.32,.00,545317,461145317
120,RI,INV117117,04/10/2024,B04610047111,76.98,.00,461909,461133909
120,RI,INV117118,04/10/2024,B04610047120,246.25,.00,461615,461161615
120,RI,INV117119,04/10/2024,12681,40673.35,.00,920012,
120,RI,INV117120,04/10/2024,Tork dispenser,15.01,.00,545315,461145615
120,RI,INV117121,04/10/2024,- None -,676.46,.00,859096,461133613
120,RI,INV117124,04/10/2024,- None -,32.57,.00,92086,461145040
120,RI,INV117129,04/10/2024,56181794,1669.50,.00,449302,449352802
120,RI,INV117136,04/10/2024,56183630,90.50,.00,449302,449352802
120,RI,INV117169,04/10/2024,2001034484,1317.70,.00,120109,459000001
120,RI,INV117171,04/10/2024,04102024,2961.91,.00,801002,801311061
120,RI,INV117173,04/10/2024,B04610047166,557.24,.00,461834,461023834
120,RI,INV117183,04/10/2024,B04610047170,2233.67,.00,461407,461022407
120,RI,INV117187,04/10/2024,B04610047168,916.26,.00,461002,461023112
120,RI,INV117189,04/10/2024,B04610047176,1640.26,.00,461073,461024073
120,RI,INV117199,04/10/2024,2001031110,4542.50,.00,120109,459000001
120,RI,INV117203,04/10/2024,2000968690,55.50,.00,120109,459000001
120,RI,INV117204,04/10/2024,HIGH SCHOOL,755.49,.00,741439,755310523
120,RI,INV117218,04/11/2024,DCUNI06751,368.56,.00,108003,572036578
120,RI,INV117228,04/11/2024,NATS0000025680,2282.00,.00,278496,572020003
120,RI,INV117229,04/11/2024,Costica,2163.01,.00,421513,40000208
120,RI,INV117237,04/11/2024,1030,352.81,.00,499301,295001030
120,RI,INV117240,04/11/2024,1020,874.64,.00,499301,295001020
120,RI,INV117241,04/11/2024,3510,734.55,.00,499301,295003510
120,RI,INV117245,04/11/2024,00311335787,1466.66,.00,707655,707001655
120,RI,INV117249,04/11/2024,B07400017120,393.06,.00,634489,740000050
120,RI,INV117257,04/11/2024,B07550001355,1001.30,.00,234100,755000786
120,RI,INV117263,04/11/2024,3122,692.33,.00,499301,295003122
120,RI,INV117264,04/11/2024,Donna,3003.96,.00,755677,755894677
120,RI,INV117271,04/11/2024,3247470,312.50,.00,593725,755310005
120,RI,INV117274,04/11/2024,B04610047155,1258.05,.00,632334,461022315
120,RI,INV117275,04/11/2024,062534,1015.31,.00,694005,694000005
120,RI,INV117279,04/11/2024,SO10035771,1888.10,.00,755005,755310572
120,RI,INV117285,04/11/2024,B07550001360,755.59,.00,766236,755000749
120,RI,INV117301,04/11/2024,B07400017125,572.90,.00,548063,740000248
120,RI,INV117311,04/11/2024,B07550001354,411.85,.00,716030,
120,RI,INV117316,04/11/2024,B02950002561,857.36,.00,499301,295003095
120,RI,INV117321,04/11/2024,04012024,62.03,.00,180501,572044317
120,RI,INV117323,04/11/2024,B04060002647,6.68,.00,406012,406000010
120,RI,INV117325,04/11/2024,B02950002554,2373.25,.00,499301,295000057
120,RI,INV117329,04/11/2024,B04060002535,6.68,.00,406012,406000010
120,RI,INV117332,04/11/2024,B07400017053,43.99,.00,241400,740300167
120,RI,INV117343,04/11/2024,B04610047148,1075.78,.00,62139,461019462
120,RI,INV117344,04/11/2024,4503657337,183.32,.00,714611,426001059
120,RI,INV117347,04/11/2024,4503657271,2772.01,.00,714611,426001059
120,RI,INV117348,04/11/2024,B04610047144,2899.11,.00,580102,461580102
120,RI,INV117359,04/11/2024,B04610047187,933.77,.00,461171,461020171
120,RI,INV117365,04/11/2024,56200389,3056.52,.00,434001,434011464
120,RI,INV117366,04/11/2024,B07400017123,1107.53,.00,252631,
120,RI,INV117368,04/11/2024,DIETARY,867.14,.00,661995,
120,RI,INV117383,04/11/2024,B04060002657,84.27,.00,406007,406000018
120,RI,INV117390,04/11/2024,B08010050038,104.85,.00,801608,801910608
120,RI,INV117391,04/11/2024,B07550001347,901.90,.00,755874,755310874
120,RI,INV117392,04/11/2024,4824,2213.04,.00,755870,755310870
120,RI,INV117394,04/11/2024,QUEEN ANNE'S HIGH,1005.60,.00,582403,755310541
120,RI,INV117396,04/11/2024,KIES,335.20,.00,582403,
120,RI,INV117398,04/11/2024,B04610047149,2568.94,.00,262753,461019901
120,RI,INV117401,04/11/2024,GRASONVILLE ELEM,343.91,.00,582403,
120,RI,INV117402,04/11/2024,EASTON ELEMENTARY,1978.18,.00,755612,
120,RI,INV117403,04/11/2024,MATAPEAKE ELEM,804.43,.00,582403,755310540
120,RI,INV117406,04/11/2024,B07550001358,811.12,.00,755869,755310869
120,RI,INV117411,04/11/2024,56202570,1296.74,.00,432011,432052999
120,RI,INV117414,04/11/2024,EASTON MIDDLE,1167.90,.00,755612,
120,RI,INV117416,04/11/2024,village café / mark,261.92,.00,755869,755310869
120,RI,INV117418,04/11/2024,B04610047158,1528.49,.00,461801,461021801
120,RI,INV117427,04/11/2024,B01480002434.2D12495308,751.65,.00,148039,148000039
120,RI,INV117435,04/11/2024,B04060002706,671.44,.00,406007,406000018
120,RI,INV117438,04/11/2024,B01480002433.2D12495308,1149.93,.00,148039,148000039
120,RI,INV117442,04/11/2024,55661488,59.68,.00,432012,432053004
120,RI,INV117443,04/11/2024,56201821,167.87,.00,432012,432053004
120,RI,INV117449,04/11/2024,56161803,94.40,.00,432012,432053004
120,RI,INV117452,04/11/2024,56202163,1911.15,.00,432012,432053004
120,RI,INV117453,04/11/2024,56200942,126.32,.00,432012,432053004
120,RI,INV117454,04/11/2024,B04610047188,316.53,.00,461014,461021014
120,RI,INV117455,04/11/2024,PF040924,791.43,.00,724535,631000934
120,RI,INV117456,04/11/2024,56204078,653.39,.00,432013,432053005
120,RI,INV117457,04/11/2024,56202745,6906.63,.00,449224,449000224
120,RI,INV117459,04/11/2024,B04060002705,997.28,.00,406013,406000011
120,RI,INV117460,04/11/2024,B04610047185,3112.97,.00,461014,461021014
120,RI,INV117492,04/11/2024,DIETARY 3246600,337.36,.00,820100,
120,RI,INV117493,04/11/2024,B07400017113,346.99,.00,358401,740000137
120,RI,INV117497,04/11/2024,B04610047194,1758.05,.00,194660,461194660
120,RI,INV117500,04/11/2024,56099491,1638.87,.00,438352,438120352
120,RI,INV117504,04/11/2024,55774576,169.39,.00,438352,438120352
120,RI,INV117506,04/11/2024,3186544,3.18,.00,562931,
120,RI,INV117509,04/11/2024,Dietary,193.47,.00,766201,527062185
120,RI,INV117527,04/11/2024,56207241,1855.12,.00,438346,438120346
120,RI,INV117529,04/11/2024,Housekeeping/Debbie 3247644,580.67,.00,766201,
120,RI,INV117534,04/11/2024,CENTRAL SUPPLY DEBBIE 3247626,273.80,.00,766201,
120,RI,INV117541,04/11/2024,B04060002703,716.28,.00,406014,406000012
120,RI,INV117546,04/11/2024,56046981,241.53,.00,449621,449023621
120,RI,INV117547,04/11/2024,B04060002684,11.28,.00,406006,406000019
120,RI,INV117552,04/11/2024,B04060002661,19.38,.00,406005,406000009
120,RI,INV117566,04/11/2024,B04060002704,1151.05,.00,406006,406000019
120,RI,INV117574,04/11/2024,B07400017116,852.67,.00,789511,740000126
120,RI,INV117578,04/11/2024,B04610047180,2513.04,.00,461803,461019803
120,RI,INV117580,04/11/2024,B01460013410.2D12826261,13086.75,.00,146118,146000118
120,RI,INV117581,04/11/2024,B04610047153,9475.20,.00,407300,461407300
120,RI,INV117584,04/11/2024,56203561,3598.29,.00,432010,432053012
120,RI,INV117587,04/11/2024,B04060002709,744.12,.00,406005,406000009
120,RI,INV117588,04/11/2024,B04060002708,742.28,.00,406008,406000017
120,RI,INV117591,04/11/2024,B04060002707,2055.97,.00,406004,406000007
120,RI,INV117592,04/11/2024,3190802,128.15,.00,583410,
120,RI,INV117597,04/11/2024,DIETARY,105.74,.00,583410,
120,RI,INV117598,04/11/2024,3204237,128.14,.00,583410,
120,RI,INV117604,04/11/2024,- None -,215.05,.00,546300,
120,RI,INV117606,04/11/2024,ACTIVITY,36.03,.00,546300,
120,RI,INV117610,04/11/2024,HOUSEKEEPING,151.31,.00,546300,
120,RI,INV117615,04/11/2024,Central Supply 3246784,312.78,.00,515700,527023439
120,RI,INV117616,04/11/2024,housekeeping,1630.86,.00,583410,
120,RI,INV117625,04/11/2024,B07400017122,387.47,.00,775193,740000232
120,RI,INV117630,04/11/2024,housekeeping  3247068,280.64,.00,546300,
120,RI,INV117631,04/11/2024,DIETARY,290.16,.00,515700,527023439
120,RI,INV117635,04/11/2024,SO,581.31,.00,755003,755310570
120,RI,INV117638,04/11/2024,56024943,75.34,.00,449282,447049282
120,RI,INV117649,04/11/2024,B02950002538,102.06,.00,499301,295003131
120,RI,INV117675,04/11/2024,B07400017112,385.71,.00,413154,740000093
120,RI,INV117724,04/11/2024,56024924,75.34,.00,449440,449054440
120,RI,INV117734,04/11/2024,56200450,11896.79,.00,702126,434005246
120,RI,INV117739,04/11/2024,B04610046820,6704.13,.00,461971,461019971
120,RI,INV117762,04/11/2024,B04610047171,1781.82,.00,461157,461021157
120,RI,INV117764,04/11/2024,B02950002560,1523.51,.00,499301,295003750
120,RI,INV117769,04/11/2024,- None -,467.27,.00,755661,755310661
120,RI,INV117770,04/11/2024,B02950002562,576.44,.00,499301,295006480
120,RI,INV117774,04/11/2024,56159820,164.95,.00,449056,449031056
120,RI,INV117775,04/11/2024,55949161,221.68,.00,449056,449031056
120,RI,INV117786,04/11/2024,B07400017108,428.19,.00,835200,740000152
120,RI,INV117794,04/11/2024,SLADE SCHOOL,2918.43,.00,245176,
120,RI,INV117813,04/11/2024,COURIER,118.18,.00,406315,461406315
120,RI,INV117822,04/11/2024,NEMCO,159.81,.00,461313,461148313
120,RI,INV117823,04/11/2024,TABLECRAFT,489.39,.00,461615,461161615
120,RI,INV117826,04/11/2024,55941890,721.46,.00,441860,440061860
120,RI,INV117847,04/11/2024,55641036,268.66,.00,440995,440157995
120,RI,INV117855,04/11/2024,44000755,35.60,.00,920013,92000013
120,RI,INV117856,04/11/2024,9962,60747.18,.00,953724,92000002
120,RI,INV117858,04/11/2024,55585835,2464.86,.00,449919,449044919
120,RI,INV117883,04/11/2024,61454,181.65,.00,781001,
120,RI,INV117885,04/11/2024,8450,6231.80,.00,920019,92000008
120,RI,INV117891,04/11/2024,41600163/PARK OPS,150.00,.00,920019,92000008
120,RI,INV117892,04/11/2024,Josh,283.07,.00,406026,406000026
120,RI,INV117897,04/11/2024,56047919,276.55,.00,449919,449044919
120,RI,INV117901,04/11/2024,B04610046686,29.90,.00,737892,461134986
120,RI,INV117909,04/11/2024,16152,233.30,.00,920011,
120,RI,INV117916,04/11/2024,B04610047124,224.25,.00,739890,461144129
120,RI,INV117922,04/11/2024,MATT WILSON,120.10,.00,406028,405000028
120,RI,INV117927,04/11/2024,B04610047141,154.06,.00,461334,461133334
120,RI,INV117933,04/11/2024,56179611,877.72,.00,449919,449044919
120,RI,INV117940,04/11/2024,B04610047198,42.30,.00,391067,461137129
120,RI,INV117942,04/11/2024,062484,7.57,.00,694014,694000014
120,RI,INV117948,04/11/2024,B04610047175,206.59,.00,461179,461033179
120,RI,INV117949,04/11/2024,4824,237.28,.00,755870,755310870
120,RI,INV117964,04/11/2024,TOP LOADERS,733.88,.00,405003,461105003
120,RI,INV117972,04/11/2024,B07550001370,76.00,.00,755872,
120,RI,INV117976,04/11/2024,90703,10028.40,.00,920009,92000009
120,RI,INV117978,04/11/2024,42678,10199.70,.00,765520,92000001
120,RI,INV117979,04/11/2024,42500554,29372.00,.00,765520,92000001
120,RI,INV117980,04/11/2024,9968,39925.60,.00,953724,92000002
120,RI,INV117984,04/11/2024,56079678,126.75,.00,449618,449054618
120,RI,INV117986,04/11/2024,56100161,422.94,.00,449502,449552802
120,RI,INV117988,04/11/2024,56138813,528.68,.00,449402,
120,RI,INV117992,04/11/2024,55915867,118.38,.00,449618,449054618
120,RI,INV118000,04/11/2024,56180999,211.47,.00,449402,
120,RI,INV118006,04/11/2024,B07400017081,1102.34,.00,740255,740300255
120,RI,INV118016,04/11/2024,56221062,2069.09,.00,449010,449010000
120,RI,INV118018,04/11/2024,B04610047227,1111.54,.00,765955,461023327
120,RI,INV118023,04/11/2024,B04610047202,530.41,.00,366744,461023113
120,RI,INV118029,04/11/2024,B04610047225,899.55,.00,272618,461023602
120,RI,INV118032,04/11/2024,B04610047226,1054.82,.00,272617,461023666
120,RI,INV118037,04/11/2024,B04610047229,1383.27,.00,772617,461772617
120,RI,INV118039,04/11/2024,3249962,564.34,.00,646053,323393940
120,RI,INV118059,04/11/2024,B04610047211,1814.23,.00,461004,461023502
120,RI,INV118073,04/11/2024,B04610047265,2089.54,.00,367089,461367089
120,RI,INV118077,04/11/2024,B04610047250,697.86,.00,366744,461023113
120,RI,INV118080,04/11/2024,B04610047085,283.07,.00,101889,461008096
120,RI,INV118081,04/11/2024,B04610047253,346.83,.00,101889,461008096
120,RI,INV118082,04/11/2024,B04610047203,1280.38,.00,461691,461008691
120,RI,INV118083,04/11/2024,B04610047190,793.79,.00,461030,461019030
120,RI,INV118084,04/11/2024,B04610047264,1171.29,.00,461003,461019064
120,RI,INV118085,04/11/2024,B04610047276,1249.90,.00,461053,461008053
120,RI,INV118086,04/11/2024,B04610047205,1110.21,.00,62140,461018974
120,RI,INV118087,04/11/2024,B04610047191,1566.51,.00,716507,461019406
120,RI,INV118088,04/11/2024,B04610047252,2271.64,.00,101889,461008096
120,RI,INV117151,04/12/2024,90032,8862.89,.00,920009,
120,RI,INV117191,04/12/2024,547223,13334.06,.00,920009,
120,RI,INV117192,04/12/2024,547220,16404.86,.00,920009,
120,RI,INV117193,04/12/2024,547218,82878.69,.00,920009,
120,RI,INV117206,04/12/2024,547223,14815.63,.00,920009,
120,RI,INV117207,04/12/2024,89756,66723.73,.00,920009,
120,RI,INV118089,04/12/2024,B04610047177,245.84,.00,461011,461017011
120,RI,INV118090,04/12/2024,B04610047098,265.48,.00,955264,461018052
120,RI,INV118093,04/12/2024,- None -,251.52,.00,632333,461017112
120,RI,INV118094,04/12/2024,56163832,174.74,.00,449921,449044921
120,RI,INV118095,04/12/2024,B04610046458,255.51,.00,461701,461017601
120,RI,INV118097,04/12/2024,56181620,1741.09,.00,449903,449044903
120,RI,INV118098,04/12/2024,B08010050410,1454.12,.00,918024,801001150
120,RI,INV118100,04/12/2024,B04610047192,839.21,.00,509001,461509001
120,RI,INV118103,04/12/2024,B04610047239,1142.11,.00,955264,461018052
120,RI,INV118104,04/12/2024,1731,184.36,.00,499301,295001731
120,RI,INV118109,04/12/2024,B04610047273,1961.93,.00,461701,461017601
120,RI,INV118111,04/12/2024,62267,55.95,.00,781001,
120,RI,INV118115,04/12/2024,84AJP00029035,568.59,.00,524390,41040051
120,RI,INV118116,04/12/2024,B04610047263,1459.99,.00,461011,461017011
120,RI,INV118118,04/12/2024,B04610047212,2969.16,.00,632333,461017112
120,RI,INV118124,04/12/2024,56224550,514.33,.00,571300,559022241
120,RI,INV118127,04/12/2024,1040,784.55,.00,499301,295001040
120,RI,INV118128,04/12/2024,3122,500.86,.00,499301,295003122
120,RI,INV118129,04/12/2024,56224021,815.28,.00,331000,438022221
120,RI,INV118130,04/12/2024,56224616,267.12,.00,571300,559022241
120,RI,INV118131,04/12/2024,062553,580.65,.00,694011,694000011
120,RI,INV118138,04/12/2024,56222368,998.66,.00,736438,438032093
120,RI,INV118139,04/12/2024,56224441,1872.53,.00,571300,559022241
120,RI,INV118141,04/12/2024,062552,1715.42,.00,694007,694000007
120,RI,INV118144,04/12/2024,6416,801.38,.00,499301,295006416
120,RI,INV118146,04/12/2024,B04610047224,950.86,.00,461702,461018702
120,RI,INV118148,04/12/2024,062556,561.00,.00,694012,694000012
120,RI,INV118150,04/12/2024,B04610047231,2230.14,.00,812120,461812120
120,RI,INV118169,04/12/2024,SO10036407,1146.84,.00,737215,
120,RI,INV118179,04/12/2024,- None -,1068.04,.00,656100,755310438
120,RI,INV118192,04/12/2024,- None -,1178.52,.00,395390,755000748
120,RI,INV118194,04/12/2024,- None -,447.50,.00,773527,755310566
120,RI,INV118195,04/12/2024,B07550001363,1058.60,.00,716050,755000834
120,RI,INV118196,04/12/2024,- None -,2426.98,.00,773527,755310566
120,RI,INV118207,04/12/2024,3023,122.15,.00,499301,295003023
120,RI,INV118208,04/12/2024,55584579,339.72,.00,552041,438020262
120,RI,INV118216,04/12/2024,DIETARY 3244736,25.44,.00,583410,
120,RI,INV118217,04/12/2024,0057,472.00,.00,499301,295000057
120,RI,INV118218,04/12/2024,NATS0000026050,270.72,.00,278496,572020003
120,RI,INV118224,04/12/2024,56203758,728.49,.00,552041,438020262
120,RI,INV118226,04/12/2024,56223182,172.97,.00,441860,440061860
120,RI,INV118238,04/12/2024,B04610047278,1337.75,.00,633233,461020165
120,RI,INV118242,04/12/2024,56223121,697.42,.00,432016,432053006
120,RI,INV118244,04/12/2024,56227616,32.50,.00,552041,438020262
120,RI,INV118245,04/12/2024,B02950002564,3343.87,.00,499301,295000057
120,RI,INV118249,04/12/2024,B04610047262,1349.86,.00,765956,461020155
120,RI,INV118255,04/12/2024,B02950002565,2918.53,.00,499301,295003023
120,RI,INV118258,04/12/2024,housekeeping,589.74,.00,583410,
120,RI,INV118260,04/12/2024,56229054,1194.25,.00,552041,438020262
120,RI,INV118262,04/12/2024,56226315,17.40,.00,552041,438020262
120,RI,INV118290,04/12/2024,56200450,409.20,.00,702126,434005246
120,RI,INV118299,04/12/2024,B04610047223,783.22,.00,309253,461309253
120,RI,INV118306,04/12/2024,B04610047207,891.93,.00,545313,461545313
120,RI,INV118310,04/12/2024,B04610047210,875.41,.00,958980,461022192
120,RI,INV118312,04/12/2024,B04610047237,2124.90,.00,407303,461022153
120,RI,INV118313,04/12/2024,eugenia,529.77,.00,979400,41040047
120,RI,INV118318,04/12/2024,B07400017108,89.60,.00,835200,740000152
120,RI,INV118321,04/12/2024,B04610047220,1174.12,.00,328321,461328321
120,RI,INV118336,04/12/2024,Laundry 3250286,482.25,.00,820100,
120,RI,INV118338,04/12/2024,B07400017143,334.43,.00,84001,740100217
120,RI,INV118343,04/12/2024,kristina,1407.76,.00,755004,755310571
120,RI,INV118356,04/12/2024,HOUSEKEEPING 3250279,743.63,.00,820100,
120,RI,INV118360,04/12/2024,B04610047272,1857.86,.00,309254,461020852
120,RI,INV118368,04/12/2024,B04610047258,1440.52,.00,556807,461556807
120,RI,INV118375,04/12/2024,B07400016738,91.95,.00,887489,740000268
120,RI,INV118377,04/12/2024,B07400016964,92.15,.00,887489,740000268
120,RI,INV118383,04/12/2024,B07400017151,773.69,.00,740185,740100185
120,RI,INV118384,04/12/2024,- None -,4886.81,.00,473055,
120,RI,INV118388,04/12/2024,B07400017148,561.75,.00,350086,740100001
120,RI,INV118390,04/12/2024,SO10036555,594.22,.00,755002,755310569
120,RI,INV118398,04/12/2024,RICH,1012.43,.00,755003,755310570
120,RI,INV118403,04/12/2024,56132640,62.44,.00,432007,432053002
120,RI,INV118414,04/12/2024,56201046,53.84,.00,432018,432053003
120,RI,INV118418,04/12/2024,10025751,189.95,.00,814703,740000003
120,RI,INV118422,04/12/2024,MIKE,119.61,.00,164369,755000382
120,RI,INV118429,04/12/2024,B04610047222,113.88,.00,914102,461021740
120,RI,INV118432,04/12/2024,DIETARY   3248407,126.94,.00,562931,
120,RI,INV118433,04/12/2024,DIETARY 3248026,242.55,.00,562931,
120,RI,INV118436,04/12/2024,3230454,25.44,.00,692753,
120,RI,INV118437,04/12/2024,DIETARY 3247865,896.61,.00,562931,
120,RI,INV118447,04/12/2024,B04610047243,2082.22,.00,461074,461021704
120,RI,INV118453,04/12/2024,B04610047230,1523.11,.00,914103,461021117
120,RI,INV118454,04/12/2024,B04610047209,2051.70,.00,914102,461021740
120,RI,INV118456,04/12/2024,56216359,1447.24,.00,432017,432053001


120,RI,INV118457,04/12/2024,DIETARY 3248890,182.48,.00,562931,
120,RI,INV118460,04/12/2024,B04610047204,2086.35,.00,326180,461326180
120,RI,INV118463,04/12/2024,B04610047199,1768.29,.00,461874,461020874
120,RI,INV118465,04/12/2024,Kitchen,452.99,.00,620203,40000163
120,RI,INV118480,04/12/2024,B07400017131,1102.44,.00,212200,740000094
120,RI,INV118483,04/12/2024,B07400017142,461.34,.00,644141,740000066
120,RI,INV118487,04/12/2024,B08010050470,4474.20,.00,164064,801300002
120,RI,INV118489,04/12/2024,Kitchen,254.46,.00,620203,40000163
120,RI,INV118490,04/12/2024,- None -,1707.41,.00,994262,755310573
120,RI,INV118495,04/12/2024,B08010050469,661.97,.00,164064,801300001
120,RI,INV118499,04/12/2024,housekeeping,102.18,.00,661995,
120,RI,INV118501,04/12/2024,10036645,429.12,.00,814703,740000003
120,RI,INV118505,04/12/2024,Kitchen,186.86,.00,620203,40000163
120,RI,INV118513,04/12/2024,B04610047249,1379.83,.00,461601,461020601
120,RI,INV118515,04/12/2024,housekeeping,594.74,.00,661995,
120,RI,INV118532,04/12/2024,B04610047251,1058.57,.00,800857,461800857
120,RI,INV118534,04/12/2024,Laundry,250.29,.00,661995,
120,RI,INV118547,04/12/2024,56222829,448.03,.00,432007,432053002
120,RI,INV118549,04/12/2024,B08010050461,6835.14,.00,282718,801005004
120,RI,INV118550,04/12/2024,56223080,2098.08,.00,432007,432053002
120,RI,INV118557,04/12/2024,3250020,208.66,.00,470015,
120,RI,INV118558,04/12/2024,B04610047216,1572.62,.00,262755,461021054
120,RI,INV118561,04/12/2024,DIETARY  3250335,128.91,.00,470015,
120,RI,INV118567,04/12/2024,3131,257.79,.00,499301,295003131
120,RI,INV118592,04/12/2024,B04610047245,1354.84,.00,406315,461406315
120,RI,INV118595,04/12/2024,B02950002563,2464.37,.00,499301,295003130
120,RI,INV118599,04/12/2024,TOP LOADERS,.00,.00,405003,461105003
120,RI,INV118608,04/12/2024,412,31.94,.00,572645,572052645
120,RI,INV118611,04/12/2024,GLOBE,617.11,.00,812120,461812120
120,RI,INV118612,04/12/2024,DAVE BIESIADA,14152.50,.00,920017,92000006
120,RI,INV118639,04/12/2024,Courier  Lids,124.91,.00,461014,461021014
120,RI,INV118654,04/12/2024,8450,546.24,.00,920019,92000008
120,RI,INV118655,04/12/2024,Sales Rep,89.88,.00,914103,461021117
120,RI,INV118656,04/12/2024,KITCHEN,700.79,.00,620203,40000163
120,RI,INV118665,04/12/2024,will call,30.83,.00,262755,461021054
120,RI,INV118674,04/12/2024,B02950002564,143.70,.00,499301,295000057
120,RI,INV118676,04/12/2024,Justin,806.23,.00,311159,755310355
120,RI,INV118679,04/12/2024,Food Box,106.13,.00,461171,461020171
120,RI,INV118681,04/12/2024,B04610047319,809.92,.00,862385,461022033
120,RI,INV118684,04/12/2024,B04610047309,1164.16,.00,461171,461020171
120,RI,INV118692,04/12/2024,- None -,14.37,.00,656100,755310438
120,RI,INV118693,04/12/2024,- None -,790.07,.00,656100,755310438
120,RI,INV118697,04/12/2024,- None -,1870.26,.00,773527,755310566
120,RI,INV118700,04/12/2024,B04610046667,55.50,.00,461801,461021801
120,RI,INV118702,04/12/2024,56106888,150.66,.00,449523,449000523
120,RI,INV118704,04/12/2024,B08010050128,14.63,.00,801959,801310959
120,RI,INV118707,04/12/2024,55788547,110.52,.00,449523,449000523
120,RI,INV118712,04/12/2024,56223576,5572.46,.00,449523,449000523
120,RI,INV118714,04/12/2024,ST. MICHAELS,370.25,.00,755612,
120,RI,INV118715,04/12/2024,DNR1465184,661.50,.00,463077,671000725
120,RI,INV118717,04/12/2024,B04610047290,1369.52,.00,461014,461021014
120,RI,INV118721,04/12/2024,56221062,226.97,.00,449010,449010000
120,RI,INV118728,04/12/2024,EASTON ELEMENTARY,519.50,.00,755612,
120,RI,INV118733,04/12/2024,B04610047296,1109.57,.00,765955,461023327
120,RI,INV118734,04/12/2024,10037193,665.37,.00,755824,755310824
120,RI,INV118737,04/12/2024,56023605,226.97,.00,449956,449000956
120,RI,INV118741,04/12/2024,3252202,914.12,.00,646053,323393940
120,RI,INV118742,04/12/2024,DIETARY,545.73,.00,324797,755000365
120,RI,INV118748,04/12/2024,DIETARY,1665.18,.00,324797,755000365
120,RI,INV118749,04/12/2024,DN2127000005921,151.80,.00,187250,
120,RI,INV118750,04/12/2024,504520000127000,796.06,.00,196722,315000739
120,RI,INV118753,04/12/2024,56244638,1131.21,.00,432011,432052999
120,RI,INV118755,04/12/2024,B07400017168,558.94,.00,789511,740000126
120,RI,INV118756,04/12/2024,B04610047320,1214.04,.00,461803,461019803
120,RI,INV118758,04/12/2024,504520000127032,888.47,.00,196722,315000739
120,RI,INV118764,04/12/2024,B04610047303,1369.19,.00,461801,461021801
120,RI,INV118766,04/12/2024,56243377,342.95,.00,432012,432053004
120,RI,INV118767,04/12/2024,56243670,1962.40,.00,432012,432053004
120,RI,INV118769,04/12/2024,B07400017163,458.28,.00,986632,740000169
120,RI,INV118772,04/12/2024,B04610047322,822.40,.00,461014,461021014
120,RI,INV118774,04/12/2024,B04610047321,1272.41,.00,772617,461772617
120,RI,INV118775,04/12/2024,B04610047313,732.15,.00,461004,461023502
120,RI,INV118777,04/12/2024,B04610047298,748.85,.00,461834,461023834
120,RI,INV118778,04/12/2024,B04610047318,709.43,.00,366744,461023113
120,RI,INV118780,04/12/2024,B04610047305,1050.34,.00,272618,461023602
120,RI,INV118781,04/12/2024,B04610047295,539.80,.00,272617,461023666
120,RI,INV118784,04/12/2024,41224,719.09,.00,323670,323394670
120,RI,INV118825,04/12/2024,062552,286.05,.00,694007,694000007
120,RI,INV118829,04/12/2024,B04610047288,933.18,.00,632334,461022315
120,RI,INV118834,04/12/2024,56241165,891.78,.00,33047,438044177
120,RI,INV118842,04/13/2024,B04610047297,121.63,.00,262753,461019901
120,RI,INV118844,04/13/2024,04/11/2024,803.51,.00,406022,406000024
120,RI,INV118846,04/13/2024,41224,1138.61,.00,755870,755310870
120,RI,INV118848,04/13/2024,B04610047312,895.47,.00,461971,461019971
120,RI,INV118850,04/13/2024,B07550001370,408.56,.00,755872,
120,RI,INV118854,04/13/2024,B04610047289,2174.89,.00,262753,461019901
120,RI,INV118869,04/13/2024,56241909,1089.79,.00,432017,432053001
120,RI,INV118891,04/13/2024,ORIOL05255,491.70,.00,572757,572061757
120,RI,INV118895,04/13/2024,B07400017176,726.40,.00,574323,740000073
120,RI,INV118902,04/13/2024,56247812,58.25,.00,432018,432053003
120,RI,INV118904,04/13/2024,B07400017177,426.17,.00,835200,740000152
120,RI,INV118906,04/13/2024,DIETARY,109.18,.00,426644,
120,RI,INV118909,04/13/2024,3229899,339.88,.00,820100,
120,RI,INV118914,04/13/2024,kristina,940.14,.00,755004,755310571
120,RI,INV118916,04/13/2024,55680324,392.00,.00,552041,438020262
120,RI,INV118925,04/13/2024,B02950002565,252.18,.00,499301,295003023
120,RI,INV118929,04/13/2024,56246877,1821.24,.00,552041,438020262
120,RI,INV118931,04/13/2024,3510,1057.06,.00,499301,295003510
120,RI,INV118936,04/13/2024,DIETARY 3238381,147.53,.00,562931,
120,RI,INV118937,04/13/2024,FILL IN,1207.89,.00,406315,461406315
120,RI,INV118947,04/13/2024,FILL IN,1553.75,.00,739888,461739888
120,RI,INV118963,04/13/2024,Housekeeping,108.97,.00,562931,
120,RI,INV118964,04/13/2024,CENTREVILLE ELEMENTARU,670.40,.00,582403,
120,RI,INV118984,04/13/2024,kennard,712.58,.00,582403,
120,RI,INV118990,04/13/2024,WHITE MARSH,476.36,.00,755612,
120,RI,INV119000,04/13/2024,1030,376.68,.00,499301,295001030
120,RI,INV119002,04/13/2024,RICH,1175.02,.00,755003,755310570
120,RI,INV119003,04/13/2024,B07400017164,224.32,.00,593482,740000045
120,RI,INV119004,04/13/2024,TILGHAM ELENTARY,331.53,.00,755612,
120,RI,INV119009,04/13/2024,DIETARY 3252952,500.16,.00,470015,
120,RI,INV119010,04/13/2024,church hill elem,251.62,.00,582403,
120,RI,INV119014,04/13/2024,B04610047316,521.77,.00,406315,461406315
120,RI,INV119018,04/13/2024,B02950002566,605.87,.00,499301,295000044
120,RI,INV119021,04/13/2024,56241338,2274.68,.00,432010,432053012
120,RI,INV119030,04/13/2024,B07400017151,31.56,.00,740185,740100185
120,RI,INV119033,04/13/2024,housekeeping,1104.18,.00,515700,527023439
120,RI,INV119034,04/13/2024,B07400017169,137.80,.00,593482,740000045
120,RI,INV119037,04/13/2024,B07400017157,1165.92,.00,593482,740000045
120,RI,INV119038,04/13/2024,B04610047291,2248.36,.00,407300,461407300
120,RI,INV119041,04/13/2024,B07400017172,147.17,.00,358401,740000137
120,RI,INV119042,04/13/2024,B02950002567,4465.00,.00,499301,295000047
120,RI,INV119044,04/13/2024,B04610047294,924.65,.00,545313,461545313
120,RI,INV119048,04/13/2024,56249873,6061.34,.00,391275,438020348
120,RI,INV119055,04/13/2024,B07400017165,1148.99,.00,358401,740000137
120,RI,INV119057,04/13/2024,B07400017151,75.79,.00,740185,740100185
120,RI,INV119060,04/13/2024,DIETARY 3247865,45.59,.00,562931,
120,RI,INV119062,04/13/2024,B04610047311,1587.88,.00,461157,461021157
120,RI,INV119068,04/13/2024,B04610047228,80.40,.00,593651,461144715
120,RI,INV119069,04/13/2024,B04610047259,549.74,.00,405003,461105003
120,RI,INV119070,04/13/2024,FILTER,61.10,.00,405003,461105003
120,RI,INV119071,04/13/2024,B04610047270,26.43,.00,740183,461153144
120,RI,INV119084,04/13/2024,NATS0000026084,32.06,.00,278496,572020003
120,RI,INV119087,04/13/2024,CARDINAL,224.98,.00,574323,
120,RI,INV119088,04/13/2024,PAPER9,.00,.00,406001,406000001
120,RI,INV119089,04/13/2024,B04050002885,.00,.00,406126,405000026
120,RI,INV119090,04/14/2024,547224,1075.35,.00,920009,
120,RI,INV119091,04/14/2024,90031,8757.72,.00,920009,92000009
120,RI,INV119114,04/15/2024,B04050002963,936.82,.00,406126,405000026
120,RI,INV119129,04/15/2024,WILL CALL,47.66,.00,406315,461406315
120,RI,INV119147,04/15/2024,B04610047182,545.25,.00,461822,461132822
120,RI,INV119170,04/15/2024,B04610047331,67.91,.00,461179,461033179
120,RI,INV119173,04/15/2024,B04610047314,585.22,.00,94888,461137421
120,RI,INV119174,04/15/2024,Lexan Lids,144.11,.00,545315,461145615
120,RI,INV119177,04/15/2024,B04610047324,236.20,.00,461304,461154304
120,RI,INV119179,04/15/2024,FedEx,84.06,.00,461971,461019971
120,RI,INV119180,04/15/2024,B04610047367,332.08,.00,545316,461137214
120,RI,INV119184,04/15/2024,B04610046539,56.60,.00,461109,461134109
120,RI,INV119190,04/15/2024,B04610047329,241.90,.00,593651,461144715
120,RI,INV119191,04/15/2024,Gold Plates,167.64,.00,593651,461144715
120,RI,INV119192,04/15/2024,B04610047370,355.49,.00,94889,461133331
120,RI,INV119205,04/15/2024,55922960,1203.63,.00,449302,449352802
120,RI,INV119207,04/15/2024,FLAT ROCK,303.36,.00,741439,755310519
120,RI,INV119217,04/15/2024,B04610047424,1022.86,.00,461073,461024073
120,RI,INV119218,04/15/2024,B04610047432,1155.81,.00,367089,461367089
120,RI,INV119224,04/15/2024,B04610047372,967.55,.00,461407,461022407
120,RI,INV119232,04/15/2024,B04610047400,1382.64,.00,461002,461023112
120,RI,INV119235,04/15/2024,- None -,1451.49,.00,722611,
120,RI,INV119243,04/15/2024,B04610047413,526.24,.00,461834,461023834
120,RI,INV119246,04/15/2024,B04610047407,3343.81,.00,461502,461024502
120,RI,INV119259,04/15/2024,B04610047401,43.35,.00,461053,461008053
120,RI,INV119260,04/15/2024,B04610047404,58.12,.00,461053,461008053
120,RI,INV119261,04/15/2024,B04610047327,20.17,.00,101889,461008096
120,RI,INV119262,04/15/2024,B04610047405,1269.05,.00,101889,461008096
120,RI,INV119263,04/15/2024,B04610047406,1227.08,.00,461030,461019030
120,RI,INV119264,04/15/2024,B04610047358,1113.72,.00,62140,461018974
120,RI,INV119265,04/15/2024,B04610047402,1359.02,.00,461691,461008691
120,RI,INV119266,04/15/2024,B04610047373,869.42,.00,461003,461019064
120,RI,INV119267,04/15/2024,B04610047397,1226.09,.00,461053,461008053
120,RI,INV119268,04/15/2024,B04610047355,1730.76,.00,716507,461019406
120,RI,INV119270,04/15/2024,55095044,118.59,.00,449218,449044218
120,RI,INV119276,04/15/2024,BRAD,3755.30,.00,202000,755310524
120,RI,INV119280,04/15/2024,B04610047356,1124.71,.00,509001,461509001
120,RI,INV119281,04/15/2024,B04610047380,1433.42,.00,62139,461019462
120,RI,INV119282,04/15/2024,B04610047359,2333.00,.00,580102,461580102
120,RI,INV119283,04/15/2024,B04610047414,1241.56,.00,461702,461018702
120,RI,INV119293,04/15/2024,B04610047425,3366.53,.00,461011,461017011
120,RI,INV119294,04/15/2024,B07400017205,1851.29,.00,740276,740000276
120,RI,INV119295,04/15/2024,B07400017206,1205.94,.00,252631,
120,RI,INV119296,04/15/2024,3256200,545.80,.00,527001,527000241
120,RI,INV119298,04/15/2024,B04610047395,2088.66,.00,632333,461017112
120,RI,INV119299,04/15/2024,B07400017194,1751.48,.00,241400,740300167
120,RI,INV119303,04/15/2024,B04610047422,2593.09,.00,812120,461812120
120,RI,INV119304,04/15/2024,B04610047415,1292.98,.00,955264,461018052
120,RI,INV119305,04/15/2024,B04610047408,2013.50,.00,461701,461017601
120,RI,INV119312,04/15/2024,B07400016467,375.89,.00,548063,740000248
120,RI,INV119313,04/15/2024,56011219,340.32,.00,571300,559022241
120,RI,INV119314,04/15/2024,3122,1108.62,.00,499301,295003122
120,RI,INV119326,04/15/2024,56224441,992.05,.00,571300,559022241
120,RI,INV119338,04/15/2024,Costica,1431.20,.00,421513,40000208
120,RI,INV119340,04/15/2024,56276919,916.38,.00,331000,438022221
120,RI,INV119346,04/15/2024,1040,552.37,.00,499301,295001040
120,RI,INV119369,04/15/2024,B07400017203,1106.37,.00,634489,740000050
120,RI,INV119371,04/16/2024,B07400017207,758.86,.00,548063,740000248
120,RI,INV119374,04/16/2024,B02950002566,139.84,.00,499301,295000044
120,RI,INV119378,04/16/2024,B04060002687,84.53,.00,406026,406000026
120,RI,INV119380,04/16/2024,B04060002713,47.19,.00,406019,406000023
120,RI,INV119383,04/16/2024,B04060002712,1060.74,.00,406019,406000023
120,RI,INV119386,04/16/2024,B04610047354,1555.52,.00,461601,461020601
120,RI,INV119394,04/16/2024,B04060002718,1004.78,.00,406026,406000026
120,RI,INV119397,04/16/2024,B04610047362,1145.45,.00,407303,461022153
120,RI,INV119406,04/16/2024,0044,139.84,.00,499301,295000044
120,RI,INV119408,04/16/2024,56275222,895.80,.00,432019,432053000
120,RI,INV119410,04/16/2024,0047,837.50,.00,499301,295000047
120,RI,INV119413,04/16/2024,B04610047434,1674.81,.00,958980,461022192
120,RI,INV119416,04/16/2024,B04610047391,1273.47,.00,328321,461328321
120,RI,INV119417,04/16/2024,B02950002570,1297.96,.00,499301,295003095
120,RI,INV119418,04/16/2024,Lincolnian,1303.49,.00,140330,323091214
120,RI,INV119421,04/16/2024,B04610047411,1491.92,.00,800857,461800857
120,RI,INV119426,04/16/2024,3395,314.93,.00,499301,295003395
120,RI,INV119429,04/16/2024,NATS0000026077,428.32,.00,278496,572020003
120,RI,INV119430,04/16/2024,- None -,147.81,.00,309253,461309253
120,RI,INV119434,04/16/2024,3241952,134.76,.00,736673,755000860
120,RI,INV119435,04/16/2024,NATS0000026075,79.55,.00,278496,572020003
120,RI,INV119437,04/16/2024,DCUNI06593,57.48,.00,108003,572036578
120,RI,INV119439,04/16/2024,NATS0000026146,1250.40,.00,278496,572020003
120,RI,INV119444,04/16/2024,NATS0000026084,224.80,.00,278496,572020003
120,RI,INV119447,04/16/2024,B04610047341,1091.08,.00,545313,461545313
120,RI,INV119454,04/16/2024,DCUNI06921,102.67,.00,108003,572036578
120,RI,INV119461,04/16/2024,1640,284.55,.00,499301,295001640
120,RI,INV119483,04/16/2024,B04050002969,1068.29,.00,406125,405000023
120,RI,INV119487,04/16/2024,DCUNI06902,397.08,.00,108003,572036578
120,RI,INV119491,04/16/2024,B02950002572,2806.27,.00,499301,295003395
120,RI,INV119501,04/16/2024,56280212,2164.58,.00,438346,438120346
120,RI,INV119503,04/16/2024,B04610047385,1255.51,.00,309253,461309253
120,RI,INV119504,04/16/2024,- None -,268.97,.00,755661,755310661
120,RI,INV119508,04/16/2024,B04610047384,1366.46,.00,262755,461021054
120,RI,INV119511,04/16/2024,1010,684.33,.00,499301,295001010
120,RI,INV119515,04/16/2024,B07400017204,752.21,.00,948085,740000143
120,RI,INV119518,04/16/2024,B04610047439,1603.07,.00,309254,461020852
120,RI,INV119520,04/16/2024,3256573,3560.45,.00,736673,
120,RI,INV119521,04/16/2024,56258937,2137.12,.00,441862,440161860
120,RI,INV119522,04/16/2024,56261880,815.15,.00,440995,440157995
120,RI,INV119528,04/16/2024,56259598,281.32,.00,441862,440161860
120,RI,INV119543,04/16/2024,B04610047390,1508.65,.00,765956,461020155
120,RI,INV119551,04/16/2024,B04610047426,1346.11,.00,633233,461020165
120,RI,INV119555,04/16/2024,B04610047417,1353.22,.00,461130,461021030
120,RI,INV119561,04/16/2024,1370,338.18,.00,499301,295001370
120,RI,INV119562,04/16/2024,062615,3805.76,.00,694009,694000009
120,RI,INV119563,04/16/2024,3256482,218.09,.00,593725,755310005
120,RI,INV119571,04/16/2024,B07400017142,84.04,.00,644141,740000066
120,RI,INV119579,04/16/2024,B04610047343,2286.39,.00,914102,461021740
120,RI,INV119591,04/16/2024,B04610047430,1392.28,.00,326180,461326180
120,RI,INV119595,04/16/2024,B04610047388,253.36,.00,914102,461021740
120,RI,INV119603,04/16/2024,B04610047410,2267.32,.00,407301,461021042
120,RI,INV119620,04/16/2024,3255456,738.56,.00,342646,527000028
120,RI,INV119646,04/16/2024,B04610047379,1013.65,.00,914103,461021117
120,RI,INV119649,04/16/2024,4503659482,436.67,.00,944645,426001060
120,RI,INV119662,04/16/2024,4503659592,1984.94,.00,944645,426001060
120,RI,INV119677,04/16/2024,B04610047421,1293.98,.00,194660,461194660
120,RI,INV119681,04/16/2024,B04610047429,1508.22,.00,556807,461556807
120,RI,INV119685,04/16/2024,B07400017192,264.95,.00,350086,740100001
120,RI,INV119686,04/16/2024,B07400017054,185.03,.00,495151,740000247
120,RI,INV119691,04/16/2024,ALLANTE0409,162.36,.00,755736,755974736
120,RI,INV119692,04/16/2024,0015,508.25,.00,499301,295000015
120,RI,INV119696,04/16/2024,SO,736.58,.00,755002,755310569
120,RI,INV119704,04/16/2024,B07400017134,1469.32,.00,887489,740000268
120,RI,INV119741,04/16/2024,ORIOL05338,569.50,.00,572757,572061757
120,RI,INV119747,04/16/2024,ORIOL05322,876.00,.00,572757,572061757
120,RI,INV119749,04/16/2024,B08010050468,235.80,.00,164064,801000574
120,RI,INV119752,04/16/2024,56272812,1074.54,.00,449056,449031056
120,RI,INV119755,04/16/2024,SEAN,828.35,.00,164371,755001991
120,RI,INV119757,04/16/2024,B04610047375,1223.18,.00,461874,461020874
120,RI,INV119759,04/16/2024,- None -,238.12,.00,164369,755000382
120,RI,INV119763,04/16/2024,housekeeping,61.14,.00,583410,
120,RI,INV119766,04/16/2024,3230166,22.20,.00,583410,
120,RI,INV119792,04/16/2024,SO,361.94,.00,755001,755310568
120,RI,INV119796,04/16/2024,408,76.84,.00,572645,572052645
120,RI,INV119798,04/16/2024,- None -,89.57,.00,545313,461545313
120,RI,INV119808,04/16/2024,B04610047360,1428.76,.00,461313,461148313
120,RI,INV119809,04/16/2024,OVERNIGHT,36.37,.00,461971,461019971
120,RI,INV119826,04/16/2024,56147181,492.90,.00,441862,440161860
120,RI,INV119834,04/16/2024,CAMBRO,578.31,.00,740183,461153144
120,RI,INV119840,04/16/2024,SAVAGE STEAKS,58.97,.00,262753,461019901
120,RI,INV119844,04/16/2024,TABLECRAFT,116.06,.00,545311,461545311
120,RI,INV119845,04/16/2024,- None -,308.29,.00,309618,461133511
120,RI,INV119846,04/16/2024,B04610047330,493.98,.00,345444,461129582
120,RI,INV119848,04/16/2024,B04610047340,111.43,.00,461147,461015147
120,RI,INV119849,04/16/2024,Straws,45.46,.00,461206,461112206
120,RI,INV119851,04/16/2024,B04610047350,56.78,.00,793386,461132765
120,RI,INV119852,04/16/2024,B04610047365,546.88,.00,461545,461146545
120,RI,INV119853,04/16/2024,B04610047368,254.58,.00,461805,461146805
120,RI,INV119858,04/16/2024,B04610047445,47.16,.00,461122,461129122
120,RI,INV119866,04/16/2024,CDN,167.84,.00,278496,572020003
120,RI,INV119867,04/16/2024,PREMIER POLYSTEEL,5641.00,.00,461459,461145459
120,RI,INV119869,04/16/2024,2000949818,506.96,.00,120109,
120,RI,INV119880,04/16/2024,COREY HEDRICK,13509.50,.00,920018,92000007
120,RI,INV119881,04/16/2024,CODY FATZINGER,.00,.00,953724,92000002
120,RI,INV119883,04/16/2024,41200128,6126.00,.00,920017,92000006
120,RI,INV119892,04/16/2024,55969495,76.32,.00,449010,449010000
120,RI,INV119902,04/16/2024,B04610047444,1303.67,.00,765955,461023327
120,RI,INV119911,04/16/2024,B04610047446,1012.58,.00,461004,461023502
120,RI,INV119913,04/16/2024,B01460013451.2D12837577,9352.41,.00,146221,146000221
120,RI,INV119914,04/16/2024,42776,2791.83,.00,765520,92000001
120,RI,INV119915,04/16/2024,B04610047455,967.77,.00,366744,461023113
120,RI,INV119919,04/16/2024,B04610047460,180.91,.00,765955,461023327
120,RI,INV119940,04/16/2024,B04610047479,453.18,.00,461834,461023834
120,RI,INV119956,04/16/2024,B04610047471,749.82,.00,772617,461772617
120,RI,INV119957,04/16/2024,B04610047461,864.01,.00,272618,461023602
120,RI,INV119958,04/16/2024,B04610047457,718.10,.00,272617,461023666
120,RI,INV119974,04/16/2024,B04610047433,114.88,.00,739889,461022601
120,RI,INV119980,04/16/2024,3122,282.43,.00,499301,295003122
120,RI,INV119981,04/16/2024,B02950002571,1314.80,.00,499301,295007042
120,RI,INV119988,04/16/2024,B04610047431,3835.36,.00,739889,461022601
120,RI,INV119990,04/16/2024,B02950002573,458.59,.00,499301,295003036
120,RI,INV119992,04/16/2024,56294133,527.96,.00,439008,439000008
120,RI,INV120003,04/16/2024,1901,268.14,.00,499301,295001901
120,RI,INV120007,04/16/2024,SO10038311,1738.41,.00,755677,755894677
120,RI,INV120009,04/16/2024,- None -,1100.22,.00,656100,755310438
120,RI,INV120013,04/16/2024,- None -,1279.63,.00,771562,755310567
120,RI,INV120014,04/17/2024,NATS0000025745,30.35,.00,278496,572020003
120,RI,INV120015,04/17/2024,NATS0000025675,161.32,.00,278496,572020003
120,RI,INV120022,04/17/2024,NATS0000025842,40.33,.00,278496,572020003
120,RI,INV120033,04/17/2024,B02950002567,198.51,.00,499301,295000047
120,RI,INV120034,04/17/2024,DCUNI06751,245.71,.00,108003,572036578
120,RI,INV120037,04/17/2024,56246877,14.55,.00,552041,438020262
120,RI,INV120044,04/17/2024,NATS0000026181,226.92,.00,278496,572020003
120,RI,INV120046,04/17/2024,NATS0000026226,102.35,.00,278496,572020003
120,RI,INV120049,04/17/2024,NATS0000026236,330.56,.00,278496,572020003
120,RI,INV120052,04/17/2024,NATS0000026233,159.10,.00,278496,572020003
120,RI,INV120061,04/17/2024,NATS0000026084,120.99,.00,278496,572020003
120,RI,INV120065,04/17/2024,DCUNI06896,95.17,.00,108003,572036578
120,RI,INV120067,04/17/2024,56291822,352.93,.00,441860,440061860
120,RI,INV120070,04/17/2024,B07400017233,946.73,.00,574323,740000073
120,RI,INV120072,04/17/2024,3256482,22.94,.00,593725,755310005
120,RI,INV120080,04/17/2024,4503660394,2260.23,.00,195445,426001026
120,RI,INV120083,04/17/2024,B04610047474,372.54,.00,407303,461022153
120,RI,INV120084,04/17/2024,62287,50.06,.00,781001,
120,RI,INV120088,04/17/2024,56297618,1132.13,.00,552041,438020262
120,RI,INV120092,04/17/2024,56291814,412.96,.00,441860,440061860
120,RI,INV120101,04/17/2024,3259383,254.32,.00,593725,755310005
120,RI,INV120105,04/17/2024,B04610047472,1955.66,.00,407303,461022153
120,RI,INV120110,04/17/2024,B02950002568,2210.71,.00,499301,295003023
120,RI,INV120115,04/17/2024,062637,865.57,.00,694014,694000014
120,RI,INV120116,04/17/2024,062633,3374.61,.00,694005,694000005
120,RI,INV120117,04/17/2024,062634,1456.38,.00,694005,694000005
120,RI,INV120119,04/17/2024,B04610047475,1029.61,.00,862385,461022033
120,RI,INV120121,04/17/2024,NATS0000026085,161.32,.00,278496,572020003
120,RI,INV120123,04/17/2024,DCUNI06934,248.02,.00,108003,572036578
120,RI,INV120126,04/17/2024,3203402,81.11,.00,820100,
120,RI,INV120153,04/17/2024,56293858,229.00,.00,432016,432053006
120,RI,INV120160,04/17/2024,kristina,2002.84,.00,755004,755310571
120,RI,INV120167,04/17/2024,B07400017246,631.43,.00,775193,740000232
120,RI,INV120168,04/17/2024,Laundry 3257451,592.56,.00,820100,
120,RI,INV120171,04/17/2024,B08010050640,2368.82,.00,192752,801310733
120,RI,INV120173,04/17/2024,B07400017243,708.84,.00,358401,740000137
120,RI,INV120174,04/17/2024,- None -,1612.04,.00,773527,755310566
120,RI,INV120179,04/17/2024,CENTRAL SUPPLY 3257468,764.26,.00,820100,
120,RI,INV120181,04/17/2024,HOUSEKEEPING  3257438,840.57,.00,820100,
120,RI,INV120192,04/17/2024,DIETARY 3259439,284.66,.00,583410,
120,RI,INV120210,04/17/2024,CENTRAL SUPPLY 3258706,682.98,.00,583410,
120,RI,INV120230,04/17/2024,Laundry 3254433,535.71,.00,562931,
120,RI,INV120231,04/17/2024,Housekeeping 3254618,517.23,.00,562931,
120,RI,INV120237,04/17/2024,Laundry/Debbie,617.17,.00,766201,
120,RI,INV120239,04/17/2024,56297439,14043.15,.00,702126,434005246
120,RI,INV120240,04/17/2024,DIETARY,584.73,.00,766201,527062185
120,RI,INV120247,04/17/2024,Housekeeping/Debbie,1565.25,.00,766201,
120,RI,INV120250,04/17/2024,56294975,1095.38,.00,438593,438122593
120,RI,INV120253,04/17/2024,DIETARY 3289027,352.81,.00,562931,
120,RI,INV120254,04/17/2024,DIETARY  3258229,482.51,.00,562931,
120,RI,INV120256,04/17/2024,56298668,74.87,.00,432109,432153009
120,RI,INV120257,04/17/2024,- None -,1476.20,.00,994262,755310573
120,RI,INV120258,04/17/2024,Laundry 3257740,643.00,.00,546300,
120,RI,INV120261,04/17/2024,HOUSEKEEPING,151.65,.00,546300,
120,RI,INV120266,04/17/2024,Central Supply  3255261,254.27,.00,515700,527023439
120,RI,INV120267,04/17/2024,DIETARY  3255523,811.09,.00,515700,527023439
120,RI,INV120268,04/17/2024,SO10038416,1139.40,.00,755002,755310569
120,RI,INV120270,04/17/2024,SO,1184.79,.00,755003,755310570
120,RI,INV120275,04/17/2024,DIETARY,99.03,.00,470015,
120,RI,INV120277,04/17/2024,3233737,99.03,.00,470015,
120,RI,INV120280,04/17/2024,B04610047464,60.90,.00,406315,461406315
120,RI,INV120290,04/17/2024,Laundry 3257874,651.82,.00,470015,
120,RI,INV120291,04/17/2024,B07400017236,703.54,.00,495151,740000247
120,RI,INV120294,04/17/2024,B04610047458,1358.65,.00,406315,461406315
120,RI,INV120298,04/17/2024,CENTRAL SUPPLY,414.69,.00,470015,
120,RI,INV120300,04/17/2024,HOUSEKEEPING 3257744,1319.58,.00,470015,
120,RI,INV120306,04/17/2024,B04610047477,1061.71,.00,739888,461739888
120,RI,INV120318,04/17/2024,DIETARY,130.49,.00,692753,
120,RI,INV120321,04/17/2024,ORIOL05012,499.50,.00,572757,572061757
120,RI,INV120322,04/17/2024,ORIOL05047,149.85,.00,572757,572061757
120,RI,INV120323,04/17/2024,3193731,65.25,.00,692753,
120,RI,INV120325,04/17/2024,3224258,65.24,.00,692753,
120,RI,INV120326,04/17/2024,3230454,130.49,.00,692753,
120,RI,INV120328,04/17/2024,3210013,65.24,.00,692753,
120,RI,INV120343,04/17/2024,housekeeping,1920.89,.00,692753,
120,RI,INV120347,04/17/2024,ORIOL05308,428.60,.00,572757,572061757
120,RI,INV120361,04/17/2024,3259329,2894.51,.00,692753,
120,RI,INV120363,04/17/2024,B07400017157,186.88,.00,593482,740000045
120,RI,INV120391,04/17/2024,Mike,1170.66,.00,164369,755000382
120,RI,INV120436,04/17/2024,OPENING SMALLWARES,35134.34,.00,461122,461129122
120,RI,INV120448,04/17/2024,NICOLE COATES,93.06,.00,614212,436044714
120,RI,INV120450,04/17/2024,Black Crinkle,98.25,.00,545311,
120,RI,INV120451,04/17/2024,- None -,144.60,.00,755661,755310661
120,RI,INV120455,04/17/2024,COREY HEDRICK,14222.06,.00,920018,92000007
120,RI,INV120459,04/17/2024,COREY HEDRICK,42521.83,.00,920018,92000007
120,RI,INV120460,04/17/2024,56164969,459.53,.00,441860,440061860
120,RI,INV120461,04/17/2024,12598,29051.56,.00,920012,
120,RI,INV120462,04/17/2024,DAVE BIESIADA,19754.68,.00,920017,92000006
120,RI,INV120463,04/17/2024,8443,16421.96,.00,920019,92000008
120,RI,INV120466,04/17/2024,COREY HEDRICK,34595.00,.00,920018,
120,RI,INV120503,04/17/2024,062634,61.35,.00,694005,694000005
120,RI,INV120517,04/17/2024,56101085,774.14,.00,441860,440061860
120,RI,INV120518,04/17/2024,BRYAN ROSAS,1936.00,.00,920016,92000005
120,RI,INV120522,04/17/2024,55930878,58.80,.00,449302,449352802
120,RI,INV120523,04/17/2024,56183630,29.22,.00,449302,449352802
120,RI,INV120524,04/17/2024,55922960,29.40,.00,449302,449352802
120,RI,INV120530,04/17/2024,55808932,29.40,.00,449302,449352802
120,RI,INV120533,04/17/2024,B04610047494,1981.59,.00,461407,461022407
120,RI,INV120541,04/17/2024,56313257,5489.33,.00,449302,
120,RI,INV120543,04/17/2024,56313266,1887.94,.00,449402,
120,RI,INV120548,04/17/2024,BLAIR,659.43,.00,395170,401024502
120,RI,INV120579,04/17/2024,B04610047517,1300.71,.00,461073,461024073
120,RI,INV120585,04/17/2024,B04610047513,730.24,.00,461002,461023112
120,RI,INV120609,04/17/2024,4503660116,916.40,.00,714611,426001059
120,RI,INV120625,04/18/2024,B04060002709,14.14,.00,406005,406000009
120,RI,INV120633,04/18/2024,B04060002706,32.36,.00,406007,406000018
120,RI,INV120638,04/18/2024,B04610047359,281.41,.00,580102,461580102
120,RI,INV120656,04/18/2024,B04060002721,999.05,.00,406007,406000018
120,RI,INV120661,04/18/2024,B07550001384,741.49,.00,755874,755310874
120,RI,INV120665,04/18/2024,B07550001385,991.83,.00,755869,755310869
120,RI,INV120668,04/18/2024,B04610047489,3318.09,.00,580102,461580102
120,RI,INV120675,04/18/2024,B04060002719,797.42,.00,406008,406000017
120,RI,INV120679,04/18/2024,B07400017256,1051.15,.00,75096,740300054
120,RI,INV120688,04/18/2024,B07400017160,36.94,.00,632317,740000010
120,RI,INV120692,04/18/2024,56313879,2417.45,.00,434001,434011464
120,RI,INV120693,04/18/2024,SO,2846.99,.00,755677,755894677
120,RI,INV120701,04/18/2024,B04610047532,795.95,.00,62139,461019462
120,RI,INV120709,04/18/2024,B04610047504,2480.09,.00,262753,461019901
120,RI,INV120715,04/18/2024,B04060002722,763.85,.00,406005,406000009
120,RI,INV120742,04/18/2024,56325012,353.75,.00,469246,438045949
120,RI,INV120755,04/18/2024,B08010050038,93.50,.00,801608,801910608
120,RI,INV120756,04/18/2024,B08010048805,343.20,.00,801608,801910608
120,RI,INV120757,04/18/2024,CENTREVILLE MIDDLE,804.48,.00,582403,
120,RI,INV120758,04/18/2024,062386,101.97,.00,694009,694000009
120,RI,INV120759,04/18/2024,SUDLERSVILLE MIDDLE,846.09,.00,582403,
120,RI,INV120761,04/18/2024,EASTON HIGH,739.92,.00,755612,
120,RI,INV120777,04/18/2024,SUDLERSVILLE ELEMANTARY,946.78,.00,582403,
120,RI,INV120781,04/18/2024,2001045606,1602.12,.00,120109,459000004
120,RI,INV120785,04/18/2024,062636,2953.05,.00,694010,694000010
120,RI,INV120791,04/18/2024,B07400017267,6.89,.00,644141,740000066
120,RI,INV120814,04/18/2024,1030,355.78,.00,499301,295001030
120,RI,INV120821,04/18/2024,3122,553.05,.00,499301,295003122
120,RI,INV120848,04/18/2024,56216359,36.03,.00,432017,432053001
120,RI,INV120849,04/18/2024,PO10010154,131.42,.00,666213,
120,RI,INV120857,04/18/2024,B04610047476,1719.78,.00,461014,461021014
120,RI,INV120868,04/18/2024,B04610047488,1614.80,.00,632334,461022315
120,RI,INV120870,04/18/2024,B04610047524,3087.90,.00,461801,461021801
120,RI,INV120896,04/18/2024,56316257,329.93,.00,432012,432053004
120,RI,INV120897,04/18/2024,56316513,111.48,.00,432012,432053004
120,RI,INV120904,04/18/2024,EASTON ELEMENTARY,482.61,.00,755612,
120,RI,INV120906,04/18/2024,B07400017257,458.80,.00,835200,740000152
120,RI,INV120910,04/18/2024,56314660,710.45,.00,432017,432053001
120,RI,INV120914,04/18/2024,B04610047510,2310.90,.00,461204,461021204
120,RI,INV120916,04/18/2024,56314722,189.79,.00,432017,432053001
120,RI,INV120917,04/18/2024,B07400017258,684.87,.00,84001,740100217
120,RI,INV120923,04/18/2024,B01460013492.2D12702530,1675.12,.00,146137,146000037
120,RI,INV120925,04/18/2024,56316817,1307.84,.00,432011,432052999
120,RI,INV120932,04/18/2024,56312774,6208.30,.00,449224,449000224
120,RI,INV120939,04/18/2024,173463,81.10,.00,286942,
120,RI,INV120940,04/18/2024,DIETARY,1545.18,.00,473055,
120,RI,INV120942,04/18/2024,B02950002575,2356.77,.00,499301,295003130
120,RI,INV120946,04/18/2024,56316343,2202.32,.00,432012,432053004
120,RI,INV120957,04/18/2024,B07400017253,6.50,.00,986632,740000169
120,RI,INV120958,04/18/2024,B04610047515,3.20,.00,461803,461019803
120,RI,INV120960,04/18/2024,DIETARY,404.46,.00,470015,
120,RI,INV120961,04/18/2024,B07400017168,10.95,.00,789511,740000126
120,RI,INV120962,04/18/2024,3250020,108.09,.00,470015,
120,RI,INV120967,04/18/2024,B04060002715,383.43,.00,406012,406000010
120,RI,INV120968,04/18/2024,04122024,92.88,.00,180501,572044317
120,RI,INV120969,04/18/2024,56296031,591.72,.00,449621,449023621
120,RI,INV120970,04/18/2024,B08010050470,124.11,.00,164064,801300002
120,RI,INV120971,04/18/2024,B01460013486.2D12826261,8196.81,.00,146118,146000118
120,RI,INV120974,04/18/2024,56315581,239.94,.00,432013,432053005
120,RI,INV120976,04/18/2024,B07400017259,820.24,.00,789511,740000126
120,RI,INV120982,04/18/2024,56314600,1621.25,.00,432010,432053012
120,RI,INV120987,04/18/2024,B04610047505,6782.03,.00,407300,461407300
120,RI,INV120989,04/18/2024,B07400017260,519.24,.00,948085,740000143
120,RI,INV120994,04/18/2024,56315567,559.33,.00,432013,432053005
120,RI,INV121000,04/18/2024,DIETARY 3260401,601.34,.00,470015,
120,RI,INV121014,04/18/2024,B08010050468,117.90,.00,164064,801000574
120,RI,INV121024,04/18/2024,hickory knoll rd,2796.86,.00,245176,
120,RI,INV121029,04/18/2024,B07400017265,219.50,.00,789511,740000126
120,RI,INV121032,04/18/2024,04172024,167.67,.00,180501,572044317
120,RI,INV121041,04/18/2024,DIETARY,48.70,.00,583410,
120,RI,INV121043,04/18/2024,3241597,24.35,.00,515700,527023439
120,RI,INV121065,04/18/2024,HOUSEKEEPING,540.60,.00,515700,527023439
120,RI,INV121071,04/18/2024,B02950002574,828.75,.00,499301,295003750
120,RI,INV121082,04/18/2024,B04610047509,1669.36,.00,461157,461021157
120,RI,INV121091,04/18/2024,56312619,6456.11,.00,391275,438020348
120,RI,INV121095,04/18/2024,B07400017268,453.43,.00,350086,740100001
120,RI,INV121097,04/18/2024,JH041724,2190.62,.00,353533,631000668
120,RI,INV121100,04/18/2024,DIETARY 3259439,79.38,.00,583410,
120,RI,INV121109,04/18/2024,B01460013505.2D12837987,192.18,.00,146031,146000031
120,RI,INV121127,04/18/2024,JOSH,353.83,.00,406026,406000026
120,RI,INV121148,04/18/2024,cup,insert ,lid,144.80,.00,572757,572061757
120,RI,INV121150,04/18/2024,12762,4928.00,.00,920012,
120,RI,INV121152,04/18/2024,90553,5946.09,.00,920009,92000009
120,RI,INV121153,04/18/2024,41200128,3283.20,.00,920017,
120,RI,INV121154,04/18/2024,COREY HEDRICK,11750.40,.00,920018,92000007
120,RI,INV121155,04/18/2024,9961,8294.40,.00,953724,92000002
120,RI,INV121156,04/18/2024,42101127,9244.80,.00,920011,
120,RI,INV121157,04/18/2024,8442,3628.80,.00,920019,92000008
120,RI,INV121158,04/18/2024,DAVE BIESIADA,9374.45,.00,920017,92000006
120,RI,INV121159,04/18/2024,B07400017253,256.70,.00,986632,740000169
120,RI,INV121161,04/18/2024,B04610047515,1375.61,.00,461803,461019803
120,RI,INV121172,04/18/2024,41800857,12252.00,.00,953724,92000002
120,RI,INV121176,04/18/2024,DAVE BIESIADA,5207.24,.00,920017,92000006
120,RI,INV121183,04/18/2024,42700171,3652.77,.00,920021,092000014
120,RI,INV121185,04/18/2024,WILL CALL,73.50,.00,407300,461407300
120,RI,INV121193,04/18/2024,B07400017263,10.34,.00,634489,740000050
120,RI,INV121196,04/18/2024,B07400017529,125.90,.00,789511,740000126
120,RI,INV121202,04/18/2024,FEDEX,58.20,.00,309621,461132246
120,RI,INV121213,04/18/2024,B04060002696,2.41,.00,406012,406000010
120,RI,INV121225,04/18/2024,212205,44.70,.00,461623,461114623
120,RI,INV121237,04/18/2024,56337644,59.95,.00,432012,432053004
120,RI,INV121240,04/18/2024,B04610047515,29.06,.00,461803,461019803
120,RI,INV121243,04/18/2024,B04610047544,712.83,.00,461206,461112206
120,RI,INV121247,04/18/2024,VARIMIXER,300.11,.00,545317,461145317
120,RI,INV121248,04/18/2024,9969,475.22,.00,953724,92000002
120,RI,INV121249,04/18/2024,B04610047415,140.70,.00,955264,461018052
120,RI,INV121271,04/18/2024,B04610047521,1153.14,.00,765955,461023327
120,RI,INV121272,04/18/2024,B04610047540,1669.92,.00,509001,461509001
120,RI,INV121276,04/18/2024,3264235,688.10,.00,646053,323393940
120,RI,INV121282,04/18/2024,B04610047563,760.38,.00,461702,461018702
120,RI,INV121288,04/18/2024,B04610047588,1399.27,.00,955264,461018052
120,RI,INV121289,04/18/2024,56337508,1964.59,.00,449919,449044919
120,RI,INV121311,04/18/2024,B04610047592,1011.04,.00,366744,461023113
120,RI,INV121318,04/18/2024,B04610047600,1145.50,.00,461834,461023834
120,RI,INV121320,04/18/2024,B04610047569,802.19,.00,272618,461023602
120,RI,INV121321,04/18/2024,B04610047576,836.95,.00,272617,461023666
120,RI,INV121327,04/18/2024,B04610047575,1561.77,.00,772617,461772617
120,RI,INV121330,04/18/2024,B04610047585,187.25,.00,101889,461008096
120,RI,INV121331,04/18/2024,B04610047073,.91,.00,461053,461008053
120,RI,INV121332,04/18/2024,B04610047570,989.93,.00,461691,461008691
120,RI,INV121333,04/18/2024,B04610047537,1176.74,.00,716507,461019406
120,RI,INV121334,04/18/2024,B04610047548,920.92,.00,461030,461019030
120,RI,INV121335,04/18/2024,B04610047500,1217.23,.00,62140,461018974
120,RI,INV121336,04/18/2024,B04610047541,911.37,.00,461003,461019064
120,RI,INV121337,04/18/2024,B04610047572,1311.10,.00,461053,461008053
120,RI,INV121338,04/18/2024,B04610047597,2059.08,.00,101889,461008096
120,RI,INV121339,04/18/2024,B04610047475,139.78,.00,862385,461022033
120,RI,INV121340,04/18/2024,B04610047422,140.70,.00,812120,461812120
120,RI,INV121348,04/18/2024,B04610047523,1083.94,.00,461171,461020171
120,RI,INV121353,04/18/2024,B04610047596,2934.18,.00,812120,461812120
120,RI,INV121354,04/18/2024,B04610047560,1783.21,.00,632333,461017112
120,RI,INV121356,04/18/2024,56337582,1210.88,.00,449903,449044903
120,RI,INV121360,04/18/2024,B04610047591,863.38,.00,461011,461017011
120,RI,INV121367,04/18/2024,B07400017279,362.40,.00,632317,740000010
120,RI,INV121398,04/19/2024,56340024,1201.97,.00,552041,438020262
120,RI,INV121408,04/19/2024,- None -,447.50,.00,773527,755310566
120,RI,INV121409,04/19/2024,56340064,107.59,.00,571300,559022241
120,RI,INV121415,04/19/2024,SO10039801,2605.84,.00,755677,755894677
120,RI,INV121419,04/19/2024,56337169,810.67,.00,331000,438022221
120,RI,INV121423,04/19/2024,3264979,2169.06,.00,736673,
120,RI,INV121427,04/19/2024,56337811,1764.99,.00,736438,438032093
120,RI,INV121430,04/19/2024,- None -,2234.14,.00,773527,755310566
120,RI,INV121433,04/19/2024,kristina,3039.09,.00,755004,755310571
120,RI,INV121437,04/19/2024,56338972,1843.99,.00,571300,559022241
120,RI,INV121449,04/19/2024,B07400017281,769.76,.00,358401,740000137
120,RI,INV121460,04/19/2024,1030,175.29,.00,499301,295001030
120,RI,INV121463,04/19/2024,- None -,800.97,.00,656100,755310438
120,RI,INV121476,04/19/2024,56291814,291.68,.00,441860,440061860
120,RI,INV121477,04/19/2024,54693678,238.32,.00,440995,
120,RI,INV121478,04/19/2024,56291822,583.36,.00,441860,440061860
120,RI,INV121480,04/19/2024,B07400017223,471.82,.00,339330,740000237
120,RI,INV121483,04/19/2024,56317050,65.55,.00,440996,440057996
120,RI,INV121484,04/19/2024,B07400017267,1013.36,.00,644141,740000066
120,RI,INV121486,04/19/2024,B04610047587,2146.97,.00,914102,461021740
120,RI,INV121487,04/19/2024,B04610047605,1297.86,.00,633233,461020165
120,RI,INV121489,04/19/2024,B04610047557,2260.14,.00,765956,461020155
120,RI,INV121498,04/19/2024,B02950002577,836.36,.00,499301,295003035
120,RI,INV121504,04/19/2024,B02950002576,3521.94,.00,499301,295000057
120,RI,INV121506,04/19/2024,NATHAN,184.65,.00,406019,406000023
120,RI,INV121508,04/19/2024,DIETARY 3264769,132.93,.00,562931,
120,RI,INV121509,04/19/2024,B04610047251,176.11,.00,800857,461800857
120,RI,INV121511,04/19/2024,DIETARY/3235032,97.41,.00,562931,
120,RI,INV121514,04/19/2024,DIETARY 3264584,108.14,.00,562931,
120,RI,INV121519,04/19/2024,B04610047599,965.91,.00,800857,461800857
120,RI,INV121523,04/19/2024,- None -,1806.73,.00,994262,755310573
120,RI,INV121525,04/19/2024,- None -,1440.78,.00,461601,461020601
120,RI,INV121536,04/19/2024,56272126,124.29,.00,432018,432053003
120,RI,INV121542,04/19/2024,HOUSEKEEPING,.06,.00,426644,
120,RI,INV121543,04/19/2024,B04610047447,619.80,.00,545313,461545313
120,RI,INV121549,04/19/2024,B04610047594,1459.39,.00,194660,461194660
120,RI,INV121550,04/19/2024,HOUSEKEEPING,2168.57,.00,426644,
120,RI,INV121562,04/19/2024,B04610047561,786.73,.00,309253,461309253
120,RI,INV121565,04/19/2024,SO10039892,907.65,.00,755001,755310568
120,RI,INV121568,04/19/2024,B04610047598,1474.63,.00,556807,461556807
120,RI,INV121573,04/19/2024,062633,67.98,.00,694005,694000005
120,RI,INV121574,04/19/2024,062148,195.61,.00,694007,694000007
120,RI,INV121577,04/19/2024,062680,1625.58,.00,694007,694000007
120,RI,INV121580,04/19/2024,56339686,154.42,.00,33047,438044177
120,RI,INV121581,04/19/2024,062677,531.09,.00,694015,694000015
120,RI,INV121586,04/19/2024,62683,70.90,.00,781001,
120,RI,INV121595,04/19/2024,B04610047579,1152.05,.00,958980,461022192
120,RI,INV121598,04/19/2024,56339111,1496.10,.00,33047,438044177
120,RI,INV121600,04/19/2024,062682,529.18,.00,694005,694000005
120,RI,INV121602,04/19/2024,B04610047590,1216.63,.00,328321,461328321
120,RI,INV121606,04/19/2024,B04610047199,8.37,.00,461874,461020874
120,RI,INV121627,04/19/2024,56071027,295.05,.00,449162,449049162
120,RI,INV121641,04/19/2024,B08010050470,289.59,.00,164064,801300002
120,RI,INV121647,04/19/2024,eugenia,679.18,.00,979400,41040047
120,RI,INV121649,04/19/2024,B08010050468,330.96,.00,164064,801000574
120,RI,INV121658,04/19/2024,B04610047589,1836.64,.00,461874,461020874
120,RI,INV121659,04/19/2024,eugenia,37.28,.00,979400,41040047
120,RI,INV121667,04/19/2024,B04610047584,2522.64,.00,309254,461020852
120,RI,INV121670,04/19/2024,56333909,896.84,.00,438351,438120351
120,RI,INV121677,04/19/2024,56338365,188.58,.00,432007,432053002
120,RI,INV121679,04/19/2024,56341160,868.27,.00,614213,436015851
120,RI,INV121683,04/19/2024,56342917,204.25,.00,432007,432053002
120,RI,INV121688,04/19/2024,B07400017277,1039.03,.00,413154,740000093
120,RI,INV121689,04/19/2024,56338462,965.65,.00,432007,432053002
120,RI,INV121692,04/19/2024,B07400017271,1097.07,.00,212200,740000094
120,RI,INV121693,04/19/2024,B04610047593,1727.19,.00,461130,461021030
120,RI,INV121733,04/19/2024,B04610047578,1302.83,.00,914103,461021117
120,RI,INV121737,04/19/2024,CENTRAL SUPPLY,580.67,.00,661995,
120,RI,INV121738,04/19/2024,B04610047562,851.84,.00,406315,461406315
120,RI,INV121746,04/19/2024,56336865,2267.53,.00,432010,432053012
120,RI,INV121748,04/19/2024,Laundry,250.29,.00,661995,
120,RI,INV121753,04/19/2024,B04610047601,2998.86,.00,326180,461326180
120,RI,INV121756,04/19/2024,B02950002579,341.64,.00,499301,295006480
120,RI,INV121762,04/19/2024,B04610047547,1391.55,.00,262755,461021054
120,RI,INV121772,04/19/2024,HOUSEKEEPING,1118.45,.00,661995,
120,RI,INV121773,04/19/2024,B04610047482,2873.24,.00,739888,461739888
120,RI,INV121779,04/19/2024,B04610047559,1605.84,.00,407301,461021042
120,RI,INV121801,04/19/2024,David,1344.39,.00,755002,755310569
120,RI,INV121803,04/19/2024,- None -,8800.00,.00,765520,
120,RI,INV121807,04/19/2024,42101127,62975.02,.00,920011,
120,RI,INV121826,04/19/2024,same day,172.67,.00,326180,461326180
120,RI,INV121830,04/19/2024,dog tray,557.15,.00,572757,572061757
120,RI,INV121847,04/19/2024,BLAIR,63.25,.00,395170,401024502
120,RI,INV121865,04/19/2024,courier,317.89,.00,461874,461020874
120,RI,INV121875,04/19/2024,56218448,247.00,.00,441860,440061860
120,RI,INV121876,04/19/2024,56238767,272.97,.00,441860,440061860
120,RI,INV121909,04/19/2024,BLAIR,69.95,.00,395170,401024502
120,RI,INV121911,04/19/2024,B04610047544,80.55,.00,461206,461112206
120,RI,INV121933,04/19/2024,55585927,59.85,.00,449523,449000523
120,RI,INV121940,04/19/2024,B04610047519,790.52,.00,461004,461023502
120,RI,INV121947,04/19/2024,56336796,5915.31,.00,449523,449000523
120,RI,INV121956,04/19/2024,B01460013529.2D12837577,16363.41,.00,146221,146000221
120,RI,INV121957,04/19/2024,B04610047642,2077.50,.00,367089,461367089
120,RI,INV121964,04/19/2024,TISHA,69.13,.00,940843,
120,RI,INV121966,04/19/2024,B04610047635,1236.49,.00,772617,461772617
120,RI,INV121968,04/19/2024,B04610047643,494.23,.00,366744,461023113
120,RI,INV121975,04/19/2024,B04610047623,895.84,.00,765955,461023327
120,RI,INV121979,04/19/2024,DIETARY,1058.96,.00,324797,755000365
120,RI,INV121980,04/19/2024,56353108,6303.96,.00,449010,449010000
120,RI,INV121981,04/19/2024,B04610047628,848.03,.00,272618,461023602
120,RI,INV121983,04/19/2024,DIETARY,1691.43,.00,324797,755000365
120,RI,INV121987,04/19/2024,B04610047639,797.14,.00,862385,461022033
120,RI,INV122000,04/19/2024,SO10037265,2021.14,.00,820120,755000836
120,RI,INV122017,04/19/2024,B04610047617,844.78,.00,461014,461021014
120,RI,INV122024,04/19/2024,56353584,25.10,.00,432012,432053004
120,RI,INV122029,04/19/2024,B07400017291,738.80,.00,632317,740000010
120,RI,INV122032,04/19/2024,B04610047627,2650.22,.00,262753,461019901
120,RI,INV122033,04/19/2024,BRITTANY,1789.66,.00,755005,755310572
120,RI,INV122036,04/19/2024,B04610047631,1225.10,.00,461971,461019971
120,RI,INV122043,04/19/2024,B07400017292,413.20,.00,789511,740000126
120,RI,INV122048,04/19/2024,56360469,200.68,.00,432012,432053004
120,RI,INV122052,04/19/2024,56360870,2469.69,.00,432012,432053004
120,RI,INV122054,04/19/2024,B04610047647,254.91,.00,461971,461019971
120,RI,INV122055,04/19/2024,B04610047630,1664.10,.00,461803,461019803
120,RI,INV122068,04/19/2024,B07550001371,906.40,.00,234100,755000786
120,RI,INV122069,04/19/2024,B07550001374,1347.07,.00,761100,755000785
120,RI,INV122072,04/19/2024,- None -,1799.02,.00,773527,755310566
120,RI,INV145782,04/19/2024,16363,32832.00,.00,920011,
120,RI,INV153631,04/19/2024,42800,49210.32,.00,765520,92000001
120,RI,INV156935,04/19/2024,16319,40565.50,.00,920011,
120,RI,INV156937,04/19/2024,16316,34897.44,.00,920011,
120,RI,INV122076,04/20/2024,2000917159,1146.00,.00,120109,459000005
120,RI,INV122078,04/20/2024,2001030293,7791.00,.00,120109,459000005
120,RI,INV122080,04/20/2024,2001028800,1949.75,.00,120109,459000005
120,RI,INV122083,04/20/2024,2001009627,855.00,.00,120109,459000005
120,RI,INV122086,04/20/2024,FILL IN,1553.75,.00,739888,461739888
120,RI,INV122087,04/20/2024,FILL IN,1207.89,.00,406315,461406315
120,RI,INV122104,04/20/2024,NATS0000026394,315.87,.00,278496,572020003
120,RI,INV122106,04/20/2024,56354898,114.26,.00,552041,438020262
120,RI,INV122110,04/20/2024,GRASONVILLE ELEM,302.12,.00,582403,
120,RI,INV122112,04/20/2024,B04610047646,771.49,.00,406315,461406315
120,RI,INV122115,04/20/2024,EASTON ELEMANTARY,1016.37,.00,755612,
120,RI,INV122116,04/20/2024,STEVENSVILLE MIDDLE,838.00,.00,582403,
120,RI,INV122118,04/20/2024,56363472,1143.48,.00,432011,432052999
120,RI,INV122121,04/20/2024,CHAPEL DISTRICT,520.84,.00,755612,
120,RI,INV122125,04/20/2024,B02950002581,359.82,.00,499301,295003135
120,RI,INV122129,04/20/2024,KIES,335.20,.00,582403,
120,RI,INV122130,04/20/2024,B04610047618,3305.52,.00,407300,461407300
120,RI,INV122133,04/20/2024,6416,560.44,.00,499301,295006416
120,RI,INV122134,04/20/2024,3510,1197.37,.00,499301,295003510
120,RI,INV122137,04/20/2024,B04610047645,1332.42,.00,461801,461021801
120,RI,INV122141,04/20/2024,B02950002582,1535.52,.00,499301,295003023
120,RI,INV122143,04/20/2024,ST MICHAELS,587.20,.00,755612,
120,RI,INV122148,04/20/2024,56361868,212.95,.00,552041,438020262
120,RI,INV122163,04/20/2024,56312619,1155.65,.00,391275,438020348
120,RI,INV122181,04/20/2024,56367700,1385.24,.00,438346,438120346
120,RI,INV122182,04/20/2024,B07400017293,201.62,.00,835200,740000152
120,RI,INV122189,04/20/2024,B04610047648,1186.05,.00,461157,461021157
120,RI,INV122194,04/20/2024,B07400017302,676.80,.00,574323,740000073
120,RI,INV122207,04/20/2024,3266094,185.24,.00,562931,
120,RI,INV122218,04/20/2024,housekeeping,270.40,.00,692753,
120,RI,INV122225,04/20/2024,DAVID CURTIS,632.53,.00,755002,755310569
120,RI,INV122237,04/20/2024,STEVEN RIVERA,970.15,.00,755003,755310570
120,RI,INV122239,04/20/2024,B07400017289,448.07,.00,350086,740100001
120,RI,INV122245,04/20/2024,56355472,12347.02,.00,702126,434005246
120,RI,INV122251,04/20/2024,- None -,1096.68,.00,545313,461545313
120,RI,INV122314,04/20/2024,56363640,94.97,.00,432007,432053002
120,RI,INV122323,04/20/2024,B04610047637,77.22,.00,407303,461022153
120,RI,INV122324,04/20/2024,062680,239.28,.00,694007,694000007
120,RI,INV122327,04/20/2024,B04610047636,1659.13,.00,407303,461022153
120,RI,INV122334,04/20/2024,kristina,1520.39,.00,755004,755310571
120,RI,INV122336,04/20/2024,56338462,139.78,.00,432007,432053002
120,RI,INV122337,04/20/2024,B04610047634,1676.04,.00,632334,461022315
120,RI,INV122338,04/20/2024,3266504,328.30,.00,593725,755310005
120,RI,INV122344,04/20/2024,B02950002578,260.21,.00,499301,295003131
120,RI,INV122349,04/22/2024,NATS0000024325,3076.19,.00,278496,572020003
120,RI,INV122353,04/22/2024,ANNA SCHUTTER,12580.00,.00,920012,
120,RI,INV122363,04/22/2024,90268,.00,.00,920009,92000009
120,RI,INV122379,04/22/2024,04/19/2024,53.08,.00,562931,
120,RI,INV122382,04/22/2024,COREY HEDRICK,1875.20,.00,920018,92000007
120,RI,INV122383,04/22/2024,buffer  order,932.75,.00,245176,
120,RI,INV122394,04/22/2024,KERRI ADD ON,184.85,.00,406126,405000026
120,RI,INV122395,04/22/2024,B04050002981,807.83,.00,406126,405000026
120,RI,INV122406,04/22/2024,5461,4401.37,.00,920016,92000005
120,RI,INV122411,04/22/2024,WINCO/FOODWARE,298.72,.00,632333,461017112
120,RI,INV122429,04/22/2024,56369438,4338.68,.00,449618,449054618
120,RI,INV122432,04/22/2024,MIDDLE SCHOOL,406.75,.00,741439,755310522
120,RI,INV122433,04/22/2024,B04610047666,1344.91,.00,461502,461024502
120,RI,INV122434,04/22/2024,3268661,905.67,.00,408888,370739920
120,RI,INV122438,04/22/2024,3268699,456.66,.00,646053,323393940
120,RI,INV122440,04/22/2024,B04610047677,580.88,.00,461407,461022407
120,RI,INV122446,04/22/2024,- None -,317.66,.00,722611,
120,RI,INV122450,04/22/2024,56313266,2504.82,.00,449402,
120,RI,INV122452,04/22/2024,B04610047712,496.59,.00,461834,461023834
120,RI,INV122455,04/22/2024,56393556,13716.64,.00,449302,449352802
120,RI,INV122457,04/22/2024,56393975,5701.17,.00,449402,
120,RI,INV122458,04/22/2024,B04610047709,1530.21,.00,461002,461023112
120,RI,INV122462,04/22/2024,B04610047727,773.28,.00,367089,461367089
120,RI,INV122475,04/22/2024,56394065,6566.77,.00,449302,
120,RI,INV122484,04/22/2024,B04610047662,972.10,.00,62140,461018974
120,RI,INV122485,04/22/2024,B04610047672,2205.29,.00,716507,461019406
120,RI,INV122486,04/22/2024,B04610047681,1065.31,.00,461053,461008053
120,RI,INV122488,04/22/2024,B04610047695,874.75,.00,461003,461019064
120,RI,INV122489,04/22/2024,B04610047726,1249.03,.00,461691,461008691
120,RI,INV122490,04/22/2024,B04610047718,2592.90,.00,101889,461008096
120,RI,INV122491,04/22/2024,B04610047736,1140.31,.00,461030,461019030
120,RI,INV122494,04/22/2024,3269466,508.04,.00,527001,527000241
120,RI,INV122496,04/22/2024,B07400017194,72.06,.00,241400,740300167
120,RI,INV122498,04/22/2024,B07400017304,1967.49,.00,241400,740300167
120,RI,INV122499,04/22/2024,B07400017321,1218.85,.00,252631,
120,RI,INV122501,04/22/2024,B04610047665,810.73,.00,62139,461019462
120,RI,INV122520,04/22/2024,1010,1358.73,.00,499301,295001010
120,RI,INV122538,04/22/2024,B04610047638,1812.03,.00,812120,461812120
120,RI,INV122542,04/22/2024,B04610047729,1959.90,.00,461011,461017011
120,RI,INV122543,04/22/2024,B04610047702,2213.48,.00,461701,461017601
120,RI,INV122544,04/22/2024,B04610047748,2850.56,.00,812120,461812120
120,RI,INV122545,04/22/2024,B04610047716,2882.46,.00,632333,461017112
120,RI,INV122546,04/23/2024,B04610047489,58.46,.00,580102,461580102
120,RI,INV122547,04/23/2024,56373631,845.77,.00,440995,440157995
120,RI,INV122552,04/23/2024,4503657327,83.45,.00,714611,426001059
120,RI,INV122554,04/23/2024,56258937,434.71,.00,441862,440161860
120,RI,INV122557,04/23/2024,B04610047754,29.94,.00,765956,461020155
120,RI,INV122558,04/23/2024,B04610047671,895.41,.00,461171,461020171
120,RI,INV122559,04/23/2024,B04610047680,2114.03,.00,580102,461580102
120,RI,INV122563,04/23/2024,B07400017325,1358.46,.00,548063,740000248
120,RI,INV122565,04/23/2024,B02950002584,369.97,.00,499301,295000057
120,RI,INV122567,04/23/2024,B04610047745,1100.81,.00,633233,461020165
120,RI,INV122568,04/23/2024,B04610047720,2562.17,.00,765956,461020155
120,RI,INV122569,04/23/2024,56379827,2537.48,.00,441862,440161860
120,RI,INV122572,04/23/2024,4503663276,5541.89,.00,714611,426001059
120,RI,INV122573,04/23/2024,B07400017319,1398.22,.00,634489,740000050
120,RI,INV122576,04/23/2024,4503663282,2753.63,.00,714611,426001059
120,RI,INV122580,04/23/2024,B04610047637,25.97,.00,407303,461022153
120,RI,INV122581,04/23/2024,062680,311.80,.00,694007,694000007
120,RI,INV122583,04/23/2024,B07400017323,959.28,.00,122743,740200058
120,RI,INV122590,04/23/2024,B04610047708,4320.15,.00,407303,461022153
120,RI,INV122592,04/23/2024,B04610047739,1090.66,.00,958980,461022192
120,RI,INV122593,04/23/2024,B07400017264,830.09,.00,122832,740100058
120,RI,INV122596,04/23/2024,B04610047740,1433.47,.00,328321,461328321
120,RI,INV122597,04/23/2024,HOUSEKEEPING 3250279,30.48,.00,820100,
120,RI,INV122600,04/23/2024,for Bel Air,80.23,.00,194660,461194660
120,RI,INV122604,04/23/2024,B04610047746,267.56,.00,194660,461194660
120,RI,INV122609,04/23/2024,B04610047594,39.08,.00,194660,461194660
120,RI,INV122610,04/23/2024,B04610047678,1211.63,.00,556807,461556807
120,RI,INV122611,04/23/2024,B04610047744,1730.32,.00,194660,461194660
120,RI,INV122616,04/23/2024,9965,839.56,.00,953724,92000002
120,RI,INV122619,04/23/2024,56202150,23.85,.00,449481,449022481
120,RI,INV122621,04/23/2024,- None -,1927.18,.00,202000,755310524
120,RI,INV122622,04/23/2024,56390323,1777.26,.00,449481,449022481
120,RI,INV122623,04/23/2024,B04610047694,1304.15,.00,509001,461509001
120,RI,INV122624,04/23/2024,B04610047731,1500.28,.00,461702,461018702
120,RI,INV122634,04/23/2024,4503663096,233.70,.00,944645,426001060
120,RI,INV122645,04/23/2024,4503663158,2359.61,.00,944645,426001060
120,RI,INV122653,04/23/2024,SO10041060,685.92,.00,755005,755310572
120,RI,INV122656,04/23/2024,820120,1420.36,.00,820120,755000836
120,RI,INV122660,04/23/2024,B04610047707,985.28,.00,309253,461309253
120,RI,INV122680,04/23/2024,1370,498.02,.00,499301,295001370
120,RI,INV122681,04/23/2024,062615,62.75,.00,694009,694000009
120,RI,INV122683,04/23/2024,62615,125.50,.00,781001,
120,RI,INV122699,04/23/2024,062740,2458.60,.00,694009,694000009
120,RI,INV122702,04/23/2024,- None -,2039.72,.00,665979,755310511
120,RI,INV122710,04/23/2024,So,2127.36,.00,755677,755894677
120,RI,INV122735,04/23/2024,56338996,212.71,.00,571300,559022241
120,RI,INV122744,04/23/2024,3122,1019.60,.00,499301,295003122
120,RI,INV122748,04/23/2024,6416,201.41,.00,499301,295006416
120,RI,INV122749,04/23/2024,B02950002588,4543.26,.00,499301,295000047
120,RI,INV122756,04/23/2024,B08010050726,491.36,.00,282718,801005004
120,RI,INV122763,04/23/2024,B04610047664,1737.79,.00,914102,461021740
120,RI,INV122775,04/23/2024,B07400017329,161.74,.00,413154,740000093
120,RI,INV122778,04/23/2024,B07400017316,484.91,.00,339330,740000237
120,RI,INV122783,04/23/2024,SLADE SCHOOL,1943.92,.00,245176,
120,RI,INV122784,04/23/2024,SLADE SCHOOL,677.90,.00,245176,
120,RI,INV122788,04/23/2024,B04610047753,2398.40,.00,309254,461020852
120,RI,INV122791,04/23/2024,56374048,56.32,.00,391275,438020348
120,RI,INV122795,04/23/2024,56377407,252.29,.00,391275,438020348
120,RI,INV122805,04/23/2024,B07400017327,834.76,.00,358401,740000137
120,RI,INV122812,04/23/2024,B04610047711,1258.10,.00,545313,461545313
120,RI,INV122814,04/23/2024,B02950002586,2210.88,.00,499301,295003395
120,RI,INV122815,04/23/2024,B07400017332,1283.31,.00,948085,740000143
120,RI,INV122817,04/23/2024,B04610047725,1490.59,.00,262755,461021054
120,RI,INV122825,04/23/2024,FRONT DESK,143.59,.00,620203,40000163
120,RI,INV122827,04/23/2024,KITCHEN,254.46,.00,620203,40000163
120,RI,INV122828,04/23/2024,- None -,429.87,.00,620203,40000163
120,RI,INV122836,04/23/2024,B04610046763,25.23,.00,461874,461020874
120,RI,INV122839,04/23/2024,NATS0000026397,157.80,.00,278496,572020003
120,RI,INV122844,04/23/2024,56354898,272.56,.00,552041,438020262
120,RI,INV122854,04/23/2024,B04610047750,1152.75,.00,461874,461020874
120,RI,INV122860,04/23/2024,Sean,592.06,.00,164371,755001991
120,RI,INV122862,04/23/2024,B04610047749,1378.34,.00,407301,461021042
120,RI,INV122864,04/23/2024,NATS0000026530,640.50,.00,278496,572020003
120,RI,INV122866,04/23/2024,NATS0000026534,165.28,.00,278496,572020003
120,RI,INV122868,04/23/2024,B04610047733,1586.22,.00,326180,461326180
120,RI,INV122869,04/23/2024,3510,275.77,.00,499301,295003510
120,RI,INV122875,04/23/2024,NATS0000026516,170.78,.00,278496,572020003
120,RI,INV122881,04/23/2024,NATS00000026429,1548.08,.00,278496,572020003
120,RI,INV122886,04/23/2024,MIke,1897.17,.00,164369,755000382
120,RI,INV122949,04/23/2024,B04610047676,53.69,.00,94889,461133331
120,RI,INV122961,04/23/2024,B04610047655,101.82,.00,309620,461133813
120,RI,INV122963,04/23/2024,Straws,81.00,.00,461206,461112206
120,RI,INV122965,04/23/2024,B07400017157,145.19,.00,593482,740000045
120,RI,INV122974,04/23/2024,Claudia  Westminster,88.51,.00,914103,461021117
120,RI,INV122975,04/23/2024,B07400017310,934.50,.00,593482,740000045
120,RI,INV122979,04/23/2024,B04610047686,1588.44,.00,914103,461021117
120,RI,INV122990,04/23/2024,B08010050834,773.29,.00,752880,801000634
120,RI,INV122991,04/23/2024,B04610047683,1643.11,.00,461601,461020601
120,RI,INV122993,04/23/2024,B04050002980,1151.63,.00,406125,405000023
120,RI,INV122994,04/23/2024,B04610047742,1822.26,.00,800857,461800857
120,RI,INV122996,04/23/2024,B04060002728,851.76,.00,406026,406000026
120,RI,INV123000,04/23/2024,ALLANTE0409,79.90,.00,755736,755974736
120,RI,INV123001,04/23/2024,B07400016904,12.73,.00,775193,740000232
120,RI,INV123002,04/23/2024,B07400017192,43.99,.00,350086,740100001
120,RI,INV123006,04/23/2024,B07400017312,379.50,.00,350086,740100001
120,RI,INV123011,04/23/2024,B07400017318,588.84,.00,775193,740000232
120,RI,INV123012,04/23/2024,ALLANTE0420,1154.40,.00,755736,755974736
120,RI,INV123020,04/23/2024,Steven,363.30,.00,755003,755310570
120,RI,INV123032,04/23/2024,10041164,1280.50,.00,495151,740000247
120,RI,INV123034,04/23/2024,B02950002587,508.82,.00,499301,295003750
120,RI,INV123055,04/23/2024,B04050002987,1262.23,.00,406105,405000005
120,RI,INV123065,04/23/2024,5461,39.47,.00,920016,92000005
120,RI,INV123084,04/23/2024,56291814,447.30,.00,441860,440061860
120,RI,INV123085,04/23/2024,DIETARYGLOBE,1431.00,.00,426644,
120,RI,INV123090,04/23/2024,PREMIER POLYSTEEL,7300.30,.00,461073,461024073
120,RI,INV123092,04/23/2024,42101127,13969.97,.00,920011,
120,RI,INV123096,04/23/2024,56379827,492.90,.00,441862,440161860
120,RI,INV123111,04/23/2024,9965,80.09,.00,953724,92000002
120,RI,INV123112,04/23/2024,62740,159.50,.00,781001,
120,RI,INV123121,04/23/2024,56413822,55.97,.00,432012,432053004
120,RI,INV123131,04/23/2024,56353108,134.73,.00,449010,449010000
120,RI,INV123147,04/23/2024,B04610047766,1208.79,.00,765955,461023327
120,RI,INV123152,04/23/2024,B04610047728,793.71,.00,461004,461023502
120,RI,INV123154,04/23/2024,B04610047763,915.14,.00,272617,461023666
120,RI,INV123156,04/23/2024,56391010,1926.13,.00,449010,449010000
120,RI,INV123163,04/23/2024,3273229,614.81,.00,646053,323393940
120,RI,INV123164,04/23/2024,B04610047776,1515.40,.00,772617,461772617
120,RI,INV123179,04/23/2024,B04610047783,151.81,.00,366744,461023113
120,RI,INV123184,04/23/2024,B04610047773,1036.53,.00,272618,461023602
120,RI,INV123185,04/23/2024,B04610047769,473.65,.00,461834,461023834
120,RI,INV123200,04/23/2024,B04610047782,1132.89,.00,366744,461023113
120,RI,INV123224,04/23/2024,nats0000026574,239.70,.00,278496,572020003
120,RI,INV123225,04/23/2024,56414732,1156.54,.00,552041,438020262
120,RI,INV123226,04/23/2024,NATS0000026618,619.70,.00,278496,572020003
120,RI,INV123231,04/23/2024,NATS0000026559,182.20,.00,278496,572020003
120,RI,INV123236,04/23/2024,56408957,506.10,.00,552041,438020262
120,RI,INV123240,04/23/2024,- None -,2796.54,.00,773527,755310566
120,RI,INV123242,04/23/2024,NATS0000026600,568.90,.00,278496,572020003
120,RI,INV123244,04/24/2024,Jo Anna,506.58,.00,755583,755310583
120,RI,INV123250,04/24/2024,B07550001396,932.01,.00,820103,
120,RI,INV123251,04/24/2024,4503661928,369.18,.00,195445,426001026
120,RI,INV123254,04/24/2024,SO10041113,1127.14,.00,820120,755000836
120,RI,INV123255,04/24/2024,4503663631,2030.11,.00,195445,426001026
120,RI,INV123267,04/24/2024,062755,837.31,.00,694014,694000014
120,RI,INV123269,04/24/2024,062777,1555.92,.00,694005,694000005
120,RI,INV123272,04/24/2024,062766,1424.30,.00,694008,694000008
120,RI,INV123274,04/24/2024,62758,63.80,.00,781001,
120,RI,INV123275,04/24/2024,- None -,1535.61,.00,820120,755000836
120,RI,INV123278,04/24/2024,3272905,260.62,.00,593725,755310005
120,RI,INV123280,04/24/2024,SO10041980,732.36,.00,293280,755000846
120,RI,INV123281,04/24/2024,10041965,249.93,.00,632317,740000010
120,RI,INV123283,04/24/2024,SO10041848,838.00,.00,820120,755000836
120,RI,INV123319,04/24/2024,B07400017350,507.70,.00,358401,740000137
120,RI,INV123326,04/24/2024,56294133,558.83,.00,439008,439000008
120,RI,INV123337,04/24/2024,B07550001404,1026.18,.00,984660,
120,RI,INV123342,04/24/2024,B04610047784,862.81,.00,862385,461022033
120,RI,INV123345,04/24/2024,- None -,955.26,.00,737263,755000843
120,RI,INV123362,04/24/2024,56412013,1381.28,.00,736438,438032093
120,RI,INV123367,04/24/2024,56422957,826.36,.00,571301,438014937
120,RI,INV123381,04/24/2024,B02950002588,262.22,.00,499301,295000047
120,RI,INV123391,04/24/2024,B04610047431,419.33,.00,739889,461022601
120,RI,INV123392,04/24/2024,DIETARY,456.65,.00,661995,
120,RI,INV123393,04/24/2024,10021534,27.22,.00,814703,740000003
120,RI,INV123397,04/24/2024,DIETARY 3238850,91.21,.00,562931,
120,RI,INV123400,04/24/2024,B07400017286,405.77,.00,139211,740000235
120,RI,INV123405,04/24/2024,DIETARY 3271523,1475.57,.00,661995,
120,RI,INV123407,04/24/2024,Laundry,604.79,.00,562931,
120,RI,INV123408,04/24/2024,B02950002585,1330.42,.00,499301,295007042
120,RI,INV123409,04/24/2024,FRONT LOBBY,74.15,.00,661995,
120,RI,INV123411,04/24/2024,3270463,901.51,.00,562931,
120,RI,INV123413,04/24/2024,B07550001401,2000.47,.00,755006,755310633
120,RI,INV123414,04/24/2024,B04610047714,2279.22,.00,739889,461022601
120,RI,INV123415,04/24/2024,SO10041205,791.19,.00,737285,
120,RI,INV123417,04/24/2024,SO10040991,1250.63,.00,397700,755000775
120,RI,INV123418,04/24/2024,SO10041312,792.46,.00,244841,755000781
120,RI,INV123424,04/24/2024,B02950002590,3254.04,.00,499301,295003130
120,RI,INV123432,04/24/2024,B02950002589,706.65,.00,499301,295003036
120,RI,INV123443,04/24/2024,3130,718.98,.00,499301,295003130
120,RI,INV123444,04/24/2024,B08010050970,985.30,.00,801294,801311294
120,RI,INV123446,04/24/2024,- None -,1553.24,.00,771562,755310567
120,RI,INV123455,04/24/2024,B02950002591,212.11,.00,499301,295003133
120,RI,INV123458,04/24/2024,B07550001412,819.60,.00,737280,755000784
120,RI,INV123470,04/24/2024,56336865,274.20,.00,432010,432053012
120,RI,INV123471,04/24/2024,3238593,12.47,.00,470015,
120,RI,INV123474,04/24/2024,DIETARY,263.78,.00,470015,
120,RI,INV123476,04/24/2024,3273178,1059.82,.00,470015,
120,RI,INV123477,04/24/2024,DIETARY 3241061,29.20,.00,470015,
120,RI,INV123480,04/24/2024,3270392,327.00,.00,470015,
120,RI,INV123483,04/24/2024,CENTRAL SUPPLY,172.71,.00,470015,
120,RI,INV123489,04/24/2024,3273099,764.27,.00,470015,
120,RI,INV123503,04/24/2024,56418324,7355.39,.00,702126,434005246
120,RI,INV123506,04/24/2024,56297477,60.30,.00,792426,440026831
120,RI,INV123507,04/24/2024,56129227,60.30,.00,792426,440026831
120,RI,INV123508,04/24/2024,housekeeping,187.30,.00,546300,
120,RI,INV123511,04/24/2024,SLADE SCHOOL / NURSES,712.73,.00,245176,
120,RI,INV123512,04/24/2024,3227878,159.27,.00,546300,
120,RI,INV123519,04/24/2024,kristina,199.90,.00,755004,755310571
120,RI,INV123524,04/24/2024,kristina,34.95,.00,755004,755310571
120,RI,INV123541,04/24/2024,3269509,368.00,.00,546300,
120,RI,INV123544,04/24/2024,3268576,542.13,.00,546300,
120,RI,INV123548,04/24/2024,Activities,36.57,.00,515700,527023439
120,RI,INV123549,04/24/2024,3269655,721.07,.00,820100,
120,RI,INV123551,04/24/2024,3269645,138.81,.00,546300,
120,RI,INV123554,04/24/2024,3270427,1185.69,.00,515700,527023439
120,RI,INV123556,04/24/2024,3269400,42.40,.00,546300,
120,RI,INV123557,04/24/2024,B04060002729,751.32,.00,406014,406000012
120,RI,INV123561,04/24/2024,ALLANTE0422,1243.03,.00,755736,755974736
120,RI,INV123563,04/24/2024,HOUSEKEEPING,216.30,.00,515700,527023439
120,RI,INV123568,04/24/2024,CENTRAL SUPPLY,368.35,.00,546300,
120,RI,INV123571,04/24/2024,B04060002730,37.68,.00,406014,406000012
120,RI,INV123573,04/24/2024,56413668,1267.83,.00,792426,440026831
120,RI,INV123585,04/24/2024,DIETARY,785.89,.00,426644,
120,RI,INV123587,04/24/2024,3269401,2333.80,.00,546300,
120,RI,INV123590,04/24/2024,56409476,290.55,.00,449056,449031056
120,RI,INV123599,04/24/2024,SLADE SCHOOL,163.80,.00,245176,
120,RI,INV123600,04/24/2024,Central Supply,73.27,.00,515700,527023439
120,RI,INV123609,04/24/2024,DIETARY,1054.53,.00,473055,
120,RI,INV123613,04/24/2024,CENTRAL SUPPLY,402.46,.00,473055,
120,RI,INV123616,04/24/2024,Central Supply,58.51,.00,515700,527023439
120,RI,INV123625,04/24/2024,3273057,523.98,.00,342646,527000028
120,RI,INV123627,04/24/2024,MATT WILSON,214.86,.00,406028,405000028
120,RI,INV123632,04/24/2024,Deysi,2866.23,.00,755004,755310571
120,RI,INV123635,04/24/2024,HOUSEKEEPING,1185.43,.00,426644,
120,RI,INV123640,04/24/2024,Dietary,957.16,.00,820100,
120,RI,INV123641,04/24/2024,56390888,324.71,.00,432018,432053003
120,RI,INV123643,04/24/2024,Laundry,1018.43,.00,426644,
120,RI,INV123646,04/24/2024,56318327,342.75,.00,432016,432053006
120,RI,INV123655,04/24/2024,56390397,931.97,.00,432016,432053006
120,RI,INV123656,04/24/2024,3230166,118.09,.00,583410,
120,RI,INV123657,04/24/2024,Housekeeping,838.62,.00,562931,
120,RI,INV123668,04/24/2024,3274322,188.40,.00,583410,
120,RI,INV123687,04/24/2024,3274297,813.22,.00,583410,
120,RI,INV123692,04/24/2024,3273268,420.03,.00,583410,
120,RI,INV123702,04/24/2024,B07400017349,1179.18,.00,887489,740000268
120,RI,INV123705,04/24/2024,B08010050991,4590.67,.00,282718,801005004
120,RI,INV123726,04/24/2024,- None -,289.41,.00,545315,461145615
120,RI,INV123734,04/24/2024,91197,7025.76,.00,920009,92000009
120,RI,INV123778,04/24/2024,B04610047141,103.14,.00,461334,461133334
120,RI,INV123792,04/24/2024,B04610047483,1782.48,.00,461334,461133334
120,RI,INV123793,04/24/2024,B04610047781,254.15,.00,461206,461112206
120,RI,INV123795,04/24/2024,B04610047761,35.80,.00,461122,461129122
120,RI,INV123830,04/24/2024,- None -,59.46,.00,979400,41040047
120,RI,INV123849,04/24/2024,2001031123,3675.00,.00,120109,459000001
120,RI,INV123860,04/24/2024,B04610047799,2269.78,.00,461407,461022407
120,RI,INV123869,04/24/2024,B04610047823,1466.96,.00,461073,461024073
120,RI,INV123884,04/24/2024,BLAIR,456.53,.00,395170,401024502
120,RI,INV123895,04/24/2024,- None -,455.64,.00,974439,755310362
120,RI,INV123904,04/24/2024,B04610047828,2664.92,.00,367089,461367089
120,RI,INV123915,04/24/2024,B04610047832,1076.98,.00,461834,461023834
120,RI,INV123917,04/24/2024,00311339231,335.07,.00,707655,707001655
120,RI,INV123923,04/24/2024,NATS0000026029,226.01,.00,278496,572020003
120,RI,INV123927,04/24/2024,dcuni07001,129.49,.00,108003,572036578
120,RI,INV123928,04/24/2024,B02950002595,3100.21,.00,499301,295003023
120,RI,INV123930,04/24/2024,B04610047792,3800.36,.00,580102,461580102
120,RI,INV123938,04/24/2024,B07400017367,322.40,.00,548063,740000248
120,RI,INV123956,04/24/2024,DCUNI06974,237.86,.00,108003,572036578


120,RI,INV123965,04/24/2024,56435364,70.75,.00,469246,438045949
120,RI,INV123970,04/24/2024,- None -,901.25,.00,737215,
120,RI,INV123971,04/24/2024,- None -,802.12,.00,766222,
120,RI,INV123973,04/24/2024,B07400017304,405.65,.00,241400,740300167
120,RI,INV123974,04/24/2024,b07400017264,24.17,.00,122832,740100058
120,RI,INV123985,04/24/2024,B07400017364,1312.41,.00,75096,740300054
120,RI,INV123987,04/24/2024,3276967,272.87,.00,593725,755310005
120,RI,INV123990,04/24/2024,1730,282.95,.00,499301,295001730
120,RI,INV124000,04/24/2024,B04610047814,1083.02,.00,62139,461019462
120,RI,INV124004,04/24/2024,B04060002738,739.94,.00,406005,406000009
120,RI,INV124006,04/24/2024,B07400017377,916.88,.00,252631,
120,RI,INV124021,04/25/2024,Joana Wallace,271.52,.00,755583,755310583
120,RI,INV124022,04/25/2024,SO10043195,4563.26,.00,820120,755000836
120,RI,INV124023,04/25/2024,422,290.18,.00,572645,572052645
120,RI,INV124024,04/25/2024,B05760007793,478.02,.00,576820,576000820
120,RI,INV124027,04/25/2024,B05760007792,49.19,.00,576820,576000820
120,RI,INV124038,04/25/2024,PF042324,252.81,.00,724535,631000934
120,RI,INV124045,04/25/2024,B04060002733,964.00,.00,406006,406000019
120,RI,INV124047,04/25/2024,56409015,897.18,.00,449956,449000956
120,RI,INV124050,04/25/2024,B01460013552.2D12826261,6499.99,.00,146118,146000118
120,RI,INV124054,04/25/2024,B04610047803,3325.20,.00,461014,461021014
120,RI,INV124057,04/25/2024,56435219,1302.81,.00,432011,432052999
120,RI,INV124059,04/25/2024,56434280,780.13,.00,432015,432053010
120,RI,INV124062,04/25/2024,B07400017360,223.52,.00,986632,740000169
120,RI,INV124065,04/25/2024,B04610047835,1914.20,.00,461801,461021801
120,RI,INV124069,04/25/2024,B04610047820,1907.88,.00,461803,461019803
120,RI,INV124073,04/25/2024,EASTON MIDDLE,1104.22,.00,755612,
120,RI,INV124074,04/25/2024,56433605,2431.44,.00,432012,432053004
120,RI,INV124090,04/25/2024,56436441,97.80,.00,432013,432053005
120,RI,INV124092,04/25/2024,56433683,475.25,.00,432013,432053005
120,RI,INV124094,04/25/2024,B04060002734,994.75,.00,406008,406000017
120,RI,INV124095,04/25/2024,MRM04242401,1625.40,.00,192285,631000559
120,RI,INV124100,04/25/2024,56433341,285.59,.00,432012,432053004
120,RI,INV124101,04/25/2024,B07400017369,442.59,.00,789511,740000126
120,RI,INV124121,04/25/2024,B04610047647,49.23,.00,461971,461019971
120,RI,INV124140,04/25/2024,42224,1653.29,.00,755870,755310870
120,RI,INV124145,04/25/2024,B07400017359,417.38,.00,835200,740000152
120,RI,INV124148,04/25/2024,B04610047834,1180.37,.00,461971,461019971
120,RI,INV124149,04/25/2024,B07400017357,590.96,.00,84001,740100217
120,RI,INV124152,04/25/2024,B07550001415,802.00,.00,755874,755310874
120,RI,INV124171,04/25/2024,B04610047804,2107.94,.00,262753,461019901
120,RI,INV124184,04/25/2024,B04060002737,1256.95,.00,406007,406000018
120,RI,INV124189,04/25/2024,B07550001417,144.70,.00,755874,755310874
120,RI,INV124198,04/25/2024,John,324.00,.00,702126,434005246
120,RI,INV124212,04/25/2024,Harbor,1178.02,.00,755001,755310568
120,RI,INV124255,04/25/2024,B04610047821,6.48,.00,407303,461022153
120,RI,INV124265,04/25/2024,B04610047829,1509.58,.00,406315,461406315
120,RI,INV124272,04/25/2024,B04610047819,1831.50,.00,407303,461022153
120,RI,INV124274,04/25/2024,B01480002498.2D12594901,2111.82,.00,148004,148000004
120,RI,INV124275,04/25/2024,56434256,2581.82,.00,432010,432053012
120,RI,INV124280,04/25/2024,0015,174.04,.00,499301,295000015
120,RI,INV124281,04/25/2024,B02950002593,452.62,.00,499301,295003095
120,RI,INV124288,04/25/2024,B07550001401,84.80,.00,755006,755310633
120,RI,INV124296,04/25/2024,B04610047802,4780.57,.00,407300,461407300
120,RI,INV124306,04/25/2024,10043031,113.59,.00,775193,
120,RI,INV124309,04/25/2024,SO10042840,1192.37,.00,755003,755310570
120,RI,INV124310,04/25/2024,David,1240.65,.00,755002,755310569
120,RI,INV124312,04/25/2024,B07400017384,786.69,.00,740185,740100185
120,RI,INV124334,04/25/2024,ORIOL05505,553.35,.00,572757,572061757
120,RI,INV124336,04/25/2024,B07400017131,155.62,.00,212200,740000094
120,RI,INV124347,04/25/2024,56431325,998.44,.00,432017,432053001
120,RI,INV124352,04/25/2024,OWNER SUITE,397.94,.00,572757,572061757
120,RI,INV124360,04/25/2024,B04610047809,2013.04,.00,461204,461021204
120,RI,INV124373,04/25/2024,B02950002594,1025.07,.00,499301,295003750
120,RI,INV124377,04/25/2024,B04610047830,2549.25,.00,461157,461021157
120,RI,INV124387,04/25/2024,SLADE SCHOOL,5301.95,.00,245176,
120,RI,INV124394,04/25/2024,41400488,5628.35,.00,920018,92000007
120,RI,INV124395,04/25/2024,41400488,1532.16,.00,920018,92000007
120,RI,INV124396,04/25/2024,91197,9665.50,.00,920009,92000009
120,RI,INV124402,04/25/2024,same day westminster,78.32,.00,461157,461021157
120,RI,INV124403,04/25/2024,FOUNDRY,73.88,.00,914103,461021117
120,RI,INV124415,04/25/2024,B07400017371,142.34,.00,634489,740000050
120,RI,INV124421,04/25/2024,CAMBRO,46.66,.00,461801,461021801
120,RI,INV124422,04/25/2024,PRETZEL SLEEVES,612.18,.00,278496,572020003
120,RI,INV124424,04/25/2024,HOBART,556.70,.00,814703,740000003
120,RI,INV124427,04/25/2024,CAMBRO,578.43,.00,407303,461022153
120,RI,INV124432,04/25/2024,VOLLRATH,1415.53,.00,278496,572020003
120,RI,INV124439,04/25/2024,547273,2250.00,.00,920009,92000009
120,RI,INV124441,04/25/2024,ESSITY,.00,.00,470015,
120,RI,INV124444,04/25/2024,OPENING SMALLWARES,31.24,.00,461122,461129122
120,RI,INV124453,04/25/2024,B04610047698,50.82,.00,461122,461129122
120,RI,INV124457,04/25/2024,B04610047796,114.46,.00,63331,461040207
120,RI,INV124465,04/25/2024,crinkle,84.86,.00,309621,461132246
120,RI,INV124472,04/25/2024,B04610047483,358.13,.00,461334,461133334
120,RI,INV124473,04/25/2024,B07550001417,133.64,.00,755874,755310874
120,RI,INV124486,04/25/2024,B04610047889,191.13,.00,461909,461133909
120,RI,INV124505,04/25/2024,42429,7134.02,.00,765520,92000001
120,RI,INV124508,04/25/2024,B07400017354,552.89,.00,740255,740300255
120,RI,INV124509,04/25/2024,B01460013498.2D12837577,5747.27,.00,146221,146000221
120,RI,INV124517,04/25/2024,56453458,1550.78,.00,449402,
120,RI,INV124520,04/25/2024,56453716,2903.07,.00,449302,449352802
120,RI,INV124533,04/25/2024,B04610047877,775.64,.00,272617,461023666
120,RI,INV124534,04/25/2024,B04610047861,1099.69,.00,765955,461023327
120,RI,INV124535,04/25/2024,B04610047911,49.18,.00,272618,461023602
120,RI,INV124536,04/25/2024,B04610047859,1429.45,.00,367090,461022901
120,RI,INV124541,04/25/2024,B07400017393,199.94,.00,740255,740300255
120,RI,INV124546,04/25/2024,B04610047878,1073.92,.00,772617,461772617
120,RI,INV124556,04/25/2024,B04610047868,133.90,.00,765955,461023327
120,RI,INV124560,04/25/2024,B04610047883,694.02,.00,272618,461023602
120,RI,INV124564,04/25/2024,B04610047891,693.38,.00,461004,461023502
120,RI,INV124565,04/25/2024,B04610047890,1139.11,.00,461834,461023834
120,RI,INV124566,04/25/2024,B07400017399,1571.75,.00,961900,740000200
120,RI,INV124568,04/25/2024,B04610047703,52.18,.00,461701,461017601
120,RI,INV124569,04/25/2024,B04610047855,30.95,.00,461053,461008053
120,RI,INV124570,04/25/2024,B04610047787,815.74,.00,62140,461018974
120,RI,INV124572,04/25/2024,B04610047831,1899.10,.00,716507,461019406
120,RI,INV124573,04/25/2024,B04610047900,1280.83,.00,101889,461008096
120,RI,INV124574,04/25/2024,B04610047853,1097.00,.00,461030,461019030
120,RI,INV124575,04/25/2024,B04610047895,1706.91,.00,812120,461812120
120,RI,INV124576,04/25/2024,B04610047896,1847.56,.00,461701,461017601
120,RI,INV124578,04/25/2024,B04610047638,71.97,.00,812120,461812120
120,RI,INV124579,04/25/2024,B04610047870,1317.22,.00,461003,461019064
120,RI,INV124580,04/25/2024,B08010051087,1855.66,.00,918024,801001150
120,RI,INV124581,04/25/2024,B04610047843,1252.05,.00,461053,461008053
120,RI,INV124582,04/25/2024,B04610047897,809.45,.00,461691,461008691
120,RI,INV124584,04/25/2024,B04610047898,1110.74,.00,461011,461017011
120,RI,INV124589,04/25/2024,56336647,84.59,.00,449921,449044921
120,RI,INV124591,04/25/2024,56452999,2180.68,.00,552041,438020262
120,RI,INV124592,04/25/2024,B04610047731,140.70,.00,461702,461018702
120,RI,INV124594,04/25/2024,Costica,2109.24,.00,421513,40000208
120,RI,INV124595,04/25/2024,B04610047806,913.41,.00,958980,461022192
120,RI,INV124599,04/25/2024,B04610047844,1861.45,.00,509001,461509001
120,RI,INV124603,04/25/2024,10038,911.16,.00,953724,92000002
120,RI,INV124604,04/25/2024,3510,787.16,.00,499301,295003510
120,RI,INV124607,04/25/2024,B04610047884,1269.25,.00,328321,461328321
120,RI,INV124613,04/25/2024,B04610047864,537.45,.00,461702,461018702
120,RI,INV124615,04/25/2024,B04610047866,2178.60,.00,632333,461017112
120,RI,INV124616,04/25/2024,B04610047915,1659.29,.00,955264,461018052
120,RI,INV124619,04/25/2024,B04610047789,1106.85,.00,632334,461022315
120,RI,INV124621,04/25/2024,B04610047863,132.30,.00,958980,461022192
120,RI,INV124624,04/25/2024,062811,1487.73,.00,694007,694000007
120,RI,INV124628,04/25/2024,062800,937.62,.00,694013,694000013
120,RI,INV124634,04/25/2024,3279288,336.11,.00,593725,755310005
120,RI,INV124635,04/25/2024,56452724,1159.15,.00,33047,438044177
120,RI,INV124641,04/25/2024,NATS0000024650,2624.00,.00,278496,572020003
120,RI,INV124643,04/25/2024,NATS0000025842,370.80,.00,278496,572020003
120,RI,INV124655,04/25/2024,56452828,1755.32,.00,736438,438032093
120,RI,INV124657,04/25/2024,1030,325.90,.00,499301,295001030
120,RI,INV124659,04/25/2024,56455663,1856.58,.00,571300,559022241
120,RI,INV124661,04/25/2024,SO10043501,887.42,.00,392010,
120,RI,INV124663,04/25/2024,B07550001423,342.21,.00,716030,
120,RI,INV124666,04/25/2024,56456012,5220.73,.00,168564,
120,RI,INV124667,04/25/2024,3280282,2343.33,.00,736673,
120,RI,INV124680,04/25/2024,1680,404.16,.00,499301,295001680
120,RI,INV124685,04/25/2024,3122,1125.46,.00,499301,295003122
120,RI,INV124690,04/25/2024,NATS0000026681,516.57,.00,278496,572020003
120,RI,INV124698,04/25/2024,B07550001427,756.68,.00,820170,755000845
120,RI,INV124716,04/25/2024,B07400017400,725.31,.00,358401,740000137
120,RI,INV124742,04/26/2024,sara,1404.00,.00,826244,755000410
120,RI,INV124751,04/26/2024,B04610047917,1948.33,.00,309254,461020852
120,RI,INV124754,04/26/2024,56377407,252.29,.00,391275,438020348
120,RI,INV124764,04/26/2024,B04060002732,924.73,.00,406019,406000023
120,RI,INV124768,04/26/2024,B04610047851,1318.24,.00,800857,461800857
120,RI,INV124773,04/26/2024,56453014,792.70,.00,449440,449054440
120,RI,INV124778,04/26/2024,B04610047858,913.37,.00,545313,461545313
120,RI,INV124779,04/26/2024,B04610047869,630.09,.00,309253,461309253
120,RI,INV124783,04/26/2024,3278285,649.64,.00,562931,
120,RI,INV124784,04/26/2024,56453082,1286.95,.00,449440,449054440
120,RI,INV124785,04/26/2024,56453264,649.43,.00,432019,432053000
120,RI,INV124788,04/26/2024,B04610047862,13.90,.00,545313,461545313
120,RI,INV124792,04/26/2024,56453034,1080.24,.00,449440,449054440
120,RI,INV124794,04/26/2024,B07550001426,659.11,.00,994262,755310573
120,RI,INV124799,04/26/2024,B04610047880,890.75,.00,461601,461020601
120,RI,INV124808,04/26/2024,B07400017383,50.83,.00,644141,740000066
120,RI,INV124809,04/26/2024,B07400017376,538.22,.00,644141,740000066
120,RI,INV124812,04/26/2024,LB042424,3225.47,.00,626722,631000667
120,RI,INV124819,04/26/2024,B04610047899,1899.60,.00,914102,461021740
120,RI,INV124820,04/26/2024,B04610047850,2535.50,.00,461074,461021704
120,RI,INV124823,04/26/2024,56452831,11078.74,.00,449441,449054441
120,RI,INV124824,04/26/2024,56452845,3540.09,.00,449441,449054441
120,RI,INV124825,04/26/2024,56452867,5058.93,.00,449441,449054441
120,RI,INV124826,04/26/2024,56452918,4785.68,.00,449441,449054441
120,RI,INV124847,04/26/2024,- None -,34.50,.00,665979,755310511
120,RI,INV124853,04/26/2024,B07550001420,1014.43,.00,761100,755000785
120,RI,INV124861,04/26/2024,SO10043724,3673.31,.00,755677,755894677
120,RI,INV124862,04/26/2024,56457401,247.28,.00,469246,438045949
120,RI,INV124864,04/26/2024,- None -,2868.50,.00,773527,755310566
120,RI,INV124898,04/26/2024,eugenia,814.72,.00,979400,41040047
120,RI,INV124906,04/26/2024,- None -,1194.30,.00,395390,755000748
120,RI,INV124915,04/26/2024,ORIOL04445,194.39,.00,572757,572061757
120,RI,INV124916,04/26/2024,ORIOL04401,194.39,.00,572757,572061757
120,RI,INV124917,04/26/2024,ORIOL05430,1555.12,.00,572757,572061757
120,RI,INV124918,04/26/2024,ORIOL05594,507.50,.00,572757,572061757
120,RI,INV124919,04/26/2024,ORIOL05656,1133.10,.00,572757,572061757
120,RI,INV124920,04/26/2024,ORIOL05530,971.95,.00,572757,572061757
120,RI,INV124921,04/26/2024,ORIOL04643,194.39,.00,572757,572061757
120,RI,INV124922,04/26/2024,56446482,1241.21,.00,432017,432053001
120,RI,INV124923,04/26/2024,ORIOL05371,194.39,.00,572757,572061757
120,RI,INV124927,04/26/2024,ORIOL05644,6891.60,.00,572757,572061757
120,RI,INV124928,04/26/2024,56439732,5271.97,.00,432018,432053003
120,RI,INV124929,04/26/2024,ORIOL05629,515.80,.00,572757,572061757
120,RI,INV124939,04/26/2024,MIke,7.25,.00,164369,755000382
120,RI,INV124950,04/26/2024,56454063,3253.70,.00,449056,449031056
120,RI,INV124957,04/26/2024,B04610047904,1728.48,.00,461874,461020874
120,RI,INV124958,04/26/2024,Garfield,1177.29,.00,164370,755001990
120,RI,INV124969,04/26/2024,B08010050991,643.68,.00,282718,801005004
120,RI,INV124973,04/26/2024,56452171,294.35,.00,432016,432053006
120,RI,INV124983,04/26/2024,B07400017405,1185.23,.00,212200,740000094
120,RI,INV124987,04/26/2024,B04610047887,1031.94,.00,461130,461021030
120,RI,INV124988,04/26/2024,56451694,383.46,.00,432007,432053002
120,RI,INV124997,04/26/2024,56461424,34.85,.00,432007,432053002
120,RI,INV125000,04/26/2024,B04610047901,190.85,.00,461130,461021030
120,RI,INV125004,04/26/2024,B07400017401,234.28,.00,413154,740000093
120,RI,INV125006,04/26/2024,B08010051136,2157.85,.00,282718,801005004
120,RI,INV125007,04/26/2024,56453207,1273.45,.00,432007,432053002
120,RI,INV125015,04/26/2024,56450657,845.54,.00,441860,440061860
120,RI,INV125016,04/26/2024,56452008,815.80,.00,440996,440057996
120,RI,INV125018,04/26/2024,B04610047885,562.32,.00,862385,461022033
120,RI,INV125019,04/26/2024,B02950002596,596.68,.00,499301,295000057
120,RI,INV125020,04/26/2024,B04610047848,1206.60,.00,461171,461020171
120,RI,INV125021,04/26/2024,B04610047903,756.00,.00,633233,461020165
120,RI,INV125023,04/26/2024,B04610047894,2017.09,.00,765956,461020155
120,RI,INV125027,04/26/2024,3269401,107.75,.00,546300,
120,RI,INV125028,04/26/2024,CENTRAL SUPPLY,63.34,.00,470015,
120,RI,INV125037,04/26/2024,3203333,99.80,.00,470015,
120,RI,INV125038,04/26/2024,B04610047918,32.52,.00,262755,461021054
120,RI,INV125039,04/26/2024,B04610047906,1389.62,.00,406315,461406315
120,RI,INV125044,04/26/2024,DIETARY,127.95,.00,470015,
120,RI,INV125045,04/26/2024,HOUSEKEEPING,1449.98,.00,515700,527023439
120,RI,INV125046,04/26/2024,SO10043882,472.24,.00,755002,755310569
120,RI,INV125055,04/26/2024,B07400017384,48.71,.00,740185,740100185
120,RI,INV125057,04/26/2024,B04610047852,1606.76,.00,262755,461021054
120,RI,INV125058,04/26/2024,B07400017409,750.36,.00,350086,740100001
120,RI,INV125065,04/26/2024,B04610047919,80.83,.00,739888,461739888
120,RI,INV125066,04/26/2024,B04610047888,2643.05,.00,739888,461739888
120,RI,INV125075,04/26/2024,DIETARY,283.71,.00,426644,
120,RI,INV125077,04/26/2024,3279391,151.32,.00,820100,
120,RI,INV125078,04/26/2024,B04610047905,1360.02,.00,194660,461194660
120,RI,INV125081,04/26/2024,B04610047913,1588.83,.00,556807,461556807
120,RI,INV125085,04/26/2024,kristina,1283.51,.00,755004,755310571
120,RI,INV125092,04/26/2024,housekeeping,97.90,.00,661995,
120,RI,INV125096,04/26/2024,HOUSEKEEPING,454.77,.00,661995,
120,RI,INV125104,04/26/2024,B04610047882,1299.79,.00,914103,461021117
120,RI,INV125115,04/26/2024,B04610047921,2030.10,.00,407301,461021042
120,RI,INV125118,04/26/2024,B04610047912,1909.23,.00,326180,461326180
120,RI,INV125129,04/26/2024,ANNA SCHUTTER,1545.00,.00,920012,
120,RI,INV125130,04/26/2024,CHARLOTTE PETERSON,20748.00,.00,920012,
120,RI,INV125131,04/26/2024,- None -,1263.50,.00,593652,461115205
120,RI,INV125146,04/26/2024,B04610047871,1576.56,.00,545315,461145615
120,RI,INV125151,04/26/2024,- None -,64.89,.00,461807,461152807
120,RI,INV125158,04/26/2024,cups,9307.10,.00,572757,572061757
120,RI,INV125159,04/26/2024,HOSPITALITY,15.43,.00,632333,461017112
120,RI,INV125163,04/26/2024,- None -,413.95,.00,800857,461800857
120,RI,INV125193,04/26/2024,- None -,232.44,.00,194660,461194660
120,RI,INV125206,04/26/2024,AMERICAN METALCRAFT,17.81,.00,461104,461142104
120,RI,INV125209,04/26/2024,HOSPITALITY,15.39,.00,739888,461739888
120,RI,INV125212,04/26/2024,42828,5701.86,.00,765520,92000001
120,RI,INV125214,04/26/2024,- None -,61.17,.00,914103,461021117
120,RI,INV125221,04/26/2024,91114,136.90,.00,920009,92000009
120,RI,INV125235,04/26/2024,04122024,7.37,.00,180501,572044317
120,RI,INV125252,04/26/2024,B04610047922,99.85,.00,789565,461147129
120,RI,INV125261,04/26/2024,0015,60.95,.00,499301,295000015
120,RI,INV125265,04/26/2024,- None -,48.48,.00,194661,
120,RI,INV125287,04/26/2024,56453716,166.95,.00,449302,449352802
120,RI,INV125289,04/26/2024,56183630,1297.93,.00,449302,449352802
120,RI,INV125298,04/26/2024,B04610047893,874.09,.00,461004,461023502
120,RI,INV125299,04/26/2024,B04610047952,1180.91,.00,765955,461023327
120,RI,INV125300,04/26/2024,B04610047948,1095.44,.00,272618,461023602
120,RI,INV125303,04/26/2024,B04610047938,552.84,.00,461834,461023834
120,RI,INV125307,04/26/2024,B04610047936,597.21,.00,272617,461023666
120,RI,INV125308,04/26/2024,56471873,2901.17,.00,449010,449010000
120,RI,INV125309,04/26/2024,B04610047958,916.22,.00,366744,461023113
120,RI,INV125313,04/26/2024,42624,465.89,.00,323670,323394670
120,RI,INV125314,04/26/2024,B04610047953,1170.12,.00,772617,461772617
120,RI,INV125315,04/26/2024,B04610047962,1322.13,.00,367089,461367089
120,RI,INV125338,04/26/2024,DIETARY,669.40,.00,324797,755000365
120,RI,INV125339,04/26/2024,56452629,5430.54,.00,449523,449000523
120,RI,INV125355,04/26/2024,DIETARY,2491.34,.00,324797,755000365
120,RI,INV125356,04/26/2024,B04610047937,936.11,.00,367090,461022901
120,RI,INV125359,04/26/2024,820120,766.65,.00,820120,755000836
120,RI,INV125371,04/26/2024,B02950002598,785.56,.00,499301,295000044
120,RI,INV125375,04/26/2024,NATS0000025842,17.75,.00,278496,572020003
120,RI,INV125381,04/26/2024,56475006,847.64,.00,552041,438020262
120,RI,INV125383,04/26/2024,B07400017431,437.16,.00,367128,740000055
120,RI,INV125393,04/26/2024,B07550001414,1089.61,.00,755872,
120,RI,INV125395,04/26/2024,B04610047955,1576.14,.00,461971,461019971
120,RI,INV125396,04/26/2024,B04610047946,1593.52,.00,262753,461019901
120,RI,INV125401,04/26/2024,B07400017369,138.14,.00,789511,740000126
120,RI,INV125402,04/26/2024,56473392,152.02,.00,432012,432053004
120,RI,INV125409,04/26/2024,B04610047820,57.95,.00,461803,461019803
120,RI,INV125415,04/26/2024,B04610047943,377.74,.00,461803,461019803
120,RI,INV125416,04/26/2024,B04610047940,1180.92,.00,461014,461021014
120,RI,INV125418,04/26/2024,56473503,1495.32,.00,432012,432053004
120,RI,INV125435,04/27/2024,062800,59.90,.00,694013,694000013
120,RI,INV125438,04/27/2024,062811,374.16,.00,694007,694000007
120,RI,INV125440,04/27/2024,062740,176.49,.00,694009,694000009
120,RI,INV125441,04/27/2024,B01480002433.2D12495308,869.10,.00,148039,148000039
120,RI,INV125443,04/27/2024,062615,72.95,.00,694009,694000009
120,RI,INV125446,04/27/2024,56414251,230.36,.00,469246,438045949
120,RI,INV125447,04/27/2024,rebecca,812.63,.00,572645,572052645
120,RI,INV125448,04/27/2024,B07550001434,1903.07,.00,716080,755000826
120,RI,INV125449,04/27/2024,- None -,1702.96,.00,773527,755310566
120,RI,INV125454,04/27/2024,B07550001433,1272.99,.00,234100,755000786
120,RI,INV125456,04/27/2024,B04610047959,822.54,.00,461801,461021801
120,RI,INV125459,04/27/2024,B04610047941,1428.51,.00,632334,461022315
120,RI,INV125460,04/27/2024,ST MICHAELS,581.35,.00,755612,
120,RI,INV125461,04/27/2024,56469130,1751.54,.00,441860,440061860
120,RI,INV125471,04/27/2024,56475101,1503.17,.00,432011,432052999
120,RI,INV125483,04/27/2024,B04610047966,19.70,.00,862385,461022033
120,RI,INV125485,04/27/2024,56450657,672.57,.00,441860,440061860
120,RI,INV125491,04/27/2024,B04610047963,682.37,.00,862385,461022033
120,RI,INV125518,04/27/2024,kent island hs,370.50,.00,582403,755310540
120,RI,INV125524,04/27/2024,WHITE MARSH,699.98,.00,755612,
120,RI,INV125538,04/27/2024,B04610047935,828.24,.00,545313,461545313
120,RI,INV125541,04/27/2024,MATAPEAKE,502.80,.00,582403,755310540
120,RI,INV125545,04/27/2024,B07400017425,361.85,.00,740185,740100185
120,RI,INV125549,04/27/2024,B04610047858,77.87,.00,545313,461545313
120,RI,INV125550,04/27/2024,CHURCH HILL,410.95,.00,582403,
120,RI,INV125563,04/27/2024,B01460013595.2D12837987,1989.02,.00,146031,146000031
120,RI,INV125566,04/27/2024,kristina,1785.60,.00,755004,755310571
120,RI,INV125567,04/27/2024,3281328,1895.12,.00,820100,
120,RI,INV125568,04/27/2024,B07400017310,33.92,.00,593482,740000045
120,RI,INV125572,04/27/2024,B04610047960,816.62,.00,461157,461021157
120,RI,INV125574,04/27/2024,3282188,381.77,.00,661995,
120,RI,INV125576,04/27/2024,B07400017413,744.97,.00,593482,740000045
120,RI,INV125579,04/27/2024,120120120,2396.95,.00,814703,740000003
120,RI,INV125590,04/27/2024,CENTRAL SUPPLY,273.80,.00,766201,
120,RI,INV125591,04/27/2024,Laundry,264.66,.00,766201,
120,RI,INV125592,04/27/2024,56475722,1295.63,.00,391275,438020348
120,RI,INV125596,04/27/2024,HOUSEKEEPING,535.93,.00,766201,
120,RI,INV125597,04/27/2024,56474014,3144.96,.00,438346,438120346
120,RI,INV125599,04/27/2024,B07400017417,910.75,.00,699105,740000039
120,RI,INV125610,04/27/2024,FILL IN,1553.75,.00,739888,461739888
120,RI,INV125611,04/27/2024,B01480002472.2D12594901,153.78,.00,148004,148000004
120,RI,INV125612,04/27/2024,FILL IN,1207.89,.00,406315,461406315
120,RI,INV125626,04/27/2024,B04610047802,147.10,.00,407300,461407300
120,RI,INV125633,04/27/2024,56472189,3151.18,.00,449282,447049282
120,RI,INV125636,04/27/2024,ORIOL05631,333.09,.00,572757,572061757
120,RI,INV125637,04/27/2024,56472776,169.18,.00,432017,432053001
120,RI,INV125639,04/27/2024,56473139,2949.25,.00,432010,432053012
120,RI,INV125646,04/27/2024,56474166,1849.29,.00,449162,449049162
120,RI,INV125649,04/27/2024,56475143,4091.94,.00,449282,447049282
120,RI,INV125652,04/27/2024,56471783,1277.66,.00,432017,432053001
120,RI,INV125653,04/27/2024,B04610047947,1381.92,.00,461204,461021204
120,RI,INV125666,04/27/2024,B04610047932,4652.26,.00,407300,461407300
120,RI,INV125670,04/27/2024,56472251,5957.89,.00,449282,447049282
120,RI,INV125677,04/27/2024,B07400016944,13.73,.00,835200,740000152
120,RI,INV125686,04/27/2024,B07400017302,65.74,.00,574323,740000073
120,RI,INV125690,04/27/2024,B07400017428,761.84,.00,835200,740000152
120,RI,INV125695,04/27/2024,B07400017433,686.81,.00,574323,740000073
120,RI,INV125697,04/27/2024,56472866,1159.35,.00,792426,440026831
120,RI,INV125702,04/29/2024,90270,10359.00,.00,920009,
120,RI,INV125726,04/29/2024,PARTS TOWN,167.85,.00,407301,461021042
120,RI,INV125730,04/29/2024,56321438,986.67,.00,441860,440061860
120,RI,INV125736,04/29/2024,91198,10960.00,.00,920009,92000009
120,RI,INV125740,04/29/2024,16322,178.33,.00,920011,
120,RI,INV125749,04/29/2024,SPECIAL MADE,138.72,.00,545311,
120,RI,INV125753,04/29/2024,ROBERT NEWMAN,109.40,.00,572757,572061757
120,RI,INV125758,04/29/2024,43024,68.63,.00,323670,323394670
120,RI,INV125760,04/29/2024,B07550001404,23.50,.00,984660,
120,RI,INV125762,04/29/2024,062682,145.90,.00,694005,694000005
120,RI,INV125770,04/29/2024,FEDEX,22.90,.00,309621,461132246
120,RI,INV125771,04/29/2024,JOHN MARKS,1079.55,.00,194661,
120,RI,INV125782,04/29/2024,- None -,58.95,.00,820170,755000845
120,RI,INV125792,04/29/2024,56473503,144.01,.00,432012,432053004
120,RI,INV125802,04/29/2024,56354440,455.35,.00,441860,440061860
120,RI,INV125813,04/29/2024,B01460013497.2D12837577,1235.70,.00,146221,146000221
120,RI,INV125818,04/29/2024,DN2127000006016,1657.05,.00,187250,187123250
120,RI,INV125821,04/29/2024,- None -,230.59,.00,974439,755310362
120,RI,INV125827,04/29/2024,04242024,199.42,.00,801002,801311061
120,RI,INV125829,04/29/2024,56511900,7965.37,.00,449302,449352802
120,RI,INV125832,04/29/2024,B04610048058,855.01,.00,366744,461023113
120,RI,INV125836,04/29/2024,B04610047982,1138.93,.00,461002,461023112
120,RI,INV125849,04/29/2024,56512422,462.65,.00,449302,449352802
120,RI,INV125853,04/29/2024,- None -,111.90,.00,408888,370739920
120,RI,INV125854,04/29/2024,- None -,2290.78,.00,722611,
120,RI,INV125861,04/29/2024,B04610048067,1546.80,.00,461073,461024073
120,RI,INV125865,04/29/2024,B04610048025,1604.82,.00,461407,461022407
120,RI,INV125870,04/29/2024,B04610048033,2262.48,.00,461502,461024502
120,RI,INV125871,04/29/2024,B04610048053,1881.35,.00,406314,461406314
120,RI,INV125874,04/29/2024,B04610047843,55.15,.00,461053,461008053
120,RI,INV125875,04/29/2024,B04610047991,1894.82,.00,716507,461019406
120,RI,INV125876,04/29/2024,B04610047996,1352.48,.00,62140,461018974
120,RI,INV125877,04/29/2024,B04610048009,1580.46,.00,461053,461008053
120,RI,INV125878,04/29/2024,B04610048042,63.40,.00,461053,461008053
120,RI,INV125879,04/29/2024,B04610048047,1729.02,.00,101889,461008096
120,RI,INV125880,04/29/2024,B04610048016,222.72,.00,716507,461019406
120,RI,INV125881,04/29/2024,B04610048045,1634.27,.00,461691,461008691
120,RI,INV125882,04/29/2024,B04610048039,1163.77,.00,461030,461019030
120,RI,INV125883,04/29/2024,B04610048052,1183.04,.00,461003,461019064
120,RI,INV125884,04/29/2024,56390323,39.10,.00,449481,449022481
120,RI,INV125885,04/29/2024,B04610048015,1352.23,.00,955264,461018052
120,RI,INV125886,04/29/2024,B04610048038,3441.20,.00,632333,461017112
120,RI,INV125887,04/29/2024,Brad,3245.39,.00,202000,755310524
120,RI,INV125888,04/29/2024,B04610048041,1360.04,.00,461702,461018702
120,RI,INV125889,04/29/2024,B04610048037,1875.08,.00,509001,461509001
120,RI,INV125890,04/29/2024,56502040,2712.13,.00,449481,449022481
120,RI,INV125899,04/30/2024,3122,564.08,.00,499301,295003122
120,RI,INV125903,04/30/2024,B07400017468,986.24,.00,367128,740000055
120,RI,INV125917,04/30/2024,56207671,878.49,.00,469246,438045949
120,RI,INV125925,04/30/2024,56505699,4927.51,.00,469246,438045949
120,RI,INV125926,04/30/2024,56513688,59.64,.00,469246,438045949
120,RI,INV125927,04/30/2024,56511789,1099.40,.00,469246,438045949
120,RI,INV125935,04/30/2024,NATS0000026778,1319.94,.00,278496,572020003
120,RI,INV125950,04/30/2024,B07400017377,298.19,.00,252631,
120,RI,INV125951,04/30/2024,B07400017304,22.95,.00,241400,740300167
120,RI,INV125953,04/30/2024,B04610048000,2750.23,.00,580102,461580102
120,RI,INV125954,04/30/2024,B04610048011,1353.74,.00,62139,461019462
120,RI,INV125955,04/30/2024,B07400017444,2591.50,.00,241400,740300167
120,RI,INV125958,04/30/2024,B04610048027,147.76,.00,62139,461019462
120,RI,INV125962,04/30/2024,liners to merry to order,72.95,.00,527001,527000241
120,RI,INV125965,04/30/2024,3285755,669.14,.00,527001,527000241
120,RI,INV125967,04/30/2024,B07400017462,1076.00,.00,252631,
120,RI,INV125978,04/30/2024,B04610047975,3479.88,.00,407303,461022153
120,RI,INV125979,04/30/2024,B04610047980,3354.67,.00,461074,461021704
120,RI,INV125981,04/30/2024,B04610047819,12.17,.00,407303,461022153
120,RI,INV125982,04/30/2024,062680,195.61,.00,694007,694000007
120,RI,INV125985,04/30/2024,B07400017456,580.93,.00,634489,740000050
120,RI,INV125989,04/30/2024,B04610047997,2050.52,.00,914102,461021740
120,RI,INV125996,04/30/2024,B04610048031,1143.83,.00,958980,461022192
120,RI,INV126002,04/30/2024,B07400017455,1024.43,.00,548063,740000248
120,RI,INV126005,04/30/2024,062879,934.35,.00,694014,694000014
120,RI,INV126006,04/30/2024,062872,5864.84,.00,694005,694000005
120,RI,INV126008,04/30/2024,B07400017461,86.45,.00,634489,740000050
120,RI,INV126009,04/30/2024,B04610048043,1497.21,.00,328321,461328321
120,RI,INV126010,04/30/2024,B07400017443,520.39,.00,339330,740000237
120,RI,INV126011,04/30/2024,62874,319.75,.00,781001,
120,RI,INV126034,04/30/2024,B04610047896,77.96,.00,461701,461017601
120,RI,INV126035,04/30/2024,B04610048036,2934.19,.00,461701,461017601
120,RI,INV126036,04/30/2024,B04610048065,1896.41,.00,461011,461017011
120,RI,INV126038,04/30/2024,B04610048069,3404.28,.00,812120,461812120
120,RI,INV126048,04/30/2024,1370,622.12,.00,499301,295001370
120,RI,INV126049,04/30/2024,062873,3011.97,.00,694009,694000009
120,RI,INV126052,04/30/2024,4503666924,2225.85,.00,195445,426001026
120,RI,INV126053,04/30/2024,56452724,183.14,.00,33047,438044177
120,RI,INV126055,04/30/2024,3285098,275.35,.00,593725,755310005
120,RI,INV126056,04/30/2024,62873,164.19,.00,781001,
120,RI,INV126060,04/30/2024,B07400017417,92.85,.00,699105,740000039
120,RI,INV126067,04/30/2024,B04610047972,865.73,.00,406315,461406315
120,RI,INV126070,04/30/2024,B07400017454,1390.57,.00,948085,740000143
120,RI,INV126079,04/30/2024,B04610048060,2004.64,.00,309254,461020852
120,RI,INV126080,04/30/2024,- None -,87.05,.00,309254,461020852
120,RI,INV126088,04/30/2024,B07400017460,440.16,.00,495151,740000247
120,RI,INV126102,04/30/2024,B07400017433,182.21,.00,574323,740000073
120,RI,INV126103,04/30/2024,EUGENIA,38.43,.00,979400,41040047
120,RI,INV126106,04/30/2024,B07400017451,627.36,.00,574323,740000073
120,RI,INV126109,04/30/2024,56503529,29.81,.00,441860,440061860
120,RI,INV126111,04/30/2024,B04610048013,50.31,.00,765956,461020155
120,RI,INV126112,04/30/2024,56167519,104.66,.00,440996,440057996
120,RI,INV126113,04/30/2024,4503666052,5524.59,.00,714611,426001059
120,RI,INV126114,04/30/2024,B04610048071,1351.29,.00,633233,461020165
120,RI,INV126115,04/30/2024,4503663276,27.00,.00,714611,426001059
120,RI,INV126116,04/30/2024,56501510,491.29,.00,441860,440061860
120,RI,INV126121,04/30/2024,56482767,503.23,.00,441862,440161860
120,RI,INV126123,04/30/2024,3285779,480.68,.00,736673,755000860
120,RI,INV126128,04/30/2024,56506302,775.11,.00,440996,440057996
120,RI,INV126132,04/30/2024,B04610047998,1243.25,.00,765956,461020155
120,RI,INV126135,04/30/2024,1010,680.45,.00,499301,295001010
120,RI,INV126137,04/30/2024,B04610047990,723.92,.00,461171,461020171
120,RI,INV126141,04/30/2024,B02950002601,5348.72,.00,499301,295000047
120,RI,INV126157,04/30/2024,GUH order,1814.61,.00,755005,755310572
120,RI,INV126166,04/30/2024,B04610047992,1464.56,.00,407301,461021042
120,RI,INV126171,04/30/2024,3284961,3020.50,.00,316040,631001736
120,RI,INV126174,04/30/2024,3285562,78.00,.00,316040,631001736
120,RI,INV126180,04/30/2024,B04610048054,1831.94,.00,326180,461326180
120,RI,INV126184,04/30/2024,B04610048017,625.42,.00,545313,461545313
120,RI,INV126188,04/30/2024,B04610048064,52.78,.00,545313,461545313
120,RI,INV126198,04/30/2024,B04610048021,814.70,.00,309253,461309253
120,RI,INV126202,04/30/2024,ORIOL05644,159.70,.00,572757,572061757
120,RI,INV126203,04/30/2024,56488051,43.49,.00,432017,432053001
120,RI,INV126210,04/30/2024,56510881,262.04,.00,432017,432053001
120,RI,INV126246,04/30/2024,B04610048063,1808.80,.00,194660,461194660
120,RI,INV126247,04/30/2024,B04610048062,1348.19,.00,556807,461556807
120,RI,INV126252,04/30/2024,B08010050470,192.90,.00,164064,801300002
120,RI,INV126255,04/30/2024,B02950002597,1498.10,.00,499301,295003020
120,RI,INV126256,04/30/2024,B04610048008,1402.08,.00,461874,461020874
120,RI,INV126258,04/30/2024,B04060002740,1275.99,.00,406019,406000023
120,RI,INV126260,04/30/2024,B04060002744,1282.32,.00,406015,406000013
120,RI,INV126261,04/30/2024,B07400017408,137.10,.00,867549,740000183
120,RI,INV126262,04/30/2024,B07400017457,665.68,.00,867549,740000183
120,RI,INV126267,04/30/2024,B04610048073,2806.80,.00,800857,461800857
120,RI,INV126270,04/30/2024,B04060002745,1433.72,.00,406026,406000026
120,RI,INV126273,04/30/2024,- None -,1102.00,.00,164371,755001991
120,RI,INV126276,04/30/2024,56506493,613.13,.00,432019,432053000
120,RI,INV126280,04/30/2024,- None -,1410.03,.00,164369,755000382
120,RI,INV126289,04/30/2024,B07400017453,483.60,.00,358401,740000137
120,RI,INV126291,04/30/2024,B04050002997,1305.03,.00,406125,405000023
120,RI,INV126296,04/30/2024,B04610048056,1561.92,.00,262755,461021054
120,RI,INV126300,04/30/2024,B08010050991,377.74,.00,282718,801005004
120,RI,INV126301,04/30/2024,B08010051136,1144.00,.00,282718,801005004
120,RI,INV126319,04/30/2024,B07400017434,307.83,.00,413154,740000093
120,RI,INV126320,04/30/2024,B04610048049,1500.83,.00,461130,461021030
120,RI,INV126328,04/30/2024,4503663158,20.54,.00,944645,426001060
120,RI,INV126330,04/30/2024,B01480002472.2D12594901,266.27,.00,148004,148000004
120,RI,INV126333,04/30/2024,4503667082,51.90,.00,944645,426001060
120,RI,INV126343,04/30/2024,4503667005,1031.84,.00,944645,426001060
120,RI,INV126350,04/30/2024,0040,87.10,.00,499301,295000040
120,RI,INV126362,04/30/2024,ok,856.36,.00,755001,755310568
120,RI,INV126363,04/30/2024,B07400017318,42.35,.00,775193,740000232
120,RI,INV126366,04/30/2024,B07400017440,103.44,.00,350086,740100001
120,RI,INV126367,04/30/2024,B07400017445,316.09,.00,350086,740100001
120,RI,INV126370,04/30/2024,3283662,301.38,.00,755002,755310569
120,RI,INV126381,04/30/2024,B07400017464,788.35,.00,775193,740000232
120,RI,INV126382,04/30/2024,B07400017467,66.73,.00,775193,740000232
120,RI,INV126390,04/30/2024,Food Store Room,1331.73,.00,755003,755310570
120,RI,INV126400,04/30/2024,120120120,45.30,.00,814703,740000003
120,RI,INV126405,04/30/2024,B04610047985,1357.61,.00,914103,461021117
120,RI,INV126434,04/30/2024,JOHN MARKS,237.06,.00,194661,461294661
120,RI,INV126436,04/30/2024,PAPER16,762.05,.00,406001,406000001
120,RI,INV126437,04/30/2024,PAPER14,32.33,.00,406001,406000001
120,RI,INV126438,04/30/2024,PAPER15,38.76,.00,406001,406000001
120,RI,INV126442,04/30/2024,RICH CALLHAN,784.51,.00,461012,461149525
120,RI,INV126447,04/30/2024,PARTS TOWN,338.05,.00,461702,461018702
120,RI,INV126476,04/30/2024,JOHN BOOS,262.56,.00,632333,461017112
120,RI,INV126491,04/30/2024,16105,245.10,.00,920011,
120,RI,INV126493,04/30/2024,42100171,450.00,.00,920021,092000014
120,RI,INV126501,04/30/2024,FEDEX,71.40,.00,716507,461019406
120,RI,INV126506,04/30/2024,fedex,45.98,.00,461003,461019064
120,RI,INV126511,04/30/2024,N BRUNSWICK,397.14,.00,406003,406000005
120,RI,INV126512,04/30/2024,WILL CALL,539.34,.00,461601,461020601
120,RI,INV126518,04/30/2024,- None -,60.90,.00,461053,
120,RI,INV126528,04/30/2024,547261,70373.73,.00,920009,92000009
120,RI,INV126531,04/30/2024,16153,57740.35,.00,920011,
120,RI,INV126532,04/30/2024,90859,34503.40,.00,920009,92000009
120,RI,INV126533,04/30/2024,91200,13261.53,.00,920009,92000009
120,RI,INV126543,04/30/2024,56512210,1762.99,.00,449402,
120,RI,INV126548,04/30/2024,56512422,267.71,.00,449302,449352802
120,RI,INV126549,04/30/2024,B04610048079,1060.12,.00,272617,461023666
120,RI,INV126552,04/30/2024,56522906,7034.55,.00,449010,449010000
120,RI,INV126555,04/30/2024,B04610048086,1207.31,.00,272618,461023602
120,RI,INV126558,04/30/2024,B04610048085,799.41,.00,765955,461023327
120,RI,INV126560,04/30/2024,B04610048074,889.36,.00,461004,461023502
120,RI,INV126561,04/30/2024,B04610048096,479.38,.00,367089,461367089
120,RI,INV126589,04/30/2024,B04610048103,728.57,.00,772617,461772617
120,RI,INV126597,04/30/2024,B04610048092,822.04,.00,367090,461022901
120,RI,INV126598,04/30/2024,B04610048088,471.67,.00,461834,461023834
120,RI,INV126608,04/30/2024,DIETARY,416.16,.00,545101,784000656
120,RI,INV125648,05/01/2024,3282858,302.64,.00,692753,
120,RI,INV126623,05/01/2024,- None -,1579.53,.00,773527,755310566
120,RI,INV126631,05/01/2024,56526388,311.85,.00,552041,438020262
120,RI,INV126635,05/01/2024,56526572,195.15,.00,552041,438020262
120,RI,INV126638,05/01/2024,3510,909.14,.00,499301,295003510
120,RI,INV126640,05/01/2024,B02950002567,48.21,.00,499301,295000047
120,RI,INV126654,05/01/2024,0047,253.78,.00,499301,295000047
120,RI,INV126658,05/01/2024,B02950002601,36.64,.00,499301,295000047
120,RI,INV126661,05/01/2024,B07400017488,541.55,.00,367128,740000055
120,RI,INV126673,05/01/2024,6416,673.73,.00,499301,295006416
120,RI,INV126678,05/01/2024,56526818,1749.21,.00,736438,438032093
120,RI,INV126679,05/01/2024,SO10045305,1344.06,.00,716320,755000837
120,RI,INV126703,05/01/2024,SO10045954,990.41,.00,737285,
120,RI,INV126704,05/01/2024,O0002052387,434.82,.00,766236,755000749
120,RI,INV126706,05/01/2024,B07550001450,266.21,.00,761100,755000785
120,RI,INV126709,05/01/2024,B07550001440,767.32,.00,766236,755000749
120,RI,INV126710,05/01/2024,SO10045959,151.80,.00,737285,
120,RI,INV126711,05/01/2024,SO10045682,1056.66,.00,397700,755000775
120,RI,INV126712,05/01/2024,B07550001445,753.55,.00,761100,755000785
120,RI,INV126718,05/01/2024,B07550001451,52.65,.00,761100,755000785
120,RI,INV126719,05/01/2024,- None -,2094.40,.00,771562,755310567
120,RI,INV126721,05/01/2024,B08010048541,617.19,.00,801554,801203554
120,RI,INV126722,05/01/2024,3184977,3.09,.00,593725,755310005
120,RI,INV126723,05/01/2024,3190356,15.45,.00,593725,755310005
120,RI,INV126724,05/01/2024,1111,3.09,.00,593725,
120,RI,INV126725,05/01/2024,3218450,18.54,.00,593725,755310005
120,RI,INV126726,05/01/2024,3266504,6.18,.00,593725,755310005
120,RI,INV126730,05/01/2024,3285098,60.95,.00,593725,755310005
120,RI,INV126734,05/01/2024,3289377,155.85,.00,593725,755310005
120,RI,INV126736,05/01/2024,062873,718.80,.00,694009,694000009
120,RI,INV126749,05/01/2024,56394588,703.80,.00,441860,440061860
120,RI,INV126751,05/01/2024,B02950002600,2886.00,.00,499301,295000057
120,RI,INV126753,05/01/2024,56501510,351.90,.00,441860,440061860
120,RI,INV126756,05/01/2024,B04610048090,940.10,.00,862385,461022033
120,RI,INV126763,05/01/2024,3036  B02950002511,344.41,.00,499301,295003036
120,RI,INV126771,05/01/2024,B04610047431,151.06,.00,739889,461022601
120,RI,INV126789,05/01/2024,B04610048030,2937.33,.00,739889,461022601
120,RI,INV126790,05/01/2024,062887,286.05,.00,694007,694000007
120,RI,INV126796,05/01/2024,B02950002604,367.07,.00,499301,295003036
120,RI,INV126801,05/01/2024,- None -,196.05,.00,958980,461022192
120,RI,INV126803,05/01/2024,B02950002599,1169.92,.00,499301,295007042
120,RI,INV126805,05/01/2024,B04610048111,2371.64,.00,407303,461022153
120,RI,INV126806,05/01/2024,56522060,410.90,.00,441860,440061860
120,RI,INV126809,05/01/2024,062895,2601.02,.00,694005,694000005
120,RI,INV126813,05/01/2024,B02950002603,496.13,.00,499301,295003095
120,RI,INV126834,05/01/2024,B07400017490,473.25,.00,358401,740000137
120,RI,INV126839,05/01/2024,SO10043195,39.79,.00,820120,755000836
120,RI,INV126841,05/01/2024,NATS0000026288,88.38,.00,278496,572020003
120,RI,INV126843,05/01/2024,NATS0000026651,179.85,.00,278496,572020003
120,RI,INV126844,05/01/2024,NATS0000026756,51.95,.00,278496,572020003
120,RI,INV126853,05/01/2024,NATS0000026747,940.10,.00,278496,572020003
120,RI,INV126855,05/01/2024,NATS0000026782,642.56,.00,278496,572020003
120,RI,INV126859,05/01/2024,NATS0000026776,398.10,.00,278496,572020003
120,RI,INV126860,05/01/2024,NATS0000026768,410.18,.00,278496,572020003
120,RI,INV126868,05/01/2024,NATS0000026876,649.77,.00,278496,572020003
120,RI,INV126870,05/01/2024,NATS0000026868,305.28,.00,278496,572020003
120,RI,INV126876,05/01/2024,NATS0000026862,2026.78,.00,278496,572020003
120,RI,INV126877,05/01/2024,SO10045906,1170.09,.00,820099,
120,RI,INV126878,05/01/2024,NATS000002695,189.83,.00,278496,572020003
120,RI,INV126880,05/01/2024,10045752,122.71,.00,835200,740000152
120,RI,INV126888,05/01/2024,SO10045657,764.76,.00,820120,755000836
120,RI,INV126896,05/01/2024,56530238,3764.40,.00,702126,434005246
120,RI,INV126903,05/01/2024,DIETARY 3247865,80.08,.00,562931,
120,RI,INV126905,05/01/2024,56473139,41.95,.00,432010,432053012
120,RI,INV126909,05/01/2024,3285492,237.88,.00,562931,
120,RI,INV126911,05/01/2024,DIETARY,98.68,.00,470015,
120,RI,INV126924,05/01/2024,Laundry,462.19,.00,562931,
120,RI,INV126930,05/01/2024,Housekeeping,268.61,.00,562931,
120,RI,INV126938,05/01/2024,3288360,920.20,.00,470015,
120,RI,INV126940,05/01/2024,56522428,120.13,.00,432109,432153009
120,RI,INV126941,05/01/2024,Laundry/Debbie,1712.37,.00,766201,
120,RI,INV126948,05/01/2024,B04610048102,961.26,.00,739888,461739888
120,RI,INV126956,05/01/2024,Housekeeping/Debbie,3531.15,.00,766201,
120,RI,INV126957,05/01/2024,3288316,519.03,.00,470015,
120,RI,INV126961,05/01/2024,56528964,147.98,.00,432109,432153009
120,RI,INV126966,05/01/2024,B02950002602,1849.14,.00,499301,295003395
120,RI,INV126969,05/01/2024,B07550001453,635.44,.00,994262,755310573
120,RI,INV126982,05/01/2024,56522428,3147.98,.00,432109,432153009
120,RI,INV126989,05/01/2024,CENTRAL SUPPLY,486.76,.00,583410,
120,RI,INV126991,05/01/2024,MAINTENANCE  RAY WOOLSON,384.89,.00,583410,527001388
120,RI,INV126992,05/01/2024,DIETARY,187.41,.00,583410,
120,RI,INV126994,05/01/2024,HOUSEKEEPING,4394.63,.00,583410,
120,RI,INV126996,05/01/2024,3289457,471.40,.00,583410,
120,RI,INV126997,05/01/2024,DIETARY 3259439,14.20,.00,583410,
120,RI,INV126999,05/01/2024,3289521,308.52,.00,583410,
120,RI,INV127001,05/01/2024,56526448,269.44,.00,432016,432053006
120,RI,INV127002,05/01/2024,56522585,4579.93,.00,449936,449051936
120,RI,INV127004,05/01/2024,3289124,287.25,.00,583410,
120,RI,INV127006,05/01/2024,Laundry,2253.45,.00,583410,
120,RI,INV127015,05/01/2024,3269401,90.09,.00,546300,
120,RI,INV127023,05/01/2024,johnsone,48.85,.00,692753,
120,RI,INV127025,05/01/2024,Central Supply,73.27,.00,515700,527023439
120,RI,INV127026,05/01/2024,Laundry,1318.40,.00,692753,
120,RI,INV127028,05/01/2024,56527555,829.61,.00,432018,432153003
120,RI,INV127031,05/01/2024,56440501,33.86,.00,432018,432053003
120,RI,INV127034,05/01/2024,3286959,502.28,.00,546300,
120,RI,INV127035,05/01/2024,ORIOL05797,3079.43,.00,572757,572061757
120,RI,INV127036,05/01/2024,3287493,2357.51,.00,546300,
120,RI,INV127037,05/01/2024,ORIOL05759,213.48,.00,572757,572061757
120,RI,INV127040,05/01/2024,ORIOL05781,916.95,.00,572757,572061757
120,RI,INV127041,05/01/2024,B07400017494,340.00,.00,350086,740100001
120,RI,INV127042,05/01/2024,3289263,1181.82,.00,515700,527023439
120,RI,INV127045,05/01/2024,56525316,1178.98,.00,432017,432053001
120,RI,INV127048,05/01/2024,HOUSEKEEPING,3361.10,.00,692753,
120,RI,INV127049,05/01/2024,UNION,1798.80,.00,755003,755310570
120,RI,INV127050,05/01/2024,3289448,2291.87,.00,692753,
120,RI,INV127051,05/01/2024,HOUSEKEEPING,297.48,.00,692753,
120,RI,INV127052,05/01/2024,3283662,89.04,.00,755002,755310569
120,RI,INV127053,05/01/2024,B07400017481,839.63,.00,887489,740000268
120,RI,INV127054,05/01/2024,3286970,67.84,.00,546300,
120,RI,INV127055,05/01/2024,CENTRAL SUPPLY,1503.45,.00,546300,
120,RI,INV127058,05/01/2024,David,688.09,.00,755002,755310569
120,RI,INV127061,05/01/2024,B02950002605,369.18,.00,499301,295006480
120,RI,INV127069,05/01/2024,harbor,733.90,.00,755001,755310568
120,RI,INV127075,05/01/2024,DIETARY,80.65,.00,820100,
120,RI,INV127080,05/01/2024,DIETARY 3243258,66.85,.00,820100,
120,RI,INV127081,05/01/2024,kristina,23.50,.00,755004,755310571
120,RI,INV127082,05/01/2024,DIETARY,83.77,.00,820100,
120,RI,INV127093,05/01/2024,B01460013595.2D12837987,369.73,.00,146031,146000031
120,RI,INV127112,05/01/2024,Dietary,1266.00,.00,820100,
120,RI,INV127120,05/01/2024,kristina,1742.18,.00,755004,755310571
120,RI,INV127128,05/01/2024,56454063,703.20,.00,449056,449031056
120,RI,INV127132,05/01/2024,B04060002746,1361.49,.00,406014,406000012
120,RI,INV127136,05/01/2024,56526205,790.35,.00,792426,440026831
120,RI,INV127146,05/01/2024,56071027,150.69,.00,449162,449049162
120,RI,INV127149,05/01/2024,56461424,66.95,.00,432007,432053002
120,RI,INV127152,05/01/2024,B08010051281,1349.37,.00,192752,801310733
120,RI,INV127155,05/01/2024,56527546,74.90,.00,432007,432053002
120,RI,INV127164,05/01/2024,B04610047977,530.91,.00,461822,461132822
120,RI,INV127173,05/01/2024,B04610047969,1668.38,.00,461060,461144060
120,RI,INV127180,05/01/2024,CATERING SUPPLIES,4017.10,.00,309621,461132246
120,RI,INV127233,05/01/2024,B04610047979,89.92,.00,461805,461146805
120,RI,INV127238,05/01/2024,B04610048078,108.49,.00,461147,461015147
120,RI,INV127243,05/01/2024,B04610048007,170.11,.00,461147,461015147
120,RI,INV127244,05/01/2024,B04610048051,70.89,.00,92086,461145040
120,RI,INV127249,05/01/2024,B04610048106,110.48,.00,593652,461115205
120,RI,INV127269,05/01/2024,COREY HEDRICK,59.85,.00,920018,92000007
120,RI,INV127274,05/01/2024,CARLISLE,503.77,.00,278496,572020003
120,RI,INV127283,05/01/2024,B04610047973,669.04,.00,461122,461129122
120,RI,INV127284,05/01/2024,B04610048098,999.67,.00,461122,461129122
120,RI,INV127287,05/01/2024,56369438,305.21,.00,449618,449054618
120,RI,INV127289,05/01/2024,56393556,51.33,.00,449302,449352802
120,RI,INV127290,05/01/2024,B04610047833,42.76,.00,406314,461406314
120,RI,INV127299,05/01/2024,56313221,206.86,.00,449302,449352802
120,RI,INV127304,05/01/2024,B04610048118,1014.45,.00,461002,461023112
120,RI,INV127308,05/01/2024,56512422,234.92,.00,449302,449352802
120,RI,INV127309,05/01/2024,B01460013640.2D12837575,1750.08,.00,146041,146000041
120,RI,INV127315,05/01/2024,B04610048140,956.67,.00,461407,461022407
120,RI,INV127319,05/01/2024,B04610048124,1318.79,.00,406314,461406314
120,RI,INV127328,05/01/2024,B04610048153,2471.04,.00,461073,461024073
120,RI,INV127330,05/01/2024,56544868,13357.04,.00,449618,449054618
120,RI,INV127338,05/01/2024,B04610048155,1956.60,.00,367089,461367089
120,RI,INV127344,05/01/2024,B04610048134,473.83,.00,461834,461023834
120,RI,INV127349,05/02/2024,B07400017325,91.05,.00,548063,740000248
120,RI,INV127353,05/02/2024,B07400017468,88.26,.00,367128,740000055
120,RI,INV127354,05/02/2024,B07400017455,134.14,.00,548063,740000248
120,RI,INV127357,05/02/2024,B04060002747,778.21,.00,406008,406000017
120,RI,INV127358,05/02/2024,B04610048115,1948.08,.00,580102,461580102
120,RI,INV127359,05/02/2024,B04060002748,13.42,.00,406008,406000017
120,RI,INV127361,05/02/2024,B04610048110,799.43,.00,62139,461019462
120,RI,INV127363,05/02/2024,B07400017523,1355.29,.00,75096,740300054
120,RI,INV127366,05/02/2024,B07400017522,679.01,.00,367128,740000055
120,RI,INV127368,05/02/2024,00311342362,2181.96,.00,707655,707001655
120,RI,INV127370,05/02/2024,56553529,5326.29,.00,168564,438021022
120,RI,INV127375,05/02/2024,3122,1690.35,.00,499301,295003122
120,RI,INV127376,05/02/2024,B07400017518,1166.12,.00,634489,740000050
120,RI,INV127377,05/02/2024,B07400017502,525.73,.00,740276,740000276
120,RI,INV127379,05/02/2024,56547866,2736.06,.00,434001,434011464
120,RI,INV127386,05/02/2024,56543246,2066.00,.00,449621,449023621
120,RI,INV127388,05/02/2024,1020,454.22,.00,499301,295001020
120,RI,INV127389,05/02/2024,B07400017377,152.07,.00,252631,
120,RI,INV127390,05/02/2024,B07400017519,327.68,.00,548063,740000248
120,RI,INV127396,05/02/2024,B04060002750,687.86,.00,406005,406000009
120,RI,INV127407,05/02/2024,B07550001463,811.39,.00,737311,755000778
120,RI,INV127409,05/02/2024,SO10046920,1055.36,.00,820120,755000836
120,RI,INV127410,05/02/2024,56505699,146.85,.00,469246,438045949
120,RI,INV127412,05/02/2024,1901,234.32,.00,499301,295001901
120,RI,INV127414,05/02/2024,SO10046857,808.13,.00,244841,755000781
120,RI,INV127426,05/02/2024,56545682,1259.50,.00,469246,438045949
120,RI,INV127429,05/02/2024,SO10046567,671.91,.00,820120,755000836
120,RI,INV127431,05/02/2024,- None -,538.07,.00,294350,755000844
120,RI,INV127434,05/02/2024,- None -,666.42,.00,820126,
120,RI,INV127435,05/02/2024,SO10046584,1237.19,.00,820120,755000836
120,RI,INV127441,05/02/2024,56539261,2103.89,.00,441862,440161860
120,RI,INV127443,05/02/2024,B02950002600,391.37,.00,499301,295000057
120,RI,INV127454,05/02/2024,56551680,1004.40,.00,440995,440157995
120,RI,INV127458,05/02/2024,B08010050038,154.48,.00,801608,801910608
120,RI,INV127482,05/02/2024,B08010051267,421.81,.00,801608,801910608
120,RI,INV127491,05/02/2024,KENNARD ELEM,385.70,.00,582403,
120,RI,INV127502,05/02/2024,42924,1578.14,.00,755870,755310870
120,RI,INV127516,05/02/2024,B04610048122,2357.07,.00,461971,461019971
120,RI,INV127519,05/02/2024,B04610048105,1717.01,.00,262753,461019901
120,RI,INV127528,05/02/2024,B01460013398.2D12702530,1165.30,.00,146137,146000037
120,RI,INV127530,05/02/2024,2004,145.85,.00,499301,295002004
120,RI,INV127532,05/02/2024,4525242997,2393.50,.00,650979,091440600
120,RI,INV127535,05/02/2024,B04610048125,2915.63,.00,461014,461021014
120,RI,INV127537,05/02/2024,B04060002749,1101.59,.00,406007,406000018
120,RI,INV127538,05/02/2024,B04610047322,76.03,.00,461014,461021014
120,RI,INV127541,05/02/2024,56526855,170.38,.00,432012,432053004
120,RI,INV127545,05/02/2024,B04610048150,1046.10,.00,407303,461022153
120,RI,INV127548,05/02/2024,B04610048129,1121.52,.00,632334,461022315
120,RI,INV127550,05/02/2024,56547098,2051.02,.00,432012,432053004
120,RI,INV127551,05/02/2024,B01460013646.2D12702530,3260.79,.00,146137,146000037
120,RI,INV127558,05/02/2024,56548247,12817.21,.00,449162,449049162
120,RI,INV127563,05/02/2024,3291226,616.54,.00,470015,
120,RI,INV127568,05/02/2024,DIETARY,58.52,.00,470015,
120,RI,INV127569,05/02/2024,56547292,4250.29,.00,432010,432053012
120,RI,INV127570,05/02/2024,B04610048127,5330.33,.00,407300,461407300
120,RI,INV127583,05/02/2024,B07400017524,547.35,.00,574323,740000073
120,RI,INV127592,05/02/2024,B07400017505,540.39,.00,84001,740100217
120,RI,INV127593,05/02/2024,56543355,4586.27,.00,449460,
120,RI,INV127594,05/02/2024,56543585,33020.38,.00,449460,
120,RI,INV127598,05/02/2024,ALLANTE0422,84.74,.00,755736,755974736
120,RI,INV127602,05/02/2024,HOUSEKEEPING,1962.18,.00,546300,
120,RI,INV127603,05/02/2024,3269401,97.36,.00,546300,
120,RI,INV127604,05/02/2024,UNION,1347.80,.00,755003,755310570
120,RI,INV127608,05/02/2024,ALLANTE0420,138.86,.00,755736,755974736
120,RI,INV127610,05/02/2024,Laundry,1717.27,.00,546300,
120,RI,INV127615,05/02/2024,ALLANTE0501,749.98,.00,755736,755974736
120,RI,INV127635,05/02/2024,B04060002739,76.32,.00,406012,406000010
120,RI,INV127636,05/02/2024,B04060002723,15.85,.00,406012,406000010
120,RI,INV127637,05/02/2024,B07400017426,86.77,.00,986632,740000169
120,RI,INV127638,05/02/2024,B04060002742,249.92,.00,406012,406000010
120,RI,INV127640,05/02/2024,56542791,92.54,.00,432013,432053005
120,RI,INV127641,05/02/2024,B01460013630.2D12826261,14144.95,.00,146118,146000118
120,RI,INV127642,05/02/2024,B01460013632.2D12826261,399.50,.00,146118,146000118
120,RI,INV127646,05/02/2024,56548167,711.63,.00,432013,432053005
120,RI,INV127648,05/02/2024,B07400017506,1745.52,.00,789511,740000126
120,RI,INV127649,05/02/2024,B04610048146,1967.18,.00,461803,461019803
120,RI,INV127650,05/02/2024,B04060002751,1293.69,.00,406012,406000010
120,RI,INV127666,05/02/2024,3284961,2149.45,.00,316040,631001736
120,RI,INV127669,05/02/2024,DCUNI06751,270.04,.00,108003,572036578
120,RI,INV127670,05/02/2024,nats0000026845,398.10,.00,278496,572020003
120,RI,INV127672,05/02/2024,NATS0000026854,902.82,.00,278496,572020003
120,RI,INV127674,05/02/2024,nats0000026851,321.60,.00,278496,572020003
120,RI,INV127675,05/02/2024,55680324,715.68,.00,552041,438020262
120,RI,INV127677,05/02/2024,DCUNI07068,2218.97,.00,108003,572036578
120,RI,INV127678,05/02/2024,dcuni07104,629.76,.00,108003,572036578
120,RI,INV127679,05/02/2024,DCUN07093,3376.50,.00,108003,572036578
120,RI,INV127680,05/02/2024,DCUNI07068,692.92,.00,108003,572036578
120,RI,INV127681,05/02/2024,NATS0000026952,4306.94,.00,278496,572020003
120,RI,INV127682,05/02/2024,NATS0000026831,253.83,.00,278496,572020003
120,RI,INV127684,05/02/2024,DCUNI07116,692.92,.00,108003,572036578
120,RI,INV127685,05/02/2024,NATS0000026955,2991.80,.00,278496,572020003
120,RI,INV127687,05/02/2024,Costica,1114.09,.00,421513,40000208
120,RI,INV127689,05/02/2024,B02950002608,3255.93,.00,499301,295003023
120,RI,INV127694,05/02/2024,56203393,150.69,.00,449956,449000956
120,RI,INV127695,05/02/2024,EASTON ELEMENTARY,824.63,.00,755612,
120,RI,INV127696,05/02/2024,GRASONVILLE ELEM,382.69,.00,582403,
120,RI,INV127698,05/02/2024,10037193,223.82,.00,755824,755310824
120,RI,INV127699,05/02/2024,430,472.24,.00,572645,572052645
120,RI,INV127702,05/02/2024,EASTON HS,991.72,.00,755612,
120,RI,INV127706,05/02/2024,B01480002522.2D12495308,973.08,.00,148039,148000039
120,RI,INV127708,05/02/2024,56543330,7325.51,.00,449956,449000956
120,RI,INV127713,05/02/2024,B04610048157,2641.67,.00,461801,461021801
120,RI,INV127714,05/02/2024,56547875,2100.20,.00,432011,432052999
120,RI,INV127720,05/02/2024,3291146,269.57,.00,562931,
120,RI,INV127721,05/02/2024,DIETARY 3238850,51.15,.00,562931,
120,RI,INV127722,05/02/2024,56452918,781.01,.00,449441,449054441
120,RI,INV127726,05/02/2024,3291631,97.82,.00,562931,
120,RI,INV127729,05/02/2024,B07550001460,233.67,.00,994262,755310573
120,RI,INV127733,05/02/2024,dietary  thank you,3551.18,.00,766201,527062185
120,RI,INV127735,05/02/2024,Housekeeping/Debbie,323.93,.00,766201,
120,RI,INV127737,05/02/2024,Laundry,125.15,.00,661995,
120,RI,INV127739,05/02/2024,3289124,58.52,.00,583410,
120,RI,INV127742,05/02/2024,DIETARY,176.80,.00,583410,
120,RI,INV127746,05/02/2024,B04610048144,2499.82,.00,461204,461021204
120,RI,INV127753,05/02/2024,56545724,81.92,.00,432008,432053008
120,RI,INV127759,05/02/2024,3289457,21.20,.00,583410,
120,RI,INV127760,05/02/2024,B07400017526,365.59,.00,775193,740000232
120,RI,INV127762,05/02/2024,Laundry,375.44,.00,583410,
120,RI,INV127772,05/02/2024,56522585,2929.28,.00,449936,449051936
120,RI,INV127774,05/02/2024,B08010051361,6499.45,.00,282718,801005004
120,RI,INV127776,05/02/2024,B07400017508,428.59,.00,413154,740000093
120,RI,INV127779,05/02/2024,CENTRAL SUPPLY,290.39,.00,661995,
120,RI,INV127780,05/02/2024,Central Supply,1443.94,.00,661995,
120,RI,INV127781,05/02/2024,KITCHEN,109.02,.00,620203,40000163
120,RI,INV127784,05/02/2024,Laundry,375.44,.00,692753,
120,RI,INV127787,05/02/2024,HOUSEKEEPING,1851.70,.00,661995,
120,RI,INV127790,05/02/2024,Laundry,1440.92,.00,661995,
120,RI,INV127799,05/02/2024,KITCHEN,401.93,.00,620203,40000163
120,RI,INV127800,05/02/2024,56472740,45.60,.00,449282,447049282
120,RI,INV127808,05/02/2024,housekeeping  3239998,133.08,.00,820100,
120,RI,INV127824,05/02/2024,- None -,344.78,.00,755661,755310661
120,RI,INV127845,05/02/2024,SLADE SCHOOL,2175.48,.00,245176,
120,RI,INV127847,05/02/2024,B04610048158,1399.95,.00,461157,461021157
120,RI,INV127851,05/02/2024,HOUSEKEEPING,1719.02,.00,426644,
120,RI,INV127858,05/02/2024,DIetary,239.31,.00,820100,
120,RI,INV127861,05/02/2024,- None -,783.65,.00,164370,755001990
120,RI,INV127863,05/02/2024,B07400017528,534.33,.00,948085,740000143
120,RI,INV127877,05/02/2024,B02950002609,2935.71,.00,499301,295003130
120,RI,INV127889,05/02/2024,B02950002606,933.94,.00,499301,295003750
120,RI,INV127897,05/02/2024,505020000166160,71.36,.00,430016,43000016
120,RI,INV127898,05/02/2024,DIETARY 3259439,358.81,.00,583410,
120,RI,INV127900,05/02/2024,- None -,12418.81,.00,620203,40000163
120,RI,INV127920,05/02/2024,ALLPOINTS,750.38,.00,391067,461137129
120,RI,INV127921,05/02/2024,ALLPOINTS,26.59,.00,461122,461129122
120,RI,INV127946,05/02/2024,B04610048117,79.68,.00,461147,461015147
120,RI,INV127947,05/02/2024,B04610048121,96.44,.00,593651,461144715
120,RI,INV127949,05/02/2024,B04610048034,546.21,.00,391067,461137129
120,RI,INV127950,05/02/2024,56452724,85.54,.00,33047,438044177
120,RI,INV127953,05/02/2024,Speed Rack,639.98,.00,739890,461144129
120,RI,INV127954,05/02/2024,B04610048165,304.50,.00,461012,461149525
120,RI,INV127960,05/02/2024,00311342362,172.71,.00,707655,707001655
120,RI,INV127962,05/02/2024,B04610047979,14.50,.00,461805,461146805
120,RI,INV127981,05/02/2024,04102024,47.75,.00,801002,801311061
120,RI,INV127982,05/02/2024,04242024,9.55,.00,801002,801311061
120,RI,INV127989,05/02/2024,56391010,687.40,.00,449010,449010000
120,RI,INV127993,05/02/2024,B04610048164,643.81,.00,272617,461023666
120,RI,INV128000,05/02/2024,B07400017530,371.42,.00,672881,740000112
120,RI,INV128002,05/02/2024,56545840,822.12,.00,449026,449000026
120,RI,INV128006,05/02/2024,B04610048176,421.25,.00,367089,461367089
120,RI,INV128014,05/02/2024,Event 05/08,162.78,.00,367089,461367089
120,RI,INV128019,05/02/2024,B04610048178,1118.18,.00,367090,461022901
120,RI,INV128020,05/02/2024,B04610048194,479.69,.00,272618,461023602
120,RI,INV128025,05/02/2024,B04610048174,568.38,.00,461004,461023502
120,RI,INV128027,05/02/2024,B04610048206,60.60,.00,765955,461023327
120,RI,INV128031,05/02/2024,B04610048177,71.60,.00,367089,461367089
120,RI,INV128032,05/02/2024,B04610048181,1303.70,.00,772617,461772617
120,RI,INV128033,05/02/2024,56566227,1887.97,.00,449010,449010000
120,RI,INV128041,05/02/2024,Event 05/08,108.52,.00,366744,461023113
120,RI,INV128045,05/02/2024,B04610048204,524.89,.00,461834,461023834
120,RI,INV128054,05/02/2024,3294333,791.22,.00,646053,323393940
120,RI,INV128057,05/02/2024,Event 05/08,852.44,.00,461002,461023112
120,RI,INV128060,05/02/2024,B04610048205,2264.49,.00,765955,461023327
120,RI,INV128062,05/02/2024,B04610048222,1026.27,.00,366744,461023113
120,RI,INV128063,05/02/2024,B04610048147,1090.82,.00,62140,461018974
120,RI,INV128064,05/02/2024,B04610048162,1998.87,.00,716507,461019406
120,RI,INV128065,05/02/2024,B04610048200,997.43,.00,461691,461008691
120,RI,INV128066,05/02/2024,B04610048180,1526.21,.00,461053,461008053
120,RI,INV128067,05/02/2024,B04610048202,1103.54,.00,461003,461019064
120,RI,INV128068,05/02/2024,B04610048208,2191.73,.00,101889,461008096
120,RI,INV128069,05/02/2024,B04610048186,910.94,.00,461030,461019030
120,RI,INV150329,05/02/2024,56544497,3176.19,.00,449919,449044919
120,RI,INV128070,05/03/2024,B08010050080,34.46,.00,918024,801001150
120,RI,INV128072,05/03/2024,B08010051087,97.11,.00,918024,801001150
120,RI,INV128075,05/03/2024,56548069,765.57,.00,449903,449044903
120,RI,INV128076,05/03/2024,B08010051396,1870.89,.00,918024,801001150
120,RI,INV128078,05/03/2024,B04610048216,1140.01,.00,461011,461017011
120,RI,INV128079,05/03/2024,B04610048215,2357.77,.00,812120,461812120
120,RI,INV128080,05/03/2024,B04610048182,2072.97,.00,461701,461017601
120,RI,INV128099,05/03/2024,- None -,788.02,.00,656100,755310438
120,RI,INV128102,05/03/2024,56053318,92.83,.00,331000,438022221
120,RI,INV128104,05/03/2024,56412013,538.26,.00,736438,438032093
120,RI,INV128118,05/03/2024,062879,164.70,.00,694014,694000014
120,RI,INV128120,05/03/2024,B07400017453,183.80,.00,358401,740000137
120,RI,INV128126,05/03/2024,1040,234.72,.00,499301,295001040
120,RI,INV128140,05/03/2024,B04610048229,1602.20,.00,328321,461328321
120,RI,INV128141,05/03/2024,62693,276.20,.00,781001,
120,RI,INV128145,05/03/2024,56570796,905.00,.00,168564,438021022
120,RI,INV128146,05/03/2024,56572377,1301.96,.00,736438,438032093
120,RI,INV128150,05/03/2024,062953,1614.72,.00,694010,694000010
120,RI,INV128153,05/03/2024,B04610048185,900.00,.00,862385,461022033
120,RI,INV128164,05/03/2024,B07400017537,969.98,.00,358401,740000137
120,RI,INV128174,05/03/2024,062957,1395.36,.00,694015,694000015
120,RI,INV128183,05/03/2024,3294593,217.27,.00,593725,755310005
120,RI,INV128189,05/03/2024,062960,3586.82,.00,694005,694000005
120,RI,INV128191,05/03/2024,B04610048209,814.48,.00,958980,461022192
120,RI,INV128193,05/03/2024,062954,2173.33,.00,694007,694000007
120,RI,INV128196,05/03/2024,62970,72.20,.00,781001,
120,RI,INV128199,05/03/2024,B04610048232,1606.17,.00,309254,461020852
120,RI,INV128205,05/03/2024,56570698,64.35,.00,552041,438020262
120,RI,INV128206,05/03/2024,56336647,386.98,.00,449921,449044921
120,RI,INV128207,05/03/2024,NATS0000026618,153.40,.00,278496,572020003
120,RI,INV128209,05/03/2024,NATS0000026651,210.40,.00,278496,572020003
120,RI,INV128212,05/03/2024,NATS0000026747,526.00,.00,278496,572020003
120,RI,INV128214,05/03/2024,B04610048233,901.79,.00,955264,461018052
120,RI,INV128215,05/03/2024,B04610048163,502.82,.00,509001,461509001
120,RI,INV128216,05/03/2024,55682738,193.49,.00,449921,449044921
120,RI,INV128217,05/03/2024,B02950002610,575.74,.00,499301,295001904
120,RI,INV128218,05/03/2024,NATS0000026809,4689.98,.00,278496,572020003
120,RI,INV128219,05/03/2024,B04610048238,1888.07,.00,632333,461017112
120,RI,INV128220,05/03/2024,56572070,333.80,.00,552041,438020262
120,RI,INV128221,05/03/2024,NATS0000027014,59.86,.00,278496,572020003
120,RI,INV128222,05/03/2024,nats0000026851,263.00,.00,278496,572020003
120,RI,INV128223,05/03/2024,DCUNI07139,524.09,.00,108003,572036578
120,RI,INV128227,05/03/2024,41800857,659.23,.00,953724,092000002
120,RI,INV128229,05/03/2024,NATS0000025680,1956.00,.00,278496,572020003
120,RI,INV128231,05/03/2024,56570630,200.70,.00,552041,438020262
120,RI,INV128233,05/03/2024,B04610048211,912.27,.00,461702,461018702
120,RI,INV128236,05/03/2024,3122,58.37,.00,499301,295003122
120,RI,INV128237,05/03/2024,56535631,17.94,.00,440995,440157995
120,RI,INV128238,05/03/2024,B02950002601,91.90,.00,499301,295000047
120,RI,INV128239,05/03/2024,56566414,812.12,.00,571300,438022241
120,RI,INV128240,05/03/2024,1030,870.80,.00,499301,295001030
120,RI,INV128242,05/03/2024,B02950002607,1383.27,.00,499301,295003035
120,RI,INV128246,05/03/2024,84AJP00029454,440.79,.00,524390,41040051
120,RI,INV128250,05/03/2024,B04610048131,1323.91,.00,765956,461020155
120,RI,INV128258,05/03/2024,B04610048227,91.65,.00,461171,461020171
120,RI,INV128262,05/03/2024,B04610048224,23.40,.00,765956,461020155
120,RI,INV128267,05/03/2024,B04610048199,1197.32,.00,461171,461020171
120,RI,INV128268,05/03/2024,B04610048220,1260.62,.00,633233,461020165
120,RI,INV128270,05/03/2024,56573583,737.02,.00,441860,440061860
120,RI,INV128277,05/03/2024,4503665239,387.60,.00,944645,426001060
120,RI,INV128279,05/03/2024,Central Supply,241.34,.00,515700,527023439
120,RI,INV128285,05/03/2024,4503659482,80.64,.00,944645,426001060
120,RI,INV128288,05/03/2024,4503667191,290.70,.00,944645,426001060
120,RI,INV128292,05/03/2024,ORIOL05644,198.32,.00,572757,572061757
120,RI,INV128293,05/03/2024,ORIOL05629,106.74,.00,572757,572061757
120,RI,INV128308,05/03/2024,3283662,99.90,.00,755002,755310569
120,RI,INV128311,05/03/2024,56552466,3954.07,.00,432018,432053003
120,RI,INV128315,05/03/2024,Central Supply,362.02,.00,515700,527023439
120,RI,INV128323,05/03/2024,B02950002612,324.97,.00,499301,295003130
120,RI,INV128332,05/03/2024,B07400017538,2909.92,.00,212200,740000094
120,RI,INV128340,05/03/2024,56565918,964.45,.00,432018,432053003
120,RI,INV128342,05/03/2024,B07400017541,147.45,.00,350086,740100001
120,RI,INV128347,05/03/2024,B04610048217,2426.33,.00,914102,461021740
120,RI,INV128350,05/03/2024,B04610048221,1504.48,.00,461074,461021704
120,RI,INV128357,05/03/2024,David,1214.94,.00,755002,755310569
120,RI,INV128358,05/03/2024,housekeeping,988.23,.00,515700,527023439
120,RI,INV128372,05/03/2024,B07550001471,295.53,.00,716030,
120,RI,INV128376,05/03/2024,SO10047293,809.48,.00,820120,755000836
120,RI,INV128379,05/03/2024,HOUSEKEEPING,3671.16,.00,801650,801910650
120,RI,INV128388,05/03/2024,HOUSEKEEPING,384.22,.00,661995,
120,RI,INV128394,05/03/2024,3295229,394.71,.00,661995,
120,RI,INV128398,05/03/2024,56569723,626.18,.00,432016,432053006
120,RI,INV128401,05/03/2024,3295251,57.45,.00,661995,
120,RI,INV128403,05/03/2024,3273268,422.35,.00,583410,
120,RI,INV128404,05/03/2024,B04610047887,29.68,.00,461130,461021030
120,RI,INV128406,05/03/2024,DIETARY 3271523,179.41,.00,661995,
120,RI,INV128409,05/03/2024,3282188,179.41,.00,661995,
120,RI,INV128413,05/03/2024,HOUSEKEEPING,182.79,.00,583410,
120,RI,INV128416,05/03/2024,56548247,396.14,.00,449162,449049162
120,RI,INV128421,05/03/2024,B07400017535,321.25,.00,413154,740000093
120,RI,INV128422,05/03/2024,3289124,603.36,.00,583410,
120,RI,INV128427,05/03/2024,56568430,461.67,.00,432007,432053002
120,RI,INV128430,05/03/2024,56568337,1589.66,.00,432007,432053002
120,RI,INV128434,05/03/2024,B04610048225,1255.10,.00,461130,461021030
120,RI,INV128442,05/03/2024,B04610048173,1698.62,.00,262755,461021054
120,RI,INV128454,05/03/2024,B07550001470,495.76,.00,994262,755310573
120,RI,INV128463,05/03/2024,56547098,297.66,.00,432012,432053004
120,RI,INV128471,05/03/2024,B04610048219,1740.54,.00,326180,461326180
120,RI,INV128472,05/03/2024,kristina,1469.08,.00,755004,755310571
120,RI,INV128473,05/03/2024,B04610048228,1440.11,.00,407301,461021042
120,RI,INV128478,05/03/2024,- None -,3863.24,.00,755004,755310571
120,RI,INV128485,05/03/2024,B07400017457,243.13,.00,867549,740000183
120,RI,INV128486,05/03/2024,B04610048073,33.45,.00,800857,461800857
120,RI,INV128490,05/03/2024,B04610048179,926.00,.00,545313,461545313
120,RI,INV128491,05/03/2024,B04610048061,1718.07,.00,461601,461020601
120,RI,INV128503,05/03/2024,B04610048192,762.63,.00,309253,461309253
120,RI,INV128504,05/03/2024,B04610048226,1244.57,.00,800857,461800857
120,RI,INV128509,05/03/2024,56570584,568.59,.00,432019,432053000
120,RI,INV128511,05/03/2024,56561124,92.65,.00,432017,432053001
120,RI,INV128512,05/03/2024,3289448,404.89,.00,692753,
120,RI,INV128513,05/03/2024,johnsone,362.02,.00,692753,
120,RI,INV128514,05/03/2024,56560979,1430.93,.00,432017,432053001
120,RI,INV128515,05/03/2024,CENTRAL SUPPLY,809.48,.00,473055,
120,RI,INV128517,05/03/2024,CENTRAL SUPPLY,724.02,.00,473055,
120,RI,INV128520,05/03/2024,DIETARY,1425.40,.00,473055,
120,RI,INV128522,05/03/2024,3293737,417.22,.00,692753,
120,RI,INV128524,05/03/2024,HOUSEKEEPING,4732.55,.00,473055,
120,RI,INV128528,05/03/2024,CENTRAL SUPPLY,2240.31,.00,473055,
120,RI,INV128529,05/03/2024,Laundry,3132.38,.00,473055,
120,RI,INV128531,05/03/2024,HOUSEKEEPING,704.26,.00,692753,
120,RI,INV128537,05/03/2024,B02950002543,512.14,.00,499301,295001400
120,RI,INV128542,05/03/2024,56574061,754.20,.00,469246,438045949
120,RI,INV128544,05/03/2024,- None -,1162.00,.00,773527,755310566
120,RI,INV128554,05/03/2024,- None -,2226.18,.00,773527,755310566
120,RI,INV128556,05/03/2024,B07550001469,1062.72,.00,234100,755000786
120,RI,INV128561,05/03/2024,eugenia,70.97,.00,979400,41040047
120,RI,INV128566,05/03/2024,EUGENIA,624.63,.00,979400,041040047
120,RI,INV128572,05/03/2024,B04610048145,1825.64,.00,461874,461020874
120,RI,INV128592,05/03/2024,DIETARY,931.48,.00,426644,
120,RI,INV128594,05/03/2024,B01460013595.2D12837987,289.77,.00,146031,146000031
120,RI,INV128596,05/03/2024,B04610048223,1281.50,.00,556807,461556807
120,RI,INV128598,05/03/2024,B04610048191,1574.64,.00,194660,461194660
120,RI,INV128600,05/03/2024,CENTRAL SUPPLY,120.67,.00,470015,
120,RI,INV128602,05/03/2024,DIETARY,120.68,.00,470015,
120,RI,INV128604,05/03/2024,B04610048218,130.70,.00,406315,461406315
120,RI,INV128605,05/03/2024,CENTRAL SUPPLY,192.00,.00,470015,
120,RI,INV128611,05/03/2024,B04610048212,1253.64,.00,406315,461406315
120,RI,INV128614,05/03/2024,B04610048183,1592.35,.00,739888,461739888
120,RI,INV128638,05/03/2024,B04610048198,1150.38,.00,914103,461021117


120,RI,INV128643,05/03/2024,B07400017546,767.99,.00,593482,740000045
120,RI,INV128644,05/03/2024,62109,1857.35,.00,781001,
120,RI,INV128659,05/03/2024,SAVAGE STEAKS,110.21,.00,461206,461112206
120,RI,INV128660,05/03/2024,Courier,195.49,.00,461204,461021204
120,RI,INV128662,05/03/2024,62973,651.11,.00,781001,
120,RI,INV128672,05/03/2024,503,127.10,.00,572645,572052645
120,RI,INV128681,05/03/2024,12818,1491.04,.00,920012,
120,RI,INV128683,05/03/2024,WILL CALL,320.25,.00,461014,461021014
120,RI,INV128696,05/03/2024,10042,249.28,.00,953724,92000002
120,RI,INV128707,05/03/2024,KOALA,30.26,.00,765956,461020155
120,RI,INV128708,05/03/2024,Newton,370.74,.00,620203,40000163
120,RI,INV128715,05/03/2024,B&W LABELS,1602.33,.00,572757,572061757
120,RI,INV128723,05/03/2024,fedex sat,236.00,.00,461073,461024073
120,RI,INV128724,05/03/2024,fedex  quat,79.48,.00,461073,461024073
120,RI,INV128730,05/03/2024,B04610048133,154.09,.00,652927,461152927
120,RI,INV128734,05/03/2024,B04610047999,88.63,.00,545311,461545311
120,RI,INV128736,05/03/2024,502,127.10,.00,572645,572052645
120,RI,INV128745,05/03/2024,16378,29739.89,.00,920011,
120,RI,INV128753,05/03/2024,courier 2,168.00,.00,194660,461194660
120,RI,INV128761,05/03/2024,B07400017545,489.92,.00,470820,
120,RI,INV128762,05/03/2024,B08010051446,1110.47,.00,801959,801310959
120,RI,INV128765,05/03/2024,DIETARY,939.88,.00,324797,755000365
120,RI,INV128768,05/03/2024,56565897,6578.25,.00,449523,449000523
120,RI,INV128769,05/03/2024,B01480002449.2D12495296,.06,.00,148038,148000038
120,RI,INV128772,05/03/2024,56578644,15975.84,.00,449302,449352802
120,RI,INV128773,05/03/2024,B04610048258,127.70,.00,765955,461023327
120,RI,INV128776,05/03/2024,42776,15308.64,.00,765520,92000001
120,RI,INV128781,05/03/2024,B04610048252,528.73,.00,765955,461023327
120,RI,INV128782,05/03/2024,B04610048281,1037.26,.00,272617,461023666
120,RI,INV128785,05/03/2024,B04610048279,1436.39,.00,461004,461023502
120,RI,INV128786,05/03/2024,B04610048257,703.24,.00,272618,461023602
120,RI,INV128791,05/03/2024,B04610048273,1345.76,.00,772617,461772617
120,RI,INV128793,05/03/2024,B04610048247,1613.56,.00,366744,461023113
120,RI,INV128795,05/03/2024,B04610048265,694.22,.00,461834,461023834
120,RI,INV128801,05/03/2024,B04610048268,2022.41,.00,367089,461367089
120,RI,INV128804,05/03/2024,DIETARY,2729.71,.00,324797,755000365
120,RI,INV128806,05/03/2024,B04610048254,1698.84,.00,367090,461022901
120,RI,INV128808,05/03/2024,3297801,421.76,.00,646053,323393940
120,RI,INV128830,05/03/2024,B07400017544,273.55,.00,367128,740000055
120,RI,INV128836,05/03/2024,UNION,99.90,.00,755003,755310570
120,RI,INV128842,05/03/2024,56598532,1759.50,.00,441862,440161860
120,RI,INV128853,05/03/2024,1040,389.61,.00,499301,295001040
120,RI,INV128855,05/03/2024,56590967,592.17,.00,33047,438044177
120,RI,INV128860,05/03/2024,B07400017559,1262.50,.00,122832,740100058
120,RI,INV128864,05/03/2024,56588276,4092.43,.00,469246,438045949
120,RI,INV128866,05/03/2024,B07550001473,1205.35,.00,755869,755310869
120,RI,INV128868,05/03/2024,fill in,1196.94,.00,406315,461406315
120,RI,INV128869,05/03/2024,SO10048492,1767.00,.00,755005,755310572
120,RI,INV128872,05/03/2024,CATERING,1149.81,.00,755872,
120,RI,INV128873,05/03/2024,B07400017556,768.68,.00,699105,740000039
120,RI,INV128874,05/03/2024,062960,59.92,.00,694005,694000005
120,RI,INV128879,05/03/2024,0015,234.81,.00,499301,295000015
120,RI,INV128881,05/03/2024,B08010051460,267.00,.00,801554,801203554
120,RI,INV128884,05/03/2024,B07400017558,26.95,.00,632317,740000010
120,RI,INV128886,05/03/2024,B04610048261,1827.46,.00,632334,461022315
120,RI,INV128892,05/03/2024,B04610048271,3859.09,.00,262753,461019901
120,RI,INV128894,05/03/2024,3298257,298.45,.00,593725,755310005
120,RI,INV128897,05/03/2024,B07400017570,292.24,.00,367128,740000055
120,RI,INV128898,05/03/2024,B08010051524,311.99,.00,801608,801910608
120,RI,INV128900,05/03/2024,B04610048274,563.85,.00,406315,461406315
120,RI,INV128901,05/03/2024,B07400017557,793.15,.00,632317,740000010
120,RI,INV128902,05/03/2024,B07400017565,119.06,.00,632317,740000010
120,RI,INV128908,05/03/2024,062953,748.95,.00,694010,694000010
120,RI,INV128909,05/03/2024,B04610048278,711.08,.00,862385,461022033
120,RI,INV128910,05/03/2024,1030,31.20,.00,499301,295001030
120,RI,INV128911,05/03/2024,B07550001474,764.44,.00,766236,755000749
120,RI,INV128912,05/03/2024,B04610048270,112.20,.00,632334,461022315
120,RI,INV128916,05/03/2024,CENTRAL SUPPLY,323.04,.00,470015,
120,RI,INV128918,05/03/2024,1040,29.68,.00,499301,295001040
120,RI,INV128920,05/03/2024,3510,975.21,.00,499301,295003510
120,RI,INV128922,05/03/2024,FILL IN,1508.03,.00,739888,461739888
120,RI,INV128923,05/03/2024,062954,1086.90,.00,694007,694000007
120,RI,INV128926,05/03/2024,- None -,1176.86,.00,773527,755310566
120,RI,INV128928,05/03/2024,B04610048259,1318.07,.00,461971,461019971
120,RI,INV128930,05/03/2024,UNION,1957.00,.00,755003,755310570
120,RI,INV128931,05/03/2024,56590461,1778.62,.00,432010,432053012
120,RI,INV128934,05/03/2024,56593613,1199.97,.00,552041,438020262
120,RI,INV128939,05/03/2024,3122,536.22,.00,499301,295003122
120,RI,INV148914,05/03/2024,16498,42462.00,.00,920011,
120,RI,INV128943,05/04/2024,3297698,1122.96,.00,736673,
120,RI,INV128946,05/04/2024,3297703,121.02,.00,736673,
120,RI,INV128949,05/04/2024,1730,225.03,.00,499301,295001730
120,RI,INV128953,05/04/2024,- None -,885.73,.00,737215,
120,RI,INV128956,05/04/2024,B01480002463.2D12495308,80.00,.00,148039,148000039
120,RI,INV128960,05/04/2024,DIETARY 3246600,179.41,.00,820100,
120,RI,INV128962,05/04/2024,3270463,60.34,.00,562931,
120,RI,INV128963,05/04/2024,3293187,129.75,.00,562931,
120,RI,INV128971,05/04/2024,Dietary,44.46,.00,820100,
120,RI,INV128977,05/04/2024,B01480002529.2D12495308,207.00,.00,148039,148000039
120,RI,INV128983,05/04/2024,kristina,1402.13,.00,755004,755310571
120,RI,INV128985,05/04/2024,dietary  thank you,358.81,.00,766201,527062185
120,RI,INV128992,05/04/2024,harbor,1600.52,.00,755001,755310568
120,RI,INV128993,05/04/2024,kent island elementary,335.20,.00,582403,
120,RI,INV128994,05/04/2024,DIETARY,175.91,.00,766201,527062185
120,RI,INV128997,05/04/2024,B07400017528,99.85,.00,948085,740000143
120,RI,INV129000,05/04/2024,HOUSEKEEPING,152.86,.00,661995,
120,RI,INV129008,05/04/2024,3297061,1649.93,.00,820100,
120,RI,INV129012,05/04/2024,B04610048267,907.66,.00,461157,461021157
120,RI,INV129013,05/04/2024,3297991,832.10,.00,562931,
120,RI,INV129016,05/04/2024,B07400017524,110.00,.00,574323,740000073
120,RI,INV129017,05/04/2024,3297093,602.89,.00,820100,527021224
120,RI,INV129018,05/04/2024,56586776,465.02,.00,432015,432053010
120,RI,INV129019,05/04/2024,CENTRAL SUPPLY,290.39,.00,661995,
120,RI,INV129023,05/04/2024,B07400017555,438.49,.00,835200,740000152
120,RI,INV129035,05/04/2024,B02950002614,425.78,.00,499301,295006480
120,RI,INV129040,05/04/2024,CHAPEL DISTRICT,539.24,.00,755612,
120,RI,INV129043,05/04/2024,3297076,321.50,.00,820100,
120,RI,INV129046,05/04/2024,B07400017567,359.35,.00,358401,740000137
120,RI,INV129048,05/04/2024,56593021,581.74,.00,438346,438120346
120,RI,INV129049,05/04/2024,B02950002615,252.76,.00,499301,295003130
120,RI,INV129053,05/04/2024,3295229,179.41,.00,661995,
120,RI,INV129055,05/04/2024,56591235,964.37,.00,432011,432052999
120,RI,INV129058,05/04/2024,B07550001475,484.59,.00,994262,755310573
120,RI,INV129059,05/04/2024,B04610048277,1361.72,.00,461801,461021801
120,RI,INV129060,05/04/2024,56991235,69.52,.00,432011,432052999
120,RI,INV129061,05/04/2024,56589696,1061.97,.00,792426,440026831
120,RI,INV129068,05/04/2024,B02950002613,489.77,.00,499301,295003395
120,RI,INV129070,05/04/2024,B07400017360,55.95,.00,986632,740000169
120,RI,INV129097,05/04/2024,56546910,2339.28,.00,449224,449000224
120,RI,INV129104,05/04/2024,B07400017569,195.14,.00,986632,740000169
120,RI,INV129107,05/04/2024,B04610048269,1120.50,.00,461803,461019803
120,RI,INV129110,05/04/2024,56592880,2132.00,.00,702126,434005246
120,RI,INV129111,05/04/2024,56588268,10171.89,.00,702126,434005246
120,RI,INV129120,05/04/2024,B04610048255,1616.33,.00,461014,461021014
120,RI,INV129123,05/04/2024,56592136,1985.96,.00,432012,432053004
120,RI,INV129126,05/04/2024,56591924,127.42,.00,432012,432053004
120,RI,INV129129,05/04/2024,B04610048250,1139.74,.00,545313,461545313
120,RI,INV129143,05/04/2024,56543585,2049.32,.00,449460,
120,RI,INV129146,05/04/2024,3287493,72.67,.00,546300,
120,RI,INV129148,05/04/2024,B07400017526,41.80,.00,775193,740000232
120,RI,INV129149,05/04/2024,B07400017464,133.41,.00,775193,740000232
120,RI,INV129152,05/04/2024,B07400017553,622.04,.00,740185,740100185
120,RI,INV129158,05/04/2024,56587849,829.85,.00,432017,432053001
120,RI,INV129160,05/04/2024,B07400017566,597.09,.00,887489,740000268
120,RI,INV129162,05/04/2024,HOUSEKEEPING,889.42,.00,546300,
120,RI,INV129164,05/04/2024,56590505,820.28,.00,449162,449049162
120,RI,INV129166,05/04/2024,3298034,177.71,.00,546300,
120,RI,INV129167,05/04/2024,56548247,605.99,.00,449162,449049162
120,RI,INV129168,05/04/2024,David,552.81,.00,755002,755310569
120,RI,INV129170,05/04/2024,HOUSEKEEPING,682.43,.00,473055,
120,RI,INV129171,05/04/2024,CENTRAL SUPPLY,243.53,.00,546300,
120,RI,INV129173,05/04/2024,56522585,31.92,.00,449936,449051936
120,RI,INV129175,05/04/2024,B04610048256,1158.17,.00,461204,461021204
120,RI,INV129181,05/04/2024,DIETARY,535.61,.00,583410,
120,RI,INV129186,05/06/2024,B07400017329,25.00,.00,413154,740000093
120,RI,INV129201,05/06/2024,COURIER,258.27,.00,461601,461020601
120,RI,INV129204,05/06/2024,062953,535.90,.00,694010,694000010
120,RI,INV129217,05/06/2024,16154,10586.10,.00,920011,
120,RI,INV129220,05/06/2024,91199,12580.00,.00,920009,92000009
120,RI,INV129222,05/06/2024,B04610048236,351.94,.00,416104,461137040
120,RI,INV129226,05/06/2024,3299116,611.99,.00,408888,370739920
120,RI,INV129227,05/06/2024,55930878,29.22,.00,449302,449352802
120,RI,INV129229,05/06/2024,56544868,2269.46,.00,449618,449054618
120,RI,INV129230,05/06/2024,56512422,68.63,.00,449302,449352802
120,RI,INV129231,05/06/2024,56183630,29.22,.00,449302,449352802
120,RI,INV129234,05/06/2024,MIDDLE SCHOOL,502.80,.00,741439,755310522
120,RI,INV129239,05/06/2024,Shorts 05/06,208.28,.00,461004,461023502
120,RI,INV129243,05/06/2024,B04610048314,877.74,.00,461073,461024073
120,RI,INV129244,05/06/2024,B04610048323,211.69,.00,366744,461023113
120,RI,INV129245,05/06/2024,B04610048396,2146.63,.00,461407,461022407
120,RI,INV129253,05/06/2024,- None -,537.27,.00,772617,461772617
120,RI,INV129254,05/06/2024,B04610048357,2219.51,.00,461002,461023112
120,RI,INV129255,05/06/2024,HOUSEKEEPING,108.97,.00,820100,
120,RI,INV129259,05/06/2024,- None -,2200.58,.00,722611,
120,RI,INV129265,05/06/2024,B04610048372,615.30,.00,461002,461023112
120,RI,INV129267,05/06/2024,B04610048356,991.50,.00,461502,461024502
120,RI,INV129268,05/06/2024,56548069,402.78,.00,449903,449044903
120,RI,INV129269,05/06/2024,56546910,1902.28,.00,449224,449000224
120,RI,INV129270,05/06/2024,B04610048302,60.42,.00,461011,461017011
120,RI,INV129271,05/06/2024,B04610048299,534.02,.00,461011,461017011
120,RI,INV129272,05/06/2024,B04610048291,103.35,.00,461011,461017011
120,RI,INV129273,05/06/2024,B04610048402,1939.51,.00,461011,461017011
120,RI,INV129274,05/06/2024,B04610048306,1195.03,.00,62140,461018974
120,RI,INV129275,05/06/2024,B04610048304,1999.72,.00,716507,461019406
120,RI,INV129276,05/06/2024,B04610048346,2042.89,.00,461691,461008691
120,RI,INV129277,05/06/2024,B04610048358,1190.57,.00,461003,461019064
120,RI,INV129285,05/06/2024,B07400017363,158.56,.00,740276,740000276
120,RI,INV129286,05/06/2024,B07400017456,122.40,.00,634489,740000050
120,RI,INV129287,05/06/2024,56547866,312.66,.00,434001,434011464
120,RI,INV129288,05/06/2024,B07400017518,64.75,.00,634489,740000050
120,RI,INV129290,05/06/2024,3299132,447.43,.00,527001,527000241
120,RI,INV129291,05/06/2024,B04610048334,1165.59,.00,62139,461019462
120,RI,INV129278,05/07/2024,B04610048349,3.20,.00,101889,461008096
120,RI,INV129279,05/07/2024,B04610048310,3.20,.00,461053,461008053
120,RI,INV129281,05/07/2024,B04610048392,3.20,.00,461701,461017601
120,RI,INV129282,05/07/2024,B04610048378,3.20,.00,812120,461812120
120,RI,INV129302,05/07/2024,062873,103.54,.00,694009,694000009
120,RI,INV129303,05/07/2024,062953,750.72,.00,694010,694000010
120,RI,INV129304,05/07/2024,B08010051460,176.85,.00,801554,801203554
120,RI,INV129309,05/07/2024,- None -,186.99,.00,765956,461020155
120,RI,INV129311,05/07/2024,4503660116,48.45,.00,714611,426001059
120,RI,INV129313,05/07/2024,56601722,703.80,.00,441862,440161860
120,RI,INV129318,05/07/2024,56573583,68.63,.00,441860,440061860
120,RI,INV129319,05/07/2024,B04610048292,1182.03,.00,461702,461018702
120,RI,INV129321,05/07/2024,B04610048316,1551.00,.00,914102,461021740
120,RI,INV129322,05/07/2024,B04610048362,1708.95,.00,461074,461021704
120,RI,INV129327,05/07/2024,B04610048399,1424.43,.00,765956,461020155
120,RI,INV129328,05/07/2024,B02950002618,567.51,.00,499301,295000057
120,RI,INV129351,05/07/2024,0047,746.57,.00,499301,295003122
120,RI,INV129355,05/07/2024,062811,193.20,.00,694007,694000007
120,RI,INV129356,05/07/2024,062957,321.54,.00,694015,694000015
120,RI,INV129365,05/07/2024,B,1111.20,.00,755005,755310572
120,RI,INV129378,05/07/2024,0045,269.57,.00,499301,295000045
120,RI,INV129385,05/07/2024,3301118,56.50,.00,593725,755310005
120,RI,INV129387,05/07/2024,63026,143.40,.00,781001,
120,RI,INV129388,05/07/2024,1370,431.46,.00,499301,295001370
120,RI,INV129392,05/07/2024,063025,2902.98,.00,694009,694000009
120,RI,INV129394,05/07/2024,4503670907,2077.78,.00,195445,426001026
120,RI,INV129395,05/07/2024,56605975,787.05,.00,441862,440161860
120,RI,INV129396,05/07/2024,56617638,819.68,.00,441860,440061860
120,RI,INV129397,05/07/2024,B04610048348,1143.76,.00,461171,461020171
120,RI,INV129399,05/07/2024,B04610048397,1545.76,.00,633233,461020165
120,RI,INV129402,05/07/2024,4503670344,6132.39,.00,714611,426001059
120,RI,INV129403,05/07/2024,B04610048363,88.51,.00,461171,461020171
120,RI,INV129405,05/07/2024,B04610048397,1578.51,.00,633233,461020165
120,RI,INV129406,05/07/2024,062954,386.40,.00,694007,694000007
120,RI,INV129410,05/07/2024,BRAD,3478.39,.00,202000,755310524
120,RI,INV129411,05/07/2024,EM,182.23,.00,632333,461017112
120,RI,INV129415,05/07/2024,B04610048329,1495.33,.00,955264,461018052
120,RI,INV129416,05/07/2024,B04610048290,5571.34,.00,407303,461022153
120,RI,INV129419,05/07/2024,56618966,2633.92,.00,449921,449044921
120,RI,INV129420,05/07/2024,B04610048309,3097.36,.00,509001,461509001
120,RI,INV129422,05/07/2024,B02950002620,1530.04,.00,499301,295003095
120,RI,INV129423,05/07/2024,B02950002619,1530.67,.00,499301,295000044
120,RI,INV129425,05/07/2024,B04610048375,2024.36,.00,328321,461328321
120,RI,INV129427,05/07/2024,063028,701.10,.00,694005,694000005
120,RI,INV129429,05/07/2024,B04610048359,3699.77,.00,632333,461017112
120,RI,INV129430,05/07/2024,B04610048360,1068.09,.00,958980,461022192
120,RI,INV129433,05/07/2024,B02950002625,3834.18,.00,499301,295000047
120,RI,INV129438,05/07/2024,56588276,378.55,.00,469246,438045949
120,RI,INV129443,05/07/2024,B01480002535.2D12594901,2704.77,.00,148004,148000004
120,RI,INV129468,05/07/2024,4503670983,1987.32,.00,944645,426001060
120,RI,INV129488,05/07/2024,56623239,208.52,.00,552041,438020262
120,RI,INV129490,05/07/2024,3301188,491.97,.00,736673,
120,RI,INV129496,05/07/2024,B02950002621,1101.01,.00,499301,295003131
120,RI,INV129509,05/07/2024,B02950002623,793.81,.00,499301,295003130
120,RI,INV129516,05/07/2024,B07400017584,448.16,.00,634489,740000050
120,RI,INV129521,05/07/2024,B07400017596,621.12,.00,593482,740000045
120,RI,INV129522,05/07/2024,B04610048317,1229.54,.00,914103,461021117
120,RI,INV129529,05/07/2024,B07400017590,460.76,.00,740276,740000276
120,RI,INV129534,05/07/2024,B04610048354,2872.96,.00,406314,461406314
120,RI,INV129535,05/07/2024,B07400017583,1233.01,.00,634489,740000050
120,RI,INV129536,05/07/2024,B07400017592,650.59,.00,548063,740000248
120,RI,INV129540,05/07/2024,B07400017591,1984.03,.00,252631,
120,RI,INV129543,05/07/2024,B04610048402,1829.00,.00,461011,461017011
120,RI,INV129544,05/07/2024,B07400017581,1891.05,.00,241400,740300167
120,RI,INV129545,05/07/2024,B04610048324,30.42,.00,461053,461008053
120,RI,INV129552,05/07/2024,NATS0000027073,35.75,.00,278496,572020003
120,RI,INV129553,05/07/2024,DCUNI07192,2039.68,.00,108003,572036578
120,RI,INV129555,05/07/2024,B07400017578,307.70,.00,350086,740100001
120,RI,INV129561,05/07/2024,Union,319.35,.00,755003,755310570
120,RI,INV129564,05/07/2024,NATS0000027127,1092.32,.00,278496,572020003
120,RI,INV129565,05/07/2024,NATS0000027163,367.55,.00,278496,572020003
120,RI,INV129573,05/07/2024,NATS0000027086,89.79,.00,278496,572020003
120,RI,INV129575,05/07/2024,B04610048368,1914.11,.00,262755,461021054
120,RI,INV129576,05/07/2024,B07400017588,515.39,.00,495151,740000247
120,RI,INV129580,05/07/2024,DCUNI07188,4113.44,.00,108003,572036578
120,RI,INV129581,05/07/2024,NATS0000027161,289.69,.00,278496,572020003
120,RI,INV129582,05/07/2024,B04610048387,574.42,.00,406315,461406315
120,RI,INV129585,05/07/2024,NATS0000027201,485.06,.00,278496,572020003
120,RI,INV129586,05/07/2024,NATS0000027114,252.20,.00,278496,572020003
120,RI,INV129587,05/07/2024,DCUNI07176,238.70,.00,108003,572036578
120,RI,INV129588,05/07/2024,dcuni07188,4064.49,.00,108003,572036578
120,RI,INV129590,05/07/2024,nats0000027137,2956.40,.00,278496,572020003
120,RI,INV129592,05/07/2024,B08010051361,58.59,.00,282718,801005004
120,RI,INV129595,05/07/2024,B01460013634.2D12837987,901.94,.00,146031,146000031
120,RI,INV129599,05/07/2024,B07400017401,39.43,.00,413154,740000093
120,RI,INV129602,05/07/2024,B01460013595.2D12837987,998.53,.00,146031,146000031
120,RI,INV129604,05/07/2024,3279391,148.83,.00,820100,
120,RI,INV129614,05/07/2024,B04060002753,957.77,.00,406019,406000023
120,RI,INV129618,05/07/2024,B01460013668.2D12837987,1098.53,.00,146031,146000031
120,RI,INV129622,05/07/2024,B04610048322,1505.83,.00,194660,461194660
120,RI,INV129635,05/07/2024,B04060002757,864.31,.00,406026,406000026
120,RI,INV129636,05/07/2024,B04610048361,2073.71,.00,461601,461020601
120,RI,INV129637,05/07/2024,56623077,636.10,.00,432019,432053000
120,RI,INV129641,05/07/2024,B04060002755,18.02,.00,406015,406000013
120,RI,INV129642,05/07/2024,EUGENIA,637.52,.00,979400,041040047
120,RI,INV129649,05/07/2024,B07550001481,891.92,.00,994262,755310573
120,RI,INV129650,05/07/2024,B04060002754,1187.58,.00,406015,406000013
120,RI,INV129656,05/07/2024,B04610048376,1683.38,.00,326180,461326180
120,RI,INV129666,05/07/2024,B04610048386,920.50,.00,556807,461556807
120,RI,INV129669,05/07/2024,B04610048366,1845.58,.00,461130,461021030
120,RI,INV129672,05/07/2024,B07400017593,531.05,.00,574323,740000073
120,RI,INV129677,05/07/2024,56623077,639.66,.00,432019,432053000
120,RI,INV129680,05/07/2024,SO10049293,1246.07,.00,755002,755310569
120,RI,INV129687,05/07/2024,B04610048388,1497.12,.00,407301,461021042
120,RI,INV129696,05/07/2024,B07400017595,189.66,.00,413154,740000093
120,RI,INV129697,05/07/2024,B04610048389,245.10,.00,461130,461021030
120,RI,INV129708,05/07/2024,B04610048382,2211.19,.00,800857,461800857
120,RI,INV129709,05/07/2024,56630239,2432.26,.00,391275,438020348
120,RI,INV129711,05/07/2024,B07400017490,61.98,.00,358401,740000137
120,RI,INV129713,05/07/2024,B07400017567,123.96,.00,358401,740000137
120,RI,INV129716,05/07/2024,B07400017453,24.71,.00,358401,740000137
120,RI,INV129721,05/07/2024,56624314,2003.49,.00,438346,438120346
120,RI,INV129722,05/07/2024,56617931,1050.41,.00,438593,438122593
120,RI,INV129724,05/07/2024,B07400017589,729.89,.00,358401,740000137
120,RI,INV129729,05/07/2024,56621311,437.57,.00,438352,438120352
120,RI,INV129731,05/07/2024,B08010050469,137.64,.00,164064,801300001
120,RI,INV129732,05/07/2024,B08010050468,117.90,.00,164064,801000574
120,RI,INV129733,05/07/2024,- None -,23.47,.00,164371,755001991
120,RI,INV129734,05/07/2024,- None -,25.45,.00,164369,755000382
120,RI,INV129735,05/07/2024,- None -,31.95,.00,164370,755001990
120,RI,INV129741,05/07/2024,56619468,1384.58,.00,449056,449031056
120,RI,INV129744,05/07/2024,B04610048385,1091.10,.00,461874,461020874
120,RI,INV129746,05/07/2024,Mike,1729.68,.00,164369,755000382
120,RI,INV129763,05/07/2024,B04610048370,2030.08,.00,309254,461020852
120,RI,INV129771,05/07/2024,ORIOL05629,213.48,.00,572757,572061757
120,RI,INV129779,05/07/2024,ORIOL05870,926.49,.00,572757,572061757
120,RI,INV129782,05/07/2024,ORIOL05841,1013.47,.00,572757,572061757
120,RI,INV129792,05/07/2024,ORIOL061757,880.47,.00,572757,572061757
120,RI,INV129809,05/07/2024,ORIOL05909,11680.60,.00,572757,572061757
120,RI,INV129812,05/07/2024,B04610048352,1740.32,.00,309253,461309253
120,RI,INV129817,05/07/2024,B04610048353,900.95,.00,545313,461545313
120,RI,INV129834,05/07/2024,56619851,4148.09,.00,432018,432053003
120,RI,INV129840,05/07/2024,B04610047967,99.48,.00,63331,461040207
120,RI,INV129842,05/07/2024,B04610047698,19.05,.00,461122,461129122
120,RI,INV129850,05/07/2024,62321,46.35,.00,781001,
120,RI,INV129906,05/07/2024,B04610048319,1253.04,.00,94889,461133331
120,RI,INV129925,05/07/2024,B04610048378,2186.20,.00,812120,461812120
120,RI,INV129926,05/07/2024,B04610048378,24.35,.00,812120,461812120
120,RI,INV129931,05/07/2024,B04610048392,2808.35,.00,461701,461017601
120,RI,INV129932,05/07/2024,B04610048383,1351.08,.00,461030,461019030
120,RI,INV129933,05/07/2024,B04610048310,1368.58,.00,461053,461008053
120,RI,INV129935,05/07/2024,B04610048349,1942.65,.00,101889,461008096
120,RI,INV129940,05/07/2024,B04610048283,346.64,.00,461206,461112206
120,RI,INV129943,05/07/2024,56553529,64.75,.00,168564,438021022
120,RI,INV129949,05/07/2024,B04610048285,32.57,.00,461459,461145459
120,RI,INV129954,05/07/2024,B04610048297,494.25,.00,461147,461015147
120,RI,INV129955,05/07/2024,B04610048301,587.48,.00,545315,461145615
120,RI,INV129956,05/07/2024,56591924,57.36,.00,432012,432053004
120,RI,INV129957,05/07/2024,B04610048341,515.27,.00,461459,461145459
120,RI,INV129960,05/07/2024,B04610048340,314.11,.00,461459,461145459
120,RI,INV129965,05/07/2024,B04610048325,569.18,.00,545316,461137214
120,RI,INV129966,05/07/2024,- None -,30.42,.00,958980,461022192
120,RI,INV129969,05/07/2024,B04610048393,250.30,.00,461459,461145459
120,RI,INV129976,05/07/2024,062953,107.18,.00,694010,694000010
120,RI,INV129977,05/07/2024,N BRUNSWICK,39.87,.00,406003,406000005
120,RI,INV129981,05/07/2024,B04610047515,1404.67,.00,461803,461019803
120,RI,INV129983,05/07/2024,JACKSON,909.49,.00,620203,40000163
120,RI,INV129994,05/07/2024,PO1001388,95.50,.00,666213,
120,RI,INV130004,05/07/2024,547246,749.12,.00,920009,92000009
120,RI,INV130005,05/07/2024,547219,17035.28,.00,920009,
120,RI,INV130006,05/07/2024,42402348,581.74,.00,920009,92000009
120,RI,INV130007,05/07/2024,547261,1801.90,.00,920009,92000009
120,RI,INV130016,05/07/2024,B07400017267,853.94,.00,644141,740000066
120,RI,INV130021,05/07/2024,B04610048390,769.37,.00,461834,461023834
120,RI,INV130022,05/07/2024,B04610048408,842.56,.00,272617,461023666
120,RI,INV130033,05/07/2024,56641545,16776.75,.00,449302,449352802
120,RI,INV130035,05/07/2024,B04610048374,941.61,.00,366744,461023113
120,RI,INV130039,05/07/2024,B04610048421,483.00,.00,366744,461023113
120,RI,INV130047,05/07/2024,B04610048414,1215.05,.00,461004,461023502
120,RI,INV130048,05/07/2024,3302772,920.83,.00,753053,753000053
120,RI,INV130059,05/07/2024,3303744,562.73,.00,646053,323393940
120,RI,INV130065,05/07/2024,- None -,334.54,.00,955264,461018052
120,RI,INV130067,05/07/2024,B04610048419,1105.45,.00,765955,461023327
120,RI,INV130072,05/07/2024,B04610048436,1413.16,.00,367089,461367089
120,RI,INV130075,05/07/2024,PO3239,2247.69,.00,481511,912058765
120,RI,INV130076,05/07/2024,B04610048433,118.38,.00,366744,461023113
120,RI,INV130079,05/07/2024,DJME,322.84,.00,136417,631005749
120,RI,INV130088,05/07/2024,56641608,9408.59,.00,449402,
120,RI,INV130090,05/07/2024,B04610048424,668.52,.00,367090,461022901
120,RI,INV130094,05/07/2024,B04610048416,638.83,.00,772617,461772617
120,RI,INV130097,05/07/2024,B02950002623,263.84,.00,499301,295003130
120,RI,INV130112,05/07/2024,- None -,277.06,.00,826244,755000410
120,RI,INV130117,05/07/2024,Nancy Reed,744.83,.00,591212,631000556
120,RI,INV130124,05/07/2024,B01480002535.2D12594901,320.36,.00,148004,148000004
120,RI,INV130147,05/07/2024,SO10049395,1427.33,.00,737263,755000843
120,RI,INV130148,05/07/2024,SO10049373,1138.20,.00,395390,755000748
120,RI,INV130152,05/07/2024,- None -,1075.84,.00,737215,
120,RI,INV130154,05/07/2024,B07550001482,982.44,.00,984660,
120,RI,INV130156,05/07/2024,- None -,684.20,.00,656100,755310438
120,RI,INV130167,05/07/2024,B04610048417,50.20,.00,739889,461022601
120,RI,INV130170,05/07/2024,B07400017630,289.31,.00,139211,740000235
120,RI,INV130171,05/07/2024,B02950002622,1545.70,.00,499301,295007042
120,RI,INV130172,05/07/2024,B08010049978,688.50,.00,801294,801311294
120,RI,INV130175,05/07/2024,B02950002628,377.38,.00,499301,295003036
120,RI,INV130176,05/07/2024,B04610048364,3295.45,.00,739889,461022601
120,RI,INV130188,05/08/2024,B07550001477,1742.92,.00,761100,755000785
120,RI,INV130192,05/08/2024,B02950002624,2732.75,.00,499301,295003023
120,RI,INV130195,05/08/2024,56642999,1349.28,.00,792426,440026831
120,RI,INV130196,05/08/2024,56619468,777.76,.00,449056,449031056
120,RI,INV130197,05/08/2024,B04610048385,167.02,.00,461874,461020874
120,RI,INV130200,05/08/2024,NATS0000027235,2124.00,.00,278496,572020003
120,RI,INV130214,05/08/2024,SO10050027,2156.16,.00,397700,755000775
120,RI,INV130216,05/08/2024,- None -,1299.16,.00,771562,755310567
120,RI,INV130221,05/08/2024,B07550001491,1033.63,.00,737280,755000784
120,RI,INV130236,05/08/2024,62109,1995.55,.00,781001,
120,RI,INV130243,05/08/2024,B02950002607,91.63,.00,499301,295003035
120,RI,INV130253,05/08/2024,B07400017618,424.65,.00,367128,740000055
120,RI,INV130260,05/08/2024,56638258,2695.83,.00,441860,440061860
120,RI,INV130266,05/08/2024,B02950002625,122.88,.00,499301,295000047
120,RI,INV130267,05/08/2024,56638252,889.56,.00,441860,440061860
120,RI,INV130268,05/08/2024,B04610048432,787.82,.00,862385,461022033
120,RI,INV130276,05/08/2024,56638261,836.04,.00,441860,440061860
120,RI,INV130296,05/08/2024,3304473,290.65,.00,593725,755310005
120,RI,INV130311,05/08/2024,B07400017626,567.72,.00,122743,740200058
120,RI,INV130312,05/08/2024,B,608.00,.00,755005,755310572
120,RI,INV130313,05/08/2024,B08010051460,682.17,.00,801554,801203554
120,RI,INV130314,05/08/2024,SO10049764,492.23,.00,293280,755000846
120,RI,INV130315,05/08/2024,B07550001487,257.75,.00,716030,
120,RI,INV130318,05/08/2024,B07400017451,61.98,.00,574323,740000073
120,RI,INV130328,05/08/2024,SLADE SCHOOL,134.92,.00,245176,
120,RI,INV130340,05/08/2024,B04610048370,155.22,.00,309254,461020852
120,RI,INV130346,05/08/2024,B07400017624,295.18,.00,84001,740100217
120,RI,INV130349,05/08/2024,B07400017621,506.92,.00,835200,740000152
120,RI,INV130352,05/08/2024,B07400017602,546.04,.00,84001,740100217
120,RI,INV130359,05/08/2024,3304449,100.60,.00,661995,
120,RI,INV130365,05/08/2024,3304359,496.18,.00,661995,
120,RI,INV130369,05/08/2024,B07400017633,1781.85,.00,948085,740000143
120,RI,INV130390,05/08/2024,3289263,66.75,.00,515700,527023439
120,RI,INV130391,05/08/2024,Central Supply,136.74,.00,515700,527023439
120,RI,INV130392,05/08/2024,B07400016904,15.77,.00,775193,740000232
120,RI,INV130396,05/08/2024,housekeeping,195.58,.00,515700,527023439
120,RI,INV130400,05/08/2024,ALLANTE0507,895.28,.00,755736,755974736
120,RI,INV130402,05/08/2024,B07400017608,904.26,.00,775193,740000232
120,RI,INV130403,05/08/2024,3301833,1132.01,.00,515700,527023439
120,RI,INV130406,05/08/2024,Mason,1156.31,.00,755003,755310570
120,RI,INV130428,05/08/2024,kristina,364.08,.00,755004,755310571
120,RI,INV130429,05/08/2024,HOUSEKEEPING,544.84,.00,820100,
120,RI,INV130430,05/08/2024,3304650,560.32,.00,820100,
120,RI,INV130434,05/08/2024,kristina,735.02,.00,755004,755310571
120,RI,INV130440,05/08/2024,Gloves,140.78,.00,556807,461556807
120,RI,INV130447,05/08/2024,3303402,446.06,.00,342646,527000028
120,RI,INV130448,05/08/2024,B04060002758,756.54,.00,406014,406000012
120,RI,INV130474,05/08/2024,ORIOL05814,854.25,.00,572757,572061757
120,RI,INV130475,05/08/2024,ORIOL05888,2305.76,.00,572757,572061757
120,RI,INV130477,05/08/2024,Newton,320.32,.00,620203,40000163
120,RI,INV130481,05/08/2024,B02950002629,384.24,.00,499301,295006480
120,RI,INV130494,05/08/2024,3303195,476.55,.00,470015,
120,RI,INV130501,05/08/2024,- None -,414.64,.00,407301,461021042
120,RI,INV130505,05/08/2024,3303254,462.19,.00,470015,
120,RI,INV130507,05/08/2024,3303196,1466.47,.00,470015,
120,RI,INV130514,05/08/2024,CENTRAL SUPPLY,163.28,.00,470015,
120,RI,INV130522,05/08/2024,- None -,1845.89,.00,773527,755310566
120,RI,INV130528,05/08/2024,laundry,696.48,.00,562931,
120,RI,INV130529,05/08/2024,Housekeeping,360.43,.00,562931,
120,RI,INV130535,05/08/2024,3301357,148.71,.00,562931,
120,RI,INV130542,05/08/2024,3301301,253.98,.00,562931,
120,RI,INV130544,05/08/2024,3303597,282.41,.00,562931,
120,RI,INV130551,05/08/2024,3302370,26.66,.00,583410,
120,RI,INV130559,05/08/2024,3302369,485.81,.00,583410,
120,RI,INV130572,05/08/2024,56548247,13466.59,.00,449162,449049162
120,RI,INV130576,05/08/2024,B07400017595,140.40,.00,413154,740000093
120,RI,INV130582,05/08/2024,3259329,118.61,.00,692753,
120,RI,INV130584,05/08/2024,3282858,118.62,.00,692753,
120,RI,INV130587,05/08/2024,3289448,355.85,.00,692753,
120,RI,INV130589,05/08/2024,LAUNDRY,385.56,.00,692753,
120,RI,INV130591,05/08/2024,56644546,775.04,.00,432017,432053001
120,RI,INV130594,05/08/2024,HOUSEKEEPING,897.00,.00,473055,
120,RI,INV130608,05/08/2024,90857,12057.00,.00,920009,92000009
120,RI,INV130628,05/08/2024,04242024,314.53,.00,180501,572044317
120,RI,INV130641,05/08/2024,YAMATO,43.53,.00,461834,461023834
120,RI,INV130647,05/08/2024,ALLPOINTS,223.49,.00,461011,461017011
120,RI,INV130648,05/08/2024,91186,42830.00,.00,920009,92000009
120,RI,INV130654,05/08/2024,EUGENIA,96.50,.00,979400,041040047
120,RI,INV130659,05/08/2024,B04610048328,54.00,.00,740183,461153144
120,RI,INV130661,05/08/2024,B04610048391,896.82,.00,309621,461132246
120,RI,INV130664,05/08/2024,B04610048351,307.60,.00,461805,461146805
120,RI,INV130673,05/08/2024,B04060002754,118.05,.00,406015,406000013
120,RI,INV130686,05/08/2024,16608,205.56,.00,920011,
120,RI,INV130687,05/08/2024,B04060002758,35.55,.00,406014,406000012
120,RI,INV130723,05/08/2024,2001062885,56.50,.00,120109,459000001
120,RI,INV130726,05/08/2024,2001001209,1330.00,.00,120109,459000001
120,RI,INV130731,05/08/2024,2001035323,855.00,.00,120109,459000001
120,RI,INV130732,05/08/2024,2001042103,855.00,.00,120109,459000001
120,RI,INV130739,05/08/2024,56544868,132.63,.00,449618,449054618
120,RI,INV130743,05/08/2024,B04610048356,2184.32,.00,461502,461024502
120,RI,INV130744,05/08/2024,B04610048314,1195.67,.00,461073,461024073
120,RI,INV130753,05/08/2024,B04610048455,1264.14,.00,461002,461023112
120,RI,INV130760,05/08/2024,B04610048459,2776.82,.00,406314,461406314
120,RI,INV130761,05/08/2024,B04610048466,416.01,.00,461502,461024502
120,RI,INV130765,05/08/2024,B04610048357,73.55,.00,461002,461023112
120,RI,INV130770,05/08/2024,56663817,4652.68,.00,449402,
120,RI,INV130774,05/08/2024,B04610048467,842.09,.00,461834,461023834
120,RI,INV130777,05/08/2024,B01460013711.2D12837575,1957.19,.00,146041,146000041
120,RI,INV130786,05/08/2024,56661369,6246.71,.00,449302,449352802
120,RI,INV130789,05/08/2024,56663732,5744.80,.00,449302,
120,RI,INV130792,05/08/2024,B04610048482,2086.22,.00,461407,461022407
120,RI,INV130794,05/08/2024,B04610048481,2589.40,.00,461073,461024073
120,RI,INV130798,05/08/2024,BLAIR,582.02,.00,395170,401024502
120,RI,INV130799,05/08/2024,B04610048486,946.99,.00,366744,461023113
120,RI,INV130803,05/08/2024,56570630,439.76,.00,552041,438020262
120,RI,INV130805,05/08/2024,NATS0000026854,201.33,.00,278496,572020003
120,RI,INV130812,05/08/2024,NATS0000026862,659.64,.00,278496,572020003
120,RI,INV130814,05/08/2024,DCUN07093,1165.36,.00,108003,572036578
120,RI,INV130816,05/08/2024,DCUNI07222,2413.41,.00,108003,572036578
120,RI,INV130818,05/08/2024,dcuni07188,1165.36,.00,108003,572036578
120,RI,INV130819,05/08/2024,3510,711.81,.00,499301,295003510
120,RI,INV130827,05/08/2024,DCUNI07225,46.49,.00,108003,572036578
120,RI,INV130828,05/08/2024,1030,226.22,.00,499301,295001030
120,RI,INV130832,05/08/2024,DCUNI07221,147.65,.00,108003,572036578
120,RI,INV130836,05/08/2024,B07400017647,572.33,.00,367128,740000055
120,RI,INV130842,05/08/2024,3307988,327.65,.00,736673,755000860
120,RI,INV130848,05/08/2024,DCUNI07230,154.01,.00,108003,572036578
120,RI,INV130849,05/08/2024,3122,410.02,.00,499301,295003122
120,RI,INV130850,05/08/2024,56663665,1020.99,.00,552041,438020262
120,RI,INV130864,05/08/2024,3298257,30.00,.00,593725,755310005
120,RI,INV130865,05/08/2024,3272905,30.00,.00,593725,755310005
120,RI,INV130868,05/08/2024,3301118,60.00,.00,593725,755310005
120,RI,INV130884,05/08/2024,56664565,959.10,.00,33047,438044177
120,RI,INV130885,05/08/2024,063086,1291.43,.00,694014,694000014
120,RI,INV130887,05/08/2024,B04610048461,1342.97,.00,632334,461022315
120,RI,INV130889,05/08/2024,B07550001501,3519.11,.00,716080,755000826
120,RI,INV130890,05/08/2024,B04610048474,3438.60,.00,407303,461022153
120,RI,INV130899,05/08/2024,3307572,303.30,.00,593725,755310005
120,RI,INV130900,05/08/2024,56238767,212.53,.00,441860,440061860
120,RI,INV130910,05/08/2024,B04610048444,1244.82,.00,62139,461019462
120,RI,INV130911,05/08/2024,B07400017622,941.54,.00,75096,
120,RI,INV130914,05/08/2024,B04610048449,5491.19,.00,580102,461580102
120,RI,INV130916,05/08/2024,56638258,1075.37,.00,441860,440061860
120,RI,INV130920,05/08/2024,B07400017643,900.71,.00,252631,
120,RI,INV130921,05/08/2024,B07400017634,1108.08,.00,75096,740300054
120,RI,INV130922,05/08/2024,56638261,68.63,.00,441860,440061860
120,RI,INV130930,05/08/2024,56638252,68.63,.00,441860,440061860
120,RI,INV130951,05/09/2024,B04060002737,27.24,.00,406007,406000018
120,RI,INV130953,05/09/2024,SO10050979,780.60,.00,392010,
120,RI,INV130963,05/09/2024,B04060002761,1251.53,.00,406007,406000018
120,RI,INV130979,05/09/2024,B04610048464,2612.47,.00,262753,461019901
120,RI,INV130998,05/09/2024,56664662,242.31,.00,432012,432053004
120,RI,INV130999,05/09/2024,56663235,91.01,.00,432013,432053005
120,RI,INV131014,05/09/2024,B04060002764,838.33,.00,406013,406000011
120,RI,INV131015,05/09/2024,56663221,579.56,.00,432013,432053005
120,RI,INV131018,05/09/2024,56664950,2036.69,.00,432012,432053004
120,RI,INV131020,05/09/2024,B04610048485,3695.91,.00,461014,461021014
120,RI,INV131032,05/09/2024,EASTON ELEMENTARY,885.14,.00,755612,
120,RI,INV131043,05/09/2024,56663602,15.00,.00,432011,432052999
120,RI,INV131045,05/09/2024,ST MICHAELS,598.01,.00,755612,
120,RI,INV131051,05/09/2024,56662983,1169.49,.00,432011,432052999
120,RI,INV131061,05/09/2024,HOUSEKEEPING,566.75,.00,661995,
120,RI,INV131065,05/09/2024,CENTRAL SUPPLY,580.78,.00,661995,
120,RI,INV131074,05/09/2024,LAUNDRY,110.32,.00,661995,
120,RI,INV131084,05/09/2024,3302369,34.98,.00,583410,
120,RI,INV131089,05/09/2024,B04610048488,3094.81,.00,461801,461021801
120,RI,INV131127,05/09/2024,B01480002522.2D12495308,460.17,.00,148039,148000039
120,RI,INV131132,05/09/2024,B04060002751,24.55,.00,406012,406000010
120,RI,INV131134,05/09/2024,B08010051524,512.93,.00,801608,801910608
120,RI,INV131135,05/09/2024,3133 B02950002454,48.50,.00,499301,295003133
120,RI,INV131136,05/09/2024,B07400017569,101.48,.00,986632,740000169
120,RI,INV131137,05/09/2024,B04060002750,69.48,.00,406005,406000009
120,RI,INV131138,05/09/2024,B04060002738,42.23,.00,406005,406000009
120,RI,INV131144,05/09/2024,4503670983,128.28,.00,944645,426001060
120,RI,INV131145,05/09/2024,B01460013696.2D12826261,5658.19,.00,146118,146000118
120,RI,INV131150,05/09/2024,B04060002759,764.79,.00,406008,406000017
120,RI,INV131151,05/09/2024,B04060002760,1058.96,.00,406006,406000019
120,RI,INV131152,05/09/2024,B04060002763,827.95,.00,406005,406000009
120,RI,INV131153,05/09/2024,B07400017617,1605.12,.00,789511,740000126
120,RI,INV131155,05/09/2024,B04610048453,2058.45,.00,461971,461019971
120,RI,INV131160,05/09/2024,B07400017401,39.43,.00,413154,740000093
120,RI,INV131164,05/09/2024,B07400017645,262.66,.00,986632,740000169
120,RI,INV131167,05/09/2024,B04610048480,1615.07,.00,461803,461019803
120,RI,INV131170,05/09/2024,4503672733,290.70,.00,944645,426001060
120,RI,INV131178,05/09/2024,B02950002632,248.86,.00,499301,295003133
120,RI,INV131181,05/09/2024,B07400017638,9.90,.00,789511,740000126
120,RI,INV131185,05/09/2024,B04060002765,1137.04,.00,406012,406000010
120,RI,INV131191,05/09/2024,B04610048473,2292.27,.00,461204,461021204
120,RI,INV131196,05/09/2024,B01480002558.2D-12594901,295.38,.00,148004,148000004
120,RI,INV131201,05/09/2024,B08010051136,321.84,.00,282718,801005004
120,RI,INV131202,05/09/2024,B07400017409,54.26,.00,350086,740100001
120,RI,INV131203,05/09/2024,ALLANTE0420,54.12,.00,755736,755974736
120,RI,INV131204,05/09/2024,B08010050991,1609.20,.00,282718,801005004
120,RI,INV131205,05/09/2024,ALLANTE0422,54.12,.00,755736,755974736
120,RI,INV131206,05/09/2024,B07400017566,123.96,.00,887489,740000268
120,RI,INV131207,05/09/2024,B07400017440,54.80,.00,350086,740100001
120,RI,INV131208,05/09/2024,ALLANTE0501,110.60,.00,755736,755974736
120,RI,INV131209,05/09/2024,B07400017646,315.25,.00,350086,740100001
120,RI,INV131210,05/09/2024,Lauren,1080.36,.00,671683,631004513
120,RI,INV131213,05/09/2024,Mason,729.71,.00,755003,755310570
120,RI,INV131214,05/09/2024,David,1197.88,.00,755002,755310569
120,RI,INV131215,05/09/2024,B08010051757,4899.96,.00,282718,801005004
120,RI,INV131217,05/09/2024,B07400017644,277.72,.00,350086,740100001
120,RI,INV131233,05/09/2024,56547292,83.69,.00,432010,432053012
120,RI,INV131234,05/09/2024,56630239,570.71,.00,391275,438020348
120,RI,INV131243,05/09/2024,56662611,95.90,.00,432010,432053012
120,RI,INV131246,05/09/2024,56661183,3961.42,.00,432010,432053012
120,RI,INV131253,05/09/2024,56665770,681.80,.00,438352,438120352
120,RI,INV131255,05/09/2024,B07550001498,495.60,.00,994262,755310573
120,RI,INV131257,05/09/2024,56671317,2081.90,.00,391275,438020348
120,RI,INV131259,05/09/2024,56667914,2414.76,.00,438351,438120351
120,RI,INV131262,05/09/2024,B02950002630,1504.72,.00,499301,295003395
120,RI,INV131263,05/09/2024,56663414,3354.73,.00,432109,432153009
120,RI,INV131267,05/09/2024,B07400017454,262.96,.00,948085,740000143
120,RI,INV131279,05/09/2024,Slade school,3987.98,.00,245176,
120,RI,INV131281,05/09/2024,B07400017633,125.80,.00,948085,740000143
120,RI,INV131282,05/09/2024,B07400017633,164.07,.00,948085,740000143
120,RI,INV131309,05/09/2024,56670539,579.19,.00,432017,432053001
120,RI,INV131312,05/09/2024,B04610048484,1759.54,.00,461157,461021157
120,RI,INV131321,05/09/2024,ORIOL05903,729.28,.00,572757,572061757
120,RI,INV131323,05/09/2024,ORIOL05930,2065.75,.00,572757,572061757
120,RI,INV131325,05/09/2024,ORIOL05979,2393.79,.00,572757,572061757
120,RI,INV131326,05/09/2024,ORIOL06014,3564.60,.00,572757,572061757
120,RI,INV131329,05/09/2024,ORIOL05992,202.70,.00,572757,572061757
120,RI,INV131332,05/09/2024,ORIOL05914,2958.30,.00,572757,572061757
120,RI,INV131379,05/09/2024,POPCORN BOX,487.62,.00,108003,572036578
120,RI,INV131381,05/09/2024,DCUNI07116,2379.06,.00,108003,572036578
120,RI,INV131394,05/09/2024,Courier,391.60,.00,461014,461021014
120,RI,INV131400,05/09/2024,547263,4021.75,.00,920009,92000009
120,RI,INV131402,05/09/2024,ALLPOINTS,157.47,.00,309621,461132246
120,RI,INV131416,05/09/2024,JB PRINCE,74.00,.00,765955,461023327
120,RI,INV131417,05/09/2024,91529,293.90,.00,920009,92000009
120,RI,INV131423,05/09/2024,B04610047949,8.33,.00,593651,461144715
120,RI,INV131425,05/09/2024,EUGENIA,204.58,.00,979400,041040047
120,RI,INV131429,05/09/2024,B04610048411,71.41,.00,391067,461137129
120,RI,INV131430,05/09/2024,B04610048410,75.70,.00,545316,461137214
120,RI,INV131441,05/09/2024,GRATES,90.11,.00,461147,461015147
120,RI,INV131448,05/09/2024,JOHN,65.26,.00,461145,461144154
120,RI,INV131451,05/09/2024,B04610048489,158.38,.00,461909,461133909
120,RI,INV131457,05/09/2024,CHARLOTTE,387.20,.00,920012,
120,RI,INV131461,05/09/2024,Sauce Bottle Lids,139.63,.00,461212,461144212
120,RI,INV131463,05/09/2024,FedEx - Peach Treat,163.85,.00,461623,461114623
120,RI,INV131464,05/09/2024,B07400017647,26.14,.00,367128,740000055
120,RI,INV131483,05/09/2024,SAMANTHA PERRY,.00,.00,920021,092000014
120,RI,INV131488,05/09/2024,56056028,106.24,.00,449010,449010000
120,RI,INV131490,05/09/2024,56391010,412.44,.00,449010,449010000
120,RI,INV131492,05/09/2024,Event 05/16,217.04,.00,366744,461023113
120,RI,INV131493,05/09/2024,Event 05/16,133.72,.00,367089,461367089
120,RI,INV131496,05/09/2024,B04610048408,18.92,.00,272617,461023666
120,RI,INV131498,05/09/2024,56664690,6255.85,.00,449010,449010000
120,RI,INV131500,05/09/2024,B04610048501,1056.23,.00,461004,461023502
120,RI,INV131502,05/09/2024,B07400017649,346.71,.00,740255,740300255
120,RI,INV131504,05/09/2024,B04610048500,1582.36,.00,272617,461023666
120,RI,INV131513,05/09/2024,B04610048569,560.19,.00,366744,461023113
120,RI,INV131515,05/09/2024,B04610048532,2115.72,.00,367089,461367089
120,RI,INV131517,05/09/2024,B04610048519,2086.78,.00,765955,461023327
120,RI,INV131522,05/09/2024,B04610048539,1470.91,.00,367090,461022901
120,RI,INV131524,05/09/2024,B04610048537,1821.85,.00,272618,461023602
120,RI,INV131525,05/09/2024,B04610048434,2611.39,.00,772617,461772617
120,RI,INV131527,05/09/2024,B04610048571,47.66,.00,772617,461772617
120,RI,INV131529,05/09/2024,DIETARY,1599.14,.00,885700,912779293
120,RI,INV131546,05/09/2024,B04610048555,1608.02,.00,461834,461023834
120,RI,INV131555,05/09/2024,B04610048448,963.11,.00,62140,461018974
120,RI,INV131556,05/09/2024,B04610048498,1802.99,.00,716507,461019406
120,RI,INV131557,05/09/2024,B04610048505,1571.89,.00,461003,461019064
120,RI,INV131558,05/09/2024,B04610048572,1178.08,.00,461691,461008691
120,RI,INV131560,05/09/2024,B04610048573,2819.80,.00,101889,461008096
120,RI,INV131561,05/09/2024,B04610048511,1218.08,.00,461030,461019030
120,RI,INV131562,05/09/2024,B04610048538,93.00,.00,461053,461008053
120,RI,INV131563,05/09/2024,B04610048535,1688.29,.00,461053,461008053
120,RI,INV131565,05/09/2024,B04610048216,41.18,.00,461011,461017011
120,RI,INV131566,05/09/2024,EM,56.76,.00,632333,461017112
120,RI,INV131568,05/09/2024,B04610048561,3050.92,.00,812120,461812120
120,RI,INV131569,05/09/2024,B04610048548,2369.19,.00,461701,461017601
120,RI,INV131570,05/09/2024,B04610048560,1759.63,.00,461011,461017011
120,RI,INV131571,05/09/2024,B04610048574,2714.49,.00,632333,461017112
120,RI,INV131575,05/09/2024,B04610048474,623.70,.00,407303,461022153
120,RI,INV131579,05/09/2024,B04610048508,2202.98,.00,328321,461328321
120,RI,INV131585,05/09/2024,B04610048558,1688.25,.00,958980,461022192
120,RI,INV131586,05/09/2024,56618966,558.55,.00,449921,449044921
120,RI,INV131587,05/09/2024,B04610048504,2133.55,.00,955264,461018052
120,RI,INV131588,05/09/2024,B04610048487,1798.93,.00,509001,461509001
120,RI,INV131589,05/09/2024,56680998,2443.64,.00,449481,449022481
120,RI,INV131590,05/09/2024,B04610048514,1366.94,.00,461702,461018702
120,RI,INV131591,05/09/2024,56684799,2260.68,.00,449921,449044921
120,RI,INV131592,05/10/2024,dcuni07246,246.08,.00,108003,572036578
120,RI,INV131594,05/10/2024,dcuni07247,258.72,.00,108003,572036578
120,RI,INV131624,05/10/2024,Brittany,726.83,.00,755005,755310572
120,RI,INV131636,05/10/2024,56588276,105.50,.00,469246,438045949
120,RI,INV131649,05/10/2024,B07550001504,941.85,.00,244841,755000781
120,RI,INV131651,05/10/2024,B07550001503,563.97,.00,768399,755000790
120,RI,INV131653,05/10/2024,B04610048524,1788.35,.00,461171,461020171
120,RI,INV131659,05/10/2024,- None -,1250.78,.00,766222,
120,RI,INV131661,05/10/2024,56684847,1844.00,.00,331000,438022221
120,RI,INV131665,05/10/2024,B07400017665,320.23,.00,367128,740000055
120,RI,INV131667,05/10/2024,B07550001395,957.97,.00,716340,
120,RI,INV131675,05/10/2024,56685957,5870.90,.00,168564,438021022
120,RI,INV131678,05/10/2024,3310839,1736.50,.00,736673,
120,RI,INV131680,05/10/2024,56685965,4074.25,.00,469246,438045949
120,RI,INV131684,05/10/2024,- None -,796.87,.00,311159,755310355
120,RI,INV131690,05/10/2024,56682262,1162.86,.00,571300,438022241
120,RI,INV131696,05/10/2024,B04610048522,1081.47,.00,862385,461022033
120,RI,INV131699,05/10/2024,56687015,353.75,.00,469246,438045949
120,RI,INV131700,05/10/2024,56684894,2406.31,.00,736438,438032093
120,RI,INV131708,05/10/2024,6416,708.30,.00,499301,295006416
120,RI,INV131709,05/10/2024,- None -,1685.45,.00,773527,755310566
120,RI,INV131713,05/10/2024,1040,195.29,.00,499301,295001040
120,RI,INV131716,05/10/2024,B07550001502,1461.26,.00,234100,755000786
120,RI,INV131717,05/10/2024,Costica,1345.37,.00,421513,40000208
120,RI,INV131742,05/10/2024,B07400017659,735.25,.00,358401,740000137
120,RI,INV131744,05/10/2024,B08010049867,122.50,.00,801554,801203554
120,RI,INV131745,05/10/2024,3301118,35.00,.00,593725,755310005
120,RI,INV131746,05/10/2024,3259383,70.00,.00,593725,755310005
120,RI,INV131747,05/10/2024,B08010051460,367.50,.00,801554,801203554
120,RI,INV131748,05/10/2024,56680791,363.43,.00,33047,438044177
120,RI,INV131752,05/10/2024,56622774,99.96,.00,33047,438044177
120,RI,INV131754,05/10/2024,56687198,50.77,.00,33047,438044177
120,RI,INV131761,05/10/2024,063116,1588.55,.00,694015,694000015
120,RI,INV131763,05/10/2024,063110,2640.22,.00,694007,694000007
120,RI,INV131764,05/10/2024,56592880,34.05,.00,702126,434005246
120,RI,INV131789,05/10/2024,56586064,782.86,.00,441862,440161860
120,RI,INV131791,05/10/2024,4503673012,290.70,.00,944645,426001060
120,RI,INV131794,05/10/2024,B01480002535.2D12594901,178.68,.00,148004,148000004
120,RI,INV131797,05/10/2024,56638261,782.86,.00,441860,440061860
120,RI,INV131798,05/10/2024,4503673211,2846.69,.00,714611,426001059
120,RI,INV131799,05/10/2024,B02950002634,1932.40,.00,499301,295003130
120,RI,INV131800,05/10/2024,B02950002633,2785.82,.00,499301,295000057
120,RI,INV131801,05/10/2024,B04610048568,2124.11,.00,633233,461020165
120,RI,INV131803,05/10/2024,B04610048582,121.80,.00,765956,461020155
120,RI,INV131816,05/10/2024,B04610048526,1861.26,.00,765956,461020155
120,RI,INV131845,05/10/2024,3309247,426.75,.00,316040,631001736
120,RI,INV131846,05/10/2024,B04610048553,1744.24,.00,461601,461020601
120,RI,INV131848,05/10/2024,B04610048554,2511.40,.00,407301,461021042
120,RI,INV131855,05/10/2024,Kori,603.15,.00,332775,631000602
120,RI,INV131860,05/10/2024,B07400017664,636.77,.00,835200,740000152
120,RI,INV131862,05/10/2024,B07400017646,45.95,.00,350086,740100001
120,RI,INV131864,05/10/2024,B07400017663,596.69,.00,867549,740000183
120,RI,INV131871,05/10/2024,B07400017660,270.87,.00,350086,740100001
120,RI,INV131877,05/10/2024,B04610048562,2532.05,.00,326180,461326180
120,RI,INV131880,05/10/2024,B04610048544,1404.67,.00,800857,461800857
120,RI,INV131885,05/10/2024,B07400017666,572.11,.00,574323,740000073
120,RI,INV131888,05/10/2024,EUGENIA,686.22,.00,979400,041040047
120,RI,INV131905,05/10/2024,- None -,904.28,.00,426644,
120,RI,INV131912,05/10/2024,B04610048567,118.18,.00,194660,461194660
120,RI,INV131918,05/10/2024,B04610048564,2276.85,.00,194660,461194660
120,RI,INV131924,05/10/2024,3310045,54.59,.00,755001,755310568
120,RI,INV131925,05/10/2024,3310020,979.57,.00,755001,755310568
120,RI,INV131926,05/10/2024,B04610048570,1353.75,.00,556807,461556807
120,RI,INV131930,05/10/2024,B04610048565,38.96,.00,194660,461194660
120,RI,INV131933,05/10/2024,B04610048529,1961.24,.00,914103,461021117
120,RI,INV131937,05/10/2024,- None -,2866.52,.00,755004,755310571
120,RI,INV131943,05/10/2024,- None -,2312.51,.00,426644,
120,RI,INV131957,05/10/2024,56630239,142.68,.00,391275,438020348
120,RI,INV131964,05/10/2024,B04610048502,1706.22,.00,461874,461020874
120,RI,INV131966,05/10/2024,56671317,856.06,.00,391275,438020348
120,RI,INV131973,05/10/2024,B07400017668,375.55,.00,948085,740000143
120,RI,INV131975,05/10/2024,B08010051831,957.41,.00,164064,801300001
120,RI,INV131977,05/10/2024,3395,468.90,.00,499301,295003395
120,RI,INV131983,05/10/2024,56680111,1006.47,.00,438352,438120352
120,RI,INV131986,05/10/2024,B08010051833,4646.23,.00,164064,801300002
120,RI,INV131989,05/10/2024,B08010051834,1841.97,.00,164064,801300004
120,RI,INV131990,05/10/2024,B04610048515,1605.29,.00,262755,461021054
120,RI,INV131991,05/10/2024,56663414,147.39,.00,432109,432153009
120,RI,INV131992,05/10/2024,56693229,524.44,.00,391275,438020348
120,RI,INV131994,05/10/2024,B08010051832,3545.08,.00,164064,801000574
120,RI,INV132001,05/10/2024,56681756,300.25,.00,432007,432053002
120,RI,INV132007,05/10/2024,B07400017656,1523.67,.00,212200,740000094
120,RI,INV132009,05/10/2024,B04610048516,3548.03,.00,739888,461739888
120,RI,INV132010,05/10/2024,56681854,2459.85,.00,432007,432053002
120,RI,INV132014,05/10/2024,B04610048517,145.55,.00,739888,461739888
120,RI,INV132022,05/10/2024,MC05092024,627.90,.00,830600,631000708
120,RI,INV132028,05/10/2024,56686492,1227.65,.00,432010,432053012
120,RI,INV132030,05/10/2024,B07400017662,996.88,.00,495151,740000247
120,RI,INV132035,05/10/2024,B04610048545,1702.36,.00,406315,461406315
120,RI,INV132041,05/10/2024,ORIOL05856,366.28,.00,572757,572061757
120,RI,INV132043,05/10/2024,56619851,85.63,.00,432018,432053003
120,RI,INV132045,05/10/2024,ORIOL05657,772.30,.00,572757,572061757
120,RI,INV132047,05/10/2024,ORIOL05888,194.39,.00,572757,572061757
120,RI,INV132048,05/10/2024,56661914,2222.12,.00,432018,432053003
120,RI,INV132051,05/10/2024,B07550001497,1509.84,.00,755006,755310633
120,RI,INV132052,05/10/2024,56661799,3838.17,.00,432018,432053003
120,RI,INV132055,05/10/2024,56691964,1184.29,.00,432017,432053001
120,RI,INV132058,05/10/2024,KITCHEN,254.47,.00,620203,40000163
120,RI,INV132061,05/10/2024,Kitchen,404.55,.00,620203,40000163
120,RI,INV132062,05/10/2024,TONYA HOUSEKEEPING,206.81,.00,661995,
120,RI,INV132070,05/10/2024,B04610048557,10.70,.00,545313,461545313
120,RI,INV132071,05/10/2024,56691624,683.27,.00,432016,432053006
120,RI,INV132072,05/10/2024,ORIOL06057,335.05,.00,572757,572061757
120,RI,INV132074,05/10/2024,ORIOL05930,388.78,.00,572757,572061757
120,RI,INV132076,05/10/2024,56680406,712.59,.00,432016,432053006
120,RI,INV132080,05/10/2024,B07400017672,683.81,.00,593482,740000045
120,RI,INV132082,05/10/2024,ORIOL05979,152.25,.00,572757,572061757
120,RI,INV132083,05/10/2024,ORIOL06032,1566.20,.00,572757,572061757
120,RI,INV132086,05/10/2024,B04610048556,1400.86,.00,545313,461545313
120,RI,INV132088,05/10/2024,3310348,287.39,.00,661995,
120,RI,INV132089,05/10/2024,ORIOL06036,437.00,.00,572757,572061757
120,RI,INV132098,05/10/2024,B04610048528,994.67,.00,309253,461309253
120,RI,INV132110,05/10/2024,B04610048531,1130.04,.00,461074,461021704
120,RI,INV132114,05/10/2024,B04610048495,3123.14,.00,914102,461021740
120,RI,INV132132,05/10/2024,B04610048527,2808.27,.00,309254,461020852
120,RI,INV132147,05/10/2024,CATERING BOX LOGO,127.77,.00,958980,461022192
120,RI,INV132148,05/10/2024,LOGO CATERING BOX,85.18,.00,545313,461545313
120,RI,INV132149,05/10/2024,LOGO CATERING BOX,85.18,.00,739888,461739888
120,RI,INV132150,05/10/2024,LOGO CATERING BOX,42.59,.00,556807,461556807
120,RI,INV132151,05/10/2024,LOGO CATERING BOX,85.18,.00,326180,461326180
120,RI,INV132154,05/10/2024,LOGO CATERING BOX,42.59,.00,309253,461309253
120,RI,INV132155,05/10/2024,LOGO CATERING BOX,127.77,.00,812120,461812120
120,RI,INV132156,05/10/2024,LOGO CATERING BOX,127.77,.00,632333,461017112
120,RI,INV132158,05/10/2024,LOGO CATERING BOX,85.18,.00,194660,461194660
120,RI,INV132169,05/10/2024,12905,1337.88,.00,920012,
120,RI,INV132181,05/10/2024,eugenia,52.95,.00,979400,041040047
120,RI,INV132190,05/10/2024,B04610048607,182.95,.00,914103,461021117
120,RI,INV132192,05/10/2024,12612,5677.65,.00,920012,
120,RI,INV132199,05/10/2024,- None -,87.18,.00,309253,461309253
120,RI,INV132201,05/10/2024,same day,216.31,.00,309254,461020852
120,RI,INV132204,05/10/2024,B04610048561,162.20,.00,812120,461812120
120,RI,INV132208,05/10/2024,56601722,880.50,.00,441862,440161860
120,RI,INV132209,05/10/2024,ALLPOINTS,22.71,.00,391067,461137129
120,RI,INV132213,05/10/2024,B04610048480,30.42,.00,461803,461019803
120,RI,INV132217,05/10/2024,B04610048409,172.65,.00,545316,461137214
120,RI,INV132222,05/10/2024,B04610048098,98.39,.00,461122,461129122
120,RI,INV132224,05/10/2024,B04610048430,344.69,.00,739890,461144129
120,RI,INV132226,05/10/2024,B04610048478,761.58,.00,461545,461146545
120,RI,INV132230,05/10/2024,B04610048484,86.99,.00,461157,461021157
120,RI,INV132235,05/10/2024,B04610048473,32.25,.00,461204,461021204
120,RI,INV132238,05/10/2024,B04610048489,55.76,.00,461909,461133909
120,RI,INV132247,05/10/2024,BOBRICK,29.36,.00,461803,461019803
120,RI,INV132258,05/10/2024,B04610048603,1705.61,.00,461130,461021030
120,RI,INV132271,05/10/2024,56512422,308.32,.00,449302,449352802
120,RI,INV132277,05/10/2024,05082024,53.20,.00,801002,801311061
120,RI,INV132279,05/10/2024,B07400017617,35.70,.00,789511,740000126
120,RI,INV132285,05/10/2024,B04610048617,67.34,.00,461014,461021014
120,RI,INV132288,05/10/2024,B04610048585,1282.81,.00,461004,461023502
120,RI,INV132289,05/10/2024,SF05102024,682.71,.00,724535,631000934
120,RI,INV132290,05/10/2024,DIETARY,732.83,.00,324797,755000365
120,RI,INV132291,05/10/2024,56682251,3432.78,.00,449523,449000523
120,RI,INV132294,05/10/2024,56682586,765.84,.00,449523,449000523
120,RI,INV132295,05/10/2024,B04610048611,762.47,.00,461803,461019803
120,RI,INV132296,05/10/2024,B04610048615,2170.54,.00,461014,461021014
120,RI,INV132298,05/10/2024,DIETARY,1686.32,.00,324797,
120,RI,INV132304,05/10/2024,56704023,127.42,.00,432012,432053004
120,RI,INV132305,05/10/2024,B01460013739.2D-12702530,930.68,.00,146137,146000037
120,RI,INV132308,05/10/2024,B04610048590,2404.13,.00,772617,461772617
120,RI,INV132310,05/10/2024,B07400017685,246.20,.00,789511,740000126
120,RI,INV132312,05/10/2024,B04610048600,1098.36,.00,272618,461023602
120,RI,INV132313,05/10/2024,B04610048604,1805.15,.00,765955,461023327
120,RI,INV132318,05/10/2024,56704379,1757.63,.00,432012,432053004
120,RI,INV132319,05/10/2024,B04610048623,255.76,.00,366744,461023113
120,RI,INV132338,05/10/2024,- None -,711.01,.00,974439,755310362
120,RI,INV132339,05/10/2024,B02950002636,1747.10,.00,499301,295000044
120,RI,INV132343,05/10/2024,B04610048602,215.72,.00,461834,461023834
120,RI,INV132344,05/10/2024,B07400017684,262.34,.00,367128,740000055
120,RI,INV132346,05/10/2024,56705111,1090.59,.00,574672,438019842
120,RI,INV132352,05/10/2024,B07400017559,62.61,.00,122832,740100058
120,RI,INV132371,05/10/2024,B08010051460,85.90,.00,801554,801203554
120,RI,INV132374,05/10/2024,B04610048610,2740.58,.00,407303,461022153
120,RI,INV132376,05/10/2024,B04610048624,3114.77,.00,407303,461022153
120,RI,INV132378,05/10/2024,3313146,336.21,.00,593725,755310005
120,RI,INV132380,05/10/2024,B04610048608,1071.27,.00,632334,461022315
120,RI,INV132381,05/10/2024,B04610048474,131.99,.00,407303,461022153
120,RI,INV132384,05/10/2024,B02950002633,131.47,.00,499301,295000057
120,RI,INV132386,05/10/2024,063143,598.80,.00,694012,694000012
120,RI,INV132388,05/10/2024,B04610048522,31.82,.00,862385,461022033
120,RI,INV132389,05/10/2024,063144,486.90,.00,694011,694000011
120,RI,INV132396,05/10/2024,4503673967,1282.69,.00,195445,426001026
120,RI,INV132417,05/10/2024,- None -,57.50,.00,773527,755310566
120,RI,INV132421,05/10/2024,- None -,2138.80,.00,773527,755310566
120,RI,INV132435,05/10/2024,SO10052265,684.47,.00,820126,
120,RI,INV132436,05/10/2024,Costica,478.96,.00,421513,40000208
120,RI,INV132439,05/10/2024,GRASONVILLE ELEM,360.89,.00,582403,
120,RI,INV132440,05/10/2024,B07550001507,536.86,.00,761100,755000785
120,RI,INV132443,05/10/2024,B07400017677,1364.68,.00,632317,740000010
120,RI,INV132445,05/10/2024,B04610048592,1763.99,.00,262753,461019901
120,RI,INV132446,05/10/2024,56708343,793.32,.00,552041,438020262
120,RI,INV132449,05/10/2024,SO10052297,1143.67,.00,716320,755000837
120,RI,INV132456,05/10/2024,DCUNI07281,309.10,.00,108003,572036578
120,RI,INV132460,05/10/2024,B07550001508,655.77,.00,225670,755000825
120,RI,INV132461,05/10/2024,NATS0000027302,165.00,.00,278496,572020003
120,RI,INV132463,05/10/2024,- None -,1807.50,.00,773527,755310566
120,RI,INV132467,05/10/2024,kennard,385.70,.00,582403,
120,RI,INV132468,05/10/2024,B04610048598,1273.50,.00,461971,461019971
120,RI,INV132471,05/10/2024,CENTREVILLE ELEMENTARU,469.28,.00,582403,
120,RI,INV132473,05/11/2024,56374048,18.77,.00,391275,438020348
120,RI,INV132482,05/11/2024,Housekeeping/Debbie,2381.19,.00,766201,
120,RI,INV132486,05/11/2024,56709067,2345.23,.00,438346,438120346
120,RI,INV132494,05/11/2024,B07400017653,310.53,.00,413154,740000093
120,RI,INV132509,05/11/2024,- None -,39.95,.00,755004,755310571
120,RI,INV132512,05/11/2024,B07400017682,213.09,.00,413154,740000093
120,RI,INV132515,05/11/2024,10052261,127.47,.00,593482,740000045
120,RI,INV132516,05/11/2024,B04610048619,1073.57,.00,461157,461021157
120,RI,INV132517,05/11/2024,kristina,833.04,.00,755004,755310571
120,RI,INV132523,05/11/2024,3313139,588.56,.00,755001,755310568
120,RI,INV132526,05/11/2024,B08010051883,3411.70,.00,282718,801005004
120,RI,INV132556,05/11/2024,B04610048594,900.68,.00,545313,461545313
120,RI,INV132576,05/11/2024,B01480002522.2D12495308,270.25,.00,148039,148000039
120,RI,INV132585,05/11/2024,B01480002560.2D-12495308,1956.32,.00,148039,148000039
120,RI,INV132586,05/11/2024,EASTON MIDDLE,1401.55,.00,755612,
120,RI,INV132588,05/11/2024,56705732,1897.25,.00,432011,432052999
120,RI,INV132598,05/11/2024,B04610048620,1712.93,.00,461801,461021801
120,RI,INV132599,05/11/2024,56705264,810.51,.00,792426,440026831
120,RI,INV132600,05/11/2024,B07400017688,247.46,.00,835200,740000152
120,RI,INV132605,05/11/2024,- None -,1378.69,.00,473055,
120,RI,INV132610,05/11/2024,Laundry,125.14,.00,473055,
120,RI,INV132612,05/11/2024,- None -,327.09,.00,473055,
120,RI,INV132620,05/11/2024,B02950002631,596.27,.00,499301,295003135
120,RI,INV132622,05/11/2024,B04610048545,26.10,.00,406315,461406315
120,RI,INV132631,05/11/2024,B04610048609,512.87,.00,406315,461406315
120,RI,INV132632,05/11/2024,fill in,1185.12,.00,406315,461406315
120,RI,INV132636,05/11/2024,fill in,1160.15,.00,739888,461739888
120,RI,INV132638,05/11/2024,3309247,425.25,.00,316040,631001736
120,RI,INV132639,05/11/2024,B02950002634,120.36,.00,499301,295003130
120,RI,INV132643,05/11/2024,B04610048588,6849.60,.00,407300,461407300
120,RI,INV132645,05/11/2024,2001041854,855.90,.00,120109,459000005
120,RI,INV132646,05/11/2024,2001066355,8023.50,.00,120109,459000005
120,RI,INV132647,05/11/2024,2000997176,469.40,.00,120109,459000005
120,RI,INV132648,05/11/2024,2001047764 F,573.50,.00,120109,459000005
120,RI,INV132649,05/11/2024,2001030293,2131.50,.00,120109,459000005
120,RI,INV132651,05/11/2024,ALLANTE0422,.05,.00,755736,755974736
120,RI,INV132652,05/11/2024,2001066383,6982.50,.00,120109,459000005
120,RI,INV132655,05/11/2024,David,625.94,.00,755002,755310569
120,RI,INV132656,05/11/2024,- None -,630.15,.00,515700,527023439
120,RI,INV132658,05/11/2024,2001077412,690.45,.00,120109,459000005
120,RI,INV132659,05/11/2024,2001045272,1030.00,.00,120109,459000005
120,RI,INV132671,05/13/2024,41400488,.00,.00,920018,92000007
120,RI,INV132687,05/13/2024,SCOTT,4276.91,.00,572757,572061757
120,RI,INV132698,05/13/2024,56685559,1373.52,.00,702126,434005246
120,RI,INV132700,05/13/2024,547286,4589.07,.00,920009,92000009
120,RI,INV132702,05/13/2024,425,163.90,.00,7554816,755974816
120,RI,INV132705,05/13/2024,12620,7243.30,.00,920012,
120,RI,INV132708,05/13/2024,paper cold cup,199.08,.00,572757,572061757
120,RI,INV132713,05/13/2024,12657,6534.00,.00,920012,
120,RI,INV132731,05/13/2024,Paknwood,146.66,.00,632333,461017112
120,RI,INV132735,05/13/2024,12603,31247.82,.00,920012,
120,RI,INV132739,05/13/2024,56742446,1346.49,.00,449523,449000523
120,RI,INV132750,05/13/2024,B09150003676,212.36,.00,915370,915986370
120,RI,INV132774,05/13/2024,56354440,212.53,.00,441860,440061860
120,RI,INV132779,05/13/2024,B04610048455,31.82,.00,461002,461023112
120,RI,INV132780,05/13/2024,56641545,4041.81,.00,449302,449352802
120,RI,INV132784,05/13/2024,B04610048548,26.61,.00,461701,461017601
120,RI,INV132787,05/13/2024,56661369,441.05,.00,449302,449352802
120,RI,INV132793,05/13/2024,B04610048636,263.51,.00,461011,461017011
120,RI,INV132802,05/13/2024,B04610048700,1051.34,.00,461003,461019064
120,RI,INV132808,05/13/2024,B04610048685,904.13,.00,461030,461019030
120,RI,INV132810,05/13/2024,B04610048726,1421.66,.00,461073,461024073
120,RI,INV132813,05/13/2024,B04610048680,2027.62,.00,461002,461023112
120,RI,INV132815,05/13/2024,- None -,3765.59,.00,202000,755310524
120,RI,INV132825,05/13/2024,B04610048727,2233.73,.00,101889,461008096
120,RI,INV132826,05/13/2024,- None -,2428.16,.00,722611,
120,RI,INV132827,05/13/2024,B04610048695,30.64,.00,461002,461023112
120,RI,INV132828,05/13/2024,42975,1222.35,.00,765520,92000001
120,RI,INV132830,05/13/2024,B04610048710,1103.28,.00,366744,461023113
120,RI,INV132831,05/13/2024,EVS,821.46,.00,323670,323394670
120,RI,INV132834,05/13/2024,B04610048718,2736.55,.00,812120,461812120
120,RI,INV132836,05/13/2024,B04610048675,237.26,.00,461834,461023834
120,RI,INV132837,05/13/2024,B04610048682,1212.60,.00,461053,461008053
120,RI,INV132845,05/13/2024,DN2127000005990,275.80,.00,187250,187123250
120,RI,INV132855,05/13/2024,3350265,677.46,.00,408888,370739920
120,RI,INV132857,05/13/2024,56663817,326.96,.00,449402,449452802
120,RI,INV132860,05/13/2024,B04610048673,299.64,.00,367089,461367089
120,RI,INV132862,05/13/2024,B04610048703,1692.21,.00,367089,461367089
120,RI,INV132874,05/13/2024,B07400017592,42.35,.00,548063,740000248
120,RI,INV132878,05/13/2024,B07400017544,63.03,.00,367128,740000055
120,RI,INV132879,05/13/2024,3297698,273.94,.00,736673,
120,RI,INV132889,05/13/2024,62109,4513.00,.00,781001,
120,RI,INV132892,05/13/2024,3301188,273.94,.00,736673,
120,RI,INV132894,05/13/2024,B08010051460,192.70,.00,801554,801203554
120,RI,INV132895,05/13/2024,003-11345593,1964.15,.00,707655,707001655
120,RI,INV132898,05/13/2024,1010,1216.94,.00,499301,295001010
120,RI,INV132899,05/13/2024,56680791,36.60,.00,33047,438044177
120,RI,INV132901,05/13/2024,B07400017665,42.35,.00,367128,740000055
120,RI,INV132906,05/13/2024,3122,307.19,.00,499301,295003122
120,RI,INV132912,05/13/2024,B07400017717,852.44,.00,548063,740000248
120,RI,INV132920,05/13/2024,UNIT 1030,300.51,.00,499301,295001030
120,RI,INV132931,05/13/2024,56732108,439.13,.00,33047,438044177
120,RI,INV132936,05/13/2024,- None -,493.02,.00,773527,755310566
120,RI,INV132943,05/13/2024,063191,1744.66,.00,694009,694000009
120,RI,INV132946,05/13/2024,63191,193.50,.00,781001,
120,RI,INV132952,05/13/2024,1370,514.59,.00,499301,295001370
120,RI,INV132955,05/13/2024,- None -,661.99,.00,395390,755000748
120,RI,INV132976,05/14/2024,B07400017502,67.26,.00,740276,740000276
120,RI,INV132977,05/14/2024,B04610048449,281.41,.00,580102,461580102
120,RI,INV132979,05/14/2024,B07400017590,38.11,.00,740276,740000276
120,RI,INV132980,05/14/2024,B07400017708,554.05,.00,75096,740300054
120,RI,INV132985,05/14/2024,B07400017709,942.33,.00,252631,
120,RI,INV132990,05/14/2024,B04610048647,5156.26,.00,580102,461580102
120,RI,INV132991,05/14/2024,B07400017697,1477.27,.00,241400,740300167
120,RI,INV132992,05/14/2024,3352688,227.89,.00,527001,527000241
120,RI,INV133013,05/14/2024,B04610048610,273.89,.00,407303,461022153
120,RI,INV133018,05/14/2024,B07400017677,197.72,.00,632317,740000010
120,RI,INV133019,05/14/2024,B04610048638,160.02,.00,407303,461022153
120,RI,INV133024,05/14/2024,B02950002640,1677.23,.00,499301,295003095
120,RI,INV133050,05/14/2024,B04610048668,2116.65,.00,309253,461309253
120,RI,INV133052,05/14/2024,B04610048676,1072.44,.00,545313,461545313
120,RI,INV133054,05/14/2024,56680998,370.04,.00,449481,449022481
120,RI,INV133060,05/14/2024,56618966,42.35,.00,449921,449044921
120,RI,INV133062,05/14/2024,56684799,325.89,.00,449921,449044921
120,RI,INV133064,05/14/2024,B04610048665,576.82,.00,955264,461018052
120,RI,INV133067,05/14/2024,B04610048683,2321.62,.00,461702,461018702
120,RI,INV133070,05/14/2024,B04610048719,921.01,.00,407301,461021042
120,RI,INV133074,05/14/2024,B04610048698,1386.86,.00,326180,461326180
120,RI,INV133093,05/14/2024,ariana 51324,4533.49,.00,499301,295000047
120,RI,INV133099,05/14/2024,56725974,527.85,.00,441860,440061860
120,RI,INV133102,05/14/2024,B04610048526,90.68,.00,765956,461020155
120,RI,INV133104,05/14/2024,B07400017659,23.27,.00,358401,740000137
120,RI,INV133109,05/14/2024,56667914,118.34,.00,438351,438120351
120,RI,INV133110,05/14/2024,B04610048648,1205.98,.00,461171,461020171
120,RI,INV133117,05/14/2024,B04610048667,2357.98,.00,765956,461020155
120,RI,INV133118,05/14/2024,B04610048723,158.70,.00,633233,461020165
120,RI,INV133121,05/14/2024,56735669,1048.45,.00,438593,438122593
120,RI,INV133122,05/14/2024,B02950002639,2206.78,.00,499301,295003395
120,RI,INV133123,05/14/2024,B07400017701,776.03,.00,358401,740000137
120,RI,INV133124,05/14/2024,B04610048694,2488.67,.00,262755,461021054
120,RI,INV133127,05/14/2024,56742939,1618.37,.00,438346,438120346
120,RI,INV133141,05/14/2024,0015,220.36,.00,499301,295000015
120,RI,INV133144,05/14/2024,B04610048634,626.62,.00,406315,461406315
120,RI,INV133150,05/14/2024,B04610048713,1551.34,.00,739888,461739888
120,RI,INV133171,05/14/2024,4503674937,1570.49,.00,944645,426001060
120,RI,INV133194,05/14/2024,B04610048738,2061.63,.00,309254,461020852
120,RI,INV133218,05/14/2024,B07400017293,78.99,.00,835200,740000152
120,RI,INV133222,05/14/2024,3270427,21.20,.00,515700,527023439
120,RI,INV133223,05/14/2024,B07400017688,77.33,.00,835200,740000152
120,RI,INV133224,05/14/2024,B07400017664,46.53,.00,835200,740000152
120,RI,INV133233,05/14/2024,Kori,229.40,.00,332775,631000602
120,RI,INV133239,05/14/2024,David,582.80,.00,755002,755310569
120,RI,INV133251,05/14/2024,B07400017722,375.94,.00,835200,740000152
120,RI,INV133252,05/14/2024,Mason,1265.86,.00,755003,755310570
120,RI,INV133254,05/14/2024,3360620,961.15,.00,515700,527023439
120,RI,INV133260,05/14/2024,NATS0000027309,115.66,.00,278496,572020003
120,RI,INV133263,05/14/2024,DCUNI07306,1871.29,.00,108003,572036578
120,RI,INV133265,05/14/2024,56735325,779.91,.00,552041,438020262
120,RI,INV133266,05/14/2024,56708343,301.88,.00,552041,438020262
120,RI,INV133270,05/14/2024,B02950002626 3023,3476.18,.00,499301,295003023
120,RI,INV133273,05/14/2024,56738561,16.80,.00,552041,438020262

